definition,cluster_id,n_parks,is_singleton,park_ids,park_names,boroughs,park_area_acres,dominant_type,n_types,extent_km,max_walk_m,median_walk_m,internal_robust_links,link_density,median_angle_deg,share_on_main_5,share_on_main_10,nach_1600_mean,isolation_persistence_mean,street_len_m,street_len_reached_m,shared_street_share,n_no_street_reach,buffer_zone_area_m2,buffer_ring_area_m2,zone_area_m2
N2,N2-001,22,False,M088;M268;M270;M293;M310;M311;M312;M313;M313A;M315;M324;M325;M325A;M325B;M329;M332;M336;M354;M361;M370;M397;M410,Tompkins Square Park; El Jardin Del Paraiso Park; Dry Dock Playground; 6th St and Ave B Community Garden; Firemen's Memorial Garden; Green Oasis and Gilbert's Garden; 9th St Community Garden Park; 6BC Botanical Garden; 5th St Slope Garden; The Creative Little Garden; Earth People; La Plaza Cultural; La Casita Garden; Flower Door Garden; Generation X; The Secret Garden; De Colores Cmty Yard and Center; Orchard Alley Garden; Lower East Side Ecology Center; Sam and Sadie Koenig Garden; 11 BC Serenity Garden; Sage Garden,M,16.106,Garden,3,0.633,763.9,315.8,36,0.156,91.1,0.0,0.273,0.9714,0.0,6891.9,7056.8,0.045,0,388574.3,433616.5,364114.5
N2,N2-002,17,False,B090;B167;B167A;B168;B223OB;B223OC;B223PA;B223PB;B223PC;B223PD;B223PE;B223QA;B223QB;B223QC;B264;B550;B583,Sobel Playground; La Guardia Playground; La Guardia Playground; Continental Army Plaza; Marcy Park South; Rodney Park South; Rodney Park Center; Rodney Park North; Strawberry Playground; Rodney Playground Center; Blue Playground; Marcy Green South; Marcy Green Center; Marcy Green North; Roebling Playground; Keap Fourth Community Garden; Hooper Grove,B,6.476,Recreational Field/Courts,6,0.798,749.2,250.7,39,0.287,92.4,0.059,0.294,1.0502,0.0,8020.2,8032.3,0.003,0,380443.9,384154.6,327948.8
N2,N2-003,13,False,X058;X114;X148B;X148B1;X148B2;X148C;X148C1;X148C3;X148C4;X148C5;X148C6;X148C7;X148D,Keltch Park; Goble Playground; Park; Park; Park; Park; Featherbenches; Inwood Park; Townsend Walk; Jennie Jerome Playground; Walton Walk; Jerome Playground South; Walton Slope,X,2.803,Strip,5,0.718,772.5,306.2,21,0.269,92.7,0.077,0.308,0.9349,0.009,4832.5,4939.7,0.044,0,271528.3,291795.4,248949.7
N2,N2-004,10,False,B036;B223DG;B223DH;B223DI;B223DJ;B223DK;B223E;B223F;B223G;B223H,Fort Stirling Park; Brooklyn Heights Promenade; Brooklyn Heights Promenade; Brooklyn Heights Promenade; Brooklyn Heights Promenade; Brooklyn Heights Promenade; Fruit Street Sitting Area; Squibb Park; Hillside Dog Park; Harry Chapin Playground,B,5.289,Triangle/Plaza,3,0.497,329.7,70.9,18,0.4,0.5,0.0,0.7,0.8199,0.0,2675.1,3736.9,0.401,0,157699.0,210891.5,114751.8
N2,N2-005,10,False,B419;B450;B452;B458;B468;B475;B478;B509;B521;B522,Sutter Ballfields; Clara's Garden; Concerned Residents of Barbey Street; East End Community Garden; Escape To Nature; Herbal Garden of East NY; Jerry and The Senior Gents; Jordan Magic Garden; Oriental Garden; Jerome-Glenmore Cornerstone Community Garden,B,3.042,Garden,2,0.396,454.9,212.2,22,0.489,0.3,0.1,0.7,1.1747,0.0,4232.8,4478.3,0.096,0,215500.2,233965.2,196590.2
N2,N2-006,10,False,X011#1;X011#3;X236;X266;X289;X293;X326;X334;X346;X372,Crotona Parkway Malls (1/3); Crotona Parkway Malls (3/3); Mapes Pool; Vidalia Park; Mapes Park; Garden Of Happiness; Daly Ave Garden; Mohegan Triangle; Volky Garden & Flowers; Garden of Youth,X,7.703,Garden,4,0.682,705.1,271.3,16,0.356,89.4,0.0,0.4,1.0849,0.0,6923.0,7097.5,0.074,0,318443.4,342174.8,295658.8
N2,N2-007,10,False,X032;X052;X053;X317;X341;X349;X350;X352;X353;X356,Railroad Park; Triangle; O'Neill Triangle; Rainbow Garden; Edith Garden; Jardin de la Roca; Melrose Commons Park; Family Group Garden; Yolanda García Park; Little Green Garden,X,4.629,Garden,3,0.398,473.3,217.8,9,0.2,90.8,0.0,0.3,1.0085,0.0,4528.6,4804.3,0.106,0,213000.4,246535.0,204474.6
N2,N2-008,9,False,B056;B261;B446;B447;B449;B485;B496;B515;B543,Martin Luther King Jr. Playground; Sankofa Park; Big Red Garden; Causa Festival Garden; New Vision Garden; Ps 53; Victory Garden; United Community Center; East New York Farms Garden,B,4.524,Garden,2,0.45,495.0,292.2,7,0.194,90.1,0.0,0.333,1.1322,0.0,3682.5,3888.1,0.148,0,204069.7,215710.5,169425.5
N2,N2-009,9,False,B210H;B223C;B390;B408;B409;B410;B411;B559;B560,Harold Ickes Playground; Park; Mother Cabrini Park; Human Compass Garden; The Amazing Garden; The Backyard; Summit Street Community Garden; South Brooklyn Children's Garden; Pirate's Cove Garden,B,2.374,Garden,3,0.444,422.6,209.5,13,0.361,66.2,0.0,0.111,1.0178,0.0,4217.7,4261.9,0.025,0,229914.5,237771.3,194538.1
N2,N2-010,9,False,M014;M018;M023;M039#7;M127;M234;M284;M322;M420,Jackie Robinson Park; Carmansville Playground; Donnellan Square; Harlem River Park (7/15); Bushman Steps; Wright Brothers Playground; Convent Garden; Harris Garden; Sugar Hill Hope Garden,M,18.003,Triangle/Plaza,6,0.689,562.7,231.0,11,0.306,83.9,0.111,0.111,1.096,0.0,7764.9,8049.7,0.135,0,380634.2,418512.0,316964.7
N2,N2-011,9,False,M113;M113A;M321;M337;M339;M342;M343;M352;M359,Joseph C. Sauer Park; Children's Garden; Lower East Side Playground; Dias Y Flores; El Sol Brilliante Jr; Community Garden Association; Vamos Sembrar; Yu Suen Garden; Campos Garden,M,1.697,Garden,3,0.518,508.2,151.6,11,0.306,1.1,0.0,0.444,1.1184,0.0,2036.6,2107.5,0.076,0,154096.6,173981.2,115181.6
N2,N2-012,9,False,X146;X154;X337;X338;X347;X351;X354;X357;X363,Flynn Playground; Melrose Playground; Latinos Unidos Garden; Courtlandt Avenue Association Garden; Vogue Garden; 811 Family and Friends Garden; P.S. 29 Ballfield; Rainbow Garden of Life and Health; Centro Cultural Rincon Criollo,X,3.856,Garden,3,0.553,610.6,273.3,12,0.333,91.6,0.0,0.111,1.0074,0.0,3632.5,3832.8,0.115,0,215620.1,240283.5,167280.8
N2,N2-013,8,False,B217;B348;B439;B488;B494;B495;B508;B576,Marcy Playground; Willoughby Playground; All People's Church of the Apostolic Faith Community Garden; Red Gate Garden; Vernon Tandt Block Association; Vernon/throop Av Block Association; Vernon Cases Community Garden; Tranquility Farm (Willoughby Ave. Garden),B,4.854,Garden,3,0.642,666.7,234.4,12,0.429,45.5,0.5,0.75,1.1327,0.0,3586.1,3864.8,0.131,0,241068.4,262595.5,201291.3
N2,N2-014,8,False,M004#2;M004#3;M080;M105;M123;M124;M326;M358,Allen Street Malls (2/3); Allen Street Malls (3/3); Schiff Mall; Sara D. Roosevelt Park; Peretz Square; First Park; Liz Christy Garden; First Street Garden,M,10.594,Mall,4,0.658,617.6,140.2,11,0.393,23.8,0.5,0.875,1.0447,0.0,11761.8,12314.4,0.087,0,471222.2,493934.3,417264.7
N2,N2-015,8,False,M019;M178;M194;M196;M246;M247;M255;M291,Coleman Playground; Catherine Slip Malls; Alfred E. Smith Playground; Playground One; Kimlau Square; St. James Triangle; James Madison Plaza; Fishbridge Garden,M,5.919,Triangle/Plaza,6,0.714,740.3,237.8,14,0.5,84.5,0.25,0.5,0.8882,0.0,4953.8,5672.7,0.271,0,306657.4,337943.5,228268.4
N2,N2-016,8,False,M027;M038;M120A;M125A;M125B;M125C;M125D;M191,Downing Street Playground; James J Walker Park; William F. Passannante Ballfield; Minetta Green; Minetta Playground; West 4th Street Courts; Minetta Triangle; Father Demo Square,M,3.538,Playground,4,0.461,409.7,100.3,13,0.464,9.4,0.5,1.0,1.0051,0.0,4314.2,4701.3,0.241,0,178506.9,197686.6,155718.0
N2,N2-017,8,False,M040;M041;M055;M072#1;M072#4;M095#1;M095#3;M317,Johnny Hartman Square; Alexander Hamilton Playground; Montefiore Square; Riverside Park (1/4); Riverside Park (4/4); Broadway Malls (1/5); Broadway Malls (3/5); Frank White Memorial Garden,M,9.087,Mall,5,0.726,693.7,214.5,13,0.464,5.2,0.125,0.625,1.0647,0.0,8101.4,8924.6,0.18,0,378001.5,433269.3,327513.1
N2,N2-018,8,False,M096#9;M193;M217;M296;M297;M297A;M406;M407,Adam Clayton Powell Jr. Malls (9/9); Abraham Lincoln Playground; Howard Bennett Playground; 132 St Block Association Park; Parks Council Success Garden; Margrichante Garden; Harlem Grown 134th Street Green House; Harlem Valley Garden,M,3.367,Garden,4,0.653,638.3,352.4,8,0.286,181.2,0.0,0.125,1.0919,0.0,3820.8,4725.0,0.3,0,247482.5,280520.3,185114.9
N2,N2-019,8,False,Q066B;Q066C;Q066D;Q066E;Q066F;Q066G;Q066H;Q137,Triborough Bridge Playground B; Triborough Bridge Playground C; Triborough Bridge Playground D; Triborough Bridge Playground E; Hoyt Playground; Sitting Area; Chappetto Square; Columbus Square,Q,6.436,Recreational Field/Courts,4,0.823,771.3,189.0,18,0.643,28.1,0.5,0.625,0.9961,0.0,4408.7,5088.5,0.22,0,207078.3,222932.9,181700.3
N2,N2-020,8,False,X009;X022;X029;X064;X241;X264;X284;X290,Monsignor Raul Del Valle Square; Benjamin Gladstone Square; Lyons Square Playground; Bryant Triangle; Hoe Garden; Field Of Dreams Court; Printers Park; Longfellow Playground,X,3.958,Playground,4,0.683,680.0,339.1,9,0.321,87.8,0.0,0.25,0.9822,0.0,6462.0,6462.0,0.0,0,316627.9,322265.8,276300.2
N2,N2-021,8,False,X025;X148K1;X148K2;X148K3;X148K4;X148L;X148L1;X176,Hugh J. Grant Circle; Park; St. Lawrence Triangle; Wood Park; Park; Virginia Playground; Virginia Park; Taylor Playground,X,4.081,Triangle/Plaza,4,0.788,756.3,363.0,11,0.393,75.5,0.125,0.5,1.0176,0.0,6799.0,6803.9,0.001,0,291234.2,291563.3,254937.0
N2,N2-022,8,False,X077;X082;X148A;X148A1;X148A2;X148A4;X287;X295,Featherbed Triangle; University Malls; Park; Park; Plimpton Playground; Park; Ogden Plimpton Playground; Half-Nelson Playground,X,2.879,Playground,5,1.016,726.3,257.0,10,0.357,92.4,0.0,0.0,0.9796,0.0,5198.4,5527.3,0.133,0,265921.2,305262.3,201822.2
N2,N2-023,7,False,B008;B182;B440;B463;B565;B566;B578,Betsy Head Park; Howard Malls; Amboy Neighborhood Center; Fantasy Garden; Isabahlia Community Garden; Brownsville Community Farm; Saratoga Blake Garden,B,11.534,Garden,3,0.568,541.1,248.2,12,0.571,1.0,0.143,0.714,1.0434,0.0,5268.3,5898.7,0.3,0,262621.7,305067.4,241146.3
N2,N2-024,7,False,B130;B255H;B255I;B255J;B255K;B255L;B255M,"Greenwood Playground; Thomas J. Cuite Park; Park; Seeley Park; Sitting Area; Captain John McKenna, IV Park; Park",B,6.098,Triangle/Plaza,4,0.539,721.1,133.0,6,0.286,84.8,0.0,0.0,0.9184,0.0,3669.8,3815.4,0.059,0,204248.6,225491.6,172948.1
N2,N2-025,7,False,B222;B223DB;B223DC;B223DD;B223DE;B223DF;B431,Pierrepont Playground; Brooklyn Heights Promenade; Brooklyn Heights Promenade; Brooklyn Heights Promenade; Brooklyn Heights Promenade; Brooklyn Heights Promenade; Brooklyn Bridge Park,B,22.405,Triangle/Plaza,3,0.522,185.9,56.8,13,0.619,0.0,0.0,1.0,0.8527,0.0,3632.2,4425.5,0.483,0,497504.5,543752.6,171073.4
N2,N2-026,7,False,B223I;B223IA;B223IB;B223JB;B223JC;B223JD;B551,Anchorage Plaza; Clumber Corner; Bar and Grill Park; Susan Smith McKinney Steward Park; Bridge Park 3; Maritcha R. Lyons Park; Vinegar Hill Community Garden,B,6.998,Parkway,5,0.631,595.7,167.8,12,0.571,7.0,0.714,0.714,1.0536,0.0,5010.9,6230.1,0.574,0,198162.4,248659.5,182036.3
N2,N2-027,7,False,M002;M017;M065;M182;M195;M228;M235,Ahearn Park; Corlears Hook Park; Luther Gulick Park; Vladeck Park; Sidney Hillman Playground; Henry M. Jackson Playground; Sol Lain Plgd,M,8.586,Jointly Operated Playground,3,0.505,447.2,213.0,7,0.333,93.3,0.286,0.429,0.9992,0.0,4774.8,4803.2,0.011,0,257153.0,281672.2,233850.6
N2,N2-028,7,False,M004#1;M067;M082;M122;M132;M206;M224,Allen Street Malls (1/3); Sophie Irene Loeb; Seward Park; Captain Jacob Joseph Playground; Little Flower Playground; Tanahey Playground; Straus Square,M,6.956,Playground,4,0.736,723.8,275.3,10,0.476,78.6,0.143,0.571,0.9786,0.0,6128.9,7257.7,0.302,0,292050.5,349640.0,246733.2
N2,N2-029,7,False,M035;M096#4;M138;M141;M159;M216;M377,Brigadier General Charles Young Triangle; Adam Clayton Powell Jr. Malls (4/9); Bill Bojangles Robinson Playground; Percy E. Sutton Playground; Frederick Johnson Playground; Holcombe Rucker Park; Bradhurst Gardens Association,M,8.347,Neighborhood Park,6,0.554,540.1,249.0,7,0.333,93.2,0.0,0.143,0.9603,0.0,4597.3,5128.0,0.24,0,269465.8,303009.2,177800.8
N2,N2-030,7,False,M056;M090;M096#1;M169;M341;M400;M405,Morningside Park; Lafayette Square; Adam Clayton Powell Jr. Malls (1/9); Samuel Marx Triangle; Garden Of Love; Luigi's Garden of Love; Electric Ladybug Garden,M,30.971,Garden,4,0.659,646.5,358.4,9,0.429,76.9,0.0,0.429,1.0938,0.0,8934.3,9563.5,0.153,0,434094.9,473579.6,414698.2
N2,N2-031,7,False,M166;M243;M285;M331;M364;M367;M388,Harlem Art Park; Eugene McCabe Field; Dr. Ronald E. McNair Playground; 117th St Community Garden; Jackie Robinson Community Garden; Peaceful Valley Garden; Carolina Garden,M,1.91,Garden,3,0.562,674.0,305.4,4,0.19,105.1,0.0,0.143,1.0774,0.0,3423.0,4022.3,0.317,0,207396.4,240478.1,150539.8
N2,N2-032,7,False,M183;M330;M382;M384;M417;M418;M419,Peter Minuit Playground; Family Community Garden; 110th Street Block Association Garden; Pueblo Unido Garden; Diversity Edible Farm; Mission Garden; Villa Santruce,M,1.251,Garden,2,0.321,426.2,134.6,6,0.286,89.6,0.0,0.857,1.1658,0.0,3277.5,3277.5,0.0,0,158553.9,158678.6,142851.0
N2,N2-033,7,False,M201;M254;M334;M345;M350;M357;M372,Wald Playground; Gustave Hartman Square; Brisas Del Caribe; Kenkeleba House Garden; Peachtree Garden; Los Amigos Garden; Allied Productions/Le Petit Versailles,M,1.157,Garden,3,0.564,577.5,193.8,7,0.333,20.7,0.0,0.143,1.0105,0.0,1745.7,2269.5,0.572,0,110916.4,158462.8,70659.2
N2,N2-034,7,False,X011#2;X148H;X148H1;X148H2;X148H3;X148I;X329,Crotona Parkway Malls (2/3); Admiral Farragut Playground; Prospect Playground; Fairmount Playground; Park; Park; Miracle Garden,X,5.068,Strip,6,0.61,508.3,174.9,8,0.381,1.0,0.143,0.143,1.0711,0.0,4494.5,5144.7,0.283,0,234625.8,271669.2,204324.5
N2,N2-035,7,False,X026;X031;X062;X242;X243;X243A;X316,Hines Park; McKinley Square; Beatty Plaza; Youth Village; Estella Diggs Park; Garden; Genesis Community Garden,X,1.919,Garden,4,0.552,615.1,245.9,6,0.286,91.5,0.0,0.286,0.9553,0.0,3383.6,3625.1,0.186,0,181492.0,202107.2,175666.7
N2,N2-036,6,False,B021;B223K;B223MA;B233;B243;B295,Commodore Barry Park; Trinity Park; Arbor Place; Park; Golconda Playground; Oxport Playground,B,16.573,Triangle/Plaza,5,0.812,737.9,261.5,8,0.533,16.2,0.0,0.667,0.99,0.0,5429.4,6078.8,0.197,0,297993.9,324628.6,257039.0
N2,N2-037,6,False,B030#1;B030#2;B030#4;B260A;B602;B609,Eastern Parkway Extension (1/6); Eastern Parkway Extension (2/6); Eastern Parkway Extension (4/6); Howard Pool; Park; Park,B,1.188,Mall,3,0.949,511.4,139.6,6,0.4,19.5,0.667,0.667,1.1534,0.0,5879.6,6826.9,0.28,0,245497.7,301960.7,215928.1
N2,N2-038,6,False,B030#3;B030#5;B131;B219;B381;B413,Eastern Parkway Extension (3/6); Eastern Parkway Extension (5/6); Rudd Playground; Callahan-Kelly Playground; Thomas Boyland Park; Hull Street Garden,B,7.286,Mall,5,0.565,570.1,262.0,4,0.267,112.3,0.333,0.667,0.9906,0.0,6717.0,7257.9,0.174,0,345141.6,370896.0,258475.3
N2,N2-039,6,False,B052;B066;B082#1;B082#10;B210A;B210M,Leif Ericson Park; Owl's Head Park; Shore Park and Parkway (1/10); Shore Park and Parkway (10/10); John Allen Payne Playground; Park,B,48.303,Community Park,4,1.777,791.3,132.8,6,0.4,40.7,0.833,1.0,1.0303,0.0,9969.4,10734.7,0.192,0,542625.9,653040.8,436006.6
N2,N2-040,6,False,B058;B196;B223S;B223T;B223V;B226,McCarren Park; Pvt. Sonsire Triangle; Macri Triangle; Father Giorgio Triangle; Badame Sessa Triangle; Mt. Carmel Triangle,B,38.058,Triangle/Plaza,2,0.788,450.9,284.7,10,0.667,8.3,0.667,0.833,1.1581,0.0,9271.5,9537.3,0.095,0,368368.2,390205.5,344661.1
N2,N2-041,6,False,B088;B140;B400;B451;B472;B549,Herbert Von King Park; Banneker Playground; Hattie Carthan Community Garden; Clifton Pl Memorial Park and Garden; Greene Av United Neighbors Association *; Whole Neighborhood Garden,B,10.381,Garden,3,0.697,632.9,300.3,4,0.267,89.9,0.5,1.0,1.1923,0.0,4340.9,4402.8,0.03,0,236182.6,245084.8,211649.2
N2,N2-042,6,False,B118A;B118B;B126;B210C;B210F;B223A,St. Mary's Park; St. Mary's Park; Red Hook Recreation Area; Cough Triangle; Admiral Triangle; Dimattina Playground,B,48.487,Playground,4,0.989,649.7,337.6,6,0.4,52.4,0.5,0.667,1.0527,0.0,9427.3,9679.3,0.092,0,549804.1,569864.0,416559.3
N2,N2-043,6,False,B144;B325;B387;B476;B517;B561,Ocean Hill Playground; Fish Playground; Hilltop Playground; Sh'ma Yisrael; Phoenix Community Garden; Saratoga Farm,B,4.515,Garden,2,0.58,595.5,379.1,4,0.267,98.4,0.333,0.667,1.0477,0.0,4187.8,4310.3,0.159,0,241049.9,268584.7,201585.6
N2,N2-044,6,False,B227;B228;B362;B397;B511;B563,P.S. 125 Playground; Dr. Green Playground; Chester Playground; Carter G. Woodson Children's Park; Jes Good Rewards Childeren's Garden; Student Farm Project,B,4.465,Garden,4,0.684,623.7,357.8,7,0.467,90.1,0.833,0.833,1.0675,0.0,4119.6,4169.5,0.024,0,287441.5,293637.4,221505.1
N2,N2-045,6,False,B245;B364;B403;B540;B579;B597,St. John's Park; Woods Playground; Harmony Park; Neighborhood Community Garden; Imani II Community Garden; Kingsborough Houses Bergen Playground,B,12.347,Garden,5,0.772,783.4,357.7,8,0.533,8.6,0.0,0.5,0.9843,0.0,4843.7,4887.1,0.023,0,312359.2,324184.9,249790.2
N2,N2-046,6,False,M001;M044;M237;M251;M360#4;M390,Abingdon Square; Jackson Square; Corporal John A. Seravalli Playground; Bleecker Playground; The High Line (4/4); Jane Street Garden,M,3.589,Neighborhood Park,4,0.553,486.6,203.5,9,0.6,14.2,0.5,0.833,0.9887,0.0,5935.2,6238.2,0.103,0,246435.4,263178.8,221041.6
N2,N2-047,6,False,M020;M051;M094#2;M094#5;M231;M232,Dante Park; Richard Tucker Park; Broadway Malls (2/11); Broadway Malls (5/11); Damrosch Park; Lincoln Center Plaza,M,7.812,Triangle/Plaza,3,0.622,368.7,57.4,6,0.4,5.6,0.333,0.333,0.8748,0.0,5533.5,5917.0,0.126,0,256289.9,275593.3,226668.0
N2,N2-048,6,False,M058;M096#3;M349;M351;M362;M365,Marcus Garvey Park; Adam Clayton Powell Jr. Malls (3/9); New 123rd St Block Association Garden; Joseph Daniel Wilson Garden; W 124th Street Community Garden; Our Little Green Acre Garden,M,20.231,Garden,3,0.819,654.3,342.2,9,0.6,7.0,0.167,0.5,1.1184,0.0,5722.0,6669.6,0.29,0,313859.7,364954.4,263399.1
N2,N2-049,6,False,M096#6;M211A;M211B;M328;M374;M409,Adam Clayton Powell Jr. Malls (6/9); St. Nicholas Playground South; Langston Hughes Playground; William B. Washington Memorial Garden; CEP Community Garden; Harlem Grown 127th Street Learning Annex,M,1.743,Garden,3,0.515,559.3,278.1,5,0.333,0.9,0.0,0.167,1.1535,0.0,2992.6,3598.3,0.474,0,162445.6,204656.7,149556.2
N2,N2-050,6,False,M208A;M208B;M208C;M208D;M316;M363,Alice Kornegay Triangle; Park; Harlem River Park; Harlem River Park; Edward P. Bowman Park; Harlem Rose Garden,M,7.253,Garden,4,0.839,753.2,385.3,8,0.533,2.1,0.167,0.333,1.0533,0.0,1881.1,2119.4,0.212,0,147498.2,201807.1,99865.7
N2,N2-051,6,False,Q007;Q219#13;Q219#2;Q219#9;Q503;Q505,Bayswater Park; Rockaway Freeway (13/16); Rockaway Freeway (2/16); Rockaway Freeway (9/16); Garden; Culinary Kids Garden,Q,41.561,Parkway,3,0.692,508.2,176.0,6,0.4,82.7,0.0,0.333,0.9666,0.0,6624.5,6679.3,0.016,0,462382.9,484324.8,254360.4
N2,N2-052,6,False,Q031;Q031A;Q034;Q057;Q061;Q065,Lawrence Virgilio Playground; Doughboy Park; Sabba Park; Sohncke Square; Steinmann Triangle; John Vincent Daniels Jr. Square,Q,5.939,Triangle/Plaza,2,0.868,793.0,296.6,8,0.533,38.1,0.667,0.667,1.0308,0.0,6550.2,6550.2,0.0,0,291332.5,291334.9,263165.7
N2,N2-053,6,False,Q085;Q116;Q160;Q393G;Q393H;Q393I,Gorman Playground; One Room Schoolhouse Park; O'Sullivan Plaza; Laguardia Landing Lights; LaGuardia Landing Lights; Planeview Park,Q,6.382,Triangle/Plaza,3,0.777,754.4,396.3,5,0.333,72.9,0.5,0.833,1.0864,0.0,5529.4,5951.3,0.211,0,270234.0,281750.3,207540.5
N2,N2-054,6,False,X030;X034;X105;X296;X303;X333,Macombs Dam Park; Rev. T. Wendell Foster Park and Recreation Center; Jerome Slope; Taqwa Community Farm; Sweetgum Community Garden; Woodycrest Community Garden,X,60.605,Garden,3,0.66,619.3,241.7,4,0.267,90.7,0.5,0.5,0.9891,0.0,9378.2,9979.4,0.113,0,439163.4,471528.6,345130.5
N2,N2-055,6,False,X081;X130;X148D1;X148E;X297;X298,Mount Eden Malls; Barry Plaza; Morris Mesa; Peace Park; Garden Of Eden; Garden Of Life,X,2.522,Garden,4,0.482,525.7,255.4,7,0.467,17.8,0.0,0.0,1.0872,0.0,4343.3,5166.8,0.409,0,203488.9,262348.1,168126.6
N2,N2-056,5,False,B024;B025;B062;B425;B489,Orient Grove; Cooper Park; Memorial Gore; St Nicholas-olive St Garden; Red Shed Garden,B,6.917,Garden,3,0.429,369.9,215.4,4,0.4,19.9,0.0,0.4,1.0319,0.0,3984.1,4099.5,0.065,0,214525.4,224876.0,184157.3
N2,N2-057,5,False,B061;B113A;B113B;B113C;B113E,McLaughlin Park; Cadman Plaza Park; Korean War Veterans Plaza; Columbus Park; Walt Whitman Park,B,21.09,Neighborhood Park,3,0.532,336.9,265.5,4,0.4,9.8,0.4,0.8,0.9053,0.0,6466.9,7021.2,0.14,0,302274.4,323197.7,218915.7
N2,N2-058,5,False,B115;B142;B382A;B382B;B405,Cohn Triangle; Bedford Playground; Roberto Clemente Ballfield; Jacob's Ladder Playground; Epiphany Playground,B,4.567,Playground,4,0.466,430.7,212.1,4,0.4,49.7,0.8,1.0,1.1114,0.0,3497.4,3497.4,0.0,0,206249.6,207686.7,173422.5
N2,N2-059,5,False,B123;B162;B172;B191;B604,Alben Square; Brizzi Playground; Heffernan Triangle; Park; Park,B,0.825,Triangle/Plaza,2,0.726,709.8,288.1,9,0.9,12.7,1.0,1.0,1.1497,0.0,3560.4,3560.4,0.0,0,149629.4,149630.5,145961.9
N2,N2-060,5,False,B169B;B268;B315;B562;B586,Poseidon Playground; Nautilus Playground; Surf Playground; Surfside Multi-Cultural Garden Coalition; Garden,B,6.108,Garden,4,0.396,340.6,168.6,6,0.6,14.1,0.0,0.8,0.8937,0.0,1848.3,1848.3,0.0,0,153658.6,153659.5,118381.2
N2,N2-061,5,False,B255C;B255D;B255E;B255F;B288,Purple Playground; Park; Park; Detective Joseph Mayrose Park; Slope Park Playground,B,3.462,Jointly Operated Playground,5,0.245,120.9,37.6,7,0.7,2.0,0.0,0.2,0.9639,0.0,3003.8,3129.6,0.205,0,142606.9,166364.0,149688.0
N2,N2-062,5,False,M011;M257;M360#1;M360#2;M360#3,Chelsea Park; Clement Clarke Moore Park; The High Line (1/4); The High Line (2/4); The High Line (3/4),M,7.952,Community Park,3,0.996,599.0,178.5,6,0.6,14.4,0.8,0.8,0.9202,0.0,5763.6,6098.0,0.104,0,372280.3,389550.7,296416.5
N2,N2-063,5,False,M012;M172;M278;M287;M404,Christopher Park; McCarthy Square; Jefferson Market Garden; Sheridan Square Viewing Garden; NYC AIDS Memorial Park at St. Vincent’s Triangle,M,1.077,Triangle/Plaza,2,0.451,450.5,213.9,6,0.6,22.8,0.6,0.8,1.0177,0.0,4820.5,4872.7,0.028,0,185904.4,187723.1,179003.5
N2,N2-064,5,False,M033;M116;M335;M396;M408,Hamilton Fish Park; ABC Playground; Clinton Community Garden (LES); Children's Magical Garden; Siempre Verde Garden,M,4.919,Garden,3,0.505,454.6,191.2,7,0.7,6.3,0.0,0.4,1.0451,0.0,2913.6,3509.9,0.36,0,151123.6,199210.3,120264.0
N2,N2-065,5,False,M047;M239;M299;M323;M389,Thomas Jefferson Park; P.S. 155 Playground; Pleasant Village Community Garden; Diamante Garden; St. Mark's Garden,M,14.711,Garden,3,0.519,481.2,339.0,5,0.5,97.6,0.2,0.2,1.0079,0.0,3491.5,3491.5,0.065,0,213715.5,263754.3,184213.6
N2,N2-066,5,False,M083;M094#10;M233;M282;M353,Sherman Square; Broadway Malls (10/11); Matthew P. Sapolin Playground; Septuagesimo UNO; Riverside Park South,M,73.57,Triangle/Plaza,4,0.787,512.5,248.5,7,0.7,15.7,0.4,0.4,1.0001,0.0,4094.3,4945.6,0.374,0,401833.9,442504.0,198000.8
N2,N2-067,5,False,M096#2;M110;M160;M303;M340,Adam Clayton Powell Jr. Malls (2/9); William McCray Playground; Fred Samuel Playground; Abyssinian Tot Lot; Elizabeth Langley Memorial Garden,M,1.637,Playground,3,0.43,402.5,251.2,4,0.4,45.6,0.0,0.0,1.166,0.0,3408.1,3924.3,0.336,0,196004.4,228992.1,160579.6
N2,N2-068,5,False,M096#7;M096#8;M186;M245;M355,Adam Clayton Powell Jr. Malls (7/9); Adam Clayton Powell Jr. Malls (8/9); Brigadier General Charles Young Playground; Renaissance Playground; Robert L. Clinkscales Playground and Community Garden,M,8.806,Mall,3,0.558,504.3,267.0,5,0.5,21.2,0.0,0.2,1.079,0.0,5530.3,6318.1,0.22,0,271716.0,328300.4,259870.5
N2,N2-069,5,False,M108H;M108T01#2;M187;M192;M286,Park; East River Esplanade (2/8); Marx Brothers Playground; Stanley Isaacs Playground; Asphalt Green,M,7.768,Community Park,5,0.681,549.2,189.8,7,0.7,73.7,0.2,0.4,0.9531,0.0,3714.9,3785.6,0.032,0,219471.1,276597.2,183374.1
N2,N2-070,5,False,M155;M204;M298;M305;M380,Courtney Callender Playground; Moore Playground; Unity Gardens; Collyer Brothers Park; United Block Association Garden,M,1.736,Garden,3,0.351,460.7,211.3,4,0.4,46.9,0.0,0.8,1.0143,0.0,2289.3,2445.6,0.139,0,143812.5,171920.9,117496.2
N2,N2-071,5,False,M158;M203A;M203B;M203D;M203E,Robert Moses Playground; Trygve Lie Plaza; Ralph Bunche Park; Mary O'Connor Playground; Tudor Grove Playground,M,1.843,Playground,2,0.183,88.6,55.1,5,0.5,0.9,0.4,1.0,0.7123,0.0,1662.9,1662.9,0.0,0,107399.0,120033.7,82994.0
N2,N2-072,5,False,Q090;Q131;Q360E;Q360F;Q360G,Federalist Triangle; Frank Principe Park; Hull Triangle; Technical Sergeant Thomas J. Davey Triangle; Whitefish Triangle,Q,7.941,Triangle/Plaza,2,0.56,372.1,192.7,5,0.5,24.1,0.0,0.2,1.0343,0.0,4431.4,4443.7,0.006,0,213983.8,221491.3,198492.7
N2,N2-073,5,False,Q360H;Q360M;Q360Q;Q360R;Q360Y2,Peter Chahales Park; Frontera Park; Sitting Area 127 CXXVII; Sitting Area; Park,Q,1.692,Triangle/Plaza,3,0.572,481.3,211.3,9,0.9,20.4,0.4,0.4,1.0029,0.0,2710.8,2710.8,0.0,0,149153.7,164104.4,113362.8
N2,N2-074,5,False,X033#4;X033#5;X104;X215;X335,Mosholu Parkway (4/5); Mosholu Parkway (5/5); Williamsbridge Oval; Valentine Varian House; Risse Street Park,X,43.27,Neighborhood Park,3,0.887,686.7,315.3,4,0.4,64.6,0.6,0.8,1.0124,0.0,7833.8,9983.3,0.405,0,331815.5,396398.0,253047.2
N2,N2-075,5,False,X110#1;X110#8;X110A;X152;X209,Henry Hudson Parkway (1/8); Henry Hudson Parkway (8/8); Hackett Park; Vinmont Veteran Park; Wave Hill,X,30.706,Parkway,4,0.744,615.8,305.9,4,0.4,12.6,0.0,0.2,0.9695,0.0,4650.2,4848.6,0.082,0,355148.7,389257.8,234534.8
N2,N2-076,5,False,X112;X185;X235;X313;X318,Hilton White Playground; Dunbar Playground; Grove Hill Playground; El Batey Borincano Garden; Franklin Memorial Garden,X,3.319,Jointly Operated Playground,2,0.773,766.1,379.4,5,0.5,3.4,0.0,0.2,1.0909,0.0,2459.7,2503.3,0.035,0,181132.6,190314.9,125168.9
N2,N2-077,5,False,X120;X148A3;X153;X269;X275,Highbridge Park; Bridge Playground; Merriam Playground; Cpl Fischer Park; Mosaic Success Garden,X,5.081,Neighborhood Park,3,0.543,439.0,264.1,6,0.6,42.4,0.0,0.4,1.0154,0.0,4525.2,4740.7,0.076,0,241946.7,265646.2,206216.3
N2,N2-078,4,False,B026;B388;B407;B421,Cuyler Gore Park; Gateway Triangle; South Oxford Park; Brooklyn Bears Carlton Av Garden,B,2.592,Neighborhood Park,3,0.352,487.5,278.9,2,0.333,42.5,0.0,0.5,1.0624,0.0,3164.0,3164.0,0.0,0,164421.6,164421.9,135291.2
N2,N2-079,4,False,B027;B270;B343;B486,Veterans Triangle; Brownsville Playground; Osborn Playground; Green Valley Garden,B,5.293,Community Park,4,0.459,336.3,141.3,5,0.833,1.5,0.5,0.5,1.134,0.0,5074.1,5074.1,0.0,0,216914.8,216919.3,172193.5
N2,N2-080,4,False,B029#10;B029#4;B030#6;B554,Eastern Parkway (10/10); Eastern Parkway (4/10); Eastern Parkway Extension (6/6); Brownsville Green,B,5.35,Parkway,3,0.725,540.5,91.2,1,0.167,2.6,0.5,0.75,0.9672,0.0,4325.5,5236.3,0.455,0,213986.0,263151.7,146374.1
N2,N2-081,4,False,B031;B114;B223U;B346,Fidelity Triangle; Msgr. McGolrick Park; Lentol Garden; Ericsson Playground,B,10.89,Triangle/Plaza,3,0.603,524.4,324.0,2,0.333,49.9,0.25,1.0,1.1113,0.0,4973.9,5485.5,0.114,0,234256.0,247542.9,185507.3
N2,N2-082,4,False,B032;B253;B300;B321,Fort Greene Park; Albert L. Parham Playground; Oracle Playground; Edmonds Playground,B,33.126,Jointly Operated Playground,2,0.513,460.2,248.7,4,0.667,0.9,0.25,0.5,1.0659,0.0,4884.8,4884.8,0.0,0,312149.1,312152.2,256327.4
N2,N2-083,4,False,B035;B082#4;B082#7;B210W,John Paul Jones Park; Shore Park and Parkway (4/10); Shore Park and Parkway (7/10); John J Carty Park,B,44.036,Community Park,2,0.794,675.0,196.2,3,0.5,19.9,0.25,0.75,0.9887,0.0,3365.8,3423.6,0.069,0,401381.0,433550.3,177997.9
N2,N2-084,4,False,B055;B117;B194;B358,Sternberg Park; Lindsay Triangle; Harmony Triangle; De Hostos Playground,B,5.223,Triangle/Plaza,3,0.431,365.5,169.8,4,0.667,58.6,0.5,1.0,1.066,0.056,3745.9,3921.6,0.081,0,172117.7,184065.8,170245.0
N2,N2-085,4,False,B078;B366;B442;B492,Grace Playground; Duke Park; Ps 149 Artsy Bloom Community Garden; St John Cantius Parish,B,3.099,Garden,3,0.517,399.1,331.9,2,0.333,45.2,0.25,0.5,1.1118,0.0,2887.2,2894.6,0.004,0,175936.9,178294.2,139290.3
N2,N2-086,4,False,B079;B258;B538;B574,Saratoga Park; Brevoort Playground; Welcome Home Garden; Halsey Ralph & Howard Community Garden,B,4.883,Garden,3,0.598,567.3,374.2,4,0.667,7.2,0.25,0.25,1.0794,0.0,3205.2,3302.1,0.063,0,222633.3,228988.1,152308.3
N2,N2-087,4,False,B156;B260;B363;B416,Powell Playground; Howard Playground; Houston Playground; TLC Sculpture Park Garden,B,3.185,Community Park,4,0.648,559.6,252.3,4,0.667,8.7,0.0,0.75,0.9436,0.0,2700.9,2748.5,0.028,0,171037.9,180969.3,137142.0
N2,N2-088,4,False,B163;B417;B467;B526,Sperandeo Brothers Playground; PS 4K PARADISE GARDEN; Floral Vineyard; Cleveland Street Vegetable Garden,B,3.317,Garden,2,0.346,205.8,66.3,3,0.5,0.1,0.25,0.75,1.1122,0.0,2880.6,3035.8,0.234,0,139325.3,156883.7,115503.8
N2,N2-089,4,False,B178;B179;B180;B212,Flatbush Malls; Flatbush Malls; Flatbush Mall; Hot Spot Tot Lot,B,1.235,Mall,2,0.577,313.3,225.5,4,0.667,0.2,0.25,0.5,0.9978,0.0,7475.5,7475.5,0.0,0,384992.0,384992.7,330199.9
N2,N2-090,4,False,B224;B224A;B499;B573,P.O. Reinaldo Salgado Playground; Citizens For A Better Community; Madison Community Greenthumb; Patchen Community Square Garden,B,2.762,Garden,2,0.462,471.5,186.5,3,0.5,0.2,0.75,0.75,1.1455,0.0,1912.5,2023.4,0.094,0,137019.0,143669.2,102716.6
N2,N2-091,4,False,B283;Q094;Q094D;Q424,Belmont Playground; Tudor Park; Gemini Fields; Judge Angelo Graci Triangle,B/Q,25.034,Community Park,4,1.078,733.8,337.4,4,0.667,69.4,0.25,0.25,1.0113,0.0,7482.6,8141.0,0.13,0,420905.2,452096.2,311058.2
N2,N2-092,4,False,B339;B436;B513;B533,Newport Playground; Gethsemane Garden; United Community Centers Youth Farm; Abib Newborn Garden,B,1.335,Garden,2,0.32,290.0,130.5,4,0.667,0.5,0.25,0.25,1.1588,0.0,2117.1,2253.9,0.138,0,132512.8,143318.9,115995.0
N2,N2-093,4,False,B367;B377;B396;B516,Livonia Park; Floyd Patterson Ballfields; Nehemiah Park; Powell Street Livonia Garden,B,5.429,Garden,4,0.383,322.9,241.4,2,0.333,0.9,0.0,0.0,1.1197,0.0,3102.8,3329.4,0.119,0,162877.3,189971.1,155461.3
N2,N2-094,4,False,B378;B422;B592;B606,University Place; Bkln Bears Rockwell Pl Garden; Betty Carter Park; Fowler Square,B,1.444,Triangle/Plaza,3,0.649,597.3,315.0,3,0.5,28.2,0.0,1.0,0.9759,0.0,3427.6,3486.6,0.066,0,162831.9,169615.3,141528.6
N2,N2-095,4,False,B453;B483;B491;B493,Concerned Residents of Montauk Avenue; Manley's Pl; Shield Of Faith; Upon This Rock Comm Garden,B,0.64,Garden,1,0.408,461.0,191.8,4,0.667,0.2,0.0,0.5,1.1142,0.0,1442.9,1524.0,0.169,0,98132.4,111051.1,69298.8
N2,N2-096,4,False,M005;M007;M046;M283#3,The Battery; Bowling Green; Vietnam Veterans Plaza; Battery Park City (3/4),M,29.195,Triangle/Plaza,3,0.869,739.9,244.4,4,0.667,135.5,0.0,0.5,0.8553,0.0,4315.1,4451.3,0.081,0,356563.3,380360.5,207914.7
N2,N2-097,4,False,M006;M145;M222;M279,Tribeca Park; Albert Capsouto Park; Grand Canal Court; Duarte Square,M,1.234,Triangle/Plaza,2,0.281,177.6,87.3,4,0.667,22.4,0.0,1.0,0.9537,0.0,3075.9,3075.9,0.0,0,120417.3,120422.1,108506.9
N2,N2-098,4,False,M013;M015;M030;M242,City Hall Park; Columbus Park; Thomas Paine Park; Collect Pond Park,M,15.273,Triangle/Plaza,3,0.532,413.2,117.0,5,0.833,52.9,0.0,0.75,0.9647,0.0,6151.8,6259.6,0.026,0,274568.8,278347.1,252856.7
N2,N2-099,4,False,M021;M096#5;M356;M387,A Philip Randolph Square; Adam Clayton Powell Jr. Malls (5/9); P.S. 76 Garden; TRUCE Garden,M,0.516,Garden,3,0.292,335.8,98.8,3,0.5,1.0,0.0,0.0,1.1155,0.0,2525.1,3316.8,0.439,0,113331.0,141086.1,114652.6
N2,N2-100,4,False,M054;M095A;M156;M240,Mitchel Square; Broadway Malls; McKenna Square; Audubon Playground,M,2.534,Triangle/Plaza,3,0.975,332.1,132.3,3,0.5,29.6,0.0,0.25,0.9944,0.0,7124.5,7669.8,0.125,0,287092.8,302089.4,277713.4
N2,N2-101,4,False,M060A;M060C#2;M060C#7;M062,Park Avenue Malls; Park Avenue Malls (2/8); Park Avenue Malls (7/8); Grand Army Plaza,M,2.005,Mall,2,0.796,688.3,290.9,3,0.5,4.6,0.25,0.25,1.1193,0.0,6082.8,6352.6,0.107,0,242144.5,257783.5,271354.5
N2,N2-102,4,False,M069;M120B;M125E;M207,Vesuvio Playground; Playground of the Americas; Charlton Plaza; Father Fagan Park,M,0.94,Triangle/Plaza,3,0.295,349.2,142.4,2,0.333,45.8,0.0,0.75,1.0619,0.0,2024.6,2617.3,0.334,0,105228.8,119094.9,88705.8
N2,N2-103,4,False,M070;M108Q;M177;M280,Queensboro Oval; Twenty-Four Sycamores Park; Honey Locust Park; Tramway Plaza,M,2.592,Triangle/Plaza,3,0.513,454.5,278.4,4,0.667,5.1,0.0,0.25,0.9451,0.0,2436.4,2515.2,0.043,0,141140.5,162711.8,117277.2
N2,N2-104,4,False,M086;M188;M226;M227,Stuyvesant Square; Abe Lebewohl Park; Augustus St. Gaudens Playground; Peter's Field,M,5.609,Jointly Operated Playground,3,0.819,758.4,301.2,5,0.833,4.5,0.0,1.0,1.1029,0.0,3520.6,3729.9,0.111,0,187681.1,200386.0,166213.0
N2,N2-105,4,False,M094#3;M094#6;M220;M229,Broadway Malls (3/11); Broadway Malls (6/11); Frederick Douglass Playground; Happy Warrior Playground,M,4.395,Mall,3,0.408,295.6,127.4,3,0.5,13.8,0.5,0.5,1.098,0.0,4665.6,5511.6,0.272,0,236419.3,272244.1,210109.4
N2,N2-106,4,False,M094#7;M200;M200A;M347,Broadway Malls (7/11); Booker T. Washington Playground; Anibal Aviles Playground; Mobilization For Change,M,2.461,Garden,4,0.607,510.3,222.8,4,0.667,0.1,0.0,0.25,0.9945,0.0,3104.2,3932.1,0.504,0,166579.1,210933.3,143726.8
N2,N2-107,4,False,M098;M295;M318;M395,Washington Square Park; Mercer Playground; Merchant's House Museum; Fiorello La Guardia Park,M,10.782,Neighborhood Park,3,0.57,537.1,253.8,3,0.5,49.3,0.75,0.75,1.001,0.0,4719.3,4849.6,0.116,0,234782.8,261101.7,207665.0
N2,N2-108,4,False,M108F;M208E;M208F;M208G,Triboro Plaza; Crack Is Wack Playground; Harlem River Park; Harlem River Park,M,4.122,Triangle/Plaza,2,0.268,186.6,52.7,3,0.5,24.1,0.25,0.5,0.7012,0.0,1623.2,2180.4,0.44,0,112372.4,151995.8,83796.3
N2,N2-109,4,False,Q026;Q055;Q172;Q173,Park Of The Americas; Veteran's Square; Corona Plaza; American Triangle,Q,3.155,Triangle/Plaza,2,0.226,209.3,80.3,4,0.667,4.3,0.25,0.25,1.0981,0.0,2668.1,2668.1,0.0,0,112847.2,112848.4,111082.9
N2,N2-110,4,False,Q029;Q046;Q474A;Q483,William F Moore Park; Josephine Caminiti Playground; Corona Taxpayers Association; Corona Health Sanctuary,Q,0.884,Playground,3,0.523,460.5,340.0,4,0.667,20.5,0.25,0.25,1.1114,0.0,2809.0,3134.3,0.183,0,152147.2,169667.2,118278.4
N2,N2-111,4,False,Q032;Q072;Q141;Q267,McKenna Triangle; Short Triangle; Murray Playground; Court Square Park,Q,3.032,Triangle/Plaza,2,0.462,332.2,150.6,4,0.667,1.1,1.0,1.0,1.0175,0.0,3614.0,3817.0,0.116,0,148089.0,156337.8,136682.3
N2,N2-112,4,False,Q040;Q060;Q098;Q361,Elmjack Mall; Nine Heroes Plaza; Frank D. O'Connor Playground; Moore Homestead Playground,Q,4.062,Neighborhood Park,3,0.977,627.6,248.0,6,1.0,16.2,1.0,1.0,1.0378,0.0,5839.1,5839.1,0.0,0,309220.4,309221.1,234947.7
N2,N2-113,4,False,Q095;Q414;Q433A;Q433B,Vito Locascio Field; Rocket Playground; Park; Park,Q,4.319,Strip,3,0.296,419.8,20.5,1,0.167,0.1,0.0,0.0,0.8871,0.0,2849.5,3019.3,0.14,0,136257.1,146328.2,98931.6
N2,N2-114,4,False,Q127;Q301;Q489;Q493,Marconi Park; Jamaica Playground; George Washington Carver Botanical Garden; Discovery Garden,Q,7.469,Garden,3,0.412,429.1,274.6,3,0.5,50.4,0.0,0.0,1.0556,0.0,3363.1,3363.1,0.0,0,212415.6,212416.9,183361.0
N2,N2-115,4,False,Q220C;Q220D;Q220E;Q231,Dr. Charles R. Drew Park; Foch Sitting Area; Playground One Forty; Sergeant Colyer Square,Q,7.894,Triangle/Plaza,3,0.679,746.7,418.6,4,0.667,23.9,0.5,0.75,1.0705,0.0,4647.3,4647.3,0.0,0,245827.1,245828.1,202011.3
N2,N2-116,4,False,Q460;Q467;Q498;Q508,Broad Channel Park; Broad Channel American Park; Sunset Cove Park; Park,Q,30.884,Nature Area,3,0.59,289.4,145.9,3,0.5,45.7,0.0,0.0,0.7187,0.0,3034.9,3034.9,0.0,0,321209.0,321211.2,156718.2
N2,N2-117,4,False,R124;R125;R144;R164,Eibs Pond Park; Lopez Playground; Sobel Court Park; Targee Street Triangle,R,18.948,Nature Area,4,0.783,762.1,413.3,4,0.667,66.5,0.25,0.75,1.0306,0.0,3921.9,3921.9,0.0,0,334648.9,335079.6,201498.3
N2,N2-118,4,False,X001;X001A#3;X013;X343,Aqueduct Walk; Aqueduct Walk (3/5); Devoe Park; Davidson Ave. Community Gardeners Group,X,9.61,Community Park,3,0.478,379.2,108.2,3,0.5,6.4,0.75,0.75,1.0454,0.0,4849.8,5459.3,0.197,0,295746.6,340884.1,228884.2
N2,N2-119,4,False,X001A#1;X244;X300;X355,Aqueduct Walk (1/5); Grand Playground; Davidson Playground; Leave it Better Kids' Garden,X,2.397,Playground,3,0.492,407.8,249.4,3,0.5,31.9,0.5,0.5,1.0078,0.0,2776.5,3098.3,0.21,0,163775.4,206592.3,139956.9
N2,N2-120,4,False,X005;X035;X040;X044,Bryan Park; Muller Triangle; Poe Park; St. James Park,X,14.081,Triangle/Plaza,3,0.452,404.8,262.6,4,0.667,50.3,0.5,0.75,1.072,0.0,5973.8,6051.2,0.021,0,247608.5,253859.4,209257.1
N2,N2-121,4,False,X008;X057;X271;X321,Claremont Park; Michel Triangle; Grant Park; Claremont Neighborhood Garden,X,43.591,Community Park,4,0.677,609.0,302.7,3,0.5,21.2,0.5,0.5,1.0555,0.0,6652.7,8036.4,0.282,0,302891.3,363713.0,248188.0
N2,N2-122,4,False,X042;X174;X280;X302,Rose Hill Park; Webster Playground; Washington Park; Thorpe Family Playground,X,2.281,Playground,2,0.808,749.0,372.9,3,0.5,59.8,0.25,0.5,1.0609,0.0,4003.4,4040.2,0.019,0,196180.2,198638.8,159439.6
N2,N2-123,4,False,X068;X069;X071;X108,D'Auria-Murphy Triangle; Hutton Triangle; Whalen Grove; Belmont Playground,X,2.609,Triangle/Plaza,2,0.382,394.1,239.7,3,0.5,61.4,0.0,0.0,1.054,0.0,3132.6,3340.8,0.122,0,152007.7,169872.3,135182.7
N2,N2-124,4,False,X110#2;X110#4;X110#7;X110D,Henry Hudson Parkway (2/8); Henry Hudson Parkway (4/8); Henry Hudson Parkway (7/8); Bell Tower Park,X,4.348,Parkway,2,0.569,560.7,138.0,2,0.333,23.5,0.0,0.5,1.0007,0.0,5588.5,5946.0,0.101,0,317766.2,352816.1,256944.6
N2,N2-125,4,False,X134;X147A;X147B;X305,Freeman Triangle; Starlight Park; Daniel Boone Playground; Concrete Plant Park,X,24.723,Neighborhood Park,3,0.831,446.7,229.8,2,0.333,128.3,0.0,0.5,0.7313,0.0,4648.7,4760.9,0.03,0,420828.4,435808.2,183707.8
N2,N2-126,4,False,X139;X182;X277;X277A,Gouverneur Morris Triangle; Millbrook Playground; St. Luke's Park; United We Stand Garden,X,1.845,Garden,3,0.32,359.0,281.2,3,0.5,62.5,0.0,0.5,1.0779,0.0,2205.6,2205.6,0.0,0,119955.1,131564.6,109097.0
N2,N2-127,4,False,X194;X216;X233;X233A,Captain Rivera Playground; Abigail Playground; Fountain Of Youth Playground; El Flamboyan Garden,X,3.376,Playground,3,0.487,581.4,344.9,3,0.5,12.4,0.0,0.0,1.0187,0.0,2815.2,2897.2,0.075,0,165346.7,172814.5,132023.0
N2,N2-128,3,False,B001;B529;B553,American Playground; Bushwick Inlet Park; 61 Franklin Street Garden,B,36.623,Garden,3,0.527,346.5,243.1,3,1.0,25.3,1.0,1.0,1.1021,0.0,3429.9,3429.9,0.0,0,277315.9,281692.2,161418.6
N2,N2-129,3,False,B012;B029#6;B608,Brower Park; Eastern Parkway (6/10); St. Mark's Playground,B,9.739,Neighborhood Park,3,0.63,671.5,365.4,2,0.667,219.5,0.667,0.667,0.7109,0.111,3701.5,4039.4,0.224,0,238125.7,276500.3,175081.0
N2,N2-130,3,False,B017;B049;B481,Bushwick Playground; Irving Square Park; Madison Square Garden Association,B,5.851,Garden,3,0.468,494.2,355.2,2,0.667,1.4,0.0,0.333,1.0278,0.0,2895.7,2895.7,0.0,0,180929.0,180929.2,134183.3
N2,N2-131,3,False,B029#7;B044;B459,Eastern Parkway (7/10); Dr. Ronald McNair Park; Eastern Parkway Coalition,B,4.439,Garden,3,0.619,286.7,143.6,3,1.0,0.8,0.0,0.333,1.0236,0.0,2452.3,3575.2,0.525,0,130164.2,189365.3,99214.3
N2,N2-132,3,False,B037;B334;B395,Freedom Triangle; Fermi Playground; Green Central Knoll,B,3.797,Jointly Operated Playground,3,0.526,647.0,465.1,1,0.333,147.8,1.0,1.0,1.1782,0.037,3235.6,3238.0,0.002,0,177133.6,178937.4,146070.7
N2,N2-133,3,False,B050;B223DA;B326,Van Voorhees Playground; Adam Yauch Park; Cobble Hill Park,B,5.977,Playground,2,0.494,531.7,257.1,1,0.333,17.9,0.0,0.333,0.8947,0.0,2908.5,3213.5,0.205,0,173588.6,191908.6,140279.1
N2,N2-134,3,False,B068;B070;B255N,Parade Ground; Machate Circle; Park,B,40.268,Triangle/Plaza,2,0.432,153.6,131.4,2,0.667,104.2,0.0,0.667,0.9799,0.0,4612.1,4644.5,0.019,0,178363.8,189893.4,183537.5
N2,N2-135,3,False,B080;B169A;B337,Asser Levy Park; Brighton Playground; Century Playground,B,24.533,Community Park,3,0.79,459.3,243.2,2,0.667,27.4,0.333,0.667,0.9554,0.111,4505.7,4505.7,0.0,0,207367.0,216884.9,166733.1
N2,N2-136,3,False,B082#8;B192;B192A,Shore Park and Parkway (8/10); Russell Pedersen Playground; Fort Hamilton Athletic Field,B,16.872,Community Park,3,0.523,275.5,153.1,2,0.667,0.6,0.333,0.667,1.037,0.0,2581.6,2801.2,0.212,0,223965.5,260813.8,126699.2
N2,N2-137,3,False,B087;B210I;B210J,Sunset Park; Gonzalo Plasencia Playground; Pena Herrera Playground,B,25.337,Jointly Operated Playground,2,0.722,510.7,389.7,2,0.667,8.7,0.0,0.333,1.1471,0.0,5615.6,5615.6,0.0,0,281136.9,281136.9,236472.1
N2,N2-138,3,False,B141;B455;B471,City Line Park; Crystal Wells Block Association; Green Gems,B,6.931,Garden,2,0.296,248.3,184.2,3,1.0,1.1,0.0,0.333,0.9481,0.0,3347.1,3347.1,0.0,0,195350.0,195352.2,127568.4
N2,N2-139,3,False,B153;B501;B505,South Pacific Playground; St Mark's Block Association; Sterling Community Group,B,2.646,Garden,2,0.514,503.7,251.9,1,0.333,90.3,0.667,0.667,1.0751,0.0,2363.8,2425.9,0.043,0,139659.5,156664.8,130337.6
N2,N2-140,3,False,B190;B330;B353,Barone Triangle; Hickman Playground; Bergen Beach Playground,B,3.793,Jointly Operated Playground,2,0.491,377.2,308.9,2,0.667,17.7,0.667,0.667,1.1278,0.0,2947.8,2947.8,0.0,0,183841.0,183841.0,132954.3
N2,N2-141,3,False,B216;B546;B572,Raymond Bush Playground; The Feeding Tree; Hattie Carthan Herban Farm,B,2.194,Garden,2,0.547,653.5,535.3,1,0.333,91.5,0.667,0.667,1.1299,0.0,1909.7,2100.9,0.246,0,127189.0,147538.1,89421.8
N2,N2-142,3,False,B221;B223NA;B223NC,Steuben Playground; Classon Playground; Penn Triangle,B,4.403,Playground,2,0.439,406.0,93.0,2,0.667,27.6,0.333,1.0,0.9859,0.0,2924.1,3257.7,0.244,0,138766.0,151682.3,111107.2
N2,N2-143,3,False,B266;B293;B317,Star Spangled Playground; Classon Playground; Lafayette Gardens Playground,B,3.911,Jointly Operated Playground,2,0.344,405.9,177.8,2,0.667,1.3,0.0,1.0,1.1132,0.0,1977.2,1984.3,0.007,0,174753.9,178024.1,104706.1
N2,N2-144,3,False,B310;B340;B555,Bushwick Playground; Garden Playground; Beaver Noll Park,B,2.71,Community Park,3,0.357,298.4,191.6,2,0.667,5.7,0.333,1.0,0.9574,0.0,1953.2,1953.2,0.0,0,136334.0,136334.3,96805.5
N2,N2-145,3,False,B383;B415;B527,Success Garden; Georgia Ave Garden; Hands and Heart Garden,B,1.605,Garden,2,0.511,496.5,345.8,2,0.667,3.6,0.667,0.667,1.1316,0.0,2452.7,2455.2,0.003,0,126049.1,127057.4,114310.3
N2,N2-146,3,False,B477;B514;B558,Jerome Gardens; Nehemiah Ten Garden; Linwood Street Garden (Pagan's Garden),B,0.398,Garden,1,0.435,531.3,316.3,2,0.667,1.1,0.667,0.667,1.1515,0.0,1865.8,2021.2,0.153,0,111364.6,126622.1,91396.3
N2,N2-147,3,False,M003;M190;M223,Annunciation Playground; Sheltering Arms Playground; Jacob H. Schiff Playground,M,6.575,Community Park,3,0.677,566.9,388.2,3,1.0,3.5,1.0,1.0,1.0282,0.0,2778.1,2924.0,0.089,0,185225.1,199232.3,149469.5
N2,N2-148,3,False,M008;M032;M036,Bryant Park; Greeley Square Park; Herald Square,M,9.969,Triangle/Plaza,2,0.695,569.2,393.3,3,1.0,8.5,0.333,1.0,0.8045,0.0,3830.6,3830.6,0.0,0,197407.0,197407.4,188477.6
N2,N2-149,3,False,M034;M077;M394,Hancock Park; St. Nicholas Park; St. Nicholas Miracle Garden,M,22.801,Garden,3,0.919,370.8,257.9,3,1.0,43.3,0.0,0.667,1.1463,0.0,5522.2,6257.1,0.207,0,291598.0,326881.0,254507.0
N2,N2-150,3,False,M039#3;X023;X145,Harlem River Park (3/15); Graham Triangle; La Finca del Sur Community Garden,M/X,4.401,Garden,3,0.654,595.5,281.2,2,0.667,57.0,0.333,1.0,1.2175,0.0,2752.4,2752.4,0.0,0,226227.8,256917.8,91350.8
N2,N2-151,3,False,M060C#8;M236;M327,Park Avenue Malls (8/8); Samuel Seabury Playground; Maggie's Magic Garden,M,1.616,Garden,3,0.413,369.6,305.9,2,0.667,31.6,0.0,0.0,1.0273,0.0,3613.2,3956.3,0.231,0,172509.7,196983.8,159344.4
N2,N2-152,3,False,M061;M092A;M092B,Plaza Lafayette; Haven Avenue; Park,M,3.097,Parkway,3,0.631,338.8,161.8,2,0.667,44.9,0.0,0.0,0.8188,0.0,1660.4,1792.5,0.074,0,160937.9,174624.4,100173.9
N2,N2-153,3,False,M072#2;M095#2;M095#4,Riverside Park (2/4); Broadway Malls (2/5); Broadway Malls (4/5),M,4.193,Mall,2,0.279,185.9,126.6,2,0.667,0.1,0.0,0.667,1.0942,0.0,4582.4,5250.1,0.393,0,179946.5,241978.7,202859.5
N2,N2-154,3,False,M073;M348;M398,Roger Morris Park; Morris-Jumel Ecological Education Garden; Dorothy K. McGowan Memorial Garden,M,1.702,Garden,2,0.333,515.4,432.1,1,0.333,135.0,0.0,0.0,1.0643,0.0,1612.1,1632.0,0.026,0,103003.8,106609.1,62042.8
N2,N2-155,3,False,M085;M238;M368,Straus Park; Bloomingdale Playground; West 111th St. People's Garden,M,0.912,Garden,3,0.561,527.3,502.6,1,0.333,74.1,0.667,1.0,1.0313,0.0,1596.8,2439.7,0.502,0,105925.6,135044.7,87318.7
N2,N2-156,3,False,M087;M094A;M320,Sakura Park; Broadway Malls; Old Croton Aqueduct Gatehouse,M,3.534,Garden,3,0.556,599.9,331.8,1,0.333,93.1,0.333,0.667,0.9567,0.0,5818.0,6419.0,0.144,0,290958.2,309749.7,256375.2
N2,N2-157,3,False,M093;M277;M288,Father Duffy Square; Hell's Kitchen Park; Ramon Aponte Park,M,0.863,Neighborhood Park,3,0.777,651.3,375.8,3,1.0,2.7,0.667,0.667,1.0273,0.0,2096.9,2223.0,0.167,0,113666.3,131825.1,100729.5
N2,N2-158,3,False,M094#4;M097;M219,Broadway Malls (4/11); Verdi Square; Tecumseh Playground,M,1.451,Jointly Operated Playground,3,0.472,323.0,137.5,2,0.667,7.0,0.667,0.667,1.0201,0.0,3023.6,3912.6,0.471,0,143531.2,182449.6,130471.6
N2,N2-159,3,False,M094#8;M264;M301,Broadway Malls (8/11); Playground Eighty Nine LXXXIX; St. Gregory's Playground,M,1.154,Jointly Operated Playground,3,0.327,276.7,221.7,2,0.667,4.1,0.0,0.0,0.9073,0.0,2415.5,3250.3,0.417,0,138944.4,171419.2,116832.9
N2,N2-160,3,False,M108A;M108B;M108J,Louis Cuvillier Park; Park; Park,M,5.061,Neighborhood Park,3,0.46,415.8,196.0,3,1.0,46.3,0.333,0.333,0.8677,0.0,1018.5,1299.7,0.499,0,79282.9,153013.0,66553.0
N2,N2-161,3,False,M108Q1;M108R;M108T#5,Andrew Haswell Green Park; Sutton Place Park; East River Walk (5/6),M,3.087,Neighborhood Park,2,0.528,200.0,200.0,2,0.667,41.8,0.0,0.0,0.1842,0.0,0.0,697.5,1.0,1,88151.1,190323.9,0.0
N2,N2-162,3,False,M111;M346;M392,James Weldon Johnson Playground; Life Spire Garden; El Gallo Garden,M,1.149,Garden,2,0.665,648.8,354.6,3,1.0,7.2,0.333,0.333,0.9046,0.0,1416.8,1949.6,0.463,0,91777.2,136727.2,79047.4
N2,N2-163,3,False,M214;M230;M338,Blake Hobbs Playground; Poor Richard's Playground; Neighbors Of Vega Baja,M,2.678,Garden,3,0.521,529.8,321.4,2,0.667,10.9,0.333,0.667,1.0733,0.0,2221.9,2294.3,0.053,0,159633.2,172370.7,130430.7
N2,N2-164,3,False,M259;M314;M371,McKinley Playground; Miracle Garden; Hope Garden,M,0.723,Garden,2,0.277,303.3,300.3,1,0.333,179.6,0.0,0.0,1.0774,0.0,1089.6,1475.8,0.362,0,89734.4,107401.4,66554.9
N2,N2-165,3,False,M283#2;M308;M366,Battery Park City (2/4); Washington Market Park; Tribeca Dog Run,M,10.098,Community Park,3,0.443,190.6,114.7,2,0.667,13.7,0.0,0.0,0.8236,0.0,3136.3,3401.2,0.176,0,244359.3,268617.6,136137.3
N2,N2-166,3,False,Q019;Q360T;Q492,Garlinge Triangle; Sitting Area; Elmhurst Park,Q,6.142,Triangle/Plaza,2,0.509,399.6,292.3,2,0.667,9.0,1.0,1.0,1.0025,0.0,2083.1,2131.9,0.046,0,164424.2,166698.4,121978.1
N2,N2-167,3,False,Q027#4;Q027#6;Q307,Laurelton Parkway (4/8); Laurelton Parkway (6/8); Delphin H. Greene Playground,Q,13.64,Parkway,2,0.421,302.1,104.4,2,0.667,2.2,0.0,0.333,1.0293,0.0,3970.7,4301.0,0.196,0,252152.6,270132.5,163307.0
N2,N2-168,3,False,Q028;Q050;Q259,Beach Channel Park; Rockaway Beach; Memorial Circle,Q,186.45,Waterfront Facility,2,0.974,492.6,330.9,3,1.0,7.4,0.333,0.333,0.759,0.0,3969.1,4940.6,0.308,0,441030.1,497913.9,225734.9
N2,N2-169,3,False,Q035#6;Q439;Q495,Mall Thirty Four XXXIV (6/7); Private William Gray Playground; 97th Street Block Association,Q,0.239,Garden,3,0.307,317.8,300.9,2,0.667,2.0,0.333,0.333,1.1751,0.0,1921.3,2573.0,0.668,0,109174.2,140741.5,83194.9
N2,N2-170,3,False,Q035#7;Q303;Q502,Mall Thirty Four XXXIV (7/7); Travers Park; Rory Staunton Field,Q,2.681,Mall,3,0.168,73.9,29.1,2,0.667,0.6,0.333,0.667,1.1204,0.0,2743.6,2928.2,0.179,0,135604.6,149674.1,140433.8
N2,N2-171,3,False,Q041;Q152;Q357A,Newtown Playground; Horsebrook Island; Park,Q,0.782,Neighborhood Park,3,0.45,461.8,272.2,2,0.667,12.6,0.0,0.0,0.9772,0.0,2312.9,2422.6,0.153,0,147020.0,161333.7,128756.5
N2,N2-172,3,False,Q043;Q051;Q447,Proctor-Hopson Circle; Archie Spigner Park; Brinkerhoff Mall,Q,11.509,Triangle/Plaza,2,0.823,629.4,343.3,3,1.0,29.9,0.0,0.667,0.9856,0.0,5245.2,5288.1,0.013,0,231908.3,239257.0,185481.1
N2,N2-173,3,False,Q096A;Q096B;Q096E,Locust Grove Civic Triangle; Southern Fields; Lefferts Playground,Q,8.841,Playground,3,0.417,209.5,82.6,2,0.667,6.2,0.0,0.667,0.9841,0.0,2509.5,2509.5,0.0,0,184961.9,184962.4,107966.5
N2,N2-174,3,False,Q162H;Q162H01;Q162I,Beach 30th Street Playground; Park; Rockaway Beach and Boardwalk,Q,12.194,Nature Area,3,0.936,300.8,182.6,3,1.0,5.4,0.333,0.333,0.7646,0.0,1426.9,1526.0,0.065,0,144519.1,150019.3,88901.3
N2,N2-175,3,False,Q219#1;Q219#15;Q499,Rockaway Freeway (1/16); Rockaway Freeway (15/16); Bay Breeze Park,Q,5.483,Parkway,2,0.396,260.8,208.9,2,0.667,27.8,0.0,0.0,0.9834,0.111,3275.0,3544.8,0.217,0,178473.5,200350.1,128877.4
N2,N2-176,3,False,Q226;Q321;Q477,Hallets Cove Playground; Van Alst Playground; Two Coves Community Garden,Q,7.651,Garden,3,0.827,410.8,293.5,2,0.667,9.1,0.667,0.667,0.8917,0.0,2715.4,2715.4,0.0,0,271880.5,273154.0,143788.7
N2,N2-177,3,False,Q341D;Q341E;Q341F,Spargo Park; Crosson Green; Crosson Park,Q,0.519,Triangle/Plaza,2,0.21,239.7,185.9,3,1.0,33.0,0.333,0.333,0.9982,0.0,1132.1,1193.8,0.257,0,81186.0,97629.0,51804.5
N2,N2-178,3,False,Q357B;Q357B01;Q377,Real Good Playground; Barrier Playground; Playground Sixty Two LXII,Q,4.118,Jointly Operated Playground,3,0.377,203.0,44.5,2,0.667,1.2,0.0,0.333,1.0084,0.0,2376.4,2376.4,0.0,0,155632.3,155634.2,100458.5
N2,N2-179,3,False,Q366;Q393A;Q393C,Louis C. Moser Playground; LaGuardia Landing Lights; LaGuardia Landing Lights,Q,4.725,Recreational Field/Courts,2,0.261,194.7,115.5,2,0.667,3.3,0.0,1.0,1.0882,0.0,2271.6,2473.9,0.255,0,141662.8,156657.9,112769.3
N2,N2-180,3,False,R050;R127;R141,Forest Grove; Joseph Manna Park; Graniteville Swamp Park,R,10.418,Nature Area,2,0.326,232.2,174.7,2,0.667,6.8,1.0,1.0,0.9722,0.0,1959.0,1959.0,0.0,0,190723.9,190726.2,115693.7
N2,N2-181,3,False,X001B;X038;X079,Barnhill Square; Washington's Walk; Major General John R Brown Triangle,X,4.983,Triangle/Plaza,2,0.654,592.0,380.4,3,1.0,63.7,0.0,0.333,0.9852,0.0,3738.8,3967.0,0.143,0,235506.1,248090.5,203803.9
N2,N2-182,3,False,X006;X291;X292,Bergen Triangle; Walton Park; Mabel Hampton Playground,X,0.98,Playground,2,0.333,277.1,158.5,3,1.0,5.7,1.0,1.0,1.1485,0.0,2356.1,2387.8,0.027,0,122380.1,126533.1,96763.3
N2,N2-183,3,False,X016;X101A;X256,Owen F. Dolen Park; Samuel H. Young Park; Pelham Bay Little League,X,3.928,Recreational Field/Courts,2,0.362,265.6,232.1,2,0.667,21.5,1.0,1.0,1.0123,0.0,3063.1,3063.1,0.0,0,125331.9,125332.7,111343.4
N2,N2-184,3,False,X017;X037;X148F5,Richman (Echo) Park; O'Brien Oval; Park,X,4.654,Neighborhood Park,3,0.505,364.4,317.9,2,0.667,23.4,0.333,0.667,0.8263,0.0,3030.8,3173.6,0.053,0,126825.7,144847.8,121479.5
N2,N2-185,3,False,X028;X047;X348,Joyce Kilmer Park; Franz Sigel Park; River Avenue Parks,X,22.23,Community Park,2,0.661,392.2,211.6,2,0.667,35.3,0.333,0.333,1.0492,0.0,6096.4,6384.7,0.103,0,286365.2,294671.2,206949.0
N2,N2-186,3,False,X036;X252;X263,Murphy Triangle; Bathgate Playground; Quarry Ballfields,X,7.097,Neighborhood Park,3,0.405,194.1,93.1,3,1.0,6.6,0.0,0.0,1.0567,0.0,3396.4,3577.6,0.103,0,167594.4,181882.4,145974.5
N2,N2-187,3,False,X043;X155;X200,Ryan Triangle; Patterson Playground; Clark Playground,X,3.294,Jointly Operated Playground,2,0.298,289.5,132.7,2,0.667,29.3,0.0,0.667,1.054,0.037,2221.9,2221.9,0.0,0,153883.3,153883.9,113785.3
N2,N2-188,3,False,X056;X078;X086,Park; Franklin Triangle; Charlton-Thompson Garden,X,0.519,Triangle/Plaza,2,0.268,294.9,190.7,2,0.667,7.2,0.0,0.0,0.7612,0.0,1360.4,1457.4,0.137,0,91086.2,103181.9,72161.6
N2,N2-189,3,False,X067;X168;X328,Martin Luther King Triangle; Nelson Playground; Las Casitas Community Garden,X,1.56,Garden,3,0.488,464.3,344.2,3,1.0,18.6,0.0,0.0,1.0428,0.0,1998.3,2015.7,0.047,0,118849.0,126747.3,92219.4
N2,N2-190,3,False,X070;X150E;X175,Heath Triangle; Fordham Landing Playground; Riverbend Playground,X,5.25,Jointly Operated Playground,3,0.801,543.7,338.9,3,1.0,4.4,0.0,0.0,0.8896,0.0,1692.5,1754.9,0.072,0,246678.0,255520.4,101973.4
N2,N2-191,3,False,X080;X090;X110#5,Henry Hudson Park; Spuyten Duyvil Shorefront Park; Henry Hudson Parkway (5/8),X,16.197,Nature Area,3,0.358,313.8,97.4,2,0.667,110.8,0.0,0.0,0.8286,0.0,4365.4,4841.6,0.381,0,309184.1,351941.7,209006.5
N2,N2-192,3,False,X084;X095;X169,D'Onofrio Square; Marcus Garvey Square; Agnes Haywood Playground,X,2.897,Triangle/Plaza,2,0.431,447.2,208.5,2,0.667,8.2,0.333,0.333,1.015,0.0,3564.0,3564.0,0.0,0,191081.2,191081.3,158440.9
N2,N2-193,3,False,X119;X217;X246,Alexander's Alley; Willis Playground; Brook Park,X,2.754,Garden,3,0.449,307.2,239.8,2,0.667,2.6,0.0,0.0,0.9887,0.0,1490.1,1892.5,0.301,0,106221.6,132764.0,79236.4
N2,N2-194,3,False,X148M1;X195F;X239,Havemeyer Playground; Park; Castle Hill Little League Field,X,2.698,Playground,3,0.434,424.0,326.6,2,0.667,24.9,0.0,0.0,1.0838,0.0,2600.0,2600.0,0.0,0,269337.8,272982.1,131899.9
N2,N2-195,3,False,X159;X267;X273,Captain William Harry Thompson Playground; Eae J Mitchell Park; Rock Garden Park,X,2.157,Neighborhood Park,1,0.626,585.1,535.5,2,0.667,10.7,0.0,0.0,0.955,0.0,1587.6,1764.2,0.225,0,125142.7,142674.6,73598.3
N2,N2-196,3,False,X171;X186;X259,Spuyten Duyvil Playground; Riverdale Playground; Raoul Wallenberg Forest,X,9.015,Jointly Operated Playground,2,0.249,107.5,0.0,1,0.333,0.0,0.0,0.0,0.9012,0.0,1456.5,1755.9,0.452,0,85463.6,101413.4,71221.1
N2,N2-197,3,False,X257;X324;X331,Mount Hope Playground; 176th Street Community Garden; Townsend Garden,X,1.096,Garden,2,0.391,341.6,181.6,3,1.0,1.2,0.0,0.333,1.1464,0.0,1951.8,2001.9,0.045,0,127241.7,131922.8,100857.4
N2,N2-198,2,False,B023;B269,Lafayette Playground; Jesse Owens Playground,B,2.857,Jointly Operated Playground,2,0.241,231.6,231.6,1,1.0,0.3,0.0,1.0,1.0935,0.0,672.6,672.6,0.0,0,117463.0,117463.7,38852.9
N2,N2-199,2,False,B029#2;B054,Eastern Parkway (2/10); Lincoln Terrace / Arthur S. Somers Park,B,22.376,Community Park,2,0.522,322.8,322.8,1,1.0,0.5,0.0,1.0,0.9429,0.0,4015.4,5578.4,0.424,0,201689.8,279776.9,175525.0
N2,N2-200,2,False,B038;B294,Fulton Park; Jackie Robinson Park Playground,B,3.784,Jointly Operated Playground,2,0.378,242.7,242.7,1,1.0,0.8,0.5,1.0,1.042,0.0,2507.5,2693.9,0.249,0,133215.2,159730.3,116738.9
N2,N2-201,2,False,B043;B595,Greenpoint Playground; Greenpoint Landing,B,1.979,Neighborhood Park,2,0.154,96.2,96.2,1,1.0,20.7,0.5,0.5,0.8899,0.0,1048.3,1158.4,0.401,0,94490.9,128956.5,55869.4
N2,N2-202,2,False,B045;B429,Heisser Triangle; Hope Ballfield,B,1.393,Neighborhood Park,2,0.149,79.1,79.1,1,1.0,0.7,0.5,0.5,1.1389,0.0,1811.5,1811.5,0.0,0,84157.4,85131.2,78126.8
N2,N2-203,2,False,B051;B157,Kelly Park Playground; Kelly Park Playground,B,4.942,Jointly Operated Playground,2,0.09,36.4,36.4,1,1.0,0.1,0.0,1.0,1.0886,0.0,1309.4,1309.4,0.0,0,97860.2,97860.8,71812.1
N2,N2-204,2,False,B089;B161,Lowry Triangle; James Forten Playground,B,0.736,Playground,2,0.454,370.5,370.5,1,1.0,4.9,0.0,0.0,1.0311,0.0,1813.8,1813.8,0.0,0,94656.4,94656.4,91360.9
N2,N2-205,2,False,B102;B537,Crispus Attucks Playground; Park,B,0.943,Playground,2,0.248,186.1,186.1,1,1.0,0.5,0.0,1.0,1.164,0.0,1399.4,1491.3,0.181,0,83233.9,93909.0,70361.5
N2,N2-206,2,False,B103;B461,Cypress Hills Playground; Euclid Garden,B,5.107,Garden,2,0.36,248.9,248.9,1,1.0,20.8,0.0,1.0,1.104,0.0,1528.6,1528.6,0.0,0,132153.2,132153.2,74278.7
N2,N2-207,2,False,B106A;B242,Police Officer John G. Scarangella Park; Meucci Triangle,B,3.318,Neighborhood Park,2,0.148,42.1,42.1,1,1.0,0.4,1.0,1.0,1.1587,0.0,1962.9,2149.4,0.375,0,81668.6,97275.0,78841.3
N2,N2-208,2,False,B107;B564,Lion's Pride Playground; Positive Seeds of Life Garden,B,1.004,Garden,2,0.164,82.8,82.8,1,1.0,0.3,0.0,0.0,1.069,0.0,1156.5,1156.5,0.035,0,81345.3,86804.0,57074.6
N2,N2-209,2,False,B110;B438,Marion Hopkinson Playground; 700 Decatur St Block Association,B,1.506,Garden,2,0.248,156.7,156.7,1,1.0,2.3,1.0,1.0,1.0924,0.0,1687.7,1687.7,0.0,0,111825.8,111826.3,85733.8
N2,N2-210,2,False,B124;B401,William Sheridan Playground; Grand Ferry Park,B,2.86,Jointly Operated Playground,2,0.344,186.5,186.5,1,1.0,2.2,0.0,0.5,0.8633,0.0,1609.1,1628.8,0.024,0,125642.7,127894.1,72921.8
N2,N2-211,2,False,B146;B210O,Quaker Parrot Park at the Dust Bowl; Park,B,1.69,Recreational Field/Courts,2,0.236,174.3,174.3,1,1.0,6.8,0.5,0.5,1.1478,0.0,965.5,1723.9,0.61,0,61628.0,92898.0,48763.8
N2,N2-212,2,False,B149A;B460,Elton Playground; Elton St Block Association,B,0.723,Garden,2,0.325,360.2,360.2,1,1.0,19.8,0.0,0.0,1.1055,0.0,961.1,973.6,0.028,0,61550.8,94353.2,45846.2
N2,N2-213,2,False,B165;B541,Spring Creek Park; Berriman Playground,B,55.908,Nature Area,2,0.888,347.1,347.1,1,1.0,3.3,0.5,1.0,0.9178,0.0,4257.3,4584.3,0.142,0,254610.6,287634.1,184789.5
N2,N2-214,2,False,B173;B207,Fraser Square; Sarsfield Playground,B,1.12,Playground,2,0.308,233.8,233.8,1,1.0,11.9,0.0,1.0,1.0618,0.0,3310.1,3310.1,0.0,0,108056.5,108056.5,109950.2
N2,N2-215,2,False,B175;B231,Dahill Triangle; Samuel Goldberg Triangle,B,0.08,Triangle/Plaza,1,0.272,251.8,251.8,1,1.0,2.7,1.0,1.0,1.1058,0.0,1536.8,1536.8,0.0,0,72802.7,72802.7,64611.1
N2,N2-216,2,False,B202;B386,Lithuania Square; Ten Eyck Plaza,B,0.498,Playground,2,0.141,117.3,117.3,1,1.0,0.0,0.5,0.5,1.0729,0.0,1241.3,1388.7,0.238,0,61945.9,73783.7,57703.2
N2,N2-217,2,False,B208;B273,Pfc Norton Playground; Aimee Triangle,B,0.671,Playground,2,0.195,114.6,114.6,1,1.0,0.9,0.5,1.0,1.2033,0.0,987.5,987.5,0.0,0,85288.2,85288.5,46087.3
N2,N2-218,2,False,B210Q;B338,Park; Tom McDonald Triangle,B,0.037,Strip,2,0.189,106.2,106.2,1,1.0,62.1,0.0,1.0,1.0541,0.0,1118.5,1301.7,0.413,0,56907.8,77663.5,50389.3
N2,N2-219,2,False,B210S;B210T,Park; Park,B,0.01,Strip,1,0.091,87.1,87.1,1,1.0,2.4,1.0,1.0,1.21,0.0,801.1,801.1,0.0,0,54898.8,67252.8,49657.8
N2,N2-220,2,False,B214;B345,Linden Park; Ethan Allen Playground,B,9.913,Jointly Operated Playground,1,0.309,198.2,198.2,1,1.0,0.7,0.0,0.5,1.1134,0.0,2583.0,2583.0,0.0,0,167784.8,167784.8,115595.7
N2,N2-221,2,False,B218;B375,Paerdegat Park; Chiarantano Playground,B,3.785,Community Park,2,0.422,317.3,317.3,1,1.0,0.8,0.0,0.0,1.1015,0.0,2379.5,2379.5,0.0,0,133856.4,133856.4,109126.9
N2,N2-222,2,False,B223R;B605,Jaime Campiz Playground; Ascenzi Square,B,0.805,Playground,2,0.242,216.6,216.6,1,1.0,26.6,0.0,0.0,1.1248,0.0,1610.4,1743.2,0.163,0,91461.2,100823.6,73689.5
N2,N2-223,2,False,B225;B567,St. Andrew's Playground; Her-King Alagantic Block Association Garden,B,3.531,Garden,2,0.229,137.3,137.3,1,1.0,0.1,0.5,0.5,1.1273,0.0,1722.8,1722.8,0.0,0,111582.8,111582.8,64178.6
N2,N2-224,2,False,B259;B301,Underwood Park; Greene Playground,B,2.163,Jointly Operated Playground,2,0.252,156.5,156.5,1,1.0,0.1,0.0,0.5,1.1154,0.0,1863.3,1863.3,0.0,0,113929.8,113930.4,89897.0
N2,N2-225,2,False,B285;B376,Harry Maze Playground; Fidler-Wyckoff House Park,B,3.558,Historic House Park,2,0.237,193.0,193.0,1,1.0,25.3,0.5,1.0,1.09,0.278,2196.4,2196.4,0.0,0,131166.4,131166.5,103659.8
N2,N2-226,2,False,B306;B308,Playground 286; Yak Playground,B,1.322,Jointly Operated Playground,1,0.253,81.2,81.2,1,1.0,0.1,0.5,1.0,0.9374,0.0,1325.8,1328.3,0.007,0,112796.7,113884.5,82298.0
N2,N2-227,2,False,B309;B312,Pink Playground; Woodruff Playground,B,1.533,Jointly Operated Playground,2,0.336,228.4,228.4,1,1.0,0.5,0.0,0.0,1.055,0.0,1350.4,1350.4,0.0,0,111215.9,111215.9,76059.8
N2,N2-228,2,False,B347;B525,Carver Playground; Sumpter Community Garden,B,1.022,Garden,2,0.253,231.3,231.3,1,1.0,0.1,0.0,0.0,1.0017,0.0,996.1,1108.3,0.189,0,86959.4,95391.7,56984.1
N2,N2-229,2,False,B359;B398,Eleanor Roosevelt Playground; Kosciuszko Street Garden,B,1.348,Garden,2,0.325,276.6,276.6,1,1.0,2.1,0.0,0.5,1.117,0.0,1227.7,1227.7,0.0,0,103225.2,103712.5,65110.6
N2,N2-230,2,False,B371;B548,Spring Creek Park; Park,B,43.86,Community Park,2,1.006,156.0,156.0,1,1.0,1.7,1.0,1.0,1.0024,0.0,5975.1,6181.5,0.066,0,451281.8,460881.8,236715.5
N2,N2-231,2,False,B402;Q083#2,George Walker Jr. Park; Jackie Robinson Parkway (2/17),B/Q,5.537,Neighborhood Park,2,0.221,163.7,163.7,1,1.0,2.2,0.5,0.5,0.9794,0.0,3511.8,3710.1,0.084,0,178928.8,197201.9,142217.2
N2,N2-232,2,False,B482;B503,Madison Street Block Association; Stars Of Hope,B,0.118,Garden,1,0.421,248.9,248.9,1,1.0,1.2,0.0,0.5,1.0912,0.0,1018.2,1018.2,0.0,0,74144.4,77629.0,54729.2
N2,N2-233,2,False,B507;B532,A Better Community Garden; F.A.R.R. Community Garden,B,0.242,Garden,1,0.126,87.8,87.8,1,1.0,2.6,0.0,0.0,0.9295,0.0,590.2,889.2,0.621,0,43791.6,70306.1,34783.6
N2,N2-234,2,False,M022;M393,De Witt Clinton Park; Oasis Garden,M,5.911,Garden,2,0.334,138.6,138.6,1,1.0,2.7,0.0,0.5,1.0307,0.0,2214.9,2214.9,0.0,0,133301.7,133301.7,92479.7
N2,N2-235,2,False,M026;M043,Dyckman House Museum; Isham Park,M,20.499,Community Park,2,0.411,290.4,290.4,1,1.0,14.9,0.0,0.0,0.9177,0.0,3492.3,3492.3,0.0,0,181465.1,181465.1,168827.7
N2,N2-236,2,False,M048;M094#11,Joan Of Arc Park; Broadway Malls (11/11),M,2.148,Mall,2,0.383,264.8,264.8,1,1.0,0.1,0.0,0.0,1.0256,0.0,3337.1,3865.4,0.357,0,133320.0,163514.0,138497.1
N2,N2-237,2,False,M064;M171,Lillian D Wald Playground; Cherry Clinton Playground,M,1.138,Playground,2,0.18,102.1,102.1,1,1.0,6.2,0.0,0.0,0.9211,0.0,1404.3,1517.3,0.221,0,80255.6,93922.8,70054.9
N2,N2-238,2,False,M072#3;M095#5,Riverside Park (3/4); Broadway Malls (5/5),M,3.696,Mall,2,0.203,137.8,137.8,1,1.0,2.0,0.0,0.5,1.0912,0.0,2186.6,3680.5,0.661,0,111250.5,185179.5,87833.3
N2,N2-239,2,False,M108N;M256,Peter Detmold Park; MacArthur Playground,M,0.9,Neighborhood Park,2,0.134,45.8,45.8,1,1.0,47.8,0.0,0.0,0.75,0.333,448.3,448.3,0.0,0,86365.4,92108.7,33120.9
N2,N2-240,2,False,M167;M386,Peck Slip; Imagination Playground,M,0.557,Playground,2,0.275,242.4,242.4,1,1.0,9.9,0.0,0.0,0.8982,0.0,1699.3,1777.0,0.09,0,84496.4,94708.9,72283.0
N2,N2-241,2,False,M170;M413,Petrosino Square; Rapkin-Gayle Plaza,M,0.358,Neighborhood Park,2,0.211,129.1,129.1,1,1.0,10.4,0.0,0.5,0.8919,0.0,1531.9,1688.0,0.193,0,73862.7,82145.2,59670.3
N2,N2-242,2,False,M189;M205,Roosevelt Triangle; Playground One Twenty Five CXXV,M,1.7,Jointly Operated Playground,2,0.107,42.5,42.5,1,1.0,1.0,0.0,0.5,1.068,0.0,881.7,1390.2,0.471,0,63719.8,80408.2,39975.0
N2,N2-243,2,False,M199;M300,Monsignor Kett Playground; Sherman Creek,M,16.437,Neighborhood Park,1,0.467,201.5,201.5,1,1.0,4.3,0.0,0.0,0.91,0.0,1552.1,1552.1,0.0,0,164515.3,178806.3,83559.4
N2,N2-244,2,False,M283#4;M283A,Battery Park City (4/4); Battery Park City,M,5.444,Community Park,2,0.291,77.8,77.8,1,1.0,0.9,0.0,0.0,0.7822,0.0,1315.4,1602.4,0.364,0,146220.3,188056.0,68265.1
N2,N2-245,2,False,M306;M373,W 104th Street Garden; La Perla Garden,M,0.365,Garden,1,0.196,215.1,215.1,0,0.0,187.0,0.0,0.0,1.0942,0.0,917.0,938.6,0.047,0,75445.0,77183.8,44499.1
N2,N2-246,2,False,M319A;M319B,Sugar Hill Garden; Edgecombe Park,M,0.18,Garden,1,0.036,35.4,35.4,1,1.0,0.3,0.0,0.0,1.0775,0.0,0.0,357.4,1.0,0,11076.2,33032.2,0.0
N2,N2-247,2,False,M378;M385,Pearl St Playground; DeLury Square,M,0.552,Playground,2,0.16,113.9,113.9,1,1.0,2.4,0.0,0.0,0.8435,0.0,1349.0,1379.4,0.043,0,77590.4,82843.8,69186.4
N2,N2-248,2,False,Q003;Q121,Ashmead Park; Detective Keith L Williams Park,Q,7.738,Community Park,2,0.519,379.4,379.4,1,1.0,23.0,1.0,1.0,0.9369,0.0,2984.1,3260.7,0.155,0,134950.4,152106.1,126148.2
N2,N2-249,2,False,Q018;Q527,Gordon Triangle; LIC Pier,Q,0.235,Triangle/Plaza,2,0.345,289.3,289.3,1,1.0,1.5,0.0,0.0,0.4955,0.0,1017.9,1017.9,0.0,0,83300.1,83300.1,53257.0
N2,N2-250,2,False,Q027#5;Q108,Laurelton Parkway (5/8); Laurelton Playground,Q,8.712,Neighborhood Park,2,0.45,110.3,110.3,1,1.0,0.1,0.5,0.5,0.9261,0.0,2406.4,2819.7,0.378,0,110354.7,176667.1,86640.7
N2,N2-251,2,False,Q035#1;Q122,Mall Thirty Four XXXIV (1/7); Junction Playground,Q,0.7,Mall,2,0.464,225.3,225.3,1,1.0,1.2,0.5,1.0,1.1282,0.0,1815.6,3177.3,0.758,0,85091.1,140558.7,87504.9
N2,N2-252,2,False,Q035#3;Q410,Mall Thirty Four XXXIV (3/7); Hinton Park,Q,3.964,Mall,2,0.532,160.4,160.4,1,1.0,1.3,0.0,1.0,1.0658,0.0,3335.2,3893.9,0.302,0,144520.7,173990.8,130110.1
N2,N2-253,2,False,Q035#4;Q362,Mall Thirty Four XXXIV (4/7); Playground Ninety,Q,1.392,Jointly Operated Playground,2,0.35,301.0,301.0,1,1.0,0.7,0.0,0.5,0.9821,0.0,2882.8,3336.3,0.232,0,142701.3,163035.0,134547.2
N2,N2-254,2,False,Q048;Q465,Rainey Park; Socrates Sculpture Park,Q,15.995,Neighborhood Park,1,0.446,202.3,202.3,1,1.0,5.4,1.0,1.0,0.9895,0.0,1823.2,1823.2,0.0,0,230053.8,231362.2,93682.5
N2,N2-255,2,False,Q056;Q124,Clemens Triangle; Myrtle Avenue Clemens Triangle,Q,0.023,Triangle/Plaza,1,0.063,32.1,32.1,1,1.0,3.9,1.0,1.0,1.1344,0.0,1182.1,1182.1,0.0,0,47562.3,47562.4,50541.3
N2,N2-256,2,False,Q058;Q462,Dunningham Triangle; Manuel De Dios Unanue Triangle,Q,0.042,Triangle/Plaza,1,0.152,109.1,109.1,1,1.0,2.7,1.0,1.0,1.1128,0.0,1408.7,1408.7,0.0,0,64489.1,64489.1,64416.8
N2,N2-257,2,False,Q075;Q290,"Glendale Veterans Triangle; ""Uncle"" Vito F. Maranzano Glendale Playground",Q,1.156,Playground,2,0.352,279.3,279.3,1,1.0,1.9,0.5,0.5,1.0421,0.0,1916.5,1916.5,0.0,0,92715.1,92715.1,89971.3
N2,N2-258,2,False,Q086;Q419,Flushing Fields; Hart Playground,Q,8.488,Community Park,2,0.194,166.4,166.4,1,1.0,0.2,0.5,0.5,0.9824,0.0,3525.5,3525.5,0.0,0,206805.8,206805.8,169434.8
N2,N2-259,2,False,Q100;Q497,Flushing Greens; Lewis H Latimer House,Q,0.624,Historic House Park,2,0.255,199.2,199.2,1,1.0,16.9,0.5,0.5,0.9083,0.0,1531.6,1922.4,0.338,0,91456.2,105101.2,76105.3
N2,N2-260,2,False,Q107;Q519,Springfield Park; Laurelton Community Garden of Resilience,Q,25.868,Community Park,2,0.564,217.0,217.0,1,1.0,90.5,0.0,0.5,1.0164,0.0,4446.7,4953.6,0.159,0,230062.9,243895.7,164578.3
N2,N2-261,2,False,Q130;Q349,Motor Parkway; Telephone Playground,Q,14.974,Jointly Operated Playground,2,0.331,197.9,197.9,1,1.0,6.9,0.5,0.5,0.8967,0.0,3648.8,3648.8,0.0,0,403511.9,403511.9,177792.4
N2,N2-262,2,False,Q147;Q378,Ruoff Triangle; Ampere Playground,Q,1.32,Jointly Operated Playground,2,0.356,314.7,314.7,1,1.0,3.7,1.0,1.0,1.1028,0.0,1988.8,1988.8,0.0,0,112466.2,112466.2,80040.9
N2,N2-263,2,False,Q148;Q203,Catholic War Veterans Square; David J O'Connell Square,Q,0.062,Triangle/Plaza,1,0.38,350.0,350.0,1,1.0,8.1,1.0,1.0,1.1459,0.0,1677.0,1677.0,0.0,0,72826.2,72826.2,65877.5
N2,N2-264,2,False,Q162E;Q520,Beach 59th St Playground; Arverne East Nature Preserve,Q,33.503,Nature Area,2,0.603,243.0,243.0,1,1.0,1.9,0.0,0.0,0.9054,0.0,2078.5,3270.2,0.563,0,121589.1,173894.0,78197.3
N2,N2-265,2,False,Q162J01;Q469,Beach 9 Playground; Seagirt Ave Wetlands,Q,10.924,Nature Area,2,0.405,299.6,299.6,1,1.0,3.9,0.5,1.0,0.8163,0.0,1407.7,1583.7,0.208,0,157860.9,165846.0,57011.8
N2,N2-266,2,False,Q178#1;Q381,Mall Forty Two XLII (1/3); Francis Lewis Playground,Q,1.714,Jointly Operated Playground,2,0.13,49.7,49.7,1,1.0,0.5,0.0,0.0,0.9498,0.0,2734.9,2946.0,0.219,0,126840.5,140545.5,120563.4
N2,N2-267,2,False,Q219#10;Q353,Rockaway Freeway (10/16); Grassmere Playground,Q,1.512,Jointly Operated Playground,2,0.236,142.2,142.2,1,1.0,82.5,0.0,0.5,1.0203,0.0,3289.3,3567.1,0.26,0,117517.2,130768.2,109208.0
N2,N2-268,2,False,Q219#12;Q443,Rockaway Freeway (12/16); Almeda Playground,Q,1.538,Jointly Operated Playground,2,0.245,159.9,159.9,1,1.0,45.7,0.5,0.5,0.9908,0.222,1883.3,1898.1,0.016,0,134589.9,150183.2,83994.8
N2,N2-269,2,False,Q219#6;Q403,Rockaway Freeway (6/16); Beach Channel Playground,Q,1.515,Jointly Operated Playground,2,0.182,155.5,155.5,1,1.0,2.5,0.0,0.0,0.9115,0.0,1541.6,1877.2,0.517,0,100441.4,129789.6,81451.2
N2,N2-270,2,False,Q220F;Q220G,Maple Grove Park; Hoover - Manton Playgrounds,Q,7.078,Neighborhood Park,2,0.277,178.1,178.1,1,1.0,3.2,0.0,1.0,0.9332,0.0,2681.1,2681.1,0.0,0,164355.7,164356.4,119921.4
N2,N2-271,2,False,Q221;Q300A,Farm Playground; Kissena Corridor Park,Q,47.54,Community Park,2,0.944,246.0,246.0,1,1.0,7.5,0.0,0.0,1.0356,0.0,13377.4,13518.7,0.026,0,595458.9,612763.9,464856.5
N2,N2-272,2,False,Q254;Q514,Corporal Frank F. Fagan Sq.; Woodside Houses Park,Q,0.149,Neighborhood Park,2,0.076,44.5,44.5,1,1.0,0.2,1.0,1.0,1.163,0.0,985.6,985.6,0.0,0,53159.6,53159.9,46535.8
N2,N2-273,2,False,Q262;Q452,Alameda Malls; Udalls Park Preserve,Q,44.356,Mall,2,1.369,99.8,99.8,1,1.0,48.8,0.5,0.5,0.8982,0.0,8204.5,8204.5,0.0,0,640822.3,640822.3,403238.6
N2,N2-274,2,False,Q268;Q316,Bell Malls; Captain Dermody Triangle,Q,1.843,Mall,2,0.322,177.7,177.7,1,1.0,16.3,1.0,1.0,1.0434,0.0,6401.6,6401.6,0.0,0,276249.7,276250.4,200726.9
N2,N2-275,2,False,Q277;Q396,South Gate Mall; Montbellier Park,Q,4.551,Community Park,2,0.196,98.5,98.5,1,1.0,50.2,0.0,0.0,0.9991,0.0,2815.1,2815.1,0.0,0,136721.6,136721.7,118041.8
N2,N2-276,2,False,Q299;Q373,Overlook Park; Helen Marshall Playground,Q,6.799,Jointly Operated Playground,2,0.571,397.1,397.1,1,1.0,12.3,0.0,0.5,0.8843,0.0,3226.0,3226.0,0.0,0,173695.5,173695.5,149757.2
N2,N2-277,2,False,Q313;Q382,Arverne Playground; Cardozo Playground,Q,3.293,Jointly Operated Playground,2,0.124,20.9,20.9,1,1.0,0.0,0.0,0.0,0.9606,0.0,1490.5,1794.4,0.398,0,80224.3,93095.9,60376.7
N2,N2-278,2,False,Q320;Q515,Vleigh Playground; Legacy Park,Q,2.535,Jointly Operated Playground,2,0.371,332.5,332.5,1,1.0,50.6,0.0,1.0,1.1254,0.222,1477.0,1477.0,0.0,0,119400.8,119400.8,82566.1
N2,N2-279,2,False,Q332;Q395,Woodtree Playground; Steinway Playground,Q,1.85,Jointly Operated Playground,2,0.145,80.8,80.8,1,1.0,0.0,0.5,0.5,1.044,0.0,1418.2,1418.2,0.0,0,90486.7,90487.4,72340.4
N2,N2-280,2,False,Q357A1;Q401,Park; Lost Battalion Hall Recreation Center,Q,2.434,Community Park,2,0.209,185.4,185.4,1,1.0,1.8,1.0,1.0,0.9399,0.0,1446.8,1707.9,0.217,0,123729.8,136423.0,73316.9
N2,N2-281,2,False,Q357F;Q369,Park; Louis Pasteur Park,Q,3.169,Jointly Operated Playground,2,0.264,113.0,113.0,1,1.0,1.0,0.0,0.0,0.6478,0.0,1438.5,1530.8,0.119,0,115951.0,129167.3,68788.7
N2,N2-282,2,False,Q360S;Q360Y1,Quick Brown Fox Triangle; Park,Q,0.05,Strip,2,0.222,179.5,179.5,1,1.0,10.1,0.0,0.0,0.9137,0.0,851.7,901.8,0.11,0,61064.8,78078.9,46665.4
N2,N2-283,2,False,Q360U;Q435,Notorious LIC Park; Vernon Mall,Q,0.451,Mall,2,0.243,201.7,201.7,1,1.0,10.6,0.0,0.0,0.9809,0.0,1853.9,1961.9,0.08,0,82677.4,91367.7,73708.7
N2,N2-284,2,False,Q387A;Q387B,Bayside Fields; Clearview Park,Q,8.172,Nature Area,2,0.498,277.3,277.3,1,1.0,10.6,0.0,0.0,0.7806,0.0,1775.4,1775.4,0.0,0,160446.5,160446.5,91307.3
N2,N2-285,2,False,Q394;Q484,Conch Playground; Edgemere Urban Renewal Park,Q,3.05,Garden,2,0.364,218.2,218.2,1,1.0,1.7,0.0,1.0,1.0458,0.0,2260.4,2260.4,0.0,0,115223.7,116257.8,97235.5
N2,N2-286,2,False,Q445;Q461,Frank Golden Park; Powell's Cove Park,Q,70.999,Nature Area,2,0.655,239.7,239.7,1,1.0,17.0,0.0,0.0,0.7234,0.0,3937.6,3937.6,0.0,0,426882.2,426882.2,212573.2
N2,N2-287,2,False,Q511;Q523,Edgemere Coalition; Beach 43rd Street Waterfront Park,Q,0.561,Garden,2,0.38,311.6,311.6,1,1.0,0.7,0.0,0.0,0.7513,0.0,575.7,575.7,0.0,0,77193.4,81444.9,43874.3
N2,N2-288,2,False,R004;R077,Barrett Triangle; St. George Park,R,0.252,Triangle/Plaza,1,0.353,337.0,337.0,1,1.0,3.8,0.5,0.5,0.8167,0.0,1941.4,1980.5,0.035,0,81480.8,84591.3,75010.9
N2,N2-289,2,False,R011;R021,Hero Park; Forest Mall,R,3.509,Neighborhood Park,2,0.299,129.6,129.6,1,1.0,23.0,1.0,1.0,1.0227,0.0,1781.8,1781.8,0.0,0,117780.7,117781.3,85827.8
N2,N2-290,2,False,R020;R076,Egbert Triangle; Markham Playground,R,3.042,Jointly Operated Playground,2,0.215,38.4,38.4,1,1.0,0.3,1.0,1.0,1.0706,0.0,1983.1,1983.1,0.0,0,112404.8,112404.8,78988.2
N2,N2-291,2,False,R025;R086,Mahoney Playground; Davis Playground,R,3.035,Jointly Operated Playground,2,0.122,16.3,16.3,1,1.0,0.0,0.0,0.0,0.4633,0.0,991.4,991.4,0.0,0,93734.3,93734.4,50400.0
N2,N2-292,2,False,R027#3;R027A,Long Pond Park (3/4); Aesop Park,R,23.191,Jointly Operated Playground,2,0.27,83.8,83.8,1,1.0,0.7,0.5,0.5,0.7941,0.0,2133.2,2133.2,0.0,0,155675.7,179270.7,121016.9
N2,N2-293,2,False,R028;R170,Tappen Park; Stapleton Esplanade,R,6.387,Historic House Park,2,0.403,138.3,138.3,1,1.0,2.2,0.5,0.5,0.9427,0.0,2080.2,2080.2,0.0,0,200828.9,200829.5,85874.2
N2,N2-294,2,False,R034;R105,Austin J. McDonald Playground; Prall Playground,R,2.658,Jointly Operated Playground,2,0.269,157.9,157.9,1,1.0,11.2,1.0,1.0,0.9458,0.0,1710.0,1710.0,0.0,0,121934.1,121935.6,91692.5
N2,N2-295,2,False,R052;R116,Allison Pond Park; Snug Harbor Cultural Center,R,93.506,Historic House Park,2,0.547,104.3,104.3,1,1.0,0.1,0.5,0.5,0.8202,0.0,5145.1,5299.0,0.121,0,373968.8,394605.2,235591.4
N2,N2-296,2,False,R053;R094,Harris Brothers Park; Park,R,3.464,Neighborhood Park,2,0.193,103.9,103.9,1,1.0,0.3,0.5,0.5,1.0144,0.0,1835.8,1835.8,0.0,0,80900.3,80900.5,61843.8
N2,N2-297,2,False,R075E;R075F,Park; Park,R,0.185,Strip,1,0.137,73.0,73.0,1,1.0,0.0,0.0,0.0,0.8013,0.0,1069.2,1069.2,0.0,0,235587.8,247681.4,71979.6
N2,N2-298,2,False,R085;R132,E.M.T. Christopher J. Prescott Playground; Bunker Ponds Park,R,26.476,Jointly Operated Playground,2,0.344,58.3,58.3,1,1.0,91.2,0.5,0.5,0.8845,0.0,3280.4,3379.5,0.14,0,194547.2,209603.4,177444.8
N2,N2-299,2,False,R095;R096,Park; Park,R,0.809,Nature Area,2,0.231,162.8,162.8,1,1.0,12.8,0.0,0.0,0.8821,0.0,1490.4,1490.4,0.0,0,62652.0,72290.7,56418.4
N2,N2-300,2,False,R097;R099,Ida Court; Park,R,2.154,Nature Area,2,0.355,235.7,235.7,1,1.0,5.0,0.0,0.0,0.7815,0.0,1757.7,2015.4,0.385,0,61256.9,90691.1,57117.9
N2,N2-301,2,False,R112#24;R156,Meredith Woods (24/25); Sylvan Grove Cemetery,R,4.941,Nature Area,2,0.472,391.5,391.5,1,1.0,17.6,0.0,0.5,1.0687,0.0,1286.5,1366.3,0.058,0,187347.6,233851.6,74199.0
N2,N2-302,2,False,X001A#4;X265,Aqueduct Walk (4/5); Galileo Playground,X,2.325,Community Park,2,0.405,260.3,260.3,0,0.0,162.0,0.0,0.0,0.8131,0.0,1505.1,1662.2,0.185,0,124347.2,153213.1,73220.2
N2,N2-303,2,False,X010A;X281,Walter Gladwin Park; Stop & Go Playground,X,15.331,Neighborhood Park,2,0.326,133.7,133.7,1,1.0,17.3,0.5,0.5,1.1134,0.0,3174.2,3356.7,0.176,0,145117.0,164466.9,124781.0
N2,N2-304,2,False,X014;X166,Horseshoe Playground; Behagen Playground,X,3.746,Playground,1,0.34,343.8,343.8,1,1.0,95.5,0.0,0.0,0.9875,0.278,2043.6,2173.7,0.086,0,118115.6,127765.8,113227.7
N2,N2-305,2,False,X018;X129,Echo Triangle; Devanney Triangle,X,0.265,Triangle/Plaza,1,0.324,300.0,300.0,1,1.0,14.5,0.0,0.0,1.0412,0.0,2555.4,2676.8,0.259,0,71178.8,87125.8,67593.3
N2,N2-306,2,False,X033#1;X180,Mosholu Parkway (1/5); Whalen Playground,X,11.236,Parkway,2,0.427,235.1,235.1,1,1.0,43.9,0.0,0.0,1.0447,0.0,3022.8,4256.5,0.651,0,114448.2,168906.9,103103.0
N2,N2-307,2,False,X033#3;X197,Mosholu Parkway (3/5); Mosholu Playground,X,10.592,Jointly Operated Playground,2,0.477,141.6,141.6,1,1.0,0.2,0.0,0.0,1.0827,0.0,2722.8,3866.1,0.486,0,129536.7,156891.6,101309.2
N2,N2-308,2,False,X045;X345,St. Mary's Park; St. Ann's Block Association Garden,X,35.217,Community Park,2,0.658,296.4,296.4,1,1.0,7.5,0.0,0.5,1.0757,0.0,3955.6,4233.9,0.132,0,205651.4,222886.5,199469.8
N2,N2-309,2,False,X049;X149,Schneider Sampson Square; Miele Park,X,0.415,Mall,2,0.194,153.7,153.7,1,1.0,50.3,0.0,0.0,1.1091,0.0,1436.2,1436.2,0.0,0,89162.0,89162.0,70057.8
N2,N2-310,2,False,X051;X111,University Woods; Cedar Playground,X,5.049,Neighborhood Park,1,0.468,194.4,194.4,1,1.0,17.0,0.5,0.5,0.9727,0.0,2093.7,2093.7,0.113,0,145275.7,170707.3,128995.6
N2,N2-311,2,False,X055;X224,Brust Park; MacLaughlin Playground,X,2.383,Neighborhood Park,2,0.26,225.1,225.1,1,1.0,20.6,0.0,0.0,1.0623,0.0,1638.6,1638.6,0.0,0,128645.2,128645.6,94903.2
N2,N2-312,2,False,X061;X102,Flood Triangle; Ciccarone Park,X,0.877,Neighborhood Park,2,0.438,385.8,385.8,1,1.0,5.7,0.0,0.0,1.0113,0.0,1751.6,1792.4,0.043,0,91715.5,94307.0,81433.8
N2,N2-313,2,False,X065;X088,Woodrow Wilson Triangle; Pugsley Creek Park,X,67.999,Nature Area,2,0.598,138.0,138.0,1,1.0,1.2,0.0,1.0,0.8473,0.0,3880.5,4040.4,0.053,0,323159.3,382000.8,183624.4
N2,N2-314,2,False,X087;X162,Zimmerman Playground; Parkside Playground,X,1.758,Playground,1,0.273,209.4,209.4,1,1.0,0.5,0.0,0.0,0.7209,0.0,1527.8,1527.8,0.0,0,110143.0,110144.3,77414.3
N2,N2-315,2,False,X106;X344,Evelina Antonetty Playground; Mill Pond Park,X,11.024,Neighborhood Park,2,0.696,424.3,424.3,0,0.0,178.1,0.0,0.0,0.8448,0.0,2031.0,2031.0,0.0,0,191157.1,192584.1,80461.7
N2,N2-316,2,False,X107;X253,Hawkins Park; Ambrosini Field,X,6.198,Recreational Field/Courts,2,0.34,277.1,277.1,1,1.0,6.1,1.0,1.0,0.7599,0.0,1138.0,1138.0,0.0,0,148877.0,148877.0,57044.1
N2,N2-317,2,False,X110B;X110C,Phyllis Post Goodman Park; Park,X,1.102,Triangle/Plaza,1,0.321,232.0,232.0,1,1.0,27.6,0.0,0.0,0.7495,0.0,470.8,1278.2,0.91,0,44286.9,104101.7,23425.1
N2,N2-318,2,False,X124;X373,Watson Gleason Playground; Justice Sotomayor Houses Playground,X,3.608,Neighborhood Park,2,0.417,360.2,360.2,1,1.0,2.2,0.0,0.5,1.105,0.0,2228.5,2228.5,0.0,0,131240.8,131240.8,105601.2
N2,N2-319,2,False,X131;X272,Lozada Playground; Ranaqua Playground,X,2.005,Jointly Operated Playground,2,0.269,268.0,268.0,1,1.0,7.9,0.0,0.0,0.8561,0.0,1255.1,1255.1,0.0,0,114867.5,115297.5,75562.1
N2,N2-320,2,False,X148G1;X148G2,Park; Park,X,0.071,Strip,1,0.052,60.7,60.7,1,1.0,0.0,0.0,0.0,0.6212,0.0,442.9,1010.1,0.897,0,34785.8,64686.7,26485.4
N2,N2-321,2,False,X150K;X150L,Park; Van Cortlandt's Tail,X,0.438,Strip,2,0.227,239.8,239.8,1,1.0,3.3,0.0,0.5,1.1136,0.0,1871.9,1942.2,0.141,0,95154.4,107233.9,73009.7
N2,N2-322,2,False,X160;X177,Caserta Playground; Castle Hill Playground,X,2.283,Jointly Operated Playground,1,0.196,193.5,193.5,1,1.0,0.0,0.0,1.0,1.1404,0.0,1728.0,1728.0,0.0,0,113457.5,113457.5,88336.4
N2,N2-323,2,False,X164A;X211,Wishing Well Garden; Stebbins Playground,X,1.233,Garden,2,0.366,355.0,355.0,1,1.0,95.6,0.0,0.0,0.9154,0.0,448.8,816.3,0.659,0,47950.6,89671.8,26996.3
N2,N2-324,2,False,X179;X255,Al Quiñones Playground; Bill Rainey Park,X,9.525,Jointly Operated Playground,2,0.617,332.2,332.2,1,1.0,32.8,0.5,0.5,0.929,0.0,3026.0,3267.5,0.166,0,159864.8,174289.9,129175.2
N2,N2-325,2,False,X195A;X369,Colgate Close; Watson Houses Playground,X,2.235,Neighborhood Park,2,0.22,232.4,232.4,1,1.0,0.6,0.0,0.0,0.8964,0.0,1122.4,1122.4,0.0,0,107956.8,107956.8,56272.2
N2,N2-326,2,False,X206;X286,Morgan Playground; Rev Lena Irons Unity Park,X,1.111,Jointly Operated Playground,2,0.151,51.1,51.1,1,1.0,0.1,0.0,1.0,1.0729,0.0,1237.2,1237.2,0.0,0,88682.4,90028.1,73206.9
N2,N2-327,2,False,X207;X228,Pontiac Playground; I-Am-Park,X,1.572,Jointly Operated Playground,1,0.366,335.8,335.8,1,1.0,4.3,0.0,1.0,0.9752,0.0,1070.0,1545.1,0.532,0,64085.6,84856.8,50412.8
N2,N2-328,2,False,X238;X285,Saw Mill Playground; Padre Plaza,X,1.282,Garden,2,0.208,125.2,125.2,1,1.0,1.7,0.0,0.0,1.0397,0.0,1166.2,1270.3,0.221,0,75670.3,94442.4,66524.3
N2,N2-329,2,False,X245;X288,River Garden; West Farms Rapids,X,1.469,Garden,2,0.187,0.0,0.0,0,0.0,0.0,0.0,1.0,0.6812,0.0,1187.9,1240.9,0.077,0,85693.5,88397.6,54905.2
N2,N2-S-B002,1,True,B002,Amersfort Park,B,3.503,Neighborhood Park,1,0.0,0.0,,0,,,1.0,1.0,1.046,1.0,1688.7,1688.7,0.0,0,90576.2,90576.2,72682.3
N2,N2-S-B003,1,True,B003,Bartel-Pritchard Square,B,1.705,Triangle/Plaza,1,0.0,0.0,,0,,,0.0,1.0,0.7479,0.667,975.3,975.3,0.0,0,47926.8,47926.8,38518.7
N2,N2-S-B006,1,True,B006,Beattie Square,B,0.013,Triangle/Plaza,1,0.0,0.0,,0,,,1.0,1.0,1.169,0.333,761.0,761.0,0.0,0,34915.4,34915.4,29564.4
N2,N2-S-B007,1,True,B007,Bensonhurst Park,B,17.284,Recreational Field/Courts,1,0.0,0.0,,0,,,1.0,1.0,1.0594,0.667,2047.5,2047.5,0.0,0,152756.1,152756.1,94643.6
N2,N2-S-B016,1,True,B016,Maria Hernandez Park,B,6.721,Neighborhood Park,1,0.0,0.0,,0,,,0.0,1.0,1.1062,0.333,2021.0,2021.0,0.0,0,98407.1,98407.1,89880.0
N2,N2-S-B019,1,True,B019,Carroll Park,B,1.914,Neighborhood Park,1,0.0,0.0,,0,,,1.0,1.0,1.014,0.333,1442.8,1442.8,0.0,0,72069.1,72069.1,63550.4
N2,N2-S-B022,1,True,B022,Sarah J.S. Tompkins Garnet Playground,B,1.1,Playground,1,0.0,0.0,,0,,,0.0,0.0,1.0064,0.333,921.8,921.8,0.0,0,58146.2,58146.2,47964.7
N2,N2-S-B029#1,1,True,B029#1,Eastern Parkway (1/10),B,2.691,Parkway,1,0.0,0.0,,0,,,1.0,1.0,1.1006,0.667,1249.0,2034.8,0.567,0,89644.2,128538.8,48887.9
N2,N2-S-B029#3,1,True,B029#3,Eastern Parkway (3/10),B,2.837,Parkway,1,0.0,0.0,,0,,,0.0,1.0,1.0354,0.333,1207.6,1899.0,0.826,0,67830.1,114239.1,42228.6
N2,N2-S-B029#5,1,True,B029#5,Eastern Parkway (5/10),B,2.419,Parkway,1,0.0,0.0,,0,,,0.0,1.0,1.1324,0.333,1311.5,1615.2,0.517,0,91797.9,129841.8,46246.4
N2,N2-S-B029#8,1,True,B029#8,Eastern Parkway (8/10),B,2.964,Parkway,1,0.0,0.0,,0,,,0.0,0.0,0.8926,0.333,1202.8,1849.8,0.794,0,63161.3,92934.6,39487.2
N2,N2-S-B029#9,1,True,B029#9,Eastern Parkway (9/10),B,2.552,Parkway,1,0.0,0.0,,0,,,0.0,1.0,0.9529,0.333,1348.7,1668.9,0.552,0,88222.8,126904.5,45400.7
N2,N2-S-B033,1,True,B033,Fort Hamilton Triangle,B,0.079,Triangle/Plaza,1,0.0,0.0,,0,,,1.0,1.0,1.215,0.333,986.3,988.8,0.005,0,42056.7,42177.8,43562.7
N2,N2-S-B040,1,True,B040,Grand Army Plaza,B,14.133,Triangle/Plaza,1,0.0,0.0,,0,,,0.0,1.0,0.9381,0.333,3307.5,3671.4,0.217,0,118950.5,133772.9,95668.7
N2,N2-S-B041,1,True,B041,Grant Gore,B,0.017,Triangle/Plaza,1,0.0,0.0,,0,,,0.0,1.0,1.1776,0.333,821.7,876.3,0.295,0,31127.8,37178.9,36478.2
N2,N2-S-B042,1,True,B042,Gravesend Park,B,4.998,Neighborhood Park,1,0.0,0.0,,0,,,0.0,1.0,1.0228,1.0,1031.0,1031.0,0.0,0,98931.6,98931.6,57449.6
N2,N2-S-B047A,1,True,B047A,Highland Park Childrens Garden,B,0.421,Garden,1,0.0,0.0,,0,,,1.0,1.0,0.8869,0.667,798.1,798.1,0.0,0,28930.2,28930.2,28633.2
N2,N2-S-B060,1,True,B060,McKinley Park,B,8.239,Neighborhood Park,1,0.0,0.0,,0,,,1.0,1.0,1.1053,0.333,2535.8,2535.8,0.0,0,131003.0,131003.0,112782.4
N2,N2-S-B063,1,True,B063,Milestone Park,B,0.483,Neighborhood Park,1,0.0,0.0,,0,,,0.0,1.0,1.1324,1.0,662.9,790.6,0.56,0,34606.8,48291.7,36553.3
N2,N2-S-B077,1,True,B077,Coffey Park,B,8.204,Neighborhood Park,1,0.0,0.0,,0,,,0.0,0.0,1.0145,0.333,1864.6,1864.6,0.0,0,105501.0,105501.0,89178.7
N2,N2-S-B082#2,1,True,B082#2,Shore Park and Parkway (2/10),B,6.488,Community Park,1,0.0,0.0,,0,,,0.0,0.0,1.0686,0.667,1087.5,1317.0,0.415,0,118204.0,157451.1,57820.6
N2,N2-S-B082#3,1,True,B082#3,Shore Park and Parkway (3/10),B,13.738,Community Park,1,0.0,0.0,,0,,,0.0,0.0,0.9948,0.556,1081.0,1488.9,0.435,0,122189.6,159403.1,51309.2
N2,N2-S-B082#5,1,True,B082#5,Shore Park and Parkway (5/10),B,9.627,Community Park,1,0.0,0.0,,0,,,0.0,0.0,0.8386,1.0,773.8,993.4,0.645,0,177542.3,238489.4,41507.4
N2,N2-S-B082#9,1,True,B082#9,Shore Park and Parkway (9/10),B,8.241,Community Park,1,0.0,0.0,,0,,,0.0,0.0,0.9445,0.667,893.9,1294.5,0.429,0,124274.1,160572.6,49861.7
N2,N2-S-B093,1,True,B093,Weeksville Playground,B,0.293,Playground,1,0.0,0.0,,0,,,0.0,0.0,1.0164,0.333,624.1,624.1,0.0,0,38590.0,45432.1,24165.0
N2,N2-S-B094,1,True,B094,Sgt. Joyce Kilmer Square,B,0.001,Triangle/Plaza,1,0.0,0.0,,0,,,1.0,1.0,1.1542,0.333,816.2,816.2,0.0,0,32408.3,32408.3,32782.5
N2,N2-S-B095,1,True,B095,Ennis Playground,B,0.615,Playground,1,0.0,0.0,,0,,,0.0,0.0,0.8813,1.0,608.4,608.4,0.0,0,52539.9,52539.9,36238.6
N2,N2-S-B096,1,True,B096,Sgt. William Dougherty Playground,B,0.429,Playground,1,0.0,0.0,,0,,,0.0,0.0,1.0368,0.667,988.9,988.9,0.0,0,47589.7,47589.7,39206.5
N2,N2-S-B097,1,True,B097,Sledge Playground,B,0.335,Playground,1,0.0,0.0,,0,,,0.0,0.0,1.1485,1.0,443.2,443.2,0.0,0,46334.9,46334.9,23426.4
N2,N2-S-B098,1,True,B098,Martin Luther Playground,B,0.953,Playground,1,0.0,0.0,,0,,,1.0,1.0,1.1878,0.667,992.2,992.2,0.0,0,56206.2,56206.2,50692.7
N2,N2-S-B099,1,True,B099,Lt. Joseph Petrosino Park,B,0.909,Playground,1,0.0,0.0,,0,,,1.0,1.0,1.1153,1.0,1325.1,1325.1,0.0,0,56386.1,56386.1,54071.9
N2,N2-S-B100,1,True,B100,Seth Low Playground/ Bealin Square,B,4.91,Neighborhood Park,1,0.0,0.0,,0,,,1.0,1.0,1.164,0.667,2114.7,2114.7,0.0,0,104962.3,104962.3,98974.5
N2,N2-S-B105,1,True,B105,Taaffe Playground,B,1.838,Neighborhood Park,1,0.0,0.0,,0,,,1.0,1.0,1.0079,0.333,1499.6,1499.6,0.0,0,82598.6,82955.3,71184.2
N2,N2-S-B106B,1,True,B106B,Lafayette Playground,B,1.246,Jointly Operated Playground,1,0.0,0.0,,0,,,0.0,1.0,1.1547,0.667,518.8,1137.6,0.708,0,33208.6,51961.7,24375.4
N2,N2-S-B109,1,True,B109,Bill Brown Playground,B,3.302,Neighborhood Park,1,0.0,0.0,,0,,,1.0,1.0,1.0857,0.333,1642.3,1642.3,0.0,0,86687.7,86687.7,71658.0
N2,N2-S-B111,1,True,B111,Washington Park,B,3.324,Neighborhood Park,1,0.0,0.0,,0,,,0.0,1.0,0.9991,0.667,1540.0,1600.2,0.348,0,62903.2,80504.8,62639.3
N2,N2-S-B111A,1,True,B111A,Washington Skate Park,B,1.548,Jointly Operated Playground,1,0.0,0.0,,0,,,0.0,0.0,0.7098,1.0,391.4,887.6,0.627,0,36289.1,54860.9,19052.9
N2,N2-S-B116,1,True,B116,Zion Triangle,B,0.206,Triangle/Plaza,1,0.0,0.0,,0,,,0.0,1.0,0.9263,0.333,978.8,1033.2,0.113,0,36815.8,46646.9,38369.7
N2,N2-S-B121,1,True,B121,Dodger Playground,B,0.286,Playground,1,0.0,0.0,,0,,,0.0,0.0,1.0654,1.0,298.5,298.5,0.0,0,44940.4,45080.8,18119.5
N2,N2-S-B125,1,True,B125,Calvert Vaux Park,B,81.548,Recreational Field/Courts,1,0.0,0.0,,0,,,1.0,1.0,1.0008,0.667,2365.9,2465.3,0.093,0,287765.7,316018.8,93577.3
N2,N2-S-B126A,1,True,B126A,Todd Triangle,B,0.065,Triangle/Plaza,1,0.0,0.0,,0,,,0.0,0.0,0.8313,1.0,0.0,493.9,1.0,0,1935.3,17386.2,0.0
N2,N2-S-B127,1,True,B127,Martinez Playground,B,1.373,Recreational Field/Courts,1,0.0,0.0,,0,,,0.0,1.0,0.9987,0.333,850.2,850.2,0.0,0,61167.9,61167.9,50070.4
N2,N2-S-B128,1,True,B128,Colonel David Marcus Playground,B,2.582,Playground,1,0.0,0.0,,0,,,0.0,1.0,1.1989,0.667,1411.8,1411.8,0.0,0,84669.8,84669.8,69351.7
N2,N2-S-B129,1,True,B129,Kaiser Park,B,25.923,Community Park,1,0.0,0.0,,0,,,0.0,0.0,1.0014,0.333,2242.4,2426.5,0.117,0,183432.8,204692.3,76976.9
N2,N2-S-B132,1,True,B132,Gilbert Ramirez Park,B,1.066,Neighborhood Park,1,0.0,0.0,,0,,,0.0,0.0,0.9413,1.0,1283.0,1283.0,0.0,0,66201.3,66201.3,59001.6
N2,N2-S-B135,1,True,B135,Newtown Barge Playground,B,6.232,Recreational Field/Courts,1,0.0,0.0,,0,,,0.0,1.0,0.9461,1.0,192.6,546.5,0.849,0,57949.7,97122.2,7485.4
N2,N2-S-B137,1,True,B137,Sixteen Sycamores Playground,B,0.538,Playground,1,0.0,0.0,,0,,,0.0,0.0,1.17,0.667,401.8,574.1,0.403,0,44693.7,54080.5,19293.5
N2,N2-S-B139,1,True,B139,Heckscher Playground,B,1.232,Playground,1,0.0,0.0,,0,,,0.0,0.0,1.1597,1.0,585.0,585.0,0.0,0,61195.6,62088.7,28883.8
N2,N2-S-B145,1,True,B145,Thomas Greene Playground,B,2.542,Community Park,1,0.0,0.0,,0,,,1.0,1.0,0.9901,0.333,1392.2,1392.2,0.0,0,77220.3,77220.3,62756.1
N2,N2-S-B147,1,True,B147,Monsignor Crawford Field,B,1.941,Recreational Field/Courts,1,0.0,0.0,,0,,,1.0,1.0,1.1389,0.667,980.1,985.1,0.013,0,73234.0,73605.2,59152.3
N2,N2-S-B148,1,True,B148,Rolph Henry Playground,B,0.227,Playground,1,0.0,0.0,,0,,,1.0,1.0,1.1337,0.778,581.1,581.1,0.0,0,43486.0,43486.0,41244.3
N2,N2-S-B149B,1,True,B149B,Linwood Playground,B,0.715,Playground,1,0.0,0.0,,0,,,0.0,0.0,0.9503,0.333,434.8,444.7,0.039,0,33973.1,56288.8,20386.0
N2,N2-S-B150,1,True,B150,Kolbert Playground,B,1.673,Playground,1,0.0,0.0,,0,,,0.0,1.0,0.9655,0.667,1167.4,1167.4,0.0,0,65374.4,65374.4,58603.3
N2,N2-S-B151,1,True,B151,Dome Playground,B,1.194,Neighborhood Park,1,0.0,0.0,,0,,,0.0,1.0,1.1723,0.667,1078.0,1078.0,0.0,0,63583.6,63583.6,46355.3
N2,N2-S-B152,1,True,B152,Rappaport Playground,B,1.122,Neighborhood Park,1,0.0,0.0,,0,,,1.0,1.0,1.1805,0.333,1133.4,1133.4,0.0,0,60678.3,60678.3,52622.2
N2,N2-S-B154,1,True,B154,Berry Playground,B,0.335,Playground,1,0.0,0.0,,0,,,0.0,0.0,1.1872,1.0,479.0,553.3,0.521,0,33502.0,45874.8,23740.6
N2,N2-S-B155,1,True,B155,Triangle,B,0.019,Triangle/Plaza,1,0.0,0.0,,0,,,1.0,1.0,1.171,0.333,633.9,897.6,0.68,0,21159.3,34457.4,25676.2
N2,N2-S-B158,1,True,B158,Garibaldi Playground,B,0.437,Playground,1,0.0,0.0,,0,,,0.0,1.0,1.0993,1.0,419.3,734.5,0.603,0,31744.8,47428.8,22357.9
N2,N2-S-B159,1,True,B159,Mount Prospect Park,B,8.238,Neighborhood Park,1,0.0,0.0,,0,,,0.0,0.0,0.6915,1.0,191.7,750.1,0.758,0,14764.6,45372.0,8467.6
N2,N2-S-B160,1,True,B160,Ketchum Triangle,B,0.014,Triangle/Plaza,1,0.0,0.0,,0,,,1.0,1.0,1.1084,1.0,977.2,977.2,0.0,0,35693.0,35693.0,37670.3
N2,N2-S-B164,1,True,B164,Bath Beach Park,B,2.933,Playground,1,0.0,0.0,,0,,,0.0,0.0,0.9684,0.667,865.9,865.9,0.0,0,61527.7,61527.7,40715.0
N2,N2-S-B165A,1,True,B165A,Spring Creek Park,B,2.202,Nature Area,1,0.0,0.0,,0,,,0.0,0.0,,0.0,0.0,0.0,,1,18048.7,27197.2,0.0
N2,N2-S-B166B,1,True,B166B,Homecrest Playground,B,2.216,Playground,1,0.0,0.0,,0,,,0.0,0.0,0.8891,1.0,1108.0,1108.0,0.0,0,68397.3,68397.3,37706.0
N2,N2-S-B166C,1,True,B166C,Coney Island Boat Basin,B,35.449,Recreational Field/Courts,1,0.0,0.0,,0,,,0.0,0.0,0.7819,1.0,587.5,716.2,0.318,0,88769.9,112297.3,25333.6
N2,N2-S-B166D,1,True,B166D,McGuire Fields,B,74.22,Recreational Field/Courts,1,0.0,0.0,,0,,,0.0,0.0,0.864,1.0,1338.5,1338.5,0.0,0,301487.7,302530.0,40297.7
N2,N2-S-B166E,1,True,B166E,Sixteen Lindens Triangle,B,0.246,Triangle/Plaza,1,0.0,0.0,,0,,,0.0,0.0,0.8259,1.0,653.2,653.2,0.0,0,40702.3,40702.3,22646.3
N2,N2-S-B171,1,True,B171,Linden Sitting Area,B,0.156,Triangle/Plaza,1,0.0,0.0,,0,,,1.0,1.0,1.0567,0.333,1319.1,1361.1,0.07,0,43234.9,43484.2,37015.6
N2,N2-S-B174,1,True,B174,Park,B,0.062,Triangle/Plaza,1,0.0,0.0,,0,,,0.0,0.0,0.9295,0.667,1363.0,1416.5,0.067,0,38408.8,38707.0,23725.3
N2,N2-S-B176,1,True,B176,Trust Triangle,B,0.079,Triangle/Plaza,1,0.0,0.0,,0,,,0.0,0.0,1.1574,1.0,791.8,791.8,0.0,0,39168.7,39168.7,34664.5
N2,N2-S-B184,1,True,B184,Avenue R Mall,B,0.258,Mall,1,0.0,0.0,,0,,,0.0,1.0,1.0969,1.0,1948.3,1948.3,0.0,0,90185.8,90185.8,86573.9
N2,N2-S-B193,1,True,B193,Hamilton Metz Field,B,2.309,Neighborhood Park,1,0.0,0.0,,0,,,0.0,0.0,1.0336,0.333,1102.2,1102.2,0.0,0,72834.6,72834.6,53892.3
N2,N2-S-B197,1,True,B197,Mellett Playground,B,1.093,Neighborhood Park,1,0.0,0.0,,0,,,0.0,1.0,1.1758,0.333,1016.3,1016.3,0.0,0,58717.3,58717.3,51665.4
N2,N2-S-B200,1,True,B200,Elizabeth Stroud Playground,B,0.307,Playground,1,0.0,0.0,,0,,,0.0,1.0,0.9911,0.667,153.8,572.0,0.905,0,26513.9,41464.3,13142.9
N2,N2-S-B205,1,True,B205,Corporal Wiltshire Square,B,0.073,Triangle/Plaza,1,0.0,0.0,,0,,,1.0,1.0,1.1749,0.333,1049.3,1049.3,0.0,0,41652.9,41652.9,44985.8
N2,N2-S-B206,1,True,B206,Sunners Playground,B,0.191,Playground,1,0.0,0.0,,0,,,1.0,1.0,1.0739,0.333,1345.6,1345.6,0.0,0,43542.1,43542.1,39571.5
N2,N2-S-B209,1,True,B209,Galapo Playground,B,0.56,Playground,1,0.0,0.0,,0,,,1.0,1.0,1.1742,0.333,1263.0,1263.0,0.0,0,51611.5,51611.5,51778.2
N2,N2-S-B210B,1,True,B210B,D'Emic Playground,B,1.185,Playground,1,0.0,0.0,,0,,,0.0,0.0,0.9928,0.0,1272.9,1272.9,0.0,0,59984.7,59984.7,48305.3
N2,N2-S-B210G,1,True,B210G,Triangle Three Sixteen,B,0.272,Triangle/Plaza,1,0.0,0.0,,0,,,1.0,1.0,0.9074,0.333,978.4,978.4,0.0,0,39177.2,45660.7,37673.0
N2,N2-S-B210L,1,True,B210L,64th Street Community Garden,B,0.009,Strip,1,0.0,0.0,,0,,,0.0,0.0,0.7763,0.889,361.3,807.5,0.72,0,33998.2,54212.2,20682.6
N2,N2-S-B210N,1,True,B210N,Park,B,0.002,Strip,1,0.0,0.0,,0,,,0.0,1.0,0.8015,1.0,398.0,740.4,0.831,0,18759.7,36781.8,14812.7
N2,N2-S-B210P,1,True,B210P,Dan Ross Playground,B,0.256,Playground,1,0.0,0.0,,0,,,0.0,0.0,0.8432,0.667,637.2,772.2,0.364,0,33505.3,47707.3,27939.6
N2,N2-S-B210R,1,True,B210R,Park,B,0.005,Strip,1,0.0,0.0,,0,,,0.0,0.0,0.9208,1.0,36.7,258.8,1.0,0,18080.2,43525.8,4763.9
N2,N2-S-B210U,1,True,B210U,Park,B,0.002,Strip,1,0.0,0.0,,0,,,0.0,1.0,1.246,1.0,413.7,413.7,0.0,0,32465.3,37220.1,22383.4
N2,N2-S-B210V,1,True,B210V,Park,B,0.609,Parkway,1,0.0,0.0,,0,,,0.0,0.0,0.8782,1.0,386.7,386.7,0.0,0,48676.2,59630.4,33327.1
N2,N2-S-B211,1,True,B211,Lady Moody Triangle,B,0.039,Triangle/Plaza,1,0.0,0.0,,0,,,1.0,1.0,1.0744,0.333,870.3,870.3,0.0,0,39426.4,39426.4,34987.4
N2,N2-S-B213,1,True,B213,Gravesend Triangle,B,0.076,Triangle/Plaza,1,0.0,0.0,,0,,,0.0,1.0,1.1061,0.778,863.9,863.9,0.0,0,39516.6,39516.6,38439.2
N2,N2-S-B215,1,True,B215,Decatur Playground,B,0.802,Jointly Operated Playground,1,0.0,0.0,,0,,,0.0,0.0,1.081,0.333,739.5,739.5,0.0,0,52575.1,54413.3,42863.4
N2,N2-S-B220,1,True,B220,Washington Hall Park,B,0.913,Playground,1,0.0,0.0,,0,,,0.0,0.0,1.1597,0.333,1123.0,1123.0,0.0,0,55814.2,55814.2,50125.9
N2,N2-S-B223B,1,True,B223B,Dimattina Playground,B,0.486,Playground,1,0.0,0.0,,0,,,0.0,0.0,0.7566,1.0,462.7,666.2,0.742,0,29676.5,50601.7,20567.0
N2,N2-S-B223IC,1,True,B223IC,Park,B,0.049,Triangle/Plaza,1,0.0,0.0,,0,,,0.0,0.0,0.5935,1.0,0.0,713.5,1.0,0,4669.6,35349.1,0.0
N2,N2-S-B223JA,1,True,B223JA,Park,B,0.008,Triangle/Plaza,1,0.0,0.0,,0,,,0.0,0.0,0.9897,1.0,45.5,585.7,1.0,0,2592.5,27871.0,2570.4
N2,N2-S-B223NB,1,True,B223NB,Classon Triangle,B,0.272,Triangle/Plaza,1,0.0,0.0,,0,,,1.0,1.0,1.1309,0.444,510.0,972.7,0.819,0,21777.2,35961.8,21028.2
N2,N2-S-B229,1,True,B229,Triangle,B,0.019,Triangle/Plaza,1,0.0,0.0,,0,,,1.0,1.0,1.099,1.0,691.9,699.4,0.018,0,35347.6,35756.0,31553.0
N2,N2-S-B230,1,True,B230,Nicholas Naquan Heyward Jr. Park,B,1.041,Neighborhood Park,1,0.0,0.0,,0,,,0.0,0.0,0.9436,1.0,624.3,645.8,0.07,0,54032.1,59319.5,31537.1
N2,N2-S-B232,1,True,B232,Dean Playground,B,1.371,Neighborhood Park,1,0.0,0.0,,0,,,0.0,0.0,0.9209,1.0,741.7,741.7,0.0,0,63119.4,63119.4,46006.1
N2,N2-S-B234,1,True,B234,Tilden Playground,B,1.164,Neighborhood Park,1,0.0,0.0,,0,,,0.0,0.0,1.1236,1.0,963.9,963.9,0.0,0,59083.4,59083.4,49451.6
N2,N2-S-B235,1,True,B235,Herman Dolgon Playground,B,1.901,Neighborhood Park,1,0.0,0.0,,0,,,1.0,1.0,1.0915,0.333,935.5,935.5,0.0,0,68610.5,68610.5,54853.0
N2,N2-S-B236,1,True,B236,Glenwood Playground,B,1.419,Neighborhood Park,1,0.0,0.0,,0,,,1.0,1.0,1.1258,0.667,971.4,971.4,0.0,0,63995.7,63995.7,45916.0
N2,N2-S-B237,1,True,B237,John Hancock Playground,B,1.552,Jointly Operated Playground,1,0.0,0.0,,0,,,0.0,1.0,1.1224,0.333,1236.4,1236.4,0.0,0,67242.4,70633.6,59151.1
N2,N2-S-B239,1,True,B239,Sheepshead Playground,B,2.086,Jointly Operated Playground,1,0.0,0.0,,0,,,1.0,1.0,1.0789,0.333,1359.2,1366.4,0.007,0,73155.0,74235.5,49151.6
N2,N2-S-B240,1,True,B240,Tucker Place,B,0.156,Triangle/Plaza,1,0.0,0.0,,0,,,1.0,1.0,0.7912,1.0,390.7,546.8,0.969,0,15439.0,36599.6,15142.0
N2,N2-S-B244,1,True,B244,McDonald Playground,B,3.476,Neighborhood Park,1,0.0,0.0,,0,,,0.0,0.0,1.1957,1.0,685.8,685.8,0.0,0,86242.0,86242.0,32140.0
N2,N2-S-B246,1,True,B246,Jerome Playground,B,0.694,Jointly Operated Playground,1,0.0,0.0,,0,,,0.0,1.0,1.0776,0.0,720.1,720.1,0.0,0,52758.9,52758.9,39707.7
N2,N2-S-B247,1,True,B247,Breukelen Ballfields,B,15.877,Community Park,1,0.0,0.0,,0,,,1.0,1.0,1.0863,0.333,3011.9,3125.9,0.165,0,156419.6,167155.4,135279.9
N2,N2-S-B248,1,True,B248,Fox Playground,B,2.272,Jointly Operated Playground,1,0.0,0.0,,0,,,1.0,1.0,1.2,0.333,1214.1,1214.1,0.0,0,74469.4,74469.4,55960.3
N2,N2-S-B249,1,True,B249,Van Dyke Playground,B,1.418,Neighborhood Park,1,0.0,0.0,,0,,,0.0,1.0,0.9435,0.333,271.2,303.2,0.143,0,50755.9,61524.8,15800.3
N2,N2-S-B250,1,True,B250,Nostrand Playground,B,3.06,Jointly Operated Playground,1,0.0,0.0,,0,,,0.0,1.0,0.9927,0.333,958.2,958.2,0.0,0,81678.2,81678.2,58917.7
N2,N2-S-B251,1,True,B251,Manhattan Beach Park,B,42.915,Community Park,1,0.0,0.0,,0,,,0.0,0.0,0.952,1.0,3113.4,3113.4,0.0,0,214410.6,214410.6,125839.2
N2,N2-S-B252,1,True,B252,West Playground,B,2.399,Neighborhood Park,1,0.0,0.0,,0,,,1.0,1.0,1.0434,1.0,1229.7,1229.7,0.0,0,78773.1,78773.1,55737.8
N2,N2-S-B254,1,True,B254,Wingate Park,B,5.687,Jointly Operated Playground,1,0.0,0.0,,0,,,0.0,1.0,0.9663,0.333,1288.3,1288.3,0.0,0,102478.0,102478.0,74406.9
N2,N2-S-B255A,1,True,B255A,Park,B,0.002,Strip,1,0.0,0.0,,0,,,1.0,1.0,1.1874,1.0,399.4,748.0,0.933,0,45201.4,64330.2,15207.7
N2,N2-S-B255B,1,True,B255B,Park,B,0.114,Strip,1,0.0,0.0,,0,,,0.0,1.0,1.2389,0.667,402.0,750.9,0.929,0,51380.5,77534.1,15954.2
N2,N2-S-B255G,1,True,B255G,Butterfly Gardens,B,0.466,Neighborhood Park,1,0.0,0.0,,0,,,0.0,0.0,0.7877,0.333,215.7,730.4,0.877,0,35275.8,50610.4,12225.4
N2,N2-S-B255O,1,True,B255O,Park,B,0.057,Triangle/Plaza,1,0.0,0.0,,0,,,0.0,0.0,0.7416,0.0,291.7,291.7,0.0,0,38358.8,38358.8,17296.4
N2,N2-S-B257,1,True,B257,Frost Playground,B,0.748,Playground,1,0.0,0.0,,0,,,0.0,0.0,0.8671,0.778,483.5,483.5,0.0,0,53901.2,53901.2,23775.5
N2,N2-S-B262,1,True,B262,Potomac Playground,B,1.321,Jointly Operated Playground,1,0.0,0.0,,0,,,1.0,1.0,1.1171,0.0,928.0,1012.4,0.122,0,53760.5,60965.3,51061.4
N2,N2-S-B263,1,True,B263,Sumner Playground,B,1.924,Jointly Operated Playground,1,0.0,0.0,,0,,,0.0,0.0,0.6944,1.0,422.5,466.9,0.136,0,71840.6,72697.4,37966.5
N2,N2-S-B265,1,True,B265,Rainbow Playground,B,0.46,Playground,1,0.0,0.0,,0,,,0.0,1.0,1.1818,0.667,915.7,915.7,0.0,0,49653.3,49653.3,46864.8
N2,N2-S-B267,1,True,B267,Winthrop Playground,B,1.252,Jointly Operated Playground,1,0.0,0.0,,0,,,0.0,0.0,0.8501,0.333,665.9,665.9,0.0,0,69203.9,69203.9,44322.9
N2,N2-S-B271,1,True,B271,Railroad Playground,B,2.316,Neighborhood Park,1,0.0,0.0,,0,,,1.0,1.0,0.9608,0.333,1370.4,1370.4,0.0,0,74091.9,74091.9,62531.2
N2,N2-S-B272,1,True,B272,Marlboro Playground,B,1.051,Neighborhood Park,1,0.0,0.0,,0,,,0.0,0.0,1.0307,1.0,423.1,423.1,0.0,0,59027.2,59027.2,28544.7
N2,N2-S-B274,1,True,B274,Bayview Playground,B,1.393,Jointly Operated Playground,1,0.0,0.0,,0,,,0.0,0.0,1.0058,1.0,739.7,739.7,0.0,0,68116.2,68116.2,30262.2
N2,N2-S-B275,1,True,B275,Grady Playground,B,3.374,Jointly Operated Playground,1,0.0,0.0,,0,,,0.0,0.0,0.9614,1.0,849.8,849.8,0.0,0,69822.8,69822.8,39950.1
N2,N2-S-B277,1,True,B277,Benson Playground,B,0.933,Jointly Operated Playground,1,0.0,0.0,,0,,,1.0,1.0,1.1158,0.667,1065.3,1065.3,0.0,0,57183.7,57183.7,48164.4
N2,N2-S-B278,1,True,B278,Sam Leggio Triangle,B,0.014,Triangle/Plaza,1,0.0,0.0,,0,,,0.0,0.0,1.0324,0.667,859.6,859.6,0.0,0,29750.9,29750.9,30597.8
N2,N2-S-B279,1,True,B279,Wilson Playground,B,1.605,Jointly Operated Playground,1,0.0,0.0,,0,,,0.0,0.0,1.1138,0.333,1236.1,1236.1,0.0,0,72732.9,73493.5,60827.9
N2,N2-S-B282,1,True,B282,Patrick O'Rourke Playground,B,1.23,Jointly Operated Playground,1,0.0,0.0,,0,,,0.0,0.0,1.0241,0.333,879.0,879.0,0.0,0,62556.1,62556.1,44211.3
N2,N2-S-B284,1,True,B284,Marc And Jason's Playground,B,1.148,Community Park,1,0.0,0.0,,0,,,0.0,0.0,0.8238,1.0,916.3,916.3,0.0,0,66287.8,66432.6,46335.0
N2,N2-S-B286,1,True,B286,Bartlett Playground,B,1.055,Playground,1,0.0,0.0,,0,,,0.0,0.0,0.9865,1.0,966.8,966.8,0.0,0,52224.9,58111.0,45805.4
N2,N2-S-B287,1,True,B287,Andries Playground,B,0.964,Jointly Operated Playground,1,0.0,0.0,,0,,,0.0,1.0,1.1661,0.667,526.2,526.2,0.0,0,62248.8,62248.8,27823.9
N2,N2-S-B289,1,True,B289,Cutinella Triangle,B,0.077,Triangle/Plaza,1,0.0,0.0,,0,,,1.0,1.0,1.1851,0.333,766.4,766.4,0.0,0,38469.3,38469.3,33387.0
N2,N2-S-B290,1,True,B290,Public Place,B,0.124,Triangle/Plaza,1,0.0,0.0,,0,,,1.0,1.0,1.176,0.667,1294.3,1294.3,0.0,0,56500.9,56500.9,50003.0
N2,N2-S-B291,1,True,B291,Power Playground,B,2.336,Neighborhood Park,1,0.0,0.0,,0,,,1.0,1.0,1.1352,0.667,1172.9,1172.9,0.0,0,74125.5,74125.5,58337.4
N2,N2-S-B292,1,True,B292,Pratt Playground,B,0.918,Neighborhood Park,1,0.0,0.0,,0,,,1.0,1.0,0.9297,0.667,475.5,475.5,0.0,0,55431.0,55742.1,34025.0
N2,N2-S-B296,1,True,B296,Luna Playground,B,1.709,Playground,1,0.0,0.0,,0,,,0.0,0.0,0.6698,1.0,29.4,29.4,0.0,0,59612.9,71312.7,2935.1
N2,N2-S-B297,1,True,B297,Albemarle Playground,B,0.538,Jointly Operated Playground,1,0.0,0.0,,0,,,0.0,1.0,0.8991,0.667,681.2,681.2,0.0,0,50794.6,50794.6,38813.9
N2,N2-S-B298,1,True,B298,Stockton Playground,B,1.13,Jointly Operated Playground,1,0.0,0.0,,0,,,0.0,1.0,0.9596,0.667,742.9,788.4,0.12,0,57342.3,61541.8,44866.9
N2,N2-S-B302,1,True,B302,Charlie's Place,B,1.29,Playground,1,0.0,0.0,,0,,,0.0,0.0,0.9174,1.0,858.1,858.1,0.0,0,55652.4,61125.3,46155.1
N2,N2-S-B304,1,True,B304,Kennedy King Playground,B,0.784,Jointly Operated Playground,1,0.0,0.0,,0,,,0.0,0.0,1.0813,0.333,874.3,874.3,0.0,0,53960.6,53960.6,35886.2
N2,N2-S-B305,1,True,B305,P.S. 279 Playground,B,0.231,Jointly Operated Playground,1,0.0,0.0,,0,,,0.0,0.0,0.9836,1.0,613.5,613.5,0.0,0,46039.8,46806.1,36991.7
N2,N2-S-B307,1,True,B307,Tiger Playground,B,1.126,Jointly Operated Playground,1,0.0,0.0,,0,,,0.0,0.0,1.1407,1.0,1001.8,1021.7,0.065,0,56159.4,58457.7,48605.4
N2,N2-S-B311,1,True,B311,Ten Eyck Playground,B,1.091,Jointly Operated Playground,1,0.0,0.0,,0,,,0.0,0.0,0.8868,0.333,779.1,779.1,0.0,0,58023.8,58023.8,43078.7
N2,N2-S-B313,1,True,B313,El Shabazz Playground,B,0.917,Jointly Operated Playground,1,0.0,0.0,,0,,,0.0,0.0,1.0795,0.333,510.7,510.7,0.0,0,63179.2,63179.2,25084.9
N2,N2-S-B316,1,True,B316,DiGilio Playground,B,0.851,Community Park,1,0.0,0.0,,0,,,0.0,0.0,1.1299,0.667,699.4,699.4,0.0,0,57901.5,57901.5,40733.3
N2,N2-S-B320,1,True,B320,Park Slope Playground,B,1.036,Jointly Operated Playground,1,0.0,0.0,,0,,,0.0,0.0,1.0856,0.333,864.8,864.8,0.0,0,59258.4,59258.4,41601.4
N2,N2-S-B322,1,True,B322,Pulaski Playground,B,1.409,Jointly Operated Playground,1,0.0,0.0,,0,,,0.0,0.0,1.0487,0.333,930.8,967.1,0.124,0,56404.7,62285.8,44823.3
N2,N2-S-B323,1,True,B323,Hattie Carthan Playground,B,1.195,Jointly Operated Playground,1,0.0,0.0,,0,,,0.0,0.0,1.0722,0.333,701.0,854.9,0.322,0,46029.9,58944.5,38201.0
N2,N2-S-B324,1,True,B324,Jacob Joffe Fields,B,2.94,Community Park,1,0.0,0.0,,0,,,0.0,1.0,1.1502,0.889,1453.2,1453.2,0.0,0,82810.9,82810.9,66656.6
N2,N2-S-B329,1,True,B329,Lindower Park,B,6.51,Community Park,1,0.0,0.0,,0,,,0.0,0.0,1.0429,1.0,2072.8,2072.8,0.0,0,99879.6,99879.6,72083.8
N2,N2-S-B331,1,True,B331,Neptune Playground,B,1.171,Jointly Operated Playground,1,0.0,0.0,,0,,,0.0,0.0,0.5228,1.0,271.4,271.4,0.0,0,69544.9,69583.0,22640.1
N2,N2-S-B332,1,True,B332,Evergreen Playground,B,0.873,Jointly Operated Playground,1,0.0,0.0,,0,,,0.0,0.0,1.0994,0.556,777.9,856.1,0.154,0,46778.7,55353.5,39262.7
N2,N2-S-B335,1,True,B335,Bildersee Playground,B,1.435,Jointly Operated Playground,1,0.0,0.0,,0,,,0.0,1.0,1.1626,0.333,1022.4,1022.4,0.0,0,71851.9,71851.9,49127.1
N2,N2-S-B342,1,True,B342,100% Playground,B,1.601,Jointly Operated Playground,1,0.0,0.0,,0,,,1.0,1.0,1.1202,0.333,1037.9,1037.9,0.0,0,64878.6,64878.6,48147.6
N2,N2-S-B349,1,True,B349,Bath Playground,B,1.131,Jointly Operated Playground,1,0.0,0.0,,0,,,1.0,1.0,1.1395,0.667,1065.6,1065.6,0.0,0,68401.5,68401.5,52403.2
N2,N2-S-B350,1,True,B350,Stroud Playground,B,1.183,Jointly Operated Playground,1,0.0,0.0,,0,,,0.0,0.0,0.7443,0.667,594.6,594.6,0.0,0,66840.2,66840.2,37409.8
N2,N2-S-B352,1,True,B352,Curtis Playground,B,0.981,Playground,1,0.0,0.0,,0,,,0.0,1.0,0.9114,0.333,1202.5,1202.5,0.0,0,56630.8,56630.8,41692.8
N2,N2-S-B356,1,True,B356,North Pacific Playground,B,0.159,Playground,1,0.0,0.0,,0,,,0.0,0.0,1.0883,1.0,398.8,398.8,0.0,0,39147.4,41580.7,19032.0
N2,N2-S-B357,1,True,B357,Jackie Robinson Playground,B,1.005,Jointly Operated Playground,1,0.0,0.0,,0,,,0.0,0.0,1.041,0.333,795.7,795.7,0.0,0,56870.2,56870.2,52938.1
N2,N2-S-B360,1,True,B360,Remsen Playground,B,1.017,Jointly Operated Playground,1,0.0,0.0,,0,,,1.0,1.0,0.9212,0.333,992.5,992.5,0.0,0,59358.6,59358.6,52930.5
N2,N2-S-B361,1,True,B361,Boerum Park,B,0.922,Jointly Operated Playground,1,0.0,0.0,,0,,,0.0,0.0,0.8985,1.0,660.3,684.2,0.066,0,50604.7,55808.0,34449.1
N2,N2-S-B369,1,True,B369,Steeplechase Park,B,10.002,Community Park,1,0.0,0.0,,0,,,0.0,1.0,0.9178,0.333,799.4,799.4,0.0,0,54674.1,54674.1,39866.7
N2,N2-S-B372,1,True,B372,Friends Field,B,6.403,Community Park,1,0.0,0.0,,0,,,0.0,1.0,0.8534,0.667,620.3,620.3,0.0,0,103863.8,103863.8,42940.0
N2,N2-S-B379,1,True,B379,Coney Island Creek Park,B,8.891,Nature Area,1,0.0,0.0,,0,,,0.0,0.0,0.3148,1.0,721.6,721.6,0.0,0,128405.5,135122.6,40154.9
N2,N2-S-B380,1,True,B380,Robert E. Venable Park,B,2.95,Neighborhood Park,1,0.0,0.0,,0,,,1.0,1.0,1.0602,0.333,1321.1,1321.1,0.0,0,73817.8,77552.7,58778.6
N2,N2-S-B384,1,True,B384,Fresh Creek Nature Preserve,B,77.0,Nature Area,1,0.0,0.0,,0,,,0.0,1.0,0.9849,0.333,2998.6,3399.1,0.151,0,340549.9,360132.6,162355.1
N2,N2-S-B385,1,True,B385,WNYC Transmitter Park,B,6.44,Neighborhood Park,1,0.0,0.0,,0,,,0.0,0.0,0.8913,1.0,293.5,293.5,0.0,0,98024.4,105116.4,18622.2
N2,N2-S-B389,1,True,B389,Umma Park,B,0.112,Playground,1,0.0,0.0,,0,,,0.0,0.0,1.1194,0.0,620.4,620.4,0.0,0,44199.1,44199.1,36089.6
N2,N2-S-B391,1,True,B391,Lt. Federico Narvaez Tot Lot,B,0.129,Playground,1,0.0,0.0,,0,,,0.0,0.0,1.1359,0.667,646.5,646.5,0.0,0,40822.8,40822.8,31729.8
N2,N2-S-B392,1,True,B392,Lott Park,B,0.072,Triangle/Plaza,1,0.0,0.0,,0,,,0.0,0.0,0.7538,1.0,394.6,394.6,0.0,0,40278.4,40278.4,21896.4
N2,N2-S-B393,1,True,B393,Sheepshead Bay Piers,B,6.336,Waterfront Facility,1,0.0,0.0,,0,,,1.0,1.0,0.7497,0.667,1970.3,2343.8,0.226,0,144975.5,158354.0,60037.8
N2,N2-S-B394,1,True,B394,Four Sparrow Marsh,B,64.628,Nature Area,1,0.0,0.0,,0,,,0.0,0.0,,0.0,0.0,0.0,,1,196174.0,197289.1,0.0
N2,N2-S-B399,1,True,B399,Gardens Of Union,B,0.201,Garden,1,0.0,0.0,,0,,,0.0,0.0,1.1887,0.667,504.4,504.4,0.0,0,43991.1,43991.1,22906.3
N2,N2-S-B404,1,True,B404,East Flatbush Children's Playground,B,0.112,Playground,1,0.0,0.0,,0,,,0.0,0.0,1.1126,0.333,324.4,341.9,0.102,0,40233.7,40332.9,20158.7
N2,N2-S-B414,1,True,B414,E 4th Street Garden,B,0.193,Garden,1,0.0,0.0,,0,,,0.0,0.0,1.0882,1.0,477.9,524.3,0.261,0,36221.9,43227.8,23186.7
N2,N2-S-B418,1,True,B418,Valentino Pier,B,4.523,Neighborhood Park,1,0.0,0.0,,0,,,0.0,0.0,0.8805,0.333,589.8,589.8,0.0,0,96137.6,96137.6,39134.7
N2,N2-S-B420,1,True,B420,Umoja Garden,B,0.207,Garden,1,0.0,0.0,,0,,,1.0,1.0,1.0067,0.333,823.0,827.9,0.012,0,44335.4,45360.0,36871.9
N2,N2-S-B423,1,True,B423,Project Roots,B,0.174,Garden,1,0.0,0.0,,0,,,0.0,0.0,1.0132,1.0,217.7,357.8,0.883,0,27091.4,39749.9,10410.8
N2,N2-S-B424,1,True,B424,Earth Spirit Garden,B,0.239,Garden,1,0.0,0.0,,0,,,0.0,0.0,1.143,1.0,519.8,531.9,0.046,0,37985.6,43815.6,24278.8
N2,N2-S-B426,1,True,B426,St Nicholas-powers St Garden,B,0.114,Garden,1,0.0,0.0,,0,,,0.0,0.0,0.9887,1.0,282.7,435.5,0.616,0,30015.0,40225.1,14789.4
N2,N2-S-B427,1,True,B427,Sunshine Community Garden,B,0.113,Garden,1,0.0,0.0,,0,,,0.0,0.0,0.9221,1.0,375.9,375.9,0.0,0,40447.9,40509.1,19908.1
N2,N2-S-B428,1,True,B428,Goodwin Gardens,B,0.366,Garden,1,0.0,0.0,,0,,,0.0,0.0,0.9184,1.0,516.9,516.9,0.0,0,48892.1,48892.1,29546.0
N2,N2-S-B430,1,True,B430,Lewis Playground,B,0.166,Playground,1,0.0,0.0,,0,,,1.0,1.0,0.8417,0.0,716.7,716.7,0.0,0,41945.1,41945.1,39525.7
N2,N2-S-B432,1,True,B432,American Veterans Memorial Pier,B,3.168,Waterfront Facility,1,0.0,0.0,,0,,,0.0,0.0,0.2563,0.556,0.0,183.0,1.0,0,57336.5,77134.5,0.0
N2,N2-S-B433,1,True,B433,Hendrick I. Lott House,B,0.751,Historic House Park,1,0.0,0.0,,0,,,0.0,0.0,1.0996,1.0,737.2,737.2,0.0,0,53571.8,53571.8,34876.2
N2,N2-S-B435,1,True,B435,Tilyou Playground,B,0.3,Playground,1,0.0,0.0,,0,,,1.0,1.0,0.9114,0.778,582.7,582.7,0.0,0,44786.8,44786.8,30787.8
N2,N2-S-B441,1,True,B441,American Heart,B,0.052,Garden,1,0.0,0.0,,0,,,0.0,0.0,1.0057,0.333,206.1,341.6,0.84,0,17899.8,37666.8,10592.2
N2,N2-S-B443,1,True,B443,Atkins Gardeners,B,0.066,Garden,1,0.0,0.0,,0,,,0.0,0.0,1.1228,0.333,263.9,440.7,0.585,0,17511.2,37804.4,13929.2
N2,N2-S-B444,1,True,B444,Berry Street Garden,B,0.136,Garden,1,0.0,0.0,,0,,,0.0,1.0,0.8116,0.333,303.5,536.8,0.61,0,26808.2,40663.9,16004.2
N2,N2-S-B445,1,True,B445,Ten Eyck Houses Garden,B,0.115,Garden,1,0.0,0.0,,0,,,0.0,0.0,1.0383,1.0,161.3,344.6,0.96,0,22927.4,38666.0,8133.1
N2,N2-S-B448,1,True,B448,Cedar Tree Garden,B,0.183,Garden,1,0.0,0.0,,0,,,0.0,0.0,1.1126,0.333,387.9,390.3,0.006,0,40577.0,43396.8,22967.9
N2,N2-S-B454,1,True,B454,Cooper St Block Buster Bl Association,B,0.165,Garden,1,0.0,0.0,,0,,,0.0,1.0,1.1787,0.889,377.6,411.1,0.158,0,28576.1,41820.6,21039.7
N2,N2-S-B456,1,True,B456,Walt L Shemal Garden,B,0.15,Garden,1,0.0,0.0,,0,,,0.0,0.0,1.1102,1.0,198.4,402.2,0.642,0,35379.4,41448.7,15324.0
N2,N2-S-B462,1,True,B462,Family Community Garden,B,0.274,Garden,1,0.0,0.0,,0,,,0.0,0.0,1.1247,1.0,342.8,347.8,0.029,0,27558.9,40997.5,19574.9
N2,N2-S-B464,1,True,B464,Farmers Garden,B,0.147,Garden,1,0.0,0.0,,0,,,0.0,0.0,0.9663,0.333,261.3,284.3,0.229,0,37602.6,43465.2,18524.6
N2,N2-S-B465,1,True,B465,First Quincy St Block Association,B,0.127,Garden,1,0.0,0.0,,0,,,0.0,0.0,1.0089,0.667,393.2,422.6,0.122,0,36406.5,40916.9,23186.3
N2,N2-S-B466,1,True,B466,First Temple Of David,B,0.05,Garden,1,0.0,0.0,,0,,,0.0,0.0,1.194,0.667,341.3,707.6,0.808,0,12538.7,34575.7,17240.5
N2,N2-S-B469,1,True,B469,Good Shepherds Garden,B,0.12,Garden,1,0.0,0.0,,0,,,0.0,0.0,1.1137,1.0,403.4,403.4,0.0,0,39944.9,40700.6,19225.5
N2,N2-S-B470,1,True,B470,Granite St Block Association,B,0.178,Garden,1,0.0,0.0,,0,,,0.0,0.0,0.7259,1.0,218.1,506.7,0.769,0,17796.3,35738.7,10455.5
N2,N2-S-B473,1,True,B473,Hancock T and T,B,0.08,Garden,1,0.0,0.0,,0,,,0.0,0.0,1.0736,0.667,317.5,356.6,0.347,0,32452.6,39603.6,19329.0
N2,N2-S-B474,1,True,B474,Hart to Hart,B,0.332,Garden,1,0.0,0.0,,0,,,0.0,0.0,1.0057,0.333,133.7,337.6,1.0,0,23499.2,45995.3,9235.1
N2,N2-S-B479,1,True,B479,Lefferts Pl Block Association,B,0.067,Garden,1,0.0,0.0,,0,,,0.0,0.0,0.9572,0.333,187.1,328.4,0.59,0,35475.9,40176.6,15786.1
N2,N2-S-B480,1,True,B480,Lincoln Rd Block Association,B,0.063,Garden,1,0.0,0.0,,0,,,0.0,0.0,1.0824,0.667,251.0,251.0,0.0,0,25737.3,38977.1,16944.5
N2,N2-S-B484,1,True,B484,Gregory's Garden,B,0.12,Garden,1,0.0,0.0,,0,,,0.0,0.0,1.2137,0.333,415.0,461.5,0.219,0,30779.1,40675.2,18628.2
N2,N2-S-B487,1,True,B487,Preston Community Garden,B,0.059,Garden,1,0.0,0.0,,0,,,0.0,0.0,1.1743,0.333,269.6,306.3,0.264,0,32489.8,40456.1,17964.7
N2,N2-S-B490,1,True,B490,Santos White Garden,B,0.151,Garden,1,0.0,0.0,,0,,,1.0,1.0,0.974,1.0,650.3,650.3,0.0,0,41269.8,41269.8,37195.8
N2,N2-S-B498,1,True,B498,Louis Pl Friends,B,0.042,Garden,1,0.0,0.0,,0,,,0.0,0.0,0.8954,1.0,433.0,440.4,0.034,0,33609.1,38594.3,20585.9
N2,N2-S-B500,1,True,B500,Patrick Van Doren Pocket Park,B,0.041,Garden,1,0.0,0.0,,0,,,0.0,1.0,1.1457,0.667,640.1,640.1,0.0,0,37440.6,37693.3,33127.6
N2,N2-S-B502,1,True,B502,Shiloh Garden,B,0.072,Garden,1,0.0,0.0,,0,,,0.0,0.0,1.089,0.333,49.7,366.8,1.0,0,16021.0,36140.1,3792.4
N2,N2-S-B504,1,True,B504,Ponderosa Garden,B,0.192,Garden,1,0.0,0.0,,0,,,0.0,0.0,1.2235,1.0,413.2,413.2,0.0,0,42556.8,42556.8,28144.6
N2,N2-S-B506,1,True,B506,Prophecy Garden,B,0.091,Garden,1,0.0,0.0,,0,,,0.0,0.0,1.0935,1.0,349.7,354.6,0.021,0,38795.7,39818.7,19886.5
N2,N2-S-B510,1,True,B510,Marcus Garvey Tenant's Assoc. Garden,B,0.234,Garden,1,0.0,0.0,,0,,,0.0,0.0,0.91,0.333,728.3,769.3,0.099,0,38558.5,43669.9,33554.0
N2,N2-S-B512,1,True,B512,Hoparkinson R&L Block Association Garden,B,0.105,Garden,1,0.0,0.0,,0,,,1.0,1.0,1.2184,0.333,286.3,616.6,0.923,0,19928.9,32210.7,14635.5
N2,N2-S-B518,1,True,B518,Victory Garden's Group,B,0.059,Garden,1,0.0,0.0,,0,,,0.0,0.0,1.0853,1.0,380.7,455.9,0.398,0,32907.7,39106.2,20878.4
N2,N2-S-B519,1,True,B519,Spencer St Block Association,B,0.042,Garden,1,0.0,0.0,,0,,,0.0,0.0,1.0935,1.0,374.0,374.0,0.0,0,37536.1,38754.5,21353.1
N2,N2-S-B528,1,True,B528,Howard Av Block Association,B,0.204,Garden,1,0.0,0.0,,0,,,0.0,0.0,0.9811,0.778,666.3,1017.6,0.681,0,29123.5,43491.8,22070.5
N2,N2-S-B530,1,True,B530,Seasons of Vision,B,0.084,Garden,1,0.0,0.0,,0,,,0.0,1.0,1.1725,0.667,330.3,499.6,0.681,0,17207.9,39302.5,15895.6
N2,N2-S-B531,1,True,B531,Garden of Plenty,B,0.064,Garden,1,0.0,0.0,,0,,,0.0,0.0,0.9505,0.333,458.5,628.3,0.579,0,19402.3,37356.6,15955.2
N2,N2-S-B535,1,True,B535,400 Montauk Av Block Assn,B,0.096,Garden,1,0.0,0.0,,0,,,1.0,1.0,1.0832,0.333,521.7,868.5,0.703,0,28359.6,40061.2,23275.6
N2,N2-S-B536,1,True,B536,North 5th Street Pier and Park,B,3.908,Waterfront Facility,1,0.0,0.0,,0,,,0.0,0.0,0.8013,1.0,579.9,579.9,0.0,0,123878.3,127743.1,48718.0
N2,N2-S-B544,1,True,B544,100 Quincy Street Community Garden,B,0.058,Garden,1,0.0,0.0,,0,,,0.0,0.0,1.0268,0.667,379.4,379.4,0.0,0,39079.9,39079.9,22624.9
N2,N2-S-B545,1,True,B545,Oko Farms Aquaponics Education Garden,B,0.058,Garden,1,0.0,0.0,,0,,,0.0,1.0,1.2198,1.0,423.3,423.3,0.0,0,39047.0,39047.0,21602.4
N2,N2-S-B552,1,True,B552,Grand Street Community Garden,B,0.046,Garden,1,0.0,0.0,,0,,,0.0,0.0,1.1344,0.333,432.0,432.0,0.0,0,31240.6,38636.0,17885.4
N2,N2-S-B556,1,True,B556,Know Waste Lands,B,0.097,Garden,1,0.0,0.0,,0,,,1.0,1.0,0.9422,0.333,826.7,826.7,0.0,0,39620.7,39620.7,31928.9
N2,N2-S-B568,1,True,B568,Ashford Street Abundant Garden,B,0.131,Garden,1,0.0,0.0,,0,,,0.0,0.0,1.0559,1.0,86.1,626.3,1.0,0,15840.7,49396.6,5163.6
N2,N2-S-B569,1,True,B569,Chestnut Street Garden,B,0.09,Garden,1,0.0,0.0,,0,,,0.0,0.0,1.0219,1.0,317.4,317.4,0.0,0,42367.6,42367.6,24817.1
N2,N2-S-B570,1,True,B570,Dolly's Park,B,0.049,Garden,1,0.0,0.0,,0,,,0.0,0.0,1.0109,1.0,366.7,366.7,0.0,0,38866.3,38866.3,20513.6
N2,N2-S-B571,1,True,B571,East 43rd Street Community Garden,B,0.091,Garden,1,0.0,0.0,,0,,,0.0,0.0,1.0216,1.0,317.6,317.6,0.0,0,39821.5,39821.5,18786.3
N2,N2-S-B575,1,True,B575,Halsey Garden,B,0.127,Garden,1,0.0,0.0,,0,,,0.0,0.0,1.0005,0.333,401.2,401.2,0.0,0,39083.7,40978.9,23135.6
N2,N2-S-B577,1,True,B577,EL Garden,B,0.118,Garden,1,0.0,0.0,,0,,,0.0,0.0,1.0383,1.0,348.4,350.8,0.014,0,38859.1,40653.7,19162.6
N2,N2-S-B580,1,True,B580,Java Street Community Garden,B,0.069,Garden,1,0.0,0.0,,0,,,0.0,0.0,0.9882,1.0,446.9,446.9,0.0,0,38414.6,39475.3,21572.5
N2,N2-S-B581,1,True,B581,Warwick Street Greenery Glow Garden,B,0.038,Garden,1,0.0,0.0,,0,,,0.0,0.0,1.1488,0.333,352.0,371.8,0.11,0,30252.2,37715.8,15487.8
N2,N2-S-B582,1,True,B582,Brooklyn's Finest Garden,B,0.057,Garden,1,0.0,0.0,,0,,,0.0,0.0,0.9997,0.333,371.5,408.7,0.188,0,35460.7,41314.9,23492.8
N2,N2-S-B584,1,True,B584,Moffat Garden,B,0.038,Garden,1,0.0,0.0,,0,,,0.0,0.0,1.075,1.0,304.2,304.2,0.0,0,31830.1,38650.7,17858.0
N2,N2-S-B585,1,True,B585,Prospect Plaza Park,B,0.657,Neighborhood Park,1,0.0,0.0,,0,,,0.0,0.0,0.609,1.0,321.1,415.0,0.405,0,38636.4,55456.8,25732.6
N2,N2-S-B588,1,True,B588,Greenpoint Public Park,B,2.649,Neighborhood Park,1,0.0,0.0,,0,,,0.0,0.0,0.6156,1.0,227.7,227.7,0.0,0,74347.1,79838.8,23301.9
N2,N2-S-B593,1,True,B593,Bed-Stuy Farm,B,0.06,Garden,1,0.0,0.0,,0,,,0.0,0.0,1.0825,0.333,330.1,330.1,0.0,0,35896.4,39249.8,20147.9
N2,N2-S-B594,1,True,B594,Maple Street Community Garden,B,0.14,Neighborhood Park,1,0.0,0.0,,0,,,0.0,0.0,1.0617,1.0,376.1,376.1,0.0,0,27509.9,40964.9,22365.8
N2,N2-S-B598,1,True,B598,West 23rd St. Garden,B,1.313,Garden,1,0.0,0.0,,0,,,1.0,1.0,0.8888,1.0,648.7,747.8,0.379,0,41487.6,61161.8,37496.1
N2,N2-S-B599,1,True,B599,Kingsborough Houses Pacific Playground,B,0.333,Playground,1,0.0,0.0,,0,,,0.0,0.0,0.6151,0.333,380.0,399.6,0.098,0,33977.2,45418.9,24135.7
N2,N2-S-B600,1,True,B600,Garden,B,0.157,Garden,1,0.0,0.0,,0,,,0.0,0.0,0.8736,0.333,0.0,430.1,1.0,0,19383.7,39797.6,0.0
N2,N2-S-B601,1,True,B601,MHBA Living Laboratory,B,0.14,Garden,1,0.0,0.0,,0,,,0.0,0.0,1.0827,0.333,0.0,406.1,1.0,0,15875.8,33401.9,0.0
N2,N2-S-B603,1,True,B603,Jerzee Triangle,B,0.008,Triangle/Plaza,1,0.0,0.0,,0,,,1.0,1.0,1.0594,0.333,911.7,911.7,0.0,0,35352.6,35352.6,36698.4
N2,N2-S-B610,1,True,B610,Park,B,0.033,Triangle/Plaza,1,0.0,0.0,,0,,,0.0,0.0,0.5984,1.0,293.0,293.0,0.0,0,36849.0,36849.0,19101.2
N2,N2-S-M009,1,True,M009,Bennett Park,M,1.821,Neighborhood Park,1,0.0,0.0,,0,,,0.0,0.0,1.0266,0.333,1123.3,1123.3,0.0,0,67757.1,67757.1,57266.5
N2,N2-S-M016,1,True,M016,Cooper Triangle,M,0.165,Triangle/Plaza,1,0.0,0.0,,0,,,1.0,1.0,0.9097,0.333,782.9,782.9,0.0,0,37201.0,42547.3,36684.3
N2,N2-S-M024,1,True,M024,Dorrance Brooks Square,M,0.04,Triangle/Plaza,1,0.0,0.0,,0,,,0.0,0.0,1.0865,0.0,479.1,863.5,0.943,0,16649.3,27859.3,20338.9
N2,N2-S-M025,1,True,M025,Duane Park,M,0.115,Triangle/Plaza,1,0.0,0.0,,0,,,0.0,0.0,0.8776,0.333,772.7,865.9,0.237,0,34357.6,41249.8,29665.6
N2,N2-S-M029,1,True,M029,Fort Tryon Park,M,67.174,Community Park,1,0.0,0.0,,0,,,1.0,1.0,0.9604,0.333,3660.1,4141.3,0.231,0,225308.8,253455.4,159757.8
N2,N2-S-M031,1,True,M031,Amelia Gorman Park,M,1.771,Neighborhood Park,1,0.0,0.0,,0,,,0.0,0.0,0.6835,0.333,1150.0,1165.8,0.026,0,62122.5,65364.9,58515.5
N2,N2-S-M039#1,1,True,M039#1,Harlem River Park (1/15),M,2.519,Parkway,1,0.0,0.0,,0,,,0.0,0.0,0.4553,1.0,0.0,0.0,,1,6596.3,22442.2,0.0
N2,N2-S-M039#10,1,True,M039#10,Harlem River Park (10/15),M,2.423,Parkway,1,0.0,0.0,,0,,,0.0,0.0,0.0,1.0,0.0,0.0,,1,61363.7,88271.6,0.0
N2,N2-S-M039#11,1,True,M039#11,Harlem River Park (11/15),M,3.979,Parkway,1,0.0,0.0,,0,,,0.0,0.0,0.0,0.0,0.0,0.0,,1,26935.0,42831.7,0.0
N2,N2-S-M039#12,1,True,M039#12,Harlem River Park (12/15),M,6.94,Parkway,1,0.0,0.0,,0,,,0.0,0.0,0.5973,0.0,0.0,0.0,,1,56400.2,78746.0,0.0
N2,N2-S-M039#14,1,True,M039#14,Harlem River Park (14/15),M,3.709,Parkway,1,0.0,0.0,,0,,,0.0,0.0,0.6741,1.0,0.0,0.0,,1,31187.2,57301.4,0.0
N2,N2-S-M039#2,1,True,M039#2,Harlem River Park (2/15),M,8.038,Parkway,1,0.0,0.0,,0,,,0.0,0.0,0.6002,0.333,429.4,429.4,0.0,0,71923.0,96190.2,19073.0
N2,N2-S-M039#4,1,True,M039#4,Harlem River Park (4/15),M,3.105,Parkway,1,0.0,0.0,,0,,,0.0,0.0,0.7932,1.0,0.0,0.0,,1,23428.6,51698.3,0.0
N2,N2-S-M039#5,1,True,M039#5,Harlem River Park (5/15),M,3.607,Parkway,1,0.0,0.0,,0,,,0.0,0.0,0.0,0.0,0.0,0.0,,1,32171.3,49567.2,0.0
N2,N2-S-M039#6,1,True,M039#6,Harlem River Park (6/15),M,1.408,Parkway,1,0.0,0.0,,0,,,0.0,0.0,0.421,0.333,208.0,307.7,0.664,0,61993.2,91423.8,17053.3
N2,N2-S-M039#9,1,True,M039#9,Harlem River Park (9/15),M,3.904,Parkway,1,0.0,0.0,,0,,,0.0,0.0,0.8282,1.0,0.0,0.0,,1,21105.7,55836.2,0.0
N2,N2-S-M045,1,True,M045,John Jay Park,M,3.317,Community Park,1,0.0,0.0,,0,,,0.0,0.0,0.7252,0.667,710.9,710.9,0.0,0,47352.6,76997.6,51106.1
N2,N2-S-M052,1,True,M052,Madison Square Park,M,6.236,Neighborhood Park,1,0.0,0.0,,0,,,1.0,1.0,1.0324,0.333,1958.6,2330.9,0.366,0,83206.6,96031.1,79041.5
N2,N2-S-M059,1,True,M059,Murphy Brothers Playground,M,1.239,Playground,1,0.0,0.0,,0,,,0.0,1.0,0.7413,0.333,545.9,545.9,0.0,0,70239.7,70239.7,24728.2
N2,N2-S-M060B,1,True,M060B,Park Avenue Malls,M,0.621,Mall,1,0.0,0.0,,0,,,0.0,1.0,1.1171,0.333,2817.6,2817.6,0.0,0,109662.7,109662.7,120746.0
N2,N2-S-M060C#1,1,True,M060C#1,Park Avenue Malls (1/8),M,0.596,Mall,1,0.0,0.0,,0,,,0.0,0.0,1.1089,0.667,1768.2,2686.9,0.533,0,81093.3,111218.6,81024.7
N2,N2-S-M060C#3,1,True,M060C#3,Park Avenue Malls (3/8),M,0.562,Mall,1,0.0,0.0,,0,,,0.0,0.0,1.1589,0.333,1982.0,2656.6,0.522,0,77219.1,108699.3,92322.4
N2,N2-S-M060C#4,1,True,M060C#4,Park Avenue Malls (4/8),M,0.555,Mall,1,0.0,0.0,,0,,,0.0,0.0,1.1223,0.333,2011.5,2695.6,0.513,0,76698.3,109473.6,95559.8
N2,N2-S-M060C#5,1,True,M060C#5,Park Avenue Malls (5/8),M,0.568,Mall,1,0.0,0.0,,0,,,0.0,0.0,1.1094,0.667,2005.3,2705.3,0.535,0,79101.1,109541.2,95856.9
N2,N2-S-M060C#6,1,True,M060C#6,Park Avenue Malls (6/8),M,0.611,Mall,1,0.0,0.0,,0,,,0.0,0.0,1.1052,0.667,1998.0,2683.6,0.522,0,83063.1,113584.4,93810.3
N2,N2-S-M066,1,True,M066,Dr. Gertrude B. Kelly Playground,M,0.53,Neighborhood Park,1,0.0,0.0,,0,,,0.0,0.0,0.76,0.333,692.6,692.6,0.0,0,50443.9,50443.9,36863.7
N2,N2-S-M076,1,True,M076,St. Vartan Park,M,2.772,Neighborhood Park,1,0.0,0.0,,0,,,1.0,1.0,1.0406,0.222,1787.3,1787.3,0.0,0,82132.3,84025.2,72616.5
N2,N2-S-M079,1,True,M079,St. Catherine's Park,M,1.416,Neighborhood Park,1,0.0,0.0,,0,,,1.0,1.0,1.1782,0.333,1018.5,1018.5,0.0,0,62254.0,62254.0,49432.2
N2,N2-S-M081,1,True,M081,Carl Schurz Park,M,13.959,Neighborhood Park,1,0.0,0.0,,0,,,0.0,0.0,0.7619,0.667,1085.7,1137.9,0.108,0,132782.2,146156.7,54514.3
N2,N2-S-M089,1,True,M089,Union Square Park,M,6.504,Community Park,1,0.0,0.0,,0,,,0.0,1.0,0.8931,0.333,2456.6,2456.6,0.0,0,105095.4,105095.4,102250.9
N2,N2-S-M091,1,True,M091,Bennett Rest,M,4.063,Nature Area,1,0.0,0.0,,0,,,0.0,0.0,0.8184,1.0,968.7,1100.5,0.21,0,97441.3,108751.1,49809.5
N2,N2-S-M094#1,1,True,M094#1,Broadway Malls (1/11),M,0.509,Mall,1,0.0,0.0,,0,,,0.0,0.0,1.1163,0.333,1890.1,2413.4,0.557,0,74482.7,105213.3,84943.3
N2,N2-S-M094#9,1,True,M094#9,Broadway Malls (9/11),M,0.515,Mall,1,0.0,0.0,,0,,,0.0,0.0,1.0952,0.333,1781.1,2688.4,0.532,0,80084.9,110567.2,73465.3
N2,N2-S-M099,1,True,M099,J. Hood Wright Park,M,6.699,Neighborhood Park,1,0.0,0.0,,0,,,0.0,0.0,1.0142,0.333,1796.4,1796.4,0.074,0,73606.6,93028.2,83353.9
N2,N2-S-M101,1,True,M101,Worth Square,M,0.269,Triangle/Plaza,1,0.0,0.0,,0,,,1.0,1.0,1.0793,0.333,471.2,950.9,0.896,0,21866.1,33392.9,21298.1
N2,N2-S-M108G,1,True,M108G,Playground 103 CIII,M,1.097,Neighborhood Park,1,0.0,0.0,,0,,,0.0,0.0,0.4008,0.667,115.0,143.8,0.385,0,29022.7,57002.7,10873.9
N2,N2-S-M108P,1,True,M108P,Sutton Parks,M,0.842,Triangle/Plaza,1,0.0,0.0,,0,,,0.0,0.0,0.6156,0.333,1070.5,1100.2,0.777,0,58040.2,117418.3,68313.8
N2,N2-S-M108T#1,1,True,M108T#1,East River Walk (1/6),M,0.84,Waterfront Facility,1,0.0,0.0,,0,,,0.0,0.0,0.0,1.0,0.0,232.9,1.0,0,31432.6,81455.0,0.0
N2,N2-S-M108T#3,1,True,M108T#3,East River Walk (3/6),M,1.339,Waterfront Facility,1,0.0,0.0,,0,,,0.0,0.0,0.0,1.0,0.0,0.0,,1,144231.3,180202.1,0.0
N2,N2-S-M108T#4,1,True,M108T#4,East River Walk (4/6),M,0.483,Waterfront Facility,1,0.0,0.0,,0,,,0.0,0.0,0.4134,1.0,182.3,182.3,0.0,0,70321.7,86106.1,11318.6
N2,N2-S-M108T#6,1,True,M108T#6,East River Walk (6/6),M,1.056,Waterfront Facility,1,0.0,0.0,,0,,,0.0,0.0,0.0,1.0,14.8,14.8,0.0,0,77628.2,109285.6,1265.2
N2,N2-S-M108T01#1,1,True,M108T01#1,East River Esplanade (1/8),M,3.132,Waterfront Facility,1,0.0,0.0,,0,,,0.0,0.0,0.0,1.0,0.0,0.0,,1,161824.7,234222.4,0.0
N2,N2-S-M108T01#4,1,True,M108T01#4,East River Esplanade (4/8),M,1.176,Waterfront Facility,1,0.0,0.0,,0,,,0.0,0.0,0.0,0.0,0.0,0.0,,1,73376.7,108574.6,0.0
N2,N2-S-M108T01#5,1,True,M108T01#5,East River Esplanade (5/8),M,1.183,Waterfront Facility,1,0.0,0.0,,0,,,0.0,0.0,0.3353,0.0,0.0,0.0,,1,45373.4,92615.5,0.0
N2,N2-S-M108T01#8,1,True,M108T01#8,East River Esplanade (8/8),M,2.245,Waterfront Facility,1,0.0,0.0,,0,,,0.0,0.0,0.0,1.0,0.0,0.0,,1,112566.1,170622.0,0.0
N2,N2-S-M140,1,True,M140,Recreational Area,M,18.175,Community Park,1,0.0,0.0,,0,,,0.0,0.0,0.5535,0.778,458.9,458.9,0.0,0,155207.4,195905.7,16613.5
N2,N2-S-M144,1,True,M144,John V. Lindsay East River Park,M,45.055,Community Park,1,0.0,0.0,,0,,,0.0,0.0,0.5724,1.0,0.0,0.0,,1,392090.0,457285.1,0.0
N2,N2-S-M148,1,True,M148,White Playground,M,0.687,Playground,1,0.0,0.0,,0,,,0.0,1.0,0.9126,0.333,876.4,876.4,0.0,0,53181.6,53345.1,37652.8
N2,N2-S-M154,1,True,M154,Mathews-Palmer Playground,M,0.483,Playground,1,0.0,0.0,,0,,,0.0,0.0,1.0943,1.0,554.2,629.8,0.162,0,42181.5,50205.1,34907.7
N2,N2-S-M161,1,True,M161,McCaffrey Playground,M,0.442,Playground,1,0.0,0.0,,0,,,0.0,0.0,1.1289,1.0,451.7,451.7,0.0,0,49001.9,49001.9,27895.2
N2,N2-S-M164,1,True,M164,Asser Levy Playground,M,2.765,Community Park,1,0.0,0.0,,0,,,0.0,0.0,0.8713,0.667,865.0,865.0,0.0,0,77396.5,77396.5,52468.2
N2,N2-S-M165,1,True,M165,Baruch Playground,M,2.298,Recreational Field/Courts,1,0.0,0.0,,0,,,0.0,0.0,0.8279,1.0,769.1,790.6,0.055,0,55656.0,72413.3,61617.6
N2,N2-S-M180,1,True,M180,Lt. Wm. Tighe Triangle,M,0.185,Triangle/Plaza,1,0.0,0.0,,0,,,0.0,0.0,0.8656,0.444,589.3,917.7,0.758,0,25104.6,37783.0,28327.2
N2,N2-S-M184,1,True,M184,Samuel N. Bennerson 2nd Playground,M,0.737,Neighborhood Park,1,0.0,0.0,,0,,,0.0,0.0,1.0761,1.0,369.9,389.1,0.085,0,48559.8,53417.3,28443.5
N2,N2-S-M188A,1,True,M188A,Abe Lebewohl Triangle,M,0.013,Triangle/Plaza,1,0.0,0.0,,0,,,0.0,0.0,1.0249,0.333,387.9,591.2,0.698,0,22214.2,34371.6,16639.9
N2,N2-S-M198,1,True,M198,"Martin Luther King, Jr. Playground",M,1.085,Neighborhood Park,1,0.0,0.0,,0,,,0.0,0.0,0.8656,1.0,951.7,951.7,0.0,0,59062.1,59062.1,33159.4
N2,N2-S-M203C,1,True,M203C,Dag Hammarskjold Plaza,M,1.584,Triangle/Plaza,1,0.0,0.0,,0,,,0.0,1.0,1.0997,0.667,1371.4,1371.4,0.0,0,77463.5,77507.0,61355.7
N2,N2-S-M209,1,True,M209,Mill Rock Park,M,8.588,Nature Area,1,0.0,0.0,,0,,,0.0,0.0,,0.0,0.0,0.0,,1,112156.0,112156.0,0.0
N2,N2-S-M212,1,True,M212,The Queen Elizabeth II September 11th Garden,M,0.118,Triangle/Plaza,1,0.0,0.0,,0,,,0.0,0.0,0.8289,0.333,1083.4,1097.6,0.028,0,42003.1,42952.2,39886.4
N2,N2-S-M213,1,True,M213,Mae Grant Playground,M,0.969,Neighborhood Park,1,0.0,0.0,,0,,,0.0,0.0,0.8188,0.333,918.7,918.7,0.0,0,57406.8,57406.8,42571.8
N2,N2-S-M215,1,True,M215,Cherry Tree Park,M,0.95,Neighborhood Park,1,0.0,0.0,,0,,,1.0,1.0,1.1432,0.333,629.9,710.8,0.199,0,48343.7,55912.0,38458.4
N2,N2-S-M218,1,True,M218,DeSalvio Playground,M,0.266,Playground,1,0.0,0.0,,0,,,0.0,0.0,0.9094,0.333,659.4,926.5,0.666,0,27397.3,43929.5,27559.0
N2,N2-S-M221,1,True,M221,Gutenberg Playground,M,0.637,Jointly Operated Playground,1,0.0,0.0,,0,,,0.0,0.0,1.1126,1.0,426.2,426.2,0.0,0,44800.4,52521.0,24464.3
N2,N2-S-M225,1,True,M225,Wagner Playground,M,1.269,Jointly Operated Playground,1,0.0,0.0,,0,,,0.0,0.0,0.947,0.333,1015.8,1015.8,0.0,0,58924.1,59365.1,38804.5
N2,N2-S-M241,1,True,M241,Nathan Straus Playground,M,0.884,Jointly Operated Playground,1,0.0,0.0,,0,,,0.0,0.0,0.9522,0.333,445.6,734.9,0.551,0,41074.7,60804.2,20541.6
N2,N2-S-M244,1,True,M244,Sol Bloom Playground,M,0.859,Jointly Operated Playground,1,0.0,0.0,,0,,,0.0,0.0,1.0198,0.333,778.8,778.8,0.0,0,54983.7,54983.7,44922.2
N2,N2-S-M249,1,True,M249,Penn South Playground,M,0.571,Neighborhood Park,1,0.0,0.0,,0,,,0.0,0.0,0.9177,0.333,513.5,563.0,0.13,0,53560.3,55970.2,37723.6
N2,N2-S-M258,1,True,M258,East River Playground,M,1.331,Jointly Operated Playground,1,0.0,0.0,,0,,,0.0,1.0,0.8719,0.222,461.0,487.5,0.113,0,36482.7,57218.6,29988.0
N2,N2-S-M263,1,True,M263,Bellevue South Park,M,1.591,Neighborhood Park,1,0.0,0.0,,0,,,0.0,0.0,0.851,0.333,709.6,775.1,0.084,0,63983.2,68082.7,37529.3
N2,N2-S-M265,1,True,M265,Vincent F. Albano Jr. Playground,M,0.363,Playground,1,0.0,0.0,,0,,,0.0,1.0,1.1117,0.333,670.4,670.4,0.098,0,44461.6,48448.6,37358.2
N2,N2-S-M271A,1,True,M271A,Harlem RBI,M,0.801,Recreational Field/Courts,1,0.0,0.0,,0,,,0.0,0.0,0.7134,1.0,667.7,695.9,0.11,0,51177.7,54250.6,37610.8
N2,N2-S-M273,1,True,M273,Wagner Houses Pool,M,1.639,Community Park,1,0.0,0.0,,0,,,1.0,1.0,0.9148,0.667,319.8,955.3,0.895,0,18795.8,56907.5,15337.7
N2,N2-S-M281,1,True,M281,Clinton Community Garden,M,0.345,Garden,1,0.0,0.0,,0,,,0.0,0.0,1.0663,1.0,177.3,346.2,0.776,0,19531.7,44151.9,12575.0
N2,N2-S-M283#1,1,True,M283#1,Battery Park City (1/4),M,9.002,Community Park,1,0.0,0.0,,0,,,0.0,0.0,0.7846,0.556,331.5,748.7,0.863,0,105674.0,153378.4,23345.8
N2,N2-S-M289,1,True,M289,East River Esplanade,M,1.713,Neighborhood Park,1,0.0,0.0,,0,,,0.0,0.0,0.3067,0.0,0.0,0.0,,1,96890.3,112574.5,0.0
N2,N2-S-M290,1,True,M290,Pier 107 CVII,M,0.415,Waterfront Facility,1,0.0,0.0,,0,,,0.0,0.0,,0.0,0.0,0.0,,1,25000.8,47513.7,0.0
N2,N2-S-M292,1,True,M292,Sunshine Playground,M,0.24,Playground,1,0.0,0.0,,0,,,0.0,0.0,0.8855,1.0,223.5,417.2,0.758,0,27610.1,43310.1,13147.8
N2,N2-S-M294,1,True,M294,Ruppert Park,M,1.0,Neighborhood Park,1,0.0,0.0,,0,,,0.0,1.0,1.0647,0.333,780.6,780.6,0.0,0,56815.1,56815.1,39647.1
N2,N2-S-M302,1,True,M302,Detective Omar Edwards Park,M,0.257,Neighborhood Park,1,0.0,0.0,,0,,,0.0,0.0,0.8196,0.333,182.1,278.6,0.548,0,36253.9,44283.3,12431.9
N2,N2-S-M304,1,True,M304,West 186th Street Basketball Court,M,0.12,Recreational Field/Courts,1,0.0,0.0,,0,,,0.0,0.0,1.0946,1.0,477.9,477.9,0.0,0,40895.8,40895.8,25421.3
N2,N2-S-M307,1,True,M307,W 87th Street Garden,M,0.097,Garden,1,0.0,0.0,,0,,,0.0,0.0,0.9826,0.333,367.0,367.0,0.0,0,37596.4,40226.0,22325.3
N2,N2-S-M333,1,True,M333,Bradhurst Ave Garden,M,0.096,Garden,1,0.0,0.0,,0,,,0.0,0.0,1.0521,0.667,49.0,594.5,1.0,0,7215.3,28405.3,2563.1
N2,N2-S-M344,1,True,M344,Humacao Community Garden,M,0.116,Garden,1,0.0,0.0,,0,,,0.0,0.0,1.0751,1.0,287.7,309.6,0.149,0,30610.8,40368.9,21934.5
N2,N2-S-M369,1,True,M369,Pier 42,M,7.505,Waterfront Facility,1,0.0,0.0,,0,,,0.0,0.0,0.4457,0.667,329.4,412.7,0.36,0,57967.0,103429.3,15360.4
N2,N2-S-M375,1,True,M375,Pleasant Park Garden,M,0.119,Garden,1,0.0,0.0,,0,,,0.0,0.0,0.8561,0.333,0.0,227.3,1.0,0,17157.7,27463.4,0.0
N2,N2-S-M376,1,True,M376,West Harlem Piers,M,4.71,Waterfront Facility,1,0.0,0.0,,0,,,0.0,0.0,0.7056,0.667,1048.5,1075.6,0.074,0,124165.7,138200.3,36579.0
N2,N2-S-M379,1,True,M379,Canal Park,M,0.67,Neighborhood Park,1,0.0,0.0,,0,,,0.0,0.0,0.9587,0.333,1481.1,1481.1,0.0,0,57104.7,57104.7,49741.2
N2,N2-S-M383,1,True,M383,La Cuevita Garden,M,0.058,Garden,1,0.0,0.0,,0,,,0.0,0.0,1.1159,0.333,450.9,450.9,0.0,0,34457.3,39272.2,17983.1
N2,N2-S-M399,1,True,M399,Bella Abzug Park,M,2.591,Neighborhood Park,1,0.0,0.0,,0,,,0.0,0.0,0.9293,0.667,2020.2,2020.2,0.0,0,104780.8,104780.8,96272.5
N2,N2-S-M401,1,True,M401,Lydia's Magic Garden (El Girasol Magic Garden),M,0.1,Garden,1,0.0,0.0,,0,,,0.0,0.0,1.2597,1.0,734.7,796.3,0.191,0,31389.7,39828.3,26257.0
N2,N2-S-M402,1,True,M402,Chelsea Green,M,0.237,Playground,1,0.0,0.0,,0,,,0.0,0.0,1.0132,0.667,325.3,325.3,0.0,0,43790.0,43790.0,18067.5
N2,N2-S-M403,1,True,M403,Walter Miller III Memorial Garden (La Casa Frela),M,0.047,Garden,1,0.0,0.0,,0,,,0.0,0.0,1.1765,0.333,329.3,373.8,0.382,0,24123.3,35392.2,19810.6
N2,N2-S-M414,1,True,M414,Manuel Plaza,M,0.225,Neighborhood Park,1,0.0,0.0,,0,,,0.0,0.0,0.5884,0.333,0.0,354.5,1.0,0,20090.3,43224.2,0.0
N2,N2-S-M416,1,True,M416,Park,M,0.311,Waterfront Facility,1,0.0,0.0,,0,,,0.0,0.0,0.9058,0.444,529.1,529.1,0.0,0,44343.3,46724.2,29468.2
N2,N2-S-M421,1,True,M421,Park,M,0.493,Neighborhood Park,1,0.0,0.0,,0,,,0.0,0.0,0.7856,1.0,584.9,779.0,0.375,0,41291.5,49780.4,26581.9
N2,N2-S-Q001A,1,True,Q001A,Alley Athletic Playground,Q,27.46,Recreational Field/Courts,1,0.0,0.0,,0,,,0.0,0.0,0.7571,1.0,2563.4,2563.4,0.0,0,155947.8,155947.8,90412.5
N2,N2-S-Q002,1,True,Q002,Grover Cleveland Playground,Q,5.12,Neighborhood Park,1,0.0,0.0,,0,,,0.0,0.0,0.9983,0.333,1033.3,1033.3,0.0,0,90992.6,90992.6,53946.7
N2,N2-S-Q004,1,True,Q004,Astoria Park,Q,56.102,Community Park,1,0.0,0.0,,0,,,1.0,1.0,0.93,0.333,3492.2,4054.6,0.333,0,245281.5,280724.9,143832.9
N2,N2-S-Q004A,1,True,Q004A,Ralph Demarco Park,Q,5.823,Neighborhood Park,1,0.0,0.0,,0,,,1.0,1.0,0.7905,0.667,1133.4,1242.9,0.188,0,125440.6,138412.4,64577.9
N2,N2-S-Q006,1,True,Q006,Bowne Park,Q,11.772,Neighborhood Park,1,0.0,0.0,,0,,,0.0,1.0,1.0642,0.333,2695.5,2695.5,0.0,0,123312.4,123312.4,114258.9
N2,N2-S-Q008,1,True,Q008,Brookville Park,Q,88.795,Community Park,1,0.0,0.0,,0,,,0.0,1.0,0.9818,0.333,5832.3,5839.7,0.003,0,359310.1,364002.1,273652.8
N2,N2-S-Q009,1,True,Q009,Hermon A. MacNeil Park,Q,30.159,Neighborhood Park,1,0.0,0.0,,0,,,0.0,1.0,0.9493,0.333,945.0,945.0,0.0,0,173283.0,173283.0,50376.6
N2,N2-S-Q010A,1,True,Q010A,Little Bay Park,Q,53.474,Community Park,1,0.0,0.0,,0,,,1.0,1.0,0.8509,1.0,2462.9,2624.4,0.261,0,230760.6,245100.6,74358.4
N2,N2-S-Q011,1,True,Q011,Poppenhusen Playground,Q,1.163,Playground,1,0.0,0.0,,0,,,1.0,1.0,1.0288,1.0,1277.0,1277.0,0.0,0,59001.8,59001.8,48715.5
N2,N2-S-Q012,1,True,Q012,Crocheron Park,Q,39.55,Community Park,1,0.0,0.0,,0,,,1.0,1.0,0.9238,1.0,2044.1,2192.4,0.121,0,139126.5,148662.4,85615.1
N2,N2-S-Q012B,1,True,Q012B,John Golden Park,Q,16.999,Community Park,1,0.0,0.0,,0,,,0.0,0.0,0.8777,1.0,855.4,972.8,0.273,0,66183.9,75126.2,59388.9
N2,N2-S-Q013,1,True,Q013,Veterans Grove,Q,0.651,Playground,1,0.0,0.0,,0,,,0.0,0.0,0.9902,0.333,961.9,961.9,0.0,0,55022.1,55022.1,46881.8
N2,N2-S-Q014,1,True,Q014,Astoria Heights Playground,Q,2.336,Jointly Operated Playground,1,0.0,0.0,,0,,,0.0,0.0,0.9562,1.0,1282.6,1282.6,0.0,0,75458.3,75458.3,54843.9
N2,N2-S-Q017,1,True,Q017,The Olde Towne of Flushing Burial Ground,Q,3.097,Neighborhood Park,1,0.0,0.0,,0,,,1.0,1.0,0.9123,1.0,1120.7,1120.7,0.0,0,86402.7,86402.7,55940.8
N2,N2-S-Q021B,1,True,Q021B,McLaughlin Playground,Q,0.307,Playground,1,0.0,0.0,,0,,,0.0,0.0,0.9799,1.0,726.9,726.9,0.0,0,30397.8,30397.8,26963.4
N2,N2-S-Q021C,1,True,Q021C,Seven Gables Playground,Q,1.334,Jointly Operated Playground,1,0.0,0.0,,0,,,0.0,0.0,0.9564,0.333,850.7,850.7,0.0,0,40333.4,40333.4,33389.2
N2,N2-S-Q022,1,True,Q022,Margaret I. Carman Green - Weeping Beech,Q,2.565,Playground,1,0.0,0.0,,0,,,1.0,1.0,0.8031,1.0,926.3,926.3,0.0,0,81817.6,81817.6,53323.0
N2,N2-S-Q023,1,True,Q023,Rufus King Park,Q,11.426,Neighborhood Park,1,0.0,0.0,,0,,,1.0,1.0,1.1123,1.0,2367.8,2372.7,0.004,0,116621.2,120468.3,110355.1
N2,N2-S-Q025,1,True,Q025,Major Mark Park,Q,0.937,Triangle/Plaza,1,0.0,0.0,,0,,,1.0,1.0,0.8564,0.333,1260.1,1260.1,0.0,0,58828.0,58828.0,47415.4
N2,N2-S-Q027#1,1,True,Q027#1,Laurelton Parkway (1/8),Q,8.029,Parkway,1,0.0,0.0,,0,,,0.0,1.0,1.0297,0.333,1406.2,2109.7,0.599,0,94629.9,132587.9,68718.7
N2,N2-S-Q027#2,1,True,Q027#2,Laurelton Parkway (2/8),Q,5.166,Parkway,1,0.0,0.0,,0,,,0.0,0.0,0.9427,0.667,1396.2,2282.6,0.608,0,84969.6,122014.3,59456.1
N2,N2-S-Q027#3,1,True,Q027#3,Laurelton Parkway (3/8),Q,4.329,Parkway,1,0.0,0.0,,0,,,1.0,1.0,0.9721,0.333,1225.3,1717.2,0.569,0,62198.9,117431.4,46286.6
N2,N2-S-Q027#7,1,True,Q027#7,Laurelton Parkway (7/8),Q,7.539,Parkway,1,0.0,0.0,,0,,,0.0,0.0,1.1232,0.667,1978.1,2496.4,0.483,0,90767.3,128543.0,77928.7
N2,N2-S-Q027#8,1,True,Q027#8,Laurelton Parkway (8/8),Q,6.042,Parkway,1,0.0,0.0,,0,,,1.0,1.0,1.0528,0.667,1725.5,2016.0,0.261,0,101147.7,122845.3,68037.0
N2,N2-S-Q028A,1,True,Q028A,Tribute Park,Q,0.83,Triangle/Plaza,1,0.0,0.0,,0,,,0.0,0.0,0.9031,0.333,800.5,926.6,0.554,0,22807.6,46324.1,26200.2
N2,N2-S-Q030,1,True,Q030,Midland Malls,Q,1.8,Mall,1,0.0,0.0,,0,,,1.0,1.0,1.0451,0.333,4607.3,4607.3,0.0,0,232243.0,232243.0,188608.5
N2,N2-S-Q033,1,True,Q033,Mall Eighteen,Q,0.079,Mall,1,0.0,0.0,,0,,,0.0,0.0,0.9706,1.0,768.4,768.4,0.0,0,44268.3,44268.3,37677.4
N2,N2-S-Q035#2,1,True,Q035#2,Mall Thirty Four XXXIV (2/7),Q,0.137,Mall,1,0.0,0.0,,0,,,0.0,1.0,1.1815,0.333,1456.8,2052.4,0.567,0,70850.8,100148.6,69688.1
N2,N2-S-Q035#5,1,True,Q035#5,Mall Thirty Four XXXIV (5/7),Q,0.126,Mall,1,0.0,0.0,,0,,,0.0,1.0,1.1908,0.333,1421.4,2133.6,0.666,0,65766.0,97379.7,62988.7
N2,N2-S-Q036A,1,True,Q036A,Rafferty Triangle,Q,0.063,Triangle/Plaza,1,0.0,0.0,,0,,,0.0,0.0,0.9295,0.333,737.3,976.0,0.453,0,29815.5,38982.2,30399.7
N2,N2-S-Q037,1,True,Q037,Neponsit Mall,Q,0.587,Mall,1,0.0,0.0,,0,,,1.0,1.0,1.1336,1.0,3848.5,3848.5,0.0,0,138498.4,138498.4,147372.0
N2,N2-S-Q038,1,True,Q038,Benninger Playground,Q,0.582,Playground,1,0.0,0.0,,0,,,0.0,0.0,1.0057,1.0,445.7,445.7,0.0,0,52817.1,52817.1,24575.1
N2,N2-S-Q042,1,True,Q042,Poppenhusen Park,Q,0.064,Triangle/Plaza,1,0.0,0.0,,0,,,0.0,1.0,1.1173,0.333,811.4,816.3,0.012,0,40053.7,40091.3,32945.9
N2,N2-S-Q044,1,True,Q044,L/CPL Thomas P. Noonan Jr. Playground,Q,1.071,Playground,1,0.0,0.0,,0,,,1.0,1.0,1.0851,0.333,1361.9,1361.9,0.0,0,59590.9,59590.9,51130.7
N2,N2-S-Q045,1,True,Q045,Andrews Grove,Q,0.532,Playground,1,0.0,0.0,,0,,,0.0,0.0,1.0282,1.0,461.7,511.3,0.308,0,42148.2,51064.0,19514.8
N2,N2-S-Q047,1,True,Q047,Queens Village Veterans Plaza,Q,0.287,Triangle/Plaza,1,0.0,0.0,,0,,,1.0,1.0,0.985,0.333,1190.7,1190.7,0.0,0,47278.7,47278.7,41543.5
N2,N2-S-Q052,1,True,Q052,Captain Tilly Park,Q,9.308,Neighborhood Park,1,0.0,0.0,,0,,,0.0,0.0,0.9605,1.0,1639.1,1639.1,0.0,0,116451.0,116451.0,84873.6
N2,N2-S-Q053,1,True,Q053,Equity Playground,Q,1.314,Playground,1,0.0,0.0,,0,,,0.0,0.0,0.8726,1.0,1049.8,1049.8,0.0,0,65876.8,65876.8,52170.4
N2,N2-S-Q059,1,True,Q059,Catharine Turner Richardson Park,Q,0.514,Triangle/Plaza,1,0.0,0.0,,0,,,0.0,0.0,0.9751,0.333,1069.1,1069.1,0.0,0,54781.8,54781.8,53079.1
N2,N2-S-Q062,1,True,Q062,Fleetwood Triangle,Q,0.027,Triangle/Plaza,1,0.0,0.0,,0,,,1.0,1.0,1.1926,1.0,848.9,848.9,0.0,0,36373.3,36373.3,29708.1
N2,N2-S-Q063,1,True,Q063,Luke J. Lang Square,Q,0.002,Triangle/Plaza,1,0.0,0.0,,0,,,1.0,1.0,1.0659,0.333,336.2,706.2,0.917,0,11139.7,25974.2,12623.1
N2,N2-S-Q067,1,True,Q067,Pigeon Paradise,Q,0.072,Triangle/Plaza,1,0.0,0.0,,0,,,1.0,1.0,1.0841,0.333,506.0,896.8,0.828,0,19878.0,34925.3,13791.8
N2,N2-S-Q067A,1,True,Q067A,General Hart Playground,Q,0.941,Neighborhood Park,1,0.0,0.0,,0,,,1.0,1.0,1.0757,0.333,1041.0,1393.2,0.533,0,42200.0,55604.4,40688.3
N2,N2-S-Q069,1,True,Q069,Middleburgh Triangle,Q,0.002,Triangle/Plaza,1,0.0,0.0,,0,,,0.0,1.0,1.0957,0.556,673.2,673.2,0.0,0,32973.7,32973.7,31406.5
N2,N2-S-Q070,1,True,Q070,Trolley Car Triangle,Q,0.03,Triangle/Plaza,1,0.0,0.0,,0,,,0.0,0.0,1.0917,0.333,989.0,989.0,0.0,0,36408.5,36408.5,31747.0
N2,N2-S-Q073,1,True,Q073,Plaut Triangle,Q,0.267,Triangle/Plaza,1,0.0,0.0,,0,,,1.0,1.0,0.9679,0.333,1118.1,1118.1,0.0,0,47456.7,47456.7,46779.0
N2,N2-S-Q076,1,True,Q076,Legion Triangle,Q,0.045,Triangle/Plaza,1,0.0,0.0,,0,,,1.0,1.0,0.9947,0.667,673.9,673.9,0.0,0,39357.8,39357.8,28960.2
N2,N2-S-Q079,1,True,Q079,Wellbrock Triangle,Q,0.008,Triangle/Plaza,1,0.0,0.0,,0,,,1.0,1.0,1.0534,0.667,833.7,833.7,0.0,0,34159.8,34159.8,33445.6
N2,N2-S-Q080,1,True,Q080,Veterans Plaza,Q,0.097,Triangle/Plaza,1,0.0,0.0,,0,,,1.0,1.0,0.9476,0.333,950.7,950.7,0.0,0,41750.5,41750.5,41909.0
N2,N2-S-Q082,1,True,Q082,Wayanda Park,Q,2.565,Jointly Operated Playground,1,0.0,0.0,,0,,,0.0,1.0,0.8844,0.667,797.1,797.1,0.0,0,74281.5,74358.1,37526.5
N2,N2-S-Q083#1,1,True,Q083#1,Jackie Robinson Parkway (1/17),Q,3.337,Parkway,1,0.0,0.0,,0,,,0.0,0.0,0.8572,1.0,1429.6,1604.2,0.24,0,58898.0,71274.9,44826.2
N2,N2-S-Q083#10,1,True,Q083#10,Jackie Robinson Parkway (10/17),Q,4.854,Parkway,1,0.0,0.0,,0,,,1.0,1.0,1.0655,0.667,1333.6,1594.1,0.387,0,38609.8,61259.0,29845.5
N2,N2-S-Q083#11,1,True,Q083#11,Jackie Robinson Parkway (11/17),Q,2.213,Parkway,1,0.0,0.0,,0,,,0.0,0.0,0.9531,0.333,441.6,711.4,0.795,0,72798.1,106550.2,27115.1
N2,N2-S-Q083#12,1,True,Q083#12,Jackie Robinson Parkway (12/17),Q,2.567,Parkway,1,0.0,0.0,,0,,,1.0,1.0,0.7484,1.0,720.9,820.0,0.242,0,72514.1,92414.4,45508.0
N2,N2-S-Q083#13,1,True,Q083#13,Jackie Robinson Parkway (13/17),Q,3.69,Parkway,1,0.0,0.0,,0,,,1.0,1.0,0.952,0.667,1025.5,1395.2,0.727,0,38238.9,59390.8,30615.3
N2,N2-S-Q083#14,1,True,Q083#14,Jackie Robinson Parkway (14/17),Q,2.281,Parkway,1,0.0,0.0,,0,,,0.0,0.0,1.0172,1.0,905.4,1167.9,0.34,0,44193.1,53402.9,18464.5
N2,N2-S-Q083#15,1,True,Q083#15,Jackie Robinson Parkway (15/17),Q,4.752,Parkway,1,0.0,0.0,,0,,,0.0,0.0,0.9465,0.667,634.6,962.0,0.676,0,35958.7,65705.5,25993.3
N2,N2-S-Q083#16,1,True,Q083#16,Jackie Robinson Parkway (16/17),Q,1.56,Parkway,1,0.0,0.0,,0,,,1.0,1.0,1.06,1.0,1119.4,1543.9,0.483,0,56317.0,84483.2,51671.9
N2,N2-S-Q083#17,1,True,Q083#17,Jackie Robinson Parkway (17/17),Q,3.321,Parkway,1,0.0,0.0,,0,,,0.0,0.0,0.2072,1.0,402.0,518.7,0.225,0,27175.1,42941.9,10206.0
N2,N2-S-Q083#3,1,True,Q083#3,Jackie Robinson Parkway (3/17),Q,2.638,Parkway,1,0.0,0.0,,0,,,1.0,1.0,1.0509,0.667,828.3,1315.6,0.619,0,37460.4,51110.7,36123.9
N2,N2-S-Q083#4,1,True,Q083#4,Jackie Robinson Parkway (4/17),Q,1.772,Parkway,1,0.0,0.0,,0,,,1.0,1.0,0.9383,1.0,760.9,860.6,0.231,0,83735.8,93992.5,45159.6
N2,N2-S-Q083#5,1,True,Q083#5,Jackie Robinson Parkway (5/17),Q,2.301,Parkway,1,0.0,0.0,,0,,,0.0,0.0,1.0801,1.0,1023.6,1396.5,0.535,0,34966.5,54590.2,22941.9
N2,N2-S-Q083#6,1,True,Q083#6,Jackie Robinson Parkway (6/17),Q,0.801,Parkway,1,0.0,0.0,,0,,,0.0,0.0,0.262,1.0,0.0,0.0,,1,42067.1,61621.2,0.0
N2,N2-S-Q083#7,1,True,Q083#7,Jackie Robinson Parkway (7/17),Q,1.024,Parkway,1,0.0,0.0,,0,,,0.0,0.0,0.6431,1.0,1505.3,1667.2,0.258,0,53174.8,69216.4,36601.0
N2,N2-S-Q083#8,1,True,Q083#8,Jackie Robinson Parkway (8/17),Q,2.121,Parkway,1,0.0,0.0,,0,,,0.0,0.0,0.0,1.0,0.0,0.0,,1,47684.9,57231.8,0.0
N2,N2-S-Q083#9,1,True,Q083#9,Jackie Robinson Parkway (9/17),Q,1.231,Parkway,1,0.0,0.0,,0,,,0.0,0.0,1.0184,0.333,165.2,262.4,0.962,0,46339.6,72893.5,12063.4
N2,N2-S-Q084B,1,True,Q084B,Tepper Triangle,Q,0.316,Triangle/Plaza,1,0.0,0.0,,0,,,0.0,0.0,0.9995,0.333,814.5,814.5,0.0,0,37150.3,37150.3,37555.7
N2,N2-S-Q089B,1,True,Q089B,Harvey Park,Q,9.136,Community Park,1,0.0,0.0,,0,,,0.0,0.0,0.896,0.778,1627.2,1627.2,0.0,0,124528.2,124528.2,86303.2
N2,N2-S-Q092,1,True,Q092,Police Officer Edward Byrne Park,Q,4.709,Community Park,1,0.0,0.0,,0,,,0.0,0.0,0.8672,0.333,1878.8,1878.8,0.0,0,106403.3,106403.3,84750.3
N2,N2-S-Q096G,1,True,Q096G,Park,Q,0.009,Strip,1,0.0,0.0,,0,,,0.0,0.0,0.909,1.0,257.3,257.3,0.0,0,54260.9,54260.9,16779.8
N2,N2-S-Q100A,1,True,Q100A,Daniel Carter Beard Mall,Q,0.585,Triangle/Plaza,1,0.0,0.0,,0,,,1.0,1.0,1.0315,0.667,1113.9,1372.7,0.473,0,50191.1,64606.7,48535.4
N2,N2-S-Q101,1,True,Q101,Middle Village Playground,Q,0.442,Neighborhood Park,1,0.0,0.0,,0,,,0.0,0.0,1.0118,1.0,953.6,953.6,0.0,0,49475.0,49475.0,44127.2
N2,N2-S-Q102,1,True,Q102,Juniper Valley Park,Q,53.453,Community Park,1,0.0,0.0,,0,,,1.0,1.0,1.0992,1.0,6231.0,6231.0,0.0,0,277220.8,277220.8,266682.3
N2,N2-S-Q103,1,True,Q103,Raymond O’Connor Park,Q,5.364,Neighborhood Park,1,0.0,0.0,,0,,,1.0,1.0,1.0185,0.667,1754.6,1754.6,0.0,0,91125.6,91125.6,81132.7
N2,N2-S-Q104,1,True,Q104,Queensbridge Park,Q,20.851,Community Park,1,0.0,0.0,,0,,,1.0,1.0,0.9804,0.333,2767.0,2767.0,0.0,0,239189.3,239189.3,135472.7
N2,N2-S-Q105,1,True,Q105,Howard Von Dohlen Playground,Q,1.374,Neighborhood Park,1,0.0,0.0,,0,,,0.0,0.0,0.8846,1.0,1118.0,1118.0,0.0,0,61609.2,61861.5,51821.7
N2,N2-S-Q106,1,True,Q106,Daniel M. O'Connell Playground,Q,2.168,Neighborhood Park,1,0.0,0.0,,0,,,0.0,0.0,1.1449,1.0,1602.7,1602.7,0.0,0,71970.5,71970.5,72328.1
N2,N2-S-Q118,1,True,Q118,Police Officer Nicholas Demutiis Park,Q,1.165,Neighborhood Park,1,0.0,0.0,,0,,,0.0,0.0,0.93,0.333,1041.8,1041.8,0.0,0,59130.3,59130.3,45046.5
N2,N2-S-Q119,1,True,Q119,Frederick B. Judge Playground,Q,2.231,Neighborhood Park,1,0.0,0.0,,0,,,0.0,1.0,1.0246,1.0,1781.9,1781.9,0.0,0,76639.6,76639.6,68127.6
N2,N2-S-Q120,1,True,Q120,Harvard Playground,Q,0.586,Neighborhood Park,1,0.0,0.0,,0,,,0.0,0.0,0.9334,1.0,474.4,474.4,0.0,0,52838.7,52838.7,21746.0
N2,N2-S-Q121A,1,True,Q121A,William Simmons Community Garden Club,Q,0.599,Garden,1,0.0,0.0,,0,,,0.0,0.0,0.7167,0.667,304.9,534.2,0.947,0,28374.1,41842.1,14227.9
N2,N2-S-Q123,1,True,Q123,Astoria Health Playground,Q,0.206,Playground,1,0.0,0.0,,0,,,0.0,0.0,1.0423,1.0,551.7,551.7,0.0,0,43135.1,43135.1,28861.0
N2,N2-S-Q126,1,True,Q126,Francis Lewis Park,Q,16.626,Neighborhood Park,1,0.0,0.0,,0,,,0.0,0.0,0.9173,0.667,980.8,980.8,0.0,0,135551.5,135551.5,46525.3
N2,N2-S-Q128,1,True,Q128,London Planetree Playground,Q,1.804,Neighborhood Park,1,0.0,0.0,,0,,,0.0,1.0,1.1183,0.667,1209.4,1209.4,0.0,0,67724.6,67724.6,47624.8
N2,N2-S-Q129,1,True,Q129,"Phil ""Scooter"" Rizzuto Park",Q,5.29,Community Park,1,0.0,0.0,,0,,,0.0,1.0,1.0696,0.333,2191.0,2191.0,0.0,0,89944.8,89944.8,83919.4
N2,N2-S-Q133,1,True,Q133,Pat Williams Playground,Q,0.522,Playground,1,0.0,0.0,,0,,,0.0,0.0,0.9981,1.0,432.9,432.9,0.0,0,34992.1,35065.3,15447.1
N2,N2-S-Q133A,1,True,Q133A,Hempstead Ballfield,Q,1.933,Recreational Field/Courts,1,0.0,0.0,,0,,,0.0,0.0,0.7086,1.0,301.5,352.6,0.298,0,29951.2,47591.1,9794.4
N2,N2-S-Q133B,1,True,Q133B,Hempstead Bench Spread,Q,0.275,Triangle/Plaza,1,0.0,0.0,,0,,,0.0,0.0,0.9733,1.0,724.4,778.3,0.135,0,27999.5,37145.2,29660.2
N2,N2-S-Q134,1,True,Q134,Jack Breininger Park,Q,3.73,Neighborhood Park,1,0.0,0.0,,0,,,0.0,0.0,1.0277,1.0,1286.8,1286.8,0.0,0,85332.1,85332.1,44989.3
N2,N2-S-Q135A,1,True,Q135A,McKee Triangle,Q,0.055,Triangle/Plaza,1,0.0,0.0,,0,,,0.0,0.0,1.1201,0.556,799.5,799.5,0.0,0,33304.4,33304.4,25068.2
N2,N2-S-Q136,1,True,Q136,Playground 115,Q,0.286,Playground,1,0.0,0.0,,0,,,0.0,0.0,0.955,0.333,504.7,504.7,0.0,0,45042.4,45042.4,27113.8
N2,N2-S-Q139,1,True,Q139,Drumm Triangle,Q,0.166,Triangle/Plaza,1,0.0,0.0,,0,,,1.0,1.0,0.9351,0.333,866.6,866.6,0.0,0,40565.4,40565.4,37503.7
N2,N2-S-Q140,1,True,Q140,Barclay Triangle,Q,0.078,Triangle/Plaza,1,0.0,0.0,,0,,,1.0,1.0,1.1307,0.333,1199.9,1199.9,0.0,0,38954.9,38954.9,36648.2
N2,N2-S-Q142,1,True,Q142,Jacob Riis Triangle,Q,0.025,Triangle/Plaza,1,0.0,0.0,,0,,,0.0,1.0,1.1659,0.333,947.7,947.7,0.0,0,36210.4,36210.4,30930.0
N2,N2-S-Q151,1,True,Q151,Grand Slope,Q,0.196,Triangle/Plaza,1,0.0,0.0,,0,,,1.0,1.0,1.0094,0.333,1049.8,1049.8,0.0,0,58950.8,58950.8,44462.2
N2,N2-S-Q157,1,True,Q157,Metro Triangle,Q,0.013,Triangle/Plaza,1,0.0,0.0,,0,,,1.0,1.0,1.0789,0.333,668.0,668.0,0.0,0,34941.9,34941.9,34453.8
N2,N2-S-Q159,1,True,Q159,Father Reilly Square,Q,0.028,Triangle/Plaza,1,0.0,0.0,,0,,,0.0,0.0,1.1101,1.0,912.6,912.6,0.0,0,36754.5,36754.5,36328.1
N2,N2-S-Q162J,1,True,Q162J,Beach 17 Playground,Q,13.955,Neighborhood Park,1,0.0,0.0,,0,,,0.0,1.0,0.8733,0.667,1242.7,1396.4,0.307,0,58538.2,73566.8,43662.7
N2,N2-S-Q165,1,True,Q165,Spring Creek Park Addition,Q,50.407,Nature Area,1,0.0,0.0,,0,,,0.0,0.0,0.3701,1.0,460.8,579.2,0.426,0,123721.3,159597.3,27106.2
N2,N2-S-Q168,1,True,Q168,Alexander Grey Triangle,Q,0.014,Triangle/Plaza,1,0.0,0.0,,0,,,0.0,0.0,1.0244,0.667,702.2,702.2,0.0,0,34895.0,34895.0,35561.7
N2,N2-S-Q174A,1,True,Q174A,St. Michael's Playground,Q,5.411,Neighborhood Park,1,0.0,0.0,,0,,,0.0,0.0,1.038,0.667,1025.0,1025.0,0.0,0,97462.5,97462.5,54524.3
N2,N2-S-Q177,1,True,Q177,Tudor Malls,Q,0.138,Mall,1,0.0,0.0,,0,,,0.0,0.0,0.9961,1.0,1847.6,2075.0,0.304,0,69461.8,82410.7,72810.3
N2,N2-S-Q178#2,1,True,Q178#2,Mall Forty Two XLII (2/3),Q,0.565,Mall,1,0.0,0.0,,0,,,1.0,1.0,0.9782,0.667,1465.6,1733.1,0.395,0,79671.1,96129.6,68260.5
N2,N2-S-Q178#3,1,True,Q178#3,Mall Forty Two XLII (3/3),Q,0.357,Mall,1,0.0,0.0,,0,,,0.0,0.0,0.9949,1.0,1544.2,2395.4,0.555,0,78062.0,107024.5,63385.2
N2,N2-S-Q186,1,True,Q186,Jackson Mill Green,Q,0.137,Triangle/Plaza,1,0.0,0.0,,0,,,1.0,1.0,1.1031,0.667,858.8,858.8,0.0,0,48954.4,48954.4,37434.4
N2,N2-S-Q190,1,True,Q190,Corporal Ruoff Square,Q,0.084,Triangle/Plaza,1,0.0,0.0,,0,,,1.0,1.0,1.1698,0.333,1907.8,1907.8,0.0,0,49525.4,49525.4,49096.1
N2,N2-S-Q205A,1,True,Q205A,Big Bush Playground,Q,3.152,Community Park,1,0.0,0.0,,0,,,0.0,1.0,0.9068,1.0,1264.4,1284.2,0.048,0,73463.5,84206.2,42806.0
N2,N2-S-Q205B,1,True,Q205B,Nathan Weidenbaum Playground,Q,0.71,Playground,1,0.0,0.0,,0,,,0.0,0.0,0.9112,1.0,826.0,867.2,0.07,0,37615.9,49675.4,34293.9
N2,N2-S-Q206,1,True,Q206,Eight Oaks Triangle,Q,0.048,Triangle/Plaza,1,0.0,0.0,,0,,,0.0,0.0,0.864,1.0,537.8,537.8,0.0,0,38376.8,38376.8,24986.5
N2,N2-S-Q207,1,True,Q207,MacDonald Park,Q,1.871,Neighborhood Park,1,0.0,0.0,,0,,,0.0,0.0,1.0012,0.667,2792.3,2792.3,0.0,0,83515.2,83515.2,69975.3
N2,N2-S-Q208,1,True,Q208,Litchhult Square,Q,0.029,Triangle/Plaza,1,0.0,0.0,,0,,,1.0,1.0,1.0985,0.333,1040.5,1040.5,0.0,0,36547.2,36547.2,36376.0
N2,N2-S-Q209,1,True,Q209,Lawrence Triangle,Q,0.117,Triangle/Plaza,1,0.0,0.0,,0,,,0.0,1.0,1.1167,1.0,932.6,932.6,0.0,0,42416.6,42416.6,41647.0
N2,N2-S-Q211,1,True,Q211,Maple Playground,Q,0.985,Neighborhood Park,1,0.0,0.0,,0,,,1.0,1.0,0.8753,1.0,532.8,532.8,0.0,0,57485.6,57927.6,34408.5
N2,N2-S-Q212,1,True,Q212,Queens Valley Playground,Q,0.977,Jointly Operated Playground,1,0.0,0.0,,0,,,0.0,0.0,0.7818,1.0,626.8,626.8,0.0,0,56649.7,56649.7,36775.5
N2,N2-S-Q213,1,True,Q213,Studley Triangle,Q,0.018,Triangle/Plaza,1,0.0,0.0,,0,,,1.0,1.0,1.1915,0.333,828.8,828.8,0.0,0,34640.3,34640.3,35391.2
N2,N2-S-Q214,1,True,Q214,Leonard Square,Q,0.081,Triangle/Plaza,1,0.0,0.0,,0,,,1.0,1.0,1.1531,0.333,857.4,857.4,0.0,0,40967.7,40967.7,37884.6
N2,N2-S-Q215,1,True,Q215,Whitey Ford Field,Q,3.453,Recreational Field/Courts,1,0.0,0.0,,0,,,0.0,0.0,0.7187,0.0,503.8,503.8,0.0,0,81103.0,81103.0,31700.4
N2,N2-S-Q217,1,True,Q217,Lt. Frank McConnell Park,Q,0.204,Triangle/Plaza,1,0.0,0.0,,0,,,0.0,1.0,0.9641,0.333,1169.2,1169.2,0.0,0,46982.2,46982.2,47284.6
N2,N2-S-Q218,1,True,Q218,Dutch Kills Playground,Q,2.737,Jointly Operated Playground,1,0.0,0.0,,0,,,0.0,0.0,0.818,0.333,1436.6,1436.6,0.0,0,81276.1,81276.1,69800.9
N2,N2-S-Q219#11,1,True,Q219#11,Rockaway Freeway (11/16),Q,0.313,Parkway,1,0.0,0.0,,0,,,1.0,1.0,1.0013,0.778,762.1,1315.1,0.799,0,50994.9,80668.3,35455.2
N2,N2-S-Q219#14,1,True,Q219#14,Rockaway Freeway (14/16),Q,2.845,Parkway,1,0.0,0.0,,0,,,0.0,0.0,1.0759,0.556,557.5,1413.1,0.866,0,53889.3,92783.6,15719.1
N2,N2-S-Q219#16,1,True,Q219#16,Rockaway Freeway (16/16),Q,0.227,Parkway,1,0.0,0.0,,0,,,0.0,1.0,1.0326,0.778,951.9,1280.4,0.408,0,43995.1,70038.5,32408.0
N2,N2-S-Q219#3,1,True,Q219#3,Rockaway Freeway (3/16),Q,0.441,Parkway,1,0.0,0.0,,0,,,0.0,0.0,0.9339,0.556,1518.1,1768.3,0.396,0,59025.1,78311.9,48382.7
N2,N2-S-Q219#4,1,True,Q219#4,Rockaway Freeway (4/16),Q,0.105,Parkway,1,0.0,0.0,,0,,,1.0,1.0,1.0791,0.333,755.4,1107.7,0.838,0,54612.8,86510.3,30262.0
N2,N2-S-Q219#5,1,True,Q219#5,Rockaway Freeway (5/16),Q,0.554,Parkway,1,0.0,0.0,,0,,,0.0,0.0,1.063,1.0,1659.2,2003.7,0.562,0,65669.0,87957.5,41346.4
N2,N2-S-Q219#7,1,True,Q219#7,Rockaway Freeway (7/16),Q,0.26,Parkway,1,0.0,0.0,,0,,,0.0,0.0,0.8063,1.0,766.1,1470.4,0.705,0,49809.4,82100.3,21445.1
N2,N2-S-Q219#8,1,True,Q219#8,Rockaway Freeway (8/16),Q,0.94,Parkway,1,0.0,0.0,,0,,,0.0,0.0,0.7895,1.0,885.5,1235.7,0.307,0,61517.1,90978.6,45137.8
N2,N2-S-Q220B,1,True,Q220B,Norelli-Hargreaves Playground,Q,1.297,Playground,1,0.0,0.0,,0,,,0.0,0.0,0.909,0.333,881.3,881.3,0.0,0,69013.0,69013.0,38605.7
N2,N2-S-Q222,1,True,Q222,Glenwood Landing,Q,0.114,Triangle/Plaza,1,0.0,0.0,,0,,,0.0,0.0,0.898,1.0,468.8,468.8,0.0,0,43682.1,43682.1,27808.1
N2,N2-S-Q223,1,True,Q223,Fresh Meadows Park,Q,1.14,Triangle/Plaza,1,0.0,0.0,,0,,,1.0,1.0,0.9502,0.333,920.3,920.3,0.0,0,67914.1,67914.1,44586.7
N2,N2-S-Q225,1,True,Q225,Broad Channel Veteran's Park,Q,0.651,Triangle/Plaza,1,0.0,0.0,,0,,,0.0,0.0,0.8687,0.333,1359.2,1359.2,0.0,0,64516.5,79080.2,57026.4
N2,N2-S-Q232,1,True,Q232,Dwyer Square,Q,0.003,Triangle/Plaza,1,0.0,0.0,,0,,,1.0,1.0,1.1301,1.0,741.2,741.2,0.0,0,33201.0,33201.0,32403.0
N2,N2-S-Q243,1,True,Q243,Norelli-Hargreaves Memorial Triangle,Q,0.037,Triangle/Plaza,1,0.0,0.0,,0,,,1.0,1.0,1.1775,0.667,877.5,877.5,0.0,0,37730.2,37730.2,35488.6
N2,N2-S-Q245,1,True,Q245,Hollis Veterans Square,Q,0.017,Triangle/Plaza,1,0.0,0.0,,0,,,1.0,1.0,1.1372,0.667,921.3,921.3,0.0,0,36014.5,36014.5,33437.2
N2,N2-S-Q246,1,True,Q246,Travis Triangle,Q,0.221,Triangle/Plaza,1,0.0,0.0,,0,,,0.0,1.0,1.1153,0.333,1121.5,1121.5,0.0,0,52954.7,52954.7,46144.7
N2,N2-S-Q257,1,True,Q257,Lt. Clinton L .Whiting Square,Q,0.078,Triangle/Plaza,1,0.0,0.0,,0,,,0.0,0.0,1.0283,1.0,786.0,786.0,0.0,0,40943.6,40943.6,34687.8
N2,N2-S-Q266,1,True,Q266,Westbourne Playground,Q,1.629,Jointly Operated Playground,1,0.0,0.0,,0,,,0.0,0.0,1.0545,1.0,1286.5,1286.5,0.0,0,75740.6,75740.6,66328.3
N2,N2-S-Q275,1,True,Q275,Patricia A. Brackley Park,Q,0.158,Triangle/Plaza,1,0.0,0.0,,0,,,0.0,0.0,0.8948,0.333,507.1,812.1,0.738,0,21140.1,33859.6,23085.8
N2,N2-S-Q281,1,True,Q281,Nakks Malls,Q,0.284,Mall,1,0.0,0.0,,0,,,0.0,0.0,0.9401,1.0,1990.5,1990.5,0.0,0,92009.5,92058.5,85535.3
N2,N2-S-Q283,1,True,Q283,225 Street Malls,Q,0.7,Mall,1,0.0,0.0,,0,,,1.0,1.0,1.0652,0.667,4339.6,4339.6,0.0,0,191130.3,191130.3,127639.9
N2,N2-S-Q284,1,True,Q284,Sixteen Oaks Grove,Q,0.255,Triangle/Plaza,1,0.0,0.0,,0,,,1.0,1.0,1.1186,0.333,876.4,876.4,0.0,0,46833.9,46833.9,37005.2
N2,N2-S-Q285,1,True,Q285,Al Stabile Playground,Q,0.494,Jointly Operated Playground,1,0.0,0.0,,0,,,0.0,0.0,1.066,1.0,907.7,907.7,0.0,0,50548.9,50548.9,47068.1
N2,N2-S-Q289,1,True,Q289,Pinocchio Playground,Q,1.015,Jointly Operated Playground,1,0.0,0.0,,0,,,0.0,0.0,0.9431,1.0,1042.3,1042.3,0.0,0,60356.4,60356.4,40800.8
N2,N2-S-Q291,1,True,Q291,Starr Playground,Q,0.889,Playground,1,0.0,0.0,,0,,,0.0,0.0,1.0609,0.333,1118.9,1118.9,0.0,0,55364.2,55364.2,51853.9
N2,N2-S-Q293,1,True,Q293,Saul Weprin Playground,Q,1.52,Jointly Operated Playground,1,0.0,0.0,,0,,,0.0,0.0,1.0598,0.667,1250.2,1250.2,0.0,0,63851.9,63851.9,53990.6
N2,N2-S-Q294,1,True,Q294,Utopia Playground,Q,3.117,Neighborhood Park,1,0.0,0.0,,0,,,0.0,1.0,0.9817,0.667,2050.3,2050.3,0.0,0,84207.7,84207.7,81393.0
N2,N2-S-Q296,1,True,Q296,Playground Thirty Five XXXV,Q,0.22,Playground,1,0.0,0.0,,0,,,1.0,1.0,0.9336,0.667,706.9,706.9,0.0,0,43302.9,43302.9,35922.1
N2,N2-S-Q298,1,True,Q298,Paul Raimonda Playground,Q,1.304,Playground,1,0.0,0.0,,0,,,1.0,1.0,1.0854,0.333,905.2,905.2,0.0,0,60778.9,60778.9,48835.7
N2,N2-S-Q300A1,1,True,Q300A1,Holy Cow Playground,Q,2.574,Jointly Operated Playground,1,0.0,0.0,,0,,,0.0,0.0,0.9063,1.0,187.0,392.8,0.884,0,23917.2,70981.5,13063.1
N2,N2-S-Q302,1,True,Q302,Evergreen Park,Q,2.955,Jointly Operated Playground,1,0.0,0.0,,0,,,0.0,0.0,1.001,1.0,947.2,947.2,0.0,0,81092.2,81092.2,47077.0
N2,N2-S-Q304,1,True,Q304,Ehrenreich-Austin Playground,Q,1.221,Playground,1,0.0,0.0,,0,,,0.0,0.0,1.1035,1.0,748.8,748.8,0.0,0,68465.5,68465.5,43268.2
N2,N2-S-Q305,1,True,Q305,Mafera Park,Q,6.795,Community Park,1,0.0,0.0,,0,,,0.0,0.0,0.8567,1.0,668.9,668.9,0.0,0,116059.9,116059.9,30014.6
N2,N2-S-Q306,1,True,Q306,The Painter's Playground,Q,1.698,Jointly Operated Playground,1,0.0,0.0,,0,,,0.0,0.0,1.0501,1.0,916.3,916.3,0.0,0,69597.9,69597.9,48771.3
N2,N2-S-Q308,1,True,Q308,Bowne Playground,Q,1.288,Jointly Operated Playground,1,0.0,0.0,,0,,,0.0,0.0,0.96,0.667,905.4,905.4,0.0,0,60501.0,61026.5,53312.1
N2,N2-S-Q310,1,True,Q310,Glen Oaks Oval,Q,2.912,Community Park,1,0.0,0.0,,0,,,0.0,1.0,0.9707,0.778,1326.8,1326.8,0.0,0,70971.4,70971.4,62634.8
N2,N2-S-Q314,1,True,Q314,Fresh Meadows Playground,Q,1.364,Jointly Operated Playground,1,0.0,0.0,,0,,,0.0,0.0,0.7374,1.0,987.5,987.5,0.0,0,61380.5,61380.5,49021.3
N2,N2-S-Q317,1,True,Q317,Tall Oak Playground,Q,1.48,Jointly Operated Playground,1,0.0,0.0,,0,,,0.0,0.0,1.024,0.333,1053.9,1053.9,0.0,0,63418.1,63418.1,51776.8
N2,N2-S-Q318,1,True,Q318,Playground Eighty LXXX,Q,1.374,Jointly Operated Playground,1,0.0,0.0,,0,,,0.0,0.0,0.9832,1.0,1016.3,1016.3,0.0,0,62378.2,62378.2,47661.5
N2,N2-S-Q319,1,True,Q319,Annadale Playground,Q,1.006,Jointly Operated Playground,1,0.0,0.0,,0,,,0.0,0.0,1.1632,0.333,1056.6,1056.6,0.0,0,56910.4,56910.4,45988.6
N2,N2-S-Q322,1,True,Q322,Bellaire Playground,Q,0.809,Jointly Operated Playground,1,0.0,0.0,,0,,,1.0,1.0,1.0992,1.0,744.6,744.6,0.0,0,54612.7,54612.7,36396.0
N2,N2-S-Q325,1,True,Q325,Gladys Warren Triangle,Q,0.12,Triangle/Plaza,1,0.0,0.0,,0,,,0.0,1.0,1.0974,0.667,949.6,949.6,0.0,0,42056.6,42056.6,41240.9
N2,N2-S-Q326,1,True,Q326,James A. Bland Playground,Q,0.546,Playground,1,0.0,0.0,,0,,,0.0,0.0,0.7703,1.0,372.9,372.9,0.0,0,51814.7,51814.7,19456.6
N2,N2-S-Q327,1,True,Q327,Castlewood Playground,Q,2.058,Jointly Operated Playground,1,0.0,0.0,,0,,,0.0,0.0,1.1483,0.778,813.5,813.5,0.0,0,49044.9,49044.9,35495.5
N2,N2-S-Q328,1,True,Q328,Bellerose Playground,Q,0.996,Jointly Operated Playground,1,0.0,0.0,,0,,,0.0,0.0,1.0639,1.0,1072.4,1072.4,0.0,0,56849.9,56849.9,46117.7
N2,N2-S-Q329,1,True,Q329,Pomonok Playground,Q,3.595,Jointly Operated Playground,1,0.0,0.0,,0,,,1.0,1.0,0.9892,1.0,1133.6,1133.6,0.0,0,80957.1,80957.1,50552.6
N2,N2-S-Q330,1,True,Q330,Locust Manor Playground,Q,2.002,Jointly Operated Playground,1,0.0,0.0,,0,,,0.0,0.0,1.0265,1.0,990.6,990.6,0.0,0,74199.1,74199.1,49764.9
N2,N2-S-Q333,1,True,Q333,Ravenswood Playground,Q,2.822,Neighborhood Park,1,0.0,0.0,,0,,,1.0,1.0,1.1326,0.333,1059.7,1059.7,0.0,0,84460.9,84460.9,71056.2
N2,N2-S-Q334,1,True,Q334,Playground Twenty One,Q,1.439,Jointly Operated Playground,1,0.0,0.0,,0,,,1.0,1.0,0.9668,0.333,1071.9,1071.9,0.0,0,63518.9,63518.9,50645.5
N2,N2-S-Q335,1,True,Q335,Russell Sage Playground,Q,1.526,Jointly Operated Playground,1,0.0,0.0,,0,,,0.0,0.0,0.9227,1.0,706.1,706.1,0.0,0,63853.2,63853.2,35706.3
N2,N2-S-Q336,1,True,Q336,Judge Moses Weinstein Playground,Q,3.193,Community Park,1,0.0,0.0,,0,,,0.0,0.0,0.9836,0.778,2184.8,2184.8,0.0,0,83874.6,83874.6,85047.1
N2,N2-S-Q337,1,True,Q337,Maurice A FitzGerald Playground,Q,1.217,Playground,1,0.0,0.0,,0,,,0.0,1.0,1.0803,0.667,1070.8,1070.8,0.0,0,60896.6,60896.6,35779.3
N2,N2-S-Q338,1,True,Q338,Admiral Playground,Q,0.759,Jointly Operated Playground,1,0.0,0.0,,0,,,1.0,1.0,0.6456,0.778,750.1,750.1,0.0,0,56474.3,56474.3,44393.9
N2,N2-S-Q339,1,True,Q339,Cambria Playground,Q,4.655,Community Park,1,0.0,0.0,,0,,,0.0,0.0,1.038,0.667,1511.3,1511.3,0.0,0,89619.7,89619.7,68768.3
N2,N2-S-Q340,1,True,Q340,Torsney Playground,Q,2.084,Playground,1,0.0,0.0,,0,,,0.0,1.0,1.2054,0.333,991.8,991.8,0.0,0,80066.3,80066.3,53503.7
N2,N2-S-Q341A,1,True,Q341A,Park,Q,0.008,Triangle/Plaza,1,0.0,0.0,,0,,,0.0,0.0,0.0,1.0,44.3,274.1,1.0,0,3779.6,32950.3,3241.4
N2,N2-S-Q341B,1,True,Q341B,Latham Park,Q,0.019,Triangle/Plaza,1,0.0,0.0,,0,,,0.0,0.0,0.4462,1.0,235.7,235.7,0.0,0,11638.4,33033.2,18415.3
N2,N2-S-Q341C,1,True,Q341C,Sherry Dog Run,Q,0.367,Triangle/Plaza,1,0.0,0.0,,0,,,0.0,1.0,1.2295,0.667,611.2,626.2,0.052,0,34238.8,46775.0,20689.5
N2,N2-S-Q342,1,True,Q342,Electric Playground,Q,1.723,Neighborhood Park,1,0.0,0.0,,0,,,0.0,0.0,0.5291,1.0,1062.0,1062.0,0.0,0,66019.8,66019.8,47310.9
N2,N2-S-Q343,1,True,Q343,Whitestone Playground,Q,1.648,Jointly Operated Playground,1,0.0,0.0,,0,,,0.0,0.0,1.0017,1.0,913.5,913.5,0.0,0,64826.9,64826.9,49064.5
N2,N2-S-Q344,1,True,Q344,Emerald Playground,Q,1.264,Jointly Operated Playground,1,0.0,0.0,,0,,,0.0,1.0,1.1224,0.333,1171.5,1171.5,0.0,0,63322.3,63322.3,47920.7
N2,N2-S-Q345,1,True,Q345,Redfern Playground,Q,3.039,Playground,1,0.0,0.0,,0,,,0.0,0.0,0.882,1.0,579.2,579.2,0.0,0,78076.2,78076.2,36367.6
N2,N2-S-Q346,1,True,Q346,Challenge Playground,Q,2.034,Jointly Operated Playground,1,0.0,0.0,,0,,,0.0,1.0,1.1037,1.0,965.9,965.9,0.0,0,71846.7,71846.7,52966.5
N2,N2-S-Q347,1,True,Q347,Colden Playground,Q,1.469,Jointly Operated Playground,1,0.0,0.0,,0,,,1.0,1.0,1.0036,0.333,972.5,972.5,0.0,0,62647.6,62647.6,50280.4
N2,N2-S-Q348,1,True,Q348,Willow Lake Playground,Q,1.309,Jointly Operated Playground,1,0.0,0.0,,0,,,0.0,0.0,0.8491,0.667,422.8,422.8,0.0,0,62819.5,62819.5,26409.6
N2,N2-S-Q351,1,True,Q351,Peters Field,Q,2.875,Neighborhood Park,1,0.0,0.0,,0,,,1.0,1.0,1.0525,0.667,885.3,885.3,0.0,0,80004.2,80004.2,49618.6
N2,N2-S-Q352,1,True,Q352,Hillside Playground,Q,1.122,Jointly Operated Playground,1,0.0,0.0,,0,,,0.0,0.0,1.0227,1.0,1013.6,1013.6,0.0,0,63724.0,63724.0,47025.1
N2,N2-S-Q354,1,True,Q354,Playground Seventy Five,Q,0.749,Jointly Operated Playground,1,0.0,0.0,,0,,,0.0,0.0,1.1372,1.0,1063.8,1063.8,0.0,0,54391.9,54391.9,46238.9
N2,N2-S-Q355,1,True,Q355,Strippoli Square,Q,0.072,Triangle/Plaza,1,0.0,0.0,,0,,,1.0,1.0,1.1294,0.778,868.2,868.2,0.0,0,39623.6,39623.6,38741.0
N2,N2-S-Q356,1,True,Q356,Alley Park,Q,2.403,Jointly Operated Playground,1,0.0,0.0,,0,,,0.0,0.0,0.5391,1.0,774.9,774.9,0.0,0,45678.4,45678.4,41213.7
N2,N2-S-Q357D,1,True,Q357D,Park,Q,0.023,Strip,1,0.0,0.0,,0,,,0.0,0.0,1.0565,0.667,496.1,595.9,0.348,0,48319.0,62040.2,24210.4
N2,N2-S-Q357E,1,True,Q357E,Park,Q,0.024,Strip,1,0.0,0.0,,0,,,0.0,0.0,0.9737,0.667,172.2,369.3,1.0,0,34633.1,61717.9,8760.9
N2,N2-S-Q357G,1,True,Q357G,Turtle Playground,Q,0.477,Playground,1,0.0,0.0,,0,,,0.0,0.0,0.939,1.0,733.7,733.7,0.0,0,51147.3,51147.3,30576.5
N2,N2-S-Q357I,1,True,Q357I,Nassau Mall,Q,0.836,Triangle/Plaza,1,0.0,0.0,,0,,,1.0,1.0,1.0779,0.667,1004.0,1004.0,0.0,0,49904.7,55677.7,44415.9
N2,N2-S-Q357J,1,True,Q357J,Nassau Mall South,Q,0.834,Triangle/Plaza,1,0.0,0.0,,0,,,0.0,0.0,1.0187,1.0,949.4,949.4,0.0,0,52973.6,58856.5,41120.0
N2,N2-S-Q358,1,True,Q358,Detective William T. Gunn Playground,Q,2.838,Jointly Operated Playground,1,0.0,0.0,,0,,,1.0,1.0,0.8195,1.0,833.0,833.0,0.0,0,85825.1,85825.1,49781.7
N2,N2-S-Q359,1,True,Q359,Haggerty Park,Q,3.865,Neighborhood Park,1,0.0,0.0,,0,,,1.0,1.0,1.0159,0.667,1980.2,1980.2,0.0,0,87566.0,87566.0,75580.6
N2,N2-S-Q360A,1,True,Q360A,Park,Q,0.011,Strip,1,0.0,0.0,,0,,,0.0,0.0,0.8424,1.0,486.1,486.1,0.0,0,52074.7,52074.7,27009.6
N2,N2-S-Q360C,1,True,Q360C,Park,Q,0.006,Strip,1,0.0,0.0,,0,,,0.0,0.0,0.7955,1.0,259.5,259.5,0.0,0,45039.6,45039.6,19043.5
N2,N2-S-Q360D,1,True,Q360D,Park,Q,0.005,Strip,1,0.0,0.0,,0,,,0.0,0.0,0.9071,1.0,531.7,531.7,0.0,0,43130.5,43130.5,26390.1
N2,N2-S-Q360I,1,True,Q360I,Park,Q,0.014,Strip,1,0.0,0.0,,0,,,0.0,0.0,0.9994,1.0,469.7,474.6,0.016,0,33073.6,45441.7,26165.0
N2,N2-S-Q360J,1,True,Q360J,Crowley Playground,Q,1.697,Neighborhood Park,1,0.0,0.0,,0,,,1.0,1.0,1.1127,0.0,705.2,705.2,0.0,0,59141.5,75467.8,35153.0
N2,N2-S-Q360L,1,True,Q360L,Park,Q,0.011,Strip,1,0.0,0.0,,0,,,0.0,0.0,0.6023,1.0,474.8,554.3,0.296,0,32529.5,44956.6,28308.3
N2,N2-S-Q360N,1,True,Q360N,Hoffman Park,Q,2.856,Playground,1,0.0,0.0,,0,,,0.0,0.0,0.7552,1.0,884.3,884.3,0.0,0,80728.6,81012.8,31485.2
N2,N2-S-Q360P,1,True,Q360P,Park Slope,Q,0.005,Strip,1,0.0,0.0,,0,,,0.0,0.0,0.8394,0.333,585.6,597.9,0.041,0,34704.1,43789.1,30200.9
N2,N2-S-Q360V,1,True,Q360V,Park,Q,0.002,Strip,1,0.0,0.0,,0,,,0.0,0.0,0.3994,1.0,343.7,343.7,0.0,0,22799.3,34629.7,23574.8
N2,N2-S-Q360W,1,True,Q360W,Park,Q,0.001,Strip,1,0.0,0.0,,0,,,0.0,0.0,0.403,1.0,202.0,281.5,0.556,0,17019.8,32887.9,13472.7
N2,N2-S-Q360X,1,True,Q360X,Park,Q,0.003,Strip,1,0.0,0.0,,0,,,0.0,0.0,0.211,1.0,296.9,296.9,0.0,0,28343.4,35202.1,18706.9
N2,N2-S-Q363,1,True,Q363,Northern Playground,Q,1.719,Jointly Operated Playground,1,0.0,0.0,,0,,,1.0,1.0,1.1811,1.0,1055.2,1164.2,0.196,0,59223.9,66086.8,47611.1
N2,N2-S-Q364,1,True,Q364,Marie Curie Playground,Q,2.551,Jointly Operated Playground,1,0.0,0.0,,0,,,0.0,0.0,0.845,1.0,1400.0,1400.0,0.0,0,78675.5,78675.5,65297.2
N2,N2-S-Q367,1,True,Q367,Hammel Playground,Q,1.035,Playground,1,0.0,0.0,,0,,,1.0,1.0,0.9955,1.0,409.7,427.2,0.041,0,51910.2,57598.9,28779.0
N2,N2-S-Q370,1,True,Q370,Freedom Square Playground,Q,0.371,Playground,1,0.0,0.0,,0,,,0.0,0.0,1.1542,0.556,1477.2,1477.2,0.0,0,54725.9,54725.9,51609.3
N2,N2-S-Q375,1,True,Q375,Willets Point Playground,Q,1.092,Jointly Operated Playground,1,0.0,0.0,,0,,,1.0,1.0,1.1325,0.333,1052.1,1052.1,0.0,0,60649.6,60649.6,42379.7
N2,N2-S-Q376,1,True,Q376,Cedar Grove Playground,Q,0.619,Jointly Operated Playground,1,0.0,0.0,,0,,,0.0,0.0,0.5504,1.0,176.1,176.1,0.0,0,51274.5,51274.5,8625.3
N2,N2-S-Q379,1,True,Q379,Briarwood Playground,Q,1.299,Jointly Operated Playground,1,0.0,0.0,,0,,,0.0,0.0,1.0596,1.0,619.4,619.4,0.0,0,72354.2,72354.2,34357.6
N2,N2-S-Q383,1,True,Q383,Middle Village Veterans Triangle,Q,0.032,Triangle/Plaza,1,0.0,0.0,,0,,,0.0,0.0,0.8773,1.0,614.9,614.9,0.0,0,36168.5,36168.5,30738.9
N2,N2-S-Q385,1,True,Q385,Ditmars Playground,Q,0.989,Playground,1,0.0,0.0,,0,,,0.0,0.0,1.1114,1.0,527.1,527.1,0.0,0,62339.7,62339.7,26902.6
N2,N2-S-Q386,1,True,Q386,Centreville Playground,Q,2.094,Neighborhood Park,1,0.0,0.0,,0,,,0.0,0.0,0.9155,1.0,1423.4,1423.4,0.0,0,68511.7,68511.7,61194.2
N2,N2-S-Q387C,1,True,Q387C,Park,Q,0.019,Strip,1,0.0,0.0,,0,,,1.0,1.0,0.9375,0.333,749.6,749.6,0.0,0,91150.8,91150.8,37457.2
N2,N2-S-Q387D,1,True,Q387D,Clearview's Tail,Q,0.018,Strip,1,0.0,0.0,,0,,,0.0,0.0,0.0,1.0,129.3,129.3,0.0,0,56042.7,56042.7,16156.9
N2,N2-S-Q387E,1,True,Q387E,Baybridge Green,Q,0.346,Strip,1,0.0,0.0,,0,,,0.0,0.0,0.0,1.0,104.3,104.3,0.0,0,141292.3,141292.3,10408.3
N2,N2-S-Q388,1,True,Q388,Linnaeus Park,Q,2.059,Recreational Field/Courts,1,0.0,0.0,,0,,,0.0,0.0,0.9334,1.0,1462.0,1462.0,0.0,0,72820.0,72820.0,69307.4
N2,N2-S-Q389,1,True,Q389,Bayside Playground,Q,1.209,Jointly Operated Playground,1,0.0,0.0,,0,,,0.0,0.0,1.0032,0.333,942.0,974.4,0.069,0,51394.8,60724.2,37438.3
N2,N2-S-Q390,1,True,Q390,Clintonville Playground,Q,1.54,Jointly Operated Playground,1,0.0,0.0,,0,,,0.0,0.0,1.1059,0.667,1310.2,1310.2,0.0,0,74322.8,74322.8,60555.7
N2,N2-S-Q391,1,True,Q391,Joseph Austin Playground,Q,3.812,Jointly Operated Playground,1,0.0,0.0,,0,,,0.0,0.0,0.872,0.333,909.2,909.2,0.0,0,85235.1,85235.1,51683.3
N2,N2-S-Q393D,1,True,Q393D,LaGuardia Landing Lights,Q,1.612,Recreational Field/Courts,1,0.0,0.0,,0,,,0.0,0.0,1.093,0.667,476.0,1340.8,0.934,0,31565.4,59869.2,18969.7
N2,N2-S-Q393F,1,True,Q393F,LaGuardia Landing Lights,Q,0.249,Recreational Field/Courts,1,0.0,0.0,,0,,,1.0,1.0,1.2491,0.667,282.6,1245.0,0.967,0,4857.6,33309.8,6200.3
N2,N2-S-Q397,1,True,Q397,Auburndale Playground,Q,0.685,Jointly Operated Playground,1,0.0,0.0,,0,,,0.0,0.0,0.6755,1.0,515.7,515.7,0.0,0,55332.2,55332.2,31837.4
N2,N2-S-Q398,1,True,Q398,Rosemary's Playground,Q,2.024,Jointly Operated Playground,1,0.0,0.0,,0,,,0.0,1.0,1.1373,0.333,1554.0,1554.0,0.0,0,70359.5,70359.5,62063.0
N2,N2-S-Q399,1,True,Q399,Bay Terrace Playground,Q,0.967,Jointly Operated Playground,1,0.0,0.0,,0,,,1.0,1.0,0.6969,0.889,621.0,621.0,0.0,0,56644.9,56644.9,36318.7
N2,N2-S-Q400,1,True,Q400,Oakland Gardens,Q,1.335,Jointly Operated Playground,1,0.0,0.0,,0,,,0.0,0.0,0.798,1.0,720.6,720.6,0.0,0,43832.0,43832.0,29684.7
N2,N2-S-Q402,1,True,Q402,Latimer Playground,Q,1.028,Jointly Operated Playground,1,0.0,0.0,,0,,,0.0,0.0,1.0515,1.0,872.9,899.6,0.077,0,51728.4,58736.3,41817.6
N2,N2-S-Q404,1,True,Q404,East Springfield Playground,Q,1.145,Jointly Operated Playground,1,0.0,0.0,,0,,,0.0,0.0,1.0621,1.0,1019.1,1019.1,0.0,0,63005.2,63005.2,47243.5
N2,N2-S-Q405,1,True,Q405,Hollis Playground,Q,0.973,Jointly Operated Playground,1,0.0,0.0,,0,,,0.0,1.0,0.9988,0.667,998.7,998.7,0.0,0,56484.7,56484.7,51968.9
N2,N2-S-Q406,1,True,Q406,Springfield Park North,Q,1.027,Jointly Operated Playground,1,0.0,0.0,,0,,,0.0,0.0,1.0276,0.667,798.9,1077.3,0.729,0,34774.1,47037.2,31588.8
N2,N2-S-Q407,1,True,Q407,Lanett Playground,Q,1.034,Jointly Operated Playground,1,0.0,0.0,,0,,,0.0,0.0,0.872,1.0,678.0,678.0,0.0,0,61944.4,61944.4,34196.6
N2,N2-S-Q408,1,True,Q408,Harold Schneiderman Playground,Q,0.878,Jointly Operated Playground,1,0.0,0.0,,0,,,0.0,0.0,1.1146,1.0,746.0,746.0,0.0,0,59884.6,59884.6,44539.0
N2,N2-S-Q409,1,True,Q409,Park,Q,0.001,Strip,1,0.0,0.0,,0,,,0.0,0.0,0.9108,1.0,229.8,229.8,0.0,0,33011.3,33011.3,15710.8
N2,N2-S-Q412,1,True,Q412,Gwen Ifill Park,Q,15.848,Nature Area,1,0.0,0.0,,0,,,0.0,0.0,0.9195,1.0,1505.1,1505.1,0.0,0,153939.3,153939.3,79340.2
N2,N2-S-Q413,1,True,Q413,Rochdale Park,Q,9.242,Jointly Operated Playground,1,0.0,0.0,,0,,,1.0,1.0,0.9843,1.0,1024.9,1024.9,0.0,0,124455.7,124455.7,54219.1
N2,N2-S-Q415,1,True,Q415,Louis Armstrong Playground,Q,1.084,Jointly Operated Playground,1,0.0,0.0,,0,,,0.0,0.0,1.0468,1.0,543.0,891.2,0.523,0,35665.0,49826.6,27478.5
N2,N2-S-Q417,1,True,Q417,Park,Q,0.015,Strip,1,0.0,0.0,,0,,,0.0,0.0,0.31,1.0,832.1,832.1,0.0,0,59039.4,59039.4,39756.9
N2,N2-S-Q421,1,True,Q421,Walter Ward Playground,Q,0.94,Jointly Operated Playground,1,0.0,0.0,,0,,,0.0,0.0,1.0269,1.0,1057.4,1057.4,0.0,0,64514.6,64514.6,49427.4
N2,N2-S-Q422,1,True,Q422,Seaside Playground,Q,1.173,Jointly Operated Playground,1,0.0,0.0,,0,,,1.0,1.0,0.8562,0.667,843.5,1063.5,0.367,0,52746.5,67149.8,43695.6
N2,N2-S-Q423,1,True,Q423,Reiff Playground,Q,1.675,Neighborhood Park,1,0.0,0.0,,0,,,1.0,1.0,1.0621,1.0,1107.4,1385.2,0.468,0,58343.2,66835.1,47207.1
N2,N2-S-Q425,1,True,Q425,Yellowstone Park,Q,1.779,Neighborhood Park,1,0.0,0.0,,0,,,0.0,0.0,1.0139,0.556,1357.0,1357.0,0.0,0,67008.4,67008.4,62166.6
N2,N2-S-Q426,1,True,Q426,North Rochdale Playground,Q,1.071,Jointly Operated Playground,1,0.0,0.0,,0,,,1.0,1.0,1.2095,0.556,729.5,729.5,0.0,0,59826.9,59826.9,34066.9
N2,N2-S-Q427,1,True,Q427,South Rochdale Playground,Q,0.954,Jointly Operated Playground,1,0.0,0.0,,0,,,0.0,0.0,1.0044,1.0,251.5,251.5,0.0,0,61109.1,61109.1,19354.2
N2,N2-S-Q428,1,True,Q428,Horace Harding Playground,Q,1.304,Jointly Operated Playground,1,0.0,0.0,,0,,,0.0,0.0,0.9684,1.0,788.1,788.1,0.0,0,62341.1,62341.1,46241.4
N2,N2-S-Q429,1,True,Q429,Spirit Playground,Q,0.786,Jointly Operated Playground,1,0.0,0.0,,0,,,0.0,0.0,1.1071,0.333,1068.9,1068.9,0.0,0,56070.1,56070.1,46453.0
N2,N2-S-Q430,1,True,Q430,Sunrise Playground,Q,1.025,Jointly Operated Playground,1,0.0,0.0,,0,,,0.0,0.0,1.0057,1.0,935.4,935.4,0.0,0,56828.1,56828.1,46988.4
N2,N2-S-Q434,1,True,Q434,Long Island Mews,Q,0.311,Neighborhood Park,1,0.0,0.0,,0,,,0.0,1.0,0.815,1.0,767.4,767.4,0.0,0,54145.5,54145.5,38801.3
N2,N2-S-Q436,1,True,Q436,Athens Square,Q,0.925,Jointly Operated Playground,1,0.0,0.0,,0,,,1.0,1.0,1.2011,0.333,963.1,963.1,0.0,0,59784.4,59784.4,45746.3
N2,N2-S-Q437,1,True,Q437,Murray Hill Playground,Q,1.206,Jointly Operated Playground,1,0.0,0.0,,0,,,0.0,0.0,1.017,0.333,899.4,899.4,0.0,0,59481.0,59481.0,47378.1
N2,N2-S-Q440,1,True,Q440,Hilton Holiday Gardens,Q,1.204,Recreational Field/Courts,1,0.0,0.0,,0,,,0.0,0.0,0.9413,0.778,973.3,973.3,0.0,0,62640.9,62640.9,52366.5
N2,N2-S-Q444,1,True,Q444,Sean's Place,Q,0.58,Neighborhood Park,1,0.0,0.0,,0,,,0.0,0.0,0.5889,1.0,594.2,594.2,0.0,0,54561.6,54561.6,37825.5
N2,N2-S-Q448,1,True,Q448,Roy Wilkins Recreation Center,Q,56.801,Community Park,1,0.0,0.0,,0,,,1.0,1.0,0.9926,0.333,4585.4,4585.4,0.0,0,270785.6,270785.6,177079.7
N2,N2-S-Q450,1,True,Q450,Corona Golf Playground,Q,1.72,Neighborhood Park,1,0.0,0.0,,0,,,0.0,0.0,0.9156,1.0,1129.8,1129.8,0.0,0,52488.2,52488.2,38759.1
N2,N2-S-Q451,1,True,Q451,Underbridge Dog Run,Q,0.474,Neighborhood Park,1,0.0,0.0,,0,,,0.0,0.0,0.9468,0.333,644.5,644.5,0.0,0,39593.8,39593.8,28907.3
N2,N2-S-Q456,1,True,Q456,Gene Gray Playground,Q,0.227,Playground,1,0.0,0.0,,0,,,0.0,0.0,0.8986,0.333,585.8,585.8,0.0,0,43416.9,43416.9,21636.0
N2,N2-S-Q457,1,True,Q457,College Point Park,Q,0.659,Recreational Field/Courts,1,0.0,0.0,,0,,,0.0,1.0,0.9665,1.0,1049.1,1054.0,0.009,0,52289.1,52297.0,44865.5
N2,N2-S-Q458,1,True,Q458,Fort Totten Park,Q,63.474,Neighborhood Park,1,0.0,0.0,,0,,,1.0,1.0,0.8133,1.0,5492.9,6015.8,0.114,0,480745.2,492045.4,192784.2
N2,N2-S-Q459,1,True,Q459,Dubos Point Wildlife Sanctuary,Q,53.268,Nature Area,1,0.0,0.0,,0,,,0.0,0.0,0.8217,0.333,1011.5,1011.5,0.0,0,295231.3,295231.3,50459.4
N2,N2-S-Q464,1,True,Q464,Brant Point Wildlife Sanctuary,Q,19.683,Nature Area,1,0.0,0.0,,0,,,0.0,0.0,0.6372,0.333,1116.7,1116.7,0.0,0,143906.4,144725.8,53057.1
N2,N2-S-Q471,1,True,Q471,Hunter's Point South Park,Q,22.952,Neighborhood Park,1,0.0,0.0,,0,,,0.0,0.0,0.8702,0.333,2031.1,2031.1,0.0,0,225148.1,234917.9,90621.8
N2,N2-S-Q472,1,True,Q472,Vernam Barbadoes Peninsula,Q,23.945,Nature Area,1,0.0,0.0,,0,,,0.0,0.0,0.3156,1.0,200.9,200.9,0.0,0,161539.4,166616.6,13272.3
N2,N2-S-Q473,1,True,Q473,Sparrow's Nest Community Garden,Q,0.238,Garden,1,0.0,0.0,,0,,,0.0,0.0,1.0566,1.0,544.6,585.0,0.932,0,29869.7,44750.8,29015.4
N2,N2-S-Q474,1,True,Q474,Simeone Park,Q,1.6,Neighborhood Park,1,0.0,0.0,,0,,,0.0,0.0,0.7199,1.0,434.6,1189.1,0.881,0,37624.8,66688.8,23532.1
N2,N2-S-Q475,1,True,Q475,Project Eden,Q,0.106,Garden,1,0.0,0.0,,0,,,0.0,0.0,1.155,0.667,622.3,622.3,0.0,0,39863.9,39863.9,30245.7
N2,N2-S-Q476,1,True,Q476,College Point Fields,Q,26.887,Recreational Field/Courts,1,0.0,0.0,,0,,,0.0,1.0,1.063,0.333,2040.6,2040.6,0.0,0,173688.0,173688.0,119920.2
N2,N2-S-Q478,1,True,Q478,Broad Channel Wetlands,Q,37.928,Nature Area,1,0.0,0.0,,0,,,0.0,0.0,,0.0,0.0,0.0,,1,208022.2,222117.8,0.0
N2,N2-S-Q486,1,True,Q486,B.C.C.A. Mini-park and Garden,Q,0.096,Garden,1,0.0,0.0,,0,,,0.0,0.0,1.0087,1.0,343.2,343.2,0.0,0,40100.5,40100.5,17989.3
N2,N2-S-Q487,1,True,Q487,Block Association #81,Q,0.116,Garden,1,0.0,0.0,,0,,,0.0,0.0,1.2141,1.0,646.0,646.0,0.0,0,40585.9,40585.9,27855.5
N2,N2-S-Q488,1,True,Q488,George Eagle Carr Community Garden,Q,0.119,Garden,1,0.0,0.0,,0,,,0.0,0.0,0.8786,1.0,457.4,462.3,0.021,0,36491.8,40853.2,23993.0
N2,N2-S-Q490,1,True,Q490,Locust Manor Civic Association,Q,0.086,Garden,1,0.0,0.0,,0,,,0.0,0.0,0.9272,1.0,644.2,644.2,0.0,0,40907.8,40907.8,31722.3
N2,N2-S-Q491,1,True,Q491,Carlos R. Lillo Park,Q,0.089,Triangle/Plaza,1,0.0,0.0,,0,,,0.0,1.0,0.942,1.0,793.6,793.6,0.0,0,40593.4,40593.4,36864.8
N2,N2-S-Q494,1,True,Q494,Flight 587 Memorial Park,Q,0.15,Triangle/Plaza,1,0.0,0.0,,0,,,0.0,0.0,0.7572,1.0,214.9,229.8,0.783,0,13715.0,24272.9,11629.3
N2,N2-S-Q496,1,True,Q496,Park at Beach 108 Street,Q,13.818,Triangle/Plaza,1,0.0,0.0,,0,,,0.0,0.0,0.8669,0.333,1394.4,1436.6,0.059,0,166228.8,177025.5,48562.8
N2,N2-S-Q500,1,True,Q500,Park,Q,0.019,Triangle/Plaza,1,0.0,0.0,,0,,,1.0,1.0,1.0584,0.333,818.7,818.7,0.0,0,34989.9,34989.9,35281.9
N2,N2-S-Q501,1,True,Q501,Sergeant Collins Triangle,Q,0.118,Triangle/Plaza,1,0.0,0.0,,0,,,1.0,1.0,0.9823,0.333,1089.5,1089.5,0.0,0,41662.4,41662.4,43557.3
N2,N2-S-Q504,1,True,Q504,Park,Q,0.027,Triangle/Plaza,1,0.0,0.0,,0,,,0.0,0.0,1.0635,0.333,275.2,981.5,0.99,0,5224.0,28505.7,5711.0
N2,N2-S-Q506,1,True,Q506,Gateway Park,Q,0.901,Neighborhood Park,1,0.0,0.0,,0,,,0.0,1.0,0.9788,0.333,1325.5,1325.5,0.0,0,65850.0,66096.8,55328.5
N2,N2-S-Q507,1,True,Q507,Windmill Community Garden,Q,0.057,Garden,1,0.0,0.0,,0,,,0.0,0.0,0.7782,1.0,387.1,387.1,0.0,0,38991.8,38991.8,18294.9
N2,N2-S-Q509,1,True,Q509,Nameoke Park,Q,0.318,Neighborhood Park,1,0.0,0.0,,0,,,0.0,0.0,1.063,1.0,756.9,756.9,0.0,0,45929.0,45929.0,35241.1
N2,N2-S-Q512,1,True,Q512,Garden,Q,0.1,Garden,1,0.0,0.0,,0,,,0.0,1.0,0.9727,1.0,484.9,484.9,0.0,0,39724.4,39724.4,19935.7
N2,N2-S-Q518,1,True,Q518,Bay Beach 84 Garden,Q,0.181,Garden,1,0.0,0.0,,0,,,0.0,0.0,0.0,1.0,155.0,498.1,0.844,0,15969.8,33336.3,17081.5
N2,N2-S-R002,1,True,R002,Pleasant Plains Plaza,R,0.055,Triangle/Plaza,1,0.0,0.0,,0,,,0.0,1.0,1.1176,1.0,736.4,736.4,0.0,0,41441.5,41441.5,35885.8
N2,N2-S-R008,1,True,R008,Faber Pool and Park,R,4.337,Community Park,1,0.0,0.0,,0,,,0.0,0.0,1.0044,0.667,630.4,630.4,0.0,0,84484.1,84484.1,29986.7
N2,N2-S-R009,1,True,R009,Amundsen Circle,R,0.916,Triangle/Plaza,1,0.0,0.0,,0,,,1.0,1.0,1.0015,1.0,1047.3,1047.3,0.0,0,36251.8,36251.8,39300.2
N2,N2-S-R010,1,True,R010,Staats Circle,R,0.319,Triangle/Plaza,1,0.0,0.0,,0,,,0.0,1.0,1.0613,1.0,991.7,1021.5,0.065,0,47067.5,49933.3,45783.3
N2,N2-S-R012,1,True,R012,John E. White Park,R,0.925,Neighborhood Park,1,0.0,0.0,,0,,,0.0,0.0,0.9795,1.0,730.0,766.5,0.11,0,45772.5,55836.7,38577.0
N2,N2-S-R015,1,True,R015,Walker Park,R,5.181,Recreational Field/Courts,1,0.0,0.0,,0,,,0.0,1.0,0.9891,0.0,1373.4,1442.5,0.097,0,84201.5,89992.9,74875.7
N2,N2-S-R019,1,True,R019,Veterans Park,R,1.324,Neighborhood Park,1,0.0,0.0,,0,,,0.0,0.0,0.9455,1.0,1381.8,1381.8,0.0,0,61036.2,61036.2,53984.5
N2,N2-S-R024,1,True,R024,Tompkinsville Park,R,0.423,Neighborhood Park,1,0.0,0.0,,0,,,1.0,1.0,0.9927,0.333,883.2,883.2,0.0,0,50104.9,50104.9,41292.5
N2,N2-S-R026,1,True,R026,Gerard P. Dugan Playground,R,3.275,Community Park,1,0.0,0.0,,0,,,0.0,0.0,0.7742,1.0,1305.8,1305.8,0.0,0,84236.2,84236.2,65537.2
N2,N2-S-R027#1,1,True,R027#1,Long Pond Park (1/4),R,27.84,Nature Area,1,0.0,0.0,,0,,,0.0,0.0,0.2595,1.0,650.9,745.6,0.421,0,121524.9,173172.8,36900.8
N2,N2-S-R027#2,1,True,R027#2,Long Pond Park (2/4),R,22.509,Nature Area,1,0.0,0.0,,0,,,1.0,1.0,1.0618,1.0,826.1,866.7,0.079,0,142706.4,178737.5,51332.2
N2,N2-S-R027#4,1,True,R027#4,Long Pond Park (4/4),R,18.392,Nature Area,1,0.0,0.0,,0,,,1.0,1.0,1.1243,0.333,1282.8,1529.3,0.25,0,101803.6,146105.1,69089.1
N2,N2-S-R029,1,True,R029,Westerleigh Park,R,2.901,Neighborhood Park,1,0.0,0.0,,0,,,0.0,0.0,1.0205,1.0,1724.7,1724.7,0.0,0,74931.4,74931.4,62790.7
N2,N2-S-R032,1,True,R032,Maple Woods,R,0.765,Nature Area,1,0.0,0.0,,0,,,1.0,1.0,1.267,0.333,663.3,663.3,0.0,0,54140.8,54566.9,29423.6
N2,N2-S-R033,1,True,R033,Levy Playground,R,0.489,Playground,1,0.0,0.0,,0,,,1.0,1.0,1.0375,0.333,921.5,921.5,0.0,0,49555.2,49555.2,52387.7
N2,N2-S-R035,1,True,R035,De Matti Park,R,2.334,Neighborhood Park,1,0.0,0.0,,0,,,1.0,1.0,1.1082,0.667,466.4,466.4,0.0,0,78600.9,78600.9,24660.9
N2,N2-S-R036,1,True,R036,Bobbie Lewis Jr. Playground,R,0.271,Neighborhood Park,1,0.0,0.0,,0,,,0.0,0.0,0.5692,1.0,422.6,422.6,0.0,0,44663.9,44663.9,27510.3
N2,N2-S-R037,1,True,R037,Liotti Ikefugi Playground,R,0.408,Neighborhood Park,1,0.0,0.0,,0,,,0.0,0.0,0.9213,1.0,452.3,452.3,0.0,0,48279.2,48279.2,23543.7
N2,N2-S-R038,1,True,R038,Midland Playground,R,1.681,Jointly Operated Playground,1,0.0,0.0,,0,,,0.0,0.0,1.122,1.0,733.0,1119.7,0.714,0,31975.7,49472.8,30789.6
N2,N2-S-R038A,1,True,R038A,Midland Field,R,7.459,Jointly Operated Playground,1,0.0,0.0,,0,,,0.0,0.0,0.816,1.0,1234.3,1648.4,0.462,0,68139.7,87136.9,54081.4
N2,N2-S-R038B,1,True,R038B,Park,R,5.762,Nature Area,1,0.0,0.0,,0,,,0.0,0.0,1.0864,1.0,1490.5,1836.2,0.291,0,66111.5,82713.9,73619.7
N2,N2-S-R042,1,True,R042,Kaltenmeier Playground,R,1.018,Neighborhood Park,1,0.0,0.0,,0,,,0.0,0.0,1.1202,1.0,1249.1,1249.1,0.0,0,69613.9,69613.9,60131.7
N2,N2-S-R045,1,True,R045,Schmul Park,R,7.39,Neighborhood Park,1,0.0,0.0,,0,,,0.0,0.0,0.814,1.0,995.0,995.0,0.0,0,75050.5,75050.5,46675.3
N2,N2-S-R048,1,True,R048,Jones Woods Park,R,16.914,Nature Area,1,0.0,0.0,,0,,,0.0,0.0,0.7968,1.0,1932.1,2188.6,0.311,0,117589.8,153094.2,94479.5
N2,N2-S-R059,1,True,R059,Von Briesen Park,R,13.929,Neighborhood Park,1,0.0,0.0,,0,,,1.0,1.0,1.0057,1.0,2783.8,2831.4,0.03,0,235998.1,244411.2,124883.7
N2,N2-S-R060,1,True,R060,Dodgers Triangle,R,0.034,Triangle/Plaza,1,0.0,0.0,,0,,,0.0,0.0,0.6835,1.0,372.1,372.1,0.0,0,36430.9,36430.9,20884.7
N2,N2-S-R061,1,True,R061,Rev. Dr. Maggie Howard Playground,R,4.094,Jointly Operated Playground,1,0.0,0.0,,0,,,1.0,1.0,0.7855,0.667,967.5,967.5,0.0,0,85040.3,85040.3,46003.8
N2,N2-S-R062,1,True,R062,Arrochar Playground,R,0.892,Jointly Operated Playground,1,0.0,0.0,,0,,,1.0,1.0,1.0989,1.0,901.1,937.8,0.071,0,53628.8,56293.8,48499.9
N2,N2-S-R063,1,True,R063,Old Town Playground,R,2.585,Playground,1,0.0,0.0,,0,,,0.0,0.0,1.1121,1.0,644.5,644.5,0.0,0,75034.5,75034.5,36260.6
N2,N2-S-R064,1,True,R064,Christopher J. Igneri Playground,R,1.145,Neighborhood Park,1,0.0,0.0,,0,,,0.0,0.0,0.9181,0.333,427.0,427.0,0.0,0,43750.3,43750.3,20035.1
N2,N2-S-R066,1,True,R066,North Shore Esplanade,R,1.616,Triangle/Plaza,1,0.0,0.0,,0,,,0.0,0.0,0.9995,0.444,1940.9,1948.3,0.008,0,122559.4,122893.8,83634.1
N2,N2-S-R067,1,True,R067,Gen. Douglas MacArthur Park,R,5.132,Community Park,1,0.0,0.0,,0,,,0.0,0.0,0.9943,1.0,1049.3,1049.3,0.0,0,88423.8,101370.4,56314.9
N2,N2-S-R068,1,True,R068,The Big Park,R,3.01,Neighborhood Park,1,0.0,0.0,,0,,,0.0,1.0,0.8736,1.0,1099.4,1099.4,0.0,0,74777.6,74777.6,59766.2
N2,N2-S-R069,1,True,R069,Terrace Playground,R,1.922,Jointly Operated Playground,1,0.0,0.0,,0,,,0.0,0.0,0.9905,1.0,1035.2,1035.2,0.0,0,73304.4,73304.4,51001.3
N2,N2-S-R070,1,True,R070,Clove's Tail,R,1.982,Recreational Field/Courts,1,0.0,0.0,,0,,,1.0,1.0,0.9641,1.0,999.1,999.1,0.0,0,41735.7,61984.3,54628.8
N2,N2-S-R071,1,True,R071,Great Kills Veterans Playground,R,1.064,Jointly Operated Playground,1,0.0,0.0,,0,,,0.0,0.0,0.8959,1.0,797.7,797.7,0.0,0,58529.5,58529.5,46142.3
N2,N2-S-R072,1,True,R072,Clawson Playground,R,3.591,Jointly Operated Playground,1,0.0,0.0,,0,,,0.0,1.0,0.9398,1.0,975.2,975.2,0.0,0,91217.6,91217.6,41813.4
N2,N2-S-R073,1,True,R073,Naples Playground,R,3.214,Jointly Operated Playground,1,0.0,0.0,,0,,,0.0,0.0,0.9224,1.0,792.4,792.4,0.0,0,76990.4,76990.4,40852.4
N2,N2-S-R075A,1,True,R075A,Father Macris Park,R,13.46,Recreational Field/Courts,1,0.0,0.0,,0,,,0.0,0.0,0.9655,1.0,1635.6,1635.6,0.0,0,140485.1,144430.2,70705.3
N2,N2-S-R075B,1,True,R075B,Westwood Park,R,6.559,Nature Area,1,0.0,0.0,,0,,,0.0,0.0,1.1028,1.0,1701.3,1701.3,0.0,0,96712.7,96712.7,79183.4
N2,N2-S-R075C,1,True,R075C,Ingram Woods,R,3.768,Nature Area,1,0.0,0.0,,0,,,0.0,0.0,0.9938,0.667,1403.2,1403.2,0.0,0,83549.5,83549.5,60697.5
N2,N2-S-R075G,1,True,R075G,Bradys Pond Park,R,6.398,Nature Area,1,0.0,0.0,,0,,,0.0,0.0,1.1426,1.0,1029.3,1029.3,0.0,0,116673.1,116673.1,53459.3
N2,N2-S-R078,1,True,R078,Northerleigh Park,R,3.953,Neighborhood Park,1,0.0,0.0,,0,,,0.0,0.0,0.8952,1.0,1213.8,1213.8,0.0,0,92992.4,92992.4,68159.4
N2,N2-S-R080,1,True,R080,Annadale Green,R,0.281,Triangle/Plaza,1,0.0,0.0,,0,,,0.0,1.0,0.9262,0.333,878.9,878.9,0.0,0,45188.8,45188.8,38173.5
N2,N2-S-R087,1,True,R087,Dongan Playground,R,1.05,Jointly Operated Playground,1,0.0,0.0,,0,,,0.0,0.0,0.9196,1.0,1031.1,1031.1,0.0,0,69369.5,69369.5,53233.2
N2,N2-S-R088,1,True,R088,High Rock Park,R,94.035,Nature Area,1,0.0,0.0,,0,,,0.0,0.0,0.7353,0.333,2043.1,2043.1,0.0,0,321245.5,321245.5,93158.0
N2,N2-S-R089,1,True,R089,Greencroft Playground,R,3.228,Jointly Operated Playground,1,0.0,0.0,,0,,,0.0,0.0,0.969,1.0,1421.1,1421.1,0.0,0,78053.0,78053.0,63401.6
N2,N2-S-R090,1,True,R090,Lieutenant John H. Martinson Playground,R,1.375,Jointly Operated Playground,1,0.0,0.0,,0,,,0.0,0.0,1.0306,1.0,1002.9,1002.9,0.0,0,62767.3,62767.3,48842.9
N2,N2-S-R098,1,True,R098,Park,R,5.845,Parkway,1,0.0,0.0,,0,,,0.0,0.0,0.8744,0.333,1139.6,1657.1,0.468,0,129842.4,147354.8,39757.4
N2,N2-S-R100,1,True,R100,Drumgoole Tot Lot,R,0.677,Playground,1,0.0,0.0,,0,,,0.0,0.0,0.9547,0.333,922.4,922.4,0.0,0,43746.6,43746.6,35493.4
N2,N2-S-R101,1,True,R101,Wegener Park,R,3.462,Nature Area,1,0.0,0.0,,0,,,0.0,1.0,1.044,0.333,1451.2,1451.2,0.0,0,67162.6,67162.6,50686.7
N2,N2-S-R102,1,True,R102,Park,R,0.006,Strip,1,0.0,0.0,,0,,,0.0,0.0,0.7794,0.333,254.4,254.4,0.0,0,30591.3,33783.3,13752.9
N2,N2-S-R103,1,True,R103,Park,R,0.006,Strip,1,0.0,0.0,,0,,,0.0,0.0,0.7609,0.333,253.2,253.2,0.0,0,30050.1,33768.5,13983.7
N2,N2-S-R107,1,True,R107,New Dorp Park,R,0.785,Nature Area,1,0.0,0.0,,0,,,0.0,0.0,1.1712,1.0,566.1,566.1,0.0,0,55708.4,55708.4,27374.6
N2,N2-S-R109,1,True,R109,CPL. Thompson Park,R,10.782,Community Park,1,0.0,0.0,,0,,,0.0,1.0,0.8878,0.778,1236.3,1236.3,0.0,0,121181.1,121181.1,68553.8
N2,N2-S-R111,1,True,R111,Lt. Lia Playground,R,1.314,Playground,1,0.0,0.0,,0,,,1.0,1.0,1.0029,0.556,988.5,1010.6,0.053,0,58346.2,60950.1,50379.0
N2,N2-S-R112#17,1,True,R112#17,Meredith Woods (17/25),R,0.032,Nature Area,1,0.0,0.0,,0,,,1.0,1.0,0.9355,1.0,207.7,207.7,0.749,0,45716.1,78062.2,20635.7
N2,N2-S-R112#18,1,True,R112#18,Meredith Woods (18/25),R,5.062,Nature Area,1,0.0,0.0,,0,,,0.0,0.0,1.1003,1.0,284.9,397.4,0.566,0,173996.5,236669.5,23047.3
N2,N2-S-R112#21,1,True,R112#21,Meredith Woods (21/25),R,0.028,Nature Area,1,0.0,0.0,,0,,,0.0,0.0,0.4476,0.0,0.0,0.0,,1,26110.7,63386.3,0.0
N2,N2-S-R112#22,1,True,R112#22,Meredith Woods (22/25),R,0.025,Nature Area,1,0.0,0.0,,0,,,0.0,0.0,0.0,0.0,0.0,0.0,,1,50633.1,78572.7,0.0
N2,N2-S-R112#4,1,True,R112#4,Meredith Woods (4/25),R,0.032,Nature Area,1,0.0,0.0,,0,,,0.0,0.0,0.3864,1.0,399.8,399.8,0.0,0,46278.0,72208.6,27394.6
N2,N2-S-R112#6,1,True,R112#6,Meredith Woods (6/25),R,0.037,Nature Area,1,0.0,0.0,,0,,,0.0,0.0,0.0,1.0,151.4,151.4,0.0,0,62334.8,78054.8,7782.5
N2,N2-S-R112#7,1,True,R112#7,Meredith Woods (7/25),R,30.253,Nature Area,1,0.0,0.0,,0,,,0.0,0.0,1.0345,0.333,426.1,448.6,0.278,0,189945.6,225607.8,28730.9
N2,N2-S-R112#9,1,True,R112#9,Meredith Woods (9/25),R,0.154,Nature Area,1,0.0,0.0,,0,,,0.0,0.0,0.0,1.0,0.0,155.6,1.0,0,183848.8,221428.4,0.0
N2,N2-S-R114,1,True,R114,Jennifer's Playground,R,1.637,Neighborhood Park,1,0.0,0.0,,0,,,0.0,0.0,0.8763,1.0,863.1,863.1,0.0,0,60905.1,64613.2,46272.3
N2,N2-S-R115,1,True,R115,Deere Park,R,39.105,Nature Area,1,0.0,0.0,,0,,,0.0,0.0,0.5307,1.0,824.0,824.0,0.0,0,226882.4,226882.4,50194.5
N2,N2-S-R117,1,True,R117,Alice Austen Park,R,15.514,Historic House Park,1,0.0,0.0,,0,,,0.0,0.0,0.8267,1.0,1052.5,1052.5,0.0,0,152124.0,152124.0,66228.0
N2,N2-S-R118,1,True,R118,Reed's Basket Willow Swamp Park,R,52.648,Nature Area,1,0.0,0.0,,0,,,0.0,0.0,0.466,1.0,2096.4,2096.4,0.0,0,347340.0,347340.0,145913.4
N2,N2-S-R121,1,True,R121,Siedenburg Park,R,22.867,Nature Area,1,0.0,0.0,,0,,,0.0,0.0,0.8267,0.333,1692.3,1692.3,0.0,0,163597.8,163597.8,81752.7
N2,N2-S-R123,1,True,R123,Cottages Hill New Brighton Park,R,2.223,Neighborhood Park,1,0.0,0.0,,0,,,0.0,0.0,0.8127,1.0,888.4,1050.9,0.245,0,53291.1,67538.9,42094.9
N2,N2-S-R126,1,True,R126,Gaeta Park,R,1.789,Triangle/Plaza,1,0.0,0.0,,0,,,0.0,1.0,1.0652,0.667,1573.6,1573.6,0.0,0,76135.8,76135.8,65619.5
N2,N2-S-R128,1,True,R128,Shooters Island,R,34.666,Nature Area,1,0.0,0.0,,0,,,0.0,0.0,,0.0,0.0,0.0,,1,187203.8,187203.8,0.0
N2,N2-S-R131,1,True,R131,Huguenot Ponds Park,R,1.531,Nature Area,1,0.0,0.0,,0,,,0.0,0.0,0.9585,1.0,927.2,927.2,0.0,0,68389.8,68389.8,40950.1
N2,N2-S-R133,1,True,R133,Arbutus Woods Park,R,2.619,Nature Area,1,0.0,0.0,,0,,,0.0,0.0,0.0,1.0,247.6,247.6,0.0,0,77211.0,77244.6,16778.4
N2,N2-S-R136,1,True,R136,Hybrid Oak Woods Park,R,9.756,Nature Area,1,0.0,0.0,,0,,,0.0,0.0,0.9513,1.0,656.0,656.0,0.0,0,126421.9,126421.9,38903.1
N2,N2-S-R137,1,True,R137,Bayview Terrace Park,R,16.959,Nature Area,1,0.0,0.0,,0,,,0.0,0.0,0.8076,1.0,559.4,688.9,0.465,0,149148.3,160812.0,35051.7
N2,N2-S-R137A,1,True,R137A,Garden,R,0.253,Garden,1,0.0,0.0,,0,,,0.0,0.0,0.8336,1.0,190.8,381.6,0.839,0,12306.2,31410.3,12514.5
N2,N2-S-R138,1,True,R138,Kingdom Pond Park,R,4.122,Nature Area,1,0.0,0.0,,0,,,1.0,1.0,1.0454,1.0,539.6,913.6,0.518,0,68592.8,83382.9,26157.9
N2,N2-S-R139,1,True,R139,Tottenville Shore Park,R,9.545,Nature Area,1,0.0,0.0,,0,,,0.0,0.0,0.8088,1.0,1102.5,1102.5,0.0,0,207799.2,207799.2,64488.3
N2,N2-S-R140,1,True,R140,King Fisher Park,R,16.829,Nature Area,1,0.0,0.0,,0,,,0.0,0.0,0.8582,0.333,2871.0,2871.0,0.0,0,185861.7,185861.7,139152.4
N2,N2-S-R145,1,True,R145,Seaside Wildlife Nature Park,R,19.319,Neighborhood Park,1,0.0,0.0,,0,,,1.0,1.0,0.7437,1.0,498.4,498.4,0.0,0,155817.4,155817.4,29826.4
N2,N2-S-R146,1,True,R146,Joe Holzka Community Garden,R,0.445,Garden,1,0.0,0.0,,0,,,1.0,1.0,0.9339,0.333,618.3,618.3,0.0,0,51805.3,51805.3,35194.2
N2,N2-S-R147,1,True,R147,South Beach Wetlands,R,5.185,Nature Area,1,0.0,0.0,,0,,,0.0,0.0,,0.0,0.0,0.0,,1,95159.7,95159.7,0.0
N2,N2-S-R148,1,True,R148,Last Chance Pond Park,R,3.979,Nature Area,1,0.0,0.0,,0,,,0.0,0.0,0.9287,1.0,1375.6,1375.6,0.0,0,76926.4,91839.2,69230.1
N2,N2-S-R150,1,True,R150,Graniteville Quarry Park,R,4.463,Nature Area,1,0.0,0.0,,0,,,1.0,1.0,0.889,1.0,1467.3,1467.3,0.0,0,90968.4,90968.4,76654.7
N2,N2-S-R151,1,True,R151,Isle Of Meadows,R,87.456,Nature Area,1,0.0,0.0,,0,,,0.0,0.0,,0.0,0.0,0.0,,1,272895.6,272895.6,0.0
N2,N2-S-R152,1,True,R152,Carlton Park,R,1.284,Nature Area,1,0.0,0.0,,0,,,0.0,0.0,1.0268,0.333,1153.6,1153.6,0.0,0,65140.3,65140.3,48359.6
N2,N2-S-R153,1,True,R153,Fairview Park,R,43.856,Community Park,1,0.0,0.0,,0,,,0.0,0.0,0.8386,1.0,1593.3,1593.3,0.0,0,357933.4,366314.4,65785.6
N2,N2-S-R158,1,True,R158,Fort Hill Park,R,0.776,Nature Area,1,0.0,0.0,,0,,,0.0,0.0,0.8431,1.0,978.5,978.5,0.0,0,58989.6,58989.6,39163.4
N2,N2-S-R159,1,True,R159,Old Place Creek Park,R,45.803,Nature Area,1,0.0,0.0,,0,,,0.0,0.0,1.1286,1.0,697.9,697.9,0.0,0,428932.7,428932.7,49601.9
N2,N2-S-R160,1,True,R160,Heritage Park,R,9.928,Neighborhood Park,1,0.0,0.0,,0,,,0.0,0.0,0.7953,1.0,440.5,440.5,0.0,0,129379.7,129379.7,29070.6
N2,N2-S-R161,1,True,R161,Laredo Avenue Parcel,R,2.222,Nature Area,1,0.0,0.0,,0,,,0.0,1.0,0.8124,0.333,1226.7,1226.7,0.0,0,81613.0,81613.0,67802.8
N2,N2-S-R162,1,True,R162,Olmsted-Beil House Park,R,2.76,Historic House Park,1,0.0,0.0,,0,,,1.0,1.0,0.6469,1.0,856.0,856.0,0.0,0,79738.8,79738.8,37513.1
N2,N2-S-R163,1,True,R163,Meredith Woods,R,15.565,Nature Area,1,0.0,0.0,,0,,,0.0,0.0,1.1003,0.333,150.0,239.9,0.75,0,147414.8,186227.6,14783.4
N2,N2-S-R165,1,True,R165,Blueberry Park,R,0.724,Neighborhood Park,1,0.0,0.0,,0,,,0.0,0.0,0.9836,1.0,784.6,784.6,0.0,0,56278.6,57073.0,39756.2
N2,N2-S-R166,1,True,R166,Manor Park,R,1.777,Nature Area,1,0.0,0.0,,0,,,0.0,0.0,1.002,0.333,242.3,242.3,0.0,0,53736.5,53736.5,15106.9
N2,N2-S-R167,1,True,R167,Richmond Terrace Park,R,11.186,Nature Area,1,0.0,0.0,,0,,,0.0,0.0,1.0148,0.667,773.5,773.5,0.0,0,119807.7,119807.7,43623.8
N2,N2-S-R168,1,True,R168,Park,R,0.05,Triangle/Plaza,1,0.0,0.0,,0,,,0.0,0.0,0.8628,1.0,659.6,659.6,0.0,0,37693.1,37693.1,32996.2
N2,N2-S-R169,1,True,R169,Goodhue Park,R,26.515,Neighborhood Park,1,0.0,0.0,,0,,,0.0,0.0,0.5862,1.0,1030.2,1456.5,0.46,0,140315.9,166591.5,53884.0
N2,N2-S-R173,1,True,R173,Snug Harbor Cemetery,R,6.485,Nature Area,1,0.0,0.0,,0,,,0.0,0.0,0.4539,1.0,0.0,255.2,1.0,0,27116.4,55690.5,0.0
N2,N2-S-X001A#2,1,True,X001A#2,Aqueduct Walk (2/5),X,1.847,Community Park,1,0.0,0.0,,0,,,0.0,0.0,0.9715,1.0,603.9,695.4,0.274,0,61045.8,98912.9,31422.8
N2,N2-S-X001A#5,1,True,X001A#5,Aqueduct Walk (5/5),X,1.326,Community Park,1,0.0,0.0,,0,,,0.0,0.0,0.8608,0.333,1032.6,1358.9,0.515,0,65645.9,97175.1,45245.6
N2,N2-S-X007,1,True,X007,Castle Hill Park,X,8.569,Neighborhood Park,1,0.0,0.0,,0,,,0.0,0.0,0.8053,0.667,1080.9,1135.4,0.189,0,116135.9,144502.3,51629.2
N2,N2-S-X012,1,True,X012,Church Triangle,X,0.077,Triangle/Plaza,1,0.0,0.0,,0,,,0.0,1.0,1.0748,0.333,829.8,829.8,0.0,0,36713.4,40224.2,30844.8
N2,N2-S-X015,1,True,X015,Joseph Rodman Drake Park & Enslaved African Burial Ground,X,2.536,Neighborhood Park,1,0.0,0.0,,0,,,0.0,0.0,1.0263,0.333,1450.4,1450.4,0.0,0,74435.5,74435.5,54364.8
N2,N2-S-X019,1,True,X019,Ewen Park,X,7.878,Neighborhood Park,1,0.0,0.0,,0,,,0.0,0.0,0.9979,0.444,2399.1,2399.1,0.0,0,102921.4,102921.4,87087.4
N2,N2-S-X020,1,True,X020,Fort Independence Playground,X,2.726,Playground,1,0.0,0.0,,0,,,0.0,0.0,0.8467,0.333,1443.9,1443.9,0.0,0,110448.1,110448.1,72886.3
N2,N2-S-X021,1,True,X021,Drew Playground,X,0.955,Playground,1,0.0,0.0,,0,,,0.0,0.0,0.7448,0.333,386.5,396.1,0.048,0,54446.3,56263.5,26094.6
N2,N2-S-X033#2,1,True,X033#2,Mosholu Parkway (2/5),X,12.049,Parkway,1,0.0,0.0,,0,,,0.0,1.0,1.0285,0.333,2369.5,3716.3,0.806,0,72216.3,120554.7,62077.2
N2,N2-S-X041,1,True,X041,Pulaski Park,X,1.455,Recreational Field/Courts,1,0.0,0.0,,0,,,0.0,0.0,0.8884,0.333,715.5,715.5,0.0,0,67520.3,67984.1,42634.9
N2,N2-S-X046,1,True,X046,Seton Falls Park,X,34.841,Nature Area,1,0.0,0.0,,0,,,0.0,1.0,1.0055,1.0,2709.6,2808.9,0.117,0,175707.0,189529.8,136697.5
N2,N2-S-X059,1,True,X059,Sergeant Johnson Triangle,X,0.116,Triangle/Plaza,1,0.0,0.0,,0,,,0.0,0.0,1.1181,0.667,955.4,955.4,0.0,0,31574.1,31574.1,27112.9
N2,N2-S-X060,1,True,X060,Sheridan Triangle,X,0.071,Triangle/Plaza,1,0.0,0.0,,0,,,0.0,0.0,1.0203,0.333,583.0,583.0,0.0,0,27016.5,27016.5,23602.9
N2,N2-S-X063,1,True,X063,Martin Luther King Triangle,X,0.034,Triangle/Plaza,1,0.0,0.0,,0,,,0.0,0.0,0.586,0.333,597.4,597.4,0.0,0,37116.4,37116.4,27324.2
N2,N2-S-X073,1,True,X073,Young Park,X,0.058,Triangle/Plaza,1,0.0,0.0,,0,,,0.0,1.0,1.0671,0.333,1134.8,1134.8,0.0,0,38080.0,38080.0,37539.8
N2,N2-S-X085,1,True,X085,Slattery Playground,X,0.933,Playground,1,0.0,0.0,,0,,,0.0,0.0,1.1189,0.333,1083.2,1083.2,0.0,0,55992.2,55992.2,50572.2
N2,N2-S-X088A,1,True,X088A,Waterfront Garden,X,0.278,Garden,1,0.0,0.0,,0,,,0.0,0.0,0.3784,0.333,494.4,494.4,0.0,0,20130.2,33902.5,31614.4
N2,N2-S-X088B,1,True,X088B,Clason Point Park,X,14.864,Community Park,1,0.0,0.0,,0,,,0.0,0.0,0.6786,1.0,460.3,460.3,0.0,0,109459.9,122406.4,26667.3
N2,N2-S-X091,1,True,X091,Park,X,0.21,Triangle/Plaza,1,0.0,0.0,,0,,,0.0,0.0,0.8291,0.333,82.2,581.5,1.0,0,5395.5,34499.9,3704.7
N2,N2-S-X093,1,True,X093,Van Nest Park,X,0.382,Playground,1,0.0,0.0,,0,,,0.0,1.0,1.0423,0.333,1220.5,1220.5,0.0,0,53547.8,53547.8,51708.5
N2,N2-S-X094,1,True,X094,Bridge Park,X,7.152,Neighborhood Park,1,0.0,0.0,,0,,,0.0,0.0,0.3987,0.333,714.3,714.3,0.0,0,193307.5,251192.7,57830.3
N2,N2-S-X096,1,True,X096,Rita Ley Triangle,X,0.019,Triangle/Plaza,1,0.0,0.0,,0,,,0.0,0.0,0.8258,1.0,597.3,597.3,0.0,0,23168.0,23168.0,20290.0
N2,N2-S-X103,1,True,X103,People's Park,X,1.4,Playground,1,0.0,0.0,,0,,,0.0,0.0,1.2088,0.333,510.6,765.0,0.698,0,45082.7,62832.3,22682.3
N2,N2-S-X110#3,1,True,X110#3,Henry Hudson Parkway (3/8),X,4.156,Parkway,1,0.0,0.0,,0,,,0.0,0.0,1.0816,1.0,810.6,988.5,0.358,0,70005.7,106320.7,38879.4
N2,N2-S-X110#6,1,True,X110#6,Henry Hudson Parkway (6/8),X,4.669,Parkway,1,0.0,0.0,,0,,,0.0,0.0,0.6835,0.333,1288.9,1365.4,0.114,0,81232.5,98994.9,79772.2
N2,N2-S-X113,1,True,X113,Hunts Point Playground,X,0.732,Jointly Operated Playground,1,0.0,0.0,,0,,,0.0,0.0,1.1471,0.333,1349.9,1349.9,0.0,0,53777.5,53777.5,45904.9
N2,N2-S-X115,1,True,X115,Mott Playground,X,0.958,Jointly Operated Playground,1,0.0,0.0,,0,,,0.0,1.0,0.9071,0.333,932.6,932.6,0.0,0,56304.5,56304.5,43706.3
N2,N2-S-X116,1,True,X116,Rev J Polite Playground,X,1.787,Jointly Operated Playground,1,0.0,0.0,,0,,,0.0,0.0,1.0545,0.333,938.7,938.7,0.0,0,73912.0,73912.0,39738.0
N2,N2-S-X118A,1,True,X118A,Harding Park Beautification Project,X,1.09,Garden,1,0.0,0.0,,0,,,0.0,0.0,0.7424,1.0,1034.2,1143.9,0.172,0,31874.6,39616.5,27223.9
N2,N2-S-X121,1,True,X121,Bufano Park,X,1.909,Playground,1,0.0,0.0,,0,,,0.0,0.0,1.1047,1.0,1429.4,1429.4,0.0,0,68648.8,68648.8,56418.4
N2,N2-S-X122,1,True,X122,Colucci Playground,X,4.014,Neighborhood Park,1,0.0,0.0,,0,,,0.0,0.0,0.9536,1.0,1544.5,1544.5,0.0,0,75611.1,75611.1,72004.6
N2,N2-S-X123,1,True,X123,Noble Playground,X,3.212,Playground,1,0.0,0.0,,0,,,0.0,0.0,0.6872,0.333,912.5,917.4,0.011,0,70779.3,71077.5,47482.8
N2,N2-S-X133,1,True,X133,Derosa O'Boyle Triangle,X,0.117,Triangle/Plaza,1,0.0,0.0,,0,,,0.0,1.0,1.1296,1.0,1052.8,1052.8,0.0,0,40371.5,40371.5,39399.7
N2,N2-S-X136,1,True,X136,Harris Park,X,14.623,Neighborhood Park,1,0.0,0.0,,0,,,0.0,1.0,0.956,0.333,1463.5,1573.1,0.34,0,98296.2,120774.7,89190.1
N2,N2-S-X137,1,True,X137,Jerome Park,X,4.242,Neighborhood Park,1,0.0,0.0,,0,,,0.0,0.0,0.9641,0.333,640.2,1116.3,0.542,0,155941.0,171021.5,48880.9
N2,N2-S-X138,1,True,X138,Playground One Thirty Four CXXXIV,X,1.95,Neighborhood Park,1,0.0,0.0,,0,,,0.0,0.0,0.6905,0.333,1372.8,1372.8,0.0,0,73338.8,83689.9,47422.1
N2,N2-S-X141,1,True,X141,Rienzi Playground,X,1.237,Jointly Operated Playground,1,0.0,0.0,,0,,,0.0,0.0,1.0248,1.0,791.9,791.9,0.0,0,59670.0,59670.0,44563.2
N2,N2-S-X148G,1,True,X148G,Park,X,0.039,Strip,1,0.0,0.0,,0,,,0.0,0.0,0.6943,1.0,194.9,637.6,0.988,0,9707.6,40185.0,12244.4
N2,N2-S-X148I2,1,True,X148I2,Park,X,0.048,Strip,1,0.0,0.0,,0,,,0.0,0.0,1.0696,0.222,171.4,688.6,0.801,0,18817.5,40690.4,13619.0
N2,N2-S-X148I3,1,True,X148I3,Park,X,0.035,Strip,1,0.0,0.0,,0,,,0.0,0.0,0.9812,0.556,1154.5,1188.8,0.06,0,35190.4,37182.7,27639.2
N2,N2-S-X148J,1,True,X148J,Park,X,0.051,Strip,1,0.0,0.0,,0,,,0.0,0.0,1.0633,1.0,537.6,580.2,0.165,0,72733.9,75397.9,25165.9
N2,N2-S-X148J2,1,True,X148J2,Boone Slope,X,0.007,Strip,1,0.0,0.0,,0,,,0.0,0.0,1.0141,0.667,615.5,615.5,0.0,0,33843.8,35380.4,31797.8
N2,N2-S-X148M,1,True,X148M,Chief Dennis L. Devlin Park,X,0.489,Triangle/Plaza,1,0.0,0.0,,0,,,0.0,0.0,0.9359,0.333,931.1,931.1,0.0,0,53740.9,53740.9,38987.1
N2,N2-S-X150D,1,True,X150D,Gasoline Alley,X,0.092,Strip,1,0.0,0.0,,0,,,1.0,1.0,0.8562,0.0,430.3,692.5,0.416,0,65035.7,81066.3,12746.5
N2,N2-S-X150G,1,True,X150G,Siren Slope,X,0.304,Parkway,1,0.0,0.0,,0,,,0.0,0.0,1.13,0.333,832.7,832.7,0.0,0,50255.5,50255.5,41425.8
N2,N2-S-X150H,1,True,X150H,Crescent Park,X,0.335,Triangle/Plaza,1,0.0,0.0,,0,,,0.0,0.0,0.9289,1.0,394.1,709.7,0.857,0,26653.5,41459.4,23773.3
N2,N2-S-X150I,1,True,X150I,Cooney Grauer Field,X,1.295,Recreational Field/Courts,1,0.0,0.0,,0,,,0.0,0.0,0.9869,0.333,534.8,1056.8,0.984,0,25157.9,51797.7,25129.5
N2,N2-S-X150J,1,True,X150J,Bailey Playground,X,3.243,Playground,1,0.0,0.0,,0,,,0.0,0.0,1.0502,0.333,616.4,1199.3,0.736,0,88228.8,113733.0,30479.0
N2,N2-S-X151,1,True,X151,P.O. Serrano Playground,X,2.655,Neighborhood Park,1,0.0,0.0,,0,,,0.0,0.0,1.1565,0.333,1326.1,1326.1,0.0,0,78463.7,78463.7,61742.4
N2,N2-S-X156,1,True,X156,Eastchester Playground,X,1.067,Playground,1,0.0,0.0,,0,,,0.0,0.0,0.9176,1.0,576.5,576.5,0.0,0,57392.9,57392.9,32233.3
N2,N2-S-X157,1,True,X157,Mazzei Playground,X,1.536,Playground,1,0.0,0.0,,0,,,0.0,0.0,1.0597,1.0,899.3,899.3,0.0,0,66515.7,66515.7,36533.9
N2,N2-S-X158,1,True,X158,Sedgwick Playground,X,1.032,Playground,1,0.0,0.0,,0,,,0.0,0.0,0.8436,0.333,394.2,443.8,0.223,0,31328.7,59194.0,28617.4
N2,N2-S-X161,1,True,X161,Gun Hill Playground,X,0.678,Playground,1,0.0,0.0,,0,,,0.0,0.0,1.0273,1.0,971.1,971.1,0.0,0,50417.2,52789.4,48865.7
N2,N2-S-X163,1,True,X163,Loreto Playground,X,2.202,Community Park,1,0.0,0.0,,0,,,0.0,0.0,1.0197,0.667,1463.1,1463.1,0.0,0,72721.6,72721.6,62383.5
N2,N2-S-X164,1,True,X164,Dawson Playground,X,0.743,Jointly Operated Playground,1,0.0,0.0,,0,,,0.0,0.0,1.061,0.778,227.5,510.4,0.896,0,22017.7,40995.0,9842.4
N2,N2-S-X165,1,True,X165,Edenwald Playground,X,2.34,Jointly Operated Playground,1,0.0,0.0,,0,,,0.0,0.0,0.9404,1.0,1105.2,1105.2,0.0,0,88336.7,88336.7,73815.0
N2,N2-S-X170,1,True,X170,The Pearly Gates,X,0.677,Playground,1,0.0,0.0,,0,,,0.0,0.0,1.0342,1.0,747.0,747.0,0.0,0,52524.9,52524.9,43252.8
N2,N2-S-X172,1,True,X172,Allerton Playground,X,1.631,Jointly Operated Playground,1,0.0,0.0,,0,,,0.0,0.0,1.0985,0.667,1356.0,1356.0,0.0,0,64711.0,64711.0,50732.6
N2,N2-S-X178,1,True,X178,Matthews Muliner Playground,X,1.04,Playground,1,0.0,0.0,,0,,,0.0,0.0,0.8562,1.0,867.3,867.3,0.0,0,57458.3,57458.3,44473.2
N2,N2-S-X183,1,True,X183,Bruckner Playground,X,1.01,Jointly Operated Playground,1,0.0,0.0,,0,,,0.0,0.0,0.0,1.0,210.2,210.2,0.0,0,59213.2,59213.2,9395.9
N2,N2-S-X187,1,True,X187,Givan Square,X,1.601,Playground,1,0.0,0.0,,0,,,1.0,1.0,1.0319,1.0,1914.2,1914.2,0.0,0,86810.2,86810.2,75378.3
N2,N2-S-X188,1,True,X188,Wakefield Playground,X,1.103,Jointly Operated Playground,1,0.0,0.0,,0,,,0.0,0.0,1.094,1.0,917.8,917.8,0.0,0,70640.4,70640.4,47894.1
N2,N2-S-X190,1,True,X190,Tiffany Playground,X,1.143,Jointly Operated Playground,1,0.0,0.0,,0,,,0.0,0.0,1.088,0.889,923.8,923.8,0.0,0,61623.4,61623.4,44084.3
N2,N2-S-X191A,1,True,X191A,Bicentennial Veterans Memorial Park,X,9.52,Neighborhood Park,1,0.0,0.0,,0,,,0.0,0.0,0.8012,1.0,1230.5,1230.5,0.0,0,125697.1,125697.1,80447.2
N2,N2-S-X191D,1,True,X191D,Park,X,0.008,Strip,1,0.0,0.0,,0,,,0.0,0.0,0.5395,1.0,244.6,244.6,0.0,0,53645.9,53645.9,19931.3
N2,N2-S-X193,1,True,X193,Stars & Stripes Playground,X,2.784,Jointly Operated Playground,1,0.0,0.0,,0,,,0.0,1.0,0.918,1.0,464.7,694.7,0.474,0,44329.6,57460.0,30339.3
N2,N2-S-X195B,1,True,X195B,Park,X,0.005,Strip,1,0.0,0.0,,0,,,0.0,0.0,0.9756,0.667,362.9,362.9,0.0,0,37062.8,37062.8,19468.1
N2,N2-S-X195C,1,True,X195C,Park,X,0.008,Strip,1,0.0,0.0,,0,,,0.0,0.0,0.9497,0.333,903.7,903.7,0.0,0,56261.5,56261.5,45091.4
N2,N2-S-X195D,1,True,X195D,Park,X,0.007,Strip,1,0.0,0.0,,0,,,0.0,0.0,0.7872,1.0,800.1,800.1,0.003,0,65790.7,67855.3,50865.2
N2,N2-S-X196,1,True,X196,Haffen Park,X,9.163,Neighborhood Park,1,0.0,0.0,,0,,,0.0,0.0,0.9583,0.889,2109.7,2109.7,0.0,0,108669.6,108669.6,95300.6
N2,N2-S-X201,1,True,X201,Seton Park,X,11.656,Community Park,1,0.0,0.0,,0,,,0.0,0.0,1.0501,0.333,1027.0,1514.4,0.505,0,52854.3,85922.6,50007.8
N2,N2-S-X202,1,True,X202,Marble Hill Playground,X,1.828,Playground,1,0.0,0.0,,0,,,0.0,0.0,1.1301,1.0,1127.9,1127.9,0.0,0,67353.3,67353.3,59952.9
N2,N2-S-X203,1,True,X203,Randall Playground,X,0.999,Playground,1,0.0,0.0,,0,,,0.0,0.0,0.9262,0.778,334.6,334.6,0.0,0,57215.6,57215.6,10623.2
N2,N2-S-X204,1,True,X204,Story Playground,X,2.219,Jointly Operated Playground,1,0.0,0.0,,0,,,0.0,0.0,1.1876,0.333,1158.3,1158.3,0.0,0,71130.2,72455.3,61960.7
N2,N2-S-X205,1,True,X205,FDNY-EMT Yadira Arroyo Playground,X,0.341,Jointly Operated Playground,1,0.0,0.0,,0,,,0.0,0.0,1.063,0.333,444.7,546.9,0.424,0,30478.3,44980.9,25567.5
N2,N2-S-X208,1,True,X208,Haviland Playground,X,0.84,Jointly Operated Playground,1,0.0,0.0,,0,,,0.0,0.0,1.0231,0.333,581.0,710.7,0.323,0,40221.5,53603.1,33760.9
N2,N2-S-X214,1,True,X214,Magenta Playground,X,0.899,Jointly Operated Playground,1,0.0,0.0,,0,,,0.0,0.0,1.0055,1.0,740.6,740.6,0.0,0,55752.5,58199.5,40286.1
N2,N2-S-X219,1,True,X219,Arcilla Playground,X,1.425,Jointly Operated Playground,1,0.0,0.0,,0,,,0.0,0.0,1.1081,0.667,935.3,970.6,0.071,0,59030.7,61810.7,46611.9
N2,N2-S-X221,1,True,X221,Space Time Playground,X,1.28,Jointly Operated Playground,1,0.0,0.0,,0,,,0.0,0.0,0.9468,0.333,972.6,972.6,0.0,0,59356.2,60640.8,46828.1
N2,N2-S-X222,1,True,X222,Gouverneur Playground,X,1.039,Playground,1,0.0,0.0,,0,,,0.0,0.0,1.0119,0.333,826.2,826.2,0.0,0,62014.1,63896.7,47996.0
N2,N2-S-X232,1,True,X232,Burns Playground,X,1.684,Jointly Operated Playground,1,0.0,0.0,,0,,,0.0,0.0,0.9508,0.889,1064.9,1064.9,0.0,0,67082.2,67082.2,57916.7
N2,N2-S-X247,1,True,X247,Fox Park,X,0.962,Neighborhood Park,1,0.0,0.0,,0,,,0.0,0.0,0.8768,0.333,1019.8,1019.8,0.0,0,59561.5,61198.6,51091.0
N2,N2-S-X248,1,True,X248,Barretto Park,X,0.12,Neighborhood Park,1,0.0,0.0,,0,,,0.0,0.0,1.0515,1.0,274.2,274.2,0.0,0,40749.5,40749.5,16639.8
N2,N2-S-X251,1,True,X251,Co-op City Field,X,3.381,Recreational Field/Courts,1,0.0,0.0,,0,,,0.0,0.0,0.7705,0.667,725.2,725.2,0.0,0,79361.0,79361.0,32261.2
N2,N2-S-X258,1,True,X258,Cleopatra Playground,X,0.624,Playground,1,0.0,0.0,,0,,,0.0,0.0,0.6458,0.778,418.1,507.6,0.592,0,35633.8,57206.0,19576.8
N2,N2-S-X260,1,True,X260,Julio Carballo Fields,X,3.355,Recreational Field/Courts,1,0.0,0.0,,0,,,0.0,0.0,0.9501,0.556,1071.0,1071.0,0.0,0,82313.7,82313.7,41004.6
N2,N2-S-X262,1,True,X262,Harding Park,X,2.246,Neighborhood Park,1,0.0,0.0,,0,,,0.0,0.0,0.8439,0.333,1943.8,2030.6,0.097,0,99138.0,106919.3,71085.4
N2,N2-S-X268,1,True,X268,Givans Creek Woods,X,10.101,Nature Area,1,0.0,0.0,,0,,,0.0,1.0,0.8632,0.667,1883.9,1883.9,0.0,0,146771.8,146771.8,77504.3
N2,N2-S-X270,1,True,X270,Freeman Garden,X,0.041,Garden,1,0.0,0.0,,0,,,0.0,0.0,1.05,0.556,265.2,389.7,0.886,0,16019.6,36016.2,13668.9
N2,N2-S-X274,1,True,X274,Mount Hope Garden,X,0.307,Playground,1,0.0,0.0,,0,,,0.0,0.0,1.0269,0.667,220.5,792.1,0.875,0,31402.9,44688.6,10673.8
N2,N2-S-X276,1,True,X276,Granja Farm OTF,X,0.38,Garden,1,0.0,0.0,,0,,,0.0,1.0,1.1212,0.333,681.5,726.3,0.127,0,46032.1,49542.7,37518.9
N2,N2-S-X278,1,True,X278,Boston Garden,X,0.025,Triangle/Plaza,1,0.0,0.0,,0,,,0.0,1.0,1.2096,0.667,896.8,896.8,0.0,0,36278.3,36278.3,37399.0
N2,N2-S-X279,1,True,X279,City Island Wetlands,X,5.443,Nature Area,1,0.0,0.0,,0,,,0.0,0.0,0.0,1.0,107.5,107.5,0.0,0,113108.4,113108.4,11128.6
N2,N2-S-X282,1,True,X282,Seabury Playground,X,0.189,Playground,1,0.0,0.0,,0,,,0.0,0.0,1.0374,0.0,357.2,357.2,0.0,0,43119.2,43119.2,13099.6
N2,N2-S-X283,1,True,X283,Beanstalk Playground,X,0.331,Playground,1,0.0,0.0,,0,,,0.0,0.0,0.0,1.0,401.5,401.5,0.0,0,37396.1,46628.7,18951.0
N2,N2-S-X294,1,True,X294,Palmer Inlet,X,6.997,Nature Area,1,0.0,0.0,,0,,,0.0,0.0,,0.0,0.0,0.0,,1,120746.3,120746.3,0.0
N2,N2-S-X299,1,True,X299,Little Claremont Playground,X,0.549,Playground,1,0.0,0.0,,0,,,0.0,0.0,0.9297,0.222,539.8,684.9,0.394,0,34613.0,51193.6,27357.2
N2,N2-S-X304,1,True,X304,Tiffany Street Pier,X,4.763,Waterfront Facility,1,0.0,0.0,,0,,,0.0,0.0,0.5948,1.0,0.0,97.5,1.0,0,61486.6,76073.7,0.0
N2,N2-S-X306,1,True,X306,Garrison Park,X,1.064,Neighborhood Park,1,0.0,0.0,,0,,,0.0,0.0,1.0796,0.667,546.7,546.7,0.0,0,49411.1,60310.1,22677.0
N2,N2-S-X307,1,True,X307,Barretto Point Park,X,12.214,Neighborhood Park,1,0.0,0.0,,0,,,0.0,0.0,0.9339,1.0,608.7,608.7,0.16,0,91662.9,106342.1,34491.9
N2,N2-S-X308,1,True,X308,North Brother Island,X,30.802,Nature Area,1,0.0,0.0,,0,,,0.0,0.0,0.4328,0.0,0.0,0.0,,1,156641.8,161529.8,0.0
N2,N2-S-X309,1,True,X309,South Brother Island,X,21.097,Nature Area,1,0.0,0.0,,0,,,0.0,0.0,,0.0,0.0,0.0,,1,139536.6,144200.1,0.0
N2,N2-S-X314,1,True,X314,Isla Verde Garden,X,0.151,Garden,1,0.0,0.0,,0,,,0.0,0.0,0.8688,1.0,552.8,713.4,0.546,0,26829.3,41307.2,28299.2
N2,N2-S-X315,1,True,X315,Bryant Hill Garden,X,0.354,Garden,1,0.0,0.0,,0,,,0.0,0.0,1.0596,1.0,377.0,377.0,0.0,0,46787.2,46787.2,17193.2
N2,N2-S-X319,1,True,X319,Jackson Forest Garden,X,0.171,Garden,1,0.0,0.0,,0,,,0.0,0.0,0.9106,1.0,409.9,770.5,0.682,0,30174.2,43837.4,23336.2
N2,N2-S-X320,1,True,X320,Jardin De La Familia,X,0.327,Garden,1,0.0,0.0,,0,,,0.0,0.0,1.0807,0.333,520.2,609.6,0.338,0,30549.2,43994.0,32992.0
N2,N2-S-X322,1,True,X322,Jardin De Las Rosas,X,0.054,Garden,1,0.0,0.0,,0,,,0.0,0.0,0.973,1.0,548.7,548.7,0.0,0,38933.9,38933.9,20917.0
N2,N2-S-X323,1,True,X323,El Batey de Doña Provi Garden,X,0.13,Garden,1,0.0,0.0,,0,,,0.0,0.0,1.0223,0.333,704.0,742.3,0.101,0,37200.3,40846.6,34175.8
N2,N2-S-X325,1,True,X325,Taylor-Soundview Block Assoc. Garden,X,0.14,Garden,1,0.0,0.0,,0,,,0.0,1.0,1.0031,0.333,1016.4,1016.4,0.0,0,42802.5,42802.5,38417.2
N2,N2-S-X327,1,True,X327,La Isla Garden,X,0.117,Garden,1,0.0,0.0,,0,,,0.0,0.0,0.8382,1.0,165.1,392.0,0.981,0,11017.4,38081.9,8246.7
N2,N2-S-X330,1,True,X330,P.S. 186 Day Treatment Program,X,0.071,Garden,1,0.0,0.0,,0,,,0.0,0.0,1.0449,1.0,362.2,367.2,0.027,0,38090.7,38145.7,23321.2
N2,N2-S-X332,1,True,X332,Schomberg Academy Garden,X,0.035,Garden,1,0.0,0.0,,0,,,0.0,0.0,0.868,0.333,420.8,581.4,0.736,0,19114.2,34004.7,20790.5
N2,N2-S-X336,1,True,X336,Hunts Point Riverside Park,X,1.402,Neighborhood Park,1,0.0,0.0,,0,,,0.0,0.0,0.4804,0.556,389.8,389.8,0.0,0,63935.5,63935.5,15111.4
N2,N2-S-X339,1,True,X339,Angie Lee Gonzales Garden,X,0.107,Garden,1,0.0,0.0,,0,,,0.0,0.0,1.1354,0.667,176.1,284.2,0.889,0,21321.6,39396.7,8394.3
N2,N2-S-X340,1,True,X340,CS 134 Community Improvement Garden,X,0.168,Garden,1,0.0,0.0,,0,,,0.0,0.0,0.5169,0.333,438.6,438.6,0.684,0,28534.3,40933.9,22698.2
N2,N2-S-X342,1,True,X342,Model T Senior Citizen's Garden,X,0.266,Garden,1,0.0,0.0,,0,,,0.0,0.0,0.0,1.0,0.0,299.9,1.0,0,33996.8,47493.1,0.0
N2,N2-S-X358,1,True,X358,College Avenue Garden,X,0.434,Garden,1,0.0,0.0,,0,,,0.0,0.0,1.0009,0.333,426.7,585.9,0.591,0,25450.1,42559.7,19306.6
N2,N2-S-X361,1,True,X361,Synergi Urban Garden UCFP,X,0.336,Garden,1,0.0,0.0,,0,,,0.0,0.0,1.05,0.556,305.4,526.1,0.656,0,34629.2,48669.9,15250.7
N2,N2-S-X362,1,True,X362,Catherine Scott Promenade,X,0.535,Waterfront Facility,1,0.0,0.0,,0,,,1.0,1.0,1.0384,0.667,527.7,527.7,0.0,0,64744.7,64744.7,38045.0
N2,N2-S-X364,1,True,X364,Havemeyer Garden Association,X,0.136,Garden,1,0.0,0.0,,0,,,0.0,0.0,1.0952,0.333,605.5,605.5,0.0,0,45200.1,45200.1,41231.8
N2,N2-S-X365,1,True,X365,Black Joy Farm,X,0.104,Garden,1,0.0,0.0,,0,,,0.0,0.0,1.0768,0.667,210.1,210.1,0.0,0,38139.0,40579.0,17373.7
N2,N2-S-X367,1,True,X367,Dr. Thomasina Bushby Park,X,0.259,Neighborhood Park,1,0.0,0.0,,0,,,0.0,0.0,0.8847,1.0,313.1,313.1,0.0,0,44320.8,44320.8,19801.0
