definition,cluster_id,n_parks,is_singleton,park_ids,park_names,boroughs,park_area_acres,dominant_type,n_types,extent_km,max_walk_m,median_walk_m,internal_robust_links,link_density,median_angle_deg,share_on_main_5,share_on_main_10,nach_1600_mean,isolation_persistence_mean,ring_area_m2,overlap_other_clusters_share
N3,N3-001,8,False,B223DB;B223DC;B223DG;B223DH;B223DI;B223DJ;B223E;B223F,Brooklyn Heights Promenade; Brooklyn Heights Promenade; Brooklyn Heights Promenade; Brooklyn Heights Promenade; Brooklyn Heights Promenade; Brooklyn Heights Promenade; Fruit Street Sitting Area; Squibb Park,B,2.437,Triangle/Plaza,2,0.778,696.6,162.1,12,0.429,1.2,0.0,1.0,0.9162,0.453,185136.2,0.896
N3,N3-002,5,False,M268;M329;M332;M354;M410,El Jardin Del Paraiso Park; Generation X; The Secret Garden; Orchard Alley Garden; Sage Garden,M,1.188,Garden,1,0.286,186.6,109.9,2,0.2,0.0,0.0,0.2,1.0923,0.225,115052.7,0.502
N3,N3-003,5,False,M310;M311;M324;M325A;M336,Firemen's Memorial Garden; Green Oasis and Gilbert's Garden; Earth People; La Casita Garden; De Colores Cmty Yard and Center,M,0.83,Garden,1,0.259,266.4,162.2,8,0.8,0.2,0.0,0.0,0.9362,0.275,95667.0,0.812
N3,N3-004,3,False,B494;B495;B508,Vernon Tandt Block Association; Vernon/throop Av Block Association; Vernon Cases Community Garden,B,0.362,Garden,1,0.618,621.0,503.1,2,0.667,0.2,0.0,0.333,1.1388,0.25,97134.9,0.749
N3,N3-005,3,False,M059;M325;M325B,Murphy Brothers Playground; La Plaza Cultural; Flower Door Garden,M,1.827,Garden,2,0.71,681.6,640.9,2,0.667,29.2,0.0,1.0,0.9794,0.167,120210.7,0.416
N3,N3-006,3,False,M095#2;M095#5;M095A,Broadway Malls (2/5); Broadway Malls (5/5); Broadway Malls,M,2.116,Mall,1,0.884,681.3,366.1,0,0.0,5.8,0.0,1.0,1.1387,0.333,382641.9,0.442
N3,N3-007,3,False,M208B;M208C;M346,Park; Harlem River Park; Life Spire Garden,M,0.274,Triangle/Plaza,2,0.669,643.3,524.7,1,0.333,14.6,0.0,0.0,0.914,0.208,85067.7,0.982
N3,N3-008,3,False,M314;M334;M357,Miracle Garden; Brisas Del Caribe; Los Amigos Garden,M,0.228,Garden,1,0.178,223.3,223.3,2,0.667,4.0,0.0,0.0,1.058,0.25,77005.3,0.917
N3,N3-009,3,False,X070;X150E;X175,Heath Triangle; Fordham Landing Playground; Riverbend Playground,X,5.25,Jointly Operated Playground,3,0.801,543.7,338.9,3,1.0,4.4,0.0,0.0,0.8896,0.0,255520.4,0.074
N3,N3-010,3,False,X148H2;X293;X372,Fairmount Playground; Garden Of Happiness; Garden of Youth,X,1.006,Garden,2,0.805,710.3,710.3,2,0.667,20.5,0.0,0.0,1.1528,0.417,111901.3,0.692
N3,N3-011,2,False,B023;B269,Lafayette Playground; Jesse Owens Playground,B,2.857,Jointly Operated Playground,2,0.241,231.6,231.6,1,1.0,0.3,0.0,1.0,1.0935,0.312,117463.7,0.0
N3,N3-012,2,False,B093;B531,Weeksville Playground; Garden of Plenty,B,0.357,Garden,2,0.726,700.7,700.7,1,1.0,12.2,0.0,0.0,0.9835,0.25,82788.6,0.557
N3,N3-013,2,False,B149A;B460,Elton Playground; Elton St Block Association,B,0.723,Garden,2,0.325,360.2,360.2,1,1.0,19.8,0.0,0.0,1.1055,0.25,94353.2,0.546
N3,N3-014,2,False,B215;B593,Decatur Playground; Bed-Stuy Farm,B,0.863,Garden,2,0.826,749.4,749.4,0,0.0,1.1,0.0,0.0,1.0817,0.156,93663.1,0.11
N3,N3-015,2,False,B216;B323,Raymond Bush Playground; Hattie Carthan Playground,B,3.209,Jointly Operated Playground,1,0.556,483.8,483.8,1,1.0,0.2,0.5,0.5,1.1077,0.062,129133.0,0.179
N3,N3-016,2,False,B253;B300,Albert L. Parham Playground; Oracle Playground,B,2.001,Jointly Operated Playground,1,0.404,345.9,345.9,1,1.0,0.2,0.0,0.0,1.0185,0.25,113981.4,0.177
N3,N3-017,2,False,B304;B404,Kennedy King Playground; East Flatbush Children's Playground,B,0.895,Jointly Operated Playground,2,0.66,696.1,696.1,1,1.0,1.9,0.0,0.0,1.097,0.5,94293.6,0.002
N3,N3-018,2,False,B451;B572,Clifton Pl Memorial Park and Garden; Hattie Carthan Herban Farm,B,0.314,Garden,1,0.954,799.1,799.1,1,1.0,8.6,0.0,0.5,1.1514,0.25,83233.9,0.238
N3,N3-019,2,False,B452;B522,Concerned Residents of Barbey Street; Jerome-Glenmore Cornerstone Community Garden,B,0.241,Garden,1,0.05,0.0,0.0,0,0.0,0.0,0.0,1.0,1.1705,0.375,50261.2,0.881
N3,N3-020,2,False,B453;B491,Concerned Residents of Montauk Avenue; Shield Of Faith,B,0.266,Garden,1,0.408,461.0,461.0,1,1.0,0.7,0.0,0.0,1.0811,0.0,80657.5,0.461
N3,N3-021,2,False,B479;B582,Lefferts Pl Block Association; Brooklyn's Finest Garden,B,0.124,Garden,1,0.375,482.0,482.0,1,1.0,0.6,0.0,0.0,0.9784,0.375,81491.6,0.261
N3,N3-022,2,False,B484;B581,Gregory's Garden; Warwick Street Greenery Glow Garden,B,0.157,Garden,1,0.458,472.6,472.6,1,1.0,0.4,0.0,0.0,1.1812,0.0,78391.0,0.431
N3,N3-023,2,False,B514;B521,Nehemiah Ten Garden; Oriental Garden,B,0.466,Garden,1,0.576,618.9,618.9,1,1.0,0.5,0.0,0.0,1.0988,0.0,91534.9,0.638
N3,N3-024,2,False,B538;B574,Welcome Home Garden; Halsey Ralph & Howard Community Garden,B,0.131,Garden,1,0.205,136.2,136.2,0,0.0,0.3,0.0,0.0,1.1569,0.125,78820.1,0.0
N3,N3-025,2,False,B541;B548,Berriman Playground; Park,B,2.327,Neighborhood Park,2,0.57,483.0,483.0,1,1.0,1.6,1.0,1.0,0.9665,0.0,117575.3,0.06
N3,N3-026,2,False,B579;B599,Imani II Community Garden; Kingsborough Houses Pacific Playground,B,0.403,Garden,2,0.518,413.6,413.6,0,0.0,0.6,0.0,0.5,0.9168,0.125,84819.3,0.44
N3,N3-027,2,False,M108Q1;M108T#5,Andrew Haswell Green Park; East River Walk (5/6),M,2.819,Neighborhood Park,2,0.528,200.0,200.0,1,1.0,41.8,0.0,0.0,0.1389,0.438,171915.6,0.847
N3,N3-028,2,False,M208D;M208E,Harlem River Park; Crack Is Wack Playground,M,7.229,Playground,2,0.274,88.1,88.1,0,0.0,11.3,0.5,1.0,0.6195,0.0,141111.1,0.606
N3,N3-029,2,False,M220;M229,Frederick Douglass Playground; Happy Warrior Playground,M,3.396,Jointly Operated Playground,2,0.195,92.4,92.4,0,0.0,0.1,1.0,1.0,1.1009,0.313,113144.6,0.213
N3,N3-030,2,False,M298;M305,Unity Gardens; Collyer Brothers Park,M,0.167,Garden,1,0.161,81.8,81.8,0,0.0,0.3,0.0,1.0,0.8097,0.062,70747.4,0.707
N3,N3-031,2,False,M313;M315,6BC Botanical Garden; The Creative Little Garden,M,0.233,Garden,1,0.185,157.6,157.6,1,1.0,0.1,0.0,0.0,0.6725,0.5,75059.3,0.947
N3,N3-032,2,False,M316;M363,Edward P. Bowman Park; Harlem Rose Garden,M,0.191,Garden,1,0.282,248.8,248.8,1,1.0,1.1,0.0,0.0,1.1978,0.25,79808.4,0.792
N3,N3-033,2,False,M318;M414,Merchant's House Museum; Manuel Plaza,M,0.299,Historic House Park,2,0.016,0.0,0.0,0,0.0,0.0,0.0,0.0,0.6415,0.125,44890.7,0.223
N3,N3-034,2,False,M319A;M319B,Sugar Hill Garden; Edgecombe Park,M,0.18,Garden,1,0.036,35.4,35.4,1,1.0,0.3,0.0,0.0,1.0775,0.5,33032.2,0.982
N3,N3-035,2,False,M330;M418,Family Community Garden; Mission Garden,M,0.137,Garden,1,0.291,312.8,312.8,1,1.0,4.1,0.0,1.0,1.2551,0.062,76878.5,0.498
N3,N3-036,2,False,M331;M389,117th St Community Garden; St. Mark's Garden,M,0.178,Garden,1,0.609,639.6,639.6,1,1.0,5.0,0.0,0.0,1.1481,0.125,79529.9,0.476
N3,N3-037,2,False,M350;M371,Peachtree Garden; Hope Garden,M,0.168,Garden,1,0.192,253.3,253.3,1,1.0,0.9,0.0,0.0,1.0898,0.5,75910.2,0.926
N3,N3-038,2,False,M361;M370,Lower East Side Ecology Center; Sam and Sadie Koenig Garden,M,0.211,Garden,1,0.125,119.0,119.0,1,1.0,0.2,0.0,0.0,0.8167,0.5,62566.7,0.992
N3,N3-039,2,False,Q084B;Q391,Tepper Triangle; Joseph Austin Playground,Q,4.128,Jointly Operated Playground,2,0.829,718.0,718.0,1,1.0,34.5,0.0,0.0,0.9357,0.5,122385.5,0.0
N3,N3-040,2,False,Q341D;Q341E,Spargo Park; Crosson Green,Q,0.43,Strip,2,0.117,185.9,185.9,1,1.0,2.3,0.0,0.0,0.9301,0.375,77987.4,0.68
N3,N3-041,2,False,Q511;Q523,Edgemere Coalition; Beach 43rd Street Waterfront Park,Q,0.561,Garden,2,0.38,311.6,311.6,1,1.0,0.7,0.0,0.0,0.7513,0.125,81444.9,0.107
N3,N3-042,2,False,R112#7;R163,Meredith Woods (7/25); Meredith Woods,R,45.818,Nature Area,1,0.688,410.8,410.8,1,1.0,14.9,0.0,0.0,1.0674,0.125,406281.3,0.309
N3,N3-043,2,False,X021;X243A,Drew Playground; Garden,X,1.051,Garden,2,0.573,547.0,547.0,1,1.0,13.7,0.0,0.0,0.9258,0.5,90621.7,0.417
N3,N3-044,2,False,X112;X318,Hilton White Playground; Franklin Memorial Garden,X,0.592,Garden,2,0.418,419.3,419.3,1,1.0,3.7,0.0,0.0,1.0944,0.5,86022.1,0.39
N3,N3-045,2,False,X150G;X150J,Siren Slope; Bailey Playground,X,3.547,Parkway,2,0.607,473.0,473.0,0,0.0,27.8,0.0,0.0,1.0901,0.5,163988.6,0.311
N3,N3-046,2,False,X270;X361,Freeman Garden; Synergi Urban Garden UCFP,X,0.377,Garden,1,0.037,0.0,0.0,0,0.0,0.0,0.0,0.0,1.05,0.25,50649.0,0.0
N3,N3-047,2,False,X328;X333,Las Casitas Community Garden; Woodycrest Community Garden,X,0.325,Garden,1,0.584,567.9,567.9,1,1.0,1.3,0.0,0.0,1.0347,0.25,82072.7,0.769
N3,N3-S-B001,1,True,B001,American Playground,B,0.895,Playground,1,0.0,0.0,,0,,,1.0,1.0,1.1177,1.0,55436.9,0.289
N3,N3-S-B002,1,True,B002,Amersfort Park,B,3.503,Neighborhood Park,1,0.0,0.0,,0,,,1.0,1.0,1.046,1.0,90576.2,0.0
N3,N3-S-B003,1,True,B003,Bartel-Pritchard Square,B,1.705,Triangle/Plaza,1,0.0,0.0,,0,,,0.0,1.0,0.7479,1.0,47926.8,0.0
N3,N3-S-B006,1,True,B006,Beattie Square,B,0.013,Triangle/Plaza,1,0.0,0.0,,0,,,1.0,1.0,1.169,0.812,34915.4,0.0
N3,N3-S-B007,1,True,B007,Bensonhurst Park,B,17.284,Recreational Field/Courts,1,0.0,0.0,,0,,,1.0,1.0,1.0594,1.0,152756.1,0.0
N3,N3-S-B008,1,True,B008,Betsy Head Park,B,10.551,Community Park,1,0.0,0.0,,0,,,1.0,1.0,1.1086,1.0,151304.6,0.561
N3,N3-S-B012,1,True,B012,Brower Park,B,7.012,Neighborhood Park,1,0.0,0.0,,0,,,1.0,1.0,1.1348,0.875,106677.9,0.04
N3,N3-S-B016,1,True,B016,Maria Hernandez Park,B,6.721,Neighborhood Park,1,0.0,0.0,,0,,,0.0,1.0,1.1062,1.0,98407.1,0.0
N3,N3-S-B017,1,True,B017,Bushwick Playground,B,2.843,Jointly Operated Playground,1,0.0,0.0,,0,,,0.0,0.0,1.1228,1.0,77543.8,0.238
N3,N3-S-B019,1,True,B019,Carroll Park,B,1.914,Neighborhood Park,1,0.0,0.0,,0,,,1.0,1.0,1.014,1.0,72069.1,0.0
N3,N3-S-B021,1,True,B021,Commodore Barry Park,B,10.054,Community Park,1,0.0,0.0,,0,,,0.0,1.0,0.9805,0.562,111206.6,0.554
N3,N3-S-B022,1,True,B022,Sarah J.S. Tompkins Garnet Playground,B,1.1,Playground,1,0.0,0.0,,0,,,0.0,0.0,1.0064,0.875,58146.2,0.0
N3,N3-S-B024,1,True,B024,Orient Grove,B,0.16,Garden,1,0.0,0.0,,0,,,0.0,0.0,1.1187,0.625,45158.8,0.597
N3,N3-S-B025,1,True,B025,Cooper Park,B,6.476,Neighborhood Park,1,0.0,0.0,,0,,,0.0,1.0,0.9541,1.0,101397.2,0.167
N3,N3-S-B026,1,True,B026,Cuyler Gore Park,B,1.188,Neighborhood Park,1,0.0,0.0,,0,,,0.0,1.0,1.0556,1.0,64793.6,0.556
N3,N3-S-B027,1,True,B027,Veterans Triangle,B,0.026,Triangle/Plaza,1,0.0,0.0,,0,,,1.0,1.0,1.1892,1.0,35574.2,0.734
N3,N3-S-B029#1,1,True,B029#1,Eastern Parkway (1/10),B,2.691,Parkway,1,0.0,0.0,,0,,,1.0,1.0,1.1006,1.0,128538.8,0.6
N3,N3-S-B029#10,1,True,B029#10,Eastern Parkway (10/10),B,2.555,Parkway,1,0.0,0.0,,0,,,0.0,1.0,1.0066,0.875,111154.8,0.683
N3,N3-S-B029#2,1,True,B029#2,Eastern Parkway (2/10),B,2.591,Parkway,1,0.0,0.0,,0,,,0.0,1.0,0.8059,1.0,130516.7,0.592
N3,N3-S-B029#3,1,True,B029#3,Eastern Parkway (3/10),B,2.837,Parkway,1,0.0,0.0,,0,,,0.0,1.0,1.0354,1.0,114239.1,0.807
N3,N3-S-B029#4,1,True,B029#4,Eastern Parkway (4/10),B,2.498,Parkway,1,0.0,0.0,,0,,,1.0,1.0,1.1128,1.0,105254.7,0.745
N3,N3-S-B029#5,1,True,B029#5,Eastern Parkway (5/10),B,2.419,Parkway,1,0.0,0.0,,0,,,0.0,1.0,1.1324,1.0,129841.8,0.592
N3,N3-S-B029#6,1,True,B029#6,Eastern Parkway (6/10),B,2.496,Parkway,1,0.0,0.0,,0,,,1.0,1.0,0.9979,1.0,128912.6,0.595
N3,N3-S-B029#7,1,True,B029#7,Eastern Parkway (7/10),B,2.669,Parkway,1,0.0,0.0,,0,,,0.0,0.0,0.9715,1.0,125093.6,0.612
N3,N3-S-B029#8,1,True,B029#8,Eastern Parkway (8/10),B,2.964,Parkway,1,0.0,0.0,,0,,,0.0,0.0,0.8926,0.875,92934.6,0.8
N3,N3-S-B029#9,1,True,B029#9,Eastern Parkway (9/10),B,2.552,Parkway,1,0.0,0.0,,0,,,0.0,1.0,0.9529,1.0,126904.5,0.614
N3,N3-S-B030#1,1,True,B030#1,Eastern Parkway Extension (1/6),B,0.185,Mall,1,0.0,0.0,,0,,,0.0,0.0,1.1685,0.75,111366.6,0.59
N3,N3-S-B030#2,1,True,B030#2,Eastern Parkway Extension (2/6),B,0.13,Mall,1,0.0,0.0,,0,,,0.0,0.0,1.1262,1.0,95822.6,0.766
N3,N3-S-B030#3,1,True,B030#3,Eastern Parkway Extension (3/6),B,0.167,Mall,1,0.0,0.0,,0,,,0.0,1.0,1.127,1.0,98075.9,0.794
N3,N3-S-B030#4,1,True,B030#4,Eastern Parkway Extension (4/6),B,0.149,Mall,1,0.0,0.0,,0,,,1.0,1.0,1.1168,1.0,107318.3,0.824
N3,N3-S-B030#5,1,True,B030#5,Eastern Parkway Extension (5/6),B,0.193,Mall,1,0.0,0.0,,0,,,1.0,1.0,1.0507,0.625,89538.6,0.374
N3,N3-S-B030#6,1,True,B030#6,Eastern Parkway Extension (6/6),B,0.27,Mall,1,0.0,0.0,,0,,,1.0,1.0,0.9654,1.0,98753.0,0.844
N3,N3-S-B031,1,True,B031,Fidelity Triangle,B,0.005,Triangle/Plaza,1,0.0,0.0,,0,,,0.0,1.0,1.1309,0.938,33588.4,0.079
N3,N3-S-B032,1,True,B032,Fort Greene Park,B,30.206,Community Park,1,0.0,0.0,,0,,,1.0,1.0,1.0633,1.0,174059.9,0.07
N3,N3-S-B033,1,True,B033,Fort Hamilton Triangle,B,0.079,Triangle/Plaza,1,0.0,0.0,,0,,,1.0,1.0,1.215,1.0,42177.8,0.005
N3,N3-S-B035,1,True,B035,John Paul Jones Park,B,5.313,Neighborhood Park,1,0.0,0.0,,0,,,1.0,1.0,0.9641,1.0,70347.0,0.674
N3,N3-S-B036,1,True,B036,Fort Stirling Park,B,0.226,Triangle/Plaza,1,0.0,0.0,,0,,,0.0,0.0,0.829,1.0,40124.5,0.938
N3,N3-S-B037,1,True,B037,Freedom Triangle,B,0.004,Triangle/Plaza,1,0.0,0.0,,0,,,1.0,1.0,1.2029,0.938,33602.5,0.0
N3,N3-S-B038,1,True,B038,Fulton Park,B,2.011,Neighborhood Park,1,0.0,0.0,,0,,,1.0,1.0,1.052,0.75,90943.3,0.383
N3,N3-S-B040,1,True,B040,Grand Army Plaza,B,14.133,Triangle/Plaza,1,0.0,0.0,,0,,,0.0,1.0,0.9381,0.75,133772.9,0.202
N3,N3-S-B041,1,True,B041,Grant Gore,B,0.017,Triangle/Plaza,1,0.0,0.0,,0,,,0.0,1.0,1.1776,0.875,37178.9,0.326
N3,N3-S-B042,1,True,B042,Gravesend Park,B,4.998,Neighborhood Park,1,0.0,0.0,,0,,,0.0,1.0,1.0228,0.875,98931.6,0.0
N3,N3-S-B043,1,True,B043,Greenpoint Playground,B,0.493,Playground,1,0.0,0.0,,0,,,1.0,1.0,1.0314,0.938,46691.1,0.654
N3,N3-S-B044,1,True,B044,Dr. Ronald McNair Park,B,1.333,Neighborhood Park,1,0.0,0.0,,0,,,0.0,1.0,1.054,0.875,44318.5,0.645
N3,N3-S-B045,1,True,B045,Heisser Triangle,B,0.03,Triangle/Plaza,1,0.0,0.0,,0,,,1.0,1.0,1.1315,1.0,36702.2,0.361
N3,N3-S-B047A,1,True,B047A,Highland Park Childrens Garden,B,0.421,Garden,1,0.0,0.0,,0,,,1.0,1.0,0.8869,0.938,28930.2,0.0
N3,N3-S-B049,1,True,B049,Irving Square Park,B,2.849,Neighborhood Park,1,0.0,0.0,,0,,,0.0,1.0,1.025,1.0,80607.4,0.0
N3,N3-S-B050,1,True,B050,Van Voorhees Playground,B,4.021,Playground,1,0.0,0.0,,0,,,0.0,0.0,0.7796,0.938,101460.6,0.336
N3,N3-S-B051,1,True,B051,Kelly Park Playground,B,3.505,Neighborhood Park,1,0.0,0.0,,0,,,0.0,1.0,1.1778,1.0,73748.5,0.469
N3,N3-S-B052,1,True,B052,Leif Ericson Park,B,13.485,Neighborhood Park,1,0.0,0.0,,0,,,1.0,1.0,1.0112,1.0,295482.9,0.309
N3,N3-S-B054,1,True,B054,Lincoln Terrace / Arthur S. Somers Park,B,19.786,Community Park,1,0.0,0.0,,0,,,0.0,1.0,1.0799,1.0,149260.2,0.352
N3,N3-S-B055,1,True,B055,Sternberg Park,B,4.153,Playground,1,0.0,0.0,,0,,,0.0,1.0,1.0582,1.0,83277.0,0.065
N3,N3-S-B056,1,True,B056,Martin Luther King Jr. Playground,B,2.311,Playground,1,0.0,0.0,,0,,,0.0,1.0,1.0773,0.875,72870.4,0.685
N3,N3-S-B058,1,True,B058,McCarren Park,B,36.899,Community Park,1,0.0,0.0,,0,,,1.0,1.0,1.068,1.0,228382.9,0.223
N3,N3-S-B060,1,True,B060,McKinley Park,B,8.239,Neighborhood Park,1,0.0,0.0,,0,,,1.0,1.0,1.1053,1.0,131003.0,0.0
N3,N3-S-B061,1,True,B061,McLaughlin Park,B,2.0,Recreational Field/Courts,1,0.0,0.0,,0,,,1.0,1.0,0.9348,1.0,72334.8,0.228
N3,N3-S-B062,1,True,B062,Memorial Gore,B,0.049,Triangle/Plaza,1,0.0,0.0,,0,,,0.0,0.0,1.0319,0.75,37200.0,0.234
N3,N3-S-B063,1,True,B063,Milestone Park,B,0.483,Neighborhood Park,1,0.0,0.0,,0,,,0.0,1.0,1.1324,0.875,48291.7,0.608
N3,N3-S-B066,1,True,B066,Owl's Head Park,B,24.194,Neighborhood Park,1,0.0,0.0,,0,,,1.0,1.0,1.0146,1.0,141014.4,0.571
N3,N3-S-B068,1,True,B068,Parade Ground,B,35.832,Recreational Field/Courts,1,0.0,0.0,,0,,,0.0,1.0,1.0581,1.0,143383.8,0.099
N3,N3-S-B070,1,True,B070,Machate Circle,B,4.319,Triangle/Plaza,1,0.0,0.0,,0,,,0.0,1.0,0.9122,0.875,42519.5,0.804
N3,N3-S-B077,1,True,B077,Coffey Park,B,8.204,Neighborhood Park,1,0.0,0.0,,0,,,0.0,0.0,1.0145,1.0,105501.0,0.0
N3,N3-S-B078,1,True,B078,Grace Playground,B,2.729,Jointly Operated Playground,1,0.0,0.0,,0,,,0.0,1.0,1.0676,0.875,76658.2,0.007
N3,N3-S-B079,1,True,B079,Saratoga Park,B,3.267,Neighborhood Park,1,0.0,0.0,,0,,,1.0,1.0,1.126,0.562,86346.9,0.0
N3,N3-S-B080,1,True,B080,Asser Levy Park,B,21.027,Community Park,1,0.0,0.0,,0,,,0.0,1.0,0.9041,0.5,132256.3,0.354
N3,N3-S-B082#1,1,True,B082#1,Shore Park and Parkway (1/10),B,6.15,Community Park,1,0.0,0.0,,0,,,1.0,1.0,1.0935,1.0,122222.6,0.676
N3,N3-S-B082#10,1,True,B082#10,Shore Park and Parkway (10/10),B,3.115,Community Park,1,0.0,0.0,,0,,,1.0,1.0,0.896,1.0,112273.1,0.647
N3,N3-S-B082#2,1,True,B082#2,Shore Park and Parkway (2/10),B,6.488,Community Park,1,0.0,0.0,,0,,,0.0,0.0,1.0686,1.0,157451.1,0.479
N3,N3-S-B082#3,1,True,B082#3,Shore Park and Parkway (3/10),B,13.738,Community Park,1,0.0,0.0,,0,,,0.0,0.0,0.9948,1.0,159403.1,0.464
N3,N3-S-B082#4,1,True,B082#4,Shore Park and Parkway (4/10),B,11.993,Community Park,1,0.0,0.0,,0,,,0.0,1.0,0.8855,1.0,134778.4,0.491
N3,N3-S-B082#5,1,True,B082#5,Shore Park and Parkway (5/10),B,9.627,Community Park,1,0.0,0.0,,0,,,0.0,0.0,0.8386,1.0,238489.4,0.631
N3,N3-S-B082#7,1,True,B082#7,Shore Park and Parkway (7/10),B,18.171,Community Park,1,0.0,0.0,,0,,,0.0,0.0,1.0197,1.0,160245.7,0.46
N3,N3-S-B082#8,1,True,B082#8,Shore Park and Parkway (8/10),B,9.481,Community Park,1,0.0,0.0,,0,,,0.0,0.0,1.0121,0.75,161200.0,0.469
N3,N3-S-B082#9,1,True,B082#9,Shore Park and Parkway (9/10),B,8.241,Community Park,1,0.0,0.0,,0,,,0.0,0.0,0.9445,1.0,160572.6,0.465
N3,N3-S-B087,1,True,B087,Sunset Park,B,23.383,Community Park,1,0.0,0.0,,0,,,0.0,1.0,1.144,1.0,162553.2,0.0
N3,N3-S-B088,1,True,B088,Herbert Von King Park,B,7.976,Community Park,1,0.0,0.0,,0,,,1.0,1.0,1.1446,1.0,98011.4,0.413
N3,N3-S-B089,1,True,B089,Lowry Triangle,B,0.112,Triangle/Plaza,1,0.0,0.0,,0,,,0.0,0.0,0.9426,0.812,43168.0,0.0
N3,N3-S-B090,1,True,B090,Sobel Playground,B,0.118,Playground,1,0.0,0.0,,0,,,0.0,1.0,1.152,1.0,39065.5,0.613
N3,N3-S-B094,1,True,B094,Sgt. Joyce Kilmer Square,B,0.001,Triangle/Plaza,1,0.0,0.0,,0,,,1.0,1.0,1.1542,1.0,32408.3,0.0
N3,N3-S-B095,1,True,B095,Ennis Playground,B,0.615,Playground,1,0.0,0.0,,0,,,0.0,0.0,0.8813,1.0,52539.9,0.0
N3,N3-S-B096,1,True,B096,Sgt. William Dougherty Playground,B,0.429,Playground,1,0.0,0.0,,0,,,0.0,0.0,1.0368,1.0,47589.7,0.0
N3,N3-S-B097,1,True,B097,Sledge Playground,B,0.335,Playground,1,0.0,0.0,,0,,,0.0,0.0,1.1485,1.0,46334.9,0.0
N3,N3-S-B098,1,True,B098,Martin Luther Playground,B,0.953,Playground,1,0.0,0.0,,0,,,1.0,1.0,1.1878,0.812,56206.2,0.0
N3,N3-S-B099,1,True,B099,Lt. Joseph Petrosino Park,B,0.909,Playground,1,0.0,0.0,,0,,,1.0,1.0,1.1153,1.0,56386.1,0.0
N3,N3-S-B100,1,True,B100,Seth Low Playground/ Bealin Square,B,4.91,Neighborhood Park,1,0.0,0.0,,0,,,1.0,1.0,1.164,1.0,104962.3,0.0
N3,N3-S-B102,1,True,B102,Crispus Attucks Playground,B,0.93,Playground,1,0.0,0.0,,0,,,0.0,1.0,1.1766,0.812,59280.6,0.209
N3,N3-S-B103,1,True,B103,Cypress Hills Playground,B,4.921,Neighborhood Park,1,0.0,0.0,,0,,,0.0,1.0,1.087,0.938,87906.6,0.0
N3,N3-S-B105,1,True,B105,Taaffe Playground,B,1.838,Neighborhood Park,1,0.0,0.0,,0,,,1.0,1.0,1.0079,0.875,82955.3,0.008
N3,N3-S-B106A,1,True,B106A,Police Officer John G. Scarangella Park,B,3.273,Neighborhood Park,1,0.0,0.0,,0,,,1.0,1.0,1.1222,1.0,81153.4,0.651
N3,N3-S-B106B,1,True,B106B,Lafayette Playground,B,1.246,Jointly Operated Playground,1,0.0,0.0,,0,,,0.0,1.0,1.1547,1.0,51961.7,0.661
N3,N3-S-B107,1,True,B107,Lion's Pride Playground,B,0.898,Playground,1,0.0,0.0,,0,,,0.0,0.0,1.0634,1.0,56838.8,0.376
N3,N3-S-B109,1,True,B109,Bill Brown Playground,B,3.302,Neighborhood Park,1,0.0,0.0,,0,,,1.0,1.0,1.0857,0.875,86687.7,0.0
N3,N3-S-B110,1,True,B110,Marion Hopkinson Playground,B,1.391,Neighborhood Park,1,0.0,0.0,,0,,,1.0,1.0,1.0229,0.625,72784.9,0.015
N3,N3-S-B111,1,True,B111,Washington Park,B,3.324,Neighborhood Park,1,0.0,0.0,,0,,,0.0,1.0,0.9991,1.0,80504.8,0.449
N3,N3-S-B111A,1,True,B111A,Washington Skate Park,B,1.548,Jointly Operated Playground,1,0.0,0.0,,0,,,0.0,0.0,0.7098,1.0,54860.9,0.659
N3,N3-S-B113A,1,True,B113A,Cadman Plaza Park,B,9.89,Neighborhood Park,1,0.0,0.0,,0,,,1.0,1.0,1.0064,1.0,111828.4,0.625
N3,N3-S-B113B,1,True,B113B,Korean War Veterans Plaza,B,1.205,Neighborhood Park,1,0.0,0.0,,0,,,0.0,1.0,0.9324,1.0,49381.6,0.944
N3,N3-S-B113C,1,True,B113C,Columbus Park,B,5.427,Neighborhood Park,1,0.0,0.0,,0,,,0.0,1.0,0.8635,0.875,112315.6,0.222
N3,N3-S-B113E,1,True,B113E,Walt Whitman Park,B,2.567,Triangle/Plaza,1,0.0,0.0,,0,,,0.0,0.0,0.7893,1.0,49611.7,0.463
N3,N3-S-B114,1,True,B114,Msgr. McGolrick Park,B,9.053,Neighborhood Park,1,0.0,0.0,,0,,,1.0,1.0,1.1024,1.0,111703.1,0.024
N3,N3-S-B115,1,True,B115,Cohn Triangle,B,0.053,Triangle/Plaza,1,0.0,0.0,,0,,,1.0,1.0,1.1915,1.0,36658.7,0.719
N3,N3-S-B116,1,True,B116,Zion Triangle,B,0.206,Triangle/Plaza,1,0.0,0.0,,0,,,0.0,1.0,0.9263,1.0,46646.9,0.391
N3,N3-S-B117,1,True,B117,Lindsay Triangle,B,0.041,Triangle/Plaza,1,0.0,0.0,,0,,,1.0,1.0,1.026,1.0,40108.2,0.401
N3,N3-S-B118A,1,True,B118A,St. Mary's Park,B,0.336,Recreational Field/Courts,1,0.0,0.0,,0,,,1.0,1.0,1.0248,1.0,46651.0,0.638
N3,N3-S-B118B,1,True,B118B,St. Mary's Park,B,0.359,Playground,1,0.0,0.0,,0,,,1.0,1.0,1.0933,1.0,47014.4,0.633
N3,N3-S-B121,1,True,B121,Dodger Playground,B,0.286,Playground,1,0.0,0.0,,0,,,0.0,0.0,1.0654,1.0,45080.8,0.006
N3,N3-S-B123,1,True,B123,Alben Square,B,0.011,Triangle/Plaza,1,0.0,0.0,,0,,,1.0,1.0,1.1865,1.0,34251.0,0.506
N3,N3-S-B124,1,True,B124,William Sheridan Playground,B,1.161,Jointly Operated Playground,1,0.0,0.0,,0,,,0.0,1.0,0.8545,1.0,58588.8,0.075
N3,N3-S-B125,1,True,B125,Calvert Vaux Park,B,81.548,Recreational Field/Courts,1,0.0,0.0,,0,,,1.0,1.0,1.0008,1.0,316018.8,0.18
N3,N3-S-B126,1,True,B126,Red Hook Recreation Area,B,46.136,Community Park,1,0.0,0.0,,0,,,1.0,1.0,0.9779,1.0,313709.5,0.055
N3,N3-S-B126A,1,True,B126A,Todd Triangle,B,0.065,Triangle/Plaza,1,0.0,0.0,,0,,,0.0,0.0,0.8313,1.0,17386.2,1.0
N3,N3-S-B127,1,True,B127,Martinez Playground,B,1.373,Recreational Field/Courts,1,0.0,0.0,,0,,,0.0,1.0,0.9987,1.0,61167.9,0.0
N3,N3-S-B128,1,True,B128,Colonel David Marcus Playground,B,2.582,Playground,1,0.0,0.0,,0,,,0.0,1.0,1.1989,1.0,84669.8,0.0
N3,N3-S-B129,1,True,B129,Kaiser Park,B,25.923,Community Park,1,0.0,0.0,,0,,,0.0,0.0,1.0014,1.0,204692.3,0.204
N3,N3-S-B130,1,True,B130,Greenwood Playground,B,3.229,Neighborhood Park,1,0.0,0.0,,0,,,0.0,0.0,0.8036,0.875,94476.5,0.665
N3,N3-S-B131,1,True,B131,Rudd Playground,B,1.303,Playground,1,0.0,0.0,,0,,,0.0,0.0,0.8016,1.0,66077.7,0.083
N3,N3-S-B132,1,True,B132,Gilbert Ramirez Park,B,1.066,Neighborhood Park,1,0.0,0.0,,0,,,0.0,0.0,0.9413,1.0,66201.3,0.0
N3,N3-S-B135,1,True,B135,Newtown Barge Playground,B,6.232,Recreational Field/Courts,1,0.0,0.0,,0,,,0.0,1.0,0.9461,1.0,97122.2,0.705
N3,N3-S-B137,1,True,B137,Sixteen Sycamores Playground,B,0.538,Playground,1,0.0,0.0,,0,,,0.0,0.0,1.17,0.875,54080.5,0.344
N3,N3-S-B139,1,True,B139,Heckscher Playground,B,1.232,Playground,1,0.0,0.0,,0,,,0.0,0.0,1.1597,1.0,62088.7,0.03
N3,N3-S-B140,1,True,B140,Banneker Playground,B,1.239,Jointly Operated Playground,1,0.0,0.0,,0,,,1.0,1.0,1.2206,0.875,49848.2,0.572
N3,N3-S-B141,1,True,B141,City Line Park,B,6.047,Jointly Operated Playground,1,0.0,0.0,,0,,,0.0,0.0,0.7522,1.0,134932.1,0.189
N3,N3-S-B142,1,True,B142,Bedford Playground,B,0.984,Playground,1,0.0,0.0,,0,,,1.0,1.0,1.2304,1.0,61645.1,0.611
N3,N3-S-B144,1,True,B144,Ocean Hill Playground,B,1.618,Jointly Operated Playground,1,0.0,0.0,,0,,,0.0,0.0,0.7744,1.0,64389.2,0.483
N3,N3-S-B145,1,True,B145,Thomas Greene Playground,B,2.542,Community Park,1,0.0,0.0,,0,,,1.0,1.0,0.9901,0.875,77220.3,0.0
N3,N3-S-B146,1,True,B146,Quaker Parrot Park at the Dust Bowl,B,1.683,Recreational Field/Courts,1,0.0,0.0,,0,,,1.0,1.0,1.1661,1.0,52435.2,0.599
N3,N3-S-B147,1,True,B147,Monsignor Crawford Field,B,1.941,Recreational Field/Courts,1,0.0,0.0,,0,,,1.0,1.0,1.1389,0.875,73605.2,0.011
N3,N3-S-B148,1,True,B148,Rolph Henry Playground,B,0.227,Playground,1,0.0,0.0,,0,,,1.0,1.0,1.1337,0.875,43486.0,0.0
N3,N3-S-B149B,1,True,B149B,Linwood Playground,B,0.715,Playground,1,0.0,0.0,,0,,,0.0,0.0,0.9503,1.0,56288.8,0.768
N3,N3-S-B150,1,True,B150,Kolbert Playground,B,1.673,Playground,1,0.0,0.0,,0,,,0.0,1.0,0.9655,1.0,65374.4,0.0
N3,N3-S-B151,1,True,B151,Dome Playground,B,1.194,Neighborhood Park,1,0.0,0.0,,0,,,0.0,1.0,1.1723,0.875,63583.6,0.0
N3,N3-S-B152,1,True,B152,Rappaport Playground,B,1.122,Neighborhood Park,1,0.0,0.0,,0,,,1.0,1.0,1.1805,1.0,60678.3,0.0
N3,N3-S-B153,1,True,B153,South Pacific Playground,B,2.311,Neighborhood Park,1,0.0,0.0,,0,,,0.0,0.0,1.05,0.688,72813.6,0.292
N3,N3-S-B154,1,True,B154,Berry Playground,B,0.335,Playground,1,0.0,0.0,,0,,,0.0,0.0,1.1872,1.0,45874.8,0.524
N3,N3-S-B155,1,True,B155,Triangle,B,0.019,Triangle/Plaza,1,0.0,0.0,,0,,,1.0,1.0,1.171,0.75,34457.4,0.726
N3,N3-S-B156,1,True,B156,Powell Playground,B,1.07,Playground,1,0.0,0.0,,0,,,0.0,0.0,0.4766,0.562,53974.3,0.478
N3,N3-S-B157,1,True,B157,Kelly Park Playground,B,1.437,Jointly Operated Playground,1,0.0,0.0,,0,,,0.0,1.0,0.9994,1.0,58698.7,0.589
N3,N3-S-B158,1,True,B158,Garibaldi Playground,B,0.437,Playground,1,0.0,0.0,,0,,,0.0,1.0,1.0993,0.875,47428.8,0.619
N3,N3-S-B159,1,True,B159,Mount Prospect Park,B,8.238,Neighborhood Park,1,0.0,0.0,,0,,,0.0,0.0,0.6915,1.0,45372.0,0.788
N3,N3-S-B160,1,True,B160,Ketchum Triangle,B,0.014,Triangle/Plaza,1,0.0,0.0,,0,,,1.0,1.0,1.1084,1.0,35693.0,0.0
N3,N3-S-B161,1,True,B161,James Forten Playground,B,0.623,Playground,1,0.0,0.0,,0,,,0.0,0.0,1.1196,1.0,51488.4,0.0
N3,N3-S-B162,1,True,B162,Brizzi Playground,B,0.684,Playground,1,0.0,0.0,,0,,,1.0,1.0,1.1644,1.0,54262.4,0.527
N3,N3-S-B163,1,True,B163,Sperandeo Brothers Playground,B,2.798,Jointly Operated Playground,1,0.0,0.0,,0,,,1.0,1.0,1.0399,1.0,88131.0,0.048
N3,N3-S-B164,1,True,B164,Bath Beach Park,B,2.933,Playground,1,0.0,0.0,,0,,,0.0,0.0,0.9684,1.0,61527.7,0.0
N3,N3-S-B165,1,True,B165,Spring Creek Park,B,54.932,Nature Area,1,0.0,0.0,,0,,,0.0,1.0,0.9083,1.0,230914.8,0.304
N3,N3-S-B165A,1,True,B165A,Spring Creek Park,B,2.202,Nature Area,1,0.0,0.0,,0,,,0.0,0.0,,0.0,27197.2,0.689
N3,N3-S-B166B,1,True,B166B,Homecrest Playground,B,2.216,Playground,1,0.0,0.0,,0,,,0.0,0.0,0.8891,1.0,68397.3,0.0
N3,N3-S-B166C,1,True,B166C,Coney Island Boat Basin,B,35.449,Recreational Field/Courts,1,0.0,0.0,,0,,,0.0,0.0,0.7819,1.0,112297.3,0.413
N3,N3-S-B166D,1,True,B166D,McGuire Fields,B,74.22,Recreational Field/Courts,1,0.0,0.0,,0,,,0.0,0.0,0.864,1.0,302530.0,0.007
N3,N3-S-B166E,1,True,B166E,Sixteen Lindens Triangle,B,0.246,Triangle/Plaza,1,0.0,0.0,,0,,,0.0,0.0,0.8259,1.0,40702.3,0.0
N3,N3-S-B167,1,True,B167,La Guardia Playground,B,0.405,Playground,1,0.0,0.0,,0,,,0.0,0.0,0.7502,1.0,44852.1,0.961
N3,N3-S-B167A,1,True,B167A,La Guardia Playground,B,0.773,Recreational Field/Courts,1,0.0,0.0,,0,,,0.0,0.0,0.983,1.0,54001.3,0.762
N3,N3-S-B168,1,True,B168,Continental Army Plaza,B,0.533,Triangle/Plaza,1,0.0,0.0,,0,,,0.0,0.0,0.6835,1.0,46242.4,0.697
N3,N3-S-B169A,1,True,B169A,Brighton Playground,B,1.225,Playground,1,0.0,0.0,,0,,,0.0,0.0,1.0425,0.875,34556.5,0.032
N3,N3-S-B169B,1,True,B169B,Poseidon Playground,B,2.943,Recreational Field/Courts,1,0.0,0.0,,0,,,0.0,1.0,0.916,0.75,50539.6,0.592
N3,N3-S-B171,1,True,B171,Linden Sitting Area,B,0.156,Triangle/Plaza,1,0.0,0.0,,0,,,1.0,1.0,1.0567,1.0,43484.2,0.013
N3,N3-S-B172,1,True,B172,Heffernan Triangle,B,0.027,Triangle/Plaza,1,0.0,0.0,,0,,,1.0,1.0,1.0908,1.0,36444.2,0.0
N3,N3-S-B173,1,True,B173,Fraser Square,B,0.527,Triangle/Plaza,1,0.0,0.0,,0,,,0.0,1.0,0.9637,1.0,49216.6,0.0
N3,N3-S-B174,1,True,B174,Park,B,0.062,Triangle/Plaza,1,0.0,0.0,,0,,,0.0,0.0,0.9295,0.75,38707.0,0.014
N3,N3-S-B175,1,True,B175,Dahill Triangle,B,0.064,Triangle/Plaza,1,0.0,0.0,,0,,,1.0,1.0,1.1178,1.0,37779.9,0.0
N3,N3-S-B176,1,True,B176,Trust Triangle,B,0.079,Triangle/Plaza,1,0.0,0.0,,0,,,0.0,0.0,1.1574,1.0,39168.7,0.0
N3,N3-S-B178,1,True,B178,Flatbush Malls,B,0.595,Mall,1,0.0,0.0,,0,,,0.0,1.0,1.0289,0.875,227844.6,0.177
N3,N3-S-B179,1,True,B179,Flatbush Malls,B,0.429,Mall,1,0.0,0.0,,0,,,1.0,1.0,1.0447,1.0,132923.3,0.499
N3,N3-S-B180,1,True,B180,Flatbush Mall,B,0.055,Mall,1,0.0,0.0,,0,,,0.0,0.0,0.8966,1.0,44060.0,0.589
N3,N3-S-B182,1,True,B182,Howard Malls,B,0.058,Triangle/Plaza,1,0.0,0.0,,0,,,0.0,1.0,1.1476,0.875,38919.2,0.725
N3,N3-S-B184,1,True,B184,Avenue R Mall,B,0.258,Mall,1,0.0,0.0,,0,,,0.0,1.0,1.0969,1.0,90185.8,0.0
N3,N3-S-B190,1,True,B190,Barone Triangle,B,0.149,Triangle/Plaza,1,0.0,0.0,,0,,,1.0,1.0,1.1691,1.0,41183.3,0.0
N3,N3-S-B191,1,True,B191,Park,B,0.098,Triangle/Plaza,1,0.0,0.0,,0,,,1.0,1.0,1.1719,1.0,39543.3,0.482
N3,N3-S-B192,1,True,B192,Russell Pedersen Playground,B,1.372,Jointly Operated Playground,1,0.0,0.0,,0,,,1.0,1.0,1.1711,1.0,53300.7,0.747
N3,N3-S-B192A,1,True,B192A,Fort Hamilton Athletic Field,B,6.019,Recreational Field/Courts,1,0.0,0.0,,0,,,0.0,1.0,0.9277,1.0,88607.8,0.485
N3,N3-S-B193,1,True,B193,Hamilton Metz Field,B,2.309,Neighborhood Park,1,0.0,0.0,,0,,,0.0,0.0,1.0336,0.938,72834.6,0.0
N3,N3-S-B194,1,True,B194,Harmony Triangle,B,0.086,Triangle/Plaza,1,0.0,0.0,,0,,,1.0,1.0,1.1348,0.875,37045.5,0.534
N3,N3-S-B196,1,True,B196,Pvt. Sonsire Triangle,B,0.144,Triangle/Plaza,1,0.0,0.0,,0,,,1.0,1.0,1.1932,0.75,36725.6,0.596
N3,N3-S-B197,1,True,B197,Mellett Playground,B,1.093,Neighborhood Park,1,0.0,0.0,,0,,,0.0,1.0,1.1758,1.0,58717.3,0.0
N3,N3-S-B200,1,True,B200,Elizabeth Stroud Playground,B,0.307,Playground,1,0.0,0.0,,0,,,0.0,1.0,0.9911,0.75,41464.3,0.711
N3,N3-S-B202,1,True,B202,Lithuania Square,B,0.03,Triangle/Plaza,1,0.0,0.0,,0,,,1.0,1.0,1.1205,0.625,35476.9,0.454
N3,N3-S-B205,1,True,B205,Corporal Wiltshire Square,B,0.073,Triangle/Plaza,1,0.0,0.0,,0,,,1.0,1.0,1.1749,1.0,41652.9,0.0
N3,N3-S-B206,1,True,B206,Sunners Playground,B,0.191,Playground,1,0.0,0.0,,0,,,1.0,1.0,1.0739,1.0,43542.1,0.0
N3,N3-S-B207,1,True,B207,Sarsfield Playground,B,0.593,Playground,1,0.0,0.0,,0,,,0.0,1.0,1.1599,1.0,58839.9,0.0
N3,N3-S-B208,1,True,B208,Pfc Norton Playground,B,0.556,Playground,1,0.0,0.0,,0,,,0.0,1.0,1.2563,0.562,52042.6,0.15
N3,N3-S-B209,1,True,B209,Galapo Playground,B,0.56,Playground,1,0.0,0.0,,0,,,1.0,1.0,1.1742,0.875,51611.5,0.0
N3,N3-S-B210A,1,True,B210A,John Allen Payne Playground,B,1.351,Playground,1,0.0,0.0,,0,,,0.0,1.0,1.0336,1.0,62538.4,0.537
N3,N3-S-B210B,1,True,B210B,D'Emic Playground,B,1.185,Playground,1,0.0,0.0,,0,,,0.0,0.0,0.9928,1.0,59984.7,0.0
N3,N3-S-B210C,1,True,B210C,Cough Triangle,B,0.038,Triangle/Plaza,1,0.0,0.0,,0,,,0.0,1.0,1.2577,0.875,37382.3,0.0
N3,N3-S-B210F,1,True,B210F,Admiral Triangle,B,0.281,Playground,1,0.0,0.0,,0,,,0.0,0.0,1.1256,1.0,47621.9,0.012
N3,N3-S-B210G,1,True,B210G,Triangle Three Sixteen,B,0.272,Triangle/Plaza,1,0.0,0.0,,0,,,1.0,1.0,0.9074,0.875,45660.7,0.292
N3,N3-S-B210H,1,True,B210H,Harold Ickes Playground,B,1.27,Playground,1,0.0,0.0,,0,,,0.0,1.0,0.9518,1.0,68905.1,0.582
N3,N3-S-B210I,1,True,B210I,Gonzalo Plasencia Playground,B,1.218,Jointly Operated Playground,1,0.0,0.0,,0,,,0.0,0.0,1.1591,1.0,61862.9,0.0
N3,N3-S-B210J,1,True,B210J,Pena Herrera Playground,B,0.736,Jointly Operated Playground,1,0.0,0.0,,0,,,0.0,0.0,1.1383,1.0,56720.8,0.0
N3,N3-S-B210L,1,True,B210L,64th Street Community Garden,B,0.009,Strip,1,0.0,0.0,,0,,,0.0,0.0,0.7763,1.0,54212.2,0.66
N3,N3-S-B210M,1,True,B210M,Park,B,0.008,Strip,1,0.0,0.0,,0,,,1.0,1.0,1.133,1.0,54846.3,0.987
N3,N3-S-B210N,1,True,B210N,Park,B,0.002,Strip,1,0.0,0.0,,0,,,0.0,1.0,0.8015,1.0,36781.8,0.779
N3,N3-S-B210O,1,True,B210O,Park,B,0.007,Strip,1,0.0,0.0,,0,,,0.0,0.0,1.1295,1.0,45390.6,0.71
N3,N3-S-B210P,1,True,B210P,Dan Ross Playground,B,0.256,Playground,1,0.0,0.0,,0,,,0.0,0.0,0.8432,1.0,47707.3,0.559
N3,N3-S-B210Q,1,True,B210Q,Park,B,0.005,Strip,1,0.0,0.0,,0,,,0.0,1.0,1.1668,0.625,44068.4,0.35
N3,N3-S-B210R,1,True,B210R,Park,B,0.005,Strip,1,0.0,0.0,,0,,,0.0,0.0,0.9208,1.0,43525.8,0.945
N3,N3-S-B210S,1,True,B210S,Park,B,0.005,Strip,1,0.0,0.0,,0,,,1.0,1.0,1.3013,0.75,43814.6,0.796
N3,N3-S-B210T,1,True,B210T,Park,B,0.005,Strip,1,0.0,0.0,,0,,,1.0,1.0,1.1188,0.75,43714.5,0.5
N3,N3-S-B210U,1,True,B210U,Park,B,0.002,Strip,1,0.0,0.0,,0,,,0.0,1.0,1.246,1.0,37220.1,0.239
N3,N3-S-B210V,1,True,B210V,Park,B,0.609,Parkway,1,0.0,0.0,,0,,,0.0,0.0,0.8782,1.0,59630.4,0.355
N3,N3-S-B210W,1,True,B210W,John J Carty Park,B,8.56,Neighborhood Park,1,0.0,0.0,,0,,,0.0,1.0,1.0855,0.75,152674.0,0.303
N3,N3-S-B211,1,True,B211,Lady Moody Triangle,B,0.039,Triangle/Plaza,1,0.0,0.0,,0,,,1.0,1.0,1.0744,1.0,39426.4,0.0
N3,N3-S-B212,1,True,B212,Hot Spot Tot Lot,B,0.156,Playground,1,0.0,0.0,,0,,,0.0,0.0,1.021,1.0,46523.8,0.0
N3,N3-S-B213,1,True,B213,Gravesend Triangle,B,0.076,Triangle/Plaza,1,0.0,0.0,,0,,,0.0,1.0,1.1061,1.0,39516.6,0.0
N3,N3-S-B214,1,True,B214,Linden Park,B,9.168,Jointly Operated Playground,1,0.0,0.0,,0,,,0.0,0.0,1.0539,0.938,112917.6,0.0
N3,N3-S-B217,1,True,B217,Marcy Playground,B,3.236,Community Park,1,0.0,0.0,,0,,,1.0,1.0,1.019,1.0,93517.7,0.274
N3,N3-S-B218,1,True,B218,Paerdegat Park,B,3.573,Community Park,1,0.0,0.0,,0,,,0.0,0.0,1.087,1.0,90760.1,0.0
N3,N3-S-B219,1,True,B219,Callahan-Kelly Playground,B,3.46,Community Park,1,0.0,0.0,,0,,,0.0,1.0,0.8729,0.875,103358.7,0.437
N3,N3-S-B220,1,True,B220,Washington Hall Park,B,0.913,Playground,1,0.0,0.0,,0,,,0.0,0.0,1.1597,0.5,55814.2,0.0
N3,N3-S-B221,1,True,B221,Steuben Playground,B,1.184,Neighborhood Park,1,0.0,0.0,,0,,,0.0,1.0,0.9265,0.312,60728.9,0.326
N3,N3-S-B222,1,True,B222,Pierrepont Playground,B,0.503,Playground,1,0.0,0.0,,0,,,0.0,1.0,0.7869,0.625,42573.4,0.946
N3,N3-S-B223A,1,True,B223A,Dimattina Playground,B,1.337,Recreational Field/Courts,1,0.0,0.0,,0,,,0.0,0.0,0.8371,1.0,107792.0,0.307
N3,N3-S-B223B,1,True,B223B,Dimattina Playground,B,0.486,Playground,1,0.0,0.0,,0,,,0.0,0.0,0.7566,1.0,50601.7,0.8
N3,N3-S-B223C,1,True,B223C,Park,B,0.003,Strip,1,0.0,0.0,,0,,,0.0,0.0,0.9596,1.0,37517.6,0.78
N3,N3-S-B223DA,1,True,B223DA,Adam Yauch Park,B,1.363,Playground,1,0.0,0.0,,0,,,0.0,1.0,0.9201,0.688,69517.3,0.826
N3,N3-S-B223DD,1,True,B223DD,Brooklyn Heights Promenade,B,0.121,Triangle/Plaza,1,0.0,0.0,,0,,,0.0,1.0,0.5117,0.875,35308.5,1.0
N3,N3-S-B223DE,1,True,B223DE,Brooklyn Heights Promenade,B,0.276,Triangle/Plaza,1,0.0,0.0,,0,,,0.0,1.0,0.758,0.875,39245.9,0.94
N3,N3-S-B223DF,1,True,B223DF,Brooklyn Heights Promenade,B,0.082,Triangle/Plaza,1,0.0,0.0,,0,,,0.0,1.0,0.6098,0.875,30990.0,1.0
N3,N3-S-B223DK,1,True,B223DK,Brooklyn Heights Promenade,B,1.116,Triangle/Plaza,1,0.0,0.0,,0,,,0.0,1.0,0.8491,0.875,121687.0,0.982
N3,N3-S-B223G,1,True,B223G,Hillside Dog Park,B,1.272,Neighborhood Park,1,0.0,0.0,,0,,,0.0,0.0,0.8363,1.0,64940.0,0.84
N3,N3-S-B223H,1,True,B223H,Harry Chapin Playground,B,0.297,Playground,1,0.0,0.0,,0,,,0.0,0.0,0.8134,1.0,35864.1,0.97
N3,N3-S-B223I,1,True,B223I,Anchorage Plaza,B,2.208,Triangle/Plaza,1,0.0,0.0,,0,,,1.0,1.0,1.0945,1.0,98560.0,0.655
N3,N3-S-B223IA,1,True,B223IA,Clumber Corner,B,0.946,Parkway,1,0.0,0.0,,0,,,1.0,1.0,1.213,1.0,44848.4,0.984
N3,N3-S-B223IB,1,True,B223IB,Bar and Grill Park,B,0.489,Parkway,1,0.0,0.0,,0,,,0.0,0.0,1.1411,1.0,49823.9,0.921
N3,N3-S-B223IC,1,True,B223IC,Park,B,0.049,Triangle/Plaza,1,0.0,0.0,,0,,,0.0,0.0,0.5935,1.0,35349.1,1.0
N3,N3-S-B223JA,1,True,B223JA,Park,B,0.008,Triangle/Plaza,1,0.0,0.0,,0,,,0.0,0.0,0.9897,1.0,27871.0,1.0
N3,N3-S-B223JB,1,True,B223JB,Susan Smith McKinney Steward Park,B,1.533,Playground,1,0.0,0.0,,0,,,1.0,1.0,0.8788,1.0,65328.6,0.774
N3,N3-S-B223JC,1,True,B223JC,Bridge Park 3,B,1.524,Recreational Field/Courts,1,0.0,0.0,,0,,,1.0,1.0,0.9388,1.0,62459.1,0.983
N3,N3-S-B223JD,1,True,B223JD,Maritcha R. Lyons Park,B,0.233,Triangle/Plaza,1,0.0,0.0,,0,,,1.0,1.0,0.9612,1.0,36860.3,1.0
N3,N3-S-B223K,1,True,B223K,Trinity Park,B,4.111,Parkway,1,0.0,0.0,,0,,,0.0,1.0,1.0214,0.688,101947.5,0.819
N3,N3-S-B223MA,1,True,B223MA,Arbor Place,B,0.088,Triangle/Plaza,1,0.0,0.0,,0,,,0.0,0.0,1.1071,0.625,38415.3,0.515
N3,N3-S-B223NA,1,True,B223NA,Classon Playground,B,2.981,Playground,1,0.0,0.0,,0,,,1.0,1.0,0.9029,1.0,80893.3,0.668
N3,N3-S-B223NB,1,True,B223NB,Classon Triangle,B,0.272,Triangle/Plaza,1,0.0,0.0,,0,,,1.0,1.0,1.1309,1.0,35961.8,0.754
N3,N3-S-B223NC,1,True,B223NC,Penn Triangle,B,0.239,Playground,1,0.0,0.0,,0,,,0.0,1.0,1.1284,1.0,45459.2,0.352
N3,N3-S-B223OB,1,True,B223OB,Marcy Park South,B,0.374,Recreational Field/Courts,1,0.0,0.0,,0,,,0.0,1.0,1.2241,1.0,54951.3,0.745
N3,N3-S-B223OC,1,True,B223OC,Rodney Park South,B,0.404,Recreational Field/Courts,1,0.0,0.0,,0,,,0.0,1.0,0.9831,1.0,47768.5,0.827
N3,N3-S-B223PA,1,True,B223PA,Rodney Park Center,B,0.254,Recreational Field/Courts,1,0.0,0.0,,0,,,0.0,0.0,1.1774,1.0,42093.0,0.986
N3,N3-S-B223PB,1,True,B223PB,Rodney Park North,B,0.369,Recreational Field/Courts,1,0.0,0.0,,0,,,0.0,0.0,0.9502,1.0,41832.1,1.0
N3,N3-S-B223PC,1,True,B223PC,Strawberry Playground,B,0.325,Playground,1,0.0,0.0,,0,,,0.0,0.0,1.1001,0.875,41690.6,1.0
N3,N3-S-B223PD,1,True,B223PD,Rodney Playground Center,B,0.196,Neighborhood Park,1,0.0,0.0,,0,,,0.0,0.0,0.8197,1.0,39763.6,0.998
N3,N3-S-B223PE,1,True,B223PE,Blue Playground,B,0.279,Playground,1,0.0,0.0,,0,,,1.0,1.0,1.1316,1.0,50282.8,0.547
N3,N3-S-B223QA,1,True,B223QA,Marcy Green South,B,0.251,Triangle/Plaza,1,0.0,0.0,,0,,,0.0,0.0,1.1824,1.0,43399.8,0.987
N3,N3-S-B223QB,1,True,B223QB,Marcy Green Center,B,0.478,Triangle/Plaza,1,0.0,0.0,,0,,,0.0,0.0,1.1366,1.0,44073.5,1.0
N3,N3-S-B223QC,1,True,B223QC,Marcy Green North,B,0.366,Triangle/Plaza,1,0.0,0.0,,0,,,0.0,0.0,1.115,1.0,42549.1,0.883
N3,N3-S-B223R,1,True,B223R,Jaime Campiz Playground,B,0.773,Playground,1,0.0,0.0,,0,,,0.0,0.0,1.1596,0.625,64571.1,0.243
N3,N3-S-B223S,1,True,B223S,Macri Triangle,B,0.598,Triangle/Plaza,1,0.0,0.0,,0,,,1.0,1.0,1.2449,1.0,54625.4,0.457
N3,N3-S-B223T,1,True,B223T,Father Giorgio Triangle,B,0.067,Triangle/Plaza,1,0.0,0.0,,0,,,0.0,1.0,1.1466,1.0,37917.6,0.473
N3,N3-S-B223U,1,True,B223U,Lentol Garden,B,0.772,Triangle/Plaza,1,0.0,0.0,,0,,,0.0,1.0,1.1681,1.0,60564.6,0.064
N3,N3-S-B223V,1,True,B223V,Badame Sessa Triangle,B,0.196,Triangle/Plaza,1,0.0,0.0,,0,,,0.0,0.0,1.18,1.0,43315.1,0.206
N3,N3-S-B224,1,True,B224,P.O. Reinaldo Salgado Playground,B,2.288,Neighborhood Park,1,0.0,0.0,,0,,,1.0,1.0,1.152,0.375,74594.6,0.545
N3,N3-S-B224A,1,True,B224A,Citizens For A Better Community,B,0.299,Garden,1,0.0,0.0,,0,,,1.0,1.0,1.1418,0.5,37959.4,0.995
N3,N3-S-B225,1,True,B225,St. Andrew's Playground,B,3.487,Neighborhood Park,1,0.0,0.0,,0,,,1.0,1.0,1.05,1.0,79259.7,0.08
N3,N3-S-B226,1,True,B226,Mt. Carmel Triangle,B,0.154,Triangle/Plaza,1,0.0,0.0,,0,,,1.0,1.0,1.1156,0.625,42027.6,0.523
N3,N3-S-B227,1,True,B227,P.S. 125 Playground,B,0.208,Playground,1,0.0,0.0,,0,,,1.0,1.0,0.702,0.875,45488.5,0.123
N3,N3-S-B228,1,True,B228,Dr. Green Playground,B,1.775,Playground,1,0.0,0.0,,0,,,1.0,1.0,1.1693,0.688,70509.8,0.267
N3,N3-S-B229,1,True,B229,Triangle,B,0.019,Triangle/Plaza,1,0.0,0.0,,0,,,1.0,1.0,1.099,1.0,35756.0,0.022
N3,N3-S-B230,1,True,B230,Nicholas Naquan Heyward Jr. Park,B,1.041,Neighborhood Park,1,0.0,0.0,,0,,,0.0,0.0,0.9436,1.0,59319.5,0.177
N3,N3-S-B231,1,True,B231,Samuel Goldberg Triangle,B,0.015,Triangle/Plaza,1,0.0,0.0,,0,,,1.0,1.0,1.0939,1.0,35022.8,0.0
N3,N3-S-B232,1,True,B232,Dean Playground,B,1.371,Neighborhood Park,1,0.0,0.0,,0,,,0.0,0.0,0.9209,0.875,63119.4,0.0
N3,N3-S-B233,1,True,B233,Park,B,0.312,Triangle/Plaza,1,0.0,0.0,,0,,,0.0,0.0,0.7264,1.0,57615.7,0.731
N3,N3-S-B234,1,True,B234,Tilden Playground,B,1.164,Neighborhood Park,1,0.0,0.0,,0,,,0.0,0.0,1.1236,1.0,59083.4,0.0
N3,N3-S-B235,1,True,B235,Herman Dolgon Playground,B,1.901,Neighborhood Park,1,0.0,0.0,,0,,,1.0,1.0,1.0915,1.0,68610.5,0.0
N3,N3-S-B236,1,True,B236,Glenwood Playground,B,1.419,Neighborhood Park,1,0.0,0.0,,0,,,1.0,1.0,1.1258,1.0,63995.7,0.0
N3,N3-S-B237,1,True,B237,John Hancock Playground,B,1.552,Jointly Operated Playground,1,0.0,0.0,,0,,,0.0,1.0,1.1224,0.812,70633.6,0.097
N3,N3-S-B239,1,True,B239,Sheepshead Playground,B,2.086,Jointly Operated Playground,1,0.0,0.0,,0,,,1.0,1.0,1.0789,1.0,74235.5,0.029
N3,N3-S-B240,1,True,B240,Tucker Place,B,0.156,Triangle/Plaza,1,0.0,0.0,,0,,,1.0,1.0,0.7912,1.0,36599.6,0.944
N3,N3-S-B242,1,True,B242,Meucci Triangle,B,0.045,Triangle/Plaza,1,0.0,0.0,,0,,,1.0,1.0,1.1953,1.0,36157.2,0.554
N3,N3-S-B243,1,True,B243,Golconda Playground,B,0.973,Neighborhood Park,1,0.0,0.0,,0,,,0.0,1.0,1.0174,0.625,66524.8,0.6
N3,N3-S-B244,1,True,B244,McDonald Playground,B,3.476,Neighborhood Park,1,0.0,0.0,,0,,,0.0,0.0,1.1957,0.875,86242.0,0.0
N3,N3-S-B245,1,True,B245,St. John's Park,B,9.042,Community Park,1,0.0,0.0,,0,,,0.0,1.0,1.0777,1.0,107936.0,0.241
N3,N3-S-B246,1,True,B246,Jerome Playground,B,0.694,Jointly Operated Playground,1,0.0,0.0,,0,,,0.0,1.0,1.0776,1.0,52758.9,0.0
N3,N3-S-B247,1,True,B247,Breukelen Ballfields,B,15.877,Community Park,1,0.0,0.0,,0,,,1.0,1.0,1.0863,1.0,167155.4,0.124
N3,N3-S-B248,1,True,B248,Fox Playground,B,2.272,Jointly Operated Playground,1,0.0,0.0,,0,,,1.0,1.0,1.2,1.0,74469.4,0.0
N3,N3-S-B249,1,True,B249,Van Dyke Playground,B,1.418,Neighborhood Park,1,0.0,0.0,,0,,,0.0,1.0,0.9435,1.0,61524.8,0.352
N3,N3-S-B250,1,True,B250,Nostrand Playground,B,3.06,Jointly Operated Playground,1,0.0,0.0,,0,,,0.0,1.0,0.9927,0.938,81678.2,0.0
N3,N3-S-B251,1,True,B251,Manhattan Beach Park,B,42.915,Community Park,1,0.0,0.0,,0,,,0.0,0.0,0.952,1.0,214410.6,0.0
N3,N3-S-B252,1,True,B252,West Playground,B,2.399,Neighborhood Park,1,0.0,0.0,,0,,,1.0,1.0,1.0434,1.0,78773.1,0.0
N3,N3-S-B254,1,True,B254,Wingate Park,B,5.687,Jointly Operated Playground,1,0.0,0.0,,0,,,0.0,1.0,0.9663,0.938,102478.0,0.0
N3,N3-S-B255A,1,True,B255A,Park,B,0.002,Strip,1,0.0,0.0,,0,,,1.0,1.0,1.1874,1.0,64330.2,0.589
N3,N3-S-B255B,1,True,B255B,Park,B,0.114,Strip,1,0.0,0.0,,0,,,0.0,1.0,1.2389,1.0,77534.1,0.663
N3,N3-S-B255C,1,True,B255C,Purple Playground,B,0.725,Playground,1,0.0,0.0,,0,,,0.0,1.0,0.8198,1.0,72964.6,0.908
N3,N3-S-B255D,1,True,B255D,Park,B,0.283,Parkway,1,0.0,0.0,,0,,,0.0,0.0,1.1144,1.0,51478.4,0.88
N3,N3-S-B255E,1,True,B255E,Park,B,0.598,Triangle/Plaza,1,0.0,0.0,,0,,,0.0,0.0,0.8589,1.0,61898.9,0.97
N3,N3-S-B255F,1,True,B255F,Detective Joseph Mayrose Park,B,1.351,Neighborhood Park,1,0.0,0.0,,0,,,0.0,0.0,0.9021,1.0,78333.0,0.857
N3,N3-S-B255G,1,True,B255G,Butterfly Gardens,B,0.466,Neighborhood Park,1,0.0,0.0,,0,,,0.0,0.0,0.7877,0.938,50610.4,0.516
N3,N3-S-B255H,1,True,B255H,Thomas J. Cuite Park,B,0.441,Playground,1,0.0,0.0,,0,,,0.0,0.0,0.9863,1.0,48107.2,0.836
N3,N3-S-B255I,1,True,B255I,Park,B,0.471,Parkway,1,0.0,0.0,,0,,,0.0,0.0,0.9998,0.938,50518.2,0.812
N3,N3-S-B255J,1,True,B255J,Seeley Park,B,0.341,Triangle/Plaza,1,0.0,0.0,,0,,,0.0,0.0,0.9607,0.875,47486.3,0.991
N3,N3-S-B255K,1,True,B255K,Sitting Area,B,0.91,Triangle/Plaza,1,0.0,0.0,,0,,,0.0,0.0,0.9896,1.0,93097.2,0.841
N3,N3-S-B255L,1,True,B255L,"Captain John McKenna, IV Park",B,0.498,Triangle/Plaza,1,0.0,0.0,,0,,,0.0,0.0,0.8938,1.0,47074.5,0.868
N3,N3-S-B255M,1,True,B255M,Park,B,0.208,Triangle/Plaza,1,0.0,0.0,,0,,,0.0,0.0,0.7949,1.0,38852.2,0.811
N3,N3-S-B255N,1,True,B255N,Park,B,0.117,Triangle/Plaza,1,0.0,0.0,,0,,,0.0,0.0,0.9694,1.0,35391.6,0.699
N3,N3-S-B255O,1,True,B255O,Park,B,0.057,Triangle/Plaza,1,0.0,0.0,,0,,,0.0,0.0,0.7416,1.0,38358.8,0.0
N3,N3-S-B257,1,True,B257,Frost Playground,B,0.748,Playground,1,0.0,0.0,,0,,,0.0,0.0,0.8671,1.0,53901.2,0.0
N3,N3-S-B258,1,True,B258,Brevoort Playground,B,1.484,Playground,1,0.0,0.0,,0,,,0.0,0.0,0.8778,1.0,63821.0,0.203
N3,N3-S-B259,1,True,B259,Underwood Park,B,1.247,Neighborhood Park,1,0.0,0.0,,0,,,0.0,1.0,1.0701,1.0,59830.4,0.029
N3,N3-S-B260,1,True,B260,Howard Playground,B,1.003,Community Park,1,0.0,0.0,,0,,,0.0,1.0,1.082,0.562,60127.2,0.375
N3,N3-S-B260A,1,True,B260A,Howard Pool,B,0.661,Community Park,1,0.0,0.0,,0,,,1.0,1.0,1.1106,0.875,51297.2,0.638
N3,N3-S-B261,1,True,B261,Sankofa Park,B,0.88,Playground,1,0.0,0.0,,0,,,0.0,0.0,1.0295,0.5,51993.1,0.682
N3,N3-S-B262,1,True,B262,Potomac Playground,B,1.321,Jointly Operated Playground,1,0.0,0.0,,0,,,1.0,1.0,1.1171,0.625,60965.3,0.235
N3,N3-S-B263,1,True,B263,Sumner Playground,B,1.924,Jointly Operated Playground,1,0.0,0.0,,0,,,0.0,0.0,0.6944,1.0,72697.4,0.024
N3,N3-S-B264,1,True,B264,Roebling Playground,B,1.23,Jointly Operated Playground,1,0.0,0.0,,0,,,0.0,1.0,1.1273,1.0,68078.0,0.309
N3,N3-S-B265,1,True,B265,Rainbow Playground,B,0.46,Playground,1,0.0,0.0,,0,,,0.0,1.0,1.1818,0.812,49653.3,0.0
N3,N3-S-B266,1,True,B266,Star Spangled Playground,B,1.687,Jointly Operated Playground,1,0.0,0.0,,0,,,0.0,1.0,1.2238,1.0,67628.9,0.135
N3,N3-S-B267,1,True,B267,Winthrop Playground,B,1.252,Jointly Operated Playground,1,0.0,0.0,,0,,,0.0,0.0,0.8501,0.938,69203.9,0.0
N3,N3-S-B268,1,True,B268,Nautilus Playground,B,1.454,Playground,1,0.0,0.0,,0,,,0.0,0.0,0.6904,0.875,37699.1,0.172
N3,N3-S-B270,1,True,B270,Brownsville Playground,B,3.065,Community Park,1,0.0,0.0,,0,,,0.0,0.0,1.1025,1.0,89558.0,0.386
N3,N3-S-B271,1,True,B271,Railroad Playground,B,2.316,Neighborhood Park,1,0.0,0.0,,0,,,1.0,1.0,0.9608,1.0,74091.9,0.0
N3,N3-S-B272,1,True,B272,Marlboro Playground,B,1.051,Neighborhood Park,1,0.0,0.0,,0,,,0.0,0.0,1.0307,1.0,59027.2,0.0
N3,N3-S-B273,1,True,B273,Aimee Triangle,B,0.115,Triangle/Plaza,1,0.0,0.0,,0,,,1.0,1.0,1.1504,0.875,41062.2,0.19
N3,N3-S-B274,1,True,B274,Bayview Playground,B,1.393,Jointly Operated Playground,1,0.0,0.0,,0,,,0.0,0.0,1.0058,1.0,68116.2,0.0
N3,N3-S-B275,1,True,B275,Grady Playground,B,3.374,Jointly Operated Playground,1,0.0,0.0,,0,,,0.0,0.0,0.9614,1.0,69822.8,0.0
N3,N3-S-B277,1,True,B277,Benson Playground,B,0.933,Jointly Operated Playground,1,0.0,0.0,,0,,,1.0,1.0,1.1158,0.875,57183.7,0.0
N3,N3-S-B278,1,True,B278,Sam Leggio Triangle,B,0.014,Triangle/Plaza,1,0.0,0.0,,0,,,0.0,0.0,1.0324,1.0,29750.9,0.0
N3,N3-S-B279,1,True,B279,Wilson Playground,B,1.605,Jointly Operated Playground,1,0.0,0.0,,0,,,0.0,0.0,1.1138,1.0,73493.5,0.021
N3,N3-S-B282,1,True,B282,Patrick O'Rourke Playground,B,1.23,Jointly Operated Playground,1,0.0,0.0,,0,,,0.0,0.0,1.0241,0.875,62556.1,0.0
N3,N3-S-B283,1,True,B283,Belmont Playground,B,0.495,Jointly Operated Playground,1,0.0,0.0,,0,,,0.0,0.0,1.0292,1.0,49929.8,0.154
N3,N3-S-B284,1,True,B284,Marc And Jason's Playground,B,1.148,Community Park,1,0.0,0.0,,0,,,0.0,0.0,0.8238,1.0,66432.6,0.004
N3,N3-S-B285,1,True,B285,Harry Maze Playground,B,2.372,Neighborhood Park,1,0.0,0.0,,0,,,0.0,1.0,1.0019,1.0,75085.6,0.078
N3,N3-S-B286,1,True,B286,Bartlett Playground,B,1.055,Playground,1,0.0,0.0,,0,,,0.0,0.0,0.9865,0.875,58111.0,0.195
N3,N3-S-B287,1,True,B287,Andries Playground,B,0.964,Jointly Operated Playground,1,0.0,0.0,,0,,,0.0,1.0,1.1661,0.562,62248.8,0.0
N3,N3-S-B288,1,True,B288,Slope Park Playground,B,0.504,Jointly Operated Playground,1,0.0,0.0,,0,,,0.0,0.0,1.1244,1.0,48257.7,0.55
N3,N3-S-B289,1,True,B289,Cutinella Triangle,B,0.077,Triangle/Plaza,1,0.0,0.0,,0,,,1.0,1.0,1.1851,1.0,38469.3,0.0
N3,N3-S-B290,1,True,B290,Public Place,B,0.124,Triangle/Plaza,1,0.0,0.0,,0,,,1.0,1.0,1.176,0.875,56500.9,0.0
N3,N3-S-B291,1,True,B291,Power Playground,B,2.336,Neighborhood Park,1,0.0,0.0,,0,,,1.0,1.0,1.1352,1.0,74125.5,0.0
N3,N3-S-B292,1,True,B292,Pratt Playground,B,0.918,Neighborhood Park,1,0.0,0.0,,0,,,1.0,1.0,0.9297,0.812,55742.1,0.012
N3,N3-S-B293,1,True,B293,Classon Playground,B,1.37,Jointly Operated Playground,1,0.0,0.0,,0,,,0.0,1.0,1.1544,0.75,62681.3,0.086
N3,N3-S-B294,1,True,B294,Jackie Robinson Park Playground,B,1.773,Jointly Operated Playground,1,0.0,0.0,,0,,,0.0,1.0,1.032,0.75,68787.1,0.278
N3,N3-S-B295,1,True,B295,Oxport Playground,B,1.035,Jointly Operated Playground,1,0.0,0.0,,0,,,0.0,1.0,1.0871,0.375,59500.3,0.422
N3,N3-S-B296,1,True,B296,Luna Playground,B,1.709,Playground,1,0.0,0.0,,0,,,0.0,0.0,0.6698,1.0,71312.7,0.298
N3,N3-S-B297,1,True,B297,Albemarle Playground,B,0.538,Jointly Operated Playground,1,0.0,0.0,,0,,,0.0,1.0,0.8991,0.875,50794.6,0.0
N3,N3-S-B298,1,True,B298,Stockton Playground,B,1.13,Jointly Operated Playground,1,0.0,0.0,,0,,,0.0,1.0,0.9596,0.875,61541.8,0.136
N3,N3-S-B301,1,True,B301,Greene Playground,B,0.917,Jointly Operated Playground,1,0.0,0.0,,0,,,0.0,0.0,1.1606,1.0,55808.4,0.031
N3,N3-S-B302,1,True,B302,Charlie's Place,B,1.29,Playground,1,0.0,0.0,,0,,,0.0,0.0,0.9174,1.0,61125.3,0.186
N3,N3-S-B305,1,True,B305,P.S. 279 Playground,B,0.231,Jointly Operated Playground,1,0.0,0.0,,0,,,0.0,0.0,0.9836,1.0,46806.1,0.033
N3,N3-S-B306,1,True,B306,Playground 286,B,0.878,Jointly Operated Playground,1,0.0,0.0,,0,,,0.0,1.0,0.6528,1.0,63668.1,0.24
N3,N3-S-B307,1,True,B307,Tiger Playground,B,1.126,Jointly Operated Playground,1,0.0,0.0,,0,,,0.0,0.0,1.1407,1.0,58457.7,0.078
N3,N3-S-B308,1,True,B308,Yak Playground,B,0.444,Jointly Operated Playground,1,0.0,0.0,,0,,,1.0,1.0,1.222,1.0,63308.1,0.207
N3,N3-S-B309,1,True,B309,Pink Playground,B,0.997,Playground,1,0.0,0.0,,0,,,0.0,0.0,0.9729,1.0,56841.6,0.0
N3,N3-S-B310,1,True,B310,Bushwick Playground,B,1.359,Community Park,1,0.0,0.0,,0,,,0.0,1.0,0.9438,0.875,57621.8,0.39
N3,N3-S-B311,1,True,B311,Ten Eyck Playground,B,1.091,Jointly Operated Playground,1,0.0,0.0,,0,,,0.0,0.0,0.8868,0.875,58023.8,0.0
N3,N3-S-B312,1,True,B312,Woodruff Playground,B,0.537,Jointly Operated Playground,1,0.0,0.0,,0,,,0.0,0.0,1.1372,1.0,54374.4,0.0
N3,N3-S-B313,1,True,B313,El Shabazz Playground,B,0.917,Jointly Operated Playground,1,0.0,0.0,,0,,,0.0,0.0,1.0795,0.875,63179.2,0.0
N3,N3-S-B315,1,True,B315,Surf Playground,B,0.933,Jointly Operated Playground,1,0.0,0.0,,0,,,0.0,1.0,0.9657,1.0,52980.7,0.629
N3,N3-S-B316,1,True,B316,DiGilio Playground,B,0.851,Community Park,1,0.0,0.0,,0,,,0.0,0.0,1.1299,1.0,57901.5,0.0
N3,N3-S-B317,1,True,B317,Lafayette Gardens Playground,B,0.854,Playground,1,0.0,0.0,,0,,,0.0,1.0,0.9612,0.75,56818.9,0.181
N3,N3-S-B320,1,True,B320,Park Slope Playground,B,1.036,Jointly Operated Playground,1,0.0,0.0,,0,,,0.0,0.0,1.0856,1.0,59258.4,0.0
N3,N3-S-B321,1,True,B321,Edmonds Playground,B,0.919,Jointly Operated Playground,1,0.0,0.0,,0,,,0.0,1.0,1.1632,1.0,55070.6,0.514
N3,N3-S-B322,1,True,B322,Pulaski Playground,B,1.409,Jointly Operated Playground,1,0.0,0.0,,0,,,0.0,0.0,1.0487,0.875,62285.8,0.19
N3,N3-S-B324,1,True,B324,Jacob Joffe Fields,B,2.94,Community Park,1,0.0,0.0,,0,,,0.0,1.0,1.1502,0.875,82810.9,0.0
N3,N3-S-B325,1,True,B325,Fish Playground,B,1.006,Jointly Operated Playground,1,0.0,0.0,,0,,,0.0,1.0,1.1843,0.562,65599.4,0.544
N3,N3-S-B326,1,True,B326,Cobble Hill Park,B,0.592,Neighborhood Park,1,0.0,0.0,,0,,,0.0,0.0,0.9845,1.0,54551.7,0.0
N3,N3-S-B329,1,True,B329,Lindower Park,B,6.51,Community Park,1,0.0,0.0,,0,,,0.0,0.0,1.0429,1.0,99879.6,0.0
N3,N3-S-B330,1,True,B330,Hickman Playground,B,2.716,Jointly Operated Playground,1,0.0,0.0,,0,,,1.0,1.0,1.1554,1.0,85990.6,0.0
N3,N3-S-B331,1,True,B331,Neptune Playground,B,1.171,Jointly Operated Playground,1,0.0,0.0,,0,,,0.0,0.0,0.5228,1.0,69583.0,0.001
N3,N3-S-B332,1,True,B332,Evergreen Playground,B,0.873,Jointly Operated Playground,1,0.0,0.0,,0,,,0.0,0.0,1.0994,0.75,55353.5,0.312
N3,N3-S-B334,1,True,B334,Fermi Playground,B,1.052,Jointly Operated Playground,1,0.0,0.0,,0,,,1.0,1.0,1.1576,1.0,66385.6,0.054
N3,N3-S-B335,1,True,B335,Bildersee Playground,B,1.435,Jointly Operated Playground,1,0.0,0.0,,0,,,0.0,1.0,1.1626,0.875,71851.9,0.0
N3,N3-S-B337,1,True,B337,Century Playground,B,2.281,Jointly Operated Playground,1,0.0,0.0,,0,,,1.0,1.0,0.9195,1.0,75762.9,0.324
N3,N3-S-B338,1,True,B338,Tom McDonald Triangle,B,0.032,Triangle/Plaza,1,0.0,0.0,,0,,,0.0,1.0,0.9415,0.875,36954.0,0.822
N3,N3-S-B339,1,True,B339,Newport Playground,B,0.902,Jointly Operated Playground,1,0.0,0.0,,0,,,0.0,0.0,1.0093,1.0,55415.6,0.647
N3,N3-S-B340,1,True,B340,Garden Playground,B,0.915,Jointly Operated Playground,1,0.0,0.0,,0,,,0.0,1.0,1.0191,0.875,52680.7,0.478
N3,N3-S-B342,1,True,B342,100% Playground,B,1.601,Jointly Operated Playground,1,0.0,0.0,,0,,,1.0,1.0,1.1202,1.0,64878.6,0.0
N3,N3-S-B343,1,True,B343,Osborn Playground,B,2.012,Neighborhood Park,1,0.0,0.0,,0,,,0.0,0.0,1.0925,1.0,77655.1,0.101
N3,N3-S-B345,1,True,B345,Ethan Allen Playground,B,0.745,Jointly Operated Playground,1,0.0,0.0,,0,,,0.0,1.0,1.1729,0.875,54867.2,0.0
N3,N3-S-B346,1,True,B346,Ericsson Playground,B,1.06,Jointly Operated Playground,1,0.0,0.0,,0,,,0.0,1.0,1.044,1.0,48231.7,0.682
N3,N3-S-B347,1,True,B347,Carver Playground,B,0.968,Jointly Operated Playground,1,0.0,0.0,,0,,,0.0,0.0,1.0016,0.75,56404.8,0.23
N3,N3-S-B348,1,True,B348,Willoughby Playground,B,0.948,Jointly Operated Playground,1,0.0,0.0,,0,,,1.0,1.0,1.1499,0.938,58618.7,0.66
N3,N3-S-B349,1,True,B349,Bath Playground,B,1.131,Jointly Operated Playground,1,0.0,0.0,,0,,,1.0,1.0,1.1395,0.875,68401.5,0.0
N3,N3-S-B350,1,True,B350,Stroud Playground,B,1.183,Jointly Operated Playground,1,0.0,0.0,,0,,,0.0,0.0,0.7443,1.0,66840.2,0.0
N3,N3-S-B352,1,True,B352,Curtis Playground,B,0.981,Playground,1,0.0,0.0,,0,,,0.0,1.0,0.9114,0.875,56630.8,0.0
N3,N3-S-B353,1,True,B353,Bergen Beach Playground,B,0.928,Jointly Operated Playground,1,0.0,0.0,,0,,,0.0,0.0,1.0589,1.0,56667.1,0.0
N3,N3-S-B356,1,True,B356,North Pacific Playground,B,0.159,Playground,1,0.0,0.0,,0,,,0.0,0.0,1.0883,1.0,41580.7,0.114
N3,N3-S-B357,1,True,B357,Jackie Robinson Playground,B,1.005,Jointly Operated Playground,1,0.0,0.0,,0,,,0.0,0.0,1.041,1.0,56870.2,0.0
N3,N3-S-B358,1,True,B358,De Hostos Playground,B,0.943,Jointly Operated Playground,1,0.0,0.0,,0,,,0.0,1.0,1.0451,1.0,55024.4,0.759
N3,N3-S-B359,1,True,B359,Eleanor Roosevelt Playground,B,1.155,Jointly Operated Playground,1,0.0,0.0,,0,,,0.0,1.0,1.1247,1.0,61059.6,0.0
N3,N3-S-B360,1,True,B360,Remsen Playground,B,1.017,Jointly Operated Playground,1,0.0,0.0,,0,,,1.0,1.0,0.9212,1.0,59358.6,0.0
N3,N3-S-B361,1,True,B361,Boerum Park,B,0.922,Jointly Operated Playground,1,0.0,0.0,,0,,,0.0,0.0,0.8985,1.0,55808.0,0.188
N3,N3-S-B362,1,True,B362,Chester Playground,B,1.151,Jointly Operated Playground,1,0.0,0.0,,0,,,0.0,0.0,1.1497,0.875,61977.7,0.187
N3,N3-S-B363,1,True,B363,Houston Playground,B,0.936,Jointly Operated Playground,1,0.0,0.0,,0,,,0.0,1.0,1.0398,0.625,52188.6,0.517
N3,N3-S-B364,1,True,B364,Woods Playground,B,1.438,Jointly Operated Playground,1,0.0,0.0,,0,,,0.0,0.0,1.076,0.812,62711.9,0.226
N3,N3-S-B366,1,True,B366,Duke Park,B,0.131,Playground,1,0.0,0.0,,0,,,0.0,0.0,1.0986,1.0,40115.6,0.547
N3,N3-S-B367,1,True,B367,Livonia Park,B,0.935,Neighborhood Park,1,0.0,0.0,,0,,,0.0,0.0,1.1432,0.875,53887.1,0.776
N3,N3-S-B369,1,True,B369,Steeplechase Park,B,10.002,Community Park,1,0.0,0.0,,0,,,0.0,1.0,0.9178,0.625,54674.1,0.0
N3,N3-S-B371,1,True,B371,Spring Creek Park,B,42.509,Community Park,1,0.0,0.0,,0,,,1.0,1.0,0.999,1.0,407099.4,0.063
N3,N3-S-B372,1,True,B372,Friends Field,B,6.403,Community Park,1,0.0,0.0,,0,,,0.0,1.0,0.8534,0.875,103863.8,0.0
N3,N3-S-B375,1,True,B375,Chiarantano Playground,B,0.212,Jointly Operated Playground,1,0.0,0.0,,0,,,0.0,0.0,1.1161,1.0,43096.4,0.0
N3,N3-S-B376,1,True,B376,Fidler-Wyckoff House Park,B,1.185,Historic House Park,1,0.0,0.0,,0,,,1.0,1.0,1.1781,1.0,61937.8,0.095
N3,N3-S-B377,1,True,B377,Floyd Patterson Ballfields,B,2.351,Recreational Field/Courts,1,0.0,0.0,,0,,,0.0,0.0,1.1303,0.875,71961.2,0.397
N3,N3-S-B378,1,True,B378,University Place,B,1.123,Triangle/Plaza,1,0.0,0.0,,0,,,0.0,1.0,1.0451,1.0,74215.7,0.0
N3,N3-S-B379,1,True,B379,Coney Island Creek Park,B,8.891,Nature Area,1,0.0,0.0,,0,,,0.0,0.0,0.3148,1.0,135122.6,0.1
N3,N3-S-B380,1,True,B380,Robert E. Venable Park,B,2.95,Neighborhood Park,1,0.0,0.0,,0,,,1.0,1.0,1.0602,0.625,77552.7,0.099
N3,N3-S-B381,1,True,B381,Thomas Boyland Park,B,1.839,Neighborhood Park,1,0.0,0.0,,0,,,1.0,1.0,0.9614,1.0,72615.5,0.686
N3,N3-S-B382A,1,True,B382A,Roberto Clemente Ballfield,B,1.93,Recreational Field/Courts,1,0.0,0.0,,0,,,1.0,1.0,0.999,1.0,66713.9,0.311
N3,N3-S-B382B,1,True,B382B,Jacob's Ladder Playground,B,1.085,Neighborhood Park,1,0.0,0.0,,0,,,1.0,1.0,1.0156,1.0,57581.1,0.36
N3,N3-S-B383,1,True,B383,Success Garden,B,0.948,Neighborhood Park,1,0.0,0.0,,0,,,0.0,0.0,1.1085,0.75,60598.5,0.0
N3,N3-S-B384,1,True,B384,Fresh Creek Nature Preserve,B,77.0,Nature Area,1,0.0,0.0,,0,,,0.0,1.0,0.9849,1.0,360132.6,0.11
N3,N3-S-B385,1,True,B385,WNYC Transmitter Park,B,6.44,Neighborhood Park,1,0.0,0.0,,0,,,0.0,0.0,0.8913,1.0,105116.4,0.136
N3,N3-S-B386,1,True,B386,Ten Eyck Plaza,B,0.468,Playground,1,0.0,0.0,,0,,,0.0,0.0,1.0253,1.0,49462.1,0.522
N3,N3-S-B387,1,True,B387,Hilltop Playground,B,1.091,Jointly Operated Playground,1,0.0,0.0,,0,,,1.0,1.0,1.0195,0.75,57963.5,0.495
N3,N3-S-B388,1,True,B388,Gateway Triangle,B,0.079,Triangle/Plaza,1,0.0,0.0,,0,,,0.0,1.0,1.0978,1.0,40093.1,0.0
N3,N3-S-B389,1,True,B389,Umma Park,B,0.112,Playground,1,0.0,0.0,,0,,,0.0,0.0,1.1194,0.875,44199.1,0.0
N3,N3-S-B390,1,True,B390,Mother Cabrini Park,B,0.476,Playground,1,0.0,0.0,,0,,,0.0,0.0,0.8658,1.0,50747.9,0.478
N3,N3-S-B391,1,True,B391,Lt. Federico Narvaez Tot Lot,B,0.129,Playground,1,0.0,0.0,,0,,,0.0,0.0,1.1359,1.0,40822.8,0.0
N3,N3-S-B392,1,True,B392,Lott Park,B,0.072,Triangle/Plaza,1,0.0,0.0,,0,,,0.0,0.0,0.7538,1.0,40278.4,0.0
N3,N3-S-B393,1,True,B393,Sheepshead Bay Piers,B,6.336,Waterfront Facility,1,0.0,0.0,,0,,,1.0,1.0,0.7497,1.0,158354.0,0.218
N3,N3-S-B394,1,True,B394,Four Sparrow Marsh,B,64.628,Nature Area,1,0.0,0.0,,0,,,0.0,0.0,,0.0,197289.1,0.011
N3,N3-S-B395,1,True,B395,Green Central Knoll,B,2.74,Neighborhood Park,1,0.0,0.0,,0,,,1.0,1.0,1.1741,1.0,78949.3,0.0
N3,N3-S-B396,1,True,B396,Nehemiah Park,B,1.666,Playground,1,0.0,0.0,,0,,,0.0,0.0,1.0647,0.938,71877.4,0.546
N3,N3-S-B397,1,True,B397,Carter G. Woodson Children's Park,B,0.941,Community Park,1,0.0,0.0,,0,,,1.0,1.0,1.1222,0.625,60776.0,0.293
N3,N3-S-B398,1,True,B398,Kosciuszko Street Garden,B,0.193,Garden,1,0.0,0.0,,0,,,0.0,0.0,1.1092,1.0,42652.9,0.023
N3,N3-S-B399,1,True,B399,Gardens Of Union,B,0.201,Garden,1,0.0,0.0,,0,,,0.0,0.0,1.1887,0.75,43991.1,0.0
N3,N3-S-B400,1,True,B400,Hattie Carthan Community Garden,B,0.847,Garden,1,0.0,0.0,,0,,,1.0,1.0,1.2357,0.875,39261.4,0.892
N3,N3-S-B401,1,True,B401,Grand Ferry Park,B,1.699,Neighborhood Park,1,0.0,0.0,,0,,,0.0,0.0,0.8721,0.75,69305.3,0.0
N3,N3-S-B402,1,True,B402,George Walker Jr. Park,B,0.607,Neighborhood Park,1,0.0,0.0,,0,,,0.0,0.0,1.0416,0.5,51790.4,0.306
N3,N3-S-B403,1,True,B403,Harmony Park,B,1.404,Neighborhood Park,1,0.0,0.0,,0,,,0.0,1.0,0.907,1.0,81170.9,0.185
N3,N3-S-B405,1,True,B405,Epiphany Playground,B,0.515,Playground,1,0.0,0.0,,0,,,0.0,1.0,1.1204,1.0,51279.9,0.426
N3,N3-S-B407,1,True,B407,South Oxford Park,B,1.184,Neighborhood Park,1,0.0,0.0,,0,,,0.0,0.0,0.8779,1.0,59828.1,0.138
N3,N3-S-B408,1,True,B408,Human Compass Garden,B,0.081,Garden,1,0.0,0.0,,0,,,0.0,0.0,1.1542,1.0,39269.5,0.71
N3,N3-S-B409,1,True,B409,The Amazing Garden,B,0.115,Garden,1,0.0,0.0,,0,,,0.0,0.0,1.0356,1.0,39624.4,0.776
N3,N3-S-B410,1,True,B410,The Backyard,B,0.2,Garden,1,0.0,0.0,,0,,,0.0,0.0,0.9051,1.0,39958.4,0.977
N3,N3-S-B411,1,True,B411,Summit Street Community Garden,B,0.111,Garden,1,0.0,0.0,,0,,,0.0,0.0,1.0508,1.0,39878.1,1.0
N3,N3-S-B413,1,True,B413,Hull Street Garden,B,0.323,Garden,1,0.0,0.0,,0,,,0.0,0.0,1.13,1.0,45899.8,0.614
N3,N3-S-B414,1,True,B414,E 4th Street Garden,B,0.193,Garden,1,0.0,0.0,,0,,,0.0,0.0,1.0882,1.0,43227.8,0.325
N3,N3-S-B415,1,True,B415,Georgia Ave Garden,B,0.042,Garden,1,0.0,0.0,,0,,,1.0,1.0,1.154,1.0,35958.7,0.614
N3,N3-S-B416,1,True,B416,TLC Sculpture Park Garden,B,0.176,Garden,1,0.0,0.0,,0,,,0.0,1.0,1.1761,0.625,42141.8,0.0
N3,N3-S-B417,1,True,B417,PS 4K PARADISE GARDEN,B,0.315,Garden,1,0.0,0.0,,0,,,0.0,1.0,1.1602,0.812,45711.9,0.903
N3,N3-S-B418,1,True,B418,Valentino Pier,B,4.523,Neighborhood Park,1,0.0,0.0,,0,,,0.0,0.0,0.8805,1.0,96137.6,0.0
N3,N3-S-B419,1,True,B419,Sutter Ballfields,B,1.801,Recreational Field/Courts,1,0.0,0.0,,0,,,1.0,1.0,1.1812,0.625,67425.5,0.624
N3,N3-S-B420,1,True,B420,Umoja Garden,B,0.207,Garden,1,0.0,0.0,,0,,,1.0,1.0,1.0067,1.0,45360.0,0.045
N3,N3-S-B421,1,True,B421,Brooklyn Bears Carlton Av Garden,B,0.141,Garden,1,0.0,0.0,,0,,,0.0,0.0,1.2184,1.0,36834.6,0.784
N3,N3-S-B422,1,True,B422,Bkln Bears Rockwell Pl Garden,B,0.085,Garden,1,0.0,0.0,,0,,,0.0,1.0,0.9242,0.875,39285.7,0.466
N3,N3-S-B423,1,True,B423,Project Roots,B,0.174,Garden,1,0.0,0.0,,0,,,0.0,0.0,1.0132,1.0,39749.9,0.618
N3,N3-S-B424,1,True,B424,Earth Spirit Garden,B,0.239,Garden,1,0.0,0.0,,0,,,0.0,0.0,1.143,1.0,43815.6,0.273
N3,N3-S-B425,1,True,B425,St Nicholas-olive St Garden,B,0.09,Garden,1,0.0,0.0,,0,,,0.0,0.0,0.9471,1.0,38656.8,0.592
N3,N3-S-B426,1,True,B426,St Nicholas-powers St Garden,B,0.114,Garden,1,0.0,0.0,,0,,,0.0,0.0,0.9887,1.0,40225.1,0.511
N3,N3-S-B427,1,True,B427,Sunshine Community Garden,B,0.113,Garden,1,0.0,0.0,,0,,,0.0,0.0,0.9221,1.0,40509.1,0.002
N3,N3-S-B428,1,True,B428,Goodwin Gardens,B,0.366,Garden,1,0.0,0.0,,0,,,0.0,0.0,0.9184,0.875,48892.1,0.0
N3,N3-S-B429,1,True,B429,Hope Ballfield,B,1.363,Neighborhood Park,1,0.0,0.0,,0,,,0.0,0.0,1.1464,1.0,61661.7,0.245
N3,N3-S-B430,1,True,B430,Lewis Playground,B,0.166,Playground,1,0.0,0.0,,0,,,1.0,1.0,0.8417,0.812,41945.1,0.0
N3,N3-S-B431,1,True,B431,Brooklyn Bridge Park,B,21.364,Community Park,1,0.0,0.0,,0,,,0.0,1.0,0.8447,0.875,507283.2,0.22
N3,N3-S-B432,1,True,B432,American Veterans Memorial Pier,B,3.168,Waterfront Facility,1,0.0,0.0,,0,,,0.0,0.0,0.2563,0.75,77134.5,0.396
N3,N3-S-B433,1,True,B433,Hendrick I. Lott House,B,0.751,Historic House Park,1,0.0,0.0,,0,,,0.0,0.0,1.0996,1.0,53571.8,0.0
N3,N3-S-B435,1,True,B435,Tilyou Playground,B,0.3,Playground,1,0.0,0.0,,0,,,1.0,1.0,0.9114,1.0,44786.8,0.0
N3,N3-S-B436,1,True,B436,Gethsemane Garden,B,0.046,Garden,1,0.0,0.0,,0,,,0.0,0.0,1.2329,0.75,38678.5,0.152
N3,N3-S-B438,1,True,B438,700 Decatur St Block Association,B,0.115,Garden,1,0.0,0.0,,0,,,1.0,1.0,1.1619,0.312,40110.0,0.027
N3,N3-S-B439,1,True,B439,All People's Church of the Apostolic Faith Community Garden,B,0.073,Garden,1,0.0,0.0,,0,,,1.0,1.0,1.1545,0.75,35435.7,0.908
N3,N3-S-B440,1,True,B440,Amboy Neighborhood Center,B,0.403,Garden,1,0.0,0.0,,0,,,0.0,1.0,0.6642,0.625,49605.8,0.747
N3,N3-S-B441,1,True,B441,American Heart,B,0.052,Garden,1,0.0,0.0,,0,,,0.0,0.0,1.0057,0.875,37666.8,0.882
N3,N3-S-B442,1,True,B442,Ps 149 Artsy Bloom Community Garden,B,0.056,Garden,1,0.0,0.0,,0,,,1.0,1.0,1.1825,0.562,39193.7,0.06
N3,N3-S-B443,1,True,B443,Atkins Gardeners,B,0.066,Garden,1,0.0,0.0,,0,,,0.0,0.0,1.1228,0.875,37804.4,0.878
N3,N3-S-B444,1,True,B444,Berry Street Garden,B,0.136,Garden,1,0.0,0.0,,0,,,0.0,1.0,0.8116,1.0,40663.9,0.7
N3,N3-S-B445,1,True,B445,Ten Eyck Houses Garden,B,0.115,Garden,1,0.0,0.0,,0,,,0.0,0.0,1.0383,1.0,38666.0,0.713
N3,N3-S-B446,1,True,B446,Big Red Garden,B,0.047,Garden,1,0.0,0.0,,0,,,0.0,1.0,1.1829,0.75,35500.8,0.864
N3,N3-S-B447,1,True,B447,Causa Festival Garden,B,0.207,Garden,1,0.0,0.0,,0,,,0.0,1.0,1.1869,0.75,38087.1,0.915
N3,N3-S-B448,1,True,B448,Cedar Tree Garden,B,0.183,Garden,1,0.0,0.0,,0,,,0.0,0.0,1.1126,1.0,43396.8,0.129
N3,N3-S-B449,1,True,B449,New Vision Garden,B,0.347,Garden,1,0.0,0.0,,0,,,0.0,0.0,1.1478,0.625,42820.5,0.993
N3,N3-S-B450,1,True,B450,Clara's Garden,B,0.142,Garden,1,0.0,0.0,,0,,,0.0,1.0,1.2087,0.562,39766.1,0.914
N3,N3-S-B454,1,True,B454,Cooper St Block Buster Bl Association,B,0.165,Garden,1,0.0,0.0,,0,,,0.0,1.0,1.1787,1.0,41820.6,0.63
N3,N3-S-B455,1,True,B455,Crystal Wells Block Association,B,0.345,Garden,1,0.0,0.0,,0,,,0.0,0.0,0.902,1.0,44994.2,0.798
N3,N3-S-B456,1,True,B456,Walt L Shemal Garden,B,0.15,Garden,1,0.0,0.0,,0,,,0.0,0.0,1.1102,0.875,41448.7,0.292
N3,N3-S-B458,1,True,B458,East End Community Garden,B,0.171,Garden,1,0.0,0.0,,0,,,0.0,1.0,1.1671,0.688,44071.4,0.408
N3,N3-S-B459,1,True,B459,Eastern Parkway Coalition,B,0.437,Garden,1,0.0,0.0,,0,,,0.0,0.0,1.0452,1.0,43077.2,0.777
N3,N3-S-B461,1,True,B461,Euclid Garden,B,0.185,Garden,1,0.0,0.0,,0,,,0.0,1.0,1.1209,1.0,44246.6,0.0
N3,N3-S-B462,1,True,B462,Family Community Garden,B,0.274,Garden,1,0.0,0.0,,0,,,0.0,0.0,1.1247,0.875,40997.5,0.609
N3,N3-S-B463,1,True,B463,Fantasy Garden,B,0.228,Garden,1,0.0,0.0,,0,,,0.0,1.0,1.1471,0.875,43064.9,0.716
N3,N3-S-B464,1,True,B464,Farmers Garden,B,0.147,Garden,1,0.0,0.0,,0,,,0.0,0.0,0.9663,1.0,43465.2,0.27
N3,N3-S-B465,1,True,B465,First Quincy St Block Association,B,0.127,Garden,1,0.0,0.0,,0,,,0.0,0.0,1.0089,0.0,40916.9,0.217
N3,N3-S-B466,1,True,B466,First Temple Of David,B,0.05,Garden,1,0.0,0.0,,0,,,0.0,0.0,1.194,1.0,34575.7,0.983
N3,N3-S-B467,1,True,B467,Floral Vineyard,B,0.113,Garden,1,0.0,0.0,,0,,,0.0,1.0,1.1421,1.0,38165.6,0.891
N3,N3-S-B468,1,True,B468,Escape To Nature,B,0.034,Garden,1,0.0,0.0,,0,,,0.0,1.0,1.222,0.5,35301.7,0.945
N3,N3-S-B469,1,True,B469,Good Shepherds Garden,B,0.12,Garden,1,0.0,0.0,,0,,,0.0,0.0,1.1137,1.0,40700.6,0.037
N3,N3-S-B470,1,True,B470,Granite St Block Association,B,0.178,Garden,1,0.0,0.0,,0,,,0.0,0.0,0.7259,1.0,35738.7,0.884
N3,N3-S-B471,1,True,B471,Green Gems,B,0.539,Garden,1,0.0,0.0,,0,,,0.0,1.0,1.19,0.812,51336.0,0.203
N3,N3-S-B472,1,True,B472,Greene Av United Neighbors Association *,B,0.051,Garden,1,0.0,0.0,,0,,,0.0,1.0,1.1277,1.0,38934.8,0.0
N3,N3-S-B473,1,True,B473,Hancock T and T,B,0.08,Garden,1,0.0,0.0,,0,,,0.0,0.0,1.0736,0.812,39603.6,0.362
N3,N3-S-B474,1,True,B474,Hart to Hart,B,0.332,Garden,1,0.0,0.0,,0,,,0.0,0.0,1.0057,0.875,45995.3,0.827
N3,N3-S-B475,1,True,B475,Herbal Garden of East NY,B,0.248,Garden,1,0.0,0.0,,0,,,0.0,1.0,1.2078,0.562,42049.0,0.96
N3,N3-S-B476,1,True,B476,Sh'ma Yisrael,B,0.143,Garden,1,0.0,0.0,,0,,,0.0,0.0,1.0991,0.0,41381.7,0.428
N3,N3-S-B477,1,True,B477,Jerome Gardens,B,0.04,Garden,1,0.0,0.0,,0,,,1.0,1.0,1.1846,0.625,37483.1,0.382
N3,N3-S-B478,1,True,B478,Jerry and The Senior Gents,B,0.06,Garden,1,0.0,0.0,,0,,,0.0,0.0,1.1543,0.625,37605.9,0.836
N3,N3-S-B480,1,True,B480,Lincoln Rd Block Association,B,0.063,Garden,1,0.0,0.0,,0,,,0.0,0.0,1.0824,0.938,38977.1,0.685
N3,N3-S-B481,1,True,B481,Madison Square Garden Association,B,0.159,Garden,1,0.0,0.0,,0,,,0.0,0.0,0.9356,0.875,41195.6,0.447
N3,N3-S-B482,1,True,B482,Madison Street Block Association,B,0.081,Garden,1,0.0,0.0,,0,,,0.0,0.0,1.0137,0.625,39696.2,0.173
N3,N3-S-B483,1,True,B483,Manley's Pl,B,0.286,Garden,1,0.0,0.0,,0,,,0.0,1.0,1.1434,0.875,45888.0,0.647
N3,N3-S-B485,1,True,B485,Ps 53,B,0.062,Garden,1,0.0,0.0,,0,,,0.0,0.0,1.1853,1.0,38788.6,0.585
N3,N3-S-B486,1,True,B486,Green Valley Garden,B,0.19,Garden,1,0.0,0.0,,0,,,1.0,1.0,1.1515,0.75,55339.5,0.251
N3,N3-S-B487,1,True,B487,Preston Community Garden,B,0.059,Garden,1,0.0,0.0,,0,,,0.0,0.0,1.1743,0.812,40456.1,0.394
N3,N3-S-B488,1,True,B488,Red Gate Garden,B,0.104,Garden,1,0.0,0.0,,0,,,1.0,1.0,1.178,0.938,39828.0,0.632
N3,N3-S-B489,1,True,B489,Red Shed Garden,B,0.142,Garden,1,0.0,0.0,,0,,,0.0,1.0,1.1076,1.0,42393.2,0.509
N3,N3-S-B490,1,True,B490,Santos White Garden,B,0.151,Garden,1,0.0,0.0,,0,,,1.0,1.0,0.974,1.0,41269.8,0.0
N3,N3-S-B492,1,True,B492,St John Cantius Parish,B,0.184,Garden,1,0.0,0.0,,0,,,0.0,0.0,1.0986,1.0,41800.1,0.454
N3,N3-S-B493,1,True,B493,Upon This Rock Comm Garden,B,0.088,Garden,1,0.0,0.0,,0,,,0.0,1.0,1.151,0.938,37723.4,0.895
N3,N3-S-B496,1,True,B496,Victory Garden,B,0.045,Garden,1,0.0,0.0,,0,,,0.0,0.0,1.092,0.625,37147.3,0.678
N3,N3-S-B498,1,True,B498,Louis Pl Friends,B,0.042,Garden,1,0.0,0.0,,0,,,0.0,0.0,0.8954,1.0,38594.3,0.251
N3,N3-S-B499,1,True,B499,Madison Community Greenthumb,B,0.058,Garden,1,0.0,0.0,,0,,,0.0,0.0,1.1197,0.625,39015.7,0.052
N3,N3-S-B500,1,True,B500,Patrick Van Doren Pocket Park,B,0.041,Garden,1,0.0,0.0,,0,,,0.0,1.0,1.1457,0.375,37693.3,0.015
N3,N3-S-B501,1,True,B501,St Mark's Block Association,B,0.211,Garden,1,0.0,0.0,,0,,,1.0,1.0,1.1868,0.375,43062.1,0.122
N3,N3-S-B502,1,True,B502,Shiloh Garden,B,0.072,Garden,1,0.0,0.0,,0,,,0.0,0.0,1.089,0.5,36140.1,0.884
N3,N3-S-B503,1,True,B503,Stars Of Hope,B,0.037,Garden,1,0.0,0.0,,0,,,0.0,1.0,1.1687,0.688,37932.8,0.0
N3,N3-S-B504,1,True,B504,Ponderosa Garden,B,0.192,Garden,1,0.0,0.0,,0,,,0.0,0.0,1.2235,1.0,42556.8,0.0
N3,N3-S-B505,1,True,B505,Sterling Community Group,B,0.123,Garden,1,0.0,0.0,,0,,,1.0,1.0,0.9886,1.0,40789.1,0.2
N3,N3-S-B506,1,True,B506,Prophecy Garden,B,0.091,Garden,1,0.0,0.0,,0,,,0.0,0.0,1.0935,1.0,39818.7,0.051
N3,N3-S-B507,1,True,B507,A Better Community Garden,B,0.211,Garden,1,0.0,0.0,,0,,,0.0,0.0,0.8567,0.75,46127.5,0.848
N3,N3-S-B509,1,True,B509,Jordan Magic Garden,B,0.155,Garden,1,0.0,0.0,,0,,,0.0,0.0,1.17,0.875,41629.1,0.285
N3,N3-S-B510,1,True,B510,Marcus Garvey Tenant's Assoc. Garden,B,0.234,Garden,1,0.0,0.0,,0,,,0.0,0.0,0.91,1.0,43669.9,0.224
N3,N3-S-B511,1,True,B511,Jes Good Rewards Childeren's Garden,B,0.217,Garden,1,0.0,0.0,,0,,,1.0,1.0,1.0941,0.625,43247.1,0.169
N3,N3-S-B512,1,True,B512,Hoparkinson R&L Block Association Garden,B,0.105,Garden,1,0.0,0.0,,0,,,1.0,1.0,1.2184,0.875,32210.7,0.776
N3,N3-S-B513,1,True,B513,United Community Centers Youth Farm,B,0.137,Garden,1,0.0,0.0,,0,,,1.0,1.0,1.2392,0.875,40963.7,0.603
N3,N3-S-B515,1,True,B515,United Community Center,B,0.525,Garden,1,0.0,0.0,,0,,,0.0,0.0,1.1602,0.5,45875.4,0.956
N3,N3-S-B516,1,True,B516,Powell Street Livonia Garden,B,0.476,Garden,1,0.0,0.0,,0,,,0.0,0.0,1.1406,0.812,46369.7,0.825
N3,N3-S-B517,1,True,B517,Phoenix Community Garden,B,0.475,Garden,1,0.0,0.0,,0,,,0.0,1.0,1.0224,0.75,60169.3,0.71
N3,N3-S-B518,1,True,B518,Victory Garden's Group,B,0.059,Garden,1,0.0,0.0,,0,,,0.0,0.0,1.0853,1.0,39106.2,0.309
N3,N3-S-B519,1,True,B519,Spencer St Block Association,B,0.042,Garden,1,0.0,0.0,,0,,,0.0,0.0,1.0935,1.0,38754.5,0.063
N3,N3-S-B525,1,True,B525,Sumpter Community Garden,B,0.054,Garden,1,0.0,0.0,,0,,,0.0,0.0,1.0017,1.0,38986.9,0.093
N3,N3-S-B526,1,True,B526,Cleveland Street Vegetable Garden,B,0.091,Garden,1,0.0,0.0,,0,,,0.0,0.0,1.1066,1.0,37859.5,0.83
N3,N3-S-B527,1,True,B527,Hands and Heart Garden,B,0.614,Garden,1,0.0,0.0,,0,,,1.0,1.0,1.1322,1.0,51991.5,0.438
N3,N3-S-B528,1,True,B528,Howard Av Block Association,B,0.204,Garden,1,0.0,0.0,,0,,,0.0,0.0,0.9811,1.0,43491.8,0.674
N3,N3-S-B529,1,True,B529,Bushwick Inlet Park,B,35.687,Neighborhood Park,1,0.0,0.0,,0,,,1.0,1.0,1.0439,1.0,203606.6,0.037
N3,N3-S-B530,1,True,B530,Seasons of Vision,B,0.084,Garden,1,0.0,0.0,,0,,,0.0,1.0,1.1725,0.875,39302.5,0.954
N3,N3-S-B532,1,True,B532,F.A.R.R. Community Garden,B,0.031,Garden,1,0.0,0.0,,0,,,0.0,0.0,1.0023,0.688,36932.3,0.71
N3,N3-S-B533,1,True,B533,Abib Newborn Garden,B,0.25,Garden,1,0.0,0.0,,0,,,0.0,0.0,1.1536,1.0,44094.0,0.517
N3,N3-S-B535,1,True,B535,400 Montauk Av Block Assn,B,0.096,Garden,1,0.0,0.0,,0,,,1.0,1.0,1.0832,0.688,40061.2,0.624
N3,N3-S-B536,1,True,B536,North 5th Street Pier and Park,B,3.908,Waterfront Facility,1,0.0,0.0,,0,,,0.0,0.0,0.8013,1.0,127743.1,0.059
N3,N3-S-B537,1,True,B537,Park,B,0.013,Triangle/Plaza,1,0.0,0.0,,0,,,0.0,1.0,1.1514,0.75,35316.0,0.287
N3,N3-S-B540,1,True,B540,Neighborhood Community Garden,B,0.071,Garden,1,0.0,0.0,,0,,,0.0,0.0,1.0472,0.375,38168.2,0.568
N3,N3-S-B543,1,True,B543,East New York Farms Garden,B,0.101,Garden,1,0.0,0.0,,0,,,0.0,0.0,1.1283,0.875,37370.8,0.773
N3,N3-S-B544,1,True,B544,100 Quincy Street Community Garden,B,0.058,Garden,1,0.0,0.0,,0,,,0.0,0.0,1.0268,0.0,39079.9,0.0
N3,N3-S-B545,1,True,B545,Oko Farms Aquaponics Education Garden,B,0.058,Garden,1,0.0,0.0,,0,,,0.0,1.0,1.2198,1.0,39047.0,0.0
N3,N3-S-B546,1,True,B546,The Feeding Tree,B,0.039,Garden,1,0.0,0.0,,0,,,1.0,1.0,1.128,0.688,36105.2,0.747
N3,N3-S-B549,1,True,B549,Whole Neighborhood Garden,B,0.094,Garden,1,0.0,0.0,,0,,,0.0,1.0,1.2406,0.875,40064.2,0.363
N3,N3-S-B550,1,True,B550,Keap Fourth Community Garden,B,0.069,Garden,1,0.0,0.0,,0,,,0.0,0.0,1.1577,0.875,37853.5,0.64
N3,N3-S-B551,1,True,B551,Vinegar Hill Community Garden,B,0.065,Garden,1,0.0,0.0,,0,,,0.0,0.0,1.1479,1.0,37844.2,0.05
N3,N3-S-B552,1,True,B552,Grand Street Community Garden,B,0.046,Garden,1,0.0,0.0,,0,,,0.0,0.0,1.1344,0.75,38636.0,0.374
N3,N3-S-B553,1,True,B553,61 Franklin Street Garden,B,0.042,Garden,1,0.0,0.0,,0,,,1.0,1.0,1.1446,0.938,37314.2,0.393
N3,N3-S-B554,1,True,B554,Brownsville Green,B,0.026,Garden,1,0.0,0.0,,0,,,0.0,0.0,0.784,0.75,35140.2,0.946
N3,N3-S-B555,1,True,B555,Beaver Noll Park,B,0.437,Playground,1,0.0,0.0,,0,,,1.0,1.0,0.9093,1.0,51191.5,0.052
N3,N3-S-B556,1,True,B556,Know Waste Lands,B,0.097,Garden,1,0.0,0.0,,0,,,1.0,1.0,0.9422,1.0,39620.7,0.0
N3,N3-S-B558,1,True,B558,Linwood Street Garden (Pagan's Garden),B,0.082,Garden,1,0.0,0.0,,0,,,1.0,1.0,1.1673,0.688,41936.4,0.036
N3,N3-S-B559,1,True,B559,South Brooklyn Children's Garden,B,0.083,Garden,1,0.0,0.0,,0,,,0.0,0.0,1.1378,1.0,39240.4,0.73
N3,N3-S-B560,1,True,B560,Pirate's Cove Garden,B,0.034,Garden,1,0.0,0.0,,0,,,0.0,0.0,1.0996,0.938,37101.5,0.693
N3,N3-S-B561,1,True,B561,Saratoga Farm,B,0.181,Garden,1,0.0,0.0,,0,,,1.0,1.0,1.1862,0.875,40901.7,0.675
N3,N3-S-B562,1,True,B562,Surfside Multi-Cultural Garden Coalition,B,0.687,Garden,1,0.0,0.0,,0,,,0.0,1.0,0.9094,1.0,55692.6,0.628
N3,N3-S-B563,1,True,B563,Student Farm Project,B,0.172,Garden,1,0.0,0.0,,0,,,1.0,1.0,1.1679,0.812,42029.1,0.291
N3,N3-S-B564,1,True,B564,Positive Seeds of Life Garden,B,0.106,Garden,1,0.0,0.0,,0,,,0.0,0.0,1.0746,1.0,40469.5,0.26
N3,N3-S-B565,1,True,B565,Isabahlia Community Garden,B,0.059,Garden,1,0.0,0.0,,0,,,0.0,0.0,1.13,1.0,38972.2,0.428
N3,N3-S-B566,1,True,B566,Brownsville Community Farm,B,0.126,Garden,1,0.0,0.0,,0,,,0.0,0.0,0.9294,1.0,39484.9,0.961
N3,N3-S-B567,1,True,B567,Her-King Alagantic Block Association Garden,B,0.044,Garden,1,0.0,0.0,,0,,,0.0,0.0,1.2045,1.0,38685.4,0.164
N3,N3-S-B568,1,True,B568,Ashford Street Abundant Garden,B,0.131,Garden,1,0.0,0.0,,0,,,0.0,0.0,1.0559,1.0,49396.6,1.0
N3,N3-S-B569,1,True,B569,Chestnut Street Garden,B,0.09,Garden,1,0.0,0.0,,0,,,0.0,0.0,1.0219,1.0,42367.6,0.0
N3,N3-S-B570,1,True,B570,Dolly's Park,B,0.049,Garden,1,0.0,0.0,,0,,,0.0,0.0,1.0109,1.0,38866.3,0.0
N3,N3-S-B571,1,True,B571,East 43rd Street Community Garden,B,0.091,Garden,1,0.0,0.0,,0,,,0.0,0.0,1.0216,1.0,39821.5,0.0
N3,N3-S-B573,1,True,B573,Patchen Community Square Garden,B,0.117,Garden,1,0.0,0.0,,0,,,1.0,1.0,1.1685,1.0,40538.3,0.326
N3,N3-S-B575,1,True,B575,Halsey Garden,B,0.127,Garden,1,0.0,0.0,,0,,,0.0,0.0,1.0005,0.0,40978.9,0.091
N3,N3-S-B576,1,True,B576,Tranquility Farm (Willoughby Ave. Garden),B,0.132,Garden,1,0.0,0.0,,0,,,0.0,1.0,1.1441,0.875,41011.5,0.988
N3,N3-S-B577,1,True,B577,EL Garden,B,0.118,Garden,1,0.0,0.0,,0,,,0.0,0.0,1.0383,1.0,40653.7,0.089
N3,N3-S-B578,1,True,B578,Saratoga Blake Garden,B,0.109,Garden,1,0.0,0.0,,0,,,0.0,1.0,1.1768,0.875,42548.1,0.92
N3,N3-S-B580,1,True,B580,Java Street Community Garden,B,0.069,Garden,1,0.0,0.0,,0,,,0.0,0.0,0.9882,1.0,39475.3,0.052
N3,N3-S-B583,1,True,B583,Hooper Grove,B,0.053,Garden,1,0.0,0.0,,0,,,0.0,0.0,1.1791,1.0,38505.6,0.153
N3,N3-S-B584,1,True,B584,Moffat Garden,B,0.038,Garden,1,0.0,0.0,,0,,,0.0,0.0,1.075,1.0,38650.7,0.354
N3,N3-S-B585,1,True,B585,Prospect Plaza Park,B,0.657,Neighborhood Park,1,0.0,0.0,,0,,,0.0,0.0,0.609,1.0,55456.8,0.509
N3,N3-S-B586,1,True,B586,Garden,B,0.092,Garden,1,0.0,0.0,,0,,,0.0,1.0,0.9872,1.0,37147.7,0.991
N3,N3-S-B588,1,True,B588,Greenpoint Public Park,B,2.649,Neighborhood Park,1,0.0,0.0,,0,,,0.0,0.0,0.6156,1.0,79838.8,0.136
N3,N3-S-B592,1,True,B592,Betty Carter Park,B,0.231,Neighborhood Park,1,0.0,0.0,,0,,,0.0,1.0,1.0297,0.938,42709.1,0.469
N3,N3-S-B594,1,True,B594,Maple Street Community Garden,B,0.14,Neighborhood Park,1,0.0,0.0,,0,,,0.0,0.0,1.0617,1.0,40964.9,0.652
N3,N3-S-B595,1,True,B595,Greenpoint Landing,B,1.485,Neighborhood Park,1,0.0,0.0,,0,,,0.0,0.0,0.7483,1.0,97530.2,0.645
N3,N3-S-B597,1,True,B597,Kingsborough Houses Bergen Playground,B,0.322,Playground,1,0.0,0.0,,0,,,0.0,0.0,0.5791,0.875,45136.0,0.672
N3,N3-S-B598,1,True,B598,West 23rd St. Garden,B,1.313,Garden,1,0.0,0.0,,0,,,1.0,1.0,0.8888,1.0,61161.8,0.645
N3,N3-S-B600,1,True,B600,Garden,B,0.157,Garden,1,0.0,0.0,,0,,,0.0,0.0,0.8736,0.625,39797.6,0.792
N3,N3-S-B601,1,True,B601,MHBA Living Laboratory,B,0.14,Garden,1,0.0,0.0,,0,,,0.0,0.0,1.0827,0.875,33401.9,0.901
N3,N3-S-B602,1,True,B602,Park,B,0.017,Triangle/Plaza,1,0.0,0.0,,0,,,1.0,1.0,1.1763,1.0,35080.9,0.942
N3,N3-S-B603,1,True,B603,Jerzee Triangle,B,0.008,Triangle/Plaza,1,0.0,0.0,,0,,,1.0,1.0,1.0594,1.0,35352.6,0.0
N3,N3-S-B604,1,True,B604,Park,B,0.006,Triangle/Plaza,1,0.0,0.0,,0,,,1.0,1.0,1.1346,1.0,31070.4,0.865
N3,N3-S-B605,1,True,B605,Ascenzi Square,B,0.032,Triangle/Plaza,1,0.0,0.0,,0,,,0.0,0.0,1.09,1.0,36252.6,0.089
N3,N3-S-B606,1,True,B606,Fowler Square,B,0.005,Triangle/Plaza,1,0.0,0.0,,0,,,0.0,1.0,0.9047,1.0,33427.2,0.466
N3,N3-S-B608,1,True,B608,St. Mark's Playground,B,0.231,Playground,1,0.0,0.0,,0,,,0.0,0.0,0.0,1.0,45171.1,0.094
N3,N3-S-B609,1,True,B609,Park,B,0.045,Triangle/Plaza,1,0.0,0.0,,0,,,1.0,1.0,1.2218,1.0,37709.2,0.925
N3,N3-S-B610,1,True,B610,Park,B,0.033,Triangle/Plaza,1,0.0,0.0,,0,,,0.0,0.0,0.5984,1.0,36849.0,0.0
N3,N3-S-M001,1,True,M001,Abingdon Square,M,0.184,Triangle/Plaza,1,0.0,0.0,,0,,,1.0,1.0,0.9745,1.0,42485.6,0.868
N3,N3-S-M002,1,True,M002,Ahearn Park,M,0.09,Triangle/Plaza,1,0.0,0.0,,0,,,1.0,1.0,1.0515,1.0,37685.8,0.934
N3,N3-S-M003,1,True,M003,Annunciation Playground,M,1.258,Playground,1,0.0,0.0,,0,,,1.0,1.0,1.0244,0.625,61797.0,0.274
N3,N3-S-M004#1,1,True,M004#1,Allen Street Malls (1/3),M,0.549,Mall,1,0.0,0.0,,0,,,0.0,0.0,1.0404,1.0,99849.2,0.438
N3,N3-S-M004#2,1,True,M004#2,Allen Street Malls (2/3),M,0.641,Mall,1,0.0,0.0,,0,,,1.0,1.0,1.0833,1.0,102099.9,0.649
N3,N3-S-M004#3,1,True,M004#3,Allen Street Malls (3/3),M,0.508,Mall,1,0.0,0.0,,0,,,0.0,1.0,1.0745,1.0,100590.2,0.829
N3,N3-S-M005,1,True,M005,The Battery,M,21.915,Neighborhood Park,1,0.0,0.0,,0,,,0.0,1.0,0.8673,1.0,177605.1,0.252
N3,N3-S-M006,1,True,M006,Tribeca Park,M,0.32,Triangle/Plaza,1,0.0,0.0,,0,,,0.0,1.0,0.9728,0.875,52180.3,0.105
N3,N3-S-M007,1,True,M007,Bowling Green,M,1.162,Triangle/Plaza,1,0.0,0.0,,0,,,0.0,1.0,0.8807,1.0,60703.1,0.354
N3,N3-S-M008,1,True,M008,Bryant Park,M,9.612,Neighborhood Park,1,0.0,0.0,,0,,,1.0,1.0,0.9257,0.938,115355.5,0.0
N3,N3-S-M009,1,True,M009,Bennett Park,M,1.821,Neighborhood Park,1,0.0,0.0,,0,,,0.0,0.0,1.0266,1.0,67757.1,0.0
N3,N3-S-M011,1,True,M011,Chelsea Park,M,3.51,Playground,1,0.0,0.0,,0,,,1.0,1.0,0.9613,1.0,91234.3,0.368
N3,N3-S-M012,1,True,M012,Christopher Park,M,0.186,Triangle/Plaza,1,0.0,0.0,,0,,,1.0,1.0,0.9863,1.0,47389.6,0.654
N3,N3-S-M013,1,True,M013,City Hall Park,M,9.424,Neighborhood Park,1,0.0,0.0,,0,,,0.0,1.0,0.9445,1.0,113017.9,0.048
N3,N3-S-M014,1,True,M014,Jackie Robinson Park,M,12.982,Neighborhood Park,1,0.0,0.0,,0,,,0.0,0.0,1.0334,1.0,199716.0,0.379
N3,N3-S-M015,1,True,M015,Columbus Park,M,2.995,Playground,1,0.0,0.0,,0,,,0.0,1.0,0.9186,0.75,84528.4,0.439
N3,N3-S-M016,1,True,M016,Cooper Triangle,M,0.165,Triangle/Plaza,1,0.0,0.0,,0,,,1.0,1.0,0.9097,1.0,42547.3,0.235
N3,N3-S-M017,1,True,M017,Corlears Hook Park,M,4.487,Neighborhood Park,1,0.0,0.0,,0,,,0.0,0.0,0.928,0.75,60703.8,0.689
N3,N3-S-M018,1,True,M018,Carmansville Playground,M,0.612,Playground,1,0.0,0.0,,0,,,1.0,1.0,1.1758,0.875,50821.3,0.597
N3,N3-S-M019,1,True,M019,Coleman Playground,M,2.601,Playground,1,0.0,0.0,,0,,,0.0,0.0,0.9082,1.0,72769.8,0.313
N3,N3-S-M020,1,True,M020,Dante Park,M,0.17,Triangle/Plaza,1,0.0,0.0,,0,,,0.0,0.0,0.8186,1.0,37180.5,1.0
N3,N3-S-M021,1,True,M021,A Philip Randolph Square,M,0.088,Triangle/Plaza,1,0.0,0.0,,0,,,0.0,0.0,1.0895,0.625,39919.2,1.0
N3,N3-S-M022,1,True,M022,De Witt Clinton Park,M,5.788,Playground,1,0.0,0.0,,0,,,0.0,1.0,0.9475,1.0,92787.7,0.0
N3,N3-S-M023,1,True,M023,Donnellan Square,M,0.108,Triangle/Plaza,1,0.0,0.0,,0,,,0.0,0.0,1.1047,0.5,40502.3,0.843
N3,N3-S-M024,1,True,M024,Dorrance Brooks Square,M,0.04,Triangle/Plaza,1,0.0,0.0,,0,,,0.0,0.0,1.0865,0.938,27859.3,0.823
N3,N3-S-M025,1,True,M025,Duane Park,M,0.115,Triangle/Plaza,1,0.0,0.0,,0,,,0.0,0.0,0.8776,1.0,41249.8,0.311
N3,N3-S-M026,1,True,M026,Dyckman House Museum,M,0.544,Historic House Park,1,0.0,0.0,,0,,,0.0,0.0,0.8658,1.0,50606.3,0.0
N3,N3-S-M027,1,True,M027,Downing Street Playground,M,0.233,Playground,1,0.0,0.0,,0,,,1.0,1.0,0.8123,1.0,45342.7,0.784
N3,N3-S-M029,1,True,M029,Fort Tryon Park,M,67.174,Community Park,1,0.0,0.0,,0,,,1.0,1.0,0.9604,1.0,253455.4,0.218
N3,N3-S-M030,1,True,M030,Thomas Paine Park,M,1.871,Triangle/Plaza,1,0.0,0.0,,0,,,0.0,1.0,0.9767,0.938,79394.6,0.491
N3,N3-S-M031,1,True,M031,Amelia Gorman Park,M,1.771,Neighborhood Park,1,0.0,0.0,,0,,,0.0,0.0,0.6835,1.0,65364.9,0.1
N3,N3-S-M032,1,True,M032,Greeley Square Park,M,0.147,Triangle/Plaza,1,0.0,0.0,,0,,,0.0,1.0,0.7815,0.75,44998.8,0.228
N3,N3-S-M033,1,True,M033,Hamilton Fish Park,M,4.27,Community Park,1,0.0,0.0,,0,,,0.0,0.0,0.8371,0.812,83460.3,0.437
N3,N3-S-M034,1,True,M034,Hancock Park,M,0.074,Triangle/Plaza,1,0.0,0.0,,0,,,0.0,1.0,1.1724,0.938,39053.2,0.239
N3,N3-S-M035,1,True,M035,Brigadier General Charles Young Triangle,M,0.882,Triangle/Plaza,1,0.0,0.0,,0,,,0.0,1.0,0.8936,0.5,52882.4,0.753
N3,N3-S-M036,1,True,M036,Herald Square,M,0.209,Triangle/Plaza,1,0.0,0.0,,0,,,0.0,1.0,0.7063,0.875,47311.8,0.217
N3,N3-S-M038,1,True,M038,James J Walker Park,M,1.666,Neighborhood Park,1,0.0,0.0,,0,,,0.0,1.0,1.0557,1.0,63944.1,0.0
N3,N3-S-M039#1,1,True,M039#1,Harlem River Park (1/15),M,2.519,Parkway,1,0.0,0.0,,0,,,0.0,0.0,0.4553,1.0,22442.2,1.0
N3,N3-S-M039#10,1,True,M039#10,Harlem River Park (10/15),M,2.423,Parkway,1,0.0,0.0,,0,,,0.0,0.0,0.0,1.0,88271.6,0.576
N3,N3-S-M039#11,1,True,M039#11,Harlem River Park (11/15),M,3.979,Parkway,1,0.0,0.0,,0,,,0.0,0.0,0.0,0.0,42831.7,0.733
N3,N3-S-M039#12,1,True,M039#12,Harlem River Park (12/15),M,6.94,Parkway,1,0.0,0.0,,0,,,0.0,0.0,0.5973,0.0,78746.0,0.497
N3,N3-S-M039#14,1,True,M039#14,Harlem River Park (14/15),M,3.709,Parkway,1,0.0,0.0,,0,,,0.0,0.0,0.6741,1.0,57301.4,0.827
N3,N3-S-M039#2,1,True,M039#2,Harlem River Park (2/15),M,8.038,Parkway,1,0.0,0.0,,0,,,0.0,0.0,0.6002,1.0,96190.2,0.417
N3,N3-S-M039#3,1,True,M039#3,Harlem River Park (3/15),M,4.021,Parkway,1,0.0,0.0,,0,,,1.0,1.0,1.2818,0.812,163543.3,0.393
N3,N3-S-M039#4,1,True,M039#4,Harlem River Park (4/15),M,3.105,Parkway,1,0.0,0.0,,0,,,0.0,0.0,0.7932,1.0,51698.3,0.943
N3,N3-S-M039#5,1,True,M039#5,Harlem River Park (5/15),M,3.607,Parkway,1,0.0,0.0,,0,,,0.0,0.0,0.0,0.0,49567.2,0.675
N3,N3-S-M039#6,1,True,M039#6,Harlem River Park (6/15),M,1.408,Parkway,1,0.0,0.0,,0,,,0.0,0.0,0.421,1.0,91423.8,0.741
N3,N3-S-M039#7,1,True,M039#7,Harlem River Park (7/15),M,3.061,Parkway,1,0.0,0.0,,0,,,0.0,0.0,1.076,0.812,77223.0,0.79
N3,N3-S-M039#9,1,True,M039#9,Harlem River Park (9/15),M,3.904,Parkway,1,0.0,0.0,,0,,,0.0,0.0,0.8282,1.0,55836.2,0.913
N3,N3-S-M040,1,True,M040,Johnny Hartman Square,M,0.018,Triangle/Plaza,1,0.0,0.0,,0,,,1.0,1.0,1.1268,0.625,35427.9,0.427
N3,N3-S-M041,1,True,M041,Alexander Hamilton Playground,M,0.839,Playground,1,0.0,0.0,,0,,,0.0,1.0,1.111,0.938,54497.0,0.611
N3,N3-S-M043,1,True,M043,Isham Park,M,19.955,Community Park,1,0.0,0.0,,0,,,0.0,0.0,0.9695,1.0,130858.8,0.0
N3,N3-S-M044,1,True,M044,Jackson Square,M,0.227,Triangle/Plaza,1,0.0,0.0,,0,,,0.0,1.0,0.9604,0.875,45234.1,0.409
N3,N3-S-M045,1,True,M045,John Jay Park,M,3.317,Community Park,1,0.0,0.0,,0,,,0.0,0.0,0.7252,1.0,76997.6,0.537
N3,N3-S-M046,1,True,M046,Vietnam Veterans Plaza,M,0.832,Triangle/Plaza,1,0.0,0.0,,0,,,0.0,0.0,0.8844,1.0,59987.3,0.032
N3,N3-S-M047,1,True,M047,Thomas Jefferson Park,M,13.184,Community Park,1,0.0,0.0,,0,,,1.0,1.0,0.9912,0.438,120511.3,0.551
N3,N3-S-M048,1,True,M048,Joan Of Arc Park,M,1.58,Neighborhood Park,1,0.0,0.0,,0,,,0.0,0.0,1.0067,1.0,59523.0,0.0
N3,N3-S-M051,1,True,M051,Richard Tucker Park,M,0.054,Triangle/Plaza,1,0.0,0.0,,0,,,0.0,0.0,0.8206,1.0,37611.5,0.905
N3,N3-S-M052,1,True,M052,Madison Square Park,M,6.236,Neighborhood Park,1,0.0,0.0,,0,,,1.0,1.0,1.0324,1.0,96031.1,0.254
N3,N3-S-M054,1,True,M054,Mitchel Square,M,0.762,Triangle/Plaza,1,0.0,0.0,,0,,,0.0,0.0,0.7506,0.875,59538.3,0.923
N3,N3-S-M055,1,True,M055,Montefiore Square,M,0.351,Triangle/Plaza,1,0.0,0.0,,0,,,0.0,0.0,0.9602,0.75,49791.8,1.0
N3,N3-S-M056,1,True,M056,Morningside Park,M,30.44,Community Park,1,0.0,0.0,,0,,,0.0,1.0,1.0262,1.0,264951.4,0.265
N3,N3-S-M058,1,True,M058,Marcus Garvey Park,M,19.653,Community Park,1,0.0,0.0,,0,,,1.0,1.0,1.0477,1.0,144118.4,0.349
N3,N3-S-M060A,1,True,M060A,Park Avenue Malls,M,0.232,Mall,1,0.0,0.0,,0,,,0.0,0.0,1.1413,0.875,61754.4,0.467
N3,N3-S-M060B,1,True,M060B,Park Avenue Malls,M,0.621,Mall,1,0.0,0.0,,0,,,0.0,1.0,1.1171,0.75,109662.7,0.0
N3,N3-S-M060C#1,1,True,M060C#1,Park Avenue Malls (1/8),M,0.596,Mall,1,0.0,0.0,,0,,,0.0,0.0,1.1089,1.0,111218.6,0.544
N3,N3-S-M060C#2,1,True,M060C#2,Park Avenue Malls (2/8),M,0.551,Mall,1,0.0,0.0,,0,,,0.0,0.0,1.14,1.0,105298.4,0.573
N3,N3-S-M060C#3,1,True,M060C#3,Park Avenue Malls (3/8),M,0.562,Mall,1,0.0,0.0,,0,,,0.0,0.0,1.1589,0.938,108699.3,0.58
N3,N3-S-M060C#4,1,True,M060C#4,Park Avenue Malls (4/8),M,0.555,Mall,1,0.0,0.0,,0,,,0.0,0.0,1.1223,1.0,109473.6,0.577
N3,N3-S-M060C#5,1,True,M060C#5,Park Avenue Malls (5/8),M,0.568,Mall,1,0.0,0.0,,0,,,0.0,0.0,1.1094,0.875,109541.2,0.551
N3,N3-S-M060C#6,1,True,M060C#6,Park Avenue Malls (6/8),M,0.611,Mall,1,0.0,0.0,,0,,,0.0,0.0,1.1052,1.0,113584.4,0.557
N3,N3-S-M060C#7,1,True,M060C#7,Park Avenue Malls (7/8),M,0.544,Mall,1,0.0,0.0,,0,,,0.0,0.0,1.1375,1.0,106611.9,0.592
N3,N3-S-M060C#8,1,True,M060C#8,Park Avenue Malls (8/8),M,0.635,Mall,1,0.0,0.0,,0,,,0.0,0.0,1.1218,0.875,105289.2,0.362
N3,N3-S-M061,1,True,M061,Plaza Lafayette,M,0.085,Triangle/Plaza,1,0.0,0.0,,0,,,0.0,0.0,0.9072,1.0,37794.3,0.0
N3,N3-S-M062,1,True,M062,Grand Army Plaza,M,0.678,Triangle/Plaza,1,0.0,0.0,,0,,,1.0,1.0,1.0585,0.812,44502.0,0.0
N3,N3-S-M064,1,True,M064,Lillian D Wald Playground,M,0.697,Recreational Field/Courts,1,0.0,0.0,,0,,,0.0,0.0,0.8786,1.0,55866.8,0.446
N3,N3-S-M065,1,True,M065,Luther Gulick Park,M,1.517,Neighborhood Park,1,0.0,0.0,,0,,,0.0,0.0,1.0198,1.0,67411.9,0.363
N3,N3-S-M066,1,True,M066,Dr. Gertrude B. Kelly Playground,M,0.53,Neighborhood Park,1,0.0,0.0,,0,,,0.0,0.0,0.76,0.812,50443.9,0.0
N3,N3-S-M067,1,True,M067,Sophie Irene Loeb,M,0.137,Playground,1,0.0,0.0,,0,,,0.0,0.0,0.9052,1.0,44711.5,0.189
N3,N3-S-M069,1,True,M069,Vesuvio Playground,M,0.642,Neighborhood Park,1,0.0,0.0,,0,,,0.0,0.0,1.0105,1.0,56312.9,0.287
N3,N3-S-M070,1,True,M070,Queensboro Oval,M,1.267,Recreational Field/Courts,1,0.0,0.0,,0,,,0.0,0.0,1.0853,1.0,57498.7,0.497
N3,N3-S-M072#1,1,True,M072#1,Riverside Park (1/4),M,4.29,Neighborhood Park,1,0.0,0.0,,0,,,0.0,0.0,0.9593,1.0,105047.0,0.552
N3,N3-S-M072#2,1,True,M072#2,Riverside Park (2/4),M,3.279,Neighborhood Park,1,0.0,0.0,,0,,,0.0,0.0,0.925,1.0,96096.4,0.771
N3,N3-S-M072#3,1,True,M072#3,Riverside Park (3/4),M,3.231,Neighborhood Park,1,0.0,0.0,,0,,,0.0,0.0,1.041,1.0,101926.9,0.872
N3,N3-S-M072#4,1,True,M072#4,Riverside Park (4/4),M,2.547,Neighborhood Park,1,0.0,0.0,,0,,,0.0,1.0,0.9773,1.0,113332.5,0.587
N3,N3-S-M073,1,True,M073,Roger Morris Park,M,1.56,Historic House Park,1,0.0,0.0,,0,,,0.0,0.0,0.8422,1.0,43496.5,0.646
N3,N3-S-M076,1,True,M076,St. Vartan Park,M,2.772,Neighborhood Park,1,0.0,0.0,,0,,,1.0,1.0,1.0406,0.938,84025.2,0.047
N3,N3-S-M077,1,True,M077,St. Nicholas Park,M,22.689,Neighborhood Park,1,0.0,0.0,,0,,,0.0,1.0,1.0753,0.625,264146.9,0.153
N3,N3-S-M079,1,True,M079,St. Catherine's Park,M,1.416,Neighborhood Park,1,0.0,0.0,,0,,,1.0,1.0,1.1782,1.0,62254.0,0.0
N3,N3-S-M080,1,True,M080,Schiff Mall,M,0.376,Mall,1,0.0,0.0,,0,,,1.0,1.0,1.0966,0.875,127035.5,0.602
N3,N3-S-M081,1,True,M081,Carl Schurz Park,M,13.959,Neighborhood Park,1,0.0,0.0,,0,,,0.0,0.0,0.7619,1.0,146156.7,0.187
N3,N3-S-M082,1,True,M082,Seward Park,M,3.36,Neighborhood Park,1,0.0,0.0,,0,,,0.0,1.0,0.8656,1.0,76768.0,0.377
N3,N3-S-M083,1,True,M083,Sherman Square,M,0.066,Triangle/Plaza,1,0.0,0.0,,0,,,1.0,1.0,1.0913,0.875,37424.1,1.0
N3,N3-S-M085,1,True,M085,Straus Park,M,0.079,Triangle/Plaza,1,0.0,0.0,,0,,,0.0,1.0,0.8251,0.938,39594.7,0.901
N3,N3-S-M086,1,True,M086,Stuyvesant Square,M,4.036,Neighborhood Park,1,0.0,0.0,,0,,,0.0,1.0,0.9669,0.688,91391.8,0.054
N3,N3-S-M087,1,True,M087,Sakura Park,M,2.072,Neighborhood Park,1,0.0,0.0,,0,,,0.0,0.0,0.983,1.0,56200.8,0.236
N3,N3-S-M088,1,True,M088,Tompkins Square Park,M,10.542,Neighborhood Park,1,0.0,0.0,,0,,,0.0,1.0,1.0838,1.0,113461.1,0.56
N3,N3-S-M089,1,True,M089,Union Square Park,M,6.504,Community Park,1,0.0,0.0,,0,,,0.0,1.0,0.8931,0.75,105095.4,0.0
N3,N3-S-M090,1,True,M090,Lafayette Square,M,0.02,Triangle/Plaza,1,0.0,0.0,,0,,,0.0,0.0,1.0299,1.0,24497.1,0.938
N3,N3-S-M091,1,True,M091,Bennett Rest,M,4.063,Nature Area,1,0.0,0.0,,0,,,0.0,0.0,0.8184,1.0,108751.1,0.209
N3,N3-S-M092A,1,True,M092A,Haven Avenue,M,1.442,Parkway,1,0.0,0.0,,0,,,0.0,0.0,0.8133,1.0,61716.9,0.695
N3,N3-S-M092B,1,True,M092B,Park,M,1.57,Strip,1,0.0,0.0,,0,,,0.0,0.0,0.7358,1.0,113557.4,0.46
N3,N3-S-M093,1,True,M093,Father Duffy Square,M,0.077,Triangle/Plaza,1,0.0,0.0,,0,,,1.0,1.0,0.8612,1.0,41831.5,0.0
N3,N3-S-M094#1,1,True,M094#1,Broadway Malls (1/11),M,0.509,Mall,1,0.0,0.0,,0,,,0.0,0.0,1.1163,1.0,105213.3,0.576
N3,N3-S-M094#10,1,True,M094#10,Broadway Malls (10/11),M,0.628,Mall,1,0.0,0.0,,0,,,1.0,1.0,1.0266,0.875,110533.1,0.927
N3,N3-S-M094#11,1,True,M094#11,Broadway Malls (11/11),M,0.568,Mall,1,0.0,0.0,,0,,,0.0,0.0,1.0445,1.0,103991.1,0.586
N3,N3-S-M094#2,1,True,M094#2,Broadway Malls (2/11),M,0.485,Mall,1,0.0,0.0,,0,,,0.0,0.0,1.0237,1.0,109507.8,0.751
N3,N3-S-M094#3,1,True,M094#3,Broadway Malls (3/11),M,0.503,Mall,1,0.0,0.0,,0,,,0.0,0.0,1.0787,1.0,104735.2,0.662
N3,N3-S-M094#4,1,True,M094#4,Broadway Malls (4/11),M,0.518,Mall,1,0.0,0.0,,0,,,0.0,0.0,1.0516,1.0,110979.3,0.608
N3,N3-S-M094#5,1,True,M094#5,Broadway Malls (5/11),M,0.579,Mall,1,0.0,0.0,,0,,,0.0,0.0,0.9744,1.0,109401.5,0.419
N3,N3-S-M094#6,1,True,M094#6,Broadway Malls (6/11),M,0.497,Mall,1,0.0,0.0,,0,,,0.0,0.0,1.1114,1.0,104301.9,0.694
N3,N3-S-M094#7,1,True,M094#7,Broadway Malls (7/11),M,0.465,Mall,1,0.0,0.0,,0,,,0.0,1.0,1.0747,0.812,105488.7,0.74
N3,N3-S-M094#8,1,True,M094#8,Broadway Malls (8/11),M,0.483,Mall,1,0.0,0.0,,0,,,0.0,0.0,1.1467,1.0,102527.0,0.591
N3,N3-S-M094#9,1,True,M094#9,Broadway Malls (9/11),M,0.515,Mall,1,0.0,0.0,,0,,,0.0,0.0,1.0952,0.938,110567.2,0.549
N3,N3-S-M094A,1,True,M094A,Broadway Malls,M,1.305,Mall,1,0.0,0.0,,0,,,0.0,1.0,1.0722,0.438,224340.1,0.182
N3,N3-S-M095#1,1,True,M095#1,Broadway Malls (1/5),M,0.46,Mall,1,0.0,0.0,,0,,,0.0,1.0,1.1523,0.5,99648.4,0.675
N3,N3-S-M095#3,1,True,M095#3,Broadway Malls (3/5),M,0.497,Mall,1,0.0,0.0,,0,,,0.0,1.0,1.1645,0.5,100805.5,0.819
N3,N3-S-M095#4,1,True,M095#4,Broadway Malls (4/5),M,0.45,Mall,1,0.0,0.0,,0,,,0.0,1.0,1.1677,0.875,95207.9,0.605
N3,N3-S-M096#1,1,True,M096#1,Adam Clayton Powell Jr. Malls (1/9),M,0.231,Mall,1,0.0,0.0,,0,,,0.0,1.0,1.1447,0.75,107505.9,0.465
N3,N3-S-M096#2,1,True,M096#2,Adam Clayton Powell Jr. Malls (2/9),M,0.214,Mall,1,0.0,0.0,,0,,,0.0,0.0,1.1728,0.25,105836.8,0.773
N3,N3-S-M096#3,1,True,M096#3,Adam Clayton Powell Jr. Malls (3/9),M,0.222,Mall,1,0.0,0.0,,0,,,0.0,1.0,1.1617,0.75,109445.4,0.661
N3,N3-S-M096#4,1,True,M096#4,Adam Clayton Powell Jr. Malls (4/9),M,0.161,Mall,1,0.0,0.0,,0,,,0.0,0.0,1.0832,0.5,75337.4,0.994
N3,N3-S-M096#5,1,True,M096#5,Adam Clayton Powell Jr. Malls (5/9),M,0.245,Mall,1,0.0,0.0,,0,,,0.0,0.0,1.1742,0.938,107880.2,0.779
N3,N3-S-M096#6,1,True,M096#6,Adam Clayton Powell Jr. Malls (6/9),M,0.221,Mall,1,0.0,0.0,,0,,,0.0,1.0,1.1729,0.812,101697.2,0.953
N3,N3-S-M096#7,1,True,M096#7,Adam Clayton Powell Jr. Malls (7/9),M,0.215,Mall,1,0.0,0.0,,0,,,0.0,1.0,1.1954,0.562,100990.2,0.763
N3,N3-S-M096#8,1,True,M096#8,Adam Clayton Powell Jr. Malls (8/9),M,0.172,Mall,1,0.0,0.0,,0,,,0.0,0.0,1.1704,0.75,93319.4,0.772
N3,N3-S-M096#9,1,True,M096#9,Adam Clayton Powell Jr. Malls (9/9),M,0.224,Mall,1,0.0,0.0,,0,,,0.0,0.0,1.1961,0.688,107807.7,0.823
N3,N3-S-M097,1,True,M097,Verdi Square,M,0.095,Triangle/Plaza,1,0.0,0.0,,0,,,1.0,1.0,0.8583,0.625,41251.6,0.943
N3,N3-S-M098,1,True,M098,Washington Square Park,M,9.742,Neighborhood Park,1,0.0,0.0,,0,,,1.0,1.0,1.061,0.688,116407.7,0.269
N3,N3-S-M099,1,True,M099,J. Hood Wright Park,M,6.699,Neighborhood Park,1,0.0,0.0,,0,,,0.0,0.0,1.0142,1.0,93028.2,0.356
N3,N3-S-M101,1,True,M101,Worth Square,M,0.269,Triangle/Plaza,1,0.0,0.0,,0,,,1.0,1.0,1.0793,0.5,33392.9,0.729
N3,N3-S-M105,1,True,M105,Sara D. Roosevelt Park,M,7.863,Neighborhood Park,1,0.0,0.0,,0,,,0.0,1.0,0.9815,0.938,218659.0,0.422
N3,N3-S-M108A,1,True,M108A,Louis Cuvillier Park,M,2.743,Neighborhood Park,1,0.0,0.0,,0,,,1.0,1.0,1.0342,0.562,65133.3,0.842
N3,N3-S-M108B,1,True,M108B,Park,M,2.13,Parkway,1,0.0,0.0,,0,,,0.0,0.0,0.8243,1.0,86422.2,0.9
N3,N3-S-M108F,1,True,M108F,Triboro Plaza,M,2.195,Triangle/Plaza,1,0.0,0.0,,0,,,1.0,1.0,1.0063,0.75,93050.1,0.89
N3,N3-S-M108G,1,True,M108G,Playground 103 CIII,M,1.097,Neighborhood Park,1,0.0,0.0,,0,,,0.0,0.0,0.4008,1.0,57002.7,0.744
N3,N3-S-M108H,1,True,M108H,Park,M,0.034,Triangle/Plaza,1,0.0,0.0,,0,,,0.0,0.0,0.8331,1.0,34138.8,0.836
N3,N3-S-M108J,1,True,M108J,Park,M,0.188,Strip,1,0.0,0.0,,0,,,0.0,0.0,0.7446,0.5,42828.7,0.975
N3,N3-S-M108N,1,True,M108N,Peter Detmold Park,M,0.587,Neighborhood Park,1,0.0,0.0,,0,,,0.0,0.0,0.6931,1.0,70846.6,0.51
N3,N3-S-M108P,1,True,M108P,Sutton Parks,M,0.842,Triangle/Plaza,1,0.0,0.0,,0,,,0.0,0.0,0.6156,1.0,117418.3,0.907
N3,N3-S-M108Q,1,True,M108Q,Twenty-Four Sycamores Park,M,0.645,Playground,1,0.0,0.0,,0,,,0.0,0.0,1.0082,0.75,42691.1,0.896
N3,N3-S-M108R,1,True,M108R,Sutton Place Park,M,0.268,Neighborhood Park,1,0.0,0.0,,0,,,0.0,0.0,0.2748,1.0,42425.2,1.0
N3,N3-S-M108T#1,1,True,M108T#1,East River Walk (1/6),M,0.84,Waterfront Facility,1,0.0,0.0,,0,,,0.0,0.0,0.0,1.0,81455.0,0.948
N3,N3-S-M108T#3,1,True,M108T#3,East River Walk (3/6),M,1.339,Waterfront Facility,1,0.0,0.0,,0,,,0.0,0.0,0.0,1.0,180202.1,0.399
N3,N3-S-M108T#4,1,True,M108T#4,East River Walk (4/6),M,0.483,Waterfront Facility,1,0.0,0.0,,0,,,0.0,0.0,0.4134,1.0,86106.1,0.343
N3,N3-S-M108T#6,1,True,M108T#6,East River Walk (6/6),M,1.056,Waterfront Facility,1,0.0,0.0,,0,,,0.0,0.0,0.0,1.0,109285.6,0.573
N3,N3-S-M108T01#1,1,True,M108T01#1,East River Esplanade (1/8),M,3.132,Waterfront Facility,1,0.0,0.0,,0,,,0.0,0.0,0.0,1.0,234222.4,0.688
N3,N3-S-M108T01#2,1,True,M108T01#2,East River Esplanade (2/8),M,0.825,Waterfront Facility,1,0.0,0.0,,0,,,0.0,0.0,0.713,1.0,110877.3,0.879
N3,N3-S-M108T01#4,1,True,M108T01#4,East River Esplanade (4/8),M,1.176,Waterfront Facility,1,0.0,0.0,,0,,,0.0,0.0,0.0,0.0,108574.6,0.61
N3,N3-S-M108T01#5,1,True,M108T01#5,East River Esplanade (5/8),M,1.183,Waterfront Facility,1,0.0,0.0,,0,,,0.0,0.0,0.3353,0.0,92615.5,0.881
N3,N3-S-M108T01#8,1,True,M108T01#8,East River Esplanade (8/8),M,2.245,Waterfront Facility,1,0.0,0.0,,0,,,0.0,0.0,0.0,1.0,170622.0,0.763
N3,N3-S-M110,1,True,M110,William McCray Playground,M,0.472,Playground,1,0.0,0.0,,0,,,0.0,0.0,1.2204,1.0,49768.8,0.163
N3,N3-S-M111,1,True,M111,James Weldon Johnson Playground,M,1.047,Jointly Operated Playground,1,0.0,0.0,,0,,,1.0,1.0,0.874,0.562,64691.0,0.05
N3,N3-S-M113,1,True,M113,Joseph C. Sauer Park,M,0.421,Neighborhood Park,1,0.0,0.0,,0,,,0.0,0.0,1.1039,0.688,47148.8,0.987
N3,N3-S-M113A,1,True,M113A,Children's Garden,M,0.031,Garden,1,0.0,0.0,,0,,,0.0,1.0,1.1747,0.625,34207.9,1.0
N3,N3-S-M116,1,True,M116,ABC Playground,M,0.459,Playground,1,0.0,0.0,,0,,,0.0,1.0,1.1554,0.938,49001.4,0.703
N3,N3-S-M120A,1,True,M120A,William F. Passannante Ballfield,M,0.618,Recreational Field/Courts,1,0.0,0.0,,0,,,1.0,1.0,1.0946,1.0,51961.6,0.806
N3,N3-S-M120B,1,True,M120B,Playground of the Americas,M,0.08,Playground,1,0.0,0.0,,0,,,0.0,1.0,0.9931,0.75,36143.3,0.981
N3,N3-S-M122,1,True,M122,Captain Jacob Joseph Playground,M,0.144,Playground,1,0.0,0.0,,0,,,0.0,1.0,1.2316,0.938,37718.6,0.82
N3,N3-S-M123,1,True,M123,Peretz Square,M,0.125,Triangle/Plaza,1,0.0,0.0,,0,,,1.0,1.0,1.0976,0.875,48567.7,0.802
N3,N3-S-M124,1,True,M124,First Park,M,0.762,Neighborhood Park,1,0.0,0.0,,0,,,1.0,1.0,1.0005,0.875,72639.1,0.987
N3,N3-S-M125A,1,True,M125A,Minetta Green,M,0.058,Triangle/Plaza,1,0.0,0.0,,0,,,0.0,1.0,1.0665,0.75,35820.1,1.0
N3,N3-S-M125B,1,True,M125B,Minetta Playground,M,0.225,Playground,1,0.0,0.0,,0,,,0.0,1.0,0.9998,0.625,41441.0,0.993
N3,N3-S-M125C,1,True,M125C,West 4th Street Courts,M,0.411,Playground,1,0.0,0.0,,0,,,0.0,1.0,0.9521,0.625,48724.7,0.805
N3,N3-S-M125D,1,True,M125D,Minetta Triangle,M,0.079,Triangle/Plaza,1,0.0,0.0,,0,,,1.0,1.0,0.9104,0.875,36891.3,0.963
N3,N3-S-M125E,1,True,M125E,Charlton Plaza,M,0.038,Triangle/Plaza,1,0.0,0.0,,0,,,0.0,1.0,1.1611,1.0,38823.8,0.875
N3,N3-S-M127,1,True,M127,Bushman Steps,M,0.063,Triangle/Plaza,1,0.0,0.0,,0,,,0.0,0.0,1.0629,1.0,26333.2,0.801
N3,N3-S-M132,1,True,M132,Little Flower Playground,M,1.293,Playground,1,0.0,0.0,,0,,,1.0,1.0,0.9458,0.5,61360.8,0.302
N3,N3-S-M138,1,True,M138,Bill Bojangles Robinson Playground,M,0.18,Playground,1,0.0,0.0,,0,,,0.0,0.0,0.8929,1.0,40503.5,0.678
N3,N3-S-M140,1,True,M140,Recreational Area,M,18.175,Community Park,1,0.0,0.0,,0,,,0.0,0.0,0.5535,1.0,195905.7,0.391
N3,N3-S-M141,1,True,M141,Percy E. Sutton Playground,M,1.561,Neighborhood Park,1,0.0,0.0,,0,,,0.0,0.0,0.7346,0.188,89905.8,0.788
N3,N3-S-M144,1,True,M144,John V. Lindsay East River Park,M,45.055,Community Park,1,0.0,0.0,,0,,,0.0,0.0,0.5724,1.0,457285.1,0.264
N3,N3-S-M145,1,True,M145,Albert Capsouto Park,M,0.36,Triangle/Plaza,1,0.0,0.0,,0,,,0.0,1.0,0.9638,1.0,47956.1,0.776
N3,N3-S-M148,1,True,M148,White Playground,M,0.687,Playground,1,0.0,0.0,,0,,,0.0,1.0,0.9126,0.75,53345.1,0.007
N3,N3-S-M154,1,True,M154,Mathews-Palmer Playground,M,0.483,Playground,1,0.0,0.0,,0,,,0.0,0.0,1.0943,1.0,50205.1,0.298
N3,N3-S-M155,1,True,M155,Courtney Callender Playground,M,0.688,Playground,1,0.0,0.0,,0,,,0.0,1.0,1.1736,1.0,52762.9,0.792
N3,N3-S-M156,1,True,M156,McKenna Square,M,0.223,Triangle/Plaza,1,0.0,0.0,,0,,,0.0,0.0,1.0538,1.0,45414.3,0.296
N3,N3-S-M158,1,True,M158,Robert Moses Playground,M,1.092,Playground,1,0.0,0.0,,0,,,1.0,1.0,0.8068,1.0,65841.6,0.83
N3,N3-S-M159,1,True,M159,Frederick Johnson Playground,M,2.473,Recreational Field/Courts,1,0.0,0.0,,0,,,0.0,0.0,0.9564,0.812,72443.6,0.813
N3,N3-S-M160,1,True,M160,Fred Samuel Playground,M,0.725,Playground,1,0.0,0.0,,0,,,0.0,0.0,1.153,1.0,53104.8,0.405
N3,N3-S-M161,1,True,M161,McCaffrey Playground,M,0.442,Playground,1,0.0,0.0,,0,,,0.0,0.0,1.1289,1.0,49001.9,0.0
N3,N3-S-M164,1,True,M164,Asser Levy Playground,M,2.765,Community Park,1,0.0,0.0,,0,,,0.0,0.0,0.8713,1.0,77396.5,0.0
N3,N3-S-M165,1,True,M165,Baruch Playground,M,2.298,Recreational Field/Courts,1,0.0,0.0,,0,,,0.0,0.0,0.8279,1.0,72413.3,0.43
N3,N3-S-M166,1,True,M166,Harlem Art Park,M,0.354,Neighborhood Park,1,0.0,0.0,,0,,,0.0,0.0,0.9353,0.125,46808.5,0.277
N3,N3-S-M167,1,True,M167,Peck Slip,M,0.194,Triangle/Plaza,1,0.0,0.0,,0,,,0.0,0.0,0.9121,1.0,43791.5,0.274
N3,N3-S-M169,1,True,M169,Samuel Marx Triangle,M,0.025,Triangle/Plaza,1,0.0,0.0,,0,,,0.0,0.0,1.1176,0.625,35225.9,0.937
N3,N3-S-M170,1,True,M170,Petrosino Square,M,0.047,Triangle/Plaza,1,0.0,0.0,,0,,,0.0,0.0,0.9569,0.625,38785.7,0.487
N3,N3-S-M171,1,True,M171,Cherry Clinton Playground,M,0.44,Playground,1,0.0,0.0,,0,,,0.0,0.0,0.9635,1.0,48541.3,0.455
N3,N3-S-M172,1,True,M172,McCarthy Square,M,0.043,Triangle/Plaza,1,0.0,0.0,,0,,,1.0,1.0,1.1103,1.0,37100.0,0.221
N3,N3-S-M177,1,True,M177,Honey Locust Park,M,0.335,Triangle/Plaza,1,0.0,0.0,,0,,,0.0,0.0,0.686,0.562,50225.7,0.307
N3,N3-S-M178,1,True,M178,Catherine Slip Malls,M,0.25,Mall,1,0.0,0.0,,0,,,0.0,0.0,0.8728,0.75,48586.4,0.761
N3,N3-S-M180,1,True,M180,Lt. Wm. Tighe Triangle,M,0.185,Triangle/Plaza,1,0.0,0.0,,0,,,0.0,0.0,0.8656,1.0,37783.0,0.692
N3,N3-S-M182,1,True,M182,Vladeck Park,M,0.815,Neighborhood Park,1,0.0,0.0,,0,,,1.0,1.0,0.8952,1.0,73566.1,0.801
N3,N3-S-M183,1,True,M183,Peter Minuit Playground,M,0.832,Jointly Operated Playground,1,0.0,0.0,,0,,,0.0,0.0,0.975,1.0,54644.9,0.231
N3,N3-S-M184,1,True,M184,Samuel N. Bennerson 2nd Playground,M,0.737,Neighborhood Park,1,0.0,0.0,,0,,,0.0,0.0,1.0761,1.0,53417.3,0.179
N3,N3-S-M186,1,True,M186,Brigadier General Charles Young Playground,M,6.635,Neighborhood Park,1,0.0,0.0,,0,,,0.0,0.0,0.9359,0.75,96441.3,0.418
N3,N3-S-M187,1,True,M187,Marx Brothers Playground,M,1.476,Jointly Operated Playground,1,0.0,0.0,,0,,,0.0,1.0,1.0595,1.0,63087.0,0.197
N3,N3-S-M188,1,True,M188,Abe Lebewohl Park,M,0.141,Triangle/Plaza,1,0.0,0.0,,0,,,0.0,1.0,0.9667,1.0,43163.4,0.576
N3,N3-S-M188A,1,True,M188A,Abe Lebewohl Triangle,M,0.013,Triangle/Plaza,1,0.0,0.0,,0,,,0.0,0.0,1.0249,0.875,34371.6,0.723
N3,N3-S-M189,1,True,M189,Roosevelt Triangle,M,0.074,Triangle/Plaza,1,0.0,0.0,,0,,,0.0,0.0,1.0888,0.625,38373.5,0.558
N3,N3-S-M190,1,True,M190,Sheltering Arms Playground,M,1.457,Community Park,1,0.0,0.0,,0,,,1.0,1.0,1.0611,1.0,68922.1,0.0
N3,N3-S-M191,1,True,M191,Father Demo Square,M,0.247,Triangle/Plaza,1,0.0,0.0,,0,,,1.0,1.0,1.149,0.875,43246.6,0.979
N3,N3-S-M192,1,True,M192,Stanley Isaacs Playground,M,1.207,Neighborhood Park,1,0.0,0.0,,0,,,1.0,1.0,1.0802,0.75,69751.0,0.741
N3,N3-S-M193,1,True,M193,Abraham Lincoln Playground,M,0.996,Community Park,1,0.0,0.0,,0,,,0.0,1.0,1.2145,1.0,58742.5,0.255
N3,N3-S-M194,1,True,M194,Alfred E. Smith Playground,M,1.831,Community Park,1,0.0,0.0,,0,,,0.0,1.0,0.8275,1.0,77240.3,0.531
N3,N3-S-M195,1,True,M195,Sidney Hillman Playground,M,0.244,Jointly Operated Playground,1,0.0,0.0,,0,,,0.0,0.0,1.0688,0.875,44869.7,0.365
N3,N3-S-M196,1,True,M196,Playground One,M,0.502,Jointly Operated Playground,1,0.0,0.0,,0,,,1.0,1.0,1.0094,0.75,49784.0,0.792
N3,N3-S-M198,1,True,M198,"Martin Luther King, Jr. Playground",M,1.085,Neighborhood Park,1,0.0,0.0,,0,,,0.0,0.0,0.8656,0.75,59062.1,0.0
N3,N3-S-M199,1,True,M199,Monsignor Kett Playground,M,0.956,Neighborhood Park,1,0.0,0.0,,0,,,0.0,0.0,1.1414,1.0,57466.3,0.03
N3,N3-S-M200,1,True,M200,Booker T. Washington Playground,M,1.416,Jointly Operated Playground,1,0.0,0.0,,0,,,0.0,0.0,0.705,1.0,62320.3,0.522
N3,N3-S-M200A,1,True,M200A,Anibal Aviles Playground,M,0.533,Playground,1,0.0,0.0,,0,,,0.0,0.0,1.0587,1.0,45579.1,0.786
N3,N3-S-M201,1,True,M201,Wald Playground,M,0.539,Jointly Operated Playground,1,0.0,0.0,,0,,,0.0,0.0,0.929,0.875,50642.7,0.165
N3,N3-S-M203A,1,True,M203A,Trygve Lie Plaza,M,0.097,Triangle/Plaza,1,0.0,0.0,,0,,,0.0,1.0,0.5112,0.938,39754.2,0.958
N3,N3-S-M203B,1,True,M203B,Ralph Bunche Park,M,0.211,Triangle/Plaza,1,0.0,0.0,,0,,,1.0,1.0,0.9842,1.0,42212.7,0.77
N3,N3-S-M203C,1,True,M203C,Dag Hammarskjold Plaza,M,1.584,Triangle/Plaza,1,0.0,0.0,,0,,,0.0,1.0,1.0997,0.438,77507.0,0.001
N3,N3-S-M203D,1,True,M203D,Mary O'Connor Playground,M,0.247,Playground,1,0.0,0.0,,0,,,0.0,1.0,0.6395,1.0,42162.5,0.835
N3,N3-S-M203E,1,True,M203E,Tudor Grove Playground,M,0.195,Playground,1,0.0,0.0,,0,,,0.0,1.0,0.6197,1.0,40844.2,0.849
N3,N3-S-M204,1,True,M204,Moore Playground,M,0.806,Jointly Operated Playground,1,0.0,0.0,,0,,,0.0,1.0,1.1628,0.375,54339.4,0.451
N3,N3-S-M205,1,True,M205,Playground One Twenty Five CXXV,M,1.626,Jointly Operated Playground,1,0.0,0.0,,0,,,0.0,1.0,1.0471,0.75,63446.4,0.823
N3,N3-S-M206,1,True,M206,Tanahey Playground,M,1.353,Neighborhood Park,1,0.0,0.0,,0,,,0.0,0.0,0.7584,1.0,64184.1,0.846
N3,N3-S-M207,1,True,M207,Father Fagan Park,M,0.18,Triangle/Plaza,1,0.0,0.0,,0,,,0.0,1.0,1.083,1.0,47520.5,0.857
N3,N3-S-M208A,1,True,M208A,Alice Kornegay Triangle,M,0.925,Playground,1,0.0,0.0,,0,,,0.0,1.0,1.0943,0.625,42929.2,0.765
N3,N3-S-M208F,1,True,M208F,Harlem River Park,M,0.231,Triangle/Plaza,1,0.0,0.0,,0,,,0.0,0.0,0.668,1.0,42956.4,1.0
N3,N3-S-M208G,1,True,M208G,Harlem River Park,M,0.349,Triangle/Plaza,1,0.0,0.0,,0,,,0.0,0.0,0.6586,1.0,42592.1,0.799
N3,N3-S-M209,1,True,M209,Mill Rock Park,M,8.588,Nature Area,1,0.0,0.0,,0,,,0.0,0.0,,0.0,112156.0,0.0
N3,N3-S-M211A,1,True,M211A,St. Nicholas Playground South,M,0.697,Playground,1,0.0,0.0,,0,,,0.0,0.0,1.0846,0.812,58313.6,0.889
N3,N3-S-M211B,1,True,M211B,Langston Hughes Playground,M,0.641,Playground,1,0.0,0.0,,0,,,0.0,0.0,1.1143,0.375,50404.0,0.782
N3,N3-S-M212,1,True,M212,The Queen Elizabeth II September 11th Garden,M,0.118,Triangle/Plaza,1,0.0,0.0,,0,,,0.0,0.0,0.8289,1.0,42952.2,0.044
N3,N3-S-M213,1,True,M213,Mae Grant Playground,M,0.969,Neighborhood Park,1,0.0,0.0,,0,,,0.0,0.0,0.8188,1.0,57406.8,0.0
N3,N3-S-M214,1,True,M214,Blake Hobbs Playground,M,0.996,Neighborhood Park,1,0.0,0.0,,0,,,0.0,1.0,1.2314,1.0,64935.8,0.096
N3,N3-S-M215,1,True,M215,Cherry Tree Park,M,0.95,Neighborhood Park,1,0.0,0.0,,0,,,1.0,1.0,1.1432,1.0,55912.0,0.27
N3,N3-S-M216,1,True,M216,Holcombe Rucker Park,M,3.044,Neighborhood Park,1,0.0,0.0,,0,,,0.0,0.0,1.0078,1.0,97203.4,0.206
N3,N3-S-M217,1,True,M217,Howard Bennett Playground,M,1.427,Jointly Operated Playground,1,0.0,0.0,,0,,,0.0,0.0,0.9755,1.0,61504.1,0.263
N3,N3-S-M218,1,True,M218,DeSalvio Playground,M,0.266,Playground,1,0.0,0.0,,0,,,0.0,0.0,0.9094,0.75,43929.5,0.74
N3,N3-S-M219,1,True,M219,Tecumseh Playground,M,0.838,Jointly Operated Playground,1,0.0,0.0,,0,,,1.0,1.0,1.1503,0.625,56306.5,0.111
N3,N3-S-M221,1,True,M221,Gutenberg Playground,M,0.637,Jointly Operated Playground,1,0.0,0.0,,0,,,0.0,0.0,1.1126,0.75,52521.0,0.293
N3,N3-S-M222,1,True,M222,Grand Canal Court,M,0.138,Recreational Field/Courts,1,0.0,0.0,,0,,,0.0,1.0,0.8652,0.875,38145.8,0.855
N3,N3-S-M223,1,True,M223,Jacob H. Schiff Playground,M,3.859,Jointly Operated Playground,1,0.0,0.0,,0,,,1.0,1.0,0.999,0.75,81580.0,0.454
N3,N3-S-M224,1,True,M224,Straus Square,M,0.121,Triangle/Plaza,1,0.0,0.0,,0,,,0.0,1.0,1.1033,1.0,31235.9,0.981
N3,N3-S-M225,1,True,M225,Wagner Playground,M,1.269,Jointly Operated Playground,1,0.0,0.0,,0,,,0.0,0.0,0.947,1.0,59365.1,0.015
N3,N3-S-M226,1,True,M226,Augustus St. Gaudens Playground,M,0.55,Jointly Operated Playground,1,0.0,0.0,,0,,,0.0,1.0,1.2339,0.812,47896.5,0.734
N3,N3-S-M227,1,True,M227,Peter's Field,M,0.882,Jointly Operated Playground,1,0.0,0.0,,0,,,0.0,1.0,1.2442,0.875,53068.0,0.569
N3,N3-S-M228,1,True,M228,Henry M. Jackson Playground,M,0.555,Jointly Operated Playground,1,0.0,0.0,,0,,,0.0,1.0,1.0576,1.0,52980.4,0.696
N3,N3-S-M230,1,True,M230,Poor Richard's Playground,M,1.61,Jointly Operated Playground,1,0.0,0.0,,0,,,1.0,1.0,1.0154,1.0,80028.4,0.151
N3,N3-S-M231,1,True,M231,Damrosch Park,M,2.447,Community Park,1,0.0,0.0,,0,,,1.0,1.0,0.8213,1.0,64272.0,0.762
N3,N3-S-M232,1,True,M232,Lincoln Center Plaza,M,4.077,Triangle/Plaza,1,0.0,0.0,,0,,,1.0,1.0,0.7904,1.0,112429.3,0.834
N3,N3-S-M233,1,True,M233,Matthew P. Sapolin Playground,M,0.946,Jointly Operated Playground,1,0.0,0.0,,0,,,0.0,0.0,0.8117,1.0,57582.2,0.587
N3,N3-S-M234,1,True,M234,Wright Brothers Playground,M,0.584,Jointly Operated Playground,1,0.0,0.0,,0,,,0.0,0.0,1.1516,1.0,51294.4,0.402
N3,N3-S-M235,1,True,M235,Sol Lain Plgd,M,0.877,Jointly Operated Playground,1,0.0,0.0,,0,,,0.0,0.0,0.9735,1.0,55099.6,0.629
N3,N3-S-M236,1,True,M236,Samuel Seabury Playground,M,0.801,Jointly Operated Playground,1,0.0,0.0,,0,,,0.0,0.0,0.8877,0.875,54230.0,0.121
N3,N3-S-M237,1,True,M237,Corporal John A. Seravalli Playground,M,1.143,Neighborhood Park,1,0.0,0.0,,0,,,0.0,0.0,0.973,1.0,58893.2,0.488
N3,N3-S-M238,1,True,M238,Bloomingdale Playground,M,0.721,Jointly Operated Playground,1,0.0,0.0,,0,,,1.0,1.0,1.1456,0.875,55502.1,0.151
N3,N3-S-M239,1,True,M239,P.S. 155 Playground,M,0.846,Jointly Operated Playground,1,0.0,0.0,,0,,,0.0,0.0,1.1548,0.5,54029.1,0.678
N3,N3-S-M240,1,True,M240,Audubon Playground,M,0.364,Jointly Operated Playground,1,0.0,0.0,,0,,,0.0,0.0,1.0885,1.0,51186.5,0.204
N3,N3-S-M241,1,True,M241,Nathan Straus Playground,M,0.884,Jointly Operated Playground,1,0.0,0.0,,0,,,0.0,0.0,0.9522,1.0,60804.2,0.649
N3,N3-S-M242,1,True,M242,Collect Pond Park,M,0.983,Triangle/Plaza,1,0.0,0.0,,0,,,0.0,0.0,1.0191,0.625,56537.8,0.564
N3,N3-S-M243,1,True,M243,Eugene McCabe Field,M,0.698,Jointly Operated Playground,1,0.0,0.0,,0,,,0.0,0.0,1.1111,0.75,52697.3,0.616
N3,N3-S-M244,1,True,M244,Sol Bloom Playground,M,0.859,Jointly Operated Playground,1,0.0,0.0,,0,,,0.0,0.0,1.0198,1.0,54983.7,0.0
N3,N3-S-M245,1,True,M245,Renaissance Playground,M,1.347,Jointly Operated Playground,1,0.0,0.0,,0,,,0.0,0.0,1.0699,1.0,65041.2,0.409
N3,N3-S-M246,1,True,M246,Kimlau Square,M,0.242,Triangle/Plaza,1,0.0,0.0,,0,,,0.0,1.0,0.9249,1.0,43352.2,0.669
N3,N3-S-M247,1,True,M247,St. James Triangle,M,0.043,Triangle/Plaza,1,0.0,0.0,,0,,,0.0,0.0,0.7934,0.75,35657.2,0.849
N3,N3-S-M249,1,True,M249,Penn South Playground,M,0.571,Neighborhood Park,1,0.0,0.0,,0,,,0.0,0.0,0.9177,0.438,55970.2,0.084
N3,N3-S-M251,1,True,M251,Bleecker Playground,M,0.476,Neighborhood Park,1,0.0,0.0,,0,,,1.0,1.0,1.0065,1.0,51403.5,0.438
N3,N3-S-M254,1,True,M254,Gustave Hartman Square,M,0.096,Triangle/Plaza,1,0.0,0.0,,0,,,0.0,1.0,1.144,0.688,40407.5,0.969
N3,N3-S-M255,1,True,M255,James Madison Plaza,M,0.355,Triangle/Plaza,1,0.0,0.0,,0,,,1.0,1.0,0.9121,0.5,48310.1,0.068
N3,N3-S-M256,1,True,M256,MacArthur Playground,M,0.312,Playground,1,0.0,0.0,,0,,,0.0,0.0,0.807,0.75,46524.4,0.545
N3,N3-S-M257,1,True,M257,Clement Clarke Moore Park,M,0.487,Neighborhood Park,1,0.0,0.0,,0,,,1.0,1.0,1.2153,0.875,48530.6,0.504
N3,N3-S-M258,1,True,M258,East River Playground,M,1.331,Jointly Operated Playground,1,0.0,0.0,,0,,,0.0,1.0,0.8719,0.75,57218.6,0.557
N3,N3-S-M259,1,True,M259,McKinley Playground,M,0.563,Jointly Operated Playground,1,0.0,0.0,,0,,,0.0,0.0,1.0383,0.375,50948.8,0.017
N3,N3-S-M263,1,True,M263,Bellevue South Park,M,1.591,Neighborhood Park,1,0.0,0.0,,0,,,0.0,0.0,0.851,0.812,68082.7,0.119
N3,N3-S-M264,1,True,M264,Playground Eighty Nine LXXXIX,M,0.414,Jointly Operated Playground,1,0.0,0.0,,0,,,0.0,0.0,0.9898,1.0,47311.8,0.552
N3,N3-S-M265,1,True,M265,Vincent F. Albano Jr. Playground,M,0.363,Playground,1,0.0,0.0,,0,,,0.0,1.0,1.1117,0.562,48448.6,0.167
N3,N3-S-M270,1,True,M270,Dry Dock Playground,M,1.477,Community Park,1,0.0,0.0,,0,,,0.0,0.0,1.0904,1.0,62186.6,0.269
N3,N3-S-M271A,1,True,M271A,Harlem RBI,M,0.801,Recreational Field/Courts,1,0.0,0.0,,0,,,0.0,0.0,0.7134,1.0,54250.6,0.114
N3,N3-S-M273,1,True,M273,Wagner Houses Pool,M,1.639,Community Park,1,0.0,0.0,,0,,,1.0,1.0,0.9148,0.875,56907.5,0.949
N3,N3-S-M277,1,True,M277,Hell's Kitchen Park,M,0.61,Neighborhood Park,1,0.0,0.0,,0,,,1.0,1.0,1.1575,0.875,47928.8,0.685
N3,N3-S-M278,1,True,M278,Jefferson Market Garden,M,0.396,Garden,1,0.0,0.0,,0,,,0.0,1.0,1.0406,0.875,48147.7,0.061
N3,N3-S-M279,1,True,M279,Duarte Square,M,0.415,Triangle/Plaza,1,0.0,0.0,,0,,,0.0,1.0,1.0129,1.0,51565.6,0.813
N3,N3-S-M280,1,True,M280,Tramway Plaza,M,0.346,Triangle/Plaza,1,0.0,0.0,,0,,,0.0,1.0,1.0011,0.625,48175.6,0.292
N3,N3-S-M281,1,True,M281,Clinton Community Garden,M,0.345,Garden,1,0.0,0.0,,0,,,0.0,0.0,1.0663,1.0,44151.9,0.872
N3,N3-S-M282,1,True,M282,Septuagesimo UNO,M,0.039,Triangle/Plaza,1,0.0,0.0,,0,,,0.0,0.0,1.1344,1.0,38621.0,0.421
N3,N3-S-M283#1,1,True,M283#1,Battery Park City (1/4),M,9.002,Community Park,1,0.0,0.0,,0,,,0.0,0.0,0.7846,1.0,153378.4,0.598
N3,N3-S-M283#2,1,True,M283#2,Battery Park City (2/4),M,7.848,Community Park,1,0.0,0.0,,0,,,0.0,0.0,0.8902,1.0,197223.2,0.273
N3,N3-S-M283#3,1,True,M283#3,Battery Park City (3/4),M,5.287,Community Park,1,0.0,0.0,,0,,,0.0,0.0,0.7889,1.0,126813.6,0.491
N3,N3-S-M283#4,1,True,M283#4,Battery Park City (4/4),M,3.89,Community Park,1,0.0,0.0,,0,,,0.0,0.0,0.7786,1.0,157358.9,0.425
N3,N3-S-M283A,1,True,M283A,Battery Park City,M,1.554,Neighborhood Park,1,0.0,0.0,,0,,,0.0,0.0,0.7859,1.0,51861.6,0.922
N3,N3-S-M284,1,True,M284,Convent Garden,M,0.138,Triangle/Plaza,1,0.0,0.0,,0,,,0.0,0.0,1.0784,0.812,42801.6,0.779
N3,N3-S-M285,1,True,M285,Dr. Ronald E. McNair Playground,M,0.603,Neighborhood Park,1,0.0,0.0,,0,,,0.0,0.0,0.8367,1.0,51348.8,0.723
N3,N3-S-M286,1,True,M286,Asphalt Green,M,4.227,Community Park,1,0.0,0.0,,0,,,0.0,0.0,1.0798,0.75,85321.5,0.61
N3,N3-S-M287,1,True,M287,Sheridan Square Viewing Garden,M,0.069,Triangle/Plaza,1,0.0,0.0,,0,,,0.0,0.0,0.9794,0.375,39606.7,0.712
N3,N3-S-M288,1,True,M288,Ramon Aponte Park,M,0.176,Playground,1,0.0,0.0,,0,,,0.0,0.0,1.0631,0.75,42064.8,0.031
N3,N3-S-M289,1,True,M289,East River Esplanade,M,1.713,Neighborhood Park,1,0.0,0.0,,0,,,0.0,0.0,0.3067,0.0,112574.5,0.283
N3,N3-S-M290,1,True,M290,Pier 107 CVII,M,0.415,Waterfront Facility,1,0.0,0.0,,0,,,0.0,0.0,,0.0,47513.7,0.69
N3,N3-S-M291,1,True,M291,Fishbridge Garden,M,0.095,Garden,1,0.0,0.0,,0,,,0.0,0.0,0.8571,1.0,48264.6,0.203
N3,N3-S-M292,1,True,M292,Sunshine Playground,M,0.24,Playground,1,0.0,0.0,,0,,,0.0,0.0,0.8855,1.0,43310.1,0.718
N3,N3-S-M293,1,True,M293,6th St and Ave B Community Garden,M,0.404,Garden,1,0.0,0.0,,0,,,0.0,1.0,1.0945,0.875,47361.2,0.975
N3,N3-S-M294,1,True,M294,Ruppert Park,M,1.0,Neighborhood Park,1,0.0,0.0,,0,,,0.0,1.0,1.0647,0.875,56815.1,0.0
N3,N3-S-M295,1,True,M295,Mercer Playground,M,0.42,Playground,1,0.0,0.0,,0,,,1.0,1.0,1.1466,0.75,62354.7,0.068
N3,N3-S-M296,1,True,M296,132 St Block Association Park,M,0.177,Garden,1,0.0,0.0,,0,,,0.0,0.0,1.2053,1.0,42203.2,0.261
N3,N3-S-M297,1,True,M297,Parks Council Success Garden,M,0.25,Garden,1,0.0,0.0,,0,,,0.0,0.0,1.0267,1.0,42915.3,0.845
N3,N3-S-M297A,1,True,M297A,Margrichante Garden,M,0.176,Garden,1,0.0,0.0,,0,,,0.0,0.0,1.0636,1.0,40441.5,1.0
N3,N3-S-M299,1,True,M299,Pleasant Village Community Garden,M,0.393,Garden,1,0.0,0.0,,0,,,0.0,0.0,0.9876,0.625,48636.2,0.232
N3,N3-S-M300,1,True,M300,Sherman Creek,M,15.48,Neighborhood Park,1,0.0,0.0,,0,,,0.0,0.0,0.6786,1.0,123059.5,0.279
N3,N3-S-M301,1,True,M301,St. Gregory's Playground,M,0.256,Playground,1,0.0,0.0,,0,,,0.0,0.0,0.5854,1.0,42594.1,0.493
N3,N3-S-M302,1,True,M302,Detective Omar Edwards Park,M,0.257,Neighborhood Park,1,0.0,0.0,,0,,,0.0,0.0,0.8196,0.0,44283.3,0.345
N3,N3-S-M303,1,True,M303,Abyssinian Tot Lot,M,0.113,Playground,1,0.0,0.0,,0,,,0.0,0.0,1.1899,1.0,40059.6,0.988
N3,N3-S-M304,1,True,M304,West 186th Street Basketball Court,M,0.12,Recreational Field/Courts,1,0.0,0.0,,0,,,0.0,0.0,1.0946,1.0,40895.8,0.0
N3,N3-S-M306,1,True,M306,W 104th Street Garden,M,0.317,Garden,1,0.0,0.0,,0,,,0.0,0.0,1.0284,1.0,43571.4,0.127
N3,N3-S-M307,1,True,M307,W 87th Street Garden,M,0.097,Garden,1,0.0,0.0,,0,,,0.0,0.0,0.9826,1.0,40226.0,0.127
N3,N3-S-M308,1,True,M308,Washington Market Park,M,2.153,Neighborhood Park,1,0.0,0.0,,0,,,0.0,0.0,0.8102,1.0,73763.2,0.679
N3,N3-S-M312,1,True,M312,9th St Community Garden Park,M,0.483,Garden,1,0.0,0.0,,0,,,0.0,1.0,1.169,0.875,47096.7,0.952
N3,N3-S-M313A,1,True,M313A,5th St Slope Garden,M,0.096,Garden,1,0.0,0.0,,0,,,0.0,0.0,0.4636,1.0,38940.8,1.0
N3,N3-S-M317,1,True,M317,Frank White Memorial Garden,M,0.085,Garden,1,0.0,0.0,,0,,,0.0,0.0,1.0664,1.0,39825.2,0.76
N3,N3-S-M320,1,True,M320,Old Croton Aqueduct Gatehouse,M,0.157,Garden,1,0.0,0.0,,0,,,1.0,1.0,0.815,0.438,42458.1,0.22
N3,N3-S-M321,1,True,M321,Lower East Side Playground,M,0.828,Jointly Operated Playground,1,0.0,0.0,,0,,,0.0,0.0,0.8123,0.938,54647.8,0.065
N3,N3-S-M322,1,True,M322,Harris Garden,M,0.109,Garden,1,0.0,0.0,,0,,,0.0,0.0,1.1243,0.938,40728.6,0.851
N3,N3-S-M323,1,True,M323,Diamante Garden,M,0.192,Garden,1,0.0,0.0,,0,,,0.0,0.0,0.7733,1.0,39953.7,0.583
N3,N3-S-M326,1,True,M326,Liz Christy Garden,M,0.267,Garden,1,0.0,0.0,,0,,,0.0,1.0,0.9434,0.812,51524.4,0.492
N3,N3-S-M327,1,True,M327,Maggie's Magic Garden,M,0.179,Garden,1,0.0,0.0,,0,,,0.0,0.0,1.0724,0.375,44010.2,0.384
N3,N3-S-M328,1,True,M328,William B. Washington Memorial Garden,M,0.087,Garden,1,0.0,0.0,,0,,,0.0,0.0,1.1651,0.812,38633.6,0.915
N3,N3-S-M333,1,True,M333,Bradhurst Ave Garden,M,0.096,Garden,1,0.0,0.0,,0,,,0.0,0.0,1.0521,1.0,28405.3,0.985
N3,N3-S-M335,1,True,M335,Clinton Community Garden (LES),M,0.064,Garden,1,0.0,0.0,,0,,,0.0,1.0,1.1453,0.0,35813.9,0.905
N3,N3-S-M337,1,True,M337,Dias Y Flores,M,0.122,Garden,1,0.0,0.0,,0,,,0.0,0.0,1.2318,0.875,39113.7,0.636
N3,N3-S-M338,1,True,M338,Neighbors Of Vega Baja,M,0.071,Garden,1,0.0,0.0,,0,,,0.0,0.0,0.973,1.0,38871.3,0.749
N3,N3-S-M339,1,True,M339,El Sol Brilliante Jr,M,0.059,Garden,1,0.0,0.0,,0,,,0.0,0.0,1.1039,0.688,36556.1,1.0
N3,N3-S-M340,1,True,M340,Elizabeth Langley Memorial Garden,M,0.114,Garden,1,0.0,0.0,,0,,,0.0,0.0,1.0941,1.0,40360.9,0.533
N3,N3-S-M341,1,True,M341,Garden Of Love,M,0.09,Garden,1,0.0,0.0,,0,,,0.0,0.0,1.0432,1.0,40015.8,0.145
N3,N3-S-M342,1,True,M342,Community Garden Association,M,0.027,Garden,1,0.0,0.0,,0,,,0.0,1.0,1.2551,0.0,33721.2,1.0
N3,N3-S-M343,1,True,M343,Vamos Sembrar,M,0.027,Garden,1,0.0,0.0,,0,,,0.0,1.0,1.1745,0.625,33788.4,1.0
N3,N3-S-M344,1,True,M344,Humacao Community Garden,M,0.116,Garden,1,0.0,0.0,,0,,,0.0,0.0,1.0751,1.0,40368.9,0.482
N3,N3-S-M345,1,True,M345,Kenkeleba House Garden,M,0.249,Garden,1,0.0,0.0,,0,,,0.0,0.0,0.7181,0.875,47032.2,0.981
N3,N3-S-M347,1,True,M347,Mobilization For Change,M,0.048,Garden,1,0.0,0.0,,0,,,0.0,0.0,1.1395,1.0,37661.4,0.393
N3,N3-S-M348,1,True,M348,Morris-Jumel Ecological Education Garden,M,0.1,Garden,1,0.0,0.0,,0,,,0.0,0.0,1.1569,1.0,40313.3,0.395
N3,N3-S-M349,1,True,M349,New 123rd St Block Association Garden,M,0.14,Garden,1,0.0,0.0,,0,,,0.0,1.0,1.1658,0.75,41271.0,0.14
N3,N3-S-M351,1,True,M351,Joseph Daniel Wilson Garden,M,0.118,Garden,1,0.0,0.0,,0,,,0.0,0.0,1.0716,1.0,40500.9,0.825
N3,N3-S-M352,1,True,M352,Yu Suen Garden,M,0.062,Garden,1,0.0,0.0,,0,,,0.0,1.0,1.1779,0.625,37900.9,0.749
N3,N3-S-M353,1,True,M353,Riverside Park South,M,71.89,Community Park,1,0.0,0.0,,0,,,0.0,0.0,0.9365,1.0,267932.8,0.0
N3,N3-S-M355,1,True,M355,Robert L. Clinkscales Playground and Community Garden,M,0.437,Neighborhood Park,1,0.0,0.0,,0,,,0.0,0.0,1.0232,1.0,49007.0,0.523
N3,N3-S-M356,1,True,M356,P.S. 76 Garden,M,0.061,Garden,1,0.0,0.0,,0,,,0.0,0.0,1.1846,0.25,38652.6,0.804
N3,N3-S-M358,1,True,M358,First Street Garden,M,0.053,Garden,1,0.0,0.0,,0,,,0.0,0.0,1.0803,1.0,36042.0,0.822
N3,N3-S-M359,1,True,M359,Campos Garden,M,0.119,Garden,1,0.0,0.0,,0,,,0.0,0.0,1.0319,0.688,40512.3,0.656
N3,N3-S-M360#1,1,True,M360#1,The High Line (1/4),M,1.243,Community Park,1,0.0,0.0,,0,,,1.0,1.0,0.7572,1.0,128924.7,0.419
N3,N3-S-M360#2,1,True,M360#2,The High Line (2/4),M,1.547,Community Park,1,0.0,0.0,,0,,,1.0,1.0,0.9141,0.875,118178.0,0.524
N3,N3-S-M360#3,1,True,M360#3,The High Line (3/4),M,1.166,Community Park,1,0.0,0.0,,0,,,0.0,0.0,0.753,0.875,119350.4,0.668
N3,N3-S-M360#4,1,True,M360#4,The High Line (4/4),M,1.503,Community Park,1,0.0,0.0,,0,,,1.0,1.0,0.8714,1.0,104735.0,0.292
N3,N3-S-M362,1,True,M362,W 124th Street Community Garden,M,0.046,Garden,1,0.0,0.0,,0,,,0.0,0.0,1.192,0.0,38833.1,0.34
N3,N3-S-M364,1,True,M364,Jackie Robinson Community Garden,M,0.057,Garden,1,0.0,0.0,,0,,,0.0,0.0,1.1428,1.0,38733.4,0.808
N3,N3-S-M365,1,True,M365,Our Little Green Acre Garden,M,0.052,Garden,1,0.0,0.0,,0,,,0.0,0.0,1.0716,1.0,38013.0,0.367
N3,N3-S-M366,1,True,M366,Tribeca Dog Run,M,0.097,Recreational Field/Courts,1,0.0,0.0,,0,,,0.0,0.0,0.7704,1.0,35016.2,0.621
N3,N3-S-M367,1,True,M367,Peaceful Valley Garden,M,0.053,Garden,1,0.0,0.0,,0,,,0.0,1.0,1.2095,0.688,38380.2,0.367
N3,N3-S-M368,1,True,M368,West 111th St. People's Garden,M,0.111,Garden,1,0.0,0.0,,0,,,1.0,1.0,1.1232,0.312,39948.0,0.0
N3,N3-S-M369,1,True,M369,Pier 42,M,7.505,Waterfront Facility,1,0.0,0.0,,0,,,0.0,0.0,0.4457,1.0,103429.3,0.704
N3,N3-S-M372,1,True,M372,Allied Productions/Le Petit Versailles,M,0.036,Garden,1,0.0,0.0,,0,,,0.0,0.0,1.123,0.938,35755.6,0.949
N3,N3-S-M373,1,True,M373,La Perla Garden,M,0.047,Garden,1,0.0,0.0,,0,,,0.0,0.0,1.1601,1.0,39151.2,0.227
N3,N3-S-M374,1,True,M374,CEP Community Garden,M,0.064,Garden,1,0.0,0.0,,0,,,0.0,0.0,1.2159,0.75,38817.5,0.649
N3,N3-S-M375,1,True,M375,Pleasant Park Garden,M,0.119,Garden,1,0.0,0.0,,0,,,0.0,0.0,0.8561,1.0,27463.4,0.749
N3,N3-S-M376,1,True,M376,West Harlem Piers,M,4.71,Waterfront Facility,1,0.0,0.0,,0,,,0.0,0.0,0.7056,1.0,138200.3,0.192
N3,N3-S-M377,1,True,M377,Bradhurst Gardens Association,M,0.046,Garden,1,0.0,0.0,,0,,,0.0,0.0,1.1533,0.75,33818.4,0.772
N3,N3-S-M378,1,True,M378,Pearl St Playground,M,0.343,Playground,1,0.0,0.0,,0,,,0.0,0.0,0.9115,0.75,49386.8,0.405
N3,N3-S-M379,1,True,M379,Canal Park,M,0.67,Neighborhood Park,1,0.0,0.0,,0,,,0.0,0.0,0.9587,1.0,57104.7,0.0
N3,N3-S-M380,1,True,M380,United Block Association Garden,M,0.074,Garden,1,0.0,0.0,,0,,,0.0,0.0,1.1159,0.875,39067.0,0.584
N3,N3-S-M382,1,True,M382,110th Street Block Association Garden,M,0.048,Garden,1,0.0,0.0,,0,,,0.0,1.0,0.878,0.688,36757.8,0.94
N3,N3-S-M383,1,True,M383,La Cuevita Garden,M,0.058,Garden,1,0.0,0.0,,0,,,0.0,0.0,1.1159,0.125,39272.2,0.24
N3,N3-S-M384,1,True,M384,Pueblo Unido Garden,M,0.055,Garden,1,0.0,0.0,,0,,,0.0,1.0,1.2819,0.5,37823.7,0.997
N3,N3-S-M385,1,True,M385,DeLury Square,M,0.21,Triangle/Plaza,1,0.0,0.0,,0,,,0.0,0.0,0.7755,1.0,42934.7,0.221
N3,N3-S-M386,1,True,M386,Imagination Playground,M,0.363,Playground,1,0.0,0.0,,0,,,0.0,0.0,0.8844,1.0,50917.4,0.163
N3,N3-S-M387,1,True,M387,TRUCE Garden,M,0.123,Garden,1,0.0,0.0,,0,,,0.0,0.0,1.0134,0.562,40521.3,0.608
N3,N3-S-M388,1,True,M388,Carolina Garden,M,0.063,Garden,1,0.0,0.0,,0,,,0.0,0.0,1.1428,1.0,38894.6,0.948
N3,N3-S-M390,1,True,M390,Jane Street Garden,M,0.055,Garden,1,0.0,0.0,,0,,,0.0,1.0,1.1465,1.0,36218.2,0.883
N3,N3-S-M392,1,True,M392,El Gallo Garden,M,0.083,Garden,1,0.0,0.0,,0,,,0.0,0.0,1.1605,0.625,38415.0,0.7
N3,N3-S-M393,1,True,M393,Oasis Garden,M,0.122,Garden,1,0.0,0.0,,0,,,0.0,0.0,1.1139,1.0,40514.0,0.0
N3,N3-S-M394,1,True,M394,St. Nicholas Miracle Garden,M,0.038,Garden,1,0.0,0.0,,0,,,0.0,0.0,1.1912,0.562,37229.8,0.983
N3,N3-S-M395,1,True,M395,Fiorello La Guardia Park,M,0.545,Neighborhood Park,1,0.0,0.0,,0,,,1.0,1.0,1.102,0.875,63306.7,0.296
N3,N3-S-M396,1,True,M396,Children's Magical Garden,M,0.069,Garden,1,0.0,0.0,,0,,,0.0,0.0,1.089,1.0,40112.2,0.47
N3,N3-S-M397,1,True,M397,11 BC Serenity Garden,M,0.055,Garden,1,0.0,0.0,,0,,,0.0,0.0,1.1518,1.0,38277.7,0.984
N3,N3-S-M398,1,True,M398,Dorothy K. McGowan Memorial Garden,M,0.043,Garden,1,0.0,0.0,,0,,,0.0,0.0,1.1938,1.0,38728.7,0.027
N3,N3-S-M399,1,True,M399,Bella Abzug Park,M,2.591,Neighborhood Park,1,0.0,0.0,,0,,,0.0,0.0,0.9293,1.0,104780.8,0.0
N3,N3-S-M400,1,True,M400,Luigi's Garden of Love,M,0.046,Garden,1,0.0,0.0,,0,,,0.0,0.0,1.1169,0.125,38841.5,0.426
N3,N3-S-M401,1,True,M401,Lydia's Magic Garden (El Girasol Magic Garden),M,0.1,Garden,1,0.0,0.0,,0,,,0.0,0.0,1.2597,0.875,39828.3,0.417
N3,N3-S-M402,1,True,M402,Chelsea Green,M,0.237,Playground,1,0.0,0.0,,0,,,0.0,0.0,1.0132,0.875,43790.0,0.0
N3,N3-S-M403,1,True,M403,Walter Miller III Memorial Garden (La Casa Frela),M,0.047,Garden,1,0.0,0.0,,0,,,0.0,0.0,1.1765,0.625,35392.2,0.603
N3,N3-S-M404,1,True,M404,NYC AIDS Memorial Park at St. Vincent’s Triangle,M,0.384,Triangle/Plaza,1,0.0,0.0,,0,,,1.0,1.0,0.9721,0.875,50693.0,0.074
N3,N3-S-M405,1,True,M405,Electric Ladybug Garden,M,0.118,Garden,1,0.0,0.0,,0,,,0.0,1.0,1.1782,0.0,40711.7,0.224
N3,N3-S-M406,1,True,M406,Harlem Grown 134th Street Green House,M,0.063,Garden,1,0.0,0.0,,0,,,0.0,0.0,1.0267,1.0,37165.2,1.0
N3,N3-S-M407,1,True,M407,Harlem Valley Garden,M,0.054,Garden,1,0.0,0.0,,0,,,0.0,0.0,1.0267,1.0,37073.9,0.98
N3,N3-S-M408,1,True,M408,Siempre Verde Garden,M,0.057,Garden,1,0.0,0.0,,0,,,0.0,0.0,0.9988,1.0,37394.7,0.969
N3,N3-S-M409,1,True,M409,Harlem Grown 127th Street Learning Annex,M,0.033,Garden,1,0.0,0.0,,0,,,0.0,0.0,1.1683,1.0,38404.3,0.262
N3,N3-S-M413,1,True,M413,Rapkin-Gayle Plaza,M,0.31,Neighborhood Park,1,0.0,0.0,,0,,,0.0,1.0,0.8269,1.0,45652.5,0.05
N3,N3-S-M416,1,True,M416,Park,M,0.311,Waterfront Facility,1,0.0,0.0,,0,,,0.0,0.0,0.9058,1.0,46724.2,0.101
N3,N3-S-M417,1,True,M417,Diversity Edible Farm,M,0.083,Garden,1,0.0,0.0,,0,,,0.0,1.0,1.2727,0.562,38949.8,0.933
N3,N3-S-M419,1,True,M419,Villa Santruce,M,0.097,Garden,1,0.0,0.0,,0,,,0.0,1.0,1.243,0.75,41045.2,0.595
N3,N3-S-M420,1,True,M420,Sugar Hill Hope Garden,M,0.345,Garden,1,0.0,0.0,,0,,,0.0,0.0,1.0568,1.0,52809.0,0.979
N3,N3-S-M421,1,True,M421,Park,M,0.493,Neighborhood Park,1,0.0,0.0,,0,,,0.0,0.0,0.7856,1.0,49780.4,0.338
N3,N3-S-Q001A,1,True,Q001A,Alley Athletic Playground,Q,27.46,Recreational Field/Courts,1,0.0,0.0,,0,,,0.0,0.0,0.7571,1.0,155947.8,0.0
N3,N3-S-Q002,1,True,Q002,Grover Cleveland Playground,Q,5.12,Neighborhood Park,1,0.0,0.0,,0,,,0.0,0.0,0.9983,1.0,90992.6,0.0
N3,N3-S-Q003,1,True,Q003,Ashmead Park,Q,0.059,Triangle/Plaza,1,0.0,0.0,,0,,,1.0,1.0,1.0903,1.0,37625.3,0.0
N3,N3-S-Q004,1,True,Q004,Astoria Park,Q,56.102,Community Park,1,0.0,0.0,,0,,,1.0,1.0,0.93,1.0,280724.9,0.229
N3,N3-S-Q004A,1,True,Q004A,Ralph Demarco Park,Q,5.823,Neighborhood Park,1,0.0,0.0,,0,,,1.0,1.0,0.7905,1.0,138412.4,0.187
N3,N3-S-Q006,1,True,Q006,Bowne Park,Q,11.772,Neighborhood Park,1,0.0,0.0,,0,,,0.0,1.0,1.0642,1.0,123312.4,0.0
N3,N3-S-Q007,1,True,Q007,Bayswater Park,Q,40.14,Community Park,1,0.0,0.0,,0,,,0.0,0.0,0.9349,1.0,277555.4,0.212
N3,N3-S-Q008,1,True,Q008,Brookville Park,Q,88.795,Community Park,1,0.0,0.0,,0,,,0.0,1.0,0.9818,1.0,364002.1,0.022
N3,N3-S-Q009,1,True,Q009,Hermon A. MacNeil Park,Q,30.159,Neighborhood Park,1,0.0,0.0,,0,,,0.0,1.0,0.9493,1.0,173283.0,0.0
N3,N3-S-Q010A,1,True,Q010A,Little Bay Park,Q,53.474,Community Park,1,0.0,0.0,,0,,,1.0,1.0,0.8509,1.0,245100.6,0.105
N3,N3-S-Q011,1,True,Q011,Poppenhusen Playground,Q,1.163,Playground,1,0.0,0.0,,0,,,1.0,1.0,1.0288,1.0,59001.8,0.0
N3,N3-S-Q012,1,True,Q012,Crocheron Park,Q,39.55,Community Park,1,0.0,0.0,,0,,,1.0,1.0,0.9238,1.0,148662.4,0.124
N3,N3-S-Q012B,1,True,Q012B,John Golden Park,Q,16.999,Community Park,1,0.0,0.0,,0,,,0.0,0.0,0.8777,1.0,75126.2,0.246
N3,N3-S-Q013,1,True,Q013,Veterans Grove,Q,0.651,Playground,1,0.0,0.0,,0,,,0.0,0.0,0.9902,1.0,55022.1,0.0
N3,N3-S-Q014,1,True,Q014,Astoria Heights Playground,Q,2.336,Jointly Operated Playground,1,0.0,0.0,,0,,,0.0,0.0,0.9562,1.0,75458.3,0.0
N3,N3-S-Q017,1,True,Q017,The Olde Towne of Flushing Burial Ground,Q,3.097,Neighborhood Park,1,0.0,0.0,,0,,,1.0,1.0,0.9123,1.0,86402.7,0.0
N3,N3-S-Q018,1,True,Q018,Gordon Triangle,Q,0.104,Triangle/Plaza,1,0.0,0.0,,0,,,0.0,0.0,0.9911,1.0,40418.5,0.0
N3,N3-S-Q019,1,True,Q019,Garlinge Triangle,Q,0.009,Triangle/Plaza,1,0.0,0.0,,0,,,1.0,1.0,0.8884,0.75,34234.0,0.026
N3,N3-S-Q021B,1,True,Q021B,McLaughlin Playground,Q,0.307,Playground,1,0.0,0.0,,0,,,0.0,0.0,0.9799,1.0,30397.8,0.0
N3,N3-S-Q021C,1,True,Q021C,Seven Gables Playground,Q,1.334,Jointly Operated Playground,1,0.0,0.0,,0,,,0.0,0.0,0.9564,0.875,40333.4,0.0
N3,N3-S-Q022,1,True,Q022,Margaret I. Carman Green - Weeping Beech,Q,2.565,Playground,1,0.0,0.0,,0,,,1.0,1.0,0.8031,1.0,81817.6,0.0
N3,N3-S-Q023,1,True,Q023,Rufus King Park,Q,11.426,Neighborhood Park,1,0.0,0.0,,0,,,1.0,1.0,1.1123,1.0,120468.3,0.068
N3,N3-S-Q025,1,True,Q025,Major Mark Park,Q,0.937,Triangle/Plaza,1,0.0,0.0,,0,,,1.0,1.0,0.8564,1.0,58828.0,0.0
N3,N3-S-Q026,1,True,Q026,Park Of The Americas,Q,3.04,Neighborhood Park,1,0.0,0.0,,0,,,0.0,0.0,1.0005,1.0,75420.1,0.553
N3,N3-S-Q027#1,1,True,Q027#1,Laurelton Parkway (1/8),Q,8.029,Parkway,1,0.0,0.0,,0,,,0.0,1.0,1.0297,1.0,132587.9,0.585
N3,N3-S-Q027#2,1,True,Q027#2,Laurelton Parkway (2/8),Q,5.166,Parkway,1,0.0,0.0,,0,,,0.0,0.0,0.9427,1.0,122014.3,0.599
N3,N3-S-Q027#3,1,True,Q027#3,Laurelton Parkway (3/8),Q,4.329,Parkway,1,0.0,0.0,,0,,,1.0,1.0,0.9721,1.0,117431.4,0.866
N3,N3-S-Q027#4,1,True,Q027#4,Laurelton Parkway (4/8),Q,6.6,Parkway,1,0.0,0.0,,0,,,0.0,0.0,0.872,1.0,130732.8,0.718
N3,N3-S-Q027#5,1,True,Q027#5,Laurelton Parkway (5/8),Q,6.719,Parkway,1,0.0,0.0,,0,,,1.0,1.0,1.132,1.0,126926.3,0.595
N3,N3-S-Q027#6,1,True,Q027#6,Laurelton Parkway (6/8),Q,4.243,Parkway,1,0.0,0.0,,0,,,0.0,1.0,1.164,1.0,122665.9,0.28
N3,N3-S-Q027#7,1,True,Q027#7,Laurelton Parkway (7/8),Q,7.539,Parkway,1,0.0,0.0,,0,,,0.0,0.0,1.1232,1.0,128543.0,0.576
N3,N3-S-Q027#8,1,True,Q027#8,Laurelton Parkway (8/8),Q,6.042,Parkway,1,0.0,0.0,,0,,,1.0,1.0,1.0528,1.0,122845.3,0.377
N3,N3-S-Q028,1,True,Q028,Beach Channel Park,Q,12.617,Waterfront Facility,1,0.0,0.0,,0,,,0.0,0.0,0.6726,0.75,157419.7,0.402
N3,N3-S-Q028A,1,True,Q028A,Tribute Park,Q,0.83,Triangle/Plaza,1,0.0,0.0,,0,,,0.0,0.0,0.9031,0.75,46324.1,0.814
N3,N3-S-Q029,1,True,Q029,William F Moore Park,Q,0.196,Neighborhood Park,1,0.0,0.0,,0,,,1.0,1.0,1.1639,0.875,44987.4,0.0
N3,N3-S-Q030,1,True,Q030,Midland Malls,Q,1.8,Mall,1,0.0,0.0,,0,,,1.0,1.0,1.0451,1.0,232243.0,0.0
N3,N3-S-Q031,1,True,Q031,Lawrence Virgilio Playground,Q,3.186,Neighborhood Park,1,0.0,0.0,,0,,,0.0,0.0,0.9158,1.0,80174.6,0.349
N3,N3-S-Q031A,1,True,Q031A,Doughboy Park,Q,1.74,Triangle/Plaza,1,0.0,0.0,,0,,,0.0,0.0,0.9811,0.938,67006.6,0.767
N3,N3-S-Q032,1,True,Q032,McKenna Triangle,Q,0.005,Triangle/Plaza,1,0.0,0.0,,0,,,1.0,1.0,1.1413,1.0,31546.9,0.953
N3,N3-S-Q033,1,True,Q033,Mall Eighteen,Q,0.079,Mall,1,0.0,0.0,,0,,,0.0,0.0,0.9706,1.0,44268.3,0.0
N3,N3-S-Q034,1,True,Q034,Sabba Park,Q,0.401,Triangle/Plaza,1,0.0,0.0,,0,,,1.0,1.0,0.9733,1.0,56486.1,0.026
N3,N3-S-Q035#1,1,True,Q035#1,Mall Thirty Four XXXIV (1/7),Q,0.11,Mall,1,0.0,0.0,,0,,,0.0,1.0,1.1922,0.938,89053.0,0.705
N3,N3-S-Q035#2,1,True,Q035#2,Mall Thirty Four XXXIV (2/7),Q,0.137,Mall,1,0.0,0.0,,0,,,0.0,1.0,1.1815,0.875,100148.6,0.593
N3,N3-S-Q035#3,1,True,Q035#3,Mall Thirty Four XXXIV (3/7),Q,0.136,Mall,1,0.0,0.0,,0,,,0.0,1.0,1.1493,0.812,104171.6,0.309
N3,N3-S-Q035#4,1,True,Q035#4,Mall Thirty Four XXXIV (4/7),Q,0.14,Mall,1,0.0,0.0,,0,,,0.0,1.0,1.1969,1.0,102874.3,0.389
N3,N3-S-Q035#5,1,True,Q035#5,Mall Thirty Four XXXIV (5/7),Q,0.126,Mall,1,0.0,0.0,,0,,,0.0,1.0,1.1908,0.875,97379.7,0.645
N3,N3-S-Q035#6,1,True,Q035#6,Mall Thirty Four XXXIV (6/7),Q,0.113,Mall,1,0.0,0.0,,0,,,1.0,1.0,1.1855,1.0,81404.6,0.953
N3,N3-S-Q035#7,1,True,Q035#7,Mall Thirty Four XXXIV (7/7),Q,0.122,Mall,1,0.0,0.0,,0,,,1.0,1.0,1.1697,1.0,89333.5,0.558
N3,N3-S-Q036A,1,True,Q036A,Rafferty Triangle,Q,0.063,Triangle/Plaza,1,0.0,0.0,,0,,,0.0,0.0,0.9295,0.5,38982.2,0.447
N3,N3-S-Q037,1,True,Q037,Neponsit Mall,Q,0.587,Mall,1,0.0,0.0,,0,,,1.0,1.0,1.1336,1.0,138498.4,0.0
N3,N3-S-Q038,1,True,Q038,Benninger Playground,Q,0.582,Playground,1,0.0,0.0,,0,,,0.0,0.0,1.0057,1.0,52817.1,0.0
N3,N3-S-Q040,1,True,Q040,Elmjack Mall,Q,0.241,Mall,1,0.0,0.0,,0,,,1.0,1.0,0.9142,0.938,152559.6,0.13
N3,N3-S-Q041,1,True,Q041,Newtown Playground,Q,0.729,Neighborhood Park,1,0.0,0.0,,0,,,0.0,0.0,0.9969,1.0,53160.3,0.0
N3,N3-S-Q042,1,True,Q042,Poppenhusen Park,Q,0.064,Triangle/Plaza,1,0.0,0.0,,0,,,0.0,1.0,1.1173,1.0,40091.3,0.001
N3,N3-S-Q043,1,True,Q043,Proctor-Hopson Circle,Q,0.147,Triangle/Plaza,1,0.0,0.0,,0,,,0.0,1.0,0.9745,1.0,42774.6,0.336
N3,N3-S-Q044,1,True,Q044,L/CPL Thomas P. Noonan Jr. Playground,Q,1.071,Playground,1,0.0,0.0,,0,,,1.0,1.0,1.0851,1.0,59590.9,0.0
N3,N3-S-Q045,1,True,Q045,Andrews Grove,Q,0.532,Playground,1,0.0,0.0,,0,,,0.0,0.0,1.0282,1.0,51064.0,0.345
N3,N3-S-Q046,1,True,Q046,Josephine Caminiti Playground,Q,0.413,Playground,1,0.0,0.0,,0,,,0.0,0.0,1.1431,1.0,48343.2,0.0
N3,N3-S-Q047,1,True,Q047,Queens Village Veterans Plaza,Q,0.287,Triangle/Plaza,1,0.0,0.0,,0,,,1.0,1.0,0.985,1.0,47278.7,0.0
N3,N3-S-Q048,1,True,Q048,Rainey Park,Q,9.712,Neighborhood Park,1,0.0,0.0,,0,,,1.0,1.0,1.0448,1.0,118534.8,0.002
N3,N3-S-Q050,1,True,Q050,Rockaway Beach,Q,173.688,Waterfront Facility,1,0.0,0.0,,0,,,0.0,0.0,0.6914,1.0,295102.6,0.143
N3,N3-S-Q051,1,True,Q051,Archie Spigner Park,Q,10.964,Community Park,1,0.0,0.0,,0,,,0.0,1.0,0.9654,1.0,145207.6,0.0
N3,N3-S-Q052,1,True,Q052,Captain Tilly Park,Q,9.308,Neighborhood Park,1,0.0,0.0,,0,,,0.0,0.0,0.9605,1.0,116451.0,0.0
N3,N3-S-Q053,1,True,Q053,Equity Playground,Q,1.314,Playground,1,0.0,0.0,,0,,,0.0,0.0,0.8726,1.0,65876.8,0.0
N3,N3-S-Q055,1,True,Q055,Veteran's Square,Q,0.014,Triangle/Plaza,1,0.0,0.0,,0,,,0.0,0.0,1.0897,1.0,33754.3,0.712
N3,N3-S-Q056,1,True,Q056,Clemens Triangle,Q,0.008,Triangle/Plaza,1,0.0,0.0,,0,,,1.0,1.0,1.2174,1.0,34038.4,0.633
N3,N3-S-Q057,1,True,Q057,Sohncke Square,Q,0.044,Triangle/Plaza,1,0.0,0.0,,0,,,1.0,1.0,1.2163,1.0,38578.8,0.084
N3,N3-S-Q058,1,True,Q058,Dunningham Triangle,Q,0.004,Triangle/Plaza,1,0.0,0.0,,0,,,1.0,1.0,1.0937,0.75,33348.5,0.188
N3,N3-S-Q059,1,True,Q059,Catharine Turner Richardson Park,Q,0.514,Triangle/Plaza,1,0.0,0.0,,0,,,0.0,0.0,0.9751,1.0,54781.8,0.0
N3,N3-S-Q060,1,True,Q060,Nine Heroes Plaza,Q,0.021,Triangle/Plaza,1,0.0,0.0,,0,,,1.0,1.0,1.1614,0.875,35689.4,0.806
N3,N3-S-Q061,1,True,Q061,Steinmann Triangle,Q,0.215,Triangle/Plaza,1,0.0,0.0,,0,,,1.0,1.0,1.0516,1.0,45523.7,0.474
N3,N3-S-Q062,1,True,Q062,Fleetwood Triangle,Q,0.027,Triangle/Plaza,1,0.0,0.0,,0,,,1.0,1.0,1.1926,1.0,36373.3,0.0
N3,N3-S-Q063,1,True,Q063,Luke J. Lang Square,Q,0.002,Triangle/Plaza,1,0.0,0.0,,0,,,1.0,1.0,1.0659,1.0,25974.2,0.898
N3,N3-S-Q065,1,True,Q065,John Vincent Daniels Jr. Square,Q,0.354,Triangle/Plaza,1,0.0,0.0,,0,,,1.0,1.0,1.0467,1.0,57800.5,0.025
N3,N3-S-Q066B,1,True,Q066B,Triborough Bridge Playground B,Q,1.348,Playground,1,0.0,0.0,,0,,,1.0,1.0,1.1806,1.0,47609.9,0.976
N3,N3-S-Q066C,1,True,Q066C,Triborough Bridge Playground C,Q,0.464,Recreational Field/Courts,1,0.0,0.0,,0,,,1.0,1.0,0.8762,1.0,41085.2,0.994
N3,N3-S-Q066D,1,True,Q066D,Triborough Bridge Playground D,Q,0.472,Recreational Field/Courts,1,0.0,0.0,,0,,,0.0,0.0,0.8672,1.0,45939.6,0.983
N3,N3-S-Q066E,1,True,Q066E,Triborough Bridge Playground E,Q,0.475,Recreational Field/Courts,1,0.0,0.0,,0,,,0.0,0.0,1.112,1.0,47884.4,0.617
N3,N3-S-Q066F,1,True,Q066F,Hoyt Playground,Q,2.304,Neighborhood Park,1,0.0,0.0,,0,,,0.0,0.0,0.9905,1.0,70017.0,0.212
N3,N3-S-Q066G,1,True,Q066G,Sitting Area,Q,0.608,Triangle/Plaza,1,0.0,0.0,,0,,,1.0,1.0,0.9857,1.0,33846.8,0.879
N3,N3-S-Q066H,1,True,Q066H,Chappetto Square,Q,0.668,Recreational Field/Courts,1,0.0,0.0,,0,,,1.0,1.0,1.1109,1.0,41805.3,0.836
N3,N3-S-Q067,1,True,Q067,Pigeon Paradise,Q,0.072,Triangle/Plaza,1,0.0,0.0,,0,,,1.0,1.0,1.0841,1.0,34925.3,0.815
N3,N3-S-Q067A,1,True,Q067A,General Hart Playground,Q,0.941,Neighborhood Park,1,0.0,0.0,,0,,,1.0,1.0,1.0757,0.875,55604.4,0.512
N3,N3-S-Q069,1,True,Q069,Middleburgh Triangle,Q,0.002,Triangle/Plaza,1,0.0,0.0,,0,,,0.0,1.0,1.0957,1.0,32973.7,0.0
N3,N3-S-Q070,1,True,Q070,Trolley Car Triangle,Q,0.03,Triangle/Plaza,1,0.0,0.0,,0,,,0.0,0.0,1.0917,1.0,36408.5,0.0
N3,N3-S-Q072,1,True,Q072,Short Triangle,Q,0.008,Triangle/Plaza,1,0.0,0.0,,0,,,1.0,1.0,0.9662,1.0,34184.2,0.309
N3,N3-S-Q073,1,True,Q073,Plaut Triangle,Q,0.267,Triangle/Plaza,1,0.0,0.0,,0,,,1.0,1.0,0.9679,1.0,47456.7,0.0
N3,N3-S-Q075,1,True,Q075,Glendale Veterans Triangle,Q,0.006,Triangle/Plaza,1,0.0,0.0,,0,,,1.0,1.0,1.1404,0.875,33902.4,0.0
N3,N3-S-Q076,1,True,Q076,Legion Triangle,Q,0.045,Triangle/Plaza,1,0.0,0.0,,0,,,1.0,1.0,0.9947,1.0,39357.8,0.0
N3,N3-S-Q079,1,True,Q079,Wellbrock Triangle,Q,0.008,Triangle/Plaza,1,0.0,0.0,,0,,,1.0,1.0,1.0534,0.875,34159.8,0.0
N3,N3-S-Q080,1,True,Q080,Veterans Plaza,Q,0.097,Triangle/Plaza,1,0.0,0.0,,0,,,1.0,1.0,0.9476,1.0,41750.5,0.0
N3,N3-S-Q082,1,True,Q082,Wayanda Park,Q,2.565,Jointly Operated Playground,1,0.0,0.0,,0,,,0.0,1.0,0.8844,1.0,74358.1,0.002
N3,N3-S-Q083#1,1,True,Q083#1,Jackie Robinson Parkway (1/17),Q,3.337,Parkway,1,0.0,0.0,,0,,,0.0,0.0,0.8572,1.0,71274.9,0.404
N3,N3-S-Q083#10,1,True,Q083#10,Jackie Robinson Parkway (10/17),Q,4.854,Parkway,1,0.0,0.0,,0,,,1.0,1.0,1.0655,1.0,61259.0,0.758
N3,N3-S-Q083#11,1,True,Q083#11,Jackie Robinson Parkway (11/17),Q,2.213,Parkway,1,0.0,0.0,,0,,,0.0,0.0,0.9531,0.75,106550.2,0.653
N3,N3-S-Q083#12,1,True,Q083#12,Jackie Robinson Parkway (12/17),Q,2.567,Parkway,1,0.0,0.0,,0,,,1.0,1.0,0.7484,1.0,92414.4,0.436
N3,N3-S-Q083#13,1,True,Q083#13,Jackie Robinson Parkway (13/17),Q,3.69,Parkway,1,0.0,0.0,,0,,,1.0,1.0,0.952,0.938,59390.8,0.702
N3,N3-S-Q083#14,1,True,Q083#14,Jackie Robinson Parkway (14/17),Q,2.281,Parkway,1,0.0,0.0,,0,,,0.0,0.0,1.0172,1.0,53402.9,0.344
N3,N3-S-Q083#15,1,True,Q083#15,Jackie Robinson Parkway (15/17),Q,4.752,Parkway,1,0.0,0.0,,0,,,0.0,0.0,0.9465,1.0,65705.5,0.835
N3,N3-S-Q083#16,1,True,Q083#16,Jackie Robinson Parkway (16/17),Q,1.56,Parkway,1,0.0,0.0,,0,,,1.0,1.0,1.06,1.0,84483.2,0.659
N3,N3-S-Q083#17,1,True,Q083#17,Jackie Robinson Parkway (17/17),Q,3.321,Parkway,1,0.0,0.0,,0,,,0.0,0.0,0.2072,1.0,42941.9,0.655
N3,N3-S-Q083#2,1,True,Q083#2,Jackie Robinson Parkway (2/17),Q,4.93,Parkway,1,0.0,0.0,,0,,,1.0,1.0,0.9173,1.0,161279.2,0.325
N3,N3-S-Q083#3,1,True,Q083#3,Jackie Robinson Parkway (3/17),Q,2.638,Parkway,1,0.0,0.0,,0,,,1.0,1.0,1.0509,1.0,51110.7,0.571
N3,N3-S-Q083#4,1,True,Q083#4,Jackie Robinson Parkway (4/17),Q,1.772,Parkway,1,0.0,0.0,,0,,,1.0,1.0,0.9383,1.0,93992.5,0.214
N3,N3-S-Q083#5,1,True,Q083#5,Jackie Robinson Parkway (5/17),Q,2.301,Parkway,1,0.0,0.0,,0,,,0.0,0.0,1.0801,1.0,54590.2,0.71
N3,N3-S-Q083#6,1,True,Q083#6,Jackie Robinson Parkway (6/17),Q,0.801,Parkway,1,0.0,0.0,,0,,,0.0,0.0,0.262,1.0,61621.2,0.627
N3,N3-S-Q083#7,1,True,Q083#7,Jackie Robinson Parkway (7/17),Q,1.024,Parkway,1,0.0,0.0,,0,,,0.0,0.0,0.6431,1.0,69216.4,0.499
N3,N3-S-Q083#8,1,True,Q083#8,Jackie Robinson Parkway (8/17),Q,2.121,Parkway,1,0.0,0.0,,0,,,0.0,0.0,0.0,1.0,57231.8,0.339
N3,N3-S-Q083#9,1,True,Q083#9,Jackie Robinson Parkway (9/17),Q,1.231,Parkway,1,0.0,0.0,,0,,,0.0,0.0,1.0184,0.625,72893.5,0.707
N3,N3-S-Q085,1,True,Q085,Gorman Playground,Q,2.862,Neighborhood Park,1,0.0,0.0,,0,,,0.0,1.0,1.1578,0.875,80621.4,0.0
N3,N3-S-Q086,1,True,Q086,Flushing Fields,Q,7.667,Community Park,1,0.0,0.0,,0,,,1.0,1.0,0.9727,1.0,159445.9,0.1
N3,N3-S-Q089B,1,True,Q089B,Harvey Park,Q,9.136,Community Park,1,0.0,0.0,,0,,,0.0,0.0,0.896,1.0,124528.2,0.0
N3,N3-S-Q090,1,True,Q090,Federalist Triangle,Q,0.014,Triangle/Plaza,1,0.0,0.0,,0,,,0.0,1.0,1.0789,1.0,34386.5,0.763
N3,N3-S-Q092,1,True,Q092,Police Officer Edward Byrne Park,Q,4.709,Community Park,1,0.0,0.0,,0,,,0.0,0.0,0.8672,1.0,106403.3,0.0
N3,N3-S-Q094,1,True,Q094,Tudor Park,Q,13.536,Community Park,1,0.0,0.0,,0,,,0.0,0.0,0.9487,1.0,231093.3,0.484
N3,N3-S-Q094D,1,True,Q094D,Gemini Fields,Q,10.756,Recreational Field/Courts,1,0.0,0.0,,0,,,0.0,0.0,0.9146,1.0,188802.7,0.338
N3,N3-S-Q095,1,True,Q095,Vito Locascio Field,Q,3.256,Recreational Field/Courts,1,0.0,0.0,,0,,,0.0,0.0,1.0857,1.0,85802.1,0.241
N3,N3-S-Q096A,1,True,Q096A,Locust Grove Civic Triangle,Q,0.315,Triangle/Plaza,1,0.0,0.0,,0,,,0.0,1.0,1.0764,1.0,41052.0,0.698
N3,N3-S-Q096B,1,True,Q096B,Southern Fields,Q,5.59,Recreational Field/Courts,1,0.0,0.0,,0,,,0.0,0.0,0.9211,1.0,97105.5,0.132
N3,N3-S-Q096E,1,True,Q096E,Lefferts Playground,Q,2.935,Playground,1,0.0,0.0,,0,,,0.0,1.0,0.9549,1.0,77098.9,0.24
N3,N3-S-Q096G,1,True,Q096G,Park,Q,0.009,Strip,1,0.0,0.0,,0,,,0.0,0.0,0.909,1.0,54260.9,0.0
N3,N3-S-Q098,1,True,Q098,Frank D. O'Connor Playground,Q,1.764,Neighborhood Park,1,0.0,0.0,,0,,,1.0,1.0,1.0435,0.812,78566.2,0.125
N3,N3-S-Q100,1,True,Q100,Flushing Greens,Q,0.237,Triangle/Plaza,1,0.0,0.0,,0,,,1.0,1.0,1.0061,1.0,55022.9,0.51
N3,N3-S-Q100A,1,True,Q100A,Daniel Carter Beard Mall,Q,0.585,Triangle/Plaza,1,0.0,0.0,,0,,,1.0,1.0,1.0315,1.0,64606.7,0.434
N3,N3-S-Q101,1,True,Q101,Middle Village Playground,Q,0.442,Neighborhood Park,1,0.0,0.0,,0,,,0.0,0.0,1.0118,1.0,49475.0,0.0
N3,N3-S-Q102,1,True,Q102,Juniper Valley Park,Q,53.453,Community Park,1,0.0,0.0,,0,,,1.0,1.0,1.0992,1.0,277220.8,0.0
N3,N3-S-Q103,1,True,Q103,Raymond O’Connor Park,Q,5.364,Neighborhood Park,1,0.0,0.0,,0,,,1.0,1.0,1.0185,1.0,91125.6,0.0
N3,N3-S-Q104,1,True,Q104,Queensbridge Park,Q,20.851,Community Park,1,0.0,0.0,,0,,,1.0,1.0,0.9804,0.875,239189.3,0.0
N3,N3-S-Q105,1,True,Q105,Howard Von Dohlen Playground,Q,1.374,Neighborhood Park,1,0.0,0.0,,0,,,0.0,0.0,0.8846,1.0,61861.5,0.008
N3,N3-S-Q106,1,True,Q106,Daniel M. O'Connell Playground,Q,2.168,Neighborhood Park,1,0.0,0.0,,0,,,0.0,0.0,1.1449,1.0,71970.5,0.0
N3,N3-S-Q107,1,True,Q107,Springfield Park,Q,25.814,Community Park,1,0.0,0.0,,0,,,0.0,1.0,0.976,1.0,204934.7,0.127
N3,N3-S-Q108,1,True,Q108,Laurelton Playground,Q,1.994,Neighborhood Park,1,0.0,0.0,,0,,,0.0,0.0,0.7203,1.0,61838.0,0.931
N3,N3-S-Q116,1,True,Q116,One Room Schoolhouse Park,Q,0.133,Triangle/Plaza,1,0.0,0.0,,0,,,0.0,0.0,0.8279,0.875,43036.0,0.204
N3,N3-S-Q118,1,True,Q118,Police Officer Nicholas Demutiis Park,Q,1.165,Neighborhood Park,1,0.0,0.0,,0,,,0.0,0.0,0.93,1.0,59130.3,0.0
N3,N3-S-Q119,1,True,Q119,Frederick B. Judge Playground,Q,2.231,Neighborhood Park,1,0.0,0.0,,0,,,0.0,1.0,1.0246,1.0,76639.6,0.0
N3,N3-S-Q120,1,True,Q120,Harvard Playground,Q,0.586,Neighborhood Park,1,0.0,0.0,,0,,,0.0,0.0,0.9334,1.0,52838.7,0.0
N3,N3-S-Q121,1,True,Q121,Detective Keith L Williams Park,Q,7.679,Community Park,1,0.0,0.0,,0,,,1.0,1.0,0.7835,0.938,114480.8,0.267
N3,N3-S-Q121A,1,True,Q121A,William Simmons Community Garden Club,Q,0.599,Garden,1,0.0,0.0,,0,,,0.0,0.0,0.7167,1.0,41842.1,0.732
N3,N3-S-Q122,1,True,Q122,Junction Playground,Q,0.591,Neighborhood Park,1,0.0,0.0,,0,,,1.0,1.0,1.0643,0.938,51505.7,0.726
N3,N3-S-Q123,1,True,Q123,Astoria Health Playground,Q,0.206,Playground,1,0.0,0.0,,0,,,0.0,0.0,1.0423,1.0,43135.1,0.0
N3,N3-S-Q124,1,True,Q124,Myrtle Avenue Clemens Triangle,Q,0.015,Triangle/Plaza,1,0.0,0.0,,0,,,1.0,1.0,1.0513,0.938,35086.1,0.615
N3,N3-S-Q126,1,True,Q126,Francis Lewis Park,Q,16.626,Neighborhood Park,1,0.0,0.0,,0,,,0.0,0.0,0.9173,1.0,135551.5,0.0
N3,N3-S-Q127,1,True,Q127,Marconi Park,Q,4.654,Neighborhood Park,1,0.0,0.0,,0,,,0.0,0.0,1.0692,1.0,93291.7,0.236
N3,N3-S-Q128,1,True,Q128,London Planetree Playground,Q,1.804,Neighborhood Park,1,0.0,0.0,,0,,,0.0,1.0,1.1183,1.0,67724.6,0.0
N3,N3-S-Q129,1,True,Q129,"Phil ""Scooter"" Rizzuto Park",Q,5.29,Community Park,1,0.0,0.0,,0,,,0.0,1.0,1.0696,1.0,89944.8,0.0
N3,N3-S-Q130,1,True,Q130,Motor Parkway,Q,13.887,Nature Area,1,0.0,0.0,,0,,,1.0,1.0,0.6529,1.0,352856.6,0.021
N3,N3-S-Q131,1,True,Q131,Frank Principe Park,Q,7.457,Community Park,1,0.0,0.0,,0,,,0.0,0.0,1.0197,1.0,106582.5,0.148
N3,N3-S-Q133,1,True,Q133,Pat Williams Playground,Q,0.522,Playground,1,0.0,0.0,,0,,,0.0,0.0,0.9981,1.0,35065.3,0.004
N3,N3-S-Q133A,1,True,Q133A,Hempstead Ballfield,Q,1.933,Recreational Field/Courts,1,0.0,0.0,,0,,,0.0,0.0,0.7086,1.0,47591.1,0.564
N3,N3-S-Q133B,1,True,Q133B,Hempstead Bench Spread,Q,0.275,Triangle/Plaza,1,0.0,0.0,,0,,,0.0,0.0,0.9733,1.0,37145.2,0.719
N3,N3-S-Q134,1,True,Q134,Jack Breininger Park,Q,3.73,Neighborhood Park,1,0.0,0.0,,0,,,0.0,0.0,1.0277,1.0,85332.1,0.0
N3,N3-S-Q135A,1,True,Q135A,McKee Triangle,Q,0.055,Triangle/Plaza,1,0.0,0.0,,0,,,0.0,0.0,1.1201,1.0,33304.4,0.0
N3,N3-S-Q136,1,True,Q136,Playground 115,Q,0.286,Playground,1,0.0,0.0,,0,,,0.0,0.0,0.955,1.0,45042.4,0.0
N3,N3-S-Q137,1,True,Q137,Columbus Square,Q,0.096,Triangle/Plaza,1,0.0,0.0,,0,,,0.0,1.0,0.8457,1.0,40447.3,0.366
N3,N3-S-Q139,1,True,Q139,Drumm Triangle,Q,0.166,Triangle/Plaza,1,0.0,0.0,,0,,,1.0,1.0,0.9351,0.812,40565.4,0.0
N3,N3-S-Q140,1,True,Q140,Barclay Triangle,Q,0.078,Triangle/Plaza,1,0.0,0.0,,0,,,1.0,1.0,1.1307,1.0,38954.9,0.0
N3,N3-S-Q141,1,True,Q141,Murray Playground,Q,2.526,Neighborhood Park,1,0.0,0.0,,0,,,1.0,1.0,1.0168,1.0,77112.1,0.0
N3,N3-S-Q142,1,True,Q142,Jacob Riis Triangle,Q,0.025,Triangle/Plaza,1,0.0,0.0,,0,,,0.0,1.0,1.1659,0.875,36210.4,0.0
N3,N3-S-Q147,1,True,Q147,Ruoff Triangle,Q,0.054,Triangle/Plaza,1,0.0,0.0,,0,,,1.0,1.0,1.1536,1.0,38541.4,0.0
N3,N3-S-Q148,1,True,Q148,Catholic War Veterans Square,Q,0.006,Triangle/Plaza,1,0.0,0.0,,0,,,1.0,1.0,1.1382,0.875,33960.7,0.0
N3,N3-S-Q151,1,True,Q151,Grand Slope,Q,0.196,Triangle/Plaza,1,0.0,0.0,,0,,,1.0,1.0,1.0094,1.0,58950.8,0.0
N3,N3-S-Q152,1,True,Q152,Horsebrook Island,Q,0.021,Triangle/Plaza,1,0.0,0.0,,0,,,0.0,0.0,1.1183,1.0,35940.5,0.0
N3,N3-S-Q157,1,True,Q157,Metro Triangle,Q,0.013,Triangle/Plaza,1,0.0,0.0,,0,,,1.0,1.0,1.0789,0.875,34941.9,0.0
N3,N3-S-Q159,1,True,Q159,Father Reilly Square,Q,0.028,Triangle/Plaza,1,0.0,0.0,,0,,,0.0,0.0,1.1101,1.0,36754.5,0.0
N3,N3-S-Q160,1,True,Q160,O'Sullivan Plaza,Q,0.01,Triangle/Plaza,1,0.0,0.0,,0,,,0.0,1.0,1.2321,1.0,34087.1,0.257
N3,N3-S-Q162E,1,True,Q162E,Beach 59th St Playground,Q,0.654,Playground,1,0.0,0.0,,0,,,0.0,0.0,0.9337,0.75,31863.5,0.0
N3,N3-S-Q162H,1,True,Q162H,Beach 30th Street Playground,Q,7.123,Neighborhood Park,1,0.0,0.0,,0,,,0.0,0.0,0.7843,0.75,71356.5,0.207
N3,N3-S-Q162H01,1,True,Q162H01,Park,Q,1.254,Nature Area,1,0.0,0.0,,0,,,0.0,0.0,0.7396,0.625,32990.1,0.513
N3,N3-S-Q162I,1,True,Q162I,Rockaway Beach and Boardwalk,Q,3.817,Waterfront Facility,1,0.0,0.0,,0,,,1.0,1.0,0.7699,0.938,62600.6,0.234
N3,N3-S-Q162J,1,True,Q162J,Beach 17 Playground,Q,13.955,Neighborhood Park,1,0.0,0.0,,0,,,0.0,1.0,0.8733,0.875,73566.8,0.388
N3,N3-S-Q162J01,1,True,Q162J01,Beach 9 Playground,Q,5.603,Neighborhood Park,1,0.0,0.0,,0,,,1.0,1.0,0.901,0.875,48650.8,0.33
N3,N3-S-Q165,1,True,Q165,Spring Creek Park Addition,Q,50.407,Nature Area,1,0.0,0.0,,0,,,0.0,0.0,0.3701,1.0,159597.3,0.392
N3,N3-S-Q168,1,True,Q168,Alexander Grey Triangle,Q,0.014,Triangle/Plaza,1,0.0,0.0,,0,,,0.0,0.0,1.0244,1.0,34895.0,0.0
N3,N3-S-Q172,1,True,Q172,Corona Plaza,Q,0.042,Triangle/Plaza,1,0.0,0.0,,0,,,1.0,1.0,1.1571,1.0,36479.6,0.547
N3,N3-S-Q173,1,True,Q173,American Triangle,Q,0.059,Triangle/Plaza,1,0.0,0.0,,0,,,0.0,0.0,1.1452,1.0,33295.1,0.844
N3,N3-S-Q174A,1,True,Q174A,St. Michael's Playground,Q,5.411,Neighborhood Park,1,0.0,0.0,,0,,,0.0,0.0,1.038,0.875,97462.5,0.0
N3,N3-S-Q177,1,True,Q177,Tudor Malls,Q,0.138,Mall,1,0.0,0.0,,0,,,0.0,0.0,0.9961,1.0,82410.7,0.365
N3,N3-S-Q178#1,1,True,Q178#1,Mall Forty Two XLII (1/3),Q,0.508,Mall,1,0.0,0.0,,0,,,0.0,0.0,1.0683,1.0,109159.7,0.523
N3,N3-S-Q178#2,1,True,Q178#2,Mall Forty Two XLII (2/3),Q,0.565,Mall,1,0.0,0.0,,0,,,1.0,1.0,0.9782,1.0,96129.6,0.327
N3,N3-S-Q178#3,1,True,Q178#3,Mall Forty Two XLII (3/3),Q,0.357,Mall,1,0.0,0.0,,0,,,0.0,0.0,0.9949,1.0,107024.5,0.552
N3,N3-S-Q186,1,True,Q186,Jackson Mill Green,Q,0.137,Triangle/Plaza,1,0.0,0.0,,0,,,1.0,1.0,1.1031,1.0,48954.4,0.0
N3,N3-S-Q190,1,True,Q190,Corporal Ruoff Square,Q,0.084,Triangle/Plaza,1,0.0,0.0,,0,,,1.0,1.0,1.1698,1.0,49525.4,0.0
N3,N3-S-Q203,1,True,Q203,David J O'Connell Square,Q,0.056,Triangle/Plaza,1,0.0,0.0,,0,,,1.0,1.0,1.1535,1.0,38865.4,0.0
N3,N3-S-Q205A,1,True,Q205A,Big Bush Playground,Q,3.152,Community Park,1,0.0,0.0,,0,,,0.0,1.0,0.9068,1.0,84206.2,0.271
N3,N3-S-Q205B,1,True,Q205B,Nathan Weidenbaum Playground,Q,0.71,Playground,1,0.0,0.0,,0,,,0.0,0.0,0.9112,1.0,49675.4,0.459
N3,N3-S-Q206,1,True,Q206,Eight Oaks Triangle,Q,0.048,Triangle/Plaza,1,0.0,0.0,,0,,,0.0,0.0,0.864,1.0,38376.8,0.0
N3,N3-S-Q207,1,True,Q207,MacDonald Park,Q,1.871,Neighborhood Park,1,0.0,0.0,,0,,,0.0,0.0,1.0012,1.0,83515.2,0.0
N3,N3-S-Q208,1,True,Q208,Litchhult Square,Q,0.029,Triangle/Plaza,1,0.0,0.0,,0,,,1.0,1.0,1.0985,1.0,36547.2,0.0
N3,N3-S-Q209,1,True,Q209,Lawrence Triangle,Q,0.117,Triangle/Plaza,1,0.0,0.0,,0,,,0.0,1.0,1.1167,1.0,42416.6,0.0
N3,N3-S-Q211,1,True,Q211,Maple Playground,Q,0.985,Neighborhood Park,1,0.0,0.0,,0,,,1.0,1.0,0.8753,1.0,57927.6,0.017
N3,N3-S-Q212,1,True,Q212,Queens Valley Playground,Q,0.977,Jointly Operated Playground,1,0.0,0.0,,0,,,0.0,0.0,0.7818,1.0,56649.7,0.0
N3,N3-S-Q213,1,True,Q213,Studley Triangle,Q,0.018,Triangle/Plaza,1,0.0,0.0,,0,,,1.0,1.0,1.1915,1.0,34640.3,0.0
N3,N3-S-Q214,1,True,Q214,Leonard Square,Q,0.081,Triangle/Plaza,1,0.0,0.0,,0,,,1.0,1.0,1.1531,1.0,40967.7,0.0
N3,N3-S-Q215,1,True,Q215,Whitey Ford Field,Q,3.453,Recreational Field/Courts,1,0.0,0.0,,0,,,0.0,0.0,0.7187,1.0,81103.0,0.0
N3,N3-S-Q217,1,True,Q217,Lt. Frank McConnell Park,Q,0.204,Triangle/Plaza,1,0.0,0.0,,0,,,0.0,1.0,0.9641,1.0,46982.2,0.0
N3,N3-S-Q218,1,True,Q218,Dutch Kills Playground,Q,2.737,Jointly Operated Playground,1,0.0,0.0,,0,,,0.0,0.0,0.818,1.0,81276.1,0.0
N3,N3-S-Q219#1,1,True,Q219#1,Rockaway Freeway (1/16),Q,0.519,Parkway,1,0.0,0.0,,0,,,0.0,0.0,0.9642,1.0,75361.2,0.934
N3,N3-S-Q219#10,1,True,Q219#10,Rockaway Freeway (10/16),Q,0.273,Parkway,1,0.0,0.0,,0,,,0.0,1.0,1.1232,1.0,76481.0,0.45
N3,N3-S-Q219#11,1,True,Q219#11,Rockaway Freeway (11/16),Q,0.313,Parkway,1,0.0,0.0,,0,,,1.0,1.0,1.0013,1.0,80668.3,0.656
N3,N3-S-Q219#12,1,True,Q219#12,Rockaway Freeway (12/16),Q,0.091,Parkway,1,0.0,0.0,,0,,,0.0,0.0,0.8127,1.0,86206.7,0.39
N3,N3-S-Q219#13,1,True,Q219#13,Rockaway Freeway (13/16),Q,0.559,Parkway,1,0.0,0.0,,0,,,0.0,1.0,1.1269,1.0,90700.8,0.806
N3,N3-S-Q219#14,1,True,Q219#14,Rockaway Freeway (14/16),Q,2.845,Parkway,1,0.0,0.0,,0,,,0.0,0.0,1.0759,1.0,92783.6,0.753
N3,N3-S-Q219#15,1,True,Q219#15,Rockaway Freeway (15/16),Q,0.17,Parkway,1,0.0,0.0,,0,,,0.0,0.0,0.9934,1.0,70860.9,0.469
N3,N3-S-Q219#16,1,True,Q219#16,Rockaway Freeway (16/16),Q,0.227,Parkway,1,0.0,0.0,,0,,,0.0,1.0,1.0326,1.0,70038.5,0.71
N3,N3-S-Q219#2,1,True,Q219#2,Rockaway Freeway (2/16),Q,0.288,Parkway,1,0.0,0.0,,0,,,0.0,0.0,0.9474,1.0,79392.9,0.894
N3,N3-S-Q219#3,1,True,Q219#3,Rockaway Freeway (3/16),Q,0.441,Parkway,1,0.0,0.0,,0,,,0.0,0.0,0.9339,1.0,78311.9,0.531
N3,N3-S-Q219#4,1,True,Q219#4,Rockaway Freeway (4/16),Q,0.105,Parkway,1,0.0,0.0,,0,,,1.0,1.0,1.0791,1.0,86510.3,0.659
N3,N3-S-Q219#5,1,True,Q219#5,Rockaway Freeway (5/16),Q,0.554,Parkway,1,0.0,0.0,,0,,,0.0,0.0,1.063,1.0,87957.5,0.695
N3,N3-S-Q219#6,1,True,Q219#6,Rockaway Freeway (6/16),Q,0.473,Parkway,1,0.0,0.0,,0,,,0.0,0.0,0.9227,1.0,82392.7,0.869
N3,N3-S-Q219#7,1,True,Q219#7,Rockaway Freeway (7/16),Q,0.26,Parkway,1,0.0,0.0,,0,,,0.0,0.0,0.8063,1.0,82100.3,0.767
N3,N3-S-Q219#8,1,True,Q219#8,Rockaway Freeway (8/16),Q,0.94,Parkway,1,0.0,0.0,,0,,,0.0,0.0,0.7895,1.0,90978.6,0.72
N3,N3-S-Q219#9,1,True,Q219#9,Rockaway Freeway (9/16),Q,0.355,Parkway,1,0.0,0.0,,0,,,0.0,0.0,0.8822,1.0,84866.9,0.349
N3,N3-S-Q220B,1,True,Q220B,Norelli-Hargreaves Playground,Q,1.297,Playground,1,0.0,0.0,,0,,,0.0,0.0,0.909,0.75,69013.0,0.0
N3,N3-S-Q220C,1,True,Q220C,Dr. Charles R. Drew Park,Q,6.398,Recreational Field/Courts,1,0.0,0.0,,0,,,0.0,0.0,1.0012,1.0,96302.6,0.0
N3,N3-S-Q220D,1,True,Q220D,Foch Sitting Area,Q,0.059,Triangle/Plaza,1,0.0,0.0,,0,,,0.0,1.0,1.129,0.75,41665.7,0.043
N3,N3-S-Q220E,1,True,Q220E,Playground One Forty,Q,1.388,Playground,1,0.0,0.0,,0,,,1.0,1.0,1.0474,1.0,71528.9,0.025
N3,N3-S-Q220F,1,True,Q220F,Maple Grove Park,Q,1.551,Triangle/Plaza,1,0.0,0.0,,0,,,0.0,1.0,0.8564,1.0,64536.2,0.373
N3,N3-S-Q220G,1,True,Q220G,Hoover - Manton Playgrounds,Q,5.527,Neighborhood Park,1,0.0,0.0,,0,,,0.0,1.0,1.0101,1.0,123870.2,0.194
N3,N3-S-Q221,1,True,Q221,Farm Playground,Q,3.862,Jointly Operated Playground,1,0.0,0.0,,0,,,0.0,0.0,1.0721,1.0,83893.9,0.0
N3,N3-S-Q222,1,True,Q222,Glenwood Landing,Q,0.114,Triangle/Plaza,1,0.0,0.0,,0,,,0.0,0.0,0.898,1.0,43682.1,0.0
N3,N3-S-Q223,1,True,Q223,Fresh Meadows Park,Q,1.14,Triangle/Plaza,1,0.0,0.0,,0,,,1.0,1.0,0.9502,1.0,67914.1,0.0
N3,N3-S-Q225,1,True,Q225,Broad Channel Veteran's Park,Q,0.651,Triangle/Plaza,1,0.0,0.0,,0,,,0.0,0.0,0.8687,1.0,79080.2,0.362
N3,N3-S-Q226,1,True,Q226,Hallets Cove Playground,Q,5.841,Neighborhood Park,1,0.0,0.0,,0,,,0.0,0.0,0.6612,1.0,174201.7,0.138
N3,N3-S-Q231,1,True,Q231,Sergeant Colyer Square,Q,0.049,Triangle/Plaza,1,0.0,0.0,,0,,,1.0,1.0,1.1042,1.0,38130.1,0.0
N3,N3-S-Q232,1,True,Q232,Dwyer Square,Q,0.003,Triangle/Plaza,1,0.0,0.0,,0,,,1.0,1.0,1.1301,0.938,33201.0,0.0
N3,N3-S-Q243,1,True,Q243,Norelli-Hargreaves Memorial Triangle,Q,0.037,Triangle/Plaza,1,0.0,0.0,,0,,,1.0,1.0,1.1775,1.0,37730.2,0.0
N3,N3-S-Q245,1,True,Q245,Hollis Veterans Square,Q,0.017,Triangle/Plaza,1,0.0,0.0,,0,,,1.0,1.0,1.1372,1.0,36014.5,0.0
N3,N3-S-Q246,1,True,Q246,Travis Triangle,Q,0.221,Triangle/Plaza,1,0.0,0.0,,0,,,0.0,1.0,1.1153,1.0,52954.7,0.0
N3,N3-S-Q254,1,True,Q254,Corporal Frank F. Fagan Sq.,Q,0.004,Triangle/Plaza,1,0.0,0.0,,0,,,1.0,1.0,1.2336,0.875,32731.8,0.628
N3,N3-S-Q257,1,True,Q257,Lt. Clinton L .Whiting Square,Q,0.078,Triangle/Plaza,1,0.0,0.0,,0,,,0.0,0.0,1.0283,1.0,40943.6,0.0
N3,N3-S-Q259,1,True,Q259,Memorial Circle,Q,0.145,Triangle/Plaza,1,0.0,0.0,,0,,,1.0,1.0,0.9129,0.812,45391.6,0.0
N3,N3-S-Q262,1,True,Q262,Alameda Malls,Q,0.416,Mall,1,0.0,0.0,,0,,,0.0,0.0,0.9491,1.0,159544.0,0.166
N3,N3-S-Q266,1,True,Q266,Westbourne Playground,Q,1.629,Jointly Operated Playground,1,0.0,0.0,,0,,,0.0,0.0,1.0545,1.0,75740.6,0.0
N3,N3-S-Q267,1,True,Q267,Court Square Park,Q,0.492,Triangle/Plaza,1,0.0,0.0,,0,,,1.0,1.0,0.9456,1.0,49286.4,0.636
N3,N3-S-Q268,1,True,Q268,Bell Malls,Q,1.651,Mall,1,0.0,0.0,,0,,,1.0,1.0,1.0801,1.0,231768.7,0.002
N3,N3-S-Q275,1,True,Q275,Patricia A. Brackley Park,Q,0.158,Triangle/Plaza,1,0.0,0.0,,0,,,0.0,0.0,0.8948,1.0,33859.6,0.785
N3,N3-S-Q277,1,True,Q277,South Gate Mall,Q,0.107,Mall,1,0.0,0.0,,0,,,0.0,0.0,0.955,1.0,49193.8,0.262
N3,N3-S-Q281,1,True,Q281,Nakks Malls,Q,0.284,Mall,1,0.0,0.0,,0,,,0.0,0.0,0.9401,1.0,92058.5,0.001
N3,N3-S-Q283,1,True,Q283,225 Street Malls,Q,0.7,Mall,1,0.0,0.0,,0,,,1.0,1.0,1.0652,1.0,191130.3,0.0
N3,N3-S-Q284,1,True,Q284,Sixteen Oaks Grove,Q,0.255,Triangle/Plaza,1,0.0,0.0,,0,,,1.0,1.0,1.1186,1.0,46833.9,0.0
N3,N3-S-Q285,1,True,Q285,Al Stabile Playground,Q,0.494,Jointly Operated Playground,1,0.0,0.0,,0,,,0.0,0.0,1.066,1.0,50548.9,0.0
N3,N3-S-Q289,1,True,Q289,Pinocchio Playground,Q,1.015,Jointly Operated Playground,1,0.0,0.0,,0,,,0.0,0.0,0.9431,1.0,60356.4,0.0
N3,N3-S-Q290,1,True,Q290,"""Uncle"" Vito F. Maranzano Glendale Playground",Q,1.149,Playground,1,0.0,0.0,,0,,,0.0,0.0,0.9439,1.0,58812.7,0.0
N3,N3-S-Q291,1,True,Q291,Starr Playground,Q,0.889,Playground,1,0.0,0.0,,0,,,0.0,0.0,1.0609,1.0,55364.2,0.0
N3,N3-S-Q293,1,True,Q293,Saul Weprin Playground,Q,1.52,Jointly Operated Playground,1,0.0,0.0,,0,,,0.0,0.0,1.0598,1.0,63851.9,0.0
N3,N3-S-Q294,1,True,Q294,Utopia Playground,Q,3.117,Neighborhood Park,1,0.0,0.0,,0,,,0.0,1.0,0.9817,1.0,84207.7,0.0
N3,N3-S-Q296,1,True,Q296,Playground Thirty Five XXXV,Q,0.22,Playground,1,0.0,0.0,,0,,,1.0,1.0,0.9336,0.875,43302.9,0.0
N3,N3-S-Q298,1,True,Q298,Paul Raimonda Playground,Q,1.304,Playground,1,0.0,0.0,,0,,,1.0,1.0,1.0854,1.0,60778.9,0.0
N3,N3-S-Q299,1,True,Q299,Overlook Park,Q,2.574,Nature Area,1,0.0,0.0,,0,,,0.0,0.0,0.7703,1.0,86251.9,0.0
N3,N3-S-Q300A,1,True,Q300A,Kissena Corridor Park,Q,43.678,Community Park,1,0.0,0.0,,0,,,0.0,0.0,0.9991,1.0,528870.0,0.122
N3,N3-S-Q300A1,1,True,Q300A1,Holy Cow Playground,Q,2.574,Jointly Operated Playground,1,0.0,0.0,,0,,,0.0,0.0,0.9063,1.0,70981.5,0.907
N3,N3-S-Q301,1,True,Q301,Jamaica Playground,Q,2.456,Jointly Operated Playground,1,0.0,0.0,,0,,,0.0,0.0,0.9581,1.0,78172.1,0.279
N3,N3-S-Q302,1,True,Q302,Evergreen Park,Q,2.955,Jointly Operated Playground,1,0.0,0.0,,0,,,0.0,0.0,1.001,1.0,81092.2,0.0
N3,N3-S-Q303,1,True,Q303,Travers Park,Q,1.984,Playground,1,0.0,0.0,,0,,,0.0,1.0,1.0861,0.875,67411.7,0.436
N3,N3-S-Q304,1,True,Q304,Ehrenreich-Austin Playground,Q,1.221,Playground,1,0.0,0.0,,0,,,0.0,0.0,1.1035,1.0,68465.5,0.0
N3,N3-S-Q305,1,True,Q305,Mafera Park,Q,6.795,Community Park,1,0.0,0.0,,0,,,0.0,0.0,0.8567,1.0,116059.9,0.0
N3,N3-S-Q306,1,True,Q306,The Painter's Playground,Q,1.698,Jointly Operated Playground,1,0.0,0.0,,0,,,0.0,0.0,1.0501,1.0,69597.9,0.0
N3,N3-S-Q307,1,True,Q307,Delphin H. Greene Playground,Q,2.798,Jointly Operated Playground,1,0.0,0.0,,0,,,0.0,0.0,1.052,0.625,77521.0,0.343
N3,N3-S-Q308,1,True,Q308,Bowne Playground,Q,1.288,Jointly Operated Playground,1,0.0,0.0,,0,,,0.0,0.0,0.96,1.0,61026.5,0.016
N3,N3-S-Q310,1,True,Q310,Glen Oaks Oval,Q,2.912,Community Park,1,0.0,0.0,,0,,,0.0,1.0,0.9707,1.0,70971.4,0.0
N3,N3-S-Q313,1,True,Q313,Arverne Playground,Q,1.167,Playground,1,0.0,0.0,,0,,,0.0,0.0,0.9371,1.0,48149.8,0.697
N3,N3-S-Q314,1,True,Q314,Fresh Meadows Playground,Q,1.364,Jointly Operated Playground,1,0.0,0.0,,0,,,0.0,0.0,0.7374,1.0,61380.5,0.0
N3,N3-S-Q316,1,True,Q316,Captain Dermody Triangle,Q,0.192,Triangle/Plaza,1,0.0,0.0,,0,,,1.0,1.0,1.0067,0.938,44900.1,0.009
N3,N3-S-Q317,1,True,Q317,Tall Oak Playground,Q,1.48,Jointly Operated Playground,1,0.0,0.0,,0,,,0.0,0.0,1.024,0.875,63418.1,0.0
N3,N3-S-Q318,1,True,Q318,Playground Eighty LXXX,Q,1.374,Jointly Operated Playground,1,0.0,0.0,,0,,,0.0,0.0,0.9832,1.0,62378.2,0.0
N3,N3-S-Q319,1,True,Q319,Annadale Playground,Q,1.006,Jointly Operated Playground,1,0.0,0.0,,0,,,0.0,0.0,1.1632,1.0,56910.4,0.0
N3,N3-S-Q320,1,True,Q320,Vleigh Playground,Q,2.242,Jointly Operated Playground,1,0.0,0.0,,0,,,0.0,1.0,0.9858,1.0,73865.1,0.0
N3,N3-S-Q321,1,True,Q321,Van Alst Playground,Q,1.032,Jointly Operated Playground,1,0.0,0.0,,0,,,1.0,1.0,1.1724,1.0,60996.2,0.0
N3,N3-S-Q322,1,True,Q322,Bellaire Playground,Q,0.809,Jointly Operated Playground,1,0.0,0.0,,0,,,1.0,1.0,1.0992,1.0,54612.7,0.0
N3,N3-S-Q325,1,True,Q325,Gladys Warren Triangle,Q,0.12,Triangle/Plaza,1,0.0,0.0,,0,,,0.0,1.0,1.0974,1.0,42056.6,0.0
N3,N3-S-Q326,1,True,Q326,James A. Bland Playground,Q,0.546,Playground,1,0.0,0.0,,0,,,0.0,0.0,0.7703,1.0,51814.7,0.0
N3,N3-S-Q327,1,True,Q327,Castlewood Playground,Q,2.058,Jointly Operated Playground,1,0.0,0.0,,0,,,0.0,0.0,1.1483,1.0,49044.9,0.0
N3,N3-S-Q328,1,True,Q328,Bellerose Playground,Q,0.996,Jointly Operated Playground,1,0.0,0.0,,0,,,0.0,0.0,1.0639,1.0,56849.9,0.0
N3,N3-S-Q329,1,True,Q329,Pomonok Playground,Q,3.595,Jointly Operated Playground,1,0.0,0.0,,0,,,1.0,1.0,0.9892,1.0,80957.1,0.0
N3,N3-S-Q330,1,True,Q330,Locust Manor Playground,Q,2.002,Jointly Operated Playground,1,0.0,0.0,,0,,,0.0,0.0,1.0265,1.0,74199.1,0.0
N3,N3-S-Q332,1,True,Q332,Woodtree Playground,Q,1.035,Neighborhood Park,1,0.0,0.0,,0,,,1.0,1.0,0.9647,1.0,56398.1,0.37
N3,N3-S-Q333,1,True,Q333,Ravenswood Playground,Q,2.822,Neighborhood Park,1,0.0,0.0,,0,,,1.0,1.0,1.1326,0.875,84460.9,0.0
N3,N3-S-Q334,1,True,Q334,Playground Twenty One,Q,1.439,Jointly Operated Playground,1,0.0,0.0,,0,,,1.0,1.0,0.9668,1.0,63518.9,0.0
N3,N3-S-Q335,1,True,Q335,Russell Sage Playground,Q,1.526,Jointly Operated Playground,1,0.0,0.0,,0,,,0.0,0.0,0.9227,1.0,63853.2,0.0
N3,N3-S-Q336,1,True,Q336,Judge Moses Weinstein Playground,Q,3.193,Community Park,1,0.0,0.0,,0,,,0.0,0.0,0.9836,1.0,83874.6,0.0
N3,N3-S-Q337,1,True,Q337,Maurice A FitzGerald Playground,Q,1.217,Playground,1,0.0,0.0,,0,,,0.0,1.0,1.0803,1.0,60896.6,0.0
N3,N3-S-Q338,1,True,Q338,Admiral Playground,Q,0.759,Jointly Operated Playground,1,0.0,0.0,,0,,,1.0,1.0,0.6456,1.0,56474.3,0.0
N3,N3-S-Q339,1,True,Q339,Cambria Playground,Q,4.655,Community Park,1,0.0,0.0,,0,,,0.0,0.0,1.038,0.625,89619.7,0.0
N3,N3-S-Q340,1,True,Q340,Torsney Playground,Q,2.084,Playground,1,0.0,0.0,,0,,,0.0,1.0,1.2054,1.0,80066.3,0.0
N3,N3-S-Q341A,1,True,Q341A,Park,Q,0.008,Triangle/Plaza,1,0.0,0.0,,0,,,0.0,0.0,0.0,1.0,32950.3,1.0
N3,N3-S-Q341B,1,True,Q341B,Latham Park,Q,0.019,Triangle/Plaza,1,0.0,0.0,,0,,,0.0,0.0,0.4462,1.0,33033.2,0.924
N3,N3-S-Q341C,1,True,Q341C,Sherry Dog Run,Q,0.367,Triangle/Plaza,1,0.0,0.0,,0,,,0.0,1.0,1.2295,1.0,46775.0,0.479
N3,N3-S-Q341F,1,True,Q341F,Crosson Park,Q,0.09,Triangle/Plaza,1,0.0,0.0,,0,,,1.0,1.0,1.1345,0.688,39561.1,0.504
N3,N3-S-Q342,1,True,Q342,Electric Playground,Q,1.723,Neighborhood Park,1,0.0,0.0,,0,,,0.0,0.0,0.5291,1.0,66019.8,0.0
N3,N3-S-Q343,1,True,Q343,Whitestone Playground,Q,1.648,Jointly Operated Playground,1,0.0,0.0,,0,,,0.0,0.0,1.0017,1.0,64826.9,0.0
N3,N3-S-Q344,1,True,Q344,Emerald Playground,Q,1.264,Jointly Operated Playground,1,0.0,0.0,,0,,,0.0,1.0,1.1224,0.875,63322.3,0.0
N3,N3-S-Q345,1,True,Q345,Redfern Playground,Q,3.039,Playground,1,0.0,0.0,,0,,,0.0,0.0,0.882,1.0,78076.2,0.0
N3,N3-S-Q346,1,True,Q346,Challenge Playground,Q,2.034,Jointly Operated Playground,1,0.0,0.0,,0,,,0.0,1.0,1.1037,1.0,71846.7,0.0
N3,N3-S-Q347,1,True,Q347,Colden Playground,Q,1.469,Jointly Operated Playground,1,0.0,0.0,,0,,,1.0,1.0,1.0036,1.0,62647.6,0.0
N3,N3-S-Q348,1,True,Q348,Willow Lake Playground,Q,1.309,Jointly Operated Playground,1,0.0,0.0,,0,,,0.0,0.0,0.8491,0.75,62819.5,0.0
N3,N3-S-Q349,1,True,Q349,Telephone Playground,Q,1.087,Jointly Operated Playground,1,0.0,0.0,,0,,,0.0,0.0,1.1405,1.0,57986.6,0.126
N3,N3-S-Q351,1,True,Q351,Peters Field,Q,2.875,Neighborhood Park,1,0.0,0.0,,0,,,1.0,1.0,1.0525,0.938,80004.2,0.0
N3,N3-S-Q352,1,True,Q352,Hillside Playground,Q,1.122,Jointly Operated Playground,1,0.0,0.0,,0,,,0.0,0.0,1.0227,1.0,63724.0,0.0
N3,N3-S-Q353,1,True,Q353,Grassmere Playground,Q,1.239,Jointly Operated Playground,1,0.0,0.0,,0,,,0.0,0.0,0.9174,1.0,62183.1,0.127
N3,N3-S-Q354,1,True,Q354,Playground Seventy Five,Q,0.749,Jointly Operated Playground,1,0.0,0.0,,0,,,0.0,0.0,1.1372,1.0,54391.9,0.0
N3,N3-S-Q355,1,True,Q355,Strippoli Square,Q,0.072,Triangle/Plaza,1,0.0,0.0,,0,,,1.0,1.0,1.1294,1.0,39623.6,0.0
N3,N3-S-Q356,1,True,Q356,Alley Park,Q,2.403,Jointly Operated Playground,1,0.0,0.0,,0,,,0.0,0.0,0.5391,1.0,45678.4,0.0
N3,N3-S-Q357A,1,True,Q357A,Park,Q,0.033,Strip,1,0.0,0.0,,0,,,0.0,0.0,0.8164,1.0,72232.9,0.378
N3,N3-S-Q357A1,1,True,Q357A1,Park,Q,0.022,Strip,1,0.0,0.0,,0,,,1.0,1.0,1.0279,1.0,62830.1,0.629
N3,N3-S-Q357B,1,True,Q357B,Real Good Playground,Q,1.604,Playground,1,0.0,0.0,,0,,,0.0,1.0,1.0128,0.875,72959.4,0.319
N3,N3-S-Q357B01,1,True,Q357B01,Barrier Playground,Q,1.033,Neighborhood Park,1,0.0,0.0,,0,,,0.0,0.0,0.9125,0.875,62067.1,0.727
N3,N3-S-Q357D,1,True,Q357D,Park,Q,0.023,Strip,1,0.0,0.0,,0,,,0.0,0.0,1.0565,0.875,62040.2,0.444
N3,N3-S-Q357E,1,True,Q357E,Park,Q,0.024,Strip,1,0.0,0.0,,0,,,0.0,0.0,0.9737,0.875,61717.9,0.873
N3,N3-S-Q357F,1,True,Q357F,Park,Q,0.022,Strip,1,0.0,0.0,,0,,,0.0,0.0,0.3246,1.0,57203.0,0.561
N3,N3-S-Q357G,1,True,Q357G,Turtle Playground,Q,0.477,Playground,1,0.0,0.0,,0,,,0.0,0.0,0.939,1.0,51147.3,0.0
N3,N3-S-Q357I,1,True,Q357I,Nassau Mall,Q,0.836,Triangle/Plaza,1,0.0,0.0,,0,,,1.0,1.0,1.0779,0.875,55677.7,0.209
N3,N3-S-Q357J,1,True,Q357J,Nassau Mall South,Q,0.834,Triangle/Plaza,1,0.0,0.0,,0,,,0.0,0.0,1.0187,1.0,58856.5,0.198
N3,N3-S-Q358,1,True,Q358,Detective William T. Gunn Playground,Q,2.838,Jointly Operated Playground,1,0.0,0.0,,0,,,1.0,1.0,0.8195,1.0,85825.1,0.0
N3,N3-S-Q359,1,True,Q359,Haggerty Park,Q,3.865,Neighborhood Park,1,0.0,0.0,,0,,,1.0,1.0,1.0159,1.0,87566.0,0.0
N3,N3-S-Q360A,1,True,Q360A,Park,Q,0.011,Strip,1,0.0,0.0,,0,,,0.0,0.0,0.8424,1.0,52074.7,0.0
N3,N3-S-Q360C,1,True,Q360C,Park,Q,0.006,Strip,1,0.0,0.0,,0,,,0.0,0.0,0.7955,1.0,45039.6,0.0
N3,N3-S-Q360D,1,True,Q360D,Park,Q,0.005,Strip,1,0.0,0.0,,0,,,0.0,0.0,0.9071,1.0,43130.5,0.0
N3,N3-S-Q360E,1,True,Q360E,Hull Triangle,Q,0.154,Triangle/Plaza,1,0.0,0.0,,0,,,0.0,0.0,0.9253,0.875,43299.2,0.44
N3,N3-S-Q360F,1,True,Q360F,Technical Sergeant Thomas J. Davey Triangle,Q,0.13,Triangle/Plaza,1,0.0,0.0,,0,,,0.0,0.0,1.1072,1.0,42410.7,0.954
N3,N3-S-Q360G,1,True,Q360G,Whitefish Triangle,Q,0.186,Triangle/Plaza,1,0.0,0.0,,0,,,0.0,0.0,1.0405,1.0,43129.3,0.136
N3,N3-S-Q360H,1,True,Q360H,Peter Chahales Park,Q,0.085,Triangle/Plaza,1,0.0,0.0,,0,,,1.0,1.0,1.1662,1.0,36045.3,0.867
N3,N3-S-Q360I,1,True,Q360I,Park,Q,0.014,Strip,1,0.0,0.0,,0,,,0.0,0.0,0.9994,1.0,45441.7,0.572
N3,N3-S-Q360J,1,True,Q360J,Crowley Playground,Q,1.697,Neighborhood Park,1,0.0,0.0,,0,,,1.0,1.0,1.1127,0.688,75467.8,0.414
N3,N3-S-Q360L,1,True,Q360L,Park,Q,0.011,Strip,1,0.0,0.0,,0,,,0.0,0.0,0.6023,1.0,44956.6,0.532
N3,N3-S-Q360M,1,True,Q360M,Frontera Park,Q,1.509,Playground,1,0.0,0.0,,0,,,1.0,1.0,1.0851,1.0,63865.9,0.416
N3,N3-S-Q360N,1,True,Q360N,Hoffman Park,Q,2.856,Playground,1,0.0,0.0,,0,,,0.0,0.0,0.7552,1.0,81012.8,0.007
N3,N3-S-Q360P,1,True,Q360P,Park Slope,Q,0.005,Strip,1,0.0,0.0,,0,,,0.0,0.0,0.8394,1.0,43789.1,0.379
N3,N3-S-Q360Q,1,True,Q360Q,Sitting Area 127 CXXVII,Q,0.064,Triangle/Plaza,1,0.0,0.0,,0,,,0.0,0.0,1.0385,1.0,41205.8,0.243
N3,N3-S-Q360R,1,True,Q360R,Sitting Area,Q,0.031,Triangle/Plaza,1,0.0,0.0,,0,,,0.0,0.0,0.9136,0.875,36751.5,0.757
N3,N3-S-Q360S,1,True,Q360S,Quick Brown Fox Triangle,Q,0.046,Triangle/Plaza,1,0.0,0.0,,0,,,0.0,0.0,0.9138,1.0,37683.4,0.373
N3,N3-S-Q360T,1,True,Q360T,Sitting Area,Q,0.044,Triangle/Plaza,1,0.0,0.0,,0,,,1.0,1.0,1.2361,0.875,39098.0,0.354
N3,N3-S-Q360U,1,True,Q360U,Notorious LIC Park,Q,0.313,Recreational Field/Courts,1,0.0,0.0,,0,,,0.0,0.0,0.8999,1.0,46079.5,0.0
N3,N3-S-Q360V,1,True,Q360V,Park,Q,0.002,Strip,1,0.0,0.0,,0,,,0.0,0.0,0.3994,1.0,34629.7,0.642
N3,N3-S-Q360W,1,True,Q360W,Park,Q,0.001,Strip,1,0.0,0.0,,0,,,0.0,0.0,0.403,1.0,32887.9,0.809
N3,N3-S-Q360X,1,True,Q360X,Park,Q,0.003,Strip,1,0.0,0.0,,0,,,0.0,0.0,0.211,1.0,35202.1,0.374
N3,N3-S-Q360Y1,1,True,Q360Y1,Park,Q,0.004,Strip,1,0.0,0.0,,0,,,0.0,0.0,0.9137,1.0,41681.0,0.526
N3,N3-S-Q360Y2,1,True,Q360Y2,Park,Q,0.002,Strip,1,0.0,0.0,,0,,,0.0,0.0,0.811,0.938,36816.4,0.722
N3,N3-S-Q361,1,True,Q361,Moore Homestead Playground,Q,2.036,Neighborhood Park,1,0.0,0.0,,0,,,1.0,1.0,1.0322,1.0,71786.7,0.0
N3,N3-S-Q362,1,True,Q362,Playground Ninety,Q,1.252,Jointly Operated Playground,1,0.0,0.0,,0,,,0.0,0.0,0.7674,1.0,60160.7,0.0
N3,N3-S-Q363,1,True,Q363,Northern Playground,Q,1.719,Jointly Operated Playground,1,0.0,0.0,,0,,,1.0,1.0,1.1811,1.0,66086.8,0.211
N3,N3-S-Q364,1,True,Q364,Marie Curie Playground,Q,2.551,Jointly Operated Playground,1,0.0,0.0,,0,,,0.0,0.0,0.845,1.0,78675.5,0.0
N3,N3-S-Q366,1,True,Q366,Louis C. Moser Playground,Q,1.493,Playground,1,0.0,0.0,,0,,,0.0,1.0,1.0618,0.875,65713.3,0.134
N3,N3-S-Q367,1,True,Q367,Hammel Playground,Q,1.035,Playground,1,0.0,0.0,,0,,,1.0,1.0,0.9955,1.0,57598.9,0.186
N3,N3-S-Q369,1,True,Q369,Louis Pasteur Park,Q,3.147,Jointly Operated Playground,1,0.0,0.0,,0,,,0.0,0.0,0.9711,1.0,77542.6,0.072
N3,N3-S-Q370,1,True,Q370,Freedom Square Playground,Q,0.371,Playground,1,0.0,0.0,,0,,,0.0,0.0,1.1542,1.0,54725.9,0.0
N3,N3-S-Q373,1,True,Q373,Helen Marshall Playground,Q,4.225,Jointly Operated Playground,1,0.0,0.0,,0,,,0.0,1.0,0.9983,1.0,87443.7,0.0
N3,N3-S-Q375,1,True,Q375,Willets Point Playground,Q,1.092,Jointly Operated Playground,1,0.0,0.0,,0,,,1.0,1.0,1.1325,1.0,60649.6,0.0
N3,N3-S-Q376,1,True,Q376,Cedar Grove Playground,Q,0.619,Jointly Operated Playground,1,0.0,0.0,,0,,,0.0,0.0,0.5504,1.0,51274.5,0.0
N3,N3-S-Q377,1,True,Q377,Playground Sixty Two LXII,Q,1.481,Jointly Operated Playground,1,0.0,0.0,,0,,,0.0,0.0,1.1001,1.0,65755.0,0.332
N3,N3-S-Q378,1,True,Q378,Ampere Playground,Q,1.267,Jointly Operated Playground,1,0.0,0.0,,0,,,1.0,1.0,1.0521,1.0,73924.8,0.0
N3,N3-S-Q379,1,True,Q379,Briarwood Playground,Q,1.299,Jointly Operated Playground,1,0.0,0.0,,0,,,0.0,0.0,1.0596,1.0,72354.2,0.0
N3,N3-S-Q381,1,True,Q381,Francis Lewis Playground,Q,1.206,Jointly Operated Playground,1,0.0,0.0,,0,,,0.0,0.0,0.8314,1.0,60795.5,0.484
N3,N3-S-Q382,1,True,Q382,Cardozo Playground,Q,2.126,Jointly Operated Playground,1,0.0,0.0,,0,,,0.0,0.0,0.984,1.0,67430.2,0.41
N3,N3-S-Q383,1,True,Q383,Middle Village Veterans Triangle,Q,0.032,Triangle/Plaza,1,0.0,0.0,,0,,,0.0,0.0,0.8773,1.0,36168.5,0.0
N3,N3-S-Q385,1,True,Q385,Ditmars Playground,Q,0.989,Playground,1,0.0,0.0,,0,,,0.0,0.0,1.1114,1.0,62339.7,0.0
N3,N3-S-Q386,1,True,Q386,Centreville Playground,Q,2.094,Neighborhood Park,1,0.0,0.0,,0,,,0.0,0.0,0.9155,1.0,68511.7,0.0
N3,N3-S-Q387A,1,True,Q387A,Bayside Fields,Q,2.599,Recreational Field/Courts,1,0.0,0.0,,0,,,0.0,0.0,0.8383,1.0,74973.1,0.0
N3,N3-S-Q387B,1,True,Q387B,Clearview Park,Q,5.573,Nature Area,1,0.0,0.0,,0,,,0.0,0.0,0.7228,1.0,85473.4,0.0
N3,N3-S-Q387C,1,True,Q387C,Park,Q,0.019,Strip,1,0.0,0.0,,0,,,1.0,1.0,0.9375,0.938,91150.8,0.0
N3,N3-S-Q387D,1,True,Q387D,Clearview's Tail,Q,0.018,Strip,1,0.0,0.0,,0,,,0.0,0.0,0.0,1.0,56042.7,0.0
N3,N3-S-Q387E,1,True,Q387E,Baybridge Green,Q,0.346,Strip,1,0.0,0.0,,0,,,0.0,0.0,0.0,1.0,141292.3,0.0
N3,N3-S-Q388,1,True,Q388,Linnaeus Park,Q,2.059,Recreational Field/Courts,1,0.0,0.0,,0,,,0.0,0.0,0.9334,1.0,72820.0,0.0
N3,N3-S-Q389,1,True,Q389,Bayside Playground,Q,1.209,Jointly Operated Playground,1,0.0,0.0,,0,,,0.0,0.0,1.0032,0.812,60724.2,0.298
N3,N3-S-Q390,1,True,Q390,Clintonville Playground,Q,1.54,Jointly Operated Playground,1,0.0,0.0,,0,,,0.0,0.0,1.1059,1.0,74322.8,0.0
N3,N3-S-Q393A,1,True,Q393A,LaGuardia Landing Lights,Q,1.478,Recreational Field/Courts,1,0.0,0.0,,0,,,0.0,1.0,1.0252,0.562,61247.6,0.468
N3,N3-S-Q393C,1,True,Q393C,LaGuardia Landing Lights,Q,1.754,Recreational Field/Courts,1,0.0,0.0,,0,,,0.0,1.0,1.1775,0.875,58360.3,0.779
N3,N3-S-Q393D,1,True,Q393D,LaGuardia Landing Lights,Q,1.612,Recreational Field/Courts,1,0.0,0.0,,0,,,0.0,0.0,1.093,1.0,59869.2,0.829
N3,N3-S-Q393F,1,True,Q393F,LaGuardia Landing Lights,Q,0.249,Recreational Field/Courts,1,0.0,0.0,,0,,,1.0,1.0,1.2491,0.75,33309.8,1.0
N3,N3-S-Q393G,1,True,Q393G,Laguardia Landing Lights,Q,0.349,Recreational Field/Courts,1,0.0,0.0,,0,,,1.0,1.0,1.1576,0.75,35174.9,0.82
N3,N3-S-Q393H,1,True,Q393H,LaGuardia Landing Lights,Q,1.993,Recreational Field/Courts,1,0.0,0.0,,0,,,1.0,1.0,1.1765,0.875,67004.2,0.595
N3,N3-S-Q393I,1,True,Q393I,Planeview Park,Q,1.034,Triangle/Plaza,1,0.0,0.0,,0,,,1.0,1.0,0.9663,1.0,60413.6,0.104
N3,N3-S-Q394,1,True,Q394,Conch Playground,Q,2.123,Jointly Operated Playground,1,0.0,0.0,,0,,,0.0,1.0,0.9709,1.0,56489.6,0.0
N3,N3-S-Q395,1,True,Q395,Steinway Playground,Q,0.815,Jointly Operated Playground,1,0.0,0.0,,0,,,0.0,0.0,1.1233,1.0,54981.6,0.38
N3,N3-S-Q396,1,True,Q396,Montbellier Park,Q,4.445,Community Park,1,0.0,0.0,,0,,,0.0,0.0,1.0431,1.0,100437.0,0.129
N3,N3-S-Q397,1,True,Q397,Auburndale Playground,Q,0.685,Jointly Operated Playground,1,0.0,0.0,,0,,,0.0,0.0,0.6755,1.0,55332.2,0.0
N3,N3-S-Q398,1,True,Q398,Rosemary's Playground,Q,2.024,Jointly Operated Playground,1,0.0,0.0,,0,,,0.0,1.0,1.1373,1.0,70359.5,0.0
N3,N3-S-Q399,1,True,Q399,Bay Terrace Playground,Q,0.967,Jointly Operated Playground,1,0.0,0.0,,0,,,1.0,1.0,0.6969,1.0,56644.9,0.0
N3,N3-S-Q400,1,True,Q400,Oakland Gardens,Q,1.335,Jointly Operated Playground,1,0.0,0.0,,0,,,0.0,0.0,0.798,1.0,43832.0,0.0
N3,N3-S-Q401,1,True,Q401,Lost Battalion Hall Recreation Center,Q,2.411,Community Park,1,0.0,0.0,,0,,,1.0,1.0,0.8519,1.0,86380.0,0.148
N3,N3-S-Q402,1,True,Q402,Latimer Playground,Q,1.028,Jointly Operated Playground,1,0.0,0.0,,0,,,0.0,0.0,1.0515,1.0,58736.3,0.244
N3,N3-S-Q403,1,True,Q403,Beach Channel Playground,Q,1.042,Jointly Operated Playground,1,0.0,0.0,,0,,,0.0,0.0,0.9004,1.0,59574.7,0.204
N3,N3-S-Q404,1,True,Q404,East Springfield Playground,Q,1.145,Jointly Operated Playground,1,0.0,0.0,,0,,,0.0,0.0,1.0621,1.0,63005.2,0.0
N3,N3-S-Q405,1,True,Q405,Hollis Playground,Q,0.973,Jointly Operated Playground,1,0.0,0.0,,0,,,0.0,1.0,0.9988,1.0,56484.7,0.0
N3,N3-S-Q406,1,True,Q406,Springfield Park North,Q,1.027,Jointly Operated Playground,1,0.0,0.0,,0,,,0.0,0.0,1.0276,1.0,47037.2,0.555
N3,N3-S-Q407,1,True,Q407,Lanett Playground,Q,1.034,Jointly Operated Playground,1,0.0,0.0,,0,,,0.0,0.0,0.872,1.0,61944.4,0.0
N3,N3-S-Q408,1,True,Q408,Harold Schneiderman Playground,Q,0.878,Jointly Operated Playground,1,0.0,0.0,,0,,,0.0,0.0,1.1146,1.0,59884.6,0.0
N3,N3-S-Q409,1,True,Q409,Park,Q,0.001,Strip,1,0.0,0.0,,0,,,0.0,0.0,0.9108,1.0,33011.3,0.0
N3,N3-S-Q410,1,True,Q410,Hinton Park,Q,3.828,Neighborhood Park,1,0.0,0.0,,0,,,0.0,1.0,0.9822,0.875,70574.8,0.406
N3,N3-S-Q412,1,True,Q412,Gwen Ifill Park,Q,15.848,Nature Area,1,0.0,0.0,,0,,,0.0,0.0,0.9195,1.0,153939.3,0.0
N3,N3-S-Q413,1,True,Q413,Rochdale Park,Q,9.242,Jointly Operated Playground,1,0.0,0.0,,0,,,1.0,1.0,0.9843,1.0,124455.7,0.0
N3,N3-S-Q414,1,True,Q414,Rocket Playground,Q,1.05,Jointly Operated Playground,1,0.0,0.0,,0,,,0.0,0.0,0.8007,1.0,56740.2,0.925
N3,N3-S-Q415,1,True,Q415,Louis Armstrong Playground,Q,1.084,Jointly Operated Playground,1,0.0,0.0,,0,,,0.0,0.0,1.0468,1.0,49826.6,0.56
N3,N3-S-Q417,1,True,Q417,Park,Q,0.015,Strip,1,0.0,0.0,,0,,,0.0,0.0,0.31,1.0,59039.4,0.0
N3,N3-S-Q419,1,True,Q419,Hart Playground,Q,0.821,Jointly Operated Playground,1,0.0,0.0,,0,,,0.0,0.0,0.9921,1.0,63271.2,0.251
N3,N3-S-Q421,1,True,Q421,Walter Ward Playground,Q,0.94,Jointly Operated Playground,1,0.0,0.0,,0,,,0.0,0.0,1.0269,1.0,64514.6,0.0
N3,N3-S-Q422,1,True,Q422,Seaside Playground,Q,1.173,Jointly Operated Playground,1,0.0,0.0,,0,,,1.0,1.0,0.8562,0.812,67149.8,0.434
N3,N3-S-Q423,1,True,Q423,Reiff Playground,Q,1.675,Neighborhood Park,1,0.0,0.0,,0,,,1.0,1.0,1.0621,1.0,66835.1,0.349
N3,N3-S-Q424,1,True,Q424,Judge Angelo Graci Triangle,Q,0.247,Triangle/Plaza,1,0.0,0.0,,0,,,1.0,1.0,1.1527,0.875,47190.1,0.06
N3,N3-S-Q425,1,True,Q425,Yellowstone Park,Q,1.779,Neighborhood Park,1,0.0,0.0,,0,,,0.0,0.0,1.0139,1.0,67008.4,0.0
N3,N3-S-Q426,1,True,Q426,North Rochdale Playground,Q,1.071,Jointly Operated Playground,1,0.0,0.0,,0,,,1.0,1.0,1.2095,1.0,59826.9,0.0
N3,N3-S-Q427,1,True,Q427,South Rochdale Playground,Q,0.954,Jointly Operated Playground,1,0.0,0.0,,0,,,0.0,0.0,1.0044,1.0,61109.1,0.0
N3,N3-S-Q428,1,True,Q428,Horace Harding Playground,Q,1.304,Jointly Operated Playground,1,0.0,0.0,,0,,,0.0,0.0,0.9684,1.0,62341.1,0.0
N3,N3-S-Q429,1,True,Q429,Spirit Playground,Q,0.786,Jointly Operated Playground,1,0.0,0.0,,0,,,0.0,0.0,1.1071,1.0,56070.1,0.0
N3,N3-S-Q430,1,True,Q430,Sunrise Playground,Q,1.025,Jointly Operated Playground,1,0.0,0.0,,0,,,0.0,0.0,1.0057,1.0,56828.1,0.0
N3,N3-S-Q433A,1,True,Q433A,Park,Q,0.008,Strip,1,0.0,0.0,,0,,,0.0,0.0,0.6654,1.0,40091.3,1.0
N3,N3-S-Q433B,1,True,Q433B,Park,Q,0.004,Strip,1,0.0,0.0,,0,,,0.0,0.0,0.9967,1.0,40297.6,0.506
N3,N3-S-Q434,1,True,Q434,Long Island Mews,Q,0.311,Neighborhood Park,1,0.0,0.0,,0,,,0.0,1.0,0.815,1.0,54145.5,0.0
N3,N3-S-Q435,1,True,Q435,Vernon Mall,Q,0.139,Mall,1,0.0,0.0,,0,,,0.0,0.0,1.0619,1.0,45288.2,0.389
N3,N3-S-Q436,1,True,Q436,Athens Square,Q,0.925,Jointly Operated Playground,1,0.0,0.0,,0,,,1.0,1.0,1.2011,0.938,59784.4,0.0
N3,N3-S-Q437,1,True,Q437,Murray Hill Playground,Q,1.206,Jointly Operated Playground,1,0.0,0.0,,0,,,0.0,0.0,1.017,1.0,59481.0,0.0
N3,N3-S-Q439,1,True,Q439,Private William Gray Playground,Q,0.068,Playground,1,0.0,0.0,,0,,,0.0,0.0,1.233,1.0,39376.6,0.029
N3,N3-S-Q440,1,True,Q440,Hilton Holiday Gardens,Q,1.204,Recreational Field/Courts,1,0.0,0.0,,0,,,0.0,0.0,0.9413,1.0,62640.9,0.0
N3,N3-S-Q443,1,True,Q443,Almeda Playground,Q,1.447,Jointly Operated Playground,1,0.0,0.0,,0,,,1.0,1.0,1.169,1.0,67415.2,0.053
N3,N3-S-Q444,1,True,Q444,Sean's Place,Q,0.58,Neighborhood Park,1,0.0,0.0,,0,,,0.0,0.0,0.5889,1.0,54561.6,0.0
N3,N3-S-Q445,1,True,Q445,Frank Golden Park,Q,11.402,Neighborhood Park,1,0.0,0.0,,0,,,0.0,0.0,0.6417,1.0,149444.2,0.0
N3,N3-S-Q447,1,True,Q447,Brinkerhoff Mall,Q,0.398,Triangle/Plaza,1,0.0,0.0,,0,,,0.0,0.0,1.0169,1.0,51274.8,0.0
N3,N3-S-Q448,1,True,Q448,Roy Wilkins Recreation Center,Q,56.801,Community Park,1,0.0,0.0,,0,,,1.0,1.0,0.9926,1.0,270785.6,0.0
N3,N3-S-Q450,1,True,Q450,Corona Golf Playground,Q,1.72,Neighborhood Park,1,0.0,0.0,,0,,,0.0,0.0,0.9156,1.0,52488.2,0.0
N3,N3-S-Q451,1,True,Q451,Underbridge Dog Run,Q,0.474,Neighborhood Park,1,0.0,0.0,,0,,,0.0,0.0,0.9468,0.75,39593.8,0.0
N3,N3-S-Q452,1,True,Q452,Udalls Park Preserve,Q,43.94,Nature Area,1,0.0,0.0,,0,,,1.0,1.0,0.8473,1.0,507740.6,0.052
N3,N3-S-Q456,1,True,Q456,Gene Gray Playground,Q,0.227,Playground,1,0.0,0.0,,0,,,0.0,0.0,0.8986,1.0,43416.9,0.0
N3,N3-S-Q457,1,True,Q457,College Point Park,Q,0.659,Recreational Field/Courts,1,0.0,0.0,,0,,,0.0,1.0,0.9665,1.0,52297.0,0.001
N3,N3-S-Q458,1,True,Q458,Fort Totten Park,Q,63.474,Neighborhood Park,1,0.0,0.0,,0,,,1.0,1.0,0.8133,1.0,492045.4,0.052
N3,N3-S-Q459,1,True,Q459,Dubos Point Wildlife Sanctuary,Q,53.268,Nature Area,1,0.0,0.0,,0,,,0.0,0.0,0.8217,1.0,295231.3,0.0
N3,N3-S-Q460,1,True,Q460,Broad Channel Park,Q,1.549,Neighborhood Park,1,0.0,0.0,,0,,,0.0,0.0,0.8757,1.0,68989.0,0.332
N3,N3-S-Q461,1,True,Q461,Powell's Cove Park,Q,59.596,Nature Area,1,0.0,0.0,,0,,,0.0,0.0,0.8051,1.0,277438.0,0.0
N3,N3-S-Q462,1,True,Q462,Manuel De Dios Unanue Triangle,Q,0.038,Triangle/Plaza,1,0.0,0.0,,0,,,1.0,1.0,1.1319,1.0,37408.7,0.168
N3,N3-S-Q464,1,True,Q464,Brant Point Wildlife Sanctuary,Q,19.683,Nature Area,1,0.0,0.0,,0,,,0.0,0.0,0.6372,1.0,144725.8,0.011
N3,N3-S-Q465,1,True,Q465,Socrates Sculpture Park,Q,6.283,Neighborhood Park,1,0.0,0.0,,0,,,1.0,1.0,0.9342,1.0,113117.1,0.025
N3,N3-S-Q467,1,True,Q467,Broad Channel American Park,Q,18.772,Recreational Field/Courts,1,0.0,0.0,,0,,,0.0,0.0,0.9542,1.0,152151.1,0.245
N3,N3-S-Q469,1,True,Q469,Seagirt Ave Wetlands,Q,5.321,Nature Area,1,0.0,0.0,,0,,,0.0,1.0,0.7315,0.875,117195.2,0.0
N3,N3-S-Q471,1,True,Q471,Hunter's Point South Park,Q,22.952,Neighborhood Park,1,0.0,0.0,,0,,,0.0,0.0,0.8702,1.0,234917.9,0.08
N3,N3-S-Q472,1,True,Q472,Vernam Barbadoes Peninsula,Q,23.945,Nature Area,1,0.0,0.0,,0,,,0.0,0.0,0.3156,1.0,166616.6,0.059
N3,N3-S-Q473,1,True,Q473,Sparrow's Nest Community Garden,Q,0.238,Garden,1,0.0,0.0,,0,,,0.0,0.0,1.0566,1.0,44750.8,0.675
N3,N3-S-Q474,1,True,Q474,Simeone Park,Q,1.6,Neighborhood Park,1,0.0,0.0,,0,,,0.0,0.0,0.7199,1.0,66688.8,0.833
N3,N3-S-Q474A,1,True,Q474A,Corona Taxpayers Association,Q,0.181,Garden,1,0.0,0.0,,0,,,0.0,0.0,0.9553,1.0,36713.0,0.851
N3,N3-S-Q475,1,True,Q475,Project Eden,Q,0.106,Garden,1,0.0,0.0,,0,,,0.0,0.0,1.155,1.0,39863.9,0.0
N3,N3-S-Q476,1,True,Q476,College Point Fields,Q,26.887,Recreational Field/Courts,1,0.0,0.0,,0,,,0.0,1.0,1.063,1.0,173688.0,0.0
N3,N3-S-Q477,1,True,Q477,Two Coves Community Garden,Q,0.778,Garden,1,0.0,0.0,,0,,,1.0,1.0,0.8416,0.938,59393.2,0.361
N3,N3-S-Q478,1,True,Q478,Broad Channel Wetlands,Q,37.928,Nature Area,1,0.0,0.0,,0,,,0.0,0.0,,0.0,222117.8,0.129
N3,N3-S-Q483,1,True,Q483,Corona Health Sanctuary,Q,0.095,Playground,1,0.0,0.0,,0,,,0.0,0.0,1.1832,1.0,39623.5,0.0
N3,N3-S-Q484,1,True,Q484,Edgemere Urban Renewal Park,Q,0.927,Garden,1,0.0,0.0,,0,,,0.0,1.0,1.1207,1.0,59768.1,0.034
N3,N3-S-Q486,1,True,Q486,B.C.C.A. Mini-park and Garden,Q,0.096,Garden,1,0.0,0.0,,0,,,0.0,0.0,1.0087,1.0,40100.5,0.0
N3,N3-S-Q487,1,True,Q487,Block Association #81,Q,0.116,Garden,1,0.0,0.0,,0,,,0.0,0.0,1.2141,1.0,40585.9,0.0
N3,N3-S-Q488,1,True,Q488,George Eagle Carr Community Garden,Q,0.119,Garden,1,0.0,0.0,,0,,,0.0,0.0,0.8786,1.0,40853.2,0.201
N3,N3-S-Q489,1,True,Q489,George Washington Carver Botanical Garden,Q,0.059,Garden,1,0.0,0.0,,0,,,0.0,0.0,1.0203,1.0,35202.4,0.624
N3,N3-S-Q490,1,True,Q490,Locust Manor Civic Association,Q,0.086,Garden,1,0.0,0.0,,0,,,0.0,0.0,0.9272,1.0,40907.8,0.0
N3,N3-S-Q491,1,True,Q491,Carlos R. Lillo Park,Q,0.089,Triangle/Plaza,1,0.0,0.0,,0,,,0.0,1.0,0.942,1.0,40593.4,0.0
N3,N3-S-Q492,1,True,Q492,Elmhurst Park,Q,6.088,Community Park,1,0.0,0.0,,0,,,1.0,1.0,0.883,1.0,103615.9,0.099
N3,N3-S-Q493,1,True,Q493,Discovery Garden,Q,0.301,Garden,1,0.0,0.0,,0,,,0.0,0.0,1.1748,1.0,49541.3,0.44
N3,N3-S-Q494,1,True,Q494,Flight 587 Memorial Park,Q,0.15,Triangle/Plaza,1,0.0,0.0,,0,,,0.0,0.0,0.7572,1.0,24272.9,0.849
N3,N3-S-Q495,1,True,Q495,97th Street Block Association,Q,0.057,Garden,1,0.0,0.0,,0,,,0.0,0.0,1.1068,1.0,38983.5,0.488
N3,N3-S-Q496,1,True,Q496,Park at Beach 108 Street,Q,13.818,Triangle/Plaza,1,0.0,0.0,,0,,,0.0,0.0,0.8669,0.625,177025.5,0.122
N3,N3-S-Q497,1,True,Q497,Lewis H Latimer House,Q,0.387,Historic House Park,1,0.0,0.0,,0,,,0.0,0.0,0.8105,1.0,50078.3,0.0
N3,N3-S-Q498,1,True,Q498,Sunset Cove Park,Q,9.353,Nature Area,1,0.0,0.0,,0,,,0.0,0.0,0.7272,1.0,78142.4,0.672
N3,N3-S-Q499,1,True,Q499,Bay Breeze Park,Q,4.794,Waterfront Facility,1,0.0,0.0,,0,,,0.0,0.0,0.9924,0.562,87206.1,0.0
N3,N3-S-Q500,1,True,Q500,Park,Q,0.019,Triangle/Plaza,1,0.0,0.0,,0,,,1.0,1.0,1.0584,0.688,34989.9,0.0
N3,N3-S-Q501,1,True,Q501,Sergeant Collins Triangle,Q,0.118,Triangle/Plaza,1,0.0,0.0,,0,,,1.0,1.0,0.9823,1.0,41662.4,0.0
N3,N3-S-Q502,1,True,Q502,Rory Staunton Field,Q,0.574,Recreational Field/Courts,1,0.0,0.0,,0,,,0.0,0.0,1.1054,0.5,43088.2,0.887
N3,N3-S-Q503,1,True,Q503,Garden,Q,0.07,Garden,1,0.0,0.0,,0,,,0.0,0.0,0.9524,1.0,32488.4,0.859
N3,N3-S-Q504,1,True,Q504,Park,Q,0.027,Triangle/Plaza,1,0.0,0.0,,0,,,0.0,0.0,1.0635,1.0,28505.7,1.0
N3,N3-S-Q505,1,True,Q505,Culinary Kids Garden,Q,0.149,Garden,1,0.0,0.0,,0,,,0.0,1.0,0.9557,1.0,41421.3,0.051
N3,N3-S-Q506,1,True,Q506,Gateway Park,Q,0.901,Neighborhood Park,1,0.0,0.0,,0,,,0.0,1.0,0.9788,1.0,66096.8,0.008
N3,N3-S-Q507,1,True,Q507,Windmill Community Garden,Q,0.057,Garden,1,0.0,0.0,,0,,,0.0,0.0,0.7782,1.0,38991.8,0.0
N3,N3-S-Q508,1,True,Q508,Park,Q,1.21,Nature Area,1,0.0,0.0,,0,,,0.0,0.0,0.3179,1.0,113061.9,0.513
N3,N3-S-Q509,1,True,Q509,Nameoke Park,Q,0.318,Neighborhood Park,1,0.0,0.0,,0,,,0.0,0.0,1.063,1.0,45929.0,0.0
N3,N3-S-Q512,1,True,Q512,Garden,Q,0.1,Garden,1,0.0,0.0,,0,,,0.0,1.0,0.9727,1.0,39724.4,0.0
N3,N3-S-Q514,1,True,Q514,Woodside Houses Park,Q,0.145,Neighborhood Park,1,0.0,0.0,,0,,,1.0,1.0,1.0924,0.812,40986.9,0.502
N3,N3-S-Q515,1,True,Q515,Legacy Park,Q,0.293,Playground,1,0.0,0.0,,0,,,0.0,1.0,1.2651,0.875,45535.7,0.0
N3,N3-S-Q518,1,True,Q518,Bay Beach 84 Garden,Q,0.181,Garden,1,0.0,0.0,,0,,,0.0,0.0,0.0,1.0,33336.3,0.829
N3,N3-S-Q519,1,True,Q519,Laurelton Community Garden of Resilience,Q,0.054,Garden,1,0.0,0.0,,0,,,0.0,0.0,1.0568,1.0,38961.1,0.0
N3,N3-S-Q520,1,True,Q520,Arverne East Nature Preserve,Q,32.849,Nature Area,1,0.0,0.0,,0,,,0.0,0.0,0.877,0.875,142030.5,0.609
N3,N3-S-Q527,1,True,Q527,LIC Pier,Q,0.131,Waterfront Facility,1,0.0,0.0,,0,,,0.0,0.0,0.0,0.5,42881.6,0.0
N3,N3-S-R002,1,True,R002,Pleasant Plains Plaza,R,0.055,Triangle/Plaza,1,0.0,0.0,,0,,,0.0,1.0,1.1176,1.0,41441.5,0.0
N3,N3-S-R004,1,True,R004,Barrett Triangle,R,0.16,Triangle/Plaza,1,0.0,0.0,,0,,,1.0,1.0,1.074,1.0,45403.8,0.0
N3,N3-S-R008,1,True,R008,Faber Pool and Park,R,4.337,Community Park,1,0.0,0.0,,0,,,0.0,0.0,1.0044,1.0,84484.1,0.0
N3,N3-S-R009,1,True,R009,Amundsen Circle,R,0.916,Triangle/Plaza,1,0.0,0.0,,0,,,1.0,1.0,1.0015,1.0,36251.8,0.0
N3,N3-S-R010,1,True,R010,Staats Circle,R,0.319,Triangle/Plaza,1,0.0,0.0,,0,,,0.0,1.0,1.0613,1.0,49933.3,0.111
N3,N3-S-R011,1,True,R011,Hero Park,R,3.061,Neighborhood Park,1,0.0,0.0,,0,,,1.0,1.0,1.0624,1.0,77214.6,0.036
N3,N3-S-R012,1,True,R012,John E. White Park,R,0.925,Neighborhood Park,1,0.0,0.0,,0,,,0.0,0.0,0.9795,1.0,55836.7,0.331
N3,N3-S-R015,1,True,R015,Walker Park,R,5.181,Recreational Field/Courts,1,0.0,0.0,,0,,,0.0,1.0,0.9891,1.0,89992.9,0.125
N3,N3-S-R019,1,True,R019,Veterans Park,R,1.324,Neighborhood Park,1,0.0,0.0,,0,,,0.0,0.0,0.9455,1.0,61036.2,0.0
N3,N3-S-R020,1,True,R020,Egbert Triangle,R,0.207,Triangle/Plaza,1,0.0,0.0,,0,,,1.0,1.0,1.1419,1.0,44092.2,0.44
N3,N3-S-R021,1,True,R021,Forest Mall,R,0.449,Triangle/Plaza,1,0.0,0.0,,0,,,1.0,1.0,0.983,0.875,43343.2,0.064
N3,N3-S-R024,1,True,R024,Tompkinsville Park,R,0.423,Neighborhood Park,1,0.0,0.0,,0,,,1.0,1.0,0.9927,1.0,50104.9,0.0
N3,N3-S-R025,1,True,R025,Mahoney Playground,R,2.086,Neighborhood Park,1,0.0,0.0,,0,,,0.0,0.0,0.9266,1.0,66110.1,0.407
N3,N3-S-R026,1,True,R026,Gerard P. Dugan Playground,R,3.275,Community Park,1,0.0,0.0,,0,,,0.0,0.0,0.7742,1.0,84236.2,0.0
N3,N3-S-R027#1,1,True,R027#1,Long Pond Park (1/4),R,27.84,Nature Area,1,0.0,0.0,,0,,,0.0,0.0,0.2595,1.0,173172.8,0.639
N3,N3-S-R027#2,1,True,R027#2,Long Pond Park (2/4),R,22.509,Nature Area,1,0.0,0.0,,0,,,1.0,1.0,1.0618,1.0,178737.5,0.367
N3,N3-S-R027#3,1,True,R027#3,Long Pond Park (3/4),R,22.279,Nature Area,1,0.0,0.0,,0,,,1.0,1.0,0.6794,1.0,153658.6,0.409
N3,N3-S-R027#4,1,True,R027#4,Long Pond Park (4/4),R,18.392,Nature Area,1,0.0,0.0,,0,,,1.0,1.0,1.1243,1.0,146105.1,0.552
N3,N3-S-R027A,1,True,R027A,Aesop Park,R,0.911,Jointly Operated Playground,1,0.0,0.0,,0,,,0.0,0.0,0.9089,1.0,51602.0,0.507
N3,N3-S-R028,1,True,R028,Tappen Park,R,1.787,Historic House Park,1,0.0,0.0,,0,,,1.0,1.0,1.031,1.0,73175.2,0.076
N3,N3-S-R029,1,True,R029,Westerleigh Park,R,2.901,Neighborhood Park,1,0.0,0.0,,0,,,0.0,0.0,1.0205,1.0,74931.4,0.0
N3,N3-S-R032,1,True,R032,Maple Woods,R,0.765,Nature Area,1,0.0,0.0,,0,,,1.0,1.0,1.267,1.0,54566.9,0.016
N3,N3-S-R033,1,True,R033,Levy Playground,R,0.489,Playground,1,0.0,0.0,,0,,,1.0,1.0,1.0375,0.875,49555.2,0.0
N3,N3-S-R034,1,True,R034,Austin J. McDonald Playground,R,1.352,Recreational Field/Courts,1,0.0,0.0,,0,,,1.0,1.0,0.8254,0.875,63490.7,0.103
N3,N3-S-R035,1,True,R035,De Matti Park,R,2.334,Neighborhood Park,1,0.0,0.0,,0,,,1.0,1.0,1.1082,1.0,78600.9,0.0
N3,N3-S-R036,1,True,R036,Bobbie Lewis Jr. Playground,R,0.271,Neighborhood Park,1,0.0,0.0,,0,,,0.0,0.0,0.5692,1.0,44663.9,0.0
N3,N3-S-R037,1,True,R037,Liotti Ikefugi Playground,R,0.408,Neighborhood Park,1,0.0,0.0,,0,,,0.0,0.0,0.9213,1.0,48279.2,0.0
N3,N3-S-R038,1,True,R038,Midland Playground,R,1.681,Jointly Operated Playground,1,0.0,0.0,,0,,,0.0,0.0,1.122,1.0,49472.8,0.663
N3,N3-S-R038A,1,True,R038A,Midland Field,R,7.459,Jointly Operated Playground,1,0.0,0.0,,0,,,0.0,0.0,0.816,1.0,87136.9,0.396
N3,N3-S-R038B,1,True,R038B,Park,R,5.762,Nature Area,1,0.0,0.0,,0,,,0.0,0.0,1.0864,1.0,82713.9,0.374
N3,N3-S-R042,1,True,R042,Kaltenmeier Playground,R,1.018,Neighborhood Park,1,0.0,0.0,,0,,,0.0,0.0,1.1202,1.0,69613.9,0.0
N3,N3-S-R045,1,True,R045,Schmul Park,R,7.39,Neighborhood Park,1,0.0,0.0,,0,,,0.0,0.0,0.814,1.0,75050.5,0.0
N3,N3-S-R048,1,True,R048,Jones Woods Park,R,16.914,Nature Area,1,0.0,0.0,,0,,,0.0,0.0,0.7968,1.0,153094.2,0.42
N3,N3-S-R050,1,True,R050,Forest Grove,R,0.402,Nature Area,1,0.0,0.0,,0,,,1.0,1.0,1.0081,1.0,50028.3,0.25
N3,N3-S-R052,1,True,R052,Allison Pond Park,R,9.289,Nature Area,1,0.0,0.0,,0,,,0.0,0.0,0.5997,1.0,89691.4,0.553
N3,N3-S-R053,1,True,R053,Harris Brothers Park,R,2.287,Neighborhood Park,1,0.0,0.0,,0,,,1.0,1.0,1.1479,1.0,53521.1,0.306
N3,N3-S-R059,1,True,R059,Von Briesen Park,R,13.929,Neighborhood Park,1,0.0,0.0,,0,,,1.0,1.0,1.0057,1.0,244411.2,0.076
N3,N3-S-R060,1,True,R060,Dodgers Triangle,R,0.034,Triangle/Plaza,1,0.0,0.0,,0,,,0.0,0.0,0.6835,1.0,36430.9,0.0
N3,N3-S-R061,1,True,R061,Rev. Dr. Maggie Howard Playground,R,4.094,Jointly Operated Playground,1,0.0,0.0,,0,,,1.0,1.0,0.7855,1.0,85040.3,0.0
N3,N3-S-R062,1,True,R062,Arrochar Playground,R,0.892,Jointly Operated Playground,1,0.0,0.0,,0,,,1.0,1.0,1.0989,1.0,56293.8,0.098
N3,N3-S-R063,1,True,R063,Old Town Playground,R,2.585,Playground,1,0.0,0.0,,0,,,0.0,0.0,1.1121,1.0,75034.5,0.0
N3,N3-S-R064,1,True,R064,Christopher J. Igneri Playground,R,1.145,Neighborhood Park,1,0.0,0.0,,0,,,0.0,0.0,0.9181,1.0,43750.3,0.0
N3,N3-S-R066,1,True,R066,North Shore Esplanade,R,1.616,Triangle/Plaza,1,0.0,0.0,,0,,,0.0,0.0,0.9995,1.0,122893.8,0.006
N3,N3-S-R067,1,True,R067,Gen. Douglas MacArthur Park,R,5.132,Community Park,1,0.0,0.0,,0,,,0.0,0.0,0.9943,1.0,101370.4,0.275
N3,N3-S-R068,1,True,R068,The Big Park,R,3.01,Neighborhood Park,1,0.0,0.0,,0,,,0.0,1.0,0.8736,1.0,74777.6,0.0
N3,N3-S-R069,1,True,R069,Terrace Playground,R,1.922,Jointly Operated Playground,1,0.0,0.0,,0,,,0.0,0.0,0.9905,1.0,73304.4,0.0
N3,N3-S-R070,1,True,R070,Clove's Tail,R,1.982,Recreational Field/Courts,1,0.0,0.0,,0,,,1.0,1.0,0.9641,1.0,61984.3,0.522
N3,N3-S-R071,1,True,R071,Great Kills Veterans Playground,R,1.064,Jointly Operated Playground,1,0.0,0.0,,0,,,0.0,0.0,0.8959,1.0,58529.5,0.0
N3,N3-S-R072,1,True,R072,Clawson Playground,R,3.591,Jointly Operated Playground,1,0.0,0.0,,0,,,0.0,1.0,0.9398,1.0,91217.6,0.0
N3,N3-S-R073,1,True,R073,Naples Playground,R,3.214,Jointly Operated Playground,1,0.0,0.0,,0,,,0.0,0.0,0.9224,1.0,76990.4,0.0
N3,N3-S-R075A,1,True,R075A,Father Macris Park,R,13.46,Recreational Field/Courts,1,0.0,0.0,,0,,,0.0,0.0,0.9655,1.0,144430.2,0.053
N3,N3-S-R075B,1,True,R075B,Westwood Park,R,6.559,Nature Area,1,0.0,0.0,,0,,,0.0,0.0,1.1028,1.0,96712.7,0.0
N3,N3-S-R075C,1,True,R075C,Ingram Woods,R,3.768,Nature Area,1,0.0,0.0,,0,,,0.0,0.0,0.9938,1.0,83549.5,0.0
N3,N3-S-R075E,1,True,R075E,Park,R,0.114,Strip,1,0.0,0.0,,0,,,0.0,0.0,1.2802,1.0,161040.6,0.344
N3,N3-S-R075F,1,True,R075F,Park,R,0.071,Strip,1,0.0,0.0,,0,,,0.0,0.0,0.3223,1.0,109775.6,0.211
N3,N3-S-R075G,1,True,R075G,Bradys Pond Park,R,6.398,Nature Area,1,0.0,0.0,,0,,,0.0,0.0,1.1426,1.0,116673.1,0.0
N3,N3-S-R076,1,True,R076,Markham Playground,R,2.835,Jointly Operated Playground,1,0.0,0.0,,0,,,1.0,1.0,0.9993,1.0,87704.1,0.221
N3,N3-S-R077,1,True,R077,St. George Park,R,0.092,Triangle/Plaza,1,0.0,0.0,,0,,,0.0,0.0,0.5594,1.0,39187.6,0.154
N3,N3-S-R078,1,True,R078,Northerleigh Park,R,3.953,Neighborhood Park,1,0.0,0.0,,0,,,0.0,0.0,0.8952,1.0,92992.4,0.0
N3,N3-S-R080,1,True,R080,Annadale Green,R,0.281,Triangle/Plaza,1,0.0,0.0,,0,,,0.0,1.0,0.9262,0.938,45188.8,0.0
N3,N3-S-R085,1,True,R085,E.M.T. Christopher J. Prescott Playground,R,1.124,Jointly Operated Playground,1,0.0,0.0,,0,,,0.0,0.0,0.9203,1.0,35785.8,0.749
N3,N3-S-R086,1,True,R086,Davis Playground,R,0.949,Jointly Operated Playground,1,0.0,0.0,,0,,,0.0,0.0,0.0,1.0,54524.6,0.493
N3,N3-S-R087,1,True,R087,Dongan Playground,R,1.05,Jointly Operated Playground,1,0.0,0.0,,0,,,0.0,0.0,0.9196,1.0,69369.5,0.0
N3,N3-S-R088,1,True,R088,High Rock Park,R,94.035,Nature Area,1,0.0,0.0,,0,,,0.0,0.0,0.7353,1.0,321245.5,0.0
N3,N3-S-R089,1,True,R089,Greencroft Playground,R,3.228,Jointly Operated Playground,1,0.0,0.0,,0,,,0.0,0.0,0.969,1.0,78053.0,0.0
N3,N3-S-R090,1,True,R090,Lieutenant John H. Martinson Playground,R,1.375,Jointly Operated Playground,1,0.0,0.0,,0,,,0.0,0.0,1.0306,1.0,62767.3,0.0
N3,N3-S-R094,1,True,R094,Park,R,1.177,Triangle/Plaza,1,0.0,0.0,,0,,,0.0,0.0,0.881,1.0,43782.8,0.375
N3,N3-S-R095,1,True,R095,Park,R,0.627,Nature Area,1,0.0,0.0,,0,,,0.0,0.0,0.8775,1.0,40505.1,0.231
N3,N3-S-R096,1,True,R096,Park,R,0.183,Triangle/Plaza,1,0.0,0.0,,0,,,0.0,0.0,0.8867,1.0,34902.0,0.397
N3,N3-S-R097,1,True,R097,Ida Court,R,1.599,Playground,1,0.0,0.0,,0,,,0.0,0.0,0.5737,0.938,50464.6,0.862
N3,N3-S-R098,1,True,R098,Park,R,5.845,Parkway,1,0.0,0.0,,0,,,0.0,0.0,0.8744,0.875,147354.8,0.311
N3,N3-S-R099,1,True,R099,Park,R,0.554,Nature Area,1,0.0,0.0,,0,,,0.0,0.0,0.9893,0.875,40327.3,0.002
N3,N3-S-R100,1,True,R100,Drumgoole Tot Lot,R,0.677,Playground,1,0.0,0.0,,0,,,0.0,0.0,0.9547,1.0,43746.6,0.0
N3,N3-S-R101,1,True,R101,Wegener Park,R,3.462,Nature Area,1,0.0,0.0,,0,,,0.0,1.0,1.044,0.875,67162.6,0.0
N3,N3-S-R102,1,True,R102,Park,R,0.006,Strip,1,0.0,0.0,,0,,,0.0,0.0,0.7794,1.0,33783.3,0.205
N3,N3-S-R103,1,True,R103,Park,R,0.006,Strip,1,0.0,0.0,,0,,,0.0,0.0,0.7609,0.938,33768.5,0.205
N3,N3-S-R105,1,True,R105,Prall Playground,R,1.306,Jointly Operated Playground,1,0.0,0.0,,0,,,1.0,1.0,1.0662,0.875,64954.4,0.1
N3,N3-S-R107,1,True,R107,New Dorp Park,R,0.785,Nature Area,1,0.0,0.0,,0,,,0.0,0.0,1.1712,1.0,55708.4,0.0
N3,N3-S-R109,1,True,R109,CPL. Thompson Park,R,10.782,Community Park,1,0.0,0.0,,0,,,0.0,1.0,0.8878,1.0,121181.1,0.0
N3,N3-S-R111,1,True,R111,Lt. Lia Playground,R,1.314,Playground,1,0.0,0.0,,0,,,1.0,1.0,1.0029,1.0,60950.1,0.088
N3,N3-S-R112#17,1,True,R112#17,Meredith Woods (17/25),R,0.032,Nature Area,1,0.0,0.0,,0,,,1.0,1.0,0.9355,1.0,78062.2,0.807
N3,N3-S-R112#18,1,True,R112#18,Meredith Woods (18/25),R,5.062,Nature Area,1,0.0,0.0,,0,,,0.0,0.0,1.1003,1.0,236669.5,0.563
N3,N3-S-R112#21,1,True,R112#21,Meredith Woods (21/25),R,0.028,Nature Area,1,0.0,0.0,,0,,,0.0,0.0,0.4476,0.0,63386.3,0.985
N3,N3-S-R112#22,1,True,R112#22,Meredith Woods (22/25),R,0.025,Nature Area,1,0.0,0.0,,0,,,0.0,0.0,0.0,0.0,78572.7,0.7
N3,N3-S-R112#24,1,True,R112#24,Meredith Woods (24/25),R,2.257,Nature Area,1,0.0,0.0,,0,,,0.0,0.0,1.0926,0.75,189743.0,0.637
N3,N3-S-R112#4,1,True,R112#4,Meredith Woods (4/25),R,0.032,Nature Area,1,0.0,0.0,,0,,,0.0,0.0,0.3864,1.0,72208.6,0.606
N3,N3-S-R112#6,1,True,R112#6,Meredith Woods (6/25),R,0.037,Nature Area,1,0.0,0.0,,0,,,0.0,0.0,0.0,1.0,78054.8,0.402
N3,N3-S-R112#9,1,True,R112#9,Meredith Woods (9/25),R,0.154,Nature Area,1,0.0,0.0,,0,,,0.0,0.0,0.0,1.0,221428.4,0.354
N3,N3-S-R114,1,True,R114,Jennifer's Playground,R,1.637,Neighborhood Park,1,0.0,0.0,,0,,,0.0,0.0,0.8763,0.938,64613.2,0.118
N3,N3-S-R115,1,True,R115,Deere Park,R,39.105,Nature Area,1,0.0,0.0,,0,,,0.0,0.0,0.5307,1.0,226882.4,0.0
N3,N3-S-R116,1,True,R116,Snug Harbor Cultural Center,R,84.216,Historic House Park,1,0.0,0.0,,0,,,1.0,1.0,1.0407,1.0,321504.0,0.093
N3,N3-S-R117,1,True,R117,Alice Austen Park,R,15.514,Historic House Park,1,0.0,0.0,,0,,,0.0,0.0,0.8267,1.0,152124.0,0.0
N3,N3-S-R118,1,True,R118,Reed's Basket Willow Swamp Park,R,52.648,Nature Area,1,0.0,0.0,,0,,,0.0,0.0,0.466,1.0,347340.0,0.0
N3,N3-S-R121,1,True,R121,Siedenburg Park,R,22.867,Nature Area,1,0.0,0.0,,0,,,0.0,0.0,0.8267,1.0,163597.8,0.0
N3,N3-S-R123,1,True,R123,Cottages Hill New Brighton Park,R,2.223,Neighborhood Park,1,0.0,0.0,,0,,,0.0,0.0,0.8127,1.0,67538.9,0.486
N3,N3-S-R124,1,True,R124,Eibs Pond Park,R,16.495,Nature Area,1,0.0,0.0,,0,,,0.0,0.0,0.7146,1.0,163307.8,0.035
N3,N3-S-R125,1,True,R125,Lopez Playground,R,1.115,Neighborhood Park,1,0.0,0.0,,0,,,0.0,1.0,1.1071,1.0,62230.7,0.105
N3,N3-S-R126,1,True,R126,Gaeta Park,R,1.789,Triangle/Plaza,1,0.0,0.0,,0,,,0.0,1.0,1.0652,1.0,76135.8,0.0
N3,N3-S-R127,1,True,R127,Joseph Manna Park,R,0.834,Triangle/Plaza,1,0.0,0.0,,0,,,1.0,1.0,0.9432,1.0,54320.0,0.513
N3,N3-S-R128,1,True,R128,Shooters Island,R,34.666,Nature Area,1,0.0,0.0,,0,,,0.0,0.0,,0.0,187203.8,0.0
N3,N3-S-R131,1,True,R131,Huguenot Ponds Park,R,1.531,Nature Area,1,0.0,0.0,,0,,,0.0,0.0,0.9585,1.0,68389.8,0.0
N3,N3-S-R132,1,True,R132,Bunker Ponds Park,R,25.352,Nature Area,1,0.0,0.0,,0,,,1.0,1.0,0.8486,1.0,200615.5,0.281
N3,N3-S-R133,1,True,R133,Arbutus Woods Park,R,2.619,Nature Area,1,0.0,0.0,,0,,,0.0,0.0,0.0,1.0,77244.6,0.001
N3,N3-S-R136,1,True,R136,Hybrid Oak Woods Park,R,9.756,Nature Area,1,0.0,0.0,,0,,,0.0,0.0,0.9513,1.0,126421.9,0.0
N3,N3-S-R137,1,True,R137,Bayview Terrace Park,R,16.959,Nature Area,1,0.0,0.0,,0,,,0.0,0.0,0.8076,1.0,160812.0,0.196
N3,N3-S-R137A,1,True,R137A,Garden,R,0.253,Garden,1,0.0,0.0,,0,,,0.0,0.0,0.8336,1.0,31410.3,0.955
N3,N3-S-R138,1,True,R138,Kingdom Pond Park,R,4.122,Nature Area,1,0.0,0.0,,0,,,1.0,1.0,1.0454,1.0,83382.9,0.358
N3,N3-S-R139,1,True,R139,Tottenville Shore Park,R,9.545,Nature Area,1,0.0,0.0,,0,,,0.0,0.0,0.8088,1.0,207799.2,0.0
N3,N3-S-R140,1,True,R140,King Fisher Park,R,16.829,Nature Area,1,0.0,0.0,,0,,,0.0,0.0,0.8582,1.0,185861.7,0.0
N3,N3-S-R141,1,True,R141,Graniteville Swamp Park,R,9.181,Nature Area,1,0.0,0.0,,0,,,1.0,1.0,0.9653,0.938,126753.1,0.312
N3,N3-S-R144,1,True,R144,Sobel Court Park,R,1.137,Playground,1,0.0,0.0,,0,,,1.0,1.0,1.1447,1.0,63757.8,0.0
N3,N3-S-R145,1,True,R145,Seaside Wildlife Nature Park,R,19.319,Neighborhood Park,1,0.0,0.0,,0,,,1.0,1.0,0.7437,1.0,155817.4,0.0
N3,N3-S-R146,1,True,R146,Joe Holzka Community Garden,R,0.445,Garden,1,0.0,0.0,,0,,,1.0,1.0,0.9339,0.875,51805.3,0.0
N3,N3-S-R147,1,True,R147,South Beach Wetlands,R,5.185,Nature Area,1,0.0,0.0,,0,,,0.0,0.0,,0.0,95159.7,0.0
N3,N3-S-R148,1,True,R148,Last Chance Pond Park,R,3.979,Nature Area,1,0.0,0.0,,0,,,0.0,0.0,0.9287,1.0,91839.2,0.303
N3,N3-S-R150,1,True,R150,Graniteville Quarry Park,R,4.463,Nature Area,1,0.0,0.0,,0,,,1.0,1.0,0.889,1.0,90968.4,0.0
N3,N3-S-R151,1,True,R151,Isle Of Meadows,R,87.456,Nature Area,1,0.0,0.0,,0,,,0.0,0.0,,0.0,272895.6,0.0
N3,N3-S-R152,1,True,R152,Carlton Park,R,1.284,Nature Area,1,0.0,0.0,,0,,,0.0,0.0,1.0268,1.0,65140.3,0.0
N3,N3-S-R153,1,True,R153,Fairview Park,R,43.856,Community Park,1,0.0,0.0,,0,,,0.0,0.0,0.8386,1.0,366314.4,0.042
N3,N3-S-R156,1,True,R156,Sylvan Grove Cemetery,R,2.684,Triangle/Plaza,1,0.0,0.0,,0,,,0.0,1.0,1.0447,1.0,77032.8,0.427
N3,N3-S-R158,1,True,R158,Fort Hill Park,R,0.776,Nature Area,1,0.0,0.0,,0,,,0.0,0.0,0.8431,1.0,58989.6,0.0
N3,N3-S-R159,1,True,R159,Old Place Creek Park,R,45.803,Nature Area,1,0.0,0.0,,0,,,0.0,0.0,1.1286,1.0,428932.7,0.0
N3,N3-S-R160,1,True,R160,Heritage Park,R,9.928,Neighborhood Park,1,0.0,0.0,,0,,,0.0,0.0,0.7953,1.0,129379.7,0.0
N3,N3-S-R161,1,True,R161,Laredo Avenue Parcel,R,2.222,Nature Area,1,0.0,0.0,,0,,,0.0,1.0,0.8124,0.938,81613.0,0.0
N3,N3-S-R162,1,True,R162,Olmsted-Beil House Park,R,2.76,Historic House Park,1,0.0,0.0,,0,,,1.0,1.0,0.6469,1.0,79738.8,0.0
N3,N3-S-R164,1,True,R164,Targee Street Triangle,R,0.201,Triangle/Plaza,1,0.0,0.0,,0,,,0.0,1.0,1.1561,1.0,51485.8,0.0
N3,N3-S-R165,1,True,R165,Blueberry Park,R,0.724,Neighborhood Park,1,0.0,0.0,,0,,,0.0,0.0,0.9836,1.0,57073.0,0.028
N3,N3-S-R166,1,True,R166,Manor Park,R,1.777,Nature Area,1,0.0,0.0,,0,,,0.0,0.0,1.002,1.0,53736.5,0.0
N3,N3-S-R167,1,True,R167,Richmond Terrace Park,R,11.186,Nature Area,1,0.0,0.0,,0,,,0.0,0.0,1.0148,1.0,119807.7,0.0
N3,N3-S-R168,1,True,R168,Park,R,0.05,Triangle/Plaza,1,0.0,0.0,,0,,,0.0,0.0,0.8628,1.0,37693.1,0.0
N3,N3-S-R169,1,True,R169,Goodhue Park,R,26.515,Neighborhood Park,1,0.0,0.0,,0,,,0.0,0.0,0.5862,1.0,166591.5,0.324
N3,N3-S-R170,1,True,R170,Stapleton Esplanade,R,4.6,Waterfront Facility,1,0.0,0.0,,0,,,0.0,0.0,0.8544,1.0,133218.2,0.042
N3,N3-S-R173,1,True,R173,Snug Harbor Cemetery,R,6.485,Nature Area,1,0.0,0.0,,0,,,0.0,0.0,0.4539,1.0,55690.5,0.732
N3,N3-S-X001,1,True,X001,Aqueduct Walk,X,2.098,Community Park,1,0.0,0.0,,0,,,1.0,1.0,1.0292,1.0,159609.8,0.478
N3,N3-S-X001A#1,1,True,X001A#1,Aqueduct Walk (1/5),X,1.553,Community Park,1,0.0,0.0,,0,,,1.0,1.0,0.9336,1.0,96634.2,0.695
N3,N3-S-X001A#2,1,True,X001A#2,Aqueduct Walk (2/5),X,1.847,Community Park,1,0.0,0.0,,0,,,0.0,0.0,0.9715,1.0,98912.9,0.698
N3,N3-S-X001A#3,1,True,X001A#3,Aqueduct Walk (3/5),X,1.947,Community Park,1,0.0,0.0,,0,,,1.0,1.0,1.0284,1.0,93468.5,0.678
N3,N3-S-X001A#4,1,True,X001A#4,Aqueduct Walk (4/5),X,1.571,Community Park,1,0.0,0.0,,0,,,0.0,0.0,0.8497,0.875,99303.0,0.371
N3,N3-S-X001A#5,1,True,X001A#5,Aqueduct Walk (5/5),X,1.326,Community Park,1,0.0,0.0,,0,,,0.0,0.0,0.8608,1.0,97175.1,0.645
N3,N3-S-X001B,1,True,X001B,Barnhill Square,X,0.071,Triangle/Plaza,1,0.0,0.0,,0,,,0.0,0.0,1.1188,0.875,37157.1,0.717
N3,N3-S-X005,1,True,X005,Bryan Park,X,0.139,Triangle/Plaza,1,0.0,0.0,,0,,,1.0,1.0,1.0643,1.0,41916.8,0.0
N3,N3-S-X006,1,True,X006,Bergen Triangle,X,0.172,Triangle/Plaza,1,0.0,0.0,,0,,,1.0,1.0,1.0939,1.0,46716.5,0.046
N3,N3-S-X007,1,True,X007,Castle Hill Park,X,8.569,Neighborhood Park,1,0.0,0.0,,0,,,0.0,0.0,0.8053,1.0,144502.3,0.384
N3,N3-S-X008,1,True,X008,Claremont Park,X,38.26,Community Park,1,0.0,0.0,,0,,,0.0,0.0,1.0673,1.0,208699.7,0.579
N3,N3-S-X009,1,True,X009,Monsignor Raul Del Valle Square,X,0.402,Triangle/Plaza,1,0.0,0.0,,0,,,0.0,0.0,1.027,1.0,47926.8,0.087
N3,N3-S-X010A,1,True,X010A,Walter Gladwin Park,X,15.022,Neighborhood Park,1,0.0,0.0,,0,,,1.0,1.0,1.0437,0.875,129262.9,0.334
N3,N3-S-X011#1,1,True,X011#1,Crotona Parkway Malls (1/3),X,1.022,Mall,1,0.0,0.0,,0,,,0.0,0.0,1.1336,1.0,76375.4,0.776
N3,N3-S-X011#2,1,True,X011#2,Crotona Parkway Malls (2/3),X,1.485,Mall,1,0.0,0.0,,0,,,1.0,1.0,1.078,1.0,117179.3,0.66
N3,N3-S-X011#3,1,True,X011#3,Crotona Parkway Malls (3/3),X,1.083,Mall,1,0.0,0.0,,0,,,0.0,1.0,1.1218,1.0,105859.5,0.894
N3,N3-S-X012,1,True,X012,Church Triangle,X,0.077,Triangle/Plaza,1,0.0,0.0,,0,,,0.0,1.0,1.0748,1.0,40224.2,0.178
N3,N3-S-X013,1,True,X013,Devoe Park,X,5.454,Neighborhood Park,1,0.0,0.0,,0,,,1.0,1.0,1.0317,1.0,116571.2,0.424
N3,N3-S-X014,1,True,X014,Horseshoe Playground,X,0.438,Playground,1,0.0,0.0,,0,,,0.0,0.0,0.8615,1.0,47127.8,0.382
N3,N3-S-X015,1,True,X015,Joseph Rodman Drake Park & Enslaved African Burial Ground,X,2.536,Neighborhood Park,1,0.0,0.0,,0,,,0.0,0.0,1.0263,1.0,74435.5,0.0
N3,N3-S-X016,1,True,X016,Owen F. Dolen Park,X,1.414,Neighborhood Park,1,0.0,0.0,,0,,,1.0,1.0,0.9502,1.0,62575.9,0.0
N3,N3-S-X017,1,True,X017,Richman (Echo) Park,X,4.405,Neighborhood Park,1,0.0,0.0,,0,,,0.0,1.0,0.9295,0.938,92689.6,0.26
N3,N3-S-X018,1,True,X018,Echo Triangle,X,0.062,Triangle/Plaza,1,0.0,0.0,,0,,,0.0,0.0,1.0174,1.0,39012.2,0.0
N3,N3-S-X019,1,True,X019,Ewen Park,X,7.878,Neighborhood Park,1,0.0,0.0,,0,,,0.0,0.0,0.9979,1.0,102921.4,0.0
N3,N3-S-X020,1,True,X020,Fort Independence Playground,X,2.726,Playground,1,0.0,0.0,,0,,,0.0,0.0,0.8467,1.0,110448.1,0.0
N3,N3-S-X022,1,True,X022,Benjamin Gladstone Square,X,0.098,Triangle/Plaza,1,0.0,0.0,,0,,,0.0,1.0,1.0809,1.0,40971.7,0.615
N3,N3-S-X023,1,True,X023,Graham Triangle,X,0.126,Triangle/Plaza,1,0.0,0.0,,0,,,0.0,1.0,1.1121,0.875,44474.6,0.0
N3,N3-S-X025,1,True,X025,Hugh J. Grant Circle,X,1.338,Triangle/Plaza,1,0.0,0.0,,0,,,0.0,1.0,1.033,0.875,53582.7,0.434
N3,N3-S-X026,1,True,X026,Hines Park,X,0.385,Playground,1,0.0,0.0,,0,,,0.0,1.0,0.8472,1.0,57705.2,0.897
N3,N3-S-X028,1,True,X028,Joyce Kilmer Park,X,6.189,Community Park,1,0.0,0.0,,0,,,1.0,1.0,1.0389,0.875,107270.1,0.028
N3,N3-S-X029,1,True,X029,Lyons Square Playground,X,1.247,Playground,1,0.0,0.0,,0,,,0.0,0.0,1.03,0.625,61762.5,0.185
N3,N3-S-X030,1,True,X030,Macombs Dam Park,X,44.091,Community Park,1,0.0,0.0,,0,,,1.0,1.0,0.9478,1.0,271071.5,0.239
N3,N3-S-X031,1,True,X031,McKinley Square,X,0.102,Triangle/Plaza,1,0.0,0.0,,0,,,0.0,0.0,1.0765,1.0,40081.5,0.449
N3,N3-S-X032,1,True,X032,Railroad Park,X,0.741,Neighborhood Park,1,0.0,0.0,,0,,,0.0,0.0,1.0048,0.875,54630.7,0.465
N3,N3-S-X033#1,1,True,X033#1,Mosholu Parkway (1/5),X,10.911,Parkway,1,0.0,0.0,,0,,,0.0,0.0,1.0371,1.0,121808.9,0.794
N3,N3-S-X033#2,1,True,X033#2,Mosholu Parkway (2/5),X,12.049,Parkway,1,0.0,0.0,,0,,,0.0,1.0,1.0285,1.0,120554.7,0.762
N3,N3-S-X033#3,1,True,X033#3,Mosholu Parkway (3/5),X,10.18,Parkway,1,0.0,0.0,,0,,,0.0,0.0,1.0284,1.0,125339.9,0.306
N3,N3-S-X033#4,1,True,X033#4,Mosholu Parkway (4/5),X,11.433,Parkway,1,0.0,0.0,,0,,,0.0,0.0,0.9395,1.0,98847.1,0.363
N3,N3-S-X033#5,1,True,X033#5,Mosholu Parkway (5/5),X,11.664,Parkway,1,0.0,0.0,,0,,,1.0,1.0,1.0531,1.0,125985.1,0.595
N3,N3-S-X034,1,True,X034,Rev. T. Wendell Foster Park and Recreation Center,X,15.041,Community Park,1,0.0,0.0,,0,,,1.0,1.0,1.0442,1.0,120650.6,0.421
N3,N3-S-X035,1,True,X035,Muller Triangle,X,0.035,Triangle/Plaza,1,0.0,0.0,,0,,,1.0,1.0,1.1671,0.5,36268.7,0.195
N3,N3-S-X036,1,True,X036,Murphy Triangle,X,0.103,Triangle/Plaza,1,0.0,0.0,,0,,,0.0,0.0,1.0759,0.938,38439.7,0.765
N3,N3-S-X037,1,True,X037,O'Brien Oval,X,0.232,Triangle/Plaza,1,0.0,0.0,,0,,,1.0,1.0,1.1438,0.688,38350.6,0.628
N3,N3-S-X038,1,True,X038,Washington's Walk,X,4.788,Neighborhood Park,1,0.0,0.0,,0,,,0.0,0.0,0.8587,0.625,169196.0,0.0
N3,N3-S-X040,1,True,X040,Poe Park,X,2.28,Playground,1,0.0,0.0,,0,,,0.0,0.0,1.0059,0.938,78108.2,0.204
N3,N3-S-X041,1,True,X041,Pulaski Park,X,1.455,Recreational Field/Courts,1,0.0,0.0,,0,,,0.0,0.0,0.8884,0.875,67984.1,0.013
N3,N3-S-X042,1,True,X042,Rose Hill Park,X,0.745,Triangle/Plaza,1,0.0,0.0,,0,,,1.0,1.0,0.8813,0.688,68538.0,0.0
N3,N3-S-X043,1,True,X043,Ryan Triangle,X,0.188,Triangle/Plaza,1,0.0,0.0,,0,,,0.0,1.0,1.2041,1.0,41743.9,0.458
N3,N3-S-X044,1,True,X044,St. James Park,X,11.627,Neighborhood Park,1,0.0,0.0,,0,,,0.0,1.0,1.0509,0.75,120590.6,0.294
N3,N3-S-X045,1,True,X045,St. Mary's Park,X,35.19,Community Park,1,0.0,0.0,,0,,,0.0,1.0,0.9993,1.0,186297.4,0.156
N3,N3-S-X046,1,True,X046,Seton Falls Park,X,34.841,Nature Area,1,0.0,0.0,,0,,,0.0,1.0,1.0055,1.0,189529.8,0.142
N3,N3-S-X047,1,True,X047,Franz Sigel Park,X,15.36,Community Park,1,0.0,0.0,,0,,,0.0,0.0,0.9816,0.75,165217.0,0.113
N3,N3-S-X049,1,True,X049,Schneider Sampson Square,X,0.208,Mall,1,0.0,0.0,,0,,,0.0,0.0,1.0525,1.0,49435.1,0.138
N3,N3-S-X051,1,True,X051,University Woods,X,3.25,Neighborhood Park,1,0.0,0.0,,0,,,1.0,1.0,0.9558,0.875,101597.6,0.309
N3,N3-S-X052,1,True,X052,Triangle,X,0.055,Triangle/Plaza,1,0.0,0.0,,0,,,0.0,1.0,1.0318,0.625,36898.9,0.784
N3,N3-S-X053,1,True,X053,O'Neill Triangle,X,0.636,Neighborhood Park,1,0.0,0.0,,0,,,0.0,0.0,1.001,0.938,57739.6,0.821
N3,N3-S-X055,1,True,X055,Brust Park,X,2.099,Neighborhood Park,1,0.0,0.0,,0,,,0.0,0.0,0.9406,1.0,83507.3,0.044
N3,N3-S-X056,1,True,X056,Park,X,0.051,Triangle/Plaza,1,0.0,0.0,,0,,,0.0,0.0,1.0958,1.0,37818.6,0.525
N3,N3-S-X057,1,True,X057,Michel Triangle,X,0.412,Triangle/Plaza,1,0.0,0.0,,0,,,0.0,0.0,1.0114,1.0,35852.9,0.89
N3,N3-S-X058,1,True,X058,Keltch Park,X,0.418,Triangle/Plaza,1,0.0,0.0,,0,,,1.0,1.0,1.0469,0.875,62349.1,0.0
N3,N3-S-X059,1,True,X059,Sergeant Johnson Triangle,X,0.116,Triangle/Plaza,1,0.0,0.0,,0,,,0.0,0.0,1.1181,0.75,31574.1,0.0
N3,N3-S-X060,1,True,X060,Sheridan Triangle,X,0.071,Triangle/Plaza,1,0.0,0.0,,0,,,0.0,0.0,1.0203,1.0,27016.5,0.0
N3,N3-S-X061,1,True,X061,Flood Triangle,X,0.078,Triangle/Plaza,1,0.0,0.0,,0,,,0.0,0.0,0.9578,1.0,40155.5,0.126
N3,N3-S-X062,1,True,X062,Beatty Plaza,X,0.092,Triangle/Plaza,1,0.0,0.0,,0,,,0.0,0.0,0.9116,1.0,39835.7,0.508
N3,N3-S-X063,1,True,X063,Martin Luther King Triangle,X,0.034,Triangle/Plaza,1,0.0,0.0,,0,,,0.0,0.0,0.586,1.0,37116.4,0.0
N3,N3-S-X064,1,True,X064,Bryant Triangle,X,0.082,Triangle/Plaza,1,0.0,0.0,,0,,,0.0,1.0,1.1451,1.0,40317.8,0.329
N3,N3-S-X065,1,True,X065,Woodrow Wilson Triangle,X,0.02,Triangle/Plaza,1,0.0,0.0,,0,,,0.0,1.0,0.8438,1.0,35904.9,0.105
N3,N3-S-X067,1,True,X067,Martin Luther King Triangle,X,0.104,Triangle/Plaza,1,0.0,0.0,,0,,,0.0,0.0,1.0366,0.375,40967.5,0.0
N3,N3-S-X068,1,True,X068,D'Auria-Murphy Triangle,X,0.183,Triangle/Plaza,1,0.0,0.0,,0,,,0.0,0.0,1.1237,1.0,43482.3,0.301
N3,N3-S-X069,1,True,X069,Hutton Triangle,X,0.109,Triangle/Plaza,1,0.0,0.0,,0,,,0.0,0.0,1.0615,1.0,39919.2,0.653
N3,N3-S-X071,1,True,X071,Whalen Grove,X,0.122,Triangle/Plaza,1,0.0,0.0,,0,,,0.0,0.0,1.0385,0.75,41056.6,0.352
N3,N3-S-X073,1,True,X073,Young Park,X,0.058,Triangle/Plaza,1,0.0,0.0,,0,,,0.0,1.0,1.0671,0.625,38080.0,0.0
N3,N3-S-X077,1,True,X077,Featherbed Triangle,X,0.124,Triangle/Plaza,1,0.0,0.0,,0,,,0.0,0.0,0.95,1.0,42582.9,0.866
N3,N3-S-X078,1,True,X078,Franklin Triangle,X,0.02,Triangle/Plaza,1,0.0,0.0,,0,,,0.0,0.0,0.863,0.812,36074.3,0.314
N3,N3-S-X079,1,True,X079,Major General John R Brown Triangle,X,0.124,Triangle/Plaza,1,0.0,0.0,,0,,,0.0,1.0,0.9782,1.0,41737.3,0.0
N3,N3-S-X080,1,True,X080,Henry Hudson Park,X,8.71,Neighborhood Park,1,0.0,0.0,,0,,,0.0,0.0,0.8911,1.0,126519.8,0.55
N3,N3-S-X081,1,True,X081,Mount Eden Malls,X,1.615,Mall,1,0.0,0.0,,0,,,0.0,0.0,1.0588,1.0,105151.6,0.479
N3,N3-S-X082,1,True,X082,University Malls,X,0.743,Mall,1,0.0,0.0,,0,,,0.0,0.0,1.0643,0.875,123916.1,0.498
N3,N3-S-X084,1,True,X084,D'Onofrio Square,X,0.396,Triangle/Plaza,1,0.0,0.0,,0,,,0.0,0.0,1.0079,1.0,59029.9,0.161
N3,N3-S-X085,1,True,X085,Slattery Playground,X,0.933,Playground,1,0.0,0.0,,0,,,0.0,0.0,1.1189,1.0,55992.2,0.0
N3,N3-S-X086,1,True,X086,Charlton-Thompson Garden,X,0.448,Neighborhood Park,1,0.0,0.0,,0,,,0.0,0.0,0.3249,1.0,49151.9,0.658
N3,N3-S-X087,1,True,X087,Zimmerman Playground,X,1.002,Playground,1,0.0,0.0,,0,,,0.0,0.0,0.8371,1.0,57612.0,0.054
N3,N3-S-X088,1,True,X088,Pugsley Creek Park,X,67.979,Nature Area,1,0.0,0.0,,0,,,0.0,1.0,0.8508,1.0,349850.5,0.333
N3,N3-S-X088A,1,True,X088A,Waterfront Garden,X,0.278,Garden,1,0.0,0.0,,0,,,0.0,0.0,0.3784,1.0,33902.5,0.774
N3,N3-S-X088B,1,True,X088B,Clason Point Park,X,14.864,Community Park,1,0.0,0.0,,0,,,0.0,0.0,0.6786,1.0,122406.4,0.263
N3,N3-S-X090,1,True,X090,Spuyten Duyvil Shorefront Park,X,6.695,Nature Area,1,0.0,0.0,,0,,,0.0,0.0,0.7197,1.0,154218.4,0.245
N3,N3-S-X091,1,True,X091,Park,X,0.21,Triangle/Plaza,1,0.0,0.0,,0,,,0.0,0.0,0.8291,1.0,34499.9,1.0
N3,N3-S-X093,1,True,X093,Van Nest Park,X,0.382,Playground,1,0.0,0.0,,0,,,0.0,1.0,1.0423,1.0,53547.8,0.0
N3,N3-S-X094,1,True,X094,Bridge Park,X,7.152,Neighborhood Park,1,0.0,0.0,,0,,,0.0,0.0,0.3987,1.0,251192.7,0.451
N3,N3-S-X095,1,True,X095,Marcus Garvey Square,X,1.206,Triangle/Plaza,1,0.0,0.0,,0,,,1.0,1.0,0.9881,1.0,80878.7,0.113
N3,N3-S-X096,1,True,X096,Rita Ley Triangle,X,0.019,Triangle/Plaza,1,0.0,0.0,,0,,,0.0,0.0,0.8258,1.0,23168.0,0.0
N3,N3-S-X101A,1,True,X101A,Samuel H. Young Park,X,1.421,Recreational Field/Courts,1,0.0,0.0,,0,,,1.0,1.0,1.0446,1.0,51931.4,0.697
N3,N3-S-X102,1,True,X102,Ciccarone Park,X,0.799,Neighborhood Park,1,0.0,0.0,,0,,,0.0,0.0,1.0647,1.0,54151.5,0.0
N3,N3-S-X103,1,True,X103,People's Park,X,1.4,Playground,1,0.0,0.0,,0,,,0.0,0.0,1.2088,0.5,62832.3,0.54
N3,N3-S-X104,1,True,X104,Williamsbridge Oval,X,18.873,Neighborhood Park,1,0.0,0.0,,0,,,1.0,1.0,0.9689,1.0,130841.6,0.237
N3,N3-S-X105,1,True,X105,Jerome Slope,X,0.786,Nature Area,1,0.0,0.0,,0,,,1.0,1.0,0.9551,0.938,50126.2,0.718
N3,N3-S-X106,1,True,X106,Evelina Antonetty Playground,X,0.714,Playground,1,0.0,0.0,,0,,,0.0,0.0,0.8841,0.75,54200.5,0.0
N3,N3-S-X107,1,True,X107,Hawkins Park,X,0.145,Triangle/Plaza,1,0.0,0.0,,0,,,1.0,1.0,1.044,0.938,41175.4,0.0
N3,N3-S-X108,1,True,X108,Belmont Playground,X,2.195,Playground,1,0.0,0.0,,0,,,0.0,0.0,0.9922,0.75,71629.4,0.465
N3,N3-S-X110#1,1,True,X110#1,Henry Hudson Parkway (1/8),X,1.064,Parkway,1,0.0,0.0,,0,,,0.0,0.0,0.9856,0.812,122599.9,0.578
N3,N3-S-X110#2,1,True,X110#2,Henry Hudson Parkway (2/8),X,1.127,Parkway,1,0.0,0.0,,0,,,0.0,0.0,0.8926,1.0,142895.5,0.458
N3,N3-S-X110#3,1,True,X110#3,Henry Hudson Parkway (3/8),X,4.156,Parkway,1,0.0,0.0,,0,,,0.0,0.0,1.0816,1.0,106320.7,0.664
N3,N3-S-X110#4,1,True,X110#4,Henry Hudson Parkway (4/8),X,2.042,Parkway,1,0.0,0.0,,0,,,0.0,1.0,1.0063,0.875,148449.7,0.678
N3,N3-S-X110#5,1,True,X110#5,Henry Hudson Parkway (5/8),X,0.792,Parkway,1,0.0,0.0,,0,,,0.0,0.0,0.8751,1.0,138719.2,0.892
N3,N3-S-X110#6,1,True,X110#6,Henry Hudson Parkway (6/8),X,4.669,Parkway,1,0.0,0.0,,0,,,0.0,0.0,0.6835,1.0,98994.9,0.363
N3,N3-S-X110#7,1,True,X110#7,Henry Hudson Parkway (7/8),X,1.067,Parkway,1,0.0,0.0,,0,,,0.0,0.0,1.1161,0.875,128951.8,0.558
N3,N3-S-X110#8,1,True,X110#8,Henry Hudson Parkway (8/8),X,4.766,Parkway,1,0.0,0.0,,0,,,0.0,0.0,1.0302,0.75,123264.5,0.731
N3,N3-S-X110A,1,True,X110A,Hackett Park,X,0.831,Triangle/Plaza,1,0.0,0.0,,0,,,0.0,0.0,0.936,0.812,32089.7,1.0
N3,N3-S-X110B,1,True,X110B,Phyllis Post Goodman Park,X,0.42,Triangle/Plaza,1,0.0,0.0,,0,,,0.0,0.0,0.7945,1.0,45812.3,0.898
N3,N3-S-X110C,1,True,X110C,Park,X,0.682,Triangle/Plaza,1,0.0,0.0,,0,,,0.0,0.0,0.7045,1.0,58289.4,0.868
N3,N3-S-X110D,1,True,X110D,Bell Tower Park,X,0.112,Triangle/Plaza,1,0.0,0.0,,0,,,0.0,1.0,0.988,0.688,33509.5,1.0
N3,N3-S-X111,1,True,X111,Cedar Playground,X,1.8,Neighborhood Park,1,0.0,0.0,,0,,,0.0,0.0,0.9896,0.875,69109.7,0.267
N3,N3-S-X113,1,True,X113,Hunts Point Playground,X,0.732,Jointly Operated Playground,1,0.0,0.0,,0,,,0.0,0.0,1.1471,1.0,53777.5,0.0
N3,N3-S-X114,1,True,X114,Goble Playground,X,0.461,Playground,1,0.0,0.0,,0,,,0.0,0.0,0.9711,1.0,49178.1,0.48
N3,N3-S-X115,1,True,X115,Mott Playground,X,0.958,Jointly Operated Playground,1,0.0,0.0,,0,,,0.0,1.0,0.9071,0.562,56304.5,0.0
N3,N3-S-X116,1,True,X116,Rev J Polite Playground,X,1.787,Jointly Operated Playground,1,0.0,0.0,,0,,,0.0,0.0,1.0545,1.0,73912.0,0.0
N3,N3-S-X118A,1,True,X118A,Harding Park Beautification Project,X,1.09,Garden,1,0.0,0.0,,0,,,0.0,0.0,0.7424,1.0,39616.5,0.392
N3,N3-S-X119,1,True,X119,Alexander's Alley,X,0.106,Neighborhood Park,1,0.0,0.0,,0,,,0.0,0.0,1.1306,0.75,32993.5,0.854
N3,N3-S-X120,1,True,X120,Highbridge Park,X,0.81,Neighborhood Park,1,0.0,0.0,,0,,,0.0,1.0,0.9179,1.0,61050.2,0.352
N3,N3-S-X121,1,True,X121,Bufano Park,X,1.909,Playground,1,0.0,0.0,,0,,,0.0,0.0,1.1047,1.0,68648.8,0.0
N3,N3-S-X122,1,True,X122,Colucci Playground,X,4.014,Neighborhood Park,1,0.0,0.0,,0,,,0.0,0.0,0.9536,1.0,75611.1,0.0
N3,N3-S-X123,1,True,X123,Noble Playground,X,3.212,Playground,1,0.0,0.0,,0,,,0.0,0.0,0.6872,0.875,71077.5,0.009
N3,N3-S-X124,1,True,X124,Watson Gleason Playground,X,3.381,Neighborhood Park,1,0.0,0.0,,0,,,0.0,1.0,0.9751,1.0,87730.9,0.0
N3,N3-S-X129,1,True,X129,Devanney Triangle,X,0.202,Triangle/Plaza,1,0.0,0.0,,0,,,0.0,0.0,1.065,0.875,48113.6,0.608
N3,N3-S-X130,1,True,X130,Barry Plaza,X,0.105,Triangle/Plaza,1,0.0,0.0,,0,,,0.0,0.0,1.148,1.0,38356.7,0.779
N3,N3-S-X131,1,True,X131,Lozada Playground,X,1.033,Jointly Operated Playground,1,0.0,0.0,,0,,,0.0,0.0,0.696,0.625,57472.7,0.001
N3,N3-S-X133,1,True,X133,Derosa O'Boyle Triangle,X,0.117,Triangle/Plaza,1,0.0,0.0,,0,,,0.0,1.0,1.1296,1.0,40371.5,0.0
N3,N3-S-X134,1,True,X134,Freeman Triangle,X,0.026,Triangle/Plaza,1,0.0,0.0,,0,,,0.0,0.0,1.1192,0.625,36255.7,0.236
N3,N3-S-X136,1,True,X136,Harris Park,X,14.623,Neighborhood Park,1,0.0,0.0,,0,,,0.0,1.0,0.956,0.875,120774.7,0.294
N3,N3-S-X137,1,True,X137,Jerome Park,X,4.242,Neighborhood Park,1,0.0,0.0,,0,,,0.0,0.0,0.9641,0.625,171021.5,0.231
N3,N3-S-X138,1,True,X138,Playground One Thirty Four CXXXIV,X,1.95,Neighborhood Park,1,0.0,0.0,,0,,,0.0,0.0,0.6905,0.875,83689.9,0.262
N3,N3-S-X139,1,True,X139,Gouverneur Morris Triangle,X,0.036,Triangle/Plaza,1,0.0,0.0,,0,,,0.0,1.0,1.178,0.625,36284.0,0.0
N3,N3-S-X141,1,True,X141,Rienzi Playground,X,1.237,Jointly Operated Playground,1,0.0,0.0,,0,,,0.0,0.0,1.0248,1.0,59670.0,0.0
N3,N3-S-X145,1,True,X145,La Finca del Sur Community Garden,X,0.254,Garden,1,0.0,0.0,,0,,,0.0,1.0,1.2586,0.5,48899.9,0.0
N3,N3-S-X146,1,True,X146,Flynn Playground,X,0.828,Playground,1,0.0,0.0,,0,,,0.0,0.0,1.1133,0.75,53931.1,0.8
N3,N3-S-X147A,1,True,X147A,Starlight Park,X,17.248,Neighborhood Park,1,0.0,0.0,,0,,,0.0,1.0,0.6131,0.875,234540.6,0.181
N3,N3-S-X147B,1,True,X147B,Daniel Boone Playground,X,1.295,Playground,1,0.0,0.0,,0,,,0.0,0.0,0.84,0.875,76340.9,0.444
N3,N3-S-X148A,1,True,X148A,Park,X,0.017,Strip,1,0.0,0.0,,0,,,0.0,0.0,0.8643,0.875,35366.2,0.958
N3,N3-S-X148A1,1,True,X148A1,Park,X,0.032,Strip,1,0.0,0.0,,0,,,0.0,0.0,1.1114,0.625,37516.6,0.739
N3,N3-S-X148A2,1,True,X148A2,Plimpton Playground,X,0.926,Playground,1,0.0,0.0,,0,,,0.0,0.0,0.9632,1.0,63021.1,0.716
N3,N3-S-X148A3,1,True,X148A3,Bridge Playground,X,0.631,Playground,1,0.0,0.0,,0,,,0.0,0.0,1.0212,1.0,54080.3,0.49
N3,N3-S-X148A4,1,True,X148A4,Park,X,0.153,Parkway,1,0.0,0.0,,0,,,0.0,0.0,0.8578,0.875,44921.8,0.994
N3,N3-S-X148B,1,True,X148B,Park,X,0.027,Strip,1,0.0,0.0,,0,,,0.0,0.0,1.061,0.75,45557.2,0.839
N3,N3-S-X148B1,1,True,X148B1,Park,X,0.028,Strip,1,0.0,0.0,,0,,,0.0,0.0,0.9984,0.75,39623.6,0.982
N3,N3-S-X148B2,1,True,X148B2,Park,X,0.039,Triangle/Plaza,1,0.0,0.0,,0,,,0.0,0.0,1.055,1.0,38545.0,1.0
N3,N3-S-X148C,1,True,X148C,Park,X,0.029,Strip,1,0.0,0.0,,0,,,0.0,0.0,0.4837,1.0,43487.4,0.924
N3,N3-S-X148C1,1,True,X148C1,Featherbenches,X,0.213,Triangle/Plaza,1,0.0,0.0,,0,,,0.0,1.0,0.9596,0.875,47677.1,0.973
N3,N3-S-X148C3,1,True,X148C3,Inwood Park,X,0.354,Triangle/Plaza,1,0.0,0.0,,0,,,0.0,0.0,0.9095,1.0,50496.0,0.912
N3,N3-S-X148C4,1,True,X148C4,Townsend Walk,X,0.037,Strip,1,0.0,0.0,,0,,,0.0,1.0,0.8117,0.875,42698.1,0.87
N3,N3-S-X148C5,1,True,X148C5,Jennie Jerome Playground,X,0.288,Playground,1,0.0,0.0,,0,,,0.0,1.0,1.2062,0.875,42297.5,1.0
N3,N3-S-X148C6,1,True,X148C6,Walton Walk,X,0.037,Strip,1,0.0,0.0,,0,,,0.0,0.0,0.7217,0.688,40528.8,1.0
N3,N3-S-X148C7,1,True,X148C7,Jerome Playground South,X,0.336,Recreational Field/Courts,1,0.0,0.0,,0,,,0.0,0.0,0.813,1.0,48068.3,0.993
N3,N3-S-X148D,1,True,X148D,Walton Slope,X,0.536,Parkway,1,0.0,0.0,,0,,,0.0,0.0,1.1155,0.938,52003.7,0.914
N3,N3-S-X148D1,1,True,X148D1,Morris Mesa,X,0.267,Playground,1,0.0,0.0,,0,,,0.0,0.0,1.1379,0.875,51338.6,0.399
N3,N3-S-X148E,1,True,X148E,Peace Park,X,0.138,Playground,1,0.0,0.0,,0,,,0.0,0.0,1.0726,1.0,42681.4,0.616
N3,N3-S-X148F5,1,True,X148F5,Park,X,0.017,Strip,1,0.0,0.0,,0,,,0.0,0.0,0.4056,1.0,37875.1,0.751
N3,N3-S-X148G,1,True,X148G,Park,X,0.039,Strip,1,0.0,0.0,,0,,,0.0,0.0,0.6943,1.0,40185.0,0.999
N3,N3-S-X148G1,1,True,X148G1,Park,X,0.025,Strip,1,0.0,0.0,,0,,,0.0,0.0,0.6246,0.625,42067.7,0.989
N3,N3-S-X148G2,1,True,X148G2,Park,X,0.047,Strip,1,0.0,0.0,,0,,,0.0,0.0,0.6179,0.625,50362.7,0.822
N3,N3-S-X148H,1,True,X148H,Admiral Farragut Playground,X,1.302,Playground,1,0.0,0.0,,0,,,0.0,0.0,0.8681,1.0,62900.5,0.812
N3,N3-S-X148H1,1,True,X148H1,Prospect Playground,X,1.437,Jointly Operated Playground,1,0.0,0.0,,0,,,0.0,0.0,1.1259,0.875,55442.4,0.81
N3,N3-S-X148H3,1,True,X148H3,Park,X,0.032,Strip,1,0.0,0.0,,0,,,0.0,0.0,1.1312,1.0,49372.6,0.987
N3,N3-S-X148I,1,True,X148I,Park,X,0.204,Strip,1,0.0,0.0,,0,,,0.0,0.0,1.1994,1.0,67382.1,0.865
N3,N3-S-X148I2,1,True,X148I2,Park,X,0.048,Strip,1,0.0,0.0,,0,,,0.0,0.0,1.0696,0.75,40690.4,0.846
N3,N3-S-X148I3,1,True,X148I3,Park,X,0.035,Strip,1,0.0,0.0,,0,,,0.0,0.0,0.9812,1.0,37182.7,0.103
N3,N3-S-X148J,1,True,X148J,Park,X,0.051,Strip,1,0.0,0.0,,0,,,0.0,0.0,1.0633,1.0,75397.9,0.071
N3,N3-S-X148J2,1,True,X148J2,Boone Slope,X,0.007,Strip,1,0.0,0.0,,0,,,0.0,0.0,1.0141,1.0,35380.4,0.087
N3,N3-S-X148K1,1,True,X148K1,Park,X,0.045,Triangle/Plaza,1,0.0,0.0,,0,,,0.0,1.0,1.0455,1.0,40293.3,0.205
N3,N3-S-X148K2,1,True,X148K2,St. Lawrence Triangle,X,0.08,Triangle/Plaza,1,0.0,0.0,,0,,,0.0,0.0,1.0565,1.0,39978.7,0.303
N3,N3-S-X148K3,1,True,X148K3,Wood Park,X,0.167,Triangle/Plaza,1,0.0,0.0,,0,,,0.0,0.0,1.1072,1.0,43429.5,0.484
N3,N3-S-X148K4,1,True,X148K4,Park,X,0.101,Triangle/Plaza,1,0.0,0.0,,0,,,0.0,0.0,0.7925,0.875,39721.1,0.521
N3,N3-S-X148L,1,True,X148L,Virginia Playground,X,0.455,Playground,1,0.0,0.0,,0,,,1.0,1.0,1.0707,1.0,48693.9,0.621
N3,N3-S-X148L1,1,True,X148L1,Virginia Park,X,0.976,Neighborhood Park,1,0.0,0.0,,0,,,0.0,1.0,0.9838,0.875,52738.0,0.754
N3,N3-S-X148M,1,True,X148M,Chief Dennis L. Devlin Park,X,0.489,Triangle/Plaza,1,0.0,0.0,,0,,,0.0,0.0,0.9359,0.875,53740.9,0.0
N3,N3-S-X148M1,1,True,X148M1,Havemeyer Playground,X,0.452,Playground,1,0.0,0.0,,0,,,0.0,0.0,0.9716,1.0,52662.7,0.136
N3,N3-S-X149,1,True,X149,Miele Park,X,0.207,Triangle/Plaza,1,0.0,0.0,,0,,,0.0,0.0,1.1658,1.0,46546.1,0.147
N3,N3-S-X150D,1,True,X150D,Gasoline Alley,X,0.092,Strip,1,0.0,0.0,,0,,,1.0,1.0,0.8562,1.0,81066.3,0.409
N3,N3-S-X150H,1,True,X150H,Crescent Park,X,0.335,Triangle/Plaza,1,0.0,0.0,,0,,,0.0,0.0,0.9289,1.0,41459.4,0.677
N3,N3-S-X150I,1,True,X150I,Cooney Grauer Field,X,1.295,Recreational Field/Courts,1,0.0,0.0,,0,,,0.0,0.0,0.9869,0.75,51797.7,0.933
N3,N3-S-X150K,1,True,X150K,Park,X,0.098,Strip,1,0.0,0.0,,0,,,0.0,0.0,1.2112,1.0,64950.6,0.38
N3,N3-S-X150L,1,True,X150L,Van Cortlandt's Tail,X,0.34,Triangle/Plaza,1,0.0,0.0,,0,,,0.0,1.0,1.0161,1.0,42547.3,0.006
N3,N3-S-X151,1,True,X151,P.O. Serrano Playground,X,2.655,Neighborhood Park,1,0.0,0.0,,0,,,0.0,0.0,1.1565,1.0,78463.7,0.0
N3,N3-S-X152,1,True,X152,Vinmont Veteran Park,X,3.076,Jointly Operated Playground,1,0.0,0.0,,0,,,0.0,0.0,0.9444,0.938,67209.8,0.421
N3,N3-S-X153,1,True,X153,Merriam Playground,X,2.922,Playground,1,0.0,0.0,,0,,,0.0,0.0,0.9506,1.0,97248.2,0.369
N3,N3-S-X154,1,True,X154,Melrose Playground,X,1.077,Playground,1,0.0,0.0,,0,,,0.0,0.0,0.9112,0.875,56726.8,0.098
N3,N3-S-X155,1,True,X155,Patterson Playground,X,2.369,Jointly Operated Playground,1,0.0,0.0,,0,,,0.0,1.0,0.8964,1.0,79666.0,0.29
N3,N3-S-X156,1,True,X156,Eastchester Playground,X,1.067,Playground,1,0.0,0.0,,0,,,0.0,0.0,0.9176,1.0,57392.9,0.0
N3,N3-S-X157,1,True,X157,Mazzei Playground,X,1.536,Playground,1,0.0,0.0,,0,,,0.0,0.0,1.0597,0.938,66515.7,0.0
N3,N3-S-X158,1,True,X158,Sedgwick Playground,X,1.032,Playground,1,0.0,0.0,,0,,,0.0,0.0,0.8436,1.0,59194.0,0.846
N3,N3-S-X159,1,True,X159,Captain William Harry Thompson Playground,X,1.03,Neighborhood Park,1,0.0,0.0,,0,,,0.0,0.0,0.9657,0.625,57336.0,0.035
N3,N3-S-X160,1,True,X160,Caserta Playground,X,0.893,Jointly Operated Playground,1,0.0,0.0,,0,,,0.0,1.0,1.1925,1.0,56661.0,0.168
N3,N3-S-X161,1,True,X161,Gun Hill Playground,X,0.678,Playground,1,0.0,0.0,,0,,,0.0,0.0,1.0273,1.0,52789.4,0.091
N3,N3-S-X162,1,True,X162,Parkside Playground,X,0.756,Playground,1,0.0,0.0,,0,,,0.0,0.0,0.6047,1.0,55630.4,0.056
N3,N3-S-X163,1,True,X163,Loreto Playground,X,2.202,Community Park,1,0.0,0.0,,0,,,0.0,0.0,1.0197,1.0,72721.6,0.0
N3,N3-S-X164,1,True,X164,Dawson Playground,X,0.743,Jointly Operated Playground,1,0.0,0.0,,0,,,0.0,0.0,1.061,1.0,40995.0,0.884
N3,N3-S-X164A,1,True,X164A,Wishing Well Garden,X,0.352,Garden,1,0.0,0.0,,0,,,0.0,0.0,0.9307,1.0,34416.1,0.974
N3,N3-S-X165,1,True,X165,Edenwald Playground,X,2.34,Jointly Operated Playground,1,0.0,0.0,,0,,,0.0,0.0,0.9404,1.0,88336.7,0.0
N3,N3-S-X166,1,True,X166,Behagen Playground,X,3.309,Playground,1,0.0,0.0,,0,,,0.0,0.0,1.1135,0.875,80638.0,0.0
N3,N3-S-X168,1,True,X168,Nelson Playground,X,1.264,Playground,1,0.0,0.0,,0,,,0.0,0.0,1.0647,0.75,60125.0,0.388
N3,N3-S-X169,1,True,X169,Agnes Haywood Playground,X,1.295,Jointly Operated Playground,1,0.0,0.0,,0,,,0.0,0.0,1.0491,1.0,60662.6,0.005
N3,N3-S-X170,1,True,X170,The Pearly Gates,X,0.677,Playground,1,0.0,0.0,,0,,,0.0,0.0,1.0342,1.0,52524.9,0.0
N3,N3-S-X171,1,True,X171,Spuyten Duyvil Playground,X,1.551,Jointly Operated Playground,1,0.0,0.0,,0,,,0.0,0.0,0.9501,1.0,34831.3,1.0
N3,N3-S-X172,1,True,X172,Allerton Playground,X,1.631,Jointly Operated Playground,1,0.0,0.0,,0,,,0.0,0.0,1.0985,0.938,64711.0,0.0
N3,N3-S-X174,1,True,X174,Webster Playground,X,0.8,Playground,1,0.0,0.0,,0,,,0.0,1.0,1.2109,0.75,54951.5,0.092
N3,N3-S-X176,1,True,X176,Taylor Playground,X,0.919,Jointly Operated Playground,1,0.0,0.0,,0,,,0.0,0.0,1.0516,1.0,57605.3,0.0
N3,N3-S-X177,1,True,X177,Castle Hill Playground,X,1.391,Jointly Operated Playground,1,0.0,0.0,,0,,,0.0,1.0,1.0883,1.0,66323.3,0.144
N3,N3-S-X178,1,True,X178,Matthews Muliner Playground,X,1.04,Playground,1,0.0,0.0,,0,,,0.0,0.0,0.8562,1.0,57458.3,0.0
N3,N3-S-X179,1,True,X179,Al Quiñones Playground,X,1.792,Jointly Operated Playground,1,0.0,0.0,,0,,,0.0,0.0,0.8898,1.0,71610.4,0.046
N3,N3-S-X180,1,True,X180,Whalen Playground,X,0.325,Triangle/Plaza,1,0.0,0.0,,0,,,0.0,0.0,1.0523,1.0,47098.0,0.034
N3,N3-S-X182,1,True,X182,Millbrook Playground,X,1.019,Playground,1,0.0,0.0,,0,,,0.0,0.0,0.9486,0.625,57522.2,0.67
N3,N3-S-X183,1,True,X183,Bruckner Playground,X,1.01,Jointly Operated Playground,1,0.0,0.0,,0,,,0.0,0.0,0.0,1.0,59213.2,0.0
N3,N3-S-X185,1,True,X185,Dunbar Playground,X,1.312,Jointly Operated Playground,1,0.0,0.0,,0,,,0.0,1.0,1.1774,1.0,58641.9,0.586
N3,N3-S-X186,1,True,X186,Riverdale Playground,X,2.778,Jointly Operated Playground,1,0.0,0.0,,0,,,0.0,0.0,0.931,1.0,72179.5,0.534
N3,N3-S-X187,1,True,X187,Givan Square,X,1.601,Playground,1,0.0,0.0,,0,,,1.0,1.0,1.0319,1.0,86810.2,0.0
N3,N3-S-X188,1,True,X188,Wakefield Playground,X,1.103,Jointly Operated Playground,1,0.0,0.0,,0,,,0.0,0.0,1.094,1.0,70640.4,0.0
N3,N3-S-X190,1,True,X190,Tiffany Playground,X,1.143,Jointly Operated Playground,1,0.0,0.0,,0,,,0.0,0.0,1.088,1.0,61623.4,0.0
N3,N3-S-X191A,1,True,X191A,Bicentennial Veterans Memorial Park,X,9.52,Neighborhood Park,1,0.0,0.0,,0,,,0.0,0.0,0.8012,1.0,125697.1,0.0
N3,N3-S-X191D,1,True,X191D,Park,X,0.008,Strip,1,0.0,0.0,,0,,,0.0,0.0,0.5395,1.0,53645.9,0.0
N3,N3-S-X193,1,True,X193,Stars & Stripes Playground,X,2.784,Jointly Operated Playground,1,0.0,0.0,,0,,,0.0,1.0,0.918,1.0,57460.0,0.469
N3,N3-S-X194,1,True,X194,Captain Rivera Playground,X,0.988,Playground,1,0.0,0.0,,0,,,0.0,0.0,1.1012,1.0,56656.7,0.175
N3,N3-S-X195A,1,True,X195A,Colgate Close,X,1.975,Neighborhood Park,1,0.0,0.0,,0,,,0.0,0.0,0.7378,1.0,70417.6,0.12
N3,N3-S-X195B,1,True,X195B,Park,X,0.005,Strip,1,0.0,0.0,,0,,,0.0,0.0,0.9756,1.0,37062.8,0.0
N3,N3-S-X195C,1,True,X195C,Park,X,0.008,Strip,1,0.0,0.0,,0,,,0.0,0.0,0.9497,1.0,56261.5,0.0
N3,N3-S-X195D,1,True,X195D,Park,X,0.007,Strip,1,0.0,0.0,,0,,,0.0,0.0,0.7872,1.0,67855.3,0.061
N3,N3-S-X195F,1,True,X195F,Park,X,0.027,Strip,1,0.0,0.0,,0,,,0.0,0.0,1.1482,0.938,149898.1,0.0
N3,N3-S-X196,1,True,X196,Haffen Park,X,9.163,Neighborhood Park,1,0.0,0.0,,0,,,0.0,0.0,0.9583,1.0,108669.6,0.0
N3,N3-S-X197,1,True,X197,Mosholu Playground,X,0.412,Jointly Operated Playground,1,0.0,0.0,,0,,,0.0,0.0,1.1369,1.0,38233.0,0.79
N3,N3-S-X200,1,True,X200,Clark Playground,X,0.737,Jointly Operated Playground,1,0.0,0.0,,0,,,0.0,0.0,1.0616,1.0,55576.5,0.072
N3,N3-S-X201,1,True,X201,Seton Park,X,11.656,Community Park,1,0.0,0.0,,0,,,0.0,0.0,1.0501,1.0,85922.6,0.624
N3,N3-S-X202,1,True,X202,Marble Hill Playground,X,1.828,Playground,1,0.0,0.0,,0,,,0.0,0.0,1.1301,1.0,67353.3,0.0
N3,N3-S-X203,1,True,X203,Randall Playground,X,0.999,Playground,1,0.0,0.0,,0,,,0.0,0.0,0.9262,1.0,57215.6,0.0
N3,N3-S-X204,1,True,X204,Story Playground,X,2.219,Jointly Operated Playground,1,0.0,0.0,,0,,,0.0,0.0,1.1876,1.0,72455.3,0.036
N3,N3-S-X205,1,True,X205,FDNY-EMT Yadira Arroyo Playground,X,0.341,Jointly Operated Playground,1,0.0,0.0,,0,,,0.0,0.0,1.063,0.875,44980.9,0.666
N3,N3-S-X206,1,True,X206,Morgan Playground,X,0.762,Jointly Operated Playground,1,0.0,0.0,,0,,,0.0,1.0,1.2378,0.625,59900.1,0.266
N3,N3-S-X207,1,True,X207,Pontiac Playground,X,0.909,Jointly Operated Playground,1,0.0,0.0,,0,,,0.0,1.0,0.8341,0.812,55478.3,0.305
N3,N3-S-X208,1,True,X208,Haviland Playground,X,0.84,Jointly Operated Playground,1,0.0,0.0,,0,,,0.0,0.0,1.0231,0.75,53603.1,0.482
N3,N3-S-X209,1,True,X209,Wave Hill,X,20.969,Historic House Park,1,0.0,0.0,,0,,,0.0,1.0,0.9511,1.0,137956.3,0.0
N3,N3-S-X211,1,True,X211,Stebbins Playground,X,0.881,Jointly Operated Playground,1,0.0,0.0,,0,,,0.0,0.0,0.9002,0.688,55255.6,0.52
N3,N3-S-X214,1,True,X214,Magenta Playground,X,0.899,Jointly Operated Playground,1,0.0,0.0,,0,,,0.0,0.0,1.0055,1.0,58199.5,0.083
N3,N3-S-X215,1,True,X215,Valentine Varian House,X,0.462,Historic House Park,1,0.0,0.0,,0,,,1.0,1.0,1.0417,1.0,35034.4,0.882
N3,N3-S-X216,1,True,X216,Abigail Playground,X,0.756,Playground,1,0.0,0.0,,0,,,0.0,0.0,0.7945,1.0,56928.8,0.147
N3,N3-S-X217,1,True,X217,Willis Playground,X,1.864,Jointly Operated Playground,1,0.0,0.0,,0,,,0.0,0.0,0.6286,1.0,77075.4,0.366
N3,N3-S-X219,1,True,X219,Arcilla Playground,X,1.425,Jointly Operated Playground,1,0.0,0.0,,0,,,0.0,0.0,1.1081,0.938,61810.7,0.093
N3,N3-S-X221,1,True,X221,Space Time Playground,X,1.28,Jointly Operated Playground,1,0.0,0.0,,0,,,0.0,0.0,0.9468,1.0,60640.8,0.043
N3,N3-S-X222,1,True,X222,Gouverneur Playground,X,1.039,Playground,1,0.0,0.0,,0,,,0.0,0.0,1.0119,0.875,63896.7,0.059
N3,N3-S-X224,1,True,X224,MacLaughlin Playground,X,0.284,Playground,1,0.0,0.0,,0,,,0.0,0.0,1.184,1.0,48771.9,0.075
N3,N3-S-X228,1,True,X228,I-Am-Park,X,0.664,Jointly Operated Playground,1,0.0,0.0,,0,,,0.0,1.0,1.1163,1.0,29378.4,0.813
N3,N3-S-X232,1,True,X232,Burns Playground,X,1.684,Jointly Operated Playground,1,0.0,0.0,,0,,,0.0,0.0,0.9508,0.938,67082.2,0.0
N3,N3-S-X233,1,True,X233,Fountain Of Youth Playground,X,1.211,Jointly Operated Playground,1,0.0,0.0,,0,,,0.0,0.0,1.0764,1.0,62860.1,0.743
N3,N3-S-X233A,1,True,X233A,El Flamboyan Garden,X,0.421,Garden,1,0.0,0.0,,0,,,0.0,0.0,1.1025,0.875,46689.0,0.915
N3,N3-S-X235,1,True,X235,Grove Hill Playground,X,1.234,Jointly Operated Playground,1,0.0,0.0,,0,,,0.0,0.0,1.0254,0.875,58908.5,0.405
N3,N3-S-X236,1,True,X236,Mapes Pool,X,0.707,Neighborhood Park,1,0.0,0.0,,0,,,0.0,1.0,1.1688,0.688,48613.7,0.751
N3,N3-S-X238,1,True,X238,Saw Mill Playground,X,0.898,Jointly Operated Playground,1,0.0,0.0,,0,,,0.0,0.0,0.8912,1.0,52321.9,0.63
N3,N3-S-X239,1,True,X239,Castle Hill Little League Field,X,2.22,Recreational Field/Courts,1,0.0,0.0,,0,,,0.0,0.0,1.1315,0.938,70421.3,0.0
N3,N3-S-X241,1,True,X241,Hoe Garden,X,0.217,Garden,1,0.0,0.0,,0,,,0.0,0.0,0.452,0.25,41861.5,0.756
N3,N3-S-X242,1,True,X242,Youth Village,X,0.273,Playground,1,0.0,0.0,,0,,,0.0,0.0,1.0094,1.0,48576.4,0.695
N3,N3-S-X243,1,True,X243,Estella Diggs Park,X,0.919,Neighborhood Park,1,0.0,0.0,,0,,,0.0,1.0,0.9847,0.875,54333.6,0.808
N3,N3-S-X244,1,True,X244,Grand Playground,X,0.386,Playground,1,0.0,0.0,,0,,,1.0,1.0,1.1748,1.0,47090.4,0.564
N3,N3-S-X245,1,True,X245,River Garden,X,0.464,Garden,1,0.0,0.0,,0,,,0.0,1.0,0.9638,0.688,33410.9,0.725
N3,N3-S-X246,1,True,X246,Brook Park,X,0.784,Garden,1,0.0,0.0,,0,,,0.0,0.0,1.2067,0.75,50873.2,0.842
N3,N3-S-X247,1,True,X247,Fox Park,X,0.962,Neighborhood Park,1,0.0,0.0,,0,,,0.0,0.0,0.8768,1.0,61198.6,0.054
N3,N3-S-X248,1,True,X248,Barretto Park,X,0.12,Neighborhood Park,1,0.0,0.0,,0,,,0.0,0.0,1.0515,1.0,40749.5,0.0
N3,N3-S-X251,1,True,X251,Co-op City Field,X,3.381,Recreational Field/Courts,1,0.0,0.0,,0,,,0.0,0.0,0.7705,1.0,79361.0,0.0
N3,N3-S-X252,1,True,X252,Bathgate Playground,X,2.589,Neighborhood Park,1,0.0,0.0,,0,,,0.0,0.0,1.0729,0.875,79242.5,0.138
N3,N3-S-X253,1,True,X253,Ambrosini Field,X,6.054,Recreational Field/Courts,1,0.0,0.0,,0,,,1.0,1.0,0.4758,1.0,107701.6,0.0
N3,N3-S-X255,1,True,X255,Bill Rainey Park,X,7.733,Recreational Field/Courts,1,0.0,0.0,,0,,,1.0,1.0,0.9682,1.0,102679.5,0.241
N3,N3-S-X256,1,True,X256,Pelham Bay Little League,X,1.094,Recreational Field/Courts,1,0.0,0.0,,0,,,1.0,1.0,1.0422,1.0,46999.7,0.77
N3,N3-S-X257,1,True,X257,Mount Hope Playground,X,0.699,Playground,1,0.0,0.0,,0,,,0.0,0.0,1.0445,0.875,53894.3,0.019
N3,N3-S-X258,1,True,X258,Cleopatra Playground,X,0.624,Playground,1,0.0,0.0,,0,,,0.0,0.0,0.6458,1.0,57206.0,0.753
N3,N3-S-X259,1,True,X259,Raoul Wallenberg Forest,X,4.685,Nature Area,1,0.0,0.0,,0,,,0.0,0.0,0.8226,1.0,39232.6,0.586
N3,N3-S-X260,1,True,X260,Julio Carballo Fields,X,3.355,Recreational Field/Courts,1,0.0,0.0,,0,,,0.0,0.0,0.9501,1.0,82313.7,0.0
N3,N3-S-X262,1,True,X262,Harding Park,X,2.246,Neighborhood Park,1,0.0,0.0,,0,,,0.0,0.0,0.8439,1.0,106919.3,0.145
N3,N3-S-X263,1,True,X263,Quarry Ballfields,X,4.406,Recreational Field/Courts,1,0.0,0.0,,0,,,0.0,0.0,1.0213,1.0,94737.7,0.52
N3,N3-S-X264,1,True,X264,Field Of Dreams Court,X,0.179,Recreational Field/Courts,1,0.0,0.0,,0,,,0.0,0.0,1.1474,0.75,42277.4,0.133
N3,N3-S-X265,1,True,X265,Galileo Playground,X,0.754,Playground,1,0.0,0.0,,0,,,0.0,0.0,0.7765,1.0,53910.1,0.33
N3,N3-S-X266,1,True,X266,Vidalia Park,X,2.039,Neighborhood Park,1,0.0,0.0,,0,,,0.0,1.0,1.047,0.875,71836.5,0.199
N3,N3-S-X267,1,True,X267,Eae J Mitchell Park,X,0.179,Neighborhood Park,1,0.0,0.0,,0,,,0.0,0.0,1.1484,0.375,40926.4,0.947
N3,N3-S-X268,1,True,X268,Givans Creek Woods,X,10.101,Nature Area,1,0.0,0.0,,0,,,0.0,1.0,0.8632,1.0,146771.8,0.0
N3,N3-S-X269,1,True,X269,Cpl Fischer Park,X,0.442,Neighborhood Park,1,0.0,0.0,,0,,,0.0,1.0,1.1474,0.75,50807.3,0.242
N3,N3-S-X271,1,True,X271,Grant Park,X,4.724,Neighborhood Park,1,0.0,0.0,,0,,,1.0,1.0,0.9986,1.0,104439.1,0.093
N3,N3-S-X272,1,True,X272,Ranaqua Playground,X,0.972,Neighborhood Park,1,0.0,0.0,,0,,,0.0,0.0,1.0161,0.875,57877.1,0.016
N3,N3-S-X273,1,True,X273,Rock Garden Park,X,0.947,Neighborhood Park,1,0.0,0.0,,0,,,0.0,0.0,0.7508,0.562,63989.9,0.312
N3,N3-S-X274,1,True,X274,Mount Hope Garden,X,0.307,Playground,1,0.0,0.0,,0,,,0.0,0.0,1.0269,0.5,44688.6,0.636
N3,N3-S-X275,1,True,X275,Mosaic Success Garden,X,0.276,Garden,1,0.0,0.0,,0,,,0.0,0.0,1.0398,0.375,48460.5,0.724
N3,N3-S-X276,1,True,X276,Granja Farm OTF,X,0.38,Garden,1,0.0,0.0,,0,,,0.0,1.0,1.1212,0.75,49542.7,0.145
N3,N3-S-X277,1,True,X277,St. Luke's Park,X,0.439,Garden,1,0.0,0.0,,0,,,0.0,1.0,1.2292,0.375,47257.0,0.801
N3,N3-S-X277A,1,True,X277A,United We Stand Garden,X,0.351,Garden,1,0.0,0.0,,0,,,0.0,0.0,0.9558,1.0,44948.0,0.983
N3,N3-S-X278,1,True,X278,Boston Garden,X,0.025,Triangle/Plaza,1,0.0,0.0,,0,,,0.0,1.0,1.2096,0.938,36278.3,0.0
N3,N3-S-X279,1,True,X279,City Island Wetlands,X,5.443,Nature Area,1,0.0,0.0,,0,,,0.0,0.0,0.0,1.0,113108.4,0.0
N3,N3-S-X280,1,True,X280,Washington Park,X,0.522,Playground,1,0.0,0.0,,0,,,0.0,0.0,0.9861,1.0,52198.1,0.371
N3,N3-S-X281,1,True,X281,Stop & Go Playground,X,0.309,Playground,1,0.0,0.0,,0,,,0.0,0.0,1.1832,0.688,43873.6,0.198
N3,N3-S-X282,1,True,X282,Seabury Playground,X,0.189,Playground,1,0.0,0.0,,0,,,0.0,0.0,1.0374,0.75,43119.2,0.0
N3,N3-S-X283,1,True,X283,Beanstalk Playground,X,0.331,Playground,1,0.0,0.0,,0,,,0.0,0.0,0.0,1.0,46628.7,0.395
N3,N3-S-X284,1,True,X284,Printers Park,X,1.358,Playground,1,0.0,0.0,,0,,,0.0,0.0,0.9804,0.875,69785.8,0.585
N3,N3-S-X285,1,True,X285,Padre Plaza,X,0.383,Garden,1,0.0,0.0,,0,,,0.0,0.0,1.1881,0.625,49728.0,0.338
N3,N3-S-X286,1,True,X286,Rev Lena Irons Unity Park,X,0.349,Neighborhood Park,1,0.0,0.0,,0,,,0.0,1.0,0.9081,1.0,46068.7,0.405
N3,N3-S-X287,1,True,X287,Ogden Plimpton Playground,X,0.239,Playground,1,0.0,0.0,,0,,,0.0,0.0,1.036,1.0,43811.2,0.418
N3,N3-S-X288,1,True,X288,West Farms Rapids,X,1.005,Neighborhood Park,1,0.0,0.0,,0,,,0.0,1.0,0.3986,0.625,79193.9,0.373
N3,N3-S-X289,1,True,X289,Mapes Park,X,1.948,Neighborhood Park,1,0.0,0.0,,0,,,0.0,1.0,1.1736,1.0,64040.0,0.898
N3,N3-S-X290,1,True,X290,Longfellow Playground,X,0.375,Playground,1,0.0,0.0,,0,,,0.0,0.0,0.9949,0.562,48535.9,0.402
N3,N3-S-X291,1,True,X291,Walton Park,X,0.348,Playground,1,0.0,0.0,,0,,,1.0,1.0,1.1655,0.688,46485.7,0.521
N3,N3-S-X292,1,True,X292,Mabel Hampton Playground,X,0.46,Playground,1,0.0,0.0,,0,,,1.0,1.0,1.1861,1.0,53891.8,0.425
N3,N3-S-X294,1,True,X294,Palmer Inlet,X,6.997,Nature Area,1,0.0,0.0,,0,,,0.0,0.0,,0.0,120746.3,0.0
N3,N3-S-X295,1,True,X295,Half-Nelson Playground,X,0.645,Playground,1,0.0,0.0,,0,,,0.0,0.0,0.99,0.625,51566.4,0.719
N3,N3-S-X296,1,True,X296,Taqwa Community Farm,X,0.494,Garden,1,0.0,0.0,,0,,,0.0,0.0,0.9465,0.125,50067.0,0.708
N3,N3-S-X297,1,True,X297,Garden Of Eden,X,0.212,Garden,1,0.0,0.0,,0,,,0.0,0.0,1.1952,1.0,38946.1,0.892
N3,N3-S-X298,1,True,X298,Garden Of Life,X,0.184,Garden,1,0.0,0.0,,0,,,0.0,0.0,0.9105,1.0,37782.2,0.905
N3,N3-S-X299,1,True,X299,Little Claremont Playground,X,0.549,Playground,1,0.0,0.0,,0,,,0.0,0.0,0.9297,0.562,51193.6,0.623
N3,N3-S-X300,1,True,X300,Davidson Playground,X,0.215,Playground,1,0.0,0.0,,0,,,0.0,0.0,0.9566,0.25,42333.4,0.497
N3,N3-S-X302,1,True,X302,Thorpe Family Playground,X,0.214,Playground,1,0.0,0.0,,0,,,0.0,0.0,1.1653,1.0,42300.6,0.457
N3,N3-S-X303,1,True,X303,Sweetgum Community Garden,X,0.062,Garden,1,0.0,0.0,,0,,,0.0,0.0,0.9989,1.0,38681.1,0.389
N3,N3-S-X304,1,True,X304,Tiffany Street Pier,X,4.763,Waterfront Facility,1,0.0,0.0,,0,,,0.0,0.0,0.5948,1.0,76073.7,0.385
N3,N3-S-X305,1,True,X305,Concrete Plant Park,X,6.153,Neighborhood Park,1,0.0,0.0,,0,,,0.0,1.0,0.3529,0.938,150026.0,0.387
N3,N3-S-X306,1,True,X306,Garrison Park,X,1.064,Neighborhood Park,1,0.0,0.0,,0,,,0.0,0.0,1.0796,1.0,60310.1,0.362
N3,N3-S-X307,1,True,X307,Barretto Point Park,X,12.214,Neighborhood Park,1,0.0,0.0,,0,,,0.0,0.0,0.9339,1.0,106342.1,0.275
N3,N3-S-X308,1,True,X308,North Brother Island,X,30.802,Nature Area,1,0.0,0.0,,0,,,0.0,0.0,0.4328,0.0,161529.8,0.059
N3,N3-S-X309,1,True,X309,South Brother Island,X,21.097,Nature Area,1,0.0,0.0,,0,,,0.0,0.0,,0.0,144200.1,0.066
N3,N3-S-X313,1,True,X313,El Batey Borincano Garden,X,0.182,Garden,1,0.0,0.0,,0,,,0.0,0.0,1.063,0.75,38513.5,0.633
N3,N3-S-X314,1,True,X314,Isla Verde Garden,X,0.151,Garden,1,0.0,0.0,,0,,,0.0,0.0,0.8688,1.0,41307.2,0.649
N3,N3-S-X315,1,True,X315,Bryant Hill Garden,X,0.354,Garden,1,0.0,0.0,,0,,,0.0,0.0,1.0596,1.0,46787.2,0.0
N3,N3-S-X316,1,True,X316,Genesis Community Garden,X,0.054,Garden,1,0.0,0.0,,0,,,0.0,0.0,0.7506,1.0,37849.8,0.546
N3,N3-S-X317,1,True,X317,Rainbow Garden,X,0.174,Garden,1,0.0,0.0,,0,,,0.0,0.0,0.9254,1.0,38836.3,1.0
N3,N3-S-X319,1,True,X319,Jackson Forest Garden,X,0.171,Garden,1,0.0,0.0,,0,,,0.0,0.0,0.9106,1.0,43837.4,0.612
N3,N3-S-X320,1,True,X320,Jardin De La Familia,X,0.327,Garden,1,0.0,0.0,,0,,,0.0,0.0,1.0807,0.5,43994.0,0.638
N3,N3-S-X321,1,True,X321,Claremont Neighborhood Garden,X,0.195,Garden,1,0.0,0.0,,0,,,1.0,1.0,1.1445,0.938,42639.9,0.0
N3,N3-S-X322,1,True,X322,Jardin De Las Rosas,X,0.054,Garden,1,0.0,0.0,,0,,,0.0,0.0,0.973,1.0,38933.9,0.0
N3,N3-S-X323,1,True,X323,El Batey de Doña Provi Garden,X,0.13,Garden,1,0.0,0.0,,0,,,0.0,0.0,1.0223,1.0,40846.6,0.179
N3,N3-S-X324,1,True,X324,176th Street Community Garden,X,0.232,Garden,1,0.0,0.0,,0,,,0.0,1.0,1.2102,0.625,43726.3,0.173
N3,N3-S-X325,1,True,X325,Taylor-Soundview Block Assoc. Garden,X,0.14,Garden,1,0.0,0.0,,0,,,0.0,1.0,1.0031,1.0,42802.5,0.0
N3,N3-S-X326,1,True,X326,Daly Ave Garden,X,0.172,Garden,1,0.0,0.0,,0,,,0.0,0.0,1.0186,1.0,41584.3,0.776
N3,N3-S-X327,1,True,X327,La Isla Garden,X,0.117,Garden,1,0.0,0.0,,0,,,0.0,0.0,0.8382,0.938,38081.9,0.992
N3,N3-S-X329,1,True,X329,Miracle Garden,X,0.11,Garden,1,0.0,0.0,,0,,,0.0,0.0,1.0473,1.0,44490.3,0.707
N3,N3-S-X330,1,True,X330,P.S. 186 Day Treatment Program,X,0.071,Garden,1,0.0,0.0,,0,,,0.0,0.0,1.0449,1.0,38145.7,0.003
N3,N3-S-X331,1,True,X331,Townsend Garden,X,0.165,Garden,1,0.0,0.0,,0,,,0.0,0.0,1.1846,0.688,41855.1,0.373
N3,N3-S-X332,1,True,X332,Schomberg Academy Garden,X,0.035,Garden,1,0.0,0.0,,0,,,0.0,0.0,0.868,0.688,34004.7,0.793
N3,N3-S-X334,1,True,X334,Mohegan Triangle,X,0.108,Playground,1,0.0,0.0,,0,,,0.0,0.0,1.084,1.0,39200.9,1.0
N3,N3-S-X335,1,True,X335,Risse Street Park,X,0.838,Neighborhood Park,1,0.0,0.0,,0,,,0.0,1.0,1.0591,1.0,45980.9,0.725
N3,N3-S-X336,1,True,X336,Hunts Point Riverside Park,X,1.402,Neighborhood Park,1,0.0,0.0,,0,,,0.0,0.0,0.4804,1.0,63935.5,0.0
N3,N3-S-X337,1,True,X337,Latinos Unidos Garden,X,0.116,Garden,1,0.0,0.0,,0,,,0.0,0.0,1.0555,0.625,39863.5,1.0
N3,N3-S-X338,1,True,X338,Courtlandt Avenue Association Garden,X,0.17,Garden,1,0.0,0.0,,0,,,0.0,0.0,0.7129,0.875,37667.4,1.0
N3,N3-S-X339,1,True,X339,Angie Lee Gonzales Garden,X,0.107,Garden,1,0.0,0.0,,0,,,0.0,0.0,1.1354,1.0,39396.7,0.84
N3,N3-S-X340,1,True,X340,CS 134 Community Improvement Garden,X,0.168,Garden,1,0.0,0.0,,0,,,0.0,0.0,0.5169,0.688,40933.9,0.633
N3,N3-S-X341,1,True,X341,Edith Garden,X,0.117,Garden,1,0.0,0.0,,0,,,0.0,0.0,1.1226,1.0,37787.1,0.955
N3,N3-S-X342,1,True,X342,Model T Senior Citizen's Garden,X,0.266,Garden,1,0.0,0.0,,0,,,0.0,0.0,0.0,1.0,47493.1,0.545
N3,N3-S-X343,1,True,X343,Davidson Ave. Community Gardeners Group,X,0.111,Garden,1,0.0,0.0,,0,,,0.0,0.0,1.0923,0.25,40429.3,0.606
N3,N3-S-X344,1,True,X344,Mill Pond Park,X,10.31,Neighborhood Park,1,0.0,0.0,,0,,,0.0,0.0,0.8055,1.0,138383.7,0.02
N3,N3-S-X345,1,True,X345,St. Ann's Block Association Garden,X,0.026,Garden,1,0.0,0.0,,0,,,0.0,0.0,1.1521,0.625,36589.1,0.166
N3,N3-S-X346,1,True,X346,Volky Garden & Flowers,X,0.117,Garden,1,0.0,0.0,,0,,,0.0,0.0,0.6912,0.75,31189.9,0.755
N3,N3-S-X347,1,True,X347,Vogue Garden,X,0.047,Garden,1,0.0,0.0,,0,,,0.0,0.0,1.1163,1.0,36714.8,0.598
N3,N3-S-X348,1,True,X348,River Avenue Parks,X,0.681,Playground,1,0.0,0.0,,0,,,0.0,0.0,1.127,1.0,40865.7,0.865
N3,N3-S-X349,1,True,X349,Jardin de la Roca,X,0.228,Garden,1,0.0,0.0,,0,,,0.0,0.0,0.8469,1.0,38487.9,1.0
N3,N3-S-X350,1,True,X350,Melrose Commons Park,X,1.381,Neighborhood Park,1,0.0,0.0,,0,,,0.0,1.0,1.1085,0.938,65401.4,0.604
N3,N3-S-X351,1,True,X351,811 Family and Friends Garden,X,0.064,Garden,1,0.0,0.0,,0,,,0.0,0.0,1.069,1.0,38504.7,0.607
N3,N3-S-X352,1,True,X352,Family Group Garden,X,0.105,Garden,1,0.0,0.0,,0,,,0.0,0.0,1.0858,0.875,39449.8,1.0
N3,N3-S-X353,1,True,X353,Yolanda García Park,X,1.075,Neighborhood Park,1,0.0,0.0,,0,,,0.0,1.0,0.9139,1.0,55509.9,1.0
N3,N3-S-X354,1,True,X354,P.S. 29 Ballfield,X,1.106,Jointly Operated Playground,1,0.0,0.0,,0,,,0.0,0.0,0.9514,0.625,56387.9,0.891
N3,N3-S-X355,1,True,X355,Leave it Better Kids' Garden,X,0.244,Garden,1,0.0,0.0,,0,,,0.0,0.0,0.9661,0.812,44845.4,0.381
N3,N3-S-X356,1,True,X356,Little Green Garden,X,0.116,Garden,1,0.0,0.0,,0,,,0.0,0.0,1.0449,1.0,38980.4,0.991
N3,N3-S-X357,1,True,X357,Rainbow Garden of Life and Health,X,0.268,Garden,1,0.0,0.0,,0,,,0.0,1.0,1.0499,1.0,40010.3,1.0
N3,N3-S-X358,1,True,X358,College Avenue Garden,X,0.434,Garden,1,0.0,0.0,,0,,,0.0,0.0,1.0009,0.688,42559.7,0.76
N3,N3-S-X362,1,True,X362,Catherine Scott Promenade,X,0.535,Waterfront Facility,1,0.0,0.0,,0,,,1.0,1.0,1.0384,0.938,64744.7,0.0
N3,N3-S-X363,1,True,X363,Centro Cultural Rincon Criollo,X,0.179,Garden,1,0.0,0.0,,0,,,0.0,0.0,1.087,0.75,38873.0,0.831
N3,N3-S-X364,1,True,X364,Havemeyer Garden Association,X,0.136,Garden,1,0.0,0.0,,0,,,0.0,0.0,1.0952,1.0,45200.1,0.0
N3,N3-S-X365,1,True,X365,Black Joy Farm,X,0.104,Garden,1,0.0,0.0,,0,,,0.0,0.0,1.0768,1.0,40579.0,0.119
N3,N3-S-X367,1,True,X367,Dr. Thomasina Bushby Park,X,0.259,Neighborhood Park,1,0.0,0.0,,0,,,0.0,0.0,0.8847,1.0,44320.8,0.0
N3,N3-S-X369,1,True,X369,Watson Houses Playground,X,0.261,Playground,1,0.0,0.0,,0,,,0.0,0.0,1.055,1.0,45982.2,0.184
N3,N3-S-X373,1,True,X373,Justice Sotomayor Houses Playground,X,0.228,Playground,1,0.0,0.0,,0,,,0.0,0.0,1.2349,0.75,43509.9,0.0
