definition,cluster_id,n_parks,is_singleton,park_ids,park_names,boroughs,park_area_acres,dominant_type,n_types,extent_km,max_walk_m,median_walk_m,internal_robust_links,link_density,median_angle_deg,share_on_main_5,share_on_main_10,nach_1600_mean,isolation_persistence_mean,ring_area_m2,overlap_other_clusters_share
N1,N1-S-B002,1,True,B002,Amersfort Park,B,3.503,Neighborhood Park,1,0.0,0.0,,0,,,1.0,1.0,1.046,0.583,90576.2,0.0
N1,N1-S-B003,1,True,B003,Bartel-Pritchard Square,B,1.705,Triangle/Plaza,1,0.0,0.0,,0,,,0.0,1.0,0.7479,0.25,47926.8,0.0
N1,N1-S-B007,1,True,B007,Bensonhurst Park,B,17.284,Recreational Field/Courts,1,0.0,0.0,,0,,,1.0,1.0,1.0594,0.333,152756.1,0.0
N1,N1-S-B029#1,1,True,B029#1,Eastern Parkway (1/10),B,2.691,Parkway,1,0.0,0.0,,0,,,1.0,1.0,1.1006,0.25,128538.8,0.6
N1,N1-S-B029#3,1,True,B029#3,Eastern Parkway (3/10),B,2.837,Parkway,1,0.0,0.0,,0,,,0.0,1.0,1.0354,0.167,114239.1,0.807
N1,N1-S-B029#8,1,True,B029#8,Eastern Parkway (8/10),B,2.964,Parkway,1,0.0,0.0,,0,,,0.0,0.0,0.8926,0.0,92934.6,0.8
N1,N1-S-B033,1,True,B033,Fort Hamilton Triangle,B,0.079,Triangle/Plaza,1,0.0,0.0,,0,,,1.0,1.0,1.215,0.25,42177.8,0.005
N1,N1-S-B040,1,True,B040,Grand Army Plaza,B,14.133,Triangle/Plaza,1,0.0,0.0,,0,,,0.0,1.0,0.9381,0.042,133772.9,0.202
N1,N1-S-B042,1,True,B042,Gravesend Park,B,4.998,Neighborhood Park,1,0.0,0.0,,0,,,0.0,1.0,1.0228,0.667,98931.6,0.0
N1,N1-S-B043,1,True,B043,Greenpoint Playground,B,0.493,Playground,1,0.0,0.0,,0,,,1.0,1.0,1.0314,0.0,46691.1,0.654
N1,N1-S-B047A,1,True,B047A,Highland Park Childrens Garden,B,0.421,Garden,1,0.0,0.0,,0,,,1.0,1.0,0.8869,0.333,28930.2,0.0
N1,N1-S-B055,1,True,B055,Sternberg Park,B,4.153,Playground,1,0.0,0.0,,0,,,0.0,1.0,1.0582,0.25,83277.0,0.065
N1,N1-S-B063,1,True,B063,Milestone Park,B,0.483,Neighborhood Park,1,0.0,0.0,,0,,,0.0,1.0,1.1324,0.5,48291.7,0.608
N1,N1-S-B070,1,True,B070,Machate Circle,B,4.319,Triangle/Plaza,1,0.0,0.0,,0,,,0.0,1.0,0.9122,0.667,42519.5,0.804
N1,N1-S-B077,1,True,B077,Coffey Park,B,8.204,Neighborhood Park,1,0.0,0.0,,0,,,0.0,0.0,1.0145,0.25,105501.0,0.0
N1,N1-S-B082#10,1,True,B082#10,Shore Park and Parkway (10/10),B,3.115,Community Park,1,0.0,0.0,,0,,,1.0,1.0,0.896,0.25,112273.1,0.647
N1,N1-S-B082#2,1,True,B082#2,Shore Park and Parkway (2/10),B,6.488,Community Park,1,0.0,0.0,,0,,,0.0,0.0,1.0686,0.75,157451.1,0.479
N1,N1-S-B082#3,1,True,B082#3,Shore Park and Parkway (3/10),B,13.738,Community Park,1,0.0,0.0,,0,,,0.0,0.0,0.9948,0.458,159403.1,0.464
N1,N1-S-B082#5,1,True,B082#5,Shore Park and Parkway (5/10),B,9.627,Community Park,1,0.0,0.0,,0,,,0.0,0.0,0.8386,0.833,238489.4,0.631
N1,N1-S-B082#7,1,True,B082#7,Shore Park and Parkway (7/10),B,18.171,Community Park,1,0.0,0.0,,0,,,0.0,0.0,1.0197,0.25,160245.7,0.46
N1,N1-S-B082#9,1,True,B082#9,Shore Park and Parkway (9/10),B,8.241,Community Park,1,0.0,0.0,,0,,,0.0,0.0,0.9445,0.583,160572.6,0.465
N1,N1-S-B094,1,True,B094,Sgt. Joyce Kilmer Square,B,0.001,Triangle/Plaza,1,0.0,0.0,,0,,,1.0,1.0,1.1542,0.25,32408.3,0.0
N1,N1-S-B095,1,True,B095,Ennis Playground,B,0.615,Playground,1,0.0,0.0,,0,,,0.0,0.0,0.8813,0.75,52539.9,0.0
N1,N1-S-B096,1,True,B096,Sgt. William Dougherty Playground,B,0.429,Playground,1,0.0,0.0,,0,,,0.0,0.0,1.0368,0.583,47589.7,0.0
N1,N1-S-B097,1,True,B097,Sledge Playground,B,0.335,Playground,1,0.0,0.0,,0,,,0.0,0.0,1.1485,0.75,46334.9,0.0
N1,N1-S-B098,1,True,B098,Martin Luther Playground,B,0.953,Playground,1,0.0,0.0,,0,,,1.0,1.0,1.1878,0.25,56206.2,0.0
N1,N1-S-B099,1,True,B099,Lt. Joseph Petrosino Park,B,0.909,Playground,1,0.0,0.0,,0,,,1.0,1.0,1.1153,0.667,56386.1,0.0
N1,N1-S-B100,1,True,B100,Seth Low Playground/ Bealin Square,B,4.91,Neighborhood Park,1,0.0,0.0,,0,,,1.0,1.0,1.164,0.25,104962.3,0.0
N1,N1-S-B103,1,True,B103,Cypress Hills Playground,B,4.921,Neighborhood Park,1,0.0,0.0,,0,,,0.0,1.0,1.087,0.25,87906.6,0.0
N1,N1-S-B106B,1,True,B106B,Lafayette Playground,B,1.246,Jointly Operated Playground,1,0.0,0.0,,0,,,0.0,1.0,1.1547,0.417,51961.7,0.661
N1,N1-S-B111,1,True,B111,Washington Park,B,3.324,Neighborhood Park,1,0.0,0.0,,0,,,0.0,1.0,0.9991,0.25,80504.8,0.449
N1,N1-S-B111A,1,True,B111A,Washington Skate Park,B,1.548,Jointly Operated Playground,1,0.0,0.0,,0,,,0.0,0.0,0.7098,0.833,54860.9,0.659
N1,N1-S-B121,1,True,B121,Dodger Playground,B,0.286,Playground,1,0.0,0.0,,0,,,0.0,0.0,1.0654,0.5,45080.8,0.006
N1,N1-S-B125,1,True,B125,Calvert Vaux Park,B,81.548,Recreational Field/Courts,1,0.0,0.0,,0,,,1.0,1.0,1.0008,0.583,316018.8,0.18
N1,N1-S-B126A,1,True,B126A,Todd Triangle,B,0.065,Triangle/Plaza,1,0.0,0.0,,0,,,0.0,0.0,0.8313,1.0,17386.2,1.0
N1,N1-S-B128,1,True,B128,Colonel David Marcus Playground,B,2.582,Playground,1,0.0,0.0,,0,,,0.0,1.0,1.1989,0.25,84669.8,0.0
N1,N1-S-B132,1,True,B132,Gilbert Ramirez Park,B,1.066,Neighborhood Park,1,0.0,0.0,,0,,,0.0,0.0,0.9413,0.583,66201.3,0.0
N1,N1-S-B135,1,True,B135,Newtown Barge Playground,B,6.232,Recreational Field/Courts,1,0.0,0.0,,0,,,0.0,1.0,0.9461,0.75,97122.2,0.705
N1,N1-S-B137,1,True,B137,Sixteen Sycamores Playground,B,0.538,Playground,1,0.0,0.0,,0,,,0.0,0.0,1.17,0.25,54080.5,0.344
N1,N1-S-B139,1,True,B139,Heckscher Playground,B,1.232,Playground,1,0.0,0.0,,0,,,0.0,0.0,1.1597,0.583,62088.7,0.03
N1,N1-S-B147,1,True,B147,Monsignor Crawford Field,B,1.941,Recreational Field/Courts,1,0.0,0.0,,0,,,1.0,1.0,1.1389,0.417,73605.2,0.011
N1,N1-S-B148,1,True,B148,Rolph Henry Playground,B,0.227,Playground,1,0.0,0.0,,0,,,1.0,1.0,1.1337,0.417,43486.0,0.0
N1,N1-S-B149A,1,True,B149A,Elton Playground,B,0.625,Playground,1,0.0,0.0,,0,,,0.0,0.0,1.0501,0.333,54602.2,0.931
N1,N1-S-B149B,1,True,B149B,Linwood Playground,B,0.715,Playground,1,0.0,0.0,,0,,,0.0,0.0,0.9503,0.25,56288.8,0.768
N1,N1-S-B150,1,True,B150,Kolbert Playground,B,1.673,Playground,1,0.0,0.0,,0,,,0.0,1.0,0.9655,0.333,65374.4,0.0
N1,N1-S-B151,1,True,B151,Dome Playground,B,1.194,Neighborhood Park,1,0.0,0.0,,0,,,0.0,1.0,1.1723,0.25,63583.6,0.0
N1,N1-S-B154,1,True,B154,Berry Playground,B,0.335,Playground,1,0.0,0.0,,0,,,0.0,0.0,1.1872,0.75,45874.8,0.524
N1,N1-S-B158,1,True,B158,Garibaldi Playground,B,0.437,Playground,1,0.0,0.0,,0,,,0.0,1.0,1.0993,0.667,47428.8,0.619
N1,N1-S-B159,1,True,B159,Mount Prospect Park,B,8.238,Neighborhood Park,1,0.0,0.0,,0,,,0.0,0.0,0.6915,0.75,45372.0,0.788
N1,N1-S-B160,1,True,B160,Ketchum Triangle,B,0.014,Triangle/Plaza,1,0.0,0.0,,0,,,1.0,1.0,1.1084,0.583,35693.0,0.0
N1,N1-S-B164,1,True,B164,Bath Beach Park,B,2.933,Playground,1,0.0,0.0,,0,,,0.0,0.0,0.9684,0.583,61527.7,0.0
N1,N1-S-B165A,1,True,B165A,Spring Creek Park,B,2.202,Nature Area,1,0.0,0.0,,0,,,0.0,0.0,,0.0,27197.2,0.689
N1,N1-S-B166B,1,True,B166B,Homecrest Playground,B,2.216,Playground,1,0.0,0.0,,0,,,0.0,0.0,0.8891,0.833,68397.3,0.0
N1,N1-S-B166C,1,True,B166C,Coney Island Boat Basin,B,35.449,Recreational Field/Courts,1,0.0,0.0,,0,,,0.0,0.0,0.7819,0.875,112297.3,0.413
N1,N1-S-B166D,1,True,B166D,McGuire Fields,B,74.22,Recreational Field/Courts,1,0.0,0.0,,0,,,0.0,0.0,0.864,0.75,302530.0,0.007
N1,N1-S-B166E,1,True,B166E,Sixteen Lindens Triangle,B,0.246,Triangle/Plaza,1,0.0,0.0,,0,,,0.0,0.0,0.8259,0.75,40702.3,0.0
N1,N1-S-B167,1,True,B167,La Guardia Playground,B,0.405,Playground,1,0.0,0.0,,0,,,0.0,0.0,0.7502,0.25,44852.1,0.961
N1,N1-S-B168,1,True,B168,Continental Army Plaza,B,0.533,Triangle/Plaza,1,0.0,0.0,,0,,,0.0,0.0,0.6835,0.25,46242.4,0.697
N1,N1-S-B169A,1,True,B169A,Brighton Playground,B,1.225,Playground,1,0.0,0.0,,0,,,0.0,0.0,1.0425,0.25,34556.5,0.032
N1,N1-S-B172,1,True,B172,Heffernan Triangle,B,0.027,Triangle/Plaza,1,0.0,0.0,,0,,,1.0,1.0,1.0908,0.25,36444.2,0.0
N1,N1-S-B174,1,True,B174,Park,B,0.062,Triangle/Plaza,1,0.0,0.0,,0,,,0.0,0.0,0.9295,0.5,38707.0,0.014
N1,N1-S-B176,1,True,B176,Trust Triangle,B,0.079,Triangle/Plaza,1,0.0,0.0,,0,,,0.0,0.0,1.1574,0.667,39168.7,0.0
N1,N1-S-B184,1,True,B184,Avenue R Mall,B,0.258,Mall,1,0.0,0.0,,0,,,0.0,1.0,1.0969,0.417,90185.8,0.0
N1,N1-S-B193,1,True,B193,Hamilton Metz Field,B,2.309,Neighborhood Park,1,0.0,0.0,,0,,,0.0,0.0,1.0336,0.0,72834.6,0.0
N1,N1-S-B200,1,True,B200,Elizabeth Stroud Playground,B,0.307,Playground,1,0.0,0.0,,0,,,0.0,1.0,0.9911,0.208,41464.3,0.711
N1,N1-S-B205,1,True,B205,Corporal Wiltshire Square,B,0.073,Triangle/Plaza,1,0.0,0.0,,0,,,1.0,1.0,1.1749,0.083,41652.9,0.0
N1,N1-S-B210B,1,True,B210B,D'Emic Playground,B,1.185,Playground,1,0.0,0.0,,0,,,0.0,0.0,0.9928,0.0,59984.7,0.0
N1,N1-S-B210G,1,True,B210G,Triangle Three Sixteen,B,0.272,Triangle/Plaza,1,0.0,0.0,,0,,,1.0,1.0,0.9074,0.333,45660.7,0.292
N1,N1-S-B210L,1,True,B210L,64th Street Community Garden,B,0.009,Strip,1,0.0,0.0,,0,,,0.0,0.0,0.7763,0.75,54212.2,0.66
N1,N1-S-B210N,1,True,B210N,Park,B,0.002,Strip,1,0.0,0.0,,0,,,0.0,1.0,0.8015,0.5,36781.8,0.779
N1,N1-S-B210P,1,True,B210P,Dan Ross Playground,B,0.256,Playground,1,0.0,0.0,,0,,,0.0,0.0,0.8432,0.417,47707.3,0.559
N1,N1-S-B210R,1,True,B210R,Park,B,0.005,Strip,1,0.0,0.0,,0,,,0.0,0.0,0.9208,0.75,43525.8,0.945
N1,N1-S-B210U,1,True,B210U,Park,B,0.002,Strip,1,0.0,0.0,,0,,,0.0,1.0,1.246,0.5,37220.1,0.239
N1,N1-S-B210V,1,True,B210V,Park,B,0.609,Parkway,1,0.0,0.0,,0,,,0.0,0.0,0.8782,0.5,59630.4,0.355
N1,N1-S-B213,1,True,B213,Gravesend Triangle,B,0.076,Triangle/Plaza,1,0.0,0.0,,0,,,0.0,1.0,1.1061,0.417,39516.6,0.0
N1,N1-S-B223B,1,True,B223B,Dimattina Playground,B,0.486,Playground,1,0.0,0.0,,0,,,0.0,0.0,0.7566,0.75,50601.7,0.8
N1,N1-S-B223IC,1,True,B223IC,Park,B,0.049,Triangle/Plaza,1,0.0,0.0,,0,,,0.0,0.0,0.5935,0.75,35349.1,1.0
N1,N1-S-B223JA,1,True,B223JA,Park,B,0.008,Triangle/Plaza,1,0.0,0.0,,0,,,0.0,0.0,0.9897,0.5,27871.0,1.0
N1,N1-S-B223NB,1,True,B223NB,Classon Triangle,B,0.272,Triangle/Plaza,1,0.0,0.0,,0,,,1.0,1.0,1.1309,0.5,35961.8,0.754
N1,N1-S-B223NC,1,True,B223NC,Penn Triangle,B,0.239,Playground,1,0.0,0.0,,0,,,0.0,1.0,1.1284,0.25,45459.2,0.352
N1,N1-S-B223U,1,True,B223U,Lentol Garden,B,0.772,Triangle/Plaza,1,0.0,0.0,,0,,,0.0,1.0,1.1681,0.25,60564.6,0.064
N1,N1-S-B229,1,True,B229,Triangle,B,0.019,Triangle/Plaza,1,0.0,0.0,,0,,,1.0,1.0,1.099,0.583,35756.0,0.022
N1,N1-S-B230,1,True,B230,Nicholas Naquan Heyward Jr. Park,B,1.041,Neighborhood Park,1,0.0,0.0,,0,,,0.0,0.0,0.9436,0.75,59319.5,0.177
N1,N1-S-B232,1,True,B232,Dean Playground,B,1.371,Neighborhood Park,1,0.0,0.0,,0,,,0.0,0.0,0.9209,0.375,63119.4,0.0
N1,N1-S-B233,1,True,B233,Park,B,0.312,Triangle/Plaza,1,0.0,0.0,,0,,,0.0,0.0,0.7264,0.417,57615.7,0.731
N1,N1-S-B234,1,True,B234,Tilden Playground,B,1.164,Neighborhood Park,1,0.0,0.0,,0,,,0.0,0.0,1.1236,0.833,59083.4,0.0
N1,N1-S-B236,1,True,B236,Glenwood Playground,B,1.419,Neighborhood Park,1,0.0,0.0,,0,,,1.0,1.0,1.1258,0.333,63995.7,0.0
N1,N1-S-B240,1,True,B240,Tucker Place,B,0.156,Triangle/Plaza,1,0.0,0.0,,0,,,1.0,1.0,0.7912,0.833,36599.6,0.944
N1,N1-S-B244,1,True,B244,McDonald Playground,B,3.476,Neighborhood Park,1,0.0,0.0,,0,,,0.0,0.0,1.1957,0.417,86242.0,0.0
N1,N1-S-B246,1,True,B246,Jerome Playground,B,0.694,Jointly Operated Playground,1,0.0,0.0,,0,,,0.0,1.0,1.0776,0.0,52758.9,0.0
N1,N1-S-B250,1,True,B250,Nostrand Playground,B,3.06,Jointly Operated Playground,1,0.0,0.0,,0,,,0.0,1.0,0.9927,0.0,81678.2,0.0
N1,N1-S-B251,1,True,B251,Manhattan Beach Park,B,42.915,Community Park,1,0.0,0.0,,0,,,0.0,0.0,0.952,1.0,214410.6,0.0
N1,N1-S-B252,1,True,B252,West Playground,B,2.399,Neighborhood Park,1,0.0,0.0,,0,,,1.0,1.0,1.0434,0.5,78773.1,0.0
N1,N1-S-B254,1,True,B254,Wingate Park,B,5.687,Jointly Operated Playground,1,0.0,0.0,,0,,,0.0,1.0,0.9663,0.25,102478.0,0.0
N1,N1-S-B255A,1,True,B255A,Park,B,0.002,Strip,1,0.0,0.0,,0,,,1.0,1.0,1.1874,0.75,64330.2,0.589
N1,N1-S-B255B,1,True,B255B,Park,B,0.114,Strip,1,0.0,0.0,,0,,,0.0,1.0,1.2389,0.333,77534.1,0.663
N1,N1-S-B255G,1,True,B255G,Butterfly Gardens,B,0.466,Neighborhood Park,1,0.0,0.0,,0,,,0.0,0.0,0.7877,0.5,50610.4,0.516
N1,N1-S-B255J,1,True,B255J,Seeley Park,B,0.341,Triangle/Plaza,1,0.0,0.0,,0,,,0.0,0.0,0.9607,0.25,47486.3,0.991
N1,N1-S-B255M,1,True,B255M,Park,B,0.208,Triangle/Plaza,1,0.0,0.0,,0,,,0.0,0.0,0.7949,0.75,38852.2,0.811
N1,N1-S-B255N,1,True,B255N,Park,B,0.117,Triangle/Plaza,1,0.0,0.0,,0,,,0.0,0.0,0.9694,0.75,35391.6,0.699
N1,N1-S-B255O,1,True,B255O,Park,B,0.057,Triangle/Plaza,1,0.0,0.0,,0,,,0.0,0.0,0.7416,0.5,38358.8,0.0
N1,N1-S-B257,1,True,B257,Frost Playground,B,0.748,Playground,1,0.0,0.0,,0,,,0.0,0.0,0.8671,0.5,53901.2,0.0
N1,N1-S-B260A,1,True,B260A,Howard Pool,B,0.661,Community Park,1,0.0,0.0,,0,,,1.0,1.0,1.1106,0.083,51297.2,0.638
N1,N1-S-B263,1,True,B263,Sumner Playground,B,1.924,Jointly Operated Playground,1,0.0,0.0,,0,,,0.0,0.0,0.6944,0.75,72697.4,0.024
N1,N1-S-B265,1,True,B265,Rainbow Playground,B,0.46,Playground,1,0.0,0.0,,0,,,0.0,1.0,1.1818,0.333,49653.3,0.0
N1,N1-S-B267,1,True,B267,Winthrop Playground,B,1.252,Jointly Operated Playground,1,0.0,0.0,,0,,,0.0,0.0,0.8501,0.25,69203.9,0.0
N1,N1-S-B272,1,True,B272,Marlboro Playground,B,1.051,Neighborhood Park,1,0.0,0.0,,0,,,0.0,0.0,1.0307,0.5,59027.2,0.0
N1,N1-S-B274,1,True,B274,Bayview Playground,B,1.393,Jointly Operated Playground,1,0.0,0.0,,0,,,0.0,0.0,1.0058,0.833,68116.2,0.0
N1,N1-S-B275,1,True,B275,Grady Playground,B,3.374,Jointly Operated Playground,1,0.0,0.0,,0,,,0.0,0.0,0.9614,0.917,69822.8,0.0
N1,N1-S-B277,1,True,B277,Benson Playground,B,0.933,Jointly Operated Playground,1,0.0,0.0,,0,,,1.0,1.0,1.1158,0.417,57183.7,0.0
N1,N1-S-B278,1,True,B278,Sam Leggio Triangle,B,0.014,Triangle/Plaza,1,0.0,0.0,,0,,,0.0,0.0,1.0324,0.5,29750.9,0.0
N1,N1-S-B283,1,True,B283,Belmont Playground,B,0.495,Jointly Operated Playground,1,0.0,0.0,,0,,,0.0,0.0,1.0292,0.25,49929.8,0.154
N1,N1-S-B284,1,True,B284,Marc And Jason's Playground,B,1.148,Community Park,1,0.0,0.0,,0,,,0.0,0.0,0.8238,0.583,66432.6,0.004
N1,N1-S-B285,1,True,B285,Harry Maze Playground,B,2.372,Neighborhood Park,1,0.0,0.0,,0,,,0.0,1.0,1.0019,0.25,75085.6,0.078
N1,N1-S-B286,1,True,B286,Bartlett Playground,B,1.055,Playground,1,0.0,0.0,,0,,,0.0,0.0,0.9865,0.583,58111.0,0.195
N1,N1-S-B287,1,True,B287,Andries Playground,B,0.964,Jointly Operated Playground,1,0.0,0.0,,0,,,0.0,1.0,1.1661,0.333,62248.8,0.0
N1,N1-S-B291,1,True,B291,Power Playground,B,2.336,Neighborhood Park,1,0.0,0.0,,0,,,1.0,1.0,1.1352,0.417,74125.5,0.0
N1,N1-S-B292,1,True,B292,Pratt Playground,B,0.918,Neighborhood Park,1,0.0,0.0,,0,,,1.0,1.0,0.9297,0.417,55742.1,0.012
N1,N1-S-B296,1,True,B296,Luna Playground,B,1.709,Playground,1,0.0,0.0,,0,,,0.0,0.0,0.6698,0.75,71312.7,0.298
N1,N1-S-B297,1,True,B297,Albemarle Playground,B,0.538,Jointly Operated Playground,1,0.0,0.0,,0,,,0.0,1.0,0.8991,0.333,50794.6,0.0
N1,N1-S-B298,1,True,B298,Stockton Playground,B,1.13,Jointly Operated Playground,1,0.0,0.0,,0,,,0.0,1.0,0.9596,0.25,61541.8,0.136
N1,N1-S-B302,1,True,B302,Charlie's Place,B,1.29,Playground,1,0.0,0.0,,0,,,0.0,0.0,0.9174,0.75,61125.3,0.186
N1,N1-S-B304,1,True,B304,Kennedy King Playground,B,0.784,Jointly Operated Playground,1,0.0,0.0,,0,,,0.0,0.0,1.0813,0.375,53960.6,0.0
N1,N1-S-B305,1,True,B305,P.S. 279 Playground,B,0.231,Jointly Operated Playground,1,0.0,0.0,,0,,,0.0,0.0,0.9836,0.75,46806.1,0.033
N1,N1-S-B307,1,True,B307,Tiger Playground,B,1.126,Jointly Operated Playground,1,0.0,0.0,,0,,,0.0,0.0,1.1407,0.75,58457.7,0.078
N1,N1-S-B313,1,True,B313,El Shabazz Playground,B,0.917,Jointly Operated Playground,1,0.0,0.0,,0,,,0.0,0.0,1.0795,0.333,63179.2,0.0
N1,N1-S-B316,1,True,B316,DiGilio Playground,B,0.851,Community Park,1,0.0,0.0,,0,,,0.0,0.0,1.1299,0.375,57901.5,0.0
N1,N1-S-B322,1,True,B322,Pulaski Playground,B,1.409,Jointly Operated Playground,1,0.0,0.0,,0,,,0.0,0.0,1.0487,0.333,62285.8,0.19
N1,N1-S-B324,1,True,B324,Jacob Joffe Fields,B,2.94,Community Park,1,0.0,0.0,,0,,,0.0,1.0,1.1502,0.5,82810.9,0.0
N1,N1-S-B329,1,True,B329,Lindower Park,B,6.51,Community Park,1,0.0,0.0,,0,,,0.0,0.0,1.0429,0.667,99879.6,0.0
N1,N1-S-B330,1,True,B330,Hickman Playground,B,2.716,Jointly Operated Playground,1,0.0,0.0,,0,,,1.0,1.0,1.1554,0.25,85990.6,0.0
N1,N1-S-B331,1,True,B331,Neptune Playground,B,1.171,Jointly Operated Playground,1,0.0,0.0,,0,,,0.0,0.0,0.5228,0.75,69583.0,0.001
N1,N1-S-B332,1,True,B332,Evergreen Playground,B,0.873,Jointly Operated Playground,1,0.0,0.0,,0,,,0.0,0.0,1.0994,0.5,55353.5,0.312
N1,N1-S-B338,1,True,B338,Tom McDonald Triangle,B,0.032,Triangle/Plaza,1,0.0,0.0,,0,,,0.0,1.0,0.9415,0.167,36954.0,0.822
N1,N1-S-B347,1,True,B347,Carver Playground,B,0.968,Jointly Operated Playground,1,0.0,0.0,,0,,,0.0,0.0,1.0016,0.0,56404.8,0.23
N1,N1-S-B349,1,True,B349,Bath Playground,B,1.131,Jointly Operated Playground,1,0.0,0.0,,0,,,1.0,1.0,1.1395,0.417,68401.5,0.0
N1,N1-S-B350,1,True,B350,Stroud Playground,B,1.183,Jointly Operated Playground,1,0.0,0.0,,0,,,0.0,0.0,0.7443,0.333,66840.2,0.0
N1,N1-S-B356,1,True,B356,North Pacific Playground,B,0.159,Playground,1,0.0,0.0,,0,,,0.0,0.0,1.0883,0.75,41580.7,0.114
N1,N1-S-B360,1,True,B360,Remsen Playground,B,1.017,Jointly Operated Playground,1,0.0,0.0,,0,,,1.0,1.0,0.9212,0.0,59358.6,0.0
N1,N1-S-B361,1,True,B361,Boerum Park,B,0.922,Jointly Operated Playground,1,0.0,0.0,,0,,,0.0,0.0,0.8985,0.75,55808.0,0.188
N1,N1-S-B369,1,True,B369,Steeplechase Park,B,10.002,Community Park,1,0.0,0.0,,0,,,0.0,1.0,0.9178,0.0,54674.1,0.0
N1,N1-S-B372,1,True,B372,Friends Field,B,6.403,Community Park,1,0.0,0.0,,0,,,0.0,1.0,0.8534,0.333,103863.8,0.0
N1,N1-S-B376,1,True,B376,Fidler-Wyckoff House Park,B,1.185,Historic House Park,1,0.0,0.0,,0,,,1.0,1.0,1.1781,0.25,61937.8,0.095
N1,N1-S-B379,1,True,B379,Coney Island Creek Park,B,8.891,Nature Area,1,0.0,0.0,,0,,,0.0,0.0,0.3148,0.875,135122.6,0.1
N1,N1-S-B383,1,True,B383,Success Garden,B,0.948,Neighborhood Park,1,0.0,0.0,,0,,,0.0,0.0,1.1085,0.0,60598.5,0.0
N1,N1-S-B384,1,True,B384,Fresh Creek Nature Preserve,B,77.0,Nature Area,1,0.0,0.0,,0,,,0.0,1.0,0.9849,0.333,360132.6,0.11
N1,N1-S-B385,1,True,B385,WNYC Transmitter Park,B,6.44,Neighborhood Park,1,0.0,0.0,,0,,,0.0,0.0,0.8913,0.75,105116.4,0.136
N1,N1-S-B391,1,True,B391,Lt. Federico Narvaez Tot Lot,B,0.129,Playground,1,0.0,0.0,,0,,,0.0,0.0,1.1359,0.333,40822.8,0.0
N1,N1-S-B392,1,True,B392,Lott Park,B,0.072,Triangle/Plaza,1,0.0,0.0,,0,,,0.0,0.0,0.7538,0.833,40278.4,0.0
N1,N1-S-B393,1,True,B393,Sheepshead Bay Piers,B,6.336,Waterfront Facility,1,0.0,0.0,,0,,,1.0,1.0,0.7497,0.25,158354.0,0.218
N1,N1-S-B394,1,True,B394,Four Sparrow Marsh,B,64.628,Nature Area,1,0.0,0.0,,0,,,0.0,0.0,,0.0,197289.1,0.011
N1,N1-S-B399,1,True,B399,Gardens Of Union,B,0.201,Garden,1,0.0,0.0,,0,,,0.0,0.0,1.1887,0.417,43991.1,0.0
N1,N1-S-B404,1,True,B404,East Flatbush Children's Playground,B,0.112,Playground,1,0.0,0.0,,0,,,0.0,0.0,1.1126,0.375,40332.9,0.004
N1,N1-S-B407,1,True,B407,South Oxford Park,B,1.184,Neighborhood Park,1,0.0,0.0,,0,,,0.0,0.0,0.8779,0.25,59828.1,0.138
N1,N1-S-B414,1,True,B414,E 4th Street Garden,B,0.193,Garden,1,0.0,0.0,,0,,,0.0,0.0,1.0882,0.5,43227.8,0.325
N1,N1-S-B416,1,True,B416,TLC Sculpture Park Garden,B,0.176,Garden,1,0.0,0.0,,0,,,0.0,1.0,1.1761,0.0,42141.8,0.0
N1,N1-S-B418,1,True,B418,Valentino Pier,B,4.523,Neighborhood Park,1,0.0,0.0,,0,,,0.0,0.0,0.8805,0.5,96137.6,0.0
N1,N1-S-B423,1,True,B423,Project Roots,B,0.174,Garden,1,0.0,0.0,,0,,,0.0,0.0,1.0132,0.583,39749.9,0.618
N1,N1-S-B424,1,True,B424,Earth Spirit Garden,B,0.239,Garden,1,0.0,0.0,,0,,,0.0,0.0,1.143,0.75,43815.6,0.273
N1,N1-S-B425,1,True,B425,St Nicholas-olive St Garden,B,0.09,Garden,1,0.0,0.0,,0,,,0.0,0.0,0.9471,0.125,38656.8,0.592
N1,N1-S-B426,1,True,B426,St Nicholas-powers St Garden,B,0.114,Garden,1,0.0,0.0,,0,,,0.0,0.0,0.9887,0.75,40225.1,0.511
N1,N1-S-B427,1,True,B427,Sunshine Community Garden,B,0.113,Garden,1,0.0,0.0,,0,,,0.0,0.0,0.9221,0.75,40509.1,0.002
N1,N1-S-B428,1,True,B428,Goodwin Gardens,B,0.366,Garden,1,0.0,0.0,,0,,,0.0,0.0,0.9184,0.75,48892.1,0.0
N1,N1-S-B432,1,True,B432,American Veterans Memorial Pier,B,3.168,Waterfront Facility,1,0.0,0.0,,0,,,0.0,0.0,0.2563,0.5,77134.5,0.396
N1,N1-S-B433,1,True,B433,Hendrick I. Lott House,B,0.751,Historic House Park,1,0.0,0.0,,0,,,0.0,0.0,1.0996,0.833,53571.8,0.0
N1,N1-S-B435,1,True,B435,Tilyou Playground,B,0.3,Playground,1,0.0,0.0,,0,,,1.0,1.0,0.9114,0.583,44786.8,0.0
N1,N1-S-B441,1,True,B441,American Heart,B,0.052,Garden,1,0.0,0.0,,0,,,0.0,0.0,1.0057,0.333,37666.8,0.882
N1,N1-S-B444,1,True,B444,Berry Street Garden,B,0.136,Garden,1,0.0,0.0,,0,,,0.0,1.0,0.8116,0.25,40663.9,0.7
N1,N1-S-B445,1,True,B445,Ten Eyck Houses Garden,B,0.115,Garden,1,0.0,0.0,,0,,,0.0,0.0,1.0383,0.75,38666.0,0.713
N1,N1-S-B454,1,True,B454,Cooper St Block Buster Bl Association,B,0.165,Garden,1,0.0,0.0,,0,,,0.0,1.0,1.1787,0.75,41820.6,0.63
N1,N1-S-B456,1,True,B456,Walt L Shemal Garden,B,0.15,Garden,1,0.0,0.0,,0,,,0.0,0.0,1.1102,0.417,41448.7,0.292
N1,N1-S-B460,1,True,B460,Elton St Block Association,B,0.098,Garden,1,0.0,0.0,,0,,,0.0,0.0,1.161,0.167,39751.1,0.017
N1,N1-S-B461,1,True,B461,Euclid Garden,B,0.185,Garden,1,0.0,0.0,,0,,,0.0,1.0,1.1209,0.25,44246.6,0.0
N1,N1-S-B462,1,True,B462,Family Community Garden,B,0.274,Garden,1,0.0,0.0,,0,,,0.0,0.0,1.1247,0.5,40997.5,0.609
N1,N1-S-B465,1,True,B465,First Quincy St Block Association,B,0.127,Garden,1,0.0,0.0,,0,,,0.0,0.0,1.0089,0.25,40916.9,0.217
N1,N1-S-B466,1,True,B466,First Temple Of David,B,0.05,Garden,1,0.0,0.0,,0,,,0.0,0.0,1.194,0.167,34575.7,0.983
N1,N1-S-B467,1,True,B467,Floral Vineyard,B,0.113,Garden,1,0.0,0.0,,0,,,0.0,1.0,1.1421,0.0,38165.6,0.891
N1,N1-S-B469,1,True,B469,Good Shepherds Garden,B,0.12,Garden,1,0.0,0.0,,0,,,0.0,0.0,1.1137,0.75,40700.6,0.037
N1,N1-S-B470,1,True,B470,Granite St Block Association,B,0.178,Garden,1,0.0,0.0,,0,,,0.0,0.0,0.7259,0.75,35738.7,0.884
N1,N1-S-B473,1,True,B473,Hancock T and T,B,0.08,Garden,1,0.0,0.0,,0,,,0.0,0.0,1.0736,0.25,39603.6,0.362
N1,N1-S-B474,1,True,B474,Hart to Hart,B,0.332,Garden,1,0.0,0.0,,0,,,0.0,0.0,1.0057,0.333,45995.3,0.827
N1,N1-S-B479,1,True,B479,Lefferts Pl Block Association,B,0.067,Garden,1,0.0,0.0,,0,,,0.0,0.0,0.9572,0.25,40176.6,0.235
N1,N1-S-B480,1,True,B480,Lincoln Rd Block Association,B,0.063,Garden,1,0.0,0.0,,0,,,0.0,0.0,1.0824,0.292,38977.1,0.685
N1,N1-S-B481,1,True,B481,Madison Square Garden Association,B,0.159,Garden,1,0.0,0.0,,0,,,0.0,0.0,0.9356,0.375,41195.6,0.447
N1,N1-S-B484,1,True,B484,Gregory's Garden,B,0.12,Garden,1,0.0,0.0,,0,,,0.0,0.0,1.2137,0.25,40675.2,0.466
N1,N1-S-B490,1,True,B490,Santos White Garden,B,0.151,Garden,1,0.0,0.0,,0,,,1.0,1.0,0.974,0.5,41269.8,0.0
N1,N1-S-B498,1,True,B498,Louis Pl Friends,B,0.042,Garden,1,0.0,0.0,,0,,,0.0,0.0,0.8954,0.792,38594.3,0.251
N1,N1-S-B500,1,True,B500,Patrick Van Doren Pocket Park,B,0.041,Garden,1,0.0,0.0,,0,,,0.0,1.0,1.1457,0.25,37693.3,0.015
N1,N1-S-B504,1,True,B504,Ponderosa Garden,B,0.192,Garden,1,0.0,0.0,,0,,,0.0,0.0,1.2235,0.75,42556.8,0.0
N1,N1-S-B506,1,True,B506,Prophecy Garden,B,0.091,Garden,1,0.0,0.0,,0,,,0.0,0.0,1.0935,0.75,39818.7,0.051
N1,N1-S-B512,1,True,B512,Hoparkinson R&L Block Association Garden,B,0.105,Garden,1,0.0,0.0,,0,,,1.0,1.0,1.2184,0.25,32210.7,0.776
N1,N1-S-B518,1,True,B518,Victory Garden's Group,B,0.059,Garden,1,0.0,0.0,,0,,,0.0,0.0,1.0853,0.583,39106.2,0.309
N1,N1-S-B519,1,True,B519,Spencer St Block Association,B,0.042,Garden,1,0.0,0.0,,0,,,0.0,0.0,1.0935,0.75,38754.5,0.063
N1,N1-S-B525,1,True,B525,Sumpter Community Garden,B,0.054,Garden,1,0.0,0.0,,0,,,0.0,0.0,1.0017,0.375,38986.9,0.093
N1,N1-S-B528,1,True,B528,Howard Av Block Association,B,0.204,Garden,1,0.0,0.0,,0,,,0.0,0.0,0.9811,0.5,43491.8,0.674
N1,N1-S-B529,1,True,B529,Bushwick Inlet Park,B,35.687,Neighborhood Park,1,0.0,0.0,,0,,,1.0,1.0,1.0439,0.0,203606.6,0.037
N1,N1-S-B530,1,True,B530,Seasons of Vision,B,0.084,Garden,1,0.0,0.0,,0,,,0.0,1.0,1.1725,0.25,39302.5,0.954
N1,N1-S-B536,1,True,B536,North 5th Street Pier and Park,B,3.908,Waterfront Facility,1,0.0,0.0,,0,,,0.0,0.0,0.8013,0.75,127743.1,0.059
N1,N1-S-B544,1,True,B544,100 Quincy Street Community Garden,B,0.058,Garden,1,0.0,0.0,,0,,,0.0,0.0,1.0268,0.375,39079.9,0.0
N1,N1-S-B545,1,True,B545,Oko Farms Aquaponics Education Garden,B,0.058,Garden,1,0.0,0.0,,0,,,0.0,1.0,1.2198,0.75,39047.0,0.0
N1,N1-S-B551,1,True,B551,Vinegar Hill Community Garden,B,0.065,Garden,1,0.0,0.0,,0,,,0.0,0.0,1.1479,0.25,37844.2,0.05
N1,N1-S-B568,1,True,B568,Ashford Street Abundant Garden,B,0.131,Garden,1,0.0,0.0,,0,,,0.0,0.0,1.0559,0.5,49396.6,1.0
N1,N1-S-B569,1,True,B569,Chestnut Street Garden,B,0.09,Garden,1,0.0,0.0,,0,,,0.0,0.0,1.0219,0.75,42367.6,0.0
N1,N1-S-B570,1,True,B570,Dolly's Park,B,0.049,Garden,1,0.0,0.0,,0,,,0.0,0.0,1.0109,0.75,38866.3,0.0
N1,N1-S-B571,1,True,B571,East 43rd Street Community Garden,B,0.091,Garden,1,0.0,0.0,,0,,,0.0,0.0,1.0216,0.75,39821.5,0.0
N1,N1-S-B577,1,True,B577,EL Garden,B,0.118,Garden,1,0.0,0.0,,0,,,0.0,0.0,1.0383,0.75,40653.7,0.089
N1,N1-S-B580,1,True,B580,Java Street Community Garden,B,0.069,Garden,1,0.0,0.0,,0,,,0.0,0.0,0.9882,0.75,39475.3,0.052
N1,N1-S-B581,1,True,B581,Warwick Street Greenery Glow Garden,B,0.038,Garden,1,0.0,0.0,,0,,,0.0,0.0,1.1488,0.292,37715.8,0.392
N1,N1-S-B582,1,True,B582,Brooklyn's Finest Garden,B,0.057,Garden,1,0.0,0.0,,0,,,0.0,0.0,0.9997,0.375,41314.9,0.285
N1,N1-S-B584,1,True,B584,Moffat Garden,B,0.038,Garden,1,0.0,0.0,,0,,,0.0,0.0,1.075,0.75,38650.7,0.354
N1,N1-S-B585,1,True,B585,Prospect Plaza Park,B,0.657,Neighborhood Park,1,0.0,0.0,,0,,,0.0,0.0,0.609,0.75,55456.8,0.509
N1,N1-S-B588,1,True,B588,Greenpoint Public Park,B,2.649,Neighborhood Park,1,0.0,0.0,,0,,,0.0,0.0,0.6156,0.75,79838.8,0.136
N1,N1-S-B594,1,True,B594,Maple Street Community Garden,B,0.14,Neighborhood Park,1,0.0,0.0,,0,,,0.0,0.0,1.0617,0.75,40964.9,0.652
N1,N1-S-B595,1,True,B595,Greenpoint Landing,B,1.485,Neighborhood Park,1,0.0,0.0,,0,,,0.0,0.0,0.7483,0.375,97530.2,0.645
N1,N1-S-B598,1,True,B598,West 23rd St. Garden,B,1.313,Garden,1,0.0,0.0,,0,,,1.0,1.0,0.8888,0.5,61161.8,0.645
N1,N1-S-B601,1,True,B601,MHBA Living Laboratory,B,0.14,Garden,1,0.0,0.0,,0,,,0.0,0.0,1.0827,0.292,33401.9,0.901
N1,N1-S-B605,1,True,B605,Ascenzi Square,B,0.032,Triangle/Plaza,1,0.0,0.0,,0,,,0.0,0.0,1.09,0.25,36252.6,0.089
N1,N1-S-B608,1,True,B608,St. Mark's Playground,B,0.231,Playground,1,0.0,0.0,,0,,,0.0,0.0,0.0,1.0,45171.1,0.094
N1,N1-S-B610,1,True,B610,Park,B,0.033,Triangle/Plaza,1,0.0,0.0,,0,,,0.0,0.0,0.5984,0.75,36849.0,0.0
N1,N1-S-M005,1,True,M005,The Battery,M,21.915,Neighborhood Park,1,0.0,0.0,,0,,,0.0,1.0,0.8673,0.25,177605.1,0.252
N1,N1-S-M006,1,True,M006,Tribeca Park,M,0.32,Triangle/Plaza,1,0.0,0.0,,0,,,0.0,1.0,0.9728,0.25,52180.3,0.105
N1,N1-S-M007,1,True,M007,Bowling Green,M,1.162,Triangle/Plaza,1,0.0,0.0,,0,,,0.0,1.0,0.8807,0.75,60703.1,0.354
N1,N1-S-M025,1,True,M025,Duane Park,M,0.115,Triangle/Plaza,1,0.0,0.0,,0,,,0.0,0.0,0.8776,0.25,41249.8,0.311
N1,N1-S-M031,1,True,M031,Amelia Gorman Park,M,1.771,Neighborhood Park,1,0.0,0.0,,0,,,0.0,0.0,0.6835,0.25,65364.9,0.1
N1,N1-S-M039#1,1,True,M039#1,Harlem River Park (1/15),M,2.519,Parkway,1,0.0,0.0,,0,,,0.0,0.0,0.4553,1.0,22442.2,1.0
N1,N1-S-M039#10,1,True,M039#10,Harlem River Park (10/15),M,2.423,Parkway,1,0.0,0.0,,0,,,0.0,0.0,0.0,1.0,88271.6,0.576
N1,N1-S-M039#11,1,True,M039#11,Harlem River Park (11/15),M,3.979,Parkway,1,0.0,0.0,,0,,,0.0,0.0,0.0,0.0,42831.7,0.733
N1,N1-S-M039#12,1,True,M039#12,Harlem River Park (12/15),M,6.94,Parkway,1,0.0,0.0,,0,,,0.0,0.0,0.5973,0.0,78746.0,0.497
N1,N1-S-M039#14,1,True,M039#14,Harlem River Park (14/15),M,3.709,Parkway,1,0.0,0.0,,0,,,0.0,0.0,0.6741,1.0,57301.4,0.827
N1,N1-S-M039#2,1,True,M039#2,Harlem River Park (2/15),M,8.038,Parkway,1,0.0,0.0,,0,,,0.0,0.0,0.6002,0.833,96190.2,0.417
N1,N1-S-M039#3,1,True,M039#3,Harlem River Park (3/15),M,4.021,Parkway,1,0.0,0.0,,0,,,1.0,1.0,1.2818,0.5,163543.3,0.393
N1,N1-S-M039#4,1,True,M039#4,Harlem River Park (4/15),M,3.105,Parkway,1,0.0,0.0,,0,,,0.0,0.0,0.7932,1.0,51698.3,0.943
N1,N1-S-M039#5,1,True,M039#5,Harlem River Park (5/15),M,3.607,Parkway,1,0.0,0.0,,0,,,0.0,0.0,0.0,0.0,49567.2,0.675
N1,N1-S-M039#6,1,True,M039#6,Harlem River Park (6/15),M,1.408,Parkway,1,0.0,0.0,,0,,,0.0,0.0,0.421,0.25,91423.8,0.741
N1,N1-S-M039#9,1,True,M039#9,Harlem River Park (9/15),M,3.904,Parkway,1,0.0,0.0,,0,,,0.0,0.0,0.8282,1.0,55836.2,0.913
N1,N1-S-M045,1,True,M045,John Jay Park,M,3.317,Community Park,1,0.0,0.0,,0,,,0.0,0.0,0.7252,0.333,76997.6,0.537
N1,N1-S-M046,1,True,M046,Vietnam Veterans Plaza,M,0.832,Triangle/Plaza,1,0.0,0.0,,0,,,0.0,0.0,0.8844,0.25,59987.3,0.032
N1,N1-S-M052,1,True,M052,Madison Square Park,M,6.236,Neighborhood Park,1,0.0,0.0,,0,,,1.0,1.0,1.0324,0.083,96031.1,0.254
N1,N1-S-M054,1,True,M054,Mitchel Square,M,0.762,Triangle/Plaza,1,0.0,0.0,,0,,,0.0,0.0,0.7506,0.25,59538.3,0.923
N1,N1-S-M059,1,True,M059,Murphy Brothers Playground,M,1.239,Playground,1,0.0,0.0,,0,,,0.0,1.0,0.7413,0.25,70239.7,0.0
N1,N1-S-M060C#1,1,True,M060C#1,Park Avenue Malls (1/8),M,0.596,Mall,1,0.0,0.0,,0,,,0.0,0.0,1.1089,0.5,111218.6,0.544
N1,N1-S-M060C#4,1,True,M060C#4,Park Avenue Malls (4/8),M,0.555,Mall,1,0.0,0.0,,0,,,0.0,0.0,1.1223,0.25,109473.6,0.577
N1,N1-S-M060C#5,1,True,M060C#5,Park Avenue Malls (5/8),M,0.568,Mall,1,0.0,0.0,,0,,,0.0,0.0,1.1094,0.25,109541.2,0.551
N1,N1-S-M060C#6,1,True,M060C#6,Park Avenue Malls (6/8),M,0.611,Mall,1,0.0,0.0,,0,,,0.0,0.0,1.1052,0.333,113584.4,0.557
N1,N1-S-M061,1,True,M061,Plaza Lafayette,M,0.085,Triangle/Plaza,1,0.0,0.0,,0,,,0.0,0.0,0.9072,0.375,37794.3,0.0
N1,N1-S-M081,1,True,M081,Carl Schurz Park,M,13.959,Neighborhood Park,1,0.0,0.0,,0,,,0.0,0.0,0.7619,0.25,146156.7,0.187
N1,N1-S-M091,1,True,M091,Bennett Rest,M,4.063,Nature Area,1,0.0,0.0,,0,,,0.0,0.0,0.8184,0.75,108751.1,0.209
N1,N1-S-M092A,1,True,M092A,Haven Avenue,M,1.442,Parkway,1,0.0,0.0,,0,,,0.0,0.0,0.8133,0.375,61716.9,0.695
N1,N1-S-M092B,1,True,M092B,Park,M,1.57,Strip,1,0.0,0.0,,0,,,0.0,0.0,0.7358,0.5,113557.4,0.46
N1,N1-S-M094#6,1,True,M094#6,Broadway Malls (6/11),M,0.497,Mall,1,0.0,0.0,,0,,,0.0,0.0,1.1114,0.25,104301.9,0.694
N1,N1-S-M094#9,1,True,M094#9,Broadway Malls (9/11),M,0.515,Mall,1,0.0,0.0,,0,,,0.0,0.0,1.0952,0.5,110567.2,0.549
N1,N1-S-M101,1,True,M101,Worth Square,M,0.269,Triangle/Plaza,1,0.0,0.0,,0,,,1.0,1.0,1.0793,0.25,33392.9,0.729
N1,N1-S-M108A,1,True,M108A,Louis Cuvillier Park,M,2.743,Neighborhood Park,1,0.0,0.0,,0,,,1.0,1.0,1.0342,0.25,65133.3,0.842
N1,N1-S-M108B,1,True,M108B,Park,M,2.13,Parkway,1,0.0,0.0,,0,,,0.0,0.0,0.8243,0.375,86422.2,0.9
N1,N1-S-M108F,1,True,M108F,Triboro Plaza,M,2.195,Triangle/Plaza,1,0.0,0.0,,0,,,1.0,1.0,1.0063,0.167,93050.1,0.89
N1,N1-S-M108G,1,True,M108G,Playground 103 CIII,M,1.097,Neighborhood Park,1,0.0,0.0,,0,,,0.0,0.0,0.4008,0.875,57002.7,0.744
N1,N1-S-M108H,1,True,M108H,Park,M,0.034,Triangle/Plaza,1,0.0,0.0,,0,,,0.0,0.0,0.8331,0.25,34138.8,0.836
N1,N1-S-M108J,1,True,M108J,Park,M,0.188,Strip,1,0.0,0.0,,0,,,0.0,0.0,0.7446,0.417,42828.7,0.975
N1,N1-S-M108N,1,True,M108N,Peter Detmold Park,M,0.587,Neighborhood Park,1,0.0,0.0,,0,,,0.0,0.0,0.6931,0.625,70846.6,0.51
N1,N1-S-M108Q1,1,True,M108Q1,Andrew Haswell Green Park,M,1.937,Neighborhood Park,1,0.0,0.0,,0,,,0.0,0.0,0.0,0.375,90680.5,0.862
N1,N1-S-M108R,1,True,M108R,Sutton Place Park,M,0.268,Neighborhood Park,1,0.0,0.0,,0,,,0.0,0.0,0.2748,0.375,42425.2,1.0
N1,N1-S-M108T#1,1,True,M108T#1,East River Walk (1/6),M,0.84,Waterfront Facility,1,0.0,0.0,,0,,,0.0,0.0,0.0,1.0,81455.0,0.948
N1,N1-S-M108T#3,1,True,M108T#3,East River Walk (3/6),M,1.339,Waterfront Facility,1,0.0,0.0,,0,,,0.0,0.0,0.0,1.0,180202.1,0.399
N1,N1-S-M108T#4,1,True,M108T#4,East River Walk (4/6),M,0.483,Waterfront Facility,1,0.0,0.0,,0,,,0.0,0.0,0.4134,0.833,86106.1,0.343
N1,N1-S-M108T#5,1,True,M108T#5,East River Walk (5/6),M,0.882,Waterfront Facility,1,0.0,0.0,,0,,,0.0,0.0,0.2778,0.375,81235.1,0.831
N1,N1-S-M108T#6,1,True,M108T#6,East River Walk (6/6),M,1.056,Waterfront Facility,1,0.0,0.0,,0,,,0.0,0.0,0.0,1.0,109285.6,0.573
N1,N1-S-M108T01#1,1,True,M108T01#1,East River Esplanade (1/8),M,3.132,Waterfront Facility,1,0.0,0.0,,0,,,0.0,0.0,0.0,1.0,234222.4,0.688
N1,N1-S-M108T01#4,1,True,M108T01#4,East River Esplanade (4/8),M,1.176,Waterfront Facility,1,0.0,0.0,,0,,,0.0,0.0,0.0,0.0,108574.6,0.61
N1,N1-S-M108T01#5,1,True,M108T01#5,East River Esplanade (5/8),M,1.183,Waterfront Facility,1,0.0,0.0,,0,,,0.0,0.0,0.3353,0.0,92615.5,0.881
N1,N1-S-M108T01#8,1,True,M108T01#8,East River Esplanade (8/8),M,2.245,Waterfront Facility,1,0.0,0.0,,0,,,0.0,0.0,0.0,1.0,170622.0,0.763
N1,N1-S-M132,1,True,M132,Little Flower Playground,M,1.293,Playground,1,0.0,0.0,,0,,,1.0,1.0,0.9458,0.0,61360.8,0.302
N1,N1-S-M140,1,True,M140,Recreational Area,M,18.175,Community Park,1,0.0,0.0,,0,,,0.0,0.0,0.5535,0.5,195905.7,0.391
N1,N1-S-M144,1,True,M144,John V. Lindsay East River Park,M,45.055,Community Park,1,0.0,0.0,,0,,,0.0,0.0,0.5724,0.875,457285.1,0.264
N1,N1-S-M145,1,True,M145,Albert Capsouto Park,M,0.36,Triangle/Plaza,1,0.0,0.0,,0,,,0.0,1.0,0.9638,0.25,47956.1,0.776
N1,N1-S-M154,1,True,M154,Mathews-Palmer Playground,M,0.483,Playground,1,0.0,0.0,,0,,,0.0,0.0,1.0943,0.75,50205.1,0.298
N1,N1-S-M156,1,True,M156,McKenna Square,M,0.223,Triangle/Plaza,1,0.0,0.0,,0,,,0.0,0.0,1.0538,0.0,45414.3,0.296
N1,N1-S-M161,1,True,M161,McCaffrey Playground,M,0.442,Playground,1,0.0,0.0,,0,,,0.0,0.0,1.1289,0.75,49001.9,0.0
N1,N1-S-M164,1,True,M164,Asser Levy Playground,M,2.765,Community Park,1,0.0,0.0,,0,,,0.0,0.0,0.8713,0.25,77396.5,0.0
N1,N1-S-M165,1,True,M165,Baruch Playground,M,2.298,Recreational Field/Courts,1,0.0,0.0,,0,,,0.0,0.0,0.8279,0.75,72413.3,0.43
N1,N1-S-M180,1,True,M180,Lt. Wm. Tighe Triangle,M,0.185,Triangle/Plaza,1,0.0,0.0,,0,,,0.0,0.0,0.8656,0.25,37783.0,0.692
N1,N1-S-M184,1,True,M184,Samuel N. Bennerson 2nd Playground,M,0.737,Neighborhood Park,1,0.0,0.0,,0,,,0.0,0.0,1.0761,0.75,53417.3,0.179
N1,N1-S-M198,1,True,M198,"Martin Luther King, Jr. Playground",M,1.085,Neighborhood Park,1,0.0,0.0,,0,,,0.0,0.0,0.8656,0.583,59062.1,0.0
N1,N1-S-M201,1,True,M201,Wald Playground,M,0.539,Jointly Operated Playground,1,0.0,0.0,,0,,,0.0,0.0,0.929,0.25,50642.7,0.165
N1,N1-S-M203C,1,True,M203C,Dag Hammarskjold Plaza,M,1.584,Triangle/Plaza,1,0.0,0.0,,0,,,0.0,1.0,1.0997,0.083,77507.0,0.001
N1,N1-S-M206,1,True,M206,Tanahey Playground,M,1.353,Neighborhood Park,1,0.0,0.0,,0,,,0.0,0.0,0.7584,0.25,64184.1,0.846
N1,N1-S-M208F,1,True,M208F,Harlem River Park,M,0.231,Triangle/Plaza,1,0.0,0.0,,0,,,0.0,0.0,0.668,0.75,42956.4,1.0
N1,N1-S-M208G,1,True,M208G,Harlem River Park,M,0.349,Triangle/Plaza,1,0.0,0.0,,0,,,0.0,0.0,0.6586,0.5,42592.1,0.799
N1,N1-S-M209,1,True,M209,Mill Rock Park,M,8.588,Nature Area,1,0.0,0.0,,0,,,0.0,0.0,,0.0,112156.0,0.0
N1,N1-S-M211B,1,True,M211B,Langston Hughes Playground,M,0.641,Playground,1,0.0,0.0,,0,,,0.0,0.0,1.1143,0.0,50404.0,0.782
N1,N1-S-M212,1,True,M212,The Queen Elizabeth II September 11th Garden,M,0.118,Triangle/Plaza,1,0.0,0.0,,0,,,0.0,0.0,0.8289,0.5,42952.2,0.044
N1,N1-S-M213,1,True,M213,Mae Grant Playground,M,0.969,Neighborhood Park,1,0.0,0.0,,0,,,0.0,0.0,0.8188,0.25,57406.8,0.0
N1,N1-S-M218,1,True,M218,DeSalvio Playground,M,0.266,Playground,1,0.0,0.0,,0,,,0.0,0.0,0.9094,0.0,43929.5,0.74
N1,N1-S-M221,1,True,M221,Gutenberg Playground,M,0.637,Jointly Operated Playground,1,0.0,0.0,,0,,,0.0,0.0,1.1126,0.5,52521.0,0.293
N1,N1-S-M225,1,True,M225,Wagner Playground,M,1.269,Jointly Operated Playground,1,0.0,0.0,,0,,,0.0,0.0,0.947,0.375,59365.1,0.015
N1,N1-S-M240,1,True,M240,Audubon Playground,M,0.364,Jointly Operated Playground,1,0.0,0.0,,0,,,0.0,0.0,1.0885,0.25,51186.5,0.204
N1,N1-S-M256,1,True,M256,MacArthur Playground,M,0.312,Playground,1,0.0,0.0,,0,,,0.0,0.0,0.807,0.417,46524.4,0.545
N1,N1-S-M263,1,True,M263,Bellevue South Park,M,1.591,Neighborhood Park,1,0.0,0.0,,0,,,0.0,0.0,0.851,0.25,68082.7,0.119
N1,N1-S-M271A,1,True,M271A,Harlem RBI,M,0.801,Recreational Field/Courts,1,0.0,0.0,,0,,,0.0,0.0,0.7134,0.75,54250.6,0.114
N1,N1-S-M273,1,True,M273,Wagner Houses Pool,M,1.639,Community Park,1,0.0,0.0,,0,,,1.0,1.0,0.9148,0.417,56907.5,0.949
N1,N1-S-M281,1,True,M281,Clinton Community Garden,M,0.345,Garden,1,0.0,0.0,,0,,,0.0,0.0,1.0663,0.75,44151.9,0.872
N1,N1-S-M283#1,1,True,M283#1,Battery Park City (1/4),M,9.002,Community Park,1,0.0,0.0,,0,,,0.0,0.0,0.7846,0.875,153378.4,0.598
N1,N1-S-M283#3,1,True,M283#3,Battery Park City (3/4),M,5.287,Community Park,1,0.0,0.0,,0,,,0.0,0.0,0.7889,0.625,126813.6,0.491
N1,N1-S-M286,1,True,M286,Asphalt Green,M,4.227,Community Park,1,0.0,0.0,,0,,,0.0,0.0,1.0798,0.0,85321.5,0.61
N1,N1-S-M289,1,True,M289,East River Esplanade,M,1.713,Neighborhood Park,1,0.0,0.0,,0,,,0.0,0.0,0.3067,0.0,112574.5,0.283
N1,N1-S-M290,1,True,M290,Pier 107 CVII,M,0.415,Waterfront Facility,1,0.0,0.0,,0,,,0.0,0.0,,0.0,47513.7,0.69
N1,N1-S-M292,1,True,M292,Sunshine Playground,M,0.24,Playground,1,0.0,0.0,,0,,,0.0,0.0,0.8855,0.75,43310.1,0.718
N1,N1-S-M304,1,True,M304,West 186th Street Basketball Court,M,0.12,Recreational Field/Courts,1,0.0,0.0,,0,,,0.0,0.0,1.0946,0.833,40895.8,0.0
N1,N1-S-M306,1,True,M306,W 104th Street Garden,M,0.317,Garden,1,0.0,0.0,,0,,,0.0,0.0,1.0284,0.375,43571.4,0.127
N1,N1-S-M314,1,True,M314,Miracle Garden,M,0.115,Garden,1,0.0,0.0,,0,,,0.0,0.0,1.0893,0.292,39575.3,0.838
N1,N1-S-M319A,1,True,M319A,Sugar Hill Garden,M,0.069,Garden,1,0.0,0.0,,0,,,0.0,0.0,1.0399,0.208,26735.7,0.978
N1,N1-S-M319B,1,True,M319B,Edgecombe Park,M,0.112,Garden,1,0.0,0.0,,0,,,0.0,0.0,1.1151,0.208,27654.1,1.0
N1,N1-S-M327,1,True,M327,Maggie's Magic Garden,M,0.179,Garden,1,0.0,0.0,,0,,,0.0,0.0,1.0724,0.25,44010.2,0.384
N1,N1-S-M333,1,True,M333,Bradhurst Ave Garden,M,0.096,Garden,1,0.0,0.0,,0,,,0.0,0.0,1.0521,0.417,28405.3,0.985
N1,N1-S-M334,1,True,M334,Brisas Del Caribe,M,0.058,Garden,1,0.0,0.0,,0,,,0.0,0.0,1.0423,0.292,36615.2,1.0
N1,N1-S-M344,1,True,M344,Humacao Community Garden,M,0.116,Garden,1,0.0,0.0,,0,,,0.0,0.0,1.0751,0.75,40368.9,0.482
N1,N1-S-M357,1,True,M357,Los Amigos Garden,M,0.055,Garden,1,0.0,0.0,,0,,,0.0,0.0,1.0423,0.292,36506.7,1.0
N1,N1-S-M369,1,True,M369,Pier 42,M,7.505,Waterfront Facility,1,0.0,0.0,,0,,,0.0,0.0,0.4457,0.5,103429.3,0.704
N1,N1-S-M375,1,True,M375,Pleasant Park Garden,M,0.119,Garden,1,0.0,0.0,,0,,,0.0,0.0,0.8561,0.75,27463.4,0.749
N1,N1-S-M376,1,True,M376,West Harlem Piers,M,4.71,Waterfront Facility,1,0.0,0.0,,0,,,0.0,0.0,0.7056,0.5,138200.3,0.192
N1,N1-S-M379,1,True,M379,Canal Park,M,0.67,Neighborhood Park,1,0.0,0.0,,0,,,0.0,0.0,0.9587,0.25,57104.7,0.0
N1,N1-S-M399,1,True,M399,Bella Abzug Park,M,2.591,Neighborhood Park,1,0.0,0.0,,0,,,0.0,0.0,0.9293,0.417,104780.8,0.0
N1,N1-S-M401,1,True,M401,Lydia's Magic Garden (El Girasol Magic Garden),M,0.1,Garden,1,0.0,0.0,,0,,,0.0,0.0,1.2597,0.5,39828.3,0.417
N1,N1-S-M402,1,True,M402,Chelsea Green,M,0.237,Playground,1,0.0,0.0,,0,,,0.0,0.0,1.0132,0.458,43790.0,0.0
N1,N1-S-M416,1,True,M416,Park,M,0.311,Waterfront Facility,1,0.0,0.0,,0,,,0.0,0.0,0.9058,0.583,46724.2,0.101
N1,N1-S-M421,1,True,M421,Park,M,0.493,Neighborhood Park,1,0.0,0.0,,0,,,0.0,0.0,0.7856,0.5,49780.4,0.338
N1,N1-S-Q001A,1,True,Q001A,Alley Athletic Playground,Q,27.46,Recreational Field/Courts,1,0.0,0.0,,0,,,0.0,0.0,0.7571,0.75,155947.8,0.0
N1,N1-S-Q003,1,True,Q003,Ashmead Park,Q,0.059,Triangle/Plaza,1,0.0,0.0,,0,,,1.0,1.0,1.0903,0.25,37625.3,0.0
N1,N1-S-Q004,1,True,Q004,Astoria Park,Q,56.102,Community Park,1,0.0,0.0,,0,,,1.0,1.0,0.93,0.25,280724.9,0.229
N1,N1-S-Q004A,1,True,Q004A,Ralph Demarco Park,Q,5.823,Neighborhood Park,1,0.0,0.0,,0,,,1.0,1.0,0.7905,0.5,138412.4,0.187
N1,N1-S-Q008,1,True,Q008,Brookville Park,Q,88.795,Community Park,1,0.0,0.0,,0,,,0.0,1.0,0.9818,0.25,364002.1,0.022
N1,N1-S-Q009,1,True,Q009,Hermon A. MacNeil Park,Q,30.159,Neighborhood Park,1,0.0,0.0,,0,,,0.0,1.0,0.9493,0.625,173283.0,0.0
N1,N1-S-Q010A,1,True,Q010A,Little Bay Park,Q,53.474,Community Park,1,0.0,0.0,,0,,,1.0,1.0,0.8509,0.75,245100.6,0.105
N1,N1-S-Q011,1,True,Q011,Poppenhusen Playground,Q,1.163,Playground,1,0.0,0.0,,0,,,1.0,1.0,1.0288,0.5,59001.8,0.0
N1,N1-S-Q012,1,True,Q012,Crocheron Park,Q,39.55,Community Park,1,0.0,0.0,,0,,,1.0,1.0,0.9238,0.75,148662.4,0.124
N1,N1-S-Q012B,1,True,Q012B,John Golden Park,Q,16.999,Community Park,1,0.0,0.0,,0,,,0.0,0.0,0.8777,1.0,75126.2,0.246
N1,N1-S-Q013,1,True,Q013,Veterans Grove,Q,0.651,Playground,1,0.0,0.0,,0,,,0.0,0.0,0.9902,0.667,55022.1,0.0
N1,N1-S-Q014,1,True,Q014,Astoria Heights Playground,Q,2.336,Jointly Operated Playground,1,0.0,0.0,,0,,,0.0,0.0,0.9562,0.75,75458.3,0.0
N1,N1-S-Q017,1,True,Q017,The Olde Towne of Flushing Burial Ground,Q,3.097,Neighborhood Park,1,0.0,0.0,,0,,,1.0,1.0,0.9123,0.583,86402.7,0.0
N1,N1-S-Q021B,1,True,Q021B,McLaughlin Playground,Q,0.307,Playground,1,0.0,0.0,,0,,,0.0,0.0,0.9799,0.833,30397.8,0.0
N1,N1-S-Q021C,1,True,Q021C,Seven Gables Playground,Q,1.334,Jointly Operated Playground,1,0.0,0.0,,0,,,0.0,0.0,0.9564,0.292,40333.4,0.0
N1,N1-S-Q022,1,True,Q022,Margaret I. Carman Green - Weeping Beech,Q,2.565,Playground,1,0.0,0.0,,0,,,1.0,1.0,0.8031,0.5,81817.6,0.0
N1,N1-S-Q023,1,True,Q023,Rufus King Park,Q,11.426,Neighborhood Park,1,0.0,0.0,,0,,,1.0,1.0,1.1123,0.75,120468.3,0.068
N1,N1-S-Q025,1,True,Q025,Major Mark Park,Q,0.937,Triangle/Plaza,1,0.0,0.0,,0,,,1.0,1.0,0.8564,0.625,58828.0,0.0
N1,N1-S-Q027#1,1,True,Q027#1,Laurelton Parkway (1/8),Q,8.029,Parkway,1,0.0,0.0,,0,,,0.0,1.0,1.0297,0.25,132587.9,0.585
N1,N1-S-Q027#2,1,True,Q027#2,Laurelton Parkway (2/8),Q,5.166,Parkway,1,0.0,0.0,,0,,,0.0,0.0,0.9427,0.583,122014.3,0.599
N1,N1-S-Q027#3,1,True,Q027#3,Laurelton Parkway (3/8),Q,4.329,Parkway,1,0.0,0.0,,0,,,1.0,1.0,0.9721,0.25,117431.4,0.866
N1,N1-S-Q027#7,1,True,Q027#7,Laurelton Parkway (7/8),Q,7.539,Parkway,1,0.0,0.0,,0,,,0.0,0.0,1.1232,0.417,128543.0,0.576
N1,N1-S-Q027#8,1,True,Q027#8,Laurelton Parkway (8/8),Q,6.042,Parkway,1,0.0,0.0,,0,,,1.0,1.0,1.0528,0.5,122845.3,0.377
N1,N1-S-Q028A,1,True,Q028A,Tribute Park,Q,0.83,Triangle/Plaza,1,0.0,0.0,,0,,,0.0,0.0,0.9031,0.25,46324.1,0.814
N1,N1-S-Q029,1,True,Q029,William F Moore Park,Q,0.196,Neighborhood Park,1,0.0,0.0,,0,,,1.0,1.0,1.1639,0.25,44987.4,0.0
N1,N1-S-Q030,1,True,Q030,Midland Malls,Q,1.8,Mall,1,0.0,0.0,,0,,,1.0,1.0,1.0451,0.625,232243.0,0.0
N1,N1-S-Q031,1,True,Q031,Lawrence Virgilio Playground,Q,3.186,Neighborhood Park,1,0.0,0.0,,0,,,0.0,0.0,0.9158,0.5,80174.6,0.349
N1,N1-S-Q033,1,True,Q033,Mall Eighteen,Q,0.079,Mall,1,0.0,0.0,,0,,,0.0,0.0,0.9706,0.5,44268.3,0.0
N1,N1-S-Q037,1,True,Q037,Neponsit Mall,Q,0.587,Mall,1,0.0,0.0,,0,,,1.0,1.0,1.1336,0.833,138498.4,0.0
N1,N1-S-Q038,1,True,Q038,Benninger Playground,Q,0.582,Playground,1,0.0,0.0,,0,,,0.0,0.0,1.0057,0.75,52817.1,0.0
N1,N1-S-Q043,1,True,Q043,Proctor-Hopson Circle,Q,0.147,Triangle/Plaza,1,0.0,0.0,,0,,,0.0,1.0,0.9745,0.25,42774.6,0.336
N1,N1-S-Q045,1,True,Q045,Andrews Grove,Q,0.532,Playground,1,0.0,0.0,,0,,,0.0,0.0,1.0282,0.5,51064.0,0.345
N1,N1-S-Q047,1,True,Q047,Queens Village Veterans Plaza,Q,0.287,Triangle/Plaza,1,0.0,0.0,,0,,,1.0,1.0,0.985,0.25,47278.7,0.0
N1,N1-S-Q052,1,True,Q052,Captain Tilly Park,Q,9.308,Neighborhood Park,1,0.0,0.0,,0,,,0.0,0.0,0.9605,0.833,116451.0,0.0
N1,N1-S-Q053,1,True,Q053,Equity Playground,Q,1.314,Playground,1,0.0,0.0,,0,,,0.0,0.0,0.8726,0.75,65876.8,0.0
N1,N1-S-Q059,1,True,Q059,Catharine Turner Richardson Park,Q,0.514,Triangle/Plaza,1,0.0,0.0,,0,,,0.0,0.0,0.9751,0.75,54781.8,0.0
N1,N1-S-Q062,1,True,Q062,Fleetwood Triangle,Q,0.027,Triangle/Plaza,1,0.0,0.0,,0,,,1.0,1.0,1.1926,0.75,36373.3,0.0
N1,N1-S-Q063,1,True,Q063,Luke J. Lang Square,Q,0.002,Triangle/Plaza,1,0.0,0.0,,0,,,1.0,1.0,1.0659,0.75,25974.2,0.898
N1,N1-S-Q066D,1,True,Q066D,Triborough Bridge Playground D,Q,0.472,Recreational Field/Courts,1,0.0,0.0,,0,,,0.0,0.0,0.8672,0.25,45939.6,0.983
N1,N1-S-Q066E,1,True,Q066E,Triborough Bridge Playground E,Q,0.475,Recreational Field/Courts,1,0.0,0.0,,0,,,0.0,0.0,1.112,0.25,47884.4,0.617
N1,N1-S-Q069,1,True,Q069,Middleburgh Triangle,Q,0.002,Triangle/Plaza,1,0.0,0.0,,0,,,0.0,1.0,1.0957,0.25,32973.7,0.0
N1,N1-S-Q070,1,True,Q070,Trolley Car Triangle,Q,0.03,Triangle/Plaza,1,0.0,0.0,,0,,,0.0,0.0,1.0917,0.25,36408.5,0.0
N1,N1-S-Q073,1,True,Q073,Plaut Triangle,Q,0.267,Triangle/Plaza,1,0.0,0.0,,0,,,1.0,1.0,0.9679,0.25,47456.7,0.0
N1,N1-S-Q076,1,True,Q076,Legion Triangle,Q,0.045,Triangle/Plaza,1,0.0,0.0,,0,,,1.0,1.0,0.9947,0.167,39357.8,0.0
N1,N1-S-Q079,1,True,Q079,Wellbrock Triangle,Q,0.008,Triangle/Plaza,1,0.0,0.0,,0,,,1.0,1.0,1.0534,0.333,34159.8,0.0
N1,N1-S-Q082,1,True,Q082,Wayanda Park,Q,2.565,Jointly Operated Playground,1,0.0,0.0,,0,,,0.0,1.0,0.8844,0.5,74358.1,0.002
N1,N1-S-Q083#1,1,True,Q083#1,Jackie Robinson Parkway (1/17),Q,3.337,Parkway,1,0.0,0.0,,0,,,0.0,0.0,0.8572,0.75,71274.9,0.404
N1,N1-S-Q083#10,1,True,Q083#10,Jackie Robinson Parkway (10/17),Q,4.854,Parkway,1,0.0,0.0,,0,,,1.0,1.0,1.0655,0.667,61259.0,0.758
N1,N1-S-Q083#11,1,True,Q083#11,Jackie Robinson Parkway (11/17),Q,2.213,Parkway,1,0.0,0.0,,0,,,0.0,0.0,0.9531,0.25,106550.2,0.653
N1,N1-S-Q083#12,1,True,Q083#12,Jackie Robinson Parkway (12/17),Q,2.567,Parkway,1,0.0,0.0,,0,,,1.0,1.0,0.7484,0.75,92414.4,0.436
N1,N1-S-Q083#13,1,True,Q083#13,Jackie Robinson Parkway (13/17),Q,3.69,Parkway,1,0.0,0.0,,0,,,1.0,1.0,0.952,0.5,59390.8,0.702
N1,N1-S-Q083#14,1,True,Q083#14,Jackie Robinson Parkway (14/17),Q,2.281,Parkway,1,0.0,0.0,,0,,,0.0,0.0,1.0172,0.917,53402.9,0.344
N1,N1-S-Q083#15,1,True,Q083#15,Jackie Robinson Parkway (15/17),Q,4.752,Parkway,1,0.0,0.0,,0,,,0.0,0.0,0.9465,0.5,65705.5,0.835
N1,N1-S-Q083#16,1,True,Q083#16,Jackie Robinson Parkway (16/17),Q,1.56,Parkway,1,0.0,0.0,,0,,,1.0,1.0,1.06,0.708,84483.2,0.659
N1,N1-S-Q083#17,1,True,Q083#17,Jackie Robinson Parkway (17/17),Q,3.321,Parkway,1,0.0,0.0,,0,,,0.0,0.0,0.2072,0.833,42941.9,0.655
N1,N1-S-Q083#3,1,True,Q083#3,Jackie Robinson Parkway (3/17),Q,2.638,Parkway,1,0.0,0.0,,0,,,1.0,1.0,1.0509,0.333,51110.7,0.571
N1,N1-S-Q083#4,1,True,Q083#4,Jackie Robinson Parkway (4/17),Q,1.772,Parkway,1,0.0,0.0,,0,,,1.0,1.0,0.9383,0.833,93992.5,0.214
N1,N1-S-Q083#5,1,True,Q083#5,Jackie Robinson Parkway (5/17),Q,2.301,Parkway,1,0.0,0.0,,0,,,0.0,0.0,1.0801,0.917,54590.2,0.71
N1,N1-S-Q083#6,1,True,Q083#6,Jackie Robinson Parkway (6/17),Q,0.801,Parkway,1,0.0,0.0,,0,,,0.0,0.0,0.262,1.0,61621.2,0.627
N1,N1-S-Q083#7,1,True,Q083#7,Jackie Robinson Parkway (7/17),Q,1.024,Parkway,1,0.0,0.0,,0,,,0.0,0.0,0.6431,0.917,69216.4,0.499
N1,N1-S-Q083#8,1,True,Q083#8,Jackie Robinson Parkway (8/17),Q,2.121,Parkway,1,0.0,0.0,,0,,,0.0,0.0,0.0,1.0,57231.8,0.339
N1,N1-S-Q083#9,1,True,Q083#9,Jackie Robinson Parkway (9/17),Q,1.231,Parkway,1,0.0,0.0,,0,,,0.0,0.0,1.0184,0.542,72893.5,0.707
N1,N1-S-Q084B,1,True,Q084B,Tepper Triangle,Q,0.316,Triangle/Plaza,1,0.0,0.0,,0,,,0.0,0.0,0.9995,0.5,37150.3,0.0
N1,N1-S-Q089B,1,True,Q089B,Harvey Park,Q,9.136,Community Park,1,0.0,0.0,,0,,,0.0,0.0,0.896,0.75,124528.2,0.0
N1,N1-S-Q092,1,True,Q092,Police Officer Edward Byrne Park,Q,4.709,Community Park,1,0.0,0.0,,0,,,0.0,0.0,0.8672,0.333,106403.3,0.0
N1,N1-S-Q096E,1,True,Q096E,Lefferts Playground,Q,2.935,Playground,1,0.0,0.0,,0,,,0.0,1.0,0.9549,0.25,77098.9,0.24
N1,N1-S-Q096G,1,True,Q096G,Park,Q,0.009,Strip,1,0.0,0.0,,0,,,0.0,0.0,0.909,1.0,54260.9,0.0
N1,N1-S-Q100,1,True,Q100,Flushing Greens,Q,0.237,Triangle/Plaza,1,0.0,0.0,,0,,,1.0,1.0,1.0061,0.25,55022.9,0.51
N1,N1-S-Q100A,1,True,Q100A,Daniel Carter Beard Mall,Q,0.585,Triangle/Plaza,1,0.0,0.0,,0,,,1.0,1.0,1.0315,0.333,64606.7,0.434
N1,N1-S-Q101,1,True,Q101,Middle Village Playground,Q,0.442,Neighborhood Park,1,0.0,0.0,,0,,,0.0,0.0,1.0118,0.833,49475.0,0.0
N1,N1-S-Q102,1,True,Q102,Juniper Valley Park,Q,53.453,Community Park,1,0.0,0.0,,0,,,1.0,1.0,1.0992,0.583,277220.8,0.0
N1,N1-S-Q103,1,True,Q103,Raymond O’Connor Park,Q,5.364,Neighborhood Park,1,0.0,0.0,,0,,,1.0,1.0,1.0185,0.417,91125.6,0.0
N1,N1-S-Q105,1,True,Q105,Howard Von Dohlen Playground,Q,1.374,Neighborhood Park,1,0.0,0.0,,0,,,0.0,0.0,0.8846,0.75,61861.5,0.008
N1,N1-S-Q106,1,True,Q106,Daniel M. O'Connell Playground,Q,2.168,Neighborhood Park,1,0.0,0.0,,0,,,0.0,0.0,1.1449,0.667,71970.5,0.0
N1,N1-S-Q107,1,True,Q107,Springfield Park,Q,25.814,Community Park,1,0.0,0.0,,0,,,0.0,1.0,0.976,0.75,204934.7,0.127
N1,N1-S-Q118,1,True,Q118,Police Officer Nicholas Demutiis Park,Q,1.165,Neighborhood Park,1,0.0,0.0,,0,,,0.0,0.0,0.93,0.25,59130.3,0.0
N1,N1-S-Q119,1,True,Q119,Frederick B. Judge Playground,Q,2.231,Neighborhood Park,1,0.0,0.0,,0,,,0.0,1.0,1.0246,0.417,76639.6,0.0
N1,N1-S-Q120,1,True,Q120,Harvard Playground,Q,0.586,Neighborhood Park,1,0.0,0.0,,0,,,0.0,0.0,0.9334,0.75,52838.7,0.0
N1,N1-S-Q121,1,True,Q121,Detective Keith L Williams Park,Q,7.679,Community Park,1,0.0,0.0,,0,,,1.0,1.0,0.7835,0.25,114480.8,0.267
N1,N1-S-Q121A,1,True,Q121A,William Simmons Community Garden Club,Q,0.599,Garden,1,0.0,0.0,,0,,,0.0,0.0,0.7167,0.5,41842.1,0.732
N1,N1-S-Q123,1,True,Q123,Astoria Health Playground,Q,0.206,Playground,1,0.0,0.0,,0,,,0.0,0.0,1.0423,0.75,43135.1,0.0
N1,N1-S-Q126,1,True,Q126,Francis Lewis Park,Q,16.626,Neighborhood Park,1,0.0,0.0,,0,,,0.0,0.0,0.9173,0.75,135551.5,0.0
N1,N1-S-Q128,1,True,Q128,London Planetree Playground,Q,1.804,Neighborhood Park,1,0.0,0.0,,0,,,0.0,1.0,1.1183,0.375,67724.6,0.0
N1,N1-S-Q133,1,True,Q133,Pat Williams Playground,Q,0.522,Playground,1,0.0,0.0,,0,,,0.0,0.0,0.9981,0.875,35065.3,0.004
N1,N1-S-Q133A,1,True,Q133A,Hempstead Ballfield,Q,1.933,Recreational Field/Courts,1,0.0,0.0,,0,,,0.0,0.0,0.7086,0.75,47591.1,0.564
N1,N1-S-Q133B,1,True,Q133B,Hempstead Bench Spread,Q,0.275,Triangle/Plaza,1,0.0,0.0,,0,,,0.0,0.0,0.9733,0.75,37145.2,0.719
N1,N1-S-Q134,1,True,Q134,Jack Breininger Park,Q,3.73,Neighborhood Park,1,0.0,0.0,,0,,,0.0,0.0,1.0277,0.75,85332.1,0.0
N1,N1-S-Q135A,1,True,Q135A,McKee Triangle,Q,0.055,Triangle/Plaza,1,0.0,0.0,,0,,,0.0,0.0,1.1201,0.25,33304.4,0.0
N1,N1-S-Q136,1,True,Q136,Playground 115,Q,0.286,Playground,1,0.0,0.0,,0,,,0.0,0.0,0.955,0.625,45042.4,0.0
N1,N1-S-Q139,1,True,Q139,Drumm Triangle,Q,0.166,Triangle/Plaza,1,0.0,0.0,,0,,,1.0,1.0,0.9351,0.25,40565.4,0.0
N1,N1-S-Q140,1,True,Q140,Barclay Triangle,Q,0.078,Triangle/Plaza,1,0.0,0.0,,0,,,1.0,1.0,1.1307,0.0,38954.9,0.0
N1,N1-S-Q151,1,True,Q151,Grand Slope,Q,0.196,Triangle/Plaza,1,0.0,0.0,,0,,,1.0,1.0,1.0094,0.25,58950.8,0.0
N1,N1-S-Q159,1,True,Q159,Father Reilly Square,Q,0.028,Triangle/Plaza,1,0.0,0.0,,0,,,0.0,0.0,1.1101,0.75,36754.5,0.0
N1,N1-S-Q162J,1,True,Q162J,Beach 17 Playground,Q,13.955,Neighborhood Park,1,0.0,0.0,,0,,,0.0,1.0,0.8733,0.25,73566.8,0.388
N1,N1-S-Q165,1,True,Q165,Spring Creek Park Addition,Q,50.407,Nature Area,1,0.0,0.0,,0,,,0.0,0.0,0.3701,0.833,159597.3,0.392
N1,N1-S-Q168,1,True,Q168,Alexander Grey Triangle,Q,0.014,Triangle/Plaza,1,0.0,0.0,,0,,,0.0,0.0,1.0244,0.583,34895.0,0.0
N1,N1-S-Q174A,1,True,Q174A,St. Michael's Playground,Q,5.411,Neighborhood Park,1,0.0,0.0,,0,,,0.0,0.0,1.038,0.417,97462.5,0.0
N1,N1-S-Q177,1,True,Q177,Tudor Malls,Q,0.138,Mall,1,0.0,0.0,,0,,,0.0,0.0,0.9961,0.5,82410.7,0.365
N1,N1-S-Q178#2,1,True,Q178#2,Mall Forty Two XLII (2/3),Q,0.565,Mall,1,0.0,0.0,,0,,,1.0,1.0,0.9782,0.5,96129.6,0.327
N1,N1-S-Q178#3,1,True,Q178#3,Mall Forty Two XLII (3/3),Q,0.357,Mall,1,0.0,0.0,,0,,,0.0,0.0,0.9949,0.75,107024.5,0.552
N1,N1-S-Q190,1,True,Q190,Corporal Ruoff Square,Q,0.084,Triangle/Plaza,1,0.0,0.0,,0,,,1.0,1.0,1.1698,0.25,49525.4,0.0
N1,N1-S-Q205A,1,True,Q205A,Big Bush Playground,Q,3.152,Community Park,1,0.0,0.0,,0,,,0.0,1.0,0.9068,0.75,84206.2,0.271
N1,N1-S-Q205B,1,True,Q205B,Nathan Weidenbaum Playground,Q,0.71,Playground,1,0.0,0.0,,0,,,0.0,0.0,0.9112,0.75,49675.4,0.459
N1,N1-S-Q206,1,True,Q206,Eight Oaks Triangle,Q,0.048,Triangle/Plaza,1,0.0,0.0,,0,,,0.0,0.0,0.864,1.0,38376.8,0.0
N1,N1-S-Q207,1,True,Q207,MacDonald Park,Q,1.871,Neighborhood Park,1,0.0,0.0,,0,,,0.0,0.0,1.0012,0.75,83515.2,0.0
N1,N1-S-Q208,1,True,Q208,Litchhult Square,Q,0.029,Triangle/Plaza,1,0.0,0.0,,0,,,1.0,1.0,1.0985,0.25,36547.2,0.0
N1,N1-S-Q209,1,True,Q209,Lawrence Triangle,Q,0.117,Triangle/Plaza,1,0.0,0.0,,0,,,0.0,1.0,1.1167,0.667,42416.6,0.0
N1,N1-S-Q211,1,True,Q211,Maple Playground,Q,0.985,Neighborhood Park,1,0.0,0.0,,0,,,1.0,1.0,0.8753,0.583,57927.6,0.017
N1,N1-S-Q212,1,True,Q212,Queens Valley Playground,Q,0.977,Jointly Operated Playground,1,0.0,0.0,,0,,,0.0,0.0,0.7818,0.75,56649.7,0.0
N1,N1-S-Q213,1,True,Q213,Studley Triangle,Q,0.018,Triangle/Plaza,1,0.0,0.0,,0,,,1.0,1.0,1.1915,0.25,34640.3,0.0
N1,N1-S-Q215,1,True,Q215,Whitey Ford Field,Q,3.453,Recreational Field/Courts,1,0.0,0.0,,0,,,0.0,0.0,0.7187,0.75,81103.0,0.0
N1,N1-S-Q219#1,1,True,Q219#1,Rockaway Freeway (1/16),Q,0.519,Parkway,1,0.0,0.0,,0,,,0.0,0.0,0.9642,0.5,75361.2,0.934
N1,N1-S-Q219#10,1,True,Q219#10,Rockaway Freeway (10/16),Q,0.273,Parkway,1,0.0,0.0,,0,,,0.0,1.0,1.1232,0.5,76481.0,0.45
N1,N1-S-Q219#11,1,True,Q219#11,Rockaway Freeway (11/16),Q,0.313,Parkway,1,0.0,0.0,,0,,,1.0,1.0,1.0013,0.75,80668.3,0.656
N1,N1-S-Q219#12,1,True,Q219#12,Rockaway Freeway (12/16),Q,0.091,Parkway,1,0.0,0.0,,0,,,0.0,0.0,0.8127,0.5,86206.7,0.39
N1,N1-S-Q219#13,1,True,Q219#13,Rockaway Freeway (13/16),Q,0.559,Parkway,1,0.0,0.0,,0,,,0.0,1.0,1.1269,0.25,90700.8,0.806
N1,N1-S-Q219#14,1,True,Q219#14,Rockaway Freeway (14/16),Q,2.845,Parkway,1,0.0,0.0,,0,,,0.0,0.0,1.0759,0.5,92783.6,0.753
N1,N1-S-Q219#15,1,True,Q219#15,Rockaway Freeway (15/16),Q,0.17,Parkway,1,0.0,0.0,,0,,,0.0,0.0,0.9934,0.25,70860.9,0.469
N1,N1-S-Q219#16,1,True,Q219#16,Rockaway Freeway (16/16),Q,0.227,Parkway,1,0.0,0.0,,0,,,0.0,1.0,1.0326,0.75,70038.5,0.71
N1,N1-S-Q219#2,1,True,Q219#2,Rockaway Freeway (2/16),Q,0.288,Parkway,1,0.0,0.0,,0,,,0.0,0.0,0.9474,0.25,79392.9,0.894
N1,N1-S-Q219#3,1,True,Q219#3,Rockaway Freeway (3/16),Q,0.441,Parkway,1,0.0,0.0,,0,,,0.0,0.0,0.9339,0.625,78311.9,0.531
N1,N1-S-Q219#4,1,True,Q219#4,Rockaway Freeway (4/16),Q,0.105,Parkway,1,0.0,0.0,,0,,,1.0,1.0,1.0791,0.75,86510.3,0.659
N1,N1-S-Q219#5,1,True,Q219#5,Rockaway Freeway (5/16),Q,0.554,Parkway,1,0.0,0.0,,0,,,0.0,0.0,1.063,0.5,87957.5,0.695
N1,N1-S-Q219#7,1,True,Q219#7,Rockaway Freeway (7/16),Q,0.26,Parkway,1,0.0,0.0,,0,,,0.0,0.0,0.8063,0.75,82100.3,0.767
N1,N1-S-Q219#8,1,True,Q219#8,Rockaway Freeway (8/16),Q,0.94,Parkway,1,0.0,0.0,,0,,,0.0,0.0,0.7895,0.5,90978.6,0.72
N1,N1-S-Q219#9,1,True,Q219#9,Rockaway Freeway (9/16),Q,0.355,Parkway,1,0.0,0.0,,0,,,0.0,0.0,0.8822,0.25,84866.9,0.349
N1,N1-S-Q220B,1,True,Q220B,Norelli-Hargreaves Playground,Q,1.297,Playground,1,0.0,0.0,,0,,,0.0,0.0,0.909,0.25,69013.0,0.0
N1,N1-S-Q220E,1,True,Q220E,Playground One Forty,Q,1.388,Playground,1,0.0,0.0,,0,,,1.0,1.0,1.0474,0.25,71528.9,0.025
N1,N1-S-Q222,1,True,Q222,Glenwood Landing,Q,0.114,Triangle/Plaza,1,0.0,0.0,,0,,,0.0,0.0,0.898,0.833,43682.1,0.0
N1,N1-S-Q223,1,True,Q223,Fresh Meadows Park,Q,1.14,Triangle/Plaza,1,0.0,0.0,,0,,,1.0,1.0,0.9502,0.0,67914.1,0.0
N1,N1-S-Q225,1,True,Q225,Broad Channel Veteran's Park,Q,0.651,Triangle/Plaza,1,0.0,0.0,,0,,,0.0,0.0,0.8687,0.25,79080.2,0.362
N1,N1-S-Q231,1,True,Q231,Sergeant Colyer Square,Q,0.049,Triangle/Plaza,1,0.0,0.0,,0,,,1.0,1.0,1.1042,0.25,38130.1,0.0
N1,N1-S-Q232,1,True,Q232,Dwyer Square,Q,0.003,Triangle/Plaza,1,0.0,0.0,,0,,,1.0,1.0,1.1301,0.5,33201.0,0.0
N1,N1-S-Q243,1,True,Q243,Norelli-Hargreaves Memorial Triangle,Q,0.037,Triangle/Plaza,1,0.0,0.0,,0,,,1.0,1.0,1.1775,0.75,37730.2,0.0
N1,N1-S-Q245,1,True,Q245,Hollis Veterans Square,Q,0.017,Triangle/Plaza,1,0.0,0.0,,0,,,1.0,1.0,1.1372,0.833,36014.5,0.0
N1,N1-S-Q257,1,True,Q257,Lt. Clinton L .Whiting Square,Q,0.078,Triangle/Plaza,1,0.0,0.0,,0,,,0.0,0.0,1.0283,0.5,40943.6,0.0
N1,N1-S-Q262,1,True,Q262,Alameda Malls,Q,0.416,Mall,1,0.0,0.0,,0,,,0.0,0.0,0.9491,0.5,159544.0,0.166
N1,N1-S-Q266,1,True,Q266,Westbourne Playground,Q,1.629,Jointly Operated Playground,1,0.0,0.0,,0,,,0.0,0.0,1.0545,1.0,75740.6,0.0
N1,N1-S-Q268,1,True,Q268,Bell Malls,Q,1.651,Mall,1,0.0,0.0,,0,,,1.0,1.0,1.0801,0.25,231768.7,0.002
N1,N1-S-Q275,1,True,Q275,Patricia A. Brackley Park,Q,0.158,Triangle/Plaza,1,0.0,0.0,,0,,,0.0,0.0,0.8948,0.25,33859.6,0.785
N1,N1-S-Q277,1,True,Q277,South Gate Mall,Q,0.107,Mall,1,0.0,0.0,,0,,,0.0,0.0,0.955,0.5,49193.8,0.262
N1,N1-S-Q281,1,True,Q281,Nakks Malls,Q,0.284,Mall,1,0.0,0.0,,0,,,0.0,0.0,0.9401,0.5,92058.5,0.001
N1,N1-S-Q283,1,True,Q283,225 Street Malls,Q,0.7,Mall,1,0.0,0.0,,0,,,1.0,1.0,1.0652,0.625,191130.3,0.0
N1,N1-S-Q285,1,True,Q285,Al Stabile Playground,Q,0.494,Jointly Operated Playground,1,0.0,0.0,,0,,,0.0,0.0,1.066,0.667,50548.9,0.0
N1,N1-S-Q289,1,True,Q289,Pinocchio Playground,Q,1.015,Jointly Operated Playground,1,0.0,0.0,,0,,,0.0,0.0,0.9431,0.583,60356.4,0.0
N1,N1-S-Q291,1,True,Q291,Starr Playground,Q,0.889,Playground,1,0.0,0.0,,0,,,0.0,0.0,1.0609,0.0,55364.2,0.0
N1,N1-S-Q293,1,True,Q293,Saul Weprin Playground,Q,1.52,Jointly Operated Playground,1,0.0,0.0,,0,,,0.0,0.0,1.0598,0.25,63851.9,0.0
N1,N1-S-Q294,1,True,Q294,Utopia Playground,Q,3.117,Neighborhood Park,1,0.0,0.0,,0,,,0.0,1.0,0.9817,0.417,84207.7,0.0
N1,N1-S-Q296,1,True,Q296,Playground Thirty Five XXXV,Q,0.22,Playground,1,0.0,0.0,,0,,,1.0,1.0,0.9336,0.417,43302.9,0.0
N1,N1-S-Q300A1,1,True,Q300A1,Holy Cow Playground,Q,2.574,Jointly Operated Playground,1,0.0,0.0,,0,,,0.0,0.0,0.9063,0.75,70981.5,0.907
N1,N1-S-Q302,1,True,Q302,Evergreen Park,Q,2.955,Jointly Operated Playground,1,0.0,0.0,,0,,,0.0,0.0,1.001,0.833,81092.2,0.0
N1,N1-S-Q304,1,True,Q304,Ehrenreich-Austin Playground,Q,1.221,Playground,1,0.0,0.0,,0,,,0.0,0.0,1.1035,0.75,68465.5,0.0
N1,N1-S-Q305,1,True,Q305,Mafera Park,Q,6.795,Community Park,1,0.0,0.0,,0,,,0.0,0.0,0.8567,0.833,116059.9,0.0
N1,N1-S-Q306,1,True,Q306,The Painter's Playground,Q,1.698,Jointly Operated Playground,1,0.0,0.0,,0,,,0.0,0.0,1.0501,0.75,69597.9,0.0
N1,N1-S-Q308,1,True,Q308,Bowne Playground,Q,1.288,Jointly Operated Playground,1,0.0,0.0,,0,,,0.0,0.0,0.96,0.417,61026.5,0.016
N1,N1-S-Q310,1,True,Q310,Glen Oaks Oval,Q,2.912,Community Park,1,0.0,0.0,,0,,,0.0,1.0,0.9707,0.75,70971.4,0.0
N1,N1-S-Q314,1,True,Q314,Fresh Meadows Playground,Q,1.364,Jointly Operated Playground,1,0.0,0.0,,0,,,0.0,0.0,0.7374,0.75,61380.5,0.0
N1,N1-S-Q316,1,True,Q316,Captain Dermody Triangle,Q,0.192,Triangle/Plaza,1,0.0,0.0,,0,,,1.0,1.0,1.0067,0.25,44900.1,0.009
N1,N1-S-Q317,1,True,Q317,Tall Oak Playground,Q,1.48,Jointly Operated Playground,1,0.0,0.0,,0,,,0.0,0.0,1.024,0.375,63418.1,0.0
N1,N1-S-Q318,1,True,Q318,Playground Eighty LXXX,Q,1.374,Jointly Operated Playground,1,0.0,0.0,,0,,,0.0,0.0,0.9832,0.75,62378.2,0.0
N1,N1-S-Q320,1,True,Q320,Vleigh Playground,Q,2.242,Jointly Operated Playground,1,0.0,0.0,,0,,,0.0,1.0,0.9858,0.5,73865.1,0.0
N1,N1-S-Q322,1,True,Q322,Bellaire Playground,Q,0.809,Jointly Operated Playground,1,0.0,0.0,,0,,,1.0,1.0,1.0992,0.833,54612.7,0.0
N1,N1-S-Q325,1,True,Q325,Gladys Warren Triangle,Q,0.12,Triangle/Plaza,1,0.0,0.0,,0,,,0.0,1.0,1.0974,0.667,42056.6,0.0
N1,N1-S-Q326,1,True,Q326,James A. Bland Playground,Q,0.546,Playground,1,0.0,0.0,,0,,,0.0,0.0,0.7703,0.75,51814.7,0.0
N1,N1-S-Q327,1,True,Q327,Castlewood Playground,Q,2.058,Jointly Operated Playground,1,0.0,0.0,,0,,,0.0,0.0,1.1483,0.75,49044.9,0.0
N1,N1-S-Q328,1,True,Q328,Bellerose Playground,Q,0.996,Jointly Operated Playground,1,0.0,0.0,,0,,,0.0,0.0,1.0639,0.833,56849.9,0.0
N1,N1-S-Q329,1,True,Q329,Pomonok Playground,Q,3.595,Jointly Operated Playground,1,0.0,0.0,,0,,,1.0,1.0,0.9892,0.75,80957.1,0.0
N1,N1-S-Q330,1,True,Q330,Locust Manor Playground,Q,2.002,Jointly Operated Playground,1,0.0,0.0,,0,,,0.0,0.0,1.0265,0.833,74199.1,0.0
N1,N1-S-Q335,1,True,Q335,Russell Sage Playground,Q,1.526,Jointly Operated Playground,1,0.0,0.0,,0,,,0.0,0.0,0.9227,0.75,63853.2,0.0
N1,N1-S-Q336,1,True,Q336,Judge Moses Weinstein Playground,Q,3.193,Community Park,1,0.0,0.0,,0,,,0.0,0.0,0.9836,0.75,83874.6,0.0
N1,N1-S-Q337,1,True,Q337,Maurice A FitzGerald Playground,Q,1.217,Playground,1,0.0,0.0,,0,,,0.0,1.0,1.0803,0.333,60896.6,0.0
N1,N1-S-Q338,1,True,Q338,Admiral Playground,Q,0.759,Jointly Operated Playground,1,0.0,0.0,,0,,,1.0,1.0,0.6456,0.833,56474.3,0.0
N1,N1-S-Q339,1,True,Q339,Cambria Playground,Q,4.655,Community Park,1,0.0,0.0,,0,,,0.0,0.0,1.038,0.417,89619.7,0.0
N1,N1-S-Q341A,1,True,Q341A,Park,Q,0.008,Triangle/Plaza,1,0.0,0.0,,0,,,0.0,0.0,0.0,0.625,32950.3,1.0
N1,N1-S-Q341B,1,True,Q341B,Latham Park,Q,0.019,Triangle/Plaza,1,0.0,0.0,,0,,,0.0,0.0,0.4462,0.75,33033.2,0.924
N1,N1-S-Q341C,1,True,Q341C,Sherry Dog Run,Q,0.367,Triangle/Plaza,1,0.0,0.0,,0,,,0.0,1.0,1.2295,0.583,46775.0,0.479
N1,N1-S-Q341D,1,True,Q341D,Spargo Park,Q,0.358,Strip,1,0.0,0.0,,0,,,0.0,0.0,0.9659,0.375,58775.8,0.611
N1,N1-S-Q341E,1,True,Q341E,Crosson Green,Q,0.071,Triangle/Plaza,1,0.0,0.0,,0,,,0.0,0.0,0.8942,0.375,39668.9,0.953
N1,N1-S-Q341F,1,True,Q341F,Crosson Park,Q,0.09,Triangle/Plaza,1,0.0,0.0,,0,,,1.0,1.0,1.1345,0.25,39561.1,0.504
N1,N1-S-Q342,1,True,Q342,Electric Playground,Q,1.723,Neighborhood Park,1,0.0,0.0,,0,,,0.0,0.0,0.5291,0.833,66019.8,0.0
N1,N1-S-Q343,1,True,Q343,Whitestone Playground,Q,1.648,Jointly Operated Playground,1,0.0,0.0,,0,,,0.0,0.0,1.0017,0.75,64826.9,0.0
N1,N1-S-Q345,1,True,Q345,Redfern Playground,Q,3.039,Playground,1,0.0,0.0,,0,,,0.0,0.0,0.882,0.75,78076.2,0.0
N1,N1-S-Q346,1,True,Q346,Challenge Playground,Q,2.034,Jointly Operated Playground,1,0.0,0.0,,0,,,0.0,1.0,1.1037,0.583,71846.7,0.0
N1,N1-S-Q347,1,True,Q347,Colden Playground,Q,1.469,Jointly Operated Playground,1,0.0,0.0,,0,,,1.0,1.0,1.0036,0.375,62647.6,0.0
N1,N1-S-Q348,1,True,Q348,Willow Lake Playground,Q,1.309,Jointly Operated Playground,1,0.0,0.0,,0,,,0.0,0.0,0.8491,0.667,62819.5,0.0
N1,N1-S-Q351,1,True,Q351,Peters Field,Q,2.875,Neighborhood Park,1,0.0,0.0,,0,,,1.0,1.0,1.0525,0.667,80004.2,0.0
N1,N1-S-Q352,1,True,Q352,Hillside Playground,Q,1.122,Jointly Operated Playground,1,0.0,0.0,,0,,,0.0,0.0,1.0227,0.75,63724.0,0.0
N1,N1-S-Q353,1,True,Q353,Grassmere Playground,Q,1.239,Jointly Operated Playground,1,0.0,0.0,,0,,,0.0,0.0,0.9174,0.5,62183.1,0.127
N1,N1-S-Q354,1,True,Q354,Playground Seventy Five,Q,0.749,Jointly Operated Playground,1,0.0,0.0,,0,,,0.0,0.0,1.1372,0.75,54391.9,0.0
N1,N1-S-Q355,1,True,Q355,Strippoli Square,Q,0.072,Triangle/Plaza,1,0.0,0.0,,0,,,1.0,1.0,1.1294,0.5,39623.6,0.0
N1,N1-S-Q356,1,True,Q356,Alley Park,Q,2.403,Jointly Operated Playground,1,0.0,0.0,,0,,,0.0,0.0,0.5391,1.0,45678.4,0.0
N1,N1-S-Q357D,1,True,Q357D,Park,Q,0.023,Strip,1,0.0,0.0,,0,,,0.0,0.0,1.0565,0.5,62040.2,0.444
N1,N1-S-Q357E,1,True,Q357E,Park,Q,0.024,Strip,1,0.0,0.0,,0,,,0.0,0.0,0.9737,0.583,61717.9,0.873
N1,N1-S-Q357G,1,True,Q357G,Turtle Playground,Q,0.477,Playground,1,0.0,0.0,,0,,,0.0,0.0,0.939,1.0,51147.3,0.0
N1,N1-S-Q357I,1,True,Q357I,Nassau Mall,Q,0.836,Triangle/Plaza,1,0.0,0.0,,0,,,1.0,1.0,1.0779,0.5,55677.7,0.209
N1,N1-S-Q357J,1,True,Q357J,Nassau Mall South,Q,0.834,Triangle/Plaza,1,0.0,0.0,,0,,,0.0,0.0,1.0187,0.583,58856.5,0.198
N1,N1-S-Q358,1,True,Q358,Detective William T. Gunn Playground,Q,2.838,Jointly Operated Playground,1,0.0,0.0,,0,,,1.0,1.0,0.8195,0.833,85825.1,0.0
N1,N1-S-Q359,1,True,Q359,Haggerty Park,Q,3.865,Neighborhood Park,1,0.0,0.0,,0,,,1.0,1.0,1.0159,0.667,87566.0,0.0
N1,N1-S-Q360A,1,True,Q360A,Park,Q,0.011,Strip,1,0.0,0.0,,0,,,0.0,0.0,0.8424,1.0,52074.7,0.0
N1,N1-S-Q360C,1,True,Q360C,Park,Q,0.006,Strip,1,0.0,0.0,,0,,,0.0,0.0,0.7955,1.0,45039.6,0.0
N1,N1-S-Q360D,1,True,Q360D,Park,Q,0.005,Strip,1,0.0,0.0,,0,,,0.0,0.0,0.9071,1.0,43130.5,0.0
N1,N1-S-Q360I,1,True,Q360I,Park,Q,0.014,Strip,1,0.0,0.0,,0,,,0.0,0.0,0.9994,0.75,45441.7,0.572
N1,N1-S-Q360J,1,True,Q360J,Crowley Playground,Q,1.697,Neighborhood Park,1,0.0,0.0,,0,,,1.0,1.0,1.1127,0.25,75467.8,0.414
N1,N1-S-Q360L,1,True,Q360L,Park,Q,0.011,Strip,1,0.0,0.0,,0,,,0.0,0.0,0.6023,0.917,44956.6,0.532
N1,N1-S-Q360N,1,True,Q360N,Hoffman Park,Q,2.856,Playground,1,0.0,0.0,,0,,,0.0,0.0,0.7552,0.75,81012.8,0.007
N1,N1-S-Q360P,1,True,Q360P,Park Slope,Q,0.005,Strip,1,0.0,0.0,,0,,,0.0,0.0,0.8394,0.75,43789.1,0.379
N1,N1-S-Q360V,1,True,Q360V,Park,Q,0.002,Strip,1,0.0,0.0,,0,,,0.0,0.0,0.3994,1.0,34629.7,0.642
N1,N1-S-Q360W,1,True,Q360W,Park,Q,0.001,Strip,1,0.0,0.0,,0,,,0.0,0.0,0.403,1.0,32887.9,0.809
N1,N1-S-Q360X,1,True,Q360X,Park,Q,0.003,Strip,1,0.0,0.0,,0,,,0.0,0.0,0.211,0.75,35202.1,0.374
N1,N1-S-Q361,1,True,Q361,Moore Homestead Playground,Q,2.036,Neighborhood Park,1,0.0,0.0,,0,,,1.0,1.0,1.0322,0.25,71786.7,0.0
N1,N1-S-Q363,1,True,Q363,Northern Playground,Q,1.719,Jointly Operated Playground,1,0.0,0.0,,0,,,1.0,1.0,1.1811,0.5,66086.8,0.211
N1,N1-S-Q364,1,True,Q364,Marie Curie Playground,Q,2.551,Jointly Operated Playground,1,0.0,0.0,,0,,,0.0,0.0,0.845,0.75,78675.5,0.0
N1,N1-S-Q367,1,True,Q367,Hammel Playground,Q,1.035,Playground,1,0.0,0.0,,0,,,1.0,1.0,0.9955,0.5,57598.9,0.186
N1,N1-S-Q370,1,True,Q370,Freedom Square Playground,Q,0.371,Playground,1,0.0,0.0,,0,,,0.0,0.0,1.1542,0.75,54725.9,0.0
N1,N1-S-Q376,1,True,Q376,Cedar Grove Playground,Q,0.619,Jointly Operated Playground,1,0.0,0.0,,0,,,0.0,0.0,0.5504,0.833,51274.5,0.0
N1,N1-S-Q379,1,True,Q379,Briarwood Playground,Q,1.299,Jointly Operated Playground,1,0.0,0.0,,0,,,0.0,0.0,1.0596,0.833,72354.2,0.0
N1,N1-S-Q383,1,True,Q383,Middle Village Veterans Triangle,Q,0.032,Triangle/Plaza,1,0.0,0.0,,0,,,0.0,0.0,0.8773,0.75,36168.5,0.0
N1,N1-S-Q385,1,True,Q385,Ditmars Playground,Q,0.989,Playground,1,0.0,0.0,,0,,,0.0,0.0,1.1114,0.75,62339.7,0.0
N1,N1-S-Q386,1,True,Q386,Centreville Playground,Q,2.094,Neighborhood Park,1,0.0,0.0,,0,,,0.0,0.0,0.9155,0.583,68511.7,0.0
N1,N1-S-Q387C,1,True,Q387C,Park,Q,0.019,Strip,1,0.0,0.0,,0,,,1.0,1.0,0.9375,0.5,91150.8,0.0
N1,N1-S-Q387D,1,True,Q387D,Clearview's Tail,Q,0.018,Strip,1,0.0,0.0,,0,,,0.0,0.0,0.0,0.917,56042.7,0.0
N1,N1-S-Q387E,1,True,Q387E,Baybridge Green,Q,0.346,Strip,1,0.0,0.0,,0,,,0.0,0.0,0.0,1.0,141292.3,0.0
N1,N1-S-Q388,1,True,Q388,Linnaeus Park,Q,2.059,Recreational Field/Courts,1,0.0,0.0,,0,,,0.0,0.0,0.9334,0.833,72820.0,0.0
N1,N1-S-Q389,1,True,Q389,Bayside Playground,Q,1.209,Jointly Operated Playground,1,0.0,0.0,,0,,,0.0,0.0,1.0032,0.25,60724.2,0.298
N1,N1-S-Q390,1,True,Q390,Clintonville Playground,Q,1.54,Jointly Operated Playground,1,0.0,0.0,,0,,,0.0,0.0,1.1059,0.667,74322.8,0.0
N1,N1-S-Q391,1,True,Q391,Joseph Austin Playground,Q,3.812,Jointly Operated Playground,1,0.0,0.0,,0,,,0.0,0.0,0.872,0.5,85235.1,0.0
N1,N1-S-Q393F,1,True,Q393F,LaGuardia Landing Lights,Q,0.249,Recreational Field/Courts,1,0.0,0.0,,0,,,1.0,1.0,1.2491,0.333,33309.8,1.0
N1,N1-S-Q396,1,True,Q396,Montbellier Park,Q,4.445,Community Park,1,0.0,0.0,,0,,,0.0,0.0,1.0431,0.5,100437.0,0.129
N1,N1-S-Q397,1,True,Q397,Auburndale Playground,Q,0.685,Jointly Operated Playground,1,0.0,0.0,,0,,,0.0,0.0,0.6755,0.833,55332.2,0.0
N1,N1-S-Q399,1,True,Q399,Bay Terrace Playground,Q,0.967,Jointly Operated Playground,1,0.0,0.0,,0,,,1.0,1.0,0.6969,1.0,56644.9,0.0
N1,N1-S-Q400,1,True,Q400,Oakland Gardens,Q,1.335,Jointly Operated Playground,1,0.0,0.0,,0,,,0.0,0.0,0.798,0.75,43832.0,0.0
N1,N1-S-Q402,1,True,Q402,Latimer Playground,Q,1.028,Jointly Operated Playground,1,0.0,0.0,,0,,,0.0,0.0,1.0515,0.5,58736.3,0.244
N1,N1-S-Q404,1,True,Q404,East Springfield Playground,Q,1.145,Jointly Operated Playground,1,0.0,0.0,,0,,,0.0,0.0,1.0621,0.667,63005.2,0.0
N1,N1-S-Q405,1,True,Q405,Hollis Playground,Q,0.973,Jointly Operated Playground,1,0.0,0.0,,0,,,0.0,1.0,0.9988,0.667,56484.7,0.0
N1,N1-S-Q406,1,True,Q406,Springfield Park North,Q,1.027,Jointly Operated Playground,1,0.0,0.0,,0,,,0.0,0.0,1.0276,0.75,47037.2,0.555
N1,N1-S-Q407,1,True,Q407,Lanett Playground,Q,1.034,Jointly Operated Playground,1,0.0,0.0,,0,,,0.0,0.0,0.872,0.75,61944.4,0.0
N1,N1-S-Q408,1,True,Q408,Harold Schneiderman Playground,Q,0.878,Jointly Operated Playground,1,0.0,0.0,,0,,,0.0,0.0,1.1146,0.833,59884.6,0.0
N1,N1-S-Q409,1,True,Q409,Park,Q,0.001,Strip,1,0.0,0.0,,0,,,0.0,0.0,0.9108,0.917,33011.3,0.0
N1,N1-S-Q412,1,True,Q412,Gwen Ifill Park,Q,15.848,Nature Area,1,0.0,0.0,,0,,,0.0,0.0,0.9195,0.833,153939.3,0.0
N1,N1-S-Q413,1,True,Q413,Rochdale Park,Q,9.242,Jointly Operated Playground,1,0.0,0.0,,0,,,1.0,1.0,0.9843,0.833,124455.7,0.0
N1,N1-S-Q415,1,True,Q415,Louis Armstrong Playground,Q,1.084,Jointly Operated Playground,1,0.0,0.0,,0,,,0.0,0.0,1.0468,0.5,49826.6,0.56
N1,N1-S-Q417,1,True,Q417,Park,Q,0.015,Strip,1,0.0,0.0,,0,,,0.0,0.0,0.31,0.667,59039.4,0.0
N1,N1-S-Q421,1,True,Q421,Walter Ward Playground,Q,0.94,Jointly Operated Playground,1,0.0,0.0,,0,,,0.0,0.0,1.0269,0.833,64514.6,0.0
N1,N1-S-Q422,1,True,Q422,Seaside Playground,Q,1.173,Jointly Operated Playground,1,0.0,0.0,,0,,,1.0,1.0,0.8562,0.417,67149.8,0.434
N1,N1-S-Q423,1,True,Q423,Reiff Playground,Q,1.675,Neighborhood Park,1,0.0,0.0,,0,,,1.0,1.0,1.0621,0.833,66835.1,0.349
N1,N1-S-Q425,1,True,Q425,Yellowstone Park,Q,1.779,Neighborhood Park,1,0.0,0.0,,0,,,0.0,0.0,1.0139,0.75,67008.4,0.0
N1,N1-S-Q426,1,True,Q426,North Rochdale Playground,Q,1.071,Jointly Operated Playground,1,0.0,0.0,,0,,,1.0,1.0,1.2095,0.75,59826.9,0.0
N1,N1-S-Q427,1,True,Q427,South Rochdale Playground,Q,0.954,Jointly Operated Playground,1,0.0,0.0,,0,,,0.0,0.0,1.0044,1.0,61109.1,0.0
N1,N1-S-Q428,1,True,Q428,Horace Harding Playground,Q,1.304,Jointly Operated Playground,1,0.0,0.0,,0,,,0.0,0.0,0.9684,0.75,62341.1,0.0
N1,N1-S-Q429,1,True,Q429,Spirit Playground,Q,0.786,Jointly Operated Playground,1,0.0,0.0,,0,,,0.0,0.0,1.1071,0.25,56070.1,0.0
N1,N1-S-Q430,1,True,Q430,Sunrise Playground,Q,1.025,Jointly Operated Playground,1,0.0,0.0,,0,,,0.0,0.0,1.0057,0.833,56828.1,0.0
N1,N1-S-Q434,1,True,Q434,Long Island Mews,Q,0.311,Neighborhood Park,1,0.0,0.0,,0,,,0.0,1.0,0.815,0.667,54145.5,0.0
N1,N1-S-Q436,1,True,Q436,Athens Square,Q,0.925,Jointly Operated Playground,1,0.0,0.0,,0,,,1.0,1.0,1.2011,0.0,59784.4,0.0
N1,N1-S-Q440,1,True,Q440,Hilton Holiday Gardens,Q,1.204,Recreational Field/Courts,1,0.0,0.0,,0,,,0.0,0.0,0.9413,1.0,62640.9,0.0
N1,N1-S-Q444,1,True,Q444,Sean's Place,Q,0.58,Neighborhood Park,1,0.0,0.0,,0,,,0.0,0.0,0.5889,0.75,54561.6,0.0
N1,N1-S-Q445,1,True,Q445,Frank Golden Park,Q,11.402,Neighborhood Park,1,0.0,0.0,,0,,,0.0,0.0,0.6417,0.25,149444.2,0.0
N1,N1-S-Q448,1,True,Q448,Roy Wilkins Recreation Center,Q,56.801,Community Park,1,0.0,0.0,,0,,,1.0,1.0,0.9926,0.25,270785.6,0.0
N1,N1-S-Q450,1,True,Q450,Corona Golf Playground,Q,1.72,Neighborhood Park,1,0.0,0.0,,0,,,0.0,0.0,0.9156,0.75,52488.2,0.0
N1,N1-S-Q452,1,True,Q452,Udalls Park Preserve,Q,43.94,Nature Area,1,0.0,0.0,,0,,,1.0,1.0,0.8473,0.5,507740.6,0.052
N1,N1-S-Q457,1,True,Q457,College Point Park,Q,0.659,Recreational Field/Courts,1,0.0,0.0,,0,,,0.0,1.0,0.9665,0.5,52297.0,0.001
N1,N1-S-Q458,1,True,Q458,Fort Totten Park,Q,63.474,Neighborhood Park,1,0.0,0.0,,0,,,1.0,1.0,0.8133,1.0,492045.4,0.052
N1,N1-S-Q464,1,True,Q464,Brant Point Wildlife Sanctuary,Q,19.683,Nature Area,1,0.0,0.0,,0,,,0.0,0.0,0.6372,0.25,144725.8,0.011
N1,N1-S-Q467,1,True,Q467,Broad Channel American Park,Q,18.772,Recreational Field/Courts,1,0.0,0.0,,0,,,0.0,0.0,0.9542,0.417,152151.1,0.245
N1,N1-S-Q472,1,True,Q472,Vernam Barbadoes Peninsula,Q,23.945,Nature Area,1,0.0,0.0,,0,,,0.0,0.0,0.3156,0.5,166616.6,0.059
N1,N1-S-Q473,1,True,Q473,Sparrow's Nest Community Garden,Q,0.238,Garden,1,0.0,0.0,,0,,,0.0,0.0,1.0566,0.75,44750.8,0.675
N1,N1-S-Q474,1,True,Q474,Simeone Park,Q,1.6,Neighborhood Park,1,0.0,0.0,,0,,,0.0,0.0,0.7199,0.75,66688.8,0.833
N1,N1-S-Q475,1,True,Q475,Project Eden,Q,0.106,Garden,1,0.0,0.0,,0,,,0.0,0.0,1.155,0.417,39863.9,0.0
N1,N1-S-Q476,1,True,Q476,College Point Fields,Q,26.887,Recreational Field/Courts,1,0.0,0.0,,0,,,0.0,1.0,1.063,0.167,173688.0,0.0
N1,N1-S-Q478,1,True,Q478,Broad Channel Wetlands,Q,37.928,Nature Area,1,0.0,0.0,,0,,,0.0,0.0,,0.0,222117.8,0.129
N1,N1-S-Q486,1,True,Q486,B.C.C.A. Mini-park and Garden,Q,0.096,Garden,1,0.0,0.0,,0,,,0.0,0.0,1.0087,0.833,40100.5,0.0
N1,N1-S-Q487,1,True,Q487,Block Association #81,Q,0.116,Garden,1,0.0,0.0,,0,,,0.0,0.0,1.2141,0.792,40585.9,0.0
N1,N1-S-Q488,1,True,Q488,George Eagle Carr Community Garden,Q,0.119,Garden,1,0.0,0.0,,0,,,0.0,0.0,0.8786,0.75,40853.2,0.201
N1,N1-S-Q490,1,True,Q490,Locust Manor Civic Association,Q,0.086,Garden,1,0.0,0.0,,0,,,0.0,0.0,0.9272,0.75,40907.8,0.0
N1,N1-S-Q491,1,True,Q491,Carlos R. Lillo Park,Q,0.089,Triangle/Plaza,1,0.0,0.0,,0,,,0.0,1.0,0.942,0.75,40593.4,0.0
N1,N1-S-Q494,1,True,Q494,Flight 587 Memorial Park,Q,0.15,Triangle/Plaza,1,0.0,0.0,,0,,,0.0,0.0,0.7572,0.875,24272.9,0.849
N1,N1-S-Q496,1,True,Q496,Park at Beach 108 Street,Q,13.818,Triangle/Plaza,1,0.0,0.0,,0,,,0.0,0.0,0.8669,0.25,177025.5,0.122
N1,N1-S-Q497,1,True,Q497,Lewis H Latimer House,Q,0.387,Historic House Park,1,0.0,0.0,,0,,,0.0,0.0,0.8105,0.25,50078.3,0.0
N1,N1-S-Q498,1,True,Q498,Sunset Cove Park,Q,9.353,Nature Area,1,0.0,0.0,,0,,,0.0,0.0,0.7272,0.375,78142.4,0.672
N1,N1-S-Q499,1,True,Q499,Bay Breeze Park,Q,4.794,Waterfront Facility,1,0.0,0.0,,0,,,0.0,0.0,0.9924,0.25,87206.1,0.0
N1,N1-S-Q500,1,True,Q500,Park,Q,0.019,Triangle/Plaza,1,0.0,0.0,,0,,,1.0,1.0,1.0584,0.25,34989.9,0.0
N1,N1-S-Q505,1,True,Q505,Culinary Kids Garden,Q,0.149,Garden,1,0.0,0.0,,0,,,0.0,1.0,0.9557,0.5,41421.3,0.051
N1,N1-S-Q506,1,True,Q506,Gateway Park,Q,0.901,Neighborhood Park,1,0.0,0.0,,0,,,0.0,1.0,0.9788,0.25,66096.8,0.008
N1,N1-S-Q507,1,True,Q507,Windmill Community Garden,Q,0.057,Garden,1,0.0,0.0,,0,,,0.0,0.0,0.7782,0.583,38991.8,0.0
N1,N1-S-Q509,1,True,Q509,Nameoke Park,Q,0.318,Neighborhood Park,1,0.0,0.0,,0,,,0.0,0.0,1.063,0.75,45929.0,0.0
N1,N1-S-Q512,1,True,Q512,Garden,Q,0.1,Garden,1,0.0,0.0,,0,,,0.0,1.0,0.9727,0.833,39724.4,0.0
N1,N1-S-Q518,1,True,Q518,Bay Beach 84 Garden,Q,0.181,Garden,1,0.0,0.0,,0,,,0.0,0.0,0.0,0.75,33336.3,0.829
N1,N1-S-Q519,1,True,Q519,Laurelton Community Garden of Resilience,Q,0.054,Garden,1,0.0,0.0,,0,,,0.0,0.0,1.0568,0.75,38961.1,0.0
N1,N1-S-R002,1,True,R002,Pleasant Plains Plaza,R,0.055,Triangle/Plaza,1,0.0,0.0,,0,,,0.0,1.0,1.1176,0.917,41441.5,0.0
N1,N1-S-R008,1,True,R008,Faber Pool and Park,R,4.337,Community Park,1,0.0,0.0,,0,,,0.0,0.0,1.0044,0.75,84484.1,0.0
N1,N1-S-R009,1,True,R009,Amundsen Circle,R,0.916,Triangle/Plaza,1,0.0,0.0,,0,,,1.0,1.0,1.0015,1.0,36251.8,0.0
N1,N1-S-R010,1,True,R010,Staats Circle,R,0.319,Triangle/Plaza,1,0.0,0.0,,0,,,0.0,1.0,1.0613,0.75,49933.3,0.111
N1,N1-S-R011,1,True,R011,Hero Park,R,3.061,Neighborhood Park,1,0.0,0.0,,0,,,1.0,1.0,1.0624,0.25,77214.6,0.036
N1,N1-S-R012,1,True,R012,John E. White Park,R,0.925,Neighborhood Park,1,0.0,0.0,,0,,,0.0,0.0,0.9795,0.5,55836.7,0.331
N1,N1-S-R015,1,True,R015,Walker Park,R,5.181,Recreational Field/Courts,1,0.0,0.0,,0,,,0.0,1.0,0.9891,0.25,89992.9,0.125
N1,N1-S-R019,1,True,R019,Veterans Park,R,1.324,Neighborhood Park,1,0.0,0.0,,0,,,0.0,0.0,0.9455,0.75,61036.2,0.0
N1,N1-S-R021,1,True,R021,Forest Mall,R,0.449,Triangle/Plaza,1,0.0,0.0,,0,,,1.0,1.0,0.983,0.25,43343.2,0.064
N1,N1-S-R024,1,True,R024,Tompkinsville Park,R,0.423,Neighborhood Park,1,0.0,0.0,,0,,,1.0,1.0,0.9927,0.5,50104.9,0.0
N1,N1-S-R026,1,True,R026,Gerard P. Dugan Playground,R,3.275,Community Park,1,0.0,0.0,,0,,,0.0,0.0,0.7742,1.0,84236.2,0.0
N1,N1-S-R027#1,1,True,R027#1,Long Pond Park (1/4),R,27.84,Nature Area,1,0.0,0.0,,0,,,0.0,0.0,0.2595,0.75,173172.8,0.639
N1,N1-S-R027#2,1,True,R027#2,Long Pond Park (2/4),R,22.509,Nature Area,1,0.0,0.0,,0,,,1.0,1.0,1.0618,0.833,178737.5,0.367
N1,N1-S-R027#4,1,True,R027#4,Long Pond Park (4/4),R,18.392,Nature Area,1,0.0,0.0,,0,,,1.0,1.0,1.1243,0.375,146105.1,0.552
N1,N1-S-R029,1,True,R029,Westerleigh Park,R,2.901,Neighborhood Park,1,0.0,0.0,,0,,,0.0,0.0,1.0205,0.75,74931.4,0.0
N1,N1-S-R032,1,True,R032,Maple Woods,R,0.765,Nature Area,1,0.0,0.0,,0,,,1.0,1.0,1.267,0.5,54566.9,0.016
N1,N1-S-R035,1,True,R035,De Matti Park,R,2.334,Neighborhood Park,1,0.0,0.0,,0,,,1.0,1.0,1.1082,0.417,78600.9,0.0
N1,N1-S-R036,1,True,R036,Bobbie Lewis Jr. Playground,R,0.271,Neighborhood Park,1,0.0,0.0,,0,,,0.0,0.0,0.5692,0.75,44663.9,0.0
N1,N1-S-R037,1,True,R037,Liotti Ikefugi Playground,R,0.408,Neighborhood Park,1,0.0,0.0,,0,,,0.0,0.0,0.9213,0.75,48279.2,0.0
N1,N1-S-R038,1,True,R038,Midland Playground,R,1.681,Jointly Operated Playground,1,0.0,0.0,,0,,,0.0,0.0,1.122,1.0,49472.8,0.663
N1,N1-S-R038A,1,True,R038A,Midland Field,R,7.459,Jointly Operated Playground,1,0.0,0.0,,0,,,0.0,0.0,0.816,1.0,87136.9,0.396
N1,N1-S-R038B,1,True,R038B,Park,R,5.762,Nature Area,1,0.0,0.0,,0,,,0.0,0.0,1.0864,0.833,82713.9,0.374
N1,N1-S-R042,1,True,R042,Kaltenmeier Playground,R,1.018,Neighborhood Park,1,0.0,0.0,,0,,,0.0,0.0,1.1202,0.75,69613.9,0.0
N1,N1-S-R045,1,True,R045,Schmul Park,R,7.39,Neighborhood Park,1,0.0,0.0,,0,,,0.0,0.0,0.814,0.75,75050.5,0.0
N1,N1-S-R048,1,True,R048,Jones Woods Park,R,16.914,Nature Area,1,0.0,0.0,,0,,,0.0,0.0,0.7968,0.833,153094.2,0.42
N1,N1-S-R059,1,True,R059,Von Briesen Park,R,13.929,Neighborhood Park,1,0.0,0.0,,0,,,1.0,1.0,1.0057,0.5,244411.2,0.076
N1,N1-S-R060,1,True,R060,Dodgers Triangle,R,0.034,Triangle/Plaza,1,0.0,0.0,,0,,,0.0,0.0,0.6835,0.75,36430.9,0.0
N1,N1-S-R061,1,True,R061,Rev. Dr. Maggie Howard Playground,R,4.094,Jointly Operated Playground,1,0.0,0.0,,0,,,1.0,1.0,0.7855,0.417,85040.3,0.0
N1,N1-S-R062,1,True,R062,Arrochar Playground,R,0.892,Jointly Operated Playground,1,0.0,0.0,,0,,,1.0,1.0,1.0989,0.75,56293.8,0.098
N1,N1-S-R063,1,True,R063,Old Town Playground,R,2.585,Playground,1,0.0,0.0,,0,,,0.0,0.0,1.1121,1.0,75034.5,0.0
N1,N1-S-R064,1,True,R064,Christopher J. Igneri Playground,R,1.145,Neighborhood Park,1,0.0,0.0,,0,,,0.0,0.0,0.9181,0.25,43750.3,0.0
N1,N1-S-R066,1,True,R066,North Shore Esplanade,R,1.616,Triangle/Plaza,1,0.0,0.0,,0,,,0.0,0.0,0.9995,0.625,122893.8,0.006
N1,N1-S-R067,1,True,R067,Gen. Douglas MacArthur Park,R,5.132,Community Park,1,0.0,0.0,,0,,,0.0,0.0,0.9943,0.833,101370.4,0.275
N1,N1-S-R068,1,True,R068,The Big Park,R,3.01,Neighborhood Park,1,0.0,0.0,,0,,,0.0,1.0,0.8736,0.833,74777.6,0.0
N1,N1-S-R069,1,True,R069,Terrace Playground,R,1.922,Jointly Operated Playground,1,0.0,0.0,,0,,,0.0,0.0,0.9905,1.0,73304.4,0.0
N1,N1-S-R070,1,True,R070,Clove's Tail,R,1.982,Recreational Field/Courts,1,0.0,0.0,,0,,,1.0,1.0,0.9641,0.75,61984.3,0.522
N1,N1-S-R071,1,True,R071,Great Kills Veterans Playground,R,1.064,Jointly Operated Playground,1,0.0,0.0,,0,,,0.0,0.0,0.8959,0.875,58529.5,0.0
N1,N1-S-R072,1,True,R072,Clawson Playground,R,3.591,Jointly Operated Playground,1,0.0,0.0,,0,,,0.0,1.0,0.9398,1.0,91217.6,0.0
N1,N1-S-R073,1,True,R073,Naples Playground,R,3.214,Jointly Operated Playground,1,0.0,0.0,,0,,,0.0,0.0,0.9224,0.75,76990.4,0.0
N1,N1-S-R075A,1,True,R075A,Father Macris Park,R,13.46,Recreational Field/Courts,1,0.0,0.0,,0,,,0.0,0.0,0.9655,1.0,144430.2,0.053
N1,N1-S-R075B,1,True,R075B,Westwood Park,R,6.559,Nature Area,1,0.0,0.0,,0,,,0.0,0.0,1.1028,0.75,96712.7,0.0
N1,N1-S-R075C,1,True,R075C,Ingram Woods,R,3.768,Nature Area,1,0.0,0.0,,0,,,0.0,0.0,0.9938,0.583,83549.5,0.0
N1,N1-S-R075G,1,True,R075G,Bradys Pond Park,R,6.398,Nature Area,1,0.0,0.0,,0,,,0.0,0.0,1.1426,0.75,116673.1,0.0
N1,N1-S-R078,1,True,R078,Northerleigh Park,R,3.953,Neighborhood Park,1,0.0,0.0,,0,,,0.0,0.0,0.8952,0.75,92992.4,0.0
N1,N1-S-R080,1,True,R080,Annadale Green,R,0.281,Triangle/Plaza,1,0.0,0.0,,0,,,0.0,1.0,0.9262,0.5,45188.8,0.0
N1,N1-S-R085,1,True,R085,E.M.T. Christopher J. Prescott Playground,R,1.124,Jointly Operated Playground,1,0.0,0.0,,0,,,0.0,0.0,0.9203,0.75,35785.8,0.749
N1,N1-S-R087,1,True,R087,Dongan Playground,R,1.05,Jointly Operated Playground,1,0.0,0.0,,0,,,0.0,0.0,0.9196,0.583,69369.5,0.0
N1,N1-S-R088,1,True,R088,High Rock Park,R,94.035,Nature Area,1,0.0,0.0,,0,,,0.0,0.0,0.7353,0.875,321245.5,0.0
N1,N1-S-R089,1,True,R089,Greencroft Playground,R,3.228,Jointly Operated Playground,1,0.0,0.0,,0,,,0.0,0.0,0.969,1.0,78053.0,0.0
N1,N1-S-R090,1,True,R090,Lieutenant John H. Martinson Playground,R,1.375,Jointly Operated Playground,1,0.0,0.0,,0,,,0.0,0.0,1.0306,0.833,62767.3,0.0
N1,N1-S-R101,1,True,R101,Wegener Park,R,3.462,Nature Area,1,0.0,0.0,,0,,,0.0,1.0,1.044,0.333,67162.6,0.0
N1,N1-S-R102,1,True,R102,Park,R,0.006,Strip,1,0.0,0.0,,0,,,0.0,0.0,0.7794,0.208,33783.3,0.205
N1,N1-S-R107,1,True,R107,New Dorp Park,R,0.785,Nature Area,1,0.0,0.0,,0,,,0.0,0.0,1.1712,1.0,55708.4,0.0
N1,N1-S-R109,1,True,R109,CPL. Thompson Park,R,10.782,Community Park,1,0.0,0.0,,0,,,0.0,1.0,0.8878,0.75,121181.1,0.0
N1,N1-S-R111,1,True,R111,Lt. Lia Playground,R,1.314,Playground,1,0.0,0.0,,0,,,1.0,1.0,1.0029,0.5,60950.1,0.088
N1,N1-S-R112#17,1,True,R112#17,Meredith Woods (17/25),R,0.032,Nature Area,1,0.0,0.0,,0,,,1.0,1.0,0.9355,0.75,78062.2,0.807
N1,N1-S-R112#18,1,True,R112#18,Meredith Woods (18/25),R,5.062,Nature Area,1,0.0,0.0,,0,,,0.0,0.0,1.1003,0.833,236669.5,0.563
N1,N1-S-R112#21,1,True,R112#21,Meredith Woods (21/25),R,0.028,Nature Area,1,0.0,0.0,,0,,,0.0,0.0,0.4476,0.0,63386.3,0.985
N1,N1-S-R112#22,1,True,R112#22,Meredith Woods (22/25),R,0.025,Nature Area,1,0.0,0.0,,0,,,0.0,0.0,0.0,0.0,78572.7,0.7
N1,N1-S-R112#24,1,True,R112#24,Meredith Woods (24/25),R,2.257,Nature Area,1,0.0,0.0,,0,,,0.0,0.0,1.0926,0.25,189743.0,0.637
N1,N1-S-R112#4,1,True,R112#4,Meredith Woods (4/25),R,0.032,Nature Area,1,0.0,0.0,,0,,,0.0,0.0,0.3864,1.0,72208.6,0.606
N1,N1-S-R112#6,1,True,R112#6,Meredith Woods (6/25),R,0.037,Nature Area,1,0.0,0.0,,0,,,0.0,0.0,0.0,1.0,78054.8,0.402
N1,N1-S-R112#7,1,True,R112#7,Meredith Woods (7/25),R,30.253,Nature Area,1,0.0,0.0,,0,,,0.0,0.0,1.0345,0.375,225607.8,0.302
N1,N1-S-R112#9,1,True,R112#9,Meredith Woods (9/25),R,0.154,Nature Area,1,0.0,0.0,,0,,,0.0,0.0,0.0,1.0,221428.4,0.354
N1,N1-S-R114,1,True,R114,Jennifer's Playground,R,1.637,Neighborhood Park,1,0.0,0.0,,0,,,0.0,0.0,0.8763,0.5,64613.2,0.118
N1,N1-S-R115,1,True,R115,Deere Park,R,39.105,Nature Area,1,0.0,0.0,,0,,,0.0,0.0,0.5307,0.833,226882.4,0.0
N1,N1-S-R117,1,True,R117,Alice Austen Park,R,15.514,Historic House Park,1,0.0,0.0,,0,,,0.0,0.0,0.8267,0.75,152124.0,0.0
N1,N1-S-R118,1,True,R118,Reed's Basket Willow Swamp Park,R,52.648,Nature Area,1,0.0,0.0,,0,,,0.0,0.0,0.466,1.0,347340.0,0.0
N1,N1-S-R121,1,True,R121,Siedenburg Park,R,22.867,Nature Area,1,0.0,0.0,,0,,,0.0,0.0,0.8267,0.75,163597.8,0.0
N1,N1-S-R123,1,True,R123,Cottages Hill New Brighton Park,R,2.223,Neighborhood Park,1,0.0,0.0,,0,,,0.0,0.0,0.8127,0.833,67538.9,0.486
N1,N1-S-R124,1,True,R124,Eibs Pond Park,R,16.495,Nature Area,1,0.0,0.0,,0,,,0.0,0.0,0.7146,0.75,163307.8,0.035
N1,N1-S-R126,1,True,R126,Gaeta Park,R,1.789,Triangle/Plaza,1,0.0,0.0,,0,,,0.0,1.0,1.0652,0.667,76135.8,0.0
N1,N1-S-R128,1,True,R128,Shooters Island,R,34.666,Nature Area,1,0.0,0.0,,0,,,0.0,0.0,,0.0,187203.8,0.0
N1,N1-S-R131,1,True,R131,Huguenot Ponds Park,R,1.531,Nature Area,1,0.0,0.0,,0,,,0.0,0.0,0.9585,0.792,68389.8,0.0
N1,N1-S-R132,1,True,R132,Bunker Ponds Park,R,25.352,Nature Area,1,0.0,0.0,,0,,,1.0,1.0,0.8486,0.75,200615.5,0.281
N1,N1-S-R133,1,True,R133,Arbutus Woods Park,R,2.619,Nature Area,1,0.0,0.0,,0,,,0.0,0.0,0.0,1.0,77244.6,0.001
N1,N1-S-R136,1,True,R136,Hybrid Oak Woods Park,R,9.756,Nature Area,1,0.0,0.0,,0,,,0.0,0.0,0.9513,0.833,126421.9,0.0
N1,N1-S-R137,1,True,R137,Bayview Terrace Park,R,16.959,Nature Area,1,0.0,0.0,,0,,,0.0,0.0,0.8076,0.833,160812.0,0.196
N1,N1-S-R137A,1,True,R137A,Garden,R,0.253,Garden,1,0.0,0.0,,0,,,0.0,0.0,0.8336,1.0,31410.3,0.955
N1,N1-S-R138,1,True,R138,Kingdom Pond Park,R,4.122,Nature Area,1,0.0,0.0,,0,,,1.0,1.0,1.0454,0.75,83382.9,0.358
N1,N1-S-R139,1,True,R139,Tottenville Shore Park,R,9.545,Nature Area,1,0.0,0.0,,0,,,0.0,0.0,0.8088,0.917,207799.2,0.0
N1,N1-S-R140,1,True,R140,King Fisher Park,R,16.829,Nature Area,1,0.0,0.0,,0,,,0.0,0.0,0.8582,0.75,185861.7,0.0
N1,N1-S-R144,1,True,R144,Sobel Court Park,R,1.137,Playground,1,0.0,0.0,,0,,,1.0,1.0,1.1447,0.25,63757.8,0.0
N1,N1-S-R145,1,True,R145,Seaside Wildlife Nature Park,R,19.319,Neighborhood Park,1,0.0,0.0,,0,,,1.0,1.0,0.7437,0.958,155817.4,0.0
N1,N1-S-R147,1,True,R147,South Beach Wetlands,R,5.185,Nature Area,1,0.0,0.0,,0,,,0.0,0.0,,0.0,95159.7,0.0
N1,N1-S-R148,1,True,R148,Last Chance Pond Park,R,3.979,Nature Area,1,0.0,0.0,,0,,,0.0,0.0,0.9287,0.583,91839.2,0.303
N1,N1-S-R150,1,True,R150,Graniteville Quarry Park,R,4.463,Nature Area,1,0.0,0.0,,0,,,1.0,1.0,0.889,0.75,90968.4,0.0
N1,N1-S-R151,1,True,R151,Isle Of Meadows,R,87.456,Nature Area,1,0.0,0.0,,0,,,0.0,0.0,,0.0,272895.6,0.0
N1,N1-S-R153,1,True,R153,Fairview Park,R,43.856,Community Park,1,0.0,0.0,,0,,,0.0,0.0,0.8386,0.75,366314.4,0.042
N1,N1-S-R156,1,True,R156,Sylvan Grove Cemetery,R,2.684,Triangle/Plaza,1,0.0,0.0,,0,,,0.0,1.0,1.0447,0.25,77032.8,0.427
N1,N1-S-R158,1,True,R158,Fort Hill Park,R,0.776,Nature Area,1,0.0,0.0,,0,,,0.0,0.0,0.8431,0.75,58989.6,0.0
N1,N1-S-R159,1,True,R159,Old Place Creek Park,R,45.803,Nature Area,1,0.0,0.0,,0,,,0.0,0.0,1.1286,1.0,428932.7,0.0
N1,N1-S-R160,1,True,R160,Heritage Park,R,9.928,Neighborhood Park,1,0.0,0.0,,0,,,0.0,0.0,0.7953,1.0,129379.7,0.0
N1,N1-S-R161,1,True,R161,Laredo Avenue Parcel,R,2.222,Nature Area,1,0.0,0.0,,0,,,0.0,1.0,0.8124,0.5,81613.0,0.0
N1,N1-S-R162,1,True,R162,Olmsted-Beil House Park,R,2.76,Historic House Park,1,0.0,0.0,,0,,,1.0,1.0,0.6469,0.75,79738.8,0.0
N1,N1-S-R163,1,True,R163,Meredith Woods,R,15.565,Nature Area,1,0.0,0.0,,0,,,0.0,0.0,1.1003,0.417,186227.6,0.337
N1,N1-S-R165,1,True,R165,Blueberry Park,R,0.724,Neighborhood Park,1,0.0,0.0,,0,,,0.0,0.0,0.9836,0.75,57073.0,0.028
N1,N1-S-R166,1,True,R166,Manor Park,R,1.777,Nature Area,1,0.0,0.0,,0,,,0.0,0.0,1.002,0.875,53736.5,0.0
N1,N1-S-R167,1,True,R167,Richmond Terrace Park,R,11.186,Nature Area,1,0.0,0.0,,0,,,0.0,0.0,1.0148,0.75,119807.7,0.0
N1,N1-S-R168,1,True,R168,Park,R,0.05,Triangle/Plaza,1,0.0,0.0,,0,,,0.0,0.0,0.8628,0.917,37693.1,0.0
N1,N1-S-R169,1,True,R169,Goodhue Park,R,26.515,Neighborhood Park,1,0.0,0.0,,0,,,0.0,0.0,0.5862,0.792,166591.5,0.324
N1,N1-S-R173,1,True,R173,Snug Harbor Cemetery,R,6.485,Nature Area,1,0.0,0.0,,0,,,0.0,0.0,0.4539,0.875,55690.5,0.732
N1,N1-S-X001A#2,1,True,X001A#2,Aqueduct Walk (2/5),X,1.847,Community Park,1,0.0,0.0,,0,,,0.0,0.0,0.9715,0.75,98912.9,0.698
N1,N1-S-X001A#4,1,True,X001A#4,Aqueduct Walk (4/5),X,1.571,Community Park,1,0.0,0.0,,0,,,0.0,0.0,0.8497,0.25,99303.0,0.371
N1,N1-S-X001A#5,1,True,X001A#5,Aqueduct Walk (5/5),X,1.326,Community Park,1,0.0,0.0,,0,,,0.0,0.0,0.8608,0.5,97175.1,0.645
N1,N1-S-X001B,1,True,X001B,Barnhill Square,X,0.071,Triangle/Plaza,1,0.0,0.0,,0,,,0.0,0.0,1.1188,0.5,37157.1,0.717
N1,N1-S-X005,1,True,X005,Bryan Park,X,0.139,Triangle/Plaza,1,0.0,0.0,,0,,,1.0,1.0,1.0643,0.5,41916.8,0.0
N1,N1-S-X007,1,True,X007,Castle Hill Park,X,8.569,Neighborhood Park,1,0.0,0.0,,0,,,0.0,0.0,0.8053,0.583,144502.3,0.384
N1,N1-S-X009,1,True,X009,Monsignor Raul Del Valle Square,X,0.402,Triangle/Plaza,1,0.0,0.0,,0,,,0.0,0.0,1.027,0.25,47926.8,0.087
N1,N1-S-X012,1,True,X012,Church Triangle,X,0.077,Triangle/Plaza,1,0.0,0.0,,0,,,0.0,1.0,1.0748,0.0,40224.2,0.178
N1,N1-S-X014,1,True,X014,Horseshoe Playground,X,0.438,Playground,1,0.0,0.0,,0,,,0.0,0.0,0.8615,0.625,47127.8,0.382
N1,N1-S-X016,1,True,X016,Owen F. Dolen Park,X,1.414,Neighborhood Park,1,0.0,0.0,,0,,,1.0,1.0,0.9502,0.25,62575.9,0.0
N1,N1-S-X017,1,True,X017,Richman (Echo) Park,X,4.405,Neighborhood Park,1,0.0,0.0,,0,,,0.0,1.0,0.9295,0.25,92689.6,0.26
N1,N1-S-X019,1,True,X019,Ewen Park,X,7.878,Neighborhood Park,1,0.0,0.0,,0,,,0.0,0.0,0.9979,0.5,102921.4,0.0
N1,N1-S-X020,1,True,X020,Fort Independence Playground,X,2.726,Playground,1,0.0,0.0,,0,,,0.0,0.0,0.8467,0.75,110448.1,0.0
N1,N1-S-X033#1,1,True,X033#1,Mosholu Parkway (1/5),X,10.911,Parkway,1,0.0,0.0,,0,,,0.0,0.0,1.0371,0.375,121808.9,0.794
N1,N1-S-X033#2,1,True,X033#2,Mosholu Parkway (2/5),X,12.049,Parkway,1,0.0,0.0,,0,,,0.0,1.0,1.0285,0.5,120554.7,0.762
N1,N1-S-X033#4,1,True,X033#4,Mosholu Parkway (4/5),X,11.433,Parkway,1,0.0,0.0,,0,,,0.0,0.0,0.9395,0.5,98847.1,0.363
N1,N1-S-X037,1,True,X037,O'Brien Oval,X,0.232,Triangle/Plaza,1,0.0,0.0,,0,,,1.0,1.0,1.1438,0.25,38350.6,0.628
N1,N1-S-X040,1,True,X040,Poe Park,X,2.28,Playground,1,0.0,0.0,,0,,,0.0,0.0,1.0059,0.25,78108.2,0.204
N1,N1-S-X041,1,True,X041,Pulaski Park,X,1.455,Recreational Field/Courts,1,0.0,0.0,,0,,,0.0,0.0,0.8884,0.5,67984.1,0.013
N1,N1-S-X042,1,True,X042,Rose Hill Park,X,0.745,Triangle/Plaza,1,0.0,0.0,,0,,,1.0,1.0,0.8813,0.25,68538.0,0.0
N1,N1-S-X046,1,True,X046,Seton Falls Park,X,34.841,Nature Area,1,0.0,0.0,,0,,,0.0,1.0,1.0055,0.75,189529.8,0.142
N1,N1-S-X049,1,True,X049,Schneider Sampson Square,X,0.208,Mall,1,0.0,0.0,,0,,,0.0,0.0,1.0525,0.5,49435.1,0.138
N1,N1-S-X051,1,True,X051,University Woods,X,3.25,Neighborhood Park,1,0.0,0.0,,0,,,1.0,1.0,0.9558,0.25,101597.6,0.309
N1,N1-S-X055,1,True,X055,Brust Park,X,2.099,Neighborhood Park,1,0.0,0.0,,0,,,0.0,0.0,0.9406,0.25,83507.3,0.044
N1,N1-S-X057,1,True,X057,Michel Triangle,X,0.412,Triangle/Plaza,1,0.0,0.0,,0,,,0.0,0.0,1.0114,0.25,35852.9,0.89
N1,N1-S-X058,1,True,X058,Keltch Park,X,0.418,Triangle/Plaza,1,0.0,0.0,,0,,,1.0,1.0,1.0469,0.0,62349.1,0.0
N1,N1-S-X059,1,True,X059,Sergeant Johnson Triangle,X,0.116,Triangle/Plaza,1,0.0,0.0,,0,,,0.0,0.0,1.1181,0.5,31574.1,0.0
N1,N1-S-X060,1,True,X060,Sheridan Triangle,X,0.071,Triangle/Plaza,1,0.0,0.0,,0,,,0.0,0.0,1.0203,0.375,27016.5,0.0
N1,N1-S-X062,1,True,X062,Beatty Plaza,X,0.092,Triangle/Plaza,1,0.0,0.0,,0,,,0.0,0.0,0.9116,0.25,39835.7,0.508
N1,N1-S-X063,1,True,X063,Martin Luther King Triangle,X,0.034,Triangle/Plaza,1,0.0,0.0,,0,,,0.0,0.0,0.586,0.5,37116.4,0.0
N1,N1-S-X079,1,True,X079,Major General John R Brown Triangle,X,0.124,Triangle/Plaza,1,0.0,0.0,,0,,,0.0,1.0,0.9782,0.5,41737.3,0.0
N1,N1-S-X080,1,True,X080,Henry Hudson Park,X,8.71,Neighborhood Park,1,0.0,0.0,,0,,,0.0,0.0,0.8911,0.25,126519.8,0.55
N1,N1-S-X085,1,True,X085,Slattery Playground,X,0.933,Playground,1,0.0,0.0,,0,,,0.0,0.0,1.1189,0.25,55992.2,0.0
N1,N1-S-X088B,1,True,X088B,Clason Point Park,X,14.864,Community Park,1,0.0,0.0,,0,,,0.0,0.0,0.6786,0.5,122406.4,0.263
N1,N1-S-X090,1,True,X090,Spuyten Duyvil Shorefront Park,X,6.695,Nature Area,1,0.0,0.0,,0,,,0.0,0.0,0.7197,0.75,154218.4,0.245
N1,N1-S-X091,1,True,X091,Park,X,0.21,Triangle/Plaza,1,0.0,0.0,,0,,,0.0,0.0,0.8291,0.75,34499.9,1.0
N1,N1-S-X093,1,True,X093,Van Nest Park,X,0.382,Playground,1,0.0,0.0,,0,,,0.0,1.0,1.0423,0.25,53547.8,0.0
N1,N1-S-X094,1,True,X094,Bridge Park,X,7.152,Neighborhood Park,1,0.0,0.0,,0,,,0.0,0.0,0.3987,0.75,251192.7,0.451
N1,N1-S-X096,1,True,X096,Rita Ley Triangle,X,0.019,Triangle/Plaza,1,0.0,0.0,,0,,,0.0,0.0,0.8258,1.0,23168.0,0.0
N1,N1-S-X101A,1,True,X101A,Samuel H. Young Park,X,1.421,Recreational Field/Courts,1,0.0,0.0,,0,,,1.0,1.0,1.0446,0.25,51931.4,0.697
N1,N1-S-X104,1,True,X104,Williamsbridge Oval,X,18.873,Neighborhood Park,1,0.0,0.0,,0,,,1.0,1.0,0.9689,0.5,130841.6,0.237
N1,N1-S-X106,1,True,X106,Evelina Antonetty Playground,X,0.714,Playground,1,0.0,0.0,,0,,,0.0,0.0,0.8841,0.25,54200.5,0.0
N1,N1-S-X107,1,True,X107,Hawkins Park,X,0.145,Triangle/Plaza,1,0.0,0.0,,0,,,1.0,1.0,1.044,0.208,41175.4,0.0
N1,N1-S-X110#3,1,True,X110#3,Henry Hudson Parkway (3/8),X,4.156,Parkway,1,0.0,0.0,,0,,,0.0,0.0,1.0816,1.0,106320.7,0.664
N1,N1-S-X110#4,1,True,X110#4,Henry Hudson Parkway (4/8),X,2.042,Parkway,1,0.0,0.0,,0,,,0.0,1.0,1.0063,0.5,148449.7,0.678
N1,N1-S-X110#5,1,True,X110#5,Henry Hudson Parkway (5/8),X,0.792,Parkway,1,0.0,0.0,,0,,,0.0,0.0,0.8751,0.25,138719.2,0.892
N1,N1-S-X110#6,1,True,X110#6,Henry Hudson Parkway (6/8),X,4.669,Parkway,1,0.0,0.0,,0,,,0.0,0.0,0.6835,0.375,98994.9,0.363
N1,N1-S-X110#7,1,True,X110#7,Henry Hudson Parkway (7/8),X,1.067,Parkway,1,0.0,0.0,,0,,,0.0,0.0,1.1161,0.25,128951.8,0.558
N1,N1-S-X110#8,1,True,X110#8,Henry Hudson Parkway (8/8),X,4.766,Parkway,1,0.0,0.0,,0,,,0.0,0.0,1.0302,0.25,123264.5,0.731
N1,N1-S-X110B,1,True,X110B,Phyllis Post Goodman Park,X,0.42,Triangle/Plaza,1,0.0,0.0,,0,,,0.0,0.0,0.7945,0.5,45812.3,0.898
N1,N1-S-X110C,1,True,X110C,Park,X,0.682,Triangle/Plaza,1,0.0,0.0,,0,,,0.0,0.0,0.7045,0.375,58289.4,0.868
N1,N1-S-X110D,1,True,X110D,Bell Tower Park,X,0.112,Triangle/Plaza,1,0.0,0.0,,0,,,0.0,1.0,0.988,0.25,33509.5,1.0
N1,N1-S-X111,1,True,X111,Cedar Playground,X,1.8,Neighborhood Park,1,0.0,0.0,,0,,,0.0,0.0,0.9896,0.25,69109.7,0.267
N1,N1-S-X112,1,True,X112,Hilton White Playground,X,0.477,Jointly Operated Playground,1,0.0,0.0,,0,,,0.0,0.0,1.1392,0.375,44522.9,0.687
N1,N1-S-X116,1,True,X116,Rev J Polite Playground,X,1.787,Jointly Operated Playground,1,0.0,0.0,,0,,,0.0,0.0,1.0545,0.25,73912.0,0.0
N1,N1-S-X118A,1,True,X118A,Harding Park Beautification Project,X,1.09,Garden,1,0.0,0.0,,0,,,0.0,0.0,0.7424,0.583,39616.5,0.392
N1,N1-S-X121,1,True,X121,Bufano Park,X,1.909,Playground,1,0.0,0.0,,0,,,0.0,0.0,1.1047,0.75,68648.8,0.0
N1,N1-S-X122,1,True,X122,Colucci Playground,X,4.014,Neighborhood Park,1,0.0,0.0,,0,,,0.0,0.0,0.9536,0.667,75611.1,0.0
N1,N1-S-X131,1,True,X131,Lozada Playground,X,1.033,Jointly Operated Playground,1,0.0,0.0,,0,,,0.0,0.0,0.696,0.208,57472.7,0.001
N1,N1-S-X133,1,True,X133,Derosa O'Boyle Triangle,X,0.117,Triangle/Plaza,1,0.0,0.0,,0,,,0.0,1.0,1.1296,0.667,40371.5,0.0
N1,N1-S-X138,1,True,X138,Playground One Thirty Four CXXXIV,X,1.95,Neighborhood Park,1,0.0,0.0,,0,,,0.0,0.0,0.6905,0.5,83689.9,0.262
N1,N1-S-X141,1,True,X141,Rienzi Playground,X,1.237,Jointly Operated Playground,1,0.0,0.0,,0,,,0.0,0.0,1.0248,0.833,59670.0,0.0
N1,N1-S-X148A2,1,True,X148A2,Plimpton Playground,X,0.926,Playground,1,0.0,0.0,,0,,,0.0,0.0,0.9632,0.25,63021.1,0.716
N1,N1-S-X148B2,1,True,X148B2,Park,X,0.039,Triangle/Plaza,1,0.0,0.0,,0,,,0.0,0.0,1.055,0.25,38545.0,1.0
N1,N1-S-X148C,1,True,X148C,Park,X,0.029,Strip,1,0.0,0.0,,0,,,0.0,0.0,0.4837,0.5,43487.4,0.924
N1,N1-S-X148F5,1,True,X148F5,Park,X,0.017,Strip,1,0.0,0.0,,0,,,0.0,0.0,0.4056,0.25,37875.1,0.751
N1,N1-S-X148G,1,True,X148G,Park,X,0.039,Strip,1,0.0,0.0,,0,,,0.0,0.0,0.6943,0.625,40185.0,0.999
N1,N1-S-X148I3,1,True,X148I3,Park,X,0.035,Strip,1,0.0,0.0,,0,,,0.0,0.0,0.9812,0.5,37182.7,0.103
N1,N1-S-X148J,1,True,X148J,Park,X,0.051,Strip,1,0.0,0.0,,0,,,0.0,0.0,1.0633,0.5,75397.9,0.071
N1,N1-S-X148J2,1,True,X148J2,Boone Slope,X,0.007,Strip,1,0.0,0.0,,0,,,0.0,0.0,1.0141,0.75,35380.4,0.087
N1,N1-S-X148L1,1,True,X148L1,Virginia Park,X,0.976,Neighborhood Park,1,0.0,0.0,,0,,,0.0,1.0,0.9838,0.25,52738.0,0.754
N1,N1-S-X149,1,True,X149,Miele Park,X,0.207,Triangle/Plaza,1,0.0,0.0,,0,,,0.0,0.0,1.1658,0.25,46546.1,0.147
N1,N1-S-X150D,1,True,X150D,Gasoline Alley,X,0.092,Strip,1,0.0,0.0,,0,,,1.0,1.0,0.8562,0.625,81066.3,0.409
N1,N1-S-X150G,1,True,X150G,Siren Slope,X,0.304,Parkway,1,0.0,0.0,,0,,,0.0,0.0,1.13,0.25,50255.5,0.0
N1,N1-S-X150H,1,True,X150H,Crescent Park,X,0.335,Triangle/Plaza,1,0.0,0.0,,0,,,0.0,0.0,0.9289,0.75,41459.4,0.677
N1,N1-S-X150I,1,True,X150I,Cooney Grauer Field,X,1.295,Recreational Field/Courts,1,0.0,0.0,,0,,,0.0,0.0,0.9869,0.25,51797.7,0.933
N1,N1-S-X150J,1,True,X150J,Bailey Playground,X,3.243,Playground,1,0.0,0.0,,0,,,0.0,0.0,1.0502,0.25,113733.0,0.448
N1,N1-S-X151,1,True,X151,P.O. Serrano Playground,X,2.655,Neighborhood Park,1,0.0,0.0,,0,,,0.0,0.0,1.1565,0.25,78463.7,0.0
N1,N1-S-X152,1,True,X152,Vinmont Veteran Park,X,3.076,Jointly Operated Playground,1,0.0,0.0,,0,,,0.0,0.0,0.9444,0.25,67209.8,0.421
N1,N1-S-X156,1,True,X156,Eastchester Playground,X,1.067,Playground,1,0.0,0.0,,0,,,0.0,0.0,0.9176,0.583,57392.9,0.0
N1,N1-S-X157,1,True,X157,Mazzei Playground,X,1.536,Playground,1,0.0,0.0,,0,,,0.0,0.0,1.0597,0.417,66515.7,0.0
N1,N1-S-X158,1,True,X158,Sedgwick Playground,X,1.032,Playground,1,0.0,0.0,,0,,,0.0,0.0,0.8436,0.625,59194.0,0.846
N1,N1-S-X161,1,True,X161,Gun Hill Playground,X,0.678,Playground,1,0.0,0.0,,0,,,0.0,0.0,1.0273,0.5,52789.4,0.091
N1,N1-S-X163,1,True,X163,Loreto Playground,X,2.202,Community Park,1,0.0,0.0,,0,,,0.0,0.0,1.0197,0.667,72721.6,0.0
N1,N1-S-X164,1,True,X164,Dawson Playground,X,0.743,Jointly Operated Playground,1,0.0,0.0,,0,,,0.0,0.0,1.061,0.583,40995.0,0.884
N1,N1-S-X164A,1,True,X164A,Wishing Well Garden,X,0.352,Garden,1,0.0,0.0,,0,,,0.0,0.0,0.9307,0.75,34416.1,0.974
N1,N1-S-X165,1,True,X165,Edenwald Playground,X,2.34,Jointly Operated Playground,1,0.0,0.0,,0,,,0.0,0.0,0.9404,0.75,88336.7,0.0
N1,N1-S-X166,1,True,X166,Behagen Playground,X,3.309,Playground,1,0.0,0.0,,0,,,0.0,0.0,1.1135,0.333,80638.0,0.0
N1,N1-S-X170,1,True,X170,The Pearly Gates,X,0.677,Playground,1,0.0,0.0,,0,,,0.0,0.0,1.0342,0.75,52524.9,0.0
N1,N1-S-X172,1,True,X172,Allerton Playground,X,1.631,Jointly Operated Playground,1,0.0,0.0,,0,,,0.0,0.0,1.0985,0.25,64711.0,0.0
N1,N1-S-X178,1,True,X178,Matthews Muliner Playground,X,1.04,Playground,1,0.0,0.0,,0,,,0.0,0.0,0.8562,0.75,57458.3,0.0
N1,N1-S-X179,1,True,X179,Al Quiñones Playground,X,1.792,Jointly Operated Playground,1,0.0,0.0,,0,,,0.0,0.0,0.8898,0.25,71610.4,0.046
N1,N1-S-X180,1,True,X180,Whalen Playground,X,0.325,Triangle/Plaza,1,0.0,0.0,,0,,,0.0,0.0,1.0523,0.375,47098.0,0.034
N1,N1-S-X183,1,True,X183,Bruckner Playground,X,1.01,Jointly Operated Playground,1,0.0,0.0,,0,,,0.0,0.0,0.0,0.667,59213.2,0.0
N1,N1-S-X187,1,True,X187,Givan Square,X,1.601,Playground,1,0.0,0.0,,0,,,1.0,1.0,1.0319,0.667,86810.2,0.0
N1,N1-S-X188,1,True,X188,Wakefield Playground,X,1.103,Jointly Operated Playground,1,0.0,0.0,,0,,,0.0,0.0,1.094,0.917,70640.4,0.0
N1,N1-S-X190,1,True,X190,Tiffany Playground,X,1.143,Jointly Operated Playground,1,0.0,0.0,,0,,,0.0,0.0,1.088,0.25,61623.4,0.0
N1,N1-S-X191A,1,True,X191A,Bicentennial Veterans Memorial Park,X,9.52,Neighborhood Park,1,0.0,0.0,,0,,,0.0,0.0,0.8012,1.0,125697.1,0.0
N1,N1-S-X191D,1,True,X191D,Park,X,0.008,Strip,1,0.0,0.0,,0,,,0.0,0.0,0.5395,1.0,53645.9,0.0
N1,N1-S-X193,1,True,X193,Stars & Stripes Playground,X,2.784,Jointly Operated Playground,1,0.0,0.0,,0,,,0.0,1.0,0.918,0.75,57460.0,0.469
N1,N1-S-X195A,1,True,X195A,Colgate Close,X,1.975,Neighborhood Park,1,0.0,0.0,,0,,,0.0,0.0,0.7378,0.375,70417.6,0.12
N1,N1-S-X195B,1,True,X195B,Park,X,0.005,Strip,1,0.0,0.0,,0,,,0.0,0.0,0.9756,0.75,37062.8,0.0
N1,N1-S-X195C,1,True,X195C,Park,X,0.008,Strip,1,0.0,0.0,,0,,,0.0,0.0,0.9497,0.25,56261.5,0.0
N1,N1-S-X195D,1,True,X195D,Park,X,0.007,Strip,1,0.0,0.0,,0,,,0.0,0.0,0.7872,0.625,67855.3,0.061
N1,N1-S-X196,1,True,X196,Haffen Park,X,9.163,Neighborhood Park,1,0.0,0.0,,0,,,0.0,0.0,0.9583,0.75,108669.6,0.0
N1,N1-S-X200,1,True,X200,Clark Playground,X,0.737,Jointly Operated Playground,1,0.0,0.0,,0,,,0.0,0.0,1.0616,0.0,55576.5,0.072
N1,N1-S-X201,1,True,X201,Seton Park,X,11.656,Community Park,1,0.0,0.0,,0,,,0.0,0.0,1.0501,0.5,85922.6,0.624
N1,N1-S-X202,1,True,X202,Marble Hill Playground,X,1.828,Playground,1,0.0,0.0,,0,,,0.0,0.0,1.1301,0.75,67353.3,0.0
N1,N1-S-X203,1,True,X203,Randall Playground,X,0.999,Playground,1,0.0,0.0,,0,,,0.0,0.0,0.9262,0.583,57215.6,0.0
N1,N1-S-X204,1,True,X204,Story Playground,X,2.219,Jointly Operated Playground,1,0.0,0.0,,0,,,0.0,0.0,1.1876,0.0,72455.3,0.036
N1,N1-S-X209,1,True,X209,Wave Hill,X,20.969,Historic House Park,1,0.0,0.0,,0,,,0.0,1.0,0.9511,0.25,137956.3,0.0
N1,N1-S-X211,1,True,X211,Stebbins Playground,X,0.881,Jointly Operated Playground,1,0.0,0.0,,0,,,0.0,0.0,0.9002,0.375,55255.6,0.52
N1,N1-S-X214,1,True,X214,Magenta Playground,X,0.899,Jointly Operated Playground,1,0.0,0.0,,0,,,0.0,0.0,1.0055,0.75,58199.5,0.083
N1,N1-S-X215,1,True,X215,Valentine Varian House,X,0.462,Historic House Park,1,0.0,0.0,,0,,,1.0,1.0,1.0417,0.5,35034.4,0.882
N1,N1-S-X219,1,True,X219,Arcilla Playground,X,1.425,Jointly Operated Playground,1,0.0,0.0,,0,,,0.0,0.0,1.1081,0.417,61810.7,0.093
N1,N1-S-X221,1,True,X221,Space Time Playground,X,1.28,Jointly Operated Playground,1,0.0,0.0,,0,,,0.0,0.0,0.9468,0.25,60640.8,0.043
N1,N1-S-X224,1,True,X224,MacLaughlin Playground,X,0.284,Playground,1,0.0,0.0,,0,,,0.0,0.0,1.184,0.25,48771.9,0.075
N1,N1-S-X232,1,True,X232,Burns Playground,X,1.684,Jointly Operated Playground,1,0.0,0.0,,0,,,0.0,0.0,0.9508,0.583,67082.2,0.0
N1,N1-S-X247,1,True,X247,Fox Park,X,0.962,Neighborhood Park,1,0.0,0.0,,0,,,0.0,0.0,0.8768,0.25,61198.6,0.054
N1,N1-S-X248,1,True,X248,Barretto Park,X,0.12,Neighborhood Park,1,0.0,0.0,,0,,,0.0,0.0,1.0515,0.75,40749.5,0.0
N1,N1-S-X251,1,True,X251,Co-op City Field,X,3.381,Recreational Field/Courts,1,0.0,0.0,,0,,,0.0,0.0,0.7705,1.0,79361.0,0.0
N1,N1-S-X253,1,True,X253,Ambrosini Field,X,6.054,Recreational Field/Courts,1,0.0,0.0,,0,,,1.0,1.0,0.4758,0.208,107701.6,0.0
N1,N1-S-X255,1,True,X255,Bill Rainey Park,X,7.733,Recreational Field/Courts,1,0.0,0.0,,0,,,1.0,1.0,0.9682,0.25,102679.5,0.241
N1,N1-S-X256,1,True,X256,Pelham Bay Little League,X,1.094,Recreational Field/Courts,1,0.0,0.0,,0,,,1.0,1.0,1.0422,0.25,46999.7,0.77
N1,N1-S-X258,1,True,X258,Cleopatra Playground,X,0.624,Playground,1,0.0,0.0,,0,,,0.0,0.0,0.6458,0.75,57206.0,0.753
N1,N1-S-X260,1,True,X260,Julio Carballo Fields,X,3.355,Recreational Field/Courts,1,0.0,0.0,,0,,,0.0,0.0,0.9501,0.5,82313.7,0.0
N1,N1-S-X265,1,True,X265,Galileo Playground,X,0.754,Playground,1,0.0,0.0,,0,,,0.0,0.0,0.7765,0.5,53910.1,0.33
N1,N1-S-X268,1,True,X268,Givans Creek Woods,X,10.101,Nature Area,1,0.0,0.0,,0,,,0.0,1.0,0.8632,1.0,146771.8,0.0
N1,N1-S-X270,1,True,X270,Freeman Garden,X,0.041,Garden,1,0.0,0.0,,0,,,0.0,0.0,1.05,0.25,36016.2,0.945
N1,N1-S-X272,1,True,X272,Ranaqua Playground,X,0.972,Neighborhood Park,1,0.0,0.0,,0,,,0.0,0.0,1.0161,0.125,57877.1,0.016
N1,N1-S-X274,1,True,X274,Mount Hope Garden,X,0.307,Playground,1,0.0,0.0,,0,,,0.0,0.0,1.0269,0.333,44688.6,0.636
N1,N1-S-X275,1,True,X275,Mosaic Success Garden,X,0.276,Garden,1,0.0,0.0,,0,,,0.0,0.0,1.0398,0.333,48460.5,0.724
N1,N1-S-X276,1,True,X276,Granja Farm OTF,X,0.38,Garden,1,0.0,0.0,,0,,,0.0,1.0,1.1212,0.25,49542.7,0.145
N1,N1-S-X278,1,True,X278,Boston Garden,X,0.025,Triangle/Plaza,1,0.0,0.0,,0,,,0.0,1.0,1.2096,0.167,36278.3,0.0
N1,N1-S-X279,1,True,X279,City Island Wetlands,X,5.443,Nature Area,1,0.0,0.0,,0,,,0.0,0.0,0.0,0.792,113108.4,0.0
N1,N1-S-X282,1,True,X282,Seabury Playground,X,0.189,Playground,1,0.0,0.0,,0,,,0.0,0.0,1.0374,0.25,43119.2,0.0
N1,N1-S-X283,1,True,X283,Beanstalk Playground,X,0.331,Playground,1,0.0,0.0,,0,,,0.0,0.0,0.0,1.0,46628.7,0.395
N1,N1-S-X287,1,True,X287,Ogden Plimpton Playground,X,0.239,Playground,1,0.0,0.0,,0,,,0.0,0.0,1.036,0.25,43811.2,0.418
N1,N1-S-X294,1,True,X294,Palmer Inlet,X,6.997,Nature Area,1,0.0,0.0,,0,,,0.0,0.0,,0.0,120746.3,0.0
N1,N1-S-X295,1,True,X295,Half-Nelson Playground,X,0.645,Playground,1,0.0,0.0,,0,,,0.0,0.0,0.99,0.25,51566.4,0.719
N1,N1-S-X300,1,True,X300,Davidson Playground,X,0.215,Playground,1,0.0,0.0,,0,,,0.0,0.0,0.9566,0.375,42333.4,0.497
N1,N1-S-X303,1,True,X303,Sweetgum Community Garden,X,0.062,Garden,1,0.0,0.0,,0,,,0.0,0.0,0.9989,0.25,38681.1,0.389
N1,N1-S-X304,1,True,X304,Tiffany Street Pier,X,4.763,Waterfront Facility,1,0.0,0.0,,0,,,0.0,0.0,0.5948,1.0,76073.7,0.385
N1,N1-S-X306,1,True,X306,Garrison Park,X,1.064,Neighborhood Park,1,0.0,0.0,,0,,,0.0,0.0,1.0796,0.667,60310.1,0.362
N1,N1-S-X307,1,True,X307,Barretto Point Park,X,12.214,Neighborhood Park,1,0.0,0.0,,0,,,0.0,0.0,0.9339,0.75,106342.1,0.275
N1,N1-S-X308,1,True,X308,North Brother Island,X,30.802,Nature Area,1,0.0,0.0,,0,,,0.0,0.0,0.4328,0.0,161529.8,0.059
N1,N1-S-X309,1,True,X309,South Brother Island,X,21.097,Nature Area,1,0.0,0.0,,0,,,0.0,0.0,,0.0,144200.1,0.066
N1,N1-S-X314,1,True,X314,Isla Verde Garden,X,0.151,Garden,1,0.0,0.0,,0,,,0.0,0.0,0.8688,0.5,41307.2,0.649
N1,N1-S-X315,1,True,X315,Bryant Hill Garden,X,0.354,Garden,1,0.0,0.0,,0,,,0.0,0.0,1.0596,0.333,46787.2,0.0
N1,N1-S-X319,1,True,X319,Jackson Forest Garden,X,0.171,Garden,1,0.0,0.0,,0,,,0.0,0.0,0.9106,0.75,43837.4,0.612
N1,N1-S-X322,1,True,X322,Jardin De Las Rosas,X,0.054,Garden,1,0.0,0.0,,0,,,0.0,0.0,0.973,0.5,38933.9,0.0
N1,N1-S-X327,1,True,X327,La Isla Garden,X,0.117,Garden,1,0.0,0.0,,0,,,0.0,0.0,0.8382,0.625,38081.9,0.992
N1,N1-S-X330,1,True,X330,P.S. 186 Day Treatment Program,X,0.071,Garden,1,0.0,0.0,,0,,,0.0,0.0,1.0449,0.75,38145.7,0.003
N1,N1-S-X332,1,True,X332,Schomberg Academy Garden,X,0.035,Garden,1,0.0,0.0,,0,,,0.0,0.0,0.868,0.375,34004.7,0.793
N1,N1-S-X336,1,True,X336,Hunts Point Riverside Park,X,1.402,Neighborhood Park,1,0.0,0.0,,0,,,0.0,0.0,0.4804,0.5,63935.5,0.0
N1,N1-S-X339,1,True,X339,Angie Lee Gonzales Garden,X,0.107,Garden,1,0.0,0.0,,0,,,0.0,0.0,1.1354,0.583,39396.7,0.84
N1,N1-S-X340,1,True,X340,CS 134 Community Improvement Garden,X,0.168,Garden,1,0.0,0.0,,0,,,0.0,0.0,0.5169,0.25,40933.9,0.633
N1,N1-S-X342,1,True,X342,Model T Senior Citizen's Garden,X,0.266,Garden,1,0.0,0.0,,0,,,0.0,0.0,0.0,0.75,47493.1,0.545
N1,N1-S-X344,1,True,X344,Mill Pond Park,X,10.31,Neighborhood Park,1,0.0,0.0,,0,,,0.0,0.0,0.8055,0.25,138383.7,0.02
N1,N1-S-X361,1,True,X361,Synergi Urban Garden UCFP,X,0.336,Garden,1,0.0,0.0,,0,,,0.0,0.0,1.05,0.25,48669.9,0.699
N1,N1-S-X362,1,True,X362,Catherine Scott Promenade,X,0.535,Waterfront Facility,1,0.0,0.0,,0,,,1.0,1.0,1.0384,0.5,64744.7,0.0
N1,N1-S-X364,1,True,X364,Havemeyer Garden Association,X,0.136,Garden,1,0.0,0.0,,0,,,0.0,0.0,1.0952,0.0,45200.1,0.0
N1,N1-S-X365,1,True,X365,Black Joy Farm,X,0.104,Garden,1,0.0,0.0,,0,,,0.0,0.0,1.0768,0.5,40579.0,0.119
N1,N1-S-X367,1,True,X367,Dr. Thomasina Bushby Park,X,0.259,Neighborhood Park,1,0.0,0.0,,0,,,0.0,0.0,0.8847,0.5,44320.8,0.0
N1,N1-S-X369,1,True,X369,Watson Houses Playground,X,0.261,Playground,1,0.0,0.0,,0,,,0.0,0.0,1.055,0.375,45982.2,0.184
N1,N1g2-001,15,False,B090;B167A;B223OB;B223OC;B223PA;B223PB;B223PC;B223PD;B223PE;B223QA;B223QB;B223QC;B264;B550;B583,Sobel Playground; La Guardia Playground; Marcy Park South; Rodney Park South; Rodney Park Center; Rodney Park North; Strawberry Playground; Rodney Playground Center; Blue Playground; Marcy Green South; Marcy Green Center; Marcy Green North; Roebling Playground; Keap Fourth Community Garden; Hooper Grove,B,5.539,Recreational Field/Courts,6,0.798,749.2,217.4,37,0.352,88.5,0.067,0.333,1.0946,0.0,355662.8,0.107
N1,N1g2-002,15,False,M254;M259;M268;M293;M313;M313A;M315;M329;M332;M345;M350;M354;M371;M372;M410,Gustave Hartman Square; McKinley Playground; El Jardin Del Paraiso Park; 6th St and Ave B Community Garden; 6BC Botanical Garden; 5th St Slope Garden; The Creative Little Garden; Generation X; The Secret Garden; Kenkeleba House Garden; Peachtree Garden; Orchard Alley Garden; Hope Garden; Allied Productions/Le Petit Versailles; Sage Garden,M,3.034,Garden,3,0.699,642.0,317.5,17,0.162,91.2,0.0,0.2,0.9712,0.0,320305.1,0.475
N1,N1g2-003,13,False,M088;M270;M310;M311;M312;M324;M325;M325A;M325B;M336;M361;M370;M397,Tompkins Square Park; Dry Dock Playground; Firemen's Memorial Garden; Green Oasis and Gilbert's Garden; 9th St Community Garden Park; Earth People; La Plaza Cultural; La Casita Garden; Flower Door Garden; De Colores Cmty Yard and Center; Lower East Side Ecology Center; Sam and Sadie Koenig Garden; 11 BC Serenity Garden,M,14.186,Garden,3,0.54,458.3,181.5,14,0.179,90.0,0.0,0.308,1.0005,0.0,293422.8,0.267
N1,N1g2-004,11,False,M027;M038;M120A;M120B;M125A;M125B;M125C;M125D;M125E;M191;M207,Downing Street Playground; James J Walker Park; William F. Passannante Ballfield; Playground of the Americas; Minetta Green; Minetta Playground; West 4th Street Courts; Minetta Triangle; Charlton Plaza; Father Demo Square; Father Fagan Park,M,3.835,Triangle/Plaza,4,0.563,526.9,255.1,12,0.218,91.5,0.364,1.0,1.0252,0.0,250895.7,0.124
N1,N1g2-005,10,False,B419;B450;B452;B458;B468;B475;B478;B509;B521;B522,Sutter Ballfields; Clara's Garden; Concerned Residents of Barbey Street; East End Community Garden; Escape To Nature; Herbal Garden of East NY; Jerry and The Senior Gents; Jordan Magic Garden; Oriental Garden; Jerome-Glenmore Cornerstone Community Garden,B,3.042,Garden,2,0.396,454.9,212.2,22,0.489,0.3,0.1,0.7,1.1747,0.0,233965.2,0.166
N1,N1g2-006,10,False,M003;M040;M041;M055;M072#1;M072#4;M095#1;M095#3;M223;M317,Annunciation Playground; Johnny Hartman Square; Alexander Hamilton Playground; Montefiore Square; Riverside Park (1/4); Riverside Park (4/4); Broadway Malls (1/5); Broadway Malls (3/5); Jacob H. Schiff Playground; Frank White Memorial Garden,M,14.205,Mall,6,0.767,780.6,271.7,18,0.4,69.0,0.3,0.7,1.0541,0.0,539611.1,0.172
N1,N1g2-007,10,False,X011#1;X011#3;X236;X266;X289;X293;X326;X334;X346;X372,Crotona Parkway Malls (1/3); Crotona Parkway Malls (3/3); Mapes Pool; Vidalia Park; Mapes Park; Garden Of Happiness; Daly Ave Garden; Mohegan Triangle; Volky Garden & Flowers; Garden of Youth,X,7.703,Garden,4,0.682,705.1,271.3,14,0.311,89.4,0.0,0.4,1.0849,0.013,342174.8,0.104
N1,N1g2-008,10,False,X032;X052;X053;X317;X341;X349;X350;X352;X353;X356,Railroad Park; Triangle; O'Neill Triangle; Rainbow Garden; Edith Garden; Jardin de la Roca; Melrose Commons Park; Family Group Garden; Yolanda García Park; Little Green Garden,X,4.629,Garden,3,0.398,473.3,217.8,8,0.178,90.8,0.0,0.3,1.0085,0.0,246535.0,0.243
N1,N1g2-009,9,False,B036;B223DG;B223DH;B223DI;B223DJ;B223E;B223F;B223G;B223H,Fort Stirling Park; Brooklyn Heights Promenade; Brooklyn Heights Promenade; Brooklyn Heights Promenade; Brooklyn Heights Promenade; Fruit Street Sitting Area; Squibb Park; Hillside Dog Park; Harry Chapin Playground,B,4.173,Triangle/Plaza,3,0.497,329.7,84.4,16,0.444,0.6,0.0,0.667,0.8167,0.0,179971.7,0.641
N1,N1g2-010,9,False,B222;B223DA;B223DB;B223DC;B223DD;B223DE;B223DF;B223DK;B431,Pierrepont Playground; Adam Yauch Park; Brooklyn Heights Promenade; Brooklyn Heights Promenade; Brooklyn Heights Promenade; Brooklyn Heights Promenade; Brooklyn Heights Promenade; Brooklyn Heights Promenade; Brooklyn Bridge Park,B,24.885,Triangle/Plaza,3,0.667,386.5,74.7,17,0.472,0.6,0.0,1.0,0.8598,0.0,642973.3,0.232
N1,N1g2-011,9,False,M014;M018;M023;M039#7;M127;M234;M284;M322;M420,Jackie Robinson Park; Carmansville Playground; Donnellan Square; Harlem River Park (7/15); Bushman Steps; Wright Brothers Playground; Convent Garden; Harris Garden; Sugar Hill Hope Garden,M,18.003,Triangle/Plaza,6,0.689,562.7,231.0,9,0.25,83.9,0.111,0.111,1.096,0.0,418512.0,0.195
N1,N1g2-012,9,False,M113;M113A;M321;M337;M339;M342;M343;M352;M359,Joseph C. Sauer Park; Children's Garden; Lower East Side Playground; Dias Y Flores; El Sol Brilliante Jr; Community Garden Association; Vamos Sembrar; Yu Suen Garden; Campos Garden,M,1.697,Garden,3,0.518,508.2,151.6,8,0.222,1.1,0.0,0.444,1.1184,0.037,173981.2,0.228
N1,N1g2-013,9,False,M155;M193;M217;M296;M297;M297A;M380;M406;M407,Courtney Callender Playground; Abraham Lincoln Playground; Howard Bennett Playground; 132 St Block Association Park; Parks Council Success Garden; Margrichante Garden; United Block Association Garden; Harlem Grown 134th Street Green House; Harlem Valley Garden,M,3.906,Garden,4,0.6,638.3,416.1,2,0.056,181.8,0.0,0.222,1.0921,0.0,284848.6,0.26
N1,N1g2-014,9,False,X146;X154;X337;X338;X347;X351;X354;X357;X363,Flynn Playground; Melrose Playground; Latinos Unidos Garden; Courtlandt Avenue Association Garden; Vogue Garden; 811 Family and Friends Garden; P.S. 29 Ballfield; Rainbow Garden of Life and Health; Centro Cultural Rincon Criollo,X,3.856,Garden,3,0.553,610.6,273.3,8,0.222,91.6,0.0,0.111,1.0074,0.028,240283.5,0.234
N1,N1g2-015,9,False,X148C1;X148C4;X148C5;X148C6;X148C7;X148D;X257;X324;X331,Featherbenches; Townsend Walk; Jennie Jerome Playground; Walton Walk; Jerome Playground South; Walton Slope; Mount Hope Playground; 176th Street Community Garden; Townsend Garden,X,2.542,Garden,6,0.71,713.4,178.7,15,0.417,15.0,0.0,0.444,1.0074,0.0,255534.5,0.288
N1,N1g2-016,8,False,B217;B348;B439;B488;B494;B495;B508;B576,Marcy Playground; Willoughby Playground; All People's Church of the Apostolic Faith Community Garden; Red Gate Garden; Vernon Tandt Block Association; Vernon/throop Av Block Association; Vernon Cases Community Garden; Tranquility Farm (Willoughby Ave. Garden),B,4.854,Garden,3,0.642,666.7,234.4,9,0.321,45.5,0.5,0.75,1.1327,0.0,262595.5,0.169
N1,N1g2-017,8,False,M004#2;M004#3;M080;M105;M123;M124;M326;M358,Allen Street Malls (2/3); Allen Street Malls (3/3); Schiff Mall; Sara D. Roosevelt Park; Peretz Square; First Park; Liz Christy Garden; First Street Garden,M,10.594,Mall,4,0.658,617.6,140.2,7,0.25,23.8,0.5,0.875,1.0447,0.016,493934.3,0.096
N1,N1g2-018,8,False,M021;M096#3;M096#5;M349;M351;M356;M365;M387,A Philip Randolph Square; Adam Clayton Powell Jr. Malls (3/9); Adam Clayton Powell Jr. Malls (5/9); New 123rd St Block Association Garden; Joseph Daniel Wilson Garden; P.S. 76 Garden; Our Little Green Acre Garden; TRUCE Garden,M,1.048,Garden,3,0.727,695.9,327.3,7,0.25,92.0,0.0,0.25,1.1166,0.0,306155.5,0.199
N1,N1g2-019,8,False,Q085;Q116;Q160;Q393D;Q393G;Q393H;Q393I;Q504,Gorman Playground; One Room Schoolhouse Park; O'Sullivan Plaza; LaGuardia Landing Lights; Laguardia Landing Lights; LaGuardia Landing Lights; Planeview Park; Park,Q,8.021,Triangle/Plaza,3,0.777,754.4,388.0,7,0.25,73.1,0.375,0.625,1.0843,0.01,328495.9,0.197
N1,N1g2-020,8,False,X011#2;X148H;X148H1;X148H2;X148H3;X148I;X148I2;X329,Crotona Parkway Malls (2/3); Admiral Farragut Playground; Prospect Playground; Fairmount Playground; Park; Park; Park; Miracle Garden,X,5.116,Strip,6,0.63,618.4,220.9,8,0.286,67.6,0.125,0.125,1.0709,0.0,281796.9,0.225
N1,N1g2-021,7,False,B008;B182;B440;B463;B565;B566;B578,Betsy Head Park; Howard Malls; Amboy Neighborhood Center; Fantasy Garden; Isabahlia Community Garden; Brownsville Community Farm; Saratoga Blake Garden,B,11.534,Garden,3,0.568,541.1,248.2,12,0.571,1.0,0.143,0.714,1.0434,0.0,305067.4,0.287
N1,N1g2-022,7,False,B029#4;B030#6;B054;B487;B501;B505;B554,Eastern Parkway (4/10); Eastern Parkway Extension (6/6); Lincoln Terrace / Arthur S. Somers Park; Preston Community Garden; St Mark's Block Association; Sterling Community Group; Brownsville Green,B,22.974,Garden,4,0.875,795.4,350.6,5,0.238,77.6,0.571,0.714,1.0417,0.0,397041.1,0.175
N1,N1g2-023,7,False,B210H;B223C;B408;B409;B411;B559;B560,Harold Ickes Playground; Park; Human Compass Garden; The Amazing Garden; Summit Street Community Garden; South Brooklyn Children's Garden; Pirate's Cove Garden,B,1.698,Garden,3,0.444,422.6,194.5,11,0.524,5.3,0.0,0.143,1.0556,0.0,202170.2,0.281
N1,N1g2-024,7,False,M002;M017;M064;M171;M182;M228;M235,Ahearn Park; Corlears Hook Park; Lillian D Wald Playground; Cherry Clinton Playground; Vladeck Park; Henry M. Jackson Playground; Sol Lain Plgd,M,7.962,Jointly Operated Playground,5,0.567,533.5,297.0,5,0.238,93.3,0.286,0.429,0.964,0.0,284878.1,0.272
N1,N1g2-025,7,False,M035;M096#4;M138;M141;M159;M216;M377,Brigadier General Charles Young Triangle; Adam Clayton Powell Jr. Malls (4/9); Bill Bojangles Robinson Playground; Percy E. Sutton Playground; Frederick Johnson Playground; Holcombe Rucker Park; Bradhurst Gardens Association,M,8.347,Neighborhood Park,6,0.554,540.1,249.0,4,0.19,93.2,0.0,0.143,0.9603,0.018,303009.2,0.213
N1,N1g2-026,7,False,M056;M090;M096#1;M169;M341;M400;M405,Morningside Park; Lafayette Square; Adam Clayton Powell Jr. Malls (1/9); Samuel Marx Triangle; Garden Of Love; Luigi's Garden of Love; Electric Ladybug Garden,M,30.971,Garden,4,0.659,646.5,358.4,7,0.333,76.9,0.0,0.429,1.0938,0.0,473579.6,0.158
N1,N1g2-027,7,False,Q090;Q131;Q360E;Q360F;Q360G;Q360H;Q360M,Federalist Triangle; Frank Principe Park; Hull Triangle; Technical Sergeant Thomas J. Davey Triangle; Whitefish Triangle; Peter Chahales Park; Frontera Park,Q,9.536,Triangle/Plaza,3,0.928,765.2,322.4,8,0.381,33.4,0.286,0.429,1.0604,0.018,294844.1,0.072
N1,N1g2-028,7,False,X008;X081;X130;X148D1;X148E;X297;X298,Claremont Park; Mount Eden Malls; Barry Plaza; Morris Mesa; Peace Park; Garden Of Eden; Garden Of Life,X,40.782,Garden,5,0.643,525.7,232.1,8,0.381,13.7,0.0,0.0,1.0843,0.018,401095.6,0.27
N1,N1g2-029,7,False,X022;X029;X064;X241;X264;X284;X290,Benjamin Gladstone Square; Lyons Square Playground; Bryant Triangle; Hoe Garden; Field Of Dreams Court; Printers Park; Longfellow Playground,X,3.556,Playground,4,0.544,569.8,335.7,5,0.238,87.7,0.0,0.286,0.9758,0.018,275542.5,0.034
N1,N1g2-030,7,False,X026;X056;X078;X086;X243;X243A;X316,Hines Park; Park; Franklin Triangle; Charlton-Thompson Garden; Estella Diggs Park; Garden; Genesis Community Garden,X,1.973,Garden,4,0.591,658.8,201.1,8,0.381,29.4,0.0,0.286,0.8533,0.0,192318.0,0.128
N1,N1g2-031,7,False,X030;X034;X105;X168;X296;X328;X333,Macombs Dam Park; Rev. T. Wendell Foster Park and Recreation Center; Jerome Slope; Nelson Playground; Taqwa Community Farm; Las Casitas Community Garden; Woodycrest Community Garden,X,62.0,Garden,4,0.939,618.5,262.5,8,0.381,83.3,0.429,0.429,1.0039,0.0,517998.0,0.135
N1,N1g2-032,6,False,B030#3;B030#5;B131;B219;B381;B413,Eastern Parkway Extension (3/6); Eastern Parkway Extension (5/6); Rudd Playground; Callahan-Kelly Playground; Thomas Boyland Park; Hull Street Garden,B,7.286,Mall,5,0.565,570.1,262.0,4,0.267,112.3,0.333,0.667,0.9906,0.0,370896.0,0.15
N1,N1g2-033,6,False,B056;B442;B446;B447;B477;B514,Martin Luther King Jr. Playground; Ps 149 Artsy Bloom Community Garden; Big Red Garden; Causa Festival Garden; Jerome Gardens; Nehemiah Ten Garden,B,2.937,Garden,2,0.539,640.7,315.6,4,0.267,90.4,0.333,0.833,1.1528,0.0,214562.6,0.246
N1,N1g2-034,6,False,B093;B144;B153;B387;B464;B476,Weeksville Playground; Ocean Hill Playground; South Pacific Playground; Hilltop Playground; Farmers Garden; Sh'ma Yisrael,B,5.603,Garden,4,0.699,719.1,368.3,6,0.4,90.6,0.167,0.167,0.9876,0.014,273968.6,0.075
N1,N1g2-035,6,False,B129;B169B;B268;B315;B562;B586,Kaiser Park; Poseidon Playground; Nautilus Playground; Surf Playground; Surfside Multi-Cultural Garden Coalition; Garden,B,32.032,Garden,5,0.856,770.7,197.1,6,0.4,15.2,0.0,0.667,0.9117,0.021,358351.7,0.117
N1,N1g2-036,6,False,B223I;B223IA;B223IB;B223JB;B223JC;B223JD,Anchorage Plaza; Clumber Corner; Bar and Grill Park; Susan Smith McKinney Steward Park; Bridge Park 3; Maritcha R. Lyons Park,B,6.933,Parkway,4,0.38,273.8,127.4,7,0.467,5.7,0.833,0.833,1.0379,0.0,212695.9,0.606
N1,N1g2-037,6,False,B261;B449;B485;B496;B515;B543,Sankofa Park; New Vision Garden; Ps 53; Victory Garden; United Community Center; East New York Farms Garden,B,1.96,Garden,2,0.393,404.3,83.7,4,0.267,0.8,0.0,0.0,1.1238,0.0,138022.7,0.167
N1,N1g2-038,6,False,B266;B293;B317;B448;B451;B549,Star Spangled Playground; Classon Playground; Lafayette Gardens Playground; Cedar Tree Garden; Clifton Pl Memorial Park and Garden; Whole Neighborhood Garden,B,4.362,Garden,3,0.51,569.7,342.9,3,0.2,93.1,0.0,0.833,1.1462,0.021,285795.2,0.009
N1,N1g2-039,6,False,M001;M044;M237;M251;M360#4;M390,Abingdon Square; Jackson Square; Corporal John A. Seravalli Playground; Bleecker Playground; The High Line (4/4); Jane Street Garden,M,3.589,Neighborhood Park,4,0.553,486.6,203.5,8,0.533,14.2,0.5,0.833,0.9887,0.0,263178.8,0.125
N1,N1g2-040,6,False,M033;M116;M241;M335;M396;M408,Hamilton Fish Park; ABC Playground; Nathan Straus Playground; Clinton Community Garden (LES); Children's Magical Garden; Siempre Verde Garden,M,5.803,Garden,4,0.505,454.6,187.2,7,0.467,7.4,0.0,0.333,1.0296,0.0,220524.5,0.227
N1,N1g2-041,6,False,M166;M243;M285;M302;M364;M388,Harlem Art Park; Eugene McCabe Field; Dr. Ronald E. McNair Playground; Detective Omar Edwards Park; Jackie Robinson Community Garden; Carolina Garden,M,2.033,Neighborhood Park,3,0.559,663.0,255.9,3,0.2,98.9,0.0,0.0,0.9981,0.0,206970.2,0.335
N1,N1g2-042,5,False,B021;B223K;B223MA;B243;B295,Commodore Barry Park; Trinity Park; Arbor Place; Golconda Playground; Oxport Playground,B,16.261,Community Park,5,0.654,578.1,242.3,7,0.7,7.8,0.0,0.8,1.0427,0.0,292853.9,0.213
N1,N1g2-043,5,False,B030#1;B030#2;B030#4;B602;B609,Eastern Parkway Extension (1/6); Eastern Parkway Extension (2/6); Eastern Parkway Extension (4/6); Park; Park,B,0.527,Mall,2,0.949,422.4,45.2,3,0.3,2.0,0.6,0.6,1.1619,0.0,262672.9,0.391
N1,N1g2-044,5,False,B038;B294;B403;B531;B579,Fulton Park; Jackie Robinson Park Playground; Harmony Park; Garden of Plenty; Imani II Community Garden,B,5.322,Garden,3,0.685,529.5,376.6,5,0.5,47.5,0.2,0.8,1.032,0.0,302654.2,0.286
N1,N1g2-045,5,False,B058;B196;B223T;B223V;B346,McCarren Park; Pvt. Sonsire Triangle; Father Giorgio Triangle; Badame Sessa Triangle; Ericsson Playground,B,38.366,Triangle/Plaza,3,0.626,506.4,316.9,4,0.4,6.7,0.4,0.8,1.1264,0.0,334751.3,0.039
N1,N1g2-046,5,False,B061;B113A;B113B;B113C;B113E,McLaughlin Park; Cadman Plaza Park; Korean War Veterans Plaza; Columbus Park; Walt Whitman Park,B,21.09,Neighborhood Park,3,0.532,336.9,265.5,4,0.4,9.8,0.4,0.8,0.9053,0.05,323197.7,0.124
N1,N1g2-047,5,False,B088;B140;B400;B472;B572,Herbert Von King Park; Banneker Playground; Hattie Carthan Community Garden; Greene Av United Neighbors Association *; Hattie Carthan Herban Farm,B,10.254,Garden,3,0.692,677.7,286.2,3,0.3,4.1,0.6,0.8,1.1694,0.0,206583.8,0.03
N1,N1g2-048,5,False,B115;B142;B382A;B382B;B405,Cohn Triangle; Bedford Playground; Roberto Clemente Ballfield; Jacob's Ladder Playground; Epiphany Playground,B,4.567,Playground,4,0.466,430.7,212.1,4,0.4,49.7,0.8,1.0,1.1114,0.0,207686.7,0.014
N1,N1g2-049,5,False,B123;B152;B162;B191;B604,Alben Square; Rappaport Playground; Brizzi Playground; Park; Park,B,1.92,Triangle/Plaza,3,0.863,786.8,308.9,8,0.8,5.2,1.0,1.0,1.1676,0.0,173864.7,0.0
N1,N1g2-050,5,False,B156;B228;B260;B363;B397,Powell Playground; Dr. Green Playground; Howard Playground; Houston Playground; Carter G. Woodson Children's Park,B,5.724,Community Park,3,0.581,590.5,285.4,3,0.3,90.1,0.4,0.8,0.978,0.0,252309.5,0.086
N1,N1g2-051,5,False,B224;B224A;B420;B499;B573,P.O. Reinaldo Salgado Playground; Citizens For A Better Community; Umoja Garden; Madison Community Greenthumb; Patchen Community Square Garden,B,2.969,Garden,2,0.662,585.3,294.2,4,0.4,26.4,0.8,0.8,1.1178,0.0,186993.7,0.062
N1,N1g2-052,5,False,B249;B367;B377;B396;B516,Van Dyke Playground; Livonia Park; Floyd Patterson Ballfields; Nehemiah Park; Powell Street Livonia Garden,B,6.847,Neighborhood Park,4,0.395,440.1,242.6,2,0.2,90.1,0.0,0.2,1.0845,0.0,229865.2,0.141
N1,N1g2-053,5,False,B255C;B255D;B255E;B255F;B288,Purple Playground; Park; Park; Detective Joseph Mayrose Park; Slope Park Playground,B,3.462,Jointly Operated Playground,5,0.245,120.9,37.6,6,0.6,2.0,0.0,0.2,0.9639,0.0,166364.0,0.318
N1,N1g2-054,5,False,M004#1;M067;M082;M122;M224,Allen Street Malls (1/3); Sophie Irene Loeb; Seward Park; Captain Jacob Joseph Playground; Straus Square,M,4.31,Playground,4,0.473,397.3,184.2,8,0.8,3.8,0.0,0.6,1.0292,0.0,234374.1,0.214
N1,N1g2-055,5,False,M012;M172;M278;M287;M404,Christopher Park; McCarthy Square; Jefferson Market Garden; Sheridan Square Viewing Garden; NYC AIDS Memorial Park at St. Vincent’s Triangle,M,1.077,Triangle/Plaza,2,0.451,450.5,213.9,4,0.4,22.8,0.6,0.8,1.0177,0.0,187723.1,0.019
N1,N1g2-056,5,False,M047;M239;M299;M323;M389,Thomas Jefferson Park; P.S. 155 Playground; Pleasant Village Community Garden; Diamante Garden; St. Mark's Garden,M,14.711,Garden,3,0.519,481.2,339.0,3,0.3,97.6,0.2,0.2,1.0079,0.025,263754.3,0.287
N1,N1g2-057,5,False,M070;M108P;M108Q;M177;M280,Queensboro Oval; Sutton Parks; Twenty-Four Sycamores Park; Honey Locust Park; Tramway Plaza,M,3.434,Triangle/Plaza,3,0.57,591.3,284.3,3,0.3,20.6,0.0,0.2,0.8792,0.033,270415.3,0.494
N1,N1g2-058,5,False,M083;M094#10;M233;M282;M353,Sherman Square; Broadway Malls (10/11); Matthew P. Sapolin Playground; Septuagesimo UNO; Riverside Park South,M,73.57,Triangle/Plaza,4,0.787,512.5,248.5,3,0.3,15.7,0.4,0.4,1.0001,0.025,442504.0,0.178
N1,N1g2-059,5,False,M086;M089;M188;M226;M227,Stuyvesant Square; Union Square Park; Abe Lebewohl Park; Augustus St. Gaudens Playground; Peter's Field,M,12.113,Jointly Operated Playground,4,0.819,758.4,536.0,6,0.6,7.8,0.0,1.0,1.061,0.0,305481.4,0.081
N1,N1g2-060,5,False,M096#6;M211A;M328;M374;M409,Adam Clayton Powell Jr. Malls (6/9); St. Nicholas Playground South; William B. Washington Memorial Garden; CEP Community Garden; Harlem Grown 127th Street Learning Annex,M,1.102,Garden,3,0.515,559.3,270.9,4,0.4,0.8,0.0,0.2,1.1613,0.0,193588.4,0.576
N1,N1g2-061,5,False,M096#7;M096#8;M186;M245;M355,Adam Clayton Powell Jr. Malls (7/9); Adam Clayton Powell Jr. Malls (8/9); Brigadier General Charles Young Playground; Renaissance Playground; Robert L. Clinkscales Playground and Community Garden,M,8.806,Mall,3,0.558,504.3,267.0,4,0.4,21.2,0.0,0.2,1.079,0.0,328300.4,0.315
N1,N1g2-062,5,False,M158;M203A;M203B;M203D;M203E,Robert Moses Playground; Trygve Lie Plaza; Ralph Bunche Park; Mary O'Connor Playground; Tudor Grove Playground,M,1.843,Playground,2,0.183,88.6,55.1,3,0.3,0.9,0.4,1.0,0.7123,0.15,120033.7,0.205
N1,N1g2-063,5,False,M204;M298;M305;M316;M363,Moore Playground; Unity Gardens; Collyer Brothers Park; Edward P. Bowman Park; Harlem Rose Garden,M,1.164,Garden,2,0.374,405.3,229.1,1,0.1,90.8,0.0,0.6,1.0355,0.0,144623.3,0.209
N1,N1g2-064,5,False,M208A;M208B;M208C;M208D;M208E,Alice Kornegay Triangle; Park; Harlem River Park; Harlem River Park; Crack Is Wack Playground,M,8.409,Playground,3,0.438,546.3,99.6,4,0.4,5.9,0.2,0.6,0.8792,0.0,163329.1,0.335
N1,N1g2-065,5,False,Q031A;Q034;Q057;Q061;Q065,Doughboy Park; Sabba Park; Sohncke Square; Steinmann Triangle; John Vincent Daniels Jr. Square,Q,2.753,Triangle/Plaza,1,0.868,793.0,366.5,4,0.4,25.1,0.8,0.8,1.0538,0.05,239145.2,0.117
N1,N1g2-066,5,False,Q035#1;Q035#6;Q122;Q439;Q495,Mall Thirty Four XXXIV (1/7); Mall Thirty Four XXXIV (6/7); Junction Playground; Private William Gray Playground; 97th Street Block Association,Q,0.939,Mall,4,0.464,477.4,237.4,3,0.3,46.2,0.4,0.6,1.1564,0.0,212451.7,0.173
N1,N1g2-067,5,False,X067;X120;X148A3;X153;X269,Martin Luther King Triangle; Highbridge Park; Bridge Playground; Merriam Playground; Cpl Fischer Park,X,4.909,Neighborhood Park,3,0.666,713.2,282.7,4,0.4,27.1,0.0,0.4,1.0147,0.025,288750.3,0.24
N1,N1g2-068,4,False,B022;B117;B194;B358,Sarah J.S. Tompkins Garnet Playground; Lindsay Triangle; Harmony Triangle; De Hostos Playground,B,2.17,Triangle/Plaza,3,0.718,733.5,344.3,3,0.5,40.0,0.5,0.75,1.0531,0.0,164292.3,0.182
N1,N1g2-069,4,False,B024;B025;B062;B489,Orient Grove; Cooper Park; Memorial Gore; Red Shed Garden,B,6.827,Garden,3,0.429,290.1,186.0,3,0.5,15.4,0.0,0.5,1.0531,0.0,188547.6,0.012
N1,N1g2-070,4,False,B027;B270;B343;B486,Veterans Triangle; Brownsville Playground; Osborn Playground; Green Valley Garden,B,5.293,Community Park,4,0.459,336.3,141.3,5,0.833,1.5,0.5,0.5,1.134,0.0,216919.3,0.0
N1,N1g2-071,4,False,B029#10;B029#2;B245;B540,Eastern Parkway (10/10); Eastern Parkway (2/10); St. John's Park; Neighborhood Community Garden,B,14.259,Parkway,3,0.754,687.0,572.1,2,0.333,45.9,0.0,0.75,0.9844,0.021,327483.9,0.247
N1,N1g2-072,4,False,B032;B253;B300;B321,Fort Greene Park; Albert L. Parham Playground; Oracle Playground; Edmonds Playground,B,33.126,Jointly Operated Playground,2,0.513,460.2,248.7,4,0.667,0.9,0.25,0.5,1.0659,0.0,312152.2,0.0
N1,N1g2-073,4,False,B037;B334;B395;B556,Freedom Triangle; Fermi Playground; Green Central Knoll; Know Waste Lands,B,3.894,Garden,4,0.739,725.5,435.9,2,0.333,111.7,1.0,1.0,1.1192,0.0,218558.1,0.016
N1,N1g2-074,4,False,B052;B060;B146;B210O,Leif Ericson Park; McKinley Park; Quaker Parrot Park at the Dust Bowl; Park,B,23.414,Neighborhood Park,3,0.749,649.0,326.6,3,0.5,6.3,0.75,0.75,1.103,0.0,460848.7,0.071
N1,N1g2-075,4,False,B079;B258;B538;B574,Saratoga Park; Brevoort Playground; Welcome Home Garden; Halsey Ralph & Howard Community Garden,B,4.883,Garden,3,0.598,567.3,374.2,4,0.667,7.2,0.25,0.25,1.0794,0.0,228988.1,0.057
N1,N1g2-076,4,False,B106A;B211;B242;B289,Police Officer John G. Scarangella Park; Lady Moody Triangle; Meucci Triangle; Cutinella Triangle,B,3.435,Triangle/Plaza,2,0.879,796.1,637.3,3,0.5,7.0,1.0,1.0,1.1443,0.0,175170.6,0.196
N1,N1g2-077,4,False,B126;B210C;B210F;B223A,Red Hook Recreation Area; Cough Triangle; Admiral Triangle; Dimattina Playground,B,47.792,Community Park,4,0.989,528.6,379.1,2,0.333,30.7,0.25,0.5,1.0496,0.031,505946.8,0.099
N1,N1g2-078,4,False,B155;B443;B535;B558,Triangle; Atkins Gardeners; 400 Montauk Av Block Assn; Linwood Street Garden (Pagan's Garden),B,0.263,Garden,2,0.589,603.9,561.8,1,0.167,90.8,0.75,0.75,1.1361,0.021,129259.8,0.269
N1,N1g2-079,4,False,B178;B179;B180;B212,Flatbush Malls; Flatbush Malls; Flatbush Mall; Hot Spot Tot Lot,B,1.235,Mall,2,0.577,313.3,225.5,4,0.667,0.2,0.25,0.5,0.9978,0.0,384992.7,0.0
N1,N1g2-080,4,False,B227;B362;B511;B563,P.S. 125 Playground; Chester Playground; Jes Good Rewards Childeren's Garden; Student Farm Project,B,1.749,Garden,3,0.45,497.4,242.7,2,0.333,90.2,0.75,0.75,1.0284,0.0,181160.6,0.075
N1,N1g2-081,4,False,B262;B323;B502;B546,Potomac Playground; Hattie Carthan Playground; Shiloh Garden; The Feeding Tree,B,2.627,Garden,2,0.475,528.3,187.5,1,0.167,0.6,0.5,0.5,1.1016,0.0,144750.6,0.118
N1,N1g2-082,4,False,B325;B517;B561;B600,Fish Playground; Phoenix Community Garden; Saratoga Farm; Garden,B,1.82,Garden,2,0.373,257.8,251.6,1,0.167,2.9,0.25,0.75,1.0666,0.0,141799.6,0.078
N1,N1g2-083,4,False,B339;B436;B513;B533,Newport Playground; Gethsemane Garden; United Community Centers Youth Farm; Abib Newborn Garden,B,1.335,Garden,2,0.32,290.0,130.5,4,0.667,0.5,0.25,0.25,1.1588,0.0,143318.9,0.151
N1,N1g2-084,4,False,B378;B422;B592;B606,University Place; Bkln Bears Rockwell Pl Garden; Betty Carter Park; Fowler Square,B,1.444,Triangle/Plaza,3,0.649,597.3,315.0,3,0.5,28.2,0.0,1.0,0.9759,0.0,169615.3,0.082
N1,N1g2-085,4,False,B453;B483;B491;B493,Concerned Residents of Montauk Avenue; Manley's Pl; Shield Of Faith; Upon This Rock Comm Garden,B,0.64,Garden,1,0.408,461.0,191.8,3,0.5,0.2,0.0,0.5,1.1142,0.0,111051.1,0.299
N1,N1g2-086,4,False,M008;M032;M036;M060B,Bryant Park; Greeley Square Park; Herald Square; Park Avenue Malls,M,10.589,Triangle/Plaza,3,0.695,662.5,481.3,3,0.5,14.1,0.25,1.0,0.8827,0.0,307070.1,0.0
N1,N1g2-087,4,False,M011;M249;M360#1;M360#3,Chelsea Park; Penn South Playground; The High Line (1/4); The High Line (3/4),M,6.49,Community Park,3,0.564,525.7,201.4,2,0.333,13.9,0.5,0.5,0.8473,0.0,329892.6,0.145
N1,N1g2-088,4,False,M013;M283#2;M308;M366,City Hall Park; Battery Park City (2/4); Washington Market Park; Tribeca Dog Run,M,19.522,Neighborhood Park,3,1.029,696.1,335.9,4,0.667,8.2,0.0,0.25,0.8538,0.0,381635.5,0.148
N1,N1g2-089,4,False,M016;M188A;M318;M414,Cooper Triangle; Abe Lebewohl Triangle; Merchant's House Museum; Manuel Plaza,M,0.477,Triangle/Plaza,3,0.458,558.7,240.0,0,0.0,127.5,0.25,0.25,0.8044,0.0,111790.0,0.222
N1,N1g2-090,4,False,M024;M096#2;M096#9;M340,Dorrance Brooks Square; Adam Clayton Powell Jr. Malls (2/9); Adam Clayton Powell Jr. Malls (9/9); Elizabeth Langley Memorial Garden,M,0.592,Mall,3,0.576,541.5,319.4,3,0.5,3.3,0.0,0.0,1.1374,0.0,241205.3,0.614
N1,N1g2-091,4,False,M051;M094#5;M231;M232,Richard Tucker Park; Broadway Malls (5/11); Damrosch Park; Lincoln Center Plaza,M,7.157,Triangle/Plaza,3,0.534,368.7,76.0,4,0.667,7.3,0.5,0.5,0.8517,0.0,219635.7,0.377
N1,N1g2-092,4,False,M072#2;M072#3;M095#2;M095#5,Riverside Park (2/4); Riverside Park (3/4); Broadway Malls (2/5); Broadway Malls (5/5),M,7.44,Mall,2,0.51,178.9,129.6,2,0.333,12.8,0.0,0.5,1.0743,0.0,306989.3,0.537
N1,N1g2-093,4,False,M085;M094#3;M238;M373,Straus Park; Broadway Malls (3/11); Bloomingdale Playground; La Perla Garden,M,1.351,Garden,4,0.579,625.7,280.1,3,0.5,1.7,0.25,0.5,1.0524,0.0,217433.9,0.44
N1,N1g2-094,4,False,M094#7;M200;M200A;M347,Broadway Malls (7/11); Booker T. Washington Playground; Anibal Aviles Playground; Mobilization For Change,M,2.461,Garden,4,0.607,510.3,222.8,4,0.667,0.1,0.0,0.25,0.9945,0.0,210933.3,0.409
N1,N1g2-095,4,False,M196;M246;M247;M255,Playground One; Kimlau Square; St. James Triangle; James Madison Plaza,M,1.142,Triangle/Plaza,2,0.304,221.5,129.3,3,0.5,17.0,0.5,0.75,0.91,0.0,131591.5,0.194
N1,N1g2-096,4,False,M382;M384;M417;M418,110th Street Block Association Garden; Pueblo Unido Garden; Diversity Edible Farm; Mission Garden,M,0.279,Garden,1,0.091,113.4,36.4,2,0.333,0.0,0.0,1.0,1.1746,0.021,60501.5,0.567
N1,N1g2-097,4,False,Q026;Q055;Q172;Q173,Park Of The Americas; Veteran's Square; Corona Plaza; American Triangle,Q,3.155,Triangle/Plaza,2,0.226,209.3,80.3,4,0.667,4.3,0.25,0.25,1.0981,0.0,112848.4,0.0
N1,N1g2-098,4,False,Q032;Q072;Q141;Q267,McKenna Triangle; Short Triangle; Murray Playground; Court Square Park,Q,3.032,Triangle/Plaza,2,0.462,332.2,150.6,4,0.667,1.1,1.0,1.0,1.0175,0.0,156337.8,0.111
N1,N1g2-099,4,False,Q094;Q095;Q414;Q433A,Tudor Park; Vito Locascio Field; Rocket Playground; Park,Q,17.851,Community Park,4,1.069,278.0,105.9,4,0.667,6.8,0.0,0.0,0.8751,0.031,337373.6,0.334
N1,N1g2-100,4,False,Q127;Q301;Q489;Q493,Marconi Park; Jamaica Playground; George Washington Carver Botanical Garden; Discovery Garden,Q,7.469,Garden,3,0.412,429.1,274.6,3,0.5,50.4,0.0,0.0,1.0556,0.062,212416.9,0.0
N1,N1g2-101,4,False,R097;R098;R099;R103,Ida Court; Park; Park; Park,R,8.004,Nature Area,4,1.022,646.5,308.3,3,0.5,9.6,0.0,0.0,0.7996,0.094,232556.7,0.104
N1,N1g2-102,4,False,X001;X001A#3;X013;X343,Aqueduct Walk; Aqueduct Walk (3/5); Devoe Park; Davidson Ave. Community Gardeners Group,X,9.61,Community Park,3,0.478,379.2,108.2,3,0.5,6.4,0.75,0.75,1.0454,0.0,340884.1,0.257
N1,N1g2-103,4,False,X036;X069;X252;X263,Murphy Triangle; Hutton Triangle; Bathgate Playground; Quarry Ballfields,X,7.207,Triangle/Plaza,3,0.405,382.8,146.5,4,0.667,9.7,0.0,0.0,1.0579,0.0,208838.2,0.143
N1,N1g2-104,4,False,X045;X207;X228;X345,St. Mary's Park; Pontiac Playground; I-Am-Park; St. Ann's Block Association Garden,X,36.789,Jointly Operated Playground,3,0.664,764.7,316.1,3,0.5,5.9,0.0,0.75,1.0254,0.0,283800.8,0.099
N1,N1g2-105,4,False,X103;X119;X217;X246,People's Park; Alexander's Alley; Willis Playground; Brook Park,X,4.153,Garden,4,0.581,467.0,273.5,4,0.667,2.6,0.0,0.0,1.0437,0.0,173202.9,0.247
N1,N1g2-106,4,False,X110#2;X171;X186;X259,Henry Hudson Parkway (2/8); Spuyten Duyvil Playground; Riverdale Playground; Raoul Wallenberg Forest,X,10.142,Jointly Operated Playground,3,0.558,361.8,117.2,3,0.5,11.9,0.0,0.0,0.8991,0.062,231495.2,0.36
N1,N1g2-107,4,False,X115;X271;X321;X358,Mott Playground; Grant Park; Claremont Neighborhood Garden; College Avenue Garden,X,6.312,Garden,3,0.857,771.9,490.3,3,0.5,46.0,0.5,0.75,1.0128,0.021,236272.6,0.096
N1,N1g2-108,4,False,X123;X148K3;X148L;X176,Noble Playground; Wood Park; Virginia Playground; Taylor Playground,X,4.753,Playground,3,0.937,757.3,529.2,4,0.667,12.6,0.25,0.25,0.9792,0.021,220806.2,0.235
N1,N1g2-109,4,False,X139;X238;X277;X285,Gouverneur Morris Triangle; Saw Mill Playground; St. Luke's Park; Padre Plaza,X,1.756,Garden,3,0.732,737.3,370.7,2,0.333,88.5,0.0,0.5,1.1216,0.0,177983.4,0.43
N1,N1g2-110,4,False,X147A;X159;X267;X273,Starlight Park; Captain William Harry Thompson Playground; Eae J Mitchell Park; Rock Garden Park,X,19.404,Neighborhood Park,1,0.626,585.1,253.0,4,0.667,9.3,0.0,0.25,0.8695,0.0,375207.1,0.2
N1,N1g2-111,4,False,X185;X235;X313;X318,Dunbar Playground; Grove Hill Playground; El Batey Borincano Garden; Franklin Memorial Garden,X,2.842,Garden,2,0.773,766.1,379.4,3,0.5,4.9,0.0,0.25,1.0788,0.0,175241.6,0.234
N1,N1g2-112,4,False,X194;X216;X233;X233A,Captain Rivera Playground; Abigail Playground; Fountain Of Youth Playground; El Flamboyan Garden,X,3.376,Playground,3,0.487,581.4,344.9,2,0.333,12.4,0.0,0.0,1.0187,0.042,172814.5,0.09
N1,N1g2-113,3,False,B012;B029#5;B029#6,Brower Park; Eastern Parkway (5/10); Eastern Parkway (6/10),B,11.927,Parkway,2,0.75,599.1,365.4,1,0.333,1.0,0.667,1.0,1.0884,0.0,327213.5,0.249
N1,N1g2-114,3,False,B016;B045;B429,Maria Hernandez Park; Heisser Triangle; Hope Ballfield,B,8.114,Neighborhood Park,2,0.849,706.9,589.6,2,0.667,12.2,0.333,0.667,1.128,0.0,183538.3,0.01
N1,N1g2-115,3,False,B019;B118A;B118B,Carroll Park; St. Mary's Park; St. Mary's Park,B,2.609,Neighborhood Park,3,0.634,536.8,466.8,2,0.667,9.9,1.0,1.0,1.044,0.0,135986.4,0.0
N1,N1g2-116,3,False,B026;B388;B421,Cuyler Gore Park; Gateway Triangle; Brooklyn Bears Carlton Av Garden,B,1.408,Garden,3,0.339,313.4,255.6,1,0.333,8.9,0.0,0.667,1.1239,0.0,112844.8,0.073
N1,N1g2-117,3,False,B029#7;B029#9;B041,Eastern Parkway (7/10); Eastern Parkway (9/10); Grant Gore,B,5.237,Parkway,2,0.757,684.7,662.7,1,0.333,4.3,0.0,0.667,1.034,0.0,249804.8,0.352
N1,N1g2-118,3,False,B035;B082#4;B210W,John Paul Jones Park; Shore Park and Parkway (4/10); John J Carty Park,B,25.865,Neighborhood Park,2,0.546,329.3,60.7,2,0.667,3.7,0.333,1.0,0.9784,0.0,310390.3,0.21
N1,N1g2-119,3,False,B044;B357;B459,Dr. Ronald McNair Park; Jackie Robinson Playground; Eastern Parkway Coalition,B,2.775,Garden,3,0.577,508.9,473.6,1,0.333,70.3,0.0,0.333,1.0468,0.0,144029.3,0.429
N1,N1g2-120,3,False,B051;B157;B197,Kelly Park Playground; Kelly Park Playground; Mellett Playground,B,6.034,Neighborhood Park,2,0.818,789.2,636.3,2,0.667,0.2,0.0,1.0,1.1177,0.0,156578.1,0.0
N1,N1g2-121,3,False,B078;B366;B492,Grace Playground; Duke Park; St John Cantius Parish,B,3.043,Garden,3,0.517,399.1,399.1,2,0.667,0.8,0.0,0.333,1.0883,0.0,139616.5,0.025
N1,N1g2-122,3,False,B082#8;B192;B192A,Shore Park and Parkway (8/10); Russell Pedersen Playground; Fort Hamilton Athletic Field,B,16.872,Community Park,3,0.523,275.5,153.1,2,0.667,0.6,0.333,0.667,1.037,0.028,260813.8,0.286
N1,N1g2-123,3,False,B087;B210I;B210J,Sunset Park; Gonzalo Plasencia Playground; Pena Herrera Playground,B,25.337,Jointly Operated Playground,2,0.722,510.7,389.7,2,0.667,8.7,0.0,0.333,1.1471,0.0,281136.9,0.0
N1,N1g2-124,3,False,B109;B306;B308,Bill Brown Playground; Playground 286; Yak Playground,B,4.624,Jointly Operated Playground,2,0.817,649.7,558.1,2,0.667,2.8,0.667,1.0,0.9868,0.0,200572.2,0.011
N1,N1g2-125,3,False,B124;B401;B552,William Sheridan Playground; Grand Ferry Park; Grand Street Community Garden,B,2.905,Garden,3,0.809,703.5,433.7,3,1.0,2.3,0.0,0.333,0.9537,0.0,166530.1,0.113
N1,N1g2-126,3,False,B141;B455;B471,City Line Park; Crystal Wells Block Association; Green Gems,B,6.931,Garden,2,0.296,248.3,184.2,2,0.667,1.1,0.0,0.333,0.9481,0.0,195352.2,0.0
N1,N1g2-127,3,False,B163;B417;B526,Sperandeo Brothers Playground; PS 4K PARADISE GARDEN; Cleveland Street Vegetable Garden,B,3.204,Garden,2,0.305,205.8,132.5,2,0.667,0.1,0.333,0.667,1.1022,0.0,146798.8,0.301
N1,N1g2-128,3,False,B214;B247;B345,Linden Park; Breukelen Ballfields; Ethan Allen Playground,B,25.79,Jointly Operated Playground,2,0.87,569.6,475.8,3,1.0,5.6,0.333,0.667,1.1043,0.0,334940.2,0.062
N1,N1g2-129,3,False,B223R;B223S;B226,Jaime Campiz Playground; Macri Triangle; Mt. Carmel Triangle,B,1.525,Triangle/Plaza,2,0.356,263.2,104.3,2,0.667,2.1,0.667,0.667,1.1734,0.0,136266.3,0.093
N1,N1g2-130,3,False,B237;B482;B503,John Hancock Playground; Madison Street Block Association; Stars Of Hope,B,1.67,Garden,2,0.421,316.6,253.4,1,0.333,91.2,0.0,0.667,1.1016,0.0,141387.2,0.0
N1,N1g2-131,3,False,B255H;B255I;B255K,Thomas J. Cuite Park; Park; Sitting Area,B,1.822,Parkway,3,0.242,29.8,29.8,2,0.667,0.3,0.0,0.0,0.9919,0.0,130813.1,0.599
N1,N1g2-132,3,False,B290;B380;Q424,Public Place; Robert E. Venable Park; Judge Angelo Graci Triangle,B/Q,3.321,Triangle/Plaza,2,0.705,710.8,476.8,1,0.333,91.2,1.0,1.0,1.1296,0.028,181243.6,0.058
N1,N1g2-133,3,False,B310;B340;B555,Bushwick Playground; Garden Playground; Beaver Noll Park,B,2.71,Community Park,3,0.357,298.4,191.6,2,0.667,5.7,0.333,1.0,0.9574,0.0,136334.3,0.0
N1,N1g2-134,3,False,B364;B597;B599,Woods Playground; Kingsborough Houses Bergen Playground; Kingsborough Houses Pacific Playground,B,2.093,Playground,2,0.257,337.9,164.6,0,0.0,164.2,0.0,0.0,0.7568,0.0,120679.4,0.036
N1,N1g2-135,3,False,M015;M030;M242,Columbus Park; Thomas Paine Park; Collect Pond Park,M,5.849,Triangle/Plaza,2,0.228,110.7,80.9,2,0.667,7.1,0.0,0.667,0.9715,0.0,170778.5,0.075
N1,N1g2-136,3,False,M019;M178;M194,Coleman Playground; Catherine Slip Malls; Alfred E. Smith Playground,M,4.682,Community Park,3,0.341,205.3,190.7,3,1.0,0.6,0.0,0.333,0.8695,0.0,176232.8,0.424
N1,N1g2-137,3,False,M026;M029;M043,Dyckman House Museum; Fort Tryon Park; Isham Park,M,87.672,Community Park,2,1.405,794.9,452.8,2,0.667,14.9,0.333,0.333,0.9319,0.042,434920.6,0.127
N1,N1g2-138,3,False,M034;M189;M205,Hancock Park; Roosevelt Triangle; Playground One Twenty Five CXXV,M,1.774,Triangle/Plaza,2,0.242,201.2,133.1,2,0.667,1.0,0.0,0.667,1.1028,0.0,114604.2,0.339
N1,N1g2-139,3,False,M048;M094#11;M094#8,Joan Of Arc Park; Broadway Malls (11/11); Broadway Malls (8/11),M,2.631,Mall,2,0.644,274.0,264.8,1,0.333,0.1,0.0,0.0,1.066,0.042,237054.8,0.268
N1,N1g2-140,3,False,M058;M362;M403,Marcus Garvey Park; W 124th Street Community Garden; Walter Miller III Memorial Garden (La Casa Frela),M,19.747,Garden,2,0.447,622.6,230.0,1,0.333,91.7,0.333,0.333,1.1387,0.0,186868.8,0.117
N1,N1g2-141,3,False,M060A;M060C#2;M062,Park Avenue Malls; Park Avenue Malls (2/8); Grand Army Plaza,M,1.461,Mall,2,0.354,290.9,290.9,2,0.667,5.3,0.333,0.333,1.1133,0.0,182746.2,0.173
N1,N1g2-142,3,False,M066;M257;M360#2,Dr. Gertrude B. Kelly Playground; Clement Clarke Moore Park; The High Line (2/4),M,2.564,Neighborhood Park,2,0.591,750.1,457.9,2,0.667,4.6,0.667,0.667,0.9631,0.0,209143.5,0.375
N1,N1g2-143,3,False,M069;M222;M279,Vesuvio Playground; Grand Canal Court; Duarte Square,M,1.195,Neighborhood Park,3,0.402,325.7,311.1,0,0.0,27.2,0.0,0.667,0.9629,0.042,114649.8,0.425
N1,N1g2-144,3,False,M077;M190;M394,St. Nicholas Park; Sheltering Arms Playground; St. Nicholas Miracle Garden,M,24.184,Community Park,3,0.643,486.9,355.2,2,0.667,3.1,0.333,0.667,1.1092,0.0,356749.9,0.165
N1,N1g2-145,3,False,M093;M277;M288,Father Duffy Square; Hell's Kitchen Park; Ramon Aponte Park,M,0.863,Neighborhood Park,3,0.777,651.3,375.8,3,1.0,2.7,0.667,0.667,1.0273,0.0,131825.1,0.259
N1,N1g2-146,3,False,M094#4;M097;M219,Broadway Malls (4/11); Verdi Square; Tecumseh Playground,M,1.451,Jointly Operated Playground,3,0.472,323.0,137.5,2,0.667,7.0,0.667,0.667,1.0201,0.0,182449.6,0.447
N1,N1g2-147,3,False,M095#4;M095A;M398,Broadway Malls (4/5); Broadway Malls; Dorothy K. McGowan Memorial Garden,M,1.679,Mall,2,0.512,284.6,126.2,1,0.333,1.3,0.0,0.667,1.1488,0.0,323740.8,0.259
N1,N1g2-148,3,False,M098;M295;M395,Washington Square Park; Mercer Playground; Fiorello La Guardia Park,M,10.708,Neighborhood Park,2,0.394,199.6,195.5,2,0.667,0.1,1.0,1.0,1.1032,0.0,221658.0,0.061
N1,N1g2-149,3,False,M108T01#2;M187;M192,East River Esplanade (2/8); Marx Brothers Playground; Stanley Isaacs Playground,M,3.508,Jointly Operated Playground,3,0.288,199.3,123.0,2,0.667,13.9,0.333,0.667,0.9509,0.042,192009.1,0.338
N1,N1g2-150,3,False,M110;M160;M303,William McCray Playground; Fred Samuel Playground; Abyssinian Tot Lot,M,1.309,Playground,1,0.32,336.1,218.1,0,0.0,90.5,0.0,0.0,1.1878,0.0,123050.7,0.282
N1,N1g2-151,3,False,M111;M346;M392,James Weldon Johnson Playground; Life Spire Garden; El Gallo Garden,M,1.149,Garden,2,0.665,648.8,354.6,3,1.0,7.2,0.333,0.333,0.9046,0.0,136727.2,0.466
N1,N1g2-152,3,False,M183;M330;M419,Peter Minuit Playground; Family Community Garden; Villa Santruce,M,0.972,Garden,2,0.294,399.7,246.3,2,0.667,3.9,0.0,0.667,1.1542,0.0,132452.5,0.261
N1,N1g2-153,3,False,M244;M264;M301,Sol Bloom Playground; Playground Eighty Nine LXXXIX; St. Gregory's Playground,M,1.53,Jointly Operated Playground,2,0.285,366.4,339.4,0,0.0,177.1,0.0,0.0,0.865,0.0,123876.0,0.041
N1,N1g2-154,3,False,M291;M378;M385,Fishbridge Garden; Pearl St Playground; DeLury Square,M,0.647,Garden,3,0.304,330.4,183.7,2,0.667,7.0,0.0,0.0,0.848,0.0,131108.3,0.155
N1,N1g2-155,3,False,M331;M367;M383,117th St Community Garden; Peaceful Valley Garden; La Cuevita Garden,M,0.192,Garden,1,0.352,468.8,313.3,1,0.333,90.6,0.0,0.333,1.1631,0.0,108396.8,0.257
N1,N1g2-156,3,False,Q019;Q360T;Q492,Garlinge Triangle; Sitting Area; Elmhurst Park,Q,6.142,Triangle/Plaza,2,0.509,399.6,292.3,2,0.667,9.0,1.0,1.0,1.0025,0.0,166698.4,0.027
N1,N1g2-157,3,False,Q027#4;Q027#6;Q307,Laurelton Parkway (4/8); Laurelton Parkway (6/8); Delphin H. Greene Playground,Q,13.64,Parkway,2,0.421,302.1,104.4,2,0.667,2.2,0.0,0.333,1.0293,0.0,270132.5,0.138
N1,N1g2-158,3,False,Q028;Q050;Q259,Beach Channel Park; Rockaway Beach; Memorial Circle,Q,186.45,Waterfront Facility,2,0.974,492.6,330.9,2,0.667,7.4,0.333,0.333,0.759,0.056,497913.9,0.212
N1,N1g2-159,3,False,Q035#2;Q035#4;Q362,Mall Thirty Four XXXIV (2/7); Mall Thirty Four XXXIV (4/7); Playground Ninety,Q,1.529,Mall,2,0.363,458.9,301.0,1,0.333,0.7,0.0,0.667,1.0486,0.0,231684.0,0.157
N1,N1g2-160,3,False,Q035#3;Q035#5;Q410,Mall Thirty Four XXXIV (3/7); Mall Thirty Four XXXIV (5/7); Hinton Park,Q,4.09,Mall,2,0.759,553.3,160.4,2,0.667,1.3,0.0,1.0,1.1075,0.0,239956.2,0.247
N1,N1g2-161,3,False,Q035#7;Q303;Q502,Mall Thirty Four XXXIV (7/7); Travers Park; Rory Staunton Field,Q,2.681,Mall,3,0.168,73.9,29.1,2,0.667,0.6,0.333,0.667,1.1204,0.0,149674.1,0.186
N1,N1g2-162,3,False,Q040;Q060;Q098,Elmjack Mall; Nine Heroes Plaza; Frank D. O'Connor Playground,Q,2.026,Mall,3,0.589,203.2,105.8,3,1.0,9.2,1.0,1.0,1.0397,0.0,237434.3,0.0
N1,N1g2-163,3,False,Q041;Q152;Q357A,Newtown Playground; Horsebrook Island; Park,Q,0.782,Neighborhood Park,3,0.45,461.8,272.2,2,0.667,12.6,0.0,0.0,0.9772,0.042,161333.7,0.169
N1,N1g2-164,3,False,Q046;Q474A;Q483,Josephine Caminiti Playground; Corona Taxpayers Association; Corona Health Sanctuary,Q,0.688,Playground,2,0.294,460.5,239.1,2,0.667,4.2,0.0,0.0,1.0939,0.0,124679.8,0.251
N1,N1g2-165,3,False,Q067;Q067A;Q501,Pigeon Paradise; General Hart Playground; Sergeant Collins Triangle,Q,1.131,Triangle/Plaza,2,0.637,586.3,501.1,1,0.333,11.3,1.0,1.0,1.0474,0.0,103740.5,0.0
N1,N1g2-166,3,False,Q162H;Q162H01;Q162I,Beach 30th Street Playground; Park; Rockaway Beach and Boardwalk,Q,12.194,Nature Area,3,0.936,300.8,182.6,3,1.0,5.4,0.333,0.333,0.7646,0.0,150019.3,0.083
N1,N1g2-167,3,False,Q218;Q284;Q333,Dutch Kills Playground; Sixteen Oaks Grove; Ravenswood Playground,Q,5.813,Jointly Operated Playground,3,0.639,566.4,425.4,2,0.667,9.2,0.667,0.667,1.023,0.0,212570.9,0.0
N1,N1g2-168,3,False,Q226;Q321;Q477,Hallets Cove Playground; Van Alst Playground; Two Coves Community Garden,Q,7.651,Garden,3,0.827,410.8,293.5,2,0.667,9.1,0.667,0.667,0.8917,0.0,273154.0,0.009
N1,N1g2-169,3,False,Q298;Q332;Q395,Paul Raimonda Playground; Woodtree Playground; Steinway Playground,Q,3.154,Jointly Operated Playground,3,0.669,661.7,570.1,2,0.667,3.2,0.667,0.667,1.0578,0.0,151266.3,0.0
N1,N1g2-170,3,False,Q357B;Q357B01;Q377,Real Good Playground; Barrier Playground; Playground Sixty Two LXII,Q,4.118,Jointly Operated Playground,3,0.377,203.0,44.5,2,0.667,1.2,0.0,0.333,1.0084,0.0,155634.2,0.0
N1,N1g2-171,3,False,Q360Q;Q360R;Q360Y2,Sitting Area 127 CXXVII; Sitting Area; Park,Q,0.098,Triangle/Plaza,2,0.312,237.3,180.4,2,0.667,14.9,0.0,0.0,0.921,0.125,95456.9,0.361
N1,N1g2-172,3,False,Q360U;Q435;Q471,Notorious LIC Park; Vernon Mall; Hunter's Point South Park,Q,23.404,Mall,3,0.892,667.8,454.6,2,0.667,10.6,0.0,0.0,0.944,0.0,326285.6,0.111
N1,N1g2-173,3,False,Q366;Q393A;Q393C,Louis C. Moser Playground; LaGuardia Landing Lights; LaGuardia Landing Lights,Q,4.725,Recreational Field/Courts,2,0.261,194.7,115.5,2,0.667,3.3,0.0,1.0,1.0882,0.0,156657.9,0.202
N1,N1g2-174,3,False,Q456;Q460;Q508,Gene Gray Playground; Broad Channel Park; Park,Q,2.986,Nature Area,3,0.691,648.9,504.9,2,0.667,2.5,0.0,0.0,0.6974,0.0,202580.4,0.174
N1,N1g2-175,3,False,R050;R127;R141,Forest Grove; Joseph Manna Park; Graniteville Swamp Park,R,10.418,Nature Area,2,0.326,232.2,174.7,2,0.667,6.8,1.0,1.0,0.9722,0.0,190726.2,0.0
N1,N1g2-176,3,False,X001A#1;X244;X355,Aqueduct Walk (1/5); Grand Playground; Leave it Better Kids' Garden,X,2.182,Community Park,3,0.492,407.8,362.7,2,0.667,5.4,0.667,0.667,1.0249,0.0,184189.9,0.556
N1,N1g2-177,3,False,X006;X291;X292,Bergen Triangle; Walton Park; Mabel Hampton Playground,X,0.98,Playground,2,0.333,277.1,158.5,2,0.667,5.7,1.0,1.0,1.1485,0.0,126533.1,0.064
N1,N1g2-178,3,False,X010A;X281;X323,Walter Gladwin Park; Stop & Go Playground; El Batey de Doña Provi Garden,X,15.461,Garden,3,0.363,359.5,161.4,0,0.0,91.8,0.333,0.333,1.083,0.028,197988.9,0.137
N1,N1g2-179,3,False,X025;X205;X208,Hugh J. Grant Circle; FDNY-EMT Yadira Arroyo Playground; Haviland Playground,X,2.52,Jointly Operated Playground,2,0.583,625.9,550.8,0,0.0,151.7,0.0,0.333,1.0397,0.014,126348.6,0.217
N1,N1g2-180,3,False,X028;X047;X348,Joyce Kilmer Park; Franz Sigel Park; River Avenue Parks,X,22.23,Community Park,2,0.661,392.2,211.6,1,0.333,35.3,0.333,0.333,1.0492,0.0,294671.2,0.075
N1,N1g2-181,3,False,X038;X136;X137,Washington's Walk; Harris Park; Jerome Park,X,23.653,Neighborhood Park,1,0.927,716.1,582.8,2,0.667,5.5,0.0,0.333,0.9263,0.0,425432.8,0.009
N1,N1g2-182,3,False,X061;X068;X102,Flood Triangle; D'Auria-Murphy Triangle; Ciccarone Park,X,1.06,Triangle/Plaza,2,0.58,755.1,385.8,2,0.667,5.7,0.0,0.0,1.0488,0.0,137789.3,0.132
N1,N1g2-183,3,False,X065;X088;X325,Woodrow Wilson Triangle; Pugsley Creek Park; Taylor-Soundview Block Assoc. Garden,X,68.139,Garden,3,0.99,533.6,419.9,2,0.667,14.8,0.0,1.0,0.8992,0.0,424803.3,0.265
N1,N1g2-184,3,False,X070;X150E;X175,Heath Triangle; Fordham Landing Playground; Riverbend Playground,X,5.25,Jointly Operated Playground,3,0.801,543.7,338.9,3,1.0,4.4,0.0,0.0,0.8896,0.125,255520.4,0.074
N1,N1g2-185,3,False,X073;X245;X288,Young Park; River Garden; West Farms Rapids,X,1.527,Garden,3,0.612,554.8,479.0,2,0.667,9.6,0.0,1.0,0.8098,0.042,126477.5,0.042
N1,N1g2-186,3,False,X077;X082;X148A4,Featherbed Triangle; University Malls; Park,X,1.019,Mall,3,0.627,172.4,87.2,3,1.0,1.7,0.0,0.0,0.9573,0.0,177977.5,0.526
N1,N1g2-187,3,False,X084;X095;X169,D'Onofrio Square; Marcus Garvey Square; Agnes Haywood Playground,X,2.897,Triangle/Plaza,2,0.431,447.2,208.5,2,0.667,8.2,0.333,0.333,1.015,0.083,191081.3,0.0
N1,N1g2-188,3,False,X134;X147B;X305,Freeman Triangle; Daniel Boone Playground; Concrete Plant Park,X,7.475,Neighborhood Park,3,0.49,347.6,180.3,1,0.333,138.5,0.0,0.333,0.7707,0.042,241749.0,0.284
N1,N1g2-189,3,False,X148K1;X148K2;X148K4,Park; St. Lawrence Triangle; Park,X,0.226,Triangle/Plaza,1,0.361,327.6,144.6,3,1.0,9.2,0.0,0.333,0.9648,0.0,109601.8,0.197
N1,N1g2-190,3,False,X174;X280;X302,Webster Playground; Washington Park; Thorpe Family Playground,X,1.535,Playground,1,0.425,406.1,339.8,2,0.667,4.8,0.0,0.333,1.1208,0.0,130100.8,0.039
N1,N1g2-191,2,False,B001;B553,American Playground; 61 Franklin Street Garden,B,0.937,Garden,2,0.141,79.2,79.2,1,1.0,1.9,1.0,1.0,1.1312,0.0,78085.6,0.017
N1,N1g2-192,2,False,B006;B430,Beattie Square; Lewis Playground,B,0.18,Playground,2,0.302,287.0,287.0,0,0.0,91.3,1.0,1.0,1.0054,0.0,76860.6,0.0
N1,N1g2-193,2,False,B017;B049,Bushwick Playground; Irving Square Park,B,5.692,Jointly Operated Playground,2,0.468,355.2,355.2,1,1.0,1.4,0.0,0.5,1.0739,0.0,158151.2,0.116
N1,N1g2-194,2,False,B023;B269,Lafayette Playground; Jesse Owens Playground,B,2.857,Jointly Operated Playground,2,0.241,231.6,231.6,0,0.0,0.3,0.0,1.0,1.0935,0.125,117463.7,0.0
N1,N1g2-195,2,False,B031;B114,Fidelity Triangle; Msgr. McGolrick Park,B,9.058,Neighborhood Park,2,0.313,141.8,141.8,1,1.0,0.6,0.5,1.0,1.1166,0.0,142630.0,0.0
N1,N1g2-196,2,False,B050;B326,Van Voorhees Playground; Cobble Hill Park,B,4.614,Neighborhood Park,2,0.347,257.1,257.1,0,0.0,17.9,0.0,0.0,0.882,0.042,156012.3,0.219
N1,N1g2-197,2,False,B066;B082#1,Owl's Head Park; Shore Park and Parkway (1/10),B,30.344,Community Park,2,0.788,353.2,353.2,1,1.0,7.3,1.0,1.0,1.054,0.0,263237.0,0.62
N1,N1g2-198,2,False,B068;B389,Parade Ground; Umma Park,B,35.944,Playground,2,0.651,276.7,276.7,1,1.0,0.1,0.0,0.5,1.0887,0.0,187582.9,0.076
N1,N1g2-199,2,False,B080;B337,Asser Levy Park; Century Playground,B,23.308,Community Park,2,0.437,89.2,89.2,1,1.0,0.2,0.5,1.0,0.9118,0.0,183438.0,0.121
N1,N1g2-200,2,False,B089;B161,Lowry Triangle; James Forten Playground,B,0.736,Playground,2,0.454,370.5,370.5,1,1.0,4.9,0.0,0.0,1.0311,0.0,94656.4,0.0
N1,N1g2-201,2,False,B102;B537,Crispus Attucks Playground; Park,B,0.943,Playground,2,0.248,186.1,186.1,1,1.0,0.5,0.0,1.0,1.164,0.0,93909.0,0.226
N1,N1g2-202,2,False,B105;B220,Taaffe Playground; Washington Hall Park,B,2.751,Neighborhood Park,2,0.515,453.6,453.6,0,0.0,80.0,0.5,0.5,1.0838,0.0,138769.5,0.005
N1,N1g2-203,2,False,B107;B564,Lion's Pride Playground; Positive Seeds of Life Garden,B,1.004,Garden,2,0.164,82.8,82.8,1,1.0,0.3,0.0,0.0,1.069,0.0,86804.0,0.125
N1,N1g2-204,2,False,B110;B438,Marion Hopkinson Playground; 700 Decatur St Block Association,B,1.506,Garden,2,0.248,156.7,156.7,1,1.0,2.3,1.0,1.0,1.0924,0.0,111826.3,0.0
N1,N1g2-205,2,False,B116;B510,Zion Triangle; Marcus Garvey Tenant's Assoc. Garden,B,0.439,Garden,2,0.21,196.4,196.4,0,0.0,90.9,0.0,0.5,0.9181,0.0,88956.1,0.285
N1,N1g2-206,2,False,B127;B311,Martinez Playground; Ten Eyck Playground,B,2.464,Jointly Operated Playground,2,0.484,390.6,390.6,1,1.0,1.5,0.0,0.5,0.9428,0.0,119191.7,0.0
N1,N1g2-207,2,False,B130;B255L,"Greenwood Playground; Captain John McKenna, IV Park",B,3.727,Neighborhood Park,2,0.232,74.9,74.9,1,1.0,12.1,0.0,0.0,0.8487,0.0,116916.7,0.64
N1,N1g2-208,2,False,B145;B320,Thomas Greene Playground; Park Slope Playground,B,3.579,Community Park,2,0.686,585.0,585.0,1,1.0,3.7,0.5,0.5,1.0379,0.0,136478.7,0.0
N1,N1g2-209,2,False,B165;B371,Spring Creek Park; Spring Creek Park,B,97.441,Community Park,2,0.756,43.4,43.4,0,0.0,29.9,0.5,1.0,0.9537,0.0,622098.4,0.112
N1,N1g2-210,2,False,B171;B271,Linden Sitting Area; Railroad Playground,B,2.472,Neighborhood Park,2,0.616,561.1,561.1,1,1.0,1.3,1.0,1.0,1.0088,0.0,117576.1,0.005
N1,N1g2-211,2,False,B173;B207,Fraser Square; Sarsfield Playground,B,1.12,Playground,2,0.308,233.8,233.8,1,1.0,11.9,0.0,1.0,1.0618,0.0,108056.5,0.0
N1,N1g2-212,2,False,B175;B231,Dahill Triangle; Samuel Goldberg Triangle,B,0.08,Triangle/Plaza,1,0.272,251.8,251.8,1,1.0,2.7,1.0,1.0,1.1058,0.0,72802.7,0.0
N1,N1g2-213,2,False,B190;B353,Barone Triangle; Bergen Beach Playground,B,1.077,Jointly Operated Playground,2,0.319,287.7,287.7,1,1.0,1.4,0.5,0.5,1.114,0.0,97850.4,0.0
N1,N1g2-214,2,False,B202;B386,Lithuania Square; Ten Eyck Plaza,B,0.498,Playground,2,0.141,117.3,117.3,1,1.0,0.0,0.5,0.5,1.0729,0.125,73783.7,0.374
N1,N1g2-215,2,False,B206;B248,Sunners Playground; Fox Playground,B,2.462,Jointly Operated Playground,2,0.478,406.9,406.9,1,1.0,1.2,1.0,1.0,1.1369,0.0,118011.5,0.0
N1,N1g2-216,2,False,B208;B273,Pfc Norton Playground; Aimee Triangle,B,0.671,Playground,2,0.195,114.6,114.6,1,1.0,0.9,0.5,1.0,1.2033,0.0,85288.5,0.0
N1,N1g2-217,2,False,B209;B235,Galapo Playground; Herman Dolgon Playground,B,2.461,Neighborhood Park,2,0.558,457.3,457.3,1,1.0,1.8,1.0,1.0,1.1328,0.0,120222.0,0.0
N1,N1g2-218,2,False,B210A;B210M,John Allen Payne Playground; Park,B,1.359,Playground,2,0.222,132.8,132.8,1,1.0,4.6,0.5,1.0,1.0833,0.0,109992.8,0.7
N1,N1g2-219,2,False,B210Q;B282,Park; Patrick O'Rourke Playground,B,1.234,Jointly Operated Playground,2,0.659,612.8,612.8,1,1.0,6.5,0.0,0.5,1.0955,0.167,106624.5,0.145
N1,N1g2-220,2,False,B210S;B210T,Park; Park,B,0.01,Strip,1,0.091,87.1,87.1,1,1.0,2.4,1.0,1.0,1.21,0.0,67252.8,0.436
N1,N1g2-221,2,False,B215;B593,Decatur Playground; Bed-Stuy Farm,B,0.863,Garden,2,0.826,749.4,749.4,0,0.0,1.1,0.0,0.0,1.0817,0.188,93663.1,0.11
N1,N1g2-222,2,False,B216;B575,Raymond Bush Playground; Halsey Garden,B,2.141,Garden,2,0.482,449.5,449.5,0,0.0,92.1,0.5,0.5,1.0719,0.0,111167.4,0.034
N1,N1g2-223,2,False,B218;B375,Paerdegat Park; Chiarantano Playground,B,3.785,Community Park,2,0.422,317.3,317.3,1,1.0,0.8,0.0,0.0,1.1015,0.0,133856.4,0.0
N1,N1g2-224,2,False,B221;B223NA,Steuben Playground; Classon Playground,B,4.165,Neighborhood Park,2,0.229,11.0,11.0,1,1.0,0.1,0.5,1.0,0.9147,0.0,121835.1,0.281
N1,N1g2-225,2,False,B225;B567,St. Andrew's Playground; Her-King Alagantic Block Association Garden,B,3.531,Garden,2,0.229,137.3,137.3,1,1.0,0.1,0.5,0.5,1.1273,0.0,111582.8,0.0
N1,N1g2-226,2,False,B239;B603,Sheepshead Playground; Jerzee Triangle,B,2.094,Jointly Operated Playground,2,0.589,524.4,524.4,1,1.0,5.9,1.0,1.0,1.0691,0.0,109588.1,0.02
N1,N1g2-227,2,False,B259;B301,Underwood Park; Greene Playground,B,2.163,Jointly Operated Playground,2,0.252,156.5,156.5,1,1.0,0.1,0.0,0.5,1.1154,0.0,113930.4,0.0
N1,N1g2-228,2,False,B279;B342,Wilson Playground; 100% Playground,B,3.206,Jointly Operated Playground,1,0.521,448.4,448.4,1,1.0,2.7,0.5,0.5,1.117,0.0,138372.1,0.011
N1,N1g2-229,2,False,B309;B312,Pink Playground; Woodruff Playground,B,1.533,Jointly Operated Playground,2,0.336,228.4,228.4,1,1.0,0.5,0.0,0.0,1.055,0.0,111215.9,0.0
N1,N1g2-230,2,False,B335;B352,Bildersee Playground; Curtis Playground,B,2.415,Jointly Operated Playground,2,0.771,602.6,602.6,1,1.0,0.3,0.0,1.0,1.037,0.0,128482.7,0.0
N1,N1g2-231,2,False,B359;B398,Eleanor Roosevelt Playground; Kosciuszko Street Garden,B,1.348,Garden,2,0.325,276.6,276.6,0,0.0,2.1,0.0,0.5,1.117,0.125,103712.5,0.009
N1,N1g2-232,2,False,B390;B410,Mother Cabrini Park; The Backyard,B,0.676,Garden,2,0.136,96.5,96.5,1,1.0,2.6,0.0,0.0,0.8854,0.0,76183.0,0.533
N1,N1g2-233,2,False,B402;Q083#2,George Walker Jr. Park; Jackie Robinson Parkway (2/17),B/Q,5.537,Neighborhood Park,2,0.221,163.7,163.7,1,1.0,2.2,0.5,0.5,0.9794,0.0,197201.9,0.185
N1,N1g2-234,2,False,B415;B527,Georgia Ave Garden; Hands and Heart Garden,B,0.656,Garden,1,0.093,15.9,15.9,1,1.0,0.0,1.0,1.0,1.1431,0.0,66458.9,0.031
N1,N1g2-235,2,False,B507;B532,A Better Community Garden; F.A.R.R. Community Garden,B,0.242,Garden,1,0.126,87.8,87.8,1,1.0,2.6,0.0,0.0,0.9295,0.0,70306.1,0.748
N1,N1g2-236,2,False,B541;B548,Berriman Playground; Park,B,2.327,Neighborhood Park,2,0.57,483.0,483.0,1,1.0,1.6,1.0,1.0,0.9665,0.0,117575.3,0.06
N1,N1g2-237,2,False,M009;M099,Bennett Park; J. Hood Wright Park,M,8.52,Neighborhood Park,1,0.76,606.3,606.3,1,1.0,9.8,0.0,0.0,1.0204,0.0,160785.4,0.206
N1,N1g2-238,2,False,M020;M094#2,Dante Park; Broadway Malls (2/11),M,0.655,Mall,2,0.264,25.3,25.3,1,1.0,0.2,0.0,0.0,0.9212,0.0,129206.5,0.789
N1,N1g2-239,2,False,M022;M393,De Witt Clinton Park; Oasis Garden,M,5.911,Garden,2,0.334,138.6,138.6,1,1.0,2.7,0.0,0.5,1.0307,0.0,133301.7,0.0
N1,N1g2-240,2,False,M060C#3;M294,Park Avenue Malls (3/8); Ruppert Park,M,1.562,Mall,2,0.487,406.1,406.1,1,1.0,1.5,0.0,0.5,1.1118,0.0,165514.4,0.381
N1,N1g2-241,2,False,M060C#7;M079,Park Avenue Malls (7/8); St. Catherine's Park,M,1.96,Mall,2,0.695,627.3,627.3,1,1.0,0.4,0.5,0.5,1.1578,0.0,168865.9,0.374
N1,N1g2-242,2,False,M060C#8;M236,Park Avenue Malls (8/8); Samuel Seabury Playground,M,1.436,Jointly Operated Playground,2,0.209,145.6,145.6,1,1.0,2.0,0.0,0.0,1.0047,0.0,152973.6,0.206
N1,N1g2-243,2,False,M065;M195,Luther Gulick Park; Sidney Hillman Playground,M,1.761,Jointly Operated Playground,2,0.2,112.1,112.1,1,1.0,0.0,0.0,0.0,1.0443,0.0,100104.3,0.184
N1,N1g2-244,2,False,M073;M348,Roger Morris Park; Morris-Jumel Ecological Education Garden,M,1.66,Garden,2,0.14,56.9,56.9,1,1.0,1.1,0.0,0.0,0.9995,0.0,67880.4,0.18
N1,N1g2-245,2,False,M076;M265,St. Vartan Park; Vincent F. Albano Jr. Playground,M,3.135,Neighborhood Park,2,0.535,439.6,439.6,1,1.0,7.2,0.5,1.0,1.0761,0.0,132473.9,0.091
N1,N1g2-246,2,False,M087;M094A,Sakura Park; Broadway Malls,M,3.377,Mall,2,0.184,85.1,85.1,1,1.0,0.3,0.0,0.5,1.0276,0.0,267291.7,0.103
N1,N1g2-247,2,False,M094#1;M307,Broadway Malls (1/11); W 87th Street Garden,M,0.606,Garden,2,0.477,535.3,535.3,1,1.0,1.4,0.0,0.0,1.0495,0.0,145439.3,0.452
N1,N1g2-248,2,False,M148;M258,White Playground; East River Playground,M,2.019,Jointly Operated Playground,2,0.695,651.8,651.8,1,1.0,8.9,0.0,1.0,0.8923,0.0,110563.7,0.291
N1,N1g2-249,2,False,M167;M386,Peck Slip; Imagination Playground,M,0.557,Playground,2,0.275,242.4,242.4,1,1.0,9.9,0.0,0.0,0.8982,0.0,94708.9,0.214
N1,N1g2-250,2,False,M170;M413,Petrosino Square; Rapkin-Gayle Plaza,M,0.358,Neighborhood Park,2,0.211,129.1,129.1,1,1.0,10.4,0.0,0.5,0.8919,0.0,82145.2,0.202
N1,N1g2-251,2,False,M199;M300,Monsignor Kett Playground; Sherman Creek,M,16.437,Neighborhood Park,1,0.467,201.5,201.5,1,1.0,4.3,0.0,0.0,0.91,0.0,178806.3,0.182
N1,N1g2-252,2,False,M214;M215,Blake Hobbs Playground; Cherry Tree Park,M,1.946,Neighborhood Park,1,0.275,330.7,330.7,0,0.0,105.8,0.5,1.0,1.1873,0.0,120831.7,0.176
N1,N1g2-253,2,False,M220;M229,Frederick Douglass Playground; Happy Warrior Playground,M,3.396,Jointly Operated Playground,2,0.195,92.4,92.4,1,1.0,0.1,1.0,1.0,1.1009,0.0,113144.6,0.213
N1,N1g2-254,2,False,M230;M338,Poor Richard's Playground; Neighbors Of Vega Baja,M,1.682,Garden,2,0.232,190.7,190.7,1,1.0,10.9,0.5,0.5,0.9942,0.0,107435.0,0.18
N1,N1g2-255,2,False,M283#4;M283A,Battery Park City (4/4); Battery Park City,M,5.444,Community Park,2,0.291,77.8,77.8,1,1.0,0.9,0.0,0.0,0.7822,0.125,188056.0,0.492
N1,N1g2-256,2,False,M320;M368,Old Croton Aqueduct Gatehouse; West 111th St. People's Garden,M,0.268,Garden,1,0.607,587.8,587.8,1,1.0,4.2,1.0,1.0,0.9691,0.0,82406.0,0.113
N1,N1g2-257,2,False,Q002;Q398,Grover Cleveland Playground; Rosemary's Playground,Q,7.144,Jointly Operated Playground,2,0.914,785.3,785.3,1,1.0,7.9,0.0,0.5,1.0678,0.0,161352.1,0.0
N1,N1g2-258,2,False,Q006;Q214,Bowne Park; Leonard Square,Q,11.853,Neighborhood Park,2,0.735,608.4,608.4,1,1.0,2.9,0.5,1.0,1.1087,0.0,164280.1,0.0
N1,N1g2-259,2,False,Q007;Q503,Bayswater Park; Garden,Q,40.209,Community Park,2,0.326,71.8,71.8,1,1.0,0.1,0.0,0.0,0.9436,0.0,283038.1,0.139
N1,N1g2-260,2,False,Q018;Q527,Gordon Triangle; LIC Pier,Q,0.235,Triangle/Plaza,2,0.345,289.3,289.3,1,1.0,1.5,0.0,0.0,0.4955,0.0,83300.1,0.0
N1,N1g2-261,2,False,Q027#5;Q108,Laurelton Parkway (5/8); Laurelton Playground,Q,8.712,Neighborhood Park,2,0.45,110.3,110.3,1,1.0,0.1,0.5,0.5,0.9261,0.0,176667.1,0.685
N1,N1g2-262,2,False,Q036A;Q104,Rafferty Triangle; Queensbridge Park,Q,20.914,Community Park,2,1.098,783.6,783.6,0,0.0,130.3,0.5,0.5,0.955,0.0,278171.5,0.063
N1,N1g2-263,2,False,Q042;Q461,Poppenhusen Park; Powell's Cove Park,Q,59.66,Nature Area,2,0.886,619.4,619.4,1,1.0,3.1,0.0,0.5,0.9612,0.0,317529.3,0.0
N1,N1g2-264,2,False,Q044;Q340,L/CPL Thomas P. Noonan Jr. Playground; Torsney Playground,Q,3.155,Playground,1,0.701,597.8,597.8,1,1.0,8.1,0.5,1.0,1.1452,0.0,139657.3,0.0
N1,N1g2-265,2,False,Q048;Q465,Rainey Park; Socrates Sculpture Park,Q,15.995,Neighborhood Park,1,0.446,202.3,202.3,1,1.0,5.4,1.0,1.0,0.9895,0.0,231362.2,0.011
N1,N1g2-266,2,False,Q051;Q447,Archie Spigner Park; Brinkerhoff Mall,Q,11.362,Community Park,2,0.397,188.3,188.3,1,1.0,7.0,0.0,0.5,0.9911,0.0,196482.4,0.0
N1,N1g2-267,2,False,Q056;Q124,Clemens Triangle; Myrtle Avenue Clemens Triangle,Q,0.023,Triangle/Plaza,1,0.063,32.1,32.1,1,1.0,3.9,1.0,1.0,1.1344,0.0,47562.4,0.0
N1,N1g2-268,2,False,Q058;Q462,Dunningham Triangle; Manuel De Dios Unanue Triangle,Q,0.042,Triangle/Plaza,1,0.152,109.1,109.1,1,1.0,2.7,1.0,1.0,1.1128,0.0,64489.1,0.0
N1,N1g2-269,2,False,Q066B;Q066G,Triborough Bridge Playground B; Sitting Area,Q,1.956,Playground,2,0.15,37.3,37.3,1,1.0,2.8,1.0,1.0,1.0831,0.0,69942.6,0.925
N1,N1g2-270,2,False,Q066C;Q066H,Triborough Bridge Playground C; Chappetto Square,Q,1.133,Recreational Field/Courts,1,0.126,9.3,9.3,1,1.0,0.6,1.0,1.0,0.9935,0.0,66055.1,0.888
N1,N1g2-271,2,False,Q066F;Q137,Hoyt Playground; Columbus Square,Q,2.4,Neighborhood Park,2,0.165,61.6,61.6,1,1.0,6.1,0.0,0.5,0.9181,0.0,95650.8,0.0
N1,N1g2-272,2,False,Q075;Q290,"Glendale Veterans Triangle; ""Uncle"" Vito F. Maranzano Glendale Playground",Q,1.156,Playground,2,0.352,279.3,279.3,1,1.0,1.9,0.5,0.5,1.0421,0.0,92715.1,0.0
N1,N1g2-273,2,False,Q080;Q186,Veterans Plaza; Jackson Mill Green,Q,0.233,Triangle/Plaza,1,0.866,790.5,790.5,1,1.0,8.0,1.0,1.0,1.0253,0.125,90705.0,0.0
N1,N1g2-274,2,False,Q086;Q419,Flushing Fields; Hart Playground,Q,8.488,Community Park,2,0.194,166.4,166.4,1,1.0,0.2,0.5,0.5,0.9824,0.0,206805.8,0.0
N1,N1g2-275,2,False,Q094D;Q433B,Gemini Fields; Park,Q,10.759,Recreational Field/Courts,2,0.441,209.7,209.7,1,1.0,2.0,0.0,0.0,0.9556,0.0,226427.4,0.352
N1,N1g2-276,2,False,Q096A;Q096B,Locust Grove Civic Triangle; Southern Fields,Q,5.905,Recreational Field/Courts,2,0.25,82.6,82.6,1,1.0,6.2,0.0,0.5,0.9987,0.0,126374.1,0.146
N1,N1g2-277,2,False,Q129;Q217,"Phil ""Scooter"" Rizzuto Park; Lt. Frank McConnell Park",Q,5.494,Community Park,2,0.491,364.1,364.1,1,1.0,9.4,0.0,1.0,1.0169,0.0,136927.0,0.0
N1,N1g2-278,2,False,Q130;Q349,Motor Parkway; Telephone Playground,Q,14.974,Jointly Operated Playground,2,0.331,197.9,197.9,1,1.0,6.9,0.5,0.5,0.8967,0.0,403511.9,0.0
N1,N1g2-279,2,False,Q142;Q157,Jacob Riis Triangle; Metro Triangle,Q,0.038,Triangle/Plaza,1,0.783,744.1,744.1,1,1.0,3.5,0.5,1.0,1.1224,0.0,71152.3,0.0
N1,N1g2-280,2,False,Q147;Q378,Ruoff Triangle; Ampere Playground,Q,1.32,Jointly Operated Playground,2,0.356,314.7,314.7,1,1.0,3.7,1.0,1.0,1.1028,0.0,112466.2,0.0
N1,N1g2-281,2,False,Q148;Q203,Catholic War Veterans Square; David J O'Connell Square,Q,0.062,Triangle/Plaza,1,0.38,350.0,350.0,1,1.0,8.1,1.0,1.0,1.1459,0.0,72826.2,0.0
N1,N1g2-282,2,False,Q162E;Q520,Beach 59th St Playground; Arverne East Nature Preserve,Q,33.503,Nature Area,2,0.603,243.0,243.0,1,1.0,1.9,0.0,0.0,0.9054,0.0,173894.0,0.497
N1,N1g2-283,2,False,Q162J01;Q469,Beach 9 Playground; Seagirt Ave Wetlands,Q,10.924,Nature Area,2,0.405,299.6,299.6,1,1.0,3.9,0.5,1.0,0.8163,0.0,165846.0,0.097
N1,N1g2-284,2,False,Q178#1;Q381,Mall Forty Two XLII (1/3); Francis Lewis Playground,Q,1.714,Jointly Operated Playground,2,0.13,49.7,49.7,1,1.0,0.5,0.0,0.0,0.9498,0.0,140545.5,0.197
N1,N1g2-285,2,False,Q219#6;Q403,Rockaway Freeway (6/16); Beach Channel Playground,Q,1.515,Jointly Operated Playground,2,0.182,155.5,155.5,1,1.0,2.5,0.0,0.0,0.9115,0.0,129789.6,0.488
N1,N1g2-286,2,False,Q220C;Q220D,Dr. Charles R. Drew Park; Foch Sitting Area,Q,6.457,Recreational Field/Courts,2,0.354,211.5,211.5,1,1.0,1.8,0.0,0.5,1.0651,0.0,137968.2,0.013
N1,N1g2-287,2,False,Q220F;Q220G,Maple Grove Park; Hoover - Manton Playgrounds,Q,7.078,Neighborhood Park,2,0.277,178.1,178.1,1,1.0,3.2,0.0,1.0,0.9332,0.0,164356.4,0.0
N1,N1g2-288,2,False,Q221;Q300A,Farm Playground; Kissena Corridor Park,Q,47.54,Community Park,2,0.944,246.0,246.0,1,1.0,7.5,0.0,0.0,1.0356,0.0,612763.9,0.105
N1,N1g2-289,2,False,Q246;Q437,Travis Triangle; Murray Hill Playground,Q,1.427,Jointly Operated Playground,2,0.567,458.9,458.9,1,1.0,12.6,0.0,0.5,1.0662,0.0,112435.8,0.0
N1,N1g2-290,2,False,Q254;Q514,Corporal Frank F. Fagan Sq.; Woodside Houses Park,Q,0.149,Neighborhood Park,2,0.076,44.5,44.5,1,1.0,0.2,1.0,1.0,1.163,0.0,53159.9,0.0
N1,N1g2-291,2,False,Q299;Q373,Overlook Park; Helen Marshall Playground,Q,6.799,Jointly Operated Playground,2,0.571,397.1,397.1,1,1.0,12.3,0.0,0.5,0.8843,0.0,173695.5,0.0
N1,N1g2-292,2,False,Q313;Q382,Arverne Playground; Cardozo Playground,Q,3.293,Jointly Operated Playground,2,0.124,20.9,20.9,1,1.0,0.0,0.0,0.0,0.9606,0.0,93095.9,0.294
N1,N1g2-293,2,False,Q319;Q451,Annadale Playground; Underbridge Dog Run,Q,1.48,Jointly Operated Playground,2,0.633,502.0,502.0,1,1.0,1.4,0.0,0.0,1.055,0.0,96504.2,0.0
N1,N1g2-294,2,False,Q334;Q375,Playground Twenty One; Willets Point Playground,Q,2.531,Jointly Operated Playground,1,0.65,554.2,554.2,1,1.0,1.2,1.0,1.0,1.0496,0.0,124168.5,0.0
N1,N1g2-295,2,False,Q344;Q515,Emerald Playground; Legacy Park,Q,1.556,Jointly Operated Playground,2,0.526,473.9,473.9,1,1.0,5.9,0.0,1.0,1.1937,0.0,108858.0,0.0
N1,N1g2-296,2,False,Q357A1;Q401,Park; Lost Battalion Hall Recreation Center,Q,2.434,Community Park,2,0.209,185.4,185.4,1,1.0,1.8,1.0,1.0,0.9399,0.0,136423.0,0.196
N1,N1g2-297,2,False,Q357F;Q369,Park; Louis Pasteur Park,Q,3.169,Jointly Operated Playground,2,0.264,113.0,113.0,1,1.0,1.0,0.0,0.0,0.6478,0.0,129167.3,0.205
N1,N1g2-298,2,False,Q360S;Q360Y1,Quick Brown Fox Triangle; Park,Q,0.05,Strip,2,0.222,179.5,179.5,1,1.0,10.1,0.0,0.0,0.9137,0.0,78078.9,0.438
N1,N1g2-299,2,False,Q387A;Q387B,Bayside Fields; Clearview Park,Q,8.172,Nature Area,2,0.498,277.3,277.3,1,1.0,10.6,0.0,0.0,0.7806,0.25,160446.5,0.0
N1,N1g2-300,2,False,Q394;Q484,Conch Playground; Edgemere Urban Renewal Park,Q,3.05,Garden,2,0.364,218.2,218.2,1,1.0,1.7,0.0,1.0,1.0458,0.0,116257.8,0.017
N1,N1g2-301,2,False,Q443;Q459,Almeda Playground; Dubos Point Wildlife Sanctuary,Q,54.715,Jointly Operated Playground,2,0.991,491.9,491.9,1,1.0,4.6,0.5,0.5,0.9953,0.0,362646.4,0.01
N1,N1g2-302,2,False,Q511;Q523,Edgemere Coalition; Beach 43rd Street Waterfront Park,Q,0.561,Garden,2,0.38,311.6,311.6,1,1.0,0.7,0.0,0.0,0.7513,0.0,81444.9,0.107
N1,N1g2-303,2,False,R004;R077,Barrett Triangle; St. George Park,R,0.252,Triangle/Plaza,1,0.353,337.0,337.0,1,1.0,3.8,0.5,0.5,0.8167,0.125,84591.3,0.071
N1,N1g2-304,2,False,R020;R076,Egbert Triangle; Markham Playground,R,3.042,Jointly Operated Playground,2,0.215,38.4,38.4,1,1.0,0.3,1.0,1.0,1.0706,0.0,112404.8,0.0
N1,N1g2-305,2,False,R025;R086,Mahoney Playground; Davis Playground,R,3.035,Jointly Operated Playground,2,0.122,16.3,16.3,1,1.0,0.0,0.0,0.0,0.4633,0.25,93734.4,0.0
N1,N1g2-306,2,False,R027#3;R027A,Long Pond Park (3/4); Aesop Park,R,23.191,Jointly Operated Playground,2,0.27,83.8,83.8,1,1.0,0.7,0.5,0.5,0.7941,0.0,179270.7,0.239
N1,N1g2-307,2,False,R028;R170,Tappen Park; Stapleton Esplanade,R,6.387,Historic House Park,2,0.403,138.3,138.3,1,1.0,2.2,0.5,0.5,0.9427,0.0,200829.5,0.0
N1,N1g2-308,2,False,R033;R146,Levy Playground; Joe Holzka Community Garden,R,0.934,Garden,2,0.628,602.6,602.6,1,1.0,9.5,1.0,1.0,0.9857,0.0,101360.4,0.0
N1,N1g2-309,2,False,R034;R105,Austin J. McDonald Playground; Prall Playground,R,2.658,Jointly Operated Playground,2,0.269,157.9,157.9,1,1.0,11.2,1.0,1.0,0.9458,0.0,121935.6,0.0
N1,N1g2-310,2,False,R052;R116,Allison Pond Park; Snug Harbor Cultural Center,R,93.506,Historic House Park,2,0.547,104.3,104.3,1,1.0,0.1,0.5,0.5,0.8202,0.0,394605.2,0.133
N1,N1g2-311,2,False,R053;R094,Harris Brothers Park; Park,R,3.464,Neighborhood Park,2,0.193,103.9,103.9,1,1.0,0.3,0.5,0.5,1.0144,0.0,80900.5,0.0
N1,N1g2-312,2,False,R075E;R075F,Park; Park,R,0.185,Strip,1,0.137,73.0,73.0,1,1.0,0.0,0.0,0.0,0.8013,0.0,247681.4,0.131
N1,N1g2-313,2,False,R095;R096,Park; Park,R,0.809,Nature Area,2,0.231,162.8,162.8,1,1.0,12.8,0.0,0.0,0.8821,0.125,72290.7,0.24
N1,N1g2-314,2,False,R100;R152,Drumgoole Tot Lot; Carlton Park,R,1.961,Nature Area,2,0.474,439.0,439.0,1,1.0,3.7,0.0,0.0,0.9908,0.0,108886.9,0.0
N1,N1g2-315,2,False,R125;R164,Lopez Playground; Targee Street Triangle,R,1.317,Neighborhood Park,2,0.392,329.5,329.5,1,1.0,5.7,0.0,1.0,1.1316,0.0,113716.5,0.058
N1,N1g2-316,2,False,X015;X113,Joseph Rodman Drake Park & Enslaved African Burial Ground; Hunts Point Playground,X,3.268,Jointly Operated Playground,2,0.523,447.5,447.5,1,1.0,6.8,0.0,0.0,1.0867,0.0,128213.0,0.0
N1,N1g2-317,2,False,X018;X129,Echo Triangle; Devanney Triangle,X,0.265,Triangle/Plaza,1,0.324,300.0,300.0,1,1.0,14.5,0.0,0.0,1.0412,0.0,87125.8,0.336
N1,N1g2-318,2,False,X021;X222,Drew Playground; Gouverneur Playground,X,1.995,Playground,1,0.259,297.3,297.3,0,0.0,113.9,0.0,0.0,0.8784,0.0,118997.6,0.042
N1,N1g2-319,2,False,X023;X145,Graham Triangle; La Finca del Sur Community Garden,X,0.38,Garden,2,0.312,281.2,281.2,1,1.0,12.8,0.0,1.0,1.1854,0.125,93374.5,0.0
N1,N1g2-320,2,False,X031;X242,McKinley Square; Youth Village,X,0.375,Playground,2,0.314,252.3,252.3,1,1.0,2.0,0.0,0.0,1.0429,0.0,88657.8,0.584
N1,N1g2-321,2,False,X033#3;X197,Mosholu Parkway (3/5); Mosholu Playground,X,10.592,Jointly Operated Playground,2,0.477,141.6,141.6,1,1.0,0.2,0.0,0.0,1.0827,0.0,156891.6,0.394
N1,N1g2-322,2,False,X033#5;X335,Mosholu Parkway (5/5); Risse Street Park,X,12.502,Neighborhood Park,2,0.27,206.1,206.1,1,1.0,13.6,0.5,1.0,1.0561,0.125,162648.3,0.608
N1,N1g2-323,2,False,X035;X044,Muller Triangle; St. James Park,X,11.663,Neighborhood Park,2,0.3,116.2,116.2,1,1.0,1.0,0.5,1.0,1.109,0.0,149797.5,0.189
N1,N1g2-324,2,False,X043;X155,Ryan Triangle; Patterson Playground,X,2.557,Jointly Operated Playground,2,0.2,28.3,28.3,1,1.0,0.0,0.0,1.0,1.0503,0.0,102288.0,0.039
N1,N1g2-325,2,False,X071;X108,Whalen Grove; Belmont Playground,X,2.317,Playground,2,0.175,107.6,107.6,1,1.0,1.9,0.0,0.0,1.0154,0.0,99570.4,0.219
N1,N1g2-326,2,False,X087;X162,Zimmerman Playground; Parkside Playground,X,1.758,Playground,1,0.273,209.4,209.4,1,1.0,0.5,0.0,0.0,0.7209,0.0,110144.3,0.0
N1,N1g2-327,2,False,X088A;X262,Waterfront Garden; Harding Park,X,2.524,Garden,2,0.521,492.3,492.3,1,1.0,5.0,0.0,0.0,0.6111,0.0,140821.8,0.297
N1,N1g2-328,2,False,X110#1;X110A,Henry Hudson Parkway (1/8); Hackett Park,X,1.896,Parkway,2,0.496,287.2,287.2,1,1.0,9.4,0.0,0.0,0.9608,0.125,154689.6,0.665
N1,N1g2-329,2,False,X114;X148C3,Goble Playground; Inwood Park,X,0.815,Playground,2,0.181,161.0,161.0,1,1.0,0.2,0.0,0.0,0.9403,0.188,92162.0,0.652
N1,N1g2-330,2,False,X124;X373,Watson Gleason Playground; Justice Sotomayor Houses Playground,X,3.608,Neighborhood Park,2,0.417,360.2,360.2,1,1.0,2.2,0.0,0.5,1.105,0.0,131240.8,0.0
N1,N1g2-331,2,False,X148A;X148A1,Park; Park,X,0.049,Strip,1,0.093,0.0,0.0,0,0.0,0.0,0.0,0.0,0.9879,0.0,51536.6,0.632
N1,N1g2-332,2,False,X148B;X148B1,Park; Park,X,0.055,Strip,1,0.067,68.4,68.4,1,1.0,0.8,0.0,0.0,1.0297,0.125,58153.5,0.761
N1,N1g2-333,2,False,X148G1;X148G2,Park; Park,X,0.071,Strip,1,0.052,60.7,60.7,1,1.0,0.0,0.0,0.0,0.6212,0.167,64686.7,0.854
N1,N1g2-334,2,False,X148M;X148M1,Chief Dennis L. Devlin Park; Havemeyer Playground,X,0.941,Playground,2,0.615,543.9,543.9,1,1.0,4.4,0.0,0.0,0.9538,0.0,106403.5,0.067
N1,N1g2-335,2,False,X150K;X150L,Park; Van Cortlandt's Tail,X,0.438,Strip,2,0.227,239.8,239.8,1,1.0,3.3,0.0,0.5,1.1136,0.0,107233.9,0.228
N1,N1g2-336,2,False,X160;X177,Caserta Playground; Castle Hill Playground,X,2.283,Jointly Operated Playground,1,0.196,193.5,193.5,1,1.0,0.0,0.0,1.0,1.1404,0.0,113457.5,0.0
N1,N1g2-337,2,False,X182;X277A,Millbrook Playground; United We Stand Garden,X,1.371,Garden,2,0.156,75.6,75.6,1,1.0,0.0,0.0,0.0,0.9522,0.188,85874.6,0.696
N1,N1g2-338,2,False,X195F;X239,Park; Castle Hill Little League Field,X,2.246,Recreational Field/Courts,2,0.387,326.6,326.6,1,1.0,5.5,0.0,0.0,1.1398,0.0,220319.4,0.0
N1,N1g2-339,2,False,X206;X286,Morgan Playground; Rev Lena Irons Unity Park,X,1.111,Jointly Operated Playground,2,0.151,51.1,51.1,1,1.0,0.1,0.0,1.0,1.0729,0.0,90028.1,0.03
N1,N1g2-340,2,False,X299;X320,Little Claremont Playground; Jardin De La Familia,X,0.876,Garden,2,0.095,121.9,121.9,0,0.0,88.9,0.0,0.0,1.0052,0.0,69744.4,0.13
