park_id,name,parent_id,D_cluster,D_in_group,D_status,N1_cluster,N1_in_group,N1_status,N2_cluster,N2_in_group,N2_status,N3_cluster,N3_in_group,N3_status
B001,American Playground,B001,D-192,True,grouped,N1g2-191,True,grouped,N2-128,True,grouped,N3-S-B001,False,robust_isolated
B002,Amersfort Park,B002,D-S-B002,False,unstable,N1-S-B002,False,unstable,N2-S-B002,False,robust_isolated,N3-S-B002,False,robust_isolated
B003,Bartel-Pritchard Square,B003,D-S-B003,False,unstable,N1-S-B003,False,unstable,N2-S-B003,False,unstable,N3-S-B003,False,robust_isolated
B006,Beattie Square,B006,D-S-B006,False,unstable,N1g2-192,True,grouped,N2-S-B006,False,unstable,N3-S-B006,False,robust_isolated
B007,Bensonhurst Park,B007,D-S-B007,False,unstable,N1-S-B007,False,unstable,N2-S-B007,False,unstable,N3-S-B007,False,robust_isolated
B008,Betsy Head Park,B008,D-012,True,grouped,N1g2-021,True,grouped,N2-023,True,grouped,N3-S-B008,False,robust_isolated
B012,Brower Park,B012,D-193,True,grouped,N1g2-113,True,grouped,N2-129,True,grouped,N3-S-B012,False,robust_isolated
B016,Maria Hernandez Park,B016,D-S-B016,False,unstable,N1g2-114,True,grouped,N2-S-B016,False,unstable,N3-S-B016,False,robust_isolated
B017,Bushwick Playground,B017,D-194,True,grouped,N1g2-193,True,grouped,N2-130,True,grouped,N3-S-B017,False,robust_isolated
B019,Carroll Park,B019,D-S-B019,False,unstable,N1g2-115,True,grouped,N2-S-B019,False,unstable,N3-S-B019,False,robust_isolated
B021,Commodore Barry Park,B021,D-082,True,grouped,N1g2-042,True,grouped,N2-036,True,grouped,N3-S-B021,False,unstable
B022,Sarah J.S. Tompkins Garnet Playground,B022,D-S-B022,False,unstable,N1g2-068,True,grouped,N2-S-B022,False,unstable,N3-S-B022,False,robust_isolated
B023,Lafayette Playground,B023,D-S-B023,False,unstable,N1g2-194,True,grouped,N2-198,True,grouped,N3-011,True,grouped
B024,Orient Grove,B024,D-039,True,grouped,N1g2-069,True,grouped,N2-056,True,grouped,N3-S-B024,False,unstable
B025,Cooper Park,B025,D-039,True,grouped,N1g2-069,True,grouped,N2-056,True,grouped,N3-S-B025,False,robust_isolated
B026,Cuyler Gore Park,B026,D-128,True,grouped,N1g2-116,True,grouped,N2-078,True,grouped,N3-S-B026,False,robust_isolated
B027,Veterans Triangle,B027,D-083,True,grouped,N1g2-070,True,grouped,N2-079,True,grouped,N3-S-B027,False,robust_isolated
B029#1,Eastern Parkway (1/10),B029,D-S-B029#1,False,unstable,N1-S-B029#1,False,unstable,N2-S-B029#1,False,unstable,N3-S-B029#1,False,robust_isolated
B029#10,Eastern Parkway (10/10),B029,D-084,True,grouped,N1g2-071,True,grouped,N2-080,True,grouped,N3-S-B029#10,False,robust_isolated
B029#2,Eastern Parkway (2/10),B029,D-S-B029#2,False,unstable,N1g2-071,True,grouped,N2-199,True,grouped,N3-S-B029#2,False,robust_isolated
B029#3,Eastern Parkway (3/10),B029,D-085,True,grouped,N1-S-B029#3,False,unstable,N2-S-B029#3,False,unstable,N3-S-B029#3,False,robust_isolated
B029#4,Eastern Parkway (4/10),B029,D-084,True,grouped,N1g2-022,True,grouped,N2-080,True,grouped,N3-S-B029#4,False,robust_isolated
B029#5,Eastern Parkway (5/10),B029,D-S-B029#5,False,unstable,N1g2-113,True,grouped,N2-S-B029#5,False,unstable,N3-S-B029#5,False,robust_isolated
B029#6,Eastern Parkway (6/10),B029,D-S-B029#6,False,unstable,N1g2-113,True,grouped,N2-129,True,grouped,N3-S-B029#6,False,robust_isolated
B029#7,Eastern Parkway (7/10),B029,D-085,True,grouped,N1g2-117,True,grouped,N2-131,True,grouped,N3-S-B029#7,False,robust_isolated
B029#8,Eastern Parkway (8/10),B029,D-129,True,grouped,N1-S-B029#8,False,beyond_walk_limit,N2-S-B029#8,False,unstable,N3-S-B029#8,False,robust_isolated
B029#9,Eastern Parkway (9/10),B029,D-S-B029#9,False,unstable,N1g2-117,True,grouped,N2-S-B029#9,False,unstable,N3-S-B029#9,False,robust_isolated
B030#1,Eastern Parkway Extension (1/6),B030,D-027,True,grouped,N1g2-043,True,grouped,N2-037,True,grouped,N3-S-B030#1,False,unstable
B030#2,Eastern Parkway Extension (2/6),B030,D-040,True,grouped,N1g2-043,True,grouped,N2-037,True,grouped,N3-S-B030#2,False,robust_isolated
B030#3,Eastern Parkway Extension (3/6),B030,D-028,True,grouped,N1g2-032,True,grouped,N2-038,True,grouped,N3-S-B030#3,False,robust_isolated
B030#4,Eastern Parkway Extension (4/6),B030,D-027,True,grouped,N1g2-043,True,grouped,N2-037,True,grouped,N3-S-B030#4,False,robust_isolated
B030#5,Eastern Parkway Extension (5/6),B030,D-028,True,grouped,N1g2-032,True,grouped,N2-038,True,grouped,N3-S-B030#5,False,unstable
B030#6,Eastern Parkway Extension (6/6),B030,D-040,True,grouped,N1g2-022,True,grouped,N2-080,True,grouped,N3-S-B030#6,False,robust_isolated
B031,Fidelity Triangle,B031,D-195,True,grouped,N1g2-195,True,grouped,N2-081,True,grouped,N3-S-B031,False,robust_isolated
B032,Fort Greene Park,B032,D-130,True,grouped,N1g2-072,True,grouped,N2-082,True,grouped,N3-S-B032,False,robust_isolated
B033,Fort Hamilton Triangle,B033,D-S-B033,False,unstable,N1-S-B033,False,unstable,N2-S-B033,False,unstable,N3-S-B033,False,robust_isolated
B035,John Paul Jones Park,B035,D-131,True,grouped,N1g2-118,True,grouped,N2-083,True,grouped,N3-S-B035,False,robust_isolated
B036,Fort Stirling Park,B036,D-013,True,grouped,N1g2-009,True,grouped,N2-004,True,grouped,N3-S-B036,False,robust_isolated
B037,Freedom Triangle,B037,D-S-B037,False,unstable,N1g2-073,True,grouped,N2-132,True,grouped,N3-S-B037,False,robust_isolated
B038,Fulton Park,B038,D-086,True,grouped,N1g2-044,True,grouped,N2-200,True,grouped,N3-S-B038,False,unstable
B040,Grand Army Plaza,B040,D-129,True,grouped,N1-S-B040,False,beyond_walk_limit,N2-S-B040,False,unstable,N3-S-B040,False,unstable
B041,Grant Gore,B041,D-196,True,grouped,N1g2-117,True,grouped,N2-S-B041,False,unstable,N3-S-B041,False,robust_isolated
B042,Gravesend Park,B042,D-S-B042,False,robust_isolated,N1-S-B042,False,unstable,N2-S-B042,False,robust_isolated,N3-S-B042,False,robust_isolated
B043,Greenpoint Playground,B043,D-132,True,grouped,N1-S-B043,False,beyond_walk_limit,N2-201,True,grouped,N3-S-B043,False,robust_isolated
B044,Dr. Ronald McNair Park,B044,D-085,True,grouped,N1g2-119,True,grouped,N2-131,True,grouped,N3-S-B044,False,robust_isolated
B045,Heisser Triangle,B045,D-197,True,grouped,N1g2-114,True,grouped,N2-202,True,grouped,N3-S-B045,False,robust_isolated
B047A,Highland Park Childrens Garden,B047A,D-S-B047A,False,unstable,N1-S-B047A,False,unstable,N2-S-B047A,False,unstable,N3-S-B047A,False,robust_isolated
B049,Irving Square Park,B049,D-S-B049,False,unstable,N1g2-193,True,grouped,N2-130,True,grouped,N3-S-B049,False,robust_isolated
B050,Van Voorhees Playground,B050,D-008,True,grouped,N1g2-196,True,grouped,N2-133,True,grouped,N3-S-B050,False,robust_isolated
B051,Kelly Park Playground,B051,D-198,True,grouped,N1g2-120,True,grouped,N2-203,True,grouped,N3-S-B051,False,robust_isolated
B052,Leif Ericson Park,B052,D-041,True,grouped,N1g2-074,True,grouped,N2-039,True,grouped,N3-S-B052,False,robust_isolated
B054,Lincoln Terrace / Arthur S. Somers Park,B054,D-084,True,grouped,N1g2-022,True,grouped,N2-199,True,grouped,N3-S-B054,False,robust_isolated
B055,Sternberg Park,B055,D-064,True,grouped,N1-S-B055,False,unstable,N2-084,True,grouped,N3-S-B055,False,robust_isolated
B056,Martin Luther King Jr. Playground,B056,D-042,True,grouped,N1g2-033,True,grouped,N2-008,True,grouped,N3-S-B056,False,robust_isolated
B058,McCarren Park,B058,D-065,True,grouped,N1g2-045,True,grouped,N2-040,True,grouped,N3-S-B058,False,robust_isolated
B060,McKinley Park,B060,D-S-B060,False,unstable,N1g2-074,True,grouped,N2-S-B060,False,unstable,N3-S-B060,False,robust_isolated
B061,McLaughlin Park,B061,D-016,True,grouped,N1g2-046,True,grouped,N2-057,True,grouped,N3-S-B061,False,robust_isolated
B062,Memorial Gore,B062,D-039,True,grouped,N1g2-069,True,grouped,N2-056,True,grouped,N3-S-B062,False,unstable
B063,Milestone Park,B063,D-199,True,grouped,N1-S-B063,False,unstable,N2-S-B063,False,robust_isolated,N3-S-B063,False,robust_isolated
B066,Owl's Head Park,B066,D-200,True,grouped,N1g2-197,True,grouped,N2-039,True,grouped,N3-S-B066,False,robust_isolated
B068,Parade Ground,B068,D-087,True,grouped,N1g2-198,True,grouped,N2-134,True,grouped,N3-S-B068,False,robust_isolated
B070,Machate Circle,B070,D-087,True,grouped,N1-S-B070,False,unstable,N2-134,True,grouped,N3-S-B070,False,robust_isolated
B077,Coffey Park,B077,D-S-B077,False,unstable,N1-S-B077,False,unstable,N2-S-B077,False,unstable,N3-S-B077,False,robust_isolated
B078,Grace Playground,B078,D-S-B078,False,unstable,N1g2-121,True,grouped,N2-085,True,grouped,N3-S-B078,False,robust_isolated
B079,Saratoga Park,B079,D-133,True,grouped,N1g2-075,True,grouped,N2-086,True,grouped,N3-S-B079,False,unstable
B080,Asser Levy Park,B080,D-201,True,grouped,N1g2-199,True,grouped,N2-135,True,grouped,N3-S-B080,False,unstable
B082#1,Shore Park and Parkway (1/10),B082,D-041,True,grouped,N1g2-197,True,grouped,N2-039,True,grouped,N3-S-B082#1,False,robust_isolated
B082#10,Shore Park and Parkway (10/10),B082,D-200,True,grouped,N1-S-B082#10,False,unstable,N2-039,True,grouped,N3-S-B082#10,False,robust_isolated
B082#2,Shore Park and Parkway (2/10),B082,D-S-B082#2,False,unstable,N1-S-B082#2,False,unstable,N2-S-B082#2,False,unstable,N3-S-B082#2,False,robust_isolated
B082#3,Shore Park and Parkway (3/10),B082,D-S-B082#3,False,unstable,N1-S-B082#3,False,unstable,N2-S-B082#3,False,unstable,N3-S-B082#3,False,robust_isolated
B082#4,Shore Park and Parkway (4/10),B082,D-131,True,grouped,N1g2-118,True,grouped,N2-083,True,grouped,N3-S-B082#4,False,robust_isolated
B082#5,Shore Park and Parkway (5/10),B082,D-202,True,grouped,N1-S-B082#5,False,robust_isolated,N2-S-B082#5,False,robust_isolated,N3-S-B082#5,False,robust_isolated
B082#7,Shore Park and Parkway (7/10),B082,D-S-B082#7,False,unstable,N1-S-B082#7,False,unstable,N2-083,True,grouped,N3-S-B082#7,False,robust_isolated
B082#8,Shore Park and Parkway (8/10),B082,D-134,True,grouped,N1g2-122,True,grouped,N2-136,True,grouped,N3-S-B082#8,False,unstable
B082#9,Shore Park and Parkway (9/10),B082,D-S-B082#9,False,unstable,N1-S-B082#9,False,unstable,N2-S-B082#9,False,unstable,N3-S-B082#9,False,robust_isolated
B087,Sunset Park,B087,D-S-B087,False,unstable,N1g2-123,True,grouped,N2-137,True,grouped,N3-S-B087,False,robust_isolated
B088,Herbert Von King Park,B088,D-088,True,grouped,N1g2-047,True,grouped,N2-041,True,grouped,N3-S-B088,False,robust_isolated
B089,Lowry Triangle,B089,D-S-B089,False,unstable,N1g2-200,True,grouped,N2-204,True,grouped,N3-S-B089,False,robust_isolated
B090,Sobel Playground,B090,D-203,True,grouped,N1g2-001,True,grouped,N2-002,True,grouped,N3-S-B090,False,robust_isolated
B093,Weeksville Playground,B093,D-S-B093,False,unstable,N1g2-034,True,grouped,N2-S-B093,False,unstable,N3-012,True,grouped
B094,Sgt. Joyce Kilmer Square,B094,D-S-B094,False,unstable,N1-S-B094,False,unstable,N2-S-B094,False,unstable,N3-S-B094,False,robust_isolated
B095,Ennis Playground,B095,D-S-B095,False,unstable,N1-S-B095,False,unstable,N2-S-B095,False,robust_isolated,N3-S-B095,False,robust_isolated
B096,Sgt. William Dougherty Playground,B096,D-S-B096,False,unstable,N1-S-B096,False,unstable,N2-S-B096,False,unstable,N3-S-B096,False,robust_isolated
B097,Sledge Playground,B097,D-S-B097,False,unstable,N1-S-B097,False,unstable,N2-S-B097,False,robust_isolated,N3-S-B097,False,robust_isolated
B098,Martin Luther Playground,B098,D-S-B098,False,unstable,N1-S-B098,False,unstable,N2-S-B098,False,unstable,N3-S-B098,False,robust_isolated
B099,Lt. Joseph Petrosino Park,B099,D-S-B099,False,robust_isolated,N1-S-B099,False,unstable,N2-S-B099,False,robust_isolated,N3-S-B099,False,robust_isolated
B100,Seth Low Playground/ Bealin Square,B100,D-S-B100,False,unstable,N1-S-B100,False,unstable,N2-S-B100,False,unstable,N3-S-B100,False,robust_isolated
B102,Crispus Attucks Playground,B102,D-089,True,grouped,N1g2-201,True,grouped,N2-205,True,grouped,N3-S-B102,False,robust_isolated
B103,Cypress Hills Playground,B103,D-S-B103,False,unstable,N1-S-B103,False,unstable,N2-206,True,grouped,N3-S-B103,False,robust_isolated
B105,Taaffe Playground,B105,D-S-B105,False,unstable,N1g2-202,True,grouped,N2-S-B105,False,unstable,N3-S-B105,False,robust_isolated
B106A,Police Officer John G. Scarangella Park,B106A,D-135,True,grouped,N1g2-076,True,grouped,N2-207,True,grouped,N3-S-B106A,False,robust_isolated
B106B,Lafayette Playground,B106B,D-135,True,grouped,N1-S-B106B,False,unstable,N2-S-B106B,False,unstable,N3-S-B106B,False,robust_isolated
B107,Lion's Pride Playground,B107,D-090,True,grouped,N1g2-203,True,grouped,N2-208,True,grouped,N3-S-B107,False,robust_isolated
B109,Bill Brown Playground,B109,D-S-B109,False,unstable,N1g2-124,True,grouped,N2-S-B109,False,unstable,N3-S-B109,False,robust_isolated
B110,Marion Hopkinson Playground,B110,D-204,True,grouped,N1g2-204,True,grouped,N2-209,True,grouped,N3-S-B110,False,unstable
B111,Washington Park,B111,D-205,True,grouped,N1-S-B111,False,unstable,N2-S-B111,False,unstable,N3-S-B111,False,robust_isolated
B111A,Washington Skate Park,B111A,D-205,True,grouped,N1-S-B111A,False,robust_isolated,N2-S-B111A,False,robust_isolated,N3-S-B111A,False,robust_isolated
B113A,Cadman Plaza Park,B113A,D-016,True,grouped,N1g2-046,True,grouped,N2-057,True,grouped,N3-S-B113A,False,robust_isolated
B113B,Korean War Veterans Plaza,B113B,D-016,True,grouped,N1g2-046,True,grouped,N2-057,True,grouped,N3-S-B113B,False,robust_isolated
B113C,Columbus Park,B113C,D-016,True,grouped,N1g2-046,True,grouped,N2-057,True,grouped,N3-S-B113C,False,robust_isolated
B113E,Walt Whitman Park,B113E,D-016,True,grouped,N1g2-046,True,grouped,N2-057,True,grouped,N3-S-B113E,False,robust_isolated
B114,Msgr. McGolrick Park,B114,D-195,True,grouped,N1g2-195,True,grouped,N2-081,True,grouped,N3-S-B114,False,robust_isolated
B115,Cohn Triangle,B115,D-136,True,grouped,N1g2-048,True,grouped,N2-058,True,grouped,N3-S-B115,False,robust_isolated
B116,Zion Triangle,B116,D-040,True,grouped,N1g2-205,True,grouped,N2-S-B116,False,unstable,N3-S-B116,False,robust_isolated
B117,Lindsay Triangle,B117,D-064,True,grouped,N1g2-068,True,grouped,N2-084,True,grouped,N3-S-B117,False,robust_isolated
B118A,St. Mary's Park,B118A,D-206,True,grouped,N1g2-115,True,grouped,N2-042,True,grouped,N3-S-B118A,False,robust_isolated
B118B,St. Mary's Park,B118B,D-206,True,grouped,N1g2-115,True,grouped,N2-042,True,grouped,N3-S-B118B,False,robust_isolated
B121,Dodger Playground,B121,D-S-B121,False,unstable,N1-S-B121,False,unstable,N2-S-B121,False,robust_isolated,N3-S-B121,False,robust_isolated
B123,Alben Square,B123,D-091,True,grouped,N1g2-049,True,grouped,N2-059,True,grouped,N3-S-B123,False,robust_isolated
B124,William Sheridan Playground,B124,D-092,True,grouped,N1g2-125,True,grouped,N2-210,True,grouped,N3-S-B124,False,robust_isolated
B125,Calvert Vaux Park,B125,D-207,True,grouped,N1-S-B125,False,unstable,N2-S-B125,False,unstable,N3-S-B125,False,robust_isolated
B126,Red Hook Recreation Area,B126,D-208,True,grouped,N1g2-077,True,grouped,N2-042,True,grouped,N3-S-B126,False,robust_isolated
B126A,Todd Triangle,B126A,D-208,True,grouped,N1-S-B126A,False,robust_isolated,N2-S-B126A,False,robust_isolated,N3-S-B126A,False,robust_isolated
B127,Martinez Playground,B127,D-S-B127,False,unstable,N1g2-206,True,grouped,N2-S-B127,False,unstable,N3-S-B127,False,robust_isolated
B128,Colonel David Marcus Playground,B128,D-S-B128,False,unstable,N1-S-B128,False,unstable,N2-S-B128,False,unstable,N3-S-B128,False,robust_isolated
B129,Kaiser Park,B129,D-209,True,grouped,N1g2-035,True,grouped,N2-S-B129,False,unstable,N3-S-B129,False,robust_isolated
B130,Greenwood Playground,B130,D-029,True,grouped,N1g2-207,True,grouped,N2-024,True,grouped,N3-S-B130,False,robust_isolated
B131,Rudd Playground,B131,D-028,True,grouped,N1g2-032,True,grouped,N2-038,True,grouped,N3-S-B131,False,robust_isolated
B132,Gilbert Ramirez Park,B132,D-S-B132,False,unstable,N1-S-B132,False,unstable,N2-S-B132,False,robust_isolated,N3-S-B132,False,robust_isolated
B135,Newtown Barge Playground,B135,D-132,True,grouped,N1-S-B135,False,unstable,N2-S-B135,False,robust_isolated,N3-S-B135,False,robust_isolated
B137,Sixteen Sycamores Playground,B137,D-093,True,grouped,N1-S-B137,False,unstable,N2-S-B137,False,unstable,N3-S-B137,False,robust_isolated
B139,Heckscher Playground,B139,D-S-B139,False,unstable,N1-S-B139,False,unstable,N2-S-B139,False,robust_isolated,N3-S-B139,False,robust_isolated
B140,Banneker Playground,B140,D-088,True,grouped,N1g2-047,True,grouped,N2-041,True,grouped,N3-S-B140,False,robust_isolated
B141,City Line Park,B141,D-137,True,grouped,N1g2-126,True,grouped,N2-138,True,grouped,N3-S-B141,False,robust_isolated
B142,Bedford Playground,B142,D-136,True,grouped,N1g2-048,True,grouped,N2-058,True,grouped,N3-S-B142,False,robust_isolated
B144,Ocean Hill Playground,B144,D-027,True,grouped,N1g2-034,True,grouped,N2-043,True,grouped,N3-S-B144,False,robust_isolated
B145,Thomas Greene Playground,B145,D-S-B145,False,unstable,N1g2-208,True,grouped,N2-S-B145,False,unstable,N3-S-B145,False,robust_isolated
B146,Quaker Parrot Park at the Dust Bowl,B146,D-210,True,grouped,N1g2-074,True,grouped,N2-211,True,grouped,N3-S-B146,False,robust_isolated
B147,Monsignor Crawford Field,B147,D-211,True,grouped,N1-S-B147,False,unstable,N2-S-B147,False,unstable,N3-S-B147,False,robust_isolated
B148,Rolph Henry Playground,B148,D-S-B148,False,unstable,N1-S-B148,False,unstable,N2-S-B148,False,unstable,N3-S-B148,False,robust_isolated
B149A,Elton Playground,B149A,D-S-B149A,False,unstable,N1-S-B149A,False,unstable,N2-212,True,grouped,N3-013,True,grouped
B149B,Linwood Playground,B149B,D-S-B149B,False,unstable,N1-S-B149B,False,unstable,N2-S-B149B,False,unstable,N3-S-B149B,False,robust_isolated
B150,Kolbert Playground,B150,D-S-B150,False,robust_isolated,N1-S-B150,False,unstable,N2-S-B150,False,unstable,N3-S-B150,False,robust_isolated
B151,Dome Playground,B151,D-S-B151,False,unstable,N1-S-B151,False,unstable,N2-S-B151,False,unstable,N3-S-B151,False,robust_isolated
B152,Rappaport Playground,B152,D-S-B152,False,unstable,N1g2-049,True,grouped,N2-S-B152,False,unstable,N3-S-B152,False,robust_isolated
B153,South Pacific Playground,B153,D-212,True,grouped,N1g2-034,True,grouped,N2-139,True,grouped,N3-S-B153,False,unstable
B154,Berry Playground,B154,D-092,True,grouped,N1-S-B154,False,unstable,N2-S-B154,False,robust_isolated,N3-S-B154,False,robust_isolated
B155,Triangle,B155,D-213,True,grouped,N1g2-078,True,grouped,N2-S-B155,False,unstable,N3-S-B155,False,unstable
B156,Powell Playground,B156,D-094,True,grouped,N1g2-050,True,grouped,N2-087,True,grouped,N3-S-B156,False,unstable
B157,Kelly Park Playground,B157,D-198,True,grouped,N1g2-120,True,grouped,N2-203,True,grouped,N3-S-B157,False,robust_isolated
B158,Garibaldi Playground,B158,D-199,True,grouped,N1-S-B158,False,unstable,N2-S-B158,False,robust_isolated,N3-S-B158,False,robust_isolated
B159,Mount Prospect Park,B159,D-129,True,grouped,N1-S-B159,False,unstable,N2-S-B159,False,robust_isolated,N3-S-B159,False,robust_isolated
B160,Ketchum Triangle,B160,D-S-B160,False,unstable,N1-S-B160,False,unstable,N2-S-B160,False,robust_isolated,N3-S-B160,False,robust_isolated
B161,James Forten Playground,B161,D-S-B161,False,unstable,N1g2-200,True,grouped,N2-204,True,grouped,N3-S-B161,False,robust_isolated
B162,Brizzi Playground,B162,D-091,True,grouped,N1g2-049,True,grouped,N2-059,True,grouped,N3-S-B162,False,robust_isolated
B163,Sperandeo Brothers Playground,B163,D-043,True,grouped,N1g2-127,True,grouped,N2-088,True,grouped,N3-S-B163,False,robust_isolated
B164,Bath Beach Park,B164,D-S-B164,False,robust_isolated,N1-S-B164,False,unstable,N2-S-B164,False,unstable,N3-S-B164,False,robust_isolated
B165,Spring Creek Park,B165,D-214,True,grouped,N1g2-209,True,grouped,N2-213,True,grouped,N3-S-B165,False,robust_isolated
B165A,Spring Creek Park,B165A,D-S-B165A,False,unresolved,N1-S-B165A,False,unresolved,N2-S-B165A,False,unresolved,N3-S-B165A,False,unresolved
B166B,Homecrest Playground,B166B,D-S-B166B,False,unstable,N1-S-B166B,False,robust_isolated,N2-S-B166B,False,robust_isolated,N3-S-B166B,False,robust_isolated
B166C,Coney Island Boat Basin,B166C,D-207,True,grouped,N1-S-B166C,False,robust_isolated,N2-S-B166C,False,robust_isolated,N3-S-B166C,False,robust_isolated
B166D,McGuire Fields,B166D,D-S-B166D,False,unstable,N1-S-B166D,False,unstable,N2-S-B166D,False,robust_isolated,N3-S-B166D,False,robust_isolated
B166E,Sixteen Lindens Triangle,B166E,D-S-B166E,False,unstable,N1-S-B166E,False,unstable,N2-S-B166E,False,robust_isolated,N3-S-B166E,False,robust_isolated
B167,La Guardia Playground,B167,D-002,True,grouped,N1-S-B167,False,unstable,N2-002,True,grouped,N3-S-B167,False,robust_isolated
B167A,La Guardia Playground,B167A,D-002,True,grouped,N1g2-001,True,grouped,N2-002,True,grouped,N3-S-B167A,False,robust_isolated
B168,Continental Army Plaza,B168,D-002,True,grouped,N1-S-B168,False,unstable,N2-002,True,grouped,N3-S-B168,False,robust_isolated
B169A,Brighton Playground,B169A,D-S-B169A,False,unstable,N1-S-B169A,False,unstable,N2-135,True,grouped,N3-S-B169A,False,robust_isolated
B169B,Poseidon Playground,B169B,D-066,True,grouped,N1g2-035,True,grouped,N2-060,True,grouped,N3-S-B169B,False,unstable
B171,Linden Sitting Area,B171,D-215,True,grouped,N1g2-210,True,grouped,N2-S-B171,False,unstable,N3-S-B171,False,robust_isolated
B172,Heffernan Triangle,B172,D-S-B172,False,unstable,N1-S-B172,False,unstable,N2-059,True,grouped,N3-S-B172,False,robust_isolated
B173,Fraser Square,B173,D-S-B173,False,unstable,N1g2-211,True,grouped,N2-214,True,grouped,N3-S-B173,False,robust_isolated
B174,Park,B174,D-215,True,grouped,N1-S-B174,False,unstable,N2-S-B174,False,unstable,N3-S-B174,False,unstable
B175,Dahill Triangle,B175,D-S-B175,False,unstable,N1g2-212,True,grouped,N2-215,True,grouped,N3-S-B175,False,robust_isolated
B176,Trust Triangle,B176,D-S-B176,False,unstable,N1-S-B176,False,unstable,N2-S-B176,False,robust_isolated,N3-S-B176,False,robust_isolated
B178,Flatbush Malls,B178,D-095,True,grouped,N1g2-079,True,grouped,N2-089,True,grouped,N3-S-B178,False,robust_isolated
B179,Flatbush Malls,B179,D-095,True,grouped,N1g2-079,True,grouped,N2-089,True,grouped,N3-S-B179,False,robust_isolated
B180,Flatbush Mall,B180,D-095,True,grouped,N1g2-079,True,grouped,N2-089,True,grouped,N3-S-B180,False,robust_isolated
B182,Howard Malls,B182,D-216,True,grouped,N1g2-021,True,grouped,N2-023,True,grouped,N3-S-B182,False,robust_isolated
B184,Avenue R Mall,B184,D-S-B184,False,unstable,N1-S-B184,False,unstable,N2-S-B184,False,robust_isolated,N3-S-B184,False,robust_isolated
B190,Barone Triangle,B190,D-S-B190,False,unstable,N1g2-213,True,grouped,N2-140,True,grouped,N3-S-B190,False,robust_isolated
B191,Park,B191,D-091,True,grouped,N1g2-049,True,grouped,N2-059,True,grouped,N3-S-B191,False,robust_isolated
B192,Russell Pedersen Playground,B192,D-134,True,grouped,N1g2-122,True,grouped,N2-136,True,grouped,N3-S-B192,False,robust_isolated
B192A,Fort Hamilton Athletic Field,B192A,D-134,True,grouped,N1g2-122,True,grouped,N2-136,True,grouped,N3-S-B192A,False,robust_isolated
B193,Hamilton Metz Field,B193,D-S-B193,False,unstable,N1-S-B193,False,beyond_walk_limit,N2-S-B193,False,unstable,N3-S-B193,False,robust_isolated
B194,Harmony Triangle,B194,D-064,True,grouped,N1g2-068,True,grouped,N2-084,True,grouped,N3-S-B194,False,robust_isolated
B196,Pvt. Sonsire Triangle,B196,D-065,True,grouped,N1g2-045,True,grouped,N2-040,True,grouped,N3-S-B196,False,unstable
B197,Mellett Playground,B197,D-S-B197,False,unstable,N1g2-120,True,grouped,N2-S-B197,False,unstable,N3-S-B197,False,robust_isolated
B200,Elizabeth Stroud Playground,B200,D-086,True,grouped,N1-S-B200,False,unstable,N2-S-B200,False,unstable,N3-S-B200,False,unstable
B202,Lithuania Square,B202,D-138,True,grouped,N1g2-214,True,grouped,N2-216,True,grouped,N3-S-B202,False,unstable
B205,Corporal Wiltshire Square,B205,D-S-B205,False,unstable,N1-S-B205,False,unstable,N2-S-B205,False,unstable,N3-S-B205,False,robust_isolated
B206,Sunners Playground,B206,D-S-B206,False,unstable,N1g2-215,True,grouped,N2-S-B206,False,unstable,N3-S-B206,False,robust_isolated
B207,Sarsfield Playground,B207,D-S-B207,False,unstable,N1g2-211,True,grouped,N2-214,True,grouped,N3-S-B207,False,robust_isolated
B208,Pfc Norton Playground,B208,D-217,True,grouped,N1g2-216,True,grouped,N2-217,True,grouped,N3-S-B208,False,unstable
B209,Galapo Playground,B209,D-S-B209,False,unstable,N1g2-217,True,grouped,N2-S-B209,False,unstable,N3-S-B209,False,robust_isolated
B210A,John Allen Payne Playground,B210A,D-041,True,grouped,N1g2-218,True,grouped,N2-039,True,grouped,N3-S-B210A,False,robust_isolated
B210B,D'Emic Playground,B210B,D-S-B210B,False,unstable,N1-S-B210B,False,beyond_walk_limit,N2-S-B210B,False,beyond_walk_limit,N3-S-B210B,False,robust_isolated
B210C,Cough Triangle,B210C,D-S-B210C,False,unstable,N1g2-077,True,grouped,N2-042,True,grouped,N3-S-B210C,False,robust_isolated
B210F,Admiral Triangle,B210F,D-S-B210F,False,unstable,N1g2-077,True,grouped,N2-042,True,grouped,N3-S-B210F,False,robust_isolated
B210G,Triangle Three Sixteen,B210G,D-S-B210G,False,unstable,N1-S-B210G,False,unstable,N2-S-B210G,False,unstable,N3-S-B210G,False,robust_isolated
B210H,Harold Ickes Playground,B210H,D-007,True,grouped,N1g2-023,True,grouped,N2-009,True,grouped,N3-S-B210H,False,robust_isolated
B210I,Gonzalo Plasencia Playground,B210I,D-S-B210I,False,unstable,N1g2-123,True,grouped,N2-137,True,grouped,N3-S-B210I,False,robust_isolated
B210J,Pena Herrera Playground,B210J,D-S-B210J,False,unstable,N1g2-123,True,grouped,N2-137,True,grouped,N3-S-B210J,False,robust_isolated
B210L,64th Street Community Garden,B210L,D-041,True,grouped,N1-S-B210L,False,unstable,N2-S-B210L,False,robust_isolated,N3-S-B210L,False,robust_isolated
B210M,Park,B210M,D-041,True,grouped,N1g2-218,True,grouped,N2-039,True,grouped,N3-S-B210M,False,robust_isolated
B210N,Park,B210N,D-041,True,grouped,N1-S-B210N,False,unstable,N2-S-B210N,False,robust_isolated,N3-S-B210N,False,robust_isolated
B210O,Park,B210O,D-210,True,grouped,N1g2-074,True,grouped,N2-211,True,grouped,N3-S-B210O,False,robust_isolated
B210P,Dan Ross Playground,B210P,D-044,True,grouped,N1-S-B210P,False,unstable,N2-S-B210P,False,unstable,N3-S-B210P,False,robust_isolated
B210Q,Park,B210Q,D-044,True,grouped,N1g2-219,True,grouped,N2-218,True,grouped,N3-S-B210Q,False,unstable
B210R,Park,B210R,D-044,True,grouped,N1-S-B210R,False,unstable,N2-S-B210R,False,robust_isolated,N3-S-B210R,False,robust_isolated
B210S,Park,B210S,D-044,True,grouped,N1g2-220,True,grouped,N2-219,True,grouped,N3-S-B210S,False,unstable
B210T,Park,B210T,D-044,True,grouped,N1g2-220,True,grouped,N2-219,True,grouped,N3-S-B210T,False,unstable
B210U,Park,B210U,D-S-B210U,False,unstable,N1-S-B210U,False,unstable,N2-S-B210U,False,robust_isolated,N3-S-B210U,False,robust_isolated
B210V,Park,B210V,D-S-B210V,False,unstable,N1-S-B210V,False,unstable,N2-S-B210V,False,robust_isolated,N3-S-B210V,False,robust_isolated
B210W,John J Carty Park,B210W,D-131,True,grouped,N1g2-118,True,grouped,N2-083,True,grouped,N3-S-B210W,False,unstable
B211,Lady Moody Triangle,B211,D-S-B211,False,unstable,N1g2-076,True,grouped,N2-S-B211,False,unstable,N3-S-B211,False,robust_isolated
B212,Hot Spot Tot Lot,B212,D-095,True,grouped,N1g2-079,True,grouped,N2-089,True,grouped,N3-S-B212,False,robust_isolated
B213,Gravesend Triangle,B213,D-S-B213,False,unstable,N1-S-B213,False,unstable,N2-S-B213,False,unstable,N3-S-B213,False,robust_isolated
B214,Linden Park,B214,D-218,True,grouped,N1g2-128,True,grouped,N2-220,True,grouped,N3-S-B214,False,robust_isolated
B215,Decatur Playground,B215,D-S-B215,False,unstable,N1g2-221,True,grouped,N2-S-B215,False,unstable,N3-014,True,grouped
B216,Raymond Bush Playground,B216,D-S-B216,False,unstable,N1g2-222,True,grouped,N2-141,True,grouped,N3-015,True,grouped
B217,Marcy Playground,B217,D-017,True,grouped,N1g2-016,True,grouped,N2-013,True,grouped,N3-S-B217,False,robust_isolated
B218,Paerdegat Park,B218,D-S-B218,False,unstable,N1g2-223,True,grouped,N2-221,True,grouped,N3-S-B218,False,robust_isolated
B219,Callahan-Kelly Playground,B219,D-028,True,grouped,N1g2-032,True,grouped,N2-038,True,grouped,N3-S-B219,False,robust_isolated
B220,Washington Hall Park,B220,D-S-B220,False,unstable,N1g2-202,True,grouped,N2-S-B220,False,unstable,N3-S-B220,False,unstable
B221,Steuben Playground,B221,D-096,True,grouped,N1g2-224,True,grouped,N2-142,True,grouped,N3-S-B221,False,beyond_walk_limit
B222,Pierrepont Playground,B222,D-008,True,grouped,N1g2-010,True,grouped,N2-025,True,grouped,N3-S-B222,False,unstable
B223A,Dimattina Playground,B223A,D-007,True,grouped,N1g2-077,True,grouped,N2-042,True,grouped,N3-S-B223A,False,robust_isolated
B223B,Dimattina Playground,B223B,D-007,True,grouped,N1-S-B223B,False,unstable,N2-S-B223B,False,robust_isolated,N3-S-B223B,False,robust_isolated
B223C,Park,B223C,D-007,True,grouped,N1g2-023,True,grouped,N2-009,True,grouped,N3-S-B223C,False,robust_isolated
B223DA,Adam Yauch Park,B223DA,D-008,True,grouped,N1g2-010,True,grouped,N2-133,True,grouped,N3-S-B223DA,False,unstable
B223DB,Brooklyn Heights Promenade,B223DB,D-008,True,grouped,N1g2-010,True,grouped,N2-025,True,grouped,N3-001,True,grouped
B223DC,Brooklyn Heights Promenade,B223DC,D-008,True,grouped,N1g2-010,True,grouped,N2-025,True,grouped,N3-001,True,grouped
B223DD,Brooklyn Heights Promenade,B223DD,D-008,True,grouped,N1g2-010,True,grouped,N2-025,True,grouped,N3-S-B223DD,False,robust_isolated
B223DE,Brooklyn Heights Promenade,B223DE,D-008,True,grouped,N1g2-010,True,grouped,N2-025,True,grouped,N3-S-B223DE,False,robust_isolated
B223DF,Brooklyn Heights Promenade,B223DF,D-008,True,grouped,N1g2-010,True,grouped,N2-025,True,grouped,N3-S-B223DF,False,robust_isolated
B223DG,Brooklyn Heights Promenade,B223DG,D-013,True,grouped,N1g2-009,True,grouped,N2-004,True,grouped,N3-001,True,grouped
B223DH,Brooklyn Heights Promenade,B223DH,D-013,True,grouped,N1g2-009,True,grouped,N2-004,True,grouped,N3-001,True,grouped
B223DI,Brooklyn Heights Promenade,B223DI,D-013,True,grouped,N1g2-009,True,grouped,N2-004,True,grouped,N3-001,True,grouped
B223DJ,Brooklyn Heights Promenade,B223DJ,D-013,True,grouped,N1g2-009,True,grouped,N2-004,True,grouped,N3-001,True,grouped
B223DK,Brooklyn Heights Promenade,B223DK,D-008,True,grouped,N1g2-010,True,grouped,N2-004,True,grouped,N3-S-B223DK,False,robust_isolated
B223E,Fruit Street Sitting Area,B223E,D-013,True,grouped,N1g2-009,True,grouped,N2-004,True,grouped,N3-001,True,grouped
B223F,Squibb Park,B223F,D-013,True,grouped,N1g2-009,True,grouped,N2-004,True,grouped,N3-001,True,grouped
B223G,Hillside Dog Park,B223G,D-013,True,grouped,N1g2-009,True,grouped,N2-004,True,grouped,N3-S-B223G,False,robust_isolated
B223H,Harry Chapin Playground,B223H,D-013,True,grouped,N1g2-009,True,grouped,N2-004,True,grouped,N3-S-B223H,False,robust_isolated
B223I,Anchorage Plaza,B223I,D-016,True,grouped,N1g2-036,True,grouped,N2-026,True,grouped,N3-S-B223I,False,robust_isolated
B223IA,Clumber Corner,B223IA,D-016,True,grouped,N1g2-036,True,grouped,N2-026,True,grouped,N3-S-B223IA,False,robust_isolated
B223IB,Bar and Grill Park,B223IB,D-018,True,grouped,N1g2-036,True,grouped,N2-026,True,grouped,N3-S-B223IB,False,robust_isolated
B223IC,Park,B223IC,D-018,True,grouped,N1-S-B223IC,False,unstable,N2-S-B223IC,False,robust_isolated,N3-S-B223IC,False,robust_isolated
B223JA,Park,B223JA,D-018,True,grouped,N1-S-B223JA,False,unstable,N2-S-B223JA,False,robust_isolated,N3-S-B223JA,False,robust_isolated
B223JB,Susan Smith McKinney Steward Park,B223JB,D-018,True,grouped,N1g2-036,True,grouped,N2-026,True,grouped,N3-S-B223JB,False,robust_isolated
B223JC,Bridge Park 3,B223JC,D-018,True,grouped,N1g2-036,True,grouped,N2-026,True,grouped,N3-S-B223JC,False,robust_isolated
B223JD,Maritcha R. Lyons Park,B223JD,D-018,True,grouped,N1g2-036,True,grouped,N2-026,True,grouped,N3-S-B223JD,False,robust_isolated
B223K,Trinity Park,B223K,D-018,True,grouped,N1g2-042,True,grouped,N2-036,True,grouped,N3-S-B223K,False,unstable
B223MA,Arbor Place,B223MA,D-082,True,grouped,N1g2-042,True,grouped,N2-036,True,grouped,N3-S-B223MA,False,unstable
B223NA,Classon Playground,B223NA,D-096,True,grouped,N1g2-224,True,grouped,N2-142,True,grouped,N3-S-B223NA,False,robust_isolated
B223NB,Classon Triangle,B223NB,D-096,True,grouped,N1-S-B223NB,False,unstable,N2-S-B223NB,False,unstable,N3-S-B223NB,False,robust_isolated
B223NC,Penn Triangle,B223NC,D-096,True,grouped,N1-S-B223NC,False,unstable,N2-142,True,grouped,N3-S-B223NC,False,robust_isolated
B223OB,Marcy Park South,B223OB,D-002,True,grouped,N1g2-001,True,grouped,N2-002,True,grouped,N3-S-B223OB,False,robust_isolated
B223OC,Rodney Park South,B223OC,D-002,True,grouped,N1g2-001,True,grouped,N2-002,True,grouped,N3-S-B223OC,False,robust_isolated
B223PA,Rodney Park Center,B223PA,D-002,True,grouped,N1g2-001,True,grouped,N2-002,True,grouped,N3-S-B223PA,False,robust_isolated
B223PB,Rodney Park North,B223PB,D-002,True,grouped,N1g2-001,True,grouped,N2-002,True,grouped,N3-S-B223PB,False,robust_isolated
B223PC,Strawberry Playground,B223PC,D-002,True,grouped,N1g2-001,True,grouped,N2-002,True,grouped,N3-S-B223PC,False,robust_isolated
B223PD,Rodney Playground Center,B223PD,D-002,True,grouped,N1g2-001,True,grouped,N2-002,True,grouped,N3-S-B223PD,False,robust_isolated
B223PE,Blue Playground,B223PE,D-002,True,grouped,N1g2-001,True,grouped,N2-002,True,grouped,N3-S-B223PE,False,robust_isolated
B223QA,Marcy Green South,B223QA,D-002,True,grouped,N1g2-001,True,grouped,N2-002,True,grouped,N3-S-B223QA,False,robust_isolated
B223QB,Marcy Green Center,B223QB,D-002,True,grouped,N1g2-001,True,grouped,N2-002,True,grouped,N3-S-B223QB,False,robust_isolated
B223QC,Marcy Green North,B223QC,D-002,True,grouped,N1g2-001,True,grouped,N2-002,True,grouped,N3-S-B223QC,False,robust_isolated
B223R,Jaime Campiz Playground,B223R,D-139,True,grouped,N1g2-129,True,grouped,N2-222,True,grouped,N3-S-B223R,False,unstable
B223S,Macri Triangle,B223S,D-139,True,grouped,N1g2-129,True,grouped,N2-040,True,grouped,N3-S-B223S,False,robust_isolated
B223T,Father Giorgio Triangle,B223T,D-065,True,grouped,N1g2-045,True,grouped,N2-040,True,grouped,N3-S-B223T,False,robust_isolated
B223U,Lentol Garden,B223U,D-S-B223U,False,unstable,N1-S-B223U,False,unstable,N2-081,True,grouped,N3-S-B223U,False,robust_isolated
B223V,Badame Sessa Triangle,B223V,D-065,True,grouped,N1g2-045,True,grouped,N2-040,True,grouped,N3-S-B223V,False,robust_isolated
B224,P.O. Reinaldo Salgado Playground,B224,D-140,True,grouped,N1g2-051,True,grouped,N2-090,True,grouped,N3-S-B224,False,beyond_walk_limit
B224A,Citizens For A Better Community,B224A,D-140,True,grouped,N1g2-051,True,grouped,N2-090,True,grouped,N3-S-B224A,False,beyond_walk_limit
B225,St. Andrew's Playground,B225,D-219,True,grouped,N1g2-225,True,grouped,N2-223,True,grouped,N3-S-B225,False,robust_isolated
B226,Mt. Carmel Triangle,B226,D-139,True,grouped,N1g2-129,True,grouped,N2-040,True,grouped,N3-S-B226,False,unstable
B227,P.S. 125 Playground,B227,D-S-B227,False,unstable,N1g2-080,True,grouped,N2-044,True,grouped,N3-S-B227,False,robust_isolated
B228,Dr. Green Playground,B228,D-097,True,grouped,N1g2-050,True,grouped,N2-044,True,grouped,N3-S-B228,False,unstable
B229,Triangle,B229,D-211,True,grouped,N1-S-B229,False,unstable,N2-S-B229,False,robust_isolated,N3-S-B229,False,robust_isolated
B230,Nicholas Naquan Heyward Jr. Park,B230,D-220,True,grouped,N1-S-B230,False,unstable,N2-S-B230,False,robust_isolated,N3-S-B230,False,robust_isolated
B231,Samuel Goldberg Triangle,B231,D-S-B231,False,unstable,N1g2-212,True,grouped,N2-215,True,grouped,N3-S-B231,False,robust_isolated
B232,Dean Playground,B232,D-S-B232,False,unstable,N1-S-B232,False,unstable,N2-S-B232,False,robust_isolated,N3-S-B232,False,robust_isolated
B233,Park,B233,D-016,True,grouped,N1-S-B233,False,unstable,N2-036,True,grouped,N3-S-B233,False,robust_isolated
B234,Tilden Playground,B234,D-S-B234,False,robust_isolated,N1-S-B234,False,robust_isolated,N2-S-B234,False,robust_isolated,N3-S-B234,False,robust_isolated
B235,Herman Dolgon Playground,B235,D-S-B235,False,unstable,N1g2-217,True,grouped,N2-S-B235,False,unstable,N3-S-B235,False,robust_isolated
B236,Glenwood Playground,B236,D-S-B236,False,unstable,N1-S-B236,False,unstable,N2-S-B236,False,unstable,N3-S-B236,False,robust_isolated
B237,John Hancock Playground,B237,D-S-B237,False,unstable,N1g2-130,True,grouped,N2-S-B237,False,unstable,N3-S-B237,False,robust_isolated
B239,Sheepshead Playground,B239,D-141,True,grouped,N1g2-226,True,grouped,N2-S-B239,False,unstable,N3-S-B239,False,robust_isolated
B240,Tucker Place,B240,D-221,True,grouped,N1-S-B240,False,robust_isolated,N2-S-B240,False,robust_isolated,N3-S-B240,False,robust_isolated
B242,Meucci Triangle,B242,D-135,True,grouped,N1g2-076,True,grouped,N2-207,True,grouped,N3-S-B242,False,robust_isolated
B243,Golconda Playground,B243,D-082,True,grouped,N1g2-042,True,grouped,N2-036,True,grouped,N3-S-B243,False,unstable
B244,McDonald Playground,B244,D-S-B244,False,unstable,N1-S-B244,False,unstable,N2-S-B244,False,robust_isolated,N3-S-B244,False,robust_isolated
B245,St. John's Park,B245,D-222,True,grouped,N1g2-071,True,grouped,N2-045,True,grouped,N3-S-B245,False,robust_isolated
B246,Jerome Playground,B246,D-S-B246,False,unstable,N1-S-B246,False,beyond_walk_limit,N2-S-B246,False,beyond_walk_limit,N3-S-B246,False,robust_isolated
B247,Breukelen Ballfields,B247,D-223,True,grouped,N1g2-128,True,grouped,N2-S-B247,False,unstable,N3-S-B247,False,robust_isolated
B248,Fox Playground,B248,D-S-B248,False,unstable,N1g2-215,True,grouped,N2-S-B248,False,unstable,N3-S-B248,False,robust_isolated
B249,Van Dyke Playground,B249,D-S-B249,False,unstable,N1g2-052,True,grouped,N2-S-B249,False,unstable,N3-S-B249,False,robust_isolated
B250,Nostrand Playground,B250,D-S-B250,False,unstable,N1-S-B250,False,beyond_walk_limit,N2-S-B250,False,unstable,N3-S-B250,False,robust_isolated
B251,Manhattan Beach Park,B251,D-S-B251,False,robust_isolated,N1-S-B251,False,robust_isolated,N2-S-B251,False,robust_isolated,N3-S-B251,False,robust_isolated
B252,West Playground,B252,D-S-B252,False,unstable,N1-S-B252,False,unstable,N2-S-B252,False,robust_isolated,N3-S-B252,False,robust_isolated
B253,Albert L. Parham Playground,B253,D-130,True,grouped,N1g2-072,True,grouped,N2-082,True,grouped,N3-016,True,grouped
B254,Wingate Park,B254,D-S-B254,False,unstable,N1-S-B254,False,unstable,N2-S-B254,False,unstable,N3-S-B254,False,robust_isolated
B255A,Park,B255A,D-224,True,grouped,N1-S-B255A,False,unstable,N2-S-B255A,False,robust_isolated,N3-S-B255A,False,robust_isolated
B255B,Park,B255B,D-224,True,grouped,N1-S-B255B,False,unstable,N2-S-B255B,False,unstable,N3-S-B255B,False,robust_isolated
B255C,Purple Playground,B255C,D-045,True,grouped,N1g2-053,True,grouped,N2-061,True,grouped,N3-S-B255C,False,robust_isolated
B255D,Park,B255D,D-045,True,grouped,N1g2-053,True,grouped,N2-061,True,grouped,N3-S-B255D,False,robust_isolated
B255E,Park,B255E,D-045,True,grouped,N1g2-053,True,grouped,N2-061,True,grouped,N3-S-B255E,False,robust_isolated
B255F,Detective Joseph Mayrose Park,B255F,D-045,True,grouped,N1g2-053,True,grouped,N2-061,True,grouped,N3-S-B255F,False,robust_isolated
B255G,Butterfly Gardens,B255G,D-045,True,grouped,N1-S-B255G,False,unstable,N2-S-B255G,False,unstable,N3-S-B255G,False,robust_isolated
B255H,Thomas J. Cuite Park,B255H,D-029,True,grouped,N1g2-131,True,grouped,N2-024,True,grouped,N3-S-B255H,False,robust_isolated
B255I,Park,B255I,D-029,True,grouped,N1g2-131,True,grouped,N2-024,True,grouped,N3-S-B255I,False,robust_isolated
B255J,Seeley Park,B255J,D-029,True,grouped,N1-S-B255J,False,unstable,N2-024,True,grouped,N3-S-B255J,False,robust_isolated
B255K,Sitting Area,B255K,D-029,True,grouped,N1g2-131,True,grouped,N2-024,True,grouped,N3-S-B255K,False,robust_isolated
B255L,"Captain John McKenna, IV Park",B255L,D-029,True,grouped,N1g2-207,True,grouped,N2-024,True,grouped,N3-S-B255L,False,robust_isolated
B255M,Park,B255M,D-087,True,grouped,N1-S-B255M,False,unstable,N2-024,True,grouped,N3-S-B255M,False,robust_isolated
B255N,Park,B255N,D-087,True,grouped,N1-S-B255N,False,unstable,N2-134,True,grouped,N3-S-B255N,False,robust_isolated
B255O,Park,B255O,D-S-B255O,False,unstable,N1-S-B255O,False,unstable,N2-S-B255O,False,beyond_walk_limit,N3-S-B255O,False,robust_isolated
B257,Frost Playground,B257,D-S-B257,False,unstable,N1-S-B257,False,unstable,N2-S-B257,False,unstable,N3-S-B257,False,robust_isolated
B258,Brevoort Playground,B258,D-225,True,grouped,N1g2-075,True,grouped,N2-086,True,grouped,N3-S-B258,False,robust_isolated
B259,Underwood Park,B259,D-226,True,grouped,N1g2-227,True,grouped,N2-224,True,grouped,N3-S-B259,False,robust_isolated
B260,Howard Playground,B260,D-094,True,grouped,N1g2-050,True,grouped,N2-087,True,grouped,N3-S-B260,False,unstable
B260A,Howard Pool,B260A,D-094,True,grouped,N1-S-B260A,False,unstable,N2-037,True,grouped,N3-S-B260A,False,robust_isolated
B261,Sankofa Park,B261,D-067,True,grouped,N1g2-037,True,grouped,N2-008,True,grouped,N3-S-B261,False,unstable
B262,Potomac Playground,B262,D-227,True,grouped,N1g2-081,True,grouped,N2-S-B262,False,beyond_walk_limit,N3-S-B262,False,unstable
B263,Sumner Playground,B263,D-098,True,grouped,N1-S-B263,False,unstable,N2-S-B263,False,robust_isolated,N3-S-B263,False,robust_isolated
B264,Roebling Playground,B264,D-203,True,grouped,N1g2-001,True,grouped,N2-002,True,grouped,N3-S-B264,False,robust_isolated
B265,Rainbow Playground,B265,D-S-B265,False,robust_isolated,N1-S-B265,False,unstable,N2-S-B265,False,unstable,N3-S-B265,False,robust_isolated
B266,Star Spangled Playground,B266,D-142,True,grouped,N1g2-038,True,grouped,N2-143,True,grouped,N3-S-B266,False,robust_isolated
B267,Winthrop Playground,B267,D-S-B267,False,unstable,N1-S-B267,False,unstable,N2-S-B267,False,unstable,N3-S-B267,False,robust_isolated
B268,Nautilus Playground,B268,D-066,True,grouped,N1g2-035,True,grouped,N2-060,True,grouped,N3-S-B268,False,robust_isolated
B269,Jesse Owens Playground,B269,D-S-B269,False,unstable,N1g2-194,True,grouped,N2-198,True,grouped,N3-011,True,grouped
B270,Brownsville Playground,B270,D-083,True,grouped,N1g2-070,True,grouped,N2-079,True,grouped,N3-S-B270,False,robust_isolated
B271,Railroad Playground,B271,D-S-B271,False,unstable,N1g2-210,True,grouped,N2-S-B271,False,unstable,N3-S-B271,False,robust_isolated
B272,Marlboro Playground,B272,D-S-B272,False,unstable,N1-S-B272,False,unstable,N2-S-B272,False,robust_isolated,N3-S-B272,False,robust_isolated
B273,Aimee Triangle,B273,D-217,True,grouped,N1g2-216,True,grouped,N2-217,True,grouped,N3-S-B273,False,robust_isolated
B274,Bayview Playground,B274,D-S-B274,False,robust_isolated,N1-S-B274,False,robust_isolated,N2-S-B274,False,robust_isolated,N3-S-B274,False,robust_isolated
B275,Grady Playground,B275,D-S-B275,False,unstable,N1-S-B275,False,robust_isolated,N2-S-B275,False,robust_isolated,N3-S-B275,False,robust_isolated
B277,Benson Playground,B277,D-S-B277,False,unstable,N1-S-B277,False,unstable,N2-S-B277,False,unstable,N3-S-B277,False,robust_isolated
B278,Sam Leggio Triangle,B278,D-S-B278,False,unstable,N1-S-B278,False,unstable,N2-S-B278,False,unstable,N3-S-B278,False,robust_isolated
B279,Wilson Playground,B279,D-S-B279,False,unstable,N1g2-228,True,grouped,N2-S-B279,False,unstable,N3-S-B279,False,robust_isolated
B282,Patrick O'Rourke Playground,B282,D-S-B282,False,unstable,N1g2-219,True,grouped,N2-S-B282,False,unstable,N3-S-B282,False,robust_isolated
B283,Belmont Playground,B283,D-S-B283,False,unstable,N1-S-B283,False,unstable,N2-091,True,grouped,N3-S-B283,False,robust_isolated
B284,Marc And Jason's Playground,B284,D-S-B284,False,unstable,N1-S-B284,False,unstable,N2-S-B284,False,robust_isolated,N3-S-B284,False,robust_isolated
B285,Harry Maze Playground,B285,D-228,True,grouped,N1-S-B285,False,unstable,N2-225,True,grouped,N3-S-B285,False,robust_isolated
B286,Bartlett Playground,B286,D-S-B286,False,unstable,N1-S-B286,False,unstable,N2-S-B286,False,robust_isolated,N3-S-B286,False,robust_isolated
B287,Andries Playground,B287,D-S-B287,False,unstable,N1-S-B287,False,unstable,N2-S-B287,False,unstable,N3-S-B287,False,unstable
B288,Slope Park Playground,B288,D-045,True,grouped,N1g2-053,True,grouped,N2-061,True,grouped,N3-S-B288,False,robust_isolated
B289,Cutinella Triangle,B289,D-S-B289,False,unstable,N1g2-076,True,grouped,N2-S-B289,False,unstable,N3-S-B289,False,robust_isolated
B290,Public Place,B290,D-S-B290,False,unstable,N1g2-132,True,grouped,N2-S-B290,False,unstable,N3-S-B290,False,robust_isolated
B291,Power Playground,B291,D-S-B291,False,unstable,N1-S-B291,False,unstable,N2-S-B291,False,unstable,N3-S-B291,False,robust_isolated
B292,Pratt Playground,B292,D-S-B292,False,unstable,N1-S-B292,False,unstable,N2-S-B292,False,unstable,N3-S-B292,False,robust_isolated
B293,Classon Playground,B293,D-142,True,grouped,N1g2-038,True,grouped,N2-143,True,grouped,N3-S-B293,False,unstable
B294,Jackie Robinson Park Playground,B294,D-019,True,grouped,N1g2-044,True,grouped,N2-200,True,grouped,N3-S-B294,False,unstable
B295,Oxport Playground,B295,D-082,True,grouped,N1g2-042,True,grouped,N2-036,True,grouped,N3-S-B295,False,beyond_walk_limit
B296,Luna Playground,B296,D-S-B296,False,unstable,N1-S-B296,False,unstable,N2-S-B296,False,robust_isolated,N3-S-B296,False,robust_isolated
B297,Albemarle Playground,B297,D-S-B297,False,unstable,N1-S-B297,False,unstable,N2-S-B297,False,unstable,N3-S-B297,False,robust_isolated
B298,Stockton Playground,B298,D-017,True,grouped,N1-S-B298,False,unstable,N2-S-B298,False,unstable,N3-S-B298,False,robust_isolated
B300,Oracle Playground,B300,D-S-B300,False,unstable,N1g2-072,True,grouped,N2-082,True,grouped,N3-016,True,grouped
B301,Greene Playground,B301,D-226,True,grouped,N1g2-227,True,grouped,N2-224,True,grouped,N3-S-B301,False,robust_isolated
B302,Charlie's Place,B302,D-S-B302,False,unstable,N1-S-B302,False,unstable,N2-S-B302,False,robust_isolated,N3-S-B302,False,robust_isolated
B304,Kennedy King Playground,B304,D-S-B304,False,unstable,N1-S-B304,False,unstable,N2-S-B304,False,unstable,N3-017,True,grouped
B305,P.S. 279 Playground,B305,D-S-B305,False,unstable,N1-S-B305,False,unstable,N2-S-B305,False,robust_isolated,N3-S-B305,False,robust_isolated
B306,Playground 286,B306,D-141,True,grouped,N1g2-124,True,grouped,N2-226,True,grouped,N3-S-B306,False,robust_isolated
B307,Tiger Playground,B307,D-229,True,grouped,N1-S-B307,False,unstable,N2-S-B307,False,robust_isolated,N3-S-B307,False,robust_isolated
B308,Yak Playground,B308,D-141,True,grouped,N1g2-124,True,grouped,N2-226,True,grouped,N3-S-B308,False,robust_isolated
B309,Pink Playground,B309,D-S-B309,False,unstable,N1g2-229,True,grouped,N2-227,True,grouped,N3-S-B309,False,robust_isolated
B310,Bushwick Playground,B310,D-143,True,grouped,N1g2-133,True,grouped,N2-144,True,grouped,N3-S-B310,False,robust_isolated
B311,Ten Eyck Playground,B311,D-S-B311,False,unstable,N1g2-206,True,grouped,N2-S-B311,False,unstable,N3-S-B311,False,robust_isolated
B312,Woodruff Playground,B312,D-S-B312,False,unstable,N1g2-229,True,grouped,N2-227,True,grouped,N3-S-B312,False,robust_isolated
B313,El Shabazz Playground,B313,D-S-B313,False,unstable,N1-S-B313,False,unstable,N2-S-B313,False,unstable,N3-S-B313,False,robust_isolated
B315,Surf Playground,B315,D-066,True,grouped,N1g2-035,True,grouped,N2-060,True,grouped,N3-S-B315,False,robust_isolated
B316,DiGilio Playground,B316,D-S-B316,False,unstable,N1-S-B316,False,unstable,N2-S-B316,False,unstable,N3-S-B316,False,robust_isolated
B317,Lafayette Gardens Playground,B317,D-142,True,grouped,N1g2-038,True,grouped,N2-143,True,grouped,N3-S-B317,False,unstable
B320,Park Slope Playground,B320,D-S-B320,False,unstable,N1g2-208,True,grouped,N2-S-B320,False,unstable,N3-S-B320,False,robust_isolated
B321,Edmonds Playground,B321,D-130,True,grouped,N1g2-072,True,grouped,N2-082,True,grouped,N3-S-B321,False,robust_isolated
B322,Pulaski Playground,B322,D-098,True,grouped,N1-S-B322,False,unstable,N2-S-B322,False,unstable,N3-S-B322,False,robust_isolated
B323,Hattie Carthan Playground,B323,D-144,True,grouped,N1g2-081,True,grouped,N2-S-B323,False,unstable,N3-015,True,grouped
B324,Jacob Joffe Fields,B324,D-S-B324,False,unstable,N1-S-B324,False,unstable,N2-S-B324,False,robust_isolated,N3-S-B324,False,robust_isolated
B325,Fish Playground,B325,D-230,True,grouped,N1g2-082,True,grouped,N2-043,True,grouped,N3-S-B325,False,unstable
B326,Cobble Hill Park,B326,D-S-B326,False,unstable,N1g2-196,True,grouped,N2-133,True,grouped,N3-S-B326,False,robust_isolated
B329,Lindower Park,B329,D-S-B329,False,unstable,N1-S-B329,False,unstable,N2-S-B329,False,robust_isolated,N3-S-B329,False,robust_isolated
B330,Hickman Playground,B330,D-S-B330,False,unstable,N1-S-B330,False,unstable,N2-140,True,grouped,N3-S-B330,False,robust_isolated
B331,Neptune Playground,B331,D-S-B331,False,unstable,N1-S-B331,False,unstable,N2-S-B331,False,robust_isolated,N3-S-B331,False,robust_isolated
B332,Evergreen Playground,B332,D-229,True,grouped,N1-S-B332,False,unstable,N2-S-B332,False,unstable,N3-S-B332,False,unstable
B334,Fermi Playground,B334,D-S-B334,False,unstable,N1g2-073,True,grouped,N2-132,True,grouped,N3-S-B334,False,robust_isolated
B335,Bildersee Playground,B335,D-S-B335,False,unstable,N1g2-230,True,grouped,N2-S-B335,False,unstable,N3-S-B335,False,robust_isolated
B337,Century Playground,B337,D-201,True,grouped,N1g2-199,True,grouped,N2-135,True,grouped,N3-S-B337,False,robust_isolated
B338,Tom McDonald Triangle,B338,D-044,True,grouped,N1-S-B338,False,unstable,N2-218,True,grouped,N3-S-B338,False,robust_isolated
B339,Newport Playground,B339,D-046,True,grouped,N1g2-083,True,grouped,N2-092,True,grouped,N3-S-B339,False,robust_isolated
B340,Garden Playground,B340,D-143,True,grouped,N1g2-133,True,grouped,N2-144,True,grouped,N3-S-B340,False,robust_isolated
B342,100% Playground,B342,D-S-B342,False,unstable,N1g2-228,True,grouped,N2-S-B342,False,unstable,N3-S-B342,False,robust_isolated
B343,Osborn Playground,B343,D-083,True,grouped,N1g2-070,True,grouped,N2-079,True,grouped,N3-S-B343,False,robust_isolated
B345,Ethan Allen Playground,B345,D-218,True,grouped,N1g2-128,True,grouped,N2-220,True,grouped,N3-S-B345,False,robust_isolated
B346,Ericsson Playground,B346,D-065,True,grouped,N1g2-045,True,grouped,N2-081,True,grouped,N3-S-B346,False,robust_isolated
B347,Carver Playground,B347,D-225,True,grouped,N1-S-B347,False,beyond_walk_limit,N2-228,True,grouped,N3-S-B347,False,unstable
B348,Willoughby Playground,B348,D-017,True,grouped,N1g2-016,True,grouped,N2-013,True,grouped,N3-S-B348,False,robust_isolated
B349,Bath Playground,B349,D-S-B349,False,unstable,N1-S-B349,False,unstable,N2-S-B349,False,unstable,N3-S-B349,False,robust_isolated
B350,Stroud Playground,B350,D-S-B350,False,unstable,N1-S-B350,False,unstable,N2-S-B350,False,unstable,N3-S-B350,False,robust_isolated
B352,Curtis Playground,B352,D-S-B352,False,unstable,N1g2-230,True,grouped,N2-S-B352,False,unstable,N3-S-B352,False,robust_isolated
B353,Bergen Beach Playground,B353,D-S-B353,False,unstable,N1g2-213,True,grouped,N2-140,True,grouped,N3-S-B353,False,robust_isolated
B356,North Pacific Playground,B356,D-S-B356,False,unstable,N1-S-B356,False,unstable,N2-S-B356,False,robust_isolated,N3-S-B356,False,robust_isolated
B357,Jackie Robinson Playground,B357,D-S-B357,False,unstable,N1g2-119,True,grouped,N2-S-B357,False,unstable,N3-S-B357,False,robust_isolated
B358,De Hostos Playground,B358,D-064,True,grouped,N1g2-068,True,grouped,N2-084,True,grouped,N3-S-B358,False,robust_isolated
B359,Eleanor Roosevelt Playground,B359,D-S-B359,False,unstable,N1g2-231,True,grouped,N2-229,True,grouped,N3-S-B359,False,robust_isolated
B360,Remsen Playground,B360,D-S-B360,False,unstable,N1-S-B360,False,beyond_walk_limit,N2-S-B360,False,unstable,N3-S-B360,False,robust_isolated
B361,Boerum Park,B361,D-220,True,grouped,N1-S-B361,False,unstable,N2-S-B361,False,robust_isolated,N3-S-B361,False,robust_isolated
B362,Chester Playground,B362,D-097,True,grouped,N1g2-080,True,grouped,N2-044,True,grouped,N3-S-B362,False,robust_isolated
B363,Houston Playground,B363,D-094,True,grouped,N1g2-050,True,grouped,N2-087,True,grouped,N3-S-B363,False,unstable
B364,Woods Playground,B364,D-019,True,grouped,N1g2-134,True,grouped,N2-045,True,grouped,N3-S-B364,False,robust_isolated
B366,Duke Park,B366,D-231,True,grouped,N1g2-121,True,grouped,N2-085,True,grouped,N3-S-B366,False,robust_isolated
B367,Livonia Park,B367,D-090,True,grouped,N1g2-052,True,grouped,N2-093,True,grouped,N3-S-B367,False,robust_isolated
B369,Steeplechase Park,B369,D-S-B369,False,unstable,N1-S-B369,False,beyond_walk_limit,N2-S-B369,False,unstable,N3-S-B369,False,unstable
B371,Spring Creek Park,B371,D-232,True,grouped,N1g2-209,True,grouped,N2-230,True,grouped,N3-S-B371,False,robust_isolated
B372,Friends Field,B372,D-S-B372,False,unstable,N1-S-B372,False,unstable,N2-S-B372,False,unstable,N3-S-B372,False,robust_isolated
B375,Chiarantano Playground,B375,D-S-B375,False,unstable,N1g2-223,True,grouped,N2-221,True,grouped,N3-S-B375,False,robust_isolated
B376,Fidler-Wyckoff House Park,B376,D-228,True,grouped,N1-S-B376,False,unstable,N2-225,True,grouped,N3-S-B376,False,robust_isolated
B377,Floyd Patterson Ballfields,B377,D-046,True,grouped,N1g2-052,True,grouped,N2-093,True,grouped,N3-S-B377,False,robust_isolated
B378,University Place,B378,D-S-B378,False,unstable,N1g2-084,True,grouped,N2-094,True,grouped,N3-S-B378,False,robust_isolated
B379,Coney Island Creek Park,B379,D-S-B379,False,unstable,N1-S-B379,False,robust_isolated,N2-S-B379,False,robust_isolated,N3-S-B379,False,robust_isolated
B380,Robert E. Venable Park,B380,D-S-B380,False,unstable,N1g2-132,True,grouped,N2-S-B380,False,unstable,N3-S-B380,False,unstable
B381,Thomas Boyland Park,B381,D-028,True,grouped,N1g2-032,True,grouped,N2-038,True,grouped,N3-S-B381,False,robust_isolated
B382A,Roberto Clemente Ballfield,B382A,D-233,True,grouped,N1g2-048,True,grouped,N2-058,True,grouped,N3-S-B382A,False,robust_isolated
B382B,Jacob's Ladder Playground,B382B,D-233,True,grouped,N1g2-048,True,grouped,N2-058,True,grouped,N3-S-B382B,False,robust_isolated
B383,Success Garden,B383,D-S-B383,False,unstable,N1-S-B383,False,beyond_walk_limit,N2-145,True,grouped,N3-S-B383,False,unstable
B384,Fresh Creek Nature Preserve,B384,D-223,True,grouped,N1-S-B384,False,unstable,N2-S-B384,False,unstable,N3-S-B384,False,robust_isolated
B385,WNYC Transmitter Park,B385,D-S-B385,False,unstable,N1-S-B385,False,unstable,N2-S-B385,False,robust_isolated,N3-S-B385,False,robust_isolated
B386,Ten Eyck Plaza,B386,D-138,True,grouped,N1g2-214,True,grouped,N2-216,True,grouped,N3-S-B386,False,robust_isolated
B387,Hilltop Playground,B387,D-027,True,grouped,N1g2-034,True,grouped,N2-043,True,grouped,N3-S-B387,False,unstable
B388,Gateway Triangle,B388,D-S-B388,False,unstable,N1g2-116,True,grouped,N2-078,True,grouped,N3-S-B388,False,robust_isolated
B389,Umma Park,B389,D-S-B389,False,unstable,N1g2-198,True,grouped,N2-S-B389,False,beyond_walk_limit,N3-S-B389,False,robust_isolated
B390,Mother Cabrini Park,B390,D-007,True,grouped,N1g2-232,True,grouped,N2-009,True,grouped,N3-S-B390,False,robust_isolated
B391,Lt. Federico Narvaez Tot Lot,B391,D-S-B391,False,robust_isolated,N1-S-B391,False,unstable,N2-S-B391,False,unstable,N3-S-B391,False,robust_isolated
B392,Lott Park,B392,D-S-B392,False,robust_isolated,N1-S-B392,False,robust_isolated,N2-S-B392,False,robust_isolated,N3-S-B392,False,robust_isolated
B393,Sheepshead Bay Piers,B393,D-221,True,grouped,N1-S-B393,False,unstable,N2-S-B393,False,unstable,N3-S-B393,False,robust_isolated
B394,Four Sparrow Marsh,B394,D-S-B394,False,unresolved,N1-S-B394,False,unresolved,N2-S-B394,False,unresolved,N3-S-B394,False,unresolved
B395,Green Central Knoll,B395,D-S-B395,False,unstable,N1g2-073,True,grouped,N2-132,True,grouped,N3-S-B395,False,robust_isolated
B396,Nehemiah Park,B396,D-046,True,grouped,N1g2-052,True,grouped,N2-093,True,grouped,N3-S-B396,False,robust_isolated
B397,Carter G. Woodson Children's Park,B397,D-097,True,grouped,N1g2-050,True,grouped,N2-044,True,grouped,N3-S-B397,False,unstable
B398,Kosciuszko Street Garden,B398,D-S-B398,False,unstable,N1g2-231,True,grouped,N2-229,True,grouped,N3-S-B398,False,robust_isolated
B399,Gardens Of Union,B399,D-S-B399,False,unstable,N1-S-B399,False,unstable,N2-S-B399,False,unstable,N3-S-B399,False,unstable
B400,Hattie Carthan Community Garden,B400,D-088,True,grouped,N1g2-047,True,grouped,N2-041,True,grouped,N3-S-B400,False,robust_isolated
B401,Grand Ferry Park,B401,D-092,True,grouped,N1g2-125,True,grouped,N2-210,True,grouped,N3-S-B401,False,unstable
B402,George Walker Jr. Park,B402,D-234,True,grouped,N1g2-233,True,grouped,N2-231,True,grouped,N3-S-B402,False,unstable
B403,Harmony Park,B403,D-086,True,grouped,N1g2-044,True,grouped,N2-045,True,grouped,N3-S-B403,False,robust_isolated
B404,East Flatbush Children's Playground,B404,D-084,True,grouped,N1-S-B404,False,unstable,N2-S-B404,False,unstable,N3-017,True,grouped
B405,Epiphany Playground,B405,D-136,True,grouped,N1g2-048,True,grouped,N2-058,True,grouped,N3-S-B405,False,robust_isolated
B407,South Oxford Park,B407,D-128,True,grouped,N1-S-B407,False,unstable,N2-078,True,grouped,N3-S-B407,False,robust_isolated
B408,Human Compass Garden,B408,D-007,True,grouped,N1g2-023,True,grouped,N2-009,True,grouped,N3-S-B408,False,robust_isolated
B409,The Amazing Garden,B409,D-007,True,grouped,N1g2-023,True,grouped,N2-009,True,grouped,N3-S-B409,False,robust_isolated
B410,The Backyard,B410,D-007,True,grouped,N1g2-232,True,grouped,N2-009,True,grouped,N3-S-B410,False,robust_isolated
B411,Summit Street Community Garden,B411,D-007,True,grouped,N1g2-023,True,grouped,N2-009,True,grouped,N3-S-B411,False,robust_isolated
B413,Hull Street Garden,B413,D-028,True,grouped,N1g2-032,True,grouped,N2-038,True,grouped,N3-S-B413,False,robust_isolated
B414,E 4th Street Garden,B414,D-029,True,grouped,N1-S-B414,False,unstable,N2-S-B414,False,robust_isolated,N3-S-B414,False,robust_isolated
B415,Georgia Ave Garden,B415,D-145,True,grouped,N1g2-234,True,grouped,N2-145,True,grouped,N3-S-B415,False,robust_isolated
B416,TLC Sculpture Park Garden,B416,D-S-B416,False,unstable,N1-S-B416,False,beyond_walk_limit,N2-087,True,grouped,N3-S-B416,False,unstable
B417,PS 4K PARADISE GARDEN,B417,D-043,True,grouped,N1g2-127,True,grouped,N2-088,True,grouped,N3-S-B417,False,robust_isolated
B418,Valentino Pier,B418,D-S-B418,False,unstable,N1-S-B418,False,unstable,N2-S-B418,False,unstable,N3-S-B418,False,robust_isolated
B419,Sutter Ballfields,B419,D-009,True,grouped,N1g2-005,True,grouped,N2-005,True,grouped,N3-S-B419,False,unstable
B420,Umoja Garden,B420,D-S-B420,False,unstable,N1g2-051,True,grouped,N2-S-B420,False,unstable,N3-S-B420,False,robust_isolated
B421,Brooklyn Bears Carlton Av Garden,B421,D-128,True,grouped,N1g2-116,True,grouped,N2-078,True,grouped,N3-S-B421,False,robust_isolated
B422,Bkln Bears Rockwell Pl Garden,B422,D-093,True,grouped,N1g2-084,True,grouped,N2-094,True,grouped,N3-S-B422,False,robust_isolated
B423,Project Roots,B423,D-064,True,grouped,N1-S-B423,False,unstable,N2-S-B423,False,robust_isolated,N3-S-B423,False,robust_isolated
B424,Earth Spirit Garden,B424,D-S-B424,False,unstable,N1-S-B424,False,unstable,N2-S-B424,False,robust_isolated,N3-S-B424,False,robust_isolated
B425,St Nicholas-olive St Garden,B425,D-039,True,grouped,N1-S-B425,False,unstable,N2-056,True,grouped,N3-S-B425,False,robust_isolated
B426,St Nicholas-powers St Garden,B426,D-039,True,grouped,N1-S-B426,False,unstable,N2-S-B426,False,robust_isolated,N3-S-B426,False,robust_isolated
B427,Sunshine Community Garden,B427,D-S-B427,False,unstable,N1-S-B427,False,unstable,N2-S-B427,False,robust_isolated,N3-S-B427,False,robust_isolated
B428,Goodwin Gardens,B428,D-S-B428,False,unstable,N1-S-B428,False,unstable,N2-S-B428,False,robust_isolated,N3-S-B428,False,robust_isolated
B429,Hope Ballfield,B429,D-197,True,grouped,N1g2-114,True,grouped,N2-202,True,grouped,N3-S-B429,False,robust_isolated
B430,Lewis Playground,B430,D-S-B430,False,unstable,N1g2-192,True,grouped,N2-S-B430,False,beyond_walk_limit,N3-S-B430,False,robust_isolated
B431,Brooklyn Bridge Park,B431,D-008,True,grouped,N1g2-010,True,grouped,N2-025,True,grouped,N3-S-B431,False,robust_isolated
B432,American Veterans Memorial Pier,B432,D-202,True,grouped,N1-S-B432,False,unstable,N2-S-B432,False,unstable,N3-S-B432,False,unstable
B433,Hendrick I. Lott House,B433,D-S-B433,False,robust_isolated,N1-S-B433,False,robust_isolated,N2-S-B433,False,robust_isolated,N3-S-B433,False,robust_isolated
B435,Tilyou Playground,B435,D-S-B435,False,unstable,N1-S-B435,False,unstable,N2-S-B435,False,unstable,N3-S-B435,False,robust_isolated
B436,Gethsemane Garden,B436,D-046,True,grouped,N1g2-083,True,grouped,N2-092,True,grouped,N3-S-B436,False,unstable
B438,700 Decatur St Block Association,B438,D-204,True,grouped,N1g2-204,True,grouped,N2-209,True,grouped,N3-S-B438,False,beyond_walk_limit
B439,All People's Church of the Apostolic Faith Community Garden,B439,D-017,True,grouped,N1g2-016,True,grouped,N2-013,True,grouped,N3-S-B439,False,unstable
B440,Amboy Neighborhood Center,B440,D-012,True,grouped,N1g2-021,True,grouped,N2-023,True,grouped,N3-S-B440,False,unstable
B441,American Heart,B441,D-017,True,grouped,N1-S-B441,False,unstable,N2-S-B441,False,unstable,N3-S-B441,False,robust_isolated
B442,Ps 149 Artsy Bloom Community Garden,B442,D-042,True,grouped,N1g2-033,True,grouped,N2-085,True,grouped,N3-S-B442,False,unstable
B443,Atkins Gardeners,B443,D-099,True,grouped,N1g2-078,True,grouped,N2-S-B443,False,unstable,N3-S-B443,False,robust_isolated
B444,Berry Street Garden,B444,D-092,True,grouped,N1-S-B444,False,unstable,N2-S-B444,False,unstable,N3-S-B444,False,robust_isolated
B445,Ten Eyck Houses Garden,B445,D-138,True,grouped,N1-S-B445,False,unstable,N2-S-B445,False,robust_isolated,N3-S-B445,False,robust_isolated
B446,Big Red Garden,B446,D-042,True,grouped,N1g2-033,True,grouped,N2-008,True,grouped,N3-S-B446,False,unstable
B447,Causa Festival Garden,B447,D-042,True,grouped,N1g2-033,True,grouped,N2-008,True,grouped,N3-S-B447,False,unstable
B448,Cedar Tree Garden,B448,D-S-B448,False,unstable,N1g2-038,True,grouped,N2-S-B448,False,unstable,N3-S-B448,False,robust_isolated
B449,New Vision Garden,B449,D-067,True,grouped,N1g2-037,True,grouped,N2-008,True,grouped,N3-S-B449,False,unstable
B450,Clara's Garden,B450,D-009,True,grouped,N1g2-005,True,grouped,N2-005,True,grouped,N3-S-B450,False,unstable
B451,Clifton Pl Memorial Park and Garden,B451,D-146,True,grouped,N1g2-038,True,grouped,N2-041,True,grouped,N3-018,True,grouped
B452,Concerned Residents of Barbey Street,B452,D-009,True,grouped,N1g2-005,True,grouped,N2-005,True,grouped,N3-019,True,grouped
B453,Concerned Residents of Montauk Avenue,B453,D-099,True,grouped,N1g2-085,True,grouped,N2-095,True,grouped,N3-020,True,grouped
B454,Cooper St Block Buster Bl Association,B454,D-S-B454,False,unstable,N1-S-B454,False,unstable,N2-S-B454,False,robust_isolated,N3-S-B454,False,robust_isolated
B455,Crystal Wells Block Association,B455,D-137,True,grouped,N1g2-126,True,grouped,N2-138,True,grouped,N3-S-B455,False,robust_isolated
B456,Walt L Shemal Garden,B456,D-196,True,grouped,N1-S-B456,False,unstable,N2-S-B456,False,robust_isolated,N3-S-B456,False,robust_isolated
B458,East End Community Garden,B458,D-009,True,grouped,N1g2-005,True,grouped,N2-005,True,grouped,N3-S-B458,False,unstable
B459,Eastern Parkway Coalition,B459,D-085,True,grouped,N1g2-119,True,grouped,N2-131,True,grouped,N3-S-B459,False,robust_isolated
B460,Elton St Block Association,B460,D-S-B460,False,unstable,N1-S-B460,False,unstable,N2-212,True,grouped,N3-013,True,grouped
B461,Euclid Garden,B461,D-S-B461,False,unstable,N1-S-B461,False,unstable,N2-206,True,grouped,N3-S-B461,False,robust_isolated
B462,Family Community Garden,B462,D-S-B462,False,unstable,N1-S-B462,False,unstable,N2-S-B462,False,robust_isolated,N3-S-B462,False,robust_isolated
B463,Fantasy Garden,B463,D-012,True,grouped,N1g2-021,True,grouped,N2-023,True,grouped,N3-S-B463,False,robust_isolated
B464,Farmers Garden,B464,D-212,True,grouped,N1g2-034,True,grouped,N2-S-B464,False,unstable,N3-S-B464,False,robust_isolated
B465,First Quincy St Block Association,B465,D-S-B465,False,unstable,N1-S-B465,False,unstable,N2-S-B465,False,unstable,N3-S-B465,False,beyond_walk_limit
B466,First Temple Of David,B466,D-042,True,grouped,N1-S-B466,False,beyond_walk_limit,N2-S-B466,False,unstable,N3-S-B466,False,robust_isolated
B467,Floral Vineyard,B467,D-043,True,grouped,N1-S-B467,False,beyond_walk_limit,N2-088,True,grouped,N3-S-B467,False,robust_isolated
B468,Escape To Nature,B468,D-009,True,grouped,N1g2-005,True,grouped,N2-005,True,grouped,N3-S-B468,False,unstable
B469,Good Shepherds Garden,B469,D-S-B469,False,unstable,N1-S-B469,False,unstable,N2-S-B469,False,robust_isolated,N3-S-B469,False,robust_isolated
B470,Granite St Block Association,B470,D-028,True,grouped,N1-S-B470,False,unstable,N2-S-B470,False,robust_isolated,N3-S-B470,False,robust_isolated
B471,Green Gems,B471,D-137,True,grouped,N1g2-126,True,grouped,N2-138,True,grouped,N3-S-B471,False,robust_isolated
B472,Greene Av United Neighbors Association *,B472,D-146,True,grouped,N1g2-047,True,grouped,N2-041,True,grouped,N3-S-B472,False,robust_isolated
B473,Hancock T and T,B473,D-227,True,grouped,N1-S-B473,False,unstable,N2-S-B473,False,unstable,N3-S-B473,False,robust_isolated
B474,Hart to Hart,B474,D-017,True,grouped,N1-S-B474,False,unstable,N2-S-B474,False,unstable,N3-S-B474,False,robust_isolated
B475,Herbal Garden of East NY,B475,D-009,True,grouped,N1g2-005,True,grouped,N2-005,True,grouped,N3-S-B475,False,unstable
B476,Sh'ma Yisrael,B476,D-027,True,grouped,N1g2-034,True,grouped,N2-043,True,grouped,N3-S-B476,False,beyond_walk_limit
B477,Jerome Gardens,B477,D-235,True,grouped,N1g2-033,True,grouped,N2-146,True,grouped,N3-S-B477,False,unstable
B478,Jerry and The Senior Gents,B478,D-009,True,grouped,N1g2-005,True,grouped,N2-005,True,grouped,N3-S-B478,False,unstable
B479,Lefferts Pl Block Association,B479,D-089,True,grouped,N1-S-B479,False,unstable,N2-S-B479,False,unstable,N3-021,True,grouped
B480,Lincoln Rd Block Association,B480,D-S-B480,False,unstable,N1-S-B480,False,unstable,N2-S-B480,False,unstable,N3-S-B480,False,robust_isolated
B481,Madison Square Garden Association,B481,D-194,True,grouped,N1-S-B481,False,unstable,N2-130,True,grouped,N3-S-B481,False,robust_isolated
B482,Madison Street Block Association,B482,D-S-B482,False,unstable,N1g2-130,True,grouped,N2-232,True,grouped,N3-S-B482,False,unstable
B483,Manley's Pl,B483,D-099,True,grouped,N1g2-085,True,grouped,N2-095,True,grouped,N3-S-B483,False,robust_isolated
B484,Gregory's Garden,B484,D-043,True,grouped,N1-S-B484,False,unstable,N2-S-B484,False,unstable,N3-022,True,grouped
B485,Ps 53,B485,D-042,True,grouped,N1g2-037,True,grouped,N2-008,True,grouped,N3-S-B485,False,robust_isolated
B486,Green Valley Garden,B486,D-083,True,grouped,N1g2-070,True,grouped,N2-079,True,grouped,N3-S-B486,False,unstable
B487,Preston Community Garden,B487,D-147,True,grouped,N1g2-022,True,grouped,N2-S-B487,False,unstable,N3-S-B487,False,robust_isolated
B488,Red Gate Garden,B488,D-017,True,grouped,N1g2-016,True,grouped,N2-013,True,grouped,N3-S-B488,False,robust_isolated
B489,Red Shed Garden,B489,D-039,True,grouped,N1g2-069,True,grouped,N2-056,True,grouped,N3-S-B489,False,robust_isolated
B490,Santos White Garden,B490,D-S-B490,False,unstable,N1-S-B490,False,unstable,N2-S-B490,False,robust_isolated,N3-S-B490,False,robust_isolated
B491,Shield Of Faith,B491,D-S-B491,False,unstable,N1g2-085,True,grouped,N2-095,True,grouped,N3-020,True,grouped
B492,St John Cantius Parish,B492,D-231,True,grouped,N1g2-121,True,grouped,N2-085,True,grouped,N3-S-B492,False,robust_isolated
B493,Upon This Rock Comm Garden,B493,D-099,True,grouped,N1g2-085,True,grouped,N2-095,True,grouped,N3-S-B493,False,robust_isolated
B494,Vernon Tandt Block Association,B494,D-017,True,grouped,N1g2-016,True,grouped,N2-013,True,grouped,N3-004,True,grouped
B495,Vernon/throop Av Block Association,B495,D-098,True,grouped,N1g2-016,True,grouped,N2-013,True,grouped,N3-004,True,grouped
B496,Victory Garden,B496,D-067,True,grouped,N1g2-037,True,grouped,N2-008,True,grouped,N3-S-B496,False,unstable
B498,Louis Pl Friends,B498,D-S-B498,False,unstable,N1-S-B498,False,unstable,N2-S-B498,False,robust_isolated,N3-S-B498,False,robust_isolated
B499,Madison Community Greenthumb,B499,D-S-B499,False,unstable,N1g2-051,True,grouped,N2-090,True,grouped,N3-S-B499,False,unstable
B500,Patrick Van Doren Pocket Park,B500,D-S-B500,False,unstable,N1-S-B500,False,unstable,N2-S-B500,False,unstable,N3-S-B500,False,beyond_walk_limit
B501,St Mark's Block Association,B501,D-147,True,grouped,N1g2-022,True,grouped,N2-139,True,grouped,N3-S-B501,False,beyond_walk_limit
B502,Shiloh Garden,B502,D-144,True,grouped,N1g2-081,True,grouped,N2-S-B502,False,unstable,N3-S-B502,False,beyond_walk_limit
B503,Stars Of Hope,B503,D-S-B503,False,unstable,N1g2-130,True,grouped,N2-232,True,grouped,N3-S-B503,False,unstable
B504,Ponderosa Garden,B504,D-S-B504,False,unstable,N1-S-B504,False,unstable,N2-S-B504,False,robust_isolated,N3-S-B504,False,robust_isolated
B505,Sterling Community Group,B505,D-147,True,grouped,N1g2-022,True,grouped,N2-139,True,grouped,N3-S-B505,False,robust_isolated
B506,Prophecy Garden,B506,D-145,True,grouped,N1-S-B506,False,unstable,N2-S-B506,False,robust_isolated,N3-S-B506,False,robust_isolated
B507,A Better Community Garden,B507,D-019,True,grouped,N1g2-235,True,grouped,N2-233,True,grouped,N3-S-B507,False,unstable
B508,Vernon Cases Community Garden,B508,D-S-B508,False,unstable,N1g2-016,True,grouped,N2-013,True,grouped,N3-004,True,grouped
B509,Jordan Magic Garden,B509,D-009,True,grouped,N1g2-005,True,grouped,N2-005,True,grouped,N3-S-B509,False,robust_isolated
B510,Marcus Garvey Tenant's Assoc. Garden,B510,D-040,True,grouped,N1g2-205,True,grouped,N2-S-B510,False,unstable,N3-S-B510,False,robust_isolated
B511,Jes Good Rewards Childeren's Garden,B511,D-012,True,grouped,N1g2-080,True,grouped,N2-044,True,grouped,N3-S-B511,False,unstable
B512,Hoparkinson R&L Block Association Garden,B512,D-012,True,grouped,N1-S-B512,False,unstable,N2-S-B512,False,unstable,N3-S-B512,False,robust_isolated
B513,United Community Centers Youth Farm,B513,D-046,True,grouped,N1g2-083,True,grouped,N2-092,True,grouped,N3-S-B513,False,robust_isolated
B514,Nehemiah Ten Garden,B514,D-235,True,grouped,N1g2-033,True,grouped,N2-146,True,grouped,N3-023,True,grouped
B515,United Community Center,B515,D-067,True,grouped,N1g2-037,True,grouped,N2-008,True,grouped,N3-S-B515,False,unstable
B516,Powell Street Livonia Garden,B516,D-090,True,grouped,N1g2-052,True,grouped,N2-093,True,grouped,N3-S-B516,False,robust_isolated
B517,Phoenix Community Garden,B517,D-236,True,grouped,N1g2-082,True,grouped,N2-043,True,grouped,N3-S-B517,False,unstable
B518,Victory Garden's Group,B518,D-S-B518,False,unstable,N1-S-B518,False,unstable,N2-S-B518,False,robust_isolated,N3-S-B518,False,robust_isolated
B519,Spencer St Block Association,B519,D-S-B519,False,unstable,N1-S-B519,False,unstable,N2-S-B519,False,robust_isolated,N3-S-B519,False,robust_isolated
B521,Oriental Garden,B521,D-009,True,grouped,N1g2-005,True,grouped,N2-005,True,grouped,N3-023,True,grouped
B522,Jerome-Glenmore Cornerstone Community Garden,B522,D-009,True,grouped,N1g2-005,True,grouped,N2-005,True,grouped,N3-019,True,grouped
B525,Sumpter Community Garden,B525,D-S-B525,False,unstable,N1-S-B525,False,unstable,N2-228,True,grouped,N3-S-B525,False,robust_isolated
B526,Cleveland Street Vegetable Garden,B526,D-043,True,grouped,N1g2-127,True,grouped,N2-088,True,grouped,N3-S-B526,False,robust_isolated
B527,Hands and Heart Garden,B527,D-145,True,grouped,N1g2-234,True,grouped,N2-145,True,grouped,N3-S-B527,False,robust_isolated
B528,Howard Av Block Association,B528,D-216,True,grouped,N1-S-B528,False,unstable,N2-S-B528,False,unstable,N3-S-B528,False,robust_isolated
B529,Bushwick Inlet Park,B529,D-237,True,grouped,N1-S-B529,False,beyond_walk_limit,N2-128,True,grouped,N3-S-B529,False,robust_isolated
B530,Seasons of Vision,B530,D-019,True,grouped,N1-S-B530,False,unstable,N2-S-B530,False,unstable,N3-S-B530,False,robust_isolated
B531,Garden of Plenty,B531,D-019,True,grouped,N1g2-044,True,grouped,N2-S-B531,False,unstable,N3-012,True,grouped
B532,F.A.R.R. Community Garden,B532,D-019,True,grouped,N1g2-235,True,grouped,N2-233,True,grouped,N3-S-B532,False,unstable
B533,Abib Newborn Garden,B533,D-046,True,grouped,N1g2-083,True,grouped,N2-092,True,grouped,N3-S-B533,False,robust_isolated
B535,400 Montauk Av Block Assn,B535,D-213,True,grouped,N1g2-078,True,grouped,N2-S-B535,False,unstable,N3-S-B535,False,unstable
B536,North 5th Street Pier and Park,B536,D-237,True,grouped,N1-S-B536,False,unstable,N2-S-B536,False,robust_isolated,N3-S-B536,False,robust_isolated
B537,Park,B537,D-089,True,grouped,N1g2-201,True,grouped,N2-205,True,grouped,N3-S-B537,False,unstable
B538,Welcome Home Garden,B538,D-133,True,grouped,N1g2-075,True,grouped,N2-086,True,grouped,N3-024,True,grouped
B540,Neighborhood Community Garden,B540,D-222,True,grouped,N1g2-071,True,grouped,N2-045,True,grouped,N3-S-B540,False,beyond_walk_limit
B541,Berriman Playground,B541,D-S-B541,False,unstable,N1g2-236,True,grouped,N2-213,True,grouped,N3-025,True,grouped
B543,East New York Farms Garden,B543,D-067,True,grouped,N1g2-037,True,grouped,N2-008,True,grouped,N3-S-B543,False,robust_isolated
B544,100 Quincy Street Community Garden,B544,D-S-B544,False,unstable,N1-S-B544,False,unstable,N2-S-B544,False,unstable,N3-S-B544,False,beyond_walk_limit
B545,Oko Farms Aquaponics Education Garden,B545,D-S-B545,False,unstable,N1-S-B545,False,unstable,N2-S-B545,False,robust_isolated,N3-S-B545,False,robust_isolated
B546,The Feeding Tree,B546,D-144,True,grouped,N1g2-081,True,grouped,N2-141,True,grouped,N3-S-B546,False,unstable
B548,Park,B548,D-232,True,grouped,N1g2-236,True,grouped,N2-230,True,grouped,N3-025,True,grouped
B549,Whole Neighborhood Garden,B549,D-146,True,grouped,N1g2-038,True,grouped,N2-041,True,grouped,N3-S-B549,False,robust_isolated
B550,Keap Fourth Community Garden,B550,D-002,True,grouped,N1g2-001,True,grouped,N2-002,True,grouped,N3-S-B550,False,robust_isolated
B551,Vinegar Hill Community Garden,B551,D-018,True,grouped,N1-S-B551,False,unstable,N2-026,True,grouped,N3-S-B551,False,robust_isolated
B552,Grand Street Community Garden,B552,D-S-B552,False,unstable,N1g2-125,True,grouped,N2-S-B552,False,unstable,N3-S-B552,False,unstable
B553,61 Franklin Street Garden,B553,D-192,True,grouped,N1g2-191,True,grouped,N2-128,True,grouped,N3-S-B553,False,robust_isolated
B554,Brownsville Green,B554,D-040,True,grouped,N1g2-022,True,grouped,N2-080,True,grouped,N3-S-B554,False,unstable
B555,Beaver Noll Park,B555,D-143,True,grouped,N1g2-133,True,grouped,N2-144,True,grouped,N3-S-B555,False,robust_isolated
B556,Know Waste Lands,B556,D-S-B556,False,unstable,N1g2-073,True,grouped,N2-S-B556,False,unstable,N3-S-B556,False,robust_isolated
B558,Linwood Street Garden (Pagan's Garden),B558,D-S-B558,False,unstable,N1g2-078,True,grouped,N2-146,True,grouped,N3-S-B558,False,unstable
B559,South Brooklyn Children's Garden,B559,D-007,True,grouped,N1g2-023,True,grouped,N2-009,True,grouped,N3-S-B559,False,robust_isolated
B560,Pirate's Cove Garden,B560,D-007,True,grouped,N1g2-023,True,grouped,N2-009,True,grouped,N3-S-B560,False,robust_isolated
B561,Saratoga Farm,B561,D-230,True,grouped,N1g2-082,True,grouped,N2-043,True,grouped,N3-S-B561,False,robust_isolated
B562,Surfside Multi-Cultural Garden Coalition,B562,D-066,True,grouped,N1g2-035,True,grouped,N2-060,True,grouped,N3-S-B562,False,robust_isolated
B563,Student Farm Project,B563,D-097,True,grouped,N1g2-080,True,grouped,N2-044,True,grouped,N3-S-B563,False,robust_isolated
B564,Positive Seeds of Life Garden,B564,D-090,True,grouped,N1g2-203,True,grouped,N2-208,True,grouped,N3-S-B564,False,robust_isolated
B565,Isabahlia Community Garden,B565,D-012,True,grouped,N1g2-021,True,grouped,N2-023,True,grouped,N3-S-B565,False,robust_isolated
B566,Brownsville Community Farm,B566,D-012,True,grouped,N1g2-021,True,grouped,N2-023,True,grouped,N3-S-B566,False,robust_isolated
B567,Her-King Alagantic Block Association Garden,B567,D-219,True,grouped,N1g2-225,True,grouped,N2-223,True,grouped,N3-S-B567,False,robust_isolated
B568,Ashford Street Abundant Garden,B568,D-043,True,grouped,N1-S-B568,False,unstable,N2-S-B568,False,robust_isolated,N3-S-B568,False,robust_isolated
B569,Chestnut Street Garden,B569,D-S-B569,False,unstable,N1-S-B569,False,unstable,N2-S-B569,False,robust_isolated,N3-S-B569,False,robust_isolated
B570,Dolly's Park,B570,D-S-B570,False,unstable,N1-S-B570,False,unstable,N2-S-B570,False,robust_isolated,N3-S-B570,False,robust_isolated
B571,East 43rd Street Community Garden,B571,D-S-B571,False,unstable,N1-S-B571,False,unstable,N2-S-B571,False,robust_isolated,N3-S-B571,False,robust_isolated
B572,Hattie Carthan Herban Farm,B572,D-088,True,grouped,N1g2-047,True,grouped,N2-141,True,grouped,N3-018,True,grouped
B573,Patchen Community Square Garden,B573,D-140,True,grouped,N1g2-051,True,grouped,N2-090,True,grouped,N3-S-B573,False,robust_isolated
B574,Halsey Ralph & Howard Community Garden,B574,D-133,True,grouped,N1g2-075,True,grouped,N2-086,True,grouped,N3-024,True,grouped
B575,Halsey Garden,B575,D-S-B575,False,unstable,N1g2-222,True,grouped,N2-S-B575,False,unstable,N3-S-B575,False,beyond_walk_limit
B576,Tranquility Farm (Willoughby Ave. Garden),B576,D-098,True,grouped,N1g2-016,True,grouped,N2-013,True,grouped,N3-S-B576,False,robust_isolated
B577,EL Garden,B577,D-S-B577,False,unstable,N1-S-B577,False,unstable,N2-S-B577,False,robust_isolated,N3-S-B577,False,robust_isolated
B578,Saratoga Blake Garden,B578,D-012,True,grouped,N1g2-021,True,grouped,N2-023,True,grouped,N3-S-B578,False,robust_isolated
B579,Imani II Community Garden,B579,D-086,True,grouped,N1g2-044,True,grouped,N2-045,True,grouped,N3-026,True,grouped
B580,Java Street Community Garden,B580,D-S-B580,False,unstable,N1-S-B580,False,unstable,N2-S-B580,False,robust_isolated,N3-S-B580,False,robust_isolated
B581,Warwick Street Greenery Glow Garden,B581,D-S-B581,False,unstable,N1-S-B581,False,unstable,N2-S-B581,False,unstable,N3-022,True,grouped
B582,Brooklyn's Finest Garden,B582,D-089,True,grouped,N1-S-B582,False,unstable,N2-S-B582,False,unstable,N3-021,True,grouped
B583,Hooper Grove,B583,D-002,True,grouped,N1g2-001,True,grouped,N2-002,True,grouped,N3-S-B583,False,robust_isolated
B584,Moffat Garden,B584,D-S-B584,False,unstable,N1-S-B584,False,unstable,N2-S-B584,False,robust_isolated,N3-S-B584,False,robust_isolated
B585,Prospect Plaza Park,B585,D-040,True,grouped,N1-S-B585,False,unstable,N2-S-B585,False,robust_isolated,N3-S-B585,False,robust_isolated
B586,Garden,B586,D-066,True,grouped,N1g2-035,True,grouped,N2-060,True,grouped,N3-S-B586,False,robust_isolated
B588,Greenpoint Public Park,B588,D-S-B588,False,unstable,N1-S-B588,False,unstable,N2-S-B588,False,robust_isolated,N3-S-B588,False,robust_isolated
B592,Betty Carter Park,B592,D-093,True,grouped,N1g2-084,True,grouped,N2-094,True,grouped,N3-S-B592,False,robust_isolated
B593,Bed-Stuy Farm,B593,D-S-B593,False,unstable,N1g2-221,True,grouped,N2-S-B593,False,unstable,N3-014,True,grouped
B594,Maple Street Community Garden,B594,D-S-B594,False,unstable,N1-S-B594,False,unstable,N2-S-B594,False,robust_isolated,N3-S-B594,False,robust_isolated
B595,Greenpoint Landing,B595,D-132,True,grouped,N1-S-B595,False,unstable,N2-201,True,grouped,N3-S-B595,False,robust_isolated
B597,Kingsborough Houses Bergen Playground,B597,D-019,True,grouped,N1g2-134,True,grouped,N2-045,True,grouped,N3-S-B597,False,robust_isolated
B598,West 23rd St. Garden,B598,D-209,True,grouped,N1-S-B598,False,unstable,N2-S-B598,False,robust_isolated,N3-S-B598,False,robust_isolated
B599,Kingsborough Houses Pacific Playground,B599,D-019,True,grouped,N1g2-134,True,grouped,N2-S-B599,False,unstable,N3-026,True,grouped
B600,Garden,B600,D-236,True,grouped,N1g2-082,True,grouped,N2-S-B600,False,unstable,N3-S-B600,False,unstable
B601,MHBA Living Laboratory,B601,D-012,True,grouped,N1-S-B601,False,unstable,N2-S-B601,False,unstable,N3-S-B601,False,robust_isolated
B602,Park,B602,D-027,True,grouped,N1g2-043,True,grouped,N2-037,True,grouped,N3-S-B602,False,robust_isolated
B603,Jerzee Triangle,B603,D-S-B603,False,unstable,N1g2-226,True,grouped,N2-S-B603,False,unstable,N3-S-B603,False,robust_isolated
B604,Park,B604,D-091,True,grouped,N1g2-049,True,grouped,N2-059,True,grouped,N3-S-B604,False,robust_isolated
B605,Ascenzi Square,B605,D-S-B605,False,unstable,N1-S-B605,False,unstable,N2-222,True,grouped,N3-S-B605,False,robust_isolated
B606,Fowler Square,B606,D-093,True,grouped,N1g2-084,True,grouped,N2-094,True,grouped,N3-S-B606,False,robust_isolated
B608,St. Mark's Playground,B608,D-193,True,grouped,N1-S-B608,False,robust_isolated,N2-129,True,grouped,N3-S-B608,False,robust_isolated
B609,Park,B609,D-027,True,grouped,N1g2-043,True,grouped,N2-037,True,grouped,N3-S-B609,False,robust_isolated
B610,Park,B610,D-S-B610,False,unstable,N1-S-B610,False,unstable,N2-S-B610,False,robust_isolated,N3-S-B610,False,robust_isolated
M001,Abingdon Square,M001,D-010,True,grouped,N1g2-039,True,grouped,N2-046,True,grouped,N3-S-M001,False,robust_isolated
M002,Ahearn Park,M002,D-030,True,grouped,N1g2-024,True,grouped,N2-027,True,grouped,N3-S-M002,False,robust_isolated
M003,Annunciation Playground,M003,D-100,True,grouped,N1g2-006,True,grouped,N2-147,True,grouped,N3-S-M003,False,unstable
M004#1,Allen Street Malls (1/3),M004,D-101,True,grouped,N1g2-054,True,grouped,N2-028,True,grouped,N3-S-M004#1,False,robust_isolated
M004#2,Allen Street Malls (2/3),M004,D-020,True,grouped,N1g2-017,True,grouped,N2-014,True,grouped,N3-S-M004#2,False,robust_isolated
M004#3,Allen Street Malls (3/3),M004,D-020,True,grouped,N1g2-017,True,grouped,N2-014,True,grouped,N3-S-M004#3,False,robust_isolated
M005,The Battery,M005,D-148,True,grouped,N1-S-M005,False,unstable,N2-096,True,grouped,N3-S-M005,False,robust_isolated
M006,Tribeca Park,M006,D-102,True,grouped,N1-S-M006,False,unstable,N2-097,True,grouped,N3-S-M006,False,robust_isolated
M007,Bowling Green,M007,D-148,True,grouped,N1-S-M007,False,unstable,N2-096,True,grouped,N3-S-M007,False,robust_isolated
M008,Bryant Park,M008,D-S-M008,False,unstable,N1g2-086,True,grouped,N2-148,True,grouped,N3-S-M008,False,robust_isolated
M009,Bennett Park,M009,D-S-M009,False,unstable,N1g2-237,True,grouped,N2-S-M009,False,unstable,N3-S-M009,False,robust_isolated
M011,Chelsea Park,M011,D-068,True,grouped,N1g2-087,True,grouped,N2-062,True,grouped,N3-S-M011,False,robust_isolated
M012,Christopher Park,M012,D-010,True,grouped,N1g2-055,True,grouped,N2-063,True,grouped,N3-S-M012,False,robust_isolated
M013,City Hall Park,M013,D-021,True,grouped,N1g2-088,True,grouped,N2-098,True,grouped,N3-S-M013,False,robust_isolated
M014,Jackie Robinson Park,M014,D-031,True,grouped,N1g2-011,True,grouped,N2-010,True,grouped,N3-S-M014,False,robust_isolated
M015,Columbus Park,M015,D-021,True,grouped,N1g2-135,True,grouped,N2-098,True,grouped,N3-S-M015,False,unstable
M016,Cooper Triangle,M016,D-S-M016,False,unstable,N1g2-089,True,grouped,N2-S-M016,False,unstable,N3-S-M016,False,robust_isolated
M017,Corlears Hook Park,M017,D-030,True,grouped,N1g2-024,True,grouped,N2-027,True,grouped,N3-S-M017,False,unstable
M018,Carmansville Playground,M018,D-032,True,grouped,N1g2-011,True,grouped,N2-010,True,grouped,N3-S-M018,False,robust_isolated
M019,Coleman Playground,M019,D-069,True,grouped,N1g2-136,True,grouped,N2-015,True,grouped,N3-S-M019,False,robust_isolated
M020,Dante Park,M020,D-033,True,grouped,N1g2-238,True,grouped,N2-047,True,grouped,N3-S-M020,False,robust_isolated
M021,A Philip Randolph Square,M021,D-022,True,grouped,N1g2-018,True,grouped,N2-099,True,grouped,N3-S-M021,False,unstable
M022,De Witt Clinton Park,M022,D-238,True,grouped,N1g2-239,True,grouped,N2-234,True,grouped,N3-S-M022,False,robust_isolated
M023,Donnellan Square,M023,D-032,True,grouped,N1g2-011,True,grouped,N2-010,True,grouped,N3-S-M023,False,unstable
M024,Dorrance Brooks Square,M024,D-100,True,grouped,N1g2-090,True,grouped,N2-S-M024,False,beyond_walk_limit,N3-S-M024,False,robust_isolated
M025,Duane Park,M025,D-103,True,grouped,N1-S-M025,False,unstable,N2-S-M025,False,unstable,N3-S-M025,False,robust_isolated
M026,Dyckman House Museum,M026,D-S-M026,False,unstable,N1g2-137,True,grouped,N2-235,True,grouped,N3-S-M026,False,robust_isolated
M027,Downing Street Playground,M027,D-003,True,grouped,N1g2-004,True,grouped,N2-016,True,grouped,N3-S-M027,False,robust_isolated
M029,Fort Tryon Park,M029,D-239,True,grouped,N1g2-137,True,grouped,N2-S-M029,False,unstable,N3-S-M029,False,robust_isolated
M030,Thomas Paine Park,M030,D-021,True,grouped,N1g2-135,True,grouped,N2-098,True,grouped,N3-S-M030,False,robust_isolated
M031,Amelia Gorman Park,M031,D-S-M031,False,unstable,N1-S-M031,False,unstable,N2-S-M031,False,unstable,N3-S-M031,False,robust_isolated
M032,Greeley Square Park,M032,D-240,True,grouped,N1g2-086,True,grouped,N2-148,True,grouped,N3-S-M032,False,unstable
M033,Hamilton Fish Park,M033,D-004,True,grouped,N1g2-040,True,grouped,N2-064,True,grouped,N3-S-M033,False,robust_isolated
M034,Hancock Park,M034,D-104,True,grouped,N1g2-138,True,grouped,N2-149,True,grouped,N3-S-M034,False,robust_isolated
M035,Brigadier General Charles Young Triangle,M035,D-034,True,grouped,N1g2-025,True,grouped,N2-029,True,grouped,N3-S-M035,False,unstable
M036,Herald Square,M036,D-240,True,grouped,N1g2-086,True,grouped,N2-148,True,grouped,N3-S-M036,False,robust_isolated
M038,James J Walker Park,M038,D-S-M038,False,unstable,N1g2-004,True,grouped,N2-016,True,grouped,N3-S-M038,False,robust_isolated
M039#1,Harlem River Park (1/15),M039,D-241,True,grouped,N1-S-M039#1,False,robust_isolated,N2-S-M039#1,False,robust_isolated,N3-S-M039#1,False,robust_isolated
M039#10,Harlem River Park (10/15),M039,D-S-M039#10,False,unstable,N1-S-M039#10,False,robust_isolated,N2-S-M039#10,False,robust_isolated,N3-S-M039#10,False,robust_isolated
M039#11,Harlem River Park (11/15),M039,D-S-M039#11,False,unresolved,N1-S-M039#11,False,unresolved,N2-S-M039#11,False,unresolved,N3-S-M039#11,False,unresolved
M039#12,Harlem River Park (12/15),M039,D-S-M039#12,False,unresolved,N1-S-M039#12,False,unresolved,N2-S-M039#12,False,unresolved,N3-S-M039#12,False,unresolved
M039#14,Harlem River Park (14/15),M039,D-S-M039#14,False,robust_isolated,N1-S-M039#14,False,robust_isolated,N2-S-M039#14,False,robust_isolated,N3-S-M039#14,False,robust_isolated
M039#2,Harlem River Park (2/15),M039,D-S-M039#2,False,unstable,N1-S-M039#2,False,robust_isolated,N2-S-M039#2,False,unstable,N3-S-M039#2,False,robust_isolated
M039#3,Harlem River Park (3/15),M039,D-S-M039#3,False,unstable,N1-S-M039#3,False,unstable,N2-150,True,grouped,N3-S-M039#3,False,robust_isolated
M039#4,Harlem River Park (4/15),M039,D-S-M039#4,False,robust_isolated,N1-S-M039#4,False,robust_isolated,N2-S-M039#4,False,robust_isolated,N3-S-M039#4,False,robust_isolated
M039#5,Harlem River Park (5/15),M039,D-S-M039#5,False,unresolved,N1-S-M039#5,False,unresolved,N2-S-M039#5,False,unresolved,N3-S-M039#5,False,unresolved
M039#6,Harlem River Park (6/15),M039,D-242,True,grouped,N1-S-M039#6,False,unstable,N2-S-M039#6,False,unstable,N3-S-M039#6,False,robust_isolated
M039#7,Harlem River Park (7/15),M039,D-031,True,grouped,N1g2-011,True,grouped,N2-010,True,grouped,N3-S-M039#7,False,robust_isolated
M039#9,Harlem River Park (9/15),M039,D-S-M039#9,False,unstable,N1-S-M039#9,False,robust_isolated,N2-S-M039#9,False,robust_isolated,N3-S-M039#9,False,robust_isolated
M040,Johnny Hartman Square,M040,D-014,True,grouped,N1g2-006,True,grouped,N2-017,True,grouped,N3-S-M040,False,unstable
M041,Alexander Hamilton Playground,M041,D-014,True,grouped,N1g2-006,True,grouped,N2-017,True,grouped,N3-S-M041,False,robust_isolated
M043,Isham Park,M043,D-S-M043,False,unstable,N1g2-137,True,grouped,N2-235,True,grouped,N3-S-M043,False,robust_isolated
M044,Jackson Square,M044,D-010,True,grouped,N1g2-039,True,grouped,N2-046,True,grouped,N3-S-M044,False,robust_isolated
M045,John Jay Park,M045,D-S-M045,False,unstable,N1-S-M045,False,unstable,N2-S-M045,False,unstable,N3-S-M045,False,robust_isolated
M046,Vietnam Veterans Plaza,M046,D-243,True,grouped,N1-S-M046,False,unstable,N2-096,True,grouped,N3-S-M046,False,robust_isolated
M047,Thomas Jefferson Park,M047,D-149,True,grouped,N1g2-056,True,grouped,N2-065,True,grouped,N3-S-M047,False,beyond_walk_limit
M048,Joan Of Arc Park,M048,D-S-M048,False,unstable,N1g2-139,True,grouped,N2-236,True,grouped,N3-S-M048,False,robust_isolated
M051,Richard Tucker Park,M051,D-033,True,grouped,N1g2-091,True,grouped,N2-047,True,grouped,N3-S-M051,False,robust_isolated
M052,Madison Square Park,M052,D-244,True,grouped,N1-S-M052,False,unstable,N2-S-M052,False,unstable,N3-S-M052,False,robust_isolated
M054,Mitchel Square,M054,D-105,True,grouped,N1-S-M054,False,unstable,N2-100,True,grouped,N3-S-M054,False,robust_isolated
M055,Montefiore Square,M055,D-014,True,grouped,N1g2-006,True,grouped,N2-017,True,grouped,N3-S-M055,False,unstable
M056,Morningside Park,M056,D-150,True,grouped,N1g2-026,True,grouped,N2-030,True,grouped,N3-S-M056,False,robust_isolated
M058,Marcus Garvey Park,M058,D-245,True,grouped,N1g2-140,True,grouped,N2-048,True,grouped,N3-S-M058,False,robust_isolated
M059,Murphy Brothers Playground,M059,D-S-M059,False,unstable,N1-S-M059,False,unstable,N2-S-M059,False,unstable,N3-005,True,grouped
M060A,Park Avenue Malls,M060A,D-246,True,grouped,N1g2-141,True,grouped,N2-101,True,grouped,N3-S-M060A,False,robust_isolated
M060B,Park Avenue Malls,M060B,D-S-M060B,False,unstable,N1g2-086,True,grouped,N2-S-M060B,False,unstable,N3-S-M060B,False,unstable
M060C#1,Park Avenue Malls (1/8),M060C,D-S-M060C#1,False,robust_isolated,N1-S-M060C#1,False,unstable,N2-S-M060C#1,False,unstable,N3-S-M060C#1,False,robust_isolated
M060C#2,Park Avenue Malls (2/8),M060C,D-246,True,grouped,N1g2-141,True,grouped,N2-101,True,grouped,N3-S-M060C#2,False,robust_isolated
M060C#3,Park Avenue Malls (3/8),M060C,D-S-M060C#3,False,unstable,N1g2-240,True,grouped,N2-S-M060C#3,False,unstable,N3-S-M060C#3,False,robust_isolated
M060C#4,Park Avenue Malls (4/8),M060C,D-S-M060C#4,False,unstable,N1-S-M060C#4,False,unstable,N2-S-M060C#4,False,unstable,N3-S-M060C#4,False,robust_isolated
M060C#5,Park Avenue Malls (5/8),M060C,D-S-M060C#5,False,unstable,N1-S-M060C#5,False,unstable,N2-S-M060C#5,False,unstable,N3-S-M060C#5,False,robust_isolated
M060C#6,Park Avenue Malls (6/8),M060C,D-S-M060C#6,False,robust_isolated,N1-S-M060C#6,False,unstable,N2-S-M060C#6,False,unstable,N3-S-M060C#6,False,robust_isolated
M060C#7,Park Avenue Malls (7/8),M060C,D-S-M060C#7,False,unstable,N1g2-241,True,grouped,N2-101,True,grouped,N3-S-M060C#7,False,robust_isolated
M060C#8,Park Avenue Malls (8/8),M060C,D-247,True,grouped,N1g2-242,True,grouped,N2-151,True,grouped,N3-S-M060C#8,False,robust_isolated
M061,Plaza Lafayette,M061,D-106,True,grouped,N1-S-M061,False,unstable,N2-152,True,grouped,N3-S-M061,False,robust_isolated
M062,Grand Army Plaza,M062,D-S-M062,False,unstable,N1g2-141,True,grouped,N2-101,True,grouped,N3-S-M062,False,robust_isolated
M064,Lillian D Wald Playground,M064,D-151,True,grouped,N1g2-024,True,grouped,N2-237,True,grouped,N3-S-M064,False,robust_isolated
M065,Luther Gulick Park,M065,D-030,True,grouped,N1g2-243,True,grouped,N2-027,True,grouped,N3-S-M065,False,robust_isolated
M066,Dr. Gertrude B. Kelly Playground,M066,D-S-M066,False,unstable,N1g2-142,True,grouped,N2-S-M066,False,unstable,N3-S-M066,False,robust_isolated
M067,Sophie Irene Loeb,M067,D-069,True,grouped,N1g2-054,True,grouped,N2-028,True,grouped,N3-S-M067,False,robust_isolated
M069,Vesuvio Playground,M069,D-003,True,grouped,N1g2-143,True,grouped,N2-102,True,grouped,N3-S-M069,False,robust_isolated
M070,Queensboro Oval,M070,D-248,True,grouped,N1g2-057,True,grouped,N2-103,True,grouped,N3-S-M070,False,robust_isolated
M072#1,Riverside Park (1/4),M072,D-014,True,grouped,N1g2-006,True,grouped,N2-017,True,grouped,N3-S-M072#1,False,robust_isolated
M072#2,Riverside Park (2/4),M072,D-070,True,grouped,N1g2-092,True,grouped,N2-153,True,grouped,N3-S-M072#2,False,robust_isolated
M072#3,Riverside Park (3/4),M072,D-070,True,grouped,N1g2-092,True,grouped,N2-238,True,grouped,N3-S-M072#3,False,robust_isolated
M072#4,Riverside Park (4/4),M072,D-014,True,grouped,N1g2-006,True,grouped,N2-017,True,grouped,N3-S-M072#4,False,robust_isolated
M073,Roger Morris Park,M073,D-249,True,grouped,N1g2-244,True,grouped,N2-154,True,grouped,N3-S-M073,False,robust_isolated
M076,St. Vartan Park,M076,D-S-M076,False,unstable,N1g2-245,True,grouped,N2-S-M076,False,unstable,N3-S-M076,False,robust_isolated
M077,St. Nicholas Park,M077,D-100,True,grouped,N1g2-144,True,grouped,N2-149,True,grouped,N3-S-M077,False,unstable
M079,St. Catherine's Park,M079,D-S-M079,False,unstable,N1g2-241,True,grouped,N2-S-M079,False,unstable,N3-S-M079,False,robust_isolated
M080,Schiff Mall,M080,D-020,True,grouped,N1g2-017,True,grouped,N2-014,True,grouped,N3-S-M080,False,robust_isolated
M081,Carl Schurz Park,M081,D-250,True,grouped,N1-S-M081,False,unstable,N2-S-M081,False,unstable,N3-S-M081,False,robust_isolated
M082,Seward Park,M082,D-101,True,grouped,N1g2-054,True,grouped,N2-028,True,grouped,N3-S-M082,False,robust_isolated
M083,Sherman Square,M083,D-035,True,grouped,N1g2-058,True,grouped,N2-066,True,grouped,N3-S-M083,False,robust_isolated
M085,Straus Park,M085,D-107,True,grouped,N1g2-093,True,grouped,N2-155,True,grouped,N3-S-M085,False,robust_isolated
M086,Stuyvesant Square,M086,D-152,True,grouped,N1g2-059,True,grouped,N2-104,True,grouped,N3-S-M086,False,unstable
M087,Sakura Park,M087,D-251,True,grouped,N1g2-246,True,grouped,N2-156,True,grouped,N3-S-M087,False,robust_isolated
M088,Tompkins Square Park,M088,D-001,True,grouped,N1g2-003,True,grouped,N2-001,True,grouped,N3-S-M088,False,robust_isolated
M089,Union Square Park,M089,D-S-M089,False,unstable,N1g2-059,True,grouped,N2-S-M089,False,unstable,N3-S-M089,False,unstable
M090,Lafayette Square,M090,D-150,True,grouped,N1g2-026,True,grouped,N2-030,True,grouped,N3-S-M090,False,robust_isolated
M091,Bennett Rest,M091,D-239,True,grouped,N1-S-M091,False,unstable,N2-S-M091,False,robust_isolated,N3-S-M091,False,robust_isolated
M092A,Haven Avenue,M092A,D-106,True,grouped,N1-S-M092A,False,unstable,N2-152,True,grouped,N3-S-M092A,False,robust_isolated
M092B,Park,M092B,D-106,True,grouped,N1-S-M092B,False,unstable,N2-152,True,grouped,N3-S-M092B,False,robust_isolated
M093,Father Duffy Square,M093,D-S-M093,False,unstable,N1g2-145,True,grouped,N2-157,True,grouped,N3-S-M093,False,robust_isolated
M094#1,Broadway Malls (1/11),M094,D-S-M094#1,False,unstable,N1g2-247,True,grouped,N2-S-M094#1,False,unstable,N3-S-M094#1,False,robust_isolated
M094#10,Broadway Malls (10/11),M094,D-035,True,grouped,N1g2-058,True,grouped,N2-066,True,grouped,N3-S-M094#10,False,robust_isolated
M094#11,Broadway Malls (11/11),M094,D-S-M094#11,False,unstable,N1g2-139,True,grouped,N2-236,True,grouped,N3-S-M094#11,False,robust_isolated
M094#2,Broadway Malls (2/11),M094,D-033,True,grouped,N1g2-238,True,grouped,N2-047,True,grouped,N3-S-M094#2,False,robust_isolated
M094#3,Broadway Malls (3/11),M094,D-108,True,grouped,N1g2-093,True,grouped,N2-105,True,grouped,N3-S-M094#3,False,robust_isolated
M094#4,Broadway Malls (4/11),M094,D-035,True,grouped,N1g2-146,True,grouped,N2-158,True,grouped,N3-S-M094#4,False,robust_isolated
M094#5,Broadway Malls (5/11),M094,D-033,True,grouped,N1g2-091,True,grouped,N2-047,True,grouped,N3-S-M094#5,False,robust_isolated
M094#6,Broadway Malls (6/11),M094,D-108,True,grouped,N1-S-M094#6,False,unstable,N2-105,True,grouped,N3-S-M094#6,False,robust_isolated
M094#7,Broadway Malls (7/11),M094,D-107,True,grouped,N1g2-094,True,grouped,N2-106,True,grouped,N3-S-M094#7,False,robust_isolated
M094#8,Broadway Malls (8/11),M094,D-S-M094#8,False,unstable,N1g2-139,True,grouped,N2-159,True,grouped,N3-S-M094#8,False,robust_isolated
M094#9,Broadway Malls (9/11),M094,D-S-M094#9,False,unstable,N1-S-M094#9,False,unstable,N2-S-M094#9,False,unstable,N3-S-M094#9,False,robust_isolated
M094A,Broadway Malls,M094A,D-251,True,grouped,N1g2-246,True,grouped,N2-156,True,grouped,N3-S-M094A,False,beyond_walk_limit
M095#1,Broadway Malls (1/5),M095,D-014,True,grouped,N1g2-006,True,grouped,N2-017,True,grouped,N3-S-M095#1,False,beyond_walk_limit
M095#2,Broadway Malls (2/5),M095,D-070,True,grouped,N1g2-092,True,grouped,N2-153,True,grouped,N3-006,True,grouped
M095#3,Broadway Malls (3/5),M095,D-014,True,grouped,N1g2-006,True,grouped,N2-017,True,grouped,N3-S-M095#3,False,unstable
M095#4,Broadway Malls (4/5),M095,D-070,True,grouped,N1g2-147,True,grouped,N2-153,True,grouped,N3-S-M095#4,False,robust_isolated
M095#5,Broadway Malls (5/5),M095,D-014,True,grouped,N1g2-092,True,grouped,N2-238,True,grouped,N3-006,True,grouped
M095A,Broadway Malls,M095A,D-105,True,grouped,N1g2-147,True,grouped,N2-100,True,grouped,N3-006,True,grouped
M096#1,Adam Clayton Powell Jr. Malls (1/9),M096,D-109,True,grouped,N1g2-026,True,grouped,N2-030,True,grouped,N3-S-M096#1,False,unstable
M096#2,Adam Clayton Powell Jr. Malls (2/9),M096,D-047,True,grouped,N1g2-090,True,grouped,N2-067,True,grouped,N3-S-M096#2,False,beyond_walk_limit
M096#3,Adam Clayton Powell Jr. Malls (3/9),M096,D-022,True,grouped,N1g2-018,True,grouped,N2-048,True,grouped,N3-S-M096#3,False,unstable
M096#4,Adam Clayton Powell Jr. Malls (4/9),M096,D-034,True,grouped,N1g2-025,True,grouped,N2-029,True,grouped,N3-S-M096#4,False,beyond_walk_limit
M096#5,Adam Clayton Powell Jr. Malls (5/9),M096,D-022,True,grouped,N1g2-018,True,grouped,N2-099,True,grouped,N3-S-M096#5,False,robust_isolated
M096#6,Adam Clayton Powell Jr. Malls (6/9),M096,D-110,True,grouped,N1g2-060,True,grouped,N2-049,True,grouped,N3-S-M096#6,False,robust_isolated
M096#7,Adam Clayton Powell Jr. Malls (7/9),M096,D-047,True,grouped,N1g2-061,True,grouped,N2-068,True,grouped,N3-S-M096#7,False,unstable
M096#8,Adam Clayton Powell Jr. Malls (8/9),M096,D-034,True,grouped,N1g2-061,True,grouped,N2-068,True,grouped,N3-S-M096#8,False,unstable
M096#9,Adam Clayton Powell Jr. Malls (9/9),M096,D-048,True,grouped,N1g2-090,True,grouped,N2-018,True,grouped,N3-S-M096#9,False,unstable
M097,Verdi Square,M097,D-035,True,grouped,N1g2-146,True,grouped,N2-158,True,grouped,N3-S-M097,False,unstable
M098,Washington Square Park,M098,D-003,True,grouped,N1g2-148,True,grouped,N2-107,True,grouped,N3-S-M098,False,unstable
M099,J. Hood Wright Park,M099,D-106,True,grouped,N1g2-237,True,grouped,N2-S-M099,False,unstable,N3-S-M099,False,robust_isolated
M101,Worth Square,M101,D-244,True,grouped,N1-S-M101,False,unstable,N2-S-M101,False,unstable,N3-S-M101,False,unstable
M105,Sara D. Roosevelt Park,M105,D-020,True,grouped,N1g2-017,True,grouped,N2-014,True,grouped,N3-S-M105,False,robust_isolated
M108A,Louis Cuvillier Park,M108A,D-036,True,grouped,N1-S-M108A,False,unstable,N2-160,True,grouped,N3-S-M108A,False,unstable
M108B,Park,M108B,D-153,True,grouped,N1-S-M108B,False,unstable,N2-160,True,grouped,N3-S-M108B,False,robust_isolated
M108F,Triboro Plaza,M108F,D-036,True,grouped,N1-S-M108F,False,unstable,N2-108,True,grouped,N3-S-M108F,False,unstable
M108G,Playground 103 CIII,M108G,D-252,True,grouped,N1-S-M108G,False,robust_isolated,N2-S-M108G,False,unstable,N3-S-M108G,False,robust_isolated
M108H,Park,M108H,D-071,True,grouped,N1-S-M108H,False,unstable,N2-069,True,grouped,N3-S-M108H,False,robust_isolated
M108J,Park,M108J,D-153,True,grouped,N1-S-M108J,False,unstable,N2-160,True,grouped,N3-S-M108J,False,unstable
M108N,Peter Detmold Park,M108N,D-253,True,grouped,N1-S-M108N,False,unstable,N2-239,True,grouped,N3-S-M108N,False,robust_isolated
M108P,Sutton Parks,M108P,D-072,True,grouped,N1g2-057,True,grouped,N2-S-M108P,False,unstable,N3-S-M108P,False,robust_isolated
M108Q,Twenty-Four Sycamores Park,M108Q,D-248,True,grouped,N1g2-057,True,grouped,N2-103,True,grouped,N3-S-M108Q,False,unstable
M108Q1,Andrew Haswell Green Park,M108Q1,D-072,True,grouped,N1-S-M108Q1,False,unstable,N2-161,True,grouped,N3-027,True,grouped
M108R,Sutton Place Park,M108R,D-072,True,grouped,N1-S-M108R,False,unstable,N2-161,True,grouped,N3-S-M108R,False,robust_isolated
M108T#1,East River Walk (1/6),M108T,D-072,True,grouped,N1-S-M108T#1,False,robust_isolated,N2-S-M108T#1,False,robust_isolated,N3-S-M108T#1,False,robust_isolated
M108T#3,East River Walk (3/6),M108T,D-S-M108T#3,False,unstable,N1-S-M108T#3,False,robust_isolated,N2-S-M108T#3,False,robust_isolated,N3-S-M108T#3,False,robust_isolated
M108T#4,East River Walk (4/6),M108T,D-S-M108T#4,False,unstable,N1-S-M108T#4,False,robust_isolated,N2-S-M108T#4,False,robust_isolated,N3-S-M108T#4,False,robust_isolated
M108T#5,East River Walk (5/6),M108T,D-072,True,grouped,N1-S-M108T#5,False,unstable,N2-161,True,grouped,N3-027,True,grouped
M108T#6,East River Walk (6/6),M108T,D-S-M108T#6,False,unstable,N1-S-M108T#6,False,robust_isolated,N2-S-M108T#6,False,robust_isolated,N3-S-M108T#6,False,robust_isolated
M108T01#1,East River Esplanade (1/8),M108T01,D-149,True,grouped,N1-S-M108T01#1,False,robust_isolated,N2-S-M108T01#1,False,robust_isolated,N3-S-M108T01#1,False,robust_isolated
M108T01#2,East River Esplanade (2/8),M108T01,D-071,True,grouped,N1g2-149,True,grouped,N2-069,True,grouped,N3-S-M108T01#2,False,robust_isolated
M108T01#4,East River Esplanade (4/8),M108T01,D-S-M108T01#4,False,unresolved,N1-S-M108T01#4,False,unresolved,N2-S-M108T01#4,False,unresolved,N3-S-M108T01#4,False,unresolved
M108T01#5,East River Esplanade (5/8),M108T01,D-250,True,unresolved,N1-S-M108T01#5,False,unresolved,N2-S-M108T01#5,False,unresolved,N3-S-M108T01#5,False,unresolved
M108T01#8,East River Esplanade (8/8),M108T01,D-153,True,grouped,N1-S-M108T01#8,False,robust_isolated,N2-S-M108T01#8,False,robust_isolated,N3-S-M108T01#8,False,robust_isolated
M110,William McCray Playground,M110,D-S-M110,False,unstable,N1g2-150,True,grouped,N2-067,True,grouped,N3-S-M110,False,robust_isolated
M111,James Weldon Johnson Playground,M111,D-S-M111,False,unstable,N1g2-151,True,grouped,N2-162,True,grouped,N3-S-M111,False,unstable
M113,Joseph C. Sauer Park,M113,D-023,True,grouped,N1g2-012,True,grouped,N2-011,True,grouped,N3-S-M113,False,unstable
M113A,Children's Garden,M113A,D-023,True,grouped,N1g2-012,True,grouped,N2-011,True,grouped,N3-S-M113A,False,unstable
M116,ABC Playground,M116,D-004,True,grouped,N1g2-040,True,grouped,N2-064,True,grouped,N3-S-M116,False,robust_isolated
M120A,William F. Passannante Ballfield,M120A,D-003,True,grouped,N1g2-004,True,grouped,N2-016,True,grouped,N3-S-M120A,False,robust_isolated
M120B,Playground of the Americas,M120B,D-003,True,grouped,N1g2-004,True,grouped,N2-102,True,grouped,N3-S-M120B,False,unstable
M122,Captain Jacob Joseph Playground,M122,D-101,True,grouped,N1g2-054,True,grouped,N2-028,True,grouped,N3-S-M122,False,robust_isolated
M123,Peretz Square,M123,D-020,True,grouped,N1g2-017,True,grouped,N2-014,True,grouped,N3-S-M123,False,robust_isolated
M124,First Park,M124,D-020,True,grouped,N1g2-017,True,grouped,N2-014,True,grouped,N3-S-M124,False,robust_isolated
M125A,Minetta Green,M125A,D-003,True,grouped,N1g2-004,True,grouped,N2-016,True,grouped,N3-S-M125A,False,unstable
M125B,Minetta Playground,M125B,D-003,True,grouped,N1g2-004,True,grouped,N2-016,True,grouped,N3-S-M125B,False,unstable
M125C,West 4th Street Courts,M125C,D-003,True,grouped,N1g2-004,True,grouped,N2-016,True,grouped,N3-S-M125C,False,unstable
M125D,Minetta Triangle,M125D,D-003,True,grouped,N1g2-004,True,grouped,N2-016,True,grouped,N3-S-M125D,False,robust_isolated
M125E,Charlton Plaza,M125E,D-003,True,grouped,N1g2-004,True,grouped,N2-102,True,grouped,N3-S-M125E,False,robust_isolated
M127,Bushman Steps,M127,D-031,True,grouped,N1g2-011,True,grouped,N2-010,True,grouped,N3-S-M127,False,robust_isolated
M132,Little Flower Playground,M132,D-151,True,grouped,N1-S-M132,False,beyond_walk_limit,N2-028,True,grouped,N3-S-M132,False,beyond_walk_limit
M138,Bill Bojangles Robinson Playground,M138,D-034,True,grouped,N1g2-025,True,grouped,N2-029,True,grouped,N3-S-M138,False,robust_isolated
M140,Recreational Area,M140,D-070,True,grouped,N1-S-M140,False,unstable,N2-S-M140,False,unstable,N3-S-M140,False,robust_isolated
M141,Percy E. Sutton Playground,M141,D-034,True,grouped,N1g2-025,True,grouped,N2-029,True,grouped,N3-S-M141,False,beyond_walk_limit
M144,John V. Lindsay East River Park,M144,D-254,True,grouped,N1-S-M144,False,robust_isolated,N2-S-M144,False,robust_isolated,N3-S-M144,False,robust_isolated
M145,Albert Capsouto Park,M145,D-102,True,grouped,N1-S-M145,False,unstable,N2-097,True,grouped,N3-S-M145,False,robust_isolated
M148,White Playground,M148,D-S-M148,False,unstable,N1g2-248,True,grouped,N2-S-M148,False,unstable,N3-S-M148,False,unstable
M154,Mathews-Palmer Playground,M154,D-S-M154,False,unstable,N1-S-M154,False,unstable,N2-S-M154,False,robust_isolated,N3-S-M154,False,robust_isolated
M155,Courtney Callender Playground,M155,D-049,True,grouped,N1g2-013,True,grouped,N2-070,True,grouped,N3-S-M155,False,robust_isolated
M156,McKenna Square,M156,D-105,True,grouped,N1-S-M156,False,beyond_walk_limit,N2-100,True,grouped,N3-S-M156,False,robust_isolated
M158,Robert Moses Playground,M158,D-073,True,grouped,N1g2-062,True,grouped,N2-071,True,grouped,N3-S-M158,False,robust_isolated
M159,Frederick Johnson Playground,M159,D-034,True,grouped,N1g2-025,True,grouped,N2-029,True,grouped,N3-S-M159,False,robust_isolated
M160,Fred Samuel Playground,M160,D-047,True,grouped,N1g2-150,True,grouped,N2-067,True,grouped,N3-S-M160,False,robust_isolated
M161,McCaffrey Playground,M161,D-S-M161,False,unstable,N1-S-M161,False,unstable,N2-S-M161,False,robust_isolated,N3-S-M161,False,robust_isolated
M164,Asser Levy Playground,M164,D-S-M164,False,unstable,N1-S-M164,False,unstable,N2-S-M164,False,unstable,N3-S-M164,False,robust_isolated
M165,Baruch Playground,M165,D-255,True,grouped,N1-S-M165,False,unstable,N2-S-M165,False,robust_isolated,N3-S-M165,False,robust_isolated
M166,Harlem Art Park,M166,D-S-M166,False,unstable,N1g2-041,True,grouped,N2-031,True,grouped,N3-S-M166,False,beyond_walk_limit
M167,Peck Slip,M167,D-074,True,grouped,N1g2-249,True,grouped,N2-240,True,grouped,N3-S-M167,False,robust_isolated
M169,Samuel Marx Triangle,M169,D-109,True,grouped,N1g2-026,True,grouped,N2-030,True,grouped,N3-S-M169,False,unstable
M170,Petrosino Square,M170,D-111,True,grouped,N1g2-250,True,grouped,N2-241,True,grouped,N3-S-M170,False,unstable
M171,Cherry Clinton Playground,M171,D-151,True,grouped,N1g2-024,True,grouped,N2-237,True,grouped,N3-S-M171,False,robust_isolated
M172,McCarthy Square,M172,D-010,True,grouped,N1g2-055,True,grouped,N2-063,True,grouped,N3-S-M172,False,robust_isolated
M177,Honey Locust Park,M177,D-256,True,grouped,N1g2-057,True,grouped,N2-103,True,grouped,N3-S-M177,False,unstable
M178,Catherine Slip Malls,M178,D-069,True,grouped,N1g2-136,True,grouped,N2-015,True,grouped,N3-S-M178,False,unstable
M180,Lt. Wm. Tighe Triangle,M180,D-S-M180,False,beyond_walk_limit,N1-S-M180,False,unstable,N2-S-M180,False,unstable,N3-S-M180,False,robust_isolated
M182,Vladeck Park,M182,D-030,True,grouped,N1g2-024,True,grouped,N2-027,True,grouped,N3-S-M182,False,robust_isolated
M183,Peter Minuit Playground,M183,D-050,True,grouped,N1g2-152,True,grouped,N2-032,True,grouped,N3-S-M183,False,robust_isolated
M184,Samuel N. Bennerson 2nd Playground,M184,D-033,True,grouped,N1-S-M184,False,unstable,N2-S-M184,False,robust_isolated,N3-S-M184,False,robust_isolated
M186,Brigadier General Charles Young Playground,M186,D-242,True,grouped,N1g2-061,True,grouped,N2-068,True,grouped,N3-S-M186,False,unstable
M187,Marx Brothers Playground,M187,D-071,True,grouped,N1g2-149,True,grouped,N2-069,True,grouped,N3-S-M187,False,robust_isolated
M188,Abe Lebewohl Park,M188,D-257,True,grouped,N1g2-059,True,grouped,N2-104,True,grouped,N3-S-M188,False,robust_isolated
M188A,Abe Lebewohl Triangle,M188A,D-257,True,grouped,N1g2-089,True,grouped,N2-S-M188A,False,unstable,N3-S-M188A,False,robust_isolated
M189,Roosevelt Triangle,M189,D-104,True,grouped,N1g2-138,True,grouped,N2-242,True,grouped,N3-S-M189,False,unstable
M190,Sheltering Arms Playground,M190,D-S-M190,False,unstable,N1g2-144,True,grouped,N2-147,True,grouped,N3-S-M190,False,robust_isolated
M191,Father Demo Square,M191,D-003,True,grouped,N1g2-004,True,grouped,N2-016,True,grouped,N3-S-M191,False,robust_isolated
M192,Stanley Isaacs Playground,M192,D-071,True,grouped,N1g2-149,True,grouped,N2-069,True,grouped,N3-S-M192,False,unstable
M193,Abraham Lincoln Playground,M193,D-258,True,grouped,N1g2-013,True,grouped,N2-018,True,grouped,N3-S-M193,False,robust_isolated
M194,Alfred E. Smith Playground,M194,D-069,True,grouped,N1g2-136,True,grouped,N2-015,True,grouped,N3-S-M194,False,robust_isolated
M195,Sidney Hillman Playground,M195,D-030,True,grouped,N1g2-243,True,grouped,N2-027,True,grouped,N3-S-M195,False,robust_isolated
M196,Playground One,M196,D-021,True,grouped,N1g2-095,True,grouped,N2-015,True,grouped,N3-S-M196,False,unstable
M198,"Martin Luther King, Jr. Playground",M198,D-S-M198,False,unstable,N1-S-M198,False,unstable,N2-S-M198,False,robust_isolated,N3-S-M198,False,unstable
M199,Monsignor Kett Playground,M199,D-S-M199,False,unstable,N1g2-251,True,grouped,N2-243,True,grouped,N3-S-M199,False,robust_isolated
M200,Booker T. Washington Playground,M200,D-154,True,grouped,N1g2-094,True,grouped,N2-106,True,grouped,N3-S-M200,False,robust_isolated
M200A,Anibal Aviles Playground,M200A,D-154,True,grouped,N1g2-094,True,grouped,N2-106,True,grouped,N3-S-M200A,False,robust_isolated
M201,Wald Playground,M201,D-255,True,grouped,N1-S-M201,False,unstable,N2-033,True,grouped,N3-S-M201,False,robust_isolated
M203A,Trygve Lie Plaza,M203A,D-073,True,grouped,N1g2-062,True,grouped,N2-071,True,grouped,N3-S-M203A,False,robust_isolated
M203B,Ralph Bunche Park,M203B,D-073,True,grouped,N1g2-062,True,grouped,N2-071,True,grouped,N3-S-M203B,False,robust_isolated
M203C,Dag Hammarskjold Plaza,M203C,D-S-M203C,False,unstable,N1-S-M203C,False,unstable,N2-S-M203C,False,unstable,N3-S-M203C,False,unstable
M203D,Mary O'Connor Playground,M203D,D-073,True,grouped,N1g2-062,True,grouped,N2-071,True,grouped,N3-S-M203D,False,robust_isolated
M203E,Tudor Grove Playground,M203E,D-073,True,grouped,N1g2-062,True,grouped,N2-071,True,grouped,N3-S-M203E,False,robust_isolated
M204,Moore Playground,M204,D-049,True,grouped,N1g2-063,True,grouped,N2-070,True,grouped,N3-S-M204,False,beyond_walk_limit
M205,Playground One Twenty Five CXXV,M205,D-104,True,grouped,N1g2-138,True,grouped,N2-242,True,grouped,N3-S-M205,False,unstable
M206,Tanahey Playground,M206,D-069,True,grouped,N1-S-M206,False,unstable,N2-028,True,grouped,N3-S-M206,False,robust_isolated
M207,Father Fagan Park,M207,D-003,True,grouped,N1g2-004,True,grouped,N2-102,True,grouped,N3-S-M207,False,robust_isolated
M208A,Alice Kornegay Triangle,M208A,D-112,True,grouped,N1g2-064,True,grouped,N2-050,True,grouped,N3-S-M208A,False,unstable
M208B,Park,M208B,D-112,True,grouped,N1g2-064,True,grouped,N2-050,True,grouped,N3-007,True,grouped
M208C,Harlem River Park,M208C,D-112,True,grouped,N1g2-064,True,grouped,N2-050,True,grouped,N3-007,True,grouped
M208D,Harlem River Park,M208D,D-112,True,grouped,N1g2-064,True,grouped,N2-050,True,grouped,N3-028,True,grouped
M208E,Crack Is Wack Playground,M208E,D-036,True,grouped,N1g2-064,True,grouped,N2-108,True,grouped,N3-028,True,grouped
M208F,Harlem River Park,M208F,D-036,True,grouped,N1-S-M208F,False,unstable,N2-108,True,grouped,N3-S-M208F,False,robust_isolated
M208G,Harlem River Park,M208G,D-036,True,grouped,N1-S-M208G,False,unstable,N2-108,True,grouped,N3-S-M208G,False,robust_isolated
M209,Mill Rock Park,M209,D-S-M209,False,unresolved,N1-S-M209,False,unresolved,N2-S-M209,False,unresolved,N3-S-M209,False,unresolved
M211A,St. Nicholas Playground South,M211A,D-110,True,grouped,N1g2-060,True,grouped,N2-049,True,grouped,N3-S-M211A,False,robust_isolated
M211B,Langston Hughes Playground,M211B,D-110,True,grouped,N1-S-M211B,False,beyond_walk_limit,N2-049,True,grouped,N3-S-M211B,False,beyond_walk_limit
M212,The Queen Elizabeth II September 11th Garden,M212,D-243,True,grouped,N1-S-M212,False,unstable,N2-S-M212,False,unstable,N3-S-M212,False,robust_isolated
M213,Mae Grant Playground,M213,D-S-M213,False,unstable,N1-S-M213,False,unstable,N2-S-M213,False,unstable,N3-S-M213,False,robust_isolated
M214,Blake Hobbs Playground,M214,D-259,True,grouped,N1g2-252,True,grouped,N2-163,True,grouped,N3-S-M214,False,robust_isolated
M215,Cherry Tree Park,M215,D-155,True,grouped,N1g2-252,True,grouped,N2-S-M215,False,unstable,N3-S-M215,False,robust_isolated
M216,Holcombe Rucker Park,M216,D-031,True,grouped,N1g2-025,True,grouped,N2-029,True,grouped,N3-S-M216,False,robust_isolated
M217,Howard Bennett Playground,M217,D-258,True,grouped,N1g2-013,True,grouped,N2-018,True,grouped,N3-S-M217,False,robust_isolated
M218,DeSalvio Playground,M218,D-111,True,grouped,N1-S-M218,False,beyond_walk_limit,N2-S-M218,False,unstable,N3-S-M218,False,unstable
M219,Tecumseh Playground,M219,D-035,True,grouped,N1g2-146,True,grouped,N2-158,True,grouped,N3-S-M219,False,unstable
M220,Frederick Douglass Playground,M220,D-108,True,grouped,N1g2-253,True,grouped,N2-105,True,grouped,N3-029,True,grouped
M221,Gutenberg Playground,M221,D-S-M221,False,unstable,N1-S-M221,False,unstable,N2-S-M221,False,robust_isolated,N3-S-M221,False,unstable
M222,Grand Canal Court,M222,D-102,True,grouped,N1g2-143,True,grouped,N2-097,True,grouped,N3-S-M222,False,robust_isolated
M223,Jacob H. Schiff Playground,M223,D-100,True,grouped,N1g2-006,True,grouped,N2-147,True,grouped,N3-S-M223,False,unstable
M224,Straus Square,M224,D-101,True,grouped,N1g2-054,True,grouped,N2-028,True,grouped,N3-S-M224,False,robust_isolated
M225,Wagner Playground,M225,D-S-M225,False,unstable,N1-S-M225,False,unstable,N2-S-M225,False,unstable,N3-S-M225,False,robust_isolated
M226,Augustus St. Gaudens Playground,M226,D-152,True,grouped,N1g2-059,True,grouped,N2-104,True,grouped,N3-S-M226,False,robust_isolated
M227,Peter's Field,M227,D-152,True,grouped,N1g2-059,True,grouped,N2-104,True,grouped,N3-S-M227,False,robust_isolated
M228,Henry M. Jackson Playground,M228,D-030,True,grouped,N1g2-024,True,grouped,N2-027,True,grouped,N3-S-M228,False,robust_isolated
M229,Happy Warrior Playground,M229,D-108,True,grouped,N1g2-253,True,grouped,N2-105,True,grouped,N3-029,True,grouped
M230,Poor Richard's Playground,M230,D-156,True,grouped,N1g2-254,True,grouped,N2-163,True,grouped,N3-S-M230,False,robust_isolated
M231,Damrosch Park,M231,D-033,True,grouped,N1g2-091,True,grouped,N2-047,True,grouped,N3-S-M231,False,robust_isolated
M232,Lincoln Center Plaza,M232,D-033,True,grouped,N1g2-091,True,grouped,N2-047,True,grouped,N3-S-M232,False,robust_isolated
M233,Matthew P. Sapolin Playground,M233,D-035,True,grouped,N1g2-058,True,grouped,N2-066,True,grouped,N3-S-M233,False,robust_isolated
M234,Wright Brothers Playground,M234,D-031,True,grouped,N1g2-011,True,grouped,N2-010,True,grouped,N3-S-M234,False,robust_isolated
M235,Sol Lain Plgd,M235,D-030,True,grouped,N1g2-024,True,grouped,N2-027,True,grouped,N3-S-M235,False,robust_isolated
M236,Samuel Seabury Playground,M236,D-247,True,grouped,N1g2-242,True,grouped,N2-151,True,grouped,N3-S-M236,False,robust_isolated
M237,Corporal John A. Seravalli Playground,M237,D-010,True,grouped,N1g2-039,True,grouped,N2-046,True,grouped,N3-S-M237,False,robust_isolated
M238,Bloomingdale Playground,M238,D-107,True,grouped,N1g2-093,True,grouped,N2-155,True,grouped,N3-S-M238,False,robust_isolated
M239,P.S. 155 Playground,M239,D-260,True,grouped,N1g2-056,True,grouped,N2-065,True,grouped,N3-S-M239,False,unstable
M240,Audubon Playground,M240,D-105,True,grouped,N1-S-M240,False,unstable,N2-100,True,grouped,N3-S-M240,False,robust_isolated
M241,Nathan Straus Playground,M241,D-004,True,grouped,N1g2-040,True,grouped,N2-S-M241,False,unstable,N3-S-M241,False,robust_isolated
M242,Collect Pond Park,M242,D-021,True,grouped,N1g2-135,True,grouped,N2-098,True,grouped,N3-S-M242,False,unstable
M243,Eugene McCabe Field,M243,D-075,True,grouped,N1g2-041,True,grouped,N2-031,True,grouped,N3-S-M243,False,unstable
M244,Sol Bloom Playground,M244,D-S-M244,False,unstable,N1g2-153,True,grouped,N2-S-M244,False,unstable,N3-S-M244,False,robust_isolated
M245,Renaissance Playground,M245,D-047,True,grouped,N1g2-061,True,grouped,N2-068,True,grouped,N3-S-M245,False,robust_isolated
M246,Kimlau Square,M246,D-021,True,grouped,N1g2-095,True,grouped,N2-015,True,grouped,N3-S-M246,False,robust_isolated
M247,St. James Triangle,M247,D-021,True,grouped,N1g2-095,True,grouped,N2-015,True,grouped,N3-S-M247,False,unstable
M249,Penn South Playground,M249,D-S-M249,False,unstable,N1g2-087,True,grouped,N2-S-M249,False,unstable,N3-S-M249,False,unstable
M251,Bleecker Playground,M251,D-010,True,grouped,N1g2-039,True,grouped,N2-046,True,grouped,N3-S-M251,False,robust_isolated
M254,Gustave Hartman Square,M254,D-004,True,grouped,N1g2-002,True,grouped,N2-033,True,grouped,N3-S-M254,False,unstable
M255,James Madison Plaza,M255,D-021,True,grouped,N1g2-095,True,grouped,N2-015,True,grouped,N3-S-M255,False,beyond_walk_limit
M256,MacArthur Playground,M256,D-253,True,grouped,N1-S-M256,False,unstable,N2-239,True,grouped,N3-S-M256,False,unstable
M257,Clement Clarke Moore Park,M257,D-068,True,grouped,N1g2-142,True,grouped,N2-062,True,grouped,N3-S-M257,False,robust_isolated
M258,East River Playground,M258,D-252,True,grouped,N1g2-248,True,grouped,N2-S-M258,False,unstable,N3-S-M258,False,unstable
M259,McKinley Playground,M259,D-S-M259,False,unstable,N1g2-002,True,grouped,N2-164,True,grouped,N3-S-M259,False,unstable
M263,Bellevue South Park,M263,D-261,True,grouped,N1-S-M263,False,unstable,N2-S-M263,False,unstable,N3-S-M263,False,robust_isolated
M264,Playground Eighty Nine LXXXIX,M264,D-262,True,grouped,N1g2-153,True,grouped,N2-159,True,grouped,N3-S-M264,False,robust_isolated
M265,Vincent F. Albano Jr. Playground,M265,D-261,True,grouped,N1g2-245,True,grouped,N2-S-M265,False,unstable,N3-S-M265,False,unstable
M268,El Jardin Del Paraiso Park,M268,D-051,True,grouped,N1g2-002,True,grouped,N2-001,True,grouped,N3-002,True,grouped
M270,Dry Dock Playground,M270,D-001,True,grouped,N1g2-003,True,grouped,N2-001,True,grouped,N3-S-M270,False,robust_isolated
M271A,Harlem RBI,M271A,D-259,True,grouped,N1-S-M271A,False,unstable,N2-S-M271A,False,robust_isolated,N3-S-M271A,False,robust_isolated
M273,Wagner Houses Pool,M273,D-036,True,grouped,N1-S-M273,False,unstable,N2-S-M273,False,unstable,N3-S-M273,False,robust_isolated
M277,Hell's Kitchen Park,M277,D-263,True,grouped,N1g2-145,True,grouped,N2-157,True,grouped,N3-S-M277,False,robust_isolated
M278,Jefferson Market Garden,M278,D-010,True,grouped,N1g2-055,True,grouped,N2-063,True,grouped,N3-S-M278,False,robust_isolated
M279,Duarte Square,M279,D-102,True,grouped,N1g2-143,True,grouped,N2-097,True,grouped,N3-S-M279,False,robust_isolated
M280,Tramway Plaza,M280,D-256,True,grouped,N1g2-057,True,grouped,N2-103,True,grouped,N3-S-M280,False,unstable
M281,Clinton Community Garden,M281,D-263,True,grouped,N1-S-M281,False,unstable,N2-S-M281,False,robust_isolated,N3-S-M281,False,robust_isolated
M282,Septuagesimo UNO,M282,D-035,True,grouped,N1g2-058,True,grouped,N2-066,True,grouped,N3-S-M282,False,robust_isolated
M283#1,Battery Park City (1/4),M283,D-157,True,grouped,N1-S-M283#1,False,robust_isolated,N2-S-M283#1,False,unstable,N3-S-M283#1,False,robust_isolated
M283#2,Battery Park City (2/4),M283,D-103,True,grouped,N1g2-088,True,grouped,N2-165,True,grouped,N3-S-M283#2,False,robust_isolated
M283#3,Battery Park City (3/4),M283,D-148,True,grouped,N1-S-M283#3,False,unstable,N2-096,True,grouped,N3-S-M283#3,False,robust_isolated
M283#4,Battery Park City (4/4),M283,D-157,True,grouped,N1g2-255,True,grouped,N2-244,True,grouped,N3-S-M283#4,False,robust_isolated
M283A,Battery Park City,M283A,D-157,True,grouped,N1g2-255,True,grouped,N2-244,True,grouped,N3-S-M283A,False,robust_isolated
M284,Convent Garden,M284,D-032,True,grouped,N1g2-011,True,grouped,N2-010,True,grouped,N3-S-M284,False,robust_isolated
M285,Dr. Ronald E. McNair Playground,M285,D-075,True,grouped,N1g2-041,True,grouped,N2-031,True,grouped,N3-S-M285,False,robust_isolated
M286,Asphalt Green,M286,D-071,True,grouped,N1-S-M286,False,beyond_walk_limit,N2-069,True,grouped,N3-S-M286,False,unstable
M287,Sheridan Square Viewing Garden,M287,D-010,True,grouped,N1g2-055,True,grouped,N2-063,True,grouped,N3-S-M287,False,unstable
M288,Ramon Aponte Park,M288,D-S-M288,False,unstable,N1g2-145,True,grouped,N2-157,True,grouped,N3-S-M288,False,unstable
M289,East River Esplanade,M289,D-S-M289,False,unresolved,N1-S-M289,False,unresolved,N2-S-M289,False,unresolved,N3-S-M289,False,unresolved
M290,Pier 107 CVII,M290,D-S-M290,False,unresolved,N1-S-M290,False,unresolved,N2-S-M290,False,unresolved,N3-S-M290,False,unresolved
M291,Fishbridge Garden,M291,D-074,True,grouped,N1g2-154,True,grouped,N2-015,True,grouped,N3-S-M291,False,robust_isolated
M292,Sunshine Playground,M292,D-155,True,grouped,N1-S-M292,False,unstable,N2-S-M292,False,robust_isolated,N3-S-M292,False,robust_isolated
M293,6th St and Ave B Community Garden,M293,D-001,True,grouped,N1g2-002,True,grouped,N2-001,True,grouped,N3-S-M293,False,robust_isolated
M294,Ruppert Park,M294,D-S-M294,False,unstable,N1g2-240,True,grouped,N2-S-M294,False,unstable,N3-S-M294,False,robust_isolated
M295,Mercer Playground,M295,D-003,True,grouped,N1g2-148,True,grouped,N2-107,True,grouped,N3-S-M295,False,unstable
M296,132 St Block Association Park,M296,D-048,True,grouped,N1g2-013,True,grouped,N2-018,True,grouped,N3-S-M296,False,robust_isolated
M297,Parks Council Success Garden,M297,D-048,True,grouped,N1g2-013,True,grouped,N2-018,True,grouped,N3-S-M297,False,robust_isolated
M297A,Margrichante Garden,M297A,D-048,True,grouped,N1g2-013,True,grouped,N2-018,True,grouped,N3-S-M297A,False,robust_isolated
M298,Unity Gardens,M298,D-049,True,grouped,N1g2-063,True,grouped,N2-070,True,grouped,N3-030,True,grouped
M299,Pleasant Village Community Garden,M299,D-264,True,grouped,N1g2-056,True,grouped,N2-065,True,grouped,N3-S-M299,False,unstable
M300,Sherman Creek,M300,D-241,True,grouped,N1g2-251,True,grouped,N2-243,True,grouped,N3-S-M300,False,robust_isolated
M301,St. Gregory's Playground,M301,D-262,True,grouped,N1g2-153,True,grouped,N2-159,True,grouped,N3-S-M301,False,robust_isolated
M302,Detective Omar Edwards Park,M302,D-036,True,grouped,N1g2-041,True,grouped,N2-S-M302,False,unstable,N3-S-M302,False,beyond_walk_limit
M303,Abyssinian Tot Lot,M303,D-047,True,grouped,N1g2-150,True,grouped,N2-067,True,grouped,N3-S-M303,False,robust_isolated
M304,West 186th Street Basketball Court,M304,D-S-M304,False,unstable,N1-S-M304,False,robust_isolated,N2-S-M304,False,robust_isolated,N3-S-M304,False,robust_isolated
M305,Collyer Brothers Park,M305,D-049,True,grouped,N1g2-063,True,grouped,N2-070,True,grouped,N3-030,True,grouped
M306,W 104th Street Garden,M306,D-S-M306,False,unstable,N1-S-M306,False,unstable,N2-245,True,grouped,N3-S-M306,False,robust_isolated
M307,W 87th Street Garden,M307,D-S-M307,False,unstable,N1g2-247,True,grouped,N2-S-M307,False,unstable,N3-S-M307,False,robust_isolated
M308,Washington Market Park,M308,D-103,True,grouped,N1g2-088,True,grouped,N2-165,True,grouped,N3-S-M308,False,robust_isolated
M310,Firemen's Memorial Garden,M310,D-001,True,grouped,N1g2-003,True,grouped,N2-001,True,grouped,N3-003,True,grouped
M311,Green Oasis and Gilbert's Garden,M311,D-001,True,grouped,N1g2-003,True,grouped,N2-001,True,grouped,N3-003,True,grouped
M312,9th St Community Garden Park,M312,D-001,True,grouped,N1g2-003,True,grouped,N2-001,True,grouped,N3-S-M312,False,robust_isolated
M313,6BC Botanical Garden,M313,D-001,True,grouped,N1g2-002,True,grouped,N2-001,True,grouped,N3-031,True,grouped
M313A,5th St Slope Garden,M313A,D-051,True,grouped,N1g2-002,True,grouped,N2-001,True,grouped,N3-S-M313A,False,robust_isolated
M314,Miracle Garden,M314,D-S-M314,False,unstable,N1-S-M314,False,unstable,N2-164,True,grouped,N3-008,True,grouped
M315,The Creative Little Garden,M315,D-001,True,grouped,N1g2-002,True,grouped,N2-001,True,grouped,N3-031,True,grouped
M316,Edward P. Bowman Park,M316,D-S-M316,False,unstable,N1g2-063,True,grouped,N2-050,True,grouped,N3-032,True,grouped
M317,Frank White Memorial Garden,M317,D-014,True,grouped,N1g2-006,True,grouped,N2-017,True,grouped,N3-S-M317,False,robust_isolated
M318,Merchant's House Museum,M318,D-265,True,grouped,N1g2-089,True,grouped,N2-107,True,grouped,N3-033,True,grouped
M319A,Sugar Hill Garden,M319A,D-032,True,grouped,N1-S-M319A,False,unstable,N2-246,True,grouped,N3-034,True,grouped
M319B,Edgecombe Park,M319B,D-032,True,grouped,N1-S-M319B,False,unstable,N2-246,True,grouped,N3-034,True,grouped
M320,Old Croton Aqueduct Gatehouse,M320,D-104,True,grouped,N1g2-256,True,grouped,N2-156,True,grouped,N3-S-M320,False,unstable
M321,Lower East Side Playground,M321,D-S-M321,False,unstable,N1g2-012,True,grouped,N2-011,True,grouped,N3-S-M321,False,robust_isolated
M322,Harris Garden,M322,D-032,True,grouped,N1g2-011,True,grouped,N2-010,True,grouped,N3-S-M322,False,robust_isolated
M323,Diamante Garden,M323,D-260,True,grouped,N1g2-056,True,grouped,N2-065,True,grouped,N3-S-M323,False,robust_isolated
M324,Earth People,M324,D-001,True,grouped,N1g2-003,True,grouped,N2-001,True,grouped,N3-003,True,grouped
M325,La Plaza Cultural,M325,D-001,True,grouped,N1g2-003,True,grouped,N2-001,True,grouped,N3-005,True,grouped
M325A,La Casita Garden,M325A,D-001,True,grouped,N1g2-003,True,grouped,N2-001,True,grouped,N3-003,True,grouped
M325B,Flower Door Garden,M325B,D-001,True,grouped,N1g2-003,True,grouped,N2-001,True,grouped,N3-005,True,grouped
M326,Liz Christy Garden,M326,D-020,True,grouped,N1g2-017,True,grouped,N2-014,True,grouped,N3-S-M326,False,robust_isolated
M327,Maggie's Magic Garden,M327,D-155,True,grouped,N1-S-M327,False,unstable,N2-151,True,grouped,N3-S-M327,False,unstable
M328,William B. Washington Memorial Garden,M328,D-158,True,grouped,N1g2-060,True,grouped,N2-049,True,grouped,N3-S-M328,False,robust_isolated
M329,Generation X,M329,D-051,True,grouped,N1g2-002,True,grouped,N2-001,True,grouped,N3-002,True,grouped
M330,Family Community Garden,M330,D-S-M330,False,unstable,N1g2-152,True,grouped,N2-032,True,grouped,N3-035,True,grouped
M331,117th St Community Garden,M331,D-113,True,grouped,N1g2-155,True,grouped,N2-031,True,grouped,N3-036,True,grouped
M332,The Secret Garden,M332,D-051,True,grouped,N1g2-002,True,grouped,N2-001,True,grouped,N3-002,True,grouped
M333,Bradhurst Ave Garden,M333,D-031,True,grouped,N1-S-M333,False,unstable,N2-S-M333,False,unstable,N3-S-M333,False,robust_isolated
M334,Brisas Del Caribe,M334,D-004,True,grouped,N1-S-M334,False,unstable,N2-033,True,grouped,N3-008,True,grouped
M335,Clinton Community Garden (LES),M335,D-004,True,grouped,N1g2-040,True,grouped,N2-064,True,grouped,N3-S-M335,False,beyond_walk_limit
M336,De Colores Cmty Yard and Center,M336,D-001,True,grouped,N1g2-003,True,grouped,N2-001,True,grouped,N3-003,True,grouped
M337,Dias Y Flores,M337,D-023,True,grouped,N1g2-012,True,grouped,N2-011,True,grouped,N3-S-M337,False,robust_isolated
M338,Neighbors Of Vega Baja,M338,D-156,True,grouped,N1g2-254,True,grouped,N2-163,True,grouped,N3-S-M338,False,robust_isolated
M339,El Sol Brilliante Jr,M339,D-023,True,grouped,N1g2-012,True,grouped,N2-011,True,grouped,N3-S-M339,False,unstable
M340,Elizabeth Langley Memorial Garden,M340,D-047,True,grouped,N1g2-090,True,grouped,N2-067,True,grouped,N3-S-M340,False,robust_isolated
M341,Garden Of Love,M341,D-150,True,grouped,N1g2-026,True,grouped,N2-030,True,grouped,N3-S-M341,False,robust_isolated
M342,Community Garden Association,M342,D-023,True,grouped,N1g2-012,True,grouped,N2-011,True,grouped,N3-S-M342,False,beyond_walk_limit
M343,Vamos Sembrar,M343,D-023,True,grouped,N1g2-012,True,grouped,N2-011,True,grouped,N3-S-M343,False,unstable
M344,Humacao Community Garden,M344,D-156,True,grouped,N1-S-M344,False,unstable,N2-S-M344,False,robust_isolated,N3-S-M344,False,robust_isolated
M345,Kenkeleba House Garden,M345,D-004,True,grouped,N1g2-002,True,grouped,N2-033,True,grouped,N3-S-M345,False,robust_isolated
M346,Life Spire Garden,M346,D-075,True,grouped,N1g2-151,True,grouped,N2-162,True,grouped,N3-007,True,grouped
M347,Mobilization For Change,M347,D-154,True,grouped,N1g2-094,True,grouped,N2-106,True,grouped,N3-S-M347,False,robust_isolated
M348,Morris-Jumel Ecological Education Garden,M348,D-249,True,grouped,N1g2-244,True,grouped,N2-154,True,grouped,N3-S-M348,False,robust_isolated
M349,New 123rd St Block Association Garden,M349,D-022,True,grouped,N1g2-018,True,grouped,N2-048,True,grouped,N3-S-M349,False,unstable
M350,Peachtree Garden,M350,D-004,True,grouped,N1g2-002,True,grouped,N2-033,True,grouped,N3-037,True,grouped
M351,Joseph Daniel Wilson Garden,M351,D-022,True,grouped,N1g2-018,True,grouped,N2-048,True,grouped,N3-S-M351,False,robust_isolated
M352,Yu Suen Garden,M352,D-023,True,grouped,N1g2-012,True,grouped,N2-011,True,grouped,N3-S-M352,False,unstable
M353,Riverside Park South,M353,D-S-M353,False,unstable,N1g2-058,True,grouped,N2-066,True,grouped,N3-S-M353,False,robust_isolated
M354,Orchard Alley Garden,M354,D-051,True,grouped,N1g2-002,True,grouped,N2-001,True,grouped,N3-002,True,grouped
M355,Robert L. Clinkscales Playground and Community Garden,M355,D-034,True,grouped,N1g2-061,True,grouped,N2-068,True,grouped,N3-S-M355,False,robust_isolated
M356,P.S. 76 Garden,M356,D-022,True,grouped,N1g2-018,True,grouped,N2-099,True,grouped,N3-S-M356,False,beyond_walk_limit
M357,Los Amigos Garden,M357,D-004,True,grouped,N1-S-M357,False,unstable,N2-033,True,grouped,N3-008,True,grouped
M358,First Street Garden,M358,D-020,True,grouped,N1g2-017,True,grouped,N2-014,True,grouped,N3-S-M358,False,robust_isolated
M359,Campos Garden,M359,D-023,True,grouped,N1g2-012,True,grouped,N2-011,True,grouped,N3-S-M359,False,unstable
M360#1,The High Line (1/4),M360,D-068,True,grouped,N1g2-087,True,grouped,N2-062,True,grouped,N3-S-M360#1,False,robust_isolated
M360#2,The High Line (2/4),M360,D-068,True,grouped,N1g2-142,True,grouped,N2-062,True,grouped,N3-S-M360#2,False,robust_isolated
M360#3,The High Line (3/4),M360,D-068,True,grouped,N1g2-087,True,grouped,N2-062,True,grouped,N3-S-M360#3,False,robust_isolated
M360#4,The High Line (4/4),M360,D-S-M360#4,False,unstable,N1g2-039,True,grouped,N2-046,True,grouped,N3-S-M360#4,False,robust_isolated
M361,Lower East Side Ecology Center,M361,D-001,True,grouped,N1g2-003,True,grouped,N2-001,True,grouped,N3-038,True,grouped
M362,W 124th Street Community Garden,M362,D-245,True,grouped,N1g2-140,True,grouped,N2-048,True,grouped,N3-S-M362,False,beyond_walk_limit
M363,Harlem Rose Garden,M363,D-049,True,grouped,N1g2-063,True,grouped,N2-050,True,grouped,N3-032,True,grouped
M364,Jackie Robinson Community Garden,M364,D-075,True,grouped,N1g2-041,True,grouped,N2-031,True,grouped,N3-S-M364,False,robust_isolated
M365,Our Little Green Acre Garden,M365,D-022,True,grouped,N1g2-018,True,grouped,N2-048,True,grouped,N3-S-M365,False,robust_isolated
M366,Tribeca Dog Run,M366,D-103,True,grouped,N1g2-088,True,grouped,N2-165,True,grouped,N3-S-M366,False,robust_isolated
M367,Peaceful Valley Garden,M367,D-113,True,grouped,N1g2-155,True,grouped,N2-031,True,grouped,N3-S-M367,False,unstable
M368,West 111th St. People's Garden,M368,D-107,True,grouped,N1g2-256,True,grouped,N2-155,True,grouped,N3-S-M368,False,unstable
M369,Pier 42,M369,D-254,True,grouped,N1-S-M369,False,unstable,N2-S-M369,False,unstable,N3-S-M369,False,robust_isolated
M370,Sam and Sadie Koenig Garden,M370,D-001,True,grouped,N1g2-003,True,grouped,N2-001,True,grouped,N3-038,True,grouped
M371,Hope Garden,M371,D-004,True,grouped,N1g2-002,True,grouped,N2-164,True,grouped,N3-037,True,grouped
M372,Allied Productions/Le Petit Versailles,M372,D-004,True,grouped,N1g2-002,True,grouped,N2-033,True,grouped,N3-S-M372,False,robust_isolated
M373,La Perla Garden,M373,D-S-M373,False,unstable,N1g2-093,True,grouped,N2-245,True,grouped,N3-S-M373,False,robust_isolated
M374,CEP Community Garden,M374,D-158,True,grouped,N1g2-060,True,grouped,N2-049,True,grouped,N3-S-M374,False,unstable
M375,Pleasant Park Garden,M375,D-149,True,grouped,N1-S-M375,False,unstable,N2-S-M375,False,unstable,N3-S-M375,False,robust_isolated
M376,West Harlem Piers,M376,D-S-M376,False,beyond_walk_limit,N1-S-M376,False,unstable,N2-S-M376,False,unstable,N3-S-M376,False,robust_isolated
M377,Bradhurst Gardens Association,M377,D-031,True,grouped,N1g2-025,True,grouped,N2-029,True,grouped,N3-S-M377,False,unstable
M378,Pearl St Playground,M378,D-074,True,grouped,N1g2-154,True,grouped,N2-247,True,grouped,N3-S-M378,False,unstable
M379,Canal Park,M379,D-S-M379,False,unstable,N1-S-M379,False,unstable,N2-S-M379,False,unstable,N3-S-M379,False,robust_isolated
M380,United Block Association Garden,M380,D-049,True,grouped,N1g2-013,True,grouped,N2-070,True,grouped,N3-S-M380,False,robust_isolated
M382,110th Street Block Association Garden,M382,D-050,True,grouped,N1g2-096,True,grouped,N2-032,True,grouped,N3-S-M382,False,unstable
M383,La Cuevita Garden,M383,D-S-M383,False,unstable,N1g2-155,True,grouped,N2-S-M383,False,unstable,N3-S-M383,False,beyond_walk_limit
M384,Pueblo Unido Garden,M384,D-050,True,grouped,N1g2-096,True,grouped,N2-032,True,grouped,N3-S-M384,False,beyond_walk_limit
M385,DeLury Square,M385,D-074,True,grouped,N1g2-154,True,grouped,N2-247,True,grouped,N3-S-M385,False,robust_isolated
M386,Imagination Playground,M386,D-074,True,grouped,N1g2-249,True,grouped,N2-240,True,grouped,N3-S-M386,False,robust_isolated
M387,TRUCE Garden,M387,D-022,True,grouped,N1g2-018,True,grouped,N2-099,True,grouped,N3-S-M387,False,unstable
M388,Carolina Garden,M388,D-075,True,grouped,N1g2-041,True,grouped,N2-031,True,grouped,N3-S-M388,False,robust_isolated
M389,St. Mark's Garden,M389,D-264,True,grouped,N1g2-056,True,grouped,N2-065,True,grouped,N3-036,True,grouped
M390,Jane Street Garden,M390,D-010,True,grouped,N1g2-039,True,grouped,N2-046,True,grouped,N3-S-M390,False,robust_isolated
M392,El Gallo Garden,M392,D-113,True,grouped,N1g2-151,True,grouped,N2-162,True,grouped,N3-S-M392,False,unstable
M393,Oasis Garden,M393,D-238,True,grouped,N1g2-239,True,grouped,N2-234,True,grouped,N3-S-M393,False,robust_isolated
M394,St. Nicholas Miracle Garden,M394,D-158,True,grouped,N1g2-144,True,grouped,N2-149,True,grouped,N3-S-M394,False,unstable
M395,Fiorello La Guardia Park,M395,D-003,True,grouped,N1g2-148,True,grouped,N2-107,True,grouped,N3-S-M395,False,robust_isolated
M396,Children's Magical Garden,M396,D-004,True,grouped,N1g2-040,True,grouped,N2-064,True,grouped,N3-S-M396,False,robust_isolated
M397,11 BC Serenity Garden,M397,D-001,True,grouped,N1g2-003,True,grouped,N2-001,True,grouped,N3-S-M397,False,robust_isolated
M398,Dorothy K. McGowan Memorial Garden,M398,D-S-M398,False,beyond_walk_limit,N1g2-147,True,grouped,N2-154,True,grouped,N3-S-M398,False,robust_isolated
M399,Bella Abzug Park,M399,D-S-M399,False,unstable,N1-S-M399,False,unstable,N2-S-M399,False,unstable,N3-S-M399,False,robust_isolated
M400,Luigi's Garden of Love,M400,D-109,True,grouped,N1g2-026,True,grouped,N2-030,True,grouped,N3-S-M400,False,beyond_walk_limit
M401,Lydia's Magic Garden (El Girasol Magic Garden),M401,D-113,True,grouped,N1-S-M401,False,unstable,N2-S-M401,False,robust_isolated,N3-S-M401,False,robust_isolated
M402,Chelsea Green,M402,D-S-M402,False,unstable,N1-S-M402,False,unstable,N2-S-M402,False,unstable,N3-S-M402,False,robust_isolated
M403,Walter Miller III Memorial Garden (La Casa Frela),M403,D-S-M403,False,unstable,N1g2-140,True,grouped,N2-S-M403,False,unstable,N3-S-M403,False,unstable
M404,NYC AIDS Memorial Park at St. Vincent’s Triangle,M404,D-010,True,grouped,N1g2-055,True,grouped,N2-063,True,grouped,N3-S-M404,False,robust_isolated
M405,Electric Ladybug Garden,M405,D-109,True,grouped,N1g2-026,True,grouped,N2-030,True,grouped,N3-S-M405,False,beyond_walk_limit
M406,Harlem Grown 134th Street Green House,M406,D-048,True,grouped,N1g2-013,True,grouped,N2-018,True,grouped,N3-S-M406,False,robust_isolated
M407,Harlem Valley Garden,M407,D-048,True,grouped,N1g2-013,True,grouped,N2-018,True,grouped,N3-S-M407,False,robust_isolated
M408,Siempre Verde Garden,M408,D-004,True,grouped,N1g2-040,True,grouped,N2-064,True,grouped,N3-S-M408,False,robust_isolated
M409,Harlem Grown 127th Street Learning Annex,M409,D-110,True,grouped,N1g2-060,True,grouped,N2-049,True,grouped,N3-S-M409,False,robust_isolated
M410,Sage Garden,M410,D-051,True,grouped,N1g2-002,True,grouped,N2-001,True,grouped,N3-002,True,grouped
M413,Rapkin-Gayle Plaza,M413,D-111,True,grouped,N1g2-250,True,grouped,N2-241,True,grouped,N3-S-M413,False,robust_isolated
M414,Manuel Plaza,M414,D-265,True,grouped,N1g2-089,True,grouped,N2-S-M414,False,unstable,N3-033,True,grouped
M416,Park,M416,D-S-M416,False,unstable,N1-S-M416,False,unstable,N2-S-M416,False,unstable,N3-S-M416,False,robust_isolated
M417,Diversity Edible Farm,M417,D-050,True,grouped,N1g2-096,True,grouped,N2-032,True,grouped,N3-S-M417,False,unstable
M418,Mission Garden,M418,D-050,True,grouped,N1g2-096,True,grouped,N2-032,True,grouped,N3-035,True,grouped
M419,Villa Santruce,M419,D-050,True,grouped,N1g2-152,True,grouped,N2-032,True,grouped,N3-S-M419,False,unstable
M420,Sugar Hill Hope Garden,M420,D-032,True,grouped,N1g2-011,True,grouped,N2-010,True,grouped,N3-S-M420,False,robust_isolated
M421,Park,M421,D-111,True,grouped,N1-S-M421,False,unstable,N2-S-M421,False,robust_isolated,N3-S-M421,False,robust_isolated
Q001A,Alley Athletic Playground,Q001A,D-S-Q001A,False,robust_isolated,N1-S-Q001A,False,unstable,N2-S-Q001A,False,robust_isolated,N3-S-Q001A,False,robust_isolated
Q002,Grover Cleveland Playground,Q002,D-S-Q002,False,unstable,N1g2-257,True,grouped,N2-S-Q002,False,unstable,N3-S-Q002,False,robust_isolated
Q003,Ashmead Park,Q003,D-S-Q003,False,unstable,N1-S-Q003,False,unstable,N2-248,True,grouped,N3-S-Q003,False,robust_isolated
Q004,Astoria Park,Q004,D-266,True,grouped,N1-S-Q004,False,unstable,N2-S-Q004,False,unstable,N3-S-Q004,False,robust_isolated
Q004A,Ralph Demarco Park,Q004A,D-266,True,grouped,N1-S-Q004A,False,unstable,N2-S-Q004A,False,unstable,N3-S-Q004A,False,robust_isolated
Q006,Bowne Park,Q006,D-S-Q006,False,unstable,N1g2-258,True,grouped,N2-S-Q006,False,unstable,N3-S-Q006,False,robust_isolated
Q007,Bayswater Park,Q007,D-052,True,grouped,N1g2-259,True,grouped,N2-051,True,grouped,N3-S-Q007,False,robust_isolated
Q008,Brookville Park,Q008,D-S-Q008,False,unstable,N1-S-Q008,False,unstable,N2-S-Q008,False,unstable,N3-S-Q008,False,robust_isolated
Q009,Hermon A. MacNeil Park,Q009,D-S-Q009,False,unstable,N1-S-Q009,False,unstable,N2-S-Q009,False,unstable,N3-S-Q009,False,robust_isolated
Q010A,Little Bay Park,Q010A,D-267,True,grouped,N1-S-Q010A,False,unstable,N2-S-Q010A,False,robust_isolated,N3-S-Q010A,False,robust_isolated
Q011,Poppenhusen Playground,Q011,D-S-Q011,False,unstable,N1-S-Q011,False,unstable,N2-S-Q011,False,robust_isolated,N3-S-Q011,False,robust_isolated
Q012,Crocheron Park,Q012,D-268,True,grouped,N1-S-Q012,False,unstable,N2-S-Q012,False,robust_isolated,N3-S-Q012,False,robust_isolated
Q012B,John Golden Park,Q012B,D-268,True,grouped,N1-S-Q012B,False,robust_isolated,N2-S-Q012B,False,robust_isolated,N3-S-Q012B,False,robust_isolated
Q013,Veterans Grove,Q013,D-S-Q013,False,unstable,N1-S-Q013,False,unstable,N2-S-Q013,False,unstable,N3-S-Q013,False,robust_isolated
Q014,Astoria Heights Playground,Q014,D-S-Q014,False,unstable,N1-S-Q014,False,unstable,N2-S-Q014,False,robust_isolated,N3-S-Q014,False,robust_isolated
Q017,The Olde Towne of Flushing Burial Ground,Q017,D-S-Q017,False,unstable,N1-S-Q017,False,unstable,N2-S-Q017,False,robust_isolated,N3-S-Q017,False,robust_isolated
Q018,Gordon Triangle,Q018,D-S-Q018,False,unstable,N1g2-260,True,grouped,N2-249,True,grouped,N3-S-Q018,False,robust_isolated
Q019,Garlinge Triangle,Q019,D-S-Q019,False,unstable,N1g2-156,True,grouped,N2-166,True,grouped,N3-S-Q019,False,unstable
Q021B,McLaughlin Playground,Q021B,D-S-Q021B,False,robust_isolated,N1-S-Q021B,False,robust_isolated,N2-S-Q021B,False,robust_isolated,N3-S-Q021B,False,robust_isolated
Q021C,Seven Gables Playground,Q021C,D-S-Q021C,False,unstable,N1-S-Q021C,False,unstable,N2-S-Q021C,False,unstable,N3-S-Q021C,False,robust_isolated
Q022,Margaret I. Carman Green - Weeping Beech,Q022,D-S-Q022,False,unstable,N1-S-Q022,False,unstable,N2-S-Q022,False,robust_isolated,N3-S-Q022,False,robust_isolated
Q023,Rufus King Park,Q023,D-S-Q023,False,unstable,N1-S-Q023,False,unstable,N2-S-Q023,False,robust_isolated,N3-S-Q023,False,robust_isolated
Q025,Major Mark Park,Q025,D-S-Q025,False,unstable,N1-S-Q025,False,unstable,N2-S-Q025,False,unstable,N3-S-Q025,False,robust_isolated
Q026,Park Of The Americas,Q026,D-114,True,grouped,N1g2-097,True,grouped,N2-109,True,grouped,N3-S-Q026,False,robust_isolated
Q027#1,Laurelton Parkway (1/8),Q027,D-S-Q027#1,False,unstable,N1-S-Q027#1,False,unstable,N2-S-Q027#1,False,unstable,N3-S-Q027#1,False,robust_isolated
Q027#2,Laurelton Parkway (2/8),Q027,D-S-Q027#2,False,unstable,N1-S-Q027#2,False,unstable,N2-S-Q027#2,False,unstable,N3-S-Q027#2,False,robust_isolated
Q027#3,Laurelton Parkway (3/8),Q027,D-159,True,grouped,N1-S-Q027#3,False,unstable,N2-S-Q027#3,False,unstable,N3-S-Q027#3,False,robust_isolated
Q027#4,Laurelton Parkway (4/8),Q027,D-269,True,grouped,N1g2-157,True,grouped,N2-167,True,grouped,N3-S-Q027#4,False,robust_isolated
Q027#5,Laurelton Parkway (5/8),Q027,D-159,True,grouped,N1g2-261,True,grouped,N2-250,True,grouped,N3-S-Q027#5,False,robust_isolated
Q027#6,Laurelton Parkway (6/8),Q027,D-S-Q027#6,False,unstable,N1g2-157,True,grouped,N2-167,True,grouped,N3-S-Q027#6,False,robust_isolated
Q027#7,Laurelton Parkway (7/8),Q027,D-S-Q027#7,False,unstable,N1-S-Q027#7,False,unstable,N2-S-Q027#7,False,unstable,N3-S-Q027#7,False,robust_isolated
Q027#8,Laurelton Parkway (8/8),Q027,D-S-Q027#8,False,unstable,N1-S-Q027#8,False,unstable,N2-S-Q027#8,False,unstable,N3-S-Q027#8,False,robust_isolated
Q028,Beach Channel Park,Q028,D-160,True,grouped,N1g2-158,True,grouped,N2-168,True,grouped,N3-S-Q028,False,unstable
Q028A,Tribute Park,Q028A,D-160,True,grouped,N1-S-Q028A,False,unstable,N2-S-Q028A,False,unstable,N3-S-Q028A,False,unstable
Q029,William F Moore Park,Q029,D-S-Q029,False,unstable,N1-S-Q029,False,unstable,N2-110,True,grouped,N3-S-Q029,False,robust_isolated
Q030,Midland Malls,Q030,D-S-Q030,False,unstable,N1-S-Q030,False,unstable,N2-S-Q030,False,unstable,N3-S-Q030,False,robust_isolated
Q031,Lawrence Virgilio Playground,Q031,D-115,True,grouped,N1-S-Q031,False,unstable,N2-052,True,grouped,N3-S-Q031,False,robust_isolated
Q031A,Doughboy Park,Q031A,D-115,True,grouped,N1g2-065,True,grouped,N2-052,True,grouped,N3-S-Q031A,False,robust_isolated
Q032,McKenna Triangle,Q032,D-076,True,grouped,N1g2-098,True,grouped,N2-111,True,grouped,N3-S-Q032,False,robust_isolated
Q033,Mall Eighteen,Q033,D-S-Q033,False,unstable,N1-S-Q033,False,unstable,N2-S-Q033,False,robust_isolated,N3-S-Q033,False,robust_isolated
Q034,Sabba Park,Q034,D-270,True,grouped,N1g2-065,True,grouped,N2-052,True,grouped,N3-S-Q034,False,robust_isolated
Q035#1,Mall Thirty Four XXXIV (1/7),Q035,D-S-Q035#1,False,unstable,N1g2-066,True,grouped,N2-251,True,grouped,N3-S-Q035#1,False,robust_isolated
Q035#2,Mall Thirty Four XXXIV (2/7),Q035,D-S-Q035#2,False,unstable,N1g2-159,True,grouped,N2-S-Q035#2,False,unstable,N3-S-Q035#2,False,robust_isolated
Q035#3,Mall Thirty Four XXXIV (3/7),Q035,D-161,True,grouped,N1g2-160,True,grouped,N2-252,True,grouped,N3-S-Q035#3,False,robust_isolated
Q035#4,Mall Thirty Four XXXIV (4/7),Q035,D-077,True,grouped,N1g2-159,True,grouped,N2-253,True,grouped,N3-S-Q035#4,False,robust_isolated
Q035#5,Mall Thirty Four XXXIV (5/7),Q035,D-S-Q035#5,False,unstable,N1g2-160,True,grouped,N2-S-Q035#5,False,unstable,N3-S-Q035#5,False,robust_isolated
Q035#6,Mall Thirty Four XXXIV (6/7),Q035,D-077,True,grouped,N1g2-066,True,grouped,N2-169,True,grouped,N3-S-Q035#6,False,robust_isolated
Q035#7,Mall Thirty Four XXXIV (7/7),Q035,D-162,True,grouped,N1g2-161,True,grouped,N2-170,True,grouped,N3-S-Q035#7,False,robust_isolated
Q036A,Rafferty Triangle,Q036A,D-076,True,grouped,N1g2-262,True,grouped,N2-S-Q036A,False,unstable,N3-S-Q036A,False,beyond_walk_limit
Q037,Neponsit Mall,Q037,D-S-Q037,False,robust_isolated,N1-S-Q037,False,robust_isolated,N2-S-Q037,False,robust_isolated,N3-S-Q037,False,robust_isolated
Q038,Benninger Playground,Q038,D-S-Q038,False,unstable,N1-S-Q038,False,unstable,N2-S-Q038,False,robust_isolated,N3-S-Q038,False,robust_isolated
Q040,Elmjack Mall,Q040,D-163,True,grouped,N1g2-162,True,grouped,N2-112,True,grouped,N3-S-Q040,False,robust_isolated
Q041,Newtown Playground,Q041,D-271,True,grouped,N1g2-163,True,grouped,N2-171,True,grouped,N3-S-Q041,False,robust_isolated
Q042,Poppenhusen Park,Q042,D-272,True,grouped,N1g2-263,True,grouped,N2-S-Q042,False,unstable,N3-S-Q042,False,robust_isolated
Q043,Proctor-Hopson Circle,Q043,D-273,True,grouped,N1-S-Q043,False,unstable,N2-172,True,grouped,N3-S-Q043,False,robust_isolated
Q044,L/CPL Thomas P. Noonan Jr. Playground,Q044,D-S-Q044,False,unstable,N1g2-264,True,grouped,N2-S-Q044,False,unstable,N3-S-Q044,False,robust_isolated
Q045,Andrews Grove,Q045,D-274,True,grouped,N1-S-Q045,False,unstable,N2-S-Q045,False,robust_isolated,N3-S-Q045,False,robust_isolated
Q046,Josephine Caminiti Playground,Q046,D-S-Q046,False,unstable,N1g2-164,True,grouped,N2-110,True,grouped,N3-S-Q046,False,robust_isolated
Q047,Queens Village Veterans Plaza,Q047,D-S-Q047,False,unstable,N1-S-Q047,False,unstable,N2-S-Q047,False,unstable,N3-S-Q047,False,robust_isolated
Q048,Rainey Park,Q048,D-S-Q048,False,unstable,N1g2-265,True,grouped,N2-254,True,grouped,N3-S-Q048,False,robust_isolated
Q050,Rockaway Beach,Q050,D-116,True,grouped,N1g2-158,True,grouped,N2-168,True,grouped,N3-S-Q050,False,robust_isolated
Q051,Archie Spigner Park,Q051,D-275,True,grouped,N1g2-266,True,grouped,N2-172,True,grouped,N3-S-Q051,False,robust_isolated
Q052,Captain Tilly Park,Q052,D-S-Q052,False,unstable,N1-S-Q052,False,robust_isolated,N2-S-Q052,False,robust_isolated,N3-S-Q052,False,robust_isolated
Q053,Equity Playground,Q053,D-S-Q053,False,unstable,N1-S-Q053,False,unstable,N2-S-Q053,False,robust_isolated,N3-S-Q053,False,robust_isolated
Q055,Veteran's Square,Q055,D-114,True,grouped,N1g2-097,True,grouped,N2-109,True,grouped,N3-S-Q055,False,robust_isolated
Q056,Clemens Triangle,Q056,D-276,True,grouped,N1g2-267,True,grouped,N2-255,True,grouped,N3-S-Q056,False,robust_isolated
Q057,Sohncke Square,Q057,D-115,True,grouped,N1g2-065,True,grouped,N2-052,True,grouped,N3-S-Q057,False,robust_isolated
Q058,Dunningham Triangle,Q058,D-277,True,grouped,N1g2-268,True,grouped,N2-256,True,grouped,N3-S-Q058,False,unstable
Q059,Catharine Turner Richardson Park,Q059,D-S-Q059,False,unstable,N1-S-Q059,False,unstable,N2-S-Q059,False,unstable,N3-S-Q059,False,robust_isolated
Q060,Nine Heroes Plaza,Q060,D-163,True,grouped,N1g2-162,True,grouped,N2-112,True,grouped,N3-S-Q060,False,robust_isolated
Q061,Steinmann Triangle,Q061,D-115,True,grouped,N1g2-065,True,grouped,N2-052,True,grouped,N3-S-Q061,False,robust_isolated
Q062,Fleetwood Triangle,Q062,D-S-Q062,False,unstable,N1-S-Q062,False,unstable,N2-S-Q062,False,robust_isolated,N3-S-Q062,False,robust_isolated
Q063,Luke J. Lang Square,Q063,D-278,True,grouped,N1-S-Q063,False,unstable,N2-S-Q063,False,unstable,N3-S-Q063,False,robust_isolated
Q065,John Vincent Daniels Jr. Square,Q065,D-270,True,grouped,N1g2-065,True,grouped,N2-052,True,grouped,N3-S-Q065,False,robust_isolated
Q066B,Triborough Bridge Playground B,Q066B,D-053,True,grouped,N1g2-269,True,grouped,N2-019,True,grouped,N3-S-Q066B,False,robust_isolated
Q066C,Triborough Bridge Playground C,Q066C,D-053,True,grouped,N1g2-270,True,grouped,N2-019,True,grouped,N3-S-Q066C,False,robust_isolated
Q066D,Triborough Bridge Playground D,Q066D,D-053,True,grouped,N1-S-Q066D,False,unstable,N2-019,True,grouped,N3-S-Q066D,False,robust_isolated
Q066E,Triborough Bridge Playground E,Q066E,D-053,True,grouped,N1-S-Q066E,False,unstable,N2-019,True,grouped,N3-S-Q066E,False,robust_isolated
Q066F,Hoyt Playground,Q066F,D-279,True,grouped,N1g2-271,True,grouped,N2-019,True,grouped,N3-S-Q066F,False,robust_isolated
Q066G,Sitting Area,Q066G,D-053,True,grouped,N1g2-269,True,grouped,N2-019,True,grouped,N3-S-Q066G,False,robust_isolated
Q066H,Chappetto Square,Q066H,D-053,True,grouped,N1g2-270,True,grouped,N2-019,True,grouped,N3-S-Q066H,False,robust_isolated
Q067,Pigeon Paradise,Q067,D-280,True,grouped,N1g2-165,True,grouped,N2-S-Q067,False,unstable,N3-S-Q067,False,robust_isolated
Q067A,General Hart Playground,Q067A,D-280,True,grouped,N1g2-165,True,grouped,N2-S-Q067A,False,unstable,N3-S-Q067A,False,robust_isolated
Q069,Middleburgh Triangle,Q069,D-S-Q069,False,unstable,N1-S-Q069,False,unstable,N2-S-Q069,False,unstable,N3-S-Q069,False,robust_isolated
Q070,Trolley Car Triangle,Q070,D-S-Q070,False,unstable,N1-S-Q070,False,unstable,N2-S-Q070,False,unstable,N3-S-Q070,False,robust_isolated
Q072,Short Triangle,Q072,D-076,True,grouped,N1g2-098,True,grouped,N2-111,True,grouped,N3-S-Q072,False,robust_isolated
Q073,Plaut Triangle,Q073,D-S-Q073,False,unstable,N1-S-Q073,False,unstable,N2-S-Q073,False,unstable,N3-S-Q073,False,robust_isolated
Q075,Glendale Veterans Triangle,Q075,D-S-Q075,False,unstable,N1g2-272,True,grouped,N2-257,True,grouped,N3-S-Q075,False,robust_isolated
Q076,Legion Triangle,Q076,D-S-Q076,False,unstable,N1-S-Q076,False,beyond_walk_limit,N2-S-Q076,False,unstable,N3-S-Q076,False,robust_isolated
Q079,Wellbrock Triangle,Q079,D-S-Q079,False,unstable,N1-S-Q079,False,unstable,N2-S-Q079,False,unstable,N3-S-Q079,False,robust_isolated
Q080,Veterans Plaza,Q080,D-S-Q080,False,unstable,N1g2-273,True,grouped,N2-S-Q080,False,unstable,N3-S-Q080,False,robust_isolated
Q082,Wayanda Park,Q082,D-S-Q082,False,unstable,N1-S-Q082,False,unstable,N2-S-Q082,False,unstable,N3-S-Q082,False,robust_isolated
Q083#1,Jackie Robinson Parkway (1/17),Q083,D-S-Q083#1,False,unstable,N1-S-Q083#1,False,unstable,N2-S-Q083#1,False,robust_isolated,N3-S-Q083#1,False,robust_isolated
Q083#10,Jackie Robinson Parkway (10/17),Q083,D-S-Q083#10,False,robust_isolated,N1-S-Q083#10,False,unstable,N2-S-Q083#10,False,unstable,N3-S-Q083#10,False,robust_isolated
Q083#11,Jackie Robinson Parkway (11/17),Q083,D-S-Q083#11,False,unstable,N1-S-Q083#11,False,unstable,N2-S-Q083#11,False,unstable,N3-S-Q083#11,False,unstable
Q083#12,Jackie Robinson Parkway (12/17),Q083,D-S-Q083#12,False,robust_isolated,N1-S-Q083#12,False,unstable,N2-S-Q083#12,False,robust_isolated,N3-S-Q083#12,False,robust_isolated
Q083#13,Jackie Robinson Parkway (13/17),Q083,D-S-Q083#13,False,unstable,N1-S-Q083#13,False,unstable,N2-S-Q083#13,False,unstable,N3-S-Q083#13,False,robust_isolated
Q083#14,Jackie Robinson Parkway (14/17),Q083,D-S-Q083#14,False,robust_isolated,N1-S-Q083#14,False,robust_isolated,N2-S-Q083#14,False,robust_isolated,N3-S-Q083#14,False,robust_isolated
Q083#15,Jackie Robinson Parkway (15/17),Q083,D-S-Q083#15,False,robust_isolated,N1-S-Q083#15,False,unstable,N2-S-Q083#15,False,unstable,N3-S-Q083#15,False,robust_isolated
Q083#16,Jackie Robinson Parkway (16/17),Q083,D-S-Q083#16,False,unstable,N1-S-Q083#16,False,unstable,N2-S-Q083#16,False,robust_isolated,N3-S-Q083#16,False,robust_isolated
Q083#17,Jackie Robinson Parkway (17/17),Q083,D-S-Q083#17,False,robust_isolated,N1-S-Q083#17,False,robust_isolated,N2-S-Q083#17,False,robust_isolated,N3-S-Q083#17,False,robust_isolated
Q083#2,Jackie Robinson Parkway (2/17),Q083,D-234,True,grouped,N1g2-233,True,grouped,N2-231,True,grouped,N3-S-Q083#2,False,robust_isolated
Q083#3,Jackie Robinson Parkway (3/17),Q083,D-S-Q083#3,False,unstable,N1-S-Q083#3,False,unstable,N2-S-Q083#3,False,unstable,N3-S-Q083#3,False,robust_isolated
Q083#4,Jackie Robinson Parkway (4/17),Q083,D-S-Q083#4,False,robust_isolated,N1-S-Q083#4,False,robust_isolated,N2-S-Q083#4,False,robust_isolated,N3-S-Q083#4,False,robust_isolated
Q083#5,Jackie Robinson Parkway (5/17),Q083,D-S-Q083#5,False,robust_isolated,N1-S-Q083#5,False,robust_isolated,N2-S-Q083#5,False,robust_isolated,N3-S-Q083#5,False,robust_isolated
Q083#6,Jackie Robinson Parkway (6/17),Q083,D-S-Q083#6,False,robust_isolated,N1-S-Q083#6,False,robust_isolated,N2-S-Q083#6,False,robust_isolated,N3-S-Q083#6,False,robust_isolated
Q083#7,Jackie Robinson Parkway (7/17),Q083,D-S-Q083#7,False,unstable,N1-S-Q083#7,False,robust_isolated,N2-S-Q083#7,False,robust_isolated,N3-S-Q083#7,False,robust_isolated
Q083#8,Jackie Robinson Parkway (8/17),Q083,D-S-Q083#8,False,robust_isolated,N1-S-Q083#8,False,robust_isolated,N2-S-Q083#8,False,robust_isolated,N3-S-Q083#8,False,robust_isolated
Q083#9,Jackie Robinson Parkway (9/17),Q083,D-S-Q083#9,False,unstable,N1-S-Q083#9,False,unstable,N2-S-Q083#9,False,unstable,N3-S-Q083#9,False,unstable
Q084B,Tepper Triangle,Q084B,D-S-Q084B,False,unstable,N1-S-Q084B,False,unstable,N2-S-Q084B,False,unstable,N3-039,True,grouped
Q085,Gorman Playground,Q085,D-S-Q085,False,unstable,N1g2-019,True,grouped,N2-053,True,grouped,N3-S-Q085,False,robust_isolated
Q086,Flushing Fields,Q086,D-281,True,grouped,N1g2-274,True,grouped,N2-258,True,grouped,N3-S-Q086,False,robust_isolated
Q089B,Harvey Park,Q089B,D-S-Q089B,False,unstable,N1-S-Q089B,False,unstable,N2-S-Q089B,False,unstable,N3-S-Q089B,False,robust_isolated
Q090,Federalist Triangle,Q090,D-054,True,grouped,N1g2-027,True,grouped,N2-072,True,grouped,N3-S-Q090,False,robust_isolated
Q092,Police Officer Edward Byrne Park,Q092,D-S-Q092,False,unstable,N1-S-Q092,False,unstable,N2-S-Q092,False,unstable,N3-S-Q092,False,robust_isolated
Q094,Tudor Park,Q094,D-164,True,grouped,N1g2-099,True,grouped,N2-091,True,grouped,N3-S-Q094,False,robust_isolated
Q094D,Gemini Fields,Q094D,D-S-Q094D,False,unstable,N1g2-275,True,grouped,N2-091,True,grouped,N3-S-Q094D,False,robust_isolated
Q095,Vito Locascio Field,Q095,D-117,True,grouped,N1g2-099,True,grouped,N2-113,True,grouped,N3-S-Q095,False,robust_isolated
Q096A,Locust Grove Civic Triangle,Q096A,D-165,True,grouped,N1g2-276,True,grouped,N2-173,True,grouped,N3-S-Q096A,False,robust_isolated
Q096B,Southern Fields,Q096B,D-165,True,grouped,N1g2-276,True,grouped,N2-173,True,grouped,N3-S-Q096B,False,robust_isolated
Q096E,Lefferts Playground,Q096E,D-165,True,grouped,N1-S-Q096E,False,unstable,N2-173,True,grouped,N3-S-Q096E,False,robust_isolated
Q096G,Park,Q096G,D-S-Q096G,False,unstable,N1-S-Q096G,False,robust_isolated,N2-S-Q096G,False,robust_isolated,N3-S-Q096G,False,robust_isolated
Q098,Frank D. O'Connor Playground,Q098,D-163,True,grouped,N1g2-162,True,grouped,N2-112,True,grouped,N3-S-Q098,False,robust_isolated
Q100,Flushing Greens,Q100,D-166,True,grouped,N1-S-Q100,False,unstable,N2-259,True,grouped,N3-S-Q100,False,robust_isolated
Q100A,Daniel Carter Beard Mall,Q100A,D-166,True,grouped,N1-S-Q100A,False,unstable,N2-S-Q100A,False,unstable,N3-S-Q100A,False,robust_isolated
Q101,Middle Village Playground,Q101,D-S-Q101,False,unstable,N1-S-Q101,False,robust_isolated,N2-S-Q101,False,robust_isolated,N3-S-Q101,False,robust_isolated
Q102,Juniper Valley Park,Q102,D-S-Q102,False,unstable,N1-S-Q102,False,unstable,N2-S-Q102,False,robust_isolated,N3-S-Q102,False,robust_isolated
Q103,Raymond O’Connor Park,Q103,D-S-Q103,False,unstable,N1-S-Q103,False,unstable,N2-S-Q103,False,unstable,N3-S-Q103,False,robust_isolated
Q104,Queensbridge Park,Q104,D-S-Q104,False,beyond_walk_limit,N1g2-262,True,grouped,N2-S-Q104,False,unstable,N3-S-Q104,False,robust_isolated
Q105,Howard Von Dohlen Playground,Q105,D-S-Q105,False,unstable,N1-S-Q105,False,unstable,N2-S-Q105,False,robust_isolated,N3-S-Q105,False,robust_isolated
Q106,Daniel M. O'Connell Playground,Q106,D-S-Q106,False,robust_isolated,N1-S-Q106,False,unstable,N2-S-Q106,False,robust_isolated,N3-S-Q106,False,robust_isolated
Q107,Springfield Park,Q107,D-282,True,grouped,N1-S-Q107,False,unstable,N2-260,True,grouped,N3-S-Q107,False,robust_isolated
Q108,Laurelton Playground,Q108,D-159,True,grouped,N1g2-261,True,grouped,N2-250,True,grouped,N3-S-Q108,False,robust_isolated
Q116,One Room Schoolhouse Park,Q116,D-283,True,grouped,N1g2-019,True,grouped,N2-053,True,grouped,N3-S-Q116,False,robust_isolated
Q118,Police Officer Nicholas Demutiis Park,Q118,D-S-Q118,False,unstable,N1-S-Q118,False,unstable,N2-S-Q118,False,unstable,N3-S-Q118,False,robust_isolated
Q119,Frederick B. Judge Playground,Q119,D-S-Q119,False,unstable,N1-S-Q119,False,unstable,N2-S-Q119,False,robust_isolated,N3-S-Q119,False,robust_isolated
Q120,Harvard Playground,Q120,D-S-Q120,False,unstable,N1-S-Q120,False,unstable,N2-S-Q120,False,robust_isolated,N3-S-Q120,False,robust_isolated
Q121,Detective Keith L Williams Park,Q121,D-284,True,grouped,N1-S-Q121,False,unstable,N2-248,True,grouped,N3-S-Q121,False,robust_isolated
Q121A,William Simmons Community Garden Club,Q121A,D-284,True,grouped,N1-S-Q121A,False,unstable,N2-S-Q121A,False,unstable,N3-S-Q121A,False,robust_isolated
Q122,Junction Playground,Q122,D-077,True,grouped,N1g2-066,True,grouped,N2-251,True,grouped,N3-S-Q122,False,robust_isolated
Q123,Astoria Health Playground,Q123,D-S-Q123,False,unstable,N1-S-Q123,False,unstable,N2-S-Q123,False,robust_isolated,N3-S-Q123,False,robust_isolated
Q124,Myrtle Avenue Clemens Triangle,Q124,D-276,True,grouped,N1g2-267,True,grouped,N2-255,True,grouped,N3-S-Q124,False,robust_isolated
Q126,Francis Lewis Park,Q126,D-S-Q126,False,robust_isolated,N1-S-Q126,False,unstable,N2-S-Q126,False,unstable,N3-S-Q126,False,robust_isolated
Q127,Marconi Park,Q127,D-285,True,grouped,N1g2-100,True,grouped,N2-114,True,grouped,N3-S-Q127,False,robust_isolated
Q128,London Planetree Playground,Q128,D-S-Q128,False,unstable,N1-S-Q128,False,unstable,N2-S-Q128,False,unstable,N3-S-Q128,False,robust_isolated
Q129,"Phil ""Scooter"" Rizzuto Park",Q129,D-S-Q129,False,unstable,N1g2-277,True,grouped,N2-S-Q129,False,unstable,N3-S-Q129,False,robust_isolated
Q130,Motor Parkway,Q130,D-286,True,grouped,N1g2-278,True,grouped,N2-261,True,grouped,N3-S-Q130,False,robust_isolated
Q131,Frank Principe Park,Q131,D-054,True,grouped,N1g2-027,True,grouped,N2-072,True,grouped,N3-S-Q131,False,robust_isolated
Q133,Pat Williams Playground,Q133,D-S-Q133,False,unstable,N1-S-Q133,False,robust_isolated,N2-S-Q133,False,robust_isolated,N3-S-Q133,False,robust_isolated
Q133A,Hempstead Ballfield,Q133A,D-287,True,grouped,N1-S-Q133A,False,unstable,N2-S-Q133A,False,robust_isolated,N3-S-Q133A,False,robust_isolated
Q133B,Hempstead Bench Spread,Q133B,D-287,True,grouped,N1-S-Q133B,False,unstable,N2-S-Q133B,False,robust_isolated,N3-S-Q133B,False,robust_isolated
Q134,Jack Breininger Park,Q134,D-S-Q134,False,unstable,N1-S-Q134,False,unstable,N2-S-Q134,False,robust_isolated,N3-S-Q134,False,robust_isolated
Q135A,McKee Triangle,Q135A,D-S-Q135A,False,unstable,N1-S-Q135A,False,unstable,N2-S-Q135A,False,unstable,N3-S-Q135A,False,robust_isolated
Q136,Playground 115,Q136,D-S-Q136,False,unstable,N1-S-Q136,False,unstable,N2-S-Q136,False,unstable,N3-S-Q136,False,robust_isolated
Q137,Columbus Square,Q137,D-279,True,grouped,N1g2-271,True,grouped,N2-019,True,grouped,N3-S-Q137,False,robust_isolated
Q139,Drumm Triangle,Q139,D-S-Q139,False,unstable,N1-S-Q139,False,unstable,N2-S-Q139,False,unstable,N3-S-Q139,False,robust_isolated
Q140,Barclay Triangle,Q140,D-S-Q140,False,unstable,N1-S-Q140,False,beyond_walk_limit,N2-S-Q140,False,unstable,N3-S-Q140,False,robust_isolated
Q141,Murray Playground,Q141,D-076,True,grouped,N1g2-098,True,grouped,N2-111,True,grouped,N3-S-Q141,False,robust_isolated
Q142,Jacob Riis Triangle,Q142,D-S-Q142,False,unstable,N1g2-279,True,grouped,N2-S-Q142,False,unstable,N3-S-Q142,False,robust_isolated
Q147,Ruoff Triangle,Q147,D-S-Q147,False,unstable,N1g2-280,True,grouped,N2-262,True,grouped,N3-S-Q147,False,robust_isolated
Q148,Catholic War Veterans Square,Q148,D-S-Q148,False,unstable,N1g2-281,True,grouped,N2-263,True,grouped,N3-S-Q148,False,robust_isolated
Q151,Grand Slope,Q151,D-S-Q151,False,unstable,N1-S-Q151,False,unstable,N2-S-Q151,False,unstable,N3-S-Q151,False,robust_isolated
Q152,Horsebrook Island,Q152,D-271,True,grouped,N1g2-163,True,grouped,N2-171,True,grouped,N3-S-Q152,False,robust_isolated
Q157,Metro Triangle,Q157,D-S-Q157,False,unstable,N1g2-279,True,grouped,N2-S-Q157,False,unstable,N3-S-Q157,False,robust_isolated
Q159,Father Reilly Square,Q159,D-S-Q159,False,unstable,N1-S-Q159,False,unstable,N2-S-Q159,False,robust_isolated,N3-S-Q159,False,robust_isolated
Q160,O'Sullivan Plaza,Q160,D-283,True,grouped,N1g2-019,True,grouped,N2-053,True,grouped,N3-S-Q160,False,robust_isolated
Q162E,Beach 59th St Playground,Q162E,D-S-Q162E,False,unstable,N1g2-282,True,grouped,N2-264,True,grouped,N3-S-Q162E,False,unstable
Q162H,Beach 30th Street Playground,Q162H,D-288,True,grouped,N1g2-166,True,grouped,N2-174,True,grouped,N3-S-Q162H,False,unstable
Q162H01,Park,Q162H01,D-288,True,grouped,N1g2-166,True,grouped,N2-174,True,grouped,N3-S-Q162H01,False,unstable
Q162I,Rockaway Beach and Boardwalk,Q162I,D-167,True,grouped,N1g2-166,True,grouped,N2-174,True,grouped,N3-S-Q162I,False,robust_isolated
Q162J,Beach 17 Playground,Q162J,D-167,True,grouped,N1-S-Q162J,False,unstable,N2-S-Q162J,False,unstable,N3-S-Q162J,False,robust_isolated
Q162J01,Beach 9 Playground,Q162J01,D-167,True,grouped,N1g2-283,True,grouped,N2-265,True,grouped,N3-S-Q162J01,False,robust_isolated
Q165,Spring Creek Park Addition,Q165,D-214,True,grouped,N1-S-Q165,False,robust_isolated,N2-S-Q165,False,robust_isolated,N3-S-Q165,False,robust_isolated
Q168,Alexander Grey Triangle,Q168,D-S-Q168,False,unstable,N1-S-Q168,False,unstable,N2-S-Q168,False,unstable,N3-S-Q168,False,robust_isolated
Q172,Corona Plaza,Q172,D-114,True,grouped,N1g2-097,True,grouped,N2-109,True,grouped,N3-S-Q172,False,robust_isolated
Q173,American Triangle,Q173,D-114,True,grouped,N1g2-097,True,grouped,N2-109,True,grouped,N3-S-Q173,False,robust_isolated
Q174A,St. Michael's Playground,Q174A,D-S-Q174A,False,unstable,N1-S-Q174A,False,unstable,N2-S-Q174A,False,unstable,N3-S-Q174A,False,robust_isolated
Q177,Tudor Malls,Q177,D-164,True,grouped,N1-S-Q177,False,unstable,N2-S-Q177,False,robust_isolated,N3-S-Q177,False,robust_isolated
Q178#1,Mall Forty Two XLII (1/3),Q178,D-289,True,grouped,N1g2-284,True,grouped,N2-266,True,grouped,N3-S-Q178#1,False,robust_isolated
Q178#2,Mall Forty Two XLII (2/3),Q178,D-S-Q178#2,False,unstable,N1-S-Q178#2,False,unstable,N2-S-Q178#2,False,unstable,N3-S-Q178#2,False,robust_isolated
Q178#3,Mall Forty Two XLII (3/3),Q178,D-S-Q178#3,False,unstable,N1-S-Q178#3,False,unstable,N2-S-Q178#3,False,robust_isolated,N3-S-Q178#3,False,robust_isolated
Q186,Jackson Mill Green,Q186,D-S-Q186,False,unstable,N1g2-273,True,grouped,N2-S-Q186,False,unstable,N3-S-Q186,False,robust_isolated
Q190,Corporal Ruoff Square,Q190,D-S-Q190,False,unstable,N1-S-Q190,False,unstable,N2-S-Q190,False,unstable,N3-S-Q190,False,robust_isolated
Q203,David J O'Connell Square,Q203,D-S-Q203,False,unstable,N1g2-281,True,grouped,N2-263,True,grouped,N3-S-Q203,False,robust_isolated
Q205A,Big Bush Playground,Q205A,D-S-Q205A,False,unstable,N1-S-Q205A,False,unstable,N2-S-Q205A,False,robust_isolated,N3-S-Q205A,False,robust_isolated
Q205B,Nathan Weidenbaum Playground,Q205B,D-S-Q205B,False,unstable,N1-S-Q205B,False,unstable,N2-S-Q205B,False,robust_isolated,N3-S-Q205B,False,robust_isolated
Q206,Eight Oaks Triangle,Q206,D-S-Q206,False,unstable,N1-S-Q206,False,robust_isolated,N2-S-Q206,False,robust_isolated,N3-S-Q206,False,robust_isolated
Q207,MacDonald Park,Q207,D-S-Q207,False,unstable,N1-S-Q207,False,unstable,N2-S-Q207,False,unstable,N3-S-Q207,False,robust_isolated
Q208,Litchhult Square,Q208,D-S-Q208,False,unstable,N1-S-Q208,False,unstable,N2-S-Q208,False,unstable,N3-S-Q208,False,robust_isolated
Q209,Lawrence Triangle,Q209,D-S-Q209,False,robust_isolated,N1-S-Q209,False,unstable,N2-S-Q209,False,robust_isolated,N3-S-Q209,False,robust_isolated
Q211,Maple Playground,Q211,D-S-Q211,False,unstable,N1-S-Q211,False,unstable,N2-S-Q211,False,robust_isolated,N3-S-Q211,False,robust_isolated
Q212,Queens Valley Playground,Q212,D-S-Q212,False,unstable,N1-S-Q212,False,unstable,N2-S-Q212,False,robust_isolated,N3-S-Q212,False,robust_isolated
Q213,Studley Triangle,Q213,D-S-Q213,False,unstable,N1-S-Q213,False,unstable,N2-S-Q213,False,unstable,N3-S-Q213,False,robust_isolated
Q214,Leonard Square,Q214,D-S-Q214,False,unstable,N1g2-258,True,grouped,N2-S-Q214,False,unstable,N3-S-Q214,False,robust_isolated
Q215,Whitey Ford Field,Q215,D-S-Q215,False,unstable,N1-S-Q215,False,unstable,N2-S-Q215,False,beyond_walk_limit,N3-S-Q215,False,robust_isolated
Q217,Lt. Frank McConnell Park,Q217,D-S-Q217,False,unstable,N1g2-277,True,grouped,N2-S-Q217,False,unstable,N3-S-Q217,False,robust_isolated
Q218,Dutch Kills Playground,Q218,D-S-Q218,False,unstable,N1g2-167,True,grouped,N2-S-Q218,False,unstable,N3-S-Q218,False,robust_isolated
Q219#1,Rockaway Freeway (1/16),Q219,D-168,True,grouped,N1-S-Q219#1,False,unstable,N2-175,True,grouped,N3-S-Q219#1,False,robust_isolated
Q219#10,Rockaway Freeway (10/16),Q219,D-290,True,grouped,N1-S-Q219#10,False,unstable,N2-267,True,grouped,N3-S-Q219#10,False,robust_isolated
Q219#11,Rockaway Freeway (11/16),Q219,D-S-Q219#11,False,unstable,N1-S-Q219#11,False,unstable,N2-S-Q219#11,False,unstable,N3-S-Q219#11,False,robust_isolated
Q219#12,Rockaway Freeway (12/16),Q219,D-169,True,grouped,N1-S-Q219#12,False,unstable,N2-268,True,grouped,N3-S-Q219#12,False,robust_isolated
Q219#13,Rockaway Freeway (13/16),Q219,D-052,True,grouped,N1-S-Q219#13,False,unstable,N2-051,True,grouped,N3-S-Q219#13,False,robust_isolated
Q219#14,Rockaway Freeway (14/16),Q219,D-S-Q219#14,False,unstable,N1-S-Q219#14,False,unstable,N2-S-Q219#14,False,unstable,N3-S-Q219#14,False,robust_isolated
Q219#15,Rockaway Freeway (15/16),Q219,D-S-Q219#15,False,unstable,N1-S-Q219#15,False,unstable,N2-175,True,grouped,N3-S-Q219#15,False,robust_isolated
Q219#16,Rockaway Freeway (16/16),Q219,D-291,True,grouped,N1-S-Q219#16,False,unstable,N2-S-Q219#16,False,unstable,N3-S-Q219#16,False,robust_isolated
Q219#2,Rockaway Freeway (2/16),Q219,D-052,True,grouped,N1-S-Q219#2,False,unstable,N2-051,True,grouped,N3-S-Q219#2,False,robust_isolated
Q219#3,Rockaway Freeway (3/16),Q219,D-116,True,grouped,N1-S-Q219#3,False,unstable,N2-S-Q219#3,False,unstable,N3-S-Q219#3,False,robust_isolated
Q219#4,Rockaway Freeway (4/16),Q219,D-S-Q219#4,False,unstable,N1-S-Q219#4,False,unstable,N2-S-Q219#4,False,unstable,N3-S-Q219#4,False,robust_isolated
Q219#5,Rockaway Freeway (5/16),Q219,D-118,True,grouped,N1-S-Q219#5,False,unstable,N2-S-Q219#5,False,robust_isolated,N3-S-Q219#5,False,robust_isolated
Q219#6,Rockaway Freeway (6/16),Q219,D-292,True,grouped,N1g2-285,True,grouped,N2-269,True,grouped,N3-S-Q219#6,False,robust_isolated
Q219#7,Rockaway Freeway (7/16),Q219,D-S-Q219#7,False,unstable,N1-S-Q219#7,False,unstable,N2-S-Q219#7,False,robust_isolated,N3-S-Q219#7,False,robust_isolated
Q219#8,Rockaway Freeway (8/16),Q219,D-169,True,grouped,N1-S-Q219#8,False,unstable,N2-S-Q219#8,False,robust_isolated,N3-S-Q219#8,False,robust_isolated
Q219#9,Rockaway Freeway (9/16),Q219,D-052,True,grouped,N1-S-Q219#9,False,unstable,N2-051,True,grouped,N3-S-Q219#9,False,robust_isolated
Q220B,Norelli-Hargreaves Playground,Q220B,D-S-Q220B,False,unstable,N1-S-Q220B,False,unstable,N2-S-Q220B,False,unstable,N3-S-Q220B,False,unstable
Q220C,Dr. Charles R. Drew Park,Q220C,D-S-Q220C,False,unstable,N1g2-286,True,grouped,N2-115,True,grouped,N3-S-Q220C,False,robust_isolated
Q220D,Foch Sitting Area,Q220D,D-293,True,grouped,N1g2-286,True,grouped,N2-115,True,grouped,N3-S-Q220D,False,unstable
Q220E,Playground One Forty,Q220E,D-293,True,grouped,N1-S-Q220E,False,unstable,N2-115,True,grouped,N3-S-Q220E,False,robust_isolated
Q220F,Maple Grove Park,Q220F,D-294,True,grouped,N1g2-287,True,grouped,N2-270,True,grouped,N3-S-Q220F,False,robust_isolated
Q220G,Hoover - Manton Playgrounds,Q220G,D-294,True,grouped,N1g2-287,True,grouped,N2-270,True,grouped,N3-S-Q220G,False,robust_isolated
Q221,Farm Playground,Q221,D-S-Q221,False,unstable,N1g2-288,True,grouped,N2-271,True,grouped,N3-S-Q221,False,robust_isolated
Q222,Glenwood Landing,Q222,D-S-Q222,False,unstable,N1-S-Q222,False,robust_isolated,N2-S-Q222,False,robust_isolated,N3-S-Q222,False,robust_isolated
Q223,Fresh Meadows Park,Q223,D-S-Q223,False,unstable,N1-S-Q223,False,beyond_walk_limit,N2-S-Q223,False,unstable,N3-S-Q223,False,robust_isolated
Q225,Broad Channel Veteran's Park,Q225,D-S-Q225,False,unstable,N1-S-Q225,False,unstable,N2-S-Q225,False,unstable,N3-S-Q225,False,robust_isolated
Q226,Hallets Cove Playground,Q226,D-295,True,grouped,N1g2-168,True,grouped,N2-176,True,grouped,N3-S-Q226,False,robust_isolated
Q231,Sergeant Colyer Square,Q231,D-S-Q231,False,unstable,N1-S-Q231,False,unstable,N2-115,True,grouped,N3-S-Q231,False,robust_isolated
Q232,Dwyer Square,Q232,D-S-Q232,False,unstable,N1-S-Q232,False,unstable,N2-S-Q232,False,robust_isolated,N3-S-Q232,False,robust_isolated
Q243,Norelli-Hargreaves Memorial Triangle,Q243,D-S-Q243,False,unstable,N1-S-Q243,False,unstable,N2-S-Q243,False,unstable,N3-S-Q243,False,robust_isolated
Q245,Hollis Veterans Square,Q245,D-S-Q245,False,unstable,N1-S-Q245,False,robust_isolated,N2-S-Q245,False,unstable,N3-S-Q245,False,robust_isolated
Q246,Travis Triangle,Q246,D-S-Q246,False,unstable,N1g2-289,True,grouped,N2-S-Q246,False,unstable,N3-S-Q246,False,robust_isolated
Q254,Corporal Frank F. Fagan Sq.,Q254,D-296,True,grouped,N1g2-290,True,grouped,N2-272,True,grouped,N3-S-Q254,False,robust_isolated
Q257,Lt. Clinton L .Whiting Square,Q257,D-S-Q257,False,unstable,N1-S-Q257,False,unstable,N2-S-Q257,False,robust_isolated,N3-S-Q257,False,robust_isolated
Q259,Memorial Circle,Q259,D-S-Q259,False,unstable,N1g2-158,True,grouped,N2-168,True,grouped,N3-S-Q259,False,robust_isolated
Q262,Alameda Malls,Q262,D-297,True,grouped,N1-S-Q262,False,unstable,N2-273,True,grouped,N3-S-Q262,False,robust_isolated
Q266,Westbourne Playground,Q266,D-S-Q266,False,robust_isolated,N1-S-Q266,False,robust_isolated,N2-S-Q266,False,robust_isolated,N3-S-Q266,False,robust_isolated
Q267,Court Square Park,Q267,D-076,True,grouped,N1g2-098,True,grouped,N2-111,True,grouped,N3-S-Q267,False,robust_isolated
Q268,Bell Malls,Q268,D-298,True,grouped,N1-S-Q268,False,unstable,N2-274,True,grouped,N3-S-Q268,False,robust_isolated
Q275,Patricia A. Brackley Park,Q275,D-160,True,grouped,N1-S-Q275,False,unstable,N2-S-Q275,False,unstable,N3-S-Q275,False,robust_isolated
Q277,South Gate Mall,Q277,D-299,True,grouped,N1-S-Q277,False,unstable,N2-275,True,grouped,N3-S-Q277,False,robust_isolated
Q281,Nakks Malls,Q281,D-S-Q281,False,unstable,N1-S-Q281,False,unstable,N2-S-Q281,False,robust_isolated,N3-S-Q281,False,robust_isolated
Q283,225 Street Malls,Q283,D-S-Q283,False,unstable,N1-S-Q283,False,unstable,N2-S-Q283,False,unstable,N3-S-Q283,False,robust_isolated
Q284,Sixteen Oaks Grove,Q284,D-S-Q284,False,unstable,N1g2-167,True,grouped,N2-S-Q284,False,unstable,N3-S-Q284,False,robust_isolated
Q285,Al Stabile Playground,Q285,D-S-Q285,False,unstable,N1-S-Q285,False,unstable,N2-S-Q285,False,robust_isolated,N3-S-Q285,False,robust_isolated
Q289,Pinocchio Playground,Q289,D-S-Q289,False,unstable,N1-S-Q289,False,unstable,N2-S-Q289,False,robust_isolated,N3-S-Q289,False,robust_isolated
Q290,"""Uncle"" Vito F. Maranzano Glendale Playground",Q290,D-S-Q290,False,unstable,N1g2-272,True,grouped,N2-257,True,grouped,N3-S-Q290,False,robust_isolated
Q291,Starr Playground,Q291,D-S-Q291,False,unstable,N1-S-Q291,False,beyond_walk_limit,N2-S-Q291,False,unstable,N3-S-Q291,False,robust_isolated
Q293,Saul Weprin Playground,Q293,D-S-Q293,False,unstable,N1-S-Q293,False,unstable,N2-S-Q293,False,unstable,N3-S-Q293,False,robust_isolated
Q294,Utopia Playground,Q294,D-S-Q294,False,unstable,N1-S-Q294,False,unstable,N2-S-Q294,False,unstable,N3-S-Q294,False,robust_isolated
Q296,Playground Thirty Five XXXV,Q296,D-S-Q296,False,unstable,N1-S-Q296,False,unstable,N2-S-Q296,False,unstable,N3-S-Q296,False,robust_isolated
Q298,Paul Raimonda Playground,Q298,D-S-Q298,False,unstable,N1g2-169,True,grouped,N2-S-Q298,False,unstable,N3-S-Q298,False,robust_isolated
Q299,Overlook Park,Q299,D-S-Q299,False,unstable,N1g2-291,True,grouped,N2-276,True,grouped,N3-S-Q299,False,robust_isolated
Q300A,Kissena Corridor Park,Q300A,D-300,True,grouped,N1g2-288,True,grouped,N2-271,True,grouped,N3-S-Q300A,False,robust_isolated
Q300A1,Holy Cow Playground,Q300A1,D-300,True,grouped,N1-S-Q300A1,False,unstable,N2-S-Q300A1,False,robust_isolated,N3-S-Q300A1,False,robust_isolated
Q301,Jamaica Playground,Q301,D-301,True,grouped,N1g2-100,True,grouped,N2-114,True,grouped,N3-S-Q301,False,robust_isolated
Q302,Evergreen Park,Q302,D-S-Q302,False,unstable,N1-S-Q302,False,robust_isolated,N2-S-Q302,False,robust_isolated,N3-S-Q302,False,robust_isolated
Q303,Travers Park,Q303,D-162,True,grouped,N1g2-161,True,grouped,N2-170,True,grouped,N3-S-Q303,False,robust_isolated
Q304,Ehrenreich-Austin Playground,Q304,D-S-Q304,False,unstable,N1-S-Q304,False,unstable,N2-S-Q304,False,robust_isolated,N3-S-Q304,False,robust_isolated
Q305,Mafera Park,Q305,D-S-Q305,False,unstable,N1-S-Q305,False,robust_isolated,N2-S-Q305,False,robust_isolated,N3-S-Q305,False,robust_isolated
Q306,The Painter's Playground,Q306,D-S-Q306,False,unstable,N1-S-Q306,False,unstable,N2-S-Q306,False,robust_isolated,N3-S-Q306,False,robust_isolated
Q307,Delphin H. Greene Playground,Q307,D-269,True,grouped,N1g2-157,True,grouped,N2-167,True,grouped,N3-S-Q307,False,unstable
Q308,Bowne Playground,Q308,D-S-Q308,False,unstable,N1-S-Q308,False,unstable,N2-S-Q308,False,unstable,N3-S-Q308,False,robust_isolated
Q310,Glen Oaks Oval,Q310,D-S-Q310,False,unstable,N1-S-Q310,False,unstable,N2-S-Q310,False,unstable,N3-S-Q310,False,robust_isolated
Q313,Arverne Playground,Q313,D-118,True,grouped,N1g2-292,True,grouped,N2-277,True,grouped,N3-S-Q313,False,robust_isolated
Q314,Fresh Meadows Playground,Q314,D-S-Q314,False,unstable,N1-S-Q314,False,unstable,N2-S-Q314,False,robust_isolated,N3-S-Q314,False,robust_isolated
Q316,Captain Dermody Triangle,Q316,D-298,True,grouped,N1-S-Q316,False,unstable,N2-274,True,grouped,N3-S-Q316,False,robust_isolated
Q317,Tall Oak Playground,Q317,D-S-Q317,False,unstable,N1-S-Q317,False,unstable,N2-S-Q317,False,unstable,N3-S-Q317,False,robust_isolated
Q318,Playground Eighty LXXX,Q318,D-S-Q318,False,unstable,N1-S-Q318,False,unstable,N2-S-Q318,False,robust_isolated,N3-S-Q318,False,robust_isolated
Q319,Annadale Playground,Q319,D-S-Q319,False,unstable,N1g2-293,True,grouped,N2-S-Q319,False,unstable,N3-S-Q319,False,robust_isolated
Q320,Vleigh Playground,Q320,D-S-Q320,False,unstable,N1-S-Q320,False,unstable,N2-278,True,grouped,N3-S-Q320,False,robust_isolated
Q321,Van Alst Playground,Q321,D-S-Q321,False,unstable,N1g2-168,True,grouped,N2-176,True,grouped,N3-S-Q321,False,robust_isolated
Q322,Bellaire Playground,Q322,D-S-Q322,False,unstable,N1-S-Q322,False,robust_isolated,N2-S-Q322,False,robust_isolated,N3-S-Q322,False,robust_isolated
Q325,Gladys Warren Triangle,Q325,D-S-Q325,False,unstable,N1-S-Q325,False,unstable,N2-S-Q325,False,unstable,N3-S-Q325,False,robust_isolated
Q326,James A. Bland Playground,Q326,D-S-Q326,False,unstable,N1-S-Q326,False,unstable,N2-S-Q326,False,robust_isolated,N3-S-Q326,False,robust_isolated
Q327,Castlewood Playground,Q327,D-S-Q327,False,unstable,N1-S-Q327,False,unstable,N2-S-Q327,False,unstable,N3-S-Q327,False,robust_isolated
Q328,Bellerose Playground,Q328,D-S-Q328,False,robust_isolated,N1-S-Q328,False,robust_isolated,N2-S-Q328,False,robust_isolated,N3-S-Q328,False,robust_isolated
Q329,Pomonok Playground,Q329,D-S-Q329,False,unstable,N1-S-Q329,False,unstable,N2-S-Q329,False,robust_isolated,N3-S-Q329,False,robust_isolated
Q330,Locust Manor Playground,Q330,D-S-Q330,False,robust_isolated,N1-S-Q330,False,robust_isolated,N2-S-Q330,False,robust_isolated,N3-S-Q330,False,robust_isolated
Q332,Woodtree Playground,Q332,D-302,True,grouped,N1g2-169,True,grouped,N2-279,True,grouped,N3-S-Q332,False,robust_isolated
Q333,Ravenswood Playground,Q333,D-S-Q333,False,unstable,N1g2-167,True,grouped,N2-S-Q333,False,unstable,N3-S-Q333,False,robust_isolated
Q334,Playground Twenty One,Q334,D-S-Q334,False,unstable,N1g2-294,True,grouped,N2-S-Q334,False,unstable,N3-S-Q334,False,robust_isolated
Q335,Russell Sage Playground,Q335,D-S-Q335,False,unstable,N1-S-Q335,False,unstable,N2-S-Q335,False,robust_isolated,N3-S-Q335,False,robust_isolated
Q336,Judge Moses Weinstein Playground,Q336,D-S-Q336,False,unstable,N1-S-Q336,False,unstable,N2-S-Q336,False,unstable,N3-S-Q336,False,robust_isolated
Q337,Maurice A FitzGerald Playground,Q337,D-S-Q337,False,robust_isolated,N1-S-Q337,False,unstable,N2-S-Q337,False,unstable,N3-S-Q337,False,robust_isolated
Q338,Admiral Playground,Q338,D-S-Q338,False,unstable,N1-S-Q338,False,robust_isolated,N2-S-Q338,False,unstable,N3-S-Q338,False,robust_isolated
Q339,Cambria Playground,Q339,D-S-Q339,False,robust_isolated,N1-S-Q339,False,unstable,N2-S-Q339,False,unstable,N3-S-Q339,False,unstable
Q340,Torsney Playground,Q340,D-S-Q340,False,unstable,N1g2-264,True,grouped,N2-S-Q340,False,unstable,N3-S-Q340,False,robust_isolated
Q341A,Park,Q341A,D-078,True,grouped,N1-S-Q341A,False,unstable,N2-S-Q341A,False,robust_isolated,N3-S-Q341A,False,robust_isolated
Q341B,Latham Park,Q341B,D-S-Q341B,False,unstable,N1-S-Q341B,False,unstable,N2-S-Q341B,False,robust_isolated,N3-S-Q341B,False,robust_isolated
Q341C,Sherry Dog Run,Q341C,D-078,True,grouped,N1-S-Q341C,False,unstable,N2-S-Q341C,False,unstable,N3-S-Q341C,False,robust_isolated
Q341D,Spargo Park,Q341D,D-078,True,grouped,N1-S-Q341D,False,unstable,N2-177,True,grouped,N3-040,True,grouped
Q341E,Crosson Green,Q341E,D-078,True,grouped,N1-S-Q341E,False,unstable,N2-177,True,grouped,N3-040,True,grouped
Q341F,Crosson Park,Q341F,D-078,True,grouped,N1-S-Q341F,False,unstable,N2-177,True,grouped,N3-S-Q341F,False,unstable
Q342,Electric Playground,Q342,D-S-Q342,False,unstable,N1-S-Q342,False,robust_isolated,N2-S-Q342,False,robust_isolated,N3-S-Q342,False,robust_isolated
Q343,Whitestone Playground,Q343,D-S-Q343,False,unstable,N1-S-Q343,False,unstable,N2-S-Q343,False,robust_isolated,N3-S-Q343,False,robust_isolated
Q344,Emerald Playground,Q344,D-S-Q344,False,unstable,N1g2-295,True,grouped,N2-S-Q344,False,unstable,N3-S-Q344,False,robust_isolated
Q345,Redfern Playground,Q345,D-S-Q345,False,unstable,N1-S-Q345,False,unstable,N2-S-Q345,False,robust_isolated,N3-S-Q345,False,robust_isolated
Q346,Challenge Playground,Q346,D-S-Q346,False,unstable,N1-S-Q346,False,unstable,N2-S-Q346,False,robust_isolated,N3-S-Q346,False,robust_isolated
Q347,Colden Playground,Q347,D-S-Q347,False,unstable,N1-S-Q347,False,unstable,N2-S-Q347,False,unstable,N3-S-Q347,False,robust_isolated
Q348,Willow Lake Playground,Q348,D-S-Q348,False,robust_isolated,N1-S-Q348,False,unstable,N2-S-Q348,False,unstable,N3-S-Q348,False,unstable
Q349,Telephone Playground,Q349,D-286,True,grouped,N1g2-278,True,grouped,N2-261,True,grouped,N3-S-Q349,False,robust_isolated
Q351,Peters Field,Q351,D-S-Q351,False,robust_isolated,N1-S-Q351,False,unstable,N2-S-Q351,False,unstable,N3-S-Q351,False,robust_isolated
Q352,Hillside Playground,Q352,D-S-Q352,False,unstable,N1-S-Q352,False,unstable,N2-S-Q352,False,robust_isolated,N3-S-Q352,False,robust_isolated
Q353,Grassmere Playground,Q353,D-290,True,grouped,N1-S-Q353,False,unstable,N2-267,True,grouped,N3-S-Q353,False,robust_isolated
Q354,Playground Seventy Five,Q354,D-S-Q354,False,unstable,N1-S-Q354,False,unstable,N2-S-Q354,False,robust_isolated,N3-S-Q354,False,robust_isolated
Q355,Strippoli Square,Q355,D-S-Q355,False,unstable,N1-S-Q355,False,unstable,N2-S-Q355,False,unstable,N3-S-Q355,False,robust_isolated
Q356,Alley Park,Q356,D-S-Q356,False,robust_isolated,N1-S-Q356,False,robust_isolated,N2-S-Q356,False,robust_isolated,N3-S-Q356,False,robust_isolated
Q357A,Park,Q357A,D-170,True,grouped,N1g2-163,True,grouped,N2-171,True,grouped,N3-S-Q357A,False,robust_isolated
Q357A1,Park,Q357A1,D-170,True,grouped,N1g2-296,True,grouped,N2-280,True,grouped,N3-S-Q357A1,False,robust_isolated
Q357B,Real Good Playground,Q357B,D-171,True,grouped,N1g2-170,True,grouped,N2-178,True,grouped,N3-S-Q357B,False,robust_isolated
Q357B01,Barrier Playground,Q357B01,D-171,True,grouped,N1g2-170,True,grouped,N2-178,True,grouped,N3-S-Q357B01,False,robust_isolated
Q357D,Park,Q357D,D-119,True,grouped,N1-S-Q357D,False,unstable,N2-S-Q357D,False,unstable,N3-S-Q357D,False,robust_isolated
Q357E,Park,Q357E,D-119,True,grouped,N1-S-Q357E,False,unstable,N2-S-Q357E,False,unstable,N3-S-Q357E,False,robust_isolated
Q357F,Park,Q357F,D-119,True,grouped,N1g2-297,True,grouped,N2-281,True,grouped,N3-S-Q357F,False,robust_isolated
Q357G,Turtle Playground,Q357G,D-S-Q357G,False,unstable,N1-S-Q357G,False,robust_isolated,N2-S-Q357G,False,robust_isolated,N3-S-Q357G,False,robust_isolated
Q357I,Nassau Mall,Q357I,D-S-Q357I,False,unstable,N1-S-Q357I,False,unstable,N2-S-Q357I,False,unstable,N3-S-Q357I,False,robust_isolated
Q357J,Nassau Mall South,Q357J,D-S-Q357J,False,unstable,N1-S-Q357J,False,unstable,N2-S-Q357J,False,robust_isolated,N3-S-Q357J,False,robust_isolated
Q358,Detective William T. Gunn Playground,Q358,D-S-Q358,False,unstable,N1-S-Q358,False,robust_isolated,N2-S-Q358,False,robust_isolated,N3-S-Q358,False,robust_isolated
Q359,Haggerty Park,Q359,D-S-Q359,False,robust_isolated,N1-S-Q359,False,unstable,N2-S-Q359,False,unstable,N3-S-Q359,False,robust_isolated
Q360A,Park,Q360A,D-S-Q360A,False,unstable,N1-S-Q360A,False,robust_isolated,N2-S-Q360A,False,robust_isolated,N3-S-Q360A,False,robust_isolated
Q360C,Park,Q360C,D-S-Q360C,False,unstable,N1-S-Q360C,False,robust_isolated,N2-S-Q360C,False,robust_isolated,N3-S-Q360C,False,robust_isolated
Q360D,Park,Q360D,D-S-Q360D,False,unstable,N1-S-Q360D,False,robust_isolated,N2-S-Q360D,False,robust_isolated,N3-S-Q360D,False,robust_isolated
Q360E,Hull Triangle,Q360E,D-054,True,grouped,N1g2-027,True,grouped,N2-072,True,grouped,N3-S-Q360E,False,robust_isolated
Q360F,Technical Sergeant Thomas J. Davey Triangle,Q360F,D-054,True,grouped,N1g2-027,True,grouped,N2-072,True,grouped,N3-S-Q360F,False,robust_isolated
Q360G,Whitefish Triangle,Q360G,D-054,True,grouped,N1g2-027,True,grouped,N2-072,True,grouped,N3-S-Q360G,False,robust_isolated
Q360H,Peter Chahales Park,Q360H,D-055,True,grouped,N1g2-027,True,grouped,N2-073,True,grouped,N3-S-Q360H,False,robust_isolated
Q360I,Park,Q360I,D-S-Q360I,False,unstable,N1-S-Q360I,False,unstable,N2-S-Q360I,False,robust_isolated,N3-S-Q360I,False,robust_isolated
Q360J,Crowley Playground,Q360J,D-303,True,grouped,N1-S-Q360J,False,unstable,N2-S-Q360J,False,beyond_walk_limit,N3-S-Q360J,False,unstable
Q360L,Park,Q360L,D-304,True,grouped,N1-S-Q360L,False,robust_isolated,N2-S-Q360L,False,robust_isolated,N3-S-Q360L,False,robust_isolated
Q360M,Frontera Park,Q360M,D-055,True,grouped,N1g2-027,True,grouped,N2-073,True,grouped,N3-S-Q360M,False,robust_isolated
Q360N,Hoffman Park,Q360N,D-S-Q360N,False,unstable,N1-S-Q360N,False,unstable,N2-S-Q360N,False,robust_isolated,N3-S-Q360N,False,robust_isolated
Q360P,Park Slope,Q360P,D-054,True,grouped,N1-S-Q360P,False,unstable,N2-S-Q360P,False,unstable,N3-S-Q360P,False,robust_isolated
Q360Q,Sitting Area 127 CXXVII,Q360Q,D-055,True,grouped,N1g2-171,True,grouped,N2-073,True,grouped,N3-S-Q360Q,False,robust_isolated
Q360R,Sitting Area,Q360R,D-055,True,grouped,N1g2-171,True,grouped,N2-073,True,grouped,N3-S-Q360R,False,robust_isolated
Q360S,Quick Brown Fox Triangle,Q360S,D-172,True,grouped,N1g2-298,True,grouped,N2-282,True,grouped,N3-S-Q360S,False,robust_isolated
Q360T,Sitting Area,Q360T,D-172,True,grouped,N1g2-156,True,grouped,N2-166,True,grouped,N3-S-Q360T,False,robust_isolated
Q360U,Notorious LIC Park,Q360U,D-S-Q360U,False,unstable,N1g2-172,True,grouped,N2-283,True,grouped,N3-S-Q360U,False,robust_isolated
Q360V,Park,Q360V,D-S-Q360V,False,unstable,N1-S-Q360V,False,robust_isolated,N2-S-Q360V,False,robust_isolated,N3-S-Q360V,False,robust_isolated
Q360W,Park,Q360W,D-304,True,grouped,N1-S-Q360W,False,robust_isolated,N2-S-Q360W,False,robust_isolated,N3-S-Q360W,False,robust_isolated
Q360X,Park,Q360X,D-303,True,grouped,N1-S-Q360X,False,unstable,N2-S-Q360X,False,robust_isolated,N3-S-Q360X,False,robust_isolated
Q360Y1,Park,Q360Y1,D-055,True,grouped,N1g2-298,True,grouped,N2-282,True,grouped,N3-S-Q360Y1,False,robust_isolated
Q360Y2,Park,Q360Y2,D-055,True,grouped,N1g2-171,True,grouped,N2-073,True,grouped,N3-S-Q360Y2,False,robust_isolated
Q361,Moore Homestead Playground,Q361,D-S-Q361,False,unstable,N1-S-Q361,False,unstable,N2-112,True,grouped,N3-S-Q361,False,robust_isolated
Q362,Playground Ninety,Q362,D-S-Q362,False,unstable,N1g2-159,True,grouped,N2-253,True,grouped,N3-S-Q362,False,robust_isolated
Q363,Northern Playground,Q363,D-077,True,grouped,N1-S-Q363,False,unstable,N2-S-Q363,False,robust_isolated,N3-S-Q363,False,robust_isolated
Q364,Marie Curie Playground,Q364,D-S-Q364,False,unstable,N1-S-Q364,False,unstable,N2-S-Q364,False,robust_isolated,N3-S-Q364,False,robust_isolated
Q366,Louis C. Moser Playground,Q366,D-173,True,grouped,N1g2-173,True,grouped,N2-179,True,grouped,N3-S-Q366,False,robust_isolated
Q367,Hammel Playground,Q367,D-168,True,grouped,N1-S-Q367,False,unstable,N2-S-Q367,False,robust_isolated,N3-S-Q367,False,robust_isolated
Q369,Louis Pasteur Park,Q369,D-119,True,grouped,N1g2-297,True,grouped,N2-281,True,grouped,N3-S-Q369,False,robust_isolated
Q370,Freedom Square Playground,Q370,D-S-Q370,False,unstable,N1-S-Q370,False,unstable,N2-S-Q370,False,unstable,N3-S-Q370,False,robust_isolated
Q373,Helen Marshall Playground,Q373,D-S-Q373,False,unstable,N1g2-291,True,grouped,N2-276,True,grouped,N3-S-Q373,False,robust_isolated
Q375,Willets Point Playground,Q375,D-S-Q375,False,unstable,N1g2-294,True,grouped,N2-S-Q375,False,unstable,N3-S-Q375,False,robust_isolated
Q376,Cedar Grove Playground,Q376,D-S-Q376,False,unstable,N1-S-Q376,False,robust_isolated,N2-S-Q376,False,robust_isolated,N3-S-Q376,False,robust_isolated
Q377,Playground Sixty Two LXII,Q377,D-171,True,grouped,N1g2-170,True,grouped,N2-178,True,grouped,N3-S-Q377,False,robust_isolated
Q378,Ampere Playground,Q378,D-S-Q378,False,unstable,N1g2-280,True,grouped,N2-262,True,grouped,N3-S-Q378,False,robust_isolated
Q379,Briarwood Playground,Q379,D-S-Q379,False,robust_isolated,N1-S-Q379,False,robust_isolated,N2-S-Q379,False,robust_isolated,N3-S-Q379,False,robust_isolated
Q381,Francis Lewis Playground,Q381,D-289,True,grouped,N1g2-284,True,grouped,N2-266,True,grouped,N3-S-Q381,False,robust_isolated
Q382,Cardozo Playground,Q382,D-118,True,grouped,N1g2-292,True,grouped,N2-277,True,grouped,N3-S-Q382,False,robust_isolated
Q383,Middle Village Veterans Triangle,Q383,D-S-Q383,False,unstable,N1-S-Q383,False,unstable,N2-S-Q383,False,robust_isolated,N3-S-Q383,False,robust_isolated
Q385,Ditmars Playground,Q385,D-S-Q385,False,unstable,N1-S-Q385,False,unstable,N2-S-Q385,False,robust_isolated,N3-S-Q385,False,robust_isolated
Q386,Centreville Playground,Q386,D-S-Q386,False,unstable,N1-S-Q386,False,unstable,N2-S-Q386,False,robust_isolated,N3-S-Q386,False,robust_isolated
Q387A,Bayside Fields,Q387A,D-S-Q387A,False,unstable,N1g2-299,True,grouped,N2-284,True,grouped,N3-S-Q387A,False,robust_isolated
Q387B,Clearview Park,Q387B,D-S-Q387B,False,unstable,N1g2-299,True,grouped,N2-284,True,grouped,N3-S-Q387B,False,robust_isolated
Q387C,Park,Q387C,D-S-Q387C,False,unstable,N1-S-Q387C,False,unstable,N2-S-Q387C,False,unstable,N3-S-Q387C,False,robust_isolated
Q387D,Clearview's Tail,Q387D,D-S-Q387D,False,unstable,N1-S-Q387D,False,robust_isolated,N2-S-Q387D,False,robust_isolated,N3-S-Q387D,False,robust_isolated
Q387E,Baybridge Green,Q387E,D-S-Q387E,False,unstable,N1-S-Q387E,False,robust_isolated,N2-S-Q387E,False,robust_isolated,N3-S-Q387E,False,robust_isolated
Q388,Linnaeus Park,Q388,D-S-Q388,False,unstable,N1-S-Q388,False,robust_isolated,N2-S-Q388,False,robust_isolated,N3-S-Q388,False,robust_isolated
Q389,Bayside Playground,Q389,D-291,True,grouped,N1-S-Q389,False,unstable,N2-S-Q389,False,unstable,N3-S-Q389,False,robust_isolated
Q390,Clintonville Playground,Q390,D-S-Q390,False,robust_isolated,N1-S-Q390,False,unstable,N2-S-Q390,False,unstable,N3-S-Q390,False,robust_isolated
Q391,Joseph Austin Playground,Q391,D-S-Q391,False,unstable,N1-S-Q391,False,unstable,N2-S-Q391,False,unstable,N3-039,True,grouped
Q393A,LaGuardia Landing Lights,Q393A,D-173,True,grouped,N1g2-173,True,grouped,N2-179,True,grouped,N3-S-Q393A,False,unstable
Q393C,LaGuardia Landing Lights,Q393C,D-173,True,grouped,N1g2-173,True,grouped,N2-179,True,grouped,N3-S-Q393C,False,robust_isolated
Q393D,LaGuardia Landing Lights,Q393D,D-056,True,grouped,N1g2-019,True,grouped,N2-S-Q393D,False,unstable,N3-S-Q393D,False,robust_isolated
Q393F,LaGuardia Landing Lights,Q393F,D-056,True,grouped,N1-S-Q393F,False,unstable,N2-S-Q393F,False,unstable,N3-S-Q393F,False,unstable
Q393G,Laguardia Landing Lights,Q393G,D-056,True,grouped,N1g2-019,True,grouped,N2-053,True,grouped,N3-S-Q393G,False,unstable
Q393H,LaGuardia Landing Lights,Q393H,D-056,True,grouped,N1g2-019,True,grouped,N2-053,True,grouped,N3-S-Q393H,False,robust_isolated
Q393I,Planeview Park,Q393I,D-056,True,grouped,N1g2-019,True,grouped,N2-053,True,grouped,N3-S-Q393I,False,robust_isolated
Q394,Conch Playground,Q394,D-S-Q394,False,unstable,N1g2-300,True,grouped,N2-285,True,grouped,N3-S-Q394,False,robust_isolated
Q395,Steinway Playground,Q395,D-302,True,grouped,N1g2-169,True,grouped,N2-279,True,grouped,N3-S-Q395,False,robust_isolated
Q396,Montbellier Park,Q396,D-299,True,grouped,N1-S-Q396,False,unstable,N2-275,True,grouped,N3-S-Q396,False,robust_isolated
Q397,Auburndale Playground,Q397,D-S-Q397,False,robust_isolated,N1-S-Q397,False,robust_isolated,N2-S-Q397,False,robust_isolated,N3-S-Q397,False,robust_isolated
Q398,Rosemary's Playground,Q398,D-S-Q398,False,unstable,N1g2-257,True,grouped,N2-S-Q398,False,unstable,N3-S-Q398,False,robust_isolated
Q399,Bay Terrace Playground,Q399,D-S-Q399,False,unstable,N1-S-Q399,False,robust_isolated,N2-S-Q399,False,robust_isolated,N3-S-Q399,False,robust_isolated
Q400,Oakland Gardens,Q400,D-S-Q400,False,unstable,N1-S-Q400,False,unstable,N2-S-Q400,False,robust_isolated,N3-S-Q400,False,robust_isolated
Q401,Lost Battalion Hall Recreation Center,Q401,D-170,True,grouped,N1g2-296,True,grouped,N2-280,True,grouped,N3-S-Q401,False,robust_isolated
Q402,Latimer Playground,Q402,D-273,True,grouped,N1-S-Q402,False,unstable,N2-S-Q402,False,robust_isolated,N3-S-Q402,False,robust_isolated
Q403,Beach Channel Playground,Q403,D-292,True,grouped,N1g2-285,True,grouped,N2-269,True,grouped,N3-S-Q403,False,robust_isolated
Q404,East Springfield Playground,Q404,D-S-Q404,False,robust_isolated,N1-S-Q404,False,unstable,N2-S-Q404,False,robust_isolated,N3-S-Q404,False,robust_isolated
Q405,Hollis Playground,Q405,D-S-Q405,False,robust_isolated,N1-S-Q405,False,unstable,N2-S-Q405,False,unstable,N3-S-Q405,False,robust_isolated
Q406,Springfield Park North,Q406,D-282,True,grouped,N1-S-Q406,False,unstable,N2-S-Q406,False,unstable,N3-S-Q406,False,robust_isolated
Q407,Lanett Playground,Q407,D-S-Q407,False,unstable,N1-S-Q407,False,unstable,N2-S-Q407,False,robust_isolated,N3-S-Q407,False,robust_isolated
Q408,Harold Schneiderman Playground,Q408,D-S-Q408,False,unstable,N1-S-Q408,False,robust_isolated,N2-S-Q408,False,robust_isolated,N3-S-Q408,False,robust_isolated
Q409,Park,Q409,D-S-Q409,False,unstable,N1-S-Q409,False,robust_isolated,N2-S-Q409,False,robust_isolated,N3-S-Q409,False,robust_isolated
Q410,Hinton Park,Q410,D-161,True,grouped,N1g2-160,True,grouped,N2-252,True,grouped,N3-S-Q410,False,robust_isolated
Q412,Gwen Ifill Park,Q412,D-S-Q412,False,unstable,N1-S-Q412,False,robust_isolated,N2-S-Q412,False,robust_isolated,N3-S-Q412,False,robust_isolated
Q413,Rochdale Park,Q413,D-S-Q413,False,unstable,N1-S-Q413,False,robust_isolated,N2-S-Q413,False,robust_isolated,N3-S-Q413,False,robust_isolated
Q414,Rocket Playground,Q414,D-117,True,grouped,N1g2-099,True,grouped,N2-113,True,grouped,N3-S-Q414,False,robust_isolated
Q415,Louis Armstrong Playground,Q415,D-161,True,grouped,N1-S-Q415,False,unstable,N2-S-Q415,False,robust_isolated,N3-S-Q415,False,robust_isolated
Q417,Park,Q417,D-S-Q417,False,unstable,N1-S-Q417,False,unstable,N2-S-Q417,False,robust_isolated,N3-S-Q417,False,robust_isolated
Q419,Hart Playground,Q419,D-281,True,grouped,N1g2-274,True,grouped,N2-258,True,grouped,N3-S-Q419,False,robust_isolated
Q421,Walter Ward Playground,Q421,D-S-Q421,False,robust_isolated,N1-S-Q421,False,robust_isolated,N2-S-Q421,False,robust_isolated,N3-S-Q421,False,robust_isolated
Q422,Seaside Playground,Q422,D-116,True,grouped,N1-S-Q422,False,unstable,N2-S-Q422,False,unstable,N3-S-Q422,False,robust_isolated
Q423,Reiff Playground,Q423,D-278,True,grouped,N1-S-Q423,False,robust_isolated,N2-S-Q423,False,robust_isolated,N3-S-Q423,False,robust_isolated
Q424,Judge Angelo Graci Triangle,Q424,D-164,True,grouped,N1g2-132,True,grouped,N2-091,True,grouped,N3-S-Q424,False,robust_isolated
Q425,Yellowstone Park,Q425,D-S-Q425,False,unstable,N1-S-Q425,False,unstable,N2-S-Q425,False,unstable,N3-S-Q425,False,robust_isolated
Q426,North Rochdale Playground,Q426,D-S-Q426,False,unstable,N1-S-Q426,False,unstable,N2-S-Q426,False,unstable,N3-S-Q426,False,robust_isolated
Q427,South Rochdale Playground,Q427,D-S-Q427,False,unstable,N1-S-Q427,False,robust_isolated,N2-S-Q427,False,robust_isolated,N3-S-Q427,False,robust_isolated
Q428,Horace Harding Playground,Q428,D-S-Q428,False,unstable,N1-S-Q428,False,unstable,N2-S-Q428,False,robust_isolated,N3-S-Q428,False,robust_isolated
Q429,Spirit Playground,Q429,D-S-Q429,False,unstable,N1-S-Q429,False,unstable,N2-S-Q429,False,unstable,N3-S-Q429,False,robust_isolated
Q430,Sunrise Playground,Q430,D-S-Q430,False,robust_isolated,N1-S-Q430,False,robust_isolated,N2-S-Q430,False,robust_isolated,N3-S-Q430,False,robust_isolated
Q433A,Park,Q433A,D-117,True,grouped,N1g2-099,True,grouped,N2-113,True,grouped,N3-S-Q433A,False,robust_isolated
Q433B,Park,Q433B,D-117,True,grouped,N1g2-275,True,grouped,N2-113,True,grouped,N3-S-Q433B,False,robust_isolated
Q434,Long Island Mews,Q434,D-S-Q434,False,unstable,N1-S-Q434,False,unstable,N2-S-Q434,False,robust_isolated,N3-S-Q434,False,robust_isolated
Q435,Vernon Mall,Q435,D-274,True,grouped,N1g2-172,True,grouped,N2-283,True,grouped,N3-S-Q435,False,robust_isolated
Q436,Athens Square,Q436,D-S-Q436,False,unstable,N1-S-Q436,False,beyond_walk_limit,N2-S-Q436,False,unstable,N3-S-Q436,False,robust_isolated
Q437,Murray Hill Playground,Q437,D-S-Q437,False,unstable,N1g2-289,True,grouped,N2-S-Q437,False,unstable,N3-S-Q437,False,robust_isolated
Q439,Private William Gray Playground,Q439,D-S-Q439,False,unstable,N1g2-066,True,grouped,N2-169,True,grouped,N3-S-Q439,False,robust_isolated
Q440,Hilton Holiday Gardens,Q440,D-S-Q440,False,robust_isolated,N1-S-Q440,False,robust_isolated,N2-S-Q440,False,unstable,N3-S-Q440,False,robust_isolated
Q443,Almeda Playground,Q443,D-169,True,grouped,N1g2-301,True,grouped,N2-268,True,grouped,N3-S-Q443,False,robust_isolated
Q444,Sean's Place,Q444,D-S-Q444,False,unstable,N1-S-Q444,False,unstable,N2-S-Q444,False,robust_isolated,N3-S-Q444,False,robust_isolated
Q445,Frank Golden Park,Q445,D-S-Q445,False,unstable,N1-S-Q445,False,unstable,N2-286,True,grouped,N3-S-Q445,False,robust_isolated
Q447,Brinkerhoff Mall,Q447,D-275,True,grouped,N1g2-266,True,grouped,N2-172,True,grouped,N3-S-Q447,False,robust_isolated
Q448,Roy Wilkins Recreation Center,Q448,D-305,True,grouped,N1-S-Q448,False,unstable,N2-S-Q448,False,unstable,N3-S-Q448,False,robust_isolated
Q450,Corona Golf Playground,Q450,D-S-Q450,False,unstable,N1-S-Q450,False,unstable,N2-S-Q450,False,robust_isolated,N3-S-Q450,False,robust_isolated
Q451,Underbridge Dog Run,Q451,D-S-Q451,False,unstable,N1g2-293,True,grouped,N2-S-Q451,False,unstable,N3-S-Q451,False,unstable
Q452,Udalls Park Preserve,Q452,D-297,True,grouped,N1-S-Q452,False,unstable,N2-273,True,grouped,N3-S-Q452,False,robust_isolated
Q456,Gene Gray Playground,Q456,D-S-Q456,False,unstable,N1g2-174,True,grouped,N2-S-Q456,False,unstable,N3-S-Q456,False,robust_isolated
Q457,College Point Park,Q457,D-272,True,grouped,N1-S-Q457,False,unstable,N2-S-Q457,False,robust_isolated,N3-S-Q457,False,robust_isolated
Q458,Fort Totten Park,Q458,D-267,True,grouped,N1-S-Q458,False,robust_isolated,N2-S-Q458,False,robust_isolated,N3-S-Q458,False,robust_isolated
Q459,Dubos Point Wildlife Sanctuary,Q459,D-S-Q459,False,unstable,N1g2-301,True,grouped,N2-S-Q459,False,unstable,N3-S-Q459,False,robust_isolated
Q460,Broad Channel Park,Q460,D-120,True,grouped,N1g2-174,True,grouped,N2-116,True,grouped,N3-S-Q460,False,robust_isolated
Q461,Powell's Cove Park,Q461,D-S-Q461,False,unstable,N1g2-263,True,grouped,N2-286,True,grouped,N3-S-Q461,False,robust_isolated
Q462,Manuel De Dios Unanue Triangle,Q462,D-277,True,grouped,N1g2-268,True,grouped,N2-256,True,grouped,N3-S-Q462,False,robust_isolated
Q464,Brant Point Wildlife Sanctuary,Q464,D-S-Q464,False,unstable,N1-S-Q464,False,unstable,N2-S-Q464,False,unstable,N3-S-Q464,False,robust_isolated
Q465,Socrates Sculpture Park,Q465,D-S-Q465,False,unstable,N1g2-265,True,grouped,N2-254,True,grouped,N3-S-Q465,False,robust_isolated
Q467,Broad Channel American Park,Q467,D-120,True,grouped,N1-S-Q467,False,unstable,N2-116,True,grouped,N3-S-Q467,False,robust_isolated
Q469,Seagirt Ave Wetlands,Q469,D-S-Q469,False,unstable,N1g2-283,True,grouped,N2-265,True,grouped,N3-S-Q469,False,robust_isolated
Q471,Hunter's Point South Park,Q471,D-S-Q471,False,unstable,N1g2-172,True,grouped,N2-S-Q471,False,unstable,N3-S-Q471,False,robust_isolated
Q472,Vernam Barbadoes Peninsula,Q472,D-S-Q472,False,unstable,N1-S-Q472,False,unstable,N2-S-Q472,False,robust_isolated,N3-S-Q472,False,robust_isolated
Q473,Sparrow's Nest Community Garden,Q473,D-174,True,grouped,N1-S-Q473,False,unstable,N2-S-Q473,False,robust_isolated,N3-S-Q473,False,robust_isolated
Q474,Simeone Park,Q474,D-174,True,grouped,N1-S-Q474,False,unstable,N2-S-Q474,False,robust_isolated,N3-S-Q474,False,robust_isolated
Q474A,Corona Taxpayers Association,Q474A,D-174,True,grouped,N1g2-164,True,grouped,N2-110,True,grouped,N3-S-Q474A,False,robust_isolated
Q475,Project Eden,Q475,D-S-Q475,False,unstable,N1-S-Q475,False,unstable,N2-S-Q475,False,unstable,N3-S-Q475,False,robust_isolated
Q476,College Point Fields,Q476,D-S-Q476,False,unstable,N1-S-Q476,False,unstable,N2-S-Q476,False,unstable,N3-S-Q476,False,robust_isolated
Q477,Two Coves Community Garden,Q477,D-295,True,grouped,N1g2-168,True,grouped,N2-176,True,grouped,N3-S-Q477,False,robust_isolated
Q478,Broad Channel Wetlands,Q478,D-S-Q478,False,unresolved,N1-S-Q478,False,unresolved,N2-S-Q478,False,unresolved,N3-S-Q478,False,unresolved
Q483,Corona Health Sanctuary,Q483,D-S-Q483,False,unstable,N1g2-164,True,grouped,N2-110,True,grouped,N3-S-Q483,False,robust_isolated
Q484,Edgemere Urban Renewal Park,Q484,D-S-Q484,False,unstable,N1g2-300,True,grouped,N2-285,True,grouped,N3-S-Q484,False,robust_isolated
Q486,B.C.C.A. Mini-park and Garden,Q486,D-S-Q486,False,robust_isolated,N1-S-Q486,False,robust_isolated,N2-S-Q486,False,robust_isolated,N3-S-Q486,False,robust_isolated
Q487,Block Association #81,Q487,D-S-Q487,False,unstable,N1-S-Q487,False,unstable,N2-S-Q487,False,robust_isolated,N3-S-Q487,False,robust_isolated
Q488,George Eagle Carr Community Garden,Q488,D-S-Q488,False,unstable,N1-S-Q488,False,unstable,N2-S-Q488,False,robust_isolated,N3-S-Q488,False,robust_isolated
Q489,George Washington Carver Botanical Garden,Q489,D-285,True,grouped,N1g2-100,True,grouped,N2-114,True,grouped,N3-S-Q489,False,robust_isolated
Q490,Locust Manor Civic Association,Q490,D-305,True,grouped,N1-S-Q490,False,unstable,N2-S-Q490,False,robust_isolated,N3-S-Q490,False,robust_isolated
Q491,Carlos R. Lillo Park,Q491,D-S-Q491,False,unstable,N1-S-Q491,False,unstable,N2-S-Q491,False,robust_isolated,N3-S-Q491,False,robust_isolated
Q492,Elmhurst Park,Q492,D-172,True,grouped,N1g2-156,True,grouped,N2-166,True,grouped,N3-S-Q492,False,robust_isolated
Q493,Discovery Garden,Q493,D-301,True,grouped,N1g2-100,True,grouped,N2-114,True,grouped,N3-S-Q493,False,robust_isolated
Q494,Flight 587 Memorial Park,Q494,D-S-Q494,False,beyond_walk_limit,N1-S-Q494,False,robust_isolated,N2-S-Q494,False,robust_isolated,N3-S-Q494,False,robust_isolated
Q495,97th Street Block Association,Q495,D-077,True,grouped,N1g2-066,True,grouped,N2-169,True,grouped,N3-S-Q495,False,robust_isolated
Q496,Park at Beach 108 Street,Q496,D-116,True,grouped,N1-S-Q496,False,unstable,N2-S-Q496,False,unstable,N3-S-Q496,False,unstable
Q497,Lewis H Latimer House,Q497,D-166,True,grouped,N1-S-Q497,False,unstable,N2-259,True,grouped,N3-S-Q497,False,robust_isolated
Q498,Sunset Cove Park,Q498,D-120,True,grouped,N1-S-Q498,False,unstable,N2-116,True,grouped,N3-S-Q498,False,robust_isolated
Q499,Bay Breeze Park,Q499,D-S-Q499,False,unstable,N1-S-Q499,False,unstable,N2-175,True,grouped,N3-S-Q499,False,unstable
Q500,Park,Q500,D-S-Q500,False,unstable,N1-S-Q500,False,unstable,N2-S-Q500,False,unstable,N3-S-Q500,False,unstable
Q501,Sergeant Collins Triangle,Q501,D-S-Q501,False,unstable,N1g2-165,True,grouped,N2-S-Q501,False,unstable,N3-S-Q501,False,robust_isolated
Q502,Rory Staunton Field,Q502,D-162,True,grouped,N1g2-161,True,grouped,N2-170,True,grouped,N3-S-Q502,False,unstable
Q503,Garden,Q503,D-052,True,grouped,N1g2-259,True,grouped,N2-051,True,grouped,N3-S-Q503,False,robust_isolated
Q504,Park,Q504,D-056,True,grouped,N1g2-019,True,grouped,N2-S-Q504,False,unstable,N3-S-Q504,False,robust_isolated
Q505,Culinary Kids Garden,Q505,D-052,True,grouped,N1-S-Q505,False,unstable,N2-051,True,grouped,N3-S-Q505,False,robust_isolated
Q506,Gateway Park,Q506,D-S-Q506,False,unstable,N1-S-Q506,False,unstable,N2-S-Q506,False,unstable,N3-S-Q506,False,robust_isolated
Q507,Windmill Community Garden,Q507,D-S-Q507,False,unstable,N1-S-Q507,False,unstable,N2-S-Q507,False,robust_isolated,N3-S-Q507,False,robust_isolated
Q508,Park,Q508,D-120,True,grouped,N1g2-174,True,grouped,N2-116,True,grouped,N3-S-Q508,False,robust_isolated
Q509,Nameoke Park,Q509,D-S-Q509,False,unstable,N1-S-Q509,False,unstable,N2-S-Q509,False,robust_isolated,N3-S-Q509,False,robust_isolated
Q511,Edgemere Coalition,Q511,D-S-Q511,False,unstable,N1g2-302,True,grouped,N2-287,True,grouped,N3-041,True,grouped
Q512,Garden,Q512,D-S-Q512,False,unstable,N1-S-Q512,False,robust_isolated,N2-S-Q512,False,robust_isolated,N3-S-Q512,False,robust_isolated
Q514,Woodside Houses Park,Q514,D-296,True,grouped,N1g2-290,True,grouped,N2-272,True,grouped,N3-S-Q514,False,robust_isolated
Q515,Legacy Park,Q515,D-S-Q515,False,unstable,N1g2-295,True,grouped,N2-278,True,grouped,N3-S-Q515,False,robust_isolated
Q518,Bay Beach 84 Garden,Q518,D-168,True,grouped,N1-S-Q518,False,unstable,N2-S-Q518,False,robust_isolated,N3-S-Q518,False,robust_isolated
Q519,Laurelton Community Garden of Resilience,Q519,D-S-Q519,False,unstable,N1-S-Q519,False,unstable,N2-260,True,grouped,N3-S-Q519,False,robust_isolated
Q520,Arverne East Nature Preserve,Q520,D-118,True,grouped,N1g2-282,True,grouped,N2-264,True,grouped,N3-S-Q520,False,robust_isolated
Q523,Beach 43rd Street Waterfront Park,Q523,D-S-Q523,False,unstable,N1g2-302,True,grouped,N2-287,True,grouped,N3-041,True,grouped
Q527,LIC Pier,Q527,D-S-Q527,False,unstable,N1g2-260,True,grouped,N2-249,True,grouped,N3-S-Q527,False,beyond_walk_limit
R002,Pleasant Plains Plaza,R002,D-S-R002,False,unstable,N1-S-R002,False,robust_isolated,N2-S-R002,False,robust_isolated,N3-S-R002,False,robust_isolated
R004,Barrett Triangle,R004,D-S-R004,False,unstable,N1g2-303,True,grouped,N2-288,True,grouped,N3-S-R004,False,robust_isolated
R008,Faber Pool and Park,R008,D-S-R008,False,unstable,N1-S-R008,False,unstable,N2-S-R008,False,unstable,N3-S-R008,False,robust_isolated
R009,Amundsen Circle,R009,D-S-R009,False,robust_isolated,N1-S-R009,False,robust_isolated,N2-S-R009,False,robust_isolated,N3-S-R009,False,robust_isolated
R010,Staats Circle,R010,D-306,True,grouped,N1-S-R010,False,unstable,N2-S-R010,False,robust_isolated,N3-S-R010,False,robust_isolated
R011,Hero Park,R011,D-307,True,grouped,N1-S-R011,False,unstable,N2-289,True,grouped,N3-S-R011,False,robust_isolated
R012,John E. White Park,R012,D-308,True,grouped,N1-S-R012,False,unstable,N2-S-R012,False,robust_isolated,N3-S-R012,False,robust_isolated
R015,Walker Park,R015,D-309,True,grouped,N1-S-R015,False,unstable,N2-S-R015,False,beyond_walk_limit,N3-S-R015,False,robust_isolated
R019,Veterans Park,R019,D-S-R019,False,unstable,N1-S-R019,False,unstable,N2-S-R019,False,robust_isolated,N3-S-R019,False,robust_isolated
R020,Egbert Triangle,R020,D-310,True,grouped,N1g2-304,True,grouped,N2-290,True,grouped,N3-S-R020,False,robust_isolated
R021,Forest Mall,R021,D-307,True,grouped,N1-S-R021,False,unstable,N2-289,True,grouped,N3-S-R021,False,robust_isolated
R024,Tompkinsville Park,R024,D-S-R024,False,unstable,N1-S-R024,False,unstable,N2-S-R024,False,unstable,N3-S-R024,False,robust_isolated
R025,Mahoney Playground,R025,D-311,True,grouped,N1g2-305,True,grouped,N2-291,True,grouped,N3-S-R025,False,robust_isolated
R026,Gerard P. Dugan Playground,R026,D-S-R026,False,robust_isolated,N1-S-R026,False,robust_isolated,N2-S-R026,False,robust_isolated,N3-S-R026,False,robust_isolated
R027#1,Long Pond Park (1/4),R027,D-S-R027#1,False,unstable,N1-S-R027#1,False,unstable,N2-S-R027#1,False,robust_isolated,N3-S-R027#1,False,robust_isolated
R027#2,Long Pond Park (2/4),R027,D-S-R027#2,False,robust_isolated,N1-S-R027#2,False,robust_isolated,N2-S-R027#2,False,robust_isolated,N3-S-R027#2,False,robust_isolated
R027#3,Long Pond Park (3/4),R027,D-312,True,grouped,N1g2-306,True,grouped,N2-292,True,grouped,N3-S-R027#3,False,robust_isolated
R027#4,Long Pond Park (4/4),R027,D-S-R027#4,False,unstable,N1-S-R027#4,False,unstable,N2-S-R027#4,False,unstable,N3-S-R027#4,False,robust_isolated
R027A,Aesop Park,R027A,D-312,True,grouped,N1g2-306,True,grouped,N2-292,True,grouped,N3-S-R027A,False,robust_isolated
R028,Tappen Park,R028,D-313,True,grouped,N1g2-307,True,grouped,N2-293,True,grouped,N3-S-R028,False,robust_isolated
R029,Westerleigh Park,R029,D-S-R029,False,unstable,N1-S-R029,False,unstable,N2-S-R029,False,robust_isolated,N3-S-R029,False,robust_isolated
R032,Maple Woods,R032,D-S-R032,False,unstable,N1-S-R032,False,unstable,N2-S-R032,False,unstable,N3-S-R032,False,robust_isolated
R033,Levy Playground,R033,D-S-R033,False,unstable,N1g2-308,True,grouped,N2-S-R033,False,unstable,N3-S-R033,False,robust_isolated
R034,Austin J. McDonald Playground,R034,D-314,True,grouped,N1g2-309,True,grouped,N2-294,True,grouped,N3-S-R034,False,robust_isolated
R035,De Matti Park,R035,D-S-R035,False,unstable,N1-S-R035,False,unstable,N2-S-R035,False,unstable,N3-S-R035,False,robust_isolated
R036,Bobbie Lewis Jr. Playground,R036,D-S-R036,False,unstable,N1-S-R036,False,unstable,N2-S-R036,False,robust_isolated,N3-S-R036,False,robust_isolated
R037,Liotti Ikefugi Playground,R037,D-S-R037,False,unstable,N1-S-R037,False,unstable,N2-S-R037,False,robust_isolated,N3-S-R037,False,robust_isolated
R038,Midland Playground,R038,D-175,True,grouped,N1-S-R038,False,robust_isolated,N2-S-R038,False,robust_isolated,N3-S-R038,False,robust_isolated
R038A,Midland Field,R038A,D-175,True,grouped,N1-S-R038A,False,robust_isolated,N2-S-R038A,False,robust_isolated,N3-S-R038A,False,robust_isolated
R038B,Park,R038B,D-175,True,grouped,N1-S-R038B,False,robust_isolated,N2-S-R038B,False,robust_isolated,N3-S-R038B,False,robust_isolated
R042,Kaltenmeier Playground,R042,D-S-R042,False,unstable,N1-S-R042,False,unstable,N2-S-R042,False,robust_isolated,N3-S-R042,False,robust_isolated
R045,Schmul Park,R045,D-S-R045,False,unstable,N1-S-R045,False,unstable,N2-S-R045,False,robust_isolated,N3-S-R045,False,robust_isolated
R048,Jones Woods Park,R048,D-315,True,grouped,N1-S-R048,False,robust_isolated,N2-S-R048,False,robust_isolated,N3-S-R048,False,robust_isolated
R050,Forest Grove,R050,D-176,True,grouped,N1g2-175,True,grouped,N2-180,True,grouped,N3-S-R050,False,robust_isolated
R052,Allison Pond Park,R052,D-177,True,grouped,N1g2-310,True,grouped,N2-295,True,grouped,N3-S-R052,False,robust_isolated
R053,Harris Brothers Park,R053,D-316,True,grouped,N1g2-311,True,grouped,N2-296,True,grouped,N3-S-R053,False,robust_isolated
R059,Von Briesen Park,R059,D-308,True,grouped,N1-S-R059,False,unstable,N2-S-R059,False,robust_isolated,N3-S-R059,False,robust_isolated
R060,Dodgers Triangle,R060,D-S-R060,False,unstable,N1-S-R060,False,unstable,N2-S-R060,False,robust_isolated,N3-S-R060,False,robust_isolated
R061,Rev. Dr. Maggie Howard Playground,R061,D-S-R061,False,unstable,N1-S-R061,False,unstable,N2-S-R061,False,unstable,N3-S-R061,False,robust_isolated
R062,Arrochar Playground,R062,D-306,True,grouped,N1-S-R062,False,unstable,N2-S-R062,False,robust_isolated,N3-S-R062,False,robust_isolated
R063,Old Town Playground,R063,D-S-R063,False,robust_isolated,N1-S-R063,False,robust_isolated,N2-S-R063,False,robust_isolated,N3-S-R063,False,robust_isolated
R064,Christopher J. Igneri Playground,R064,D-S-R064,False,unstable,N1-S-R064,False,unstable,N2-S-R064,False,unstable,N3-S-R064,False,robust_isolated
R066,North Shore Esplanade,R066,D-S-R066,False,unstable,N1-S-R066,False,unstable,N2-S-R066,False,unstable,N3-S-R066,False,robust_isolated
R067,Gen. Douglas MacArthur Park,R067,D-S-R067,False,unstable,N1-S-R067,False,robust_isolated,N2-S-R067,False,robust_isolated,N3-S-R067,False,robust_isolated
R068,The Big Park,R068,D-S-R068,False,unstable,N1-S-R068,False,robust_isolated,N2-S-R068,False,robust_isolated,N3-S-R068,False,robust_isolated
R069,Terrace Playground,R069,D-S-R069,False,robust_isolated,N1-S-R069,False,robust_isolated,N2-S-R069,False,robust_isolated,N3-S-R069,False,robust_isolated
R070,Clove's Tail,R070,D-S-R070,False,unstable,N1-S-R070,False,unstable,N2-S-R070,False,robust_isolated,N3-S-R070,False,robust_isolated
R071,Great Kills Veterans Playground,R071,D-S-R071,False,robust_isolated,N1-S-R071,False,robust_isolated,N2-S-R071,False,robust_isolated,N3-S-R071,False,robust_isolated
R072,Clawson Playground,R072,D-S-R072,False,robust_isolated,N1-S-R072,False,robust_isolated,N2-S-R072,False,robust_isolated,N3-S-R072,False,robust_isolated
R073,Naples Playground,R073,D-S-R073,False,unstable,N1-S-R073,False,unstable,N2-S-R073,False,robust_isolated,N3-S-R073,False,robust_isolated
R075A,Father Macris Park,R075A,D-S-R075A,False,robust_isolated,N1-S-R075A,False,robust_isolated,N2-S-R075A,False,robust_isolated,N3-S-R075A,False,robust_isolated
R075B,Westwood Park,R075B,D-S-R075B,False,unstable,N1-S-R075B,False,unstable,N2-S-R075B,False,robust_isolated,N3-S-R075B,False,robust_isolated
R075C,Ingram Woods,R075C,D-S-R075C,False,unstable,N1-S-R075C,False,unstable,N2-S-R075C,False,unstable,N3-S-R075C,False,robust_isolated
R075E,Park,R075E,D-317,True,grouped,N1g2-312,True,grouped,N2-297,True,grouped,N3-S-R075E,False,robust_isolated
R075F,Park,R075F,D-317,True,grouped,N1g2-312,True,grouped,N2-297,True,grouped,N3-S-R075F,False,robust_isolated
R075G,Bradys Pond Park,R075G,D-S-R075G,False,unstable,N1-S-R075G,False,unstable,N2-S-R075G,False,robust_isolated,N3-S-R075G,False,robust_isolated
R076,Markham Playground,R076,D-310,True,grouped,N1g2-304,True,grouped,N2-290,True,grouped,N3-S-R076,False,robust_isolated
R077,St. George Park,R077,D-S-R077,False,unstable,N1g2-303,True,grouped,N2-288,True,grouped,N3-S-R077,False,robust_isolated
R078,Northerleigh Park,R078,D-S-R078,False,unstable,N1-S-R078,False,unstable,N2-S-R078,False,robust_isolated,N3-S-R078,False,robust_isolated
R080,Annadale Green,R080,D-S-R080,False,unstable,N1-S-R080,False,unstable,N2-S-R080,False,unstable,N3-S-R080,False,robust_isolated
R085,E.M.T. Christopher J. Prescott Playground,R085,D-178,True,grouped,N1-S-R085,False,unstable,N2-298,True,grouped,N3-S-R085,False,robust_isolated
R086,Davis Playground,R086,D-311,True,grouped,N1g2-305,True,grouped,N2-291,True,grouped,N3-S-R086,False,robust_isolated
R087,Dongan Playground,R087,D-S-R087,False,unstable,N1-S-R087,False,unstable,N2-S-R087,False,robust_isolated,N3-S-R087,False,robust_isolated
R088,High Rock Park,R088,D-S-R088,False,unstable,N1-S-R088,False,robust_isolated,N2-S-R088,False,unstable,N3-S-R088,False,robust_isolated
R089,Greencroft Playground,R089,D-S-R089,False,unstable,N1-S-R089,False,robust_isolated,N2-S-R089,False,robust_isolated,N3-S-R089,False,robust_isolated
R090,Lieutenant John H. Martinson Playground,R090,D-S-R090,False,unstable,N1-S-R090,False,robust_isolated,N2-S-R090,False,robust_isolated,N3-S-R090,False,robust_isolated
R094,Park,R094,D-316,True,grouped,N1g2-311,True,grouped,N2-296,True,grouped,N3-S-R094,False,robust_isolated
R095,Park,R095,D-318,True,grouped,N1g2-313,True,grouped,N2-299,True,grouped,N3-S-R095,False,robust_isolated
R096,Park,R096,D-318,True,grouped,N1g2-313,True,grouped,N2-299,True,grouped,N3-S-R096,False,robust_isolated
R097,Ida Court,R097,D-319,True,grouped,N1g2-101,True,grouped,N2-300,True,grouped,N3-S-R097,False,robust_isolated
R098,Park,R098,D-319,True,grouped,N1g2-101,True,grouped,N2-S-R098,False,unstable,N3-S-R098,False,robust_isolated
R099,Park,R099,D-S-R099,False,unstable,N1g2-101,True,grouped,N2-300,True,grouped,N3-S-R099,False,robust_isolated
R100,Drumgoole Tot Lot,R100,D-S-R100,False,unstable,N1g2-314,True,grouped,N2-S-R100,False,unstable,N3-S-R100,False,robust_isolated
R101,Wegener Park,R101,D-S-R101,False,unstable,N1-S-R101,False,unstable,N2-S-R101,False,unstable,N3-S-R101,False,robust_isolated
R102,Park,R102,D-320,True,grouped,N1-S-R102,False,unstable,N2-S-R102,False,unstable,N3-S-R102,False,robust_isolated
R103,Park,R103,D-320,True,grouped,N1g2-101,True,grouped,N2-S-R103,False,unstable,N3-S-R103,False,robust_isolated
R105,Prall Playground,R105,D-314,True,grouped,N1g2-309,True,grouped,N2-294,True,grouped,N3-S-R105,False,robust_isolated
R107,New Dorp Park,R107,D-S-R107,False,robust_isolated,N1-S-R107,False,robust_isolated,N2-S-R107,False,robust_isolated,N3-S-R107,False,robust_isolated
R109,CPL. Thompson Park,R109,D-S-R109,False,unstable,N1-S-R109,False,unstable,N2-S-R109,False,unstable,N3-S-R109,False,robust_isolated
R111,Lt. Lia Playground,R111,D-S-R111,False,unstable,N1-S-R111,False,unstable,N2-S-R111,False,unstable,N3-S-R111,False,robust_isolated
R112#17,Meredith Woods (17/25),R112,D-S-R112#17,False,unstable,N1-S-R112#17,False,unstable,N2-S-R112#17,False,robust_isolated,N3-S-R112#17,False,robust_isolated
R112#18,Meredith Woods (18/25),R112,D-321,True,grouped,N1-S-R112#18,False,robust_isolated,N2-S-R112#18,False,robust_isolated,N3-S-R112#18,False,robust_isolated
R112#21,Meredith Woods (21/25),R112,D-S-R112#21,False,unresolved,N1-S-R112#21,False,unresolved,N2-S-R112#21,False,unresolved,N3-S-R112#21,False,unresolved
R112#22,Meredith Woods (22/25),R112,D-S-R112#22,False,unresolved,N1-S-R112#22,False,unresolved,N2-S-R112#22,False,unresolved,N3-S-R112#22,False,unresolved
R112#24,Meredith Woods (24/25),R112,D-S-R112#24,False,unstable,N1-S-R112#24,False,unstable,N2-301,True,grouped,N3-S-R112#24,False,unstable
R112#4,Meredith Woods (4/25),R112,D-S-R112#4,False,unstable,N1-S-R112#4,False,robust_isolated,N2-S-R112#4,False,robust_isolated,N3-S-R112#4,False,robust_isolated
R112#6,Meredith Woods (6/25),R112,D-S-R112#6,False,unstable,N1-S-R112#6,False,robust_isolated,N2-S-R112#6,False,robust_isolated,N3-S-R112#6,False,robust_isolated
R112#7,Meredith Woods (7/25),R112,D-S-R112#7,False,unstable,N1-S-R112#7,False,unstable,N2-S-R112#7,False,unstable,N3-042,True,grouped
R112#9,Meredith Woods (9/25),R112,D-S-R112#9,False,unstable,N1-S-R112#9,False,robust_isolated,N2-S-R112#9,False,robust_isolated,N3-S-R112#9,False,robust_isolated
R114,Jennifer's Playground,R114,D-S-R114,False,robust_isolated,N1-S-R114,False,unstable,N2-S-R114,False,robust_isolated,N3-S-R114,False,robust_isolated
R115,Deere Park,R115,D-S-R115,False,unstable,N1-S-R115,False,robust_isolated,N2-S-R115,False,robust_isolated,N3-S-R115,False,robust_isolated
R116,Snug Harbor Cultural Center,R116,D-309,True,grouped,N1g2-310,True,grouped,N2-295,True,grouped,N3-S-R116,False,robust_isolated
R117,Alice Austen Park,R117,D-S-R117,False,unstable,N1-S-R117,False,unstable,N2-S-R117,False,robust_isolated,N3-S-R117,False,robust_isolated
R118,Reed's Basket Willow Swamp Park,R118,D-S-R118,False,unstable,N1-S-R118,False,robust_isolated,N2-S-R118,False,robust_isolated,N3-S-R118,False,robust_isolated
R121,Siedenburg Park,R121,D-S-R121,False,unstable,N1-S-R121,False,unstable,N2-S-R121,False,unstable,N3-S-R121,False,robust_isolated
R123,Cottages Hill New Brighton Park,R123,D-315,True,grouped,N1-S-R123,False,robust_isolated,N2-S-R123,False,robust_isolated,N3-S-R123,False,robust_isolated
R124,Eibs Pond Park,R124,D-S-R124,False,unstable,N1-S-R124,False,unstable,N2-117,True,grouped,N3-S-R124,False,robust_isolated
R125,Lopez Playground,R125,D-S-R125,False,unstable,N1g2-315,True,grouped,N2-117,True,grouped,N3-S-R125,False,robust_isolated
R126,Gaeta Park,R126,D-S-R126,False,robust_isolated,N1-S-R126,False,unstable,N2-S-R126,False,unstable,N3-S-R126,False,robust_isolated
R127,Joseph Manna Park,R127,D-176,True,grouped,N1g2-175,True,grouped,N2-180,True,grouped,N3-S-R127,False,robust_isolated
R128,Shooters Island,R128,D-S-R128,False,unresolved,N1-S-R128,False,unresolved,N2-S-R128,False,unresolved,N3-S-R128,False,unresolved
R131,Huguenot Ponds Park,R131,D-S-R131,False,unstable,N1-S-R131,False,unstable,N2-S-R131,False,robust_isolated,N3-S-R131,False,robust_isolated
R132,Bunker Ponds Park,R132,D-178,True,grouped,N1-S-R132,False,unstable,N2-298,True,grouped,N3-S-R132,False,robust_isolated
R133,Arbutus Woods Park,R133,D-S-R133,False,unstable,N1-S-R133,False,robust_isolated,N2-S-R133,False,robust_isolated,N3-S-R133,False,robust_isolated
R136,Hybrid Oak Woods Park,R136,D-S-R136,False,robust_isolated,N1-S-R136,False,robust_isolated,N2-S-R136,False,robust_isolated,N3-S-R136,False,robust_isolated
R137,Bayview Terrace Park,R137,D-322,True,grouped,N1-S-R137,False,robust_isolated,N2-S-R137,False,robust_isolated,N3-S-R137,False,robust_isolated
R137A,Garden,R137A,D-322,True,grouped,N1-S-R137A,False,robust_isolated,N2-S-R137A,False,robust_isolated,N3-S-R137A,False,robust_isolated
R138,Kingdom Pond Park,R138,D-178,True,grouped,N1-S-R138,False,unstable,N2-S-R138,False,robust_isolated,N3-S-R138,False,robust_isolated
R139,Tottenville Shore Park,R139,D-S-R139,False,robust_isolated,N1-S-R139,False,robust_isolated,N2-S-R139,False,robust_isolated,N3-S-R139,False,robust_isolated
R140,King Fisher Park,R140,D-S-R140,False,unstable,N1-S-R140,False,unstable,N2-S-R140,False,unstable,N3-S-R140,False,robust_isolated
R141,Graniteville Swamp Park,R141,D-176,True,grouped,N1g2-175,True,grouped,N2-180,True,grouped,N3-S-R141,False,robust_isolated
R144,Sobel Court Park,R144,D-S-R144,False,unstable,N1-S-R144,False,unstable,N2-117,True,grouped,N3-S-R144,False,robust_isolated
R145,Seaside Wildlife Nature Park,R145,D-S-R145,False,robust_isolated,N1-S-R145,False,robust_isolated,N2-S-R145,False,robust_isolated,N3-S-R145,False,robust_isolated
R146,Joe Holzka Community Garden,R146,D-S-R146,False,unstable,N1g2-308,True,grouped,N2-S-R146,False,unstable,N3-S-R146,False,robust_isolated
R147,South Beach Wetlands,R147,D-S-R147,False,unresolved,N1-S-R147,False,unresolved,N2-S-R147,False,unresolved,N3-S-R147,False,unresolved
R148,Last Chance Pond Park,R148,D-S-R148,False,unstable,N1-S-R148,False,unstable,N2-S-R148,False,robust_isolated,N3-S-R148,False,robust_isolated
R150,Graniteville Quarry Park,R150,D-S-R150,False,unstable,N1-S-R150,False,unstable,N2-S-R150,False,robust_isolated,N3-S-R150,False,robust_isolated
R151,Isle Of Meadows,R151,D-S-R151,False,unresolved,N1-S-R151,False,unresolved,N2-S-R151,False,unresolved,N3-S-R151,False,unresolved
R152,Carlton Park,R152,D-S-R152,False,unstable,N1g2-314,True,grouped,N2-S-R152,False,unstable,N3-S-R152,False,robust_isolated
R153,Fairview Park,R153,D-S-R153,False,unstable,N1-S-R153,False,unstable,N2-S-R153,False,robust_isolated,N3-S-R153,False,robust_isolated
R156,Sylvan Grove Cemetery,R156,D-S-R156,False,unstable,N1-S-R156,False,unstable,N2-301,True,grouped,N3-S-R156,False,robust_isolated
R158,Fort Hill Park,R158,D-S-R158,False,unstable,N1-S-R158,False,unstable,N2-S-R158,False,robust_isolated,N3-S-R158,False,robust_isolated
R159,Old Place Creek Park,R159,D-S-R159,False,robust_isolated,N1-S-R159,False,robust_isolated,N2-S-R159,False,robust_isolated,N3-S-R159,False,robust_isolated
R160,Heritage Park,R160,D-S-R160,False,unstable,N1-S-R160,False,robust_isolated,N2-S-R160,False,robust_isolated,N3-S-R160,False,robust_isolated
R161,Laredo Avenue Parcel,R161,D-S-R161,False,unstable,N1-S-R161,False,unstable,N2-S-R161,False,unstable,N3-S-R161,False,robust_isolated
R162,Olmsted-Beil House Park,R162,D-S-R162,False,unstable,N1-S-R162,False,unstable,N2-S-R162,False,robust_isolated,N3-S-R162,False,robust_isolated
R163,Meredith Woods,R163,D-321,True,grouped,N1-S-R163,False,unstable,N2-S-R163,False,unstable,N3-042,True,grouped
R164,Targee Street Triangle,R164,D-S-R164,False,unstable,N1g2-315,True,grouped,N2-117,True,grouped,N3-S-R164,False,robust_isolated
R165,Blueberry Park,R165,D-S-R165,False,unstable,N1-S-R165,False,unstable,N2-S-R165,False,robust_isolated,N3-S-R165,False,robust_isolated
R166,Manor Park,R166,D-S-R166,False,unstable,N1-S-R166,False,robust_isolated,N2-S-R166,False,unstable,N3-S-R166,False,robust_isolated
R167,Richmond Terrace Park,R167,D-S-R167,False,unstable,N1-S-R167,False,unstable,N2-S-R167,False,unstable,N3-S-R167,False,robust_isolated
R168,Park,R168,D-S-R168,False,robust_isolated,N1-S-R168,False,robust_isolated,N2-S-R168,False,robust_isolated,N3-S-R168,False,robust_isolated
R169,Goodhue Park,R169,D-177,True,grouped,N1-S-R169,False,unstable,N2-S-R169,False,robust_isolated,N3-S-R169,False,robust_isolated
R170,Stapleton Esplanade,R170,D-313,True,grouped,N1g2-307,True,grouped,N2-293,True,grouped,N3-S-R170,False,robust_isolated
R173,Snug Harbor Cemetery,R173,D-177,True,grouped,N1-S-R173,False,robust_isolated,N2-S-R173,False,robust_isolated,N3-S-R173,False,robust_isolated
X001,Aqueduct Walk,X001,D-057,True,grouped,N1g2-102,True,grouped,N2-118,True,grouped,N3-S-X001,False,robust_isolated
X001A#1,Aqueduct Walk (1/5),X001A,D-024,True,grouped,N1g2-176,True,grouped,N2-119,True,grouped,N3-S-X001A#1,False,robust_isolated
X001A#2,Aqueduct Walk (2/5),X001A,D-S-X001A#2,False,unstable,N1-S-X001A#2,False,unstable,N2-S-X001A#2,False,robust_isolated,N3-S-X001A#2,False,robust_isolated
X001A#3,Aqueduct Walk (3/5),X001A,D-057,True,grouped,N1g2-102,True,grouped,N2-118,True,grouped,N3-S-X001A#3,False,robust_isolated
X001A#4,Aqueduct Walk (4/5),X001A,D-323,True,grouped,N1-S-X001A#4,False,unstable,N2-302,True,grouped,N3-S-X001A#4,False,robust_isolated
X001A#5,Aqueduct Walk (5/5),X001A,D-S-X001A#5,False,unstable,N1-S-X001A#5,False,unstable,N2-S-X001A#5,False,unstable,N3-S-X001A#5,False,robust_isolated
X001B,Barnhill Square,X001B,D-324,True,grouped,N1-S-X001B,False,unstable,N2-181,True,grouped,N3-S-X001B,False,robust_isolated
X005,Bryan Park,X005,D-S-X005,False,unstable,N1-S-X005,False,unstable,N2-120,True,grouped,N3-S-X005,False,robust_isolated
X006,Bergen Triangle,X006,D-024,True,grouped,N1g2-177,True,grouped,N2-182,True,grouped,N3-S-X006,False,robust_isolated
X007,Castle Hill Park,X007,D-S-X007,False,unstable,N1-S-X007,False,unstable,N2-S-X007,False,unstable,N3-S-X007,False,robust_isolated
X008,Claremont Park,X008,D-121,True,grouped,N1g2-028,True,grouped,N2-121,True,grouped,N3-S-X008,False,robust_isolated
X009,Monsignor Raul Del Valle Square,X009,D-025,True,grouped,N1-S-X009,False,unstable,N2-020,True,grouped,N3-S-X009,False,robust_isolated
X010A,Walter Gladwin Park,X010A,D-037,True,grouped,N1g2-178,True,grouped,N2-303,True,grouped,N3-S-X010A,False,robust_isolated
X011#1,Crotona Parkway Malls (1/3),X011,D-011,True,grouped,N1g2-007,True,grouped,N2-006,True,grouped,N3-S-X011#1,False,robust_isolated
X011#2,Crotona Parkway Malls (2/3),X011,D-058,True,grouped,N1g2-020,True,grouped,N2-034,True,grouped,N3-S-X011#2,False,robust_isolated
X011#3,Crotona Parkway Malls (3/3),X011,D-011,True,grouped,N1g2-007,True,grouped,N2-006,True,grouped,N3-S-X011#3,False,robust_isolated
X012,Church Triangle,X012,D-S-X012,False,unstable,N1-S-X012,False,beyond_walk_limit,N2-S-X012,False,unstable,N3-S-X012,False,robust_isolated
X013,Devoe Park,X013,D-057,True,grouped,N1g2-102,True,grouped,N2-118,True,grouped,N3-S-X013,False,robust_isolated
X014,Horseshoe Playground,X014,D-179,True,grouped,N1-S-X014,False,unstable,N2-304,True,grouped,N3-S-X014,False,robust_isolated
X015,Joseph Rodman Drake Park & Enslaved African Burial Ground,X015,D-S-X015,False,unstable,N1g2-316,True,grouped,N2-S-X015,False,unstable,N3-S-X015,False,robust_isolated
X016,Owen F. Dolen Park,X016,D-S-X016,False,unstable,N1-S-X016,False,unstable,N2-183,True,grouped,N3-S-X016,False,robust_isolated
X017,Richman (Echo) Park,X017,D-325,True,grouped,N1-S-X017,False,unstable,N2-184,True,grouped,N3-S-X017,False,robust_isolated
X018,Echo Triangle,X018,D-S-X018,False,unstable,N1g2-317,True,grouped,N2-305,True,grouped,N3-S-X018,False,robust_isolated
X019,Ewen Park,X019,D-S-X019,False,unstable,N1-S-X019,False,unstable,N2-S-X019,False,unstable,N3-S-X019,False,robust_isolated
X020,Fort Independence Playground,X020,D-S-X020,False,unstable,N1-S-X020,False,unstable,N2-S-X020,False,unstable,N3-S-X020,False,robust_isolated
X021,Drew Playground,X021,D-180,True,grouped,N1g2-318,True,grouped,N2-S-X021,False,unstable,N3-043,True,grouped
X022,Benjamin Gladstone Square,X022,D-025,True,grouped,N1g2-029,True,grouped,N2-020,True,grouped,N3-S-X022,False,robust_isolated
X023,Graham Triangle,X023,D-S-X023,False,unstable,N1g2-319,True,grouped,N2-150,True,grouped,N3-S-X023,False,robust_isolated
X025,Hugh J. Grant Circle,X025,D-079,True,grouped,N1g2-179,True,grouped,N2-021,True,grouped,N3-S-X025,False,robust_isolated
X026,Hines Park,X026,D-059,True,grouped,N1g2-030,True,grouped,N2-035,True,grouped,N3-S-X026,False,robust_isolated
X028,Joyce Kilmer Park,X028,D-181,True,grouped,N1g2-180,True,grouped,N2-185,True,grouped,N3-S-X028,False,robust_isolated
X029,Lyons Square Playground,X029,D-025,True,grouped,N1g2-029,True,grouped,N2-020,True,grouped,N3-S-X029,False,unstable
X030,Macombs Dam Park,X030,D-038,True,grouped,N1g2-031,True,grouped,N2-054,True,grouped,N3-S-X030,False,robust_isolated
X031,McKinley Square,X031,D-180,True,grouped,N1g2-320,True,grouped,N2-035,True,grouped,N3-S-X031,False,robust_isolated
X032,Railroad Park,X032,D-060,True,grouped,N1g2-008,True,grouped,N2-007,True,grouped,N3-S-X032,False,robust_isolated
X033#1,Mosholu Parkway (1/5),X033,D-061,True,grouped,N1-S-X033#1,False,unstable,N2-306,True,grouped,N3-S-X033#1,False,robust_isolated
X033#2,Mosholu Parkway (2/5),X033,D-182,True,grouped,N1-S-X033#2,False,unstable,N2-S-X033#2,False,unstable,N3-S-X033#2,False,robust_isolated
X033#3,Mosholu Parkway (3/5),X033,D-061,True,grouped,N1g2-321,True,grouped,N2-307,True,grouped,N3-S-X033#3,False,robust_isolated
X033#4,Mosholu Parkway (4/5),X033,D-182,True,grouped,N1-S-X033#4,False,unstable,N2-074,True,grouped,N3-S-X033#4,False,robust_isolated
X033#5,Mosholu Parkway (5/5),X033,D-061,True,grouped,N1g2-322,True,grouped,N2-074,True,grouped,N3-S-X033#5,False,robust_isolated
X034,Rev. T. Wendell Foster Park and Recreation Center,X034,D-038,True,grouped,N1g2-031,True,grouped,N2-054,True,grouped,N3-S-X034,False,robust_isolated
X035,Muller Triangle,X035,D-057,True,grouped,N1g2-323,True,grouped,N2-120,True,grouped,N3-S-X035,False,beyond_walk_limit
X036,Murphy Triangle,X036,D-183,True,grouped,N1g2-103,True,grouped,N2-186,True,grouped,N3-S-X036,False,robust_isolated
X037,O'Brien Oval,X037,D-325,True,grouped,N1-S-X037,False,unstable,N2-184,True,grouped,N3-S-X037,False,unstable
X038,Washington's Walk,X038,D-S-X038,False,unstable,N1g2-181,True,grouped,N2-181,True,grouped,N3-S-X038,False,unstable
X040,Poe Park,X040,D-324,True,grouped,N1-S-X040,False,unstable,N2-120,True,grouped,N3-S-X040,False,robust_isolated
X041,Pulaski Park,X041,D-S-X041,False,unstable,N1-S-X041,False,unstable,N2-S-X041,False,unstable,N3-S-X041,False,robust_isolated
X042,Rose Hill Park,X042,D-S-X042,False,unstable,N1-S-X042,False,unstable,N2-122,True,grouped,N3-S-X042,False,unstable
X043,Ryan Triangle,X043,D-184,True,grouped,N1g2-324,True,grouped,N2-187,True,grouped,N3-S-X043,False,robust_isolated
X044,St. James Park,X044,D-057,True,grouped,N1g2-323,True,grouped,N2-120,True,grouped,N3-S-X044,False,unstable
X045,St. Mary's Park,X045,D-326,True,grouped,N1g2-104,True,grouped,N2-308,True,grouped,N3-S-X045,False,robust_isolated
X046,Seton Falls Park,X046,D-327,True,grouped,N1-S-X046,False,unstable,N2-S-X046,False,robust_isolated,N3-S-X046,False,robust_isolated
X047,Franz Sigel Park,X047,D-181,True,grouped,N1g2-180,True,grouped,N2-185,True,grouped,N3-S-X047,False,unstable
X049,Schneider Sampson Square,X049,D-328,True,grouped,N1-S-X049,False,unstable,N2-309,True,grouped,N3-S-X049,False,robust_isolated
X051,University Woods,X051,D-185,True,grouped,N1-S-X051,False,unstable,N2-310,True,grouped,N3-S-X051,False,robust_isolated
X052,Triangle,X052,D-060,True,grouped,N1g2-008,True,grouped,N2-007,True,grouped,N3-S-X052,False,unstable
X053,O'Neill Triangle,X053,D-060,True,grouped,N1g2-008,True,grouped,N2-007,True,grouped,N3-S-X053,False,robust_isolated
X055,Brust Park,X055,D-S-X055,False,unstable,N1-S-X055,False,unstable,N2-311,True,grouped,N3-S-X055,False,robust_isolated
X056,Park,X056,D-080,True,grouped,N1g2-030,True,grouped,N2-188,True,grouped,N3-S-X056,False,robust_isolated
X057,Michel Triangle,X057,D-121,True,grouped,N1-S-X057,False,unstable,N2-121,True,grouped,N3-S-X057,False,robust_isolated
X058,Keltch Park,X058,D-S-X058,False,unstable,N1-S-X058,False,beyond_walk_limit,N2-003,True,grouped,N3-S-X058,False,robust_isolated
X059,Sergeant Johnson Triangle,X059,D-S-X059,False,unstable,N1-S-X059,False,unstable,N2-S-X059,False,unstable,N3-S-X059,False,unstable
X060,Sheridan Triangle,X060,D-S-X060,False,unstable,N1-S-X060,False,unstable,N2-S-X060,False,unstable,N3-S-X060,False,robust_isolated
X061,Flood Triangle,X061,D-329,True,grouped,N1g2-182,True,grouped,N2-312,True,grouped,N3-S-X061,False,robust_isolated
X062,Beatty Plaza,X062,D-180,True,grouped,N1-S-X062,False,unstable,N2-035,True,grouped,N3-S-X062,False,robust_isolated
X063,Martin Luther King Triangle,X063,D-S-X063,False,unstable,N1-S-X063,False,unstable,N2-S-X063,False,unstable,N3-S-X063,False,robust_isolated
X064,Bryant Triangle,X064,D-025,True,grouped,N1g2-029,True,grouped,N2-020,True,grouped,N3-S-X064,False,robust_isolated
X065,Woodrow Wilson Triangle,X065,D-330,True,grouped,N1g2-183,True,grouped,N2-313,True,grouped,N3-S-X065,False,robust_isolated
X067,Martin Luther King Triangle,X067,D-S-X067,False,unstable,N1g2-067,True,grouped,N2-189,True,grouped,N3-S-X067,False,unstable
X068,D'Auria-Murphy Triangle,X068,D-122,True,grouped,N1g2-182,True,grouped,N2-123,True,grouped,N3-S-X068,False,robust_isolated
X069,Hutton Triangle,X069,D-122,True,grouped,N1g2-103,True,grouped,N2-123,True,grouped,N3-S-X069,False,robust_isolated
X070,Heath Triangle,X070,D-331,True,grouped,N1g2-184,True,grouped,N2-190,True,grouped,N3-009,True,grouped
X071,Whalen Grove,X071,D-122,True,grouped,N1g2-325,True,grouped,N2-123,True,grouped,N3-S-X071,False,unstable
X073,Young Park,X073,D-S-X073,False,unstable,N1g2-185,True,grouped,N2-S-X073,False,unstable,N3-S-X073,False,unstable
X077,Featherbed Triangle,X077,D-015,True,grouped,N1g2-186,True,grouped,N2-022,True,grouped,N3-S-X077,False,robust_isolated
X078,Franklin Triangle,X078,D-080,True,grouped,N1g2-030,True,grouped,N2-188,True,grouped,N3-S-X078,False,robust_isolated
X079,Major General John R Brown Triangle,X079,D-S-X079,False,unstable,N1-S-X079,False,unstable,N2-181,True,grouped,N3-S-X079,False,robust_isolated
X080,Henry Hudson Park,X080,D-062,True,grouped,N1-S-X080,False,unstable,N2-191,True,grouped,N3-S-X080,False,robust_isolated
X081,Mount Eden Malls,X081,D-026,True,grouped,N1g2-028,True,grouped,N2-055,True,grouped,N3-S-X081,False,robust_isolated
X082,University Malls,X082,D-015,True,grouped,N1g2-186,True,grouped,N2-022,True,grouped,N3-S-X082,False,robust_isolated
X084,D'Onofrio Square,X084,D-332,True,grouped,N1g2-187,True,grouped,N2-192,True,grouped,N3-S-X084,False,robust_isolated
X085,Slattery Playground,X085,D-S-X085,False,unstable,N1-S-X085,False,unstable,N2-S-X085,False,unstable,N3-S-X085,False,robust_isolated
X086,Charlton-Thompson Garden,X086,D-080,True,grouped,N1g2-030,True,grouped,N2-188,True,grouped,N3-S-X086,False,robust_isolated
X087,Zimmerman Playground,X087,D-S-X087,False,unstable,N1g2-326,True,grouped,N2-314,True,grouped,N3-S-X087,False,robust_isolated
X088,Pugsley Creek Park,X088,D-330,True,grouped,N1g2-183,True,grouped,N2-313,True,grouped,N3-S-X088,False,robust_isolated
X088A,Waterfront Garden,X088A,D-S-X088A,False,unstable,N1g2-327,True,grouped,N2-S-X088A,False,unstable,N3-S-X088A,False,robust_isolated
X088B,Clason Point Park,X088B,D-S-X088B,False,unstable,N1-S-X088B,False,unstable,N2-S-X088B,False,robust_isolated,N3-S-X088B,False,robust_isolated
X090,Spuyten Duyvil Shorefront Park,X090,D-062,True,grouped,N1-S-X090,False,unstable,N2-191,True,grouped,N3-S-X090,False,robust_isolated
X091,Park,X091,D-062,True,grouped,N1-S-X091,False,unstable,N2-S-X091,False,unstable,N3-S-X091,False,robust_isolated
X093,Van Nest Park,X093,D-S-X093,False,unstable,N1-S-X093,False,unstable,N2-S-X093,False,unstable,N3-S-X093,False,robust_isolated
X094,Bridge Park,X094,D-S-X094,False,unstable,N1-S-X094,False,unstable,N2-S-X094,False,unstable,N3-S-X094,False,robust_isolated
X095,Marcus Garvey Square,X095,D-332,True,grouped,N1g2-187,True,grouped,N2-192,True,grouped,N3-S-X095,False,robust_isolated
X096,Rita Ley Triangle,X096,D-S-X096,False,robust_isolated,N1-S-X096,False,robust_isolated,N2-S-X096,False,robust_isolated,N3-S-X096,False,robust_isolated
X101A,Samuel H. Young Park,X101A,D-333,True,grouped,N1-S-X101A,False,unstable,N2-183,True,grouped,N3-S-X101A,False,robust_isolated
X102,Ciccarone Park,X102,D-S-X102,False,unstable,N1g2-182,True,grouped,N2-312,True,grouped,N3-S-X102,False,robust_isolated
X103,People's Park,X103,D-063,True,grouped,N1g2-105,True,grouped,N2-S-X103,False,unstable,N3-S-X103,False,unstable
X104,Williamsbridge Oval,X104,D-061,True,grouped,N1-S-X104,False,unstable,N2-074,True,grouped,N3-S-X104,False,robust_isolated
X105,Jerome Slope,X105,D-038,True,grouped,N1g2-031,True,grouped,N2-054,True,grouped,N3-S-X105,False,robust_isolated
X106,Evelina Antonetty Playground,X106,D-S-X106,False,unstable,N1-S-X106,False,unstable,N2-315,True,grouped,N3-S-X106,False,unstable
X107,Hawkins Park,X107,D-S-X107,False,unstable,N1-S-X107,False,unstable,N2-316,True,grouped,N3-S-X107,False,robust_isolated
X108,Belmont Playground,X108,D-122,True,grouped,N1g2-325,True,grouped,N2-123,True,grouped,N3-S-X108,False,unstable
X110#1,Henry Hudson Parkway (1/8),X110,D-S-X110#1,False,unstable,N1g2-328,True,grouped,N2-075,True,grouped,N3-S-X110#1,False,robust_isolated
X110#2,Henry Hudson Parkway (2/8),X110,D-186,True,grouped,N1g2-106,True,grouped,N2-124,True,grouped,N3-S-X110#2,False,robust_isolated
X110#3,Henry Hudson Parkway (3/8),X110,D-S-X110#3,False,unstable,N1-S-X110#3,False,robust_isolated,N2-S-X110#3,False,robust_isolated,N3-S-X110#3,False,robust_isolated
X110#4,Henry Hudson Parkway (4/8),X110,D-186,True,grouped,N1-S-X110#4,False,unstable,N2-124,True,grouped,N3-S-X110#4,False,robust_isolated
X110#5,Henry Hudson Parkway (5/8),X110,D-062,True,grouped,N1-S-X110#5,False,unstable,N2-191,True,grouped,N3-S-X110#5,False,robust_isolated
X110#6,Henry Hudson Parkway (6/8),X110,D-S-X110#6,False,unstable,N1-S-X110#6,False,unstable,N2-S-X110#6,False,unstable,N3-S-X110#6,False,robust_isolated
X110#7,Henry Hudson Parkway (7/8),X110,D-S-X110#7,False,unstable,N1-S-X110#7,False,unstable,N2-124,True,grouped,N3-S-X110#7,False,robust_isolated
X110#8,Henry Hudson Parkway (8/8),X110,D-187,True,grouped,N1-S-X110#8,False,unstable,N2-075,True,grouped,N3-S-X110#8,False,unstable
X110A,Hackett Park,X110A,D-187,True,grouped,N1g2-328,True,grouped,N2-075,True,grouped,N3-S-X110A,False,robust_isolated
X110B,Phyllis Post Goodman Park,X110B,D-062,True,grouped,N1-S-X110B,False,unstable,N2-317,True,grouped,N3-S-X110B,False,robust_isolated
X110C,Park,X110C,D-062,True,grouped,N1-S-X110C,False,unstable,N2-317,True,grouped,N3-S-X110C,False,robust_isolated
X110D,Bell Tower Park,X110D,D-186,True,grouped,N1-S-X110D,False,unstable,N2-124,True,grouped,N3-S-X110D,False,unstable
X111,Cedar Playground,X111,D-185,True,grouped,N1-S-X111,False,unstable,N2-310,True,grouped,N3-S-X111,False,robust_isolated
X112,Hilton White Playground,X112,D-080,True,grouped,N1-S-X112,False,unstable,N2-076,True,grouped,N3-044,True,grouped
X113,Hunts Point Playground,X113,D-S-X113,False,unstable,N1g2-316,True,grouped,N2-S-X113,False,unstable,N3-S-X113,False,robust_isolated
X114,Goble Playground,X114,D-006,True,grouped,N1g2-329,True,grouped,N2-003,True,grouped,N3-S-X114,False,robust_isolated
X115,Mott Playground,X115,D-S-X115,False,unstable,N1g2-107,True,grouped,N2-S-X115,False,unstable,N3-S-X115,False,unstable
X116,Rev J Polite Playground,X116,D-S-X116,False,unstable,N1-S-X116,False,unstable,N2-S-X116,False,unstable,N3-S-X116,False,robust_isolated
X118A,Harding Park Beautification Project,X118A,D-334,True,grouped,N1-S-X118A,False,unstable,N2-S-X118A,False,robust_isolated,N3-S-X118A,False,robust_isolated
X119,Alexander's Alley,X119,D-063,True,grouped,N1g2-105,True,grouped,N2-193,True,grouped,N3-S-X119,False,unstable
X120,Highbridge Park,X120,D-081,True,grouped,N1g2-067,True,grouped,N2-077,True,grouped,N3-S-X120,False,robust_isolated
X121,Bufano Park,X121,D-S-X121,False,unstable,N1-S-X121,False,unstable,N2-S-X121,False,robust_isolated,N3-S-X121,False,robust_isolated
X122,Colucci Playground,X122,D-S-X122,False,robust_isolated,N1-S-X122,False,unstable,N2-S-X122,False,robust_isolated,N3-S-X122,False,robust_isolated
X123,Noble Playground,X123,D-188,True,grouped,N1g2-108,True,grouped,N2-S-X123,False,unstable,N3-S-X123,False,robust_isolated
X124,Watson Gleason Playground,X124,D-S-X124,False,unstable,N1g2-330,True,grouped,N2-318,True,grouped,N3-S-X124,False,robust_isolated
X129,Devanney Triangle,X129,D-024,True,grouped,N1g2-317,True,grouped,N2-305,True,grouped,N3-S-X129,False,robust_isolated
X130,Barry Plaza,X130,D-026,True,grouped,N1g2-028,True,grouped,N2-055,True,grouped,N3-S-X130,False,robust_isolated
X131,Lozada Playground,X131,D-S-X131,False,unstable,N1-S-X131,False,unstable,N2-319,True,grouped,N3-S-X131,False,unstable
X133,Derosa O'Boyle Triangle,X133,D-S-X133,False,robust_isolated,N1-S-X133,False,unstable,N2-S-X133,False,robust_isolated,N3-S-X133,False,robust_isolated
X134,Freeman Triangle,X134,D-123,True,grouped,N1g2-188,True,grouped,N2-125,True,grouped,N3-S-X134,False,unstable
X136,Harris Park,X136,D-335,True,grouped,N1g2-181,True,grouped,N2-S-X136,False,unstable,N3-S-X136,False,robust_isolated
X137,Jerome Park,X137,D-335,True,grouped,N1g2-181,True,grouped,N2-S-X137,False,unstable,N3-S-X137,False,unstable
X138,Playground One Thirty Four CXXXIV,X138,D-S-X138,False,unstable,N1-S-X138,False,unstable,N2-S-X138,False,unstable,N3-S-X138,False,robust_isolated
X139,Gouverneur Morris Triangle,X139,D-S-X139,False,unstable,N1g2-109,True,grouped,N2-126,True,grouped,N3-S-X139,False,unstable
X141,Rienzi Playground,X141,D-S-X141,False,robust_isolated,N1-S-X141,False,robust_isolated,N2-S-X141,False,robust_isolated,N3-S-X141,False,robust_isolated
X145,La Finca del Sur Community Garden,X145,D-S-X145,False,unstable,N1g2-319,True,grouped,N2-150,True,grouped,N3-S-X145,False,beyond_walk_limit
X146,Flynn Playground,X146,D-005,True,grouped,N1g2-014,True,grouped,N2-012,True,grouped,N3-S-X146,False,unstable
X147A,Starlight Park,X147A,D-123,True,grouped,N1g2-110,True,grouped,N2-125,True,grouped,N3-S-X147A,False,robust_isolated
X147B,Daniel Boone Playground,X147B,D-123,True,grouped,N1g2-188,True,grouped,N2-125,True,grouped,N3-S-X147B,False,robust_isolated
X148A,Park,X148A,D-015,True,grouped,N1g2-331,True,grouped,N2-022,True,grouped,N3-S-X148A,False,robust_isolated
X148A1,Park,X148A1,D-015,True,grouped,N1g2-331,True,grouped,N2-022,True,grouped,N3-S-X148A1,False,unstable
X148A2,Plimpton Playground,X148A2,D-015,True,grouped,N1-S-X148A2,False,unstable,N2-022,True,grouped,N3-S-X148A2,False,robust_isolated
X148A3,Bridge Playground,X148A3,D-015,True,grouped,N1g2-067,True,grouped,N2-077,True,grouped,N3-S-X148A3,False,robust_isolated
X148A4,Park,X148A4,D-015,True,grouped,N1g2-186,True,grouped,N2-022,True,grouped,N3-S-X148A4,False,robust_isolated
X148B,Park,X148B,D-006,True,grouped,N1g2-332,True,grouped,N2-003,True,grouped,N3-S-X148B,False,unstable
X148B1,Park,X148B1,D-006,True,grouped,N1g2-332,True,grouped,N2-003,True,grouped,N3-S-X148B1,False,unstable
X148B2,Park,X148B2,D-006,True,grouped,N1-S-X148B2,False,unstable,N2-003,True,grouped,N3-S-X148B2,False,robust_isolated
X148C,Park,X148C,D-006,True,grouped,N1-S-X148C,False,unstable,N2-003,True,grouped,N3-S-X148C,False,robust_isolated
X148C1,Featherbenches,X148C1,D-006,True,grouped,N1g2-015,True,grouped,N2-003,True,grouped,N3-S-X148C1,False,robust_isolated
X148C3,Inwood Park,X148C3,D-006,True,grouped,N1g2-329,True,grouped,N2-003,True,grouped,N3-S-X148C3,False,robust_isolated
X148C4,Townsend Walk,X148C4,D-006,True,grouped,N1g2-015,True,grouped,N2-003,True,grouped,N3-S-X148C4,False,robust_isolated
X148C5,Jennie Jerome Playground,X148C5,D-006,True,grouped,N1g2-015,True,grouped,N2-003,True,grouped,N3-S-X148C5,False,robust_isolated
X148C6,Walton Walk,X148C6,D-006,True,grouped,N1g2-015,True,grouped,N2-003,True,grouped,N3-S-X148C6,False,unstable
X148C7,Jerome Playground South,X148C7,D-006,True,grouped,N1g2-015,True,grouped,N2-003,True,grouped,N3-S-X148C7,False,robust_isolated
X148D,Walton Slope,X148D,D-006,True,grouped,N1g2-015,True,grouped,N2-003,True,grouped,N3-S-X148D,False,robust_isolated
X148D1,Morris Mesa,X148D1,D-026,True,grouped,N1g2-028,True,grouped,N2-055,True,grouped,N3-S-X148D1,False,robust_isolated
X148E,Peace Park,X148E,D-026,True,grouped,N1g2-028,True,grouped,N2-055,True,grouped,N3-S-X148E,False,robust_isolated
X148F5,Park,X148F5,D-026,True,grouped,N1-S-X148F5,False,unstable,N2-184,True,grouped,N3-S-X148F5,False,robust_isolated
X148G,Park,X148G,D-037,True,grouped,N1-S-X148G,False,unstable,N2-S-X148G,False,robust_isolated,N3-S-X148G,False,robust_isolated
X148G1,Park,X148G1,D-037,True,grouped,N1g2-333,True,grouped,N2-320,True,grouped,N3-S-X148G1,False,unstable
X148G2,Park,X148G2,D-037,True,grouped,N1g2-333,True,grouped,N2-320,True,grouped,N3-S-X148G2,False,unstable
X148H,Admiral Farragut Playground,X148H,D-037,True,grouped,N1g2-020,True,grouped,N2-034,True,grouped,N3-S-X148H,False,robust_isolated
X148H1,Prospect Playground,X148H1,D-037,True,grouped,N1g2-020,True,grouped,N2-034,True,grouped,N3-S-X148H1,False,robust_isolated
X148H2,Fairmount Playground,X148H2,D-037,True,grouped,N1g2-020,True,grouped,N2-034,True,grouped,N3-010,True,grouped
X148H3,Park,X148H3,D-058,True,grouped,N1g2-020,True,grouped,N2-034,True,grouped,N3-S-X148H3,False,robust_isolated
X148I,Park,X148I,D-058,True,grouped,N1g2-020,True,grouped,N2-034,True,grouped,N3-S-X148I,False,robust_isolated
X148I2,Park,X148I2,D-058,True,grouped,N1g2-020,True,grouped,N2-S-X148I2,False,unstable,N3-S-X148I2,False,unstable
X148I3,Park,X148I3,D-058,True,grouped,N1-S-X148I3,False,unstable,N2-S-X148I3,False,unstable,N3-S-X148I3,False,robust_isolated
X148J,Park,X148J,D-189,True,grouped,N1-S-X148J,False,unstable,N2-S-X148J,False,robust_isolated,N3-S-X148J,False,robust_isolated
X148J2,Boone Slope,X148J2,D-124,True,grouped,N1-S-X148J2,False,unstable,N2-S-X148J2,False,unstable,N3-S-X148J2,False,robust_isolated
X148K1,Park,X148K1,D-188,True,grouped,N1g2-189,True,grouped,N2-021,True,grouped,N3-S-X148K1,False,robust_isolated
X148K2,St. Lawrence Triangle,X148K2,D-188,True,grouped,N1g2-189,True,grouped,N2-021,True,grouped,N3-S-X148K2,False,robust_isolated
X148K3,Wood Park,X148K3,D-079,True,grouped,N1g2-108,True,grouped,N2-021,True,grouped,N3-S-X148K3,False,robust_isolated
X148K4,Park,X148K4,D-079,True,grouped,N1g2-189,True,grouped,N2-021,True,grouped,N3-S-X148K4,False,robust_isolated
X148L,Virginia Playground,X148L,D-079,True,grouped,N1g2-108,True,grouped,N2-021,True,grouped,N3-S-X148L,False,robust_isolated
X148L1,Virginia Park,X148L1,D-079,True,grouped,N1-S-X148L1,False,unstable,N2-021,True,grouped,N3-S-X148L1,False,robust_isolated
X148M,Chief Dennis L. Devlin Park,X148M,D-S-X148M,False,unstable,N1g2-334,True,grouped,N2-S-X148M,False,unstable,N3-S-X148M,False,robust_isolated
X148M1,Havemeyer Playground,X148M1,D-S-X148M1,False,unstable,N1g2-334,True,grouped,N2-194,True,grouped,N3-S-X148M1,False,robust_isolated
X149,Miele Park,X149,D-328,True,grouped,N1-S-X149,False,unstable,N2-309,True,grouped,N3-S-X149,False,robust_isolated
X150D,Gasoline Alley,X150D,D-185,True,grouped,N1-S-X150D,False,unstable,N2-S-X150D,False,beyond_walk_limit,N3-S-X150D,False,robust_isolated
X150E,Fordham Landing Playground,X150E,D-331,True,grouped,N1g2-184,True,grouped,N2-190,True,grouped,N3-009,True,grouped
X150G,Siren Slope,X150G,D-S-X150G,False,unstable,N1-S-X150G,False,unstable,N2-S-X150G,False,unstable,N3-045,True,grouped
X150H,Crescent Park,X150H,D-125,True,grouped,N1-S-X150H,False,unstable,N2-S-X150H,False,robust_isolated,N3-S-X150H,False,robust_isolated
X150I,Cooney Grauer Field,X150I,D-125,True,grouped,N1-S-X150I,False,unstable,N2-S-X150I,False,unstable,N3-S-X150I,False,unstable
X150J,Bailey Playground,X150J,D-125,True,grouped,N1-S-X150J,False,unstable,N2-S-X150J,False,unstable,N3-045,True,grouped
X150K,Park,X150K,D-125,True,grouped,N1g2-335,True,grouped,N2-321,True,grouped,N3-S-X150K,False,robust_isolated
X150L,Van Cortlandt's Tail,X150L,D-S-X150L,False,unstable,N1g2-335,True,grouped,N2-321,True,grouped,N3-S-X150L,False,robust_isolated
X151,P.O. Serrano Playground,X151,D-S-X151,False,unstable,N1-S-X151,False,unstable,N2-S-X151,False,unstable,N3-S-X151,False,robust_isolated
X152,Vinmont Veteran Park,X152,D-187,True,grouped,N1-S-X152,False,unstable,N2-075,True,grouped,N3-S-X152,False,robust_isolated
X153,Merriam Playground,X153,D-081,True,grouped,N1g2-067,True,grouped,N2-077,True,grouped,N3-S-X153,False,robust_isolated
X154,Melrose Playground,X154,D-S-X154,False,unstable,N1g2-014,True,grouped,N2-012,True,grouped,N3-S-X154,False,robust_isolated
X155,Patterson Playground,X155,D-184,True,grouped,N1g2-324,True,grouped,N2-187,True,grouped,N3-S-X155,False,robust_isolated
X156,Eastchester Playground,X156,D-S-X156,False,unstable,N1-S-X156,False,unstable,N2-S-X156,False,robust_isolated,N3-S-X156,False,robust_isolated
X157,Mazzei Playground,X157,D-S-X157,False,unstable,N1-S-X157,False,unstable,N2-S-X157,False,robust_isolated,N3-S-X157,False,robust_isolated
X158,Sedgwick Playground,X158,D-015,True,grouped,N1-S-X158,False,unstable,N2-S-X158,False,unstable,N3-S-X158,False,robust_isolated
X159,Captain William Harry Thompson Playground,X159,D-S-X159,False,beyond_walk_limit,N1g2-110,True,grouped,N2-195,True,grouped,N3-S-X159,False,unstable
X160,Caserta Playground,X160,D-336,True,grouped,N1g2-336,True,grouped,N2-322,True,grouped,N3-S-X160,False,robust_isolated
X161,Gun Hill Playground,X161,D-S-X161,False,unstable,N1-S-X161,False,unstable,N2-S-X161,False,robust_isolated,N3-S-X161,False,robust_isolated
X162,Parkside Playground,X162,D-S-X162,False,unstable,N1g2-326,True,grouped,N2-314,True,grouped,N3-S-X162,False,robust_isolated
X163,Loreto Playground,X163,D-S-X163,False,robust_isolated,N1-S-X163,False,unstable,N2-S-X163,False,unstable,N3-S-X163,False,robust_isolated
X164,Dawson Playground,X164,D-190,True,grouped,N1-S-X164,False,unstable,N2-S-X164,False,unstable,N3-S-X164,False,robust_isolated
X164A,Wishing Well Garden,X164A,D-190,True,grouped,N1-S-X164A,False,unstable,N2-323,True,grouped,N3-S-X164A,False,robust_isolated
X165,Edenwald Playground,X165,D-S-X165,False,unstable,N1-S-X165,False,unstable,N2-S-X165,False,robust_isolated,N3-S-X165,False,robust_isolated
X166,Behagen Playground,X166,D-S-X166,False,unstable,N1-S-X166,False,unstable,N2-304,True,grouped,N3-S-X166,False,robust_isolated
X168,Nelson Playground,X168,D-337,True,grouped,N1g2-031,True,grouped,N2-189,True,grouped,N3-S-X168,False,unstable
X169,Agnes Haywood Playground,X169,D-S-X169,False,unstable,N1g2-187,True,grouped,N2-192,True,grouped,N3-S-X169,False,robust_isolated
X170,The Pearly Gates,X170,D-S-X170,False,unstable,N1-S-X170,False,unstable,N2-S-X170,False,robust_isolated,N3-S-X170,False,robust_isolated
X171,Spuyten Duyvil Playground,X171,D-126,True,grouped,N1g2-106,True,grouped,N2-196,True,grouped,N3-S-X171,False,robust_isolated
X172,Allerton Playground,X172,D-S-X172,False,unstable,N1-S-X172,False,unstable,N2-S-X172,False,unstable,N3-S-X172,False,robust_isolated
X174,Webster Playground,X174,D-329,True,grouped,N1g2-190,True,grouped,N2-122,True,grouped,N3-S-X174,False,unstable
X175,Riverbend Playground,X175,D-S-X175,False,unstable,N1g2-184,True,grouped,N2-190,True,grouped,N3-009,True,grouped
X176,Taylor Playground,X176,D-S-X176,False,unstable,N1g2-108,True,grouped,N2-021,True,grouped,N3-S-X176,False,robust_isolated
X177,Castle Hill Playground,X177,D-336,True,grouped,N1g2-336,True,grouped,N2-322,True,grouped,N3-S-X177,False,robust_isolated
X178,Matthews Muliner Playground,X178,D-S-X178,False,unstable,N1-S-X178,False,unstable,N2-S-X178,False,robust_isolated,N3-S-X178,False,robust_isolated
X179,Al Quiñones Playground,X179,D-S-X179,False,unstable,N1-S-X179,False,unstable,N2-324,True,grouped,N3-S-X179,False,robust_isolated
X180,Whalen Playground,X180,D-S-X180,False,unstable,N1-S-X180,False,unstable,N2-306,True,grouped,N3-S-X180,False,robust_isolated
X182,Millbrook Playground,X182,D-338,True,grouped,N1g2-337,True,grouped,N2-126,True,grouped,N3-S-X182,False,unstable
X183,Bruckner Playground,X183,D-S-X183,False,robust_isolated,N1-S-X183,False,unstable,N2-S-X183,False,robust_isolated,N3-S-X183,False,robust_isolated
X185,Dunbar Playground,X185,D-080,True,grouped,N1g2-111,True,grouped,N2-076,True,grouped,N3-S-X185,False,robust_isolated
X186,Riverdale Playground,X186,D-126,True,grouped,N1g2-106,True,grouped,N2-196,True,grouped,N3-S-X186,False,robust_isolated
X187,Givan Square,X187,D-S-X187,False,unstable,N1-S-X187,False,unstable,N2-S-X187,False,robust_isolated,N3-S-X187,False,robust_isolated
X188,Wakefield Playground,X188,D-S-X188,False,robust_isolated,N1-S-X188,False,robust_isolated,N2-S-X188,False,robust_isolated,N3-S-X188,False,robust_isolated
X190,Tiffany Playground,X190,D-S-X190,False,unstable,N1-S-X190,False,unstable,N2-S-X190,False,robust_isolated,N3-S-X190,False,robust_isolated
X191A,Bicentennial Veterans Memorial Park,X191A,D-S-X191A,False,robust_isolated,N1-S-X191A,False,robust_isolated,N2-S-X191A,False,robust_isolated,N3-S-X191A,False,robust_isolated
X191D,Park,X191D,D-S-X191D,False,robust_isolated,N1-S-X191D,False,robust_isolated,N2-S-X191D,False,robust_isolated,N3-S-X191D,False,robust_isolated
X193,Stars & Stripes Playground,X193,D-327,True,grouped,N1-S-X193,False,unstable,N2-S-X193,False,robust_isolated,N3-S-X193,False,robust_isolated
X194,Captain Rivera Playground,X194,D-339,True,grouped,N1g2-112,True,grouped,N2-127,True,grouped,N3-S-X194,False,robust_isolated
X195A,Colgate Close,X195A,D-S-X195A,False,unstable,N1-S-X195A,False,unstable,N2-325,True,grouped,N3-S-X195A,False,robust_isolated
X195B,Park,X195B,D-S-X195B,False,unstable,N1-S-X195B,False,unstable,N2-S-X195B,False,unstable,N3-S-X195B,False,robust_isolated
X195C,Park,X195C,D-S-X195C,False,unstable,N1-S-X195C,False,unstable,N2-S-X195C,False,unstable,N3-S-X195C,False,robust_isolated
X195D,Park,X195D,D-S-X195D,False,unstable,N1-S-X195D,False,unstable,N2-S-X195D,False,robust_isolated,N3-S-X195D,False,robust_isolated
X195F,Park,X195F,D-S-X195F,False,unstable,N1g2-338,True,grouped,N2-194,True,grouped,N3-S-X195F,False,robust_isolated
X196,Haffen Park,X196,D-S-X196,False,unstable,N1-S-X196,False,unstable,N2-S-X196,False,robust_isolated,N3-S-X196,False,robust_isolated
X197,Mosholu Playground,X197,D-061,True,grouped,N1g2-321,True,grouped,N2-307,True,grouped,N3-S-X197,False,robust_isolated
X200,Clark Playground,X200,D-184,True,grouped,N1-S-X200,False,beyond_walk_limit,N2-187,True,grouped,N3-S-X200,False,robust_isolated
X201,Seton Park,X201,D-126,True,grouped,N1-S-X201,False,unstable,N2-S-X201,False,unstable,N3-S-X201,False,robust_isolated
X202,Marble Hill Playground,X202,D-S-X202,False,unstable,N1-S-X202,False,unstable,N2-S-X202,False,robust_isolated,N3-S-X202,False,robust_isolated
X203,Randall Playground,X203,D-S-X203,False,unstable,N1-S-X203,False,unstable,N2-S-X203,False,unstable,N3-S-X203,False,robust_isolated
X204,Story Playground,X204,D-S-X204,False,unstable,N1-S-X204,False,beyond_walk_limit,N2-S-X204,False,unstable,N3-S-X204,False,robust_isolated
X205,FDNY-EMT Yadira Arroyo Playground,X205,D-340,True,grouped,N1g2-179,True,grouped,N2-S-X205,False,unstable,N3-S-X205,False,robust_isolated
X206,Morgan Playground,X206,D-341,True,grouped,N1g2-339,True,grouped,N2-326,True,grouped,N3-S-X206,False,unstable
X207,Pontiac Playground,X207,D-127,True,grouped,N1g2-104,True,grouped,N2-327,True,grouped,N3-S-X207,False,robust_isolated
X208,Haviland Playground,X208,D-340,True,grouped,N1g2-179,True,grouped,N2-S-X208,False,unstable,N3-S-X208,False,unstable
X209,Wave Hill,X209,D-S-X209,False,unstable,N1-S-X209,False,unstable,N2-075,True,grouped,N3-S-X209,False,robust_isolated
X211,Stebbins Playground,X211,D-179,True,grouped,N1-S-X211,False,unstable,N2-323,True,grouped,N3-S-X211,False,unstable
X214,Magenta Playground,X214,D-S-X214,False,unstable,N1-S-X214,False,unstable,N2-S-X214,False,robust_isolated,N3-S-X214,False,robust_isolated
X215,Valentine Varian House,X215,D-061,True,grouped,N1-S-X215,False,unstable,N2-074,True,grouped,N3-S-X215,False,robust_isolated
X216,Abigail Playground,X216,D-339,True,grouped,N1g2-112,True,grouped,N2-127,True,grouped,N3-S-X216,False,robust_isolated
X217,Willis Playground,X217,D-063,True,grouped,N1g2-105,True,grouped,N2-193,True,grouped,N3-S-X217,False,robust_isolated
X219,Arcilla Playground,X219,D-060,True,grouped,N1-S-X219,False,unstable,N2-S-X219,False,unstable,N3-S-X219,False,robust_isolated
X221,Space Time Playground,X221,D-S-X221,False,unstable,N1-S-X221,False,unstable,N2-S-X221,False,unstable,N3-S-X221,False,robust_isolated
X222,Gouverneur Playground,X222,D-S-X222,False,unstable,N1g2-318,True,grouped,N2-S-X222,False,unstable,N3-S-X222,False,robust_isolated
X224,MacLaughlin Playground,X224,D-S-X224,False,unstable,N1-S-X224,False,unstable,N2-311,True,grouped,N3-S-X224,False,robust_isolated
X228,I-Am-Park,X228,D-326,True,grouped,N1g2-104,True,grouped,N2-327,True,grouped,N3-S-X228,False,robust_isolated
X232,Burns Playground,X232,D-S-X232,False,unstable,N1-S-X232,False,unstable,N2-S-X232,False,robust_isolated,N3-S-X232,False,robust_isolated
X233,Fountain Of Youth Playground,X233,D-127,True,grouped,N1g2-112,True,grouped,N2-127,True,grouped,N3-S-X233,False,robust_isolated
X233A,El Flamboyan Garden,X233A,D-127,True,grouped,N1g2-112,True,grouped,N2-127,True,grouped,N3-S-X233A,False,robust_isolated
X235,Grove Hill Playground,X235,D-342,True,grouped,N1g2-111,True,grouped,N2-076,True,grouped,N3-S-X235,False,robust_isolated
X236,Mapes Pool,X236,D-011,True,grouped,N1g2-007,True,grouped,N2-006,True,grouped,N3-S-X236,False,unstable
X238,Saw Mill Playground,X238,D-063,True,grouped,N1g2-109,True,grouped,N2-328,True,grouped,N3-S-X238,False,robust_isolated
X239,Castle Hill Little League Field,X239,D-S-X239,False,unstable,N1g2-338,True,grouped,N2-194,True,grouped,N3-S-X239,False,robust_isolated
X241,Hoe Garden,X241,D-025,True,grouped,N1g2-029,True,grouped,N2-020,True,grouped,N3-S-X241,False,beyond_walk_limit
X242,Youth Village,X242,D-059,True,grouped,N1g2-320,True,grouped,N2-035,True,grouped,N3-S-X242,False,robust_isolated
X243,Estella Diggs Park,X243,D-059,True,grouped,N1g2-030,True,grouped,N2-035,True,grouped,N3-S-X243,False,robust_isolated
X243A,Garden,X243A,D-059,True,grouped,N1g2-030,True,grouped,N2-035,True,grouped,N3-043,True,grouped
X244,Grand Playground,X244,D-024,True,grouped,N1g2-176,True,grouped,N2-119,True,grouped,N3-S-X244,False,robust_isolated
X245,River Garden,X245,D-189,True,grouped,N1g2-185,True,grouped,N2-329,True,grouped,N3-S-X245,False,unstable
X246,Brook Park,X246,D-063,True,grouped,N1g2-105,True,grouped,N2-193,True,grouped,N3-S-X246,False,unstable
X247,Fox Park,X247,D-S-X247,False,unstable,N1-S-X247,False,unstable,N2-S-X247,False,unstable,N3-S-X247,False,robust_isolated
X248,Barretto Park,X248,D-S-X248,False,unstable,N1-S-X248,False,unstable,N2-S-X248,False,robust_isolated,N3-S-X248,False,robust_isolated
X251,Co-op City Field,X251,D-S-X251,False,robust_isolated,N1-S-X251,False,robust_isolated,N2-S-X251,False,unstable,N3-S-X251,False,robust_isolated
X252,Bathgate Playground,X252,D-183,True,grouped,N1g2-103,True,grouped,N2-186,True,grouped,N3-S-X252,False,robust_isolated
X253,Ambrosini Field,X253,D-S-X253,False,unstable,N1-S-X253,False,unstable,N2-316,True,grouped,N3-S-X253,False,robust_isolated
X255,Bill Rainey Park,X255,D-190,True,grouped,N1-S-X255,False,unstable,N2-324,True,grouped,N3-S-X255,False,robust_isolated
X256,Pelham Bay Little League,X256,D-333,True,grouped,N1-S-X256,False,unstable,N2-183,True,grouped,N3-S-X256,False,robust_isolated
X257,Mount Hope Playground,X257,D-191,True,grouped,N1g2-015,True,grouped,N2-197,True,grouped,N3-S-X257,False,robust_isolated
X258,Cleopatra Playground,X258,D-026,True,grouped,N1-S-X258,False,unstable,N2-S-X258,False,unstable,N3-S-X258,False,robust_isolated
X259,Raoul Wallenberg Forest,X259,D-126,True,grouped,N1g2-106,True,grouped,N2-196,True,grouped,N3-S-X259,False,robust_isolated
X260,Julio Carballo Fields,X260,D-S-X260,False,unstable,N1-S-X260,False,unstable,N2-S-X260,False,unstable,N3-S-X260,False,robust_isolated
X262,Harding Park,X262,D-334,True,grouped,N1g2-327,True,grouped,N2-S-X262,False,unstable,N3-S-X262,False,robust_isolated
X263,Quarry Ballfields,X263,D-183,True,grouped,N1g2-103,True,grouped,N2-186,True,grouped,N3-S-X263,False,robust_isolated
X264,Field Of Dreams Court,X264,D-025,True,grouped,N1g2-029,True,grouped,N2-020,True,grouped,N3-S-X264,False,unstable
X265,Galileo Playground,X265,D-323,True,grouped,N1-S-X265,False,unstable,N2-302,True,grouped,N3-S-X265,False,robust_isolated
X266,Vidalia Park,X266,D-011,True,grouped,N1g2-007,True,grouped,N2-006,True,grouped,N3-S-X266,False,robust_isolated
X267,Eae J Mitchell Park,X267,D-124,True,grouped,N1g2-110,True,grouped,N2-195,True,grouped,N3-S-X267,False,unstable
X268,Givans Creek Woods,X268,D-S-X268,False,robust_isolated,N1-S-X268,False,robust_isolated,N2-S-X268,False,unstable,N3-S-X268,False,robust_isolated
X269,Cpl Fischer Park,X269,D-081,True,grouped,N1g2-067,True,grouped,N2-077,True,grouped,N3-S-X269,False,unstable
X270,Freeman Garden,X270,D-343,True,grouped,N1-S-X270,False,unstable,N2-S-X270,False,unstable,N3-046,True,grouped
X271,Grant Park,X271,D-344,True,grouped,N1g2-107,True,grouped,N2-121,True,grouped,N3-S-X271,False,robust_isolated
X272,Ranaqua Playground,X272,D-S-X272,False,unstable,N1-S-X272,False,unstable,N2-319,True,grouped,N3-S-X272,False,robust_isolated
X273,Rock Garden Park,X273,D-124,True,grouped,N1g2-110,True,grouped,N2-195,True,grouped,N3-S-X273,False,unstable
X274,Mount Hope Garden,X274,D-024,True,grouped,N1-S-X274,False,unstable,N2-S-X274,False,unstable,N3-S-X274,False,beyond_walk_limit
X275,Mosaic Success Garden,X275,D-081,True,grouped,N1-S-X275,False,unstable,N2-077,True,grouped,N3-S-X275,False,beyond_walk_limit
X276,Granja Farm OTF,X276,D-345,True,grouped,N1-S-X276,False,unstable,N2-S-X276,False,unstable,N3-S-X276,False,unstable
X277,St. Luke's Park,X277,D-S-X277,False,unstable,N1g2-109,True,grouped,N2-126,True,grouped,N3-S-X277,False,beyond_walk_limit
X277A,United We Stand Garden,X277A,D-338,True,grouped,N1g2-337,True,grouped,N2-126,True,grouped,N3-S-X277A,False,robust_isolated
X278,Boston Garden,X278,D-S-X278,False,unstable,N1-S-X278,False,unstable,N2-S-X278,False,unstable,N3-S-X278,False,robust_isolated
X279,City Island Wetlands,X279,D-S-X279,False,unstable,N1-S-X279,False,unstable,N2-S-X279,False,robust_isolated,N3-S-X279,False,robust_isolated
X280,Washington Park,X280,D-346,True,grouped,N1g2-190,True,grouped,N2-122,True,grouped,N3-S-X280,False,robust_isolated
X281,Stop & Go Playground,X281,D-347,True,grouped,N1g2-178,True,grouped,N2-303,True,grouped,N3-S-X281,False,unstable
X282,Seabury Playground,X282,D-S-X282,False,unstable,N1-S-X282,False,unstable,N2-S-X282,False,beyond_walk_limit,N3-S-X282,False,unstable
X283,Beanstalk Playground,X283,D-S-X283,False,unstable,N1-S-X283,False,robust_isolated,N2-S-X283,False,robust_isolated,N3-S-X283,False,robust_isolated
X284,Printers Park,X284,D-025,True,grouped,N1g2-029,True,grouped,N2-020,True,grouped,N3-S-X284,False,robust_isolated
X285,Padre Plaza,X285,D-063,True,grouped,N1g2-109,True,grouped,N2-328,True,grouped,N3-S-X285,False,unstable
X286,Rev Lena Irons Unity Park,X286,D-341,True,grouped,N1g2-339,True,grouped,N2-326,True,grouped,N3-S-X286,False,robust_isolated
X287,Ogden Plimpton Playground,X287,D-081,True,grouped,N1-S-X287,False,unstable,N2-022,True,grouped,N3-S-X287,False,robust_isolated
X288,West Farms Rapids,X288,D-189,True,grouped,N1g2-185,True,grouped,N2-329,True,grouped,N3-S-X288,False,unstable
X289,Mapes Park,X289,D-011,True,grouped,N1g2-007,True,grouped,N2-006,True,grouped,N3-S-X289,False,robust_isolated
X290,Longfellow Playground,X290,D-025,True,grouped,N1g2-029,True,grouped,N2-020,True,grouped,N3-S-X290,False,unstable
X291,Walton Park,X291,D-024,True,grouped,N1g2-177,True,grouped,N2-182,True,grouped,N3-S-X291,False,unstable
X292,Mabel Hampton Playground,X292,D-024,True,grouped,N1g2-177,True,grouped,N2-182,True,grouped,N3-S-X292,False,robust_isolated
X293,Garden Of Happiness,X293,D-011,True,grouped,N1g2-007,True,grouped,N2-006,True,grouped,N3-010,True,grouped
X294,Palmer Inlet,X294,D-S-X294,False,unresolved,N1-S-X294,False,unresolved,N2-S-X294,False,unresolved,N3-S-X294,False,unresolved
X295,Half-Nelson Playground,X295,D-015,True,grouped,N1-S-X295,False,unstable,N2-022,True,grouped,N3-S-X295,False,unstable
X296,Taqwa Community Farm,X296,D-038,True,grouped,N1g2-031,True,grouped,N2-054,True,grouped,N3-S-X296,False,beyond_walk_limit
X297,Garden Of Eden,X297,D-026,True,grouped,N1g2-028,True,grouped,N2-055,True,grouped,N3-S-X297,False,robust_isolated
X298,Garden Of Life,X298,D-026,True,grouped,N1g2-028,True,grouped,N2-055,True,grouped,N3-S-X298,False,robust_isolated
X299,Little Claremont Playground,X299,D-121,True,grouped,N1g2-340,True,grouped,N2-S-X299,False,unstable,N3-S-X299,False,unstable
X300,Davidson Playground,X300,D-024,True,grouped,N1-S-X300,False,unstable,N2-119,True,grouped,N3-S-X300,False,beyond_walk_limit
X302,Thorpe Family Playground,X302,D-346,True,grouped,N1g2-190,True,grouped,N2-122,True,grouped,N3-S-X302,False,robust_isolated
X303,Sweetgum Community Garden,X303,D-038,True,grouped,N1-S-X303,False,unstable,N2-054,True,grouped,N3-S-X303,False,robust_isolated
X304,Tiffany Street Pier,X304,D-348,True,grouped,N1-S-X304,False,robust_isolated,N2-S-X304,False,robust_isolated,N3-S-X304,False,robust_isolated
X305,Concrete Plant Park,X305,D-123,True,grouped,N1g2-188,True,grouped,N2-125,True,grouped,N3-S-X305,False,robust_isolated
X306,Garrison Park,X306,D-S-X306,False,unstable,N1-S-X306,False,unstable,N2-S-X306,False,unstable,N3-S-X306,False,robust_isolated
X307,Barretto Point Park,X307,D-348,True,grouped,N1-S-X307,False,unstable,N2-S-X307,False,robust_isolated,N3-S-X307,False,robust_isolated
X308,North Brother Island,X308,D-S-X308,False,unresolved,N1-S-X308,False,unresolved,N2-S-X308,False,unresolved,N3-S-X308,False,unresolved
X309,South Brother Island,X309,D-S-X309,False,unresolved,N1-S-X309,False,unresolved,N2-S-X309,False,unresolved,N3-S-X309,False,unresolved
X313,El Batey Borincano Garden,X313,D-342,True,grouped,N1g2-111,True,grouped,N2-076,True,grouped,N3-S-X313,False,unstable
X314,Isla Verde Garden,X314,D-127,True,grouped,N1-S-X314,False,unstable,N2-S-X314,False,robust_isolated,N3-S-X314,False,robust_isolated
X315,Bryant Hill Garden,X315,D-S-X315,False,unstable,N1-S-X315,False,unstable,N2-S-X315,False,robust_isolated,N3-S-X315,False,robust_isolated
X316,Genesis Community Garden,X316,D-059,True,grouped,N1g2-030,True,grouped,N2-035,True,grouped,N3-S-X316,False,robust_isolated
X317,Rainbow Garden,X317,D-005,True,grouped,N1g2-008,True,grouped,N2-007,True,grouped,N3-S-X317,False,robust_isolated
X318,Franklin Memorial Garden,X318,D-S-X318,False,unstable,N1g2-111,True,grouped,N2-076,True,grouped,N3-044,True,grouped
X319,Jackson Forest Garden,X319,D-059,True,grouped,N1-S-X319,False,unstable,N2-S-X319,False,robust_isolated,N3-S-X319,False,robust_isolated
X320,Jardin De La Familia,X320,D-121,True,grouped,N1g2-340,True,grouped,N2-S-X320,False,unstable,N3-S-X320,False,unstable
X321,Claremont Neighborhood Garden,X321,D-S-X321,False,unstable,N1g2-107,True,grouped,N2-121,True,grouped,N3-S-X321,False,robust_isolated
X322,Jardin De Las Rosas,X322,D-S-X322,False,unstable,N1-S-X322,False,unstable,N2-S-X322,False,robust_isolated,N3-S-X322,False,robust_isolated
X323,El Batey de Doña Provi Garden,X323,D-347,True,grouped,N1g2-178,True,grouped,N2-S-X323,False,unstable,N3-S-X323,False,robust_isolated
X324,176th Street Community Garden,X324,D-191,True,grouped,N1g2-015,True,grouped,N2-197,True,grouped,N3-S-X324,False,unstable
X325,Taylor-Soundview Block Assoc. Garden,X325,D-S-X325,False,unstable,N1g2-183,True,grouped,N2-S-X325,False,unstable,N3-S-X325,False,robust_isolated
X326,Daly Ave Garden,X326,D-011,True,grouped,N1g2-007,True,grouped,N2-006,True,grouped,N3-S-X326,False,robust_isolated
X327,La Isla Garden,X327,D-038,True,grouped,N1-S-X327,False,unstable,N2-S-X327,False,robust_isolated,N3-S-X327,False,robust_isolated
X328,Las Casitas Community Garden,X328,D-337,True,grouped,N1g2-031,True,grouped,N2-189,True,grouped,N3-047,True,grouped
X329,Miracle Garden,X329,D-058,True,grouped,N1g2-020,True,grouped,N2-034,True,grouped,N3-S-X329,False,robust_isolated
X330,P.S. 186 Day Treatment Program,X330,D-S-X330,False,unstable,N1-S-X330,False,unstable,N2-S-X330,False,robust_isolated,N3-S-X330,False,robust_isolated
X331,Townsend Garden,X331,D-191,True,grouped,N1g2-015,True,grouped,N2-197,True,grouped,N3-S-X331,False,unstable
X332,Schomberg Academy Garden,X332,D-179,True,grouped,N1-S-X332,False,unstable,N2-S-X332,False,unstable,N3-S-X332,False,unstable
X333,Woodycrest Community Garden,X333,D-038,True,grouped,N1g2-031,True,grouped,N2-054,True,grouped,N3-047,True,grouped
X334,Mohegan Triangle,X334,D-011,True,grouped,N1g2-007,True,grouped,N2-006,True,grouped,N3-S-X334,False,robust_isolated
X335,Risse Street Park,X335,D-182,True,grouped,N1g2-322,True,grouped,N2-074,True,grouped,N3-S-X335,False,robust_isolated
X336,Hunts Point Riverside Park,X336,D-S-X336,False,unstable,N1-S-X336,False,unstable,N2-S-X336,False,unstable,N3-S-X336,False,robust_isolated
X337,Latinos Unidos Garden,X337,D-005,True,grouped,N1g2-014,True,grouped,N2-012,True,grouped,N3-S-X337,False,unstable
X338,Courtlandt Avenue Association Garden,X338,D-005,True,grouped,N1g2-014,True,grouped,N2-012,True,grouped,N3-S-X338,False,robust_isolated
X339,Angie Lee Gonzales Garden,X339,D-124,True,grouped,N1-S-X339,False,unstable,N2-S-X339,False,unstable,N3-S-X339,False,robust_isolated
X340,CS 134 Community Improvement Garden,X340,D-349,True,grouped,N1-S-X340,False,unstable,N2-S-X340,False,unstable,N3-S-X340,False,unstable
X341,Edith Garden,X341,D-005,True,grouped,N1g2-008,True,grouped,N2-007,True,grouped,N3-S-X341,False,robust_isolated
X342,Model T Senior Citizen's Garden,X342,D-349,True,grouped,N1-S-X342,False,unstable,N2-S-X342,False,robust_isolated,N3-S-X342,False,robust_isolated
X343,Davidson Ave. Community Gardeners Group,X343,D-057,True,grouped,N1g2-102,True,grouped,N2-118,True,grouped,N3-S-X343,False,beyond_walk_limit
X344,Mill Pond Park,X344,D-S-X344,False,beyond_walk_limit,N1-S-X344,False,unstable,N2-315,True,grouped,N3-S-X344,False,robust_isolated
X345,St. Ann's Block Association Garden,X345,D-345,True,grouped,N1g2-104,True,grouped,N2-308,True,grouped,N3-S-X345,False,unstable
X346,Volky Garden & Flowers,X346,D-011,True,grouped,N1g2-007,True,grouped,N2-006,True,grouped,N3-S-X346,False,unstable
X347,Vogue Garden,X347,D-005,True,grouped,N1g2-014,True,grouped,N2-012,True,grouped,N3-S-X347,False,robust_isolated
X348,River Avenue Parks,X348,D-181,True,grouped,N1g2-180,True,grouped,N2-185,True,grouped,N3-S-X348,False,robust_isolated
X349,Jardin de la Roca,X349,D-005,True,grouped,N1g2-008,True,grouped,N2-007,True,grouped,N3-S-X349,False,robust_isolated
X350,Melrose Commons Park,X350,D-060,True,grouped,N1g2-008,True,grouped,N2-007,True,grouped,N3-S-X350,False,robust_isolated
X351,811 Family and Friends Garden,X351,D-005,True,grouped,N1g2-014,True,grouped,N2-012,True,grouped,N3-S-X351,False,robust_isolated
X352,Family Group Garden,X352,D-005,True,grouped,N1g2-008,True,grouped,N2-007,True,grouped,N3-S-X352,False,robust_isolated
X353,Yolanda García Park,X353,D-005,True,grouped,N1g2-008,True,grouped,N2-007,True,grouped,N3-S-X353,False,robust_isolated
X354,P.S. 29 Ballfield,X354,D-005,True,grouped,N1g2-014,True,grouped,N2-012,True,grouped,N3-S-X354,False,unstable
X355,Leave it Better Kids' Garden,X355,D-S-X355,False,unstable,N1g2-176,True,grouped,N2-119,True,grouped,N3-S-X355,False,robust_isolated
X356,Little Green Garden,X356,D-060,True,grouped,N1g2-008,True,grouped,N2-007,True,grouped,N3-S-X356,False,robust_isolated
X357,Rainbow Garden of Life and Health,X357,D-005,True,grouped,N1g2-014,True,grouped,N2-012,True,grouped,N3-S-X357,False,robust_isolated
X358,College Avenue Garden,X358,D-344,True,grouped,N1g2-107,True,grouped,N2-S-X358,False,unstable,N3-S-X358,False,unstable
X361,Synergi Urban Garden UCFP,X361,D-343,True,grouped,N1-S-X361,False,unstable,N2-S-X361,False,unstable,N3-046,True,grouped
X362,Catherine Scott Promenade,X362,D-S-X362,False,robust_isolated,N1-S-X362,False,unstable,N2-S-X362,False,unstable,N3-S-X362,False,robust_isolated
X363,Centro Cultural Rincon Criollo,X363,D-005,True,grouped,N1g2-014,True,grouped,N2-012,True,grouped,N3-S-X363,False,unstable
X364,Havemeyer Garden Association,X364,D-S-X364,False,unstable,N1-S-X364,False,beyond_walk_limit,N2-S-X364,False,unstable,N3-S-X364,False,robust_isolated
X365,Black Joy Farm,X365,D-S-X365,False,unstable,N1-S-X365,False,unstable,N2-S-X365,False,unstable,N3-S-X365,False,robust_isolated
X367,Dr. Thomasina Bushby Park,X367,D-S-X367,False,unstable,N1-S-X367,False,unstable,N2-S-X367,False,robust_isolated,N3-S-X367,False,robust_isolated
X369,Watson Houses Playground,X369,D-S-X369,False,unstable,N1-S-X369,False,unstable,N2-325,True,grouped,N3-S-X369,False,robust_isolated
X372,Garden of Youth,X372,D-011,True,grouped,N1g2-007,True,grouped,N2-006,True,grouped,N3-010,True,grouped
X373,Justice Sotomayor Houses Playground,X373,D-S-X373,False,unstable,N1g2-330,True,grouped,N2-318,True,grouped,N3-S-X373,False,unstable
