park_id,name,typecategory,borough,acres,N1abs_group,N1abs_group_size,N1abs_group_strict,N1abs_iso,N1abs_grouped,N1abs_core,N1abs_status,N1rel_group,N1rel_group_size,N1rel_group_strict,N1rel_iso,N1rel_grouped,N1rel_core,N1rel_status,N2_group,N2_group_size,N2_group_strict,N2_iso,N2_grouped,N2_core,N2_status,N3_group,N3_group_size,N3_group_strict,N3_iso,N3_grouped,N3_core,N3_status,n_grouped,n_isolated,cross_status
B001,American Playground,Playground,B,0.896,386,53,508,0.0,1.0,0.917,grouped,28,235,182,0.0,1.0,1.0,grouped,383,8,-1,0.444,0.556,0.556,grouped,-1,1,-1,1.0,0.0,0.0,robust isolated,2,1,grouped in ≥2
B002,Amersfort Park,Neighborhood Park,B,3.557,-1,1,-1,0.583,0.417,0.167,unstable,26,137,161,0.0,1.0,1.0,grouped,-1,1,-1,1.0,0.0,0.0,robust isolated,-1,1,-1,1.0,0.0,0.0,robust isolated,0,2,isolated in ≥2
B003,Bartel-Pritchard Square,Triangle/Plaza,B,1.711,368,5,-1,0.25,0.75,0.25,grouped,25,82,146,0.0,1.0,1.0,grouped,-1,1,-1,0.778,0.222,0.222,unstable,-1,1,-1,1.0,0.0,0.0,robust isolated,1,1,definition-specific
B006,Beattie Square,Triangle/Plaza,B,0.012,402,57,538,0.0,1.0,0.75,grouped,28,235,182,0.0,1.0,1.0,grouped,397,5,493,0.0,1.0,1.0,grouped,-1,1,-1,0.812,0.188,0.0,robust isolated,2,1,grouped in ≥2
B007,Bensonhurst Park,Recreational Field/Courts,B,17.5,507,12,-1,0.333,0.667,0.333,grouped,26,137,161,0.0,1.0,1.0,grouped,498,3,620,0.0,0.889,0.0,grouped,-1,1,-1,1.0,0.0,0.0,robust isolated,2,1,grouped in ≥2
B008,Betsy Head Park,Community Park,B,10.555,435,34,587,0.0,1.0,1.0,grouped,27,186,172,0.0,1.0,1.0,grouped,-1,1,-1,0.444,0.556,0.556,unstable,-1,1,-1,1.0,0.0,0.0,robust isolated,1,1,definition-specific
B012,Brower Park,Neighborhood Park,B,7.047,428,53,578,0.0,1.0,1.0,grouped,28,235,182,0.0,1.0,1.0,grouped,412,5,511,0.222,0.778,0.778,grouped,-1,1,-1,0.875,0.0,0.0,robust isolated,2,1,grouped in ≥2
B016,Maria Hernandez Park,Neighborhood Park,B,6.873,396,14,524,0.0,1.0,1.0,grouped,28,235,182,0.0,1.0,1.0,grouped,-1,1,-1,0.556,0.444,0.0,unstable,-1,1,-1,1.0,0.0,0.0,robust isolated,1,1,definition-specific
B017,Bushwick Playground,Jointly Operated Playground,B,2.783,396,14,524,0.0,1.0,1.0,grouped,28,235,182,0.0,1.0,1.0,grouped,-1,1,-1,0.889,0.111,0.111,robust isolated,-1,1,-1,1.0,0.0,0.0,robust isolated,1,2,isolated in ≥2
B019,Carroll Park,Neighborhood Park,B,1.874,475,19,639,0.0,1.0,1.0,grouped,25,82,146,0.0,1.0,1.0,grouped,434,9,541,0.111,0.889,0.889,grouped,-1,1,-1,1.0,0.0,0.0,robust isolated,2,1,grouped in ≥2
B021,Commodore Barry Park,Community Park,B,10.391,402,57,538,0.0,1.0,1.0,grouped,28,235,182,0.0,1.0,1.0,grouped,-1,1,-1,0.556,0.444,0.444,unstable,-1,1,-1,0.562,0.438,0.0,unstable,1,0,definition-specific
B022,Sarah J.S. Tompkins Garnet Playground,Playground,B,1.101,385,7,506,0.0,1.0,0.5,grouped,28,235,182,0.0,1.0,1.0,grouped,-1,1,-1,1.0,0.0,0.0,robust isolated,-1,1,-1,0.875,0.0,0.0,robust isolated,1,2,isolated in ≥2
B023,Lafayette Playground,Playground,B,0.517,403,7,540,0.125,0.75,0.75,grouped,28,235,182,0.0,1.0,1.0,grouped,-1,1,-1,0.667,0.333,0.333,unstable,420,2,-1,0.312,0.188,0.125,grouped,2,0,grouped in ≥2
B024,Orient Grove,Garden,B,0.149,386,53,508,0.0,1.0,0.75,grouped,28,235,182,0.0,1.0,1.0,grouped,-1,1,-1,0.778,0.222,0.222,unstable,-1,1,-1,0.625,0.25,0.0,unstable,1,0,definition-specific
B025,Cooper Park,Neighborhood Park,B,6.401,386,53,508,0.0,1.0,0.75,grouped,28,235,182,0.0,1.0,1.0,grouped,-1,1,-1,0.722,0.167,0.111,unstable,-1,1,-1,1.0,0.0,0.0,robust isolated,1,1,definition-specific
B026,Cuyler Gore Park,Neighborhood Park,B,1.158,402,57,538,0.0,1.0,1.0,grouped,28,235,182,0.0,1.0,1.0,grouped,-1,1,-1,0.556,0.444,0.444,unstable,-1,1,-1,1.0,0.0,0.0,robust isolated,1,1,definition-specific
B027,Veterans Triangle,Triangle/Plaza,B,0.025,435,34,587,0.0,1.0,1.0,grouped,27,186,172,0.0,1.0,1.0,grouped,354,6,-1,0.444,0.556,0.556,grouped,-1,1,-1,1.0,0.0,0.0,robust isolated,2,1,grouped in ≥2
B029,Eastern Parkway,Parkway,B,63.636,428,53,578,0.0,1.0,1.0,grouped,28,235,182,0.0,1.0,1.0,grouped,412,5,511,0.0,1.0,1.0,grouped,-1,1,-1,1.0,0.0,0.0,robust isolated,2,1,grouped in ≥2
B030,Eastern Parkway Extension,Mall,B,2.064,428,53,578,0.0,1.0,1.0,grouped,27,186,173,0.0,1.0,1.0,grouped,397,5,493,0.0,1.0,1.0,grouped,-1,1,-1,1.0,0.0,0.0,robust isolated,2,1,grouped in ≥2
B031,Fidelity Triangle,Triangle/Plaza,B,0.005,386,53,508,0.0,1.0,0.75,grouped,28,235,182,0.0,1.0,1.0,grouped,-1,1,-1,0.778,0.222,0.222,unstable,-1,1,-1,0.938,0.062,0.0,robust isolated,1,1,definition-specific
B032,Fort Greene Park,Community Park,B,30.168,402,57,538,0.0,1.0,1.0,grouped,28,235,182,0.0,1.0,1.0,grouped,458,12,573,0.111,0.889,0.889,grouped,-1,1,-1,1.0,0.0,0.0,robust isolated,2,1,grouped in ≥2
B033,Fort Hamilton Triangle,Triangle/Plaza,B,0.019,496,26,673,0.25,0.75,0.5,grouped,26,137,160,0.0,1.0,1.0,grouped,567,9,-1,0.333,0.667,0.667,grouped,-1,1,-1,1.0,0.0,0.0,robust isolated,2,1,grouped in ≥2
B035,John Paul Jones Park,Neighborhood Park,B,5.317,496,26,673,0.0,1.0,0.667,grouped,26,137,160,0.0,1.0,1.0,grouped,567,9,-1,0.333,0.667,0.667,grouped,-1,1,-1,1.0,0.0,0.0,robust isolated,2,1,grouped in ≥2
B036,Fort Stirling Park,Triangle/Plaza,B,0.214,480,30,650,0.0,1.0,1.0,grouped,25,82,146,0.0,1.0,1.0,grouped,-1,1,-1,1.0,0.0,0.0,robust isolated,-1,1,-1,1.0,0.0,0.0,robust isolated,1,2,isolated in ≥2
B037,Freedom Triangle,Triangle/Plaza,B,0.004,396,14,524,0.0,1.0,0.833,grouped,28,235,182,0.0,1.0,1.0,grouped,458,12,573,0.111,0.889,0.889,grouped,-1,1,-1,0.938,0.0,0.0,robust isolated,2,1,grouped in ≥2
B038,Fulton Park,Neighborhood Park,B,1.987,428,53,578,0.0,1.0,1.0,grouped,28,235,182,0.0,1.0,1.0,grouped,398,2,-1,0.222,0.444,0.444,grouped,-1,1,-1,0.75,0.25,0.188,unstable,2,0,grouped in ≥2
B040,Grand Army Plaza,Triangle/Plaza,B,14.257,368,5,487,0.125,0.875,0.583,grouped,25,82,146,0.0,1.0,1.0,grouped,-1,1,-1,0.667,0.333,0.333,unstable,-1,1,-1,0.75,0.0,0.0,unstable,1,0,definition-specific
B041,Grant Gore,Triangle/Plaza,B,0.019,428,53,578,0.0,1.0,0.833,grouped,28,235,182,0.0,1.0,1.0,grouped,-1,1,-1,0.778,0.222,0.222,unstable,-1,1,-1,0.875,0.125,0.0,robust isolated,1,1,definition-specific
B042,Gravesend Park,Neighborhood Park,B,6.379,-1,1,-1,0.667,0.333,0.25,unstable,26,137,160,0.0,1.0,1.0,grouped,-1,1,-1,0.667,0.333,0.167,unstable,-1,1,-1,0.875,0.125,0.0,robust isolated,0,1,definition-specific
B043,Greenpoint Playground,Playground,B,0.504,386,53,508,0.0,1.0,0.75,grouped,28,235,182,0.0,1.0,1.0,grouped,383,8,-1,0.444,0.556,0.556,grouped,-1,1,-1,0.938,0.0,0.0,robust isolated,2,1,grouped in ≥2
B044,Dr. Ronald McNair Park,Neighborhood Park,B,1.361,400,6,530,0.0,0.667,0.625,grouped,28,235,182,0.0,1.0,1.0,grouped,-1,1,-1,0.667,0.333,0.333,unstable,-1,1,-1,0.875,0.0,0.0,robust isolated,1,1,definition-specific
B045,Heisser Triangle,Triangle/Plaza,B,0.027,396,14,524,0.0,1.0,1.0,grouped,28,235,182,0.0,1.0,1.0,grouped,458,12,573,0.111,0.889,0.889,grouped,-1,1,-1,1.0,0.0,0.0,robust isolated,2,1,grouped in ≥2
B047A,Highland Park Childrens Garden,Garden,B,0.41,457,2,-1,0.333,0.583,0.375,grouped,27,186,172,0.0,1.0,1.0,grouped,458,12,-1,0.444,0.556,0.278,grouped,-1,1,-1,0.938,0.0,0.0,robust isolated,2,1,grouped in ≥2
B049,Irving Square Park,Neighborhood Park,B,2.76,396,14,524,0.0,1.0,0.875,grouped,28,235,182,0.0,1.0,1.0,grouped,-1,1,-1,0.722,0.167,0.111,unstable,-1,1,-1,1.0,0.0,0.0,robust isolated,1,1,definition-specific
B050,Van Voorhees Playground,Playground,B,5.739,475,19,639,0.0,1.0,0.958,grouped,25,82,146,0.0,1.0,1.0,grouped,-1,1,-1,1.0,0.0,0.0,robust isolated,-1,1,-1,0.938,0.0,0.0,robust isolated,1,2,isolated in ≥2
B051,Kelly Park Playground,Neighborhood Park,B,3.449,506,4,689,0.0,1.0,0.5,grouped,26,137,161,0.0,1.0,1.0,grouped,-1,1,-1,0.778,0.0,0.0,unstable,-1,1,-1,1.0,0.0,0.0,robust isolated,1,1,definition-specific
B052,Leif Ericson Park,Neighborhood Park,B,16.8,496,26,673,0.0,1.0,0.75,grouped,26,137,160,0.0,1.0,1.0,grouped,567,9,-1,0.333,0.667,0.667,grouped,-1,1,-1,1.0,0.0,0.0,robust isolated,2,1,grouped in ≥2
B054,Lincoln Terrace / Arthur S. Somers Park,Community Park,B,17.14,428,53,577,0.083,0.917,0.667,grouped,27,186,172,0.0,1.0,1.0,grouped,-1,1,-1,0.556,0.444,0.444,unstable,-1,1,-1,1.0,0.0,0.0,robust isolated,1,1,definition-specific
B055,Sternberg Park,Playground,B,4.044,386,53,508,0.25,0.75,0.75,grouped,28,235,182,0.0,1.0,1.0,grouped,-1,1,-1,0.667,0.333,0.333,unstable,-1,1,-1,1.0,0.0,0.0,robust isolated,1,1,definition-specific
B056,Martin Luther King Jr. Playground,Playground,B,2.29,459,48,619,0.0,1.0,1.0,grouped,27,186,172,0.0,1.0,1.0,grouped,-1,1,-1,0.556,0.444,0.444,unstable,-1,1,-1,0.875,0.125,0.0,robust isolated,1,1,definition-specific
B058,McCarren Park,Community Park,B,36.493,386,53,508,0.0,1.0,1.0,grouped,28,235,182,0.0,1.0,1.0,grouped,448,18,558,0.111,0.889,0.889,grouped,-1,1,-1,1.0,0.0,0.0,robust isolated,2,1,grouped in ≥2
B060,McKinley Park,Neighborhood Park,B,8.25,496,26,673,0.0,1.0,0.75,grouped,26,137,160,0.0,1.0,1.0,grouped,567,9,-1,0.444,0.556,0.556,grouped,-1,1,-1,1.0,0.0,0.0,robust isolated,2,1,grouped in ≥2
B061,McLaughlin Park,Recreational Field/Courts,B,1.976,480,30,-1,0.0,1.0,0.5,grouped,25,82,146,0.0,1.0,1.0,grouped,434,9,541,0.111,0.889,0.889,grouped,-1,1,-1,1.0,0.0,0.0,robust isolated,2,1,grouped in ≥2
B062,Memorial Gore,Triangle/Plaza,B,0.066,386,53,508,0.0,1.0,0.917,grouped,28,235,182,0.0,1.0,1.0,grouped,-1,1,-1,0.778,0.222,0.222,unstable,-1,1,-1,0.75,0.25,0.0,unstable,1,0,definition-specific
B063,Milestone Park,Neighborhood Park,B,0.476,-1,1,-1,0.5,0.417,0.333,unstable,26,137,161,0.0,1.0,1.0,grouped,-1,1,-1,0.667,0.333,0.167,unstable,-1,1,-1,0.875,0.125,0.0,robust isolated,0,1,definition-specific
B066,Owl's Head Park,Neighborhood Park,B,24.218,496,26,-1,0.25,0.667,0.417,grouped,26,137,160,0.0,1.0,1.0,grouped,608,2,755,0.222,0.333,0.0,grouped,-1,1,-1,1.0,0.0,0.0,robust isolated,2,1,grouped in ≥2
B068,Parade Ground,Recreational Field/Courts,B,39.5,498,7,679,0.0,0.75,0.458,grouped,26,137,161,0.0,1.0,1.0,grouped,-1,1,-1,0.778,0.222,0.222,unstable,-1,1,-1,1.0,0.0,0.0,robust isolated,1,1,definition-specific
B070,Machate Circle,Triangle/Plaza,B,4.32,-1,1,-1,0.667,0.333,0.167,unstable,25,82,-1,0.0,1.0,0.5,grouped,-1,1,-1,0.778,0.222,0.222,unstable,-1,1,-1,0.875,0.0,0.0,robust isolated,0,1,definition-specific
B077,Coffey Park,Neighborhood Park,B,8.271,475,19,639,0.25,0.75,0.25,grouped,25,82,-1,0.5,0.5,0.0,grouped,-1,1,-1,1.0,0.0,0.0,robust isolated,-1,1,-1,1.0,0.0,0.0,robust isolated,1,2,isolated in ≥2
B078,Grace Playground,Jointly Operated Playground,B,2.73,459,48,619,0.0,1.0,1.0,grouped,27,186,172,0.0,1.0,1.0,grouped,-1,1,-1,0.444,0.556,0.556,unstable,-1,1,-1,0.875,0.062,0.0,robust isolated,1,1,definition-specific
B079,Saratoga Park,Neighborhood Park,B,3.214,428,53,578,0.0,1.0,1.0,grouped,28,235,182,0.0,1.0,1.0,grouped,399,2,-1,0.444,0.444,0.0,grouped,-1,1,-1,0.562,0.375,0.188,unstable,2,0,grouped in ≥2
B080,Asser Levy Park,Community Park,B,21.039,484,12,656,0.0,1.0,0.583,grouped,26,137,161,0.0,1.0,1.0,grouped,-1,1,-1,0.444,0.556,0.444,unstable,-1,1,-1,0.5,0.125,0.0,unstable,1,0,definition-specific
B082,Shore Park and Parkway,Community Park,B,58.0,496,26,673,0.0,1.0,0.833,grouped,26,137,160,0.0,1.0,1.0,grouped,567,9,701,0.111,0.667,0.667,grouped,-1,1,-1,1.0,0.0,0.0,robust isolated,2,1,grouped in ≥2
B087,Sunset Park,Community Park,B,24.498,496,26,675,0.0,1.0,0.708,grouped,26,137,160,0.0,1.0,1.0,grouped,-1,1,-1,0.556,0.444,0.444,unstable,-1,1,-1,1.0,0.0,0.0,robust isolated,1,1,definition-specific
B088,Herbert Von King Park,Community Park,B,7.819,402,57,538,0.0,1.0,1.0,grouped,28,235,182,0.0,1.0,1.0,grouped,448,18,558,0.111,0.889,0.889,grouped,-1,1,-1,1.0,0.0,0.0,robust isolated,2,1,grouped in ≥2
B089,Lowry Triangle,Triangle/Plaza,B,0.11,400,6,531,0.0,1.0,1.0,grouped,28,235,182,0.0,1.0,1.0,grouped,-1,1,-1,0.778,0.222,0.222,unstable,-1,1,-1,0.938,0.062,0.0,robust isolated,1,1,definition-specific
B090,Sobel Playground,Playground,B,0.135,386,53,508,0.0,1.0,1.0,grouped,28,235,182,0.0,1.0,1.0,grouped,-1,1,-1,0.667,0.333,0.333,unstable,-1,1,-1,1.0,0.0,0.0,robust isolated,1,1,definition-specific
B093,Weeksville Playground,Playground,B,0.295,428,53,578,0.083,0.917,0.75,grouped,27,186,173,0.0,1.0,1.0,grouped,-1,1,-1,1.0,0.0,0.0,robust isolated,523,2,559,0.25,0.0,0.0,grouped,2,1,grouped in ≥2
B094,Sgt. Joyce Kilmer Square,Triangle/Plaza,B,0.001,507,12,691,0.25,0.667,0.417,grouped,26,137,161,0.0,1.0,1.0,grouped,497,3,-1,0.444,0.556,0.556,grouped,-1,1,-1,1.0,0.0,0.0,robust isolated,2,1,grouped in ≥2
B095,Ennis Playground,Playground,B,0.554,-1,1,-1,0.75,0.25,0.167,unstable,25,82,146,0.0,1.0,1.0,grouped,-1,1,-1,1.0,0.0,0.0,robust isolated,-1,1,-1,1.0,0.0,0.0,robust isolated,0,2,isolated in ≥2
B096,Sgt. William Dougherty Playground,Playground,B,0.429,-1,1,-1,0.583,0.417,0.417,unstable,28,235,182,0.0,1.0,1.0,grouped,-1,1,-1,1.0,0.0,0.0,robust isolated,-1,1,-1,1.0,0.0,0.0,robust isolated,0,2,isolated in ≥2
B097,Sledge Playground,Playground,B,0.328,-1,1,-1,0.75,0.25,0.167,unstable,27,186,174,0.0,1.0,1.0,grouped,-1,1,-1,1.0,0.0,0.0,robust isolated,-1,1,-1,1.0,0.0,0.0,robust isolated,0,2,isolated in ≥2
B098,Martin Luther Playground,Playground,B,0.913,496,26,675,0.25,0.75,0.625,grouped,26,137,160,0.0,1.0,1.0,grouped,567,9,701,0.111,0.667,0.0,grouped,-1,1,-1,0.812,0.0,0.0,robust isolated,2,1,grouped in ≥2
B099,Lt. Joseph Petrosino Park,Playground,B,0.871,-1,1,-1,0.667,0.25,0.25,unstable,26,137,160,0.0,1.0,1.0,grouped,568,5,-1,0.444,0.556,0.556,grouped,-1,1,-1,1.0,0.0,0.0,robust isolated,1,1,definition-specific
B100,Seth Low Playground/ Bealin Square,Neighborhood Park,B,4.945,507,12,694,0.25,0.75,0.5,grouped,26,137,161,0.0,1.0,1.0,grouped,498,3,620,0.111,0.889,0.333,grouped,-1,1,-1,1.0,0.0,0.0,robust isolated,2,1,grouped in ≥2
B102,Crispus Attucks Playground,Playground,B,0.934,402,57,538,0.0,0.917,0.75,grouped,28,235,182,0.0,1.0,1.0,grouped,-1,1,-1,0.556,0.444,0.444,unstable,-1,1,-1,0.812,0.125,0.0,robust isolated,1,1,definition-specific
B103,Cypress Hills Playground,Neighborhood Park,B,4.947,462,2,625,0.25,0.5,0.333,grouped,27,186,172,0.0,1.0,1.0,grouped,-1,1,-1,0.667,0.0,0.0,unstable,-1,1,-1,0.938,0.0,0.0,robust isolated,1,1,definition-specific
B105,Taaffe Playground,Neighborhood Park,B,1.821,402,57,538,0.0,1.0,0.667,grouped,28,235,182,0.0,1.0,1.0,grouped,458,12,573,0.0,0.889,0.889,grouped,-1,1,-1,0.875,0.0,0.0,robust isolated,2,1,grouped in ≥2
B106A,Police Officer John G. Scarangella Park,Neighborhood Park,B,3.214,507,12,692,0.0,1.0,0.833,grouped,26,137,161,0.0,1.0,1.0,grouped,501,4,623,0.111,0.889,0.889,grouped,-1,1,-1,1.0,0.0,0.0,robust isolated,2,1,grouped in ≥2
B106B,Lafayette Playground,Jointly Operated Playground,B,1.187,507,12,-1,0.417,0.583,0.417,grouped,26,137,161,0.0,1.0,1.0,grouped,-1,1,-1,0.667,0.333,0.0,unstable,-1,1,-1,1.0,0.0,0.0,robust isolated,1,1,definition-specific
B107,Lion's Pride Playground,Playground,B,0.865,434,2,586,0.0,0.5,0.5,grouped,27,186,172,0.0,1.0,1.0,grouped,-1,1,-1,1.0,0.0,0.0,robust isolated,-1,1,-1,1.0,0.0,0.0,robust isolated,1,2,isolated in ≥2
B109,Bill Brown Playground,Neighborhood Park,B,3.214,505,6,688,0.0,1.0,0.625,grouped,26,137,161,0.0,1.0,1.0,grouped,-1,1,-1,0.556,0.444,0.444,unstable,-1,1,-1,0.875,0.0,0.0,robust isolated,1,1,definition-specific
B110,Marion Hopkinson Playground,Neighborhood Park,B,1.32,428,53,576,0.0,1.0,0.667,grouped,27,186,173,0.0,1.0,1.0,grouped,-1,1,-1,0.556,0.444,0.444,unstable,-1,1,-1,0.625,0.0,0.0,unstable,1,0,definition-specific
B111,Washington Park,Neighborhood Park,B,3.03,478,7,-1,0.25,0.75,0.417,grouped,25,82,146,0.0,1.0,1.0,grouped,-1,1,-1,0.556,0.444,0.444,unstable,-1,1,-1,1.0,0.0,0.0,robust isolated,1,1,definition-specific
B111A,Washington Skate Park,Jointly Operated Playground,B,1.549,-1,1,-1,0.833,0.167,0.167,robust isolated,25,82,146,0.0,1.0,1.0,grouped,-1,1,-1,1.0,0.0,0.0,robust isolated,-1,1,-1,1.0,0.0,0.0,robust isolated,0,3,isolated in all
B113A,Cadman Plaza Park,Neighborhood Park,B,10.384,480,30,650,0.0,1.0,1.0,grouped,25,82,146,0.0,1.0,0.5,grouped,433,6,534,0.222,0.778,0.778,grouped,-1,1,-1,1.0,0.0,0.0,robust isolated,2,1,grouped in ≥2
B113B,Korean War Veterans Plaza,Neighborhood Park,B,1.195,480,30,650,0.0,1.0,0.25,grouped,25,82,146,0.0,1.0,1.0,grouped,434,9,-1,0.444,0.556,0.556,grouped,-1,1,-1,1.0,0.0,0.0,robust isolated,2,1,grouped in ≥2
B113C,Columbus Park,Neighborhood Park,B,5.43,480,30,650,0.0,1.0,1.0,grouped,25,82,146,0.0,1.0,1.0,grouped,434,9,-1,0.333,0.667,0.667,grouped,-1,1,-1,0.875,0.0,0.0,robust isolated,2,1,grouped in ≥2
B113E,Walt Whitman Park,Triangle/Plaza,B,2.913,480,30,-1,0.25,0.75,0.25,grouped,25,82,-1,0.5,0.5,0.5,grouped,-1,1,-1,1.0,0.0,0.0,robust isolated,-1,1,-1,1.0,0.0,0.0,robust isolated,1,2,isolated in ≥2
B114,Msgr. McGolrick Park,Neighborhood Park,B,9.134,386,53,508,0.0,1.0,0.75,grouped,28,235,182,0.0,1.0,1.0,grouped,448,18,-1,0.444,0.556,0.222,grouped,-1,1,-1,1.0,0.0,0.0,robust isolated,2,1,grouped in ≥2
B115,Cohn Triangle,Triangle/Plaza,B,0.07,386,53,508,0.0,1.0,0.75,grouped,28,235,182,0.0,1.0,1.0,grouped,448,18,558,0.111,0.889,0.222,grouped,-1,1,-1,1.0,0.0,0.0,robust isolated,2,1,grouped in ≥2
B116,Zion Triangle,Triangle/Plaza,B,0.213,428,53,576,0.0,1.0,0.75,grouped,27,186,172,0.0,1.0,1.0,grouped,-1,1,-1,0.556,0.444,0.444,unstable,-1,1,-1,1.0,0.0,0.0,robust isolated,1,1,definition-specific
B117,Lindsay Triangle,Triangle/Plaza,B,0.039,385,7,506,0.0,1.0,0.667,grouped,28,235,182,0.0,1.0,1.0,grouped,397,5,493,0.0,1.0,1.0,grouped,-1,1,-1,1.0,0.0,0.0,robust isolated,2,1,grouped in ≥2
B118A,St. Mary's Park,Recreational Field/Courts,B,0.345,475,19,639,0.0,1.0,1.0,grouped,25,82,146,0.0,1.0,1.0,grouped,434,9,541,0.111,0.889,0.889,grouped,-1,1,-1,1.0,0.0,0.0,robust isolated,2,1,grouped in ≥2
B118B,St. Mary's Park,Playground,B,0.367,475,19,639,0.0,1.0,1.0,grouped,25,82,146,0.0,1.0,1.0,grouped,434,9,541,0.111,0.889,0.889,grouped,-1,1,-1,1.0,0.0,0.0,robust isolated,2,1,grouped in ≥2
B121,Dodger Playground,Playground,B,0.293,-1,1,-1,0.5,0.5,0.25,unstable,28,235,182,0.0,1.0,1.0,grouped,-1,1,-1,1.0,0.0,0.0,robust isolated,-1,1,-1,1.0,0.0,0.0,robust isolated,0,2,isolated in ≥2
B123,Alben Square,Triangle/Plaza,B,0.005,496,26,675,0.0,1.0,1.0,grouped,26,137,160,0.0,1.0,1.0,grouped,568,5,-1,0.444,0.556,0.556,grouped,-1,1,-1,1.0,0.0,0.0,robust isolated,2,1,grouped in ≥2
B124,William Sheridan Playground,Jointly Operated Playground,B,1.17,386,53,512,0.0,1.0,1.0,grouped,28,235,184,0.0,1.0,1.0,grouped,-1,1,-1,0.889,0.111,0.111,robust isolated,-1,1,-1,1.0,0.0,0.0,robust isolated,1,2,isolated in ≥2
B125,Calvert Vaux Park,Recreational Field/Courts,B,85.527,-1,1,-1,0.583,0.417,0.375,unstable,26,137,161,0.0,1.0,1.0,grouped,498,3,620,0.222,0.667,0.0,grouped,-1,1,-1,1.0,0.0,0.0,robust isolated,1,1,definition-specific
B126,Red Hook Recreation Area,Community Park,B,58.503,475,19,639,0.0,1.0,0.667,grouped,25,82,146,0.0,1.0,1.0,grouped,434,9,-1,0.444,0.556,0.556,grouped,-1,1,-1,1.0,0.0,0.0,robust isolated,2,1,grouped in ≥2
B126A,Todd Triangle,Triangle/Plaza,B,0.035,-1,1,-1,1.0,0.0,0.0,robust isolated,-1,1,-1,1.0,0.0,0.0,robust isolated,-1,1,-1,1.0,0.0,0.0,robust isolated,-1,1,-1,1.0,0.0,0.0,robust isolated,0,3,isolated in all
B127,Martinez Playground,Recreational Field/Courts,B,1.373,386,53,511,0.0,0.583,0.583,grouped,28,235,182,0.0,1.0,1.0,grouped,-1,1,-1,0.667,0.333,0.0,unstable,-1,1,-1,1.0,0.0,0.0,robust isolated,1,1,definition-specific
B128,Colonel David Marcus Playground,Playground,B,1.974,507,12,694,0.25,0.75,0.5,grouped,26,137,161,0.0,1.0,1.0,grouped,-1,1,-1,0.667,0.333,0.333,unstable,-1,1,-1,1.0,0.0,0.0,robust isolated,1,1,definition-specific
B129,Kaiser Park,Community Park,B,26.257,484,12,656,0.0,1.0,0.25,grouped,26,137,161,0.0,1.0,0.5,grouped,-1,1,-1,1.0,0.0,0.0,robust isolated,-1,1,-1,1.0,0.0,0.0,robust isolated,1,2,isolated in ≥2
B130,Greenwood Playground,Neighborhood Park,B,3.39,477,4,641,0.0,0.75,0.5,grouped,26,137,160,0.0,1.0,1.0,grouped,-1,1,-1,1.0,0.0,0.0,robust isolated,-1,1,-1,0.875,0.0,0.0,robust isolated,1,2,isolated in ≥2
B131,Rudd Playground,Playground,B,1.278,428,53,578,0.0,1.0,0.25,grouped,28,235,-1,0.5,0.5,0.5,grouped,-1,1,-1,1.0,0.0,0.0,robust isolated,-1,1,-1,1.0,0.0,0.0,robust isolated,1,2,isolated in ≥2
B132,Gilbert Ramirez Park,Neighborhood Park,B,1.034,-1,1,-1,0.583,0.417,0.25,unstable,28,235,182,0.0,1.0,1.0,grouped,-1,1,-1,1.0,0.0,0.0,robust isolated,-1,1,-1,1.0,0.0,0.0,robust isolated,0,2,isolated in ≥2
B135,Newtown Barge Playground,Recreational Field/Courts,B,6.235,-1,1,-1,0.75,0.25,0.25,unstable,28,235,-1,0.5,0.5,0.0,grouped,-1,1,-1,1.0,0.0,0.0,robust isolated,-1,1,-1,1.0,0.0,0.0,robust isolated,0,2,isolated in ≥2
B137,Sixteen Sycamores Playground,Playground,B,0.567,402,57,535,0.25,0.75,0.5,grouped,28,235,182,0.0,1.0,1.0,grouped,-1,1,-1,1.0,0.0,0.0,robust isolated,-1,1,-1,0.875,0.062,0.0,robust isolated,1,2,isolated in ≥2
B139,Heckscher Playground,Playground,B,1.24,-1,1,-1,0.583,0.417,0.333,unstable,28,235,182,0.0,1.0,1.0,grouped,-1,1,-1,1.0,0.0,0.0,robust isolated,-1,1,-1,1.0,0.0,0.0,robust isolated,0,2,isolated in ≥2
B140,Banneker Playground,Jointly Operated Playground,B,1.67,402,57,538,0.0,1.0,1.0,grouped,28,235,182,0.0,1.0,1.0,grouped,448,18,558,0.111,0.889,0.889,grouped,-1,1,-1,0.875,0.125,0.125,robust isolated,2,1,grouped in ≥2
B141,City Line Park,Jointly Operated Playground,B,6.05,459,48,619,0.0,1.0,0.625,grouped,27,186,172,0.0,1.0,1.0,grouped,-1,1,-1,0.889,0.0,0.0,robust isolated,-1,1,-1,1.0,0.0,0.0,robust isolated,1,2,isolated in ≥2
B142,Bedford Playground,Playground,B,0.996,386,53,508,0.0,1.0,0.75,grouped,28,235,182,0.0,1.0,1.0,grouped,448,18,558,0.111,0.889,0.111,grouped,-1,1,-1,1.0,0.0,0.0,robust isolated,2,1,grouped in ≥2
B144,Ocean Hill Playground,Jointly Operated Playground,B,1.595,428,53,578,0.0,1.0,1.0,grouped,27,186,173,0.0,1.0,1.0,grouped,-1,1,-1,1.0,0.0,0.0,robust isolated,-1,1,-1,1.0,0.0,0.0,robust isolated,1,2,isolated in ≥2
B145,Thomas Greene Playground,Community Park,B,2.525,368,5,487,0.0,0.875,0.583,grouped,25,82,146,0.0,1.0,1.0,grouped,607,2,754,0.222,0.0,0.0,grouped,-1,1,-1,0.875,0.0,0.0,robust isolated,2,1,grouped in ≥2
B146,Quaker Parrot Park at the Dust Bowl,Recreational Field/Courts,B,1.65,496,26,673,0.0,1.0,0.75,grouped,26,137,160,0.0,1.0,1.0,grouped,-1,1,-1,1.0,0.0,0.0,robust isolated,-1,1,-1,1.0,0.0,0.0,robust isolated,1,2,isolated in ≥2
B147,Monsignor Crawford Field,Recreational Field/Courts,B,2.291,522,6,-1,0.417,0.583,0.333,grouped,26,137,161,0.0,1.0,1.0,grouped,468,4,-1,0.333,0.556,0.0,grouped,-1,1,-1,0.875,0.0,0.0,robust isolated,2,1,grouped in ≥2
B148,Rolph Henry Playground,Playground,B,0.213,-1,1,-1,0.417,0.583,0.542,unstable,28,235,-1,0.0,1.0,1.0,grouped,-1,1,-1,0.556,0.444,0.0,unstable,-1,1,-1,0.875,0.0,0.0,robust isolated,0,1,definition-specific
B149A,Elton Playground,Playground,B,0.622,459,48,-1,0.333,0.583,0.417,grouped,27,186,172,0.0,1.0,1.0,grouped,-1,1,-1,1.0,0.0,0.0,robust isolated,539,2,575,0.25,0.0,0.0,grouped,2,1,grouped in ≥2
B149B,Linwood Playground,Playground,B,0.705,459,48,619,0.25,0.75,0.583,grouped,27,186,172,0.0,1.0,1.0,grouped,-1,1,-1,1.0,0.0,0.0,robust isolated,-1,1,-1,1.0,0.0,0.0,robust isolated,1,2,isolated in ≥2
B150,Kolbert Playground,Playground,B,1.581,507,12,-1,0.333,0.667,0.333,grouped,26,137,161,0.0,1.0,1.0,grouped,-1,1,-1,0.889,0.0,0.0,robust isolated,-1,1,-1,1.0,0.0,0.0,robust isolated,1,2,isolated in ≥2
B151,Dome Playground,Neighborhood Park,B,1.385,494,2,-1,0.25,0.25,0.167,grouped,26,137,160,0.0,1.0,1.0,grouped,-1,1,-1,0.778,0.0,0.0,unstable,-1,1,-1,0.875,0.0,0.0,robust isolated,1,1,definition-specific
B152,Rappaport Playground,Neighborhood Park,B,1.148,496,26,675,0.0,1.0,1.0,grouped,26,137,160,0.0,1.0,1.0,grouped,567,9,-1,0.444,0.556,0.556,grouped,-1,1,-1,1.0,0.0,0.0,robust isolated,2,1,grouped in ≥2
B153,South Pacific Playground,Neighborhood Park,B,2.264,428,53,578,0.0,1.0,1.0,grouped,27,186,173,0.0,1.0,1.0,grouped,-1,1,-1,1.0,0.0,0.0,robust isolated,-1,1,-1,0.688,0.062,0.0,unstable,1,1,definition-specific
B154,Berry Playground,Playground,B,0.327,-1,1,-1,0.75,0.25,0.25,unstable,28,235,-1,0.5,0.5,0.0,grouped,-1,1,-1,1.0,0.0,0.0,robust isolated,-1,1,-1,1.0,0.0,0.0,robust isolated,0,2,isolated in ≥2
B155,Triangle,Triangle/Plaza,B,0.017,459,48,619,0.0,0.917,0.833,grouped,27,186,172,0.0,1.0,1.0,grouped,354,6,-1,0.444,0.556,0.556,grouped,-1,1,-1,0.75,0.125,0.062,unstable,2,0,grouped in ≥2
B156,Powell Playground,Playground,B,1.024,435,34,587,0.0,1.0,0.75,grouped,27,186,172,0.0,1.0,1.0,grouped,-1,1,-1,1.0,0.0,0.0,robust isolated,-1,1,-1,0.562,0.312,0.0,unstable,1,1,definition-specific
B157,Kelly Park Playground,Jointly Operated Playground,B,1.447,506,4,689,0.0,1.0,0.417,grouped,26,137,161,0.0,1.0,1.0,grouped,-1,1,-1,0.778,0.0,0.0,unstable,-1,1,-1,1.0,0.0,0.0,robust isolated,1,1,definition-specific
B158,Garibaldi Playground,Playground,B,0.437,-1,1,-1,0.667,0.333,0.25,unstable,26,137,161,0.0,1.0,1.0,grouped,-1,1,-1,0.667,0.333,0.167,unstable,-1,1,-1,0.875,0.125,0.0,robust isolated,0,1,definition-specific
B159,Mount Prospect Park,Neighborhood Park,B,7.79,-1,1,-1,0.75,0.25,0.083,unstable,28,235,-1,0.5,0.5,0.5,grouped,-1,1,-1,1.0,0.0,0.0,robust isolated,-1,1,-1,1.0,0.0,0.0,robust isolated,0,2,isolated in ≥2
B160,Ketchum Triangle,Triangle/Plaza,B,0.057,-1,1,-1,0.583,0.417,0.25,unstable,26,137,161,0.0,1.0,1.0,grouped,497,3,-1,0.444,0.556,0.556,grouped,-1,1,-1,1.0,0.0,0.0,robust isolated,1,1,definition-specific
B161,James Forten Playground,Playground,B,0.59,400,6,531,0.0,1.0,1.0,grouped,28,235,-1,0.0,1.0,1.0,grouped,-1,1,-1,1.0,0.0,0.0,robust isolated,-1,1,-1,1.0,0.0,0.0,robust isolated,1,2,isolated in ≥2
B162,Brizzi Playground,Playground,B,0.649,496,26,675,0.0,1.0,1.0,grouped,26,137,160,0.0,1.0,1.0,grouped,568,5,-1,0.444,0.556,0.556,grouped,-1,1,-1,1.0,0.0,0.0,robust isolated,2,1,grouped in ≥2
B163,Sperandeo Brothers Playground,Jointly Operated Playground,B,2.799,459,48,619,0.0,1.0,1.0,grouped,27,186,172,0.0,1.0,1.0,grouped,335,3,-1,0.444,0.556,0.333,grouped,-1,1,-1,1.0,0.0,0.0,robust isolated,2,1,grouped in ≥2
B164,Bath Beach Park,Playground,B,2.964,-1,1,-1,0.583,0.417,0.25,unstable,26,137,161,0.0,1.0,1.0,grouped,-1,1,-1,1.0,0.0,0.0,robust isolated,-1,1,-1,1.0,0.0,0.0,robust isolated,0,2,isolated in ≥2
B165,Spring Creek Park,Nature Area,B,54.963,449,12,603,0.0,1.0,0.667,grouped,27,186,174,0.0,1.0,1.0,grouped,-1,1,-1,0.667,0.333,0.0,unstable,-1,1,-1,1.0,0.0,0.0,robust isolated,1,1,definition-specific
B165A,Spring Creek Park,Nature Area,B,2.203,-1,1,-1,0.0,0.0,0.0,unresolved,-1,1,-1,0.0,0.0,0.0,unresolved,-1,1,-1,0.0,0.0,0.0,unresolved,-1,1,-1,0.0,0.0,0.0,unresolved,0,0,definition-specific
B166B,Homecrest Playground,Playground,B,2.372,-1,1,-1,0.833,0.167,0.167,robust isolated,26,137,161,0.0,1.0,0.5,grouped,-1,1,-1,1.0,0.0,0.0,robust isolated,-1,1,-1,1.0,0.0,0.0,robust isolated,0,3,isolated in all
B166C,Coney Island Boat Basin,Recreational Field/Courts,B,36.81,-1,1,-1,0.875,0.125,0.0,robust isolated,-1,1,-1,1.0,0.0,0.0,robust isolated,-1,1,-1,1.0,0.0,0.0,robust isolated,-1,1,-1,1.0,0.0,0.0,robust isolated,0,3,isolated in all
B166D,McGuire Fields,Recreational Field/Courts,B,77.181,-1,1,-1,0.75,0.25,0.167,unstable,26,137,-1,0.5,0.5,0.5,grouped,-1,1,-1,1.0,0.0,0.0,robust isolated,-1,1,-1,1.0,0.0,0.0,robust isolated,0,2,isolated in ≥2
B166E,Sixteen Lindens Triangle,Triangle/Plaza,B,0.487,-1,1,-1,0.75,0.25,0.167,unstable,26,137,161,0.0,1.0,0.0,grouped,-1,1,-1,1.0,0.0,0.0,robust isolated,-1,1,-1,1.0,0.0,0.0,robust isolated,0,2,isolated in ≥2
B167,La Guardia Playground,Playground,B,0.406,386,53,508,0.25,0.75,0.5,grouped,28,235,182,0.0,1.0,0.5,grouped,-1,1,-1,1.0,0.0,0.0,robust isolated,-1,1,-1,1.0,0.0,0.0,robust isolated,1,2,isolated in ≥2
B167A,La Guardia Playground,Recreational Field/Courts,B,0.773,386,53,508,0.0,1.0,1.0,grouped,28,235,182,0.0,1.0,1.0,grouped,-1,1,-1,1.0,0.0,0.0,robust isolated,-1,1,-1,1.0,0.0,0.0,robust isolated,1,2,isolated in ≥2
B168,Continental Army Plaza,Triangle/Plaza,B,0.532,386,53,508,0.25,0.75,0.5,grouped,28,235,-1,0.5,0.5,0.5,grouped,-1,1,-1,1.0,0.0,0.0,robust isolated,-1,1,-1,1.0,0.0,0.0,robust isolated,1,2,isolated in ≥2
B169A,Brighton Playground,Playground,B,1.225,484,12,656,0.25,0.75,0.417,grouped,26,137,161,0.0,1.0,1.0,grouped,-1,1,-1,1.0,0.0,0.0,robust isolated,-1,1,-1,0.875,0.0,0.0,robust isolated,1,2,isolated in ≥2
B169B,Poseidon Playground,Recreational Field/Courts,B,2.944,484,12,656,0.0,1.0,0.875,grouped,26,137,161,0.0,1.0,1.0,grouped,-1,1,-1,0.667,0.333,0.333,unstable,-1,1,-1,0.75,0.125,0.0,unstable,1,0,definition-specific
B171,Linden Sitting Area,Triangle/Plaza,B,0.139,450,2,607,0.0,0.5,0.417,grouped,27,186,172,0.0,1.0,1.0,grouped,-1,1,-1,1.0,0.0,0.0,robust isolated,-1,1,-1,1.0,0.0,0.0,robust isolated,1,2,isolated in ≥2
B172,Heffernan Triangle,Triangle/Plaza,B,0.029,496,26,675,0.25,0.75,0.75,grouped,26,137,160,0.0,1.0,1.0,grouped,568,5,-1,0.444,0.556,0.556,grouped,-1,1,-1,1.0,0.0,0.0,robust isolated,2,1,grouped in ≥2
B173,Fraser Square,Triangle/Plaza,B,0.667,513,2,704,0.0,0.5,0.375,grouped,26,137,161,0.0,1.0,1.0,grouped,-1,1,-1,0.667,0.333,0.333,unstable,-1,1,-1,1.0,0.0,0.0,robust isolated,1,1,definition-specific
B174,Park,Triangle/Plaza,B,0.061,-1,1,-1,0.5,0.5,0.417,unstable,27,186,172,0.0,1.0,1.0,grouped,-1,1,-1,1.0,0.0,0.0,robust isolated,-1,1,-1,0.75,0.0,0.0,unstable,0,1,definition-specific
B175,Dahill Triangle,Triangle/Plaza,B,0.006,528,2,725,0.0,0.25,0.25,grouped,26,137,161,0.0,1.0,1.0,grouped,603,2,750,0.222,0.0,0.0,grouped,-1,1,-1,1.0,0.0,0.0,robust isolated,2,1,grouped in ≥2
B176,Trust Triangle,Triangle/Plaza,B,0.078,-1,1,-1,0.667,0.25,0.25,unstable,26,137,161,0.0,1.0,1.0,grouped,-1,1,-1,0.944,0.056,0.0,robust isolated,-1,1,-1,1.0,0.0,0.0,robust isolated,0,2,isolated in ≥2
B178,Flatbush Malls,Mall,B,0.73,498,7,680,0.0,1.0,1.0,grouped,26,137,161,0.0,1.0,1.0,grouped,-1,1,-1,0.778,0.222,0.222,unstable,-1,1,-1,0.875,0.0,0.0,robust isolated,1,1,definition-specific
B179,Flatbush Malls,Mall,B,0.8,498,7,680,0.0,1.0,0.167,grouped,26,137,161,0.0,1.0,1.0,grouped,-1,1,-1,0.778,0.222,0.0,unstable,-1,1,-1,1.0,0.0,0.0,robust isolated,1,1,definition-specific
B180,Flatbush Mall,Mall,B,0.02,498,7,680,0.0,1.0,1.0,grouped,26,137,161,0.0,1.0,1.0,grouped,-1,1,-1,0.778,0.222,0.0,unstable,-1,1,-1,1.0,0.0,0.0,robust isolated,1,1,definition-specific
B182,Howard Malls,Triangle/Plaza,B,0.191,435,34,587,0.0,1.0,1.0,grouped,27,186,172,0.0,1.0,1.0,grouped,-1,1,-1,0.556,0.444,0.444,unstable,-1,1,-1,0.875,0.0,0.0,robust isolated,1,1,definition-specific
B184,Avenue R Mall,Mall,B,0.258,506,4,-1,0.417,0.583,0.333,grouped,26,137,161,0.0,1.0,1.0,grouped,-1,1,-1,0.778,0.222,0.111,unstable,-1,1,-1,1.0,0.0,0.0,robust isolated,1,1,definition-specific
B190,Barone Triangle,Triangle/Plaza,B,0.15,522,6,715,0.0,0.75,0.417,grouped,26,137,161,0.0,1.0,1.0,grouped,468,4,585,0.0,0.889,0.889,grouped,-1,1,-1,1.0,0.0,0.0,robust isolated,2,1,grouped in ≥2
B191,Park,Triangle/Plaza,B,0.097,496,26,675,0.0,1.0,1.0,grouped,26,137,160,0.0,1.0,1.0,grouped,567,9,-1,0.333,0.667,0.667,grouped,-1,1,-1,1.0,0.0,0.0,robust isolated,2,1,grouped in ≥2
B192,Russell Pedersen Playground,Jointly Operated Playground,B,1.37,496,26,673,0.083,0.833,0.5,grouped,26,137,160,0.0,1.0,1.0,grouped,608,2,755,0.222,0.333,0.0,grouped,-1,1,-1,1.0,0.0,0.0,robust isolated,2,1,grouped in ≥2
B192A,Fort Hamilton Athletic Field,Recreational Field/Courts,B,6.02,496,26,673,0.0,1.0,0.583,grouped,26,137,160,0.0,1.0,1.0,grouped,-1,1,-1,0.667,0.333,0.0,unstable,-1,1,-1,1.0,0.0,0.0,robust isolated,1,1,definition-specific
B193,Hamilton Metz Field,Neighborhood Park,B,2.112,428,53,578,0.042,0.875,0.417,grouped,28,235,182,0.0,1.0,1.0,grouped,-1,1,-1,1.0,0.0,0.0,robust isolated,-1,1,-1,0.938,0.0,0.0,robust isolated,1,2,isolated in ≥2
B194,Harmony Triangle,Triangle/Plaza,B,0.1,385,7,506,0.0,1.0,0.708,grouped,28,235,182,0.0,1.0,1.0,grouped,448,18,558,0.111,0.889,0.889,grouped,-1,1,-1,0.875,0.125,0.0,robust isolated,2,1,grouped in ≥2
B196,Pvt. Sonsire Triangle,Triangle/Plaza,B,0.036,386,53,508,0.0,1.0,1.0,grouped,28,235,182,0.0,1.0,1.0,grouped,448,18,558,0.111,0.889,0.889,grouped,-1,1,-1,0.75,0.25,0.0,unstable,2,0,grouped in ≥2
B197,Mellett Playground,Neighborhood Park,B,1.056,506,4,689,0.0,1.0,0.417,grouped,26,137,161,0.0,1.0,1.0,grouped,-1,1,-1,0.667,0.333,0.333,unstable,-1,1,-1,1.0,0.0,0.0,robust isolated,1,1,definition-specific
B200,Elizabeth Stroud Playground,Playground,B,0.29,428,53,578,0.208,0.792,0.75,grouped,28,235,182,0.0,1.0,1.0,grouped,-1,1,-1,0.556,0.444,0.444,unstable,-1,1,-1,0.75,0.25,0.188,unstable,1,0,definition-specific
B202,Lithuania Square,Triangle/Plaza,B,0.02,386,53,508,0.0,1.0,1.0,grouped,28,235,182,0.0,1.0,1.0,grouped,448,18,558,0.111,0.889,0.889,grouped,-1,1,-1,0.625,0.125,0.0,unstable,2,0,grouped in ≥2
B205,Corporal Wiltshire Square,Triangle/Plaza,B,0.051,507,12,691,0.083,0.833,0.417,grouped,26,137,161,0.0,1.0,1.0,grouped,497,3,-1,0.444,0.556,0.556,grouped,-1,1,-1,1.0,0.0,0.0,robust isolated,2,1,grouped in ≥2
B206,Sunners Playground,Playground,B,0.197,520,2,713,0.0,0.417,0.333,grouped,26,137,161,0.0,1.0,1.0,grouped,602,2,749,0.222,0.0,0.0,grouped,-1,1,-1,1.0,0.0,0.0,robust isolated,2,1,grouped in ≥2
B207,Sarsfield Playground,Playground,B,0.579,513,2,704,0.0,0.5,0.25,grouped,26,137,161,0.0,1.0,1.0,grouped,-1,1,-1,0.556,0.444,0.278,unstable,-1,1,-1,1.0,0.0,0.0,robust isolated,1,1,definition-specific
B208,Pfc Norton Playground,Playground,B,0.55,514,3,705,0.0,0.833,0.542,grouped,26,137,161,0.0,1.0,1.0,grouped,-1,1,-1,0.667,0.333,0.333,unstable,-1,1,-1,0.562,0.188,0.0,unstable,1,0,definition-specific
B209,Galapo Playground,Playground,B,0.565,505,6,688,0.0,1.0,0.583,grouped,26,137,161,0.0,1.0,1.0,grouped,376,2,-1,0.444,0.444,0.444,grouped,-1,1,-1,0.875,0.0,0.0,robust isolated,2,1,grouped in ≥2
B210A,John Allen Payne Playground,Playground,B,1.51,496,26,673,0.0,0.75,0.75,grouped,26,137,160,0.0,1.0,1.0,grouped,-1,1,-1,0.556,0.444,0.222,unstable,-1,1,-1,1.0,0.0,0.0,robust isolated,1,1,definition-specific
B210B,D'Emic Playground,Playground,B,1.13,496,26,675,0.0,1.0,0.5,grouped,26,137,160,0.0,1.0,1.0,grouped,-1,1,-1,1.0,0.0,0.0,robust isolated,-1,1,-1,1.0,0.0,0.0,robust isolated,1,2,isolated in ≥2
B210C,Cough Triangle,Triangle/Plaza,B,0.032,475,19,639,0.0,1.0,0.75,grouped,25,82,146,0.0,1.0,1.0,grouped,434,9,-1,0.444,0.556,0.556,grouped,-1,1,-1,0.875,0.0,0.0,robust isolated,2,1,grouped in ≥2
B210F,Admiral Triangle,Playground,B,0.433,475,19,639,0.0,1.0,1.0,grouped,25,82,146,0.0,1.0,1.0,grouped,-1,1,-1,1.0,0.0,0.0,robust isolated,-1,1,-1,1.0,0.0,0.0,robust isolated,1,2,isolated in ≥2
B210G,Triangle Three Sixteen,Triangle/Plaza,B,0.28,479,6,-1,0.333,0.667,0.458,grouped,25,82,146,0.0,1.0,1.0,grouped,607,2,754,0.222,0.0,0.0,grouped,-1,1,-1,0.875,0.0,0.0,robust isolated,2,1,grouped in ≥2
B210H,Harold Ickes Playground,Playground,B,1.816,475,19,639,0.0,1.0,0.958,grouped,25,82,146,0.0,1.0,1.0,grouped,-1,1,-1,0.833,0.167,0.167,robust isolated,-1,1,-1,1.0,0.0,0.0,robust isolated,1,2,isolated in ≥2
B210I,Gonzalo Plasencia Playground,Jointly Operated Playground,B,1.236,496,26,675,0.0,1.0,0.667,grouped,26,137,160,0.0,1.0,1.0,grouped,-1,1,-1,1.0,0.0,0.0,robust isolated,-1,1,-1,1.0,0.0,0.0,robust isolated,1,2,isolated in ≥2
B210J,Pena Herrera Playground,Jointly Operated Playground,B,0.736,496,26,675,0.0,1.0,0.667,grouped,26,137,160,0.0,1.0,1.0,grouped,-1,1,-1,1.0,0.0,0.0,robust isolated,-1,1,-1,1.0,0.0,0.0,robust isolated,1,2,isolated in ≥2
B210L,64th Street Community Garden,Strip,B,0.009,-1,1,-1,0.75,0.25,0.25,unstable,26,137,160,0.0,1.0,1.0,grouped,-1,1,-1,1.0,0.0,0.0,robust isolated,-1,1,-1,1.0,0.0,0.0,robust isolated,0,2,isolated in ≥2
B210M,Park,Strip,B,0.008,496,26,673,0.0,0.75,0.75,grouped,26,137,160,0.0,1.0,1.0,grouped,567,9,-1,0.333,0.667,0.667,grouped,-1,1,-1,1.0,0.0,0.0,robust isolated,2,1,grouped in ≥2
B210N,Park,Strip,B,0.002,-1,1,-1,0.5,0.5,0.5,unstable,26,137,160,0.0,1.0,1.0,grouped,-1,1,-1,0.833,0.167,0.167,robust isolated,-1,1,-1,1.0,0.0,0.0,robust isolated,0,2,isolated in ≥2
B210O,Park,Strip,B,0.006,496,26,673,0.0,1.0,0.75,grouped,26,137,160,0.0,1.0,1.0,grouped,-1,1,-1,1.0,0.0,0.0,robust isolated,-1,1,-1,1.0,0.0,0.0,robust isolated,1,2,isolated in ≥2
B210P,Dan Ross Playground,Playground,B,0.256,495,3,-1,0.417,0.583,0.417,grouped,26,137,160,0.0,1.0,1.0,grouped,-1,1,-1,1.0,0.0,0.0,robust isolated,-1,1,-1,1.0,0.0,0.0,robust isolated,1,2,isolated in ≥2
B210Q,Park,Strip,B,0.004,495,3,671,0.167,0.667,0.417,grouped,26,137,161,0.0,1.0,1.0,grouped,-1,1,-1,0.778,0.222,0.222,unstable,-1,1,-1,0.625,0.125,0.0,unstable,1,0,definition-specific
B210R,Park,Strip,B,0.004,-1,1,-1,0.75,0.25,0.167,unstable,26,137,-1,0.5,0.5,0.0,grouped,-1,1,-1,1.0,0.0,0.0,robust isolated,-1,1,-1,1.0,0.0,0.0,robust isolated,0,2,isolated in ≥2
B210S,Park,Strip,B,0.004,490,2,665,0.0,0.25,0.25,grouped,26,137,161,0.0,1.0,1.0,grouped,502,2,624,0.222,0.389,0.389,grouped,-1,1,-1,0.75,0.0,0.0,unstable,2,0,grouped in ≥2
B210T,Park,Strip,B,0.004,490,2,665,0.0,0.25,0.25,grouped,26,137,161,0.0,1.0,1.0,grouped,502,2,624,0.222,0.389,0.389,grouped,-1,1,-1,0.75,0.0,0.0,unstable,2,0,grouped in ≥2
B210U,Park,Strip,B,0.002,489,2,-1,0.5,0.25,0.25,grouped,26,137,-1,0.5,0.5,0.0,grouped,-1,1,-1,1.0,0.0,0.0,robust isolated,-1,1,-1,1.0,0.0,0.0,robust isolated,1,2,isolated in ≥2
B210V,Park,Parkway,B,0.586,489,2,-1,0.5,0.25,0.25,grouped,-1,1,-1,1.0,0.0,0.0,robust isolated,-1,1,-1,1.0,0.0,0.0,robust isolated,-1,1,-1,1.0,0.0,0.0,robust isolated,1,2,isolated in ≥2
B210W,John J Carty Park,Neighborhood Park,B,8.565,496,26,673,0.0,1.0,0.667,grouped,26,137,160,0.0,1.0,1.0,grouped,-1,1,-1,0.778,0.222,0.222,unstable,-1,1,-1,0.75,0.0,0.0,unstable,1,0,definition-specific
B211,Lady Moody Triangle,Triangle/Plaza,B,0.052,507,12,692,0.0,1.0,0.792,grouped,26,137,161,0.0,1.0,1.0,grouped,501,4,623,0.111,0.889,0.889,grouped,-1,1,-1,1.0,0.0,0.0,robust isolated,2,1,grouped in ≥2
B212,Hot Spot Tot Lot,Playground,B,0.322,498,7,680,0.0,1.0,1.0,grouped,26,137,161,0.0,1.0,1.0,grouped,-1,1,-1,0.778,0.222,0.0,unstable,-1,1,-1,1.0,0.0,0.0,robust isolated,1,1,definition-specific
B213,Gravesend Triangle,Triangle/Plaza,B,0.06,508,2,-1,0.417,0.583,0.25,grouped,26,137,161,0.0,1.0,1.0,grouped,-1,1,-1,0.667,0.333,0.333,unstable,-1,1,-1,1.0,0.0,0.0,robust isolated,1,1,definition-specific
B214,Linden Park,Jointly Operated Playground,B,9.322,449,12,604,0.0,1.0,1.0,grouped,27,186,172,0.0,1.0,1.0,grouped,-1,1,-1,0.778,0.222,0.222,unstable,-1,1,-1,0.938,0.0,0.0,robust isolated,1,1,definition-specific
B215,Decatur Playground,Jointly Operated Playground,B,1.5,426,3,572,0.25,0.75,0.417,grouped,28,235,182,0.0,1.0,1.0,grouped,-1,1,-1,1.0,0.0,0.0,robust isolated,411,3,437,0.25,0.625,0.062,grouped,2,1,grouped in ≥2
B216,Raymond Bush Playground,Jointly Operated Playground,B,2.015,402,57,538,0.0,1.0,1.0,grouped,28,235,182,0.0,1.0,1.0,grouped,-1,1,-1,1.0,0.0,0.0,robust isolated,459,3,491,0.125,0.625,0.125,grouped,2,1,grouped in ≥2
B217,Marcy Playground,Community Park,B,3.201,402,57,538,0.0,1.0,1.0,grouped,28,235,182,0.0,1.0,1.0,grouped,448,18,558,0.111,0.889,0.889,grouped,-1,1,-1,1.0,0.0,0.0,robust isolated,2,1,grouped in ≥2
B218,Paerdegat Park,Community Park,B,3.56,512,3,703,0.0,1.0,0.167,grouped,26,137,161,0.0,1.0,1.0,grouped,-1,1,-1,0.889,0.111,0.0,robust isolated,-1,1,-1,1.0,0.0,0.0,robust isolated,1,2,isolated in ≥2
B219,Callahan-Kelly Playground,Community Park,B,3.461,428,53,578,0.0,1.0,1.0,grouped,28,235,182,0.0,1.0,1.0,grouped,-1,1,-1,0.556,0.444,0.444,unstable,-1,1,-1,0.875,0.125,0.125,robust isolated,1,1,definition-specific
B220,Washington Hall Park,Playground,B,0.901,402,57,538,0.0,1.0,0.833,grouped,28,235,182,0.0,1.0,1.0,grouped,-1,1,-1,0.778,0.222,0.222,unstable,-1,1,-1,0.5,0.25,0.0,unstable,1,0,definition-specific
B221,Steuben Playground,Neighborhood Park,B,1.171,385,7,507,0.0,0.75,0.583,grouped,28,235,182,0.0,1.0,1.0,grouped,-1,1,-1,0.556,0.444,0.444,unstable,439,2,-1,0.312,0.438,0.0,grouped,2,0,grouped in ≥2
B222,Pierrepont Playground,Playground,B,0.503,480,30,650,0.0,1.0,1.0,grouped,25,82,146,0.0,1.0,1.0,grouped,-1,1,-1,0.889,0.111,0.111,robust isolated,-1,1,-1,0.625,0.375,0.25,unstable,1,1,definition-specific
B223A,Dimattina Playground,Recreational Field/Courts,B,1.38,475,19,639,0.125,0.875,0.833,grouped,25,82,146,0.0,1.0,1.0,grouped,-1,1,-1,1.0,0.0,0.0,robust isolated,-1,1,-1,1.0,0.0,0.0,robust isolated,1,2,isolated in ≥2
B223B,Dimattina Playground,Playground,B,0.52,-1,1,-1,0.75,0.25,0.167,unstable,25,82,-1,0.5,0.5,0.0,grouped,-1,1,-1,1.0,0.0,0.0,robust isolated,-1,1,-1,1.0,0.0,0.0,robust isolated,0,2,isolated in ≥2
B223C,Park,Strip,B,0.003,475,19,639,0.0,1.0,0.958,grouped,25,82,146,0.0,1.0,1.0,grouped,-1,1,-1,1.0,0.0,0.0,robust isolated,-1,1,-1,1.0,0.0,0.0,robust isolated,1,2,isolated in ≥2
B223DA,Adam Yauch Park,Playground,B,1.363,480,30,650,0.0,1.0,1.0,grouped,25,82,146,0.0,1.0,1.0,grouped,-1,1,-1,0.889,0.111,0.111,robust isolated,-1,1,-1,0.688,0.312,0.25,unstable,1,1,definition-specific
B223DB,Brooklyn Heights Promenade,Triangle/Plaza,B,0.026,480,30,650,0.0,1.0,1.0,grouped,25,82,146,0.0,1.0,1.0,grouped,-1,1,-1,0.889,0.111,0.111,robust isolated,542,8,-1,0.375,0.625,0.5,grouped,2,1,grouped in ≥2
B223DC,Brooklyn Heights Promenade,Triangle/Plaza,B,0.04,480,30,650,0.0,1.0,1.0,grouped,25,82,146,0.0,1.0,1.0,grouped,-1,1,-1,0.889,0.111,0.111,robust isolated,542,8,-1,0.375,0.625,0.5,grouped,2,1,grouped in ≥2
B223DD,Brooklyn Heights Promenade,Triangle/Plaza,B,0.108,480,30,650,0.0,1.0,1.0,grouped,25,82,146,0.0,1.0,1.0,grouped,-1,1,-1,0.889,0.111,0.111,robust isolated,-1,1,-1,0.875,0.125,0.125,robust isolated,1,2,isolated in ≥2
B223DE,Brooklyn Heights Promenade,Triangle/Plaza,B,0.21,480,30,650,0.0,1.0,1.0,grouped,25,82,146,0.0,1.0,1.0,grouped,-1,1,-1,0.889,0.111,0.111,robust isolated,-1,1,-1,0.875,0.125,0.125,robust isolated,1,2,isolated in ≥2
B223DF,Brooklyn Heights Promenade,Triangle/Plaza,B,0.08,480,30,650,0.0,1.0,1.0,grouped,25,82,146,0.0,1.0,1.0,grouped,-1,1,-1,0.889,0.111,0.111,robust isolated,-1,1,-1,0.875,0.125,0.125,robust isolated,1,2,isolated in ≥2
B223DG,Brooklyn Heights Promenade,Triangle/Plaza,B,0.32,480,30,650,0.0,1.0,1.0,grouped,25,82,146,0.0,1.0,1.0,grouped,-1,1,-1,0.889,0.111,0.111,robust isolated,542,8,-1,0.5,0.5,0.5,grouped,2,1,grouped in ≥2
B223DH,Brooklyn Heights Promenade,Triangle/Plaza,B,0.093,480,30,650,0.0,1.0,1.0,grouped,25,82,146,0.0,1.0,1.0,grouped,-1,1,-1,0.889,0.111,0.111,robust isolated,542,8,-1,0.5,0.5,0.5,grouped,2,1,grouped in ≥2
B223DI,Brooklyn Heights Promenade,Triangle/Plaza,B,0.138,480,30,650,0.0,1.0,1.0,grouped,25,82,146,0.0,1.0,1.0,grouped,-1,1,-1,0.889,0.111,0.111,robust isolated,542,8,-1,0.5,0.5,0.5,grouped,2,1,grouped in ≥2
B223DJ,Brooklyn Heights Promenade,Triangle/Plaza,B,0.09,480,30,650,0.0,1.0,1.0,grouped,25,82,146,0.0,1.0,1.0,grouped,-1,1,-1,0.889,0.111,0.111,robust isolated,542,8,-1,0.375,0.625,0.5,grouped,2,1,grouped in ≥2
B223DK,Brooklyn Heights Promenade,Triangle/Plaza,B,1.093,480,30,650,0.0,1.0,1.0,grouped,25,82,-1,0.5,0.5,0.5,grouped,-1,1,-1,0.889,0.111,0.111,robust isolated,-1,1,-1,0.875,0.125,0.125,robust isolated,1,2,isolated in ≥2
B223E,Fruit Street Sitting Area,Triangle/Plaza,B,0.92,480,30,650,0.0,1.0,1.0,grouped,25,82,146,0.0,1.0,1.0,grouped,-1,1,-1,0.889,0.111,0.111,robust isolated,542,8,-1,0.5,0.5,0.5,grouped,2,1,grouped in ≥2
B223F,Squibb Park,Neighborhood Park,B,0.626,480,30,650,0.0,1.0,1.0,grouped,25,82,146,0.0,1.0,1.0,grouped,-1,1,-1,0.889,0.111,0.111,robust isolated,542,8,-1,0.5,0.5,0.5,grouped,2,1,grouped in ≥2
B223G,Hillside Dog Park,Neighborhood Park,B,2.06,480,30,650,0.0,1.0,1.0,grouped,25,82,146,0.0,1.0,0.5,grouped,-1,1,-1,1.0,0.0,0.0,robust isolated,-1,1,-1,1.0,0.0,0.0,robust isolated,1,2,isolated in ≥2
B223H,Harry Chapin Playground,Playground,B,0.3,480,30,650,0.0,1.0,1.0,grouped,25,82,146,0.0,1.0,0.5,grouped,-1,1,-1,1.0,0.0,0.0,robust isolated,-1,1,-1,1.0,0.0,0.0,robust isolated,1,2,isolated in ≥2
B223I,Anchorage Plaza,Triangle/Plaza,B,2.2,480,30,650,0.0,1.0,1.0,grouped,25,82,-1,0.5,0.5,0.5,grouped,433,6,534,0.222,0.778,0.778,grouped,-1,1,-1,1.0,0.0,0.0,robust isolated,2,1,grouped in ≥2
B223IA,Clumber Corner,Parkway,B,0.947,480,30,650,0.0,1.0,1.0,grouped,25,82,-1,0.5,0.5,0.5,grouped,433,6,-1,0.333,0.667,0.667,grouped,-1,1,-1,1.0,0.0,0.0,robust isolated,2,1,grouped in ≥2
B223IB,Bar and Grill Park,Parkway,B,0.489,480,30,650,0.0,1.0,0.75,grouped,25,82,147,0.0,0.5,0.0,grouped,-1,1,-1,1.0,0.0,0.0,robust isolated,-1,1,-1,1.0,0.0,0.0,robust isolated,1,2,isolated in ≥2
B223IC,Park,Triangle/Plaza,B,0.047,-1,1,-1,0.75,0.25,0.25,unstable,-1,1,-1,1.0,0.0,0.0,robust isolated,-1,1,-1,1.0,0.0,0.0,robust isolated,-1,1,-1,1.0,0.0,0.0,robust isolated,0,2,isolated in ≥2
B223JA,Park,Triangle/Plaza,B,0.09,-1,1,-1,0.5,0.5,0.375,unstable,-1,1,-1,1.0,0.0,0.0,robust isolated,-1,1,-1,1.0,0.0,0.0,robust isolated,-1,1,-1,1.0,0.0,0.0,robust isolated,0,2,isolated in ≥2
B223JB,Susan Smith McKinney Steward Park,Playground,B,1.884,480,30,650,0.0,1.0,1.0,grouped,25,82,-1,0.5,0.5,0.5,grouped,433,6,-1,0.333,0.667,0.667,grouped,-1,1,-1,1.0,0.0,0.0,robust isolated,2,1,grouped in ≥2
B223JC,Bridge Park 3,Recreational Field/Courts,B,1.934,480,30,650,0.0,1.0,1.0,grouped,25,82,-1,0.5,0.5,0.5,grouped,433,6,-1,0.333,0.667,0.667,grouped,-1,1,-1,1.0,0.0,0.0,robust isolated,2,1,grouped in ≥2
B223JD,Maritcha R. Lyons Park,Triangle/Plaza,B,0.233,480,30,650,0.0,1.0,1.0,grouped,25,82,-1,0.5,0.5,0.5,grouped,433,6,-1,0.333,0.667,0.667,grouped,-1,1,-1,1.0,0.0,0.0,robust isolated,2,1,grouped in ≥2
B223K,Trinity Park,Parkway,B,6.3,402,57,538,0.0,1.0,1.0,grouped,28,235,182,0.0,1.0,1.0,grouped,-1,1,-1,0.556,0.444,0.444,unstable,-1,1,-1,0.688,0.312,0.0,unstable,1,0,definition-specific
B223MA,Arbor Place,Triangle/Plaza,B,0.068,402,57,538,0.0,1.0,0.833,grouped,28,235,182,0.0,1.0,1.0,grouped,-1,1,-1,1.0,0.0,0.0,robust isolated,-1,1,-1,0.625,0.188,0.0,unstable,1,1,definition-specific
B223NA,Classon Playground,Playground,B,2.982,385,7,507,0.0,0.75,0.667,grouped,28,235,182,0.0,1.0,1.0,grouped,383,8,-1,0.333,0.667,0.667,grouped,-1,1,-1,1.0,0.0,0.0,robust isolated,2,1,grouped in ≥2
B223NB,Classon Triangle,Triangle/Plaza,B,0.206,-1,1,-1,0.5,0.5,0.5,unstable,28,235,182,0.0,1.0,1.0,grouped,383,8,-1,0.444,0.556,0.556,grouped,-1,1,-1,1.0,0.0,0.0,robust isolated,1,1,definition-specific
B223NC,Penn Triangle,Playground,B,0.183,385,7,507,0.25,0.75,0.667,grouped,28,235,182,0.0,1.0,1.0,grouped,-1,1,-1,0.889,0.111,0.111,robust isolated,-1,1,-1,1.0,0.0,0.0,robust isolated,1,2,isolated in ≥2
B223OB,Marcy Park South,Recreational Field/Courts,B,0.357,386,53,508,0.0,1.0,1.0,grouped,28,235,182,0.0,1.0,1.0,grouped,-1,1,-1,0.889,0.111,0.111,robust isolated,-1,1,-1,1.0,0.0,0.0,robust isolated,1,2,isolated in ≥2
B223OC,Rodney Park South,Recreational Field/Courts,B,0.392,386,53,508,0.0,1.0,1.0,grouped,28,235,182,0.0,1.0,1.0,grouped,-1,1,-1,0.889,0.111,0.111,robust isolated,-1,1,-1,1.0,0.0,0.0,robust isolated,1,2,isolated in ≥2
B223PA,Rodney Park Center,Recreational Field/Courts,B,0.237,386,53,508,0.0,1.0,1.0,grouped,28,235,182,0.0,1.0,1.0,grouped,-1,1,-1,1.0,0.0,0.0,robust isolated,-1,1,-1,1.0,0.0,0.0,robust isolated,1,2,isolated in ≥2
B223PB,Rodney Park North,Recreational Field/Courts,B,0.37,386,53,508,0.0,1.0,1.0,grouped,28,235,182,0.0,1.0,1.0,grouped,-1,1,-1,1.0,0.0,0.0,robust isolated,-1,1,-1,1.0,0.0,0.0,robust isolated,1,2,isolated in ≥2
B223PC,Strawberry Playground,Playground,B,0.319,386,53,508,0.0,1.0,1.0,grouped,28,235,182,0.0,1.0,1.0,grouped,-1,1,-1,1.0,0.0,0.0,robust isolated,-1,1,-1,0.875,0.125,0.0,robust isolated,1,2,isolated in ≥2
B223PD,Rodney Playground Center,Neighborhood Park,B,0.189,386,53,508,0.0,1.0,1.0,grouped,28,235,182,0.0,1.0,1.0,grouped,-1,1,-1,1.0,0.0,0.0,robust isolated,-1,1,-1,1.0,0.0,0.0,robust isolated,1,2,isolated in ≥2
B223PE,Blue Playground,Playground,B,0.29,386,53,508,0.0,1.0,1.0,grouped,28,235,182,0.0,1.0,1.0,grouped,-1,1,-1,0.611,0.389,0.389,unstable,-1,1,-1,1.0,0.0,0.0,robust isolated,1,1,definition-specific
B223QA,Marcy Green South,Triangle/Plaza,B,0.104,386,53,508,0.0,1.0,1.0,grouped,28,235,182,0.0,1.0,1.0,grouped,-1,1,-1,1.0,0.0,0.0,robust isolated,-1,1,-1,1.0,0.0,0.0,robust isolated,1,2,isolated in ≥2
B223QB,Marcy Green Center,Triangle/Plaza,B,0.195,386,53,508,0.0,1.0,1.0,grouped,28,235,182,0.0,1.0,1.0,grouped,-1,1,-1,1.0,0.0,0.0,robust isolated,-1,1,-1,1.0,0.0,0.0,robust isolated,1,2,isolated in ≥2
B223QC,Marcy Green North,Triangle/Plaza,B,0.137,386,53,508,0.0,1.0,1.0,grouped,28,235,182,0.0,1.0,1.0,grouped,-1,1,-1,1.0,0.0,0.0,robust isolated,-1,1,-1,1.0,0.0,0.0,robust isolated,1,2,isolated in ≥2
B223R,Jaime Campiz Playground,Playground,B,0.752,386,53,508,0.0,1.0,0.917,grouped,28,235,182,0.0,1.0,1.0,grouped,-1,1,-1,0.778,0.222,0.222,unstable,-1,1,-1,0.625,0.25,0.0,unstable,1,0,definition-specific
B223S,Macri Triangle,Triangle/Plaza,B,0.57,386,53,508,0.0,1.0,1.0,grouped,28,235,182,0.0,1.0,1.0,grouped,448,18,558,0.111,0.889,0.889,grouped,-1,1,-1,1.0,0.0,0.0,robust isolated,2,1,grouped in ≥2
B223T,Father Giorgio Triangle,Triangle/Plaza,B,0.067,386,53,508,0.0,1.0,1.0,grouped,28,235,182,0.0,1.0,1.0,grouped,-1,1,-1,0.667,0.333,0.333,unstable,-1,1,-1,1.0,0.0,0.0,robust isolated,1,1,definition-specific
B223U,Lentol Garden,Triangle/Plaza,B,0.762,386,53,508,0.25,0.75,0.75,grouped,28,235,182,0.0,1.0,1.0,grouped,-1,1,-1,0.778,0.222,0.222,unstable,-1,1,-1,1.0,0.0,0.0,robust isolated,1,1,definition-specific
B223V,Badame Sessa Triangle,Triangle/Plaza,B,0.067,386,53,508,0.0,1.0,1.0,grouped,28,235,182,0.0,1.0,1.0,grouped,-1,1,-1,1.0,0.0,0.0,robust isolated,-1,1,-1,1.0,0.0,0.0,robust isolated,1,2,isolated in ≥2
B224,P.O. Reinaldo Salgado Playground,Neighborhood Park,B,2.289,403,7,541,0.0,1.0,0.833,grouped,28,235,182,0.0,1.0,1.0,grouped,583,3,-1,0.444,0.556,0.0,grouped,459,3,-1,0.375,0.625,0.312,grouped,3,0,grouped in all
B224A,Citizens For A Better Community,Garden,B,0.299,403,7,541,0.0,1.0,0.75,grouped,28,235,182,0.0,1.0,1.0,grouped,583,3,-1,0.444,0.556,0.0,grouped,460,2,-1,0.5,0.5,0.25,grouped,3,0,grouped in all
B225,St. Andrew's Playground,Neighborhood Park,B,3.38,428,53,578,0.0,1.0,1.0,grouped,28,235,182,0.0,1.0,1.0,grouped,412,5,511,0.222,0.778,0.778,grouped,-1,1,-1,1.0,0.0,0.0,robust isolated,2,1,grouped in ≥2
B226,Mt. Carmel Triangle,Triangle/Plaza,B,0.102,386,53,508,0.0,1.0,1.0,grouped,28,235,182,0.0,1.0,1.0,grouped,448,18,558,0.111,0.889,0.889,grouped,-1,1,-1,0.625,0.25,0.0,unstable,2,0,grouped in ≥2
B227,P.S. 125 Playground,Playground,B,0.208,435,34,587,0.0,1.0,1.0,grouped,27,186,172,0.0,1.0,1.0,grouped,374,12,460,0.111,0.889,0.889,grouped,-1,1,-1,0.875,0.062,0.0,robust isolated,2,1,grouped in ≥2
B228,Dr. Green Playground,Playground,B,1.791,435,34,587,0.0,1.0,1.0,grouped,27,186,172,0.0,1.0,1.0,grouped,374,12,461,0.222,0.778,0.778,grouped,-1,1,-1,0.688,0.312,0.188,unstable,2,0,grouped in ≥2
B229,Triangle,Triangle/Plaza,B,0.019,-1,1,-1,0.583,0.417,0.333,unstable,26,137,161,0.0,1.0,1.0,grouped,596,3,743,0.0,1.0,1.0,grouped,-1,1,-1,1.0,0.0,0.0,robust isolated,1,1,definition-specific
B230,Nicholas Naquan Heyward Jr. Park,Neighborhood Park,B,1.041,-1,1,-1,0.75,0.25,0.25,unstable,25,82,146,0.0,1.0,1.0,grouped,-1,1,-1,1.0,0.0,0.0,robust isolated,-1,1,-1,1.0,0.0,0.0,robust isolated,0,2,isolated in ≥2
B231,Samuel Goldberg Triangle,Triangle/Plaza,B,0.015,528,2,725,0.0,0.25,0.25,grouped,26,137,161,0.0,1.0,1.0,grouped,603,2,750,0.222,0.0,0.0,grouped,-1,1,-1,1.0,0.0,0.0,robust isolated,2,1,grouped in ≥2
B232,Dean Playground,Neighborhood Park,B,1.3,401,2,-1,0.375,0.625,0.417,grouped,25,82,146,0.0,1.0,1.0,grouped,-1,1,-1,1.0,0.0,0.0,robust isolated,-1,1,-1,0.875,0.062,0.0,robust isolated,1,2,isolated in ≥2
B233,Park,Triangle/Plaza,B,0.312,-1,1,-1,0.417,0.583,0.375,unstable,25,82,-1,0.5,0.5,0.5,grouped,-1,1,-1,1.0,0.0,0.0,robust isolated,-1,1,-1,1.0,0.0,0.0,robust isolated,0,2,isolated in ≥2
B234,Tilden Playground,Neighborhood Park,B,1.19,-1,1,-1,0.833,0.167,0.167,robust isolated,26,137,161,0.0,1.0,1.0,grouped,-1,1,-1,1.0,0.0,0.0,robust isolated,-1,1,-1,1.0,0.0,0.0,robust isolated,0,3,isolated in all
B235,Herman Dolgon Playground,Neighborhood Park,B,1.894,505,6,688,0.0,1.0,0.208,grouped,26,137,161,0.0,1.0,1.0,grouped,376,2,-1,0.444,0.444,0.0,grouped,-1,1,-1,1.0,0.0,0.0,robust isolated,2,1,grouped in ≥2
B236,Glenwood Playground,Neighborhood Park,B,1.43,519,3,-1,0.333,0.667,0.417,grouped,26,137,161,0.0,1.0,1.0,grouped,596,3,743,0.0,1.0,1.0,grouped,-1,1,-1,1.0,0.0,0.0,robust isolated,2,1,grouped in ≥2
B237,John Hancock Playground,Jointly Operated Playground,B,1.547,402,57,538,0.0,1.0,1.0,grouped,28,235,182,0.0,1.0,1.0,grouped,-1,1,-1,0.778,0.222,0.222,unstable,-1,1,-1,0.812,0.125,0.0,robust isolated,1,1,definition-specific
B239,Sheepshead Playground,Jointly Operated Playground,B,2.087,501,2,684,0.0,0.5,0.5,grouped,26,137,161,0.0,1.0,1.0,grouped,469,3,587,0.111,0.889,0.889,grouped,-1,1,-1,1.0,0.0,0.0,robust isolated,2,1,grouped in ≥2
B240,Tucker Place,Triangle/Plaza,B,0.155,-1,1,-1,0.833,0.167,0.167,robust isolated,26,137,161,0.0,1.0,0.5,grouped,-1,1,-1,1.0,0.0,0.0,robust isolated,-1,1,-1,1.0,0.0,0.0,robust isolated,0,3,isolated in all
B242,Meucci Triangle,Triangle/Plaza,B,0.045,507,12,692,0.0,1.0,0.833,grouped,26,137,161,0.0,1.0,1.0,grouped,501,4,623,0.111,0.889,0.889,grouped,-1,1,-1,1.0,0.0,0.0,robust isolated,2,1,grouped in ≥2
B243,Golconda Playground,Neighborhood Park,B,1.5,402,57,538,0.0,1.0,1.0,grouped,28,235,182,0.0,1.0,1.0,grouped,-1,1,-1,0.556,0.444,0.444,unstable,-1,1,-1,0.625,0.312,0.0,unstable,1,0,definition-specific
B244,McDonald Playground,Neighborhood Park,B,3.485,508,2,-1,0.417,0.583,0.333,grouped,26,137,161,0.0,1.0,1.0,grouped,-1,1,-1,0.778,0.222,0.111,unstable,-1,1,-1,0.875,0.0,0.0,robust isolated,1,1,definition-specific
B245,St. John's Park,Community Park,B,9.04,428,53,578,0.0,1.0,1.0,grouped,28,235,182,0.0,1.0,1.0,grouped,-1,1,-1,0.667,0.333,0.333,unstable,-1,1,-1,1.0,0.0,0.0,robust isolated,1,1,definition-specific
B246,Jerome Playground,Jointly Operated Playground,B,0.694,449,12,604,0.0,1.0,0.875,grouped,27,186,172,0.0,1.0,1.0,grouped,-1,1,-1,0.667,0.333,0.333,unstable,-1,1,-1,1.0,0.0,0.0,robust isolated,1,1,definition-specific
B247,Breukelen Ballfields,Community Park,B,16.16,449,12,604,0.0,1.0,1.0,grouped,27,186,172,0.0,1.0,1.0,grouped,484,3,604,0.111,0.889,0.889,grouped,-1,1,-1,1.0,0.0,0.0,robust isolated,2,1,grouped in ≥2
B248,Fox Playground,Jointly Operated Playground,B,2.27,520,2,713,0.0,0.417,0.333,grouped,26,137,161,0.0,1.0,1.0,grouped,602,2,749,0.222,0.0,0.0,grouped,-1,1,-1,1.0,0.0,0.0,robust isolated,2,1,grouped in ≥2
B249,Van Dyke Playground,Neighborhood Park,B,1.398,435,34,587,0.0,1.0,0.25,grouped,27,186,172,0.0,1.0,1.0,grouped,-1,1,-1,0.667,0.333,0.0,unstable,-1,1,-1,1.0,0.0,0.0,robust isolated,1,1,definition-specific
B250,Nostrand Playground,Jointly Operated Playground,B,3.023,512,3,703,0.0,1.0,0.333,grouped,26,137,161,0.0,1.0,1.0,grouped,-1,1,-1,0.556,0.444,0.333,unstable,-1,1,-1,0.938,0.062,0.0,robust isolated,1,1,definition-specific
B251,Manhattan Beach Park,Community Park,B,42.941,-1,1,-1,1.0,0.0,0.0,robust isolated,-1,1,-1,1.0,0.0,0.0,robust isolated,-1,1,-1,1.0,0.0,0.0,robust isolated,-1,1,-1,1.0,0.0,0.0,robust isolated,0,3,isolated in all
B252,West Playground,Neighborhood Park,B,2.387,-1,1,-1,0.5,0.5,0.417,unstable,26,137,161,0.0,1.0,1.0,grouped,469,3,587,0.111,0.889,0.889,grouped,-1,1,-1,1.0,0.0,0.0,robust isolated,1,1,definition-specific
B253,Albert L. Parham Playground,Jointly Operated Playground,B,1.253,402,57,538,0.0,1.0,1.0,grouped,28,235,182,0.0,1.0,1.0,grouped,-1,1,-1,1.0,0.0,0.0,robust isolated,446,2,477,0.25,0.125,0.0,grouped,2,1,grouped in ≥2
B254,Wingate Park,Jointly Operated Playground,B,5.888,427,2,-1,0.25,0.583,0.583,grouped,28,235,182,0.0,1.0,1.0,grouped,-1,1,-1,0.667,0.333,0.333,unstable,-1,1,-1,0.938,0.0,0.0,robust isolated,1,1,definition-specific
B255A,Park,Strip,B,0.002,-1,1,-1,0.75,0.25,0.25,unstable,25,82,146,0.0,1.0,1.0,grouped,-1,1,-1,0.667,0.333,0.333,unstable,-1,1,-1,1.0,0.0,0.0,robust isolated,0,1,definition-specific
B255B,Park,Strip,B,0.113,478,7,-1,0.333,0.667,0.25,grouped,25,82,146,0.0,1.0,1.0,grouped,-1,1,-1,0.667,0.333,0.167,unstable,-1,1,-1,1.0,0.0,0.0,robust isolated,1,1,definition-specific
B255C,Purple Playground,Playground,B,0.711,478,7,643,0.0,1.0,1.0,grouped,25,82,146,0.0,1.0,1.0,grouped,-1,1,-1,0.556,0.444,0.444,unstable,-1,1,-1,1.0,0.0,0.0,robust isolated,1,1,definition-specific
B255D,Park,Parkway,B,0.281,478,7,643,0.0,1.0,1.0,grouped,25,82,146,0.0,1.0,1.0,grouped,-1,1,-1,1.0,0.0,0.0,robust isolated,-1,1,-1,1.0,0.0,0.0,robust isolated,1,2,isolated in ≥2
B255E,Park,Triangle/Plaza,B,0.736,478,7,643,0.0,1.0,1.0,grouped,25,82,146,0.0,1.0,1.0,grouped,-1,1,-1,1.0,0.0,0.0,robust isolated,-1,1,-1,1.0,0.0,0.0,robust isolated,1,2,isolated in ≥2
B255F,Detective Joseph Mayrose Park,Neighborhood Park,B,1.314,478,7,643,0.0,1.0,0.75,grouped,25,82,146,0.0,1.0,1.0,grouped,-1,1,-1,1.0,0.0,0.0,robust isolated,-1,1,-1,1.0,0.0,0.0,robust isolated,1,2,isolated in ≥2
B255G,Butterfly Gardens,Neighborhood Park,B,0.442,479,6,-1,0.5,0.5,0.5,grouped,25,82,146,0.0,1.0,1.0,grouped,-1,1,-1,1.0,0.0,0.0,robust isolated,-1,1,-1,0.938,0.0,0.0,robust isolated,1,2,isolated in ≥2
B255H,Thomas J. Cuite Park,Playground,B,0.487,479,6,646,0.0,1.0,0.5,grouped,25,82,146,0.0,1.0,1.0,grouped,-1,1,-1,1.0,0.0,0.0,robust isolated,-1,1,-1,1.0,0.0,0.0,robust isolated,1,2,isolated in ≥2
B255I,Park,Parkway,B,0.438,479,6,646,0.0,1.0,0.5,grouped,25,82,146,0.0,1.0,1.0,grouped,-1,1,-1,1.0,0.0,0.0,robust isolated,-1,1,-1,0.938,0.0,0.0,robust isolated,1,2,isolated in ≥2
B255J,Seeley Park,Triangle/Plaza,B,0.364,477,4,641,0.25,0.75,0.5,grouped,26,137,-1,0.5,0.5,0.5,grouped,-1,1,-1,1.0,0.0,0.0,robust isolated,-1,1,-1,0.875,0.0,0.0,robust isolated,1,2,isolated in ≥2
B255K,Sitting Area,Triangle/Plaza,B,0.93,479,6,646,0.0,1.0,0.5,grouped,25,82,146,0.0,1.0,1.0,grouped,-1,1,-1,1.0,0.0,0.0,robust isolated,-1,1,-1,1.0,0.0,0.0,robust isolated,1,2,isolated in ≥2
B255L,"Captain John McKenna, IV Park",Triangle/Plaza,B,0.48,477,4,641,0.0,0.75,0.5,grouped,26,137,160,0.0,1.0,1.0,grouped,-1,1,-1,1.0,0.0,0.0,robust isolated,-1,1,-1,1.0,0.0,0.0,robust isolated,1,2,isolated in ≥2
B255M,Park,Triangle/Plaza,B,0.205,-1,1,-1,0.75,0.25,0.167,unstable,-1,1,-1,1.0,0.0,0.0,robust isolated,-1,1,-1,1.0,0.0,0.0,robust isolated,-1,1,-1,1.0,0.0,0.0,robust isolated,0,2,isolated in ≥2
B255N,Park,Triangle/Plaza,B,0.116,-1,1,-1,0.75,0.25,0.167,unstable,26,137,-1,0.5,0.5,0.0,grouped,-1,1,-1,1.0,0.0,0.0,robust isolated,-1,1,-1,1.0,0.0,0.0,robust isolated,0,2,isolated in ≥2
B255O,Park,Triangle/Plaza,B,0.058,479,6,-1,0.5,0.5,0.5,grouped,25,82,-1,0.5,0.5,0.5,grouped,-1,1,-1,1.0,0.0,0.0,robust isolated,-1,1,-1,1.0,0.0,0.0,robust isolated,1,2,isolated in ≥2
B257,Frost Playground,Playground,B,0.739,-1,1,-1,0.5,0.5,0.25,unstable,28,235,-1,0.5,0.5,0.0,grouped,-1,1,-1,1.0,0.0,0.0,robust isolated,-1,1,-1,1.0,0.0,0.0,robust isolated,0,2,isolated in ≥2
B258,Brevoort Playground,Playground,B,1.485,428,53,578,0.0,1.0,0.5,grouped,28,235,182,0.0,1.0,1.0,grouped,-1,1,-1,1.0,0.0,0.0,robust isolated,-1,1,-1,1.0,0.0,0.0,robust isolated,1,2,isolated in ≥2
B259,Underwood Park,Neighborhood Park,B,1.187,402,57,538,0.0,1.0,1.0,grouped,28,235,182,0.0,1.0,1.0,grouped,-1,1,-1,0.667,0.333,0.333,unstable,-1,1,-1,1.0,0.0,0.0,robust isolated,1,1,definition-specific
B260,Howard Playground,Community Park,B,1.0,435,34,587,0.0,1.0,1.0,grouped,27,186,172,0.0,1.0,1.0,grouped,-1,1,-1,0.667,0.333,0.333,unstable,-1,1,-1,0.562,0.375,0.188,unstable,1,0,definition-specific
B260A,Howard Pool,Community Park,B,0.67,428,53,576,0.083,0.917,0.833,grouped,27,186,172,0.0,1.0,1.0,grouped,335,3,-1,0.444,0.556,0.333,grouped,-1,1,-1,0.875,0.0,0.0,robust isolated,2,1,grouped in ≥2
B261,Sankofa Park,Playground,B,0.847,459,48,619,0.0,1.0,1.0,grouped,27,186,172,0.0,1.0,1.0,grouped,-1,1,-1,0.889,0.111,0.111,robust isolated,-1,1,-1,0.5,0.5,0.188,unstable,1,1,definition-specific
B262,Potomac Playground,Jointly Operated Playground,B,1.315,402,57,538,0.0,1.0,1.0,grouped,28,235,182,0.0,1.0,1.0,grouped,448,18,-1,0.444,0.556,0.556,grouped,-1,1,-1,0.625,0.312,0.188,unstable,2,0,grouped in ≥2
B263,Sumner Playground,Jointly Operated Playground,B,1.97,-1,1,-1,0.75,0.25,0.25,unstable,28,235,-1,0.5,0.5,0.5,grouped,-1,1,-1,1.0,0.0,0.0,robust isolated,-1,1,-1,1.0,0.0,0.0,robust isolated,0,2,isolated in ≥2
B264,Roebling Playground,Jointly Operated Playground,B,1.23,386,53,508,0.0,1.0,0.5,grouped,28,235,182,0.0,1.0,1.0,grouped,-1,1,-1,0.667,0.333,0.333,unstable,-1,1,-1,1.0,0.0,0.0,robust isolated,1,1,definition-specific
B265,Rainbow Playground,Playground,B,0.46,496,26,-1,0.333,0.667,0.542,grouped,26,137,160,0.0,1.0,1.0,grouped,-1,1,-1,0.778,0.222,0.222,unstable,-1,1,-1,0.812,0.0,0.0,robust isolated,1,1,definition-specific
B266,Star Spangled Playground,Jointly Operated Playground,B,1.687,402,57,538,0.125,0.875,0.583,grouped,28,235,182,0.0,1.0,1.0,grouped,-1,1,-1,0.889,0.111,0.111,robust isolated,-1,1,-1,1.0,0.0,0.0,robust isolated,1,2,isolated in ≥2
B267,Winthrop Playground,Jointly Operated Playground,B,1.252,427,2,-1,0.25,0.583,0.25,grouped,28,235,182,0.0,1.0,1.0,grouped,-1,1,-1,0.889,0.111,0.0,robust isolated,-1,1,-1,0.938,0.0,0.0,robust isolated,1,2,isolated in ≥2
B268,Nautilus Playground,Playground,B,1.38,484,12,656,0.125,0.875,0.417,grouped,26,137,161,0.0,1.0,1.0,grouped,-1,1,-1,1.0,0.0,0.0,robust isolated,-1,1,-1,0.875,0.0,0.0,robust isolated,1,2,isolated in ≥2
B269,Jesse Owens Playground,Jointly Operated Playground,B,2.326,403,7,540,0.125,0.75,0.75,grouped,28,235,182,0.0,1.0,1.0,grouped,-1,1,-1,0.667,0.333,0.333,unstable,420,2,-1,0.312,0.188,0.125,grouped,2,0,grouped in ≥2
B270,Brownsville Playground,Community Park,B,3.017,435,34,587,0.0,1.0,1.0,grouped,27,186,172,0.0,1.0,1.0,grouped,-1,1,-1,0.889,0.111,0.111,robust isolated,-1,1,-1,1.0,0.0,0.0,robust isolated,1,2,isolated in ≥2
B271,Railroad Playground,Neighborhood Park,B,2.3,450,2,607,0.0,0.5,0.417,grouped,27,186,172,0.0,1.0,1.0,grouped,-1,1,-1,1.0,0.0,0.0,robust isolated,-1,1,-1,1.0,0.0,0.0,robust isolated,1,2,isolated in ≥2
B272,Marlboro Playground,Neighborhood Park,B,1.072,-1,1,-1,0.5,0.5,0.25,unstable,26,137,161,0.0,1.0,1.0,grouped,-1,1,-1,1.0,0.0,0.0,robust isolated,-1,1,-1,1.0,0.0,0.0,robust isolated,0,2,isolated in ≥2
B273,Aimee Triangle,Triangle/Plaza,B,0.11,514,3,705,0.0,0.833,0.542,grouped,26,137,161,0.0,1.0,1.0,grouped,-1,1,-1,0.667,0.333,0.333,unstable,-1,1,-1,0.875,0.125,0.0,robust isolated,1,1,definition-specific
B274,Bayview Playground,Jointly Operated Playground,B,1.21,-1,1,-1,0.833,0.167,0.167,robust isolated,27,186,174,0.0,1.0,1.0,grouped,-1,1,-1,1.0,0.0,0.0,robust isolated,-1,1,-1,1.0,0.0,0.0,robust isolated,0,3,isolated in all
B275,Grady Playground,Jointly Operated Playground,B,3.403,-1,1,-1,0.917,0.083,0.083,robust isolated,26,137,-1,0.5,0.5,0.5,grouped,-1,1,-1,1.0,0.0,0.0,robust isolated,-1,1,-1,1.0,0.0,0.0,robust isolated,0,3,isolated in all
B277,Benson Playground,Jointly Operated Playground,B,0.934,527,2,-1,0.417,0.25,0.167,grouped,26,137,161,0.0,1.0,1.0,grouped,-1,1,-1,0.556,0.0,0.0,unstable,-1,1,-1,0.875,0.0,0.0,robust isolated,1,1,definition-specific
B278,Sam Leggio Triangle,Triangle/Plaza,B,0.011,457,2,-1,0.5,0.417,0.167,grouped,27,186,-1,0.5,0.5,0.5,grouped,-1,1,-1,1.0,0.0,0.0,robust isolated,-1,1,-1,1.0,0.0,0.0,robust isolated,1,2,isolated in ≥2
B279,Wilson Playground,Jointly Operated Playground,B,1.606,449,12,605,0.0,1.0,0.292,grouped,27,186,174,0.0,1.0,1.0,grouped,-1,1,-1,1.0,0.0,0.0,robust isolated,-1,1,-1,1.0,0.0,0.0,robust isolated,1,2,isolated in ≥2
B282,Patrick O'Rourke Playground,Jointly Operated Playground,B,1.23,495,3,671,0.167,0.667,0.333,grouped,26,137,161,0.0,1.0,1.0,grouped,-1,1,-1,1.0,0.0,0.0,robust isolated,-1,1,-1,0.875,0.0,0.0,robust isolated,1,2,isolated in ≥2
B283,Belmont Playground,Jointly Operated Playground,B,0.682,458,7,618,0.25,0.75,0.5,grouped,27,186,172,0.0,1.0,1.0,grouped,-1,1,-1,1.0,0.0,0.0,robust isolated,-1,1,-1,1.0,0.0,0.0,robust isolated,1,2,isolated in ≥2
B284,Marc And Jason's Playground,Community Park,B,1.148,-1,1,-1,0.583,0.417,0.417,unstable,28,235,182,0.0,1.0,1.0,grouped,-1,1,-1,1.0,0.0,0.0,robust isolated,-1,1,-1,1.0,0.0,0.0,robust isolated,0,2,isolated in ≥2
B285,Harry Maze Playground,Neighborhood Park,B,2.427,519,3,711,0.25,0.667,0.167,grouped,26,137,-1,0.0,1.0,1.0,grouped,-1,1,-1,0.667,0.333,0.167,unstable,-1,1,-1,1.0,0.0,0.0,robust isolated,1,1,definition-specific
B286,Bartlett Playground,Playground,B,1.032,-1,1,-1,0.583,0.417,0.417,unstable,28,235,182,0.0,1.0,1.0,grouped,-1,1,-1,1.0,0.0,0.0,robust isolated,-1,1,-1,0.875,0.062,0.0,robust isolated,0,2,isolated in ≥2
B287,Andries Playground,Jointly Operated Playground,B,0.964,514,3,-1,0.333,0.667,0.5,grouped,26,137,161,0.0,1.0,1.0,grouped,-1,1,-1,0.667,0.333,0.333,unstable,-1,1,-1,0.562,0.188,0.0,unstable,1,0,definition-specific
B288,Slope Park Playground,Jointly Operated Playground,B,0.504,478,7,643,0.0,1.0,1.0,grouped,25,82,146,0.0,1.0,1.0,grouped,-1,1,-1,1.0,0.0,0.0,robust isolated,-1,1,-1,1.0,0.0,0.0,robust isolated,1,2,isolated in ≥2
B289,Cutinella Triangle,Triangle/Plaza,B,0.076,507,12,692,0.0,1.0,0.5,grouped,26,137,161,0.0,1.0,1.0,grouped,501,4,623,0.222,0.778,0.389,grouped,-1,1,-1,1.0,0.0,0.0,robust isolated,2,1,grouped in ≥2
B290,Public Place,Triangle/Plaza,B,0.112,454,6,613,0.083,0.917,0.667,grouped,27,186,172,0.0,1.0,1.0,grouped,335,3,-1,0.444,0.556,0.444,grouped,-1,1,-1,0.875,0.125,0.125,robust isolated,2,1,grouped in ≥2
B291,Power Playground,Neighborhood Park,B,2.295,522,6,-1,0.417,0.5,0.333,grouped,26,137,161,0.0,1.0,1.0,grouped,468,4,585,0.111,0.889,0.889,grouped,-1,1,-1,1.0,0.0,0.0,robust isolated,2,1,grouped in ≥2
B292,Pratt Playground,Neighborhood Park,B,0.918,-1,1,-1,0.417,0.583,0.417,unstable,28,235,182,0.0,1.0,1.0,grouped,458,12,-1,0.444,0.556,0.0,grouped,-1,1,-1,0.812,0.125,0.0,robust isolated,1,1,definition-specific
B293,Classon Playground,Jointly Operated Playground,B,1.336,402,57,538,0.0,1.0,1.0,grouped,28,235,182,0.0,1.0,1.0,grouped,-1,1,-1,0.667,0.333,0.333,unstable,-1,1,-1,0.75,0.188,0.0,unstable,1,0,definition-specific
B294,Jackie Robinson Park Playground,Jointly Operated Playground,B,1.774,428,53,578,0.0,1.0,0.458,grouped,28,235,182,0.0,1.0,1.0,grouped,411,2,-1,0.444,0.556,0.556,grouped,-1,1,-1,0.75,0.25,0.0,unstable,2,0,grouped in ≥2
B295,Oxport Playground,Jointly Operated Playground,B,1.033,402,57,538,0.0,1.0,1.0,grouped,28,235,182,0.0,1.0,1.0,grouped,-1,1,-1,0.556,0.444,0.444,unstable,439,2,-1,0.375,0.438,0.0,grouped,2,0,grouped in ≥2
B296,Luna Playground,Playground,B,1.76,-1,1,-1,0.75,0.25,0.25,unstable,-1,1,-1,1.0,0.0,0.0,robust isolated,-1,1,-1,1.0,0.0,0.0,robust isolated,-1,1,-1,1.0,0.0,0.0,robust isolated,0,2,isolated in ≥2
B297,Albemarle Playground,Jointly Operated Playground,B,0.538,494,2,-1,0.333,0.25,0.167,grouped,26,137,160,0.0,1.0,1.0,grouped,-1,1,-1,0.778,0.0,0.0,unstable,-1,1,-1,0.875,0.0,0.0,robust isolated,1,1,definition-specific
B298,Stockton Playground,Jointly Operated Playground,B,1.089,402,57,-1,0.25,0.75,0.417,grouped,28,235,182,0.0,1.0,1.0,grouped,-1,1,-1,0.444,0.444,0.0,unstable,-1,1,-1,0.875,0.0,0.0,robust isolated,1,1,definition-specific
B300,Oracle Playground,Jointly Operated Playground,B,0.703,402,57,538,0.0,1.0,1.0,grouped,28,235,182,0.0,1.0,1.0,grouped,-1,1,-1,1.0,0.0,0.0,robust isolated,446,2,477,0.25,0.125,0.0,grouped,2,1,grouped in ≥2
B301,Greene Playground,Jointly Operated Playground,B,0.917,402,57,538,0.0,1.0,1.0,grouped,28,235,182,0.0,1.0,1.0,grouped,-1,1,-1,0.778,0.222,0.222,unstable,-1,1,-1,1.0,0.0,0.0,robust isolated,1,1,definition-specific
B302,Charlie's Place,Playground,B,1.26,-1,1,-1,0.75,0.25,0.25,unstable,28,235,182,0.0,1.0,1.0,grouped,-1,1,-1,1.0,0.0,0.0,robust isolated,-1,1,-1,1.0,0.0,0.0,robust isolated,0,2,isolated in ≥2
B304,Kennedy King Playground,Jointly Operated Playground,B,0.79,424,2,-1,0.375,0.375,0.333,grouped,27,186,172,0.0,1.0,1.0,grouped,-1,1,-1,1.0,0.0,0.0,robust isolated,552,2,-1,0.5,0.0,0.0,grouped,2,1,grouped in ≥2
B305,P.S. 279 Playground,Jointly Operated Playground,B,0.23,-1,1,-1,0.75,0.25,0.25,unstable,27,186,174,0.0,1.0,0.5,grouped,-1,1,-1,1.0,0.0,0.0,robust isolated,-1,1,-1,1.0,0.0,0.0,robust isolated,0,2,isolated in ≥2
B306,Playground 286,Jointly Operated Playground,B,0.868,505,6,688,0.0,1.0,0.25,grouped,26,137,161,0.0,1.0,1.0,grouped,-1,1,-1,0.556,0.444,0.444,unstable,-1,1,-1,1.0,0.0,0.0,robust isolated,1,1,definition-specific
B307,Tiger Playground,Jointly Operated Playground,B,0.926,-1,1,-1,0.75,0.25,0.25,unstable,28,235,182,0.0,1.0,1.0,grouped,-1,1,-1,1.0,0.0,0.0,robust isolated,-1,1,-1,1.0,0.0,0.0,robust isolated,0,2,isolated in ≥2
B308,Yak Playground,Jointly Operated Playground,B,0.444,505,6,688,0.0,1.0,0.25,grouped,26,137,161,0.0,1.0,1.0,grouped,-1,1,-1,0.556,0.444,0.444,unstable,-1,1,-1,1.0,0.0,0.0,robust isolated,1,1,definition-specific
B309,Pink Playground,Playground,B,1.0,448,2,602,0.0,0.333,0.333,grouped,27,186,172,0.0,1.0,1.0,grouped,-1,1,-1,1.0,0.0,0.0,robust isolated,-1,1,-1,1.0,0.0,0.0,robust isolated,1,2,isolated in ≥2
B310,Bushwick Playground,Community Park,B,1.29,396,14,524,0.0,1.0,1.0,grouped,28,235,182,0.0,1.0,1.0,grouped,-1,1,-1,0.556,0.444,0.444,unstable,-1,1,-1,0.875,0.125,0.0,robust isolated,1,1,definition-specific
B311,Ten Eyck Playground,Jointly Operated Playground,B,1.091,386,53,511,0.0,0.583,0.583,grouped,28,235,182,0.0,1.0,1.0,grouped,-1,1,-1,1.0,0.0,0.0,robust isolated,-1,1,-1,0.875,0.125,0.0,robust isolated,1,2,isolated in ≥2
B312,Woodruff Playground,Jointly Operated Playground,B,0.536,448,2,602,0.0,0.333,0.333,grouped,27,186,172,0.0,1.0,1.0,grouped,-1,1,-1,1.0,0.0,0.0,robust isolated,-1,1,-1,1.0,0.0,0.0,robust isolated,1,2,isolated in ≥2
B313,El Shabazz Playground,Jointly Operated Playground,B,0.89,426,3,-1,0.333,0.667,0.333,grouped,28,235,182,0.0,1.0,1.0,grouped,-1,1,-1,1.0,0.0,0.0,robust isolated,-1,1,-1,0.875,0.125,0.0,robust isolated,1,2,isolated in ≥2
B315,Surf Playground,Jointly Operated Playground,B,0.933,484,12,656,0.0,1.0,0.875,grouped,26,137,161,0.0,1.0,1.0,grouped,-1,1,-1,0.667,0.333,0.333,unstable,-1,1,-1,1.0,0.0,0.0,robust isolated,1,1,definition-specific
B316,DiGilio Playground,Community Park,B,0.826,-1,1,-1,0.375,0.542,0.25,unstable,26,137,160,0.0,1.0,1.0,grouped,-1,1,-1,0.778,0.222,0.111,unstable,-1,1,-1,1.0,0.0,0.0,robust isolated,0,1,definition-specific
B317,Lafayette Gardens Playground,Playground,B,0.705,402,57,538,0.0,1.0,1.0,grouped,28,235,182,0.0,1.0,1.0,grouped,-1,1,-1,0.556,0.444,0.444,unstable,-1,1,-1,0.75,0.188,0.062,unstable,1,0,definition-specific
B320,Park Slope Playground,Jointly Operated Playground,B,0.955,368,5,487,0.0,0.875,0.5,grouped,25,82,146,0.0,1.0,1.0,grouped,-1,1,-1,1.0,0.0,0.0,robust isolated,-1,1,-1,1.0,0.0,0.0,robust isolated,1,2,isolated in ≥2
B321,Edmonds Playground,Jointly Operated Playground,B,0.917,402,57,538,0.0,1.0,1.0,grouped,28,235,182,0.0,1.0,1.0,grouped,-1,1,-1,0.667,0.333,0.333,unstable,-1,1,-1,1.0,0.0,0.0,robust isolated,1,1,definition-specific
B322,Pulaski Playground,Jointly Operated Playground,B,1.416,393,3,-1,0.333,0.667,0.292,grouped,28,235,182,0.0,1.0,1.0,grouped,-1,1,-1,1.0,0.0,0.0,robust isolated,-1,1,-1,0.875,0.125,0.0,robust isolated,1,2,isolated in ≥2
B323,Hattie Carthan Playground,Jointly Operated Playground,B,1.195,402,57,538,0.0,1.0,1.0,grouped,28,235,182,0.0,1.0,1.0,grouped,-1,1,-1,1.0,0.0,0.0,robust isolated,459,3,491,0.0,0.75,0.312,grouped,2,1,grouped in ≥2
B324,Jacob Joffe Fields,Community Park,B,2.984,522,6,-1,0.5,0.5,0.25,grouped,26,137,161,0.0,1.0,1.0,grouped,-1,1,-1,1.0,0.0,0.0,robust isolated,-1,1,-1,0.875,0.0,0.0,robust isolated,1,2,isolated in ≥2
B325,Fish Playground,Jointly Operated Playground,B,1.035,428,53,578,0.0,1.0,1.0,grouped,28,235,182,0.0,1.0,1.0,grouped,-1,1,-1,0.556,0.444,0.444,unstable,-1,1,-1,0.562,0.375,0.125,unstable,1,0,definition-specific
B326,Cobble Hill Park,Neighborhood Park,B,0.585,475,19,639,0.083,0.917,0.583,grouped,25,82,146,0.0,1.0,1.0,grouped,-1,1,-1,1.0,0.0,0.0,robust isolated,-1,1,-1,1.0,0.0,0.0,robust isolated,1,2,isolated in ≥2
B329,Lindower Park,Community Park,B,6.7,-1,1,-1,0.667,0.333,0.25,unstable,26,137,161,0.0,1.0,0.5,grouped,-1,1,-1,1.0,0.0,0.0,robust isolated,-1,1,-1,1.0,0.0,0.0,robust isolated,0,2,isolated in ≥2
B330,Hickman Playground,Jointly Operated Playground,B,2.656,522,6,715,0.25,0.75,0.417,grouped,26,137,161,0.0,1.0,1.0,grouped,468,4,585,0.111,0.889,0.889,grouped,-1,1,-1,1.0,0.0,0.0,robust isolated,2,1,grouped in ≥2
B331,Neptune Playground,Jointly Operated Playground,B,1.243,-1,1,-1,0.75,0.25,0.25,unstable,-1,1,-1,1.0,0.0,0.0,robust isolated,-1,1,-1,1.0,0.0,0.0,robust isolated,-1,1,-1,1.0,0.0,0.0,robust isolated,0,2,isolated in ≥2
B332,Evergreen Playground,Jointly Operated Playground,B,0.87,-1,1,-1,0.5,0.5,0.333,unstable,28,235,182,0.0,1.0,1.0,grouped,-1,1,-1,1.0,0.0,0.0,robust isolated,-1,1,-1,0.75,0.188,0.062,unstable,0,1,definition-specific
B334,Fermi Playground,Jointly Operated Playground,B,1.061,396,14,524,0.0,1.0,1.0,grouped,28,235,182,0.0,1.0,1.0,grouped,384,2,-1,0.444,0.333,0.0,grouped,-1,1,-1,1.0,0.0,0.0,robust isolated,2,1,grouped in ≥2
B335,Bildersee Playground,Jointly Operated Playground,B,1.416,518,2,710,0.0,0.5,0.333,grouped,26,137,161,0.0,1.0,1.0,grouped,-1,1,-1,0.556,0.444,0.444,unstable,-1,1,-1,0.875,0.0,0.0,robust isolated,1,1,definition-specific
B337,Century Playground,Jointly Operated Playground,B,2.282,484,12,656,0.0,1.0,0.25,grouped,26,137,162,0.0,0.5,0.5,grouped,-1,1,-1,0.556,0.0,0.0,unstable,-1,1,-1,1.0,0.0,0.0,robust isolated,1,1,definition-specific
B338,Tom McDonald Triangle,Triangle/Plaza,B,0.032,496,26,-1,0.167,0.833,0.583,grouped,26,137,160,0.0,1.0,1.0,grouped,-1,1,-1,0.667,0.333,0.333,unstable,-1,1,-1,0.875,0.0,0.0,robust isolated,1,1,definition-specific
B339,Newport Playground,Jointly Operated Playground,B,0.918,435,34,587,0.0,1.0,1.0,grouped,27,186,172,0.0,1.0,1.0,grouped,-1,1,-1,1.0,0.0,0.0,robust isolated,-1,1,-1,1.0,0.0,0.0,robust isolated,1,2,isolated in ≥2
B340,Garden Playground,Jointly Operated Playground,B,0.915,396,14,524,0.0,1.0,1.0,grouped,28,235,182,0.0,1.0,1.0,grouped,-1,1,-1,0.444,0.556,0.556,unstable,-1,1,-1,0.875,0.125,0.0,robust isolated,1,1,definition-specific
B342,100% Playground,Jointly Operated Playground,B,1.616,449,12,605,0.0,1.0,0.583,grouped,27,186,174,0.0,1.0,1.0,grouped,484,3,604,0.111,0.889,0.889,grouped,-1,1,-1,1.0,0.0,0.0,robust isolated,2,1,grouped in ≥2
B343,Osborn Playground,Neighborhood Park,B,1.9,435,34,587,0.0,1.0,1.0,grouped,27,186,172,0.0,1.0,1.0,grouped,-1,1,-1,1.0,0.0,0.0,robust isolated,-1,1,-1,1.0,0.0,0.0,robust isolated,1,2,isolated in ≥2
B345,Ethan Allen Playground,Jointly Operated Playground,B,0.8,449,12,604,0.0,1.0,1.0,grouped,27,186,172,0.0,1.0,1.0,grouped,-1,1,-1,0.556,0.444,0.444,unstable,-1,1,-1,0.875,0.0,0.0,robust isolated,1,1,definition-specific
B346,Ericsson Playground,Jointly Operated Playground,B,1.06,386,53,508,0.0,1.0,0.75,grouped,28,235,182,0.0,1.0,1.0,grouped,-1,1,-1,0.667,0.333,0.0,unstable,-1,1,-1,1.0,0.0,0.0,robust isolated,1,1,definition-specific
B347,Carver Playground,Jointly Operated Playground,B,0.964,428,53,576,0.0,1.0,0.5,grouped,27,186,173,0.0,1.0,1.0,grouped,-1,1,-1,1.0,0.0,0.0,robust isolated,-1,1,-1,0.75,0.0,0.0,unstable,1,1,definition-specific
B348,Willoughby Playground,Jointly Operated Playground,B,0.907,402,57,538,0.0,1.0,1.0,grouped,28,235,182,0.0,1.0,1.0,grouped,448,18,-1,0.444,0.556,0.556,grouped,-1,1,-1,0.938,0.062,0.0,robust isolated,2,1,grouped in ≥2
B349,Bath Playground,Jointly Operated Playground,B,1.157,527,2,-1,0.417,0.25,0.167,grouped,26,137,161,0.0,1.0,1.0,grouped,-1,1,-1,0.556,0.0,0.0,unstable,-1,1,-1,0.875,0.0,0.0,robust isolated,1,1,definition-specific
B350,Stroud Playground,Jointly Operated Playground,B,1.194,400,6,-1,0.333,0.667,0.417,grouped,28,235,182,0.0,1.0,1.0,grouped,-1,1,-1,1.0,0.0,0.0,robust isolated,-1,1,-1,1.0,0.0,0.0,robust isolated,1,2,isolated in ≥2
B352,Curtis Playground,Playground,B,1.003,518,2,710,0.0,0.5,0.417,grouped,26,137,161,0.0,1.0,1.0,grouped,-1,1,-1,1.0,0.0,0.0,robust isolated,-1,1,-1,0.875,0.0,0.0,robust isolated,1,2,isolated in ≥2
B353,Bergen Beach Playground,Jointly Operated Playground,B,0.927,522,6,715,0.0,0.75,0.25,grouped,26,137,161,0.0,1.0,0.5,grouped,-1,1,-1,1.0,0.0,0.0,robust isolated,-1,1,-1,1.0,0.0,0.0,robust isolated,1,2,isolated in ≥2
B356,North Pacific Playground,Playground,B,0.155,-1,1,-1,0.75,0.25,0.25,unstable,25,82,146,0.0,1.0,1.0,grouped,-1,1,-1,1.0,0.0,0.0,robust isolated,-1,1,-1,1.0,0.0,0.0,robust isolated,0,2,isolated in ≥2
B357,Jackie Robinson Playground,Jointly Operated Playground,B,1.0,400,6,531,0.0,1.0,0.458,grouped,28,235,182,0.0,1.0,1.0,grouped,-1,1,-1,0.889,0.111,0.111,robust isolated,-1,1,-1,1.0,0.0,0.0,robust isolated,1,2,isolated in ≥2
B358,De Hostos Playground,Jointly Operated Playground,B,1.1,385,7,506,0.0,1.0,0.667,grouped,28,235,182,0.0,1.0,1.0,grouped,-1,1,-1,0.667,0.333,0.333,unstable,-1,1,-1,1.0,0.0,0.0,robust isolated,1,1,definition-specific
B359,Eleanor Roosevelt Playground,Jointly Operated Playground,B,1.211,402,57,536,0.125,0.75,0.625,grouped,28,235,182,0.0,1.0,1.0,grouped,-1,1,-1,0.667,0.333,0.333,unstable,-1,1,-1,1.0,0.0,0.0,robust isolated,1,1,definition-specific
B360,Remsen Playground,Jointly Operated Playground,B,1.333,449,12,605,0.0,1.0,0.5,grouped,27,186,174,0.0,1.0,1.0,grouped,484,3,604,0.111,0.889,0.889,grouped,-1,1,-1,1.0,0.0,0.0,robust isolated,2,1,grouped in ≥2
B361,Boerum Park,Jointly Operated Playground,B,0.918,-1,1,-1,0.75,0.25,0.25,unstable,25,82,146,0.0,1.0,1.0,grouped,-1,1,-1,1.0,0.0,0.0,robust isolated,-1,1,-1,1.0,0.0,0.0,robust isolated,0,2,isolated in ≥2
B362,Chester Playground,Jointly Operated Playground,B,1.0,435,34,587,0.0,1.0,0.5,grouped,27,186,172,0.0,1.0,1.0,grouped,-1,1,-1,1.0,0.0,0.0,robust isolated,-1,1,-1,0.875,0.0,0.0,robust isolated,1,2,isolated in ≥2
B363,Houston Playground,Jointly Operated Playground,B,0.918,435,34,587,0.0,1.0,1.0,grouped,27,186,172,0.0,1.0,1.0,grouped,-1,1,-1,0.667,0.333,0.333,unstable,-1,1,-1,0.625,0.312,0.125,unstable,1,0,definition-specific
B364,Woods Playground,Jointly Operated Playground,B,1.438,428,53,578,0.0,1.0,1.0,grouped,28,235,182,0.0,1.0,1.0,grouped,-1,1,-1,1.0,0.0,0.0,robust isolated,-1,1,-1,0.812,0.188,0.0,robust isolated,1,2,isolated in ≥2
B366,Duke Park,Playground,B,0.137,459,48,619,0.0,1.0,0.25,grouped,27,186,172,0.0,1.0,1.0,grouped,-1,1,-1,1.0,0.0,0.0,robust isolated,-1,1,-1,1.0,0.0,0.0,robust isolated,1,2,isolated in ≥2
B367,Livonia Park,Neighborhood Park,B,0.918,435,34,587,0.0,1.0,1.0,grouped,27,186,172,0.0,1.0,1.0,grouped,-1,1,-1,1.0,0.0,0.0,robust isolated,-1,1,-1,0.875,0.062,0.0,robust isolated,1,2,isolated in ≥2
B369,Steeplechase Park,Community Park,B,10.01,484,12,656,0.0,1.0,0.875,grouped,26,137,161,0.0,1.0,1.0,grouped,-1,1,-1,0.667,0.333,0.333,unstable,-1,1,-1,0.625,0.125,0.0,unstable,1,0,definition-specific
B371,Spring Creek Park,Community Park,B,42.583,449,12,603,0.0,1.0,1.0,grouped,27,186,174,0.0,1.0,1.0,grouped,483,3,-1,0.222,0.778,0.778,grouped,-1,1,-1,1.0,0.0,0.0,robust isolated,2,1,grouped in ≥2
B372,Friends Field,Community Park,B,6.7,507,12,-1,0.333,0.667,0.333,grouped,26,137,161,0.0,1.0,1.0,grouped,-1,1,-1,0.667,0.222,0.111,unstable,-1,1,-1,0.875,0.0,0.0,robust isolated,1,1,definition-specific
B375,Chiarantano Playground,Jointly Operated Playground,B,0.206,512,3,703,0.0,1.0,0.167,grouped,26,137,161,0.0,1.0,1.0,grouped,-1,1,-1,0.889,0.111,0.0,robust isolated,-1,1,-1,1.0,0.0,0.0,robust isolated,1,2,isolated in ≥2
B376,Fidler-Wyckoff House Park,Historic House Park,B,1.13,519,3,711,0.25,0.667,0.417,grouped,26,137,161,0.0,1.0,1.0,grouped,596,3,743,0.0,1.0,1.0,grouped,-1,1,-1,1.0,0.0,0.0,robust isolated,2,1,grouped in ≥2
B377,Floyd Patterson Ballfields,Recreational Field/Courts,B,2.3,435,34,587,0.0,1.0,1.0,grouped,27,186,172,0.0,1.0,1.0,grouped,-1,1,-1,0.889,0.111,0.111,robust isolated,-1,1,-1,0.875,0.062,0.0,robust isolated,1,2,isolated in ≥2
B378,University Place,Triangle/Plaza,B,1.161,402,57,538,0.0,1.0,1.0,grouped,28,235,182,0.0,1.0,1.0,grouped,-1,1,-1,0.667,0.333,0.333,unstable,-1,1,-1,1.0,0.0,0.0,robust isolated,1,1,definition-specific
B379,Coney Island Creek Park,Nature Area,B,8.892,-1,1,-1,0.875,0.125,0.0,robust isolated,-1,1,-1,1.0,0.0,0.0,robust isolated,-1,1,-1,1.0,0.0,0.0,robust isolated,-1,1,-1,1.0,0.0,0.0,robust isolated,0,3,isolated in all
B380,Robert E. Venable Park,Neighborhood Park,B,2.939,458,7,618,0.0,0.917,0.625,grouped,27,186,172,0.0,1.0,1.0,grouped,374,12,461,0.222,0.778,0.778,grouped,-1,1,-1,0.625,0.125,0.125,unstable,2,0,grouped in ≥2
B381,Thomas Boyland Park,Neighborhood Park,B,1.82,428,53,578,0.0,1.0,0.583,grouped,28,235,182,0.0,1.0,1.0,grouped,397,5,493,0.0,1.0,1.0,grouped,-1,1,-1,1.0,0.0,0.0,robust isolated,2,1,grouped in ≥2
B382A,Roberto Clemente Ballfield,Recreational Field/Courts,B,1.93,386,53,508,0.0,1.0,0.75,grouped,28,235,182,0.0,1.0,1.0,grouped,383,8,-1,0.444,0.556,0.556,grouped,-1,1,-1,1.0,0.0,0.0,robust isolated,2,1,grouped in ≥2
B382B,Jacob's Ladder Playground,Neighborhood Park,B,1.085,386,53,508,0.0,1.0,0.5,grouped,28,235,184,0.0,1.0,1.0,grouped,383,8,-1,0.444,0.556,0.556,grouped,-1,1,-1,1.0,0.0,0.0,robust isolated,2,1,grouped in ≥2
B383,Success Garden,Neighborhood Park,B,0.918,459,48,619,0.0,1.0,1.0,grouped,27,186,172,0.0,1.0,1.0,grouped,-1,1,-1,0.889,0.111,0.111,robust isolated,-1,1,-1,0.75,0.125,0.062,unstable,1,1,definition-specific
B384,Fresh Creek Nature Preserve,Nature Area,B,77.044,449,12,-1,0.333,0.667,0.333,grouped,27,186,174,0.0,1.0,1.0,grouped,-1,1,-1,0.556,0.444,0.444,unstable,-1,1,-1,1.0,0.0,0.0,robust isolated,1,1,definition-specific
B385,WNYC Transmitter Park,Neighborhood Park,B,6.611,-1,1,-1,0.75,0.25,0.25,unstable,28,235,-1,0.5,0.5,0.5,grouped,-1,1,-1,1.0,0.0,0.0,robust isolated,-1,1,-1,1.0,0.0,0.0,robust isolated,0,2,isolated in ≥2
B386,Ten Eyck Plaza,Playground,B,0.46,386,53,-1,0.25,0.75,0.25,grouped,28,235,182,0.0,1.0,0.5,grouped,-1,1,-1,1.0,0.0,0.0,robust isolated,-1,1,-1,1.0,0.0,0.0,robust isolated,1,2,isolated in ≥2
B387,Hilltop Playground,Jointly Operated Playground,B,1.095,428,53,578,0.0,1.0,1.0,grouped,27,186,173,0.0,1.0,1.0,grouped,-1,1,-1,0.556,0.444,0.444,unstable,-1,1,-1,0.75,0.188,0.0,unstable,1,0,definition-specific
B388,Gateway Triangle,Triangle/Plaza,B,0.07,402,57,538,0.0,1.0,0.75,grouped,28,235,182,0.0,1.0,1.0,grouped,-1,1,-1,0.556,0.444,0.444,unstable,-1,1,-1,1.0,0.0,0.0,robust isolated,1,1,definition-specific
B389,Umma Park,Playground,B,0.111,498,7,679,0.0,0.75,0.458,grouped,26,137,161,0.0,1.0,1.0,grouped,-1,1,-1,1.0,0.0,0.0,robust isolated,-1,1,-1,0.875,0.0,0.0,robust isolated,1,2,isolated in ≥2
B390,Mother Cabrini Park,Playground,B,0.467,475,19,639,0.0,0.75,0.75,grouped,25,82,146,0.0,1.0,0.5,grouped,-1,1,-1,1.0,0.0,0.0,robust isolated,-1,1,-1,1.0,0.0,0.0,robust isolated,1,2,isolated in ≥2
B391,Lt. Federico Narvaez Tot Lot,Playground,B,0.125,498,7,-1,0.333,0.667,0.458,grouped,26,137,161,0.0,1.0,1.0,grouped,-1,1,-1,1.0,0.0,0.0,robust isolated,-1,1,-1,1.0,0.0,0.0,robust isolated,1,2,isolated in ≥2
B392,Lott Park,Triangle/Plaza,B,0.06,-1,1,-1,0.833,0.167,0.083,robust isolated,26,137,161,0.0,1.0,1.0,grouped,-1,1,-1,1.0,0.0,0.0,robust isolated,-1,1,-1,1.0,0.0,0.0,robust isolated,0,3,isolated in all
B393,Sheepshead Bay Piers,Waterfront Facility,B,1.22,505,6,688,0.25,0.75,0.542,grouped,26,137,161,0.0,1.0,1.0,grouped,-1,1,-1,0.889,0.111,0.111,robust isolated,-1,1,-1,1.0,0.0,0.0,robust isolated,1,2,isolated in ≥2
B394,Four Sparrow Marsh,Nature Area,B,64.665,-1,1,-1,0.0,0.0,0.0,unresolved,-1,1,-1,0.0,0.0,0.0,unresolved,-1,1,-1,0.0,0.0,0.0,unresolved,-1,1,-1,0.0,0.0,0.0,unresolved,0,0,definition-specific
B395,Green Central Knoll,Neighborhood Park,B,2.741,396,14,524,0.0,1.0,1.0,grouped,28,235,182,0.0,1.0,1.0,grouped,384,2,-1,0.333,0.444,0.444,grouped,-1,1,-1,1.0,0.0,0.0,robust isolated,2,1,grouped in ≥2
B396,Nehemiah Park,Playground,B,1.648,435,34,587,0.0,1.0,1.0,grouped,27,186,172,0.0,1.0,1.0,grouped,-1,1,-1,0.889,0.111,0.111,robust isolated,-1,1,-1,0.938,0.062,0.0,robust isolated,1,2,isolated in ≥2
B397,Carter G. Woodson Children's Park,Community Park,B,0.918,435,34,587,0.0,1.0,1.0,grouped,27,186,172,0.0,1.0,1.0,grouped,374,12,461,0.222,0.778,0.778,grouped,-1,1,-1,0.625,0.312,0.188,unstable,2,0,grouped in ≥2
B398,Kosciuszko Street Garden,Garden,B,0.185,402,57,536,0.125,0.75,0.542,grouped,28,235,182,0.0,1.0,1.0,grouped,-1,1,-1,1.0,0.0,0.0,robust isolated,-1,1,-1,1.0,0.0,0.0,robust isolated,1,2,isolated in ≥2
B399,Gardens Of Union,Garden,B,0.203,368,5,-1,0.417,0.583,0.25,grouped,25,82,146,0.0,1.0,1.0,grouped,-1,1,-1,0.889,0.111,0.0,robust isolated,-1,1,-1,0.75,0.0,0.0,unstable,1,1,definition-specific
B400,Hattie Carthan Community Garden,Garden,B,0.809,402,57,538,0.0,1.0,1.0,grouped,28,235,182,0.0,1.0,1.0,grouped,448,18,558,0.111,0.889,0.889,grouped,-1,1,-1,0.875,0.125,0.062,robust isolated,2,1,grouped in ≥2
B401,Grand Ferry Park,Neighborhood Park,B,1.7,386,53,512,0.0,1.0,1.0,grouped,28,235,184,0.0,1.0,0.5,grouped,-1,1,-1,1.0,0.0,0.0,robust isolated,-1,1,-1,0.75,0.0,0.0,unstable,1,1,definition-specific
B402,George Walker Jr. Park,Neighborhood Park,B,0.591,459,48,619,0.0,1.0,0.5,grouped,27,186,172,0.0,1.0,1.0,grouped,-1,1,-1,0.778,0.222,0.222,unstable,-1,1,-1,0.875,0.0,0.0,robust isolated,1,1,definition-specific
B403,Harmony Park,Neighborhood Park,B,1.56,428,53,578,0.0,1.0,1.0,grouped,28,235,182,0.0,1.0,1.0,grouped,-1,1,-1,0.778,0.222,0.222,unstable,-1,1,-1,1.0,0.0,0.0,robust isolated,1,1,definition-specific
B404,East Flatbush Children's Playground,Playground,B,0.106,424,2,-1,0.375,0.375,0.292,grouped,27,186,172,0.0,1.0,1.0,grouped,-1,1,-1,1.0,0.0,0.0,robust isolated,552,2,-1,0.5,0.0,0.0,grouped,2,1,grouped in ≥2
B405,Epiphany Playground,Playground,B,0.5,386,53,508,0.0,1.0,0.583,grouped,28,235,182,0.0,1.0,1.0,grouped,-1,1,-1,0.778,0.222,0.222,unstable,-1,1,-1,1.0,0.0,0.0,robust isolated,1,1,definition-specific
B407,South Oxford Park,Neighborhood Park,B,1.187,402,57,535,0.25,0.75,0.25,grouped,25,82,145,0.0,1.0,0.5,grouped,-1,1,-1,1.0,0.0,0.0,robust isolated,-1,1,-1,1.0,0.0,0.0,robust isolated,1,2,isolated in ≥2
B408,Human Compass Garden,Garden,B,0.073,475,19,639,0.0,1.0,1.0,grouped,25,82,146,0.0,1.0,1.0,grouped,-1,1,-1,1.0,0.0,0.0,robust isolated,-1,1,-1,1.0,0.0,0.0,robust isolated,1,2,isolated in ≥2
B409,The Amazing Garden,Garden,B,0.103,475,19,639,0.0,1.0,1.0,grouped,25,82,146,0.0,1.0,1.0,grouped,-1,1,-1,1.0,0.0,0.0,robust isolated,-1,1,-1,1.0,0.0,0.0,robust isolated,1,2,isolated in ≥2
B410,The Backyard,Garden,B,0.225,475,19,639,0.0,0.75,0.75,grouped,25,82,146,0.0,1.0,1.0,grouped,-1,1,-1,1.0,0.0,0.0,robust isolated,-1,1,-1,1.0,0.0,0.0,robust isolated,1,2,isolated in ≥2
B411,Summit Street Community Garden,Garden,B,0.103,475,19,639,0.0,1.0,1.0,grouped,25,82,146,0.0,1.0,1.0,grouped,-1,1,-1,1.0,0.0,0.0,robust isolated,-1,1,-1,1.0,0.0,0.0,robust isolated,1,2,isolated in ≥2
B413,Hull Street Garden,Garden,B,0.32,428,53,578,0.0,1.0,0.875,grouped,27,186,173,0.0,1.0,1.0,grouped,-1,1,-1,1.0,0.0,0.0,robust isolated,-1,1,-1,1.0,0.0,0.0,robust isolated,1,2,isolated in ≥2
B414,E 4th Street Garden,Garden,B,0.184,477,4,-1,0.5,0.5,0.375,grouped,26,137,160,0.0,1.0,0.5,grouped,-1,1,-1,1.0,0.0,0.0,robust isolated,-1,1,-1,1.0,0.0,0.0,robust isolated,1,2,isolated in ≥2
B415,Georgia Ave Garden,Garden,B,0.037,435,34,587,0.0,1.0,0.75,grouped,27,186,172,0.0,1.0,1.0,grouped,354,6,-1,0.444,0.556,0.556,grouped,-1,1,-1,1.0,0.0,0.0,robust isolated,2,1,grouped in ≥2
B416,TLC Sculpture Park Garden,Garden,B,0.172,459,48,-1,0.0,1.0,1.0,grouped,27,186,172,0.0,1.0,1.0,grouped,-1,1,-1,0.667,0.333,0.333,unstable,-1,1,-1,0.625,0.25,0.25,unstable,1,0,definition-specific
B417,PS 4K PARADISE GARDEN,Garden,B,0.3,459,48,619,0.0,1.0,1.0,grouped,27,186,172,0.0,1.0,1.0,grouped,-1,1,-1,0.667,0.333,0.333,unstable,-1,1,-1,0.812,0.188,0.062,robust isolated,1,1,definition-specific
B418,Valentino Pier,Neighborhood Park,B,4.525,-1,1,-1,0.5,0.5,0.167,unstable,25,82,146,0.0,1.0,0.5,grouped,-1,1,-1,1.0,0.0,0.0,robust isolated,-1,1,-1,1.0,0.0,0.0,robust isolated,0,2,isolated in ≥2
B419,Sutter Ballfields,Recreational Field/Courts,B,1.836,459,48,619,0.0,1.0,1.0,grouped,27,186,172,0.0,1.0,1.0,grouped,374,12,461,0.222,0.778,0.778,grouped,-1,1,-1,0.625,0.125,0.0,unstable,2,0,grouped in ≥2
B420,Umoja Garden,Garden,B,0.206,403,7,541,0.0,1.0,0.833,grouped,28,235,182,0.0,1.0,1.0,grouped,397,5,493,0.0,1.0,1.0,grouped,-1,1,-1,1.0,0.0,0.0,robust isolated,2,1,grouped in ≥2
B421,Brooklyn Bears Carlton Av Garden,Garden,B,0.14,402,57,538,0.0,1.0,0.5,grouped,28,235,182,0.0,1.0,1.0,grouped,-1,1,-1,1.0,0.0,0.0,robust isolated,-1,1,-1,1.0,0.0,0.0,robust isolated,1,2,isolated in ≥2
B422,Bkln Bears Rockwell Pl Garden,Garden,B,0.082,402,57,538,0.0,1.0,1.0,grouped,28,235,182,0.0,1.0,1.0,grouped,-1,1,-1,0.556,0.444,0.444,unstable,-1,1,-1,0.875,0.0,0.0,robust isolated,1,1,definition-specific
B423,Project Roots,Garden,B,0.172,-1,1,-1,0.583,0.417,0.417,unstable,28,235,182,0.0,1.0,1.0,grouped,-1,1,-1,1.0,0.0,0.0,robust isolated,-1,1,-1,1.0,0.0,0.0,robust isolated,0,2,isolated in ≥2
B424,Earth Spirit Garden,Garden,B,0.23,-1,1,-1,0.75,0.25,0.25,unstable,28,235,-1,0.5,0.5,0.5,grouped,-1,1,-1,1.0,0.0,0.0,robust isolated,-1,1,-1,1.0,0.0,0.0,robust isolated,0,2,isolated in ≥2
B425,St Nicholas-olive St Garden,Garden,B,0.089,386,53,508,0.125,0.875,0.25,grouped,28,235,182,0.0,1.0,1.0,grouped,-1,1,-1,1.0,0.0,0.0,robust isolated,-1,1,-1,1.0,0.0,0.0,robust isolated,1,2,isolated in ≥2
B426,St Nicholas-powers St Garden,Garden,B,0.115,-1,1,-1,0.75,0.25,0.25,unstable,28,235,182,0.0,1.0,1.0,grouped,-1,1,-1,1.0,0.0,0.0,robust isolated,-1,1,-1,1.0,0.0,0.0,robust isolated,0,2,isolated in ≥2
B427,Sunshine Community Garden,Garden,B,0.115,-1,1,-1,0.75,0.25,0.25,unstable,28,235,182,0.0,1.0,0.5,grouped,-1,1,-1,1.0,0.0,0.0,robust isolated,-1,1,-1,1.0,0.0,0.0,robust isolated,0,2,isolated in ≥2
B428,Goodwin Gardens,Garden,B,0.348,-1,1,-1,0.75,0.25,0.208,unstable,28,235,182,0.0,1.0,0.5,grouped,-1,1,-1,1.0,0.0,0.0,robust isolated,-1,1,-1,0.875,0.0,0.0,robust isolated,0,2,isolated in ≥2
B429,Hope Ballfield,Neighborhood Park,B,1.363,396,14,524,0.0,1.0,1.0,grouped,28,235,182,0.0,1.0,1.0,grouped,-1,1,-1,0.889,0.111,0.111,robust isolated,-1,1,-1,1.0,0.0,0.0,robust isolated,1,2,isolated in ≥2
B430,Lewis Playground,Playground,B,0.161,402,57,538,0.0,1.0,1.0,grouped,28,235,182,0.0,1.0,1.0,grouped,398,2,-1,0.333,0.333,0.0,grouped,-1,1,-1,0.812,0.125,0.0,robust isolated,2,1,grouped in ≥2
B431,Brooklyn Bridge Park,Community Park,B,21.377,480,30,650,0.0,1.0,1.0,grouped,25,82,145,0.0,1.0,1.0,grouped,434,9,-1,0.333,0.667,0.667,grouped,-1,1,-1,0.875,0.125,0.125,robust isolated,2,1,grouped in ≥2
B432,American Veterans Memorial Pier,Waterfront Facility,B,3.169,-1,1,-1,0.75,0.25,0.167,unstable,26,137,160,0.0,1.0,0.5,grouped,-1,1,-1,1.0,0.0,0.0,robust isolated,-1,1,-1,1.0,0.0,0.0,robust isolated,0,2,isolated in ≥2
B433,Hendrick I. Lott House,Historic House Park,B,0.734,-1,1,-1,0.833,0.167,0.167,robust isolated,26,137,161,0.0,1.0,1.0,grouped,-1,1,-1,1.0,0.0,0.0,robust isolated,-1,1,-1,1.0,0.0,0.0,robust isolated,0,3,isolated in all
B435,Tilyou Playground,Playground,B,0.299,-1,1,-1,0.583,0.417,0.167,unstable,26,137,162,0.0,0.5,0.0,grouped,-1,1,-1,0.556,0.0,0.0,unstable,-1,1,-1,1.0,0.0,0.0,robust isolated,0,1,definition-specific
B436,Gethsemane Garden,Garden,B,0.045,435,34,587,0.0,1.0,1.0,grouped,27,186,172,0.0,1.0,1.0,grouped,-1,1,-1,1.0,0.0,0.0,robust isolated,-1,1,-1,0.75,0.0,0.0,unstable,1,1,definition-specific
B438,700 Decatur St Block Association,Garden,B,0.115,428,53,576,0.0,1.0,0.708,grouped,28,235,182,0.0,1.0,1.0,grouped,-1,1,-1,0.556,0.444,0.444,unstable,411,3,-1,0.312,0.625,0.062,grouped,2,0,grouped in ≥2
B439,All People's Church of the Apostolic Faith Community Garden,Garden,B,0.064,402,57,538,0.0,1.0,1.0,grouped,28,235,182,0.0,1.0,1.0,grouped,448,18,-1,0.444,0.556,0.556,grouped,-1,1,-1,0.75,0.188,0.062,unstable,2,0,grouped in ≥2
B440,Amboy Neighborhood Center,Garden,B,0.391,435,34,587,0.0,1.0,1.0,grouped,27,186,172,0.0,1.0,1.0,grouped,-1,1,-1,0.556,0.444,0.444,unstable,-1,1,-1,0.625,0.25,0.125,unstable,1,0,definition-specific
B441,American Heart,Garden,B,0.05,393,3,-1,0.333,0.667,0.292,grouped,28,235,182,0.0,1.0,1.0,grouped,-1,1,-1,1.0,0.0,0.0,robust isolated,-1,1,-1,0.875,0.125,0.0,robust isolated,1,2,isolated in ≥2
B442,Ps 149 Artsy Bloom Community Garden,Garden,B,0.056,459,48,619,0.0,1.0,1.0,grouped,27,186,172,0.0,1.0,1.0,grouped,374,12,461,0.222,0.778,0.778,grouped,-1,1,-1,0.562,0.188,0.125,unstable,2,0,grouped in ≥2
B443,Atkins Gardeners,Garden,B,0.068,459,48,619,0.0,0.917,0.5,grouped,27,186,172,0.0,1.0,1.0,grouped,-1,1,-1,1.0,0.0,0.0,robust isolated,-1,1,-1,0.875,0.0,0.0,robust isolated,1,2,isolated in ≥2
B444,Berry Street Garden,Garden,B,0.137,386,53,508,0.25,0.75,0.583,grouped,28,235,182,0.0,1.0,1.0,grouped,-1,1,-1,0.778,0.222,0.222,unstable,-1,1,-1,1.0,0.0,0.0,robust isolated,1,1,definition-specific
B445,Ten Eyck Houses Garden,Garden,B,0.114,-1,1,-1,0.75,0.25,0.25,unstable,28,235,-1,0.5,0.5,0.5,grouped,-1,1,-1,1.0,0.0,0.0,robust isolated,-1,1,-1,1.0,0.0,0.0,robust isolated,0,2,isolated in ≥2
B446,Big Red Garden,Garden,B,0.043,459,48,619,0.0,1.0,1.0,grouped,27,186,172,0.0,1.0,1.0,grouped,-1,1,-1,0.556,0.444,0.444,unstable,-1,1,-1,0.75,0.25,0.125,unstable,1,0,definition-specific
B447,Causa Festival Garden,Garden,B,0.206,459,48,619,0.0,1.0,1.0,grouped,27,186,172,0.0,1.0,1.0,grouped,-1,1,-1,0.556,0.444,0.444,unstable,-1,1,-1,0.75,0.25,0.125,unstable,1,0,definition-specific
B448,Cedar Tree Garden,Garden,B,0.177,402,57,538,0.0,1.0,1.0,grouped,28,235,182,0.0,1.0,1.0,grouped,-1,1,-1,1.0,0.0,0.0,robust isolated,-1,1,-1,1.0,0.0,0.0,robust isolated,1,2,isolated in ≥2
B449,New Vision Garden,Garden,B,0.321,459,48,619,0.0,1.0,1.0,grouped,27,186,172,0.0,1.0,1.0,grouped,-1,1,-1,0.889,0.111,0.0,robust isolated,-1,1,-1,0.625,0.312,0.125,unstable,1,1,definition-specific
B450,Clara's Garden,Garden,B,0.129,459,48,619,0.0,1.0,1.0,grouped,27,186,172,0.0,1.0,1.0,grouped,-1,1,-1,0.667,0.333,0.333,unstable,-1,1,-1,0.562,0.375,0.312,unstable,1,0,definition-specific
B451,Clifton Pl Memorial Park and Garden,Garden,B,0.165,402,57,538,0.0,1.0,1.0,grouped,28,235,182,0.0,1.0,1.0,grouped,-1,1,-1,0.778,0.222,0.222,unstable,474,2,508,0.25,0.0,0.0,grouped,2,0,grouped in ≥2
B452,Concerned Residents of Barbey Street,Garden,B,0.052,459,48,619,0.0,1.0,1.0,grouped,27,186,172,0.0,1.0,1.0,grouped,-1,1,-1,0.667,0.333,0.333,unstable,510,2,-1,0.375,0.625,0.375,grouped,2,0,grouped in ≥2
B453,Concerned Residents of Montauk Avenue,Garden,B,0.091,459,48,619,0.0,1.0,0.75,grouped,27,186,172,0.0,1.0,1.0,grouped,-1,1,-1,1.0,0.0,0.0,robust isolated,496,2,531,0.0,0.25,0.0,grouped,2,1,grouped in ≥2
B454,Cooper St Block Buster Bl Association,Garden,B,0.16,-1,1,-1,0.75,0.25,0.25,unstable,28,235,182,0.0,1.0,1.0,grouped,-1,1,-1,1.0,0.0,0.0,robust isolated,-1,1,-1,1.0,0.0,0.0,robust isolated,0,2,isolated in ≥2
B455,Crystal Wells Block Association,Garden,B,0.344,459,48,619,0.0,1.0,0.625,grouped,27,186,172,0.0,1.0,1.0,grouped,-1,1,-1,1.0,0.0,0.0,robust isolated,-1,1,-1,1.0,0.0,0.0,robust isolated,1,2,isolated in ≥2
B456,Walt L Shemal Garden,Garden,B,0.149,401,2,-1,0.417,0.583,0.375,grouped,28,235,182,0.0,1.0,1.0,grouped,-1,1,-1,1.0,0.0,0.0,robust isolated,-1,1,-1,0.875,0.062,0.0,robust isolated,1,2,isolated in ≥2
B458,East End Community Garden,Garden,B,0.161,459,48,619,0.0,1.0,1.0,grouped,27,186,172,0.0,1.0,1.0,grouped,-1,1,-1,0.667,0.333,0.333,unstable,-1,1,-1,0.688,0.312,0.125,unstable,1,0,definition-specific
B459,Eastern Parkway Coalition,Garden,B,0.44,400,6,530,0.0,0.667,0.417,grouped,28,235,182,0.0,1.0,1.0,grouped,-1,1,-1,1.0,0.0,0.0,robust isolated,-1,1,-1,1.0,0.0,0.0,robust isolated,1,2,isolated in ≥2
B460,Elton St Block Association,Garden,B,0.097,459,48,619,0.167,0.75,0.417,grouped,27,186,172,0.0,1.0,1.0,grouped,-1,1,-1,1.0,0.0,0.0,robust isolated,539,2,575,0.25,0.0,0.0,grouped,2,1,grouped in ≥2
B461,Euclid Garden,Garden,B,0.181,462,2,625,0.25,0.5,0.333,grouped,27,186,172,0.0,1.0,1.0,grouped,-1,1,-1,0.667,0.0,0.0,unstable,-1,1,-1,1.0,0.0,0.0,robust isolated,1,1,definition-specific
B462,Family Community Garden,Garden,B,0.275,461,2,-1,0.5,0.5,0.5,grouped,27,186,172,0.0,1.0,0.5,grouped,-1,1,-1,1.0,0.0,0.0,robust isolated,-1,1,-1,0.875,0.0,0.0,robust isolated,1,2,isolated in ≥2
B463,Fantasy Garden,Garden,B,0.23,435,34,587,0.0,1.0,1.0,grouped,27,186,172,0.0,1.0,1.0,grouped,-1,1,-1,0.556,0.444,0.444,unstable,-1,1,-1,0.875,0.125,0.125,robust isolated,1,1,definition-specific
B464,Farmers Garden,Garden,B,0.154,428,53,578,0.0,1.0,1.0,grouped,27,186,173,0.0,1.0,1.0,grouped,-1,1,-1,1.0,0.0,0.0,robust isolated,-1,1,-1,1.0,0.0,0.0,robust isolated,1,2,isolated in ≥2
B465,First Quincy St Block Association,Garden,B,0.13,425,3,-1,0.25,0.708,0.417,grouped,28,235,182,0.0,1.0,1.0,grouped,-1,1,-1,1.0,0.0,0.0,robust isolated,490,3,524,0.0,0.625,0.125,grouped,2,1,grouped in ≥2
B466,First Temple Of David,Garden,B,0.049,459,48,619,0.167,0.833,0.75,grouped,27,186,172,0.0,1.0,1.0,grouped,-1,1,-1,0.778,0.222,0.222,unstable,-1,1,-1,1.0,0.0,0.0,robust isolated,1,1,definition-specific
B467,Floral Vineyard,Garden,B,0.107,459,48,619,0.0,1.0,1.0,grouped,27,186,172,0.0,1.0,1.0,grouped,-1,1,-1,0.556,0.444,0.444,unstable,-1,1,-1,1.0,0.0,0.0,robust isolated,1,1,definition-specific
B468,Escape To Nature,Garden,B,0.032,459,48,619,0.0,1.0,1.0,grouped,27,186,172,0.0,1.0,1.0,grouped,-1,1,-1,0.667,0.333,0.333,unstable,-1,1,-1,0.5,0.375,0.188,unstable,1,0,definition-specific
B469,Good Shepherds Garden,Garden,B,0.114,-1,1,-1,0.75,0.25,0.25,unstable,27,186,172,0.0,1.0,1.0,grouped,-1,1,-1,1.0,0.0,0.0,robust isolated,-1,1,-1,1.0,0.0,0.0,robust isolated,0,2,isolated in ≥2
B470,Granite St Block Association,Garden,B,0.172,-1,1,-1,0.75,0.25,0.167,unstable,28,235,-1,0.5,0.5,0.5,grouped,-1,1,-1,1.0,0.0,0.0,robust isolated,-1,1,-1,1.0,0.0,0.0,robust isolated,0,2,isolated in ≥2
B471,Green Gems,Garden,B,0.539,459,48,619,0.0,1.0,0.875,grouped,27,186,172,0.0,1.0,1.0,grouped,-1,1,-1,0.556,0.333,0.333,unstable,-1,1,-1,0.812,0.125,0.062,robust isolated,1,1,definition-specific
B472,Greene Av United Neighbors Association *,Garden,B,0.046,402,57,538,0.0,1.0,1.0,grouped,28,235,182,0.0,1.0,1.0,grouped,-1,1,-1,0.667,0.333,0.333,unstable,-1,1,-1,1.0,0.0,0.0,robust isolated,1,1,definition-specific
B473,Hancock T and T,Garden,B,0.081,402,57,-1,0.25,0.75,0.333,grouped,28,235,182,0.0,1.0,1.0,grouped,-1,1,-1,1.0,0.0,0.0,robust isolated,-1,1,-1,0.812,0.125,0.0,robust isolated,1,2,isolated in ≥2
B474,Hart to Hart,Garden,B,0.332,393,3,-1,0.333,0.667,0.292,grouped,28,235,182,0.0,1.0,1.0,grouped,-1,1,-1,1.0,0.0,0.0,robust isolated,-1,1,-1,0.875,0.125,0.0,robust isolated,1,2,isolated in ≥2
B475,Herbal Garden of East NY,Garden,B,0.248,459,48,619,0.0,1.0,1.0,grouped,27,186,172,0.0,1.0,1.0,grouped,-1,1,-1,0.667,0.333,0.333,unstable,-1,1,-1,0.562,0.438,0.312,unstable,1,0,definition-specific
B476,Sh'ma Yisrael,Garden,B,0.145,428,53,578,0.0,1.0,1.0,grouped,28,235,182,0.0,1.0,1.0,grouped,-1,1,-1,1.0,0.0,0.0,robust isolated,408,3,433,0.0,0.625,0.0,grouped,2,1,grouped in ≥2
B477,Jerome Gardens,Garden,B,0.036,459,48,619,0.0,1.0,1.0,grouped,27,186,172,0.0,1.0,1.0,grouped,374,12,461,0.222,0.778,0.778,grouped,-1,1,-1,0.625,0.312,0.188,unstable,2,0,grouped in ≥2
B478,Jerry and The Senior Gents,Garden,B,0.057,459,48,619,0.0,1.0,1.0,grouped,27,186,172,0.0,1.0,1.0,grouped,-1,1,-1,1.0,0.0,0.0,robust isolated,-1,1,-1,0.625,0.25,0.125,unstable,1,1,definition-specific
B479,Lefferts Pl Block Association,Garden,B,0.068,399,2,-1,0.25,0.5,0.5,grouped,28,235,182,0.0,1.0,1.0,grouped,-1,1,-1,1.0,0.0,0.0,robust isolated,450,2,-1,0.375,0.0,0.0,grouped,2,1,grouped in ≥2
B480,Lincoln Rd Block Association,Garden,B,0.065,428,53,-1,0.292,0.625,0.25,grouped,28,235,182,0.0,1.0,1.0,grouped,-1,1,-1,1.0,0.0,0.0,robust isolated,-1,1,-1,0.938,0.0,0.0,robust isolated,1,2,isolated in ≥2
B481,Madison Square Garden Association,Garden,B,0.165,396,14,-1,0.375,0.625,0.25,grouped,28,235,182,0.0,1.0,1.0,grouped,-1,1,-1,1.0,0.0,0.0,robust isolated,-1,1,-1,0.875,0.0,0.0,robust isolated,1,2,isolated in ≥2
B482,Madison Street Block Association,Garden,B,0.08,402,57,538,0.0,1.0,0.75,grouped,28,235,182,0.0,1.0,1.0,grouped,-1,1,-1,1.0,0.0,0.0,robust isolated,-1,1,-1,0.625,0.375,0.125,unstable,1,1,definition-specific
B483,Manley's Pl,Garden,B,0.28,459,48,619,0.0,1.0,1.0,grouped,27,186,172,0.0,1.0,1.0,grouped,-1,1,-1,0.556,0.444,0.444,unstable,-1,1,-1,0.875,0.062,0.0,robust isolated,1,1,definition-specific
B484,Gregory's Garden,Garden,B,0.119,460,2,622,0.25,0.5,0.417,grouped,27,186,172,0.0,1.0,1.0,grouped,-1,1,-1,0.889,0.0,0.0,robust isolated,451,2,483,0.0,0.0,0.0,grouped,2,1,grouped in ≥2
B485,Ps 53,Garden,B,0.061,459,48,619,0.0,1.0,0.5,grouped,27,186,172,0.0,1.0,1.0,grouped,-1,1,-1,1.0,0.0,0.0,robust isolated,-1,1,-1,1.0,0.0,0.0,robust isolated,1,2,isolated in ≥2
B486,Green Valley Garden,Garden,B,0.19,435,34,587,0.0,1.0,1.0,grouped,27,186,172,0.0,1.0,1.0,grouped,354,6,-1,0.444,0.556,0.556,grouped,-1,1,-1,0.75,0.25,0.0,unstable,2,0,grouped in ≥2
B487,Preston Community Garden,Garden,B,0.058,428,53,578,0.0,1.0,1.0,grouped,28,235,182,0.0,1.0,1.0,grouped,-1,1,-1,1.0,0.0,0.0,robust isolated,-1,1,-1,0.875,0.0,0.0,robust isolated,1,2,isolated in ≥2
B488,Red Gate Garden,Garden,B,0.104,402,57,538,0.0,1.0,1.0,grouped,28,235,182,0.0,1.0,1.0,grouped,448,18,558,0.111,0.889,0.889,grouped,-1,1,-1,0.938,0.0,0.0,robust isolated,2,1,grouped in ≥2
B489,Red Shed Garden,Garden,B,0.123,386,53,508,0.0,1.0,0.75,grouped,28,235,182,0.0,1.0,1.0,grouped,-1,1,-1,0.889,0.111,0.111,robust isolated,-1,1,-1,1.0,0.0,0.0,robust isolated,1,2,isolated in ≥2
B490,Santos White Garden,Garden,B,0.141,484,12,-1,0.5,0.5,0.5,grouped,26,137,161,0.0,1.0,1.0,grouped,-1,1,-1,1.0,0.0,0.0,robust isolated,-1,1,-1,1.0,0.0,0.0,robust isolated,1,2,isolated in ≥2
B491,Shield Of Faith,Garden,B,0.172,459,48,619,0.0,1.0,1.0,grouped,27,186,172,0.0,1.0,1.0,grouped,-1,1,-1,1.0,0.0,0.0,robust isolated,496,2,531,0.0,0.25,0.0,grouped,2,1,grouped in ≥2
B492,St John Cantius Parish,Garden,B,0.183,459,48,619,0.0,1.0,0.25,grouped,27,186,172,0.0,1.0,1.0,grouped,-1,1,-1,1.0,0.0,0.0,robust isolated,-1,1,-1,1.0,0.0,0.0,robust isolated,1,2,isolated in ≥2
B493,Upon This Rock Comm Garden,Garden,B,0.081,459,48,619,0.0,1.0,1.0,grouped,27,186,172,0.0,1.0,1.0,grouped,-1,1,-1,0.556,0.444,0.444,unstable,-1,1,-1,0.938,0.062,0.0,robust isolated,1,1,definition-specific
B494,Vernon Tandt Block Association,Garden,B,0.152,402,57,538,0.0,1.0,0.875,grouped,28,235,182,0.0,1.0,1.0,grouped,-1,1,-1,1.0,0.0,0.0,robust isolated,427,3,456,0.125,0.625,0.0,grouped,2,1,grouped in ≥2
B495,Vernon/throop Av Block Association,Garden,B,0.039,402,57,538,0.0,1.0,0.917,grouped,28,235,182,0.0,1.0,1.0,grouped,-1,1,-1,1.0,0.0,0.0,robust isolated,427,3,-1,0.5,0.5,0.0,grouped,2,1,grouped in ≥2
B496,Victory Garden,Garden,B,0.046,459,48,619,0.0,1.0,1.0,grouped,27,186,172,0.0,1.0,1.0,grouped,-1,1,-1,1.0,0.0,0.0,robust isolated,-1,1,-1,0.625,0.25,0.0,unstable,1,1,definition-specific
B498,Louis Pl Friends,Garden,B,0.041,-1,1,-1,0.792,0.208,0.208,unstable,27,186,173,0.0,1.0,1.0,grouped,-1,1,-1,1.0,0.0,0.0,robust isolated,-1,1,-1,1.0,0.0,0.0,robust isolated,0,2,isolated in ≥2
B499,Madison Community Greenthumb,Garden,B,0.057,403,7,541,0.0,1.0,0.833,grouped,28,235,182,0.0,1.0,1.0,grouped,-1,1,-1,1.0,0.0,0.0,robust isolated,-1,1,-1,0.625,0.375,0.188,unstable,1,1,definition-specific
B500,Patrick Van Doren Pocket Park,Garden,B,0.039,425,3,-1,0.25,0.708,0.5,grouped,28,235,182,0.0,1.0,1.0,grouped,411,2,-1,0.444,0.556,0.556,grouped,490,3,-1,0.375,0.625,0.125,grouped,3,0,grouped in all
B501,St Mark's Block Association,Garden,B,0.211,428,53,578,0.0,1.0,1.0,grouped,28,235,182,0.0,1.0,1.0,grouped,412,5,-1,0.333,0.667,0.667,grouped,414,2,-1,0.375,0.062,0.0,grouped,3,0,grouped in all
B502,Shiloh Garden,Garden,B,0.074,402,57,538,0.0,1.0,0.5,grouped,28,235,182,0.0,1.0,1.0,grouped,-1,1,-1,1.0,0.0,0.0,robust isolated,460,2,-1,0.5,0.5,0.25,grouped,2,1,grouped in ≥2
B503,Stars Of Hope,Garden,B,0.033,402,57,538,0.0,1.0,1.0,grouped,28,235,182,0.0,1.0,1.0,grouped,-1,1,-1,0.667,0.333,0.333,unstable,-1,1,-1,0.688,0.312,0.0,unstable,1,0,definition-specific
B504,Ponderosa Garden,Garden,B,0.191,-1,1,-1,0.75,0.25,0.25,unstable,27,186,174,0.0,1.0,1.0,grouped,-1,1,-1,1.0,0.0,0.0,robust isolated,-1,1,-1,1.0,0.0,0.0,robust isolated,0,2,isolated in ≥2
B505,Sterling Community Group,Garden,B,0.116,428,53,578,0.0,1.0,1.0,grouped,28,235,182,0.0,1.0,1.0,grouped,412,5,-1,0.333,0.667,0.667,grouped,-1,1,-1,1.0,0.0,0.0,robust isolated,2,1,grouped in ≥2
B506,Prophecy Garden,Garden,B,0.091,-1,1,-1,0.75,0.25,0.25,unstable,27,186,-1,0.5,0.5,0.5,grouped,-1,1,-1,1.0,0.0,0.0,robust isolated,-1,1,-1,1.0,0.0,0.0,robust isolated,0,2,isolated in ≥2
B507,A Better Community Garden,Garden,B,0.189,428,53,577,0.0,0.75,0.625,grouped,27,186,173,0.0,1.0,1.0,grouped,-1,1,-1,1.0,0.0,0.0,robust isolated,-1,1,-1,0.75,0.25,0.0,unstable,1,1,definition-specific
B508,Vernon Cases Community Garden,Garden,B,0.165,402,57,538,0.0,1.0,0.917,grouped,28,235,182,0.0,1.0,1.0,grouped,-1,1,-1,1.0,0.0,0.0,robust isolated,427,3,456,0.125,0.625,0.0,grouped,2,1,grouped in ≥2
B509,Jordan Magic Garden,Garden,B,0.164,459,48,619,0.0,1.0,1.0,grouped,27,186,172,0.0,1.0,1.0,grouped,-1,1,-1,0.889,0.111,0.111,robust isolated,-1,1,-1,0.875,0.125,0.0,robust isolated,1,2,isolated in ≥2
B510,Marcus Garvey Tenant's Assoc. Garden,Garden,B,0.23,435,34,587,0.0,1.0,0.5,grouped,27,186,172,0.0,1.0,1.0,grouped,-1,1,-1,1.0,0.0,0.0,robust isolated,-1,1,-1,1.0,0.0,0.0,robust isolated,1,2,isolated in ≥2
B511,Jes Good Rewards Childeren's Garden,Garden,B,0.213,435,34,587,0.0,1.0,1.0,grouped,27,186,172,0.0,1.0,1.0,grouped,374,12,461,0.222,0.778,0.778,grouped,-1,1,-1,0.625,0.188,0.125,unstable,2,0,grouped in ≥2
B512,Hoparkinson R&L Block Association Garden,Garden,B,0.104,435,34,-1,0.25,0.75,0.667,grouped,27,186,172,0.0,1.0,1.0,grouped,-1,1,-1,0.556,0.444,0.444,unstable,-1,1,-1,0.875,0.0,0.0,robust isolated,1,1,definition-specific
B513,United Community Centers Youth Farm,Garden,B,0.138,435,34,587,0.0,1.0,1.0,grouped,27,186,172,0.0,1.0,1.0,grouped,374,12,460,0.111,0.889,0.889,grouped,-1,1,-1,0.875,0.062,0.0,robust isolated,2,1,grouped in ≥2
B514,Nehemiah Ten Garden,Garden,B,0.275,459,48,619,0.0,1.0,1.0,grouped,27,186,172,0.0,1.0,1.0,grouped,-1,1,-1,1.0,0.0,0.0,robust isolated,501,2,536,0.0,0.438,0.125,grouped,2,1,grouped in ≥2
B515,United Community Center,Garden,B,0.525,459,48,619,0.0,1.0,1.0,grouped,27,186,172,0.0,1.0,1.0,grouped,-1,1,-1,0.889,0.111,0.111,robust isolated,-1,1,-1,0.5,0.375,0.125,unstable,1,1,definition-specific
B516,Powell Street Livonia Garden,Garden,B,0.459,435,34,587,0.0,1.0,1.0,grouped,27,186,172,0.0,1.0,1.0,grouped,-1,1,-1,1.0,0.0,0.0,robust isolated,-1,1,-1,0.812,0.062,0.0,robust isolated,1,2,isolated in ≥2
B517,Phoenix Community Garden,Garden,B,0.475,428,53,578,0.0,1.0,1.0,grouped,28,235,182,0.0,1.0,1.0,grouped,-1,1,-1,0.556,0.444,0.444,unstable,-1,1,-1,0.75,0.25,0.188,unstable,1,0,definition-specific
B518,Victory Garden's Group,Garden,B,0.058,-1,1,-1,0.583,0.417,0.25,unstable,28,235,182,0.0,1.0,1.0,grouped,-1,1,-1,1.0,0.0,0.0,robust isolated,-1,1,-1,1.0,0.0,0.0,robust isolated,0,2,isolated in ≥2
B519,Spencer St Block Association,Garden,B,0.043,-1,1,-1,0.75,0.25,0.25,unstable,28,235,182,0.0,1.0,1.0,grouped,-1,1,-1,1.0,0.0,0.0,robust isolated,-1,1,-1,1.0,0.0,0.0,robust isolated,0,2,isolated in ≥2
B521,Oriental Garden,Garden,B,0.191,459,48,619,0.0,1.0,1.0,grouped,27,186,172,0.0,1.0,1.0,grouped,-1,1,-1,1.0,0.0,0.0,robust isolated,501,2,536,0.0,0.438,0.125,grouped,2,1,grouped in ≥2
B522,Jerome-Glenmore Cornerstone Community Garden,Garden,B,0.198,459,48,619,0.0,1.0,1.0,grouped,27,186,172,0.0,1.0,1.0,grouped,-1,1,-1,0.667,0.333,0.333,unstable,510,2,-1,0.375,0.625,0.188,grouped,2,0,grouped in ≥2
B525,Sumpter Community Garden,Garden,B,0.057,-1,1,-1,0.375,0.625,0.25,unstable,27,186,173,0.0,1.0,0.5,grouped,-1,1,-1,1.0,0.0,0.0,robust isolated,-1,1,-1,1.0,0.0,0.0,robust isolated,0,2,isolated in ≥2
B526,Cleveland Street Vegetable Garden,Garden,B,0.09,459,48,619,0.0,1.0,0.25,grouped,27,186,172,0.0,1.0,1.0,grouped,-1,1,-1,1.0,0.0,0.0,robust isolated,-1,1,-1,1.0,0.0,0.0,robust isolated,1,2,isolated in ≥2
B527,Hands and Heart Garden,Garden,B,0.614,435,34,587,0.0,1.0,1.0,grouped,27,186,172,0.0,1.0,1.0,grouped,354,6,-1,0.444,0.556,0.556,grouped,-1,1,-1,1.0,0.0,0.0,robust isolated,2,1,grouped in ≥2
B528,Howard Av Block Association,Garden,B,0.219,-1,1,-1,0.5,0.5,0.5,unstable,27,186,172,0.0,1.0,1.0,grouped,-1,1,-1,1.0,0.0,0.0,robust isolated,-1,1,-1,1.0,0.0,0.0,robust isolated,0,2,isolated in ≥2
B529,Bushwick Inlet Park,Neighborhood Park,B,35.533,386,53,508,0.0,1.0,1.0,grouped,28,235,182,0.0,1.0,1.0,grouped,383,8,-1,0.444,0.556,0.556,grouped,-1,1,-1,1.0,0.0,0.0,robust isolated,2,1,grouped in ≥2
B530,Seasons of Vision,Garden,B,0.083,428,53,577,0.25,0.75,0.583,grouped,28,235,182,0.0,1.0,1.0,grouped,-1,1,-1,0.778,0.222,0.222,unstable,-1,1,-1,1.0,0.0,0.0,robust isolated,1,1,definition-specific
B531,Garden of Plenty,Garden,B,0.062,428,53,578,0.0,1.0,0.75,grouped,28,235,182,0.0,1.0,1.0,grouped,-1,1,-1,1.0,0.0,0.0,robust isolated,523,2,559,0.25,0.0,0.0,grouped,2,1,grouped in ≥2
B532,F.A.R.R. Community Garden,Garden,B,0.028,428,53,577,0.0,0.75,0.75,grouped,27,186,173,0.0,1.0,1.0,grouped,-1,1,-1,1.0,0.0,0.0,robust isolated,-1,1,-1,0.688,0.25,0.0,unstable,1,1,definition-specific
B533,Abib Newborn Garden,Garden,B,0.249,435,34,587,0.0,1.0,1.0,grouped,27,186,172,0.0,1.0,1.0,grouped,-1,1,-1,1.0,0.0,0.0,robust isolated,-1,1,-1,1.0,0.0,0.0,robust isolated,1,2,isolated in ≥2
B535,400 Montauk Av Block Assn,Garden,B,0.092,459,48,619,0.083,0.917,0.917,grouped,27,186,172,0.0,1.0,1.0,grouped,354,6,-1,0.444,0.556,0.556,grouped,-1,1,-1,0.688,0.312,0.062,unstable,2,0,grouped in ≥2
B536,North 5th Street Pier and Park,Waterfront Facility,B,3.083,-1,1,-1,0.75,0.25,0.25,unstable,28,235,182,0.0,1.0,0.5,grouped,-1,1,-1,1.0,0.0,0.0,robust isolated,-1,1,-1,1.0,0.0,0.0,robust isolated,0,2,isolated in ≥2
B537,Park,Triangle/Plaza,B,0.013,402,57,538,0.0,0.917,0.75,grouped,28,235,182,0.0,1.0,1.0,grouped,-1,1,-1,0.556,0.444,0.444,unstable,-1,1,-1,0.75,0.25,0.0,unstable,1,0,definition-specific
B538,Welcome Home Garden,Garden,B,0.059,428,53,578,0.0,1.0,1.0,grouped,28,235,182,0.0,1.0,1.0,grouped,-1,1,-1,1.0,0.0,0.0,robust isolated,465,3,499,0.0,0.75,0.188,grouped,2,1,grouped in ≥2
B540,Neighborhood Community Garden,Garden,B,0.073,428,53,578,0.083,0.917,0.708,grouped,27,186,173,0.0,1.0,1.0,grouped,-1,1,-1,1.0,0.0,0.0,robust isolated,414,2,-1,0.375,0.062,0.0,grouped,2,1,grouped in ≥2
B541,Berriman Playground,Playground,B,0.959,449,12,603,0.0,1.0,1.0,grouped,27,186,174,0.0,1.0,1.0,grouped,483,3,-1,0.444,0.556,0.556,grouped,489,2,523,0.0,0.0,0.0,grouped,3,0,grouped in all
B543,East New York Farms Garden,Garden,B,0.101,459,48,619,0.0,1.0,1.0,grouped,27,186,172,0.0,1.0,1.0,grouped,-1,1,-1,0.889,0.111,0.111,robust isolated,-1,1,-1,0.875,0.125,0.062,robust isolated,1,2,isolated in ≥2
B544,100 Quincy Street Community Garden,Garden,B,0.052,425,3,-1,0.375,0.625,0.375,grouped,28,235,182,0.0,1.0,1.0,grouped,-1,1,-1,1.0,0.0,0.0,robust isolated,490,3,524,0.0,0.625,0.125,grouped,2,1,grouped in ≥2
B545,Oko Farms Aquaponics Education Garden,Garden,B,0.057,-1,1,-1,0.75,0.25,0.25,unstable,28,235,182,0.0,1.0,1.0,grouped,-1,1,-1,1.0,0.0,0.0,robust isolated,-1,1,-1,1.0,0.0,0.0,robust isolated,0,2,isolated in ≥2
B546,The Feeding Tree,Garden,B,0.039,402,57,538,0.0,1.0,1.0,grouped,28,235,182,0.0,1.0,1.0,grouped,448,18,-1,0.444,0.556,0.556,grouped,-1,1,-1,0.688,0.312,0.125,unstable,2,0,grouped in ≥2
B548,Park,Neighborhood Park,B,1.351,449,12,603,0.0,1.0,1.0,grouped,27,186,174,0.0,1.0,1.0,grouped,483,3,-1,0.444,0.556,0.556,grouped,489,2,523,0.0,0.0,0.0,grouped,3,0,grouped in all
B549,Whole Neighborhood Garden,Garden,B,0.091,402,57,538,0.0,1.0,1.0,grouped,28,235,182,0.0,1.0,1.0,grouped,-1,1,-1,0.778,0.222,0.222,unstable,-1,1,-1,0.875,0.125,0.0,robust isolated,1,1,definition-specific
B550,Keap Fourth Community Garden,Garden,B,0.066,386,53,508,0.0,1.0,1.0,grouped,28,235,182,0.0,1.0,1.0,grouped,-1,1,-1,1.0,0.0,0.0,robust isolated,-1,1,-1,0.875,0.125,0.0,robust isolated,1,2,isolated in ≥2
B551,Vinegar Hill Community Garden,Garden,B,0.064,480,30,650,0.25,0.75,0.75,grouped,25,82,147,0.0,0.5,0.0,grouped,-1,1,-1,1.0,0.0,0.0,robust isolated,-1,1,-1,1.0,0.0,0.0,robust isolated,1,2,isolated in ≥2
B552,Grand Street Community Garden,Garden,B,0.045,386,53,512,0.0,1.0,1.0,grouped,28,235,184,0.0,1.0,0.5,grouped,-1,1,-1,1.0,0.0,0.0,robust isolated,-1,1,-1,0.75,0.0,0.0,unstable,1,1,definition-specific
B553,61 Franklin Street Garden,Garden,B,0.04,386,53,508,0.0,1.0,0.917,grouped,28,235,182,0.0,1.0,0.5,grouped,383,8,-1,0.444,0.556,0.556,grouped,-1,1,-1,0.938,0.0,0.0,robust isolated,2,1,grouped in ≥2
B554,Brownsville Green,Garden,B,0.025,428,53,576,0.25,0.75,0.5,grouped,27,186,173,0.0,1.0,1.0,grouped,-1,1,-1,1.0,0.0,0.0,robust isolated,-1,1,-1,0.875,0.0,0.0,robust isolated,1,2,isolated in ≥2
B555,Beaver Noll Park,Playground,B,0.436,396,14,524,0.0,1.0,0.75,grouped,28,235,-1,0.5,0.5,0.5,grouped,-1,1,-1,0.556,0.444,0.444,unstable,-1,1,-1,1.0,0.0,0.0,robust isolated,1,1,definition-specific
B556,Know Waste Lands,Garden,B,0.097,396,14,524,0.0,1.0,0.833,grouped,28,235,182,0.0,1.0,1.0,grouped,458,12,573,0.111,0.889,0.889,grouped,-1,1,-1,1.0,0.0,0.0,robust isolated,2,1,grouped in ≥2
B558,Linwood Street Garden (Pagan's Garden),Garden,B,0.082,459,48,619,0.0,1.0,1.0,grouped,27,186,172,0.0,1.0,1.0,grouped,374,12,461,0.222,0.778,0.778,grouped,-1,1,-1,0.688,0.25,0.188,unstable,2,0,grouped in ≥2
B559,South Brooklyn Children's Garden,Garden,B,0.083,475,19,639,0.0,1.0,1.0,grouped,25,82,146,0.0,1.0,1.0,grouped,-1,1,-1,1.0,0.0,0.0,robust isolated,-1,1,-1,1.0,0.0,0.0,robust isolated,1,2,isolated in ≥2
B560,Pirate's Cove Garden,Garden,B,0.032,475,19,639,0.0,1.0,1.0,grouped,25,82,146,0.0,1.0,1.0,grouped,-1,1,-1,1.0,0.0,0.0,robust isolated,-1,1,-1,0.938,0.0,0.0,robust isolated,1,2,isolated in ≥2
B561,Saratoga Farm,Garden,B,0.181,428,53,578,0.0,1.0,1.0,grouped,28,235,182,0.0,1.0,1.0,grouped,399,2,-1,0.444,0.444,0.444,grouped,-1,1,-1,0.875,0.125,0.0,robust isolated,2,1,grouped in ≥2
B562,Surfside Multi-Cultural Garden Coalition,Garden,B,0.687,484,12,656,0.0,1.0,0.875,grouped,26,137,161,0.0,1.0,1.0,grouped,-1,1,-1,0.667,0.333,0.333,unstable,-1,1,-1,1.0,0.0,0.0,robust isolated,1,1,definition-specific
B563,Student Farm Project,Garden,B,0.172,435,34,587,0.0,1.0,1.0,grouped,27,186,172,0.0,1.0,1.0,grouped,374,12,461,0.111,0.889,0.889,grouped,-1,1,-1,0.812,0.188,0.062,robust isolated,2,1,grouped in ≥2
B564,Positive Seeds of Life Garden,Garden,B,0.11,434,2,586,0.0,0.5,0.5,grouped,27,186,172,0.0,1.0,1.0,grouped,-1,1,-1,1.0,0.0,0.0,robust isolated,-1,1,-1,1.0,0.0,0.0,robust isolated,1,2,isolated in ≥2
B565,Isabahlia Community Garden,Garden,B,0.06,435,34,587,0.0,1.0,0.458,grouped,27,186,172,0.0,1.0,1.0,grouped,-1,1,-1,1.0,0.0,0.0,robust isolated,-1,1,-1,1.0,0.0,0.0,robust isolated,1,2,isolated in ≥2
B566,Brownsville Community Farm,Garden,B,0.117,435,34,587,0.0,1.0,0.75,grouped,27,186,172,0.0,1.0,1.0,grouped,-1,1,-1,1.0,0.0,0.0,robust isolated,-1,1,-1,1.0,0.0,0.0,robust isolated,1,2,isolated in ≥2
B567,Her-King Alagantic Block Association Garden,Garden,B,0.045,428,53,578,0.0,1.0,0.458,grouped,28,235,182,0.0,1.0,1.0,grouped,-1,1,-1,1.0,0.0,0.0,robust isolated,-1,1,-1,1.0,0.0,0.0,robust isolated,1,2,isolated in ≥2
B568,Ashford Street Abundant Garden,Garden,B,0.133,461,2,-1,0.5,0.5,0.375,grouped,27,186,172,0.0,1.0,1.0,grouped,-1,1,-1,1.0,0.0,0.0,robust isolated,-1,1,-1,1.0,0.0,0.0,robust isolated,1,2,isolated in ≥2
B569,Chestnut Street Garden,Garden,B,0.086,-1,1,-1,0.75,0.25,0.167,unstable,27,186,-1,0.5,0.5,0.5,grouped,-1,1,-1,1.0,0.0,0.0,robust isolated,-1,1,-1,1.0,0.0,0.0,robust isolated,0,2,isolated in ≥2
B570,Dolly's Park,Garden,B,0.052,-1,1,-1,0.75,0.25,0.25,unstable,25,82,146,0.0,1.0,1.0,grouped,-1,1,-1,1.0,0.0,0.0,robust isolated,-1,1,-1,1.0,0.0,0.0,robust isolated,0,2,isolated in ≥2
B571,East 43rd Street Community Garden,Garden,B,0.091,-1,1,-1,0.75,0.25,0.167,unstable,26,137,-1,0.5,0.5,0.5,grouped,-1,1,-1,1.0,0.0,0.0,robust isolated,-1,1,-1,1.0,0.0,0.0,robust isolated,0,2,isolated in ≥2
B572,Hattie Carthan Herban Farm,Garden,B,0.137,402,57,538,0.0,1.0,1.0,grouped,28,235,182,0.0,1.0,1.0,grouped,-1,1,-1,1.0,0.0,0.0,robust isolated,474,2,508,0.25,0.0,0.0,grouped,2,1,grouped in ≥2
B573,Patchen Community Square Garden,Garden,B,0.104,403,7,541,0.0,1.0,0.833,grouped,28,235,182,0.0,1.0,1.0,grouped,583,3,-1,0.444,0.556,0.0,grouped,-1,1,-1,1.0,0.0,0.0,robust isolated,2,1,grouped in ≥2
B574,Halsey Ralph & Howard Community Garden,Garden,B,0.065,428,53,578,0.0,1.0,1.0,grouped,28,235,182,0.0,1.0,1.0,grouped,-1,1,-1,1.0,0.0,0.0,robust isolated,465,3,499,0.25,0.75,0.188,grouped,2,1,grouped in ≥2
B575,Halsey Garden,Garden,B,0.121,428,53,-1,0.0,1.0,0.75,grouped,28,235,182,0.0,1.0,1.0,grouped,-1,1,-1,1.0,0.0,0.0,robust isolated,465,3,499,0.0,0.75,0.188,grouped,2,1,grouped in ≥2
B576,Tranquility Farm (Willoughby Ave. Garden),Garden,B,0.123,402,57,538,0.0,1.0,1.0,grouped,28,235,182,0.0,1.0,1.0,grouped,-1,1,-1,1.0,0.0,0.0,robust isolated,-1,1,-1,0.875,0.125,0.0,robust isolated,1,2,isolated in ≥2
B577,EL Garden,Garden,B,0.114,-1,1,-1,0.75,0.25,0.25,unstable,28,235,182,0.0,1.0,1.0,grouped,-1,1,-1,1.0,0.0,0.0,robust isolated,-1,1,-1,1.0,0.0,0.0,robust isolated,0,2,isolated in ≥2
B578,Saratoga Blake Garden,Garden,B,0.103,435,34,587,0.0,1.0,1.0,grouped,27,186,172,0.0,1.0,1.0,grouped,-1,1,-1,0.556,0.444,0.444,unstable,-1,1,-1,0.875,0.125,0.125,robust isolated,1,1,definition-specific
B579,Imani II Community Garden,Garden,B,0.069,428,53,578,0.0,1.0,1.0,grouped,28,235,182,0.0,1.0,1.0,grouped,-1,1,-1,0.778,0.222,0.222,unstable,408,3,-1,0.25,0.562,0.0,grouped,2,0,grouped in ≥2
B580,Java Street Community Garden,Garden,B,0.063,-1,1,-1,0.75,0.25,0.25,unstable,28,235,-1,0.5,0.5,0.5,grouped,-1,1,-1,1.0,0.0,0.0,robust isolated,-1,1,-1,1.0,0.0,0.0,robust isolated,0,2,isolated in ≥2
B581,Warwick Street Greenery Glow Garden,Garden,B,0.041,460,2,622,0.292,0.458,0.375,grouped,27,186,172,0.0,1.0,1.0,grouped,-1,1,-1,0.889,0.0,0.0,robust isolated,451,2,483,0.0,0.0,0.0,grouped,2,1,grouped in ≥2
B582,Brooklyn's Finest Garden,Garden,B,0.058,399,2,-1,0.375,0.375,0.25,grouped,28,235,182,0.0,1.0,1.0,grouped,-1,1,-1,1.0,0.0,0.0,robust isolated,450,2,-1,0.375,0.0,0.0,grouped,2,1,grouped in ≥2
B583,Hooper Grove,Garden,B,0.053,386,53,508,0.0,1.0,1.0,grouped,28,235,182,0.0,1.0,1.0,grouped,-1,1,-1,1.0,0.0,0.0,robust isolated,-1,1,-1,1.0,0.0,0.0,robust isolated,1,2,isolated in ≥2
B584,Moffat Garden,Garden,B,0.038,-1,1,-1,0.75,0.25,0.25,unstable,28,235,182,0.0,1.0,1.0,grouped,-1,1,-1,1.0,0.0,0.0,robust isolated,-1,1,-1,1.0,0.0,0.0,robust isolated,0,2,isolated in ≥2
B585,Prospect Plaza Park,Neighborhood Park,B,0.657,-1,1,-1,0.75,0.25,0.25,unstable,28,235,182,0.0,1.0,0.0,grouped,-1,1,-1,1.0,0.0,0.0,robust isolated,-1,1,-1,1.0,0.0,0.0,robust isolated,0,2,isolated in ≥2
B586,Garden,Garden,B,0.091,484,12,656,0.0,1.0,0.875,grouped,26,137,161,0.0,1.0,1.0,grouped,-1,1,-1,0.667,0.333,0.333,unstable,-1,1,-1,1.0,0.0,0.0,robust isolated,1,1,definition-specific
B588,Greenpoint Public Park,Neighborhood Park,B,2.65,-1,1,-1,0.75,0.25,0.25,unstable,28,235,-1,0.5,0.5,0.5,grouped,-1,1,-1,1.0,0.0,0.0,robust isolated,-1,1,-1,1.0,0.0,0.0,robust isolated,0,2,isolated in ≥2
B592,Betty Carter Park,Neighborhood Park,B,0.231,402,57,538,0.0,1.0,1.0,grouped,25,82,145,0.0,1.0,1.0,grouped,-1,1,-1,0.556,0.444,0.444,unstable,-1,1,-1,0.938,0.062,0.0,robust isolated,1,1,definition-specific
B593,Bed-Stuy Farm,Garden,B,0.06,426,3,572,0.125,0.875,0.417,grouped,28,235,182,0.0,1.0,1.0,grouped,-1,1,-1,1.0,0.0,0.0,robust isolated,411,3,437,0.062,0.688,0.062,grouped,2,1,grouped in ≥2
B594,Maple Street Community Garden,Neighborhood Park,B,1.377,-1,1,-1,0.75,0.25,0.167,unstable,28,235,182,0.0,1.0,1.0,grouped,-1,1,-1,1.0,0.0,0.0,robust isolated,-1,1,-1,1.0,0.0,0.0,robust isolated,0,2,isolated in ≥2
B595,Greenpoint Landing,Neighborhood Park,B,1.486,386,53,-1,0.375,0.625,0.167,grouped,28,235,-1,0.5,0.5,0.0,grouped,-1,1,-1,1.0,0.0,0.0,robust isolated,-1,1,-1,1.0,0.0,0.0,robust isolated,1,2,isolated in ≥2
B597,Kingsborough Houses Bergen Playground,Playground,B,0.322,428,53,578,0.0,1.0,0.708,grouped,28,235,182,0.0,1.0,1.0,grouped,-1,1,-1,1.0,0.0,0.0,robust isolated,-1,1,-1,0.875,0.125,0.0,robust isolated,1,2,isolated in ≥2
B598,West 23rd St. Garden,Garden,B,1.31,484,12,-1,0.5,0.5,0.5,grouped,26,137,161,0.0,1.0,0.5,grouped,-1,1,-1,1.0,0.0,0.0,robust isolated,-1,1,-1,1.0,0.0,0.0,robust isolated,1,2,isolated in ≥2
B599,Kingsborough Houses Pacific Playground,Playground,B,0.333,428,53,578,0.0,1.0,1.0,grouped,28,235,182,0.0,1.0,1.0,grouped,-1,1,-1,1.0,0.0,0.0,robust isolated,408,3,433,0.0,0.625,0.0,grouped,2,1,grouped in ≥2
B600,Garden,Garden,B,0.151,428,53,578,0.0,1.0,0.25,grouped,27,186,173,0.0,1.0,0.5,grouped,-1,1,-1,1.0,0.0,0.0,robust isolated,-1,1,-1,1.0,0.0,0.0,robust isolated,1,2,isolated in ≥2
B601,MHBA Living Laboratory,Garden,B,0.14,435,34,-1,0.292,0.708,0.417,grouped,27,186,172,0.0,1.0,1.0,grouped,-1,1,-1,1.0,0.0,0.0,robust isolated,-1,1,-1,0.875,0.0,0.0,robust isolated,1,2,isolated in ≥2
B602,Park,Triangle/Plaza,B,0.017,428,53,578,0.0,1.0,1.0,grouped,27,186,173,0.0,1.0,1.0,grouped,-1,1,-1,0.556,0.444,0.444,unstable,-1,1,-1,1.0,0.0,0.0,robust isolated,1,1,definition-specific
B603,Jerzee Triangle,Triangle/Plaza,B,0.008,501,2,684,0.0,0.5,0.5,grouped,26,137,161,0.0,1.0,1.0,grouped,469,3,587,0.111,0.889,0.889,grouped,-1,1,-1,1.0,0.0,0.0,robust isolated,2,1,grouped in ≥2
B604,Park,Triangle/Plaza,B,0.006,496,26,675,0.0,1.0,1.0,grouped,26,137,160,0.0,1.0,1.0,grouped,568,5,-1,0.444,0.556,0.556,grouped,-1,1,-1,1.0,0.0,0.0,robust isolated,2,1,grouped in ≥2
B605,Ascenzi Square,Triangle/Plaza,B,0.031,386,53,508,0.25,0.75,0.75,grouped,28,235,182,0.0,1.0,1.0,grouped,-1,1,-1,0.778,0.222,0.222,unstable,-1,1,-1,1.0,0.0,0.0,robust isolated,1,1,definition-specific
B606,Fowler Square,Triangle/Plaza,B,0.004,402,57,538,0.0,1.0,1.0,grouped,28,235,182,0.0,1.0,1.0,grouped,-1,1,-1,0.556,0.444,0.444,unstable,-1,1,-1,1.0,0.0,0.0,robust isolated,1,1,definition-specific
B608,St. Mark's Playground,Playground,B,0.23,-1,1,-1,1.0,0.0,0.0,robust isolated,-1,1,-1,1.0,0.0,0.0,robust isolated,-1,1,-1,1.0,0.0,0.0,robust isolated,-1,1,-1,1.0,0.0,0.0,robust isolated,0,3,isolated in all
B609,Park,Triangle/Plaza,B,0.045,428,53,578,0.0,1.0,1.0,grouped,27,186,173,0.0,1.0,1.0,grouped,-1,1,-1,0.556,0.444,0.444,unstable,-1,1,-1,1.0,0.0,0.0,robust isolated,1,1,definition-specific
B610,Park,Triangle/Plaza,B,0.032,-1,1,-1,0.75,0.25,0.25,unstable,25,82,145,0.0,1.0,1.0,grouped,-1,1,-1,1.0,0.0,0.0,robust isolated,-1,1,-1,1.0,0.0,0.0,robust isolated,0,2,isolated in ≥2
M001,Abingdon Square,Triangle/Plaza,M,0.222,34,34,54,0.0,1.0,1.0,grouped,38,189,244,0.0,1.0,1.0,grouped,111,7,-1,0.444,0.556,0.556,grouped,-1,1,-1,1.0,0.0,0.0,robust isolated,2,1,grouped in ≥2
M002,Ahearn Park,Triangle/Plaza,M,0.094,36,51,63,0.0,1.0,1.0,grouped,38,189,244,0.0,1.0,1.0,grouped,-1,1,-1,0.778,0.222,0.222,unstable,-1,1,-1,1.0,0.0,0.0,robust isolated,1,1,definition-specific
M003,Annunciation Playground,Playground,M,1.24,13,123,20,0.0,1.0,1.0,grouped,37,162,236,0.0,1.0,1.0,grouped,86,20,-1,0.444,0.556,0.556,grouped,-1,1,-1,0.625,0.25,0.125,unstable,2,0,grouped in ≥2
M004,Allen Street Malls,Mall,M,1.698,36,51,63,0.0,1.0,1.0,grouped,38,189,244,0.0,1.0,1.0,grouped,137,6,-1,0.444,0.556,0.556,grouped,-1,1,-1,1.0,0.0,0.0,robust isolated,2,1,grouped in ≥2
M005,The Battery,Neighborhood Park,M,21.88,36,51,61,0.25,0.625,0.417,grouped,38,189,245,0.0,1.0,0.5,grouped,-1,1,-1,0.667,0.333,0.278,unstable,-1,1,-1,1.0,0.0,0.0,robust isolated,1,1,definition-specific
M006,Tribeca Park,Triangle/Plaza,M,0.32,34,34,54,0.25,0.75,0.75,grouped,38,189,244,0.0,1.0,1.0,grouped,-1,1,-1,0.667,0.333,0.333,unstable,-1,1,-1,0.875,0.0,0.0,robust isolated,1,1,definition-specific
M007,Bowling Green,Triangle/Plaza,M,1.016,-1,1,-1,0.75,0.25,0.25,unstable,-1,1,-1,1.0,0.0,0.0,robust isolated,-1,1,-1,0.667,0.333,0.278,unstable,-1,1,-1,1.0,0.0,0.0,robust isolated,0,1,definition-specific
M008,Bryant Park,Neighborhood Park,M,9.603,31,11,49,0.0,1.0,0.917,grouped,38,189,244,0.0,1.0,1.0,grouped,103,5,-1,0.333,0.667,0.667,grouped,-1,1,-1,0.938,0.0,0.0,robust isolated,2,1,grouped in ≥2
M009,Bennett Park,Neighborhood Park,M,1.8,138,9,214,0.0,0.75,0.583,grouped,5,20,51,0.0,1.0,1.0,grouped,-1,1,-1,1.0,0.0,0.0,robust isolated,-1,1,-1,1.0,0.0,0.0,robust isolated,1,2,isolated in ≥2
M011,Chelsea Park,Playground,M,3.9,34,34,53,0.0,1.0,1.0,grouped,38,189,244,0.0,1.0,1.0,grouped,86,20,-1,0.444,0.556,0.556,grouped,-1,1,-1,1.0,0.0,0.0,robust isolated,2,1,grouped in ≥2
M012,Christopher Park,Triangle/Plaza,M,0.186,34,34,54,0.0,1.0,1.0,grouped,38,189,244,0.0,1.0,1.0,grouped,100,4,-1,0.444,0.556,0.556,grouped,-1,1,-1,1.0,0.0,0.0,robust isolated,2,1,grouped in ≥2
M013,City Hall Park,Neighborhood Park,M,8.8,36,51,59,0.0,1.0,1.0,grouped,38,189,244,0.0,1.0,1.0,grouped,-1,1,-1,0.778,0.222,0.167,unstable,-1,1,-1,1.0,0.0,0.0,robust isolated,1,1,definition-specific
M014,Jackie Robinson Park,Neighborhood Park,M,12.772,13,123,20,0.0,1.0,1.0,grouped,37,162,236,0.0,1.0,1.0,grouped,-1,1,-1,0.889,0.111,0.111,robust isolated,-1,1,-1,1.0,0.0,0.0,robust isolated,1,2,isolated in ≥2
M015,Columbus Park,Playground,M,3.233,36,51,63,0.0,1.0,0.75,grouped,38,189,244,0.0,1.0,0.5,grouped,-1,1,-1,0.778,0.222,0.222,unstable,-1,1,-1,0.75,0.0,0.0,unstable,1,0,definition-specific
M016,Cooper Triangle,Triangle/Plaza,M,0.165,35,52,56,0.0,1.0,0.833,grouped,38,189,244,0.0,1.0,1.0,grouped,532,2,-1,0.444,0.333,0.0,grouped,-1,1,-1,1.0,0.0,0.0,robust isolated,2,1,grouped in ≥2
M017,Corlears Hook Park,Neighborhood Park,M,4.355,36,51,63,0.0,0.875,0.75,grouped,38,189,247,0.0,0.5,0.5,grouped,-1,1,-1,0.889,0.111,0.0,robust isolated,-1,1,-1,0.75,0.0,0.0,unstable,1,1,definition-specific
M018,Carmansville Playground,Playground,M,0.573,13,123,20,0.0,1.0,1.0,grouped,37,162,236,0.0,1.0,1.0,grouped,86,20,-1,0.444,0.556,0.556,grouped,-1,1,-1,0.875,0.062,0.0,robust isolated,2,1,grouped in ≥2
M019,Coleman Playground,Playground,M,2.61,36,51,63,0.0,1.0,1.0,grouped,38,189,-1,0.5,0.5,0.5,grouped,-1,1,-1,0.778,0.222,0.222,unstable,-1,1,-1,1.0,0.0,0.0,robust isolated,1,1,definition-specific
M020,Dante Park,Triangle/Plaza,M,0.142,4,23,4,0.25,0.75,0.75,grouped,38,189,244,0.0,1.0,1.0,grouped,-1,1,-1,1.0,0.0,0.0,robust isolated,-1,1,-1,1.0,0.0,0.0,robust isolated,1,2,isolated in ≥2
M021,A Philip Randolph Square,Triangle/Plaza,M,0.074,13,123,22,0.0,1.0,1.0,grouped,37,162,236,0.0,1.0,1.0,grouped,-1,1,-1,0.889,0.111,0.111,robust isolated,-1,1,-1,0.625,0.25,0.125,unstable,1,1,definition-specific
M022,De Witt Clinton Park,Playground,M,5.829,23,2,38,0.0,0.292,0.25,grouped,38,189,244,0.0,1.0,1.0,grouped,-1,1,-1,0.833,0.167,0.167,robust isolated,-1,1,-1,1.0,0.0,0.0,robust isolated,1,2,isolated in ≥2
M023,Donnellan Square,Triangle/Plaza,M,0.108,13,123,20,0.0,1.0,1.0,grouped,37,162,236,0.0,1.0,1.0,grouped,-1,1,-1,1.0,0.0,0.0,robust isolated,-1,1,-1,0.5,0.25,0.0,unstable,1,1,definition-specific
M024,Dorrance Brooks Square,Triangle/Plaza,M,0.038,13,123,22,0.0,1.0,1.0,grouped,37,162,236,0.0,1.0,1.0,grouped,-1,1,-1,1.0,0.0,0.0,robust isolated,-1,1,-1,0.938,0.062,0.0,robust isolated,1,2,isolated in ≥2
M025,Duane Park,Triangle/Plaza,M,0.115,36,51,63,0.25,0.75,0.333,grouped,38,189,244,0.0,1.0,1.0,grouped,-1,1,-1,1.0,0.0,0.0,robust isolated,-1,1,-1,1.0,0.0,0.0,robust isolated,1,2,isolated in ≥2
M026,Dyckman House Museum,Historic House Park,M,0.545,138,9,213,0.0,1.0,0.667,grouped,5,20,51,0.0,1.0,0.5,grouped,-1,1,-1,1.0,0.0,0.0,robust isolated,-1,1,-1,1.0,0.0,0.0,robust isolated,1,2,isolated in ≥2
M027,Downing Street Playground,Playground,M,0.223,34,34,54,0.0,1.0,0.75,grouped,38,189,244,0.0,1.0,1.0,grouped,111,7,-1,0.444,0.556,0.556,grouped,-1,1,-1,1.0,0.0,0.0,robust isolated,2,1,grouped in ≥2
M029,Fort Tryon Park,Community Park,M,67.213,138,9,213,0.125,0.875,0.583,grouped,5,20,51,0.0,1.0,1.0,grouped,-1,1,-1,1.0,0.0,0.0,robust isolated,-1,1,-1,1.0,0.0,0.0,robust isolated,1,2,isolated in ≥2
M030,Thomas Paine Park,Triangle/Plaza,M,1.875,36,51,63,0.0,1.0,0.75,grouped,38,189,244,0.0,1.0,0.5,grouped,-1,1,-1,0.778,0.222,0.222,unstable,-1,1,-1,0.938,0.062,0.0,robust isolated,1,1,definition-specific
M031,Amelia Gorman Park,Neighborhood Park,M,1.89,138,9,214,0.25,0.75,0.125,grouped,37,162,237,0.0,0.5,0.5,grouped,-1,1,-1,1.0,0.0,0.0,robust isolated,-1,1,-1,1.0,0.0,0.0,robust isolated,1,2,isolated in ≥2
M032,Greeley Square Park,Triangle/Plaza,M,0.144,31,11,49,0.0,1.0,0.75,grouped,38,189,244,0.0,1.0,1.0,grouped,-1,1,-1,0.667,0.333,0.333,unstable,-1,1,-1,0.75,0.25,0.125,unstable,1,0,definition-specific
M033,Hamilton Fish Park,Community Park,M,4.3,36,51,63,0.0,1.0,1.0,grouped,38,189,244,0.0,1.0,1.0,grouped,-1,1,-1,1.0,0.0,0.0,robust isolated,-1,1,-1,0.812,0.0,0.0,robust isolated,1,2,isolated in ≥2
M034,Hancock Park,Triangle/Plaza,M,0.067,13,123,22,0.0,1.0,1.0,grouped,37,162,236,0.0,1.0,1.0,grouped,-1,1,-1,0.556,0.444,0.444,unstable,-1,1,-1,0.938,0.0,0.0,robust isolated,1,1,definition-specific
M035,Brigadier General Charles Young Triangle,Triangle/Plaza,M,0.882,13,123,22,0.125,0.875,0.667,grouped,37,162,236,0.0,1.0,1.0,grouped,-1,1,-1,0.667,0.333,0.333,unstable,-1,1,-1,0.625,0.25,0.062,unstable,1,0,definition-specific
M036,Herald Square,Triangle/Plaza,M,0.21,31,11,49,0.0,1.0,0.917,grouped,38,189,244,0.0,1.0,1.0,grouped,-1,1,-1,0.667,0.333,0.333,unstable,-1,1,-1,0.875,0.125,0.125,robust isolated,1,1,definition-specific
M038,James J Walker Park,Neighborhood Park,M,1.67,34,34,54,0.0,1.0,0.75,grouped,38,189,244,0.0,1.0,1.0,grouped,-1,1,-1,0.667,0.333,0.333,unstable,-1,1,-1,1.0,0.0,0.0,robust isolated,1,1,definition-specific
M039,Harlem River Park,Parkway,M,46.657,13,123,20,0.0,1.0,1.0,grouped,37,162,236,0.0,1.0,1.0,grouped,-1,1,-1,0.778,0.222,0.222,unstable,-1,1,-1,1.0,0.0,0.0,robust isolated,1,1,definition-specific
M040,Johnny Hartman Square,Triangle/Plaza,M,0.018,13,123,20,0.0,1.0,1.0,grouped,37,162,236,0.0,1.0,1.0,grouped,86,20,-1,0.444,0.556,0.556,grouped,-1,1,-1,0.625,0.188,0.0,unstable,2,0,grouped in ≥2
M041,Alexander Hamilton Playground,Playground,M,0.811,13,123,20,0.0,1.0,1.0,grouped,37,162,236,0.0,1.0,1.0,grouped,-1,1,-1,0.889,0.111,0.111,robust isolated,-1,1,-1,0.938,0.062,0.0,robust isolated,1,2,isolated in ≥2
M043,Isham Park,Community Park,M,20.132,138,9,213,0.0,1.0,0.667,grouped,5,20,51,0.0,1.0,0.5,grouped,-1,1,-1,1.0,0.0,0.0,robust isolated,-1,1,-1,1.0,0.0,0.0,robust isolated,1,2,isolated in ≥2
M044,Jackson Square,Triangle/Plaza,M,0.227,34,34,54,0.0,1.0,1.0,grouped,38,189,244,0.0,1.0,1.0,grouped,-1,1,-1,0.667,0.333,0.333,unstable,-1,1,-1,0.875,0.125,0.0,robust isolated,1,1,definition-specific
M045,John Jay Park,Community Park,M,3.312,11,20,-1,0.333,0.667,0.167,grouped,37,162,238,0.0,1.0,1.0,grouped,-1,1,-1,1.0,0.0,0.0,robust isolated,-1,1,-1,1.0,0.0,0.0,robust isolated,1,2,isolated in ≥2
M046,Vietnam Veterans Plaza,Triangle/Plaza,M,0.728,36,51,61,0.25,0.625,0.5,grouped,38,189,245,0.0,1.0,0.5,grouped,-1,1,-1,0.778,0.222,0.222,unstable,-1,1,-1,1.0,0.0,0.0,robust isolated,1,1,definition-specific
M047,Thomas Jefferson Park,Community Park,M,15.524,13,123,22,0.0,1.0,0.875,grouped,37,162,236,0.0,1.0,1.0,grouped,136,5,-1,0.222,0.778,0.778,grouped,252,4,-1,0.438,0.5,0.062,grouped,3,0,grouped in all
M048,Joan Of Arc Park,Neighborhood Park,M,1.578,4,23,5,0.167,0.833,0.417,grouped,38,189,246,0.0,1.0,1.0,grouped,-1,1,-1,1.0,0.0,0.0,robust isolated,-1,1,-1,1.0,0.0,0.0,robust isolated,1,2,isolated in ≥2
M051,Richard Tucker Park,Triangle/Plaza,M,0.051,4,23,4,0.0,0.75,0.75,grouped,38,189,244,0.0,1.0,1.0,grouped,-1,1,-1,0.889,0.111,0.111,robust isolated,-1,1,-1,1.0,0.0,0.0,robust isolated,1,2,isolated in ≥2
M052,Madison Square Park,Neighborhood Park,M,6.234,30,5,46,0.083,0.75,0.75,grouped,38,189,244,0.0,1.0,1.0,grouped,103,5,-1,0.333,0.667,0.667,grouped,-1,1,-1,1.0,0.0,0.0,robust isolated,2,1,grouped in ≥2
M054,Mitchel Square,Triangle/Plaza,M,0.774,13,123,19,0.25,0.75,0.583,grouped,37,162,236,0.0,1.0,1.0,grouped,-1,1,-1,1.0,0.0,0.0,robust isolated,-1,1,-1,0.875,0.0,0.0,robust isolated,1,2,isolated in ≥2
M055,Montefiore Square,Triangle/Plaza,M,0.34,13,123,20,0.0,1.0,1.0,grouped,37,162,236,0.0,1.0,1.0,grouped,-1,1,-1,1.0,0.0,0.0,robust isolated,-1,1,-1,0.75,0.125,0.0,unstable,1,1,definition-specific
M056,Morningside Park,Community Park,M,29.888,13,123,22,0.0,1.0,1.0,grouped,37,162,236,0.0,1.0,1.0,grouped,-1,1,-1,0.556,0.444,0.444,unstable,-1,1,-1,1.0,0.0,0.0,robust isolated,1,1,definition-specific
M058,Marcus Garvey Park,Community Park,M,20.165,13,123,22,0.0,1.0,1.0,grouped,37,162,236,0.0,1.0,1.0,grouped,-1,1,-1,0.278,0.722,0.722,unstable,-1,1,-1,1.0,0.0,0.0,robust isolated,1,1,definition-specific
M059,Murphy Brothers Playground,Playground,M,1.275,35,52,57,0.25,0.75,0.75,grouped,38,189,244,0.0,1.0,1.0,grouped,-1,1,-1,0.667,0.333,0.333,unstable,258,3,271,0.0,0.625,0.0,grouped,2,0,grouped in ≥2
M060A,Park Avenue Malls,Mall,M,0.23,11,20,12,0.0,1.0,1.0,grouped,38,189,244,0.0,1.0,1.0,grouped,-1,1,-1,1.0,0.0,0.0,robust isolated,-1,1,-1,1.0,0.0,0.0,robust isolated,1,2,isolated in ≥2
M060B,Park Avenue Malls,Mall,M,0.65,31,11,49,0.0,1.0,0.917,grouped,38,189,244,0.0,1.0,1.0,grouped,-1,1,-1,0.778,0.222,0.111,unstable,-1,1,-1,0.75,0.0,0.0,unstable,1,0,definition-specific
M060C,Park Avenue Malls,Mall,M,4.623,11,20,13,0.0,1.0,1.0,grouped,37,162,236,0.0,1.0,1.0,grouped,-1,1,-1,0.889,0.111,0.111,robust isolated,-1,1,-1,1.0,0.0,0.0,robust isolated,1,2,isolated in ≥2
M061,Plaza Lafayette,Triangle/Plaza,M,0.092,139,2,-1,0.375,0.5,0.25,grouped,-1,1,-1,1.0,0.0,0.0,robust isolated,-1,1,-1,1.0,0.0,0.0,robust isolated,-1,1,-1,1.0,0.0,0.0,robust isolated,1,2,isolated in ≥2
M062,Grand Army Plaza,Triangle/Plaza,M,0.625,11,20,12,0.0,1.0,1.0,grouped,38,189,244,0.0,1.0,1.0,grouped,103,5,-1,0.333,0.667,0.667,grouped,-1,1,-1,0.812,0.0,0.0,robust isolated,2,1,grouped in ≥2
M064,Lillian D Wald Playground,Recreational Field/Courts,M,0.68,36,51,63,0.0,1.0,0.5,grouped,38,189,-1,0.5,0.5,0.0,grouped,-1,1,-1,0.778,0.222,0.222,unstable,-1,1,-1,1.0,0.0,0.0,robust isolated,1,1,definition-specific
M065,Luther Gulick Park,Neighborhood Park,M,1.451,36,51,62,0.0,0.667,0.458,grouped,38,189,244,0.0,1.0,1.0,grouped,-1,1,-1,0.889,0.0,0.0,robust isolated,-1,1,-1,1.0,0.0,0.0,robust isolated,1,2,isolated in ≥2
M066,Dr. Gertrude B. Kelly Playground,Neighborhood Park,M,0.525,34,34,53,0.0,1.0,0.75,grouped,38,189,244,0.0,1.0,1.0,grouped,-1,1,-1,1.0,0.0,0.0,robust isolated,-1,1,-1,0.938,0.0,0.0,robust isolated,1,2,isolated in ≥2
M067,Sophie Irene Loeb,Playground,M,0.122,36,51,63,0.0,1.0,1.0,grouped,38,189,244,0.0,1.0,1.0,grouped,-1,1,-1,0.778,0.222,0.0,unstable,-1,1,-1,1.0,0.0,0.0,robust isolated,1,1,definition-specific
M069,Vesuvio Playground,Neighborhood Park,M,0.635,34,34,54,0.0,1.0,0.75,grouped,38,189,244,0.0,1.0,1.0,grouped,-1,1,-1,0.889,0.0,0.0,robust isolated,-1,1,-1,1.0,0.0,0.0,robust isolated,1,2,isolated in ≥2
M070,Queensboro Oval,Recreational Field/Courts,M,1.239,11,20,12,0.0,1.0,1.0,grouped,38,189,246,0.0,1.0,1.0,grouped,-1,1,-1,0.889,0.111,0.111,robust isolated,-1,1,-1,1.0,0.0,0.0,robust isolated,1,2,isolated in ≥2
M072,Riverside Park,Neighborhood Park,M,13.35,13,123,20,0.0,1.0,1.0,grouped,37,162,236,0.0,1.0,1.0,grouped,-1,1,-1,0.778,0.222,0.222,unstable,-1,1,-1,1.0,0.0,0.0,robust isolated,1,1,definition-specific
M073,Roger Morris Park,Historic House Park,M,1.524,13,123,19,0.0,0.75,0.5,grouped,37,162,236,0.0,1.0,1.0,grouped,-1,1,-1,1.0,0.0,0.0,robust isolated,-1,1,-1,1.0,0.0,0.0,robust isolated,1,2,isolated in ≥2
M076,St. Vartan Park,Neighborhood Park,M,2.759,31,11,49,0.0,1.0,0.917,grouped,38,189,244,0.0,1.0,1.0,grouped,137,6,-1,0.333,0.667,0.667,grouped,-1,1,-1,0.938,0.062,0.0,robust isolated,2,1,grouped in ≥2
M077,St. Nicholas Park,Neighborhood Park,M,22.74,13,123,20,0.0,1.0,1.0,grouped,37,162,236,0.0,1.0,1.0,grouped,-1,1,-1,0.889,0.111,0.111,robust isolated,-1,1,-1,0.625,0.25,0.0,unstable,1,1,definition-specific
M079,St. Catherine's Park,Neighborhood Park,M,1.383,11,20,12,0.0,1.0,0.333,grouped,37,162,236,0.0,1.0,1.0,grouped,137,6,-1,0.444,0.556,0.556,grouped,-1,1,-1,1.0,0.0,0.0,robust isolated,2,1,grouped in ≥2
M080,Schiff Mall,Mall,M,0.376,36,51,63,0.0,1.0,1.0,grouped,38,189,244,0.0,1.0,1.0,grouped,532,2,-1,0.444,0.333,0.333,grouped,-1,1,-1,0.875,0.0,0.0,robust isolated,2,1,grouped in ≥2
M081,Carl Schurz Park,Neighborhood Park,M,14.938,11,20,-1,0.25,0.75,0.167,grouped,37,162,236,0.0,1.0,1.0,grouped,-1,1,-1,1.0,0.0,0.0,robust isolated,-1,1,-1,1.0,0.0,0.0,robust isolated,1,2,isolated in ≥2
M082,Seward Park,Neighborhood Park,M,3.361,36,51,63,0.0,1.0,1.0,grouped,38,189,244,0.0,1.0,1.0,grouped,-1,1,-1,0.667,0.333,0.333,unstable,-1,1,-1,1.0,0.0,0.0,robust isolated,1,1,definition-specific
M083,Sherman Square,Triangle/Plaza,M,0.066,4,23,4,0.0,1.0,0.75,grouped,38,189,244,0.0,1.0,1.0,grouped,86,20,-1,0.444,0.556,0.556,grouped,-1,1,-1,0.875,0.125,0.0,robust isolated,2,1,grouped in ≥2
M085,Straus Park,Triangle/Plaza,M,0.072,-1,1,-1,0.5,0.5,0.5,unstable,37,162,236,0.0,1.0,1.0,grouped,-1,1,-1,0.667,0.333,0.333,unstable,-1,1,-1,1.0,0.0,0.0,robust isolated,0,1,definition-specific
M086,Stuyvesant Square,Neighborhood Park,M,3.928,35,52,58,0.0,1.0,1.0,grouped,38,189,244,0.0,1.0,1.0,grouped,-1,1,-1,0.667,0.333,0.333,unstable,-1,1,-1,0.688,0.062,0.0,unstable,1,0,definition-specific
M087,Sakura Park,Neighborhood Park,M,2.067,13,123,21,0.0,1.0,0.75,grouped,37,162,236,0.0,1.0,1.0,grouped,-1,1,-1,1.0,0.0,0.0,robust isolated,-1,1,-1,1.0,0.0,0.0,robust isolated,1,2,isolated in ≥2
M088,Tompkins Square Park,Neighborhood Park,M,10.502,35,52,56,0.0,1.0,1.0,grouped,38,189,244,0.0,1.0,1.0,grouped,-1,1,-1,0.667,0.333,0.333,unstable,-1,1,-1,1.0,0.0,0.0,robust isolated,1,1,definition-specific
M089,Union Square Park,Community Park,M,6.51,30,5,45,0.0,1.0,0.75,grouped,38,189,244,0.0,1.0,1.0,grouped,-1,1,-1,0.778,0.222,0.111,unstable,-1,1,-1,0.75,0.0,0.0,unstable,1,0,definition-specific
M090,Lafayette Square,Triangle/Plaza,M,0.018,13,123,22,0.0,1.0,0.75,grouped,37,162,236,0.0,1.0,1.0,grouped,-1,1,-1,1.0,0.0,0.0,robust isolated,-1,1,-1,1.0,0.0,0.0,robust isolated,1,2,isolated in ≥2
M091,Bennett Rest,Nature Area,M,3.567,-1,1,-1,0.75,0.25,0.208,unstable,-1,1,-1,1.0,0.0,0.0,robust isolated,-1,1,-1,1.0,0.0,0.0,robust isolated,-1,1,-1,1.0,0.0,0.0,robust isolated,0,2,isolated in ≥2
M092A,Haven Avenue,Parkway,M,1.38,139,2,-1,0.375,0.5,0.0,grouped,-1,1,-1,1.0,0.0,0.0,robust isolated,-1,1,-1,1.0,0.0,0.0,robust isolated,-1,1,-1,1.0,0.0,0.0,robust isolated,1,2,isolated in ≥2
M092B,Park,Strip,M,1.494,-1,1,-1,0.5,0.5,0.25,unstable,-1,1,-1,1.0,0.0,0.0,robust isolated,-1,1,-1,1.0,0.0,0.0,robust isolated,-1,1,-1,1.0,0.0,0.0,robust isolated,0,2,isolated in ≥2
M093,Father Duffy Square,Triangle/Plaza,M,0.076,3,3,3,0.0,1.0,1.0,grouped,38,189,244,0.0,1.0,1.0,grouped,100,4,-1,0.444,0.556,0.556,grouped,-1,1,-1,1.0,0.0,0.0,robust isolated,2,1,grouped in ≥2
M094,Broadway Malls,Mall,M,5.754,4,23,5,0.0,1.0,1.0,grouped,37,162,236,0.0,1.0,1.0,grouped,86,20,-1,0.444,0.556,0.556,grouped,-1,1,-1,1.0,0.0,0.0,robust isolated,2,1,grouped in ≥2
M094A,Broadway Malls,Mall,M,1.3,13,123,21,0.0,1.0,0.875,grouped,37,162,236,0.0,1.0,1.0,grouped,-1,1,-1,0.667,0.333,0.333,unstable,-1,1,-1,0.75,0.125,0.0,unstable,1,0,definition-specific
M095,Broadway Malls,Mall,M,2.198,13,123,20,0.0,1.0,1.0,grouped,37,162,236,0.0,1.0,1.0,grouped,-1,1,-1,0.667,0.333,0.333,unstable,-1,1,-1,0.75,0.125,0.0,unstable,1,0,definition-specific
M095A,Broadway Malls,Mall,M,1.139,13,123,19,0.0,1.0,0.667,grouped,37,162,236,0.0,1.0,1.0,grouped,-1,1,-1,0.667,0.333,0.167,unstable,-1,1,-1,0.875,0.125,0.0,robust isolated,1,1,definition-specific
M096,Adam Clayton Powell Jr. Malls,Mall,M,1.679,13,123,22,0.0,1.0,1.0,grouped,37,162,236,0.0,1.0,1.0,grouped,-1,1,-1,0.444,0.556,0.556,unstable,-1,1,-1,0.812,0.062,0.0,robust isolated,1,1,definition-specific
M097,Verdi Square,Triangle/Plaza,M,0.095,4,23,4,0.0,1.0,0.75,grouped,38,189,244,0.0,1.0,1.0,grouped,86,20,-1,0.444,0.556,0.556,grouped,-1,1,-1,0.625,0.375,0.125,unstable,2,0,grouped in ≥2
M098,Washington Square Park,Neighborhood Park,M,9.749,34,34,54,0.0,1.0,1.0,grouped,38,189,244,0.0,1.0,1.0,grouped,103,5,-1,0.333,0.667,0.667,grouped,-1,1,-1,0.688,0.312,0.312,unstable,2,0,grouped in ≥2
M099,J. Hood Wright Park,Neighborhood Park,M,6.699,138,9,214,0.0,0.75,0.583,grouped,5,20,51,0.0,1.0,1.0,grouped,-1,1,-1,1.0,0.0,0.0,robust isolated,-1,1,-1,1.0,0.0,0.0,robust isolated,1,2,isolated in ≥2
M101,Worth Square,Triangle/Plaza,M,0.269,30,5,46,0.25,0.75,0.75,grouped,38,189,244,0.0,1.0,1.0,grouped,103,5,-1,0.333,0.667,0.667,grouped,-1,1,-1,0.625,0.0,0.0,unstable,2,0,grouped in ≥2
M105,Sara D. Roosevelt Park,Neighborhood Park,M,7.85,36,51,63,0.0,1.0,1.0,grouped,38,189,244,0.0,1.0,1.0,grouped,-1,1,-1,0.778,0.222,0.222,unstable,-1,1,-1,0.938,0.0,0.0,robust isolated,1,1,definition-specific
M108A,Louis Cuvillier Park,Neighborhood Park,M,2.752,13,123,22,0.25,0.75,0.375,grouped,37,162,236,0.0,1.0,1.0,grouped,136,5,-1,0.444,0.556,0.556,grouped,-1,1,-1,0.562,0.312,0.0,unstable,2,0,grouped in ≥2
M108B,Park,Parkway,M,2.13,14,2,-1,0.375,0.5,0.333,grouped,-1,1,-1,1.0,0.0,0.0,robust isolated,-1,1,-1,1.0,0.0,0.0,robust isolated,-1,1,-1,1.0,0.0,0.0,robust isolated,1,2,isolated in ≥2
M108F,Triboro Plaza,Triangle/Plaza,M,2.3,13,123,22,0.167,0.833,0.75,grouped,37,162,236,0.0,1.0,1.0,grouped,136,5,-1,0.333,0.667,0.667,grouped,-1,1,-1,0.75,0.188,0.0,unstable,2,0,grouped in ≥2
M108G,Playground 103 CIII,Neighborhood Park,M,1.052,-1,1,-1,0.875,0.125,0.083,robust isolated,-1,1,-1,1.0,0.0,0.0,robust isolated,-1,1,-1,1.0,0.0,0.0,robust isolated,-1,1,-1,1.0,0.0,0.0,robust isolated,0,3,isolated in all
M108H,Park,Triangle/Plaza,M,0.034,11,20,13,0.25,0.75,0.667,grouped,37,162,236,0.0,1.0,1.0,grouped,-1,1,-1,0.889,0.111,0.111,robust isolated,-1,1,-1,1.0,0.0,0.0,robust isolated,1,2,isolated in ≥2
M108J,Park,Strip,M,0.188,14,2,-1,0.417,0.458,0.417,grouped,37,162,236,0.0,1.0,1.0,grouped,-1,1,-1,1.0,0.0,0.0,robust isolated,-1,1,-1,0.5,0.25,0.125,unstable,1,1,definition-specific
M108N,Peter Detmold Park,Neighborhood Park,M,0.588,-1,1,-1,0.625,0.292,0.083,unstable,-1,1,-1,1.0,0.0,0.0,robust isolated,-1,1,-1,1.0,0.0,0.0,robust isolated,-1,1,-1,1.0,0.0,0.0,robust isolated,0,2,isolated in ≥2
M108P,Sutton Parks,Triangle/Plaza,M,0.85,11,20,12,0.083,0.917,0.583,grouped,38,189,244,0.0,1.0,1.0,grouped,-1,1,-1,0.889,0.111,0.111,robust isolated,-1,1,-1,1.0,0.0,0.0,robust isolated,1,2,isolated in ≥2
M108Q,Twenty-Four Sycamores Park,Playground,M,0.622,11,20,12,0.083,0.917,0.667,grouped,37,162,236,0.0,1.0,1.0,grouped,-1,1,-1,0.889,0.111,0.111,robust isolated,-1,1,-1,0.75,0.0,0.0,unstable,1,1,definition-specific
M108Q1,Andrew Haswell Green Park,Neighborhood Park,M,1.984,-1,1,-1,0.667,0.333,0.0,unstable,38,189,244,0.0,1.0,0.0,grouped,-1,1,-1,1.0,0.0,0.0,robust isolated,-1,1,-1,0.75,0.125,0.0,unstable,0,1,definition-specific
M108R,Sutton Place Park,Neighborhood Park,M,0.268,-1,1,-1,0.75,0.25,0.25,unstable,38,189,-1,0.5,0.5,0.5,grouped,-1,1,-1,1.0,0.0,0.0,robust isolated,-1,1,-1,1.0,0.0,0.0,robust isolated,0,2,isolated in ≥2
M108T,East River Walk,Waterfront Facility,M,4.602,-1,1,-1,0.792,0.208,0.083,unstable,-1,1,-1,1.0,0.0,0.0,robust isolated,-1,1,-1,1.0,0.0,0.0,robust isolated,-1,1,-1,1.0,0.0,0.0,robust isolated,0,2,isolated in ≥2
M108T01,East River Esplanade,Waterfront Facility,M,8.595,11,20,13,0.125,0.875,0.5,grouped,37,162,236,0.0,1.0,0.5,grouped,-1,1,-1,1.0,0.0,0.0,robust isolated,-1,1,-1,1.0,0.0,0.0,robust isolated,1,2,isolated in ≥2
M110,William McCray Playground,Playground,M,0.456,13,123,22,0.0,1.0,0.458,grouped,37,162,236,0.0,1.0,1.0,grouped,-1,1,-1,1.0,0.0,0.0,robust isolated,-1,1,-1,1.0,0.0,0.0,robust isolated,1,2,isolated in ≥2
M111,James Weldon Johnson Playground,Jointly Operated Playground,M,1.048,13,123,22,0.0,1.0,1.0,grouped,37,162,236,0.0,1.0,1.0,grouped,147,4,-1,0.444,0.556,0.556,grouped,-1,1,-1,0.562,0.375,0.0,unstable,2,0,grouped in ≥2
M113,Joseph C. Sauer Park,Neighborhood Park,M,0.403,35,52,56,0.167,0.833,0.667,grouped,38,189,244,0.0,1.0,1.0,grouped,-1,1,-1,1.0,0.0,0.0,robust isolated,-1,1,-1,0.688,0.312,0.062,unstable,1,1,definition-specific
M113A,Children's Garden,Garden,M,0.037,35,52,56,0.0,1.0,1.0,grouped,38,189,244,0.0,1.0,1.0,grouped,-1,1,-1,0.667,0.333,0.333,unstable,-1,1,-1,0.625,0.375,0.0,unstable,1,0,definition-specific
M116,ABC Playground,Playground,M,0.451,36,51,63,0.0,1.0,1.0,grouped,38,189,244,0.0,1.0,1.0,grouped,-1,1,-1,0.667,0.333,0.333,unstable,-1,1,-1,0.938,0.0,0.0,robust isolated,1,1,definition-specific
M120A,William F. Passannante Ballfield,Recreational Field/Courts,M,0.607,34,34,54,0.0,1.0,1.0,grouped,38,189,244,0.0,1.0,1.0,grouped,-1,1,-1,0.667,0.333,0.333,unstable,-1,1,-1,1.0,0.0,0.0,robust isolated,1,1,definition-specific
M120B,Playground of the Americas,Playground,M,0.079,34,34,54,0.0,1.0,1.0,grouped,38,189,244,0.0,1.0,1.0,grouped,-1,1,-1,0.667,0.333,0.333,unstable,-1,1,-1,0.75,0.0,0.0,unstable,1,0,definition-specific
M122,Captain Jacob Joseph Playground,Playground,M,0.135,36,51,63,0.0,1.0,1.0,grouped,38,189,244,0.0,1.0,1.0,grouped,-1,1,-1,0.667,0.333,0.333,unstable,-1,1,-1,0.938,0.0,0.0,robust isolated,1,1,definition-specific
M123,Peretz Square,Triangle/Plaza,M,0.192,36,51,63,0.0,1.0,0.75,grouped,38,189,244,0.0,1.0,1.0,grouped,137,6,-1,0.444,0.556,0.556,grouped,-1,1,-1,0.875,0.0,0.0,robust isolated,2,1,grouped in ≥2
M124,First Park,Neighborhood Park,M,0.763,35,52,58,0.125,0.875,0.75,grouped,38,189,244,0.0,1.0,1.0,grouped,137,6,-1,0.333,0.667,0.667,grouped,-1,1,-1,0.875,0.125,0.0,robust isolated,2,1,grouped in ≥2
M125A,Minetta Green,Triangle/Plaza,M,0.056,34,34,54,0.0,1.0,1.0,grouped,38,189,244,0.0,1.0,1.0,grouped,-1,1,-1,0.667,0.333,0.333,unstable,-1,1,-1,0.75,0.25,0.0,unstable,1,0,definition-specific
M125B,Minetta Playground,Playground,M,0.206,34,34,54,0.0,1.0,1.0,grouped,38,189,244,0.0,1.0,1.0,grouped,-1,1,-1,0.667,0.333,0.333,unstable,-1,1,-1,0.625,0.375,0.125,unstable,1,0,definition-specific
M125C,West 4th Street Courts,Playground,M,0.42,34,34,54,0.0,1.0,1.0,grouped,38,189,244,0.0,1.0,1.0,grouped,-1,1,-1,0.667,0.333,0.333,unstable,-1,1,-1,0.625,0.375,0.312,unstable,1,0,definition-specific
M125D,Minetta Triangle,Triangle/Plaza,M,0.075,34,34,54,0.0,1.0,1.0,grouped,38,189,244,0.0,1.0,1.0,grouped,111,7,-1,0.333,0.667,0.667,grouped,-1,1,-1,0.875,0.125,0.0,robust isolated,2,1,grouped in ≥2
M125E,Charlton Plaza,Triangle/Plaza,M,0.039,34,34,54,0.0,1.0,1.0,grouped,38,189,244,0.0,1.0,1.0,grouped,-1,1,-1,0.667,0.333,0.333,unstable,-1,1,-1,1.0,0.0,0.0,robust isolated,1,1,definition-specific
M127,Bushman Steps,Triangle/Plaza,M,0.08,13,123,19,0.0,1.0,0.667,grouped,37,162,236,0.0,1.0,1.0,grouped,-1,1,-1,1.0,0.0,0.0,robust isolated,-1,1,-1,1.0,0.0,0.0,robust isolated,1,2,isolated in ≥2
M132,Little Flower Playground,Playground,M,1.294,36,51,63,0.0,1.0,0.75,grouped,38,189,245,0.0,1.0,1.0,grouped,-1,1,-1,0.556,0.444,0.444,unstable,376,2,-1,0.5,0.25,0.0,grouped,2,0,grouped in ≥2
M138,Bill Bojangles Robinson Playground,Playground,M,0.172,13,123,20,0.0,1.0,1.0,grouped,37,162,236,0.0,1.0,1.0,grouped,-1,1,-1,1.0,0.0,0.0,robust isolated,-1,1,-1,1.0,0.0,0.0,robust isolated,1,2,isolated in ≥2
M140,Recreational Area,Community Park,M,23.093,12,2,-1,0.5,0.5,0.083,grouped,-1,1,-1,1.0,0.0,0.0,robust isolated,-1,1,-1,1.0,0.0,0.0,robust isolated,-1,1,-1,1.0,0.0,0.0,robust isolated,1,2,isolated in ≥2
M141,Percy E. Sutton Playground,Neighborhood Park,M,1.635,13,123,22,0.0,1.0,0.5,grouped,37,162,236,0.0,1.0,1.0,grouped,-1,1,-1,0.889,0.111,0.111,robust isolated,-1,1,-1,0.75,0.125,0.062,unstable,1,1,definition-specific
M144,John V. Lindsay East River Park,Community Park,M,45.88,-1,1,-1,0.875,0.125,0.0,robust isolated,-1,1,-1,1.0,0.0,0.0,robust isolated,-1,1,-1,1.0,0.0,0.0,robust isolated,-1,1,-1,1.0,0.0,0.0,robust isolated,0,3,isolated in all
M145,Albert Capsouto Park,Triangle/Plaza,M,0.366,34,34,54,0.25,0.75,0.75,grouped,38,189,-1,0.5,0.5,0.5,grouped,-1,1,-1,0.667,0.333,0.333,unstable,-1,1,-1,1.0,0.0,0.0,robust isolated,1,1,definition-specific
M148,White Playground,Playground,M,0.684,5,2,6,0.0,0.25,0.25,grouped,37,162,236,0.0,1.0,1.0,grouped,-1,1,-1,0.889,0.0,0.0,robust isolated,-1,1,-1,0.75,0.0,0.0,unstable,1,1,definition-specific
M154,Mathews-Palmer Playground,Playground,M,0.475,-1,1,-1,0.75,0.25,0.25,unstable,38,189,244,0.0,1.0,1.0,grouped,-1,1,-1,1.0,0.0,0.0,robust isolated,-1,1,-1,1.0,0.0,0.0,robust isolated,0,2,isolated in ≥2
M155,Courtney Callender Playground,Playground,M,0.653,13,123,22,0.0,1.0,1.0,grouped,37,162,236,0.0,1.0,1.0,grouped,-1,1,-1,0.667,0.333,0.333,unstable,-1,1,-1,1.0,0.0,0.0,robust isolated,1,1,definition-specific
M156,McKenna Square,Triangle/Plaza,M,0.222,13,123,19,0.0,1.0,0.667,grouped,37,162,236,0.0,1.0,1.0,grouped,-1,1,-1,0.889,0.0,0.0,robust isolated,-1,1,-1,1.0,0.0,0.0,robust isolated,1,2,isolated in ≥2
M158,Robert Moses Playground,Playground,M,1.093,31,11,48,0.125,0.875,0.75,grouped,38,189,244,0.0,1.0,1.0,grouped,137,6,-1,0.444,0.556,0.556,grouped,-1,1,-1,1.0,0.0,0.0,robust isolated,2,1,grouped in ≥2
M159,Frederick Johnson Playground,Recreational Field/Courts,M,2.445,13,123,20,0.208,0.792,0.458,grouped,37,162,236,0.0,1.0,1.0,grouped,-1,1,-1,0.889,0.111,0.111,robust isolated,-1,1,-1,1.0,0.0,0.0,robust isolated,1,2,isolated in ≥2
M160,Fred Samuel Playground,Playground,M,0.688,13,123,22,0.0,1.0,0.5,grouped,37,162,236,0.0,1.0,1.0,grouped,-1,1,-1,1.0,0.0,0.0,robust isolated,-1,1,-1,1.0,0.0,0.0,robust isolated,1,2,isolated in ≥2
M161,McCaffrey Playground,Playground,M,0.436,-1,1,-1,0.75,0.25,0.25,unstable,38,189,244,0.0,1.0,1.0,grouped,-1,1,-1,1.0,0.0,0.0,robust isolated,-1,1,-1,1.0,0.0,0.0,robust isolated,0,2,isolated in ≥2
M164,Asser Levy Playground,Community Park,M,2.436,30,5,45,0.25,0.75,0.417,grouped,38,189,244,0.0,1.0,1.0,grouped,-1,1,-1,1.0,0.0,0.0,robust isolated,-1,1,-1,1.0,0.0,0.0,robust isolated,1,2,isolated in ≥2
M165,Baruch Playground,Recreational Field/Courts,M,2.32,-1,1,-1,0.75,0.25,0.25,unstable,-1,1,-1,1.0,0.0,0.0,robust isolated,-1,1,-1,1.0,0.0,0.0,robust isolated,-1,1,-1,1.0,0.0,0.0,robust isolated,0,2,isolated in ≥2
M166,Harlem Art Park,Neighborhood Park,M,0.347,13,123,22,0.0,1.0,1.0,grouped,37,162,236,0.0,1.0,1.0,grouped,-1,1,-1,1.0,0.0,0.0,robust isolated,356,2,-1,0.125,0.375,0.125,grouped,2,1,grouped in ≥2
M167,Peck Slip,Triangle/Plaza,M,0.187,37,5,64,0.0,0.5,0.5,grouped,38,189,245,0.0,1.0,0.5,grouped,-1,1,-1,0.889,0.111,0.111,robust isolated,-1,1,-1,1.0,0.0,0.0,robust isolated,1,2,isolated in ≥2
M169,Samuel Marx Triangle,Triangle/Plaza,M,0.03,13,123,22,0.0,1.0,1.0,grouped,37,162,236,0.0,1.0,1.0,grouped,-1,1,-1,0.889,0.111,0.111,robust isolated,-1,1,-1,0.75,0.25,0.0,unstable,1,1,definition-specific
M170,Petrosino Square,Triangle/Plaza,M,0.047,36,51,63,0.0,1.0,0.75,grouped,38,189,244,0.0,1.0,0.5,grouped,-1,1,-1,0.889,0.111,0.111,robust isolated,-1,1,-1,0.625,0.062,0.0,unstable,1,1,definition-specific
M171,Cherry Clinton Playground,Playground,M,0.483,36,51,63,0.0,1.0,0.5,grouped,38,189,-1,0.5,0.5,0.5,grouped,-1,1,-1,0.778,0.222,0.222,unstable,-1,1,-1,1.0,0.0,0.0,robust isolated,1,1,definition-specific
M172,McCarthy Square,Triangle/Plaza,M,0.039,34,34,54,0.0,1.0,1.0,grouped,38,189,244,0.0,1.0,1.0,grouped,100,4,-1,0.444,0.556,0.556,grouped,-1,1,-1,1.0,0.0,0.0,robust isolated,2,1,grouped in ≥2
M177,Honey Locust Park,Triangle/Plaza,M,0.295,11,20,12,0.0,1.0,1.0,grouped,38,189,244,0.0,1.0,1.0,grouped,-1,1,-1,1.0,0.0,0.0,robust isolated,-1,1,-1,0.562,0.125,0.0,unstable,1,1,definition-specific
M178,Catherine Slip Malls,Mall,M,0.25,36,51,63,0.0,1.0,1.0,grouped,38,189,247,0.0,0.5,0.5,grouped,-1,1,-1,0.778,0.222,0.222,unstable,-1,1,-1,0.75,0.0,0.0,unstable,1,0,definition-specific
M180,Lt. Wm. Tighe Triangle,Triangle/Plaza,M,0.156,138,9,213,0.25,0.75,0.5,grouped,5,20,51,0.0,1.0,0.5,grouped,-1,1,-1,1.0,0.0,0.0,robust isolated,-1,1,-1,1.0,0.0,0.0,robust isolated,1,2,isolated in ≥2
M182,Vladeck Park,Neighborhood Park,M,0.789,36,51,63,0.0,0.875,0.75,grouped,38,189,245,0.0,1.0,1.0,grouped,-1,1,-1,0.556,0.444,0.444,unstable,-1,1,-1,1.0,0.0,0.0,robust isolated,1,1,definition-specific
M183,Peter Minuit Playground,Jointly Operated Playground,M,0.943,13,123,22,0.0,1.0,0.917,grouped,37,162,236,0.0,1.0,1.0,grouped,-1,1,-1,1.0,0.0,0.0,robust isolated,-1,1,-1,1.0,0.0,0.0,robust isolated,1,2,isolated in ≥2
M184,Samuel N. Bennerson 2nd Playground,Neighborhood Park,M,0.749,-1,1,-1,0.75,0.25,0.25,unstable,38,189,-1,0.5,0.5,0.5,grouped,-1,1,-1,1.0,0.0,0.0,robust isolated,-1,1,-1,1.0,0.0,0.0,robust isolated,0,2,isolated in ≥2
M186,Brigadier General Charles Young Playground,Neighborhood Park,M,6.423,13,123,22,0.0,1.0,1.0,grouped,37,162,236,0.0,1.0,1.0,grouped,-1,1,-1,0.889,0.111,0.111,robust isolated,-1,1,-1,0.75,0.0,0.0,unstable,1,1,definition-specific
M187,Marx Brothers Playground,Jointly Operated Playground,M,1.478,11,20,13,0.0,1.0,1.0,grouped,37,162,236,0.0,1.0,1.0,grouped,-1,1,-1,0.667,0.333,0.333,unstable,-1,1,-1,1.0,0.0,0.0,robust isolated,1,1,definition-specific
M188,Abe Lebewohl Park,Triangle/Plaza,M,0.156,35,52,58,0.0,1.0,1.0,grouped,38,189,244,0.0,1.0,1.0,grouped,-1,1,-1,0.667,0.333,0.333,unstable,-1,1,-1,1.0,0.0,0.0,robust isolated,1,1,definition-specific
M188A,Abe Lebewohl Triangle,Triangle/Plaza,M,0.014,35,52,56,0.0,1.0,0.833,grouped,38,189,244,0.0,1.0,1.0,grouped,-1,1,-1,1.0,0.0,0.0,robust isolated,-1,1,-1,0.875,0.0,0.0,robust isolated,1,2,isolated in ≥2
M189,Roosevelt Triangle,Triangle/Plaza,M,0.073,13,123,22,0.0,1.0,1.0,grouped,37,162,236,0.0,1.0,1.0,grouped,-1,1,-1,1.0,0.0,0.0,robust isolated,-1,1,-1,0.625,0.375,0.0,unstable,1,1,definition-specific
M190,Sheltering Arms Playground,Community Park,M,1.43,13,123,20,0.0,1.0,1.0,grouped,37,162,236,0.0,1.0,1.0,grouped,86,20,-1,0.444,0.556,0.556,grouped,-1,1,-1,1.0,0.0,0.0,robust isolated,2,1,grouped in ≥2
M191,Father Demo Square,Triangle/Plaza,M,0.247,34,34,54,0.0,1.0,1.0,grouped,38,189,244,0.0,1.0,1.0,grouped,111,7,-1,0.333,0.667,0.667,grouped,-1,1,-1,0.875,0.125,0.0,robust isolated,2,1,grouped in ≥2
M192,Stanley Isaacs Playground,Neighborhood Park,M,1.227,11,20,13,0.0,1.0,0.75,grouped,37,162,236,0.0,1.0,1.0,grouped,136,5,-1,0.444,0.556,0.556,grouped,-1,1,-1,0.75,0.188,0.0,unstable,2,0,grouped in ≥2
M193,Abraham Lincoln Playground,Community Park,M,0.991,13,123,22,0.0,1.0,1.0,grouped,37,162,236,0.0,1.0,1.0,grouped,-1,1,-1,0.667,0.333,0.333,unstable,-1,1,-1,1.0,0.0,0.0,robust isolated,1,1,definition-specific
M194,Alfred E. Smith Playground,Community Park,M,1.75,36,51,63,0.0,1.0,1.0,grouped,38,189,-1,0.5,0.5,0.5,grouped,-1,1,-1,0.778,0.222,0.222,unstable,-1,1,-1,1.0,0.0,0.0,robust isolated,1,1,definition-specific
M195,Sidney Hillman Playground,Jointly Operated Playground,M,0.245,36,51,62,0.0,0.667,0.458,grouped,38,189,244,0.0,1.0,1.0,grouped,-1,1,-1,1.0,0.0,0.0,robust isolated,-1,1,-1,0.875,0.0,0.0,robust isolated,1,2,isolated in ≥2
M196,Playground One,Jointly Operated Playground,M,0.44,36,51,63,0.0,1.0,0.75,grouped,38,189,245,0.0,1.0,1.0,grouped,-1,1,-1,0.556,0.444,0.444,unstable,-1,1,-1,0.75,0.25,0.0,unstable,1,0,definition-specific
M198,"Martin Luther King, Jr. Playground",Neighborhood Park,M,1.0,-1,1,-1,0.583,0.417,0.25,unstable,37,162,236,0.0,1.0,1.0,grouped,-1,1,-1,1.0,0.0,0.0,robust isolated,-1,1,-1,0.75,0.0,0.0,unstable,0,1,definition-specific
M199,Monsignor Kett Playground,Neighborhood Park,M,1.0,138,9,213,0.0,1.0,0.375,grouped,5,20,51,0.0,1.0,0.5,grouped,-1,1,-1,1.0,0.0,0.0,robust isolated,-1,1,-1,1.0,0.0,0.0,robust isolated,1,2,isolated in ≥2
M200,Booker T. Washington Playground,Jointly Operated Playground,M,1.441,4,23,5,0.0,1.0,1.0,grouped,37,162,236,0.0,1.0,1.0,grouped,-1,1,-1,1.0,0.0,0.0,robust isolated,-1,1,-1,1.0,0.0,0.0,robust isolated,1,2,isolated in ≥2
M200A,Anibal Aviles Playground,Playground,M,0.517,4,23,5,0.0,1.0,0.25,grouped,37,162,236,0.0,1.0,1.0,grouped,-1,1,-1,1.0,0.0,0.0,robust isolated,-1,1,-1,1.0,0.0,0.0,robust isolated,1,2,isolated in ≥2
M201,Wald Playground,Jointly Operated Playground,M,0.525,35,52,57,0.25,0.75,0.75,grouped,38,189,244,0.0,1.0,1.0,grouped,-1,1,-1,1.0,0.0,0.0,robust isolated,-1,1,-1,0.875,0.0,0.0,robust isolated,1,2,isolated in ≥2
M203A,Trygve Lie Plaza,Triangle/Plaza,M,0.095,31,11,48,0.167,0.833,0.708,grouped,38,189,244,0.0,1.0,1.0,grouped,-1,1,-1,0.778,0.222,0.222,unstable,-1,1,-1,0.938,0.0,0.0,robust isolated,1,1,definition-specific
M203B,Ralph Bunche Park,Triangle/Plaza,M,0.211,31,11,48,0.125,0.875,0.875,grouped,38,189,244,0.0,1.0,1.0,grouped,-1,1,-1,0.444,0.556,0.556,unstable,-1,1,-1,1.0,0.0,0.0,robust isolated,1,1,definition-specific
M203C,Dag Hammarskjold Plaza,Triangle/Plaza,M,1.59,31,11,-1,0.083,0.917,0.75,grouped,38,189,244,0.0,1.0,1.0,grouped,-1,1,-1,0.667,0.333,0.333,unstable,-1,1,-1,0.438,0.062,0.0,unstable,1,0,definition-specific
M203D,Mary O'Connor Playground,Playground,M,0.229,31,11,48,0.167,0.833,0.75,grouped,38,189,244,0.0,1.0,1.0,grouped,-1,1,-1,0.778,0.222,0.222,unstable,-1,1,-1,1.0,0.0,0.0,robust isolated,1,1,definition-specific
M203E,Tudor Grove Playground,Playground,M,0.192,31,11,48,0.167,0.833,0.75,grouped,38,189,244,0.0,1.0,1.0,grouped,-1,1,-1,0.778,0.222,0.222,unstable,-1,1,-1,1.0,0.0,0.0,robust isolated,1,1,definition-specific
M204,Moore Playground,Jointly Operated Playground,M,0.766,13,123,22,0.0,1.0,1.0,grouped,37,162,236,0.0,1.0,1.0,grouped,-1,1,-1,0.778,0.222,0.222,unstable,250,2,-1,0.5,0.312,0.0,grouped,2,0,grouped in ≥2
M205,Playground One Twenty Five CXXV,Jointly Operated Playground,M,1.691,13,123,22,0.0,1.0,1.0,grouped,37,162,236,0.0,1.0,1.0,grouped,-1,1,-1,0.556,0.444,0.444,unstable,-1,1,-1,0.75,0.0,0.0,unstable,1,0,definition-specific
M206,Tanahey Playground,Neighborhood Park,M,1.254,36,51,63,0.25,0.75,0.25,grouped,-1,1,-1,1.0,0.0,0.0,robust isolated,-1,1,-1,0.778,0.222,0.222,unstable,-1,1,-1,1.0,0.0,0.0,robust isolated,1,1,definition-specific
M207,Father Fagan Park,Triangle/Plaza,M,0.15,34,34,54,0.0,1.0,1.0,grouped,38,189,244,0.0,1.0,1.0,grouped,-1,1,-1,0.667,0.333,0.333,unstable,-1,1,-1,1.0,0.0,0.0,robust isolated,1,1,definition-specific
M208A,Alice Kornegay Triangle,Playground,M,0.883,13,123,22,0.0,1.0,1.0,grouped,37,162,236,0.0,1.0,1.0,grouped,-1,1,-1,0.667,0.333,0.333,unstable,-1,1,-1,0.625,0.375,0.0,unstable,1,0,definition-specific
M208B,Park,Triangle/Plaza,M,0.059,13,123,22,0.0,1.0,0.958,grouped,37,162,236,0.0,1.0,1.0,grouped,-1,1,-1,0.889,0.111,0.111,robust isolated,309,3,-1,0.5,0.5,0.125,grouped,2,1,grouped in ≥2
M208C,Harlem River Park,Triangle/Plaza,M,0.203,13,123,22,0.0,1.0,0.958,grouped,37,162,236,0.0,1.0,1.0,grouped,-1,1,-1,0.889,0.111,0.111,robust isolated,309,3,325,0.125,0.75,0.375,grouped,2,1,grouped in ≥2
M208D,Harlem River Park,Recreational Field/Courts,M,5.756,13,123,22,0.0,1.0,1.0,grouped,37,162,236,0.0,1.0,1.0,grouped,147,4,-1,0.444,0.556,0.556,grouped,307,4,323,0.0,1.0,0.375,grouped,3,0,grouped in all
M208E,Crack Is Wack Playground,Playground,M,1.369,13,123,22,0.0,1.0,0.75,grouped,37,162,236,0.0,1.0,1.0,grouped,-1,1,-1,0.667,0.333,0.333,unstable,307,4,323,0.0,1.0,0.375,grouped,2,0,grouped in ≥2
M208F,Harlem River Park,Triangle/Plaza,M,0.267,-1,1,-1,0.75,0.25,0.25,unstable,37,162,236,0.0,1.0,1.0,grouped,-1,1,-1,1.0,0.0,0.0,robust isolated,-1,1,-1,1.0,0.0,0.0,robust isolated,0,2,isolated in ≥2
M208G,Harlem River Park,Triangle/Plaza,M,0.351,-1,1,-1,0.5,0.5,0.25,unstable,37,162,236,0.0,1.0,1.0,grouped,-1,1,-1,1.0,0.0,0.0,robust isolated,-1,1,-1,1.0,0.0,0.0,robust isolated,0,2,isolated in ≥2
M209,Mill Rock Park,Nature Area,M,8.639,-1,1,-1,0.0,0.0,0.0,unresolved,-1,1,-1,0.0,0.0,0.0,unresolved,-1,1,-1,0.0,0.0,0.0,unresolved,-1,1,-1,0.0,0.0,0.0,unresolved,0,0,definition-specific
M211A,St. Nicholas Playground South,Playground,M,0.67,13,123,22,0.0,1.0,1.0,grouped,37,162,236,0.0,1.0,1.0,grouped,-1,1,-1,0.889,0.111,0.111,robust isolated,-1,1,-1,0.812,0.188,0.062,robust isolated,1,2,isolated in ≥2
M211B,Langston Hughes Playground,Playground,M,0.66,13,123,22,0.0,1.0,0.75,grouped,37,162,236,0.0,1.0,1.0,grouped,-1,1,-1,0.889,0.111,0.111,robust isolated,-1,1,-1,0.5,0.25,0.062,unstable,1,1,definition-specific
M212,The Queen Elizabeth II September 11th Garden,Triangle/Plaza,M,0.117,37,5,-1,0.5,0.5,0.25,grouped,38,189,-1,0.5,0.5,0.0,grouped,-1,1,-1,1.0,0.0,0.0,robust isolated,-1,1,-1,1.0,0.0,0.0,robust isolated,1,2,isolated in ≥2
M213,Mae Grant Playground,Neighborhood Park,M,0.97,11,20,13,0.25,0.75,0.25,grouped,37,162,236,0.0,1.0,1.0,grouped,-1,1,-1,1.0,0.0,0.0,robust isolated,-1,1,-1,1.0,0.0,0.0,robust isolated,1,2,isolated in ≥2
M214,Blake Hobbs Playground,Neighborhood Park,M,1.0,11,20,13,0.0,1.0,0.75,grouped,37,162,236,0.0,1.0,1.0,grouped,-1,1,-1,0.667,0.333,0.333,unstable,-1,1,-1,1.0,0.0,0.0,robust isolated,1,1,definition-specific
M215,Cherry Tree Park,Neighborhood Park,M,0.95,13,123,22,0.0,1.0,0.583,grouped,37,162,236,0.0,1.0,1.0,grouped,147,4,-1,0.444,0.556,0.556,grouped,-1,1,-1,1.0,0.0,0.0,robust isolated,2,1,grouped in ≥2
M216,Holcombe Rucker Park,Neighborhood Park,M,3.05,13,123,20,0.0,1.0,1.0,grouped,37,162,236,0.0,1.0,1.0,grouped,-1,1,-1,1.0,0.0,0.0,robust isolated,-1,1,-1,1.0,0.0,0.0,robust isolated,1,2,isolated in ≥2
M217,Howard Bennett Playground,Jointly Operated Playground,M,1.228,13,123,22,0.0,1.0,1.0,grouped,37,162,236,0.0,1.0,1.0,grouped,-1,1,-1,1.0,0.0,0.0,robust isolated,-1,1,-1,1.0,0.0,0.0,robust isolated,1,2,isolated in ≥2
M218,DeSalvio Playground,Playground,M,0.266,36,51,63,0.0,1.0,0.75,grouped,38,189,244,0.0,1.0,0.5,grouped,-1,1,-1,0.889,0.0,0.0,robust isolated,-1,1,-1,0.75,0.0,0.0,unstable,1,1,definition-specific
M219,Tecumseh Playground,Jointly Operated Playground,M,0.738,4,23,4,0.0,1.0,0.75,grouped,38,189,244,0.0,1.0,1.0,grouped,86,20,-1,0.444,0.556,0.556,grouped,-1,1,-1,0.625,0.375,0.125,unstable,2,0,grouped in ≥2
M220,Frederick Douglass Playground,Neighborhood Park,M,1.945,4,23,5,0.0,1.0,1.0,grouped,37,162,238,0.0,1.0,1.0,grouped,86,20,-1,0.444,0.556,0.556,grouped,348,2,-1,0.438,0.562,0.125,grouped,3,0,grouped in all
M221,Gutenberg Playground,Jointly Operated Playground,M,0.551,21,2,-1,0.5,0.292,0.25,grouped,38,189,244,0.0,1.0,1.0,grouped,-1,1,-1,1.0,0.0,0.0,robust isolated,-1,1,-1,0.75,0.0,0.0,unstable,1,1,definition-specific
M222,Grand Canal Court,Recreational Field/Courts,M,0.134,34,34,54,0.125,0.875,0.75,grouped,38,189,244,0.0,1.0,1.0,grouped,-1,1,-1,0.667,0.333,0.333,unstable,-1,1,-1,0.875,0.0,0.0,robust isolated,1,1,definition-specific
M223,Jacob H. Schiff Playground,Jointly Operated Playground,M,3.852,13,123,20,0.0,1.0,1.0,grouped,37,162,236,0.0,1.0,1.0,grouped,86,20,-1,0.444,0.556,0.556,grouped,-1,1,-1,0.75,0.188,0.062,unstable,2,0,grouped in ≥2
M224,Straus Square,Triangle/Plaza,M,0.12,36,51,63,0.0,1.0,1.0,grouped,38,189,244,0.0,1.0,1.0,grouped,-1,1,-1,0.667,0.333,0.333,unstable,-1,1,-1,1.0,0.0,0.0,robust isolated,1,1,definition-specific
M225,Wagner Playground,Jointly Operated Playground,M,1.27,13,123,-1,0.375,0.625,0.25,grouped,37,162,236,0.0,1.0,1.0,grouped,-1,1,-1,1.0,0.0,0.0,robust isolated,-1,1,-1,1.0,0.0,0.0,robust isolated,1,2,isolated in ≥2
M226,Augustus St. Gaudens Playground,Jointly Operated Playground,M,0.642,35,52,58,0.0,1.0,1.0,grouped,38,189,244,0.0,1.0,1.0,grouped,-1,1,-1,0.667,0.333,0.333,unstable,-1,1,-1,0.812,0.188,0.0,robust isolated,1,1,definition-specific
M227,Peter's Field,Jointly Operated Playground,M,0.882,35,52,58,0.0,1.0,1.0,grouped,38,189,244,0.0,1.0,1.0,grouped,-1,1,-1,0.667,0.333,0.333,unstable,-1,1,-1,0.875,0.125,0.0,robust isolated,1,1,definition-specific
M228,Henry M. Jackson Playground,Jointly Operated Playground,M,0.61,36,51,63,0.0,1.0,1.0,grouped,38,189,244,0.0,1.0,1.0,grouped,-1,1,-1,0.778,0.222,0.222,unstable,-1,1,-1,1.0,0.0,0.0,robust isolated,1,1,definition-specific
M229,Happy Warrior Playground,Jointly Operated Playground,M,1.7,4,23,5,0.0,1.0,1.0,grouped,37,162,238,0.0,1.0,1.0,grouped,86,20,-1,0.444,0.556,0.556,grouped,348,2,-1,0.188,0.688,0.125,grouped,3,0,grouped in all
M230,Poor Richard's Playground,Jointly Operated Playground,M,1.58,13,123,22,0.0,1.0,0.75,grouped,37,162,236,0.0,1.0,1.0,grouped,147,4,-1,0.444,0.556,0.556,grouped,-1,1,-1,1.0,0.0,0.0,robust isolated,2,1,grouped in ≥2
M231,Damrosch Park,Community Park,M,2.443,4,23,4,0.0,1.0,0.75,grouped,38,189,244,0.0,1.0,1.0,grouped,86,20,-1,0.444,0.556,0.556,grouped,-1,1,-1,1.0,0.0,0.0,robust isolated,2,1,grouped in ≥2
M232,Lincoln Center Plaza,Triangle/Plaza,M,3.8,4,23,4,0.0,0.75,0.75,grouped,38,189,244,0.0,1.0,1.0,grouped,86,20,-1,0.444,0.556,0.556,grouped,-1,1,-1,1.0,0.0,0.0,robust isolated,2,1,grouped in ≥2
M233,Matthew P. Sapolin Playground,Jointly Operated Playground,M,0.947,4,23,4,0.0,1.0,0.75,grouped,37,162,-1,0.5,0.5,0.5,grouped,-1,1,-1,1.0,0.0,0.0,robust isolated,-1,1,-1,1.0,0.0,0.0,robust isolated,1,2,isolated in ≥2
M234,Wright Brothers Playground,Jointly Operated Playground,M,0.584,13,123,20,0.0,1.0,1.0,grouped,37,162,236,0.0,1.0,1.0,grouped,-1,1,-1,1.0,0.0,0.0,robust isolated,-1,1,-1,1.0,0.0,0.0,robust isolated,1,2,isolated in ≥2
M235,Sol Lain Plgd,Jointly Operated Playground,M,0.891,36,51,63,0.0,1.0,1.0,grouped,38,189,244,0.0,1.0,1.0,grouped,-1,1,-1,1.0,0.0,0.0,robust isolated,-1,1,-1,1.0,0.0,0.0,robust isolated,1,2,isolated in ≥2
M236,Samuel Seabury Playground,Jointly Operated Playground,M,0.786,11,20,13,0.0,1.0,1.0,grouped,37,162,236,0.0,1.0,1.0,grouped,-1,1,-1,0.889,0.111,0.111,robust isolated,-1,1,-1,0.875,0.125,0.0,robust isolated,1,2,isolated in ≥2
M237,Corporal John A. Seravalli Playground,Neighborhood Park,M,1.143,34,34,54,0.0,1.0,1.0,grouped,38,189,-1,0.5,0.5,0.5,grouped,-1,1,-1,0.778,0.222,0.0,unstable,-1,1,-1,1.0,0.0,0.0,robust isolated,1,1,definition-specific
M238,Bloomingdale Playground,Jointly Operated Playground,M,0.715,4,23,5,0.0,1.0,1.0,grouped,37,162,236,0.0,1.0,1.0,grouped,86,20,-1,0.444,0.556,0.556,grouped,-1,1,-1,0.875,0.125,0.0,robust isolated,2,1,grouped in ≥2
M239,P.S. 155 Playground,Jointly Operated Playground,M,0.834,13,123,22,0.0,1.0,1.0,grouped,37,162,236,0.0,1.0,1.0,grouped,-1,1,-1,1.0,0.0,0.0,robust isolated,-1,1,-1,0.5,0.438,0.188,unstable,1,1,definition-specific
M240,Audubon Playground,Jointly Operated Playground,M,0.656,13,123,19,0.25,0.75,0.25,grouped,37,162,237,0.0,0.5,0.5,grouped,-1,1,-1,0.889,0.0,0.0,robust isolated,-1,1,-1,1.0,0.0,0.0,robust isolated,1,2,isolated in ≥2
M241,Nathan Straus Playground,Jointly Operated Playground,M,0.851,36,51,63,0.0,1.0,1.0,grouped,38,189,244,0.0,1.0,1.0,grouped,-1,1,-1,0.889,0.111,0.111,robust isolated,-1,1,-1,1.0,0.0,0.0,robust isolated,1,2,isolated in ≥2
M242,Collect Pond Park,Triangle/Plaza,M,0.994,36,51,63,0.0,1.0,0.75,grouped,38,189,244,0.0,1.0,0.5,grouped,-1,1,-1,0.889,0.111,0.111,robust isolated,-1,1,-1,0.625,0.062,0.0,unstable,1,1,definition-specific
M243,Eugene McCabe Field,Jointly Operated Playground,M,0.789,13,123,22,0.0,1.0,1.0,grouped,37,162,236,0.0,1.0,1.0,grouped,-1,1,-1,1.0,0.0,0.0,robust isolated,-1,1,-1,0.75,0.125,0.0,unstable,1,1,definition-specific
M244,Sol Bloom Playground,Jointly Operated Playground,M,0.837,4,23,5,0.0,1.0,0.375,grouped,38,189,246,0.0,1.0,1.0,grouped,-1,1,-1,1.0,0.0,0.0,robust isolated,-1,1,-1,1.0,0.0,0.0,robust isolated,1,2,isolated in ≥2
M245,Renaissance Playground,Jointly Operated Playground,M,1.34,13,123,22,0.0,1.0,1.0,grouped,37,162,236,0.0,1.0,1.0,grouped,-1,1,-1,1.0,0.0,0.0,robust isolated,-1,1,-1,1.0,0.0,0.0,robust isolated,1,2,isolated in ≥2
M246,Kimlau Square,Triangle/Plaza,M,0.242,36,51,63,0.0,1.0,0.75,grouped,38,189,244,0.0,1.0,1.0,grouped,-1,1,-1,0.667,0.333,0.333,unstable,-1,1,-1,1.0,0.0,0.0,robust isolated,1,1,definition-specific
M247,St. James Triangle,Triangle/Plaza,M,0.043,36,51,63,0.0,1.0,0.75,grouped,38,189,245,0.0,1.0,0.5,grouped,-1,1,-1,0.778,0.222,0.222,unstable,-1,1,-1,0.75,0.0,0.0,unstable,1,0,definition-specific
M249,Penn South Playground,Neighborhood Park,M,0.6,34,34,53,0.0,1.0,0.75,grouped,38,189,244,0.0,1.0,1.0,grouped,-1,1,-1,1.0,0.0,0.0,robust isolated,-1,1,-1,0.438,0.0,0.0,unstable,1,1,definition-specific
M251,Bleecker Playground,Neighborhood Park,M,0.477,34,34,54,0.0,1.0,1.0,grouped,38,189,244,0.0,1.0,1.0,grouped,111,7,-1,0.444,0.556,0.556,grouped,-1,1,-1,1.0,0.0,0.0,robust isolated,2,1,grouped in ≥2
M254,Gustave Hartman Square,Triangle/Plaza,M,0.095,35,52,56,0.0,1.0,1.0,grouped,38,189,244,0.0,1.0,1.0,grouped,-1,1,-1,0.667,0.333,0.333,unstable,-1,1,-1,0.688,0.312,0.0,unstable,1,0,definition-specific
M255,James Madison Plaza,Triangle/Plaza,M,0.361,36,51,63,0.0,1.0,0.75,grouped,38,189,245,0.0,1.0,1.0,grouped,-1,1,-1,0.556,0.444,0.444,unstable,376,2,-1,0.5,0.25,0.0,grouped,2,0,grouped in ≥2
M256,MacArthur Playground,Playground,M,0.329,21,2,-1,0.417,0.292,0.25,grouped,38,189,244,0.0,1.0,1.0,grouped,-1,1,-1,1.0,0.0,0.0,robust isolated,-1,1,-1,0.75,0.0,0.0,unstable,1,1,definition-specific
M257,Clement Clarke Moore Park,Neighborhood Park,M,0.489,34,34,53,0.0,1.0,1.0,grouped,38,189,244,0.0,1.0,1.0,grouped,86,20,-1,0.444,0.556,0.556,grouped,-1,1,-1,0.875,0.0,0.0,robust isolated,2,1,grouped in ≥2
M258,East River Playground,Jointly Operated Playground,M,1.285,5,2,6,0.0,0.25,0.25,grouped,37,162,236,0.0,1.0,1.0,grouped,-1,1,-1,0.889,0.0,0.0,robust isolated,-1,1,-1,0.75,0.0,0.0,unstable,1,1,definition-specific
M259,McKinley Playground,Jointly Operated Playground,M,0.563,35,52,56,0.0,1.0,1.0,grouped,38,189,244,0.0,1.0,1.0,grouped,-1,1,-1,1.0,0.0,0.0,robust isolated,-1,1,-1,0.375,0.625,0.25,unstable,1,1,definition-specific
M263,Bellevue South Park,Neighborhood Park,M,1.593,30,5,-1,0.25,0.583,0.417,grouped,38,189,244,0.0,1.0,1.0,grouped,-1,1,-1,1.0,0.0,0.0,robust isolated,-1,1,-1,0.812,0.0,0.0,robust isolated,1,2,isolated in ≥2
M264,Playground Eighty Nine LXXXIX,Jointly Operated Playground,M,0.402,4,23,5,0.0,1.0,0.208,grouped,38,189,246,0.0,1.0,0.5,grouped,-1,1,-1,1.0,0.0,0.0,robust isolated,-1,1,-1,1.0,0.0,0.0,robust isolated,1,2,isolated in ≥2
M265,Vincent F. Albano Jr. Playground,Playground,M,0.346,35,52,58,0.0,1.0,1.0,grouped,38,189,244,0.0,1.0,1.0,grouped,-1,1,-1,0.667,0.333,0.333,unstable,-1,1,-1,0.562,0.188,0.0,unstable,1,0,definition-specific
M268,El Jardin Del Paraiso Park,Garden,M,0.73,35,52,56,0.0,1.0,1.0,grouped,38,189,244,0.0,1.0,1.0,grouped,-1,1,-1,1.0,0.0,0.0,robust isolated,259,7,-1,0.375,0.625,0.5,grouped,2,1,grouped in ≥2
M270,Dry Dock Playground,Community Park,M,1.5,35,52,56,0.0,1.0,1.0,grouped,38,189,244,0.0,1.0,1.0,grouped,-1,1,-1,0.889,0.0,0.0,robust isolated,-1,1,-1,1.0,0.0,0.0,robust isolated,1,2,isolated in ≥2
M271A,Harlem RBI,Recreational Field/Courts,M,0.9,-1,1,-1,0.75,0.25,0.25,unstable,37,162,-1,0.5,0.5,0.5,grouped,-1,1,-1,1.0,0.0,0.0,robust isolated,-1,1,-1,1.0,0.0,0.0,robust isolated,0,2,isolated in ≥2
M273,Wagner Houses Pool,Community Park,M,1.64,13,123,-1,0.417,0.583,0.333,grouped,37,162,236,0.0,1.0,1.0,grouped,136,5,-1,0.444,0.556,0.556,grouped,-1,1,-1,0.875,0.125,0.0,robust isolated,2,1,grouped in ≥2
M277,Hell's Kitchen Park,Neighborhood Park,M,0.576,3,3,3,0.0,1.0,1.0,grouped,38,189,244,0.0,1.0,1.0,grouped,86,20,-1,0.444,0.556,0.556,grouped,-1,1,-1,0.875,0.0,0.0,robust isolated,2,1,grouped in ≥2
M278,Jefferson Market Garden,Garden,M,0.361,34,34,54,0.0,1.0,1.0,grouped,38,189,244,0.0,1.0,1.0,grouped,-1,1,-1,0.667,0.333,0.333,unstable,-1,1,-1,0.875,0.125,0.125,robust isolated,1,1,definition-specific
M279,Duarte Square,Triangle/Plaza,M,0.448,34,34,54,0.0,1.0,1.0,grouped,38,189,244,0.0,1.0,1.0,grouped,-1,1,-1,0.667,0.333,0.333,unstable,-1,1,-1,1.0,0.0,0.0,robust isolated,1,1,definition-specific
M280,Tramway Plaza,Triangle/Plaza,M,0.345,11,20,12,0.0,1.0,1.0,grouped,38,189,244,0.0,1.0,1.0,grouped,-1,1,-1,0.667,0.333,0.333,unstable,-1,1,-1,0.625,0.125,0.0,unstable,1,0,definition-specific
M281,Clinton Community Garden,Garden,M,0.35,-1,1,-1,0.75,0.25,0.208,unstable,38,189,244,0.0,1.0,1.0,grouped,-1,1,-1,1.0,0.0,0.0,robust isolated,-1,1,-1,1.0,0.0,0.0,robust isolated,0,2,isolated in ≥2
M282,Septuagesimo UNO,Triangle/Plaza,M,0.04,4,23,4,0.0,1.0,0.625,grouped,37,162,-1,0.5,0.5,0.5,grouped,-1,1,-1,1.0,0.0,0.0,robust isolated,-1,1,-1,1.0,0.0,0.0,robust isolated,1,2,isolated in ≥2
M283,Battery Park City,Community Park,M,26.042,36,51,59,0.0,1.0,1.0,grouped,38,189,244,0.0,1.0,0.0,grouped,-1,1,-1,1.0,0.0,0.0,robust isolated,-1,1,-1,1.0,0.0,0.0,robust isolated,1,2,isolated in ≥2
M283A,Battery Park City,Neighborhood Park,M,1.556,-1,1,-1,1.0,0.0,0.0,robust isolated,-1,1,-1,1.0,0.0,0.0,robust isolated,-1,1,-1,1.0,0.0,0.0,robust isolated,-1,1,-1,1.0,0.0,0.0,robust isolated,0,3,isolated in all
M284,Convent Garden,Triangle/Plaza,M,0.134,13,123,20,0.0,1.0,1.0,grouped,37,162,236,0.0,1.0,1.0,grouped,-1,1,-1,1.0,0.0,0.0,robust isolated,-1,1,-1,0.812,0.188,0.0,robust isolated,1,2,isolated in ≥2
M285,Dr. Ronald E. McNair Playground,Neighborhood Park,M,0.603,13,123,22,0.0,1.0,0.375,grouped,37,162,236,0.0,1.0,1.0,grouped,-1,1,-1,1.0,0.0,0.0,robust isolated,-1,1,-1,1.0,0.0,0.0,robust isolated,1,2,isolated in ≥2
M286,Asphalt Green,Community Park,M,4.35,11,20,13,0.0,1.0,0.833,grouped,37,162,236,0.0,1.0,1.0,grouped,-1,1,-1,0.889,0.111,0.111,robust isolated,-1,1,-1,0.75,0.0,0.0,unstable,1,1,definition-specific
M287,Sheridan Square Viewing Garden,Triangle/Plaza,M,0.07,34,34,54,0.0,1.0,0.875,grouped,38,189,244,0.0,1.0,1.0,grouped,-1,1,-1,1.0,0.0,0.0,robust isolated,-1,1,-1,0.375,0.625,0.5,unstable,1,1,definition-specific
M288,Ramon Aponte Park,Playground,M,0.174,3,3,3,0.0,1.0,1.0,grouped,38,189,244,0.0,1.0,1.0,grouped,-1,1,-1,1.0,0.0,0.0,robust isolated,-1,1,-1,0.75,0.062,0.0,unstable,1,1,definition-specific
M289,East River Esplanade,Neighborhood Park,M,1.735,-1,1,-1,0.0,0.0,0.0,unresolved,-1,1,-1,0.0,0.0,0.0,unresolved,-1,1,-1,0.0,0.0,0.0,unresolved,-1,1,-1,0.0,0.0,0.0,unresolved,0,0,definition-specific
M290,Pier 107 CVII,Waterfront Facility,M,0.356,-1,1,-1,0.0,0.0,0.0,unresolved,-1,1,-1,0.0,0.0,0.0,unresolved,-1,1,-1,0.0,0.0,0.0,unresolved,-1,1,-1,0.0,0.0,0.0,unresolved,0,0,definition-specific
M291,Fishbridge Garden,Garden,M,0.1,36,51,63,0.0,1.0,0.75,grouped,38,189,245,0.0,1.0,0.5,grouped,-1,1,-1,0.778,0.222,0.222,unstable,-1,1,-1,1.0,0.0,0.0,robust isolated,1,1,definition-specific
M292,Sunshine Playground,Playground,M,0.24,-1,1,-1,0.75,0.25,0.25,unstable,37,162,236,0.0,1.0,1.0,grouped,-1,1,-1,1.0,0.0,0.0,robust isolated,-1,1,-1,1.0,0.0,0.0,robust isolated,0,2,isolated in ≥2
M293,6th St and Ave B Community Garden,Garden,M,0.39,35,52,56,0.0,1.0,1.0,grouped,38,189,244,0.0,1.0,1.0,grouped,-1,1,-1,0.667,0.333,0.333,unstable,-1,1,-1,0.875,0.125,0.0,robust isolated,1,1,definition-specific
M294,Ruppert Park,Neighborhood Park,M,0.997,11,20,13,0.0,1.0,0.917,grouped,37,162,236,0.0,1.0,1.0,grouped,-1,1,-1,0.667,0.333,0.333,unstable,-1,1,-1,0.875,0.125,0.0,robust isolated,1,1,definition-specific
M295,Mercer Playground,Playground,M,0.446,34,34,54,0.0,1.0,1.0,grouped,38,189,244,0.0,1.0,1.0,grouped,111,7,-1,0.444,0.556,0.556,grouped,-1,1,-1,0.75,0.25,0.188,unstable,2,0,grouped in ≥2
M296,132 St Block Association Park,Garden,M,0.171,13,123,22,0.0,1.0,0.25,grouped,37,162,236,0.0,1.0,1.0,grouped,-1,1,-1,1.0,0.0,0.0,robust isolated,-1,1,-1,1.0,0.0,0.0,robust isolated,1,2,isolated in ≥2
M297,Parks Council Success Garden,Garden,M,0.25,13,123,22,0.0,1.0,0.5,grouped,37,162,236,0.0,1.0,1.0,grouped,-1,1,-1,1.0,0.0,0.0,robust isolated,-1,1,-1,1.0,0.0,0.0,robust isolated,1,2,isolated in ≥2
M297A,Margrichante Garden,Garden,M,0.171,13,123,22,0.0,1.0,0.75,grouped,37,162,236,0.0,1.0,1.0,grouped,-1,1,-1,1.0,0.0,0.0,robust isolated,-1,1,-1,1.0,0.0,0.0,robust isolated,1,2,isolated in ≥2
M298,Unity Gardens,Garden,M,0.129,13,123,22,0.0,1.0,1.0,grouped,37,162,236,0.0,1.0,1.0,grouped,-1,1,-1,0.667,0.333,0.333,unstable,307,4,323,0.0,1.0,0.375,grouped,2,0,grouped in ≥2
M299,Pleasant Village Community Garden,Garden,M,0.383,13,123,22,0.0,1.0,0.917,grouped,37,162,236,0.0,1.0,1.0,grouped,-1,1,-1,1.0,0.0,0.0,robust isolated,-1,1,-1,0.625,0.0,0.0,unstable,1,1,definition-specific
M300,Sherman Creek,Neighborhood Park,M,15.383,138,9,213,0.0,1.0,0.375,grouped,5,20,-1,0.5,0.5,0.5,grouped,-1,1,-1,1.0,0.0,0.0,robust isolated,-1,1,-1,1.0,0.0,0.0,robust isolated,1,2,isolated in ≥2
M301,St. Gregory's Playground,Playground,M,0.231,4,23,5,0.0,1.0,0.25,grouped,38,189,-1,0.5,0.5,0.5,grouped,-1,1,-1,1.0,0.0,0.0,robust isolated,-1,1,-1,1.0,0.0,0.0,robust isolated,1,2,isolated in ≥2
M302,Detective Omar Edwards Park,Neighborhood Park,M,0.252,13,123,22,0.0,1.0,0.667,grouped,37,162,236,0.0,1.0,1.0,grouped,-1,1,-1,1.0,0.0,0.0,robust isolated,352,2,373,0.0,0.312,0.0,grouped,2,1,grouped in ≥2
M303,Abyssinian Tot Lot,Playground,M,0.118,13,123,22,0.0,1.0,0.5,grouped,37,162,236,0.0,1.0,1.0,grouped,-1,1,-1,1.0,0.0,0.0,robust isolated,-1,1,-1,1.0,0.0,0.0,robust isolated,1,2,isolated in ≥2
M304,West 186th Street Basketball Court,Recreational Field/Courts,M,0.123,-1,1,-1,0.833,0.167,0.083,robust isolated,37,162,-1,0.5,0.5,0.5,grouped,-1,1,-1,1.0,0.0,0.0,robust isolated,-1,1,-1,1.0,0.0,0.0,robust isolated,0,3,isolated in all
M305,Collyer Brothers Park,Garden,M,0.034,13,123,22,0.0,1.0,1.0,grouped,37,162,236,0.0,1.0,1.0,grouped,-1,1,-1,0.556,0.444,0.444,unstable,307,4,323,0.125,0.875,0.0,grouped,2,0,grouped in ≥2
M306,W 104th Street Garden,Garden,M,0.38,-1,1,-1,0.375,0.625,0.5,unstable,37,162,-1,0.5,0.5,0.5,grouped,-1,1,-1,1.0,0.0,0.0,robust isolated,-1,1,-1,1.0,0.0,0.0,robust isolated,0,2,isolated in ≥2
M307,W 87th Street Garden,Garden,M,0.095,4,23,5,0.0,1.0,0.167,grouped,38,189,246,0.0,1.0,1.0,grouped,-1,1,-1,1.0,0.0,0.0,robust isolated,-1,1,-1,1.0,0.0,0.0,robust isolated,1,2,isolated in ≥2
M308,Washington Market Park,Neighborhood Park,M,2.15,36,51,59,0.0,1.0,1.0,grouped,38,189,244,0.0,1.0,1.0,grouped,-1,1,-1,1.0,0.0,0.0,robust isolated,-1,1,-1,1.0,0.0,0.0,robust isolated,1,2,isolated in ≥2
M310,Firemen's Memorial Garden,Garden,M,0.169,35,52,56,0.0,1.0,0.625,grouped,38,189,244,0.0,1.0,1.0,grouped,-1,1,-1,1.0,0.0,0.0,robust isolated,361,5,383,0.25,0.75,0.625,grouped,2,1,grouped in ≥2
M311,Green Oasis and Gilbert's Garden,Garden,M,0.388,35,52,56,0.0,1.0,0.625,grouped,38,189,244,0.0,1.0,1.0,grouped,-1,1,-1,1.0,0.0,0.0,robust isolated,361,5,383,0.25,0.75,0.625,grouped,2,1,grouped in ≥2
M312,9th St Community Garden Park,Garden,M,0.478,35,52,56,0.0,1.0,1.0,grouped,38,189,244,0.0,1.0,1.0,grouped,-1,1,-1,0.667,0.333,0.333,unstable,-1,1,-1,0.875,0.0,0.0,robust isolated,1,1,definition-specific
M313,6BC Botanical Garden,Garden,M,0.178,35,52,56,0.0,1.0,0.833,grouped,38,189,244,0.0,1.0,1.0,grouped,-1,1,-1,1.0,0.0,0.0,robust isolated,362,2,-1,0.5,0.0,0.0,grouped,2,1,grouped in ≥2
M313A,5th St Slope Garden,Garden,M,0.096,35,52,56,0.0,1.0,0.5,grouped,-1,1,-1,1.0,0.0,0.0,robust isolated,-1,1,-1,1.0,0.0,0.0,robust isolated,-1,1,-1,1.0,0.0,0.0,robust isolated,1,2,isolated in ≥2
M314,Miracle Garden,Garden,M,0.117,35,52,55,0.292,0.708,0.708,grouped,38,189,244,0.0,1.0,1.0,grouped,-1,1,-1,1.0,0.0,0.0,robust isolated,272,3,288,0.25,0.75,0.188,grouped,2,1,grouped in ≥2
M315,The Creative Little Garden,Garden,M,0.063,35,52,56,0.0,1.0,0.833,grouped,38,189,244,0.0,1.0,1.0,grouped,-1,1,-1,1.0,0.0,0.0,robust isolated,362,2,-1,0.5,0.0,0.0,grouped,2,1,grouped in ≥2
M316,Edward P. Bowman Park,Garden,M,0.051,13,123,22,0.0,1.0,1.0,grouped,37,162,236,0.0,1.0,1.0,grouped,-1,1,-1,1.0,0.0,0.0,robust isolated,308,2,324,0.25,0.188,0.0,grouped,2,1,grouped in ≥2
M317,Frank White Memorial Garden,Garden,M,0.086,13,123,20,0.0,1.0,1.0,grouped,37,162,236,0.0,1.0,1.0,grouped,-1,1,-1,1.0,0.0,0.0,robust isolated,-1,1,-1,1.0,0.0,0.0,robust isolated,1,2,isolated in ≥2
M318,Merchant's House Museum,Historic House Park,M,0.072,35,52,56,0.0,1.0,1.0,grouped,38,189,244,0.0,1.0,1.0,grouped,-1,1,-1,1.0,0.0,0.0,robust isolated,259,7,273,0.125,0.875,0.75,grouped,2,1,grouped in ≥2
M319A,Sugar Hill Garden,Garden,M,0.069,13,123,18,0.208,0.625,0.458,grouped,37,162,236,0.0,1.0,1.0,grouped,-1,1,-1,1.0,0.0,0.0,robust isolated,320,2,-1,0.5,0.062,0.0,grouped,2,1,grouped in ≥2
M319B,Edgecombe Park,Garden,M,0.112,13,123,18,0.208,0.625,0.458,grouped,37,162,236,0.0,1.0,1.0,grouped,-1,1,-1,1.0,0.0,0.0,robust isolated,320,2,-1,0.5,0.062,0.0,grouped,2,1,grouped in ≥2
M320,Old Croton Aqueduct Gatehouse,Garden,M,0.146,13,123,21,0.0,1.0,1.0,grouped,37,162,236,0.0,1.0,1.0,grouped,86,20,-1,0.444,0.556,0.556,grouped,-1,1,-1,0.438,0.312,0.125,unstable,2,0,grouped in ≥2
M321,Lower East Side Playground,Jointly Operated Playground,M,0.828,35,52,56,0.0,1.0,1.0,grouped,38,189,244,0.0,1.0,1.0,grouped,-1,1,-1,1.0,0.0,0.0,robust isolated,-1,1,-1,0.938,0.062,0.0,robust isolated,1,2,isolated in ≥2
M322,Harris Garden,Garden,M,0.109,13,123,20,0.0,1.0,1.0,grouped,37,162,236,0.0,1.0,1.0,grouped,-1,1,-1,1.0,0.0,0.0,robust isolated,-1,1,-1,0.938,0.0,0.0,robust isolated,1,2,isolated in ≥2
M323,Diamante Garden,Garden,M,0.186,13,123,22,0.0,1.0,1.0,grouped,37,162,236,0.0,1.0,1.0,grouped,-1,1,-1,1.0,0.0,0.0,robust isolated,-1,1,-1,1.0,0.0,0.0,robust isolated,1,2,isolated in ≥2
M324,Earth People,Garden,M,0.106,35,52,56,0.0,1.0,0.75,grouped,38,189,244,0.0,1.0,1.0,grouped,-1,1,-1,1.0,0.0,0.0,robust isolated,361,5,-1,0.375,0.625,0.625,grouped,2,1,grouped in ≥2
M325,La Plaza Cultural,Garden,M,0.55,35,52,56,0.0,1.0,1.0,grouped,38,189,244,0.0,1.0,1.0,grouped,-1,1,-1,0.667,0.333,0.333,unstable,258,3,-1,0.5,0.5,0.0,grouped,2,0,grouped in ≥2
M325A,La Casita Garden,Garden,M,0.08,35,52,56,0.0,1.0,0.625,grouped,38,189,244,0.0,1.0,1.0,grouped,-1,1,-1,1.0,0.0,0.0,robust isolated,361,5,383,0.25,0.75,0.625,grouped,2,1,grouped in ≥2
M325B,Flower Door Garden,Garden,M,0.03,35,52,56,0.0,1.0,1.0,grouped,38,189,244,0.0,1.0,1.0,grouped,-1,1,-1,0.667,0.333,0.333,unstable,258,3,271,0.0,0.625,0.0,grouped,2,0,grouped in ≥2
M326,Liz Christy Garden,Garden,M,0.267,36,51,63,0.0,1.0,0.75,grouped,38,189,244,0.0,1.0,1.0,grouped,-1,1,-1,0.667,0.333,0.333,unstable,-1,1,-1,0.812,0.188,0.0,robust isolated,1,1,definition-specific
M327,Maggie's Magic Garden,Garden,M,0.173,13,123,-1,0.25,0.75,0.583,grouped,37,162,236,0.0,1.0,1.0,grouped,-1,1,-1,0.889,0.111,0.111,robust isolated,-1,1,-1,0.375,0.438,0.25,unstable,1,1,definition-specific
M328,William B. Washington Memorial Garden,Garden,M,0.084,13,123,22,0.0,1.0,0.792,grouped,37,162,236,0.0,1.0,1.0,grouped,-1,1,-1,1.0,0.0,0.0,robust isolated,-1,1,-1,0.812,0.125,0.0,robust isolated,1,2,isolated in ≥2
M329,Generation X,Garden,M,0.11,35,52,56,0.0,1.0,0.875,grouped,38,189,244,0.0,1.0,1.0,grouped,-1,1,-1,1.0,0.0,0.0,robust isolated,259,7,273,0.125,0.875,0.75,grouped,2,1,grouped in ≥2
M330,Family Community Garden,Garden,M,0.04,13,123,22,0.0,1.0,1.0,grouped,37,162,236,0.0,1.0,1.0,grouped,-1,1,-1,0.667,0.333,0.333,unstable,252,4,264,0.125,0.875,0.5,grouped,2,0,grouped in ≥2
M331,117th St Community Garden,Garden,M,0.08,13,123,22,0.0,1.0,0.875,grouped,37,162,236,0.0,1.0,1.0,grouped,-1,1,-1,1.0,0.0,0.0,robust isolated,328,2,346,0.125,0.688,0.375,grouped,2,1,grouped in ≥2
M332,The Secret Garden,Garden,M,0.05,35,52,56,0.0,1.0,1.0,grouped,38,189,244,0.0,1.0,1.0,grouped,-1,1,-1,0.667,0.333,0.333,unstable,259,7,-1,0.312,0.688,0.5,grouped,2,0,grouped in ≥2
M333,Bradhurst Ave Garden,Garden,M,0.09,13,123,-1,0.417,0.583,0.333,grouped,37,162,236,0.0,1.0,1.0,grouped,-1,1,-1,1.0,0.0,0.0,robust isolated,-1,1,-1,1.0,0.0,0.0,robust isolated,1,2,isolated in ≥2
M334,Brisas Del Caribe,Garden,M,0.06,35,52,55,0.292,0.708,0.708,grouped,38,189,244,0.0,1.0,1.0,grouped,-1,1,-1,1.0,0.0,0.0,robust isolated,272,3,288,0.25,0.75,0.188,grouped,2,1,grouped in ≥2
M335,Clinton Community Garden (LES),Garden,M,0.06,36,51,63,0.0,1.0,1.0,grouped,38,189,244,0.0,1.0,1.0,grouped,-1,1,-1,0.667,0.333,0.333,unstable,291,2,307,0.0,0.312,0.0,grouped,2,0,grouped in ≥2
M336,De Colores Cmty Yard and Center,Garden,M,0.066,35,52,56,0.0,1.0,0.75,grouped,38,189,244,0.0,1.0,1.0,grouped,-1,1,-1,1.0,0.0,0.0,robust isolated,361,5,383,0.25,0.75,0.625,grouped,2,1,grouped in ≥2
M337,Dias Y Flores,Garden,M,0.119,35,52,56,0.0,1.0,0.375,grouped,38,189,244,0.0,1.0,1.0,grouped,-1,1,-1,1.0,0.0,0.0,robust isolated,-1,1,-1,0.875,0.125,0.0,robust isolated,1,2,isolated in ≥2
M338,Neighbors Of Vega Baja,Garden,M,0.072,13,123,22,0.0,1.0,0.75,grouped,37,162,236,0.0,1.0,1.0,grouped,-1,1,-1,1.0,0.0,0.0,robust isolated,-1,1,-1,1.0,0.0,0.0,robust isolated,1,2,isolated in ≥2
M339,El Sol Brilliante Jr,Garden,M,0.059,35,52,56,0.167,0.833,0.667,grouped,38,189,244,0.0,1.0,1.0,grouped,-1,1,-1,1.0,0.0,0.0,robust isolated,-1,1,-1,0.688,0.312,0.062,unstable,1,1,definition-specific
M340,Elizabeth Langley Memorial Garden,Garden,M,0.11,13,123,22,0.0,1.0,1.0,grouped,37,162,236,0.0,1.0,1.0,grouped,-1,1,-1,1.0,0.0,0.0,robust isolated,-1,1,-1,1.0,0.0,0.0,robust isolated,1,2,isolated in ≥2
M341,Garden Of Love,Garden,M,0.087,13,123,22,0.0,1.0,0.75,grouped,37,162,236,0.0,1.0,1.0,grouped,-1,1,-1,1.0,0.0,0.0,robust isolated,-1,1,-1,1.0,0.0,0.0,robust isolated,1,2,isolated in ≥2
M342,Community Garden Association,Garden,M,0.023,35,52,56,0.0,1.0,1.0,grouped,38,189,244,0.0,1.0,1.0,grouped,-1,1,-1,0.667,0.333,0.333,unstable,291,2,307,0.0,0.312,0.0,grouped,2,0,grouped in ≥2
M343,Vamos Sembrar,Garden,M,0.023,35,52,56,0.0,1.0,1.0,grouped,38,189,244,0.0,1.0,1.0,grouped,-1,1,-1,0.667,0.333,0.333,unstable,-1,1,-1,0.625,0.375,0.0,unstable,1,0,definition-specific
M344,Humacao Community Garden,Garden,M,0.11,-1,1,-1,0.75,0.25,0.25,unstable,-1,1,-1,1.0,0.0,0.0,robust isolated,-1,1,-1,1.0,0.0,0.0,robust isolated,-1,1,-1,1.0,0.0,0.0,robust isolated,0,2,isolated in ≥2
M345,Kenkeleba House Garden,Garden,M,0.249,35,52,56,0.0,1.0,0.75,grouped,38,189,244,0.0,1.0,1.0,grouped,-1,1,-1,1.0,0.0,0.0,robust isolated,-1,1,-1,0.875,0.125,0.062,robust isolated,1,2,isolated in ≥2
M346,Life Spire Garden,Garden,M,0.02,13,123,22,0.0,1.0,1.0,grouped,37,162,236,0.0,1.0,1.0,grouped,-1,1,-1,0.889,0.111,0.111,robust isolated,309,3,325,0.0,0.75,0.375,grouped,2,1,grouped in ≥2
M347,Mobilization For Change,Garden,M,0.043,4,23,5,0.0,1.0,1.0,grouped,37,162,236,0.0,1.0,1.0,grouped,-1,1,-1,1.0,0.0,0.0,robust isolated,-1,1,-1,1.0,0.0,0.0,robust isolated,1,2,isolated in ≥2
M348,Morris-Jumel Ecological Education Garden,Garden,M,0.1,13,123,19,0.0,0.75,0.5,grouped,37,162,236,0.0,1.0,1.0,grouped,-1,1,-1,1.0,0.0,0.0,robust isolated,-1,1,-1,1.0,0.0,0.0,robust isolated,1,2,isolated in ≥2
M349,New 123rd St Block Association Garden,Garden,M,0.14,13,123,22,0.0,1.0,1.0,grouped,37,162,236,0.0,1.0,1.0,grouped,-1,1,-1,0.556,0.444,0.444,unstable,-1,1,-1,0.75,0.0,0.0,unstable,1,0,definition-specific
M350,Peachtree Garden,Garden,M,0.12,35,52,56,0.0,1.0,0.75,grouped,38,189,244,0.0,1.0,1.0,grouped,-1,1,-1,1.0,0.0,0.0,robust isolated,338,2,-1,0.5,0.0,0.0,grouped,2,1,grouped in ≥2
M351,Joseph Daniel Wilson Garden,Garden,M,0.117,13,123,22,0.0,1.0,1.0,grouped,37,162,236,0.0,1.0,1.0,grouped,-1,1,-1,1.0,0.0,0.0,robust isolated,-1,1,-1,1.0,0.0,0.0,robust isolated,1,2,isolated in ≥2
M352,Yu Suen Garden,Garden,M,0.06,35,52,56,0.0,1.0,1.0,grouped,38,189,244,0.0,1.0,1.0,grouped,-1,1,-1,0.667,0.333,0.333,unstable,-1,1,-1,0.625,0.375,0.0,unstable,1,0,definition-specific
M353,Riverside Park South,Community Park,M,71.933,4,23,4,0.125,0.875,0.75,grouped,38,189,244,0.0,1.0,1.0,grouped,-1,1,-1,0.889,0.111,0.111,robust isolated,-1,1,-1,1.0,0.0,0.0,robust isolated,1,2,isolated in ≥2
M354,Orchard Alley Garden,Garden,M,0.224,35,52,56,0.0,1.0,1.0,grouped,38,189,244,0.0,1.0,1.0,grouped,-1,1,-1,1.0,0.0,0.0,robust isolated,259,7,273,0.188,0.812,0.688,grouped,2,1,grouped in ≥2
M355,Robert L. Clinkscales Playground and Community Garden,Neighborhood Park,M,0.436,13,123,22,0.0,1.0,0.625,grouped,37,162,236,0.0,1.0,1.0,grouped,-1,1,-1,1.0,0.0,0.0,robust isolated,-1,1,-1,1.0,0.0,0.0,robust isolated,1,2,isolated in ≥2
M356,P.S. 76 Garden,Garden,M,0.053,13,123,22,0.0,1.0,1.0,grouped,37,162,236,0.0,1.0,1.0,grouped,-1,1,-1,1.0,0.0,0.0,robust isolated,356,2,-1,0.25,0.375,0.125,grouped,2,1,grouped in ≥2
M357,Los Amigos Garden,Garden,M,0.061,35,52,55,0.292,0.708,0.708,grouped,38,189,244,0.0,1.0,1.0,grouped,-1,1,-1,1.0,0.0,0.0,robust isolated,272,3,288,0.25,0.75,0.188,grouped,2,1,grouped in ≥2
M358,First Street Garden,Garden,M,0.061,36,51,63,0.0,1.0,0.5,grouped,38,189,244,0.0,1.0,0.5,grouped,-1,1,-1,1.0,0.0,0.0,robust isolated,-1,1,-1,1.0,0.0,0.0,robust isolated,1,2,isolated in ≥2
M359,Campos Garden,Garden,M,0.119,35,52,56,0.0,1.0,1.0,grouped,38,189,244,0.0,1.0,1.0,grouped,-1,1,-1,1.0,0.0,0.0,robust isolated,-1,1,-1,0.688,0.312,0.062,unstable,1,1,definition-specific
M360,The High Line,Community Park,M,6.73,34,34,53,0.0,1.0,1.0,grouped,38,189,244,0.0,1.0,1.0,grouped,86,20,-1,0.444,0.556,0.556,grouped,-1,1,-1,1.0,0.0,0.0,robust isolated,2,1,grouped in ≥2
M361,Lower East Side Ecology Center,Garden,M,0.15,35,52,56,0.0,1.0,1.0,grouped,38,189,244,0.0,1.0,1.0,grouped,-1,1,-1,1.0,0.0,0.0,robust isolated,339,2,-1,0.5,0.0,0.0,grouped,2,1,grouped in ≥2
M362,W 124th Street Community Garden,Garden,M,0.046,13,123,22,0.0,1.0,1.0,grouped,37,162,236,0.0,1.0,1.0,grouped,-1,1,-1,1.0,0.0,0.0,robust isolated,352,2,373,0.0,0.312,0.0,grouped,2,1,grouped in ≥2
M363,Harlem Rose Garden,Garden,M,0.163,13,123,22,0.0,1.0,1.0,grouped,37,162,236,0.0,1.0,1.0,grouped,-1,1,-1,1.0,0.0,0.0,robust isolated,308,2,324,0.25,0.188,0.0,grouped,2,1,grouped in ≥2
M364,Jackie Robinson Community Garden,Garden,M,0.058,13,123,22,0.0,1.0,0.375,grouped,37,162,236,0.0,1.0,1.0,grouped,-1,1,-1,1.0,0.0,0.0,robust isolated,-1,1,-1,1.0,0.0,0.0,robust isolated,1,2,isolated in ≥2
M365,Our Little Green Acre Garden,Garden,M,0.052,13,123,22,0.0,1.0,1.0,grouped,37,162,236,0.0,1.0,1.0,grouped,-1,1,-1,1.0,0.0,0.0,robust isolated,-1,1,-1,1.0,0.0,0.0,robust isolated,1,2,isolated in ≥2
M366,Tribeca Dog Run,Recreational Field/Courts,M,0.096,36,51,59,0.0,1.0,1.0,grouped,38,189,244,0.0,1.0,1.0,grouped,-1,1,-1,1.0,0.0,0.0,robust isolated,-1,1,-1,1.0,0.0,0.0,robust isolated,1,2,isolated in ≥2
M367,Peaceful Valley Garden,Garden,M,0.052,13,123,22,0.0,1.0,1.0,grouped,37,162,236,0.0,1.0,1.0,grouped,-1,1,-1,0.778,0.222,0.222,unstable,-1,1,-1,0.75,0.25,0.062,unstable,1,0,definition-specific
M368,West 111th St. People's Garden,Garden,M,0.109,13,123,21,0.0,1.0,0.875,grouped,37,162,236,0.0,1.0,1.0,grouped,86,20,-1,0.444,0.556,0.556,grouped,-1,1,-1,0.312,0.5,0.125,unstable,2,0,grouped in ≥2
M369,Pier 42,Waterfront Facility,M,7.509,37,5,-1,0.5,0.5,0.25,grouped,-1,1,-1,1.0,0.0,0.0,robust isolated,-1,1,-1,1.0,0.0,0.0,robust isolated,-1,1,-1,1.0,0.0,0.0,robust isolated,1,2,isolated in ≥2
M370,Sam and Sadie Koenig Garden,Garden,M,0.056,35,52,56,0.0,1.0,1.0,grouped,38,189,244,0.0,1.0,1.0,grouped,-1,1,-1,1.0,0.0,0.0,robust isolated,339,2,-1,0.5,0.0,0.0,grouped,2,1,grouped in ≥2
M371,Hope Garden,Garden,M,0.046,35,52,56,0.0,1.0,0.625,grouped,38,189,244,0.0,1.0,1.0,grouped,-1,1,-1,1.0,0.0,0.0,robust isolated,338,2,-1,0.5,0.0,0.0,grouped,2,1,grouped in ≥2
M372,Allied Productions/Le Petit Versailles,Garden,M,0.034,35,52,56,0.0,1.0,0.875,grouped,38,189,244,0.0,1.0,1.0,grouped,-1,1,-1,1.0,0.0,0.0,robust isolated,-1,1,-1,0.938,0.062,0.0,robust isolated,1,2,isolated in ≥2
M373,La Perla Garden,Garden,M,0.04,4,23,5,0.0,1.0,0.75,grouped,37,162,236,0.0,1.0,1.0,grouped,-1,1,-1,1.0,0.0,0.0,robust isolated,-1,1,-1,1.0,0.0,0.0,robust isolated,1,2,isolated in ≥2
M374,CEP Community Garden,Garden,M,0.057,13,123,22,0.0,1.0,0.833,grouped,37,162,236,0.0,1.0,1.0,grouped,-1,1,-1,1.0,0.0,0.0,robust isolated,-1,1,-1,0.75,0.0,0.0,unstable,1,1,definition-specific
M375,Pleasant Park Garden,Garden,M,0.116,-1,1,-1,0.75,0.25,0.167,unstable,37,162,236,0.0,1.0,1.0,grouped,-1,1,-1,1.0,0.0,0.0,robust isolated,-1,1,-1,1.0,0.0,0.0,robust isolated,0,2,isolated in ≥2
M376,West Harlem Piers,Waterfront Facility,M,4.712,12,2,-1,0.5,0.5,0.417,grouped,37,162,236,0.0,1.0,1.0,grouped,-1,1,-1,1.0,0.0,0.0,robust isolated,-1,1,-1,1.0,0.0,0.0,robust isolated,1,2,isolated in ≥2
M377,Bradhurst Gardens Association,Garden,M,0.046,13,123,20,0.0,1.0,1.0,grouped,37,162,236,0.0,1.0,1.0,grouped,-1,1,-1,1.0,0.0,0.0,robust isolated,-1,1,-1,0.75,0.0,0.0,unstable,1,1,definition-specific
M378,Pearl St Playground,Playground,M,0.342,36,51,63,0.0,1.0,0.75,grouped,38,189,245,0.0,1.0,0.5,grouped,-1,1,-1,0.778,0.222,0.222,unstable,-1,1,-1,0.75,0.0,0.0,unstable,1,0,definition-specific
M379,Canal Park,Neighborhood Park,M,0.669,36,51,-1,0.25,0.75,0.417,grouped,38,189,244,0.0,1.0,1.0,grouped,-1,1,-1,0.889,0.111,0.111,robust isolated,-1,1,-1,1.0,0.0,0.0,robust isolated,1,2,isolated in ≥2
M380,United Block Association Garden,Garden,M,0.076,13,123,22,0.0,1.0,1.0,grouped,37,162,236,0.0,1.0,1.0,grouped,-1,1,-1,1.0,0.0,0.0,robust isolated,-1,1,-1,0.875,0.125,0.0,robust isolated,1,2,isolated in ≥2
M382,110th Street Block Association Garden,Garden,M,0.048,13,123,22,0.0,1.0,1.0,grouped,37,162,236,0.0,1.0,1.0,grouped,-1,1,-1,0.778,0.222,0.222,unstable,-1,1,-1,0.688,0.312,0.0,unstable,1,0,definition-specific
M383,La Cuevita Garden,Garden,M,0.057,13,123,22,0.0,1.0,0.875,grouped,37,162,236,0.0,1.0,1.0,grouped,-1,1,-1,1.0,0.0,0.0,robust isolated,303,2,319,0.125,0.25,0.0,grouped,2,1,grouped in ≥2
M384,Pueblo Unido Garden,Garden,M,0.054,13,123,22,0.0,1.0,1.0,grouped,37,162,236,0.0,1.0,1.0,grouped,-1,1,-1,0.778,0.222,0.222,unstable,250,2,-1,0.5,0.312,0.0,grouped,2,0,grouped in ≥2
M385,DeLury Square,Triangle/Plaza,M,0.209,36,51,63,0.0,1.0,0.25,grouped,-1,1,-1,1.0,0.0,0.0,robust isolated,-1,1,-1,1.0,0.0,0.0,robust isolated,-1,1,-1,1.0,0.0,0.0,robust isolated,1,2,isolated in ≥2
M386,Imagination Playground,Playground,M,0.363,37,5,64,0.0,0.5,0.5,grouped,38,189,-1,0.5,0.5,0.5,grouped,-1,1,-1,0.889,0.111,0.111,robust isolated,-1,1,-1,1.0,0.0,0.0,robust isolated,1,2,isolated in ≥2
M387,TRUCE Garden,Garden,M,0.123,13,123,22,0.0,1.0,1.0,grouped,37,162,236,0.0,1.0,1.0,grouped,-1,1,-1,1.0,0.0,0.0,robust isolated,-1,1,-1,0.562,0.438,0.312,unstable,1,1,definition-specific
M388,Carolina Garden,Garden,M,0.063,13,123,22,0.0,1.0,0.375,grouped,37,162,236,0.0,1.0,1.0,grouped,-1,1,-1,1.0,0.0,0.0,robust isolated,-1,1,-1,1.0,0.0,0.0,robust isolated,1,2,isolated in ≥2
M389,St. Mark's Garden,Garden,M,0.101,13,123,22,0.125,0.875,0.75,grouped,37,162,236,0.0,1.0,1.0,grouped,-1,1,-1,1.0,0.0,0.0,robust isolated,328,2,346,0.125,0.688,0.375,grouped,2,1,grouped in ≥2
M390,Jane Street Garden,Garden,M,0.055,34,34,54,0.0,1.0,1.0,grouped,38,189,244,0.0,1.0,1.0,grouped,-1,1,-1,0.667,0.333,0.333,unstable,-1,1,-1,1.0,0.0,0.0,robust isolated,1,1,definition-specific
M392,El Gallo Garden,Garden,M,0.082,13,123,22,0.0,1.0,1.0,grouped,37,162,236,0.0,1.0,1.0,grouped,-1,1,-1,0.889,0.111,0.111,robust isolated,-1,1,-1,0.625,0.375,0.125,unstable,1,1,definition-specific
M393,Oasis Garden,Garden,M,0.122,23,2,38,0.0,0.292,0.25,grouped,38,189,244,0.0,1.0,1.0,grouped,-1,1,-1,1.0,0.0,0.0,robust isolated,-1,1,-1,1.0,0.0,0.0,robust isolated,1,2,isolated in ≥2
M394,St. Nicholas Miracle Garden,Garden,M,0.038,13,123,20,0.0,1.0,0.708,grouped,37,162,236,0.0,1.0,1.0,grouped,-1,1,-1,1.0,0.0,0.0,robust isolated,-1,1,-1,0.562,0.25,0.0,unstable,1,1,definition-specific
M395,Fiorello La Guardia Park,Neighborhood Park,M,0.545,34,34,54,0.0,1.0,1.0,grouped,38,189,244,0.0,1.0,1.0,grouped,111,7,-1,0.444,0.556,0.556,grouped,-1,1,-1,0.875,0.0,0.0,robust isolated,2,1,grouped in ≥2
M396,Children's Magical Garden,Garden,M,0.069,36,51,63,0.0,1.0,1.0,grouped,38,189,244,0.0,1.0,0.5,grouped,-1,1,-1,1.0,0.0,0.0,robust isolated,-1,1,-1,1.0,0.0,0.0,robust isolated,1,2,isolated in ≥2
M397,11 BC Serenity Garden,Garden,M,0.054,35,52,56,0.0,1.0,0.625,grouped,38,189,244,0.0,1.0,1.0,grouped,-1,1,-1,1.0,0.0,0.0,robust isolated,-1,1,-1,1.0,0.0,0.0,robust isolated,1,2,isolated in ≥2
M398,Dorothy K. McGowan Memorial Garden,Garden,M,0.045,13,123,19,0.0,1.0,0.5,grouped,37,162,236,0.0,1.0,1.0,grouped,-1,1,-1,1.0,0.0,0.0,robust isolated,-1,1,-1,1.0,0.0,0.0,robust isolated,1,2,isolated in ≥2
M399,Bella Abzug Park,Neighborhood Park,M,2.592,-1,1,-1,0.417,0.583,0.375,unstable,38,189,244,0.0,1.0,1.0,grouped,-1,1,-1,1.0,0.0,0.0,robust isolated,-1,1,-1,1.0,0.0,0.0,robust isolated,0,2,isolated in ≥2
M400,Luigi's Garden of Love,Garden,M,0.043,13,123,22,0.0,1.0,1.0,grouped,37,162,236,0.0,1.0,1.0,grouped,-1,1,-1,1.0,0.0,0.0,robust isolated,303,2,319,0.125,0.25,0.0,grouped,2,1,grouped in ≥2
M401,Lydia's Magic Garden (El Girasol Magic Garden),Garden,M,0.104,-1,1,-1,0.5,0.5,0.292,unstable,37,162,236,0.0,1.0,1.0,grouped,-1,1,-1,1.0,0.0,0.0,robust isolated,-1,1,-1,1.0,0.0,0.0,robust isolated,0,2,isolated in ≥2
M402,Chelsea Green,Playground,M,0.23,-1,1,-1,0.458,0.542,0.375,unstable,38,189,244,0.0,1.0,1.0,grouped,-1,1,-1,1.0,0.0,0.0,robust isolated,-1,1,-1,0.875,0.125,0.0,robust isolated,0,2,isolated in ≥2
M403,Walter Miller III Memorial Garden (La Casa Frela),Garden,M,0.047,13,123,22,0.0,1.0,0.75,grouped,37,162,236,0.0,1.0,1.0,grouped,-1,1,-1,1.0,0.0,0.0,robust isolated,-1,1,-1,0.625,0.0,0.0,unstable,1,1,definition-specific
M404,NYC AIDS Memorial Park at St. Vincent’s Triangle,Triangle/Plaza,M,0.382,34,34,54,0.0,1.0,1.0,grouped,38,189,244,0.0,1.0,1.0,grouped,100,4,-1,0.444,0.556,0.556,grouped,-1,1,-1,0.875,0.125,0.062,robust isolated,2,1,grouped in ≥2
M405,Electric Ladybug Garden,Garden,M,0.115,13,123,22,0.0,1.0,0.875,grouped,37,162,236,0.0,1.0,1.0,grouped,-1,1,-1,0.667,0.333,0.333,unstable,252,4,264,0.0,0.875,0.5,grouped,2,0,grouped in ≥2
M406,Harlem Grown 134th Street Green House,Garden,M,0.068,13,123,22,0.0,1.0,0.5,grouped,37,162,236,0.0,1.0,1.0,grouped,-1,1,-1,1.0,0.0,0.0,robust isolated,-1,1,-1,1.0,0.0,0.0,robust isolated,1,2,isolated in ≥2
M407,Harlem Valley Garden,Garden,M,0.057,13,123,22,0.0,1.0,0.5,grouped,37,162,236,0.0,1.0,1.0,grouped,-1,1,-1,1.0,0.0,0.0,robust isolated,-1,1,-1,1.0,0.0,0.0,robust isolated,1,2,isolated in ≥2
M408,Siempre Verde Garden,Garden,M,0.061,36,51,63,0.0,1.0,1.0,grouped,38,189,244,0.0,1.0,0.5,grouped,-1,1,-1,1.0,0.0,0.0,robust isolated,-1,1,-1,1.0,0.0,0.0,robust isolated,1,2,isolated in ≥2
M409,Harlem Grown 127th Street Learning Annex,Garden,M,0.033,13,123,22,0.0,1.0,1.0,grouped,37,162,236,0.0,1.0,1.0,grouped,-1,1,-1,1.0,0.0,0.0,robust isolated,-1,1,-1,1.0,0.0,0.0,robust isolated,1,2,isolated in ≥2
M410,Sage Garden,Garden,M,0.054,35,52,56,0.0,1.0,0.875,grouped,38,189,244,0.0,1.0,1.0,grouped,-1,1,-1,1.0,0.0,0.0,robust isolated,259,7,273,0.125,0.875,0.75,grouped,2,1,grouped in ≥2
M413,Rapkin-Gayle Plaza,Neighborhood Park,M,0.287,36,51,63,0.0,1.0,0.75,grouped,38,189,244,0.0,1.0,1.0,grouped,-1,1,-1,0.778,0.222,0.222,unstable,-1,1,-1,1.0,0.0,0.0,robust isolated,1,1,definition-specific
M414,Manuel Plaza,Neighborhood Park,M,0.224,35,52,56,0.0,1.0,1.0,grouped,38,189,244,0.0,1.0,1.0,grouped,-1,1,-1,1.0,0.0,0.0,robust isolated,259,7,273,0.125,0.875,0.75,grouped,2,1,grouped in ≥2
M416,Park,Waterfront Facility,M,0.311,-1,1,-1,0.583,0.417,0.25,unstable,38,189,244,0.0,1.0,1.0,grouped,-1,1,-1,1.0,0.0,0.0,robust isolated,-1,1,-1,1.0,0.0,0.0,robust isolated,0,2,isolated in ≥2
M417,Diversity Edible Farm,Garden,M,0.082,13,123,22,0.0,1.0,1.0,grouped,37,162,236,0.0,1.0,1.0,grouped,-1,1,-1,0.667,0.333,0.333,unstable,-1,1,-1,0.562,0.438,0.062,unstable,1,0,definition-specific
M418,Mission Garden,Garden,M,0.093,13,123,22,0.083,0.917,0.792,grouped,37,162,236,0.0,1.0,1.0,grouped,-1,1,-1,0.667,0.333,0.333,unstable,252,4,264,0.0,0.875,0.5,grouped,2,0,grouped in ≥2
M419,Villa Santruce,Garden,M,0.096,13,123,22,0.0,1.0,1.0,grouped,37,162,236,0.0,1.0,1.0,grouped,-1,1,-1,0.667,0.333,0.333,unstable,-1,1,-1,0.75,0.25,0.0,unstable,1,0,definition-specific
M420,Sugar Hill Hope Garden,Garden,M,0.345,13,123,20,0.0,1.0,0.75,grouped,37,162,236,0.0,1.0,1.0,grouped,-1,1,-1,1.0,0.0,0.0,robust isolated,-1,1,-1,1.0,0.0,0.0,robust isolated,1,2,isolated in ≥2
M421,Park,Neighborhood Park,M,0.493,37,5,-1,0.5,0.5,0.25,grouped,38,189,-1,0.5,0.5,0.5,grouped,-1,1,-1,1.0,0.0,0.0,robust isolated,-1,1,-1,1.0,0.0,0.0,robust isolated,1,2,isolated in ≥2
Q001A,Alley Athletic Playground,Recreational Field/Courts,Q,27.531,-1,1,-1,0.75,0.25,0.083,unstable,29,73,203,0.0,1.0,0.5,grouped,-1,1,-1,1.0,0.0,0.0,robust isolated,-1,1,-1,1.0,0.0,0.0,robust isolated,0,2,isolated in ≥2
Q002,Grover Cleveland Playground,Neighborhood Park,Q,5.1,397,2,526,0.0,0.417,0.333,grouped,28,235,182,0.0,1.0,1.0,grouped,-1,1,-1,1.0,0.0,0.0,robust isolated,-1,1,-1,1.0,0.0,0.0,robust isolated,1,2,isolated in ≥2
Q003,Ashmead Park,Triangle/Plaza,Q,0.059,270,2,371,0.25,0.458,0.25,grouped,24,35,-1,0.5,0.5,0.5,grouped,252,3,314,0.0,1.0,1.0,grouped,-1,1,-1,1.0,0.0,0.0,robust isolated,2,1,grouped in ≥2
Q004,Astoria Park,Community Park,Q,59.956,257,31,355,0.25,0.75,0.75,grouped,21,141,107,0.0,1.0,1.0,grouped,269,11,332,0.222,0.778,0.778,grouped,-1,1,-1,1.0,0.0,0.0,robust isolated,2,1,grouped in ≥2
Q004A,Ralph Demarco Park,Neighborhood Park,Q,5.82,262,4,-1,0.5,0.5,0.25,grouped,21,141,107,0.0,1.0,1.0,grouped,268,3,331,0.0,1.0,1.0,grouped,-1,1,-1,1.0,0.0,0.0,robust isolated,2,1,grouped in ≥2
Q006,Bowne Park,Neighborhood Park,Q,11.788,326,8,439,0.0,1.0,0.458,grouped,29,73,203,0.0,1.0,1.0,grouped,-1,1,-1,0.556,0.333,0.0,unstable,-1,1,-1,1.0,0.0,0.0,robust isolated,1,1,definition-specific
Q007,Bayswater Park,Community Park,Q,40.16,543,14,743,0.0,0.75,0.75,grouped,23,21,127,0.0,0.5,0.0,grouped,-1,1,-1,0.889,0.111,0.0,robust isolated,-1,1,-1,1.0,0.0,0.0,robust isolated,1,2,isolated in ≥2
Q008,Brookville Park,Community Park,Q,89.946,286,2,389,0.25,0.417,0.167,grouped,24,35,132,0.0,1.0,0.5,grouped,-1,1,-1,0.778,0.0,0.0,unstable,-1,1,-1,1.0,0.0,0.0,robust isolated,1,1,definition-specific
Q009,Hermon A. MacNeil Park,Neighborhood Park,Q,28.87,-1,1,-1,0.625,0.25,0.25,unstable,29,73,-1,0.5,0.5,0.0,grouped,-1,1,-1,1.0,0.0,0.0,robust isolated,-1,1,-1,1.0,0.0,0.0,robust isolated,0,2,isolated in ≥2
Q010A,Little Bay Park,Community Park,Q,55.22,-1,1,-1,0.75,0.25,0.167,unstable,-1,1,-1,1.0,0.0,0.0,robust isolated,-1,1,-1,1.0,0.0,0.0,robust isolated,-1,1,-1,1.0,0.0,0.0,robust isolated,0,2,isolated in ≥2
Q011,Poppenhusen Playground,Playground,Q,1.14,315,2,-1,0.5,0.25,0.25,grouped,29,73,203,0.0,1.0,1.0,grouped,-1,1,-1,1.0,0.0,0.0,robust isolated,-1,1,-1,1.0,0.0,0.0,robust isolated,1,2,isolated in ≥2
Q012,Crocheron Park,Community Park,Q,45.79,-1,1,-1,0.75,0.25,0.167,unstable,29,73,203,0.0,1.0,0.5,grouped,275,6,-1,0.444,0.556,0.0,grouped,-1,1,-1,1.0,0.0,0.0,robust isolated,1,1,definition-specific
Q012B,John Golden Park,Community Park,Q,17.0,-1,1,-1,1.0,0.0,0.0,robust isolated,-1,1,-1,1.0,0.0,0.0,robust isolated,-1,1,-1,1.0,0.0,0.0,robust isolated,-1,1,-1,1.0,0.0,0.0,robust isolated,0,3,isolated in all
Q013,Veterans Grove,Playground,Q,0.626,-1,1,-1,0.667,0.333,0.25,unstable,21,141,107,0.0,1.0,0.5,grouped,-1,1,-1,1.0,0.0,0.0,robust isolated,-1,1,-1,1.0,0.0,0.0,robust isolated,0,2,isolated in ≥2
Q014,Astoria Heights Playground,Jointly Operated Playground,Q,2.2,-1,1,-1,0.75,0.25,0.25,unstable,21,141,-1,0.5,0.5,0.5,grouped,-1,1,-1,1.0,0.0,0.0,robust isolated,-1,1,-1,1.0,0.0,0.0,robust isolated,0,2,isolated in ≥2
Q017,The Olde Towne of Flushing Burial Ground,Neighborhood Park,Q,3.474,-1,1,-1,0.583,0.417,0.333,unstable,29,73,203,0.0,1.0,1.0,grouped,-1,1,-1,1.0,0.0,0.0,robust isolated,-1,1,-1,1.0,0.0,0.0,robust isolated,0,2,isolated in ≥2
Q018,Gordon Triangle,Triangle/Plaza,Q,0.08,257,31,355,0.0,1.0,0.917,grouped,21,141,107,0.0,1.0,1.0,grouped,-1,1,-1,1.0,0.0,0.0,robust isolated,-1,1,-1,1.0,0.0,0.0,robust isolated,1,2,isolated in ≥2
Q019,Garlinge Triangle,Triangle/Plaza,Q,0.008,228,18,321,0.0,1.0,0.75,grouped,21,141,110,0.0,0.5,0.5,grouped,287,19,362,0.111,0.889,0.889,grouped,-1,1,-1,0.75,0.062,0.0,unstable,2,0,grouped in ≥2
Q021B,McLaughlin Playground,Playground,Q,0.356,-1,1,-1,0.833,0.167,0.0,robust isolated,-1,1,-1,1.0,0.0,0.0,robust isolated,-1,1,-1,1.0,0.0,0.0,robust isolated,-1,1,-1,1.0,0.0,0.0,robust isolated,0,3,isolated in all
Q021C,Seven Gables Playground,Jointly Operated Playground,Q,1.297,310,2,-1,0.292,0.417,0.25,grouped,29,73,205,0.0,1.0,0.5,grouped,-1,1,-1,1.0,0.0,0.0,robust isolated,-1,1,-1,0.875,0.0,0.0,robust isolated,1,2,isolated in ≥2
Q022,Margaret I. Carman Green - Weeping Beech,Playground,Q,2.6,325,3,-1,0.5,0.5,0.25,grouped,-1,1,-1,1.0,0.0,0.0,robust isolated,-1,1,-1,1.0,0.0,0.0,robust isolated,-1,1,-1,1.0,0.0,0.0,robust isolated,1,2,isolated in ≥2
Q023,Rufus King Park,Neighborhood Park,Q,11.5,-1,1,-1,0.75,0.167,0.167,unstable,-1,1,-1,1.0,0.0,0.0,robust isolated,-1,1,-1,0.722,0.278,0.278,unstable,-1,1,-1,1.0,0.0,0.0,robust isolated,0,1,definition-specific
Q025,Major Mark Park,Triangle/Plaza,Q,0.9,-1,1,-1,0.625,0.25,0.25,unstable,32,4,-1,0.5,0.5,0.0,grouped,525,4,655,0.222,0.778,0.389,grouped,-1,1,-1,1.0,0.0,0.0,robust isolated,1,1,definition-specific
Q026,Park Of The Americas,Neighborhood Park,Q,3.076,230,37,325,0.0,1.0,0.5,grouped,21,141,107,0.0,1.0,0.5,grouped,-1,1,-1,1.0,0.0,0.0,robust isolated,-1,1,-1,1.0,0.0,0.0,robust isolated,1,2,isolated in ≥2
Q027,Laurelton Parkway,Parkway,Q,59.612,287,3,390,0.0,0.667,0.417,grouped,24,35,134,0.0,1.0,1.0,grouped,293,2,-1,0.222,0.278,0.222,grouped,-1,1,-1,1.0,0.0,0.0,robust isolated,2,1,grouped in ≥2
Q028,Beach Channel Park,Waterfront Facility,Q,12.624,542,8,740,0.0,0.875,0.75,grouped,31,10,224,0.0,1.0,0.5,grouped,-1,1,-1,1.0,0.0,0.0,robust isolated,-1,1,-1,0.75,0.25,0.0,unstable,1,1,definition-specific
Q028A,Tribute Park,Triangle/Plaza,Q,0.83,542,8,740,0.25,0.75,0.75,grouped,31,10,224,0.0,1.0,1.0,grouped,-1,1,-1,1.0,0.0,0.0,robust isolated,-1,1,-1,0.75,0.25,0.0,unstable,1,1,definition-specific
Q029,William F Moore Park,Neighborhood Park,Q,0.196,230,37,325,0.25,0.75,0.75,grouped,21,141,107,0.0,1.0,0.5,grouped,-1,1,-1,1.0,0.0,0.0,robust isolated,-1,1,-1,1.0,0.0,0.0,robust isolated,1,2,isolated in ≥2
Q030,Midland Malls,Mall,Q,1.803,-1,1,-1,0.625,0.25,0.25,unstable,32,4,-1,0.5,0.5,0.0,grouped,525,4,-1,0.333,0.667,0.0,grouped,-1,1,-1,1.0,0.0,0.0,robust isolated,1,1,definition-specific
Q031,Lawrence Virgilio Playground,Neighborhood Park,Q,3.009,224,8,-1,0.5,0.5,0.25,grouped,21,141,107,0.0,1.0,1.0,grouped,-1,1,-1,0.889,0.111,0.111,robust isolated,-1,1,-1,1.0,0.0,0.0,robust isolated,1,2,isolated in ≥2
Q031A,Doughboy Park,Triangle/Plaza,Q,1.71,224,8,314,0.0,1.0,0.75,grouped,21,141,107,0.0,1.0,1.0,grouped,-1,1,-1,0.889,0.111,0.111,robust isolated,-1,1,-1,0.938,0.0,0.0,robust isolated,1,2,isolated in ≥2
Q032,McKenna Triangle,Triangle/Plaza,Q,0.01,257,31,356,0.0,1.0,1.0,grouped,21,141,107,0.0,1.0,0.5,grouped,270,5,334,0.111,0.889,0.889,grouped,-1,1,-1,1.0,0.0,0.0,robust isolated,2,1,grouped in ≥2
Q033,Mall Eighteen,Mall,Q,0.09,315,2,-1,0.5,0.25,0.25,grouped,-1,1,-1,1.0,0.0,0.0,robust isolated,-1,1,-1,1.0,0.0,0.0,robust isolated,-1,1,-1,1.0,0.0,0.0,robust isolated,1,2,isolated in ≥2
Q034,Sabba Park,Triangle/Plaza,Q,0.467,224,8,314,0.125,0.875,0.75,grouped,21,141,107,0.0,1.0,1.0,grouped,276,7,346,0.111,0.667,0.667,grouped,-1,1,-1,1.0,0.0,0.0,robust isolated,2,1,grouped in ≥2
Q035,Mall Thirty Four XXXIV,Mall,Q,0.55,230,37,324,0.0,1.0,0.917,grouped,21,141,107,0.0,1.0,1.0,grouped,278,6,353,0.111,0.889,0.889,grouped,-1,1,-1,1.0,0.0,0.0,robust isolated,2,1,grouped in ≥2
Q036A,Rafferty Triangle,Triangle/Plaza,Q,0.1,257,31,355,0.0,1.0,0.75,grouped,21,141,107,0.0,1.0,1.0,grouped,-1,1,-1,1.0,0.0,0.0,robust isolated,155,2,-1,0.5,0.0,0.0,grouped,2,1,grouped in ≥2
Q037,Neponsit Mall,Mall,Q,0.76,-1,1,-1,0.833,0.167,0.083,robust isolated,31,10,224,0.0,1.0,1.0,grouped,506,3,-1,0.333,0.667,0.667,grouped,-1,1,-1,1.0,0.0,0.0,robust isolated,1,2,isolated in ≥2
Q038,Benninger Playground,Playground,Q,0.574,-1,1,-1,0.75,0.25,0.167,unstable,-1,1,-1,1.0,0.0,0.0,robust isolated,-1,1,-1,1.0,0.0,0.0,robust isolated,-1,1,-1,1.0,0.0,0.0,robust isolated,0,2,isolated in ≥2
Q040,Elmjack Mall,Mall,Q,0.241,222,10,312,0.0,1.0,1.0,grouped,21,141,107,0.0,1.0,1.0,grouped,287,19,362,0.111,0.889,0.889,grouped,-1,1,-1,0.938,0.062,0.062,robust isolated,2,1,grouped in ≥2
Q041,Newtown Playground,Neighborhood Park,Q,0.703,245,4,343,0.0,0.875,0.25,grouped,21,141,-1,0.5,0.5,0.5,grouped,-1,1,-1,1.0,0.0,0.0,robust isolated,-1,1,-1,1.0,0.0,0.0,robust isolated,1,2,isolated in ≥2
Q042,Poppenhusen Park,Triangle/Plaza,Q,0.05,321,5,431,0.0,0.75,0.25,grouped,33,2,229,0.0,0.0,0.0,grouped,-1,1,-1,0.889,0.0,0.0,robust isolated,-1,1,-1,1.0,0.0,0.0,robust isolated,1,2,isolated in ≥2
Q043,Proctor-Hopson Circle,Triangle/Plaza,Q,0.13,271,9,372,0.25,0.75,0.75,grouped,24,35,134,0.0,1.0,0.5,grouped,-1,1,-1,0.556,0.0,0.0,unstable,-1,1,-1,1.0,0.0,0.0,robust isolated,1,1,definition-specific
Q044,L/CPL Thomas P. Noonan Jr. Playground,Playground,Q,1.05,224,8,314,0.0,0.75,0.625,grouped,21,141,107,0.0,1.0,1.0,grouped,276,7,346,0.111,0.667,0.0,grouped,-1,1,-1,1.0,0.0,0.0,robust isolated,2,1,grouped in ≥2
Q045,Andrews Grove,Playground,Q,0.518,257,31,-1,0.5,0.5,0.25,grouped,-1,1,-1,1.0,0.0,0.0,robust isolated,-1,1,-1,1.0,0.0,0.0,robust isolated,-1,1,-1,1.0,0.0,0.0,robust isolated,1,2,isolated in ≥2
Q046,Josephine Caminiti Playground,Playground,Q,0.398,230,37,325,0.0,1.0,0.75,grouped,21,141,107,0.0,1.0,0.5,grouped,-1,1,-1,0.778,0.222,0.222,unstable,-1,1,-1,1.0,0.0,0.0,robust isolated,1,1,definition-specific
Q047,Queens Village Veterans Plaza,Triangle/Plaza,Q,0.32,279,2,382,0.25,0.417,0.208,grouped,24,35,133,0.0,1.0,0.5,grouped,512,5,-1,0.111,0.778,0.667,grouped,-1,1,-1,1.0,0.0,0.0,robust isolated,2,1,grouped in ≥2
Q048,Rainey Park,Neighborhood Park,Q,8.09,257,31,355,0.0,0.75,0.75,grouped,21,141,107,0.0,1.0,1.0,grouped,270,5,-1,0.444,0.556,0.556,grouped,-1,1,-1,1.0,0.0,0.0,robust isolated,2,1,grouped in ≥2
Q050,Rockaway Beach,Waterfront Facility,Q,31.5,542,8,740,0.0,0.875,0.75,grouped,31,10,224,0.0,1.0,0.5,grouped,-1,1,-1,1.0,0.0,0.0,robust isolated,-1,1,-1,1.0,0.0,0.0,robust isolated,1,2,isolated in ≥2
Q051,Archie Spigner Park,Community Park,Q,10.79,271,9,372,0.0,0.875,0.75,grouped,24,35,134,0.0,1.0,0.5,grouped,-1,1,-1,0.556,0.0,0.0,unstable,-1,1,-1,1.0,0.0,0.0,robust isolated,1,1,definition-specific
Q052,Captain Tilly Park,Neighborhood Park,Q,9.16,-1,1,-1,0.833,0.167,0.167,robust isolated,-1,1,-1,1.0,0.0,0.0,robust isolated,-1,1,-1,1.0,0.0,0.0,robust isolated,-1,1,-1,1.0,0.0,0.0,robust isolated,0,3,isolated in all
Q053,Equity Playground,Playground,Q,1.314,-1,1,-1,0.75,0.25,0.167,unstable,-1,1,-1,1.0,0.0,0.0,robust isolated,-1,1,-1,1.0,0.0,0.0,robust isolated,-1,1,-1,1.0,0.0,0.0,robust isolated,0,2,isolated in ≥2
Q055,Veteran's Square,Triangle/Plaza,Q,0.1,230,37,325,0.0,1.0,1.0,grouped,21,141,107,0.0,1.0,0.5,grouped,-1,1,-1,0.778,0.222,0.222,unstable,-1,1,-1,1.0,0.0,0.0,robust isolated,1,1,definition-specific
Q056,Clemens Triangle,Triangle/Plaza,Q,0.01,395,2,523,0.0,0.583,0.542,grouped,28,235,182,0.0,1.0,1.0,grouped,458,12,573,0.0,1.0,1.0,grouped,-1,1,-1,1.0,0.0,0.0,robust isolated,2,1,grouped in ≥2
Q057,Sohncke Square,Triangle/Plaza,Q,0.044,224,8,314,0.125,0.875,0.75,grouped,21,141,107,0.0,1.0,1.0,grouped,276,7,-1,0.333,0.667,0.667,grouped,-1,1,-1,1.0,0.0,0.0,robust isolated,2,1,grouped in ≥2
Q058,Dunningham Triangle,Triangle/Plaza,Q,0.003,230,37,324,0.0,1.0,0.75,grouped,21,141,107,0.0,1.0,1.0,grouped,-1,1,-1,0.556,0.444,0.444,unstable,-1,1,-1,0.75,0.25,0.0,unstable,1,0,definition-specific
Q059,Catharine Turner Richardson Park,Triangle/Plaza,Q,0.101,-1,1,-1,0.75,0.25,0.25,unstable,-1,1,-1,1.0,0.0,0.0,robust isolated,-1,1,-1,1.0,0.0,0.0,robust isolated,-1,1,-1,1.0,0.0,0.0,robust isolated,0,2,isolated in ≥2
Q060,Nine Heroes Plaza,Triangle/Plaza,Q,0.02,222,10,312,0.0,1.0,1.0,grouped,21,141,107,0.0,1.0,1.0,grouped,287,19,362,0.111,0.889,0.889,grouped,-1,1,-1,0.875,0.125,0.062,robust isolated,2,1,grouped in ≥2
Q061,Steinmann Triangle,Triangle/Plaza,Q,0.214,224,8,314,0.0,1.0,0.75,grouped,21,141,107,0.0,1.0,1.0,grouped,276,7,-1,0.333,0.667,0.667,grouped,-1,1,-1,1.0,0.0,0.0,robust isolated,2,1,grouped in ≥2
Q062,Fleetwood Triangle,Triangle/Plaza,Q,0.027,-1,1,-1,0.75,0.25,0.167,unstable,34,2,-1,0.5,0.0,0.0,grouped,-1,1,-1,1.0,0.0,0.0,robust isolated,-1,1,-1,1.0,0.0,0.0,robust isolated,0,2,isolated in ≥2
Q063,Luke J. Lang Square,Triangle/Plaza,Q,0.001,-1,1,-1,0.75,0.25,0.167,unstable,21,141,-1,0.5,0.5,0.0,grouped,-1,1,-1,1.0,0.0,0.0,robust isolated,-1,1,-1,1.0,0.0,0.0,robust isolated,0,2,isolated in ≥2
Q065,John Vincent Daniels Jr. Square,Triangle/Plaza,Q,0.254,224,8,314,0.0,1.0,0.75,grouped,21,141,107,0.0,1.0,1.0,grouped,276,7,-1,0.333,0.667,0.667,grouped,-1,1,-1,1.0,0.0,0.0,robust isolated,2,1,grouped in ≥2
Q066B,Triborough Bridge Playground B,Playground,Q,1.295,257,31,355,0.0,0.75,0.75,grouped,21,141,107,0.0,1.0,1.0,grouped,269,11,332,0.222,0.778,0.778,grouped,-1,1,-1,1.0,0.0,0.0,robust isolated,2,1,grouped in ≥2
Q066C,Triborough Bridge Playground C,Recreational Field/Courts,Q,0.46,257,31,355,0.0,0.75,0.75,grouped,21,141,107,0.0,1.0,1.0,grouped,-1,1,-1,0.556,0.444,0.0,unstable,-1,1,-1,1.0,0.0,0.0,robust isolated,1,1,definition-specific
Q066D,Triborough Bridge Playground D,Recreational Field/Courts,Q,0.46,257,31,355,0.25,0.75,0.75,grouped,21,141,107,0.0,1.0,1.0,grouped,-1,1,-1,1.0,0.0,0.0,robust isolated,-1,1,-1,1.0,0.0,0.0,robust isolated,1,2,isolated in ≥2
Q066E,Triborough Bridge Playground E,Recreational Field/Courts,Q,0.46,257,31,355,0.25,0.75,0.75,grouped,21,141,107,0.0,1.0,1.0,grouped,-1,1,-1,1.0,0.0,0.0,robust isolated,-1,1,-1,1.0,0.0,0.0,robust isolated,1,2,isolated in ≥2
Q066F,Hoyt Playground,Neighborhood Park,Q,2.2,257,31,355,0.0,0.75,0.75,grouped,21,141,107,0.0,1.0,1.0,grouped,-1,1,-1,1.0,0.0,0.0,robust isolated,-1,1,-1,1.0,0.0,0.0,robust isolated,1,2,isolated in ≥2
Q066G,Sitting Area,Triangle/Plaza,Q,1.16,257,31,355,0.0,0.75,0.75,grouped,21,141,107,0.0,1.0,1.0,grouped,269,11,332,0.222,0.778,0.778,grouped,-1,1,-1,1.0,0.0,0.0,robust isolated,2,1,grouped in ≥2
Q066H,Chappetto Square,Recreational Field/Courts,Q,1.226,257,31,355,0.0,0.75,0.75,grouped,21,141,107,0.0,1.0,1.0,grouped,269,11,332,0.222,0.778,0.778,grouped,-1,1,-1,1.0,0.0,0.0,robust isolated,2,1,grouped in ≥2
Q067,Pigeon Paradise,Triangle/Plaza,Q,0.071,222,10,312,0.0,1.0,0.875,grouped,21,141,107,0.0,1.0,1.0,grouped,287,19,362,0.0,1.0,1.0,grouped,-1,1,-1,1.0,0.0,0.0,robust isolated,2,1,grouped in ≥2
Q067A,General Hart Playground,Neighborhood Park,Q,0.896,222,10,312,0.0,1.0,1.0,grouped,21,141,107,0.0,1.0,1.0,grouped,287,19,362,0.0,1.0,1.0,grouped,-1,1,-1,0.875,0.062,0.0,robust isolated,2,1,grouped in ≥2
Q069,Middleburgh Triangle,Triangle/Plaza,Q,0.002,245,4,343,0.25,0.75,0.25,grouped,21,141,107,0.0,1.0,1.0,grouped,-1,1,-1,1.0,0.0,0.0,robust isolated,-1,1,-1,1.0,0.0,0.0,robust isolated,1,2,isolated in ≥2
Q070,Trolley Car Triangle,Triangle/Plaza,Q,0.032,230,37,324,0.25,0.75,0.75,grouped,21,141,107,0.0,1.0,1.0,grouped,-1,1,-1,1.0,0.0,0.0,robust isolated,-1,1,-1,1.0,0.0,0.0,robust isolated,1,2,isolated in ≥2
Q072,Short Triangle,Triangle/Plaza,Q,0.01,257,31,356,0.0,1.0,1.0,grouped,21,141,107,0.0,1.0,0.5,grouped,270,5,334,0.111,0.889,0.889,grouped,-1,1,-1,1.0,0.0,0.0,robust isolated,2,1,grouped in ≥2
Q073,Plaut Triangle,Triangle/Plaza,Q,0.25,326,8,439,0.25,0.75,0.333,grouped,29,73,203,0.0,1.0,1.0,grouped,275,6,-1,0.333,0.667,0.667,grouped,-1,1,-1,1.0,0.0,0.0,robust isolated,2,1,grouped in ≥2
Q075,Glendale Veterans Triangle,Triangle/Plaza,Q,0.005,452,3,609,0.0,0.917,0.25,grouped,28,235,183,0.0,1.0,1.0,grouped,458,12,573,0.111,0.889,0.889,grouped,-1,1,-1,0.625,0.0,0.0,unstable,2,0,grouped in ≥2
Q076,Legion Triangle,Triangle/Plaza,Q,0.05,454,6,613,0.167,0.833,0.333,grouped,27,186,172,0.0,1.0,1.0,grouped,253,10,315,0.0,1.0,1.0,grouped,-1,1,-1,1.0,0.0,0.0,robust isolated,2,1,grouped in ≥2
Q079,Wellbrock Triangle,Triangle/Plaza,Q,0.008,-1,1,-1,0.333,0.667,0.5,unstable,27,186,171,0.0,1.0,1.0,grouped,253,10,315,0.0,1.0,1.0,grouped,-1,1,-1,0.875,0.0,0.0,robust isolated,1,1,definition-specific
Q080,Veterans Plaza,Triangle/Plaza,Q,0.09,230,37,323,0.083,0.75,0.667,grouped,21,141,107,0.0,1.0,1.0,grouped,278,6,353,0.222,0.778,0.778,grouped,-1,1,-1,1.0,0.0,0.0,robust isolated,2,1,grouped in ≥2
Q082,Wayanda Park,Jointly Operated Playground,Q,2.554,278,2,-1,0.5,0.333,0.167,grouped,24,35,133,0.0,1.0,1.0,grouped,-1,1,-1,0.778,0.222,0.222,unstable,-1,1,-1,1.0,0.0,0.0,robust isolated,1,1,definition-specific
Q083,Jackie Robinson Parkway,Parkway,Q,72.75,459,48,619,0.0,1.0,0.5,grouped,27,186,172,0.0,1.0,1.0,grouped,458,12,573,0.0,1.0,1.0,grouped,-1,1,-1,0.75,0.0,0.0,unstable,2,0,grouped in ≥2
Q084B,Tepper Triangle,Triangle/Plaza,Q,0.2,291,2,-1,0.5,0.25,0.167,grouped,35,2,-1,0.5,0.0,0.0,grouped,-1,1,-1,0.889,0.0,0.0,robust isolated,207,2,-1,0.5,0.0,0.0,grouped,2,1,grouped in ≥2
Q085,Gorman Playground,Neighborhood Park,Q,2.755,230,37,324,0.0,1.0,1.0,grouped,21,141,107,0.0,1.0,1.0,grouped,-1,1,-1,0.667,0.333,0.333,unstable,-1,1,-1,0.875,0.0,0.0,robust isolated,1,1,definition-specific
Q086,Flushing Fields,Community Park,Q,7.671,326,8,439,0.0,1.0,0.458,grouped,29,73,203,0.0,1.0,1.0,grouped,-1,1,-1,0.778,0.222,0.0,unstable,-1,1,-1,1.0,0.0,0.0,robust isolated,1,1,definition-specific
Q089B,Harvey Park,Community Park,Q,9.154,-1,1,-1,0.75,0.167,0.167,unstable,29,73,203,0.0,1.0,1.0,grouped,-1,1,-1,1.0,0.0,0.0,robust isolated,-1,1,-1,1.0,0.0,0.0,robust isolated,0,2,isolated in ≥2
Q090,Federalist Triangle,Triangle/Plaza,Q,0.062,228,18,319,0.125,0.875,0.75,grouped,21,141,107,0.0,1.0,0.5,grouped,-1,1,-1,0.778,0.222,0.0,unstable,-1,1,-1,1.0,0.0,0.0,robust isolated,1,1,definition-specific
Q092,Police Officer Edward Byrne Park,Community Park,Q,4.966,413,10,-1,0.333,0.667,0.333,grouped,27,186,171,0.0,1.0,1.0,grouped,-1,1,-1,1.0,0.0,0.0,robust isolated,-1,1,-1,1.0,0.0,0.0,robust isolated,1,2,isolated in ≥2
Q094,Tudor Park,Community Park,Q,13.543,458,7,618,0.0,1.0,0.875,grouped,27,186,172,0.0,1.0,1.0,grouped,-1,1,-1,1.0,0.0,0.0,robust isolated,-1,1,-1,1.0,0.0,0.0,robust isolated,1,2,isolated in ≥2
Q094D,Gemini Fields,Recreational Field/Courts,Q,10.761,463,3,626,0.0,0.5,0.458,grouped,27,186,172,0.0,1.0,1.0,grouped,-1,1,-1,0.778,0.222,0.0,unstable,-1,1,-1,1.0,0.0,0.0,robust isolated,1,1,definition-specific
Q095,Vito Locascio Field,Recreational Field/Courts,Q,3.258,458,7,618,0.125,0.875,0.875,grouped,27,186,172,0.0,1.0,1.0,grouped,-1,1,-1,1.0,0.0,0.0,robust isolated,-1,1,-1,1.0,0.0,0.0,robust isolated,1,2,isolated in ≥2
Q096A,Locust Grove Civic Triangle,Triangle/Plaza,Q,0.315,414,3,557,0.0,0.75,0.208,grouped,27,186,171,0.0,1.0,1.0,grouped,-1,1,-1,0.833,0.167,0.0,robust isolated,-1,1,-1,1.0,0.0,0.0,robust isolated,1,2,isolated in ≥2
Q096B,Southern Fields,Recreational Field/Courts,Q,5.593,414,3,557,0.0,0.75,0.333,grouped,27,186,171,0.0,1.0,1.0,grouped,-1,1,-1,1.0,0.0,0.0,robust isolated,-1,1,-1,1.0,0.0,0.0,robust isolated,1,2,isolated in ≥2
Q096E,Lefferts Playground,Playground,Q,2.937,414,3,557,0.25,0.75,0.333,grouped,27,186,171,0.0,1.0,1.0,grouped,-1,1,-1,0.833,0.167,0.0,robust isolated,-1,1,-1,1.0,0.0,0.0,robust isolated,1,2,isolated in ≥2
Q096G,Park,Strip,Q,0.009,-1,1,-1,1.0,0.0,0.0,robust isolated,-1,1,-1,1.0,0.0,0.0,robust isolated,-1,1,-1,1.0,0.0,0.0,robust isolated,-1,1,-1,1.0,0.0,0.0,robust isolated,0,3,isolated in all
Q098,Frank D. O'Connor Playground,Neighborhood Park,Q,1.537,222,10,312,0.0,1.0,1.0,grouped,21,141,107,0.0,1.0,1.0,grouped,287,19,362,0.111,0.889,0.889,grouped,-1,1,-1,0.812,0.125,0.0,robust isolated,2,1,grouped in ≥2
Q100,Flushing Greens,Triangle/Plaza,Q,0.421,325,3,437,0.25,0.5,0.25,grouped,29,73,203,0.0,1.0,1.0,grouped,275,6,-1,0.333,0.667,0.667,grouped,-1,1,-1,1.0,0.0,0.0,robust isolated,2,1,grouped in ≥2
Q100A,Daniel Carter Beard Mall,Triangle/Plaza,Q,0.658,321,5,-1,0.333,0.583,0.333,grouped,29,73,203,0.0,1.0,1.0,grouped,275,6,-1,0.222,0.778,0.778,grouped,-1,1,-1,1.0,0.0,0.0,robust isolated,2,1,grouped in ≥2
Q101,Middle Village Playground,Neighborhood Park,Q,0.448,-1,1,-1,0.833,0.167,0.0,robust isolated,-1,1,-1,1.0,0.0,0.0,robust isolated,-1,1,-1,1.0,0.0,0.0,robust isolated,-1,1,-1,1.0,0.0,0.0,robust isolated,0,3,isolated in all
Q102,Juniper Valley Park,Community Park,Q,55.639,-1,1,-1,0.583,0.417,0.333,unstable,21,141,108,0.0,1.0,0.5,grouped,-1,1,-1,1.0,0.0,0.0,robust isolated,-1,1,-1,1.0,0.0,0.0,robust isolated,0,2,isolated in ≥2
Q103,Raymond O’Connor Park,Neighborhood Park,Q,5.4,324,3,-1,0.417,0.583,0.25,grouped,29,73,203,0.0,1.0,1.0,grouped,-1,1,-1,0.444,0.333,0.0,unstable,-1,1,-1,1.0,0.0,0.0,robust isolated,1,1,definition-specific
Q104,Queensbridge Park,Community Park,Q,20.863,257,31,355,0.0,1.0,0.917,grouped,21,141,107,0.0,1.0,1.0,grouped,269,11,332,0.222,0.778,0.778,grouped,-1,1,-1,0.875,0.125,0.0,robust isolated,2,1,grouped in ≥2
Q105,Howard Von Dohlen Playground,Neighborhood Park,Q,1.381,-1,1,-1,0.75,0.25,0.167,unstable,27,186,-1,0.5,0.5,0.5,grouped,-1,1,-1,1.0,0.0,0.0,robust isolated,-1,1,-1,1.0,0.0,0.0,robust isolated,0,2,isolated in ≥2
Q106,Daniel M. O'Connell Playground,Neighborhood Park,Q,2.043,-1,1,-1,0.667,0.333,0.167,unstable,24,35,133,0.0,1.0,1.0,grouped,-1,1,-1,1.0,0.0,0.0,robust isolated,-1,1,-1,1.0,0.0,0.0,robust isolated,0,2,isolated in ≥2
Q107,Springfield Park,Community Park,Q,23.543,-1,1,-1,0.75,0.25,0.167,unstable,24,35,-1,0.5,0.5,0.0,grouped,-1,1,-1,0.778,0.0,0.0,unstable,-1,1,-1,1.0,0.0,0.0,robust isolated,0,1,definition-specific
Q108,Laurelton Playground,Neighborhood Park,Q,1.785,286,2,389,0.25,0.417,0.0,grouped,24,35,132,0.0,1.0,0.0,grouped,-1,1,-1,1.0,0.0,0.0,robust isolated,-1,1,-1,1.0,0.0,0.0,robust isolated,1,2,isolated in ≥2
Q116,One Room Schoolhouse Park,Triangle/Plaza,Q,0.14,230,37,324,0.0,1.0,0.875,grouped,21,141,107,0.0,1.0,1.0,grouped,-1,1,-1,1.0,0.0,0.0,robust isolated,-1,1,-1,0.875,0.0,0.0,robust isolated,1,2,isolated in ≥2
Q118,Police Officer Nicholas Demutiis Park,Neighborhood Park,Q,1.151,454,6,611,0.25,0.75,0.417,grouped,27,186,171,0.0,1.0,1.0,grouped,-1,1,-1,1.0,0.0,0.0,robust isolated,-1,1,-1,1.0,0.0,0.0,robust isolated,1,2,isolated in ≥2
Q119,Frederick B. Judge Playground,Neighborhood Park,Q,2.217,413,10,-1,0.417,0.583,0.375,grouped,27,186,171,0.0,1.0,1.0,grouped,-1,1,-1,0.778,0.222,0.222,unstable,-1,1,-1,1.0,0.0,0.0,robust isolated,1,1,definition-specific
Q120,Harvard Playground,Neighborhood Park,Q,0.581,-1,1,-1,0.75,0.25,0.25,unstable,-1,1,-1,1.0,0.0,0.0,robust isolated,-1,1,-1,1.0,0.0,0.0,robust isolated,-1,1,-1,1.0,0.0,0.0,robust isolated,0,2,isolated in ≥2
Q121,Detective Keith L Williams Park,Community Park,Q,7.683,270,2,371,0.25,0.458,0.25,grouped,24,35,139,0.0,0.5,0.0,grouped,252,3,314,0.0,1.0,1.0,grouped,-1,1,-1,0.938,0.0,0.0,robust isolated,2,1,grouped in ≥2
Q121A,William Simmons Community Garden Club,Garden,Q,0.599,-1,1,-1,0.5,0.5,0.167,unstable,24,35,134,0.0,1.0,0.0,grouped,-1,1,-1,1.0,0.0,0.0,robust isolated,-1,1,-1,1.0,0.0,0.0,robust isolated,0,2,isolated in ≥2
Q122,Junction Playground,Neighborhood Park,Q,0.54,230,37,324,0.083,0.917,0.667,grouped,21,141,107,0.0,1.0,1.0,grouped,278,6,353,0.111,0.889,0.889,grouped,-1,1,-1,1.0,0.0,0.0,robust isolated,2,1,grouped in ≥2
Q123,Astoria Health Playground,Playground,Q,0.207,-1,1,-1,0.75,0.25,0.25,unstable,21,141,107,0.0,1.0,1.0,grouped,-1,1,-1,1.0,0.0,0.0,robust isolated,-1,1,-1,1.0,0.0,0.0,robust isolated,0,2,isolated in ≥2
Q124,Myrtle Avenue Clemens Triangle,Triangle/Plaza,Q,0.013,395,2,523,0.0,0.583,0.542,grouped,28,235,182,0.0,1.0,1.0,grouped,458,12,573,0.0,1.0,1.0,grouped,-1,1,-1,0.938,0.0,0.0,robust isolated,2,1,grouped in ≥2
Q126,Francis Lewis Park,Neighborhood Park,Q,16.831,-1,1,-1,0.75,0.25,0.167,unstable,29,73,203,0.0,1.0,0.5,grouped,-1,1,-1,1.0,0.0,0.0,robust isolated,-1,1,-1,1.0,0.0,0.0,robust isolated,0,2,isolated in ≥2
Q127,Marconi Park,Neighborhood Park,Q,4.635,271,9,372,0.0,1.0,0.5,grouped,24,35,135,0.0,1.0,0.5,grouped,-1,1,-1,0.889,0.0,0.0,robust isolated,-1,1,-1,1.0,0.0,0.0,robust isolated,1,2,isolated in ≥2
Q128,London Planetree Playground,Neighborhood Park,Q,1.837,-1,1,-1,0.375,0.625,0.458,unstable,27,186,171,0.0,1.0,1.0,grouped,-1,1,-1,0.889,0.111,0.111,robust isolated,-1,1,-1,1.0,0.0,0.0,robust isolated,0,2,isolated in ≥2
Q129,"Phil ""Scooter"" Rizzuto Park",Community Park,Q,4.353,411,3,549,0.0,0.75,0.25,grouped,27,186,171,0.0,1.0,1.0,grouped,-1,1,-1,0.889,0.111,0.111,robust isolated,-1,1,-1,1.0,0.0,0.0,robust isolated,1,2,isolated in ≥2
Q130,Motor Parkway,Nature Area,Q,13.894,311,4,418,0.0,0.5,0.5,grouped,29,73,205,0.0,1.0,0.5,grouped,512,5,-1,0.333,0.556,0.111,grouped,-1,1,-1,1.0,0.0,0.0,robust isolated,2,1,grouped in ≥2
Q131,Frank Principe Park,Community Park,Q,7.461,228,18,319,0.0,1.0,0.75,grouped,21,141,107,0.0,1.0,1.0,grouped,-1,1,-1,1.0,0.0,0.0,robust isolated,-1,1,-1,1.0,0.0,0.0,robust isolated,1,2,isolated in ≥2
Q133,Pat Williams Playground,Playground,Q,0.514,-1,1,-1,0.875,0.125,0.0,robust isolated,-1,1,-1,1.0,0.0,0.0,robust isolated,-1,1,-1,1.0,0.0,0.0,robust isolated,-1,1,-1,1.0,0.0,0.0,robust isolated,0,3,isolated in all
Q133A,Hempstead Ballfield,Recreational Field/Courts,Q,1.94,-1,1,-1,0.75,0.208,0.167,unstable,-1,1,-1,1.0,0.0,0.0,robust isolated,-1,1,-1,1.0,0.0,0.0,robust isolated,-1,1,-1,1.0,0.0,0.0,robust isolated,0,2,isolated in ≥2
Q133B,Hempstead Bench Spread,Triangle/Plaza,Q,0.274,-1,1,-1,0.75,0.208,0.167,unstable,24,35,-1,0.5,0.5,0.5,grouped,-1,1,-1,1.0,0.0,0.0,robust isolated,-1,1,-1,1.0,0.0,0.0,robust isolated,0,2,isolated in ≥2
Q134,Jack Breininger Park,Neighborhood Park,Q,3.4,-1,1,-1,0.75,0.25,0.167,unstable,29,73,-1,0.5,0.5,0.0,grouped,-1,1,-1,1.0,0.0,0.0,robust isolated,-1,1,-1,1.0,0.0,0.0,robust isolated,0,2,isolated in ≥2
Q135A,McKee Triangle,Triangle/Plaza,Q,0.059,326,8,-1,0.25,0.667,0.167,grouped,29,73,203,0.0,1.0,1.0,grouped,-1,1,-1,1.0,0.0,0.0,robust isolated,-1,1,-1,1.0,0.0,0.0,robust isolated,1,2,isolated in ≥2
Q136,Playground 115,Playground,Q,0.287,-1,1,-1,0.625,0.25,0.25,unstable,29,73,-1,0.5,0.5,0.0,grouped,-1,1,-1,1.0,0.0,0.0,robust isolated,-1,1,-1,1.0,0.0,0.0,robust isolated,0,2,isolated in ≥2
Q137,Columbus Square,Triangle/Plaza,Q,0.1,257,31,355,0.0,0.75,0.75,grouped,21,141,107,0.0,1.0,1.0,grouped,-1,1,-1,0.778,0.222,0.0,unstable,-1,1,-1,1.0,0.0,0.0,robust isolated,1,1,definition-specific
Q139,Drumm Triangle,Triangle/Plaza,Q,0.166,452,3,609,0.25,0.75,0.25,grouped,28,235,183,0.0,1.0,1.0,grouped,-1,1,-1,1.0,0.0,0.0,robust isolated,-1,1,-1,0.875,0.0,0.0,robust isolated,1,2,isolated in ≥2
Q140,Barclay Triangle,Triangle/Plaza,Q,0.047,230,37,324,0.0,1.0,0.75,grouped,21,141,107,0.0,1.0,1.0,grouped,-1,1,-1,0.611,0.056,0.0,unstable,-1,1,-1,1.0,0.0,0.0,robust isolated,1,1,definition-specific
Q141,Murray Playground,Neighborhood Park,Q,2.524,257,31,356,0.0,1.0,1.0,grouped,21,141,107,0.0,1.0,1.0,grouped,269,11,332,0.222,0.778,0.778,grouped,-1,1,-1,1.0,0.0,0.0,robust isolated,2,1,grouped in ≥2
Q142,Jacob Riis Triangle,Triangle/Plaza,Q,0.005,445,2,599,0.0,0.333,0.292,grouped,27,186,172,0.0,1.0,1.0,grouped,-1,1,-1,0.667,0.333,0.0,unstable,-1,1,-1,0.875,0.0,0.0,robust isolated,1,1,definition-specific
Q147,Ruoff Triangle,Triangle/Plaza,Q,0.054,454,6,612,0.0,0.75,0.583,grouped,27,186,171,0.0,1.0,1.0,grouped,253,10,315,0.0,1.0,1.0,grouped,-1,1,-1,1.0,0.0,0.0,robust isolated,2,1,grouped in ≥2
Q148,Catholic War Veterans Square,Triangle/Plaza,Q,0.006,413,10,552,0.0,0.5,0.5,grouped,27,186,171,0.0,1.0,1.0,grouped,253,10,315,0.0,1.0,1.0,grouped,-1,1,-1,0.875,0.0,0.0,robust isolated,2,1,grouped in ≥2
Q151,Grand Slope,Triangle/Plaza,Q,0.207,228,18,321,0.25,0.75,0.25,grouped,21,141,108,0.0,1.0,0.5,grouped,287,19,362,0.111,0.889,0.889,grouped,-1,1,-1,1.0,0.0,0.0,robust isolated,2,1,grouped in ≥2
Q152,Horsebrook Island,Triangle/Plaza,Q,0.03,245,4,343,0.125,0.875,0.25,grouped,21,141,-1,0.5,0.5,0.5,grouped,-1,1,-1,1.0,0.0,0.0,robust isolated,-1,1,-1,1.0,0.0,0.0,robust isolated,1,2,isolated in ≥2
Q157,Metro Triangle,Triangle/Plaza,Q,0.02,445,2,599,0.0,0.333,0.292,grouped,27,186,172,0.0,1.0,1.0,grouped,458,12,573,0.222,0.778,0.389,grouped,-1,1,-1,0.875,0.0,0.0,robust isolated,2,1,grouped in ≥2
Q159,Father Reilly Square,Triangle/Plaza,Q,0.03,-1,1,-1,0.75,0.25,0.167,unstable,29,73,-1,0.5,0.5,0.0,grouped,-1,1,-1,1.0,0.0,0.0,robust isolated,-1,1,-1,1.0,0.0,0.0,robust isolated,0,2,isolated in ≥2
Q160,O'Sullivan Plaza,Triangle/Plaza,Q,0.03,230,37,324,0.0,1.0,1.0,grouped,21,141,107,0.0,1.0,1.0,grouped,-1,1,-1,0.556,0.444,0.333,unstable,-1,1,-1,1.0,0.0,0.0,robust isolated,1,1,definition-specific
Q162E,Beach 59th St Playground,Playground,Q,0.618,541,8,738,0.0,0.667,0.333,grouped,23,21,126,0.0,1.0,1.0,grouped,-1,1,-1,1.0,0.0,0.0,robust isolated,-1,1,-1,0.75,0.125,0.0,unstable,1,1,definition-specific
Q162H,Beach 30th Street Playground,Neighborhood Park,Q,7.122,541,8,739,0.0,1.0,1.0,grouped,23,21,126,0.0,1.0,1.0,grouped,-1,1,-1,1.0,0.0,0.0,robust isolated,-1,1,-1,0.75,0.125,0.0,unstable,1,1,definition-specific
Q162H01,Park,Nature Area,Q,1.14,541,8,739,0.0,1.0,1.0,grouped,23,21,126,0.0,1.0,1.0,grouped,-1,1,-1,1.0,0.0,0.0,robust isolated,-1,1,-1,0.625,0.188,0.0,unstable,1,1,definition-specific
Q162I,Rockaway Beach and Boardwalk,Waterfront Facility,Q,3.809,541,8,739,0.0,1.0,1.0,grouped,23,21,126,0.0,1.0,1.0,grouped,-1,1,-1,1.0,0.0,0.0,robust isolated,-1,1,-1,0.938,0.062,0.0,robust isolated,1,2,isolated in ≥2
Q162J,Beach 17 Playground,Neighborhood Park,Q,13.75,541,8,739,0.25,0.75,0.5,grouped,23,21,126,0.0,1.0,1.0,grouped,-1,1,-1,0.667,0.333,0.333,unstable,-1,1,-1,0.875,0.0,0.0,robust isolated,1,1,definition-specific
Q162J01,Beach 9 Playground,Neighborhood Park,Q,4.863,541,8,739,0.0,0.875,0.5,grouped,23,21,126,0.0,1.0,1.0,grouped,-1,1,-1,0.333,0.333,0.333,unstable,-1,1,-1,0.875,0.0,0.0,robust isolated,1,1,definition-specific
Q165,Spring Creek Park Addition,Nature Area,Q,50.436,-1,1,-1,0.833,0.167,0.0,robust isolated,-1,1,-1,1.0,0.0,0.0,robust isolated,-1,1,-1,1.0,0.0,0.0,robust isolated,-1,1,-1,1.0,0.0,0.0,robust isolated,0,3,isolated in all
Q168,Alexander Grey Triangle,Triangle/Plaza,Q,0.01,-1,1,-1,0.583,0.333,0.167,unstable,29,73,203,0.0,1.0,1.0,grouped,-1,1,-1,1.0,0.0,0.0,robust isolated,-1,1,-1,1.0,0.0,0.0,robust isolated,0,2,isolated in ≥2
Q172,Corona Plaza,Triangle/Plaza,Q,0.041,230,37,325,0.0,1.0,1.0,grouped,21,141,107,0.0,1.0,1.0,grouped,276,7,-1,0.333,0.667,0.333,grouped,-1,1,-1,1.0,0.0,0.0,robust isolated,2,1,grouped in ≥2
Q173,American Triangle,Triangle/Plaza,Q,0.009,230,37,325,0.0,1.0,1.0,grouped,21,141,107,0.0,1.0,1.0,grouped,-1,1,-1,0.778,0.222,0.222,unstable,-1,1,-1,1.0,0.0,0.0,robust isolated,1,1,definition-specific
Q174A,St. Michael's Playground,Neighborhood Park,Q,5.43,230,37,-1,0.417,0.583,0.167,grouped,21,141,107,0.0,1.0,1.0,grouped,-1,1,-1,0.889,0.111,0.0,robust isolated,-1,1,-1,0.875,0.0,0.0,robust isolated,1,2,isolated in ≥2
Q177,Tudor Malls,Mall,Q,0.137,463,3,-1,0.5,0.5,0.417,grouped,27,186,172,0.0,1.0,1.0,grouped,-1,1,-1,1.0,0.0,0.0,robust isolated,-1,1,-1,1.0,0.0,0.0,robust isolated,1,2,isolated in ≥2
Q178,Mall Forty Two XLII,Mall,Q,1.429,324,3,435,0.0,0.583,0.25,grouped,29,73,203,0.0,1.0,1.0,grouped,-1,1,-1,0.556,0.333,0.111,unstable,-1,1,-1,1.0,0.0,0.0,robust isolated,1,1,definition-specific
Q186,Jackson Mill Green,Triangle/Plaza,Q,0.065,230,37,323,0.167,0.667,0.667,grouped,21,141,107,0.0,1.0,1.0,grouped,278,6,353,0.222,0.778,0.778,grouped,-1,1,-1,1.0,0.0,0.0,robust isolated,2,1,grouped in ≥2
Q190,Corporal Ruoff Square,Triangle/Plaza,Q,0.084,454,6,611,0.25,0.75,0.5,grouped,27,186,171,0.0,1.0,1.0,grouped,253,10,315,0.0,1.0,1.0,grouped,-1,1,-1,1.0,0.0,0.0,robust isolated,2,1,grouped in ≥2
Q203,David J O'Connell Square,Triangle/Plaza,Q,0.055,413,10,552,0.0,0.5,0.5,grouped,27,186,171,0.0,1.0,1.0,grouped,253,10,315,0.0,1.0,1.0,grouped,-1,1,-1,1.0,0.0,0.0,robust isolated,2,1,grouped in ≥2
Q205A,Big Bush Playground,Community Park,Q,2.5,-1,1,-1,0.75,0.25,0.167,unstable,-1,1,-1,1.0,0.0,0.0,robust isolated,-1,1,-1,1.0,0.0,0.0,robust isolated,-1,1,-1,1.0,0.0,0.0,robust isolated,0,2,isolated in ≥2
Q205B,Nathan Weidenbaum Playground,Playground,Q,0.732,-1,1,-1,0.75,0.25,0.167,unstable,21,141,-1,0.5,0.5,0.5,grouped,-1,1,-1,1.0,0.0,0.0,robust isolated,-1,1,-1,1.0,0.0,0.0,robust isolated,0,2,isolated in ≥2
Q206,Eight Oaks Triangle,Triangle/Plaza,Q,0.045,-1,1,-1,1.0,0.0,0.0,robust isolated,-1,1,-1,1.0,0.0,0.0,robust isolated,-1,1,-1,1.0,0.0,0.0,robust isolated,-1,1,-1,1.0,0.0,0.0,robust isolated,0,3,isolated in all
Q207,MacDonald Park,Neighborhood Park,Q,1.415,-1,1,-1,0.75,0.25,0.167,unstable,36,2,-1,0.5,0.0,0.0,grouped,-1,1,-1,1.0,0.0,0.0,robust isolated,-1,1,-1,1.0,0.0,0.0,robust isolated,0,2,isolated in ≥2
Q208,Litchhult Square,Triangle/Plaza,Q,0.074,279,2,382,0.25,0.417,0.208,grouped,24,35,133,0.0,1.0,0.5,grouped,512,5,-1,0.333,0.667,0.667,grouped,-1,1,-1,1.0,0.0,0.0,robust isolated,2,1,grouped in ≥2
Q209,Lawrence Triangle,Triangle/Plaza,Q,0.138,-1,1,-1,0.667,0.333,0.333,unstable,29,73,203,0.0,1.0,1.0,grouped,-1,1,-1,1.0,0.0,0.0,robust isolated,-1,1,-1,1.0,0.0,0.0,robust isolated,0,2,isolated in ≥2
Q211,Maple Playground,Neighborhood Park,Q,0.978,-1,1,-1,0.583,0.417,0.25,unstable,29,73,203,0.0,1.0,0.5,grouped,527,2,-1,0.444,0.0,0.0,grouped,-1,1,-1,1.0,0.0,0.0,robust isolated,1,1,definition-specific
Q212,Queens Valley Playground,Jointly Operated Playground,Q,0.876,-1,1,-1,0.75,0.25,0.0,unstable,-1,1,-1,1.0,0.0,0.0,robust isolated,-1,1,-1,1.0,0.0,0.0,robust isolated,-1,1,-1,1.0,0.0,0.0,robust isolated,0,2,isolated in ≥2
Q213,Studley Triangle,Triangle/Plaza,Q,0.024,326,8,439,0.25,0.75,0.333,grouped,29,73,203,0.0,1.0,1.0,grouped,275,6,-1,0.333,0.667,0.667,grouped,-1,1,-1,1.0,0.0,0.0,robust isolated,2,1,grouped in ≥2
Q214,Leonard Square,Triangle/Plaza,Q,0.06,326,8,439,0.0,1.0,0.417,grouped,29,73,203,0.0,1.0,1.0,grouped,275,6,-1,0.222,0.778,0.778,grouped,-1,1,-1,1.0,0.0,0.0,robust isolated,2,1,grouped in ≥2
Q215,Whitey Ford Field,Recreational Field/Courts,Q,3.45,-1,1,-1,0.75,0.25,0.0,unstable,-1,1,-1,1.0,0.0,0.0,robust isolated,-1,1,-1,1.0,0.0,0.0,robust isolated,-1,1,-1,1.0,0.0,0.0,robust isolated,0,2,isolated in ≥2
Q217,Lt. Frank McConnell Park,Triangle/Plaza,Q,0.207,411,3,549,0.0,0.75,0.333,grouped,27,186,171,0.0,1.0,1.0,grouped,-1,1,-1,0.778,0.222,0.111,unstable,-1,1,-1,1.0,0.0,0.0,robust isolated,1,1,definition-specific
Q218,Dutch Kills Playground,Jointly Operated Playground,Q,2.4,257,31,355,0.0,1.0,0.417,grouped,21,141,107,0.0,1.0,1.0,grouped,-1,1,-1,0.889,0.111,0.0,robust isolated,-1,1,-1,1.0,0.0,0.0,robust isolated,1,2,isolated in ≥2
Q219,Rockaway Freeway,Parkway,Q,8.422,543,14,743,0.0,0.75,0.75,grouped,23,21,-1,0.5,0.5,0.5,grouped,299,2,378,0.0,0.444,0.444,grouped,-1,1,-1,1.0,0.0,0.0,robust isolated,2,1,grouped in ≥2
Q220B,Norelli-Hargreaves Playground,Playground,Q,1.427,413,10,553,0.25,0.583,0.542,grouped,27,186,171,0.0,1.0,1.0,grouped,-1,1,-1,0.889,0.111,0.111,robust isolated,-1,1,-1,0.75,0.0,0.0,unstable,1,1,definition-specific
Q220C,Dr. Charles R. Drew Park,Recreational Field/Courts,Q,6.336,413,10,554,0.0,0.75,0.75,grouped,27,186,171,0.0,1.0,1.0,grouped,-1,1,-1,0.889,0.111,0.111,robust isolated,-1,1,-1,1.0,0.0,0.0,robust isolated,1,2,isolated in ≥2
Q220D,Foch Sitting Area,Triangle/Plaza,Q,0.051,413,10,554,0.0,0.75,0.75,grouped,27,186,171,0.0,1.0,1.0,grouped,-1,1,-1,0.778,0.222,0.111,unstable,-1,1,-1,0.75,0.0,0.0,unstable,1,0,definition-specific
Q220E,Playground One Forty,Playground,Q,1.37,413,10,554,0.25,0.75,0.75,grouped,27,186,171,0.0,1.0,1.0,grouped,253,10,315,0.0,1.0,1.0,grouped,-1,1,-1,1.0,0.0,0.0,robust isolated,2,1,grouped in ≥2
Q220F,Maple Grove Park,Triangle/Plaza,Q,1.5,215,2,303,0.0,0.167,0.167,grouped,36,2,-1,0.5,0.0,0.0,grouped,-1,1,-1,0.778,0.111,0.111,unstable,-1,1,-1,1.0,0.0,0.0,robust isolated,1,1,definition-specific
Q220G,Hoover - Manton Playgrounds,Neighborhood Park,Q,5.2,215,2,303,0.0,0.167,0.167,grouped,-1,1,-1,1.0,0.0,0.0,robust isolated,-1,1,-1,0.778,0.111,0.111,unstable,-1,1,-1,1.0,0.0,0.0,robust isolated,1,1,definition-specific
Q221,Farm Playground,Jointly Operated Playground,Q,3.757,333,5,449,0.0,1.0,0.25,grouped,29,73,203,0.0,1.0,0.5,grouped,-1,1,-1,1.0,0.0,0.0,robust isolated,-1,1,-1,1.0,0.0,0.0,robust isolated,1,2,isolated in ≥2
Q222,Glenwood Landing,Triangle/Plaza,Q,0.3,-1,1,-1,0.833,0.167,0.167,robust isolated,-1,1,-1,1.0,0.0,0.0,robust isolated,-1,1,-1,1.0,0.0,0.0,robust isolated,-1,1,-1,1.0,0.0,0.0,robust isolated,0,3,isolated in all
Q223,Fresh Meadows Park,Triangle/Plaza,Q,1.23,333,5,449,0.0,1.0,0.167,grouped,29,73,203,0.0,1.0,0.5,grouped,-1,1,-1,1.0,0.0,0.0,robust isolated,-1,1,-1,1.0,0.0,0.0,robust isolated,1,2,isolated in ≥2
Q225,Broad Channel Veteran's Park,Triangle/Plaza,Q,0.565,550,6,756,0.25,0.75,0.5,grouped,30,6,222,0.0,1.0,1.0,grouped,-1,1,-1,1.0,0.0,0.0,robust isolated,-1,1,-1,1.0,0.0,0.0,robust isolated,1,2,isolated in ≥2
Q226,Hallets Cove Playground,Neighborhood Park,Q,5.84399754,257,31,355,0.0,1.0,0.75,grouped,-1,1,-1,1.0,0.0,0.0,robust isolated,-1,1,-1,1.0,0.0,0.0,robust isolated,-1,1,-1,1.0,0.0,0.0,robust isolated,1,2,isolated in ≥2
Q231,Sergeant Colyer Square,Triangle/Plaza,Q,0.104,413,10,554,0.25,0.75,0.583,grouped,27,186,171,0.0,1.0,1.0,grouped,253,10,315,0.0,1.0,1.0,grouped,-1,1,-1,1.0,0.0,0.0,robust isolated,2,1,grouped in ≥2
Q232,Dwyer Square,Triangle/Plaza,Q,0.002,-1,1,-1,0.5,0.5,0.333,unstable,21,141,107,0.0,1.0,1.0,grouped,270,5,334,0.111,0.889,0.889,grouped,-1,1,-1,0.938,0.062,0.0,robust isolated,1,1,definition-specific
Q243,Norelli-Hargreaves Memorial Triangle,Triangle/Plaza,Q,0.036,-1,1,-1,0.75,0.25,0.208,unstable,27,186,171,0.0,1.0,0.5,grouped,253,10,-1,0.333,0.667,0.5,grouped,-1,1,-1,1.0,0.0,0.0,robust isolated,1,1,definition-specific
Q245,Hollis Veterans Square,Triangle/Plaza,Q,0.018,-1,1,-1,0.833,0.167,0.0,robust isolated,-1,1,-1,1.0,0.0,0.0,robust isolated,512,5,-1,0.333,0.667,0.667,grouped,-1,1,-1,1.0,0.0,0.0,robust isolated,1,2,isolated in ≥2
Q246,Travis Triangle,Triangle/Plaza,Q,0.221,327,3,442,0.0,0.667,0.417,grouped,29,73,203,0.0,1.0,1.0,grouped,-1,1,-1,0.889,0.0,0.0,robust isolated,-1,1,-1,1.0,0.0,0.0,robust isolated,1,2,isolated in ≥2
Q254,Corporal Frank F. Fagan Sq.,Triangle/Plaza,Q,0.004,222,10,311,0.0,0.667,0.583,grouped,21,141,107,0.0,1.0,1.0,grouped,287,19,362,0.111,0.889,0.889,grouped,-1,1,-1,0.875,0.125,0.062,robust isolated,2,1,grouped in ≥2
Q257,Lt. Clinton L .Whiting Square,Triangle/Plaza,Q,0.049,-1,1,-1,0.5,0.5,0.417,unstable,27,186,171,0.0,1.0,1.0,grouped,-1,1,-1,1.0,0.0,0.0,robust isolated,-1,1,-1,1.0,0.0,0.0,robust isolated,0,2,isolated in ≥2
Q259,Memorial Circle,Triangle/Plaza,Q,0.1,542,8,-1,0.167,0.75,0.5,grouped,31,10,224,0.0,1.0,1.0,grouped,506,3,-1,0.333,0.667,0.667,grouped,-1,1,-1,0.812,0.0,0.0,robust isolated,2,1,grouped in ≥2
Q262,Alameda Malls,Mall,Q,0.553,353,2,-1,0.5,0.417,0.25,grouped,29,73,204,0.0,1.0,0.5,grouped,-1,1,-1,1.0,0.0,0.0,robust isolated,-1,1,-1,1.0,0.0,0.0,robust isolated,1,2,isolated in ≥2
Q266,Westbourne Playground,Jointly Operated Playground,Q,1.13,-1,1,-1,1.0,0.0,0.0,robust isolated,-1,1,-1,1.0,0.0,0.0,robust isolated,-1,1,-1,1.0,0.0,0.0,robust isolated,-1,1,-1,1.0,0.0,0.0,robust isolated,0,3,isolated in all
Q267,Court Square Park,Triangle/Plaza,Q,0.492,257,31,356,0.0,1.0,0.5,grouped,21,141,-1,0.5,0.5,0.0,grouped,270,5,334,0.111,0.889,0.889,grouped,-1,1,-1,1.0,0.0,0.0,robust isolated,2,1,grouped in ≥2
Q268,Bell Malls,Mall,Q,1.652,311,4,419,0.25,0.667,0.583,grouped,29,73,205,0.0,1.0,0.5,grouped,513,3,-1,0.444,0.556,0.556,grouped,-1,1,-1,1.0,0.0,0.0,robust isolated,2,1,grouped in ≥2
Q275,Patricia A. Brackley Park,Triangle/Plaza,Q,0.157,542,8,740,0.25,0.75,0.75,grouped,31,10,224,0.0,1.0,1.0,grouped,-1,1,-1,1.0,0.0,0.0,robust isolated,-1,1,-1,1.0,0.0,0.0,robust isolated,1,2,isolated in ≥2
Q277,South Gate Mall,Mall,Q,0.145,289,2,-1,0.5,0.208,0.0,grouped,-1,1,-1,1.0,0.0,0.0,robust isolated,-1,1,-1,1.0,0.0,0.0,robust isolated,-1,1,-1,1.0,0.0,0.0,robust isolated,1,2,isolated in ≥2
Q281,Nakks Malls,Mall,Q,0.185,278,2,-1,0.5,0.333,0.167,grouped,24,35,133,0.0,1.0,0.0,grouped,-1,1,-1,1.0,0.0,0.0,robust isolated,-1,1,-1,1.0,0.0,0.0,robust isolated,1,2,isolated in ≥2
Q283,225 Street Malls,Mall,Q,0.402,-1,1,-1,0.792,0.208,0.167,unstable,-1,1,-1,1.0,0.0,0.0,robust isolated,293,2,-1,0.444,0.278,0.0,grouped,-1,1,-1,1.0,0.0,0.0,robust isolated,1,1,definition-specific
Q284,Sixteen Oaks Grove,Triangle/Plaza,Q,0.22,257,31,355,0.0,1.0,0.917,grouped,21,141,107,0.0,1.0,1.0,grouped,269,11,332,0.222,0.778,0.778,grouped,-1,1,-1,1.0,0.0,0.0,robust isolated,2,1,grouped in ≥2
Q285,Al Stabile Playground,Jointly Operated Playground,Q,0.494,-1,1,-1,0.667,0.333,0.25,unstable,27,186,171,0.0,1.0,1.0,grouped,-1,1,-1,1.0,0.0,0.0,robust isolated,-1,1,-1,1.0,0.0,0.0,robust isolated,0,2,isolated in ≥2
Q289,Pinocchio Playground,Jointly Operated Playground,Q,1.016,-1,1,-1,0.583,0.417,0.167,unstable,27,186,172,0.0,1.0,0.0,grouped,-1,1,-1,1.0,0.0,0.0,robust isolated,-1,1,-1,1.0,0.0,0.0,robust isolated,0,2,isolated in ≥2
Q290,"""Uncle"" Vito F. Maranzano Glendale Playground",Playground,Q,1.15,452,3,609,0.0,0.917,0.167,grouped,28,235,183,0.0,1.0,0.5,grouped,-1,1,-1,1.0,0.0,0.0,robust isolated,-1,1,-1,1.0,0.0,0.0,robust isolated,1,2,isolated in ≥2
Q291,Starr Playground,Playground,Q,0.9,396,14,524,0.0,1.0,0.75,grouped,28,235,182,0.0,1.0,1.0,grouped,-1,1,-1,1.0,0.0,0.0,robust isolated,-1,1,-1,1.0,0.0,0.0,robust isolated,1,2,isolated in ≥2
Q293,Saul Weprin Playground,Jointly Operated Playground,Q,1.964,333,5,449,0.25,0.75,0.167,grouped,29,73,203,0.0,1.0,0.5,grouped,-1,1,-1,1.0,0.0,0.0,robust isolated,-1,1,-1,1.0,0.0,0.0,robust isolated,1,2,isolated in ≥2
Q294,Utopia Playground,Neighborhood Park,Q,2.98,333,5,-1,0.417,0.5,0.25,grouped,29,73,203,0.0,1.0,0.5,grouped,-1,1,-1,1.0,0.0,0.0,robust isolated,-1,1,-1,1.0,0.0,0.0,robust isolated,1,2,isolated in ≥2
Q296,Playground Thirty Five XXXV,Playground,Q,0.218,-1,1,-1,0.417,0.583,0.167,unstable,21,141,107,0.0,1.0,1.0,grouped,-1,1,-1,0.444,0.444,0.0,unstable,-1,1,-1,0.875,0.062,0.0,robust isolated,0,1,definition-specific
Q298,Paul Raimonda Playground,Playground,Q,1.31,262,4,362,0.0,1.0,0.333,grouped,21,141,107,0.0,1.0,1.0,grouped,268,3,331,0.0,1.0,1.0,grouped,-1,1,-1,1.0,0.0,0.0,robust isolated,2,1,grouped in ≥2
Q299,Overlook Park,Nature Area,Q,2.327,230,37,324,0.0,0.833,0.417,grouped,21,141,107,0.0,1.0,1.0,grouped,-1,1,-1,1.0,0.0,0.0,robust isolated,-1,1,-1,1.0,0.0,0.0,robust isolated,1,2,isolated in ≥2
Q300A,Kissena Corridor Park,Community Park,Q,45.937,333,5,449,0.0,1.0,0.25,grouped,29,73,203,0.0,1.0,1.0,grouped,-1,1,-1,0.889,0.111,0.111,robust isolated,-1,1,-1,1.0,0.0,0.0,robust isolated,1,2,isolated in ≥2
Q300A1,Holy Cow Playground,Jointly Operated Playground,Q,2.7,-1,1,-1,0.75,0.25,0.167,unstable,-1,1,-1,1.0,0.0,0.0,robust isolated,-1,1,-1,1.0,0.0,0.0,robust isolated,-1,1,-1,1.0,0.0,0.0,robust isolated,0,2,isolated in ≥2
Q301,Jamaica Playground,Jointly Operated Playground,Q,2.456,271,9,372,0.0,1.0,0.5,grouped,24,35,134,0.0,1.0,0.5,grouped,-1,1,-1,1.0,0.0,0.0,robust isolated,-1,1,-1,1.0,0.0,0.0,robust isolated,1,2,isolated in ≥2
Q302,Evergreen Park,Jointly Operated Playground,Q,3.32,-1,1,-1,0.833,0.167,0.167,robust isolated,28,235,182,0.0,1.0,0.5,grouped,-1,1,-1,1.0,0.0,0.0,robust isolated,-1,1,-1,1.0,0.0,0.0,robust isolated,0,3,isolated in all
Q303,Travers Park,Playground,Q,1.919,230,37,324,0.0,1.0,0.583,grouped,21,141,107,0.0,1.0,1.0,grouped,-1,1,-1,0.667,0.333,0.333,unstable,-1,1,-1,1.0,0.0,0.0,robust isolated,1,1,definition-specific
Q304,Ehrenreich-Austin Playground,Playground,Q,1.161,-1,1,-1,0.75,0.25,0.167,unstable,-1,1,-1,1.0,0.0,0.0,robust isolated,-1,1,-1,1.0,0.0,0.0,robust isolated,-1,1,-1,1.0,0.0,0.0,robust isolated,0,2,isolated in ≥2
Q305,Mafera Park,Community Park,Q,5.4,-1,1,-1,0.833,0.167,0.167,robust isolated,28,235,-1,0.5,0.5,0.0,grouped,-1,1,-1,1.0,0.0,0.0,robust isolated,-1,1,-1,1.0,0.0,0.0,robust isolated,0,3,isolated in all
Q306,The Painter's Playground,Jointly Operated Playground,Q,1.699,-1,1,-1,0.75,0.167,0.167,unstable,27,186,-1,0.5,0.5,0.0,grouped,-1,1,-1,1.0,0.0,0.0,robust isolated,-1,1,-1,1.0,0.0,0.0,robust isolated,0,2,isolated in ≥2
Q307,Delphin H. Greene Playground,Jointly Operated Playground,Q,2.8,287,3,390,0.0,0.667,0.417,grouped,24,35,134,0.0,1.0,0.5,grouped,-1,1,-1,1.0,0.0,0.0,robust isolated,-1,1,-1,0.625,0.0,0.0,unstable,1,1,definition-specific
Q308,Bowne Playground,Jointly Operated Playground,Q,1.28,327,3,-1,0.417,0.583,0.417,grouped,29,73,203,0.0,1.0,1.0,grouped,-1,1,-1,1.0,0.0,0.0,robust isolated,-1,1,-1,1.0,0.0,0.0,robust isolated,1,2,isolated in ≥2
Q310,Glen Oaks Oval,Community Park,Q,2.948,-1,1,-1,0.75,0.25,0.167,unstable,-1,1,-1,1.0,0.0,0.0,robust isolated,-1,1,-1,1.0,0.0,0.0,robust isolated,-1,1,-1,1.0,0.0,0.0,robust isolated,0,2,isolated in ≥2
Q313,Arverne Playground,Playground,Q,0.993,543,14,745,0.0,0.5,0.5,grouped,23,21,129,0.0,0.5,0.5,grouped,-1,1,-1,1.0,0.0,0.0,robust isolated,-1,1,-1,1.0,0.0,0.0,robust isolated,1,2,isolated in ≥2
Q314,Fresh Meadows Playground,Jointly Operated Playground,Q,1.35,-1,1,-1,0.75,0.167,0.167,unstable,29,73,206,0.0,0.5,0.5,grouped,-1,1,-1,1.0,0.0,0.0,robust isolated,-1,1,-1,1.0,0.0,0.0,robust isolated,0,2,isolated in ≥2
Q316,Captain Dermody Triangle,Triangle/Plaza,Q,0.191,311,4,419,0.25,0.667,0.333,grouped,29,73,204,0.0,1.0,0.5,grouped,513,3,-1,0.444,0.556,0.556,grouped,-1,1,-1,0.938,0.0,0.0,robust isolated,2,1,grouped in ≥2
Q317,Tall Oak Playground,Jointly Operated Playground,Q,1.48,310,2,-1,0.375,0.333,0.25,grouped,29,73,205,0.0,1.0,0.5,grouped,-1,1,-1,1.0,0.0,0.0,robust isolated,-1,1,-1,0.875,0.0,0.0,robust isolated,1,2,isolated in ≥2
Q318,Playground Eighty LXXX,Jointly Operated Playground,Q,1.35,-1,1,-1,0.75,0.25,0.167,unstable,29,73,203,0.0,1.0,0.5,grouped,-1,1,-1,1.0,0.0,0.0,robust isolated,-1,1,-1,1.0,0.0,0.0,robust isolated,0,2,isolated in ≥2
Q319,Annadale Playground,Jointly Operated Playground,Q,1.013,247,5,345,0.0,0.75,0.75,grouped,21,141,109,0.0,1.0,0.5,grouped,-1,1,-1,0.889,0.111,0.111,robust isolated,-1,1,-1,1.0,0.0,0.0,robust isolated,1,2,isolated in ≥2
Q320,Vleigh Playground,Jointly Operated Playground,Q,2.243,318,3,-1,0.5,0.5,0.333,grouped,29,73,203,0.0,1.0,0.0,grouped,-1,1,-1,0.667,0.333,0.333,unstable,-1,1,-1,1.0,0.0,0.0,robust isolated,1,1,definition-specific
Q321,Van Alst Playground,Jointly Operated Playground,Q,1.033,257,31,355,0.0,1.0,0.75,grouped,21,141,107,0.0,1.0,1.0,grouped,269,11,332,0.111,0.889,0.889,grouped,-1,1,-1,1.0,0.0,0.0,robust isolated,2,1,grouped in ≥2
Q322,Bellaire Playground,Jointly Operated Playground,Q,0.809,-1,1,-1,0.833,0.167,0.167,robust isolated,24,35,-1,0.5,0.5,0.5,grouped,525,4,655,0.222,0.778,0.389,grouped,-1,1,-1,1.0,0.0,0.0,robust isolated,1,2,isolated in ≥2
Q325,Gladys Warren Triangle,Triangle/Plaza,Q,0.113,-1,1,-1,0.667,0.333,0.167,unstable,24,35,133,0.0,1.0,1.0,grouped,-1,1,-1,0.778,0.222,0.222,unstable,-1,1,-1,1.0,0.0,0.0,robust isolated,0,1,definition-specific
Q326,James A. Bland Playground,Playground,Q,0.551,-1,1,-1,0.75,0.25,0.25,unstable,-1,1,-1,1.0,0.0,0.0,robust isolated,-1,1,-1,1.0,0.0,0.0,robust isolated,-1,1,-1,1.0,0.0,0.0,robust isolated,0,2,isolated in ≥2
Q327,Castlewood Playground,Jointly Operated Playground,Q,2.059,-1,1,-1,0.75,0.25,0.167,unstable,29,73,-1,0.5,0.5,0.5,grouped,-1,1,-1,1.0,0.0,0.0,robust isolated,-1,1,-1,1.0,0.0,0.0,robust isolated,0,2,isolated in ≥2
Q328,Bellerose Playground,Jointly Operated Playground,Q,0.996,-1,1,-1,0.833,0.167,0.083,robust isolated,29,73,203,0.0,1.0,0.5,grouped,-1,1,-1,1.0,0.0,0.0,robust isolated,-1,1,-1,1.0,0.0,0.0,robust isolated,0,3,isolated in all
Q329,Pomonok Playground,Jointly Operated Playground,Q,3.596,-1,1,-1,0.75,0.25,0.167,unstable,29,73,-1,0.5,0.5,0.0,grouped,527,2,-1,0.444,0.0,0.0,grouped,-1,1,-1,1.0,0.0,0.0,robust isolated,1,1,definition-specific
Q330,Locust Manor Playground,Jointly Operated Playground,Q,2.003,-1,1,-1,0.833,0.167,0.167,robust isolated,-1,1,-1,1.0,0.0,0.0,robust isolated,-1,1,-1,1.0,0.0,0.0,robust isolated,-1,1,-1,1.0,0.0,0.0,robust isolated,0,3,isolated in all
Q332,Woodtree Playground,Neighborhood Park,Q,1.033,262,4,362,0.0,1.0,0.333,grouped,21,141,107,0.0,1.0,1.0,grouped,268,3,331,0.0,1.0,1.0,grouped,-1,1,-1,1.0,0.0,0.0,robust isolated,2,1,grouped in ≥2
Q333,Ravenswood Playground,Neighborhood Park,Q,2.758,257,31,355,0.0,1.0,0.917,grouped,21,141,107,0.0,1.0,1.0,grouped,269,11,332,0.0,0.889,0.889,grouped,-1,1,-1,0.875,0.062,0.0,robust isolated,2,1,grouped in ≥2
Q334,Playground Twenty One,Jointly Operated Playground,Q,1.439,329,2,445,0.0,0.417,0.167,grouped,29,73,203,0.0,1.0,1.0,grouped,-1,1,-1,0.556,0.0,0.0,unstable,-1,1,-1,1.0,0.0,0.0,robust isolated,1,1,definition-specific
Q335,Russell Sage Playground,Jointly Operated Playground,Q,1.526,-1,1,-1,0.75,0.25,0.167,unstable,-1,1,-1,1.0,0.0,0.0,robust isolated,-1,1,-1,1.0,0.0,0.0,robust isolated,-1,1,-1,1.0,0.0,0.0,robust isolated,0,2,isolated in ≥2
Q336,Judge Moses Weinstein Playground,Community Park,Q,3.25,-1,1,-1,0.75,0.25,0.167,unstable,-1,1,-1,1.0,0.0,0.0,robust isolated,-1,1,-1,1.0,0.0,0.0,robust isolated,-1,1,-1,1.0,0.0,0.0,robust isolated,0,2,isolated in ≥2
Q337,Maurice A FitzGerald Playground,Playground,Q,1.201,411,3,-1,0.333,0.667,0.292,grouped,27,186,171,0.0,1.0,1.0,grouped,-1,1,-1,0.889,0.111,0.111,robust isolated,-1,1,-1,1.0,0.0,0.0,robust isolated,1,2,isolated in ≥2
Q338,Admiral Playground,Jointly Operated Playground,Q,0.759,-1,1,-1,0.833,0.167,0.0,robust isolated,-1,1,-1,1.0,0.0,0.0,robust isolated,526,2,-1,0.333,0.0,0.0,grouped,-1,1,-1,1.0,0.0,0.0,robust isolated,1,2,isolated in ≥2
Q339,Cambria Playground,Community Park,Q,4.635,287,3,-1,0.417,0.583,0.417,grouped,24,35,134,0.0,1.0,1.0,grouped,-1,1,-1,0.667,0.111,0.0,unstable,-1,1,-1,0.625,0.0,0.0,unstable,1,0,definition-specific
Q340,Torsney Playground,Playground,Q,2.027,224,8,314,0.0,0.75,0.583,grouped,21,141,107,0.0,1.0,1.0,grouped,-1,1,-1,0.667,0.333,0.0,unstable,-1,1,-1,1.0,0.0,0.0,robust isolated,1,1,definition-specific
Q341A,Park,Triangle/Plaza,Q,0.011,-1,1,-1,0.625,0.375,0.208,unstable,21,141,-1,0.5,0.5,0.5,grouped,-1,1,-1,1.0,0.0,0.0,robust isolated,-1,1,-1,1.0,0.0,0.0,robust isolated,0,2,isolated in ≥2
Q341B,Latham Park,Triangle/Plaza,Q,0.025,-1,1,-1,0.75,0.25,0.167,unstable,-1,1,-1,1.0,0.0,0.0,robust isolated,-1,1,-1,1.0,0.0,0.0,robust isolated,-1,1,-1,1.0,0.0,0.0,robust isolated,0,2,isolated in ≥2
Q341C,Sherry Dog Run,Triangle/Plaza,Q,0.354,-1,1,-1,0.583,0.417,0.208,unstable,21,141,107,0.0,1.0,1.0,grouped,-1,1,-1,0.778,0.222,0.222,unstable,-1,1,-1,1.0,0.0,0.0,robust isolated,0,1,definition-specific
Q341D,Spargo Park,Strip,Q,0.375,221,2,-1,0.375,0.5,0.458,grouped,-1,1,-1,1.0,0.0,0.0,robust isolated,-1,1,-1,1.0,0.0,0.0,robust isolated,225,2,-1,0.375,0.0,0.0,grouped,2,1,grouped in ≥2
Q341E,Crosson Green,Triangle/Plaza,Q,0.064,221,2,-1,0.375,0.5,0.458,grouped,21,141,-1,0.5,0.5,0.0,grouped,-1,1,-1,1.0,0.0,0.0,robust isolated,225,2,-1,0.375,0.0,0.0,grouped,2,1,grouped in ≥2
Q341F,Crosson Park,Triangle/Plaza,Q,0.094,222,10,312,0.25,0.75,0.75,grouped,21,141,107,0.0,1.0,1.0,grouped,287,19,363,0.222,0.778,0.778,grouped,-1,1,-1,0.688,0.0,0.0,unstable,2,0,grouped in ≥2
Q342,Electric Playground,Neighborhood Park,Q,1.749,-1,1,-1,0.833,0.167,0.125,robust isolated,29,73,206,0.0,0.5,0.5,grouped,-1,1,-1,1.0,0.0,0.0,robust isolated,-1,1,-1,1.0,0.0,0.0,robust isolated,0,3,isolated in all
Q343,Whitestone Playground,Jointly Operated Playground,Q,1.648,-1,1,-1,0.75,0.167,0.167,unstable,29,73,203,0.0,1.0,0.5,grouped,-1,1,-1,1.0,0.0,0.0,robust isolated,-1,1,-1,1.0,0.0,0.0,robust isolated,0,2,isolated in ≥2
Q344,Emerald Playground,Jointly Operated Playground,Q,1.265,318,3,427,0.0,0.5,0.417,grouped,29,73,203,0.0,1.0,0.0,grouped,-1,1,-1,0.667,0.333,0.333,unstable,-1,1,-1,0.875,0.0,0.0,robust isolated,1,1,definition-specific
Q345,Redfern Playground,Playground,Q,3.04,-1,1,-1,0.75,0.0,0.0,unstable,-1,1,-1,1.0,0.0,0.0,robust isolated,-1,1,-1,1.0,0.0,0.0,robust isolated,-1,1,-1,1.0,0.0,0.0,robust isolated,0,2,isolated in ≥2
Q346,Challenge Playground,Jointly Operated Playground,Q,2.035,-1,1,-1,0.583,0.25,0.167,unstable,29,73,-1,0.5,0.5,0.0,grouped,-1,1,-1,1.0,0.0,0.0,robust isolated,-1,1,-1,1.0,0.0,0.0,robust isolated,0,2,isolated in ≥2
Q347,Colden Playground,Jointly Operated Playground,Q,1.466,326,8,-1,0.375,0.625,0.458,grouped,29,73,203,0.0,1.0,1.0,grouped,-1,1,-1,1.0,0.0,0.0,robust isolated,-1,1,-1,1.0,0.0,0.0,robust isolated,1,2,isolated in ≥2
Q348,Willow Lake Playground,Jointly Operated Playground,Q,1.277,-1,1,-1,0.667,0.333,0.167,unstable,21,141,109,0.0,1.0,0.5,grouped,-1,1,-1,1.0,0.0,0.0,robust isolated,-1,1,-1,0.75,0.0,0.0,unstable,0,1,definition-specific
Q349,Telephone Playground,Jointly Operated Playground,Q,1.056,311,4,418,0.0,0.5,0.5,grouped,29,73,205,0.0,1.0,0.5,grouped,-1,1,-1,1.0,0.0,0.0,robust isolated,-1,1,-1,1.0,0.0,0.0,robust isolated,1,2,isolated in ≥2
Q351,Peters Field,Neighborhood Park,Q,2.872,-1,1,-1,0.667,0.333,0.167,unstable,24,35,139,0.0,0.5,0.0,grouped,252,3,314,0.0,1.0,1.0,grouped,-1,1,-1,0.938,0.0,0.0,robust isolated,1,1,definition-specific
Q352,Hillside Playground,Jointly Operated Playground,Q,1.16,-1,1,-1,0.75,0.25,0.167,unstable,29,73,-1,0.5,0.5,0.5,grouped,-1,1,-1,1.0,0.0,0.0,robust isolated,-1,1,-1,1.0,0.0,0.0,robust isolated,0,2,isolated in ≥2
Q353,Grassmere Playground,Jointly Operated Playground,Q,1.239,543,14,-1,0.5,0.5,0.0,grouped,-1,1,-1,1.0,0.0,0.0,robust isolated,-1,1,-1,1.0,0.0,0.0,robust isolated,-1,1,-1,1.0,0.0,0.0,robust isolated,1,2,isolated in ≥2
Q354,Playground Seventy Five,Jointly Operated Playground,Q,0.749,-1,1,-1,0.75,0.25,0.25,unstable,29,73,-1,0.5,0.5,0.5,grouped,-1,1,-1,1.0,0.0,0.0,robust isolated,-1,1,-1,1.0,0.0,0.0,robust isolated,0,2,isolated in ≥2
Q355,Strippoli Square,Triangle/Plaza,Q,0.061,-1,1,-1,0.5,0.5,0.417,unstable,21,141,107,0.0,1.0,1.0,grouped,-1,1,-1,0.556,0.111,0.111,unstable,-1,1,-1,1.0,0.0,0.0,robust isolated,0,1,definition-specific
Q356,Alley Park,Jointly Operated Playground,Q,2.446,-1,1,-1,1.0,0.0,0.0,robust isolated,-1,1,-1,1.0,0.0,0.0,robust isolated,-1,1,-1,1.0,0.0,0.0,robust isolated,-1,1,-1,1.0,0.0,0.0,robust isolated,0,3,isolated in all
Q357A,Park,Strip,Q,0.03,245,4,343,0.0,0.875,0.25,grouped,21,141,-1,0.5,0.5,0.5,grouped,-1,1,-1,1.0,0.0,0.0,robust isolated,-1,1,-1,1.0,0.0,0.0,robust isolated,1,2,isolated in ≥2
Q357A1,Park,Strip,Q,0.022,249,2,347,0.0,0.25,0.25,grouped,21,141,109,0.0,1.0,0.5,grouped,278,6,353,0.222,0.778,0.778,grouped,-1,1,-1,1.0,0.0,0.0,robust isolated,2,1,grouped in ≥2
Q357B,Real Good Playground,Playground,Q,1.598,247,5,345,0.0,1.0,0.75,grouped,21,141,109,0.0,1.0,0.5,grouped,-1,1,-1,1.0,0.0,0.0,robust isolated,-1,1,-1,0.875,0.0,0.0,robust isolated,1,2,isolated in ≥2
Q357B01,Barrier Playground,Neighborhood Park,Q,0.867,247,5,345,0.0,1.0,0.75,grouped,21,141,109,0.0,1.0,0.5,grouped,-1,1,-1,0.889,0.111,0.111,robust isolated,-1,1,-1,0.875,0.0,0.0,robust isolated,1,2,isolated in ≥2
Q357D,Park,Strip,Q,0.023,354,3,-1,0.5,0.5,0.167,grouped,29,73,204,0.0,1.0,0.0,grouped,-1,1,-1,1.0,0.0,0.0,robust isolated,-1,1,-1,0.875,0.125,0.0,robust isolated,1,2,isolated in ≥2
Q357E,Park,Strip,Q,0.02,-1,1,-1,0.583,0.417,0.167,unstable,29,73,204,0.0,1.0,0.0,grouped,-1,1,-1,1.0,0.0,0.0,robust isolated,-1,1,-1,0.875,0.125,0.0,robust isolated,0,2,isolated in ≥2
Q357F,Park,Strip,Q,0.02,354,3,472,0.0,0.5,0.167,grouped,29,73,204,0.0,1.0,0.0,grouped,-1,1,-1,1.0,0.0,0.0,robust isolated,-1,1,-1,1.0,0.0,0.0,robust isolated,1,2,isolated in ≥2
Q357G,Turtle Playground,Playground,Q,0.476,-1,1,-1,1.0,0.0,0.0,robust isolated,-1,1,-1,1.0,0.0,0.0,robust isolated,-1,1,-1,1.0,0.0,0.0,robust isolated,-1,1,-1,1.0,0.0,0.0,robust isolated,0,3,isolated in all
Q357I,Nassau Mall,Triangle/Plaza,Q,0.836,-1,1,-1,0.5,0.5,0.167,unstable,29,73,204,0.0,1.0,0.0,grouped,526,2,-1,0.333,0.0,0.0,grouped,-1,1,-1,0.875,0.125,0.0,robust isolated,1,1,definition-specific
Q357J,Nassau Mall South,Triangle/Plaza,Q,0.834,-1,1,-1,0.583,0.25,0.167,unstable,29,73,-1,0.5,0.5,0.0,grouped,-1,1,-1,1.0,0.0,0.0,robust isolated,-1,1,-1,1.0,0.0,0.0,robust isolated,0,2,isolated in ≥2
Q358,Detective William T. Gunn Playground,Jointly Operated Playground,Q,2.719,-1,1,-1,0.833,0.167,0.0,robust isolated,29,73,-1,0.5,0.5,0.0,grouped,525,4,655,0.222,0.778,0.389,grouped,-1,1,-1,1.0,0.0,0.0,robust isolated,1,2,isolated in ≥2
Q359,Haggerty Park,Neighborhood Park,Q,3.867,-1,1,-1,0.667,0.333,0.208,unstable,24,35,133,0.0,1.0,0.5,grouped,512,5,-1,0.333,0.667,0.667,grouped,-1,1,-1,1.0,0.0,0.0,robust isolated,1,1,definition-specific
Q360A,Park,Strip,Q,0.006,-1,1,-1,1.0,0.0,0.0,robust isolated,-1,1,-1,1.0,0.0,0.0,robust isolated,-1,1,-1,1.0,0.0,0.0,robust isolated,-1,1,-1,1.0,0.0,0.0,robust isolated,0,3,isolated in all
Q360C,Park,Strip,Q,0.006,-1,1,-1,1.0,0.0,0.0,robust isolated,-1,1,-1,1.0,0.0,0.0,robust isolated,-1,1,-1,1.0,0.0,0.0,robust isolated,-1,1,-1,1.0,0.0,0.0,robust isolated,0,3,isolated in all
Q360D,Park,Strip,Q,0.005,-1,1,-1,1.0,0.0,0.0,robust isolated,-1,1,-1,1.0,0.0,0.0,robust isolated,-1,1,-1,1.0,0.0,0.0,robust isolated,-1,1,-1,1.0,0.0,0.0,robust isolated,0,3,isolated in all
Q360E,Hull Triangle,Triangle/Plaza,Q,0.158,228,18,319,0.0,1.0,1.0,grouped,21,141,107,0.0,1.0,1.0,grouped,-1,1,-1,1.0,0.0,0.0,robust isolated,-1,1,-1,0.875,0.062,0.0,robust isolated,1,2,isolated in ≥2
Q360F,Technical Sergeant Thomas J. Davey Triangle,Triangle/Plaza,Q,0.126,228,18,319,0.0,1.0,0.75,grouped,21,141,107,0.0,1.0,1.0,grouped,-1,1,-1,0.778,0.222,0.0,unstable,-1,1,-1,1.0,0.0,0.0,robust isolated,1,1,definition-specific
Q360G,Whitefish Triangle,Triangle/Plaza,Q,0.185,228,18,319,0.0,1.0,1.0,grouped,21,141,107,0.0,1.0,0.5,grouped,-1,1,-1,0.778,0.222,0.0,unstable,-1,1,-1,1.0,0.0,0.0,robust isolated,1,1,definition-specific
Q360H,Peter Chahales Park,Triangle/Plaza,Q,0.074,228,18,319,0.0,1.0,0.875,grouped,21,141,107,0.0,1.0,1.0,grouped,287,19,363,0.222,0.778,0.778,grouped,-1,1,-1,1.0,0.0,0.0,robust isolated,2,1,grouped in ≥2
Q360I,Park,Strip,Q,0.011,-1,1,-1,0.75,0.25,0.0,unstable,21,141,108,0.0,1.0,0.0,grouped,-1,1,-1,1.0,0.0,0.0,robust isolated,-1,1,-1,1.0,0.0,0.0,robust isolated,0,2,isolated in ≥2
Q360J,Crowley Playground,Neighborhood Park,Q,1.7,228,18,321,0.25,0.75,0.75,grouped,21,141,110,0.0,0.5,0.5,grouped,287,19,-1,0.333,0.667,0.667,grouped,-1,1,-1,0.688,0.062,0.0,unstable,2,0,grouped in ≥2
Q360L,Park,Strip,Q,0.007,-1,1,-1,0.917,0.083,0.0,robust isolated,-1,1,-1,1.0,0.0,0.0,robust isolated,-1,1,-1,1.0,0.0,0.0,robust isolated,-1,1,-1,1.0,0.0,0.0,robust isolated,0,3,isolated in all
Q360M,Frontera Park,Playground,Q,1.47,228,18,319,0.0,1.0,1.0,grouped,21,141,107,0.0,1.0,1.0,grouped,287,19,363,0.222,0.778,0.778,grouped,-1,1,-1,1.0,0.0,0.0,robust isolated,2,1,grouped in ≥2
Q360N,Hoffman Park,Playground,Q,2.857,-1,1,-1,0.75,0.25,0.167,unstable,-1,1,-1,1.0,0.0,0.0,robust isolated,-1,1,-1,1.0,0.0,0.0,robust isolated,-1,1,-1,1.0,0.0,0.0,robust isolated,0,2,isolated in ≥2
Q360P,Park Slope,Strip,Q,0.005,-1,1,-1,0.75,0.25,0.25,unstable,-1,1,-1,1.0,0.0,0.0,robust isolated,-1,1,-1,1.0,0.0,0.0,robust isolated,-1,1,-1,1.0,0.0,0.0,robust isolated,0,2,isolated in ≥2
Q360Q,Sitting Area 127 CXXVII,Triangle/Plaza,Q,0.17,228,18,319,0.125,0.875,0.75,grouped,21,141,-1,0.5,0.5,0.5,grouped,-1,1,-1,1.0,0.0,0.0,robust isolated,-1,1,-1,1.0,0.0,0.0,robust isolated,1,2,isolated in ≥2
Q360R,Sitting Area,Triangle/Plaza,Q,0.09,228,18,319,0.125,0.875,0.75,grouped,21,141,107,0.0,1.0,0.5,grouped,-1,1,-1,1.0,0.0,0.0,robust isolated,-1,1,-1,0.875,0.062,0.0,robust isolated,1,2,isolated in ≥2
Q360S,Quick Brown Fox Triangle,Triangle/Plaza,Q,0.07,228,18,320,0.0,0.5,0.5,grouped,21,141,107,0.0,1.0,1.0,grouped,-1,1,-1,1.0,0.0,0.0,robust isolated,-1,1,-1,1.0,0.0,0.0,robust isolated,1,2,isolated in ≥2
Q360T,Sitting Area,Triangle/Plaza,Q,0.047,228,18,321,0.0,1.0,0.75,grouped,21,141,108,0.0,1.0,0.5,grouped,287,19,-1,0.333,0.667,0.667,grouped,-1,1,-1,0.875,0.062,0.0,robust isolated,2,1,grouped in ≥2
Q360U,Notorious LIC Park,Recreational Field/Courts,Q,0.318,257,31,355,0.0,1.0,0.75,grouped,21,141,107,0.0,1.0,0.5,grouped,-1,1,-1,1.0,0.0,0.0,robust isolated,-1,1,-1,1.0,0.0,0.0,robust isolated,1,2,isolated in ≥2
Q360V,Park,Strip,Q,0.002,-1,1,-1,1.0,0.0,0.0,robust isolated,-1,1,-1,1.0,0.0,0.0,robust isolated,-1,1,-1,1.0,0.0,0.0,robust isolated,-1,1,-1,1.0,0.0,0.0,robust isolated,0,3,isolated in all
Q360W,Park,Strip,Q,0.001,-1,1,-1,1.0,0.0,0.0,robust isolated,-1,1,-1,1.0,0.0,0.0,robust isolated,-1,1,-1,1.0,0.0,0.0,robust isolated,-1,1,-1,1.0,0.0,0.0,robust isolated,0,3,isolated in all
Q360X,Park,Strip,Q,0.002,-1,1,-1,0.75,0.25,0.0,unstable,-1,1,-1,1.0,0.0,0.0,robust isolated,-1,1,-1,1.0,0.0,0.0,robust isolated,-1,1,-1,1.0,0.0,0.0,robust isolated,0,2,isolated in ≥2
Q360Y1,Park,Strip,Q,0.004,228,18,320,0.0,0.5,0.5,grouped,21,141,107,0.0,1.0,1.0,grouped,-1,1,-1,1.0,0.0,0.0,robust isolated,-1,1,-1,1.0,0.0,0.0,robust isolated,1,2,isolated in ≥2
Q360Y2,Park,Strip,Q,0.002,228,18,319,0.125,0.875,0.75,grouped,21,141,107,0.0,1.0,0.5,grouped,-1,1,-1,1.0,0.0,0.0,robust isolated,-1,1,-1,0.938,0.062,0.0,robust isolated,1,2,isolated in ≥2
Q361,Moore Homestead Playground,Neighborhood Park,Q,1.978,222,10,312,0.25,0.75,0.5,grouped,21,141,107,0.0,1.0,1.0,grouped,287,19,362,0.111,0.889,0.889,grouped,-1,1,-1,1.0,0.0,0.0,robust isolated,2,1,grouped in ≥2
Q362,Playground Ninety,Jointly Operated Playground,Q,1.25,230,37,324,0.0,1.0,0.75,grouped,21,141,107,0.0,1.0,1.0,grouped,-1,1,-1,1.0,0.0,0.0,robust isolated,-1,1,-1,1.0,0.0,0.0,robust isolated,1,2,isolated in ≥2
Q363,Northern Playground,Jointly Operated Playground,Q,1.719,231,2,-1,0.5,0.5,0.5,grouped,21,141,107,0.0,1.0,1.0,grouped,-1,1,-1,0.556,0.444,0.444,unstable,-1,1,-1,1.0,0.0,0.0,robust isolated,1,1,definition-specific
Q364,Marie Curie Playground,Jointly Operated Playground,Q,2.552,-1,1,-1,0.75,0.25,0.167,unstable,-1,1,-1,1.0,0.0,0.0,robust isolated,-1,1,-1,1.0,0.0,0.0,robust isolated,-1,1,-1,1.0,0.0,0.0,robust isolated,0,2,isolated in ≥2
Q366,Louis C. Moser Playground,Playground,Q,1.502,230,37,324,0.0,1.0,1.0,grouped,21,141,107,0.0,1.0,1.0,grouped,-1,1,-1,0.667,0.333,0.333,unstable,-1,1,-1,0.875,0.0,0.0,robust isolated,1,1,definition-specific
Q367,Hammel Playground,Playground,Q,1.03,543,14,-1,0.5,0.5,0.25,grouped,23,21,126,0.0,1.0,0.0,grouped,-1,1,-1,1.0,0.0,0.0,robust isolated,-1,1,-1,1.0,0.0,0.0,robust isolated,1,2,isolated in ≥2
Q369,Louis Pasteur Park,Jointly Operated Playground,Q,3.673,354,3,472,0.0,0.5,0.167,grouped,-1,1,-1,1.0,0.0,0.0,robust isolated,-1,1,-1,1.0,0.0,0.0,robust isolated,-1,1,-1,1.0,0.0,0.0,robust isolated,1,2,isolated in ≥2
Q370,Freedom Square Playground,Playground,Q,0.327,-1,1,-1,0.75,0.25,0.167,unstable,29,73,-1,0.5,0.5,0.0,grouped,-1,1,-1,0.944,0.056,0.056,robust isolated,-1,1,-1,1.0,0.0,0.0,robust isolated,0,2,isolated in ≥2
Q373,Helen Marshall Playground,Jointly Operated Playground,Q,3.827,230,37,324,0.0,0.833,0.583,grouped,21,141,107,0.0,1.0,1.0,grouped,-1,1,-1,1.0,0.0,0.0,robust isolated,-1,1,-1,1.0,0.0,0.0,robust isolated,1,2,isolated in ≥2
Q375,Willets Point Playground,Jointly Operated Playground,Q,1.145,329,2,445,0.0,0.417,0.167,grouped,29,73,203,0.0,1.0,0.5,grouped,-1,1,-1,0.556,0.0,0.0,unstable,-1,1,-1,1.0,0.0,0.0,robust isolated,1,1,definition-specific
Q376,Cedar Grove Playground,Jointly Operated Playground,Q,0.619,-1,1,-1,0.833,0.167,0.0,robust isolated,-1,1,-1,1.0,0.0,0.0,robust isolated,-1,1,-1,1.0,0.0,0.0,robust isolated,-1,1,-1,1.0,0.0,0.0,robust isolated,0,3,isolated in all
Q377,Playground Sixty Two LXII,Jointly Operated Playground,Q,1.48,247,5,345,0.0,1.0,0.75,grouped,21,141,109,0.0,1.0,0.5,grouped,-1,1,-1,0.889,0.111,0.111,robust isolated,-1,1,-1,1.0,0.0,0.0,robust isolated,1,2,isolated in ≥2
Q378,Ampere Playground,Jointly Operated Playground,Q,1.267,454,6,612,0.0,0.75,0.583,grouped,27,186,171,0.0,1.0,1.0,grouped,253,10,315,0.0,1.0,0.5,grouped,-1,1,-1,1.0,0.0,0.0,robust isolated,2,1,grouped in ≥2
Q379,Briarwood Playground,Jointly Operated Playground,Q,1.29985643,-1,1,-1,0.833,0.167,0.083,robust isolated,32,4,-1,0.5,0.5,0.0,grouped,-1,1,-1,1.0,0.0,0.0,robust isolated,-1,1,-1,1.0,0.0,0.0,robust isolated,0,3,isolated in all
Q381,Francis Lewis Playground,Jointly Operated Playground,Q,1.206,324,3,435,0.0,0.583,0.25,grouped,29,73,203,0.0,1.0,0.5,grouped,-1,1,-1,0.889,0.111,0.111,robust isolated,-1,1,-1,1.0,0.0,0.0,robust isolated,1,2,isolated in ≥2
Q382,Cardozo Playground,Jointly Operated Playground,Q,2.096,543,14,745,0.0,0.5,0.5,grouped,23,21,129,0.0,0.5,0.5,grouped,-1,1,-1,1.0,0.0,0.0,robust isolated,-1,1,-1,1.0,0.0,0.0,robust isolated,1,2,isolated in ≥2
Q383,Middle Village Veterans Triangle,Triangle/Plaza,Q,0.028,-1,1,-1,0.75,0.25,0.0,unstable,-1,1,-1,1.0,0.0,0.0,robust isolated,-1,1,-1,1.0,0.0,0.0,robust isolated,-1,1,-1,1.0,0.0,0.0,robust isolated,0,2,isolated in ≥2
Q385,Ditmars Playground,Playground,Q,0.918,-1,1,-1,0.75,0.25,0.167,unstable,21,141,107,0.0,1.0,0.5,grouped,-1,1,-1,1.0,0.0,0.0,robust isolated,-1,1,-1,1.0,0.0,0.0,robust isolated,0,2,isolated in ≥2
Q386,Centreville Playground,Neighborhood Park,Q,2.095,-1,1,-1,0.583,0.417,0.25,unstable,27,186,171,0.0,1.0,0.5,grouped,-1,1,-1,1.0,0.0,0.0,robust isolated,-1,1,-1,1.0,0.0,0.0,robust isolated,0,2,isolated in ≥2
Q387A,Bayside Fields,Recreational Field/Courts,Q,2.69,308,2,414,0.25,0.25,0.167,grouped,29,73,203,0.0,1.0,0.5,grouped,-1,1,-1,1.0,0.0,0.0,robust isolated,-1,1,-1,1.0,0.0,0.0,robust isolated,1,2,isolated in ≥2
Q387B,Clearview Park,Nature Area,Q,6.05,308,2,414,0.25,0.25,0.167,grouped,29,73,203,0.0,1.0,0.5,grouped,-1,1,-1,1.0,0.0,0.0,robust isolated,-1,1,-1,1.0,0.0,0.0,robust isolated,1,2,isolated in ≥2
Q387C,Park,Strip,Q,0.02,-1,1,-1,0.5,0.5,0.333,unstable,29,73,204,0.0,1.0,0.5,grouped,513,3,-1,0.444,0.556,0.556,grouped,-1,1,-1,0.938,0.0,0.0,robust isolated,1,1,definition-specific
Q387D,Clearview's Tail,Strip,Q,0.012,-1,1,-1,0.917,0.083,0.0,robust isolated,29,73,-1,0.5,0.5,0.0,grouped,-1,1,-1,1.0,0.0,0.0,robust isolated,-1,1,-1,1.0,0.0,0.0,robust isolated,0,3,isolated in all
Q387E,Baybridge Green,Strip,Q,0.316,-1,1,-1,1.0,0.0,0.0,robust isolated,-1,1,-1,1.0,0.0,0.0,robust isolated,-1,1,-1,1.0,0.0,0.0,robust isolated,-1,1,-1,1.0,0.0,0.0,robust isolated,0,3,isolated in all
Q388,Linnaeus Park,Recreational Field/Courts,Q,2.066,-1,1,-1,0.833,0.167,0.0,robust isolated,-1,1,-1,1.0,0.0,0.0,robust isolated,-1,1,-1,1.0,0.0,0.0,robust isolated,-1,1,-1,1.0,0.0,0.0,robust isolated,0,3,isolated in all
Q389,Bayside Playground,Jointly Operated Playground,Q,1.21,542,8,740,0.25,0.75,0.417,grouped,31,10,224,0.0,1.0,1.0,grouped,-1,1,-1,1.0,0.0,0.0,robust isolated,-1,1,-1,0.812,0.0,0.0,robust isolated,1,2,isolated in ≥2
Q390,Clintonville Playground,Jointly Operated Playground,Q,1.553,-1,1,-1,0.667,0.333,0.167,unstable,29,73,203,0.0,1.0,1.0,grouped,-1,1,-1,1.0,0.0,0.0,robust isolated,-1,1,-1,1.0,0.0,0.0,robust isolated,0,2,isolated in ≥2
Q391,Joseph Austin Playground,Jointly Operated Playground,Q,3.814,291,2,-1,0.5,0.25,0.167,grouped,35,2,-1,0.5,0.0,0.0,grouped,-1,1,-1,0.889,0.0,0.0,robust isolated,207,2,-1,0.5,0.0,0.0,grouped,2,1,grouped in ≥2
Q393A,LaGuardia Landing Lights,Recreational Field/Courts,Q,1.473,230,37,324,0.0,1.0,1.0,grouped,21,141,107,0.0,1.0,1.0,grouped,-1,1,-1,0.667,0.333,0.333,unstable,-1,1,-1,0.562,0.062,0.0,unstable,1,0,definition-specific
Q393C,LaGuardia Landing Lights,Recreational Field/Courts,Q,1.754,230,37,324,0.0,1.0,1.0,grouped,21,141,107,0.0,1.0,1.0,grouped,-1,1,-1,0.667,0.333,0.333,unstable,-1,1,-1,0.875,0.062,0.0,robust isolated,1,1,definition-specific
Q393D,LaGuardia Landing Lights,Recreational Field/Courts,Q,1.607,230,37,324,0.083,0.917,0.75,grouped,21,141,107,0.0,1.0,1.0,grouped,-1,1,-1,1.0,0.0,0.0,robust isolated,-1,1,-1,1.0,0.0,0.0,robust isolated,1,2,isolated in ≥2
Q393F,LaGuardia Landing Lights,Recreational Field/Courts,Q,0.249,230,37,-1,0.333,0.667,0.583,grouped,21,141,107,0.0,1.0,1.0,grouped,-1,1,-1,0.556,0.444,0.444,unstable,-1,1,-1,0.75,0.25,0.0,unstable,1,0,definition-specific
Q393G,Laguardia Landing Lights,Recreational Field/Courts,Q,0.348,230,37,324,0.0,1.0,0.667,grouped,21,141,107,0.0,1.0,1.0,grouped,-1,1,-1,0.556,0.444,0.444,unstable,-1,1,-1,0.75,0.25,0.0,unstable,1,0,definition-specific
Q393H,LaGuardia Landing Lights,Recreational Field/Courts,Q,1.993,230,37,324,0.0,1.0,0.667,grouped,21,141,107,0.0,1.0,1.0,grouped,-1,1,-1,0.556,0.444,0.444,unstable,-1,1,-1,0.875,0.125,0.0,robust isolated,1,1,definition-specific
Q393I,Planeview Park,Triangle/Plaza,Q,1.035,230,37,324,0.0,1.0,0.75,grouped,21,141,107,0.0,1.0,1.0,grouped,-1,1,-1,0.667,0.333,0.333,unstable,-1,1,-1,1.0,0.0,0.0,robust isolated,1,1,definition-specific
Q394,Conch Playground,Jointly Operated Playground,Q,1.889,540,2,737,0.0,0.417,0.417,grouped,23,21,128,0.0,1.0,1.0,grouped,-1,1,-1,0.667,0.333,0.333,unstable,-1,1,-1,1.0,0.0,0.0,robust isolated,1,1,definition-specific
Q395,Steinway Playground,Jointly Operated Playground,Q,0.809,262,4,362,0.0,1.0,0.25,grouped,21,141,107,0.0,1.0,1.0,grouped,-1,1,-1,1.0,0.0,0.0,robust isolated,-1,1,-1,1.0,0.0,0.0,robust isolated,1,2,isolated in ≥2
Q396,Montbellier Park,Community Park,Q,4.427,289,2,-1,0.5,0.208,0.167,grouped,24,35,-1,0.5,0.5,0.5,grouped,-1,1,-1,1.0,0.0,0.0,robust isolated,-1,1,-1,1.0,0.0,0.0,robust isolated,1,2,isolated in ≥2
Q397,Auburndale Playground,Jointly Operated Playground,Q,0.686,-1,1,-1,0.833,0.167,0.167,robust isolated,29,73,203,0.0,1.0,1.0,grouped,-1,1,-1,1.0,0.0,0.0,robust isolated,-1,1,-1,1.0,0.0,0.0,robust isolated,0,3,isolated in all
Q398,Rosemary's Playground,Jointly Operated Playground,Q,1.967,397,2,526,0.0,0.417,0.333,grouped,28,235,182,0.0,1.0,1.0,grouped,-1,1,-1,1.0,0.0,0.0,robust isolated,-1,1,-1,1.0,0.0,0.0,robust isolated,1,2,isolated in ≥2
Q399,Bay Terrace Playground,Jointly Operated Playground,Q,0.91,-1,1,-1,1.0,0.0,0.0,robust isolated,-1,1,-1,1.0,0.0,0.0,robust isolated,-1,1,-1,1.0,0.0,0.0,robust isolated,-1,1,-1,1.0,0.0,0.0,robust isolated,0,3,isolated in all
Q400,Oakland Gardens,Jointly Operated Playground,Q,1.166,-1,1,-1,0.75,0.25,0.0,unstable,-1,1,-1,1.0,0.0,0.0,robust isolated,-1,1,-1,1.0,0.0,0.0,robust isolated,-1,1,-1,1.0,0.0,0.0,robust isolated,0,2,isolated in ≥2
Q401,Lost Battalion Hall Recreation Center,Community Park,Q,2.412,249,2,347,0.0,0.25,0.25,grouped,21,141,109,0.0,1.0,0.5,grouped,278,6,353,0.222,0.778,0.778,grouped,-1,1,-1,1.0,0.0,0.0,robust isolated,2,1,grouped in ≥2
Q402,Latimer Playground,Jointly Operated Playground,Q,1.076,271,9,-1,0.5,0.5,0.5,grouped,24,35,-1,0.5,0.5,0.0,grouped,-1,1,-1,1.0,0.0,0.0,robust isolated,-1,1,-1,1.0,0.0,0.0,robust isolated,1,2,isolated in ≥2
Q403,Beach Channel Playground,Jointly Operated Playground,Q,1.051,543,14,743,0.0,0.75,0.25,grouped,-1,1,-1,1.0,0.0,0.0,robust isolated,-1,1,-1,1.0,0.0,0.0,robust isolated,-1,1,-1,1.0,0.0,0.0,robust isolated,1,2,isolated in ≥2
Q404,East Springfield Playground,Jointly Operated Playground,Q,1.146,-1,1,-1,0.667,0.333,0.083,unstable,24,35,134,0.0,1.0,1.0,grouped,-1,1,-1,1.0,0.0,0.0,robust isolated,-1,1,-1,1.0,0.0,0.0,robust isolated,0,2,isolated in ≥2
Q405,Hollis Playground,Jointly Operated Playground,Q,0.98,-1,1,-1,0.667,0.333,0.167,unstable,24,35,133,0.0,1.0,1.0,grouped,-1,1,-1,0.778,0.222,0.222,unstable,-1,1,-1,1.0,0.0,0.0,robust isolated,0,1,definition-specific
Q406,Springfield Park North,Jointly Operated Playground,Q,1.045,-1,1,-1,0.75,0.25,0.167,unstable,24,35,-1,0.5,0.5,0.5,grouped,-1,1,-1,1.0,0.0,0.0,robust isolated,-1,1,-1,1.0,0.0,0.0,robust isolated,0,2,isolated in ≥2
Q407,Lanett Playground,Jointly Operated Playground,Q,0.974,-1,1,-1,0.75,0.25,0.0,unstable,-1,1,-1,1.0,0.0,0.0,robust isolated,-1,1,-1,1.0,0.0,0.0,robust isolated,-1,1,-1,1.0,0.0,0.0,robust isolated,0,2,isolated in ≥2
Q408,Harold Schneiderman Playground,Jointly Operated Playground,Q,0.878,-1,1,-1,0.833,0.167,0.0,robust isolated,-1,1,-1,1.0,0.0,0.0,robust isolated,-1,1,-1,1.0,0.0,0.0,robust isolated,-1,1,-1,1.0,0.0,0.0,robust isolated,0,3,isolated in all
Q409,Park,Strip,Q,0.001,-1,1,-1,0.917,0.083,0.0,robust isolated,34,2,-1,0.5,0.0,0.0,grouped,-1,1,-1,1.0,0.0,0.0,robust isolated,-1,1,-1,1.0,0.0,0.0,robust isolated,0,3,isolated in all
Q410,Hinton Park,Neighborhood Park,Q,3.735,230,37,324,0.0,1.0,0.5,grouped,21,141,107,0.0,1.0,1.0,grouped,-1,1,-1,0.667,0.333,0.333,unstable,-1,1,-1,1.0,0.0,0.0,robust isolated,1,1,definition-specific
Q412,Gwen Ifill Park,Nature Area,Q,16.439,-1,1,-1,0.833,0.167,0.0,robust isolated,-1,1,-1,1.0,0.0,0.0,robust isolated,-1,1,-1,1.0,0.0,0.0,robust isolated,-1,1,-1,1.0,0.0,0.0,robust isolated,0,3,isolated in all
Q413,Rochdale Park,Jointly Operated Playground,Q,8.833,-1,1,-1,0.833,0.167,0.083,robust isolated,24,35,-1,0.5,0.5,0.5,grouped,-1,1,-1,1.0,0.0,0.0,robust isolated,-1,1,-1,1.0,0.0,0.0,robust isolated,0,3,isolated in all
Q414,Rocket Playground,Jointly Operated Playground,Q,1.052,458,7,618,0.0,1.0,0.875,grouped,27,186,172,0.0,1.0,1.0,grouped,-1,1,-1,1.0,0.0,0.0,robust isolated,-1,1,-1,1.0,0.0,0.0,robust isolated,1,2,isolated in ≥2
Q415,Louis Armstrong Playground,Jointly Operated Playground,Q,1.085,231,2,-1,0.5,0.5,0.167,grouped,21,141,107,0.0,1.0,1.0,grouped,-1,1,-1,1.0,0.0,0.0,robust isolated,-1,1,-1,1.0,0.0,0.0,robust isolated,1,2,isolated in ≥2
Q417,Park,Strip,Q,0.082,-1,1,-1,0.667,0.333,0.167,unstable,27,186,172,0.0,1.0,1.0,grouped,-1,1,-1,1.0,0.0,0.0,robust isolated,-1,1,-1,1.0,0.0,0.0,robust isolated,0,2,isolated in ≥2
Q419,Hart Playground,Jointly Operated Playground,Q,0.821,326,8,439,0.0,1.0,0.167,grouped,29,73,-1,0.5,0.5,0.5,grouped,-1,1,-1,1.0,0.0,0.0,robust isolated,-1,1,-1,1.0,0.0,0.0,robust isolated,1,2,isolated in ≥2
Q421,Walter Ward Playground,Jointly Operated Playground,Q,0.935,-1,1,-1,0.833,0.167,0.083,robust isolated,27,186,-1,0.5,0.5,0.5,grouped,-1,1,-1,1.0,0.0,0.0,robust isolated,-1,1,-1,1.0,0.0,0.0,robust isolated,0,3,isolated in all
Q422,Seaside Playground,Jointly Operated Playground,Q,1.144,542,8,-1,0.417,0.5,0.208,grouped,31,10,224,0.0,1.0,1.0,grouped,506,3,-1,0.333,0.667,0.667,grouped,-1,1,-1,0.812,0.0,0.0,robust isolated,2,1,grouped in ≥2
Q423,Reiff Playground,Neighborhood Park,Q,1.529,-1,1,-1,0.833,0.167,0.167,robust isolated,-1,1,-1,1.0,0.0,0.0,robust isolated,-1,1,-1,1.0,0.0,0.0,robust isolated,-1,1,-1,1.0,0.0,0.0,robust isolated,0,3,isolated in all
Q424,Judge Angelo Graci Triangle,Triangle/Plaza,Q,0.25,458,7,618,0.0,0.917,0.667,grouped,27,186,172,0.0,1.0,1.0,grouped,374,12,461,0.222,0.778,0.778,grouped,-1,1,-1,0.875,0.125,0.125,robust isolated,2,1,grouped in ≥2
Q425,Yellowstone Park,Neighborhood Park,Q,1.745,-1,1,-1,0.75,0.25,0.167,unstable,-1,1,-1,1.0,0.0,0.0,robust isolated,-1,1,-1,0.889,0.111,0.111,robust isolated,-1,1,-1,1.0,0.0,0.0,robust isolated,0,2,isolated in ≥2
Q426,North Rochdale Playground,Jointly Operated Playground,Q,1.071,-1,1,-1,0.75,0.25,0.083,unstable,-1,1,-1,1.0,0.0,0.0,robust isolated,-1,1,-1,0.778,0.111,0.0,unstable,-1,1,-1,1.0,0.0,0.0,robust isolated,0,1,definition-specific
Q427,South Rochdale Playground,Jointly Operated Playground,Q,0.942,-1,1,-1,1.0,0.0,0.0,robust isolated,-1,1,-1,1.0,0.0,0.0,robust isolated,-1,1,-1,1.0,0.0,0.0,robust isolated,-1,1,-1,1.0,0.0,0.0,robust isolated,0,3,isolated in all
Q428,Horace Harding Playground,Jointly Operated Playground,Q,1.304,-1,1,-1,0.75,0.25,0.25,unstable,21,141,-1,0.5,0.5,0.0,grouped,-1,1,-1,1.0,0.0,0.0,robust isolated,-1,1,-1,1.0,0.0,0.0,robust isolated,0,2,isolated in ≥2
Q429,Spirit Playground,Jointly Operated Playground,Q,0.786,257,31,355,0.25,0.75,0.417,grouped,21,141,107,0.0,1.0,0.5,grouped,-1,1,-1,1.0,0.0,0.0,robust isolated,-1,1,-1,1.0,0.0,0.0,robust isolated,1,2,isolated in ≥2
Q430,Sunrise Playground,Jointly Operated Playground,Q,1.025,-1,1,-1,0.833,0.167,0.0,robust isolated,-1,1,-1,1.0,0.0,0.0,robust isolated,-1,1,-1,1.0,0.0,0.0,robust isolated,-1,1,-1,1.0,0.0,0.0,robust isolated,0,3,isolated in all
Q433A,Park,Strip,Q,0.008,458,7,618,0.0,1.0,0.0,grouped,-1,1,-1,1.0,0.0,0.0,robust isolated,-1,1,-1,1.0,0.0,0.0,robust isolated,-1,1,-1,1.0,0.0,0.0,robust isolated,1,2,isolated in ≥2
Q433B,Park,Strip,Q,0.003,463,3,626,0.0,0.5,0.333,grouped,27,186,172,0.0,1.0,1.0,grouped,-1,1,-1,1.0,0.0,0.0,robust isolated,-1,1,-1,1.0,0.0,0.0,robust isolated,1,2,isolated in ≥2
Q434,Long Island Mews,Neighborhood Park,Q,0.323,-1,1,-1,0.667,0.333,0.167,unstable,21,141,107,0.0,1.0,1.0,grouped,-1,1,-1,1.0,0.0,0.0,robust isolated,-1,1,-1,1.0,0.0,0.0,robust isolated,0,2,isolated in ≥2
Q435,Vernon Mall,Mall,Q,0.135,257,31,355,0.0,1.0,0.75,grouped,21,141,107,0.0,1.0,0.5,grouped,-1,1,-1,1.0,0.0,0.0,robust isolated,-1,1,-1,1.0,0.0,0.0,robust isolated,1,2,isolated in ≥2
Q436,Athens Square,Jointly Operated Playground,Q,0.925,257,31,355,0.0,1.0,0.583,grouped,21,141,107,0.0,1.0,1.0,grouped,269,11,333,0.222,0.778,0.778,grouped,-1,1,-1,0.938,0.0,0.0,robust isolated,2,1,grouped in ≥2
Q437,Murray Hill Playground,Jointly Operated Playground,Q,1.206,327,3,442,0.0,0.667,0.417,grouped,29,73,203,0.0,1.0,1.0,grouped,-1,1,-1,0.889,0.0,0.0,robust isolated,-1,1,-1,1.0,0.0,0.0,robust isolated,1,2,isolated in ≥2
Q439,Private William Gray Playground,Playground,Q,0.069,230,37,324,0.0,1.0,0.667,grouped,21,141,107,0.0,1.0,1.0,grouped,-1,1,-1,1.0,0.0,0.0,robust isolated,-1,1,-1,1.0,0.0,0.0,robust isolated,1,2,isolated in ≥2
Q440,Hilton Holiday Gardens,Recreational Field/Courts,Q,1.2,-1,1,-1,1.0,0.0,0.0,robust isolated,-1,1,-1,1.0,0.0,0.0,robust isolated,-1,1,-1,0.889,0.111,0.111,robust isolated,-1,1,-1,1.0,0.0,0.0,robust isolated,0,3,isolated in all
Q443,Almeda Playground,Jointly Operated Playground,Q,1.43,543,14,744,0.0,0.75,0.5,grouped,23,21,128,0.0,1.0,1.0,grouped,299,2,378,0.0,0.444,0.0,grouped,-1,1,-1,1.0,0.0,0.0,robust isolated,2,1,grouped in ≥2
Q444,Sean's Place,Neighborhood Park,Q,0.582,-1,1,-1,0.75,0.25,0.167,unstable,21,141,107,0.0,1.0,1.0,grouped,-1,1,-1,1.0,0.0,0.0,robust isolated,-1,1,-1,1.0,0.0,0.0,robust isolated,0,2,isolated in ≥2
Q445,Frank Golden Park,Neighborhood Park,Q,11.422,321,5,431,0.25,0.75,0.333,grouped,29,73,203,0.0,1.0,1.0,grouped,-1,1,-1,0.778,0.222,0.222,unstable,-1,1,-1,1.0,0.0,0.0,robust isolated,1,1,definition-specific
Q447,Brinkerhoff Mall,Triangle/Plaza,Q,0.396,271,9,372,0.0,0.875,0.75,grouped,24,35,134,0.0,1.0,0.5,grouped,-1,1,-1,1.0,0.0,0.0,robust isolated,-1,1,-1,1.0,0.0,0.0,robust isolated,1,2,isolated in ≥2
Q448,Roy Wilkins Recreation Center,Community Park,Q,56.831,271,9,372,0.25,0.75,0.5,grouped,24,35,134,0.0,1.0,0.5,grouped,-1,1,-1,0.667,0.222,0.0,unstable,-1,1,-1,1.0,0.0,0.0,robust isolated,1,1,definition-specific
Q450,Corona Golf Playground,Neighborhood Park,Q,1.722,-1,1,-1,0.75,0.25,0.25,unstable,21,141,-1,0.5,0.5,0.5,grouped,-1,1,-1,1.0,0.0,0.0,robust isolated,-1,1,-1,1.0,0.0,0.0,robust isolated,0,2,isolated in ≥2
Q451,Underbridge Dog Run,Neighborhood Park,Q,0.457,247,5,345,0.0,0.75,0.167,grouped,21,141,109,0.0,1.0,0.5,grouped,-1,1,-1,1.0,0.0,0.0,robust isolated,-1,1,-1,0.75,0.0,0.0,unstable,1,1,definition-specific
Q452,Udalls Park Preserve,Nature Area,Q,44.44,353,2,-1,0.5,0.417,0.25,grouped,29,73,-1,0.5,0.5,0.0,grouped,-1,1,-1,1.0,0.0,0.0,robust isolated,-1,1,-1,1.0,0.0,0.0,robust isolated,1,2,isolated in ≥2
Q456,Gene Gray Playground,Playground,Q,0.229,550,6,756,0.0,1.0,0.583,grouped,30,6,222,0.0,1.0,1.0,grouped,-1,1,-1,1.0,0.0,0.0,robust isolated,-1,1,-1,1.0,0.0,0.0,robust isolated,1,2,isolated in ≥2
Q457,College Point Park,Recreational Field/Courts,Q,0.659,-1,1,-1,0.5,0.5,0.25,unstable,-1,1,-1,1.0,0.0,0.0,robust isolated,-1,1,-1,1.0,0.0,0.0,robust isolated,-1,1,-1,1.0,0.0,0.0,robust isolated,0,2,isolated in ≥2
Q458,Fort Totten Park,Neighborhood Park,Q,60.394,-1,1,-1,1.0,0.0,0.0,robust isolated,-1,1,-1,1.0,0.0,0.0,robust isolated,-1,1,-1,1.0,0.0,0.0,robust isolated,-1,1,-1,1.0,0.0,0.0,robust isolated,0,3,isolated in all
Q459,Dubos Point Wildlife Sanctuary,Nature Area,Q,53.298,543,14,744,0.0,0.75,0.333,grouped,23,21,128,0.0,1.0,0.5,grouped,-1,1,-1,1.0,0.0,0.0,robust isolated,-1,1,-1,1.0,0.0,0.0,robust isolated,1,2,isolated in ≥2
Q460,Broad Channel Park,Neighborhood Park,Q,1.55,550,6,756,0.0,1.0,0.583,grouped,30,6,222,0.0,1.0,1.0,grouped,-1,1,-1,1.0,0.0,0.0,robust isolated,-1,1,-1,1.0,0.0,0.0,robust isolated,1,2,isolated in ≥2
Q461,Powell's Cove Park,Nature Area,Q,59.629,321,5,431,0.0,0.75,0.25,grouped,33,2,229,0.0,0.0,0.0,grouped,-1,1,-1,0.889,0.0,0.0,robust isolated,-1,1,-1,1.0,0.0,0.0,robust isolated,1,2,isolated in ≥2
Q462,Manuel De Dios Unanue Triangle,Triangle/Plaza,Q,0.04,230,37,324,0.0,1.0,0.75,grouped,21,141,107,0.0,1.0,1.0,grouped,276,7,-1,0.333,0.667,0.667,grouped,-1,1,-1,1.0,0.0,0.0,robust isolated,2,1,grouped in ≥2
Q464,Brant Point Wildlife Sanctuary,Nature Area,Q,19.693,543,14,744,0.25,0.75,0.208,grouped,23,21,128,0.0,1.0,0.5,grouped,-1,1,-1,1.0,0.0,0.0,robust isolated,-1,1,-1,1.0,0.0,0.0,robust isolated,1,2,isolated in ≥2
Q465,Socrates Sculpture Park,Neighborhood Park,Q,6.28,257,31,355,0.0,0.75,0.75,grouped,21,141,107,0.0,1.0,1.0,grouped,287,19,362,0.111,0.889,0.889,grouped,-1,1,-1,1.0,0.0,0.0,robust isolated,2,1,grouped in ≥2
Q467,Broad Channel American Park,Recreational Field/Courts,Q,18.768,550,6,-1,0.417,0.583,0.25,grouped,30,6,222,0.0,1.0,0.5,grouped,-1,1,-1,1.0,0.0,0.0,robust isolated,-1,1,-1,1.0,0.0,0.0,robust isolated,1,2,isolated in ≥2
Q469,Seagirt Ave Wetlands,Nature Area,Q,5.323,541,8,739,0.0,0.875,0.5,grouped,23,21,126,0.0,1.0,0.5,grouped,-1,1,-1,0.556,0.111,0.0,unstable,-1,1,-1,0.875,0.0,0.0,robust isolated,1,1,definition-specific
Q471,Hunter's Point South Park,Neighborhood Park,Q,22.809,257,31,355,0.0,1.0,0.75,grouped,21,141,107,0.0,1.0,0.5,grouped,-1,1,-1,1.0,0.0,0.0,robust isolated,-1,1,-1,1.0,0.0,0.0,robust isolated,1,2,isolated in ≥2
Q472,Vernam Barbadoes Peninsula,Nature Area,Q,23.958,543,14,-1,0.5,0.5,0.25,grouped,23,21,-1,0.5,0.5,0.5,grouped,-1,1,-1,1.0,0.0,0.0,robust isolated,-1,1,-1,1.0,0.0,0.0,robust isolated,1,2,isolated in ≥2
Q473,Sparrow's Nest Community Garden,Garden,Q,0.205,-1,1,-1,0.75,0.25,0.25,unstable,21,141,-1,0.5,0.5,0.0,grouped,-1,1,-1,1.0,0.0,0.0,robust isolated,-1,1,-1,1.0,0.0,0.0,robust isolated,0,2,isolated in ≥2
Q474,Simeone Park,Neighborhood Park,Q,1.78,-1,1,-1,0.75,0.25,0.25,unstable,-1,1,-1,1.0,0.0,0.0,robust isolated,-1,1,-1,1.0,0.0,0.0,robust isolated,-1,1,-1,1.0,0.0,0.0,robust isolated,0,2,isolated in ≥2
Q474A,Corona Taxpayers Association,Garden,Q,0.18,230,37,325,0.0,1.0,0.5,grouped,21,141,107,0.0,1.0,0.5,grouped,-1,1,-1,0.778,0.222,0.0,unstable,-1,1,-1,1.0,0.0,0.0,robust isolated,1,1,definition-specific
Q475,Project Eden,Garden,Q,0.108,-1,1,-1,0.417,0.5,0.167,unstable,27,186,172,0.0,1.0,0.0,grouped,-1,1,-1,1.0,0.0,0.0,robust isolated,-1,1,-1,1.0,0.0,0.0,robust isolated,0,2,isolated in ≥2
Q476,College Point Fields,Recreational Field/Courts,Q,26.83,321,5,431,0.167,0.75,0.333,grouped,29,73,203,0.0,1.0,1.0,grouped,-1,1,-1,0.778,0.222,0.222,unstable,-1,1,-1,1.0,0.0,0.0,robust isolated,1,1,definition-specific
Q477,Two Coves Community Garden,Garden,Q,0.778,257,31,355,0.0,1.0,0.75,grouped,21,141,107,0.0,1.0,1.0,grouped,269,11,333,0.222,0.778,0.778,grouped,-1,1,-1,0.938,0.0,0.0,robust isolated,2,1,grouped in ≥2
Q478,Broad Channel Wetlands,Nature Area,Q,37.95,-1,1,-1,0.0,0.0,0.0,unresolved,-1,1,-1,0.0,0.0,0.0,unresolved,-1,1,-1,0.0,0.0,0.0,unresolved,-1,1,-1,0.0,0.0,0.0,unresolved,0,0,definition-specific
Q483,Corona Health Sanctuary,Playground,Q,0.101,230,37,325,0.0,1.0,0.75,grouped,21,141,-1,0.5,0.5,0.5,grouped,-1,1,-1,1.0,0.0,0.0,robust isolated,-1,1,-1,1.0,0.0,0.0,robust isolated,1,2,isolated in ≥2
Q484,Edgemere Urban Renewal Park,Garden,Q,0.961,540,2,737,0.0,0.417,0.417,grouped,23,21,128,0.0,1.0,1.0,grouped,-1,1,-1,0.667,0.333,0.333,unstable,-1,1,-1,1.0,0.0,0.0,robust isolated,1,1,definition-specific
Q486,B.C.C.A. Mini-park and Garden,Garden,Q,0.092,-1,1,-1,0.833,0.167,0.0,robust isolated,-1,1,-1,1.0,0.0,0.0,robust isolated,-1,1,-1,1.0,0.0,0.0,robust isolated,-1,1,-1,1.0,0.0,0.0,robust isolated,0,3,isolated in all
Q487,Block Association #81,Garden,Q,0.115,-1,1,-1,0.792,0.208,0.167,unstable,27,186,-1,0.5,0.5,0.0,grouped,-1,1,-1,1.0,0.0,0.0,robust isolated,-1,1,-1,1.0,0.0,0.0,robust isolated,0,2,isolated in ≥2
Q488,George Eagle Carr Community Garden,Garden,Q,0.121,-1,1,-1,0.75,0.167,0.083,unstable,32,4,-1,0.5,0.5,0.0,grouped,-1,1,-1,1.0,0.0,0.0,robust isolated,-1,1,-1,1.0,0.0,0.0,robust isolated,0,2,isolated in ≥2
Q489,George Washington Carver Botanical Garden,Garden,Q,0.057,271,9,372,0.25,0.75,0.25,grouped,24,35,135,0.0,1.0,0.0,grouped,-1,1,-1,1.0,0.0,0.0,robust isolated,-1,1,-1,1.0,0.0,0.0,robust isolated,1,2,isolated in ≥2
Q490,Locust Manor Civic Association,Garden,Q,0.083,-1,1,-1,0.75,0.25,0.0,unstable,-1,1,-1,1.0,0.0,0.0,robust isolated,-1,1,-1,1.0,0.0,0.0,robust isolated,-1,1,-1,1.0,0.0,0.0,robust isolated,0,2,isolated in ≥2
Q491,Carlos R. Lillo Park,Triangle/Plaza,Q,0.099,-1,1,-1,0.75,0.25,0.167,unstable,21,141,107,0.0,1.0,0.5,grouped,-1,1,-1,1.0,0.0,0.0,robust isolated,-1,1,-1,1.0,0.0,0.0,robust isolated,0,2,isolated in ≥2
Q492,Elmhurst Park,Community Park,Q,6.219,228,18,321,0.0,1.0,0.75,grouped,21,141,108,0.0,1.0,0.5,grouped,287,19,362,0.111,0.889,0.889,grouped,-1,1,-1,1.0,0.0,0.0,robust isolated,2,1,grouped in ≥2
Q493,Discovery Garden,Garden,Q,0.294,271,9,372,0.0,1.0,0.5,grouped,24,35,134,0.0,1.0,0.5,grouped,-1,1,-1,0.889,0.0,0.0,robust isolated,-1,1,-1,1.0,0.0,0.0,robust isolated,1,2,isolated in ≥2
Q494,Flight 587 Memorial Park,Triangle/Plaza,Q,0.159,-1,1,-1,0.875,0.125,0.125,robust isolated,-1,1,-1,1.0,0.0,0.0,robust isolated,-1,1,-1,1.0,0.0,0.0,robust isolated,-1,1,-1,1.0,0.0,0.0,robust isolated,0,3,isolated in all
Q495,97th Street Block Association,Garden,Q,0.057,230,37,324,0.0,1.0,0.5,grouped,21,141,107,0.0,1.0,0.5,grouped,-1,1,-1,1.0,0.0,0.0,robust isolated,-1,1,-1,1.0,0.0,0.0,robust isolated,1,2,isolated in ≥2
Q496,Park at Beach 108 Street,Triangle/Plaza,Q,13.826,542,8,740,0.25,0.75,0.75,grouped,31,10,224,0.0,1.0,1.0,grouped,-1,1,-1,1.0,0.0,0.0,robust isolated,-1,1,-1,0.625,0.25,0.0,unstable,1,1,definition-specific
Q497,Lewis H Latimer House,Historic House Park,Q,0.319,325,3,437,0.25,0.5,0.25,grouped,29,73,203,0.0,1.0,0.5,grouped,-1,1,-1,1.0,0.0,0.0,robust isolated,-1,1,-1,1.0,0.0,0.0,robust isolated,1,2,isolated in ≥2
Q498,Sunset Cove Park,Nature Area,Q,9.375,550,6,-1,0.375,0.625,0.25,grouped,30,6,223,0.0,0.5,0.0,grouped,-1,1,-1,1.0,0.0,0.0,robust isolated,-1,1,-1,1.0,0.0,0.0,robust isolated,1,2,isolated in ≥2
Q499,Bay Breeze Park,Waterfront Facility,Q,4.796,543,14,743,0.25,0.75,0.417,grouped,31,10,224,0.0,1.0,1.0,grouped,-1,1,-1,1.0,0.0,0.0,robust isolated,-1,1,-1,0.562,0.125,0.0,unstable,1,1,definition-specific
Q500,Park,Triangle/Plaza,Q,0.019,228,18,319,0.25,0.75,0.75,grouped,21,141,107,0.0,1.0,1.0,grouped,287,19,363,0.222,0.778,0.778,grouped,-1,1,-1,0.688,0.0,0.0,unstable,2,0,grouped in ≥2
Q501,Sergeant Collins Triangle,Triangle/Plaza,Q,0.118,222,10,312,0.0,1.0,0.75,grouped,21,141,107,0.0,1.0,1.0,grouped,287,19,362,0.111,0.889,0.889,grouped,-1,1,-1,1.0,0.0,0.0,robust isolated,2,1,grouped in ≥2
Q502,Rory Staunton Field,Recreational Field/Courts,Q,0.574,230,37,324,0.0,1.0,0.75,grouped,21,141,107,0.0,1.0,1.0,grouped,-1,1,-1,1.0,0.0,0.0,robust isolated,-1,1,-1,0.5,0.062,0.0,unstable,1,1,definition-specific
Q503,Garden,Garden,Q,0.069,543,14,743,0.0,0.75,0.75,grouped,23,21,127,0.0,0.5,0.0,grouped,-1,1,-1,1.0,0.0,0.0,robust isolated,-1,1,-1,1.0,0.0,0.0,robust isolated,1,2,isolated in ≥2
Q504,Park,Triangle/Plaza,Q,0.026,230,37,324,0.0,1.0,0.958,grouped,21,141,107,0.0,1.0,1.0,grouped,-1,1,-1,1.0,0.0,0.0,robust isolated,-1,1,-1,1.0,0.0,0.0,robust isolated,1,2,isolated in ≥2
Q505,Culinary Kids Garden,Garden,Q,1.492,543,14,-1,0.5,0.5,0.25,grouped,23,21,126,0.0,1.0,0.5,grouped,-1,1,-1,0.667,0.333,0.333,unstable,-1,1,-1,1.0,0.0,0.0,robust isolated,1,1,definition-specific
Q506,Gateway Park,Neighborhood Park,Q,0.901,413,10,553,0.25,0.583,0.375,grouped,27,186,171,0.0,1.0,1.0,grouped,-1,1,-1,0.778,0.222,0.222,unstable,-1,1,-1,1.0,0.0,0.0,robust isolated,1,1,definition-specific
Q507,Windmill Community Garden,Garden,Q,0.057,-1,1,-1,0.583,0.417,0.167,unstable,21,141,107,0.0,1.0,1.0,grouped,-1,1,-1,1.0,0.0,0.0,robust isolated,-1,1,-1,1.0,0.0,0.0,robust isolated,0,2,isolated in ≥2
Q508,Park,Nature Area,Q,1.226,550,6,756,0.0,1.0,0.25,grouped,30,6,223,0.0,0.5,0.0,grouped,-1,1,-1,1.0,0.0,0.0,robust isolated,-1,1,-1,1.0,0.0,0.0,robust isolated,1,2,isolated in ≥2
Q509,Nameoke Park,Neighborhood Park,Q,0.318,-1,1,-1,0.75,0.0,0.0,unstable,-1,1,-1,1.0,0.0,0.0,robust isolated,-1,1,-1,1.0,0.0,0.0,robust isolated,-1,1,-1,1.0,0.0,0.0,robust isolated,0,2,isolated in ≥2
Q511,Edgemere Coalition,Garden,Q,0.321,539,2,736,0.0,0.25,0.25,grouped,22,2,125,0.0,0.0,0.0,grouped,-1,1,-1,1.0,0.0,0.0,robust isolated,156,2,165,0.125,0.0,0.0,grouped,2,1,grouped in ≥2
Q512,Garden,Garden,Q,0.1,-1,1,-1,0.833,0.167,0.167,robust isolated,24,35,133,0.0,1.0,0.5,grouped,-1,1,-1,0.778,0.222,0.222,unstable,-1,1,-1,1.0,0.0,0.0,robust isolated,0,2,isolated in ≥2
Q514,Woodside Houses Park,Neighborhood Park,Q,0.145,222,10,311,0.0,0.667,0.583,grouped,21,141,107,0.0,1.0,1.0,grouped,287,19,362,0.111,0.889,0.889,grouped,-1,1,-1,0.812,0.125,0.062,robust isolated,2,1,grouped in ≥2
Q515,Legacy Park,Playground,Q,0.292,318,3,427,0.0,0.5,0.417,grouped,29,73,203,0.0,1.0,0.0,grouped,-1,1,-1,0.667,0.333,0.333,unstable,-1,1,-1,0.875,0.0,0.0,robust isolated,1,1,definition-specific
Q518,Bay Beach 84 Garden,Garden,Q,0.181,-1,1,-1,0.75,0.25,0.25,unstable,-1,1,-1,1.0,0.0,0.0,robust isolated,-1,1,-1,1.0,0.0,0.0,robust isolated,-1,1,-1,1.0,0.0,0.0,robust isolated,0,2,isolated in ≥2
Q519,Laurelton Community Garden of Resilience,Garden,Q,0.054,-1,1,-1,0.75,0.25,0.167,unstable,24,35,132,0.0,1.0,0.0,grouped,-1,1,-1,1.0,0.0,0.0,robust isolated,-1,1,-1,1.0,0.0,0.0,robust isolated,0,2,isolated in ≥2
Q520,Arverne East Nature Preserve,Nature Area,Q,32.86,541,8,738,0.0,0.667,0.583,grouped,23,21,126,0.0,1.0,1.0,grouped,-1,1,-1,1.0,0.0,0.0,robust isolated,-1,1,-1,0.875,0.062,0.0,robust isolated,1,2,isolated in ≥2
Q523,Beach 43rd Street Waterfront Park,Neighborhood Park,Q,0.239,539,2,736,0.0,0.25,0.25,grouped,22,2,125,0.0,0.0,0.0,grouped,-1,1,-1,1.0,0.0,0.0,robust isolated,156,2,165,0.125,0.0,0.0,grouped,2,1,grouped in ≥2
Q527,LIC Pier,Waterfront Facility,Q,0.131,257,31,355,0.0,1.0,0.75,grouped,21,141,107,0.0,1.0,1.0,grouped,-1,1,-1,1.0,0.0,0.0,robust isolated,155,2,-1,0.5,0.0,0.0,grouped,2,1,grouped in ≥2
R002,Pleasant Plains Plaza,Triangle/Plaza,R,0.054,-1,1,-1,0.917,0.083,0.0,robust isolated,9,21,-1,0.5,0.5,0.5,grouped,-1,1,-1,0.944,0.056,0.056,robust isolated,-1,1,-1,1.0,0.0,0.0,robust isolated,0,3,isolated in all
R004,Barrett Triangle,Triangle/Plaza,R,0.159,163,4,241,0.125,0.5,0.333,grouped,19,4,-1,0.5,0.5,0.5,grouped,-1,1,-1,0.889,0.111,0.111,robust isolated,-1,1,-1,1.0,0.0,0.0,robust isolated,1,2,isolated in ≥2
R008,Faber Pool and Park,Community Park,R,4.339,-1,1,-1,0.75,0.25,0.167,unstable,-1,1,-1,1.0,0.0,0.0,robust isolated,-1,1,-1,1.0,0.0,0.0,robust isolated,-1,1,-1,1.0,0.0,0.0,robust isolated,0,2,isolated in ≥2
R009,Amundsen Circle,Triangle/Plaza,R,0.916,-1,1,-1,1.0,0.0,0.0,robust isolated,-1,1,-1,1.0,0.0,0.0,robust isolated,-1,1,-1,1.0,0.0,0.0,robust isolated,-1,1,-1,1.0,0.0,0.0,robust isolated,0,3,isolated in all
R010,Staats Circle,Triangle/Plaza,R,0.28,-1,1,-1,0.75,0.25,0.167,unstable,-1,1,-1,1.0,0.0,0.0,robust isolated,-1,1,-1,1.0,0.0,0.0,robust isolated,-1,1,-1,1.0,0.0,0.0,robust isolated,0,2,isolated in ≥2
R011,Hero Park,Neighborhood Park,R,3.024,148,2,226,0.25,0.208,0.167,grouped,15,16,-1,0.5,0.5,0.5,grouped,232,8,291,0.0,1.0,1.0,grouped,-1,1,-1,1.0,0.0,0.0,robust isolated,2,1,grouped in ≥2
R012,John E. White Park,Neighborhood Park,R,0.918,177,2,-1,0.5,0.25,0.083,grouped,12,10,-1,0.5,0.5,0.0,grouped,-1,1,-1,1.0,0.0,0.0,robust isolated,-1,1,-1,1.0,0.0,0.0,robust isolated,1,2,isolated in ≥2
R015,Walker Park,Recreational Field/Courts,R,5.278,162,3,240,0.25,0.75,0.167,grouped,15,16,91,0.0,1.0,1.0,grouped,-1,1,-1,1.0,0.0,0.0,robust isolated,-1,1,-1,1.0,0.0,0.0,robust isolated,1,2,isolated in ≥2
R019,Veterans Park,Neighborhood Park,R,1.324,-1,1,-1,0.75,0.25,0.167,unstable,-1,1,-1,1.0,0.0,0.0,robust isolated,-1,1,-1,1.0,0.0,0.0,robust isolated,-1,1,-1,1.0,0.0,0.0,robust isolated,0,2,isolated in ≥2
R020,Egbert Triangle,Triangle/Plaza,R,0.207,152,2,230,0.0,0.25,0.25,grouped,15,16,90,0.0,1.0,0.5,grouped,232,8,291,0.0,1.0,1.0,grouped,-1,1,-1,1.0,0.0,0.0,robust isolated,2,1,grouped in ≥2
R021,Forest Mall,Triangle/Plaza,R,0.45,148,2,226,0.25,0.208,0.167,grouped,15,16,91,0.0,1.0,1.0,grouped,232,8,291,0.0,1.0,1.0,grouped,-1,1,-1,0.875,0.125,0.0,robust isolated,2,1,grouped in ≥2
R024,Tompkinsville Park,Neighborhood Park,R,0.424,163,4,-1,0.5,0.5,0.333,grouped,19,4,103,0.0,0.5,0.5,grouped,232,8,-1,0.333,0.667,0.389,grouped,-1,1,-1,1.0,0.0,0.0,robust isolated,2,1,grouped in ≥2
R025,Mahoney Playground,Neighborhood Park,R,2.21,201,2,288,0.25,0.25,0.167,grouped,20,2,106,0.0,0.0,0.0,grouped,-1,1,-1,1.0,0.0,0.0,robust isolated,-1,1,-1,1.0,0.0,0.0,robust isolated,1,2,isolated in ≥2
R026,Gerard P. Dugan Playground,Community Park,R,3.333,-1,1,-1,1.0,0.0,0.0,robust isolated,-1,1,-1,1.0,0.0,0.0,robust isolated,-1,1,-1,1.0,0.0,0.0,robust isolated,-1,1,-1,1.0,0.0,0.0,robust isolated,0,3,isolated in all
R027,Long Pond Park,Nature Area,R,91.086,212,2,300,0.0,0.167,0.0,grouped,17,2,-1,0.5,0.0,0.0,grouped,-1,1,-1,0.722,0.278,0.278,unstable,-1,1,-1,1.0,0.0,0.0,robust isolated,1,1,definition-specific
R027A,Aesop Park,Jointly Operated Playground,R,0.912,212,2,300,0.0,0.167,0.0,grouped,-1,1,-1,1.0,0.0,0.0,robust isolated,-1,1,-1,1.0,0.0,0.0,robust isolated,-1,1,-1,1.0,0.0,0.0,robust isolated,1,2,isolated in ≥2
R028,Tappen Park,Historic House Park,R,1.777,176,2,257,0.0,0.333,0.167,grouped,12,10,77,0.0,0.5,0.0,grouped,217,2,271,0.0,0.111,0.0,grouped,-1,1,-1,1.0,0.0,0.0,robust isolated,2,1,grouped in ≥2
R029,Westerleigh Park,Neighborhood Park,R,2.889,-1,1,-1,0.75,0.167,0.167,unstable,15,16,93,0.0,0.5,0.5,grouped,-1,1,-1,1.0,0.0,0.0,robust isolated,-1,1,-1,1.0,0.0,0.0,robust isolated,0,2,isolated in ≥2
R032,Maple Woods,Nature Area,R,0.765,170,4,-1,0.5,0.5,0.25,grouped,12,10,-1,0.5,0.5,0.0,grouped,219,2,273,0.222,0.444,0.0,grouped,-1,1,-1,1.0,0.0,0.0,robust isolated,2,1,grouped in ≥2
R033,Levy Playground,Playground,R,0.49,154,2,232,0.0,0.25,0.167,grouped,15,16,89,0.0,0.5,0.5,grouped,231,2,290,0.111,0.0,0.0,grouped,-1,1,-1,0.875,0.0,0.0,robust isolated,2,1,grouped in ≥2
R034,Austin J. McDonald Playground,Recreational Field/Courts,R,1.352,155,2,233,0.0,0.25,0.167,grouped,15,16,91,0.0,1.0,1.0,grouped,232,8,291,0.0,1.0,1.0,grouped,-1,1,-1,0.875,0.125,0.0,robust isolated,2,1,grouped in ≥2
R035,De Matti Park,Neighborhood Park,R,2.335,178,2,-1,0.417,0.25,0.167,grouped,12,10,76,0.0,0.5,0.0,grouped,238,2,-1,0.444,0.0,0.0,grouped,-1,1,-1,1.0,0.0,0.0,robust isolated,2,1,grouped in ≥2
R036,Bobbie Lewis Jr. Playground,Neighborhood Park,R,0.271,-1,1,-1,0.75,0.167,0.0,unstable,-1,1,-1,1.0,0.0,0.0,robust isolated,-1,1,-1,1.0,0.0,0.0,robust isolated,-1,1,-1,1.0,0.0,0.0,robust isolated,0,2,isolated in ≥2
R037,Liotti Ikefugi Playground,Neighborhood Park,R,0.408,-1,1,-1,0.75,0.25,0.167,unstable,-1,1,-1,1.0,0.0,0.0,robust isolated,-1,1,-1,1.0,0.0,0.0,robust isolated,-1,1,-1,1.0,0.0,0.0,robust isolated,0,2,isolated in ≥2
R038,Midland Playground,Jointly Operated Playground,R,1.681,-1,1,-1,1.0,0.0,0.0,robust isolated,-1,1,-1,1.0,0.0,0.0,robust isolated,-1,1,-1,1.0,0.0,0.0,robust isolated,-1,1,-1,1.0,0.0,0.0,robust isolated,0,3,isolated in all
R038A,Midland Field,Jointly Operated Playground,R,7.463,-1,1,-1,1.0,0.0,0.0,robust isolated,-1,1,-1,1.0,0.0,0.0,robust isolated,-1,1,-1,1.0,0.0,0.0,robust isolated,-1,1,-1,1.0,0.0,0.0,robust isolated,0,3,isolated in all
R038B,Park,Nature Area,R,5.765,-1,1,-1,0.833,0.167,0.0,robust isolated,-1,1,-1,1.0,0.0,0.0,robust isolated,-1,1,-1,1.0,0.0,0.0,robust isolated,-1,1,-1,1.0,0.0,0.0,robust isolated,0,3,isolated in all
R042,Kaltenmeier Playground,Neighborhood Park,R,1.02,-1,1,-1,0.75,0.25,0.167,unstable,-1,1,-1,1.0,0.0,0.0,robust isolated,-1,1,-1,1.0,0.0,0.0,robust isolated,-1,1,-1,1.0,0.0,0.0,robust isolated,0,2,isolated in ≥2
R045,Schmul Park,Neighborhood Park,R,7.395,-1,1,-1,0.75,0.25,0.0,unstable,-1,1,-1,1.0,0.0,0.0,robust isolated,-1,1,-1,1.0,0.0,0.0,robust isolated,-1,1,-1,1.0,0.0,0.0,robust isolated,0,2,isolated in ≥2
R048,Jones Woods Park,Nature Area,R,16.93,-1,1,-1,0.833,0.167,0.0,robust isolated,-1,1,-1,1.0,0.0,0.0,robust isolated,-1,1,-1,1.0,0.0,0.0,robust isolated,-1,1,-1,1.0,0.0,0.0,robust isolated,0,3,isolated in all
R050,Forest Grove,Nature Area,R,0.39,208,4,295,0.0,1.0,0.5,grouped,16,4,-1,0.5,0.5,0.0,grouped,230,4,-1,0.333,0.667,0.667,grouped,-1,1,-1,1.0,0.0,0.0,robust isolated,2,1,grouped in ≥2
R052,Allison Pond Park,Nature Area,R,9.2,162,3,240,0.0,0.75,0.0,grouped,18,2,-1,0.5,0.0,0.0,grouped,-1,1,-1,1.0,0.0,0.0,robust isolated,-1,1,-1,1.0,0.0,0.0,robust isolated,1,2,isolated in ≥2
R053,Harris Brothers Park,Neighborhood Park,R,2.288,186,7,269,0.0,0.583,0.5,grouped,9,21,61,0.0,1.0,1.0,grouped,-1,1,-1,1.0,0.0,0.0,robust isolated,-1,1,-1,1.0,0.0,0.0,robust isolated,1,2,isolated in ≥2
R059,Von Briesen Park,Neighborhood Park,R,13.938,177,2,-1,0.5,0.25,0.167,grouped,12,10,77,0.0,0.5,0.0,grouped,217,2,271,0.0,0.111,0.0,grouped,-1,1,-1,1.0,0.0,0.0,robust isolated,2,1,grouped in ≥2
R060,Dodgers Triangle,Triangle/Plaza,R,0.033,-1,1,-1,0.75,0.25,0.0,unstable,-1,1,-1,1.0,0.0,0.0,robust isolated,-1,1,-1,1.0,0.0,0.0,robust isolated,-1,1,-1,1.0,0.0,0.0,robust isolated,0,2,isolated in ≥2
R061,Rev. Dr. Maggie Howard Playground,Jointly Operated Playground,R,4.096,178,2,-1,0.417,0.25,0.167,grouped,12,10,76,0.0,0.5,0.0,grouped,238,2,-1,0.444,0.0,0.0,grouped,-1,1,-1,1.0,0.0,0.0,robust isolated,2,1,grouped in ≥2
R062,Arrochar Playground,Jointly Operated Playground,R,0.892,-1,1,-1,0.75,0.25,0.167,unstable,-1,1,-1,1.0,0.0,0.0,robust isolated,-1,1,-1,1.0,0.0,0.0,robust isolated,-1,1,-1,1.0,0.0,0.0,robust isolated,0,2,isolated in ≥2
R063,Old Town Playground,Playground,R,2.586,-1,1,-1,1.0,0.0,0.0,robust isolated,-1,1,-1,1.0,0.0,0.0,robust isolated,-1,1,-1,1.0,0.0,0.0,robust isolated,-1,1,-1,1.0,0.0,0.0,robust isolated,0,3,isolated in all
R064,Christopher J. Igneri Playground,Neighborhood Park,R,1.145,144,3,222,0.25,0.75,0.25,grouped,-1,1,-1,1.0,0.0,0.0,robust isolated,-1,1,-1,1.0,0.0,0.0,robust isolated,-1,1,-1,1.0,0.0,0.0,robust isolated,1,2,isolated in ≥2
R066,North Shore Esplanade,Triangle/Plaza,R,1.521,-1,1,-1,0.625,0.375,0.25,unstable,-1,1,-1,1.0,0.0,0.0,robust isolated,-1,1,-1,0.889,0.111,0.111,robust isolated,-1,1,-1,1.0,0.0,0.0,robust isolated,0,2,isolated in ≥2
R067,Gen. Douglas MacArthur Park,Community Park,R,5.165,-1,1,-1,0.833,0.167,0.0,robust isolated,14,3,-1,0.5,0.5,0.0,grouped,-1,1,-1,1.0,0.0,0.0,robust isolated,-1,1,-1,1.0,0.0,0.0,robust isolated,0,3,isolated in all
R068,The Big Park,Neighborhood Park,R,3.014,-1,1,-1,0.833,0.167,0.167,robust isolated,-1,1,-1,1.0,0.0,0.0,robust isolated,-1,1,-1,1.0,0.0,0.0,robust isolated,-1,1,-1,1.0,0.0,0.0,robust isolated,0,3,isolated in all
R069,Terrace Playground,Jointly Operated Playground,R,1.922,-1,1,-1,1.0,0.0,0.0,robust isolated,-1,1,-1,1.0,0.0,0.0,robust isolated,-1,1,-1,1.0,0.0,0.0,robust isolated,-1,1,-1,1.0,0.0,0.0,robust isolated,0,3,isolated in all
R070,Clove's Tail,Recreational Field/Courts,R,2.056,-1,1,-1,0.75,0.25,0.25,unstable,15,16,-1,0.5,0.5,0.0,grouped,232,8,-1,0.333,0.667,0.333,grouped,-1,1,-1,1.0,0.0,0.0,robust isolated,1,1,definition-specific
R071,Great Kills Veterans Playground,Jointly Operated Playground,R,1.065,-1,1,-1,0.875,0.125,0.0,robust isolated,-1,1,-1,1.0,0.0,0.0,robust isolated,-1,1,-1,1.0,0.0,0.0,robust isolated,-1,1,-1,1.0,0.0,0.0,robust isolated,0,3,isolated in all
R072,Clawson Playground,Jointly Operated Playground,R,3.593,-1,1,-1,1.0,0.0,0.0,robust isolated,-1,1,-1,1.0,0.0,0.0,robust isolated,-1,1,-1,1.0,0.0,0.0,robust isolated,-1,1,-1,1.0,0.0,0.0,robust isolated,0,3,isolated in all
R073,Naples Playground,Jointly Operated Playground,R,3.216,-1,1,-1,0.75,0.25,0.167,unstable,-1,1,-1,1.0,0.0,0.0,robust isolated,-1,1,-1,1.0,0.0,0.0,robust isolated,-1,1,-1,1.0,0.0,0.0,robust isolated,0,2,isolated in ≥2
R075A,Father Macris Park,Recreational Field/Courts,R,13.469,-1,1,-1,1.0,0.0,0.0,robust isolated,-1,1,-1,1.0,0.0,0.0,robust isolated,-1,1,-1,1.0,0.0,0.0,robust isolated,-1,1,-1,1.0,0.0,0.0,robust isolated,0,3,isolated in all
R075B,Westwood Park,Nature Area,R,6.563,-1,1,-1,0.75,0.167,0.167,unstable,15,16,93,0.0,0.5,0.5,grouped,-1,1,-1,1.0,0.0,0.0,robust isolated,-1,1,-1,1.0,0.0,0.0,robust isolated,0,2,isolated in ≥2
R075C,Ingram Woods,Nature Area,R,3.77,-1,1,-1,0.583,0.167,0.167,unstable,15,16,90,0.0,1.0,0.5,grouped,-1,1,-1,1.0,0.0,0.0,robust isolated,-1,1,-1,1.0,0.0,0.0,robust isolated,0,2,isolated in ≥2
R075E,Park,Strip,R,0.113,144,3,222,0.0,0.75,0.25,grouped,15,16,92,0.0,0.5,0.0,grouped,-1,1,-1,1.0,0.0,0.0,robust isolated,-1,1,-1,1.0,0.0,0.0,robust isolated,1,2,isolated in ≥2
R075F,Park,Strip,R,0.071,144,3,222,0.0,0.75,0.25,grouped,15,16,92,0.0,0.5,0.0,grouped,-1,1,-1,1.0,0.0,0.0,robust isolated,-1,1,-1,1.0,0.0,0.0,robust isolated,1,2,isolated in ≥2
R075G,Bradys Pond Park,Nature Area,R,6.402,-1,1,-1,0.75,0.25,0.167,unstable,-1,1,-1,1.0,0.0,0.0,robust isolated,-1,1,-1,1.0,0.0,0.0,robust isolated,-1,1,-1,1.0,0.0,0.0,robust isolated,0,2,isolated in ≥2
R076,Markham Playground,Jointly Operated Playground,R,2.836,152,2,230,0.0,0.25,0.25,grouped,15,16,-1,0.5,0.5,0.5,grouped,232,8,291,0.0,1.0,1.0,grouped,-1,1,-1,1.0,0.0,0.0,robust isolated,2,1,grouped in ≥2
R077,St. George Park,Triangle/Plaza,R,0.089,163,4,241,0.125,0.5,0.333,grouped,19,4,103,0.0,0.5,0.5,grouped,-1,1,-1,1.0,0.0,0.0,robust isolated,-1,1,-1,1.0,0.0,0.0,robust isolated,1,2,isolated in ≥2
R078,Northerleigh Park,Neighborhood Park,R,3.955,-1,1,-1,0.75,0.167,0.167,unstable,-1,1,-1,1.0,0.0,0.0,robust isolated,-1,1,-1,1.0,0.0,0.0,robust isolated,-1,1,-1,1.0,0.0,0.0,robust isolated,0,2,isolated in ≥2
R080,Annadale Green,Triangle/Plaza,R,0.3,188,2,-1,0.5,0.5,0.167,grouped,9,21,-1,0.5,0.5,0.0,grouped,-1,1,-1,0.889,0.111,0.111,robust isolated,-1,1,-1,0.938,0.0,0.0,robust isolated,1,2,isolated in ≥2
R085,E.M.T. Christopher J. Prescott Playground,Jointly Operated Playground,R,1.124,-1,1,-1,0.75,0.25,0.167,unstable,-1,1,-1,1.0,0.0,0.0,robust isolated,-1,1,-1,1.0,0.0,0.0,robust isolated,-1,1,-1,1.0,0.0,0.0,robust isolated,0,2,isolated in ≥2
R086,Davis Playground,Jointly Operated Playground,R,0.949,201,2,288,0.25,0.25,0.0,grouped,20,2,106,0.0,0.0,0.0,grouped,-1,1,-1,1.0,0.0,0.0,robust isolated,-1,1,-1,1.0,0.0,0.0,robust isolated,1,2,isolated in ≥2
R087,Dongan Playground,Jointly Operated Playground,R,1.05,-1,1,-1,0.583,0.167,0.0,unstable,14,3,-1,0.5,0.5,0.0,grouped,-1,1,-1,1.0,0.0,0.0,robust isolated,-1,1,-1,1.0,0.0,0.0,robust isolated,0,2,isolated in ≥2
R088,High Rock Park,Nature Area,R,94.1,-1,1,-1,0.875,0.0,0.0,robust isolated,-1,1,-1,1.0,0.0,0.0,robust isolated,-1,1,-1,1.0,0.0,0.0,robust isolated,-1,1,-1,1.0,0.0,0.0,robust isolated,0,3,isolated in all
R089,Greencroft Playground,Jointly Operated Playground,R,3.23,-1,1,-1,1.0,0.0,0.0,robust isolated,-1,1,-1,1.0,0.0,0.0,robust isolated,-1,1,-1,1.0,0.0,0.0,robust isolated,-1,1,-1,1.0,0.0,0.0,robust isolated,0,3,isolated in all
R090,Lieutenant John H. Martinson Playground,Jointly Operated Playground,R,1.375,-1,1,-1,0.833,0.167,0.167,robust isolated,11,2,-1,0.5,0.0,0.0,grouped,-1,1,-1,1.0,0.0,0.0,robust isolated,-1,1,-1,1.0,0.0,0.0,robust isolated,0,3,isolated in all
R094,Park,Triangle/Plaza,R,1.178,186,7,269,0.0,0.583,0.5,grouped,9,21,61,0.0,1.0,1.0,grouped,-1,1,-1,1.0,0.0,0.0,robust isolated,-1,1,-1,1.0,0.0,0.0,robust isolated,1,2,isolated in ≥2
R095,Park,Nature Area,R,0.735,186,7,270,0.125,0.625,0.5,grouped,9,21,61,0.0,1.0,1.0,grouped,-1,1,-1,1.0,0.0,0.0,robust isolated,-1,1,-1,1.0,0.0,0.0,robust isolated,1,2,isolated in ≥2
R096,Park,Triangle/Plaza,R,0.184,186,7,270,0.125,0.625,0.5,grouped,9,21,61,0.0,1.0,1.0,grouped,-1,1,-1,1.0,0.0,0.0,robust isolated,-1,1,-1,1.0,0.0,0.0,robust isolated,1,2,isolated in ≥2
R097,Ida Court,Playground,R,1.6,187,5,272,0.125,0.875,0.667,grouped,9,21,62,0.0,1.0,1.0,grouped,-1,1,-1,1.0,0.0,0.0,robust isolated,-1,1,-1,0.938,0.062,0.0,robust isolated,1,2,isolated in ≥2
R098,Park,Parkway,R,5.848,187,5,272,0.042,0.875,0.583,grouped,9,21,62,0.0,1.0,1.0,grouped,-1,1,-1,1.0,0.0,0.0,robust isolated,-1,1,-1,0.875,0.062,0.0,robust isolated,1,2,isolated in ≥2
R099,Park,Nature Area,R,0.554,187,5,272,0.042,0.875,0.667,grouped,9,21,62,0.0,1.0,0.5,grouped,-1,1,-1,1.0,0.0,0.0,robust isolated,-1,1,-1,0.875,0.062,0.0,robust isolated,1,2,isolated in ≥2
R100,Drumgoole Tot Lot,Playground,R,0.636,186,7,271,0.0,0.792,0.375,grouped,9,21,61,0.0,1.0,1.0,grouped,-1,1,-1,1.0,0.0,0.0,robust isolated,-1,1,-1,1.0,0.0,0.0,robust isolated,1,2,isolated in ≥2
R101,Wegener Park,Nature Area,R,3.464,187,5,-1,0.333,0.667,0.458,grouped,9,21,62,0.0,1.0,1.0,grouped,-1,1,-1,0.889,0.111,0.111,robust isolated,-1,1,-1,0.875,0.062,0.0,robust isolated,1,2,isolated in ≥2
R102,Park,Strip,R,0.006,186,7,271,0.208,0.792,0.5,grouped,9,21,61,0.0,1.0,1.0,grouped,-1,1,-1,1.0,0.0,0.0,robust isolated,-1,1,-1,1.0,0.0,0.0,robust isolated,1,2,isolated in ≥2
R103,Park,Strip,R,0.006,187,5,272,0.167,0.833,0.667,grouped,9,21,62,0.0,1.0,1.0,grouped,-1,1,-1,1.0,0.0,0.0,robust isolated,-1,1,-1,0.938,0.0,0.0,robust isolated,1,2,isolated in ≥2
R105,Prall Playground,Jointly Operated Playground,R,1.307,155,2,233,0.0,0.25,0.167,grouped,15,16,91,0.0,1.0,1.0,grouped,232,8,291,0.0,1.0,1.0,grouped,-1,1,-1,0.875,0.125,0.0,robust isolated,2,1,grouped in ≥2
R107,New Dorp Park,Nature Area,R,0.785,-1,1,-1,1.0,0.0,0.0,robust isolated,-1,1,-1,1.0,0.0,0.0,robust isolated,-1,1,-1,1.0,0.0,0.0,robust isolated,-1,1,-1,1.0,0.0,0.0,robust isolated,0,3,isolated in all
R109,CPL. Thompson Park,Community Park,R,10.5,-1,1,-1,0.75,0.25,0.167,unstable,-1,1,-1,1.0,0.0,0.0,robust isolated,-1,1,-1,0.778,0.111,0.0,unstable,-1,1,-1,1.0,0.0,0.0,robust isolated,0,1,definition-specific
R111,Lt. Lia Playground,Playground,R,1.37,163,4,-1,0.5,0.5,0.25,grouped,19,4,-1,0.5,0.5,0.0,grouped,-1,1,-1,0.778,0.222,0.0,unstable,-1,1,-1,1.0,0.0,0.0,robust isolated,1,1,definition-specific
R112,Meredith Woods,Nature Area,R,37.064,198,2,285,0.25,0.25,0.0,grouped,-1,1,-1,1.0,0.0,0.0,robust isolated,-1,1,-1,1.0,0.0,0.0,robust isolated,-1,1,-1,1.0,0.0,0.0,robust isolated,1,2,isolated in ≥2
R114,Jennifer's Playground,Neighborhood Park,R,1.6,208,4,-1,0.5,0.5,0.5,grouped,16,4,97,0.0,1.0,0.0,grouped,-1,1,-1,1.0,0.0,0.0,robust isolated,-1,1,-1,0.938,0.0,0.0,robust isolated,1,2,isolated in ≥2
R115,Deere Park,Nature Area,R,39.13085296,-1,1,-1,0.833,0.167,0.083,robust isolated,-1,1,-1,1.0,0.0,0.0,robust isolated,-1,1,-1,1.0,0.0,0.0,robust isolated,-1,1,-1,1.0,0.0,0.0,robust isolated,0,3,isolated in all
R116,Snug Harbor Cultural Center,Historic House Park,R,83.3,162,3,240,0.0,0.75,0.167,grouped,18,2,-1,0.5,0.0,0.0,grouped,-1,1,-1,0.778,0.111,0.111,unstable,-1,1,-1,1.0,0.0,0.0,robust isolated,1,1,definition-specific
R117,Alice Austen Park,Historic House Park,R,15.524,-1,1,-1,0.75,0.25,0.167,unstable,12,10,-1,0.5,0.5,0.0,grouped,-1,1,-1,1.0,0.0,0.0,robust isolated,-1,1,-1,1.0,0.0,0.0,robust isolated,0,2,isolated in ≥2
R118,Reed's Basket Willow Swamp Park,Nature Area,R,52.68328275,-1,1,-1,1.0,0.0,0.0,robust isolated,-1,1,-1,1.0,0.0,0.0,robust isolated,-1,1,-1,1.0,0.0,0.0,robust isolated,-1,1,-1,1.0,0.0,0.0,robust isolated,0,3,isolated in all
R121,Siedenburg Park,Nature Area,R,22.882,-1,1,-1,0.75,0.0,0.0,unstable,-1,1,-1,1.0,0.0,0.0,robust isolated,-1,1,-1,1.0,0.0,0.0,robust isolated,-1,1,-1,1.0,0.0,0.0,robust isolated,0,2,isolated in ≥2
R123,Cottages Hill New Brighton Park,Neighborhood Park,R,2.057,-1,1,-1,0.833,0.167,0.0,robust isolated,-1,1,-1,1.0,0.0,0.0,robust isolated,-1,1,-1,1.0,0.0,0.0,robust isolated,-1,1,-1,1.0,0.0,0.0,robust isolated,0,3,isolated in all
R124,Eibs Pond Park,Nature Area,R,16.505,-1,1,-1,0.75,0.25,0.25,unstable,-1,1,-1,1.0,0.0,0.0,robust isolated,-1,1,-1,1.0,0.0,0.0,robust isolated,-1,1,-1,1.0,0.0,0.0,robust isolated,0,2,isolated in ≥2
R125,Lopez Playground,Neighborhood Park,R,1.115,170,4,250,0.0,0.75,0.75,grouped,12,10,-1,0.5,0.5,0.0,grouped,-1,1,-1,0.556,0.444,0.444,unstable,-1,1,-1,1.0,0.0,0.0,robust isolated,1,1,definition-specific
R126,Gaeta Park,Triangle/Plaza,R,1.43,-1,1,-1,0.667,0.167,0.167,unstable,15,16,90,0.0,1.0,0.5,grouped,-1,1,-1,0.833,0.0,0.0,robust isolated,-1,1,-1,1.0,0.0,0.0,robust isolated,0,2,isolated in ≥2
R127,Joseph Manna Park,Triangle/Plaza,R,0.85,208,4,295,0.0,1.0,0.5,grouped,16,4,97,0.0,1.0,0.0,grouped,230,4,-1,0.333,0.667,0.667,grouped,-1,1,-1,1.0,0.0,0.0,robust isolated,2,1,grouped in ≥2
R128,Shooters Island,Nature Area,R,34.689,-1,1,-1,0.0,0.0,0.0,unresolved,-1,1,-1,0.0,0.0,0.0,unresolved,-1,1,-1,0.0,0.0,0.0,unresolved,-1,1,-1,0.0,0.0,0.0,unresolved,0,0,definition-specific
R131,Huguenot Ponds Park,Nature Area,R,1.53,-1,1,-1,0.792,0.208,0.167,unstable,9,21,-1,0.5,0.5,0.0,grouped,-1,1,-1,1.0,0.0,0.0,robust isolated,-1,1,-1,1.0,0.0,0.0,robust isolated,0,2,isolated in ≥2
R132,Bunker Ponds Park,Nature Area,R,36.691,-1,1,-1,0.75,0.25,0.167,unstable,9,21,-1,0.5,0.5,0.5,grouped,222,3,-1,0.444,0.556,0.278,grouped,-1,1,-1,1.0,0.0,0.0,robust isolated,1,1,definition-specific
R133,Arbutus Woods Park,Nature Area,R,2.65,-1,1,-1,1.0,0.0,0.0,robust isolated,-1,1,-1,1.0,0.0,0.0,robust isolated,-1,1,-1,1.0,0.0,0.0,robust isolated,-1,1,-1,1.0,0.0,0.0,robust isolated,0,3,isolated in all
R136,Hybrid Oak Woods Park,Nature Area,R,9.763,-1,1,-1,0.833,0.167,0.0,robust isolated,-1,1,-1,1.0,0.0,0.0,robust isolated,-1,1,-1,1.0,0.0,0.0,robust isolated,-1,1,-1,1.0,0.0,0.0,robust isolated,0,3,isolated in all
R137,Bayview Terrace Park,Nature Area,R,16.944,-1,1,-1,0.833,0.167,0.0,robust isolated,-1,1,-1,1.0,0.0,0.0,robust isolated,-1,1,-1,1.0,0.0,0.0,robust isolated,-1,1,-1,1.0,0.0,0.0,robust isolated,0,3,isolated in all
R137A,Garden,Garden,R,0.252,-1,1,-1,1.0,0.0,0.0,robust isolated,-1,1,-1,1.0,0.0,0.0,robust isolated,-1,1,-1,1.0,0.0,0.0,robust isolated,-1,1,-1,1.0,0.0,0.0,robust isolated,0,3,isolated in all
R138,Kingdom Pond Park,Nature Area,R,4.22,-1,1,-1,0.75,0.25,0.167,unstable,9,21,-1,0.5,0.5,0.0,grouped,222,3,-1,0.444,0.556,0.278,grouped,-1,1,-1,1.0,0.0,0.0,robust isolated,1,1,definition-specific
R139,Tottenville Shore Park,Nature Area,R,9.181,-1,1,-1,0.917,0.083,0.0,robust isolated,17,2,-1,0.5,0.0,0.0,grouped,-1,1,-1,1.0,0.0,0.0,robust isolated,-1,1,-1,1.0,0.0,0.0,robust isolated,0,3,isolated in all
R140,King Fisher Park,Nature Area,R,23.01,-1,1,-1,0.75,0.0,0.0,unstable,-1,1,-1,1.0,0.0,0.0,robust isolated,-1,1,-1,1.0,0.0,0.0,robust isolated,-1,1,-1,1.0,0.0,0.0,robust isolated,0,2,isolated in ≥2
R141,Graniteville Swamp Park,Nature Area,R,9.187,208,4,295,0.0,1.0,0.5,grouped,16,4,97,0.0,1.0,0.0,grouped,230,4,-1,0.333,0.667,0.667,grouped,-1,1,-1,0.938,0.0,0.0,robust isolated,2,1,grouped in ≥2
R144,Sobel Court Park,Playground,R,1.137,170,4,250,0.25,0.75,0.75,grouped,12,10,-1,0.5,0.5,0.0,grouped,219,2,273,0.222,0.444,0.444,grouped,-1,1,-1,1.0,0.0,0.0,robust isolated,2,1,grouped in ≥2
R145,Seaside Wildlife Nature Park,Neighborhood Park,R,20.907,-1,1,-1,0.958,0.042,0.0,robust isolated,9,21,-1,0.5,0.5,0.0,grouped,-1,1,-1,1.0,0.0,0.0,robust isolated,-1,1,-1,1.0,0.0,0.0,robust isolated,0,3,isolated in all
R146,Joe Holzka Community Garden,Garden,R,0.429,154,2,232,0.0,0.25,0.167,grouped,15,16,89,0.0,0.5,0.5,grouped,231,2,290,0.111,0.0,0.0,grouped,-1,1,-1,0.875,0.0,0.0,robust isolated,2,1,grouped in ≥2
R147,South Beach Wetlands,Nature Area,R,5.188,-1,1,-1,0.0,0.0,0.0,unresolved,-1,1,-1,0.0,0.0,0.0,unresolved,-1,1,-1,0.0,0.0,0.0,unresolved,-1,1,-1,0.0,0.0,0.0,unresolved,0,0,definition-specific
R148,Last Chance Pond Park,Nature Area,R,3.903,-1,1,-1,0.583,0.167,0.0,unstable,14,3,-1,0.5,0.5,0.0,grouped,-1,1,-1,1.0,0.0,0.0,robust isolated,-1,1,-1,1.0,0.0,0.0,robust isolated,0,2,isolated in ≥2
R150,Graniteville Quarry Park,Nature Area,R,4.465,-1,1,-1,0.75,0.25,0.25,unstable,10,2,-1,0.5,0.0,0.0,grouped,230,4,-1,0.333,0.667,0.667,grouped,-1,1,-1,1.0,0.0,0.0,robust isolated,1,1,definition-specific
R151,Isle Of Meadows,Nature Area,R,87.516,-1,1,-1,0.0,0.0,0.0,unresolved,-1,1,-1,0.0,0.0,0.0,unresolved,-1,1,-1,0.0,0.0,0.0,unresolved,-1,1,-1,0.0,0.0,0.0,unresolved,0,0,definition-specific
R152,Carlton Park,Nature Area,R,1.25,186,7,271,0.0,0.792,0.125,grouped,9,21,61,0.0,1.0,1.0,grouped,-1,1,-1,1.0,0.0,0.0,robust isolated,-1,1,-1,1.0,0.0,0.0,robust isolated,1,2,isolated in ≥2
R153,Fairview Park,Community Park,R,42.6,-1,1,-1,1.0,0.0,0.0,robust isolated,-1,1,-1,1.0,0.0,0.0,robust isolated,-1,1,-1,1.0,0.0,0.0,robust isolated,-1,1,-1,1.0,0.0,0.0,robust isolated,0,3,isolated in all
R156,Sylvan Grove Cemetery,Triangle/Plaza,R,2.476,198,2,285,0.25,0.25,0.0,grouped,13,2,-1,0.5,0.0,0.0,grouped,-1,1,-1,0.833,0.0,0.0,robust isolated,-1,1,-1,1.0,0.0,0.0,robust isolated,1,2,isolated in ≥2
R158,Fort Hill Park,Nature Area,R,0.845,-1,1,-1,0.75,0.25,0.167,unstable,-1,1,-1,1.0,0.0,0.0,robust isolated,-1,1,-1,1.0,0.0,0.0,robust isolated,-1,1,-1,1.0,0.0,0.0,robust isolated,0,2,isolated in ≥2
R159,Old Place Creek Park,Nature Area,R,44.733,-1,1,-1,1.0,0.0,0.0,robust isolated,-1,1,-1,1.0,0.0,0.0,robust isolated,-1,1,-1,1.0,0.0,0.0,robust isolated,-1,1,-1,1.0,0.0,0.0,robust isolated,0,3,isolated in all
R160,Heritage Park,Neighborhood Park,R,9.934,-1,1,-1,1.0,0.0,0.0,robust isolated,-1,1,-1,1.0,0.0,0.0,robust isolated,-1,1,-1,1.0,0.0,0.0,robust isolated,-1,1,-1,1.0,0.0,0.0,robust isolated,0,3,isolated in all
R161,Laredo Avenue Parcel,Nature Area,R,2.223,188,2,-1,0.5,0.5,0.167,grouped,9,21,-1,0.5,0.5,0.0,grouped,-1,1,-1,0.889,0.111,0.111,robust isolated,-1,1,-1,0.938,0.0,0.0,robust isolated,1,2,isolated in ≥2
R162,Olmsted-Beil House Park,Historic House Park,R,2.76,-1,1,-1,0.75,0.167,0.167,unstable,9,21,-1,0.5,0.5,0.0,grouped,222,3,-1,0.444,0.556,0.278,grouped,-1,1,-1,1.0,0.0,0.0,robust isolated,1,1,definition-specific
R163,Meredith Woods,Nature Area,R,15.368,-1,1,-1,0.833,0.167,0.0,robust isolated,13,2,-1,0.5,0.0,0.0,grouped,-1,1,-1,1.0,0.0,0.0,robust isolated,-1,1,-1,1.0,0.0,0.0,robust isolated,0,3,isolated in all
R164,Targee Street Triangle,Triangle/Plaza,R,0.206,170,4,250,0.0,0.75,0.75,grouped,12,10,-1,0.5,0.5,0.0,grouped,-1,1,-1,0.556,0.444,0.444,unstable,-1,1,-1,1.0,0.0,0.0,robust isolated,1,1,definition-specific
R165,Blueberry Park,Neighborhood Park,R,0.724,-1,1,-1,0.75,0.167,0.167,unstable,11,2,-1,0.5,0.0,0.0,grouped,-1,1,-1,1.0,0.0,0.0,robust isolated,-1,1,-1,1.0,0.0,0.0,robust isolated,0,2,isolated in ≥2
R166,Manor Park,Nature Area,R,1.78,-1,1,-1,0.875,0.0,0.0,robust isolated,-1,1,-1,1.0,0.0,0.0,robust isolated,-1,1,-1,1.0,0.0,0.0,robust isolated,-1,1,-1,1.0,0.0,0.0,robust isolated,0,3,isolated in all
R167,Richmond Terrace Park,Nature Area,R,11.193,-1,1,-1,0.75,0.167,0.167,unstable,10,2,-1,0.5,0.0,0.0,grouped,-1,1,-1,1.0,0.0,0.0,robust isolated,-1,1,-1,1.0,0.0,0.0,robust isolated,0,2,isolated in ≥2
R168,Park,Triangle/Plaza,R,0.049,-1,1,-1,0.917,0.083,0.0,robust isolated,9,21,-1,0.5,0.5,0.0,grouped,-1,1,-1,1.0,0.0,0.0,robust isolated,-1,1,-1,1.0,0.0,0.0,robust isolated,0,3,isolated in all
R169,Goodhue Park,Neighborhood Park,R,26.532,-1,1,-1,0.792,0.208,0.167,unstable,-1,1,-1,1.0,0.0,0.0,robust isolated,-1,1,-1,1.0,0.0,0.0,robust isolated,-1,1,-1,1.0,0.0,0.0,robust isolated,0,2,isolated in ≥2
R170,Stapleton Esplanade,Waterfront Facility,R,4.605,176,2,257,0.0,0.333,0.0,grouped,-1,1,-1,1.0,0.0,0.0,robust isolated,-1,1,-1,0.889,0.111,0.0,robust isolated,-1,1,-1,1.0,0.0,0.0,robust isolated,1,2,isolated in ≥2
R173,Snug Harbor Cemetery,Nature Area,R,6.489,-1,1,-1,0.875,0.125,0.0,robust isolated,-1,1,-1,1.0,0.0,0.0,robust isolated,-1,1,-1,1.0,0.0,0.0,robust isolated,-1,1,-1,1.0,0.0,0.0,robust isolated,0,3,isolated in all
X001,Aqueduct Walk,Community Park,X,4.926,124,50,187,0.0,1.0,0.583,grouped,1,81,-1,0.5,0.5,0.5,grouped,195,7,-1,0.333,0.667,0.667,grouped,-1,1,-1,1.0,0.0,0.0,robust isolated,2,1,grouped in ≥2
X001A,Aqueduct Walk,Community Park,X,8.607,124,50,187,0.0,1.0,1.0,grouped,1,81,1,0.0,1.0,1.0,grouped,195,7,-1,0.333,0.667,0.667,grouped,-1,1,-1,0.875,0.062,0.0,robust isolated,2,1,grouped in ≥2
X001B,Barnhill Square,Triangle/Plaza,X,0.009,125,7,-1,0.5,0.5,0.5,grouped,1,81,2,0.0,1.0,1.0,grouped,-1,1,-1,1.0,0.0,0.0,robust isolated,-1,1,-1,0.875,0.062,0.0,robust isolated,1,2,isolated in ≥2
X005,Bryan Park,Triangle/Plaza,X,0.15,125,7,-1,0.5,0.5,0.5,grouped,2,199,-1,0.5,0.5,0.5,grouped,195,7,-1,0.333,0.667,0.667,grouped,-1,1,-1,1.0,0.0,0.0,robust isolated,2,1,grouped in ≥2
X006,Bergen Triangle,Triangle/Plaza,X,0.21,124,50,187,0.0,1.0,0.75,grouped,1,81,3,0.0,1.0,0.5,grouped,-1,1,-1,0.556,0.444,0.444,unstable,-1,1,-1,1.0,0.0,0.0,robust isolated,1,1,definition-specific
X007,Castle Hill Park,Neighborhood Park,X,8.834,-1,1,-1,0.583,0.417,0.25,unstable,2,199,17,0.0,1.0,1.0,grouped,-1,1,-1,1.0,0.0,0.0,robust isolated,-1,1,-1,1.0,0.0,0.0,robust isolated,0,2,isolated in ≥2
X008,Claremont Park,Community Park,X,38.536,124,50,187,0.0,1.0,0.875,grouped,1,81,3,0.0,1.0,1.0,grouped,-1,1,-1,1.0,0.0,0.0,robust isolated,-1,1,-1,1.0,0.0,0.0,robust isolated,1,2,isolated in ≥2
X009,Monsignor Raul Del Valle Square,Triangle/Plaza,X,0.42,53,17,90,0.25,0.75,0.375,grouped,2,199,17,0.0,1.0,0.5,grouped,-1,1,-1,1.0,0.0,0.0,robust isolated,-1,1,-1,1.0,0.0,0.0,robust isolated,1,2,isolated in ≥2
X010A,Walter Gladwin Park,Neighborhood Park,X,15.0,85,35,132,0.0,1.0,1.0,grouped,2,199,18,0.0,1.0,1.0,grouped,5,3,-1,0.444,0.556,0.556,grouped,-1,1,-1,0.875,0.125,0.0,robust isolated,2,1,grouped in ≥2
X011,Crotona Parkway Malls,Mall,X,8.75,85,35,132,0.0,1.0,1.0,grouped,2,199,18,0.0,1.0,1.0,grouped,5,3,-1,0.444,0.556,0.556,grouped,-1,1,-1,1.0,0.0,0.0,robust isolated,2,1,grouped in ≥2
X012,Church Triangle,Triangle/Plaza,X,0.09,80,14,125,0.0,1.0,0.875,grouped,2,199,17,0.0,1.0,1.0,grouped,-1,1,-1,0.778,0.222,0.222,unstable,-1,1,-1,1.0,0.0,0.0,robust isolated,1,1,definition-specific
X013,Devoe Park,Neighborhood Park,X,5.44,124,50,187,0.0,1.0,0.583,grouped,1,81,2,0.0,1.0,0.5,grouped,195,7,-1,0.333,0.667,0.667,grouped,-1,1,-1,1.0,0.0,0.0,robust isolated,2,1,grouped in ≥2
X014,Horseshoe Playground,Playground,X,0.432,-1,1,-1,0.625,0.375,0.25,unstable,-1,1,-1,1.0,0.0,0.0,robust isolated,-1,1,-1,1.0,0.0,0.0,robust isolated,-1,1,-1,1.0,0.0,0.0,robust isolated,0,2,isolated in ≥2
X015,Joseph Rodman Drake Park & Enslaved African Burial Ground,Neighborhood Park,X,2.49,45,3,76,0.0,0.667,0.417,grouped,2,199,20,0.0,1.0,0.5,grouped,-1,1,-1,1.0,0.0,0.0,robust isolated,-1,1,-1,1.0,0.0,0.0,robust isolated,1,2,isolated in ≥2
X016,Owen F. Dolen Park,Neighborhood Park,X,1.4,72,3,116,0.25,0.75,0.417,grouped,2,199,17,0.0,1.0,0.5,grouped,205,3,259,0.0,1.0,0.222,grouped,-1,1,-1,1.0,0.0,0.0,robust isolated,2,1,grouped in ≥2
X017,Richman (Echo) Park,Neighborhood Park,X,4.385,124,50,185,0.25,0.75,0.583,grouped,2,199,18,0.0,1.0,1.0,grouped,-1,1,-1,1.0,0.0,0.0,robust isolated,-1,1,-1,0.938,0.0,0.0,robust isolated,1,2,isolated in ≥2
X018,Echo Triangle,Triangle/Plaza,X,0.16,124,50,186,0.0,0.667,0.5,grouped,1,81,1,0.0,1.0,0.5,grouped,-1,1,-1,1.0,0.0,0.0,robust isolated,-1,1,-1,1.0,0.0,0.0,robust isolated,1,2,isolated in ≥2
X019,Ewen Park,Neighborhood Park,X,7.84,107,8,-1,0.5,0.5,0.25,grouped,-1,1,-1,1.0,0.0,0.0,robust isolated,-1,1,-1,0.889,0.111,0.0,robust isolated,-1,1,-1,1.0,0.0,0.0,robust isolated,1,2,isolated in ≥2
X020,Fort Independence Playground,Playground,X,3.02,-1,1,-1,0.75,0.25,0.25,unstable,-1,1,-1,1.0,0.0,0.0,robust isolated,-1,1,-1,1.0,0.0,0.0,robust isolated,-1,1,-1,1.0,0.0,0.0,robust isolated,0,2,isolated in ≥2
X021,Drew Playground,Playground,X,0.94,61,12,101,0.0,1.0,1.0,grouped,2,199,18,0.0,1.0,1.0,grouped,-1,1,-1,1.0,0.0,0.0,robust isolated,92,2,-1,0.5,0.0,0.0,grouped,2,1,grouped in ≥2
X022,Benjamin Gladstone Square,Triangle/Plaza,X,0.2,53,17,90,0.0,1.0,0.75,grouped,2,199,17,0.0,1.0,1.0,grouped,-1,1,-1,0.556,0.444,0.444,unstable,-1,1,-1,1.0,0.0,0.0,robust isolated,1,1,definition-specific
X023,Graham Triangle,Triangle/Plaza,X,0.126,58,13,97,0.125,0.75,0.75,grouped,2,199,17,0.0,1.0,1.0,grouped,-1,1,-1,0.667,0.333,0.333,unstable,-1,1,-1,0.875,0.0,0.0,robust isolated,1,1,definition-specific
X025,Hugh J. Grant Circle,Triangle/Plaza,X,1.11,80,14,125,0.042,0.958,0.792,grouped,2,199,17,0.0,1.0,1.0,grouped,-1,1,-1,0.556,0.444,0.444,unstable,-1,1,-1,0.875,0.0,0.0,robust isolated,1,1,definition-specific
X026,Hines Park,Playground,X,0.383,61,12,101,0.0,1.0,1.0,grouped,2,199,18,0.0,1.0,1.0,grouped,-1,1,-1,1.0,0.0,0.0,robust isolated,-1,1,-1,1.0,0.0,0.0,robust isolated,1,2,isolated in ≥2
X028,Joyce Kilmer Park,Community Park,X,6.882,123,22,180,0.0,1.0,0.75,grouped,1,81,1,0.0,1.0,1.0,grouped,40,2,44,0.111,0.333,0.0,grouped,-1,1,-1,0.875,0.125,0.0,robust isolated,2,1,grouped in ≥2
X029,Lyons Square Playground,Playground,X,1.322,53,17,90,0.0,1.0,1.0,grouped,2,199,17,0.0,1.0,1.0,grouped,-1,1,-1,1.0,0.0,0.0,robust isolated,-1,1,-1,0.625,0.375,0.25,unstable,1,1,definition-specific
X030,Macombs Dam Park,Community Park,X,44.174,123,22,180,0.0,1.0,0.958,grouped,1,81,1,0.0,1.0,1.0,grouped,40,2,44,0.111,0.333,0.333,grouped,-1,1,-1,1.0,0.0,0.0,robust isolated,2,1,grouped in ≥2
X031,McKinley Square,Triangle/Plaza,X,0.12,61,12,101,0.0,0.75,0.708,grouped,2,199,17,0.0,1.0,1.0,grouped,-1,1,-1,1.0,0.0,0.0,robust isolated,-1,1,-1,1.0,0.0,0.0,robust isolated,1,2,isolated in ≥2
X032,Railroad Park,Neighborhood Park,X,0.732,62,33,105,0.0,1.0,0.75,grouped,2,199,18,0.0,1.0,1.0,grouped,-1,1,-1,1.0,0.0,0.0,robust isolated,-1,1,-1,0.875,0.0,0.0,robust isolated,1,2,isolated in ≥2
X033,Mosholu Parkway,Parkway,X,80.936,118,2,-1,0.375,0.5,0.333,grouped,1,81,3,0.0,1.0,0.5,grouped,-1,1,-1,0.444,0.556,0.167,unstable,-1,1,-1,1.0,0.0,0.0,robust isolated,1,1,definition-specific
X034,Rev. T. Wendell Foster Park and Recreation Center,Community Park,X,15.049,123,22,180,0.0,1.0,0.5,grouped,1,81,1,0.0,1.0,1.0,grouped,-1,1,-1,0.667,0.333,0.333,unstable,-1,1,-1,1.0,0.0,0.0,robust isolated,1,1,definition-specific
X035,Muller Triangle,Triangle/Plaza,X,0.04,124,50,185,0.0,0.75,0.667,grouped,1,81,1,0.0,1.0,1.0,grouped,195,7,-1,0.333,0.667,0.667,grouped,86,2,-1,0.5,0.25,0.0,grouped,3,0,grouped in all
X036,Murphy Triangle,Triangle/Plaza,X,0.1,85,35,132,0.0,1.0,1.0,grouped,2,199,18,0.0,1.0,1.0,grouped,-1,1,-1,1.0,0.0,0.0,robust isolated,-1,1,-1,0.938,0.0,0.0,robust isolated,1,2,isolated in ≥2
X037,O'Brien Oval,Triangle/Plaza,X,0.232,116,2,171,0.25,0.667,0.5,grouped,2,199,18,0.0,1.0,1.0,grouped,5,3,-1,0.444,0.556,0.556,grouped,-1,1,-1,0.688,0.25,0.0,unstable,2,0,grouped in ≥2
X038,Washington's Walk,Neighborhood Park,X,4.637,122,3,179,0.0,1.0,0.5,grouped,1,81,2,0.0,1.0,1.0,grouped,-1,1,-1,1.0,0.0,0.0,robust isolated,-1,1,-1,0.625,0.125,0.0,unstable,1,1,definition-specific
X040,Poe Park,Playground,X,2.331,124,50,185,0.25,0.75,0.667,grouped,1,81,3,0.0,1.0,1.0,grouped,-1,1,-1,0.889,0.111,0.0,robust isolated,-1,1,-1,0.938,0.0,0.0,robust isolated,1,2,isolated in ≥2
X041,Pulaski Park,Recreational Field/Courts,X,1.45,63,2,-1,0.5,0.25,0.25,grouped,2,199,-1,0.5,0.5,0.5,grouped,-1,1,-1,1.0,0.0,0.0,robust isolated,-1,1,-1,0.875,0.0,0.0,robust isolated,1,2,isolated in ≥2
X042,Rose Hill Park,Triangle/Plaza,X,0.745,117,4,-1,0.25,0.75,0.375,grouped,2,199,18,0.0,1.0,0.5,grouped,195,7,-1,0.333,0.667,0.667,grouped,-1,1,-1,0.688,0.25,0.0,unstable,2,0,grouped in ≥2
X043,Ryan Triangle,Triangle/Plaza,X,0.22,58,13,95,0.0,0.75,0.75,grouped,1,81,1,0.0,1.0,1.0,grouped,-1,1,-1,0.667,0.333,0.333,unstable,-1,1,-1,1.0,0.0,0.0,robust isolated,1,1,definition-specific
X044,St. James Park,Neighborhood Park,X,11.39,124,50,185,0.0,0.75,0.667,grouped,1,81,1,0.0,1.0,1.0,grouped,-1,1,-1,0.667,0.333,0.333,unstable,-1,1,-1,0.75,0.25,0.0,unstable,1,0,definition-specific
X045,St. Mary's Park,Community Park,X,35.311,58,13,96,0.0,1.0,1.0,grouped,2,199,17,0.0,1.0,1.0,grouped,-1,1,-1,0.889,0.111,0.111,robust isolated,-1,1,-1,1.0,0.0,0.0,robust isolated,1,2,isolated in ≥2
X046,Seton Falls Park,Nature Area,X,35.771,-1,1,-1,0.75,0.25,0.083,unstable,4,19,-1,0.5,0.5,0.5,grouped,-1,1,-1,1.0,0.0,0.0,robust isolated,-1,1,-1,1.0,0.0,0.0,robust isolated,0,2,isolated in ≥2
X047,Franz Sigel Park,Community Park,X,15.99,123,22,180,0.0,1.0,0.75,grouped,1,81,1,0.0,1.0,1.0,grouped,-1,1,-1,1.0,0.0,0.0,robust isolated,-1,1,-1,0.75,0.0,0.0,unstable,1,1,definition-specific
X049,Schneider Sampson Square,Mall,X,0.09,83,3,-1,0.5,0.5,0.25,grouped,6,3,56,0.0,1.0,0.0,grouped,-1,1,-1,1.0,0.0,0.0,robust isolated,-1,1,-1,1.0,0.0,0.0,robust isolated,1,2,isolated in ≥2
X051,University Woods,Neighborhood Park,X,3.306,127,2,201,0.25,0.375,0.25,grouped,-1,1,-1,1.0,0.0,0.0,robust isolated,-1,1,-1,0.556,0.444,0.444,unstable,-1,1,-1,0.875,0.0,0.0,robust isolated,1,1,definition-specific
X052,Triangle,Triangle/Plaza,X,0.054,62,33,105,0.0,1.0,0.917,grouped,2,199,18,0.0,1.0,1.0,grouped,-1,1,-1,0.778,0.222,0.222,unstable,-1,1,-1,0.625,0.25,0.062,unstable,1,0,definition-specific
X053,O'Neill Triangle,Neighborhood Park,X,0.636,62,33,105,0.0,1.0,0.875,grouped,2,199,18,0.0,1.0,1.0,grouped,-1,1,-1,0.667,0.333,0.333,unstable,-1,1,-1,0.938,0.062,0.0,robust isolated,1,1,definition-specific
X055,Brust Park,Neighborhood Park,X,1.79,106,2,157,0.25,0.125,0.083,grouped,-1,1,-1,1.0,0.0,0.0,robust isolated,-1,1,-1,1.0,0.0,0.0,robust isolated,-1,1,-1,1.0,0.0,0.0,robust isolated,1,2,isolated in ≥2
X056,Park,Triangle/Plaza,X,0.06,61,12,101,0.0,1.0,1.0,grouped,2,199,18,0.0,1.0,1.0,grouped,-1,1,-1,1.0,0.0,0.0,robust isolated,-1,1,-1,1.0,0.0,0.0,robust isolated,1,2,isolated in ≥2
X057,Michel Triangle,Triangle/Plaza,X,0.28,124,50,187,0.25,0.75,0.625,grouped,1,81,-1,0.5,0.5,0.5,grouped,-1,1,-1,1.0,0.0,0.0,robust isolated,-1,1,-1,1.0,0.0,0.0,robust isolated,1,2,isolated in ≥2
X058,Keltch Park,Triangle/Plaza,X,0.287,124,50,187,0.0,1.0,1.0,grouped,1,81,1,0.0,1.0,1.0,grouped,-1,1,-1,0.667,0.333,0.333,unstable,-1,1,-1,0.875,0.125,0.0,robust isolated,1,1,definition-specific
X059,Sergeant Johnson Triangle,Triangle/Plaza,X,0.74,-1,1,-1,0.5,0.5,0.333,unstable,2,199,18,0.0,1.0,1.0,grouped,-1,1,-1,1.0,0.0,0.0,robust isolated,-1,1,-1,0.75,0.25,0.125,unstable,0,1,definition-specific
X060,Sheridan Triangle,Triangle/Plaza,X,0.06,107,8,-1,0.375,0.625,0.208,grouped,5,20,50,0.0,1.0,1.0,grouped,-1,1,-1,1.0,0.0,0.0,robust isolated,-1,1,-1,1.0,0.0,0.0,robust isolated,1,2,isolated in ≥2
X061,Flood Triangle,Triangle/Plaza,X,0.072,85,35,132,0.0,1.0,0.417,grouped,2,199,18,0.0,1.0,1.0,grouped,-1,1,-1,1.0,0.0,0.0,robust isolated,-1,1,-1,1.0,0.0,0.0,robust isolated,1,2,isolated in ≥2
X062,Beatty Plaza,Triangle/Plaza,X,0.1,61,12,101,0.25,0.75,0.625,grouped,2,199,18,0.0,1.0,1.0,grouped,-1,1,-1,1.0,0.0,0.0,robust isolated,-1,1,-1,1.0,0.0,0.0,robust isolated,1,2,isolated in ≥2
X063,Martin Luther King Triangle,Triangle/Plaza,X,0.16,-1,1,-1,0.5,0.5,0.25,unstable,2,199,-1,0.5,0.5,0.0,grouped,-1,1,-1,1.0,0.0,0.0,robust isolated,-1,1,-1,1.0,0.0,0.0,robust isolated,0,2,isolated in ≥2
X064,Bryant Triangle,Triangle/Plaza,X,0.17,53,17,90,0.0,1.0,0.75,grouped,2,199,17,0.0,1.0,1.0,grouped,-1,1,-1,0.556,0.444,0.444,unstable,-1,1,-1,1.0,0.0,0.0,robust isolated,1,1,definition-specific
X065,Woodrow Wilson Triangle,Triangle/Plaza,X,0.1,74,5,118,0.0,1.0,0.5,grouped,2,199,17,0.0,1.0,1.0,grouped,-1,1,-1,0.778,0.222,0.222,unstable,-1,1,-1,1.0,0.0,0.0,robust isolated,1,1,definition-specific
X067,Martin Luther King Triangle,Triangle/Plaza,X,0.117,123,22,180,0.125,0.875,0.708,grouped,1,81,1,0.0,1.0,1.0,grouped,-1,1,-1,1.0,0.0,0.0,robust isolated,-1,1,-1,0.375,0.5,0.0,unstable,1,1,definition-specific
X068,D'Auria-Murphy Triangle,Triangle/Plaza,X,0.31,85,35,132,0.0,1.0,0.75,grouped,2,199,-1,0.5,0.5,0.5,grouped,-1,1,-1,1.0,0.0,0.0,robust isolated,-1,1,-1,1.0,0.0,0.0,robust isolated,1,2,isolated in ≥2
X069,Hutton Triangle,Triangle/Plaza,X,0.1,85,35,132,0.0,1.0,0.75,grouped,2,199,22,0.0,0.5,0.5,grouped,-1,1,-1,1.0,0.0,0.0,robust isolated,-1,1,-1,1.0,0.0,0.0,robust isolated,1,2,isolated in ≥2
X070,Heath Triangle,Triangle/Plaza,X,0.11,134,3,209,0.125,0.875,0.75,grouped,5,20,49,0.0,1.0,1.0,grouped,-1,1,-1,1.0,0.0,0.0,robust isolated,105,3,112,0.0,1.0,0.688,grouped,2,1,grouped in ≥2
X071,Whalen Grove,Triangle/Plaza,X,0.13,85,35,132,0.0,0.75,0.75,grouped,2,199,18,0.0,1.0,1.0,grouped,-1,1,-1,1.0,0.0,0.0,robust isolated,-1,1,-1,0.75,0.125,0.125,unstable,1,1,definition-specific
X073,Young Park,Triangle/Plaza,X,0.44,85,35,132,0.0,0.875,0.75,grouped,2,199,18,0.0,1.0,1.0,grouped,-1,1,-1,0.556,0.444,0.444,unstable,-1,1,-1,0.625,0.125,0.0,unstable,1,0,definition-specific
X077,Featherbed Triangle,Triangle/Plaza,X,0.17,124,50,187,0.0,1.0,0.875,grouped,1,81,1,0.0,1.0,0.5,grouped,-1,1,-1,1.0,0.0,0.0,robust isolated,-1,1,-1,0.938,0.062,0.0,robust isolated,1,2,isolated in ≥2
X078,Franklin Triangle,Triangle/Plaza,X,0.12,61,12,101,0.0,1.0,1.0,grouped,2,199,18,0.0,1.0,1.0,grouped,-1,1,-1,1.0,0.0,0.0,robust isolated,-1,1,-1,0.812,0.125,0.0,robust isolated,1,2,isolated in ≥2
X079,Major General John R Brown Triangle,Triangle/Plaza,X,0.135,125,7,-1,0.5,0.5,0.5,grouped,1,81,-1,0.5,0.5,0.5,grouped,-1,1,-1,1.0,0.0,0.0,robust isolated,-1,1,-1,1.0,0.0,0.0,robust isolated,1,2,isolated in ≥2
X080,Henry Hudson Park,Neighborhood Park,X,8.972,-1,1,-1,0.625,0.375,0.25,unstable,-1,1,-1,1.0,0.0,0.0,robust isolated,-1,1,-1,0.778,0.0,0.0,unstable,-1,1,-1,1.0,0.0,0.0,robust isolated,0,1,definition-specific
X081,Mount Eden Malls,Mall,X,1.682,124,50,187,0.0,1.0,1.0,grouped,1,81,1,0.0,1.0,1.0,grouped,-1,1,-1,1.0,0.0,0.0,robust isolated,-1,1,-1,1.0,0.0,0.0,robust isolated,1,2,isolated in ≥2
X082,University Malls,Mall,X,0.743,124,50,187,0.0,1.0,0.875,grouped,1,81,2,0.0,1.0,0.0,grouped,-1,1,-1,1.0,0.0,0.0,robust isolated,-1,1,-1,1.0,0.0,0.0,robust isolated,1,2,isolated in ≥2
X084,D'Onofrio Square,Triangle/Plaza,X,0.38,96,4,145,0.0,0.75,0.25,grouped,4,19,44,0.0,1.0,1.0,grouped,-1,1,-1,1.0,0.0,0.0,robust isolated,-1,1,-1,1.0,0.0,0.0,robust isolated,1,2,isolated in ≥2
X085,Slattery Playground,Playground,X,0.911,124,50,185,0.25,0.75,0.583,grouped,1,81,3,0.0,1.0,1.0,grouped,-1,1,-1,1.0,0.0,0.0,robust isolated,-1,1,-1,1.0,0.0,0.0,robust isolated,1,2,isolated in ≥2
X086,Charlton-Thompson Garden,Neighborhood Park,X,0.488,61,12,101,0.0,1.0,0.375,grouped,2,199,18,0.0,1.0,0.5,grouped,-1,1,-1,1.0,0.0,0.0,robust isolated,-1,1,-1,1.0,0.0,0.0,robust isolated,1,2,isolated in ≥2
X087,Zimmerman Playground,Playground,X,0.974,95,2,144,0.0,0.25,0.25,grouped,4,19,44,0.0,1.0,1.0,grouped,-1,1,-1,1.0,0.0,0.0,robust isolated,-1,1,-1,1.0,0.0,0.0,robust isolated,1,2,isolated in ≥2
X088,Pugsley Creek Park,Nature Area,X,68.017,74,5,118,0.0,1.0,0.5,grouped,2,199,17,0.0,1.0,1.0,grouped,-1,1,-1,1.0,0.0,0.0,robust isolated,-1,1,-1,1.0,0.0,0.0,robust isolated,1,2,isolated in ≥2
X088A,Waterfront Garden,Garden,X,0.27,75,3,119,0.0,0.5,0.25,grouped,2,199,21,0.0,0.5,0.0,grouped,-1,1,-1,1.0,0.0,0.0,robust isolated,-1,1,-1,1.0,0.0,0.0,robust isolated,1,2,isolated in ≥2
X088B,Clason Point Park,Community Park,X,14.872,75,3,-1,0.5,0.5,0.208,grouped,2,199,17,0.0,1.0,0.5,grouped,-1,1,-1,1.0,0.0,0.0,robust isolated,-1,1,-1,1.0,0.0,0.0,robust isolated,1,2,isolated in ≥2
X090,Spuyten Duyvil Shorefront Park,Nature Area,X,6.6,-1,1,-1,0.75,0.25,0.0,unstable,-1,1,-1,1.0,0.0,0.0,robust isolated,-1,1,-1,1.0,0.0,0.0,robust isolated,-1,1,-1,1.0,0.0,0.0,robust isolated,0,2,isolated in ≥2
X091,Park,Triangle/Plaza,X,0.187,-1,1,-1,0.75,0.25,0.0,unstable,-1,1,-1,1.0,0.0,0.0,robust isolated,-1,1,-1,1.0,0.0,0.0,robust isolated,-1,1,-1,1.0,0.0,0.0,robust isolated,0,2,isolated in ≥2
X093,Van Nest Park,Playground,X,0.401,85,35,-1,0.25,0.75,0.417,grouped,2,199,17,0.0,1.0,1.0,grouped,-1,1,-1,0.667,0.333,0.111,unstable,-1,1,-1,1.0,0.0,0.0,robust isolated,1,1,definition-specific
X094,Bridge Park,Neighborhood Park,X,7.156,-1,1,-1,0.75,0.25,0.167,unstable,8,3,-1,0.5,0.5,0.0,grouped,-1,1,-1,1.0,0.0,0.0,robust isolated,-1,1,-1,1.0,0.0,0.0,robust isolated,0,2,isolated in ≥2
X095,Marcus Garvey Square,Triangle/Plaza,X,1.395,96,4,145,0.0,0.75,0.25,grouped,4,19,44,0.0,1.0,1.0,grouped,207,2,261,0.0,0.0,0.0,grouped,-1,1,-1,1.0,0.0,0.0,robust isolated,2,1,grouped in ≥2
X096,Rita Ley Triangle,Triangle/Plaza,X,0.12,-1,1,-1,1.0,0.0,0.0,robust isolated,-1,1,-1,1.0,0.0,0.0,robust isolated,-1,1,-1,1.0,0.0,0.0,robust isolated,-1,1,-1,1.0,0.0,0.0,robust isolated,0,3,isolated in all
X101A,Samuel H. Young Park,Recreational Field/Courts,X,1.285,72,3,116,0.25,0.75,0.417,grouped,2,199,17,0.0,1.0,1.0,grouped,205,3,259,0.0,1.0,0.222,grouped,-1,1,-1,1.0,0.0,0.0,robust isolated,2,1,grouped in ≥2
X102,Ciccarone Park,Neighborhood Park,X,0.553,85,35,132,0.0,1.0,0.75,grouped,2,199,22,0.0,0.5,0.5,grouped,-1,1,-1,1.0,0.0,0.0,robust isolated,-1,1,-1,1.0,0.0,0.0,robust isolated,1,2,isolated in ≥2
X103,People's Park,Playground,X,1.394,62,33,104,0.0,1.0,1.0,grouped,2,199,17,0.0,1.0,1.0,grouped,-1,1,-1,0.889,0.111,0.111,robust isolated,-1,1,-1,0.5,0.25,0.125,unstable,1,1,definition-specific
X104,Williamsbridge Oval,Neighborhood Park,X,19.749,-1,1,-1,0.5,0.5,0.25,unstable,-1,1,-1,1.0,0.0,0.0,robust isolated,-1,1,-1,0.556,0.444,0.0,unstable,-1,1,-1,1.0,0.0,0.0,robust isolated,0,1,definition-specific
X105,Jerome Slope,Nature Area,X,0.764,123,22,180,0.0,1.0,0.417,grouped,1,81,1,0.0,1.0,1.0,grouped,-1,1,-1,0.667,0.333,0.333,unstable,-1,1,-1,0.938,0.062,0.0,robust isolated,1,1,definition-specific
X106,Evelina Antonetty Playground,Playground,X,0.696,123,22,-1,0.25,0.75,0.417,grouped,1,81,1,0.0,1.0,1.0,grouped,-1,1,-1,1.0,0.0,0.0,robust isolated,-1,1,-1,0.75,0.0,0.0,unstable,1,1,definition-specific
X107,Hawkins Park,Triangle/Plaza,X,0.136,142,3,219,0.208,0.542,0.333,grouped,3,4,42,0.0,1.0,0.5,grouped,24,3,-1,0.333,0.667,0.667,grouped,-1,1,-1,0.938,0.0,0.0,robust isolated,2,1,grouped in ≥2
X108,Belmont Playground,Playground,X,2.213,85,35,132,0.0,0.75,0.75,grouped,2,199,18,0.0,1.0,1.0,grouped,-1,1,-1,1.0,0.0,0.0,robust isolated,-1,1,-1,0.75,0.125,0.125,unstable,1,1,definition-specific
X110,Henry Hudson Parkway,Parkway,X,54.1,107,8,158,0.0,0.875,0.375,grouped,5,20,50,0.0,1.0,1.0,grouped,-1,1,-1,0.556,0.222,0.0,unstable,-1,1,-1,1.0,0.0,0.0,robust isolated,1,1,definition-specific
X110A,Hackett Park,Triangle/Plaza,X,1.0,-1,1,-1,0.75,0.25,0.167,unstable,-1,1,-1,1.0,0.0,0.0,robust isolated,-1,1,-1,0.778,0.222,0.0,unstable,-1,1,-1,1.0,0.0,0.0,robust isolated,0,1,definition-specific
X110B,Phyllis Post Goodman Park,Triangle/Plaza,X,0.5,109,2,-1,0.5,0.25,0.25,grouped,-1,1,-1,1.0,0.0,0.0,robust isolated,-1,1,-1,1.0,0.0,0.0,robust isolated,-1,1,-1,1.0,0.0,0.0,robust isolated,1,2,isolated in ≥2
X110C,Park,Triangle/Plaza,X,0.5,109,2,-1,0.5,0.25,0.25,grouped,-1,1,-1,1.0,0.0,0.0,robust isolated,-1,1,-1,1.0,0.0,0.0,robust isolated,-1,1,-1,1.0,0.0,0.0,robust isolated,1,2,isolated in ≥2
X110D,Bell Tower Park,Triangle/Plaza,X,0.5,-1,1,-1,0.75,0.25,0.167,unstable,-1,1,-1,1.0,0.0,0.0,robust isolated,-1,1,-1,0.889,0.111,0.0,robust isolated,-1,1,-1,1.0,0.0,0.0,robust isolated,0,2,isolated in ≥2
X111,Cedar Playground,Neighborhood Park,X,1.8,127,2,201,0.25,0.375,0.25,grouped,8,3,-1,0.5,0.5,0.0,grouped,-1,1,-1,1.0,0.0,0.0,robust isolated,-1,1,-1,0.875,0.0,0.0,robust isolated,1,2,isolated in ≥2
X112,Hilton White Playground,Jointly Operated Playground,X,0.477,62,33,-1,0.375,0.625,0.625,grouped,2,199,17,0.0,1.0,1.0,grouped,-1,1,-1,1.0,0.0,0.0,robust isolated,58,2,-1,0.5,0.125,0.0,grouped,2,1,grouped in ≥2
X113,Hunts Point Playground,Jointly Operated Playground,X,0.717,45,3,76,0.0,0.667,0.417,grouped,2,199,20,0.0,1.0,0.5,grouped,-1,1,-1,1.0,0.0,0.0,robust isolated,-1,1,-1,1.0,0.0,0.0,robust isolated,1,2,isolated in ≥2
X114,Goble Playground,Playground,X,0.381,124,50,-1,0.25,0.625,0.5,grouped,1,81,-1,0.5,0.5,0.5,grouped,-1,1,-1,1.0,0.0,0.0,robust isolated,-1,1,-1,1.0,0.0,0.0,robust isolated,1,2,isolated in ≥2
X115,Mott Playground,Jointly Operated Playground,X,0.977,124,50,184,0.0,1.0,0.458,grouped,1,81,1,0.0,1.0,1.0,grouped,-1,1,-1,0.667,0.333,0.333,unstable,-1,1,-1,0.562,0.0,0.0,unstable,1,0,definition-specific
X116,Rev J Polite Playground,Jointly Operated Playground,X,1.815,49,4,81,0.25,0.583,0.375,grouped,2,199,-1,0.5,0.5,0.5,grouped,-1,1,-1,1.0,0.0,0.0,robust isolated,-1,1,-1,1.0,0.0,0.0,robust isolated,1,2,isolated in ≥2
X118A,Harding Park Beautification Project,Garden,X,1.16,-1,1,-1,0.583,0.417,0.25,unstable,2,199,17,0.0,1.0,0.5,grouped,-1,1,-1,1.0,0.0,0.0,robust isolated,-1,1,-1,1.0,0.0,0.0,robust isolated,0,2,isolated in ≥2
X119,Alexander's Alley,Neighborhood Park,X,0.11,62,33,104,0.0,1.0,1.0,grouped,2,199,17,0.0,1.0,1.0,grouped,-1,1,-1,1.0,0.0,0.0,robust isolated,-1,1,-1,0.75,0.0,0.0,unstable,1,1,definition-specific
X120,Highbridge Park,Neighborhood Park,X,0.82,123,22,180,0.0,1.0,0.917,grouped,1,81,1,0.0,1.0,1.0,grouped,-1,1,-1,0.667,0.0,0.0,unstable,-1,1,-1,1.0,0.0,0.0,robust isolated,1,1,definition-specific
X121,Bufano Park,Playground,X,1.904,-1,1,-1,0.75,0.25,0.25,unstable,2,199,-1,0.5,0.5,0.0,grouped,-1,1,-1,1.0,0.0,0.0,robust isolated,-1,1,-1,1.0,0.0,0.0,robust isolated,0,2,isolated in ≥2
X122,Colucci Playground,Neighborhood Park,X,4.0,-1,1,-1,0.667,0.333,0.333,unstable,2,199,17,0.0,1.0,1.0,grouped,-1,1,-1,1.0,0.0,0.0,robust isolated,-1,1,-1,1.0,0.0,0.0,robust isolated,0,2,isolated in ≥2
X123,Noble Playground,Playground,X,3.21,80,14,125,0.083,0.917,0.75,grouped,2,199,17,0.0,1.0,1.0,grouped,-1,1,-1,0.889,0.111,0.111,robust isolated,-1,1,-1,0.875,0.0,0.0,robust isolated,1,2,isolated in ≥2
X124,Watson Gleason Playground,Neighborhood Park,X,3.301,80,14,125,0.0,1.0,0.875,grouped,2,199,17,0.0,1.0,1.0,grouped,-1,1,-1,0.556,0.444,0.444,unstable,-1,1,-1,1.0,0.0,0.0,robust isolated,1,1,definition-specific
X129,Devanney Triangle,Triangle/Plaza,X,0.12,124,50,186,0.0,0.667,0.667,grouped,1,81,1,0.0,1.0,1.0,grouped,-1,1,-1,1.0,0.0,0.0,robust isolated,-1,1,-1,0.875,0.125,0.0,robust isolated,1,2,isolated in ≥2
X130,Barry Plaza,Triangle/Plaza,X,0.09,124,50,187,0.125,0.875,0.75,grouped,2,199,18,0.0,1.0,1.0,grouped,-1,1,-1,1.0,0.0,0.0,robust isolated,-1,1,-1,1.0,0.0,0.0,robust isolated,1,2,isolated in ≥2
X131,Lozada Playground,Jointly Operated Playground,X,1.05,59,4,98,0.208,0.667,0.5,grouped,2,199,-1,0.5,0.5,0.5,grouped,-1,1,-1,1.0,0.0,0.0,robust isolated,-1,1,-1,0.625,0.125,0.0,unstable,1,1,definition-specific
X133,Derosa O'Boyle Triangle,Triangle/Plaza,X,0.017,-1,1,-1,0.667,0.125,0.083,unstable,7,2,57,0.0,0.0,0.0,grouped,-1,1,-1,0.778,0.222,0.222,unstable,-1,1,-1,1.0,0.0,0.0,robust isolated,0,1,definition-specific
X134,Freeman Triangle,Triangle/Plaza,X,0.016,53,17,90,0.0,1.0,1.0,grouped,2,199,17,0.0,1.0,1.0,grouped,-1,1,-1,1.0,0.0,0.0,robust isolated,-1,1,-1,0.625,0.312,0.062,unstable,1,1,definition-specific
X136,Harris Park,Neighborhood Park,X,15.32,122,3,179,0.0,1.0,0.417,grouped,1,81,2,0.0,1.0,1.0,grouped,-1,1,-1,1.0,0.0,0.0,robust isolated,-1,1,-1,0.875,0.125,0.0,robust isolated,1,2,isolated in ≥2
X137,Jerome Park,Neighborhood Park,X,4.359,122,3,179,0.0,1.0,0.375,grouped,1,81,2,0.0,1.0,1.0,grouped,-1,1,-1,1.0,0.0,0.0,robust isolated,-1,1,-1,0.625,0.125,0.0,unstable,1,1,definition-specific
X138,Playground One Thirty Four CXXXIV,Neighborhood Park,X,1.95,63,2,-1,0.5,0.25,0.25,grouped,2,199,-1,0.5,0.5,0.5,grouped,-1,1,-1,1.0,0.0,0.0,robust isolated,-1,1,-1,0.875,0.0,0.0,robust isolated,1,2,isolated in ≥2
X139,Gouverneur Morris Triangle,Triangle/Plaza,X,0.313,58,13,96,0.0,1.0,1.0,grouped,2,199,17,0.0,1.0,1.0,grouped,-1,1,-1,0.778,0.222,0.222,unstable,-1,1,-1,0.625,0.25,0.0,unstable,1,0,definition-specific
X141,Rienzi Playground,Jointly Operated Playground,X,1.23,-1,1,-1,0.833,0.167,0.167,robust isolated,4,19,44,0.0,1.0,0.5,grouped,-1,1,-1,1.0,0.0,0.0,robust isolated,-1,1,-1,1.0,0.0,0.0,robust isolated,0,3,isolated in all
X145,La Finca del Sur Community Garden,Garden,X,0.255,58,13,97,0.125,0.75,0.625,grouped,2,199,17,0.0,1.0,1.0,grouped,-1,1,-1,0.778,0.222,0.222,unstable,73,2,-1,0.5,0.25,0.0,grouped,2,0,grouped in ≥2
X146,Flynn Playground,Playground,X,0.82,62,33,105,0.0,1.0,1.0,grouped,2,199,17,0.0,1.0,1.0,grouped,-1,1,-1,0.556,0.444,0.444,unstable,-1,1,-1,0.75,0.25,0.125,unstable,1,0,definition-specific
X147A,Starlight Park,Neighborhood Park,X,17.256,53,17,90,0.0,1.0,1.0,grouped,2,199,17,0.0,1.0,1.0,grouped,-1,1,-1,0.556,0.444,0.444,unstable,-1,1,-1,0.875,0.062,0.0,robust isolated,1,1,definition-specific
X147B,Daniel Boone Playground,Playground,X,1.2,53,17,90,0.0,1.0,0.75,grouped,2,199,17,0.0,1.0,0.5,grouped,-1,1,-1,1.0,0.0,0.0,robust isolated,-1,1,-1,0.875,0.125,0.0,robust isolated,1,2,isolated in ≥2
X148A,Park,Strip,X,0.294,123,22,180,0.0,1.0,0.583,grouped,1,81,1,0.0,1.0,1.0,grouped,-1,1,-1,1.0,0.0,0.0,robust isolated,-1,1,-1,0.875,0.125,0.0,robust isolated,1,2,isolated in ≥2
X148A1,Park,Strip,X,0.031,123,22,180,0.0,1.0,0.583,grouped,1,81,1,0.0,1.0,1.0,grouped,-1,1,-1,1.0,0.0,0.0,robust isolated,-1,1,-1,0.625,0.25,0.125,unstable,1,1,definition-specific
X148A2,Plimpton Playground,Playground,X,1.0,124,50,187,0.25,0.75,0.75,grouped,1,81,1,0.0,1.0,1.0,grouped,-1,1,-1,1.0,0.0,0.0,robust isolated,-1,1,-1,1.0,0.0,0.0,robust isolated,1,2,isolated in ≥2
X148A3,Bridge Playground,Playground,X,0.63,123,22,180,0.0,1.0,0.625,grouped,1,81,1,0.0,1.0,1.0,grouped,-1,1,-1,1.0,0.0,0.0,robust isolated,-1,1,-1,1.0,0.0,0.0,robust isolated,1,2,isolated in ≥2
X148A4,Park,Parkway,X,0.167,124,50,187,0.0,1.0,0.875,grouped,1,81,1,0.0,1.0,0.5,grouped,-1,1,-1,1.0,0.0,0.0,robust isolated,-1,1,-1,0.875,0.062,0.0,robust isolated,1,2,isolated in ≥2
X148B,Park,Strip,X,0.15,124,50,190,0.125,0.75,0.5,grouped,-1,1,-1,1.0,0.0,0.0,robust isolated,-1,1,-1,1.0,0.0,0.0,robust isolated,-1,1,-1,0.75,0.0,0.0,unstable,1,1,definition-specific
X148B1,Park,Strip,X,0.027,124,50,190,0.125,0.75,0.375,grouped,-1,1,-1,1.0,0.0,0.0,robust isolated,-1,1,-1,1.0,0.0,0.0,robust isolated,-1,1,-1,0.75,0.0,0.0,unstable,1,1,definition-specific
X148B2,Park,Triangle/Plaza,X,0.041,124,50,190,0.25,0.75,0.5,grouped,1,81,-1,0.5,0.5,0.0,grouped,-1,1,-1,1.0,0.0,0.0,robust isolated,-1,1,-1,1.0,0.0,0.0,robust isolated,1,2,isolated in ≥2
X148C,Park,Strip,X,0.029,125,7,-1,0.5,0.5,0.375,grouped,-1,1,-1,1.0,0.0,0.0,robust isolated,-1,1,-1,1.0,0.0,0.0,robust isolated,-1,1,-1,1.0,0.0,0.0,robust isolated,1,2,isolated in ≥2
X148C1,Featherbenches,Triangle/Plaza,X,0.213,124,50,187,0.0,1.0,1.0,grouped,1,81,1,0.0,1.0,1.0,grouped,-1,1,-1,0.667,0.333,0.333,unstable,-1,1,-1,0.875,0.125,0.0,robust isolated,1,1,definition-specific
X148C3,Inwood Park,Triangle/Plaza,X,0.36,124,50,187,0.125,0.75,0.5,grouped,1,81,1,0.0,1.0,0.5,grouped,-1,1,-1,1.0,0.0,0.0,robust isolated,-1,1,-1,1.0,0.0,0.0,robust isolated,1,2,isolated in ≥2
X148C4,Townsend Walk,Strip,X,0.037,124,50,187,0.0,1.0,1.0,grouped,1,81,1,0.0,1.0,1.0,grouped,-1,1,-1,0.667,0.333,0.333,unstable,-1,1,-1,0.875,0.125,0.0,robust isolated,1,1,definition-specific
X148C5,Jennie Jerome Playground,Playground,X,0.287,124,50,187,0.0,1.0,1.0,grouped,1,81,1,0.0,1.0,1.0,grouped,-1,1,-1,0.667,0.333,0.333,unstable,-1,1,-1,0.875,0.125,0.0,robust isolated,1,1,definition-specific
X148C6,Walton Walk,Strip,X,0.037,124,50,187,0.0,1.0,1.0,grouped,1,81,1,0.0,1.0,1.0,grouped,-1,1,-1,1.0,0.0,0.0,robust isolated,-1,1,-1,0.688,0.312,0.062,unstable,1,1,definition-specific
X148C7,Jerome Playground South,Recreational Field/Courts,X,0.345,124,50,187,0.0,1.0,1.0,grouped,1,81,1,0.0,1.0,1.0,grouped,-1,1,-1,1.0,0.0,0.0,robust isolated,-1,1,-1,1.0,0.0,0.0,robust isolated,1,2,isolated in ≥2
X148D,Walton Slope,Parkway,X,0.55,124,50,187,0.0,1.0,1.0,grouped,1,81,1,0.0,1.0,1.0,grouped,-1,1,-1,1.0,0.0,0.0,robust isolated,-1,1,-1,0.938,0.062,0.0,robust isolated,1,2,isolated in ≥2
X148D1,Morris Mesa,Playground,X,0.15,124,50,187,0.0,1.0,0.875,grouped,1,81,1,0.0,1.0,1.0,grouped,-1,1,-1,1.0,0.0,0.0,robust isolated,-1,1,-1,0.875,0.0,0.0,robust isolated,1,2,isolated in ≥2
X148E,Peace Park,Playground,X,0.141,124,50,187,0.0,1.0,0.75,grouped,1,81,1,0.0,1.0,0.5,grouped,-1,1,-1,1.0,0.0,0.0,robust isolated,-1,1,-1,1.0,0.0,0.0,robust isolated,1,2,isolated in ≥2
X148F5,Park,Strip,X,0.017,116,2,171,0.25,0.667,0.5,grouped,1,81,-1,0.5,0.5,0.0,grouped,-1,1,-1,1.0,0.0,0.0,robust isolated,-1,1,-1,1.0,0.0,0.0,robust isolated,1,2,isolated in ≥2
X148G,Park,Strip,X,0.038,-1,1,-1,0.625,0.375,0.25,unstable,2,199,-1,0.5,0.5,0.5,grouped,-1,1,-1,1.0,0.0,0.0,robust isolated,-1,1,-1,1.0,0.0,0.0,robust isolated,0,2,isolated in ≥2
X148G1,Park,Strip,X,0.025,85,35,132,0.167,0.708,0.625,grouped,2,199,18,0.0,1.0,1.0,grouped,-1,1,-1,1.0,0.0,0.0,robust isolated,-1,1,-1,0.625,0.25,0.125,unstable,1,1,definition-specific
X148G2,Park,Strip,X,0.046,85,35,132,0.167,0.708,0.625,grouped,2,199,18,0.0,1.0,1.0,grouped,-1,1,-1,1.0,0.0,0.0,robust isolated,-1,1,-1,0.625,0.25,0.125,unstable,1,1,definition-specific
X148H,Admiral Farragut Playground,Playground,X,1.359,85,35,132,0.0,1.0,1.0,grouped,2,199,18,0.0,1.0,1.0,grouped,-1,1,-1,1.0,0.0,0.0,robust isolated,-1,1,-1,1.0,0.0,0.0,robust isolated,1,2,isolated in ≥2
X148H1,Prospect Playground,Jointly Operated Playground,X,1.438,85,35,132,0.0,1.0,1.0,grouped,2,199,18,0.0,1.0,1.0,grouped,-1,1,-1,1.0,0.0,0.0,robust isolated,-1,1,-1,0.875,0.125,0.062,robust isolated,1,2,isolated in ≥2
X148H2,Fairmount Playground,Triangle/Plaza,X,0.47,85,35,132,0.0,1.0,1.0,grouped,2,199,18,0.0,1.0,1.0,grouped,-1,1,-1,1.0,0.0,0.0,robust isolated,4,3,-1,0.375,0.5,0.062,grouped,2,1,grouped in ≥2
X148H3,Park,Strip,X,0.023,85,35,132,0.0,1.0,0.5,grouped,2,199,-1,0.5,0.5,0.0,grouped,-1,1,-1,1.0,0.0,0.0,robust isolated,-1,1,-1,1.0,0.0,0.0,robust isolated,1,2,isolated in ≥2
X148I,Park,Strip,X,0.027,85,35,132,0.0,1.0,0.625,grouped,2,199,17,0.0,1.0,1.0,grouped,-1,1,-1,1.0,0.0,0.0,robust isolated,-1,1,-1,1.0,0.0,0.0,robust isolated,1,2,isolated in ≥2
X148I2,Park,Strip,X,0.023,85,35,132,0.0,1.0,0.75,grouped,2,199,18,0.0,1.0,1.0,grouped,-1,1,-1,1.0,0.0,0.0,robust isolated,-1,1,-1,0.75,0.0,0.0,unstable,1,1,definition-specific
X148I3,Park,Strip,X,0.03,-1,1,-1,0.5,0.5,0.375,unstable,2,199,17,0.0,1.0,1.0,grouped,-1,1,-1,1.0,0.0,0.0,robust isolated,-1,1,-1,1.0,0.0,0.0,robust isolated,0,2,isolated in ≥2
X148J,Park,Strip,X,0.083,-1,1,-1,0.5,0.5,0.375,unstable,2,199,17,0.0,1.0,0.5,grouped,-1,1,-1,1.0,0.0,0.0,robust isolated,-1,1,-1,1.0,0.0,0.0,robust isolated,0,2,isolated in ≥2
X148J2,Boone Slope,Strip,X,0.03,-1,1,-1,0.75,0.25,0.25,unstable,2,199,-1,0.5,0.5,0.5,grouped,-1,1,-1,1.0,0.0,0.0,robust isolated,-1,1,-1,1.0,0.0,0.0,robust isolated,0,2,isolated in ≥2
X148K1,Park,Triangle/Plaza,X,0.059,80,14,125,0.0,1.0,0.875,grouped,2,199,17,0.0,1.0,1.0,grouped,-1,1,-1,0.556,0.444,0.444,unstable,-1,1,-1,1.0,0.0,0.0,robust isolated,1,1,definition-specific
X148K2,St. Lawrence Triangle,Triangle/Plaza,X,0.14,80,14,125,0.0,1.0,0.875,grouped,2,199,17,0.0,1.0,1.0,grouped,-1,1,-1,0.889,0.111,0.111,robust isolated,-1,1,-1,1.0,0.0,0.0,robust isolated,1,2,isolated in ≥2
X148K3,Wood Park,Triangle/Plaza,X,0.191,80,14,125,0.0,1.0,0.792,grouped,2,199,17,0.0,1.0,0.5,grouped,-1,1,-1,0.889,0.111,0.111,robust isolated,-1,1,-1,1.0,0.0,0.0,robust isolated,1,2,isolated in ≥2
X148K4,Park,Triangle/Plaza,X,0.138,80,14,125,0.0,1.0,0.875,grouped,2,199,17,0.0,1.0,1.0,grouped,-1,1,-1,1.0,0.0,0.0,robust isolated,-1,1,-1,0.875,0.062,0.0,robust isolated,1,2,isolated in ≥2
X148L,Virginia Playground,Playground,X,0.461,80,14,125,0.0,1.0,0.792,grouped,2,199,17,0.0,1.0,1.0,grouped,-1,1,-1,0.667,0.333,0.111,unstable,-1,1,-1,1.0,0.0,0.0,robust isolated,1,1,definition-specific
X148L1,Virginia Park,Neighborhood Park,X,0.918,80,14,-1,0.25,0.75,0.708,grouped,2,199,17,0.0,1.0,1.0,grouped,-1,1,-1,0.556,0.444,0.444,unstable,-1,1,-1,0.875,0.062,0.0,robust isolated,1,1,definition-specific
X148M,Chief Dennis L. Devlin Park,Triangle/Plaza,X,0.52,78,4,123,0.0,0.708,0.583,grouped,2,199,17,0.0,1.0,1.0,grouped,-1,1,-1,1.0,0.0,0.0,robust isolated,-1,1,-1,0.875,0.0,0.0,robust isolated,1,2,isolated in ≥2
X148M1,Havemeyer Playground,Playground,X,0.442,78,4,123,0.0,0.708,0.5,grouped,2,199,17,0.0,1.0,1.0,grouped,-1,1,-1,1.0,0.0,0.0,robust isolated,-1,1,-1,1.0,0.0,0.0,robust isolated,1,2,isolated in ≥2
X149,Miele Park,Triangle/Plaza,X,0.39,83,3,129,0.25,0.5,0.25,grouped,6,3,56,0.0,1.0,0.0,grouped,-1,1,-1,1.0,0.0,0.0,robust isolated,-1,1,-1,1.0,0.0,0.0,robust isolated,1,2,isolated in ≥2
X150D,Gasoline Alley,Strip,X,0.667,-1,1,-1,0.625,0.375,0.25,unstable,8,3,-1,0.5,0.5,0.0,grouped,195,7,-1,0.333,0.667,0.667,grouped,-1,1,-1,1.0,0.0,0.0,robust isolated,1,1,definition-specific
X150E,Fordham Landing Playground,Playground,X,3.9,134,3,209,0.125,0.875,0.75,grouped,5,20,49,0.0,1.0,1.0,grouped,-1,1,-1,1.0,0.0,0.0,robust isolated,105,3,112,0.0,1.0,0.812,grouped,2,1,grouped in ≥2
X150G,Siren Slope,Parkway,X,0.275,135,3,210,0.25,0.75,0.417,grouped,5,20,49,0.0,1.0,1.0,grouped,-1,1,-1,1.0,0.0,0.0,robust isolated,106,2,-1,0.5,0.438,0.25,grouped,2,1,grouped in ≥2
X150H,Crescent Park,Triangle/Plaza,X,0.436,-1,1,-1,0.75,0.25,0.25,unstable,-1,1,-1,1.0,0.0,0.0,robust isolated,-1,1,-1,1.0,0.0,0.0,robust isolated,-1,1,-1,1.0,0.0,0.0,robust isolated,0,2,isolated in ≥2
X150I,Cooney Grauer Field,Recreational Field/Courts,X,1.274,135,3,210,0.25,0.75,0.417,grouped,5,20,49,0.0,1.0,1.0,grouped,-1,1,-1,1.0,0.0,0.0,robust isolated,-1,1,-1,0.75,0.25,0.125,unstable,1,1,definition-specific
X150J,Bailey Playground,Playground,X,3.533,135,3,210,0.25,0.75,0.417,grouped,5,20,49,0.0,1.0,1.0,grouped,-1,1,-1,1.0,0.0,0.0,robust isolated,106,2,-1,0.5,0.438,0.25,grouped,2,1,grouped in ≥2
X150K,Park,Strip,X,0.088,136,2,211,0.0,0.25,0.25,grouped,5,20,-1,0.5,0.5,0.5,grouped,-1,1,-1,1.0,0.0,0.0,robust isolated,-1,1,-1,1.0,0.0,0.0,robust isolated,1,2,isolated in ≥2
X150L,Van Cortlandt's Tail,Triangle/Plaza,X,0.35,136,2,211,0.0,0.25,0.25,grouped,5,20,50,0.0,1.0,1.0,grouped,-1,1,-1,1.0,0.0,0.0,robust isolated,-1,1,-1,1.0,0.0,0.0,robust isolated,1,2,isolated in ≥2
X151,P.O. Serrano Playground,Neighborhood Park,X,2.618,70,2,114,0.25,0.417,0.25,grouped,2,199,17,0.0,1.0,1.0,grouped,-1,1,-1,1.0,0.0,0.0,robust isolated,-1,1,-1,1.0,0.0,0.0,robust isolated,1,2,isolated in ≥2
X152,Vinmont Veteran Park,Jointly Operated Playground,X,3.5,-1,1,-1,0.75,0.25,0.208,unstable,-1,1,-1,1.0,0.0,0.0,robust isolated,-1,1,-1,0.778,0.222,0.0,unstable,-1,1,-1,1.0,0.0,0.0,robust isolated,0,1,definition-specific
X153,Merriam Playground,Playground,X,2.944,123,22,180,0.0,1.0,0.917,grouped,1,81,1,0.0,1.0,1.0,grouped,-1,1,-1,1.0,0.0,0.0,robust isolated,-1,1,-1,1.0,0.0,0.0,robust isolated,1,2,isolated in ≥2
X154,Melrose Playground,Playground,X,1.001,62,33,105,0.0,1.0,0.75,grouped,2,199,18,0.0,1.0,0.5,grouped,-1,1,-1,1.0,0.0,0.0,robust isolated,-1,1,-1,0.875,0.0,0.0,robust isolated,1,2,isolated in ≥2
X155,Patterson Playground,Jointly Operated Playground,X,2.37,58,13,95,0.0,0.75,0.75,grouped,1,81,1,0.0,1.0,1.0,grouped,-1,1,-1,0.667,0.333,0.333,unstable,-1,1,-1,1.0,0.0,0.0,robust isolated,1,1,definition-specific
X156,Eastchester Playground,Playground,X,1.025,-1,1,-1,0.583,0.333,0.167,unstable,4,19,44,0.0,1.0,1.0,grouped,-1,1,-1,1.0,0.0,0.0,robust isolated,-1,1,-1,1.0,0.0,0.0,robust isolated,0,2,isolated in ≥2
X157,Mazzei Playground,Playground,X,1.59,-1,1,-1,0.417,0.417,0.167,unstable,4,19,44,0.0,1.0,1.0,grouped,-1,1,-1,1.0,0.0,0.0,robust isolated,-1,1,-1,0.938,0.0,0.0,robust isolated,0,2,isolated in ≥2
X158,Sedgwick Playground,Playground,X,1.054,-1,1,-1,0.625,0.375,0.25,unstable,1,81,-1,0.5,0.5,0.0,grouped,-1,1,-1,1.0,0.0,0.0,robust isolated,-1,1,-1,1.0,0.0,0.0,robust isolated,0,2,isolated in ≥2
X159,Captain William Harry Thompson Playground,Neighborhood Park,X,1.0,53,17,90,0.0,1.0,1.0,grouped,2,199,17,0.0,1.0,1.0,grouped,-1,1,-1,0.889,0.111,0.111,robust isolated,-1,1,-1,0.625,0.125,0.0,unstable,1,1,definition-specific
X160,Caserta Playground,Jointly Operated Playground,X,1.0,79,2,124,0.0,0.5,0.167,grouped,2,199,17,0.0,1.0,0.5,grouped,-1,1,-1,0.889,0.0,0.0,robust isolated,-1,1,-1,1.0,0.0,0.0,robust isolated,1,2,isolated in ≥2
X161,Gun Hill Playground,Playground,X,0.716,96,4,-1,0.5,0.5,0.25,grouped,4,19,44,0.0,1.0,0.5,grouped,-1,1,-1,1.0,0.0,0.0,robust isolated,-1,1,-1,1.0,0.0,0.0,robust isolated,1,2,isolated in ≥2
X162,Parkside Playground,Playground,X,0.817,95,2,144,0.0,0.25,0.25,grouped,4,19,44,0.0,1.0,1.0,grouped,-1,1,-1,1.0,0.0,0.0,robust isolated,-1,1,-1,1.0,0.0,0.0,robust isolated,1,2,isolated in ≥2
X163,Loreto Playground,Community Park,X,2.181,-1,1,-1,0.667,0.333,0.167,unstable,2,199,17,0.0,1.0,0.5,grouped,-1,1,-1,1.0,0.0,0.0,robust isolated,-1,1,-1,1.0,0.0,0.0,robust isolated,0,2,isolated in ≥2
X164,Dawson Playground,Jointly Operated Playground,X,0.743,-1,1,-1,0.583,0.417,0.333,unstable,2,199,17,0.0,1.0,1.0,grouped,-1,1,-1,1.0,0.0,0.0,robust isolated,-1,1,-1,1.0,0.0,0.0,robust isolated,0,2,isolated in ≥2
X164A,Wishing Well Garden,Garden,X,0.351,-1,1,-1,0.75,0.25,0.25,unstable,2,199,17,0.0,1.0,1.0,grouped,-1,1,-1,1.0,0.0,0.0,robust isolated,-1,1,-1,1.0,0.0,0.0,robust isolated,0,2,isolated in ≥2
X165,Edenwald Playground,Jointly Operated Playground,X,2.537,-1,1,-1,0.75,0.25,0.083,unstable,4,19,44,0.0,1.0,1.0,grouped,-1,1,-1,1.0,0.0,0.0,robust isolated,-1,1,-1,1.0,0.0,0.0,robust isolated,0,2,isolated in ≥2
X166,Behagen Playground,Playground,X,3.348,50,9,-1,0.333,0.667,0.625,grouped,2,199,17,0.0,1.0,1.0,grouped,-1,1,-1,1.0,0.0,0.0,robust isolated,-1,1,-1,0.875,0.0,0.0,robust isolated,1,2,isolated in ≥2
X168,Nelson Playground,Playground,X,1.264,123,22,180,0.0,1.0,0.917,grouped,1,81,1,0.0,1.0,1.0,grouped,-1,1,-1,1.0,0.0,0.0,robust isolated,-1,1,-1,0.75,0.25,0.125,unstable,1,1,definition-specific
X169,Agnes Haywood Playground,Jointly Operated Playground,X,1.32,96,4,145,0.25,0.75,0.25,grouped,4,19,44,0.0,1.0,1.0,grouped,-1,1,-1,1.0,0.0,0.0,robust isolated,-1,1,-1,1.0,0.0,0.0,robust isolated,1,2,isolated in ≥2
X170,The Pearly Gates,Playground,X,0.659,-1,1,-1,0.75,0.25,0.25,unstable,-1,1,-1,1.0,0.0,0.0,robust isolated,-1,1,-1,1.0,0.0,0.0,robust isolated,-1,1,-1,1.0,0.0,0.0,robust isolated,0,2,isolated in ≥2
X171,Spuyten Duyvil Playground,Jointly Operated Playground,X,1.51,107,8,158,0.125,0.875,0.0,grouped,5,20,-1,0.5,0.5,0.0,grouped,-1,1,-1,1.0,0.0,0.0,robust isolated,-1,1,-1,1.0,0.0,0.0,robust isolated,1,2,isolated in ≥2
X172,Allerton Playground,Jointly Operated Playground,X,1.597,97,2,-1,0.25,0.333,0.167,grouped,4,19,44,0.0,1.0,1.0,grouped,-1,1,-1,1.0,0.0,0.0,robust isolated,-1,1,-1,0.938,0.0,0.0,robust isolated,1,2,isolated in ≥2
X174,Webster Playground,Playground,X,0.744,117,4,172,0.0,1.0,0.375,grouped,2,199,18,0.0,1.0,1.0,grouped,-1,1,-1,1.0,0.0,0.0,robust isolated,-1,1,-1,0.75,0.25,0.0,unstable,1,1,definition-specific
X175,Riverbend Playground,Jointly Operated Playground,X,0.637,134,3,209,0.125,0.875,0.75,grouped,5,20,49,0.0,1.0,1.0,grouped,-1,1,-1,1.0,0.0,0.0,robust isolated,105,3,112,0.0,1.0,0.812,grouped,2,1,grouped in ≥2
X176,Taylor Playground,Jointly Operated Playground,X,1.578,80,14,125,0.0,1.0,0.5,grouped,2,199,17,0.0,1.0,0.5,grouped,-1,1,-1,0.889,0.111,0.111,robust isolated,-1,1,-1,1.0,0.0,0.0,robust isolated,1,2,isolated in ≥2
X177,Castle Hill Playground,Jointly Operated Playground,X,1.368,79,2,124,0.0,0.5,0.333,grouped,2,199,17,0.0,1.0,1.0,grouped,-1,1,-1,0.889,0.0,0.0,robust isolated,-1,1,-1,1.0,0.0,0.0,robust isolated,1,2,isolated in ≥2
X178,Matthews Muliner Playground,Playground,X,1.02,-1,1,-1,0.75,0.25,0.167,unstable,-1,1,-1,1.0,0.0,0.0,robust isolated,-1,1,-1,1.0,0.0,0.0,robust isolated,-1,1,-1,1.0,0.0,0.0,robust isolated,0,2,isolated in ≥2
X179,Al Quiñones Playground,Jointly Operated Playground,X,1.793,50,9,85,0.25,0.75,0.375,grouped,2,199,17,0.0,1.0,0.5,grouped,-1,1,-1,1.0,0.0,0.0,robust isolated,-1,1,-1,1.0,0.0,0.0,robust isolated,1,2,isolated in ≥2
X180,Whalen Playground,Triangle/Plaza,X,0.326,118,2,-1,0.375,0.5,0.25,grouped,-1,1,-1,1.0,0.0,0.0,robust isolated,-1,1,-1,1.0,0.0,0.0,robust isolated,-1,1,-1,1.0,0.0,0.0,robust isolated,1,2,isolated in ≥2
X182,Millbrook Playground,Playground,X,1.053,59,4,99,0.125,0.708,0.625,grouped,2,199,17,0.0,1.0,0.5,grouped,-1,1,-1,1.0,0.0,0.0,robust isolated,-1,1,-1,0.625,0.125,0.0,unstable,1,1,definition-specific
X183,Bruckner Playground,Jointly Operated Playground,X,1.053,-1,1,-1,0.667,0.125,0.0,unstable,7,2,57,0.0,0.0,0.0,grouped,-1,1,-1,1.0,0.0,0.0,robust isolated,-1,1,-1,1.0,0.0,0.0,robust isolated,0,2,isolated in ≥2
X185,Dunbar Playground,Jointly Operated Playground,X,1.44,62,33,102,0.0,1.0,0.75,grouped,2,199,17,0.0,1.0,1.0,grouped,-1,1,-1,0.778,0.222,0.222,unstable,-1,1,-1,1.0,0.0,0.0,robust isolated,1,1,definition-specific
X186,Riverdale Playground,Jointly Operated Playground,X,2.58,107,8,158,0.0,0.875,0.375,grouped,-1,1,-1,1.0,0.0,0.0,robust isolated,-1,1,-1,0.778,0.222,0.0,unstable,-1,1,-1,1.0,0.0,0.0,robust isolated,1,1,definition-specific
X187,Givan Square,Playground,X,1.82,-1,1,-1,0.667,0.333,0.167,unstable,4,19,44,0.0,1.0,1.0,grouped,207,2,261,0.0,0.0,0.0,grouped,-1,1,-1,1.0,0.0,0.0,robust isolated,1,1,definition-specific
X188,Wakefield Playground,Jointly Operated Playground,X,1.104,-1,1,-1,0.917,0.083,0.083,robust isolated,4,19,44,0.0,1.0,0.5,grouped,-1,1,-1,1.0,0.0,0.0,robust isolated,-1,1,-1,1.0,0.0,0.0,robust isolated,0,3,isolated in all
X190,Tiffany Playground,Jointly Operated Playground,X,1.144,50,9,85,0.25,0.75,0.417,grouped,2,199,17,0.0,1.0,1.0,grouped,-1,1,-1,1.0,0.0,0.0,robust isolated,-1,1,-1,1.0,0.0,0.0,robust isolated,1,2,isolated in ≥2
X191A,Bicentennial Veterans Memorial Park,Neighborhood Park,X,9.395,-1,1,-1,1.0,0.0,0.0,robust isolated,-1,1,-1,1.0,0.0,0.0,robust isolated,-1,1,-1,1.0,0.0,0.0,robust isolated,-1,1,-1,1.0,0.0,0.0,robust isolated,0,3,isolated in all
X191D,Park,Strip,X,0.008,-1,1,-1,1.0,0.0,0.0,robust isolated,-1,1,-1,1.0,0.0,0.0,robust isolated,-1,1,-1,1.0,0.0,0.0,robust isolated,-1,1,-1,1.0,0.0,0.0,robust isolated,0,3,isolated in all
X193,Stars & Stripes Playground,Jointly Operated Playground,X,2.646,-1,1,-1,0.75,0.25,0.083,unstable,4,19,-1,0.5,0.5,0.0,grouped,-1,1,-1,1.0,0.0,0.0,robust isolated,-1,1,-1,1.0,0.0,0.0,robust isolated,0,2,isolated in ≥2
X194,Captain Rivera Playground,Playground,X,0.988,50,9,84,0.0,1.0,0.5,grouped,2,199,17,0.0,1.0,1.0,grouped,-1,1,-1,0.889,0.111,0.111,robust isolated,-1,1,-1,1.0,0.0,0.0,robust isolated,1,2,isolated in ≥2
X195A,Colgate Close,Neighborhood Park,X,1.871,52,2,-1,0.375,0.5,0.375,grouped,2,199,17,0.0,1.0,1.0,grouped,-1,1,-1,1.0,0.0,0.0,robust isolated,-1,1,-1,1.0,0.0,0.0,robust isolated,1,2,isolated in ≥2
X195B,Park,Strip,X,0.102,-1,1,-1,0.75,0.167,0.167,unstable,2,199,17,0.0,1.0,0.5,grouped,-1,1,-1,1.0,0.0,0.0,robust isolated,-1,1,-1,1.0,0.0,0.0,robust isolated,0,2,isolated in ≥2
X195C,Park,Strip,X,0.007,83,3,129,0.25,0.5,0.167,grouped,6,3,56,0.0,1.0,0.0,grouped,-1,1,-1,1.0,0.0,0.0,robust isolated,-1,1,-1,1.0,0.0,0.0,robust isolated,1,2,isolated in ≥2
X195D,Park,Strip,X,0.006,-1,1,-1,0.625,0.375,0.25,unstable,2,199,-1,0.5,0.5,0.5,grouped,-1,1,-1,1.0,0.0,0.0,robust isolated,-1,1,-1,1.0,0.0,0.0,robust isolated,0,2,isolated in ≥2
X195F,Park,Strip,X,0.025,78,4,123,0.0,0.708,0.583,grouped,2,199,17,0.0,1.0,1.0,grouped,-1,1,-1,1.0,0.0,0.0,robust isolated,-1,1,-1,0.938,0.0,0.0,robust isolated,1,2,isolated in ≥2
X196,Haffen Park,Neighborhood Park,X,9.238,-1,1,-1,0.75,0.25,0.167,unstable,4,19,-1,0.5,0.5,0.0,grouped,-1,1,-1,1.0,0.0,0.0,robust isolated,-1,1,-1,1.0,0.0,0.0,robust isolated,0,2,isolated in ≥2
X197,Mosholu Playground,Jointly Operated Playground,X,0.412,131,2,-1,0.5,0.25,0.25,grouped,1,81,-1,0.5,0.5,0.0,grouped,-1,1,-1,1.0,0.0,0.0,robust isolated,-1,1,-1,1.0,0.0,0.0,robust isolated,1,2,isolated in ≥2
X200,Clark Playground,Jointly Operated Playground,X,0.722,58,13,96,0.0,1.0,0.75,grouped,2,199,17,0.0,1.0,1.0,grouped,-1,1,-1,0.667,0.333,0.333,unstable,-1,1,-1,1.0,0.0,0.0,robust isolated,1,1,definition-specific
X201,Seton Park,Community Park,X,11.689,107,8,-1,0.5,0.5,0.25,grouped,-1,1,-1,1.0,0.0,0.0,robust isolated,-1,1,-1,1.0,0.0,0.0,robust isolated,-1,1,-1,1.0,0.0,0.0,robust isolated,1,2,isolated in ≥2
X202,Marble Hill Playground,Playground,X,1.646,-1,1,-1,0.75,0.25,0.167,unstable,5,20,-1,0.5,0.5,0.5,grouped,-1,1,-1,1.0,0.0,0.0,robust isolated,-1,1,-1,1.0,0.0,0.0,robust isolated,0,2,isolated in ≥2
X203,Randall Playground,Playground,X,1.0,-1,1,-1,0.583,0.417,0.25,unstable,2,199,17,0.0,1.0,1.0,grouped,-1,1,-1,0.889,0.111,0.0,robust isolated,-1,1,-1,1.0,0.0,0.0,robust isolated,0,2,isolated in ≥2
X204,Story Playground,Jointly Operated Playground,X,2.075,74,5,118,0.0,1.0,0.417,grouped,2,199,17,0.0,1.0,1.0,grouped,-1,1,-1,0.944,0.056,0.056,robust isolated,-1,1,-1,1.0,0.0,0.0,robust isolated,1,2,isolated in ≥2
X205,FDNY-EMT Yadira Arroyo Playground,Jointly Operated Playground,X,0.322,80,14,125,0.0,1.0,0.875,grouped,2,199,17,0.0,1.0,1.0,grouped,-1,1,-1,0.778,0.222,0.222,unstable,-1,1,-1,0.875,0.125,0.0,robust isolated,1,1,definition-specific
X206,Morgan Playground,Jointly Operated Playground,X,0.782,62,33,105,0.0,1.0,0.5,grouped,2,199,18,0.0,1.0,1.0,grouped,-1,1,-1,0.667,0.0,0.0,unstable,-1,1,-1,0.625,0.0,0.0,unstable,1,0,definition-specific
X207,Pontiac Playground,Jointly Operated Playground,X,0.913,58,13,96,0.0,1.0,1.0,grouped,2,199,17,0.0,1.0,1.0,grouped,-1,1,-1,0.889,0.111,0.111,robust isolated,-1,1,-1,0.812,0.0,0.0,robust isolated,1,2,isolated in ≥2
X208,Haviland Playground,Jointly Operated Playground,X,0.84,80,14,125,0.0,1.0,0.875,grouped,2,199,17,0.0,1.0,1.0,grouped,-1,1,-1,0.778,0.222,0.222,unstable,-1,1,-1,0.75,0.125,0.0,unstable,1,0,definition-specific
X209,Wave Hill,Historic House Park,X,20.867,107,8,158,0.25,0.75,0.208,grouped,-1,1,-1,1.0,0.0,0.0,robust isolated,-1,1,-1,1.0,0.0,0.0,robust isolated,-1,1,-1,1.0,0.0,0.0,robust isolated,1,2,isolated in ≥2
X211,Stebbins Playground,Jointly Operated Playground,X,0.83,49,4,-1,0.375,0.625,0.458,grouped,2,199,19,0.0,1.0,0.5,grouped,-1,1,-1,1.0,0.0,0.0,robust isolated,-1,1,-1,0.688,0.312,0.0,unstable,1,1,definition-specific
X214,Magenta Playground,Jointly Operated Playground,X,1.205,-1,1,-1,0.75,0.25,0.25,unstable,4,19,-1,0.5,0.5,0.0,grouped,-1,1,-1,1.0,0.0,0.0,robust isolated,-1,1,-1,1.0,0.0,0.0,robust isolated,0,2,isolated in ≥2
X215,Valentine Varian House,Historic House Park,X,0.455,-1,1,-1,0.75,0.25,0.25,unstable,-1,1,-1,1.0,0.0,0.0,robust isolated,-1,1,-1,0.556,0.444,0.0,unstable,-1,1,-1,1.0,0.0,0.0,robust isolated,0,1,definition-specific
X216,Abigail Playground,Playground,X,0.529,50,9,84,0.0,1.0,0.667,grouped,2,199,17,0.0,1.0,1.0,grouped,-1,1,-1,0.889,0.111,0.111,robust isolated,-1,1,-1,1.0,0.0,0.0,robust isolated,1,2,isolated in ≥2
X217,Willis Playground,Jointly Operated Playground,X,1.882,62,33,104,0.0,1.0,1.0,grouped,2,199,17,0.0,1.0,0.5,grouped,-1,1,-1,1.0,0.0,0.0,robust isolated,-1,1,-1,1.0,0.0,0.0,robust isolated,1,2,isolated in ≥2
X219,Arcilla Playground,Jointly Operated Playground,X,1.377,-1,1,-1,0.417,0.583,0.5,unstable,1,81,1,0.0,1.0,1.0,grouped,-1,1,-1,1.0,0.0,0.0,robust isolated,-1,1,-1,0.938,0.0,0.0,robust isolated,0,2,isolated in ≥2
X221,Space Time Playground,Jointly Operated Playground,X,1.28,70,2,114,0.25,0.417,0.25,grouped,2,199,-1,0.5,0.5,0.5,grouped,-1,1,-1,1.0,0.0,0.0,robust isolated,-1,1,-1,1.0,0.0,0.0,robust isolated,1,2,isolated in ≥2
X222,Gouverneur Playground,Playground,X,0.977,61,12,101,0.0,1.0,0.625,grouped,2,199,18,0.0,1.0,1.0,grouped,-1,1,-1,1.0,0.0,0.0,robust isolated,-1,1,-1,0.875,0.0,0.0,robust isolated,1,2,isolated in ≥2
X224,MacLaughlin Playground,Playground,X,0.284,106,2,157,0.25,0.125,0.083,grouped,-1,1,-1,1.0,0.0,0.0,robust isolated,-1,1,-1,1.0,0.0,0.0,robust isolated,-1,1,-1,1.0,0.0,0.0,robust isolated,1,2,isolated in ≥2
X228,I-Am-Park,Jointly Operated Playground,X,0.712,58,13,96,0.0,1.0,1.0,grouped,2,199,17,0.0,1.0,1.0,grouped,-1,1,-1,0.889,0.111,0.111,robust isolated,-1,1,-1,1.0,0.0,0.0,robust isolated,1,2,isolated in ≥2
X232,Burns Playground,Jointly Operated Playground,X,1.623,-1,1,-1,0.583,0.333,0.167,unstable,4,19,44,0.0,1.0,1.0,grouped,-1,1,-1,1.0,0.0,0.0,robust isolated,-1,1,-1,0.938,0.0,0.0,robust isolated,0,2,isolated in ≥2
X233,Fountain Of Youth Playground,Jointly Operated Playground,X,1.375,50,9,84,0.167,0.833,0.542,grouped,2,199,17,0.0,1.0,1.0,grouped,-1,1,-1,1.0,0.0,0.0,robust isolated,-1,1,-1,1.0,0.0,0.0,robust isolated,1,2,isolated in ≥2
X233A,El Flamboyan Garden,Garden,X,0.402,50,9,84,0.0,1.0,0.667,grouped,2,199,17,0.0,1.0,1.0,grouped,-1,1,-1,1.0,0.0,0.0,robust isolated,-1,1,-1,0.875,0.0,0.0,robust isolated,1,2,isolated in ≥2
X235,Grove Hill Playground,Jointly Operated Playground,X,1.186,62,33,102,0.0,1.0,0.75,grouped,2,199,17,0.0,1.0,1.0,grouped,-1,1,-1,1.0,0.0,0.0,robust isolated,-1,1,-1,0.875,0.125,0.0,robust isolated,1,2,isolated in ≥2
X236,Mapes Pool,Neighborhood Park,X,0.68,85,35,132,0.0,1.0,1.0,grouped,2,199,18,0.0,1.0,1.0,grouped,-1,1,-1,0.556,0.444,0.444,unstable,-1,1,-1,0.688,0.188,0.0,unstable,1,0,definition-specific
X238,Saw Mill Playground,Jointly Operated Playground,X,0.92,58,13,96,0.0,1.0,0.25,grouped,-1,1,-1,1.0,0.0,0.0,robust isolated,-1,1,-1,1.0,0.0,0.0,robust isolated,-1,1,-1,1.0,0.0,0.0,robust isolated,1,2,isolated in ≥2
X239,Castle Hill Little League Field,Recreational Field/Courts,X,1.707,78,4,123,0.0,0.708,0.583,grouped,2,199,17,0.0,1.0,1.0,grouped,-1,1,-1,1.0,0.0,0.0,robust isolated,-1,1,-1,0.938,0.0,0.0,robust isolated,1,2,isolated in ≥2
X241,Hoe Garden,Garden,X,0.23,53,17,90,0.125,0.875,0.5,grouped,2,199,17,0.0,1.0,1.0,grouped,-1,1,-1,1.0,0.0,0.0,robust isolated,13,3,15,0.25,0.75,0.125,grouped,2,1,grouped in ≥2
X242,Youth Village,Playground,X,0.27,61,12,101,0.0,0.75,0.708,grouped,2,199,17,0.0,1.0,1.0,grouped,-1,1,-1,1.0,0.0,0.0,robust isolated,-1,1,-1,1.0,0.0,0.0,robust isolated,1,2,isolated in ≥2
X243,Estella Diggs Park,Neighborhood Park,X,0.919,61,12,101,0.0,1.0,1.0,grouped,2,199,18,0.0,1.0,1.0,grouped,-1,1,-1,1.0,0.0,0.0,robust isolated,-1,1,-1,0.875,0.125,0.0,robust isolated,1,2,isolated in ≥2
X243A,Garden,Garden,X,0.095,61,12,101,0.0,1.0,1.0,grouped,2,199,18,0.0,1.0,0.0,grouped,-1,1,-1,1.0,0.0,0.0,robust isolated,92,2,-1,0.5,0.0,0.0,grouped,2,1,grouped in ≥2
X244,Grand Playground,Playground,X,0.381,124,50,187,0.0,1.0,1.0,grouped,1,81,2,0.0,1.0,0.5,grouped,-1,1,-1,0.556,0.444,0.444,unstable,-1,1,-1,1.0,0.0,0.0,robust isolated,1,1,definition-specific
X245,River Garden,Garden,X,0.44,85,35,132,0.0,0.875,0.75,grouped,2,199,18,0.0,1.0,1.0,grouped,-1,1,-1,0.556,0.444,0.444,unstable,-1,1,-1,0.688,0.25,0.0,unstable,1,0,definition-specific
X246,Brook Park,Garden,X,0.76,62,33,104,0.0,1.0,1.0,grouped,2,199,17,0.0,1.0,1.0,grouped,-1,1,-1,0.889,0.111,0.111,robust isolated,-1,1,-1,0.75,0.25,0.125,unstable,1,1,definition-specific
X247,Fox Park,Neighborhood Park,X,0.94,50,9,84,0.25,0.75,0.5,grouped,2,199,17,0.0,1.0,1.0,grouped,-1,1,-1,0.889,0.111,0.111,robust isolated,-1,1,-1,1.0,0.0,0.0,robust isolated,1,2,isolated in ≥2
X248,Barretto Park,Neighborhood Park,X,0.12,-1,1,-1,0.75,0.25,0.25,unstable,-1,1,-1,1.0,0.0,0.0,robust isolated,-1,1,-1,1.0,0.0,0.0,robust isolated,-1,1,-1,1.0,0.0,0.0,robust isolated,0,2,isolated in ≥2
X251,Co-op City Field,Recreational Field/Courts,X,3.4,-1,1,-1,1.0,0.0,0.0,robust isolated,-1,1,-1,1.0,0.0,0.0,robust isolated,-1,1,-1,1.0,0.0,0.0,robust isolated,-1,1,-1,1.0,0.0,0.0,robust isolated,0,3,isolated in all
X252,Bathgate Playground,Neighborhood Park,X,2.5,85,35,132,0.0,1.0,1.0,grouped,2,199,18,0.0,1.0,1.0,grouped,-1,1,-1,1.0,0.0,0.0,robust isolated,-1,1,-1,0.875,0.125,0.0,robust isolated,1,2,isolated in ≥2
X253,Ambrosini Field,Recreational Field/Courts,X,6.1,142,3,219,0.208,0.542,0.333,grouped,3,4,42,0.0,1.0,0.5,grouped,24,3,-1,0.333,0.667,0.667,grouped,-1,1,-1,1.0,0.0,0.0,robust isolated,2,1,grouped in ≥2
X255,Bill Rainey Park,Recreational Field/Courts,X,7.738,50,9,85,0.25,0.75,0.458,grouped,2,199,-1,0.5,0.5,0.5,grouped,-1,1,-1,1.0,0.0,0.0,robust isolated,-1,1,-1,1.0,0.0,0.0,robust isolated,1,2,isolated in ≥2
X256,Pelham Bay Little League,Recreational Field/Courts,X,1.26,72,3,116,0.25,0.75,0.417,grouped,2,199,17,0.0,1.0,1.0,grouped,205,3,259,0.0,1.0,0.0,grouped,-1,1,-1,1.0,0.0,0.0,robust isolated,2,1,grouped in ≥2
X257,Mount Hope Playground,Playground,X,0.7,124,50,187,0.0,1.0,1.0,grouped,1,81,1,0.0,1.0,1.0,grouped,-1,1,-1,1.0,0.0,0.0,robust isolated,-1,1,-1,0.875,0.125,0.062,robust isolated,1,2,isolated in ≥2
X258,Cleopatra Playground,Playground,X,0.618,-1,1,-1,0.75,0.25,0.25,unstable,-1,1,-1,1.0,0.0,0.0,robust isolated,-1,1,-1,1.0,0.0,0.0,robust isolated,-1,1,-1,1.0,0.0,0.0,robust isolated,0,2,isolated in ≥2
X259,Raoul Wallenberg Forest,Nature Area,X,4.73,107,8,158,0.125,0.875,0.375,grouped,-1,1,-1,1.0,0.0,0.0,robust isolated,-1,1,-1,1.0,0.0,0.0,robust isolated,-1,1,-1,1.0,0.0,0.0,robust isolated,1,2,isolated in ≥2
X260,Julio Carballo Fields,Recreational Field/Courts,X,3.351,44,2,-1,0.5,0.25,0.25,grouped,2,199,-1,0.5,0.5,0.5,grouped,-1,1,-1,1.0,0.0,0.0,robust isolated,-1,1,-1,1.0,0.0,0.0,robust isolated,1,2,isolated in ≥2
X262,Harding Park,Neighborhood Park,X,2.16,75,3,119,0.0,0.5,0.25,grouped,2,199,21,0.0,0.5,0.0,grouped,-1,1,-1,1.0,0.0,0.0,robust isolated,-1,1,-1,1.0,0.0,0.0,robust isolated,1,2,isolated in ≥2
X263,Quarry Ballfields,Recreational Field/Courts,X,4.417,85,35,132,0.0,1.0,1.0,grouped,2,199,18,0.0,1.0,1.0,grouped,-1,1,-1,1.0,0.0,0.0,robust isolated,-1,1,-1,1.0,0.0,0.0,robust isolated,1,2,isolated in ≥2
X264,Field Of Dreams Court,Recreational Field/Courts,X,0.172,53,17,90,0.0,1.0,0.667,grouped,2,199,17,0.0,1.0,1.0,grouped,-1,1,-1,1.0,0.0,0.0,robust isolated,-1,1,-1,0.75,0.0,0.0,unstable,1,1,definition-specific
X265,Galileo Playground,Playground,X,0.714,125,7,-1,0.5,0.5,0.5,grouped,1,81,-1,0.5,0.5,0.5,grouped,-1,1,-1,1.0,0.0,0.0,robust isolated,-1,1,-1,1.0,0.0,0.0,robust isolated,1,2,isolated in ≥2
X266,Vidalia Park,Neighborhood Park,X,2.136,85,35,132,0.0,1.0,1.0,grouped,2,199,18,0.0,1.0,1.0,grouped,-1,1,-1,0.556,0.444,0.444,unstable,-1,1,-1,0.875,0.062,0.0,robust isolated,1,1,definition-specific
X267,Eae J Mitchell Park,Neighborhood Park,X,0.183,53,17,90,0.0,1.0,1.0,grouped,2,199,17,0.0,1.0,1.0,grouped,-1,1,-1,0.889,0.111,0.111,robust isolated,-1,1,-1,0.375,0.375,0.312,unstable,1,1,definition-specific
X268,Givans Creek Woods,Nature Area,X,10.735,-1,1,-1,1.0,0.0,0.0,robust isolated,-1,1,-1,1.0,0.0,0.0,robust isolated,-1,1,-1,1.0,0.0,0.0,robust isolated,-1,1,-1,1.0,0.0,0.0,robust isolated,0,3,isolated in all
X269,Cpl Fischer Park,Neighborhood Park,X,0.44,123,22,180,0.0,1.0,0.917,grouped,1,81,1,0.0,1.0,1.0,grouped,-1,1,-1,0.667,0.0,0.0,unstable,-1,1,-1,0.75,0.25,0.125,unstable,1,0,definition-specific
X270,Freeman Garden,Garden,X,0.05,53,17,90,0.25,0.75,0.5,grouped,2,199,17,0.0,1.0,1.0,grouped,-1,1,-1,1.0,0.0,0.0,robust isolated,13,3,15,0.25,0.75,0.125,grouped,2,1,grouped in ≥2
X271,Grant Park,Neighborhood Park,X,4.72,124,50,184,0.0,1.0,0.75,grouped,1,81,1,0.0,1.0,1.0,grouped,-1,1,-1,0.444,0.333,0.333,unstable,-1,1,-1,1.0,0.0,0.0,robust isolated,1,1,definition-specific
X272,Ranaqua Playground,Neighborhood Park,X,0.972,59,4,98,0.125,0.708,0.5,grouped,2,199,17,0.0,1.0,1.0,grouped,-1,1,-1,1.0,0.0,0.0,robust isolated,-1,1,-1,0.875,0.125,0.0,robust isolated,1,2,isolated in ≥2
X273,Rock Garden Park,Neighborhood Park,X,0.977,53,17,90,0.0,1.0,0.75,grouped,2,199,17,0.0,1.0,1.0,grouped,-1,1,-1,1.0,0.0,0.0,robust isolated,-1,1,-1,0.562,0.375,0.312,unstable,1,1,definition-specific
X274,Mount Hope Garden,Playground,X,0.28,124,50,-1,0.333,0.667,0.583,grouped,1,81,1,0.0,1.0,1.0,grouped,-1,1,-1,1.0,0.0,0.0,robust isolated,86,2,-1,0.5,0.25,0.0,grouped,2,1,grouped in ≥2
X275,Mosaic Success Garden,Garden,X,0.286,123,22,-1,0.333,0.667,0.458,grouped,1,81,1,0.0,1.0,1.0,grouped,-1,1,-1,1.0,0.0,0.0,robust isolated,40,2,-1,0.375,0.0,0.0,grouped,2,1,grouped in ≥2
X276,Granja Farm OTF,Garden,X,0.375,62,33,102,0.25,0.75,0.625,grouped,2,199,17,0.0,1.0,1.0,grouped,-1,1,-1,0.556,0.444,0.444,unstable,-1,1,-1,0.75,0.0,0.0,unstable,1,0,definition-specific
X277,St. Luke's Park,Garden,X,0.401,58,13,96,0.0,1.0,0.542,grouped,2,199,17,0.0,1.0,1.0,grouped,-1,1,-1,0.778,0.222,0.222,unstable,73,2,-1,0.375,0.25,0.0,grouped,2,0,grouped in ≥2
X277A,United We Stand Garden,Garden,X,0.344,59,4,99,0.25,0.625,0.5,grouped,2,199,17,0.0,1.0,0.5,grouped,-1,1,-1,1.0,0.0,0.0,robust isolated,-1,1,-1,1.0,0.0,0.0,robust isolated,1,2,isolated in ≥2
X278,Boston Garden,Triangle/Plaza,X,0.024,97,2,-1,0.167,0.417,0.25,grouped,4,19,44,0.0,1.0,1.0,grouped,-1,1,-1,1.0,0.0,0.0,robust isolated,-1,1,-1,0.938,0.0,0.0,robust isolated,1,2,isolated in ≥2
X279,City Island Wetlands,Nature Area,X,8.005,-1,1,-1,0.792,0.208,0.083,unstable,3,4,-1,0.5,0.5,0.0,grouped,-1,1,-1,1.0,0.0,0.0,robust isolated,-1,1,-1,1.0,0.0,0.0,robust isolated,0,2,isolated in ≥2
X280,Washington Park,Playground,X,0.516,117,4,172,0.0,1.0,0.25,grouped,2,199,18,0.0,1.0,1.0,grouped,-1,1,-1,0.889,0.0,0.0,robust isolated,-1,1,-1,1.0,0.0,0.0,robust isolated,1,2,isolated in ≥2
X281,Stop & Go Playground,Playground,X,0.316,85,35,132,0.083,0.917,0.75,grouped,2,199,18,0.0,1.0,1.0,grouped,-1,1,-1,0.889,0.111,0.0,robust isolated,-1,1,-1,0.688,0.25,0.062,unstable,1,1,definition-specific
X282,Seabury Playground,Playground,X,0.186,85,35,-1,0.25,0.75,0.667,grouped,2,199,17,0.0,1.0,1.0,grouped,-1,1,-1,1.0,0.0,0.0,robust isolated,-1,1,-1,0.75,0.0,0.0,unstable,1,1,definition-specific
X283,Beanstalk Playground,Playground,X,0.267,-1,1,-1,1.0,0.0,0.0,robust isolated,-1,1,-1,1.0,0.0,0.0,robust isolated,-1,1,-1,1.0,0.0,0.0,robust isolated,-1,1,-1,1.0,0.0,0.0,robust isolated,0,3,isolated in all
X284,Printers Park,Playground,X,1.341,53,17,90,0.0,1.0,0.75,grouped,2,199,17,0.0,1.0,0.5,grouped,-1,1,-1,1.0,0.0,0.0,robust isolated,-1,1,-1,0.875,0.125,0.125,robust isolated,1,2,isolated in ≥2
X285,Padre Plaza,Garden,X,0.367,58,13,96,0.0,1.0,0.583,grouped,2,199,17,0.0,1.0,0.5,grouped,-1,1,-1,1.0,0.0,0.0,robust isolated,-1,1,-1,0.625,0.0,0.0,unstable,1,1,definition-specific
X286,Rev Lena Irons Unity Park,Neighborhood Park,X,0.342,62,33,105,0.0,1.0,0.833,grouped,2,199,18,0.0,1.0,1.0,grouped,-1,1,-1,0.667,0.0,0.0,unstable,-1,1,-1,1.0,0.0,0.0,robust isolated,1,1,definition-specific
X287,Ogden Plimpton Playground,Playground,X,0.229,124,50,-1,0.25,0.75,0.5,grouped,1,81,-1,0.5,0.5,0.5,grouped,-1,1,-1,1.0,0.0,0.0,robust isolated,-1,1,-1,1.0,0.0,0.0,robust isolated,1,2,isolated in ≥2
X288,West Farms Rapids,Neighborhood Park,X,1.016,85,35,132,0.125,0.875,0.75,grouped,2,199,18,0.0,1.0,1.0,grouped,-1,1,-1,0.556,0.444,0.444,unstable,-1,1,-1,0.625,0.25,0.0,unstable,1,0,definition-specific
X289,Mapes Park,Neighborhood Park,X,1.868,85,35,132,0.0,1.0,1.0,grouped,2,199,18,0.0,1.0,1.0,grouped,-1,1,-1,0.556,0.444,0.444,unstable,-1,1,-1,1.0,0.0,0.0,robust isolated,1,1,definition-specific
X290,Longfellow Playground,Playground,X,0.367,53,17,90,0.0,1.0,1.0,grouped,2,199,17,0.0,1.0,1.0,grouped,-1,1,-1,1.0,0.0,0.0,robust isolated,-1,1,-1,0.562,0.375,0.312,unstable,1,1,definition-specific
X291,Walton Park,Playground,X,0.344,124,50,187,0.0,1.0,1.0,grouped,1,81,1,0.0,1.0,1.0,grouped,-1,1,-1,0.556,0.444,0.444,unstable,-1,1,-1,0.688,0.188,0.062,unstable,1,0,definition-specific
X292,Mabel Hampton Playground,Playground,X,0.436,124,50,187,0.0,1.0,1.0,grouped,1,81,1,0.0,1.0,1.0,grouped,-1,1,-1,0.556,0.444,0.444,unstable,-1,1,-1,1.0,0.0,0.0,robust isolated,1,1,definition-specific
X293,Garden Of Happiness,Garden,X,0.341,85,35,132,0.0,1.0,1.0,grouped,2,199,18,0.0,1.0,1.0,grouped,-1,1,-1,1.0,0.0,0.0,robust isolated,4,3,-1,0.375,0.5,0.062,grouped,2,1,grouped in ≥2
X294,Palmer Inlet,Nature Area,X,7.49,-1,1,-1,0.0,0.0,0.0,unresolved,-1,1,-1,0.0,0.0,0.0,unresolved,-1,1,-1,0.0,0.0,0.0,unresolved,-1,1,-1,0.0,0.0,0.0,unresolved,0,0,definition-specific
X295,Half-Nelson Playground,Playground,X,0.61,123,22,180,0.25,0.75,0.5,grouped,1,81,1,0.0,1.0,1.0,grouped,-1,1,-1,1.0,0.0,0.0,robust isolated,-1,1,-1,0.625,0.25,0.125,unstable,1,1,definition-specific
X296,Taqwa Community Farm,Garden,X,0.494,123,22,180,0.0,1.0,0.75,grouped,1,81,1,0.0,1.0,1.0,grouped,-1,1,-1,1.0,0.0,0.0,robust isolated,40,2,-1,0.125,0.125,0.0,grouped,2,1,grouped in ≥2
X297,Garden Of Eden,Garden,X,0.207,124,50,187,0.0,1.0,0.875,grouped,2,199,18,0.0,1.0,1.0,grouped,-1,1,-1,1.0,0.0,0.0,robust isolated,-1,1,-1,1.0,0.0,0.0,robust isolated,1,2,isolated in ≥2
X298,Garden Of Life,Garden,X,0.183,124,50,187,0.0,1.0,0.875,grouped,2,199,18,0.0,1.0,1.0,grouped,-1,1,-1,1.0,0.0,0.0,robust isolated,-1,1,-1,1.0,0.0,0.0,robust isolated,1,2,isolated in ≥2
X299,Little Claremont Playground,Playground,X,0.549,62,33,105,0.0,1.0,0.5,grouped,2,199,18,0.0,1.0,1.0,grouped,-1,1,-1,1.0,0.0,0.0,robust isolated,-1,1,-1,0.562,0.0,0.0,unstable,1,1,definition-specific
X300,Davidson Playground,Playground,X,0.207,124,50,-1,0.375,0.625,0.458,grouped,1,81,2,0.0,1.0,0.5,grouped,-1,1,-1,1.0,0.0,0.0,robust isolated,18,2,20,0.25,0.125,0.0,grouped,2,1,grouped in ≥2
X302,Thorpe Family Playground,Playground,X,0.201,117,4,172,0.0,1.0,0.25,grouped,2,199,18,0.0,1.0,1.0,grouped,-1,1,-1,0.889,0.0,0.0,robust isolated,-1,1,-1,1.0,0.0,0.0,robust isolated,1,2,isolated in ≥2
X303,Sweetgum Community Garden,Garden,X,0.061,123,22,180,0.25,0.75,0.25,grouped,1,81,-1,0.5,0.5,0.0,grouped,-1,1,-1,1.0,0.0,0.0,robust isolated,-1,1,-1,1.0,0.0,0.0,robust isolated,1,2,isolated in ≥2
X304,Tiffany Street Pier,Waterfront Facility,X,4.231,-1,1,-1,1.0,0.0,0.0,robust isolated,-1,1,-1,1.0,0.0,0.0,robust isolated,-1,1,-1,1.0,0.0,0.0,robust isolated,-1,1,-1,1.0,0.0,0.0,robust isolated,0,3,isolated in all
X305,Concrete Plant Park,Neighborhood Park,X,6.282,53,17,90,0.125,0.875,0.625,grouped,2,199,17,0.0,1.0,1.0,grouped,-1,1,-1,0.556,0.444,0.444,unstable,-1,1,-1,0.938,0.0,0.0,robust isolated,1,1,definition-specific
X306,Garrison Park,Neighborhood Park,X,0.995,-1,1,-1,0.667,0.25,0.208,unstable,2,199,17,0.0,1.0,0.5,grouped,-1,1,-1,1.0,0.0,0.0,robust isolated,-1,1,-1,1.0,0.0,0.0,robust isolated,0,2,isolated in ≥2
X307,Barretto Point Park,Neighborhood Park,X,12.224,-1,1,-1,0.75,0.25,0.25,unstable,2,199,20,0.0,1.0,0.5,grouped,-1,1,-1,1.0,0.0,0.0,robust isolated,-1,1,-1,1.0,0.0,0.0,robust isolated,0,2,isolated in ≥2
X308,North Brother Island,Nature Area,X,30.395,-1,1,-1,0.0,0.0,0.0,unresolved,-1,1,-1,0.0,0.0,0.0,unresolved,-1,1,-1,0.0,0.0,0.0,unresolved,-1,1,-1,0.0,0.0,0.0,unresolved,0,0,definition-specific
X309,South Brother Island,Nature Area,X,21.10936646,-1,1,-1,0.0,0.0,0.0,unresolved,-1,1,-1,0.0,0.0,0.0,unresolved,-1,1,-1,0.0,0.0,0.0,unresolved,-1,1,-1,0.0,0.0,0.0,unresolved,0,0,definition-specific
X313,El Batey Borincano Garden,Garden,X,0.17,62,33,102,0.0,1.0,0.625,grouped,2,199,17,0.0,1.0,0.5,grouped,-1,1,-1,1.0,0.0,0.0,robust isolated,-1,1,-1,0.75,0.0,0.0,unstable,1,1,definition-specific
X314,Isla Verde Garden,Garden,X,0.16,-1,1,-1,0.5,0.5,0.375,unstable,2,199,-1,0.5,0.5,0.0,grouped,-1,1,-1,1.0,0.0,0.0,robust isolated,-1,1,-1,1.0,0.0,0.0,robust isolated,0,2,isolated in ≥2
X315,Bryant Hill Garden,Garden,X,0.34,45,3,-1,0.333,0.667,0.417,grouped,2,199,20,0.0,1.0,0.5,grouped,-1,1,-1,1.0,0.0,0.0,robust isolated,-1,1,-1,1.0,0.0,0.0,robust isolated,1,2,isolated in ≥2
X316,Genesis Community Garden,Garden,X,0.054,61,12,101,0.0,1.0,1.0,grouped,2,199,18,0.0,1.0,1.0,grouped,-1,1,-1,1.0,0.0,0.0,robust isolated,-1,1,-1,1.0,0.0,0.0,robust isolated,1,2,isolated in ≥2
X317,Rainbow Garden,Garden,X,0.174,62,33,105,0.0,1.0,0.5,grouped,2,199,18,0.0,1.0,0.0,grouped,-1,1,-1,1.0,0.0,0.0,robust isolated,-1,1,-1,1.0,0.0,0.0,robust isolated,1,2,isolated in ≥2
X318,Franklin Memorial Garden,Garden,X,0.12,62,33,102,0.0,1.0,0.625,grouped,2,199,17,0.0,1.0,1.0,grouped,-1,1,-1,1.0,0.0,0.0,robust isolated,58,2,-1,0.5,0.125,0.0,grouped,2,1,grouped in ≥2
X319,Jackson Forest Garden,Garden,X,0.18,-1,1,-1,0.75,0.25,0.25,unstable,2,199,17,0.0,1.0,1.0,grouped,-1,1,-1,1.0,0.0,0.0,robust isolated,-1,1,-1,1.0,0.0,0.0,robust isolated,0,2,isolated in ≥2
X320,Jardin De La Familia,Garden,X,0.32,62,33,105,0.0,1.0,0.833,grouped,2,199,18,0.0,1.0,1.0,grouped,-1,1,-1,1.0,0.0,0.0,robust isolated,-1,1,-1,0.5,0.312,0.062,unstable,1,1,definition-specific
X321,Claremont Neighborhood Garden,Garden,X,0.19,124,50,184,0.0,1.0,0.75,grouped,1,81,1,0.0,1.0,1.0,grouped,-1,1,-1,0.556,0.222,0.0,unstable,-1,1,-1,0.938,0.0,0.0,robust isolated,1,1,definition-specific
X322,Jardin De Las Rosas,Garden,X,0.06,125,7,-1,0.5,0.5,0.25,grouped,1,81,-1,0.5,0.5,0.5,grouped,-1,1,-1,1.0,0.0,0.0,robust isolated,-1,1,-1,1.0,0.0,0.0,robust isolated,1,2,isolated in ≥2
X323,El Batey de Doña Provi Garden,Garden,X,0.13,85,35,132,0.0,1.0,0.25,grouped,2,199,18,0.0,1.0,1.0,grouped,-1,1,-1,1.0,0.0,0.0,robust isolated,-1,1,-1,1.0,0.0,0.0,robust isolated,1,2,isolated in ≥2
X324,176th Street Community Garden,Garden,X,0.213,124,50,187,0.0,1.0,1.0,grouped,1,81,1,0.0,1.0,1.0,grouped,-1,1,-1,1.0,0.0,0.0,robust isolated,-1,1,-1,0.625,0.312,0.0,unstable,1,1,definition-specific
X325,Taylor-Soundview Block Assoc. Garden,Garden,X,0.13,74,5,118,0.0,1.0,0.5,grouped,2,199,17,0.0,1.0,1.0,grouped,-1,1,-1,0.778,0.222,0.222,unstable,-1,1,-1,1.0,0.0,0.0,robust isolated,1,1,definition-specific
X326,Daly Ave Garden,Garden,X,0.172,85,35,132,0.125,0.875,0.75,grouped,2,199,-1,0.5,0.5,0.5,grouped,-1,1,-1,1.0,0.0,0.0,robust isolated,-1,1,-1,1.0,0.0,0.0,robust isolated,1,2,isolated in ≥2
X327,La Isla Garden,Garden,X,0.11,-1,1,-1,0.625,0.375,0.375,unstable,1,81,1,0.0,1.0,0.5,grouped,-1,1,-1,1.0,0.0,0.0,robust isolated,-1,1,-1,0.938,0.062,0.0,robust isolated,0,2,isolated in ≥2
X328,Las Casitas Community Garden,Garden,X,0.19,123,22,180,0.0,1.0,0.75,grouped,1,81,1,0.0,1.0,1.0,grouped,-1,1,-1,1.0,0.0,0.0,robust isolated,41,2,44,0.25,0.438,0.0,grouped,2,1,grouped in ≥2
X329,Miracle Garden,Garden,X,0.11,85,35,132,0.0,1.0,1.0,grouped,2,199,18,0.0,1.0,0.5,grouped,-1,1,-1,1.0,0.0,0.0,robust isolated,-1,1,-1,1.0,0.0,0.0,robust isolated,1,2,isolated in ≥2
X330,P.S. 186 Day Treatment Program,Garden,X,0.07,-1,1,-1,0.75,0.25,0.25,unstable,2,199,-1,0.5,0.5,0.5,grouped,-1,1,-1,1.0,0.0,0.0,robust isolated,-1,1,-1,1.0,0.0,0.0,robust isolated,0,2,isolated in ≥2
X331,Townsend Garden,Garden,X,0.15,124,50,187,0.0,1.0,1.0,grouped,1,81,1,0.0,1.0,1.0,grouped,-1,1,-1,1.0,0.0,0.0,robust isolated,-1,1,-1,0.688,0.25,0.0,unstable,1,1,definition-specific
X332,Schomberg Academy Garden,Garden,X,0.032,49,4,-1,0.375,0.625,0.458,grouped,2,199,19,0.0,1.0,0.5,grouped,-1,1,-1,1.0,0.0,0.0,robust isolated,-1,1,-1,0.688,0.312,0.0,unstable,1,1,definition-specific
X333,Woodycrest Community Garden,Garden,X,0.012,123,22,180,0.0,1.0,0.75,grouped,1,81,1,0.0,1.0,1.0,grouped,-1,1,-1,1.0,0.0,0.0,robust isolated,41,2,44,0.25,0.438,0.0,grouped,2,1,grouped in ≥2
X334,Mohegan Triangle,Playground,X,0.096,85,35,132,0.0,1.0,0.75,grouped,2,199,18,0.0,1.0,1.0,grouped,-1,1,-1,1.0,0.0,0.0,robust isolated,-1,1,-1,1.0,0.0,0.0,robust isolated,1,2,isolated in ≥2
X335,Risse Street Park,Neighborhood Park,X,0.806,131,2,-1,0.5,0.25,0.25,grouped,1,81,-1,0.5,0.5,0.5,grouped,-1,1,-1,0.667,0.333,0.167,unstable,-1,1,-1,1.0,0.0,0.0,robust isolated,1,1,definition-specific
X336,Hunts Point Riverside Park,Neighborhood Park,X,0.426,44,2,-1,0.5,0.25,0.25,grouped,2,199,-1,0.5,0.5,0.0,grouped,-1,1,-1,1.0,0.0,0.0,robust isolated,-1,1,-1,1.0,0.0,0.0,robust isolated,1,2,isolated in ≥2
X337,Latinos Unidos Garden,Garden,X,0.116,62,33,105,0.0,1.0,0.75,grouped,2,199,18,0.0,1.0,0.5,grouped,-1,1,-1,1.0,0.0,0.0,robust isolated,-1,1,-1,0.625,0.0,0.0,unstable,1,1,definition-specific
X338,Courtlandt Avenue Association Garden,Garden,X,0.171,62,33,105,0.0,1.0,1.0,grouped,2,199,17,0.0,1.0,1.0,grouped,-1,1,-1,1.0,0.0,0.0,robust isolated,-1,1,-1,0.875,0.0,0.0,robust isolated,1,2,isolated in ≥2
X339,Angie Lee Gonzales Garden,Garden,X,0.131,-1,1,-1,0.583,0.417,0.417,unstable,2,199,17,0.0,1.0,1.0,grouped,-1,1,-1,1.0,0.0,0.0,robust isolated,-1,1,-1,1.0,0.0,0.0,robust isolated,0,2,isolated in ≥2
X340,CS 134 Community Improvement Garden,Garden,X,0.16,49,4,81,0.25,0.583,0.417,grouped,2,199,19,0.0,1.0,0.5,grouped,-1,1,-1,1.0,0.0,0.0,robust isolated,-1,1,-1,0.688,0.312,0.0,unstable,1,1,definition-specific
X341,Edith Garden,Garden,X,0.116,62,33,105,0.0,1.0,0.75,grouped,2,199,17,0.0,1.0,0.5,grouped,-1,1,-1,1.0,0.0,0.0,robust isolated,-1,1,-1,1.0,0.0,0.0,robust isolated,1,2,isolated in ≥2
X342,Model T Senior Citizen's Garden,Garden,X,0.272,-1,1,-1,0.75,0.25,0.25,unstable,-1,1,-1,1.0,0.0,0.0,robust isolated,-1,1,-1,1.0,0.0,0.0,robust isolated,-1,1,-1,1.0,0.0,0.0,robust isolated,0,2,isolated in ≥2
X343,Davidson Ave. Community Gardeners Group,Garden,X,0.115,124,50,187,0.0,1.0,0.583,grouped,1,81,2,0.0,1.0,0.5,grouped,-1,1,-1,1.0,0.0,0.0,robust isolated,18,2,20,0.25,0.125,0.0,grouped,2,1,grouped in ≥2
X344,Mill Pond Park,Neighborhood Park,X,11.57,123,22,-1,0.25,0.75,0.25,grouped,-1,1,-1,1.0,0.0,0.0,robust isolated,-1,1,-1,1.0,0.0,0.0,robust isolated,-1,1,-1,1.0,0.0,0.0,robust isolated,1,2,isolated in ≥2
X345,St. Ann's Block Association Garden,Garden,X,0.029,58,13,96,0.0,1.0,0.417,grouped,2,199,17,0.0,1.0,0.5,grouped,-1,1,-1,1.0,0.0,0.0,robust isolated,-1,1,-1,0.625,0.0,0.0,unstable,1,1,definition-specific
X346,Volky Garden & Flowers,Garden,X,0.114,85,35,132,0.0,1.0,0.75,grouped,2,199,18,0.0,1.0,1.0,grouped,-1,1,-1,1.0,0.0,0.0,robust isolated,-1,1,-1,0.75,0.0,0.0,unstable,1,1,definition-specific
X347,Vogue Garden,Garden,X,0.047,62,33,105,0.0,1.0,0.875,grouped,2,199,17,0.0,1.0,1.0,grouped,-1,1,-1,0.889,0.111,0.111,robust isolated,-1,1,-1,1.0,0.0,0.0,robust isolated,1,2,isolated in ≥2
X348,River Avenue Parks,Playground,X,0.67,123,22,180,0.0,1.0,0.5,grouped,1,81,1,0.0,1.0,1.0,grouped,-1,1,-1,1.0,0.0,0.0,robust isolated,-1,1,-1,1.0,0.0,0.0,robust isolated,1,2,isolated in ≥2
X349,Jardin de la Roca,Garden,X,0.227,62,33,105,0.0,1.0,0.875,grouped,2,199,17,0.0,1.0,0.5,grouped,-1,1,-1,1.0,0.0,0.0,robust isolated,-1,1,-1,1.0,0.0,0.0,robust isolated,1,2,isolated in ≥2
X350,Melrose Commons Park,Neighborhood Park,X,1.381,62,33,105,0.0,1.0,1.0,grouped,2,199,18,0.0,1.0,1.0,grouped,-1,1,-1,0.778,0.222,0.222,unstable,-1,1,-1,0.938,0.0,0.0,robust isolated,1,1,definition-specific
X351,811 Family and Friends Garden,Garden,X,0.064,62,33,105,0.0,1.0,1.0,grouped,2,199,17,0.0,1.0,0.5,grouped,-1,1,-1,1.0,0.0,0.0,robust isolated,-1,1,-1,1.0,0.0,0.0,robust isolated,1,2,isolated in ≥2
X352,Family Group Garden,Garden,X,0.101,62,33,105,0.0,1.0,1.0,grouped,2,199,17,0.0,1.0,1.0,grouped,-1,1,-1,1.0,0.0,0.0,robust isolated,-1,1,-1,0.875,0.0,0.0,robust isolated,1,2,isolated in ≥2
X353,Yolanda García Park,Neighborhood Park,X,1.075,62,33,105,0.0,1.0,1.0,grouped,2,199,18,0.0,1.0,1.0,grouped,-1,1,-1,0.778,0.222,0.222,unstable,-1,1,-1,1.0,0.0,0.0,robust isolated,1,1,definition-specific
X354,P.S. 29 Ballfield,Jointly Operated Playground,X,1.107,62,33,105,0.25,0.75,0.625,grouped,2,199,17,0.0,1.0,0.5,grouped,-1,1,-1,1.0,0.0,0.0,robust isolated,-1,1,-1,0.625,0.0,0.0,unstable,1,1,definition-specific
X355,Leave it Better Kids' Garden,Garden,X,0.244,124,50,187,0.0,1.0,0.375,grouped,1,81,2,0.0,1.0,0.5,grouped,-1,1,-1,1.0,0.0,0.0,robust isolated,-1,1,-1,0.812,0.125,0.0,robust isolated,1,2,isolated in ≥2
X356,Little Green Garden,Garden,X,0.116,62,33,105,0.0,1.0,0.875,grouped,2,199,18,0.0,1.0,0.5,grouped,-1,1,-1,1.0,0.0,0.0,robust isolated,-1,1,-1,1.0,0.0,0.0,robust isolated,1,2,isolated in ≥2
X357,Rainbow Garden of Life and Health,Garden,X,0.248,62,33,105,0.0,1.0,1.0,grouped,2,199,18,0.0,1.0,0.5,grouped,-1,1,-1,0.778,0.222,0.222,unstable,-1,1,-1,1.0,0.0,0.0,robust isolated,1,1,definition-specific
X358,College Avenue Garden,Garden,X,0.43,124,50,184,0.083,0.917,0.458,grouped,1,81,1,0.0,1.0,0.5,grouped,-1,1,-1,1.0,0.0,0.0,robust isolated,-1,1,-1,0.688,0.0,0.0,unstable,1,1,definition-specific
X361,Synergi Urban Garden UCFP,Garden,X,0.336,53,17,90,0.25,0.75,0.5,grouped,2,199,17,0.0,1.0,1.0,grouped,-1,1,-1,1.0,0.0,0.0,robust isolated,13,3,15,0.25,0.75,0.125,grouped,2,1,grouped in ≥2
X362,Catherine Scott Promenade,Waterfront Facility,X,0.53,142,3,-1,0.5,0.5,0.333,grouped,3,4,42,0.0,1.0,0.5,grouped,24,3,-1,0.333,0.667,0.667,grouped,-1,1,-1,0.938,0.0,0.0,robust isolated,2,1,grouped in ≥2
X363,Centro Cultural Rincon Criollo,Garden,X,0.179,62,33,105,0.0,1.0,0.792,grouped,2,199,17,0.0,1.0,1.0,grouped,-1,1,-1,0.889,0.111,0.111,robust isolated,-1,1,-1,0.75,0.25,0.125,unstable,1,1,definition-specific
X364,Havemeyer Garden Association,Garden,X,0.136,74,5,118,0.0,1.0,0.417,grouped,2,199,17,0.0,1.0,1.0,grouped,-1,1,-1,1.0,0.0,0.0,robust isolated,-1,1,-1,1.0,0.0,0.0,robust isolated,1,2,isolated in ≥2
X365,Black Joy Farm,Garden,X,0.098,-1,1,-1,0.5,0.5,0.375,unstable,2,199,17,0.0,1.0,1.0,grouped,-1,1,-1,1.0,0.0,0.0,robust isolated,-1,1,-1,1.0,0.0,0.0,robust isolated,0,2,isolated in ≥2
X367,Dr. Thomasina Bushby Park,Neighborhood Park,X,0.258,125,7,-1,0.5,0.5,0.25,grouped,-1,1,-1,1.0,0.0,0.0,robust isolated,-1,1,-1,1.0,0.0,0.0,robust isolated,-1,1,-1,1.0,0.0,0.0,robust isolated,1,2,isolated in ≥2
X369,Watson Houses Playground,Playground,X,0.26,52,2,-1,0.375,0.5,0.208,grouped,2,199,17,0.0,1.0,1.0,grouped,-1,1,-1,1.0,0.0,0.0,robust isolated,-1,1,-1,1.0,0.0,0.0,robust isolated,1,2,isolated in ≥2
X372,Garden of Youth,Garden,X,0.157,85,35,132,0.0,1.0,1.0,grouped,2,199,18,0.0,1.0,1.0,grouped,-1,1,-1,1.0,0.0,0.0,robust isolated,4,3,-1,0.5,0.5,0.062,grouped,2,1,grouped in ≥2
X373,Justice Sotomayor Houses Playground,Playground,X,0.227,80,14,125,0.0,1.0,0.875,grouped,2,199,17,0.0,1.0,1.0,grouped,-1,1,-1,0.778,0.222,0.222,unstable,-1,1,-1,0.75,0.125,0.0,unstable,1,0,definition-specific
