park_id,name,typecategory,borough,acres,D_group,D_group_size,D_group_strict,D_iso,D_grouped,D_core,D_status,N1abs_group,N1abs_group_size,N1abs_group_strict,N1abs_iso,N1abs_grouped,N1abs_core,N1abs_status,N1rel_group,N1rel_group_size,N1rel_group_strict,N1rel_iso,N1rel_grouped,N1rel_core,N1rel_status,N2_group,N2_group_size,N2_group_strict,N2_iso,N2_grouped,N2_core,N2_status,N3_group,N3_group_size,N3_group_strict,N3_iso,N3_grouped,N3_core,N3_status,n_grouped,n_isolated,cross_status
B001,American Playground,Playground,B,0.896,38,6,107,0.0,0.667,0.667,grouped,7,53,11,0.0,1.0,0.917,grouped,2,49,10,0.0,1.0,0.5,grouped,33,45,76,0.0,1.0,1.0,grouped,-1,1,-1,1.0,0.0,0.0,robust isolated,2,1,grouped in ≥2
B002,Amersfort Park,Neighborhood Park,B,3.557,-1,1,-1,0.667,0.333,0.0,unstable,-1,1,-1,0.583,0.417,0.167,unstable,5,100,37,0.0,1.0,1.0,grouped,-1,1,-1,1.0,0.0,0.0,robust isolated,-1,1,-1,1.0,0.0,0.0,robust isolated,0,2,isolated in ≥2
B003,Bartel-Pritchard Square,Triangle/Plaza,B,1.711,-1,1,-1,0.667,0.333,0.333,unstable,-1,1,-1,0.25,0.75,0.25,unstable,6,126,49,0.0,1.0,1.0,grouped,-1,1,-1,0.667,0.333,0.333,unstable,-1,1,-1,1.0,0.0,0.0,robust isolated,0,1,definition-specific
B006,Beattie Square,Triangle/Plaza,B,0.012,48,13,-1,0.333,0.667,0.667,grouped,47,30,68,0.0,1.0,0.75,grouped,3,132,19,0.0,1.0,1.0,grouped,62,24,-1,0.333,0.667,0.333,grouped,-1,1,-1,0.812,0.188,0.0,robust isolated,2,1,grouped in ≥2
B007,Bensonhurst Park,Recreational Field/Courts,B,17.5,-1,1,-1,0.667,0.333,0.0,unstable,131,12,-1,0.333,0.667,0.333,grouped,5,100,32,0.0,1.0,1.0,grouped,-1,1,-1,0.667,0.333,0.0,unstable,-1,1,-1,1.0,0.0,0.0,robust isolated,1,1,definition-specific
B008,Betsy Head Park,Community Park,B,10.555,11,16,30,0.0,1.0,1.0,grouped,34,19,49,0.0,1.0,1.0,grouped,4,111,28,0.0,1.0,1.0,grouped,15,29,36,0.0,1.0,1.0,grouped,-1,1,-1,1.0,0.0,0.0,robust isolated,2,1,grouped in ≥2
B012,Brower Park,Neighborhood Park,B,7.047,16,3,48,0.0,0.667,0.333,grouped,71,36,102,0.0,1.0,0.75,grouped,1,70,1,0.0,1.0,1.0,grouped,48,3,101,0.0,0.889,0.333,grouped,-1,1,-1,0.875,0.0,0.0,robust isolated,2,1,grouped in ≥2
B016,Maria Hernandez Park,Neighborhood Park,B,6.873,48,13,-1,0.333,0.667,0.333,grouped,57,13,85,0.0,1.0,1.0,grouped,3,132,20,0.0,1.0,1.0,grouped,47,13,-1,0.333,0.667,0.667,grouped,-1,1,-1,1.0,0.0,0.0,robust isolated,2,1,grouped in ≥2
B017,Bushwick Playground,Jointly Operated Playground,B,2.783,50,6,154,0.0,0.667,0.333,grouped,57,13,85,0.0,1.0,1.0,grouped,3,132,20,0.0,1.0,1.0,grouped,47,13,98,0.0,1.0,0.667,grouped,-1,1,-1,1.0,0.0,0.0,robust isolated,2,1,grouped in ≥2
B019,Carroll Park,Neighborhood Park,B,1.874,-1,1,-1,0.667,0.333,0.333,unstable,87,19,133,0.0,1.0,1.0,grouped,6,126,50,0.0,1.0,1.0,grouped,3,18,-1,0.333,0.667,0.667,grouped,-1,1,-1,1.0,0.0,0.0,robust isolated,2,1,grouped in ≥2
B021,Commodore Barry Park,Community Park,B,10.391,94,20,244,0.0,1.0,0.667,grouped,53,26,78,0.0,1.0,1.0,grouped,3,132,19,0.0,1.0,1.0,grouped,1,36,1,0.0,1.0,1.0,grouped,-1,1,-1,0.562,0.438,0.0,unstable,2,0,grouped in ≥2
B022,Sarah J.S. Tompkins Garnet Playground,Playground,B,1.101,-1,1,-1,0.667,0.333,0.333,unstable,6,4,6,0.0,1.0,0.5,grouped,2,49,10,0.0,1.0,1.0,grouped,61,15,-1,0.333,0.667,0.0,grouped,-1,1,-1,0.875,0.0,0.0,robust isolated,2,1,grouped in ≥2
B023,Lafayette Playground,Playground,B,0.517,15,12,-1,0.333,0.667,0.667,grouped,46,2,67,0.125,0.75,0.75,grouped,3,132,19,0.0,1.0,1.0,grouped,57,2,118,0.0,0.333,0.333,grouped,17,2,-1,0.312,0.188,0.125,grouped,3,0,grouped in all
B024,Orient Grove,Garden,B,0.149,34,7,98,0.0,1.0,0.667,grouped,7,53,9,0.0,1.0,0.75,grouped,2,49,10,0.0,1.0,1.0,grouped,37,5,85,0.0,1.0,0.333,grouped,-1,1,-1,0.625,0.25,0.0,unstable,2,0,grouped in ≥2
B025,Cooper Park,Neighborhood Park,B,6.401,34,7,98,0.0,1.0,0.667,grouped,7,53,9,0.0,1.0,0.75,grouped,2,49,-1,0.0,1.0,1.0,grouped,37,5,85,0.0,1.0,0.333,grouped,-1,1,-1,1.0,0.0,0.0,robust isolated,2,1,grouped in ≥2
B026,Cuyler Gore Park,Neighborhood Park,B,1.158,28,17,70,0.0,1.0,0.667,grouped,53,26,80,0.0,1.0,1.0,grouped,3,132,19,0.0,1.0,1.0,grouped,58,14,120,0.0,1.0,1.0,grouped,-1,1,-1,1.0,0.0,0.0,robust isolated,2,1,grouped in ≥2
B027,Veterans Triangle,Triangle/Plaza,B,0.025,86,19,228,0.0,1.0,1.0,grouped,32,15,46,0.0,1.0,1.0,grouped,4,111,28,0.0,1.0,1.0,grouped,15,29,35,0.0,1.0,1.0,grouped,-1,1,-1,1.0,0.0,0.0,robust isolated,2,1,grouped in ≥2
B029#1,Eastern Parkway (1/10),Parkway,B,63.636,-1,1,-1,0.667,0.333,0.333,unstable,73,9,-1,0.25,0.75,0.75,grouped,1,70,1,0.0,1.0,1.0,grouped,-1,1,-1,0.667,0.333,0.333,unstable,-1,1,-1,1.0,0.0,0.0,robust isolated,1,1,definition-specific
B029#10,Eastern Parkway (10/10),Parkway,B,63.636,9,45,16,0.0,1.0,0.667,grouped,71,36,101,0.0,1.0,0.75,grouped,1,70,1,0.0,1.0,1.0,grouped,20,32,44,0.0,1.0,0.333,grouped,-1,1,-1,0.875,0.0,0.0,robust isolated,2,1,grouped in ≥2
B029#2,Eastern Parkway (2/10),Parkway,B,63.636,-1,1,-1,0.333,0.667,0.333,unstable,71,36,102,0.0,1.0,0.917,grouped,1,70,1,0.0,1.0,1.0,grouped,22,18,52,0.0,0.667,0.667,grouped,-1,1,-1,1.0,0.0,0.0,robust isolated,2,1,grouped in ≥2
B029#3,Eastern Parkway (3/10),Parkway,B,63.636,40,9,116,0.0,1.0,1.0,grouped,53,26,-1,0.167,0.792,0.667,grouped,3,132,19,0.0,1.0,1.0,grouped,49,4,-1,0.333,0.667,0.333,grouped,-1,1,-1,1.0,0.0,0.0,robust isolated,2,1,grouped in ≥2
B029#4,Eastern Parkway (4/10),Parkway,B,63.636,9,45,16,0.0,1.0,1.0,grouped,71,36,101,0.0,1.0,1.0,grouped,1,70,1,0.0,1.0,1.0,grouped,20,32,44,0.0,1.0,0.778,grouped,-1,1,-1,1.0,0.0,0.0,robust isolated,2,1,grouped in ≥2
B029#5,Eastern Parkway (5/10),Parkway,B,63.636,-1,1,-1,0.667,0.333,0.333,unstable,71,36,102,0.0,0.958,0.833,grouped,1,70,1,0.0,1.0,1.0,grouped,22,18,-1,0.333,0.667,0.667,grouped,-1,1,-1,1.0,0.0,0.0,robust isolated,2,1,grouped in ≥2
B029#6,Eastern Parkway (6/10),Parkway,B,63.636,16,3,-1,0.333,0.667,0.333,grouped,71,36,102,0.0,1.0,0.75,grouped,1,70,1,0.0,1.0,1.0,grouped,48,3,101,0.0,0.889,0.333,grouped,-1,1,-1,1.0,0.0,0.0,robust isolated,2,1,grouped in ≥2
B029#7,Eastern Parkway (7/10),Parkway,B,63.636,40,9,116,0.0,1.0,0.667,grouped,73,9,107,0.0,1.0,1.0,grouped,1,70,1,0.0,1.0,1.0,grouped,50,6,107,0.0,1.0,1.0,grouped,-1,1,-1,1.0,0.0,0.0,robust isolated,2,1,grouped in ≥2
B029#8,Eastern Parkway (8/10),Parkway,B,63.636,40,9,116,0.0,1.0,1.0,grouped,53,26,80,0.0,1.0,0.75,grouped,1,70,1,0.0,1.0,1.0,grouped,61,15,-1,0.333,0.667,0.333,grouped,-1,1,-1,0.875,0.0,0.0,robust isolated,2,1,grouped in ≥2
B029#9,Eastern Parkway (9/10),Parkway,B,63.636,-1,1,-1,0.667,0.333,0.333,unstable,73,9,107,0.0,1.0,1.0,grouped,1,70,1,0.0,1.0,1.0,grouped,50,6,-1,0.333,0.667,0.667,grouped,-1,1,-1,1.0,0.0,0.0,robust isolated,2,1,grouped in ≥2
B030#1,Eastern Parkway Extension (1/6),Mall,B,2.064,9,45,16,0.0,1.0,1.0,grouped,71,36,101,0.0,1.0,1.0,grouped,1,70,1,0.0,1.0,1.0,grouped,20,32,44,0.0,1.0,1.0,grouped,-1,1,-1,0.75,0.188,0.0,unstable,2,0,grouped in ≥2
B030#2,Eastern Parkway Extension (2/6),Mall,B,2.064,9,45,16,0.0,1.0,1.0,grouped,71,36,101,0.0,1.0,1.0,grouped,1,70,1,0.0,1.0,1.0,grouped,20,32,44,0.0,1.0,1.0,grouped,-1,1,-1,1.0,0.0,0.0,robust isolated,2,1,grouped in ≥2
B030#3,Eastern Parkway Extension (3/6),Mall,B,2.064,9,45,20,0.0,1.0,0.667,grouped,76,14,113,0.0,1.0,1.0,grouped,1,70,1,0.0,1.0,1.0,grouped,20,32,44,0.0,1.0,0.667,grouped,-1,1,-1,1.0,0.0,0.0,robust isolated,2,1,grouped in ≥2
B030#4,Eastern Parkway Extension (4/6),Mall,B,2.064,9,45,16,0.0,1.0,1.0,grouped,71,36,101,0.0,1.0,0.917,grouped,1,70,1,0.0,1.0,1.0,grouped,20,32,44,0.0,1.0,0.667,grouped,-1,1,-1,1.0,0.0,0.0,robust isolated,2,1,grouped in ≥2
B030#5,Eastern Parkway Extension (5/6),Mall,B,2.064,9,45,20,0.0,1.0,1.0,grouped,76,14,113,0.0,1.0,1.0,grouped,3,132,19,0.0,1.0,1.0,grouped,20,32,44,0.0,1.0,0.667,grouped,-1,1,-1,0.625,0.0,0.0,unstable,2,0,grouped in ≥2
B030#6,Eastern Parkway Extension (6/6),Mall,B,2.064,9,45,16,0.0,1.0,1.0,grouped,71,36,101,0.0,1.0,1.0,grouped,1,70,1,0.0,1.0,1.0,grouped,20,32,44,0.0,1.0,0.667,grouped,-1,1,-1,1.0,0.0,0.0,robust isolated,2,1,grouped in ≥2
B031,Fidelity Triangle,Triangle/Plaza,B,0.005,32,12,85,0.0,0.667,0.667,grouped,7,53,9,0.0,1.0,0.75,grouped,2,49,10,0.0,1.0,1.0,grouped,33,45,76,0.0,1.0,0.667,grouped,-1,1,-1,0.938,0.062,0.0,robust isolated,2,1,grouped in ≥2
B032,Fort Greene Park,Community Park,B,30.168,28,17,71,0.0,1.0,0.667,grouped,53,26,78,0.0,1.0,1.0,grouped,3,132,19,0.0,1.0,1.0,grouped,58,14,120,0.0,1.0,1.0,grouped,-1,1,-1,1.0,0.0,0.0,robust isolated,2,1,grouped in ≥2
B033,Fort Hamilton Triangle,Triangle/Plaza,B,0.019,98,7,-1,0.333,0.667,0.333,grouped,107,30,164,0.25,0.75,0.5,grouped,6,126,49,0.0,1.0,0.5,grouped,69,5,-1,0.333,0.667,0.0,grouped,-1,1,-1,1.0,0.0,0.0,robust isolated,2,1,grouped in ≥2
B035,John Paul Jones Park,Neighborhood Park,B,5.317,98,7,251,0.0,1.0,0.667,grouped,107,30,164,0.0,1.0,0.667,grouped,6,126,49,0.0,1.0,0.5,grouped,69,5,145,0.0,1.0,0.333,grouped,-1,1,-1,1.0,0.0,0.0,robust isolated,2,1,grouped in ≥2
B036,Fort Stirling Park,Triangle/Plaza,B,0.214,95,20,245,0.0,1.0,1.0,grouped,84,30,128,0.0,1.0,1.0,grouped,6,126,50,0.0,1.0,1.0,grouped,1,36,2,0.0,1.0,1.0,grouped,-1,1,-1,1.0,0.0,0.0,robust isolated,2,1,grouped in ≥2
B037,Freedom Triangle,Triangle/Plaza,B,0.004,48,13,-1,0.333,0.667,0.667,grouped,57,13,85,0.0,1.0,0.833,grouped,3,132,19,0.0,1.0,1.0,grouped,47,13,97,0.111,0.889,0.556,grouped,-1,1,-1,1.0,0.0,0.0,robust isolated,2,1,grouped in ≥2
B038,Fulton Park,Neighborhood Park,B,1.987,17,17,51,0.0,1.0,0.667,grouped,77,5,115,0.0,1.0,1.0,grouped,3,132,19,0.0,1.0,1.0,grouped,22,18,53,0.0,1.0,1.0,grouped,-1,1,-1,0.75,0.25,0.188,unstable,2,0,grouped in ≥2
B040,Grand Army Plaza,Triangle/Plaza,B,14.257,40,9,116,0.0,1.0,1.0,grouped,49,3,73,0.042,0.917,0.625,grouped,6,126,52,0.0,1.0,1.0,grouped,49,4,-1,0.333,0.667,0.333,grouped,-1,1,-1,0.75,0.0,0.0,unstable,2,0,grouped in ≥2
B041,Grant Gore,Triangle/Plaza,B,0.019,51,2,158,0.0,0.333,0.333,grouped,73,9,107,0.0,1.0,0.917,grouped,1,70,1,0.0,1.0,1.0,grouped,50,6,-1,0.333,0.667,0.667,grouped,-1,1,-1,0.875,0.125,0.0,robust isolated,2,1,grouped in ≥2
B042,Gravesend Park,Neighborhood Park,B,6.379,-1,1,-1,1.0,0.0,0.0,robust isolated,-1,1,-1,0.667,0.333,0.25,unstable,6,126,51,0.0,1.0,1.0,grouped,-1,1,-1,1.0,0.0,0.0,robust isolated,-1,1,-1,0.875,0.125,0.0,robust isolated,0,2,isolated in ≥2
B043,Greenpoint Playground,Playground,B,0.504,37,3,106,0.0,1.0,1.0,grouped,7,53,11,0.0,1.0,0.75,grouped,2,49,10,0.0,1.0,0.5,grouped,33,45,77,0.0,0.667,0.333,grouped,-1,1,-1,0.938,0.0,0.0,robust isolated,2,1,grouped in ≥2
B044,Dr. Ronald McNair Park,Neighborhood Park,B,1.361,40,9,116,0.0,1.0,1.0,grouped,73,9,107,0.0,1.0,1.0,grouped,3,132,22,0.0,1.0,1.0,grouped,50,6,107,0.0,1.0,1.0,grouped,-1,1,-1,0.875,0.0,0.0,robust isolated,2,1,grouped in ≥2
B045,Heisser Triangle,Triangle/Plaza,B,0.027,50,6,155,0.0,0.667,0.333,grouped,57,13,85,0.0,1.0,1.0,grouped,3,132,20,0.0,1.0,1.0,grouped,47,13,98,0.0,1.0,0.667,grouped,-1,1,-1,1.0,0.0,0.0,robust isolated,2,1,grouped in ≥2
B047A,Highland Park Childrens Garden,Garden,B,0.41,-1,1,-1,0.667,0.333,0.333,unstable,22,2,-1,0.5,0.417,0.375,grouped,4,111,28,0.0,1.0,1.0,grouped,-1,1,-1,1.0,0.0,0.0,robust isolated,-1,1,-1,0.938,0.0,0.0,robust isolated,1,2,isolated in ≥2
B049,Irving Square Park,Neighborhood Park,B,2.76,50,6,-1,0.333,0.667,0.333,grouped,57,13,85,0.0,1.0,0.875,grouped,3,132,20,0.0,1.0,1.0,grouped,47,13,98,0.0,1.0,0.667,grouped,-1,1,-1,1.0,0.0,0.0,robust isolated,2,1,grouped in ≥2
B050,Van Voorhees Playground,Playground,B,5.739,95,20,245,0.0,1.0,1.0,grouped,87,19,133,0.0,1.0,0.958,grouped,6,126,50,0.0,1.0,1.0,grouped,3,18,10,0.0,1.0,0.667,grouped,-1,1,-1,0.938,0.0,0.0,robust isolated,2,1,grouped in ≥2
B051,Kelly Park Playground,Neighborhood Park,B,3.449,104,4,263,0.0,0.667,0.333,grouped,129,10,196,0.0,1.0,0.5,grouped,5,100,32,0.0,1.0,1.0,grouped,90,3,184,0.0,0.667,0.0,grouped,-1,1,-1,1.0,0.0,0.0,robust isolated,2,1,grouped in ≥2
B052,Leif Ericson Park,Neighborhood Park,B,16.8,96,13,247,0.0,1.0,1.0,grouped,107,30,166,0.0,1.0,0.75,grouped,6,126,49,0.0,1.0,1.0,grouped,70,9,147,0.0,1.0,0.333,grouped,-1,1,-1,1.0,0.0,0.0,robust isolated,2,1,grouped in ≥2
B054,Lincoln Terrace / Arthur S. Somers Park,Community Park,B,17.14,9,45,16,0.0,1.0,0.667,grouped,71,36,101,0.0,1.0,0.917,grouped,1,70,1,0.0,1.0,1.0,grouped,22,18,52,0.0,0.667,0.667,grouped,-1,1,-1,1.0,0.0,0.0,robust isolated,2,1,grouped in ≥2
B055,Sternberg Park,Playground,B,4.044,35,11,101,0.0,1.0,0.667,grouped,7,53,10,0.25,0.75,0.75,grouped,2,49,10,0.0,1.0,1.0,grouped,38,2,-1,0.222,0.778,0.778,grouped,-1,1,-1,1.0,0.0,0.0,robust isolated,2,1,grouped in ≥2
B056,Martin Luther King Jr. Playground,Playground,B,2.29,66,39,191,0.0,1.0,1.0,grouped,23,48,31,0.0,1.0,1.0,grouped,4,111,28,0.0,1.0,1.0,grouped,7,41,17,0.0,1.0,1.0,grouped,-1,1,-1,0.875,0.125,0.0,robust isolated,2,1,grouped in ≥2
B058,McCarren Park,Community Park,B,36.493,32,12,84,0.0,1.0,0.667,grouped,7,53,9,0.0,1.0,1.0,grouped,2,49,10,0.0,1.0,1.0,grouped,33,45,76,0.0,1.0,1.0,grouped,-1,1,-1,1.0,0.0,0.0,robust isolated,2,1,grouped in ≥2
B060,McKinley Park,Neighborhood Park,B,8.25,97,7,-1,0.333,0.667,0.667,grouped,107,30,166,0.0,1.0,0.75,grouped,6,126,49,0.0,1.0,1.0,grouped,70,9,-1,0.333,0.667,0.0,grouped,-1,1,-1,1.0,0.0,0.0,robust isolated,2,1,grouped in ≥2
B061,McLaughlin Park,Recreational Field/Courts,B,1.976,94,20,244,0.0,1.0,0.667,grouped,84,30,-1,0.0,1.0,0.5,grouped,6,126,50,0.0,1.0,1.0,grouped,1,36,-1,0.0,1.0,0.333,grouped,-1,1,-1,1.0,0.0,0.0,robust isolated,2,1,grouped in ≥2
B062,Memorial Gore,Triangle/Plaza,B,0.066,34,7,98,0.0,1.0,0.667,grouped,7,53,9,0.0,1.0,0.917,grouped,2,49,10,0.0,1.0,1.0,grouped,37,5,85,0.0,1.0,0.333,grouped,-1,1,-1,0.75,0.25,0.0,unstable,2,0,grouped in ≥2
B063,Milestone Park,Neighborhood Park,B,0.476,134,2,300,0.0,0.0,0.0,grouped,-1,1,-1,0.5,0.417,0.333,unstable,5,100,32,0.0,1.0,1.0,grouped,-1,1,-1,1.0,0.0,0.0,robust isolated,-1,1,-1,0.875,0.125,0.0,robust isolated,0,2,isolated in ≥2
B066,Owl's Head Park,Neighborhood Park,B,24.218,96,13,247,0.0,1.0,1.0,grouped,107,30,166,0.0,0.917,0.667,grouped,6,126,49,0.0,1.0,1.0,grouped,70,9,147,0.0,0.778,0.333,grouped,-1,1,-1,1.0,0.0,0.0,robust isolated,2,1,grouped in ≥2
B068,Parade Ground,Recreational Field/Courts,B,39.5,23,12,61,0.0,1.0,1.0,grouped,125,7,189,0.0,0.75,0.458,grouped,5,100,32,0.0,1.0,1.0,grouped,41,4,90,0.0,1.0,0.333,grouped,-1,1,-1,1.0,0.0,0.0,robust isolated,2,1,grouped in ≥2
B070,Machate Circle,Triangle/Plaza,B,4.32,23,12,61,0.0,1.0,1.0,grouped,-1,1,-1,0.667,0.333,0.167,unstable,6,126,51,0.0,1.0,0.5,grouped,41,4,90,0.0,1.0,0.333,grouped,-1,1,-1,0.875,0.0,0.0,robust isolated,1,1,definition-specific
B077,Coffey Park,Neighborhood Park,B,8.271,2,18,-1,0.333,0.667,0.333,grouped,87,19,133,0.25,0.75,0.25,grouped,6,126,-1,0.5,0.5,0.0,grouped,4,2,-1,0.333,0.333,0.0,grouped,-1,1,-1,1.0,0.0,0.0,robust isolated,2,1,grouped in ≥2
B078,Grace Playground,Jointly Operated Playground,B,2.73,66,39,-1,0.333,0.667,0.667,grouped,23,48,30,0.0,1.0,1.0,grouped,4,111,28,0.0,1.0,1.0,grouped,7,41,17,0.0,1.0,0.667,grouped,-1,1,-1,0.875,0.062,0.0,robust isolated,2,1,grouped in ≥2
B079,Saratoga Park,Neighborhood Park,B,3.214,14,3,-1,0.0,1.0,0.667,grouped,76,14,113,0.0,1.0,1.0,grouped,3,132,19,0.0,1.0,1.0,grouped,19,4,42,0.0,1.0,1.0,grouped,-1,1,-1,0.562,0.375,0.188,unstable,2,0,grouped in ≥2
B080,Asser Levy Park,Community Park,B,21.039,64,5,183,0.0,0.667,0.333,grouped,113,12,174,0.0,1.0,0.583,grouped,5,100,33,0.0,1.0,1.0,grouped,80,9,160,0.0,0.889,0.333,grouped,-1,1,-1,0.5,0.125,0.0,unstable,2,0,grouped in ≥2
B082#1,Shore Park and Parkway (1/10),Community Park,B,58.0,96,13,247,0.0,1.0,1.0,grouped,107,30,166,0.0,0.917,0.75,grouped,6,126,49,0.0,1.0,0.5,grouped,70,9,147,0.0,0.778,0.667,grouped,-1,1,-1,1.0,0.0,0.0,robust isolated,2,1,grouped in ≥2
B082#10,Shore Park and Parkway (10/10),Community Park,B,58.0,96,13,247,0.0,1.0,1.0,grouped,107,30,162,0.25,0.75,0.25,grouped,6,126,49,0.0,1.0,1.0,grouped,70,9,147,0.0,1.0,0.222,grouped,-1,1,-1,1.0,0.0,0.0,robust isolated,2,1,grouped in ≥2
B082#2,Shore Park and Parkway (2/10),Community Park,B,58.0,99,4,-1,0.333,0.667,0.667,grouped,-1,1,-1,0.75,0.25,0.25,unstable,5,100,32,0.0,1.0,1.0,grouped,-1,1,-1,0.667,0.333,0.0,unstable,-1,1,-1,1.0,0.0,0.0,robust isolated,0,1,definition-specific
B082#3,Shore Park and Parkway (3/10),Community Park,B,58.0,96,13,-1,0.333,0.667,0.333,grouped,106,2,-1,0.458,0.375,0.292,grouped,6,126,49,0.0,1.0,1.0,grouped,-1,1,-1,0.556,0.222,0.0,unstable,-1,1,-1,1.0,0.0,0.0,robust isolated,1,1,definition-specific
B082#4,Shore Park and Parkway (4/10),Community Park,B,58.0,98,7,251,0.0,1.0,0.667,grouped,107,30,164,0.0,1.0,0.25,grouped,6,126,49,0.0,1.0,0.5,grouped,69,5,145,0.0,1.0,0.0,grouped,-1,1,-1,1.0,0.0,0.0,robust isolated,2,1,grouped in ≥2
B082#5,Shore Park and Parkway (5/10),Community Park,B,58.0,96,13,247,0.0,1.0,1.0,grouped,-1,1,-1,0.833,0.167,0.167,robust isolated,6,126,-1,0.5,0.5,0.5,grouped,-1,1,-1,1.0,0.0,0.0,robust isolated,-1,1,-1,1.0,0.0,0.0,robust isolated,0,3,isolated in all
B082#7,Shore Park and Parkway (7/10),Community Park,B,58.0,98,7,-1,0.333,0.667,0.333,grouped,107,30,164,0.25,0.75,0.167,grouped,-1,1,-1,1.0,0.0,0.0,robust isolated,69,5,145,0.0,1.0,0.0,grouped,-1,1,-1,1.0,0.0,0.0,robust isolated,2,1,grouped in ≥2
B082#8,Shore Park and Parkway (8/10),Community Park,B,58.0,99,4,256,0.0,1.0,0.667,grouped,107,30,165,0.0,0.833,0.625,grouped,6,126,49,0.0,1.0,1.0,grouped,72,3,150,0.0,1.0,0.333,grouped,-1,1,-1,1.0,0.0,0.0,robust isolated,2,1,grouped in ≥2
B082#9,Shore Park and Parkway (9/10),Community Park,B,58.0,-1,1,-1,0.667,0.333,0.333,unstable,-1,1,-1,0.583,0.417,0.167,unstable,6,126,49,0.0,1.0,0.0,grouped,-1,1,-1,0.667,0.333,0.0,unstable,-1,1,-1,1.0,0.0,0.0,robust isolated,0,1,definition-specific
B087,Sunset Park,Community Park,B,24.498,54,4,-1,0.333,0.667,0.333,grouped,107,30,162,0.0,1.0,0.708,grouped,6,126,49,0.0,1.0,1.0,grouped,71,4,149,0.0,1.0,0.333,grouped,-1,1,-1,1.0,0.0,0.0,robust isolated,2,1,grouped in ≥2
B088,Herbert Von King Park,Community Park,B,7.819,49,37,139,0.0,1.0,1.0,grouped,47,30,68,0.0,1.0,1.0,grouped,3,132,19,0.0,1.0,1.0,grouped,62,24,133,0.0,1.0,1.0,grouped,-1,1,-1,1.0,0.0,0.0,robust isolated,2,1,grouped in ≥2
B089,Lowry Triangle,Triangle/Plaza,B,0.11,-1,1,-1,0.333,0.667,0.667,unstable,53,26,80,0.0,1.0,0.833,grouped,1,70,1,0.0,1.0,1.0,grouped,61,15,126,0.0,0.667,0.333,grouped,-1,1,-1,0.812,0.062,0.0,robust isolated,2,1,grouped in ≥2
B090,Sobel Playground,Playground,B,0.135,33,29,93,0.0,0.667,0.667,grouped,7,53,10,0.0,1.0,1.0,grouped,3,132,19,0.0,1.0,1.0,grouped,33,45,74,0.0,1.0,1.0,grouped,-1,1,-1,1.0,0.0,0.0,robust isolated,2,1,grouped in ≥2
B093,Weeksville Playground,Playground,B,0.295,9,45,-1,0.333,0.667,0.667,grouped,71,36,-1,0.083,0.917,0.75,grouped,1,70,1,0.0,1.0,1.0,grouped,22,18,-1,0.333,0.667,0.556,grouped,136,2,147,0.25,0.0,0.0,grouped,3,0,grouped in all
B094,Sgt. Joyce Kilmer Square,Triangle/Plaza,B,0.001,104,4,-1,0.333,0.667,0.333,grouped,131,12,200,0.25,0.667,0.417,grouped,5,100,32,0.0,1.0,1.0,grouped,99,2,-1,0.333,0.333,0.0,grouped,-1,1,-1,1.0,0.0,0.0,robust isolated,2,1,grouped in ≥2
B095,Ennis Playground,Playground,B,0.554,-1,1,-1,0.667,0.333,0.333,unstable,-1,1,-1,0.75,0.25,0.167,unstable,6,126,49,0.0,1.0,1.0,grouped,-1,1,-1,1.0,0.0,0.0,robust isolated,-1,1,-1,1.0,0.0,0.0,robust isolated,0,2,isolated in ≥2
B096,Sgt. William Dougherty Playground,Playground,B,0.429,-1,1,-1,0.667,0.333,0.333,unstable,-1,1,-1,0.583,0.417,0.417,unstable,2,49,10,0.0,1.0,1.0,grouped,-1,1,-1,0.667,0.333,0.333,unstable,-1,1,-1,1.0,0.0,0.0,robust isolated,0,1,definition-specific
B097,Sledge Playground,Playground,B,0.328,-1,1,-1,0.667,0.333,0.0,unstable,-1,1,-1,0.75,0.25,0.167,unstable,5,100,-1,0.5,0.5,0.5,grouped,-1,1,-1,1.0,0.0,0.0,robust isolated,-1,1,-1,1.0,0.0,0.0,robust isolated,0,2,isolated in ≥2
B098,Martin Luther Playground,Playground,B,0.913,-1,1,-1,0.667,0.333,0.333,unstable,107,30,162,0.25,0.75,0.333,grouped,6,126,49,0.0,1.0,1.0,grouped,-1,1,-1,0.667,0.333,0.222,unstable,-1,1,-1,0.812,0.0,0.0,robust isolated,1,1,definition-specific
B099,Lt. Joseph Petrosino Park,Playground,B,0.871,-1,1,-1,1.0,0.0,0.0,robust isolated,-1,1,-1,0.667,0.25,0.25,unstable,6,126,49,0.0,1.0,1.0,grouped,-1,1,-1,1.0,0.0,0.0,robust isolated,-1,1,-1,1.0,0.0,0.0,robust isolated,0,2,isolated in ≥2
B100,Seth Low Playground/ Bealin Square,Neighborhood Park,B,4.945,-1,1,-1,0.667,0.333,0.0,unstable,131,12,203,0.25,0.75,0.5,grouped,5,100,32,0.0,1.0,1.0,grouped,-1,1,-1,0.667,0.333,0.333,unstable,-1,1,-1,1.0,0.0,0.0,robust isolated,1,1,definition-specific
B102,Crispus Attucks Playground,Playground,B,0.934,52,7,159,0.0,1.0,0.667,grouped,53,26,80,0.0,0.917,0.75,grouped,3,132,19,0.0,1.0,1.0,grouped,58,14,119,0.0,0.667,0.333,grouped,-1,1,-1,0.812,0.125,0.0,robust isolated,2,1,grouped in ≥2
B103,Cypress Hills Playground,Neighborhood Park,B,4.947,69,2,-1,0.333,0.333,0.333,grouped,20,2,26,0.25,0.5,0.333,grouped,4,111,29,0.0,1.0,1.0,grouped,88,2,181,0.0,0.0,0.0,grouped,-1,1,-1,0.938,0.0,0.0,robust isolated,2,1,grouped in ≥2
B105,Taaffe Playground,Neighborhood Park,B,1.821,29,7,-1,0.333,0.667,0.667,grouped,47,30,68,0.0,1.0,0.667,grouped,3,132,19,0.0,1.0,1.0,grouped,61,15,-1,0.333,0.667,0.333,grouped,-1,1,-1,0.875,0.0,0.0,robust isolated,2,1,grouped in ≥2
B106A,Police Officer John G. Scarangella Park,Neighborhood Park,B,3.214,117,3,281,0.0,1.0,0.667,grouped,131,12,201,0.0,1.0,0.833,grouped,5,100,32,0.0,1.0,1.0,grouped,97,4,197,0.0,0.667,0.333,grouped,-1,1,-1,1.0,0.0,0.0,robust isolated,2,1,grouped in ≥2
B106B,Lafayette Playground,Jointly Operated Playground,B,1.187,117,3,281,0.0,1.0,0.667,grouped,131,12,-1,0.417,0.583,0.417,grouped,5,100,32,0.0,1.0,1.0,grouped,-1,1,-1,0.667,0.333,0.0,unstable,-1,1,-1,1.0,0.0,0.0,robust isolated,1,1,definition-specific
B107,Lion's Pride Playground,Playground,B,0.865,86,19,225,0.0,1.0,1.0,grouped,31,2,45,0.0,0.5,0.5,grouped,4,111,28,0.0,1.0,1.0,grouped,85,2,169,0.0,0.0,0.0,grouped,-1,1,-1,1.0,0.0,0.0,robust isolated,2,1,grouped in ≥2
B109,Bill Brown Playground,Neighborhood Park,B,3.214,56,2,-1,0.333,0.333,0.333,grouped,129,10,195,0.0,1.0,0.625,grouped,5,100,32,0.0,1.0,1.0,grouped,91,5,-1,0.333,0.667,0.667,grouped,-1,1,-1,0.875,0.0,0.0,robust isolated,2,1,grouped in ≥2
B110,Marion Hopkinson Playground,Neighborhood Park,B,1.32,9,45,22,0.0,0.667,0.667,grouped,70,4,99,0.0,1.0,0.667,grouped,1,70,1,0.0,1.0,1.0,grouped,20,32,46,0.0,0.667,0.333,grouped,-1,1,-1,0.625,0.0,0.0,unstable,2,0,grouped in ≥2
B111,Washington Park,Neighborhood Park,B,3.03,5,2,12,0.0,0.333,0.333,grouped,95,7,-1,0.25,0.75,0.417,grouped,6,126,49,0.0,1.0,1.0,grouped,-1,1,-1,0.667,0.333,0.0,unstable,-1,1,-1,1.0,0.0,0.0,robust isolated,1,1,definition-specific
B111A,Washington Skate Park,Jointly Operated Playground,B,1.549,5,2,12,0.0,0.333,0.333,grouped,-1,1,-1,0.833,0.167,0.167,robust isolated,6,126,49,0.0,1.0,1.0,grouped,-1,1,-1,1.0,0.0,0.0,robust isolated,-1,1,-1,1.0,0.0,0.0,robust isolated,0,3,isolated in all
B113A,Cadman Plaza Park,Neighborhood Park,B,10.384,94,20,244,0.0,1.0,1.0,grouped,84,30,128,0.0,1.0,1.0,grouped,6,126,50,0.0,1.0,0.5,grouped,1,36,2,0.0,1.0,1.0,grouped,-1,1,-1,1.0,0.0,0.0,robust isolated,2,1,grouped in ≥2
B113B,Korean War Veterans Plaza,Neighborhood Park,B,1.195,94,20,244,0.0,1.0,1.0,grouped,84,30,128,0.0,1.0,0.25,grouped,6,126,50,0.0,1.0,0.5,grouped,1,36,2,0.0,1.0,0.667,grouped,-1,1,-1,1.0,0.0,0.0,robust isolated,2,1,grouped in ≥2
B113C,Columbus Park,Neighborhood Park,B,5.43,94,20,244,0.0,1.0,1.0,grouped,84,30,128,0.0,1.0,1.0,grouped,6,126,50,0.0,1.0,1.0,grouped,1,36,2,0.0,1.0,0.667,grouped,-1,1,-1,0.875,0.0,0.0,robust isolated,2,1,grouped in ≥2
B113E,Walt Whitman Park,Triangle/Plaza,B,2.913,94,20,244,0.0,1.0,0.667,grouped,84,30,-1,0.25,0.75,0.25,grouped,6,126,-1,0.5,0.5,0.0,grouped,1,36,2,0.0,1.0,0.0,grouped,-1,1,-1,1.0,0.0,0.0,robust isolated,2,1,grouped in ≥2
B114,Msgr. McGolrick Park,Neighborhood Park,B,9.134,32,12,85,0.0,0.667,0.667,grouped,7,53,9,0.0,1.0,0.75,grouped,2,49,10,0.0,1.0,1.0,grouped,33,45,76,0.0,1.0,0.667,grouped,-1,1,-1,1.0,0.0,0.0,robust isolated,2,1,grouped in ≥2
B115,Cohn Triangle,Triangle/Plaza,B,0.07,33,29,91,0.0,1.0,1.0,grouped,7,53,10,0.0,1.0,0.75,grouped,2,49,10,0.0,1.0,1.0,grouped,33,45,74,0.0,1.0,1.0,grouped,-1,1,-1,1.0,0.0,0.0,robust isolated,2,1,grouped in ≥2
B116,Zion Triangle,Triangle/Plaza,B,0.213,9,45,16,0.0,1.0,1.0,grouped,34,19,48,0.0,1.0,0.833,grouped,4,111,28,0.0,1.0,1.0,grouped,22,18,-1,0.333,0.667,0.667,grouped,-1,1,-1,1.0,0.0,0.0,robust isolated,2,1,grouped in ≥2
B117,Lindsay Triangle,Triangle/Plaza,B,0.039,35,11,101,0.0,1.0,1.0,grouped,6,4,6,0.0,1.0,0.667,grouped,3,132,19,0.0,1.0,1.0,grouped,61,15,123,0.0,1.0,0.778,grouped,-1,1,-1,1.0,0.0,0.0,robust isolated,2,1,grouped in ≥2
B118A,St. Mary's Park,Recreational Field/Courts,B,0.345,2,18,5,0.0,0.667,0.667,grouped,87,19,133,0.0,1.0,1.0,grouped,6,126,50,0.0,1.0,1.0,grouped,3,18,11,0.0,1.0,0.667,grouped,-1,1,-1,1.0,0.0,0.0,robust isolated,2,1,grouped in ≥2
B118B,St. Mary's Park,Playground,B,0.367,2,18,5,0.0,0.667,0.667,grouped,87,19,133,0.0,1.0,1.0,grouped,6,126,50,0.0,1.0,1.0,grouped,3,18,11,0.0,1.0,0.667,grouped,-1,1,-1,1.0,0.0,0.0,robust isolated,2,1,grouped in ≥2
B121,Dodger Playground,Playground,B,0.293,39,4,-1,0.333,0.667,0.333,grouped,-1,1,-1,0.5,0.5,0.25,unstable,1,70,-1,0.5,0.5,0.5,grouped,-1,1,-1,1.0,0.0,0.0,robust isolated,-1,1,-1,1.0,0.0,0.0,robust isolated,0,2,isolated in ≥2
B123,Alben Square,Triangle/Plaza,B,0.005,53,5,163,0.0,1.0,0.667,grouped,107,30,162,0.0,1.0,1.0,grouped,6,126,49,0.0,1.0,1.0,grouped,67,6,141,0.0,1.0,1.0,grouped,-1,1,-1,1.0,0.0,0.0,robust isolated,2,1,grouped in ≥2
B124,William Sheridan Playground,Jointly Operated Playground,B,1.17,33,29,90,0.0,1.0,0.667,grouped,7,53,8,0.0,1.0,1.0,grouped,2,49,10,0.0,1.0,1.0,grouped,35,3,81,0.0,0.667,0.667,grouped,-1,1,-1,1.0,0.0,0.0,robust isolated,2,1,grouped in ≥2
B125,Calvert Vaux Park,Recreational Field/Courts,B,85.527,118,2,282,0.0,0.333,0.333,grouped,-1,1,-1,0.583,0.417,0.375,unstable,5,100,32,0.0,1.0,0.5,grouped,-1,1,-1,0.667,0.333,0.0,unstable,-1,1,-1,1.0,0.0,0.0,robust isolated,0,1,definition-specific
B126,Red Hook Recreation Area,Community Park,B,58.503,2,18,4,0.0,0.667,0.333,grouped,87,19,133,0.0,1.0,0.667,grouped,6,126,50,0.0,1.0,1.0,grouped,3,18,11,0.0,1.0,0.444,grouped,-1,1,-1,1.0,0.0,0.0,robust isolated,2,1,grouped in ≥2
B126A,Todd Triangle,Triangle/Plaza,B,0.035,2,18,4,0.0,0.667,0.333,grouped,-1,1,-1,1.0,0.0,0.0,robust isolated,-1,1,-1,1.0,0.0,0.0,robust isolated,-1,1,-1,1.0,0.0,0.0,robust isolated,-1,1,-1,1.0,0.0,0.0,robust isolated,0,3,isolated in all
B127,Martinez Playground,Recreational Field/Courts,B,1.373,35,11,-1,0.333,0.667,0.667,grouped,7,53,7,0.0,0.583,0.583,grouped,2,49,10,0.0,1.0,1.0,grouped,36,2,-1,0.333,0.333,0.333,grouped,-1,1,-1,1.0,0.0,0.0,robust isolated,2,1,grouped in ≥2
B128,Colonel David Marcus Playground,Playground,B,1.974,-1,1,-1,0.667,0.333,0.333,unstable,131,12,203,0.25,0.75,0.5,grouped,5,100,32,0.0,1.0,1.0,grouped,-1,1,-1,0.667,0.333,0.0,unstable,-1,1,-1,1.0,0.0,0.0,robust isolated,1,1,definition-specific
B129,Kaiser Park,Community Park,B,26.257,62,5,178,0.0,0.667,0.333,grouped,113,12,174,0.0,1.0,0.25,grouped,5,100,33,0.0,1.0,0.5,grouped,80,9,-1,0.333,0.667,0.0,grouped,-1,1,-1,1.0,0.0,0.0,robust isolated,2,1,grouped in ≥2
B130,Greenwood Playground,Neighborhood Park,B,3.39,23,12,60,0.0,1.0,1.0,grouped,96,9,144,0.0,0.75,0.5,grouped,6,126,51,0.0,1.0,0.5,grouped,2,15,4,0.0,1.0,0.0,grouped,-1,1,-1,0.875,0.0,0.0,robust isolated,2,1,grouped in ≥2
B131,Rudd Playground,Playground,B,1.278,9,45,20,0.0,1.0,1.0,grouped,76,14,113,0.0,1.0,0.25,grouped,-1,1,-1,1.0,0.0,0.0,robust isolated,20,32,43,0.0,1.0,0.0,grouped,-1,1,-1,1.0,0.0,0.0,robust isolated,2,1,grouped in ≥2
B132,Gilbert Ramirez Park,Neighborhood Park,B,1.034,48,13,-1,0.333,0.667,0.333,grouped,-1,1,-1,0.583,0.417,0.25,unstable,3,132,21,0.0,1.0,0.5,grouped,-1,1,-1,1.0,0.0,0.0,robust isolated,-1,1,-1,1.0,0.0,0.0,robust isolated,0,2,isolated in ≥2
B135,Newtown Barge Playground,Recreational Field/Courts,B,6.235,37,3,106,0.0,1.0,1.0,grouped,-1,1,-1,0.75,0.25,0.25,unstable,-1,1,-1,1.0,0.0,0.0,robust isolated,-1,1,-1,1.0,0.0,0.0,robust isolated,-1,1,-1,1.0,0.0,0.0,robust isolated,0,2,isolated in ≥2
B137,Sixteen Sycamores Playground,Playground,B,0.567,28,17,69,0.0,1.0,0.667,grouped,53,26,79,0.25,0.75,0.5,grouped,3,132,19,0.0,1.0,1.0,grouped,-1,1,-1,0.667,0.333,0.333,unstable,-1,1,-1,0.875,0.062,0.0,robust isolated,1,1,definition-specific
B139,Heckscher Playground,Playground,B,1.24,50,6,-1,0.333,0.667,0.333,grouped,-1,1,-1,0.75,0.25,0.25,unstable,3,132,-1,0.5,0.5,0.5,grouped,-1,1,-1,1.0,0.0,0.0,robust isolated,-1,1,-1,1.0,0.0,0.0,robust isolated,0,2,isolated in ≥2
B140,Banneker Playground,Jointly Operated Playground,B,1.67,49,37,139,0.0,1.0,1.0,grouped,47,30,68,0.0,1.0,1.0,grouped,3,132,19,0.0,1.0,1.0,grouped,62,24,133,0.0,1.0,0.667,grouped,-1,1,-1,0.875,0.125,0.125,robust isolated,2,1,grouped in ≥2
B141,City Line Park,Jointly Operated Playground,B,6.05,68,8,202,0.0,1.0,0.667,grouped,23,48,31,0.0,1.0,0.625,grouped,4,111,28,0.0,1.0,1.0,grouped,7,41,20,0.0,1.0,1.0,grouped,-1,1,-1,1.0,0.0,0.0,robust isolated,2,1,grouped in ≥2
B142,Bedford Playground,Playground,B,0.996,33,29,91,0.0,1.0,1.0,grouped,7,53,10,0.0,1.0,0.75,grouped,2,49,10,0.0,1.0,1.0,grouped,33,45,74,0.0,1.0,1.0,grouped,-1,1,-1,1.0,0.0,0.0,robust isolated,2,1,grouped in ≥2
B144,Ocean Hill Playground,Jointly Operated Playground,B,1.595,9,45,16,0.0,1.0,1.0,grouped,71,36,101,0.0,1.0,1.0,grouped,1,70,1,0.0,1.0,1.0,grouped,20,32,44,0.0,1.0,1.0,grouped,-1,1,-1,1.0,0.0,0.0,robust isolated,2,1,grouped in ≥2
B145,Thomas Greene Playground,Community Park,B,2.525,1,2,-1,0.333,0.333,0.333,grouped,49,3,73,0.0,0.875,0.625,grouped,6,126,48,0.0,1.0,1.0,grouped,49,4,-1,0.333,0.667,0.333,grouped,-1,1,-1,0.875,0.0,0.0,robust isolated,2,1,grouped in ≥2
B146,Quaker Parrot Park at the Dust Bowl,Recreational Field/Courts,B,1.65,96,13,247,0.0,1.0,1.0,grouped,107,30,166,0.0,1.0,0.75,grouped,6,126,49,0.0,1.0,1.0,grouped,70,9,147,0.0,1.0,0.0,grouped,-1,1,-1,1.0,0.0,0.0,robust isolated,2,1,grouped in ≥2
B147,Monsignor Crawford Field,Recreational Field/Courts,B,2.291,112,2,275,0.0,0.333,0.333,grouped,145,6,-1,0.417,0.583,0.333,grouped,5,100,37,0.0,1.0,1.0,grouped,-1,1,-1,0.667,0.333,0.0,unstable,-1,1,-1,0.875,0.0,0.0,robust isolated,1,1,definition-specific
B148,Rolph Henry Playground,Playground,B,0.213,41,2,-1,0.333,0.333,0.333,grouped,-1,1,-1,0.417,0.583,0.542,unstable,1,70,3,0.0,1.0,1.0,grouped,-1,1,-1,0.778,0.222,0.222,unstable,-1,1,-1,0.875,0.0,0.0,robust isolated,0,1,definition-specific
B149A,Elton Playground,Playground,B,0.622,66,39,-1,0.333,0.667,0.667,grouped,23,48,-1,0.333,0.583,0.417,grouped,4,111,28,0.0,1.0,0.5,grouped,8,2,25,0.0,0.333,0.333,grouped,152,2,163,0.25,0.0,0.0,grouped,3,0,grouped in all
B149B,Linwood Playground,Playground,B,0.705,66,39,-1,0.333,0.667,0.667,grouped,23,48,-1,0.25,0.75,0.583,grouped,4,111,28,0.0,1.0,1.0,grouped,7,41,-1,0.333,0.667,0.333,grouped,-1,1,-1,1.0,0.0,0.0,robust isolated,2,1,grouped in ≥2
B150,Kolbert Playground,Playground,B,1.581,-1,1,-1,1.0,0.0,0.0,robust isolated,131,12,-1,0.333,0.667,0.333,grouped,5,100,32,0.0,1.0,1.0,grouped,-1,1,-1,0.667,0.333,0.0,unstable,-1,1,-1,1.0,0.0,0.0,robust isolated,1,1,definition-specific
B151,Dome Playground,Neighborhood Park,B,1.385,-1,1,-1,0.667,0.0,0.0,unstable,105,2,-1,0.25,0.25,0.167,grouped,6,126,49,0.0,1.0,1.0,grouped,-1,1,-1,0.667,0.0,0.0,unstable,-1,1,-1,0.875,0.0,0.0,robust isolated,1,1,definition-specific
B152,Rappaport Playground,Neighborhood Park,B,1.148,-1,1,-1,0.667,0.333,0.333,unstable,107,30,162,0.0,1.0,1.0,grouped,6,126,49,0.0,1.0,1.0,grouped,67,6,-1,0.333,0.667,0.667,grouped,-1,1,-1,1.0,0.0,0.0,robust isolated,2,1,grouped in ≥2
B153,South Pacific Playground,Neighborhood Park,B,2.264,9,45,21,0.0,0.667,0.667,grouped,71,36,101,0.0,1.0,1.0,grouped,1,70,1,0.0,1.0,1.0,grouped,20,32,44,0.0,1.0,1.0,grouped,-1,1,-1,0.688,0.062,0.0,unstable,2,0,grouped in ≥2
B154,Berry Playground,Playground,B,0.327,33,29,90,0.0,1.0,0.667,grouped,-1,1,-1,0.75,0.25,0.25,unstable,-1,1,-1,1.0,0.0,0.0,robust isolated,-1,1,-1,1.0,0.0,0.0,robust isolated,-1,1,-1,1.0,0.0,0.0,robust isolated,0,2,isolated in ≥2
B155,Triangle,Triangle/Plaza,B,0.017,67,2,200,0.0,0.333,0.333,grouped,23,48,31,0.0,0.917,0.833,grouped,4,111,28,0.0,1.0,1.0,grouped,9,2,-1,0.333,0.333,0.333,grouped,-1,1,-1,0.75,0.125,0.062,unstable,2,0,grouped in ≥2
B156,Powell Playground,Playground,B,1.024,9,45,16,0.0,1.0,1.0,grouped,32,15,46,0.0,1.0,0.75,grouped,4,111,28,0.0,1.0,1.0,grouped,14,4,-1,0.0,1.0,0.333,grouped,-1,1,-1,0.562,0.312,0.0,unstable,2,0,grouped in ≥2
B157,Kelly Park Playground,Jointly Operated Playground,B,1.447,104,4,263,0.0,0.667,0.333,grouped,129,10,196,0.0,1.0,0.417,grouped,5,100,32,0.0,1.0,1.0,grouped,90,3,184,0.0,0.667,0.0,grouped,-1,1,-1,1.0,0.0,0.0,robust isolated,2,1,grouped in ≥2
B158,Garibaldi Playground,Playground,B,0.437,134,2,300,0.0,0.0,0.0,grouped,-1,1,-1,0.667,0.333,0.25,unstable,5,100,32,0.0,1.0,1.0,grouped,-1,1,-1,1.0,0.0,0.0,robust isolated,-1,1,-1,0.875,0.125,0.0,robust isolated,0,2,isolated in ≥2
B159,Mount Prospect Park,Neighborhood Park,B,7.79,40,9,116,0.0,1.0,1.0,grouped,-1,1,-1,0.75,0.25,0.083,unstable,1,70,-1,0.5,0.5,0.0,grouped,-1,1,-1,1.0,0.0,0.0,robust isolated,-1,1,-1,1.0,0.0,0.0,robust isolated,0,2,isolated in ≥2
B160,Ketchum Triangle,Triangle/Plaza,B,0.057,-1,1,-1,0.667,0.333,0.0,unstable,-1,1,-1,0.583,0.417,0.25,unstable,5,100,32,0.0,1.0,1.0,grouped,-1,1,-1,1.0,0.0,0.0,robust isolated,-1,1,-1,1.0,0.0,0.0,robust isolated,0,2,isolated in ≥2
B161,James Forten Playground,Playground,B,0.59,40,9,-1,0.333,0.667,0.667,grouped,53,26,80,0.0,1.0,0.75,grouped,1,70,1,0.0,1.0,1.0,grouped,61,15,126,0.0,0.667,0.333,grouped,-1,1,-1,1.0,0.0,0.0,robust isolated,2,1,grouped in ≥2
B162,Brizzi Playground,Playground,B,0.649,53,5,163,0.0,1.0,0.667,grouped,107,30,162,0.0,1.0,1.0,grouped,6,126,49,0.0,1.0,1.0,grouped,67,6,141,0.0,1.0,1.0,grouped,-1,1,-1,1.0,0.0,0.0,robust isolated,2,1,grouped in ≥2
B163,Sperandeo Brothers Playground,Jointly Operated Playground,B,2.799,66,39,188,0.0,1.0,0.667,grouped,23,48,31,0.0,1.0,1.0,grouped,4,111,28,0.0,1.0,1.0,grouped,7,41,17,0.0,1.0,0.667,grouped,-1,1,-1,1.0,0.0,0.0,robust isolated,2,1,grouped in ≥2
B164,Bath Beach Park,Playground,B,2.964,-1,1,-1,1.0,0.0,0.0,robust isolated,-1,1,-1,0.583,0.417,0.25,unstable,5,100,32,0.0,1.0,1.0,grouped,-1,1,-1,0.667,0.333,0.0,unstable,-1,1,-1,1.0,0.0,0.0,robust isolated,0,1,definition-specific
B165,Spring Creek Park,Nature Area,B,54.963,87,5,231,0.0,1.0,0.333,grouped,38,8,56,0.0,1.0,0.667,grouped,4,111,29,0.0,1.0,1.0,grouped,86,12,171,0.0,0.667,0.333,grouped,-1,1,-1,1.0,0.0,0.0,robust isolated,2,1,grouped in ≥2
B165A,Spring Creek Park,Nature Area,B,2.203,-1,1,-1,0.0,0.0,0.0,unresolved,-1,1,-1,0.0,0.0,0.0,unresolved,-1,1,-1,0.0,0.0,0.0,unresolved,-1,1,-1,0.0,0.0,0.0,unresolved,-1,1,-1,0.0,0.0,0.0,unresolved,0,0,definition-specific
B166B,Homecrest Playground,Playground,B,2.372,-1,1,-1,0.667,0.333,0.0,unstable,-1,1,-1,0.833,0.167,0.167,robust isolated,5,100,32,0.0,1.0,0.5,grouped,-1,1,-1,1.0,0.0,0.0,robust isolated,-1,1,-1,1.0,0.0,0.0,robust isolated,0,3,isolated in all
B166C,Coney Island Boat Basin,Recreational Field/Courts,B,36.81,118,2,282,0.0,0.333,0.0,grouped,-1,1,-1,0.875,0.125,0.0,robust isolated,-1,1,-1,1.0,0.0,0.0,robust isolated,-1,1,-1,1.0,0.0,0.0,robust isolated,-1,1,-1,1.0,0.0,0.0,robust isolated,0,3,isolated in all
B166D,McGuire Fields,Recreational Field/Courts,B,77.181,-1,1,-1,0.667,0.333,0.0,unstable,-1,1,-1,0.75,0.25,0.167,unstable,-1,1,-1,1.0,0.0,0.0,robust isolated,-1,1,-1,1.0,0.0,0.0,robust isolated,-1,1,-1,1.0,0.0,0.0,robust isolated,0,2,isolated in ≥2
B166E,Sixteen Lindens Triangle,Triangle/Plaza,B,0.487,57,3,-1,0.333,0.667,0.0,grouped,-1,1,-1,0.75,0.25,0.167,unstable,5,100,-1,0.5,0.5,0.0,grouped,-1,1,-1,1.0,0.0,0.0,robust isolated,-1,1,-1,1.0,0.0,0.0,robust isolated,0,2,isolated in ≥2
B167,La Guardia Playground,Playground,B,0.406,33,29,89,0.0,1.0,1.0,grouped,7,53,10,0.25,0.75,0.5,grouped,2,49,-1,0.5,0.5,0.5,grouped,33,45,74,0.0,1.0,0.444,grouped,-1,1,-1,1.0,0.0,0.0,robust isolated,2,1,grouped in ≥2
B167A,La Guardia Playground,Recreational Field/Courts,B,0.773,33,29,89,0.0,1.0,1.0,grouped,7,53,10,0.0,1.0,1.0,grouped,3,132,21,0.0,1.0,1.0,grouped,33,45,74,0.0,1.0,1.0,grouped,-1,1,-1,1.0,0.0,0.0,robust isolated,2,1,grouped in ≥2
B168,Continental Army Plaza,Triangle/Plaza,B,0.532,33,29,89,0.0,1.0,1.0,grouped,7,53,10,0.25,0.75,0.5,grouped,2,49,-1,0.5,0.5,0.5,grouped,33,45,74,0.0,1.0,0.444,grouped,-1,1,-1,1.0,0.0,0.0,robust isolated,2,1,grouped in ≥2
B169A,Brighton Playground,Playground,B,1.225,64,5,-1,0.333,0.667,0.333,grouped,113,12,174,0.25,0.75,0.417,grouped,5,100,33,0.0,1.0,1.0,grouped,-1,1,-1,0.333,0.667,0.222,unstable,-1,1,-1,0.875,0.0,0.0,robust isolated,1,1,definition-specific
B169B,Poseidon Playground,Recreational Field/Courts,B,2.944,63,5,182,0.0,1.0,1.0,grouped,113,12,174,0.0,1.0,0.875,grouped,5,100,33,0.0,1.0,1.0,grouped,80,9,159,0.0,1.0,1.0,grouped,-1,1,-1,0.75,0.125,0.0,unstable,2,0,grouped in ≥2
B171,Linden Sitting Area,Triangle/Plaza,B,0.139,12,2,34,0.0,0.333,0.333,grouped,29,2,43,0.0,0.5,0.417,grouped,4,111,28,0.0,1.0,1.0,grouped,121,2,-1,0.333,0.0,0.0,grouped,-1,1,-1,1.0,0.0,0.0,robust isolated,2,1,grouped in ≥2
B172,Heffernan Triangle,Triangle/Plaza,B,0.029,53,5,-1,0.333,0.667,0.667,grouped,107,30,162,0.25,0.75,0.75,grouped,6,126,49,0.0,1.0,1.0,grouped,67,6,141,0.0,1.0,1.0,grouped,-1,1,-1,1.0,0.0,0.0,robust isolated,2,1,grouped in ≥2
B173,Fraser Square,Triangle/Plaza,B,0.667,129,2,-1,0.333,0.333,0.333,grouped,137,2,212,0.0,0.5,0.375,grouped,5,100,32,0.0,1.0,1.0,grouped,98,2,200,0.0,0.333,0.0,grouped,-1,1,-1,1.0,0.0,0.0,robust isolated,2,1,grouped in ≥2
B174,Park,Triangle/Plaza,B,0.061,12,2,34,0.0,0.333,0.333,grouped,-1,1,-1,0.5,0.5,0.417,unstable,4,111,28,0.0,1.0,1.0,grouped,-1,1,-1,0.667,0.333,0.333,unstable,-1,1,-1,0.75,0.0,0.0,unstable,0,0,definition-specific
B175,Dahill Triangle,Triangle/Plaza,B,0.006,103,2,-1,0.333,0.333,0.333,grouped,121,2,184,0.0,0.25,0.25,grouped,5,100,-1,0.0,1.0,1.0,grouped,123,2,229,0.0,0.0,0.0,grouped,-1,1,-1,1.0,0.0,0.0,robust isolated,2,1,grouped in ≥2
B176,Trust Triangle,Triangle/Plaza,B,0.078,127,2,-1,0.333,0.0,0.0,grouped,-1,1,-1,0.667,0.25,0.25,unstable,5,100,37,0.0,1.0,1.0,grouped,-1,1,-1,1.0,0.0,0.0,robust isolated,-1,1,-1,1.0,0.0,0.0,robust isolated,0,2,isolated in ≥2
B178,Flatbush Malls,Mall,B,0.73,133,4,299,0.0,1.0,0.667,grouped,125,7,190,0.0,1.0,1.0,grouped,5,100,32,0.0,1.0,1.0,grouped,42,4,91,0.0,1.0,1.0,grouped,-1,1,-1,0.875,0.0,0.0,robust isolated,2,1,grouped in ≥2
B179,Flatbush Malls,Mall,B,0.8,133,4,299,0.0,1.0,0.667,grouped,125,7,190,0.0,1.0,0.167,grouped,5,100,32,0.0,1.0,1.0,grouped,42,4,91,0.0,1.0,0.0,grouped,-1,1,-1,1.0,0.0,0.0,robust isolated,2,1,grouped in ≥2
B180,Flatbush Mall,Mall,B,0.02,133,4,299,0.0,1.0,0.667,grouped,125,7,190,0.0,1.0,1.0,grouped,5,100,32,0.0,1.0,1.0,grouped,42,4,91,0.0,1.0,1.0,grouped,-1,1,-1,1.0,0.0,0.0,robust isolated,2,1,grouped in ≥2
B182,Howard Malls,Triangle/Plaza,B,0.191,11,16,32,0.0,0.667,0.667,grouped,34,19,49,0.0,1.0,1.0,grouped,4,111,28,0.0,1.0,1.0,grouped,15,29,36,0.0,1.0,1.0,grouped,-1,1,-1,0.875,0.0,0.0,robust isolated,2,1,grouped in ≥2
B184,Avenue R Mall,Mall,B,0.258,104,4,-1,0.333,0.667,0.333,grouped,-1,1,-1,0.417,0.583,0.333,unstable,5,100,32,0.0,1.0,1.0,grouped,-1,1,-1,1.0,0.0,0.0,robust isolated,-1,1,-1,1.0,0.0,0.0,robust isolated,0,2,isolated in ≥2
B190,Barone Triangle,Triangle/Plaza,B,0.15,111,3,-1,0.333,0.667,0.667,grouped,145,6,222,0.0,0.75,0.417,grouped,5,100,37,0.0,1.0,1.0,grouped,109,3,212,0.0,1.0,0.0,grouped,-1,1,-1,1.0,0.0,0.0,robust isolated,2,1,grouped in ≥2
B191,Park,Triangle/Plaza,B,0.097,53,5,163,0.0,1.0,0.667,grouped,107,30,162,0.0,1.0,1.0,grouped,6,126,49,0.0,1.0,1.0,grouped,67,6,141,0.0,1.0,1.0,grouped,-1,1,-1,1.0,0.0,0.0,robust isolated,2,1,grouped in ≥2
B192,Russell Pedersen Playground,Jointly Operated Playground,B,1.37,99,4,256,0.0,1.0,0.667,grouped,107,30,165,0.083,0.917,0.667,grouped,6,126,49,0.0,1.0,1.0,grouped,72,3,150,0.0,1.0,0.333,grouped,-1,1,-1,1.0,0.0,0.0,robust isolated,2,1,grouped in ≥2
B192A,Fort Hamilton Athletic Field,Recreational Field/Courts,B,6.02,99,4,256,0.0,1.0,0.667,grouped,107,30,165,0.0,0.833,0.625,grouped,6,126,49,0.0,1.0,1.0,grouped,72,3,150,0.0,1.0,0.333,grouped,-1,1,-1,1.0,0.0,0.0,robust isolated,2,1,grouped in ≥2
B193,Hamilton Metz Field,Neighborhood Park,B,2.112,-1,1,-1,0.667,0.333,0.333,unstable,71,36,102,0.0,0.958,0.417,grouped,1,70,1,0.0,1.0,1.0,grouped,22,18,-1,0.333,0.667,0.0,grouped,-1,1,-1,0.938,0.0,0.0,robust isolated,2,1,grouped in ≥2
B194,Harmony Triangle,Triangle/Plaza,B,0.1,35,11,101,0.0,1.0,1.0,grouped,6,4,6,0.0,1.0,0.708,grouped,3,132,21,0.0,1.0,1.0,grouped,61,15,123,0.0,1.0,0.667,grouped,-1,1,-1,0.875,0.125,0.0,robust isolated,2,1,grouped in ≥2
B196,Pvt. Sonsire Triangle,Triangle/Plaza,B,0.036,32,12,84,0.0,1.0,0.667,grouped,7,53,9,0.0,1.0,1.0,grouped,2,49,10,0.0,1.0,1.0,grouped,33,45,76,0.0,1.0,1.0,grouped,-1,1,-1,0.75,0.25,0.0,unstable,2,0,grouped in ≥2
B197,Mellett Playground,Neighborhood Park,B,1.056,-1,1,-1,0.667,0.333,0.333,unstable,129,10,196,0.0,1.0,0.417,grouped,5,100,32,0.0,1.0,1.0,grouped,90,3,-1,0.333,0.667,0.0,grouped,-1,1,-1,1.0,0.0,0.0,robust isolated,2,1,grouped in ≥2
B200,Elizabeth Stroud Playground,Playground,B,0.29,17,17,51,0.0,1.0,0.667,grouped,77,5,-1,0.208,0.792,0.75,grouped,3,132,19,0.0,1.0,1.0,grouped,-1,1,-1,0.667,0.333,0.333,unstable,-1,1,-1,0.75,0.25,0.188,unstable,1,0,definition-specific
B202,Lithuania Square,Triangle/Plaza,B,0.02,35,11,100,0.0,1.0,1.0,grouped,7,53,9,0.0,1.0,1.0,grouped,2,49,10,0.0,1.0,1.0,grouped,33,45,78,0.0,0.667,0.667,grouped,-1,1,-1,0.625,0.125,0.0,unstable,2,0,grouped in ≥2
B205,Corporal Wiltshire Square,Triangle/Plaza,B,0.051,-1,1,-1,0.667,0.333,0.0,unstable,131,12,200,0.083,0.833,0.417,grouped,5,100,32,0.0,1.0,1.0,grouped,99,2,-1,0.333,0.333,0.0,grouped,-1,1,-1,1.0,0.0,0.0,robust isolated,2,1,grouped in ≥2
B206,Sunners Playground,Playground,B,0.197,-1,1,-1,0.667,0.333,0.0,unstable,143,2,220,0.0,0.417,0.333,grouped,5,100,37,0.0,1.0,1.0,grouped,122,2,-1,0.333,0.0,0.0,grouped,-1,1,-1,1.0,0.0,0.0,robust isolated,2,1,grouped in ≥2
B207,Sarsfield Playground,Playground,B,0.579,129,2,-1,0.333,0.333,0.0,grouped,137,2,212,0.0,0.5,0.25,grouped,5,100,37,0.0,1.0,1.0,grouped,98,2,200,0.0,0.333,0.0,grouped,-1,1,-1,1.0,0.0,0.0,robust isolated,2,1,grouped in ≥2
B208,Pfc Norton Playground,Playground,B,0.55,128,2,293,0.0,0.333,0.333,grouped,138,3,213,0.0,0.833,0.542,grouped,5,100,32,0.0,1.0,1.0,grouped,119,2,223,0.0,0.333,0.333,grouped,-1,1,-1,0.562,0.188,0.0,unstable,2,0,grouped in ≥2
B209,Galapo Playground,Playground,B,0.565,-1,1,-1,0.667,0.333,0.333,unstable,129,10,195,0.0,1.0,0.583,grouped,5,100,32,0.0,1.0,1.0,grouped,91,5,-1,0.333,0.667,0.333,grouped,-1,1,-1,0.875,0.0,0.0,robust isolated,2,1,grouped in ≥2
B210A,John Allen Payne Playground,Playground,B,1.51,96,13,247,0.0,1.0,1.0,grouped,107,30,166,0.0,0.75,0.75,grouped,6,126,-1,0.5,0.5,0.5,grouped,70,9,147,0.0,1.0,0.667,grouped,-1,1,-1,1.0,0.0,0.0,robust isolated,2,1,grouped in ≥2
B210B,D'Emic Playground,Playground,B,1.13,54,4,-1,0.333,0.667,0.0,grouped,107,30,162,0.0,1.0,0.5,grouped,6,126,49,0.0,1.0,1.0,grouped,71,4,149,0.0,1.0,0.333,grouped,-1,1,-1,1.0,0.0,0.0,robust isolated,2,1,grouped in ≥2
B210C,Cough Triangle,Triangle/Plaza,B,0.032,2,18,-1,0.333,0.667,0.667,grouped,87,19,133,0.0,1.0,0.75,grouped,6,126,50,0.0,1.0,1.0,grouped,3,18,11,0.0,1.0,0.667,grouped,-1,1,-1,0.875,0.0,0.0,robust isolated,2,1,grouped in ≥2
B210F,Admiral Triangle,Playground,B,0.433,2,18,-1,0.333,0.667,0.667,grouped,87,19,133,0.0,1.0,1.0,grouped,6,126,50,0.0,1.0,1.0,grouped,3,18,11,0.0,1.0,0.667,grouped,-1,1,-1,1.0,0.0,0.0,robust isolated,2,1,grouped in ≥2
B210G,Triangle Three Sixteen,Triangle/Plaza,B,0.28,24,9,-1,0.333,0.667,0.667,grouped,-1,1,-1,0.333,0.667,0.5,unstable,6,126,50,0.0,1.0,1.0,grouped,2,15,-1,0.333,0.667,0.333,grouped,-1,1,-1,0.875,0.0,0.0,robust isolated,1,1,definition-specific
B210H,Harold Ickes Playground,Playground,B,1.816,2,18,3,0.0,1.0,1.0,grouped,87,19,133,0.0,1.0,0.958,grouped,6,126,50,0.0,1.0,1.0,grouped,3,18,9,0.0,1.0,0.778,grouped,-1,1,-1,1.0,0.0,0.0,robust isolated,2,1,grouped in ≥2
B210I,Gonzalo Plasencia Playground,Jointly Operated Playground,B,1.236,54,4,-1,0.333,0.667,0.333,grouped,107,30,162,0.0,1.0,0.667,grouped,6,126,49,0.0,1.0,1.0,grouped,71,4,149,0.0,1.0,0.333,grouped,-1,1,-1,1.0,0.0,0.0,robust isolated,2,1,grouped in ≥2
B210J,Pena Herrera Playground,Jointly Operated Playground,B,0.736,54,4,-1,0.333,0.667,0.333,grouped,107,30,162,0.0,1.0,0.667,grouped,6,126,49,0.0,1.0,1.0,grouped,71,4,149,0.0,1.0,0.333,grouped,-1,1,-1,1.0,0.0,0.0,robust isolated,2,1,grouped in ≥2
B210L,64th Street Community Garden,Strip,B,0.009,96,13,247,0.0,1.0,1.0,grouped,-1,1,-1,0.75,0.25,0.25,unstable,6,126,49,0.0,1.0,1.0,grouped,-1,1,-1,0.889,0.111,0.0,robust isolated,-1,1,-1,1.0,0.0,0.0,robust isolated,0,2,isolated in ≥2
B210M,Park,Strip,B,0.008,96,13,247,0.0,1.0,1.0,grouped,107,30,166,0.0,0.75,0.75,grouped,6,126,49,0.0,1.0,1.0,grouped,70,9,147,0.0,1.0,0.667,grouped,-1,1,-1,1.0,0.0,0.0,robust isolated,2,1,grouped in ≥2
B210N,Park,Strip,B,0.002,96,13,247,0.0,1.0,1.0,grouped,-1,1,-1,0.5,0.5,0.5,unstable,6,126,49,0.0,1.0,1.0,grouped,-1,1,-1,1.0,0.0,0.0,robust isolated,-1,1,-1,1.0,0.0,0.0,robust isolated,0,2,isolated in ≥2
B210O,Park,Strip,B,0.006,96,13,247,0.0,1.0,1.0,grouped,107,30,166,0.0,1.0,0.75,grouped,6,126,49,0.0,1.0,1.0,grouped,70,9,147,0.0,1.0,0.0,grouped,-1,1,-1,1.0,0.0,0.0,robust isolated,2,1,grouped in ≥2
B210P,Dan Ross Playground,Playground,B,0.256,97,7,249,0.0,1.0,1.0,grouped,108,3,-1,0.417,0.583,0.417,grouped,6,126,49,0.0,1.0,1.0,grouped,-1,1,-1,0.667,0.333,0.0,unstable,-1,1,-1,1.0,0.0,0.0,robust isolated,1,1,definition-specific
B210Q,Park,Strip,B,0.004,97,7,249,0.0,1.0,1.0,grouped,108,3,168,0.167,0.667,0.417,grouped,6,126,51,0.0,1.0,1.0,grouped,68,3,143,0.0,0.667,0.333,grouped,-1,1,-1,0.625,0.125,0.0,unstable,2,0,grouped in ≥2
B210R,Park,Strip,B,0.004,97,7,249,0.0,1.0,0.667,grouped,-1,1,-1,0.75,0.25,0.167,unstable,-1,1,-1,1.0,0.0,0.0,robust isolated,-1,1,-1,1.0,0.0,0.0,robust isolated,-1,1,-1,1.0,0.0,0.0,robust isolated,0,2,isolated in ≥2
B210S,Park,Strip,B,0.004,97,7,249,0.0,1.0,0.667,grouped,101,2,154,0.0,0.25,0.25,grouped,5,100,32,0.0,1.0,1.0,grouped,124,2,230,0.0,0.0,0.0,grouped,-1,1,-1,0.75,0.0,0.0,unstable,2,0,grouped in ≥2
B210T,Park,Strip,B,0.004,97,7,249,0.0,1.0,0.667,grouped,101,2,154,0.0,0.25,0.25,grouped,5,100,32,0.0,1.0,1.0,grouped,124,2,230,0.0,0.0,0.0,grouped,-1,1,-1,0.75,0.0,0.0,unstable,2,0,grouped in ≥2
B210U,Park,Strip,B,0.002,98,7,-1,0.333,0.667,0.333,grouped,100,2,-1,0.5,0.25,0.25,grouped,6,126,-1,0.5,0.5,0.0,grouped,-1,1,-1,1.0,0.0,0.0,robust isolated,-1,1,-1,1.0,0.0,0.0,robust isolated,1,2,isolated in ≥2
B210V,Park,Parkway,B,0.586,98,7,-1,0.333,0.667,0.333,grouped,100,2,-1,0.5,0.25,0.25,grouped,-1,1,-1,1.0,0.0,0.0,robust isolated,-1,1,-1,1.0,0.0,0.0,robust isolated,-1,1,-1,1.0,0.0,0.0,robust isolated,1,2,isolated in ≥2
B210W,John J Carty Park,Neighborhood Park,B,8.565,98,7,251,0.0,1.0,0.667,grouped,107,30,164,0.0,1.0,0.667,grouped,6,126,49,0.0,1.0,1.0,grouped,69,5,145,0.0,1.0,0.333,grouped,-1,1,-1,0.75,0.0,0.0,unstable,2,0,grouped in ≥2
B211,Lady Moody Triangle,Triangle/Plaza,B,0.052,-1,1,-1,0.667,0.333,0.333,unstable,131,12,201,0.0,1.0,0.792,grouped,5,100,32,0.0,1.0,1.0,grouped,97,4,-1,0.333,0.667,0.333,grouped,-1,1,-1,1.0,0.0,0.0,robust isolated,2,1,grouped in ≥2
B212,Hot Spot Tot Lot,Playground,B,0.322,133,4,299,0.0,1.0,0.667,grouped,125,7,190,0.0,1.0,1.0,grouped,5,100,32,0.0,1.0,1.0,grouped,42,4,91,0.0,1.0,1.0,grouped,-1,1,-1,1.0,0.0,0.0,robust isolated,2,1,grouped in ≥2
B213,Gravesend Triangle,Triangle/Plaza,B,0.06,-1,1,-1,0.667,0.333,0.333,unstable,129,10,-1,0.417,0.583,0.25,grouped,5,100,32,0.0,1.0,1.0,grouped,-1,1,-1,0.778,0.222,0.0,unstable,-1,1,-1,1.0,0.0,0.0,robust isolated,1,1,definition-specific
B214,Linden Park,Jointly Operated Playground,B,9.322,90,2,239,0.0,0.333,0.333,grouped,38,8,55,0.0,1.0,1.0,grouped,4,111,29,0.0,1.0,1.0,grouped,86,12,172,0.0,0.667,0.667,grouped,-1,1,-1,0.938,0.0,0.0,robust isolated,2,1,grouped in ≥2
B215,Decatur Playground,Jointly Operated Playground,B,1.5,17,17,-1,0.333,0.667,0.333,grouped,79,3,118,0.25,0.75,0.417,grouped,3,132,19,0.0,1.0,1.0,grouped,23,3,-1,0.333,0.667,0.0,grouped,8,3,9,0.25,0.625,0.062,grouped,3,0,grouped in all
B216,Raymond Bush Playground,Jointly Operated Playground,B,2.015,49,37,-1,0.333,0.667,0.333,grouped,45,11,65,0.0,1.0,1.0,grouped,3,132,19,0.0,1.0,1.0,grouped,62,24,133,0.0,1.0,0.667,grouped,61,3,68,0.125,0.625,0.125,grouped,3,0,grouped in all
B217,Marcy Playground,Community Park,B,3.201,49,37,138,0.0,1.0,1.0,grouped,47,30,68,0.0,1.0,1.0,grouped,3,132,19,0.0,1.0,1.0,grouped,62,24,133,0.0,1.0,0.667,grouped,-1,1,-1,1.0,0.0,0.0,robust isolated,2,1,grouped in ≥2
B218,Paerdegat Park,Community Park,B,3.56,76,2,-1,0.333,0.333,0.0,grouped,136,3,211,0.0,1.0,0.167,grouped,5,100,32,0.0,1.0,1.0,grouped,96,3,195,0.0,0.667,0.0,grouped,-1,1,-1,1.0,0.0,0.0,robust isolated,2,1,grouped in ≥2
B219,Callahan-Kelly Playground,Community Park,B,3.461,9,45,20,0.0,1.0,0.667,grouped,76,14,113,0.0,1.0,1.0,grouped,1,70,1,0.0,1.0,1.0,grouped,20,32,44,0.0,1.0,0.667,grouped,-1,1,-1,0.875,0.125,0.125,robust isolated,2,1,grouped in ≥2
B220,Washington Hall Park,Playground,B,0.901,29,7,-1,0.333,0.667,0.333,grouped,47,30,68,0.0,1.0,0.833,grouped,3,132,19,0.0,1.0,1.0,grouped,61,15,-1,0.333,0.667,0.333,grouped,-1,1,-1,0.5,0.25,0.0,unstable,2,0,grouped in ≥2
B221,Steuben Playground,Neighborhood Park,B,1.171,29,7,78,0.0,1.0,1.0,grouped,10,2,16,0.0,0.75,0.583,grouped,3,132,20,0.0,1.0,1.0,grouped,33,45,-1,0.0,1.0,0.333,grouped,38,2,-1,0.312,0.438,0.0,grouped,3,0,grouped in all
B222,Pierrepont Playground,Playground,B,0.503,95,20,245,0.0,1.0,1.0,grouped,84,30,128,0.0,1.0,1.0,grouped,6,126,50,0.0,1.0,1.0,grouped,1,36,2,0.0,1.0,1.0,grouped,-1,1,-1,0.625,0.375,0.25,unstable,2,0,grouped in ≥2
B223A,Dimattina Playground,Recreational Field/Courts,B,1.38,2,18,3,0.0,1.0,0.667,grouped,87,19,133,0.125,0.875,0.833,grouped,6,126,50,0.0,1.0,1.0,grouped,3,18,11,0.0,1.0,0.667,grouped,-1,1,-1,1.0,0.0,0.0,robust isolated,2,1,grouped in ≥2
B223B,Dimattina Playground,Playground,B,0.52,2,18,3,0.0,1.0,0.667,grouped,-1,1,-1,0.75,0.25,0.167,unstable,-1,1,-1,1.0,0.0,0.0,robust isolated,-1,1,-1,1.0,0.0,0.0,robust isolated,-1,1,-1,1.0,0.0,0.0,robust isolated,0,2,isolated in ≥2
B223C,Park,Strip,B,0.003,2,18,3,0.0,1.0,1.0,grouped,87,19,133,0.0,1.0,0.958,grouped,6,126,50,0.0,1.0,0.5,grouped,3,18,9,0.0,1.0,0.778,grouped,-1,1,-1,1.0,0.0,0.0,robust isolated,2,1,grouped in ≥2
B223DA,Adam Yauch Park,Playground,B,1.363,95,20,245,0.0,1.0,1.0,grouped,84,30,128,0.0,1.0,1.0,grouped,6,126,50,0.0,1.0,1.0,grouped,1,36,2,0.0,1.0,1.0,grouped,-1,1,-1,0.688,0.312,0.25,unstable,2,0,grouped in ≥2
B223DB,Brooklyn Heights Promenade,Triangle/Plaza,B,0.026,95,20,245,0.0,1.0,1.0,grouped,84,30,128,0.0,1.0,1.0,grouped,6,126,50,0.0,1.0,1.0,grouped,1,36,2,0.0,1.0,1.0,grouped,155,8,-1,0.375,0.625,0.5,grouped,3,0,grouped in all
B223DC,Brooklyn Heights Promenade,Triangle/Plaza,B,0.04,95,20,245,0.0,1.0,1.0,grouped,84,30,128,0.0,1.0,1.0,grouped,6,126,50,0.0,1.0,1.0,grouped,1,36,2,0.0,1.0,1.0,grouped,155,8,-1,0.375,0.625,0.5,grouped,3,0,grouped in all
B223DD,Brooklyn Heights Promenade,Triangle/Plaza,B,0.108,95,20,245,0.0,1.0,1.0,grouped,84,30,128,0.0,1.0,1.0,grouped,6,126,50,0.0,1.0,1.0,grouped,1,36,2,0.0,1.0,1.0,grouped,-1,1,-1,0.875,0.125,0.125,robust isolated,2,1,grouped in ≥2
B223DE,Brooklyn Heights Promenade,Triangle/Plaza,B,0.21,95,20,245,0.0,1.0,1.0,grouped,84,30,128,0.0,1.0,1.0,grouped,6,126,50,0.0,1.0,1.0,grouped,1,36,2,0.0,1.0,1.0,grouped,-1,1,-1,0.875,0.125,0.125,robust isolated,2,1,grouped in ≥2
B223DF,Brooklyn Heights Promenade,Triangle/Plaza,B,0.08,95,20,245,0.0,1.0,1.0,grouped,84,30,128,0.0,1.0,1.0,grouped,6,126,50,0.0,1.0,1.0,grouped,1,36,2,0.0,1.0,1.0,grouped,-1,1,-1,0.875,0.125,0.125,robust isolated,2,1,grouped in ≥2
B223DG,Brooklyn Heights Promenade,Triangle/Plaza,B,0.32,95,20,245,0.0,1.0,1.0,grouped,84,30,128,0.0,1.0,1.0,grouped,6,126,50,0.0,1.0,0.5,grouped,1,36,2,0.0,1.0,1.0,grouped,155,8,-1,0.5,0.5,0.5,grouped,3,0,grouped in all
B223DH,Brooklyn Heights Promenade,Triangle/Plaza,B,0.093,95,20,245,0.0,1.0,1.0,grouped,84,30,128,0.0,1.0,1.0,grouped,6,126,50,0.0,1.0,1.0,grouped,1,36,2,0.0,1.0,1.0,grouped,155,8,-1,0.5,0.5,0.5,grouped,3,0,grouped in all
B223DI,Brooklyn Heights Promenade,Triangle/Plaza,B,0.138,95,20,245,0.0,1.0,1.0,grouped,84,30,128,0.0,1.0,1.0,grouped,6,126,50,0.0,1.0,1.0,grouped,1,36,2,0.0,1.0,1.0,grouped,155,8,-1,0.5,0.5,0.5,grouped,3,0,grouped in all
B223DJ,Brooklyn Heights Promenade,Triangle/Plaza,B,0.09,95,20,245,0.0,1.0,1.0,grouped,84,30,128,0.0,1.0,1.0,grouped,6,126,50,0.0,1.0,1.0,grouped,1,36,2,0.0,1.0,1.0,grouped,155,8,-1,0.375,0.625,0.5,grouped,3,0,grouped in all
B223DK,Brooklyn Heights Promenade,Triangle/Plaza,B,1.093,95,20,245,0.0,1.0,1.0,grouped,84,30,128,0.0,1.0,1.0,grouped,6,126,-1,0.5,0.5,0.5,grouped,1,36,2,0.0,1.0,1.0,grouped,-1,1,-1,0.875,0.125,0.125,robust isolated,2,1,grouped in ≥2
B223E,Fruit Street Sitting Area,Triangle/Plaza,B,0.92,95,20,245,0.0,1.0,1.0,grouped,84,30,128,0.0,1.0,1.0,grouped,6,126,50,0.0,1.0,1.0,grouped,1,36,2,0.0,1.0,1.0,grouped,155,8,-1,0.5,0.5,0.5,grouped,3,0,grouped in all
B223F,Squibb Park,Neighborhood Park,B,0.626,95,20,245,0.0,1.0,1.0,grouped,84,30,128,0.0,1.0,1.0,grouped,6,126,50,0.0,1.0,1.0,grouped,1,36,2,0.0,1.0,1.0,grouped,155,8,-1,0.5,0.5,0.5,grouped,3,0,grouped in all
B223G,Hillside Dog Park,Neighborhood Park,B,2.06,95,20,245,0.0,1.0,1.0,grouped,84,30,128,0.0,1.0,1.0,grouped,6,126,-1,0.5,0.5,0.5,grouped,1,36,2,0.0,1.0,1.0,grouped,-1,1,-1,1.0,0.0,0.0,robust isolated,2,1,grouped in ≥2
B223H,Harry Chapin Playground,Playground,B,0.3,95,20,245,0.0,1.0,1.0,grouped,84,30,128,0.0,1.0,1.0,grouped,6,126,50,0.0,1.0,0.5,grouped,1,36,2,0.0,1.0,1.0,grouped,-1,1,-1,1.0,0.0,0.0,robust isolated,2,1,grouped in ≥2
B223I,Anchorage Plaza,Triangle/Plaza,B,2.2,94,20,244,0.0,1.0,1.0,grouped,84,30,128,0.0,1.0,1.0,grouped,6,126,-1,0.5,0.5,0.5,grouped,1,36,2,0.0,1.0,1.0,grouped,-1,1,-1,1.0,0.0,0.0,robust isolated,2,1,grouped in ≥2
B223IA,Clumber Corner,Parkway,B,0.947,94,20,244,0.0,1.0,1.0,grouped,84,30,128,0.0,1.0,1.0,grouped,6,126,-1,0.5,0.5,0.0,grouped,1,36,2,0.0,1.0,1.0,grouped,-1,1,-1,1.0,0.0,0.0,robust isolated,2,1,grouped in ≥2
B223IB,Bar and Grill Park,Parkway,B,0.489,94,20,244,0.0,1.0,1.0,grouped,84,30,128,0.0,1.0,0.75,grouped,6,126,-1,0.5,0.5,0.0,grouped,1,36,2,0.0,1.0,1.0,grouped,-1,1,-1,1.0,0.0,0.0,robust isolated,2,1,grouped in ≥2
B223IC,Park,Triangle/Plaza,B,0.047,94,20,244,0.0,1.0,1.0,grouped,-1,1,-1,0.75,0.25,0.25,unstable,-1,1,-1,1.0,0.0,0.0,robust isolated,-1,1,-1,1.0,0.0,0.0,robust isolated,-1,1,-1,1.0,0.0,0.0,robust isolated,0,2,isolated in ≥2
B223JA,Park,Triangle/Plaza,B,0.09,94,20,244,0.0,1.0,1.0,grouped,-1,1,-1,0.5,0.5,0.375,unstable,-1,1,-1,1.0,0.0,0.0,robust isolated,-1,1,-1,1.0,0.0,0.0,robust isolated,-1,1,-1,1.0,0.0,0.0,robust isolated,0,2,isolated in ≥2
B223JB,Susan Smith McKinney Steward Park,Playground,B,1.884,94,20,244,0.0,1.0,1.0,grouped,84,30,128,0.0,1.0,1.0,grouped,6,126,-1,0.5,0.5,0.0,grouped,1,36,2,0.0,1.0,1.0,grouped,-1,1,-1,1.0,0.0,0.0,robust isolated,2,1,grouped in ≥2
B223JC,Bridge Park 3,Recreational Field/Courts,B,1.934,94,20,244,0.0,1.0,1.0,grouped,84,30,128,0.0,1.0,1.0,grouped,6,126,-1,0.5,0.5,0.5,grouped,1,36,2,0.0,1.0,1.0,grouped,-1,1,-1,1.0,0.0,0.0,robust isolated,2,1,grouped in ≥2
B223JD,Maritcha R. Lyons Park,Triangle/Plaza,B,0.233,94,20,244,0.0,1.0,1.0,grouped,84,30,128,0.0,1.0,1.0,grouped,6,126,-1,0.5,0.5,0.5,grouped,1,36,2,0.0,1.0,1.0,grouped,-1,1,-1,1.0,0.0,0.0,robust isolated,2,1,grouped in ≥2
B223K,Trinity Park,Parkway,B,6.3,94,20,244,0.0,1.0,1.0,grouped,53,26,78,0.0,1.0,1.0,grouped,3,132,20,0.0,1.0,1.0,grouped,1,36,1,0.0,1.0,1.0,grouped,-1,1,-1,0.688,0.312,0.0,unstable,2,0,grouped in ≥2
B223MA,Arbor Place,Triangle/Plaza,B,0.068,94,20,244,0.0,1.0,0.667,grouped,53,26,80,0.0,1.0,0.833,grouped,3,132,19,0.0,1.0,1.0,grouped,1,36,1,0.0,1.0,0.667,grouped,-1,1,-1,0.625,0.188,0.0,unstable,2,0,grouped in ≥2
B223NA,Classon Playground,Playground,B,2.982,29,7,78,0.0,1.0,1.0,grouped,10,2,16,0.0,0.75,0.667,grouped,3,132,20,0.0,1.0,1.0,grouped,33,45,72,0.0,1.0,0.667,grouped,-1,1,-1,1.0,0.0,0.0,robust isolated,2,1,grouped in ≥2
B223NB,Classon Triangle,Triangle/Plaza,B,0.206,29,7,78,0.0,1.0,1.0,grouped,-1,1,-1,0.5,0.5,0.5,unstable,3,132,19,0.0,1.0,1.0,grouped,-1,1,-1,0.444,0.556,0.222,unstable,-1,1,-1,1.0,0.0,0.0,robust isolated,0,1,definition-specific
B223NC,Penn Triangle,Playground,B,0.183,29,7,78,0.0,1.0,1.0,grouped,-1,1,-1,0.25,0.75,0.667,unstable,3,132,19,0.0,1.0,1.0,grouped,33,45,72,0.0,1.0,0.667,grouped,-1,1,-1,1.0,0.0,0.0,robust isolated,1,1,definition-specific
B223OB,Marcy Park South,Recreational Field/Courts,B,0.357,33,29,89,0.0,1.0,1.0,grouped,7,53,10,0.0,1.0,1.0,grouped,3,132,19,0.0,1.0,1.0,grouped,33,45,74,0.0,1.0,1.0,grouped,-1,1,-1,1.0,0.0,0.0,robust isolated,2,1,grouped in ≥2
B223OC,Rodney Park South,Recreational Field/Courts,B,0.392,33,29,89,0.0,1.0,1.0,grouped,7,53,10,0.0,1.0,1.0,grouped,2,49,10,0.0,1.0,1.0,grouped,33,45,74,0.0,1.0,1.0,grouped,-1,1,-1,1.0,0.0,0.0,robust isolated,2,1,grouped in ≥2
B223PA,Rodney Park Center,Recreational Field/Courts,B,0.237,33,29,89,0.0,1.0,1.0,grouped,7,53,10,0.0,1.0,1.0,grouped,2,49,10,0.0,1.0,1.0,grouped,33,45,74,0.0,1.0,1.0,grouped,-1,1,-1,1.0,0.0,0.0,robust isolated,2,1,grouped in ≥2
B223PB,Rodney Park North,Recreational Field/Courts,B,0.37,33,29,89,0.0,1.0,1.0,grouped,7,53,10,0.0,1.0,1.0,grouped,2,49,10,0.0,1.0,1.0,grouped,33,45,74,0.0,1.0,1.0,grouped,-1,1,-1,1.0,0.0,0.0,robust isolated,2,1,grouped in ≥2
B223PC,Strawberry Playground,Playground,B,0.319,33,29,89,0.0,1.0,1.0,grouped,7,53,10,0.0,1.0,1.0,grouped,2,49,10,0.0,1.0,1.0,grouped,33,45,74,0.0,1.0,1.0,grouped,-1,1,-1,0.875,0.125,0.0,robust isolated,2,1,grouped in ≥2
B223PD,Rodney Playground Center,Neighborhood Park,B,0.189,33,29,89,0.0,1.0,1.0,grouped,7,53,10,0.0,1.0,1.0,grouped,2,49,10,0.0,1.0,1.0,grouped,33,45,74,0.0,1.0,1.0,grouped,-1,1,-1,1.0,0.0,0.0,robust isolated,2,1,grouped in ≥2
B223PE,Blue Playground,Playground,B,0.29,33,29,89,0.0,1.0,1.0,grouped,7,53,10,0.0,1.0,1.0,grouped,2,49,10,0.0,1.0,1.0,grouped,33,45,74,0.0,1.0,1.0,grouped,-1,1,-1,1.0,0.0,0.0,robust isolated,2,1,grouped in ≥2
B223QA,Marcy Green South,Triangle/Plaza,B,0.104,33,29,89,0.0,1.0,1.0,grouped,7,53,10,0.0,1.0,1.0,grouped,3,132,21,0.0,1.0,1.0,grouped,33,45,74,0.0,1.0,1.0,grouped,-1,1,-1,1.0,0.0,0.0,robust isolated,2,1,grouped in ≥2
B223QB,Marcy Green Center,Triangle/Plaza,B,0.195,33,29,89,0.0,1.0,1.0,grouped,7,53,10,0.0,1.0,1.0,grouped,3,132,21,0.0,1.0,1.0,grouped,33,45,74,0.0,1.0,1.0,grouped,-1,1,-1,1.0,0.0,0.0,robust isolated,2,1,grouped in ≥2
B223QC,Marcy Green North,Triangle/Plaza,B,0.137,33,29,89,0.0,1.0,1.0,grouped,7,53,10,0.0,1.0,1.0,grouped,3,132,20,0.0,1.0,1.0,grouped,33,45,74,0.0,1.0,1.0,grouped,-1,1,-1,1.0,0.0,0.0,robust isolated,2,1,grouped in ≥2
B223R,Jaime Campiz Playground,Playground,B,0.752,33,29,-1,0.0,1.0,0.667,grouped,7,53,9,0.0,1.0,0.917,grouped,2,49,10,0.0,1.0,1.0,grouped,33,45,76,0.0,1.0,1.0,grouped,-1,1,-1,0.625,0.25,0.0,unstable,2,0,grouped in ≥2
B223S,Macri Triangle,Triangle/Plaza,B,0.57,32,12,84,0.0,1.0,0.667,grouped,7,53,9,0.0,1.0,1.0,grouped,2,49,10,0.0,1.0,1.0,grouped,33,45,76,0.0,1.0,1.0,grouped,-1,1,-1,1.0,0.0,0.0,robust isolated,2,1,grouped in ≥2
B223T,Father Giorgio Triangle,Triangle/Plaza,B,0.067,32,12,84,0.0,1.0,0.667,grouped,7,53,9,0.0,1.0,1.0,grouped,2,49,10,0.0,1.0,1.0,grouped,33,45,76,0.0,1.0,1.0,grouped,-1,1,-1,1.0,0.0,0.0,robust isolated,2,1,grouped in ≥2
B223U,Lentol Garden,Triangle/Plaza,B,0.762,32,12,-1,0.333,0.667,0.667,grouped,7,53,10,0.25,0.75,0.75,grouped,2,49,10,0.0,1.0,1.0,grouped,33,45,76,0.0,1.0,0.667,grouped,-1,1,-1,1.0,0.0,0.0,robust isolated,2,1,grouped in ≥2
B223V,Badame Sessa Triangle,Triangle/Plaza,B,0.067,32,12,84,0.0,1.0,0.667,grouped,7,53,9,0.0,1.0,1.0,grouped,2,49,10,0.0,1.0,1.0,grouped,33,45,76,0.0,1.0,1.0,grouped,-1,1,-1,1.0,0.0,0.0,robust isolated,2,1,grouped in ≥2
B224,P.O. Reinaldo Salgado Playground,Neighborhood Park,B,2.289,15,12,39,0.0,1.0,1.0,grouped,45,11,64,0.0,1.0,0.833,grouped,3,132,19,0.0,1.0,1.0,grouped,46,5,95,0.0,1.0,0.333,grouped,61,3,-1,0.375,0.625,0.312,grouped,3,0,grouped in all
B224A,Citizens For A Better Community,Garden,B,0.299,15,12,39,0.0,1.0,1.0,grouped,45,11,64,0.0,1.0,0.75,grouped,3,132,19,0.0,1.0,1.0,grouped,46,5,95,0.0,1.0,0.333,grouped,62,2,-1,0.5,0.5,0.25,grouped,3,0,grouped in all
B225,St. Andrew's Playground,Neighborhood Park,B,3.38,18,2,55,0.0,0.333,0.333,grouped,71,36,102,0.0,1.0,0.792,grouped,1,70,1,0.0,1.0,1.0,grouped,22,18,51,0.0,0.667,0.333,grouped,-1,1,-1,1.0,0.0,0.0,robust isolated,2,1,grouped in ≥2
B226,Mt. Carmel Triangle,Triangle/Plaza,B,0.102,32,12,84,0.0,1.0,0.667,grouped,7,53,9,0.0,1.0,1.0,grouped,2,49,10,0.0,1.0,1.0,grouped,33,45,76,0.0,1.0,1.0,grouped,-1,1,-1,0.625,0.25,0.0,unstable,2,0,grouped in ≥2
B227,P.S. 125 Playground,Playground,B,0.208,11,16,-1,0.333,0.667,0.667,grouped,34,19,49,0.0,1.0,1.0,grouped,4,111,28,0.0,1.0,1.0,grouped,15,29,36,0.0,1.0,0.667,grouped,-1,1,-1,0.875,0.062,0.0,robust isolated,2,1,grouped in ≥2
B228,Dr. Green Playground,Playground,B,1.791,11,16,31,0.0,1.0,0.667,grouped,34,19,49,0.0,1.0,1.0,grouped,4,111,28,0.0,1.0,1.0,grouped,15,29,36,0.0,1.0,1.0,grouped,-1,1,-1,0.688,0.312,0.188,unstable,2,0,grouped in ≥2
B229,Triangle,Triangle/Plaza,B,0.019,112,2,275,0.0,0.333,0.333,grouped,-1,1,-1,0.583,0.417,0.333,unstable,5,100,37,0.0,1.0,1.0,grouped,-1,1,-1,1.0,0.0,0.0,robust isolated,-1,1,-1,1.0,0.0,0.0,robust isolated,0,2,isolated in ≥2
B230,Nicholas Naquan Heyward Jr. Park,Neighborhood Park,B,1.041,4,2,11,0.0,0.333,0.333,grouped,-1,1,-1,0.75,0.25,0.25,unstable,6,126,50,0.0,1.0,1.0,grouped,-1,1,-1,1.0,0.0,0.0,robust isolated,-1,1,-1,1.0,0.0,0.0,robust isolated,0,2,isolated in ≥2
B231,Samuel Goldberg Triangle,Triangle/Plaza,B,0.015,103,2,-1,0.333,0.333,0.333,grouped,121,2,184,0.0,0.25,0.25,grouped,5,100,32,0.0,1.0,1.0,grouped,123,2,229,0.0,0.0,0.0,grouped,-1,1,-1,1.0,0.0,0.0,robust isolated,2,1,grouped in ≥2
B232,Dean Playground,Neighborhood Park,B,1.3,28,17,-1,0.333,0.667,0.333,grouped,73,9,-1,0.375,0.625,0.417,grouped,6,126,52,0.0,1.0,1.0,grouped,-1,1,-1,1.0,0.0,0.0,robust isolated,-1,1,-1,0.875,0.062,0.0,robust isolated,1,2,isolated in ≥2
B233,Park,Triangle/Plaza,B,0.312,94,20,244,0.0,1.0,1.0,grouped,-1,1,-1,0.417,0.583,0.375,unstable,3,132,-1,0.5,0.5,0.5,grouped,1,36,1,0.0,1.0,0.0,grouped,-1,1,-1,1.0,0.0,0.0,robust isolated,1,1,definition-specific
B234,Tilden Playground,Neighborhood Park,B,1.19,-1,1,-1,1.0,0.0,0.0,robust isolated,-1,1,-1,0.833,0.167,0.167,robust isolated,1,70,3,0.0,1.0,1.0,grouped,-1,1,-1,1.0,0.0,0.0,robust isolated,-1,1,-1,1.0,0.0,0.0,robust isolated,0,3,isolated in all
B235,Herman Dolgon Playground,Neighborhood Park,B,1.894,-1,1,-1,0.667,0.333,0.333,unstable,129,10,195,0.0,1.0,0.208,grouped,5,100,32,0.0,1.0,1.0,grouped,91,5,-1,0.333,0.667,0.0,grouped,-1,1,-1,1.0,0.0,0.0,robust isolated,2,1,grouped in ≥2
B236,Glenwood Playground,Neighborhood Park,B,1.43,-1,1,-1,0.667,0.333,0.333,unstable,142,3,-1,0.333,0.667,0.417,grouped,5,100,37,0.0,1.0,1.0,grouped,-1,1,-1,0.667,0.222,0.0,unstable,-1,1,-1,1.0,0.0,0.0,robust isolated,1,1,definition-specific
B237,John Hancock Playground,Jointly Operated Playground,B,1.547,52,7,-1,0.333,0.667,0.667,grouped,47,30,68,0.0,1.0,1.0,grouped,3,132,19,0.0,1.0,1.0,grouped,61,15,-1,0.333,0.667,0.667,grouped,-1,1,-1,0.812,0.125,0.0,robust isolated,2,1,grouped in ≥2
B239,Sheepshead Playground,Jointly Operated Playground,B,2.087,58,3,174,0.0,1.0,0.333,grouped,127,2,193,0.0,0.5,0.5,grouped,5,100,32,0.0,1.0,1.0,grouped,79,2,-1,0.333,0.0,0.0,grouped,-1,1,-1,1.0,0.0,0.0,robust isolated,2,1,grouped in ≥2
B240,Tucker Place,Triangle/Plaza,B,0.155,57,3,172,0.0,0.667,0.333,grouped,-1,1,-1,0.833,0.167,0.167,robust isolated,5,100,32,0.0,1.0,0.0,grouped,-1,1,-1,1.0,0.0,0.0,robust isolated,-1,1,-1,1.0,0.0,0.0,robust isolated,0,3,isolated in all
B242,Meucci Triangle,Triangle/Plaza,B,0.045,117,3,281,0.0,1.0,0.667,grouped,131,12,201,0.0,1.0,0.833,grouped,5,100,32,0.0,1.0,1.0,grouped,97,4,197,0.0,0.667,0.333,grouped,-1,1,-1,1.0,0.0,0.0,robust isolated,2,1,grouped in ≥2
B243,Golconda Playground,Neighborhood Park,B,1.5,94,20,244,0.0,1.0,1.0,grouped,53,26,78,0.0,1.0,1.0,grouped,3,132,20,0.0,1.0,1.0,grouped,1,36,1,0.0,1.0,1.0,grouped,-1,1,-1,0.625,0.312,0.0,unstable,2,0,grouped in ≥2
B244,McDonald Playground,Neighborhood Park,B,3.485,-1,1,-1,0.667,0.333,0.333,unstable,130,2,-1,0.417,0.583,0.333,grouped,5,100,32,0.0,1.0,1.0,grouped,-1,1,-1,1.0,0.0,0.0,robust isolated,-1,1,-1,0.875,0.0,0.0,robust isolated,1,2,isolated in ≥2
B245,St. John's Park,Community Park,B,9.04,17,17,51,0.0,1.0,0.667,grouped,71,36,102,0.0,1.0,1.0,grouped,1,70,1,0.0,1.0,1.0,grouped,22,18,53,0.0,1.0,1.0,grouped,-1,1,-1,1.0,0.0,0.0,robust isolated,2,1,grouped in ≥2
B246,Jerome Playground,Jointly Operated Playground,B,0.694,87,5,-1,0.333,0.667,0.333,grouped,38,8,55,0.0,1.0,0.875,grouped,4,111,29,0.0,1.0,1.0,grouped,86,12,170,0.0,1.0,0.667,grouped,-1,1,-1,1.0,0.0,0.0,robust isolated,2,1,grouped in ≥2
B247,Breukelen Ballfields,Community Park,B,16.16,89,4,236,0.0,0.667,0.333,grouped,38,8,55,0.0,1.0,1.0,grouped,4,111,29,0.0,1.0,1.0,grouped,86,12,-1,0.333,0.667,0.667,grouped,-1,1,-1,1.0,0.0,0.0,robust isolated,2,1,grouped in ≥2
B248,Fox Playground,Jointly Operated Playground,B,2.27,-1,1,-1,0.667,0.333,0.0,unstable,143,2,220,0.0,0.417,0.333,grouped,5,100,37,0.0,1.0,1.0,grouped,122,2,-1,0.333,0.0,0.0,grouped,-1,1,-1,1.0,0.0,0.0,robust isolated,2,1,grouped in ≥2
B249,Van Dyke Playground,Neighborhood Park,B,1.398,86,19,-1,0.333,0.667,0.667,grouped,34,19,49,0.0,1.0,0.25,grouped,4,111,28,0.0,1.0,1.0,grouped,15,29,-1,0.333,0.667,0.0,grouped,-1,1,-1,1.0,0.0,0.0,robust isolated,2,1,grouped in ≥2
B250,Nostrand Playground,Jointly Operated Playground,B,3.023,-1,1,-1,0.667,0.333,0.0,unstable,136,3,211,0.0,1.0,0.333,grouped,5,100,32,0.0,1.0,1.0,grouped,96,3,-1,0.333,0.667,0.0,grouped,-1,1,-1,0.938,0.062,0.0,robust isolated,2,1,grouped in ≥2
B251,Manhattan Beach Park,Community Park,B,42.941,-1,1,-1,1.0,0.0,0.0,robust isolated,-1,1,-1,1.0,0.0,0.0,robust isolated,-1,1,-1,1.0,0.0,0.0,robust isolated,-1,1,-1,1.0,0.0,0.0,robust isolated,-1,1,-1,1.0,0.0,0.0,robust isolated,0,3,isolated in all
B252,West Playground,Neighborhood Park,B,2.387,-1,1,-1,0.667,0.0,0.0,unstable,-1,1,-1,0.5,0.5,0.417,unstable,5,100,32,0.0,1.0,1.0,grouped,-1,1,-1,1.0,0.0,0.0,robust isolated,-1,1,-1,1.0,0.0,0.0,robust isolated,0,2,isolated in ≥2
B253,Albert L. Parham Playground,Jointly Operated Playground,B,1.253,28,17,71,0.0,1.0,0.667,grouped,53,26,78,0.0,1.0,1.0,grouped,3,132,19,0.0,1.0,1.0,grouped,58,14,120,0.0,1.0,0.667,grouped,44,2,50,0.25,0.125,0.0,grouped,3,0,grouped in all
B254,Wingate Park,Jointly Operated Playground,B,5.888,41,2,-1,0.333,0.333,0.333,grouped,72,2,106,0.25,0.583,0.583,grouped,1,70,1,0.0,1.0,1.0,grouped,51,2,-1,0.333,0.333,0.333,grouped,-1,1,-1,0.938,0.0,0.0,robust isolated,2,1,grouped in ≥2
B255A,Park,Strip,B,0.002,24,9,64,0.0,0.667,0.667,grouped,-1,1,-1,0.75,0.25,0.25,unstable,6,126,49,0.0,1.0,1.0,grouped,-1,1,-1,1.0,0.0,0.0,robust isolated,-1,1,-1,1.0,0.0,0.0,robust isolated,0,2,isolated in ≥2
B255B,Park,Strip,B,0.113,24,9,64,0.0,0.667,0.667,grouped,95,7,-1,0.333,0.667,0.25,grouped,6,126,49,0.0,1.0,1.0,grouped,-1,1,-1,0.667,0.333,0.0,unstable,-1,1,-1,1.0,0.0,0.0,robust isolated,1,1,definition-specific
B255C,Purple Playground,Playground,B,0.711,24,9,63,0.0,1.0,1.0,grouped,95,7,141,0.0,1.0,1.0,grouped,6,126,49,0.0,1.0,1.0,grouped,2,15,5,0.0,1.0,1.0,grouped,-1,1,-1,1.0,0.0,0.0,robust isolated,2,1,grouped in ≥2
B255D,Park,Parkway,B,0.281,24,9,63,0.0,1.0,1.0,grouped,95,7,141,0.0,1.0,1.0,grouped,6,126,50,0.0,1.0,1.0,grouped,2,15,5,0.0,1.0,1.0,grouped,-1,1,-1,1.0,0.0,0.0,robust isolated,2,1,grouped in ≥2
B255E,Park,Triangle/Plaza,B,0.736,24,9,63,0.0,1.0,1.0,grouped,95,7,141,0.0,1.0,1.0,grouped,6,126,49,0.0,1.0,1.0,grouped,2,15,5,0.0,1.0,1.0,grouped,-1,1,-1,1.0,0.0,0.0,robust isolated,2,1,grouped in ≥2
B255F,Detective Joseph Mayrose Park,Neighborhood Park,B,1.314,24,9,63,0.0,1.0,1.0,grouped,95,7,141,0.0,1.0,0.75,grouped,6,126,50,0.0,1.0,1.0,grouped,2,15,5,0.0,1.0,1.0,grouped,-1,1,-1,1.0,0.0,0.0,robust isolated,2,1,grouped in ≥2
B255G,Butterfly Gardens,Neighborhood Park,B,0.442,24,9,63,0.0,1.0,1.0,grouped,96,9,-1,0.5,0.5,0.5,grouped,6,126,49,0.0,1.0,1.0,grouped,2,15,-1,0.333,0.667,0.333,grouped,-1,1,-1,0.938,0.0,0.0,robust isolated,2,1,grouped in ≥2
B255H,Thomas J. Cuite Park,Playground,B,0.487,23,12,60,0.0,1.0,1.0,grouped,96,9,145,0.0,1.0,0.5,grouped,6,126,49,0.0,1.0,1.0,grouped,2,15,6,0.0,1.0,0.667,grouped,-1,1,-1,1.0,0.0,0.0,robust isolated,2,1,grouped in ≥2
B255I,Park,Parkway,B,0.438,23,12,60,0.0,1.0,1.0,grouped,96,9,145,0.0,1.0,0.5,grouped,6,126,51,0.0,1.0,1.0,grouped,2,15,6,0.0,1.0,0.667,grouped,-1,1,-1,0.938,0.0,0.0,robust isolated,2,1,grouped in ≥2
B255J,Seeley Park,Triangle/Plaza,B,0.364,23,12,60,0.0,1.0,1.0,grouped,96,9,144,0.25,0.75,0.5,grouped,6,126,-1,0.5,0.5,0.5,grouped,2,15,4,0.0,1.0,0.0,grouped,-1,1,-1,0.875,0.0,0.0,robust isolated,2,1,grouped in ≥2
B255K,Sitting Area,Triangle/Plaza,B,0.93,23,12,60,0.0,1.0,1.0,grouped,96,9,145,0.0,1.0,0.5,grouped,6,126,51,0.0,1.0,1.0,grouped,2,15,6,0.0,1.0,0.667,grouped,-1,1,-1,1.0,0.0,0.0,robust isolated,2,1,grouped in ≥2
B255L,"Captain John McKenna, IV Park",Triangle/Plaza,B,0.48,23,12,60,0.0,1.0,1.0,grouped,96,9,144,0.0,0.75,0.5,grouped,6,126,-1,0.5,0.5,0.5,grouped,2,15,4,0.0,1.0,0.0,grouped,-1,1,-1,1.0,0.0,0.0,robust isolated,2,1,grouped in ≥2
B255M,Park,Triangle/Plaza,B,0.205,23,12,61,0.0,1.0,1.0,grouped,-1,1,-1,0.75,0.25,0.167,unstable,-1,1,-1,1.0,0.0,0.0,robust isolated,2,15,6,0.0,1.0,0.0,grouped,-1,1,-1,1.0,0.0,0.0,robust isolated,1,1,definition-specific
B255N,Park,Triangle/Plaza,B,0.116,23,12,61,0.0,1.0,1.0,grouped,-1,1,-1,0.75,0.25,0.167,unstable,-1,1,-1,1.0,0.0,0.0,robust isolated,41,4,90,0.0,1.0,0.333,grouped,-1,1,-1,1.0,0.0,0.0,robust isolated,1,1,definition-specific
B255O,Park,Triangle/Plaza,B,0.058,23,12,-1,0.333,0.667,0.667,grouped,96,9,-1,0.5,0.5,0.5,grouped,6,126,-1,0.5,0.5,0.5,grouped,2,15,6,0.0,1.0,0.667,grouped,-1,1,-1,1.0,0.0,0.0,robust isolated,2,1,grouped in ≥2
B257,Frost Playground,Playground,B,0.739,34,7,-1,0.333,0.667,0.667,grouped,-1,1,-1,0.5,0.5,0.25,unstable,-1,1,-1,1.0,0.0,0.0,robust isolated,-1,1,-1,0.778,0.222,0.0,unstable,-1,1,-1,1.0,0.0,0.0,robust isolated,0,1,definition-specific
B258,Brevoort Playground,Playground,B,1.485,15,12,-1,0.0,0.667,0.667,grouped,76,14,113,0.0,1.0,0.5,grouped,3,132,19,0.0,1.0,1.0,grouped,19,4,42,0.0,1.0,0.0,grouped,-1,1,-1,1.0,0.0,0.0,robust isolated,2,1,grouped in ≥2
B259,Underwood Park,Neighborhood Park,B,1.187,28,17,72,0.0,0.667,0.333,grouped,53,26,80,0.0,1.0,1.0,grouped,3,132,19,0.0,1.0,1.0,grouped,61,15,125,0.0,0.667,0.667,grouped,-1,1,-1,1.0,0.0,0.0,robust isolated,2,1,grouped in ≥2
B260,Howard Playground,Community Park,B,1.0,9,45,16,0.0,1.0,1.0,grouped,33,3,47,0.0,1.0,1.0,grouped,4,111,28,0.0,1.0,1.0,grouped,14,4,32,0.0,1.0,0.667,grouped,-1,1,-1,0.562,0.375,0.188,unstable,2,0,grouped in ≥2
B260A,Howard Pool,Community Park,B,0.67,9,45,16,0.0,1.0,1.0,grouped,34,19,48,0.083,0.917,0.833,grouped,4,111,28,0.0,1.0,1.0,grouped,20,32,44,0.0,1.0,0.333,grouped,-1,1,-1,0.875,0.125,0.0,robust isolated,2,1,grouped in ≥2
B261,Sankofa Park,Playground,B,0.847,66,39,189,0.0,1.0,1.0,grouped,23,48,31,0.0,1.0,1.0,grouped,4,111,28,0.0,1.0,1.0,grouped,7,41,17,0.0,1.0,0.667,grouped,-1,1,-1,0.5,0.5,0.188,unstable,2,0,grouped in ≥2
B262,Potomac Playground,Jointly Operated Playground,B,1.315,49,37,142,0.0,0.667,0.333,grouped,47,30,68,0.0,1.0,1.0,grouped,3,132,19,0.0,1.0,1.0,grouped,62,24,133,0.0,1.0,0.667,grouped,-1,1,-1,0.625,0.312,0.188,unstable,2,0,grouped in ≥2
B263,Sumner Playground,Jointly Operated Playground,B,1.97,49,37,138,0.0,1.0,0.667,grouped,-1,1,-1,0.75,0.25,0.25,unstable,3,132,-1,0.5,0.5,0.0,grouped,-1,1,-1,1.0,0.0,0.0,robust isolated,-1,1,-1,1.0,0.0,0.0,robust isolated,0,2,isolated in ≥2
B264,Roebling Playground,Jointly Operated Playground,B,1.23,33,29,93,0.0,0.667,0.667,grouped,7,53,10,0.0,1.0,0.5,grouped,3,132,19,0.0,1.0,1.0,grouped,33,45,-1,0.0,1.0,0.333,grouped,-1,1,-1,1.0,0.0,0.0,robust isolated,2,1,grouped in ≥2
B265,Rainbow Playground,Playground,B,0.46,-1,1,-1,1.0,0.0,0.0,robust isolated,107,30,-1,0.333,0.667,0.5,grouped,6,126,49,0.0,1.0,1.0,grouped,-1,1,-1,0.667,0.333,0.333,unstable,-1,1,-1,0.812,0.0,0.0,robust isolated,1,1,definition-specific
B266,Star Spangled Playground,Jointly Operated Playground,B,1.687,49,37,143,0.0,1.0,0.667,grouped,47,30,68,0.125,0.875,0.583,grouped,3,132,19,0.0,1.0,1.0,grouped,38,2,-1,0.0,1.0,0.333,grouped,-1,1,-1,1.0,0.0,0.0,robust isolated,2,1,grouped in ≥2
B267,Winthrop Playground,Jointly Operated Playground,B,1.252,-1,1,-1,0.667,0.333,0.333,unstable,72,2,106,0.25,0.583,0.25,grouped,1,70,3,0.0,1.0,1.0,grouped,51,2,-1,0.333,0.333,0.0,grouped,-1,1,-1,0.938,0.0,0.0,robust isolated,2,1,grouped in ≥2
B268,Nautilus Playground,Playground,B,1.38,63,5,182,0.0,1.0,1.0,grouped,113,12,174,0.125,0.875,0.417,grouped,5,100,33,0.0,1.0,1.0,grouped,80,9,159,0.0,1.0,0.333,grouped,-1,1,-1,0.875,0.0,0.0,robust isolated,2,1,grouped in ≥2
B269,Jesse Owens Playground,Jointly Operated Playground,B,2.326,15,12,-1,0.333,0.667,0.667,grouped,46,2,67,0.125,0.75,0.75,grouped,3,132,19,0.0,1.0,1.0,grouped,57,2,118,0.0,0.333,0.333,grouped,17,2,-1,0.312,0.188,0.125,grouped,3,0,grouped in all
B270,Brownsville Playground,Community Park,B,3.017,86,19,228,0.0,1.0,1.0,grouped,32,15,46,0.0,1.0,1.0,grouped,4,111,28,0.0,1.0,1.0,grouped,15,29,35,0.0,1.0,1.0,grouped,-1,1,-1,1.0,0.0,0.0,robust isolated,2,1,grouped in ≥2
B271,Railroad Playground,Neighborhood Park,B,2.3,-1,1,-1,0.667,0.333,0.333,unstable,29,2,43,0.0,0.5,0.417,grouped,4,111,28,0.0,1.0,1.0,grouped,121,2,-1,0.333,0.0,0.0,grouped,-1,1,-1,1.0,0.0,0.0,robust isolated,2,1,grouped in ≥2
B272,Marlboro Playground,Neighborhood Park,B,1.072,116,2,-1,0.333,0.333,0.333,grouped,130,2,-1,0.5,0.5,0.25,grouped,5,100,-1,0.5,0.5,0.5,grouped,-1,1,-1,1.0,0.0,0.0,robust isolated,-1,1,-1,1.0,0.0,0.0,robust isolated,1,2,isolated in ≥2
B273,Aimee Triangle,Triangle/Plaza,B,0.11,128,2,293,0.0,0.333,0.333,grouped,138,3,213,0.0,0.833,0.542,grouped,5,100,32,0.0,1.0,1.0,grouped,119,2,223,0.0,0.333,0.333,grouped,-1,1,-1,0.875,0.125,0.0,robust isolated,2,1,grouped in ≥2
B274,Bayview Playground,Jointly Operated Playground,B,1.21,-1,1,-1,1.0,0.0,0.0,robust isolated,-1,1,-1,0.833,0.167,0.167,robust isolated,5,100,34,0.0,0.5,0.5,grouped,-1,1,-1,1.0,0.0,0.0,robust isolated,-1,1,-1,1.0,0.0,0.0,robust isolated,0,3,isolated in all
B275,Grady Playground,Jointly Operated Playground,B,3.403,-1,1,-1,0.667,0.0,0.0,unstable,-1,1,-1,0.917,0.083,0.083,robust isolated,-1,1,-1,1.0,0.0,0.0,robust isolated,-1,1,-1,1.0,0.0,0.0,robust isolated,-1,1,-1,1.0,0.0,0.0,robust isolated,0,3,isolated in all
B277,Benson Playground,Jointly Operated Playground,B,0.934,-1,1,-1,0.667,0.333,0.0,unstable,122,2,-1,0.417,0.25,0.167,grouped,5,100,32,0.0,1.0,1.0,grouped,-1,1,-1,0.667,0.0,0.0,unstable,-1,1,-1,0.875,0.0,0.0,robust isolated,1,1,definition-specific
B278,Sam Leggio Triangle,Triangle/Plaza,B,0.011,-1,1,-1,0.667,0.333,0.0,unstable,22,2,-1,0.5,0.417,0.167,grouped,4,111,-1,0.5,0.5,0.0,grouped,-1,1,-1,1.0,0.0,0.0,robust isolated,-1,1,-1,1.0,0.0,0.0,robust isolated,1,2,isolated in ≥2
B279,Wilson Playground,Jointly Operated Playground,B,1.606,89,4,-1,0.333,0.667,0.333,grouped,39,4,57,0.0,1.0,0.292,grouped,5,100,37,0.0,1.0,1.0,grouped,86,12,-1,0.333,0.667,0.333,grouped,-1,1,-1,1.0,0.0,0.0,robust isolated,2,1,grouped in ≥2
B282,Patrick O'Rourke Playground,Jointly Operated Playground,B,1.23,-1,1,-1,0.667,0.333,0.0,unstable,108,3,168,0.167,0.667,0.333,grouped,6,126,51,0.0,1.0,1.0,grouped,68,3,-1,0.333,0.667,0.0,grouped,-1,1,-1,0.875,0.0,0.0,robust isolated,2,1,grouped in ≥2
B283,Belmont Playground,Jointly Operated Playground,B,0.682,70,3,-1,0.333,0.667,0.333,grouped,-1,1,-1,0.5,0.5,0.333,unstable,4,111,28,0.0,1.0,1.0,grouped,-1,1,-1,0.667,0.333,0.0,unstable,-1,1,-1,1.0,0.0,0.0,robust isolated,0,1,definition-specific
B284,Marc And Jason's Playground,Community Park,B,1.148,39,4,-1,0.333,0.667,0.333,grouped,-1,1,-1,0.583,0.417,0.417,unstable,1,70,1,0.0,1.0,1.0,grouped,-1,1,-1,1.0,0.0,0.0,robust isolated,-1,1,-1,1.0,0.0,0.0,robust isolated,0,2,isolated in ≥2
B285,Harry Maze Playground,Neighborhood Park,B,2.427,75,2,213,0.0,0.333,0.0,grouped,142,3,218,0.25,0.667,0.167,grouped,5,100,-1,0.5,0.5,0.5,grouped,94,2,-1,0.333,0.222,0.0,grouped,-1,1,-1,1.0,0.0,0.0,robust isolated,2,1,grouped in ≥2
B286,Bartlett Playground,Playground,B,1.032,48,13,-1,0.333,0.667,0.667,grouped,-1,1,-1,0.583,0.417,0.417,unstable,3,132,20,0.0,1.0,1.0,grouped,-1,1,-1,1.0,0.0,0.0,robust isolated,-1,1,-1,0.875,0.062,0.0,robust isolated,0,2,isolated in ≥2
B287,Andries Playground,Jointly Operated Playground,B,0.964,-1,1,-1,0.667,0.333,0.0,unstable,138,3,-1,0.333,0.667,0.5,grouped,5,100,32,0.0,1.0,1.0,grouped,-1,1,-1,0.667,0.333,0.333,unstable,-1,1,-1,0.562,0.188,0.0,unstable,1,0,definition-specific
B288,Slope Park Playground,Jointly Operated Playground,B,0.504,24,9,63,0.0,1.0,1.0,grouped,95,7,141,0.0,1.0,1.0,grouped,6,126,49,0.0,1.0,1.0,grouped,2,15,5,0.0,1.0,1.0,grouped,-1,1,-1,1.0,0.0,0.0,robust isolated,2,1,grouped in ≥2
B289,Cutinella Triangle,Triangle/Plaza,B,0.076,116,2,-1,0.333,0.333,0.333,grouped,131,12,201,0.0,1.0,0.5,grouped,5,100,32,0.0,1.0,1.0,grouped,97,4,-1,0.333,0.667,0.0,grouped,-1,1,-1,1.0,0.0,0.0,robust isolated,2,1,grouped in ≥2
B290,Public Place,Triangle/Plaza,B,0.112,70,3,-1,0.333,0.667,0.333,grouped,23,48,31,0.167,0.833,0.417,grouped,4,111,28,0.0,1.0,1.0,grouped,-1,1,-1,0.667,0.333,0.0,unstable,-1,1,-1,0.875,0.125,0.125,robust isolated,1,1,definition-specific
B291,Power Playground,Neighborhood Park,B,2.295,127,2,-1,0.333,0.0,0.0,grouped,145,6,-1,0.417,0.5,0.333,grouped,5,100,37,0.0,1.0,1.0,grouped,-1,1,-1,0.667,0.333,0.0,unstable,-1,1,-1,1.0,0.0,0.0,robust isolated,1,1,definition-specific
B292,Pratt Playground,Neighborhood Park,B,0.918,29,7,-1,0.333,0.667,0.667,grouped,-1,1,-1,0.417,0.583,0.417,unstable,3,132,19,0.0,1.0,1.0,grouped,-1,1,-1,0.667,0.333,0.111,unstable,-1,1,-1,0.812,0.125,0.0,robust isolated,0,1,definition-specific
B293,Classon Playground,Jointly Operated Playground,B,1.336,49,37,143,0.0,1.0,0.667,grouped,47,30,68,0.0,1.0,1.0,grouped,3,132,19,0.0,1.0,1.0,grouped,61,15,124,0.0,1.0,0.667,grouped,-1,1,-1,0.75,0.188,0.0,unstable,2,0,grouped in ≥2
B294,Jackie Robinson Park Playground,Jointly Operated Playground,B,1.774,17,17,50,0.0,1.0,0.667,grouped,77,5,115,0.0,1.0,0.458,grouped,3,132,19,0.0,1.0,1.0,grouped,22,18,53,0.0,1.0,0.333,grouped,-1,1,-1,0.75,0.25,0.0,unstable,2,0,grouped in ≥2
B295,Oxport Playground,Jointly Operated Playground,B,1.033,94,20,244,0.0,1.0,0.333,grouped,53,26,78,0.0,1.0,1.0,grouped,3,132,20,0.0,1.0,1.0,grouped,1,36,1,0.0,1.0,0.667,grouped,38,2,-1,0.375,0.438,0.0,grouped,3,0,grouped in all
B296,Luna Playground,Playground,B,1.76,64,5,-1,0.333,0.667,0.333,grouped,-1,1,-1,0.75,0.25,0.25,unstable,-1,1,-1,1.0,0.0,0.0,robust isolated,-1,1,-1,1.0,0.0,0.0,robust isolated,-1,1,-1,1.0,0.0,0.0,robust isolated,0,2,isolated in ≥2
B297,Albemarle Playground,Jointly Operated Playground,B,0.538,-1,1,-1,0.667,0.333,0.333,unstable,105,2,-1,0.333,0.25,0.167,grouped,6,126,49,0.0,1.0,0.5,grouped,-1,1,-1,0.667,0.0,0.0,unstable,-1,1,-1,0.875,0.0,0.0,robust isolated,1,1,definition-specific
B298,Stockton Playground,Jointly Operated Playground,B,1.089,49,37,138,0.0,1.0,0.667,grouped,47,30,-1,0.25,0.75,0.417,grouped,3,132,19,0.0,1.0,1.0,grouped,-1,1,-1,0.667,0.333,0.0,unstable,-1,1,-1,0.875,0.0,0.0,robust isolated,1,1,definition-specific
B300,Oracle Playground,Jointly Operated Playground,B,0.703,28,17,-1,0.333,0.667,0.667,grouped,53,26,78,0.0,1.0,1.0,grouped,3,132,19,0.0,1.0,1.0,grouped,58,14,120,0.0,1.0,0.667,grouped,44,2,50,0.25,0.125,0.0,grouped,3,0,grouped in all
B301,Greene Playground,Jointly Operated Playground,B,0.917,28,17,72,0.0,0.667,0.333,grouped,53,26,80,0.0,1.0,1.0,grouped,3,132,19,0.0,1.0,1.0,grouped,61,15,125,0.0,0.667,0.667,grouped,-1,1,-1,1.0,0.0,0.0,robust isolated,2,1,grouped in ≥2
B302,Charlie's Place,Playground,B,1.26,49,37,-1,0.333,0.667,0.667,grouped,-1,1,-1,0.75,0.25,0.25,unstable,3,132,19,0.0,1.0,0.5,grouped,-1,1,-1,1.0,0.0,0.0,robust isolated,-1,1,-1,1.0,0.0,0.0,robust isolated,0,2,isolated in ≥2
B304,Kennedy King Playground,Jointly Operated Playground,B,0.79,-1,1,-1,0.667,0.333,0.333,unstable,28,2,-1,0.375,0.375,0.333,grouped,5,100,36,0.0,1.0,1.0,grouped,89,2,-1,0.333,0.0,0.0,grouped,165,2,-1,0.5,0.0,0.0,grouped,3,0,grouped in all
B305,P.S. 279 Playground,Jointly Operated Playground,B,0.23,89,4,-1,0.333,0.667,0.333,grouped,-1,1,-1,0.75,0.25,0.25,unstable,5,100,37,0.0,1.0,0.0,grouped,-1,1,-1,1.0,0.0,0.0,robust isolated,-1,1,-1,1.0,0.0,0.0,robust isolated,0,2,isolated in ≥2
B306,Playground 286,Jointly Operated Playground,B,0.868,58,3,174,0.0,1.0,0.333,grouped,129,10,195,0.0,1.0,0.25,grouped,5,100,32,0.0,1.0,1.0,grouped,91,5,186,0.0,0.667,0.667,grouped,-1,1,-1,1.0,0.0,0.0,robust isolated,2,1,grouped in ≥2
B307,Tiger Playground,Jointly Operated Playground,B,0.926,-1,1,-1,0.0,0.667,0.333,unstable,-1,1,-1,0.75,0.25,0.25,unstable,3,132,20,0.0,1.0,0.5,grouped,-1,1,-1,1.0,0.0,0.0,robust isolated,-1,1,-1,1.0,0.0,0.0,robust isolated,0,2,isolated in ≥2
B308,Yak Playground,Jointly Operated Playground,B,0.444,58,3,174,0.0,1.0,0.333,grouped,129,10,195,0.0,1.0,0.25,grouped,5,100,32,0.0,1.0,1.0,grouped,91,5,186,0.0,0.667,0.667,grouped,-1,1,-1,1.0,0.0,0.0,robust isolated,2,1,grouped in ≥2
B309,Pink Playground,Playground,B,1.0,91,2,-1,0.333,0.333,0.333,grouped,37,2,54,0.0,0.333,0.333,grouped,4,111,29,0.0,1.0,1.0,grouped,116,2,220,0.0,0.0,0.0,grouped,-1,1,-1,1.0,0.0,0.0,robust isolated,2,1,grouped in ≥2
B310,Bushwick Playground,Community Park,B,1.29,48,13,127,0.0,1.0,0.667,grouped,57,13,85,0.0,1.0,1.0,grouped,3,132,20,0.0,1.0,1.0,grouped,47,13,97,0.0,1.0,0.778,grouped,-1,1,-1,0.875,0.125,0.0,robust isolated,2,1,grouped in ≥2
B311,Ten Eyck Playground,Jointly Operated Playground,B,1.091,35,11,-1,0.333,0.667,0.333,grouped,7,53,7,0.0,0.583,0.583,grouped,2,49,10,0.0,1.0,1.0,grouped,36,2,-1,0.333,0.333,0.333,grouped,-1,1,-1,0.875,0.125,0.0,robust isolated,2,1,grouped in ≥2
B312,Woodruff Playground,Jointly Operated Playground,B,0.536,91,2,-1,0.333,0.333,0.333,grouped,37,2,54,0.0,0.333,0.333,grouped,4,111,29,0.0,1.0,1.0,grouped,116,2,220,0.0,0.0,0.0,grouped,-1,1,-1,1.0,0.0,0.0,robust isolated,2,1,grouped in ≥2
B313,El Shabazz Playground,Jointly Operated Playground,B,0.89,17,17,-1,0.333,0.667,0.667,grouped,79,3,-1,0.333,0.667,0.333,grouped,3,132,19,0.0,1.0,1.0,grouped,23,3,-1,0.333,0.667,0.0,grouped,-1,1,-1,0.875,0.125,0.0,robust isolated,2,1,grouped in ≥2
B315,Surf Playground,Jointly Operated Playground,B,0.933,63,5,182,0.0,1.0,1.0,grouped,113,12,174,0.0,1.0,0.875,grouped,5,100,33,0.0,1.0,1.0,grouped,80,9,159,0.0,1.0,1.0,grouped,-1,1,-1,1.0,0.0,0.0,robust isolated,2,1,grouped in ≥2
B316,DiGilio Playground,Community Park,B,0.826,-1,1,-1,0.667,0.0,0.0,unstable,-1,1,-1,0.375,0.542,0.25,unstable,6,126,51,0.0,1.0,1.0,grouped,-1,1,-1,0.667,0.333,0.0,unstable,-1,1,-1,1.0,0.0,0.0,robust isolated,0,1,definition-specific
B317,Lafayette Gardens Playground,Playground,B,0.705,49,37,143,0.0,1.0,0.667,grouped,47,30,68,0.0,1.0,1.0,grouped,3,132,19,0.0,1.0,1.0,grouped,61,15,124,0.0,1.0,0.667,grouped,-1,1,-1,0.75,0.188,0.062,unstable,2,0,grouped in ≥2
B320,Park Slope Playground,Jointly Operated Playground,B,0.955,3,2,-1,0.333,0.333,0.333,grouped,49,3,73,0.0,0.875,0.5,grouped,6,126,50,0.0,1.0,1.0,grouped,49,4,-1,0.333,0.667,0.333,grouped,-1,1,-1,1.0,0.0,0.0,robust isolated,2,1,grouped in ≥2
B321,Edmonds Playground,Jointly Operated Playground,B,0.917,28,17,71,0.0,1.0,0.667,grouped,53,26,78,0.0,1.0,1.0,grouped,3,132,19,0.0,1.0,1.0,grouped,58,14,120,0.0,1.0,1.0,grouped,-1,1,-1,1.0,0.0,0.0,robust isolated,2,1,grouped in ≥2
B322,Pulaski Playground,Jointly Operated Playground,B,1.416,49,37,138,0.0,1.0,0.667,grouped,81,3,-1,0.333,0.667,0.292,grouped,3,132,19,0.0,1.0,1.0,grouped,87,3,-1,0.333,0.667,0.0,grouped,-1,1,-1,0.875,0.125,0.0,robust isolated,2,1,grouped in ≥2
B323,Hattie Carthan Playground,Jointly Operated Playground,B,1.195,49,37,141,0.0,1.0,1.0,grouped,45,11,65,0.0,1.0,1.0,grouped,3,132,19,0.0,1.0,1.0,grouped,62,24,-1,0.333,0.667,0.667,grouped,61,3,68,0.0,0.75,0.312,grouped,3,0,grouped in all
B324,Jacob Joffe Fields,Community Park,B,2.984,-1,1,-1,0.667,0.333,0.0,unstable,145,6,-1,0.5,0.5,0.25,grouped,5,100,37,0.0,1.0,1.0,grouped,-1,1,-1,0.889,0.111,0.0,robust isolated,-1,1,-1,0.875,0.0,0.0,robust isolated,1,2,isolated in ≥2
B325,Fish Playground,Jointly Operated Playground,B,1.035,9,45,18,0.0,0.667,0.667,grouped,76,14,113,0.0,1.0,1.0,grouped,1,70,1,0.0,1.0,1.0,grouped,20,32,44,0.0,1.0,0.667,grouped,-1,1,-1,0.562,0.375,0.125,unstable,2,0,grouped in ≥2
B326,Cobble Hill Park,Neighborhood Park,B,0.585,95,20,-1,0.333,0.667,0.333,grouped,87,19,133,0.083,0.917,0.583,grouped,6,126,50,0.0,1.0,1.0,grouped,3,18,10,0.0,1.0,0.333,grouped,-1,1,-1,1.0,0.0,0.0,robust isolated,2,1,grouped in ≥2
B329,Lindower Park,Community Park,B,6.7,-1,1,-1,0.667,0.333,0.333,unstable,-1,1,-1,0.667,0.333,0.25,unstable,5,100,37,0.0,1.0,0.0,grouped,-1,1,-1,1.0,0.0,0.0,robust isolated,-1,1,-1,1.0,0.0,0.0,robust isolated,0,2,isolated in ≥2
B330,Hickman Playground,Jointly Operated Playground,B,2.656,111,3,-1,0.333,0.667,0.667,grouped,145,6,222,0.25,0.75,0.417,grouped,5,100,37,0.0,1.0,1.0,grouped,109,3,212,0.0,1.0,0.0,grouped,-1,1,-1,1.0,0.0,0.0,robust isolated,2,1,grouped in ≥2
B331,Neptune Playground,Jointly Operated Playground,B,1.243,64,5,-1,0.333,0.667,0.333,grouped,-1,1,-1,0.75,0.25,0.25,unstable,-1,1,-1,1.0,0.0,0.0,robust isolated,-1,1,-1,1.0,0.0,0.0,robust isolated,-1,1,-1,1.0,0.0,0.0,robust isolated,0,2,isolated in ≥2
B332,Evergreen Playground,Jointly Operated Playground,B,0.87,9,45,-1,0.0,0.667,0.667,grouped,-1,1,-1,0.5,0.5,0.333,unstable,3,132,20,0.0,1.0,1.0,grouped,-1,1,-1,0.556,0.444,0.222,unstable,-1,1,-1,0.75,0.188,0.062,unstable,0,0,definition-specific
B334,Fermi Playground,Jointly Operated Playground,B,1.061,48,13,-1,0.333,0.667,0.667,grouped,57,13,85,0.0,1.0,1.0,grouped,3,132,20,0.0,1.0,1.0,grouped,47,13,97,0.0,1.0,0.667,grouped,-1,1,-1,1.0,0.0,0.0,robust isolated,2,1,grouped in ≥2
B335,Bildersee Playground,Jointly Operated Playground,B,1.416,-1,1,-1,0.667,0.333,0.333,unstable,141,2,217,0.0,0.5,0.333,grouped,5,100,37,0.0,1.0,1.0,grouped,113,2,-1,0.333,0.0,0.0,grouped,-1,1,-1,0.875,0.0,0.0,robust isolated,2,1,grouped in ≥2
B337,Century Playground,Jointly Operated Playground,B,2.282,64,5,183,0.0,0.667,0.333,grouped,113,12,174,0.0,1.0,0.25,grouped,5,100,35,0.0,0.5,0.0,grouped,80,9,160,0.0,0.889,0.0,grouped,-1,1,-1,1.0,0.0,0.0,robust isolated,2,1,grouped in ≥2
B338,Tom McDonald Triangle,Triangle/Plaza,B,0.032,97,7,249,0.0,1.0,1.0,grouped,107,30,-1,0.167,0.833,0.583,grouped,6,126,49,0.0,1.0,1.0,grouped,68,3,143,0.0,0.667,0.333,grouped,-1,1,-1,0.875,0.0,0.0,robust isolated,2,1,grouped in ≥2
B339,Newport Playground,Jointly Operated Playground,B,0.918,86,19,226,0.0,1.0,1.0,grouped,32,15,46,0.0,1.0,1.0,grouped,4,111,28,0.0,1.0,1.0,grouped,15,29,35,0.0,1.0,1.0,grouped,-1,1,-1,1.0,0.0,0.0,robust isolated,2,1,grouped in ≥2
B340,Garden Playground,Jointly Operated Playground,B,0.915,48,13,127,0.0,1.0,0.667,grouped,57,13,85,0.0,1.0,1.0,grouped,3,132,20,0.0,1.0,1.0,grouped,47,13,97,0.0,1.0,1.0,grouped,-1,1,-1,0.875,0.125,0.0,robust isolated,2,1,grouped in ≥2
B342,100% Playground,Jointly Operated Playground,B,1.616,88,2,-1,0.333,0.333,0.333,grouped,39,4,57,0.0,1.0,0.583,grouped,5,100,37,0.0,1.0,1.0,grouped,86,12,-1,0.333,0.667,0.333,grouped,-1,1,-1,1.0,0.0,0.0,robust isolated,2,1,grouped in ≥2
B343,Osborn Playground,Neighborhood Park,B,1.9,86,19,228,0.0,1.0,1.0,grouped,32,15,46,0.0,1.0,1.0,grouped,4,111,28,0.0,1.0,1.0,grouped,15,29,35,0.0,1.0,1.0,grouped,-1,1,-1,1.0,0.0,0.0,robust isolated,2,1,grouped in ≥2
B345,Ethan Allen Playground,Jointly Operated Playground,B,0.8,90,2,239,0.0,0.333,0.333,grouped,38,8,55,0.0,1.0,1.0,grouped,4,111,29,0.0,1.0,1.0,grouped,86,12,172,0.0,0.667,0.667,grouped,-1,1,-1,0.875,0.0,0.0,robust isolated,2,1,grouped in ≥2
B346,Ericsson Playground,Jointly Operated Playground,B,1.06,32,12,84,0.0,1.0,0.667,grouped,7,53,9,0.0,1.0,0.75,grouped,2,49,10,0.0,1.0,1.0,grouped,33,45,76,0.0,1.0,0.333,grouped,-1,1,-1,1.0,0.0,0.0,robust isolated,2,1,grouped in ≥2
B347,Carver Playground,Jointly Operated Playground,B,0.964,14,3,-1,0.0,0.667,0.667,grouped,70,4,99,0.0,1.0,0.5,grouped,1,70,1,0.0,1.0,0.5,grouped,20,32,45,0.0,0.667,0.0,grouped,-1,1,-1,0.75,0.0,0.0,unstable,2,0,grouped in ≥2
B348,Willoughby Playground,Jointly Operated Playground,B,0.907,49,37,138,0.0,1.0,1.0,grouped,47,30,68,0.0,1.0,1.0,grouped,3,132,19,0.0,1.0,1.0,grouped,62,24,133,0.0,1.0,1.0,grouped,-1,1,-1,0.938,0.062,0.0,robust isolated,2,1,grouped in ≥2
B349,Bath Playground,Jointly Operated Playground,B,1.157,-1,1,-1,0.667,0.333,0.0,unstable,122,2,-1,0.417,0.25,0.167,grouped,5,100,32,0.0,1.0,1.0,grouped,-1,1,-1,0.667,0.0,0.0,unstable,-1,1,-1,0.875,0.0,0.0,robust isolated,1,1,definition-specific
B350,Stroud Playground,Jointly Operated Playground,B,1.194,40,9,-1,0.333,0.667,0.667,grouped,73,9,-1,0.333,0.667,0.417,grouped,1,70,2,0.0,1.0,1.0,grouped,-1,1,-1,0.667,0.333,0.0,unstable,-1,1,-1,1.0,0.0,0.0,robust isolated,1,1,definition-specific
B352,Curtis Playground,Playground,B,1.003,-1,1,-1,0.667,0.333,0.333,unstable,141,2,217,0.0,0.5,0.417,grouped,5,100,37,0.0,1.0,1.0,grouped,113,2,-1,0.333,0.0,0.0,grouped,-1,1,-1,0.875,0.0,0.0,robust isolated,2,1,grouped in ≥2
B353,Bergen Beach Playground,Jointly Operated Playground,B,0.927,111,3,-1,0.333,0.667,0.667,grouped,145,6,222,0.0,0.75,0.25,grouped,5,100,-1,0.5,0.5,0.5,grouped,109,3,212,0.0,1.0,0.0,grouped,-1,1,-1,1.0,0.0,0.0,robust isolated,2,1,grouped in ≥2
B356,North Pacific Playground,Playground,B,0.155,28,17,-1,0.333,0.667,0.333,grouped,-1,1,-1,0.75,0.25,0.25,unstable,6,126,50,0.0,1.0,0.5,grouped,-1,1,-1,1.0,0.0,0.0,robust isolated,-1,1,-1,1.0,0.0,0.0,robust isolated,0,2,isolated in ≥2
B357,Jackie Robinson Playground,Jointly Operated Playground,B,1.0,-1,1,-1,0.667,0.333,0.333,unstable,73,9,107,0.0,1.0,0.5,grouped,1,70,1,0.0,1.0,1.0,grouped,50,6,-1,0.333,0.667,0.0,grouped,-1,1,-1,1.0,0.0,0.0,robust isolated,2,1,grouped in ≥2
B358,De Hostos Playground,Jointly Operated Playground,B,1.1,35,11,101,0.0,1.0,1.0,grouped,6,4,6,0.0,1.0,0.667,grouped,3,132,19,0.0,1.0,1.0,grouped,61,15,123,0.0,1.0,0.778,grouped,-1,1,-1,1.0,0.0,0.0,robust isolated,2,1,grouped in ≥2
B359,Eleanor Roosevelt Playground,Jointly Operated Playground,B,1.211,49,37,-1,0.333,0.667,0.667,grouped,47,30,69,0.125,0.75,0.625,grouped,3,132,19,0.0,1.0,1.0,grouped,56,2,117,0.0,0.333,0.333,grouped,-1,1,-1,1.0,0.0,0.0,robust isolated,2,1,grouped in ≥2
B360,Remsen Playground,Jointly Operated Playground,B,1.333,-1,1,-1,0.667,0.333,0.0,unstable,39,4,57,0.0,1.0,0.5,grouped,5,100,37,0.0,1.0,1.0,grouped,86,12,-1,0.333,0.667,0.333,grouped,-1,1,-1,1.0,0.0,0.0,robust isolated,2,1,grouped in ≥2
B361,Boerum Park,Jointly Operated Playground,B,0.918,4,2,11,0.0,0.333,0.333,grouped,-1,1,-1,0.75,0.25,0.25,unstable,6,126,50,0.0,1.0,0.5,grouped,-1,1,-1,1.0,0.0,0.0,robust isolated,-1,1,-1,1.0,0.0,0.0,robust isolated,0,2,isolated in ≥2
B362,Chester Playground,Jointly Operated Playground,B,1.0,11,16,31,0.0,1.0,0.667,grouped,34,19,49,0.0,1.0,0.5,grouped,4,111,28,0.0,1.0,1.0,grouped,15,29,36,0.0,1.0,0.222,grouped,-1,1,-1,0.875,0.0,0.0,robust isolated,2,1,grouped in ≥2
B363,Houston Playground,Jointly Operated Playground,B,0.918,9,45,16,0.0,1.0,1.0,grouped,33,3,47,0.0,1.0,1.0,grouped,4,111,28,0.0,1.0,1.0,grouped,14,4,32,0.0,1.0,0.667,grouped,-1,1,-1,0.625,0.312,0.125,unstable,2,0,grouped in ≥2
B364,Woods Playground,Jointly Operated Playground,B,1.438,17,17,50,0.0,1.0,0.667,grouped,71,36,102,0.0,1.0,1.0,grouped,1,70,1,0.0,1.0,1.0,grouped,22,18,53,0.0,1.0,1.0,grouped,-1,1,-1,0.812,0.188,0.0,robust isolated,2,1,grouped in ≥2
B366,Duke Park,Playground,B,0.137,66,39,190,0.0,0.667,0.667,grouped,23,48,30,0.0,1.0,0.25,grouped,4,111,28,0.0,1.0,1.0,grouped,7,41,17,0.0,1.0,0.0,grouped,-1,1,-1,1.0,0.0,0.0,robust isolated,2,1,grouped in ≥2
B367,Livonia Park,Neighborhood Park,B,0.918,86,19,225,0.0,1.0,1.0,grouped,32,15,46,0.0,1.0,1.0,grouped,4,111,28,0.0,1.0,1.0,grouped,15,29,35,0.0,1.0,0.667,grouped,-1,1,-1,0.875,0.062,0.0,robust isolated,2,1,grouped in ≥2
B369,Steeplechase Park,Community Park,B,10.01,62,5,-1,0.333,0.667,0.333,grouped,113,12,174,0.0,1.0,0.875,grouped,5,100,33,0.0,1.0,1.0,grouped,80,9,-1,0.333,0.667,0.667,grouped,-1,1,-1,0.625,0.125,0.0,unstable,2,0,grouped in ≥2
B371,Spring Creek Park,Community Park,B,42.583,87,5,231,0.0,1.0,0.333,grouped,38,8,56,0.0,1.0,1.0,grouped,4,111,29,0.0,1.0,0.5,grouped,86,12,170,0.0,1.0,0.667,grouped,-1,1,-1,1.0,0.0,0.0,robust isolated,2,1,grouped in ≥2
B372,Friends Field,Community Park,B,6.7,-1,1,-1,0.667,0.333,0.0,unstable,131,12,-1,0.333,0.667,0.333,grouped,5,100,32,0.0,1.0,1.0,grouped,-1,1,-1,0.667,0.333,0.0,unstable,-1,1,-1,0.875,0.0,0.0,robust isolated,1,1,definition-specific
B375,Chiarantano Playground,Jointly Operated Playground,B,0.206,76,2,-1,0.333,0.333,0.0,grouped,136,3,211,0.0,1.0,0.167,grouped,5,100,32,0.0,1.0,1.0,grouped,96,3,195,0.0,0.667,0.0,grouped,-1,1,-1,1.0,0.0,0.0,robust isolated,2,1,grouped in ≥2
B376,Fidler-Wyckoff House Park,Historic House Park,B,1.13,75,2,213,0.0,0.333,0.333,grouped,142,3,218,0.25,0.667,0.417,grouped,5,100,37,0.0,1.0,1.0,grouped,94,2,-1,0.222,0.222,0.0,grouped,-1,1,-1,1.0,0.0,0.0,robust isolated,2,1,grouped in ≥2
B377,Floyd Patterson Ballfields,Recreational Field/Courts,B,2.3,86,19,226,0.0,1.0,1.0,grouped,32,15,46,0.0,1.0,1.0,grouped,4,111,28,0.0,1.0,1.0,grouped,15,29,35,0.0,1.0,1.0,grouped,-1,1,-1,0.875,0.062,0.0,robust isolated,2,1,grouped in ≥2
B378,University Place,Triangle/Plaza,B,1.161,28,17,-1,0.333,0.667,0.667,grouped,53,26,78,0.0,1.0,1.0,grouped,3,132,19,0.0,1.0,1.0,grouped,58,14,120,0.0,1.0,0.667,grouped,-1,1,-1,1.0,0.0,0.0,robust isolated,2,1,grouped in ≥2
B379,Coney Island Creek Park,Nature Area,B,8.892,62,5,-1,0.333,0.667,0.0,grouped,-1,1,-1,0.875,0.125,0.0,robust isolated,-1,1,-1,1.0,0.0,0.0,robust isolated,-1,1,-1,1.0,0.0,0.0,robust isolated,-1,1,-1,1.0,0.0,0.0,robust isolated,0,3,isolated in all
B380,Robert E. Venable Park,Neighborhood Park,B,2.939,70,3,-1,0.333,0.667,0.333,grouped,23,48,31,0.25,0.75,0.417,grouped,4,111,28,0.0,1.0,1.0,grouped,-1,1,-1,0.667,0.333,0.0,unstable,-1,1,-1,0.625,0.125,0.125,unstable,1,0,definition-specific
B381,Thomas Boyland Park,Neighborhood Park,B,1.82,9,45,20,0.0,1.0,1.0,grouped,76,14,113,0.0,1.0,0.583,grouped,3,132,19,0.0,1.0,1.0,grouped,20,32,43,0.0,1.0,0.333,grouped,-1,1,-1,1.0,0.0,0.0,robust isolated,2,1,grouped in ≥2
B382A,Roberto Clemente Ballfield,Recreational Field/Courts,B,1.93,33,29,92,0.0,0.667,0.667,grouped,7,53,10,0.0,1.0,0.75,grouped,2,49,10,0.0,1.0,1.0,grouped,33,45,74,0.0,1.0,1.0,grouped,-1,1,-1,1.0,0.0,0.0,robust isolated,2,1,grouped in ≥2
B382B,Jacob's Ladder Playground,Neighborhood Park,B,1.085,33,29,92,0.0,0.667,0.667,grouped,7,53,10,0.0,1.0,0.5,grouped,3,132,21,0.0,1.0,1.0,grouped,33,45,74,0.0,1.0,0.667,grouped,-1,1,-1,1.0,0.0,0.0,robust isolated,2,1,grouped in ≥2
B383,Success Garden,Neighborhood Park,B,0.918,86,19,-1,0.333,0.667,0.667,grouped,23,48,31,0.0,1.0,1.0,grouped,4,111,28,0.0,1.0,1.0,grouped,7,41,-1,0.0,1.0,0.667,grouped,-1,1,-1,0.75,0.125,0.062,unstable,2,0,grouped in ≥2
B384,Fresh Creek Nature Preserve,Nature Area,B,77.044,89,4,236,0.0,0.667,0.333,grouped,39,4,-1,0.333,0.667,0.333,grouped,5,100,37,0.0,1.0,1.0,grouped,86,12,-1,0.333,0.667,0.333,grouped,-1,1,-1,1.0,0.0,0.0,robust isolated,2,1,grouped in ≥2
B385,WNYC Transmitter Park,Neighborhood Park,B,6.611,38,6,-1,0.333,0.667,0.667,grouped,-1,1,-1,0.75,0.25,0.25,unstable,-1,1,-1,1.0,0.0,0.0,robust isolated,-1,1,-1,1.0,0.0,0.0,robust isolated,-1,1,-1,1.0,0.0,0.0,robust isolated,0,2,isolated in ≥2
B386,Ten Eyck Plaza,Playground,B,0.46,35,11,100,0.0,1.0,1.0,grouped,7,53,-1,0.25,0.75,0.25,grouped,2,49,10,0.0,1.0,0.5,grouped,33,45,78,0.0,0.667,0.0,grouped,-1,1,-1,1.0,0.0,0.0,robust isolated,2,1,grouped in ≥2
B387,Hilltop Playground,Jointly Operated Playground,B,1.095,9,45,16,0.0,1.0,0.667,grouped,71,36,101,0.0,1.0,1.0,grouped,1,70,1,0.0,1.0,1.0,grouped,20,32,44,0.0,1.0,1.0,grouped,-1,1,-1,0.75,0.188,0.0,unstable,2,0,grouped in ≥2
B388,Gateway Triangle,Triangle/Plaza,B,0.07,28,17,-1,0.333,0.667,0.667,grouped,53,26,80,0.0,1.0,0.75,grouped,3,132,19,0.0,1.0,1.0,grouped,58,14,120,0.0,1.0,0.667,grouped,-1,1,-1,1.0,0.0,0.0,robust isolated,2,1,grouped in ≥2
B389,Umma Park,Playground,B,0.111,-1,1,-1,0.333,0.667,0.333,unstable,125,7,189,0.0,0.75,0.458,grouped,5,100,32,0.0,1.0,1.0,grouped,41,4,90,0.0,1.0,0.222,grouped,-1,1,-1,0.875,0.0,0.0,robust isolated,2,1,grouped in ≥2
B390,Mother Cabrini Park,Playground,B,0.467,2,18,3,0.0,1.0,1.0,grouped,87,19,133,0.0,0.75,0.75,grouped,6,126,50,0.0,1.0,0.5,grouped,3,18,9,0.0,1.0,0.778,grouped,-1,1,-1,1.0,0.0,0.0,robust isolated,2,1,grouped in ≥2
B391,Lt. Federico Narvaez Tot Lot,Playground,B,0.125,-1,1,-1,1.0,0.0,0.0,robust isolated,125,7,-1,0.333,0.667,0.458,grouped,5,100,32,0.0,1.0,1.0,grouped,-1,1,-1,0.667,0.333,0.333,unstable,-1,1,-1,1.0,0.0,0.0,robust isolated,1,1,definition-specific
B392,Lott Park,Triangle/Plaza,B,0.06,-1,1,-1,1.0,0.0,0.0,robust isolated,-1,1,-1,0.833,0.167,0.083,robust isolated,5,100,-1,0.5,0.5,0.5,grouped,-1,1,-1,1.0,0.0,0.0,robust isolated,-1,1,-1,1.0,0.0,0.0,robust isolated,0,3,isolated in all
B393,Sheepshead Bay Piers,Waterfront Facility,B,1.22,57,3,172,0.0,0.667,0.333,grouped,129,10,195,0.25,0.75,0.542,grouped,5,100,32,0.0,1.0,1.0,grouped,-1,1,-1,0.667,0.333,0.333,unstable,-1,1,-1,1.0,0.0,0.0,robust isolated,1,1,definition-specific
B394,Four Sparrow Marsh,Nature Area,B,64.665,-1,1,-1,0.0,0.0,0.0,unresolved,-1,1,-1,0.0,0.0,0.0,unresolved,-1,1,-1,0.0,0.0,0.0,unresolved,-1,1,-1,0.0,0.0,0.0,unresolved,-1,1,-1,0.0,0.0,0.0,unresolved,0,0,definition-specific
B395,Green Central Knoll,Neighborhood Park,B,2.741,48,13,-1,0.333,0.667,0.667,grouped,57,13,85,0.0,1.0,1.0,grouped,3,132,20,0.0,1.0,1.0,grouped,47,13,97,0.0,1.0,1.0,grouped,-1,1,-1,1.0,0.0,0.0,robust isolated,2,1,grouped in ≥2
B396,Nehemiah Park,Playground,B,1.648,86,19,226,0.0,1.0,1.0,grouped,32,15,46,0.0,1.0,1.0,grouped,4,111,28,0.0,1.0,1.0,grouped,15,29,35,0.0,1.0,0.667,grouped,-1,1,-1,0.938,0.062,0.0,robust isolated,2,1,grouped in ≥2
B397,Carter G. Woodson Children's Park,Community Park,B,0.918,11,16,31,0.0,1.0,0.667,grouped,34,19,49,0.0,1.0,1.0,grouped,4,111,28,0.0,1.0,1.0,grouped,15,29,36,0.0,1.0,1.0,grouped,-1,1,-1,0.625,0.312,0.188,unstable,2,0,grouped in ≥2
B398,Kosciuszko Street Garden,Garden,B,0.185,49,37,-1,0.333,0.667,0.667,grouped,47,30,69,0.125,0.75,0.542,grouped,3,132,19,0.0,1.0,1.0,grouped,56,2,117,0.0,0.333,0.333,grouped,-1,1,-1,1.0,0.0,0.0,robust isolated,2,1,grouped in ≥2
B399,Gardens Of Union,Garden,B,0.203,3,2,-1,0.333,0.333,0.333,grouped,-1,1,-1,0.417,0.583,0.25,unstable,6,126,50,0.0,1.0,1.0,grouped,-1,1,-1,0.667,0.333,0.0,unstable,-1,1,-1,0.75,0.0,0.0,unstable,0,0,definition-specific
B400,Hattie Carthan Community Garden,Garden,B,0.809,49,37,139,0.0,1.0,1.0,grouped,47,30,68,0.0,1.0,1.0,grouped,3,132,19,0.0,1.0,1.0,grouped,62,24,133,0.0,1.0,1.0,grouped,-1,1,-1,0.875,0.125,0.062,robust isolated,2,1,grouped in ≥2
B401,Grand Ferry Park,Neighborhood Park,B,1.7,32,12,-1,0.0,1.0,0.667,grouped,7,53,8,0.0,1.0,1.0,grouped,2,49,10,0.0,1.0,0.0,grouped,35,3,81,0.0,0.667,0.667,grouped,-1,1,-1,0.75,0.0,0.0,unstable,2,0,grouped in ≥2
B402,George Walker Jr. Park,Neighborhood Park,B,0.591,-1,1,-1,0.667,0.333,0.333,unstable,23,48,30,0.0,1.0,0.375,grouped,4,111,28,0.0,1.0,1.0,grouped,7,41,-1,0.333,0.667,0.0,grouped,-1,1,-1,0.875,0.0,0.0,robust isolated,2,1,grouped in ≥2
B403,Harmony Park,Neighborhood Park,B,1.56,17,17,51,0.0,1.0,0.667,grouped,71,36,102,0.0,1.0,1.0,grouped,1,70,1,0.0,1.0,1.0,grouped,22,18,53,0.0,1.0,1.0,grouped,-1,1,-1,1.0,0.0,0.0,robust isolated,2,1,grouped in ≥2
B404,East Flatbush Children's Playground,Playground,B,0.106,9,45,16,0.0,1.0,0.333,grouped,28,2,-1,0.375,0.375,0.292,grouped,5,100,36,0.0,1.0,1.0,grouped,89,2,-1,0.333,0.0,0.0,grouped,165,2,-1,0.5,0.0,0.0,grouped,3,0,grouped in all
B405,Epiphany Playground,Playground,B,0.5,33,29,91,0.0,1.0,1.0,grouped,7,53,10,0.0,1.0,0.583,grouped,2,49,10,0.0,1.0,1.0,grouped,33,45,74,0.0,1.0,0.333,grouped,-1,1,-1,1.0,0.0,0.0,robust isolated,2,1,grouped in ≥2
B407,South Oxford Park,Neighborhood Park,B,1.187,28,17,70,0.0,1.0,0.667,grouped,53,26,79,0.25,0.75,0.25,grouped,1,70,-1,0.5,0.5,0.0,grouped,58,14,120,0.0,1.0,0.0,grouped,-1,1,-1,1.0,0.0,0.0,robust isolated,2,1,grouped in ≥2
B408,Human Compass Garden,Garden,B,0.073,2,18,3,0.0,1.0,1.0,grouped,87,19,133,0.0,1.0,1.0,grouped,6,126,50,0.0,1.0,1.0,grouped,3,18,9,0.0,1.0,1.0,grouped,-1,1,-1,1.0,0.0,0.0,robust isolated,2,1,grouped in ≥2
B409,The Amazing Garden,Garden,B,0.103,2,18,3,0.0,1.0,1.0,grouped,87,19,133,0.0,1.0,1.0,grouped,6,126,50,0.0,1.0,0.5,grouped,3,18,9,0.0,1.0,1.0,grouped,-1,1,-1,1.0,0.0,0.0,robust isolated,2,1,grouped in ≥2
B410,The Backyard,Garden,B,0.225,2,18,3,0.0,1.0,1.0,grouped,87,19,133,0.0,0.75,0.75,grouped,6,126,50,0.0,1.0,1.0,grouped,3,18,9,0.0,1.0,0.778,grouped,-1,1,-1,1.0,0.0,0.0,robust isolated,2,1,grouped in ≥2
B411,Summit Street Community Garden,Garden,B,0.103,2,18,3,0.0,1.0,1.0,grouped,87,19,133,0.0,1.0,1.0,grouped,6,126,50,0.0,1.0,0.5,grouped,3,18,9,0.0,1.0,1.0,grouped,-1,1,-1,1.0,0.0,0.0,robust isolated,2,1,grouped in ≥2
B413,Hull Street Garden,Garden,B,0.32,9,45,20,0.0,1.0,0.667,grouped,76,14,113,0.0,1.0,0.875,grouped,3,132,22,0.0,1.0,1.0,grouped,20,32,44,0.0,1.0,0.667,grouped,-1,1,-1,1.0,0.0,0.0,robust isolated,2,1,grouped in ≥2
B414,E 4th Street Garden,Garden,B,0.184,23,12,60,0.0,1.0,0.333,grouped,96,9,-1,0.5,0.5,0.375,grouped,6,126,51,0.0,1.0,0.5,grouped,-1,1,-1,1.0,0.0,0.0,robust isolated,-1,1,-1,1.0,0.0,0.0,robust isolated,1,2,isolated in ≥2
B415,Georgia Ave Garden,Garden,B,0.037,86,19,227,0.0,1.0,0.667,grouped,32,15,46,0.0,1.0,0.75,grouped,4,111,28,0.0,1.0,1.0,grouped,15,29,34,0.0,1.0,0.667,grouped,-1,1,-1,1.0,0.0,0.0,robust isolated,2,1,grouped in ≥2
B416,TLC Sculpture Park Garden,Garden,B,0.172,9,45,-1,0.333,0.667,0.667,grouped,33,3,47,0.0,1.0,1.0,grouped,4,111,28,0.0,1.0,1.0,grouped,14,4,32,0.0,1.0,0.667,grouped,-1,1,-1,0.625,0.25,0.25,unstable,2,0,grouped in ≥2
B417,PS 4K PARADISE GARDEN,Garden,B,0.3,66,39,188,0.0,1.0,1.0,grouped,23,48,31,0.0,1.0,1.0,grouped,4,111,28,0.0,1.0,1.0,grouped,7,41,17,0.0,1.0,1.0,grouped,-1,1,-1,0.812,0.188,0.062,robust isolated,2,1,grouped in ≥2
B418,Valentino Pier,Neighborhood Park,B,4.525,-1,1,-1,0.667,0.333,0.0,unstable,-1,1,-1,0.5,0.5,0.167,unstable,6,126,50,0.0,1.0,0.5,grouped,4,2,-1,0.333,0.333,0.0,grouped,-1,1,-1,1.0,0.0,0.0,robust isolated,1,1,definition-specific
B419,Sutter Ballfields,Recreational Field/Courts,B,1.836,66,39,188,0.0,1.0,1.0,grouped,23,48,31,0.0,1.0,1.0,grouped,4,111,28,0.0,1.0,1.0,grouped,7,41,17,0.0,1.0,1.0,grouped,-1,1,-1,0.625,0.125,0.0,unstable,2,0,grouped in ≥2
B420,Umoja Garden,Garden,B,0.206,15,12,-1,0.333,0.667,0.667,grouped,45,11,64,0.0,1.0,0.833,grouped,3,132,19,0.0,1.0,1.0,grouped,46,5,-1,0.333,0.667,0.333,grouped,-1,1,-1,1.0,0.0,0.0,robust isolated,2,1,grouped in ≥2
B421,Brooklyn Bears Carlton Av Garden,Garden,B,0.14,28,17,70,0.0,1.0,0.667,grouped,53,26,78,0.0,1.0,0.5,grouped,3,132,19,0.0,1.0,1.0,grouped,58,14,120,0.0,1.0,0.0,grouped,-1,1,-1,1.0,0.0,0.0,robust isolated,2,1,grouped in ≥2
B422,Bkln Bears Rockwell Pl Garden,Garden,B,0.082,28,17,69,0.0,1.0,0.667,grouped,53,26,80,0.0,1.0,1.0,grouped,3,132,19,0.0,1.0,1.0,grouped,58,14,120,0.0,1.0,1.0,grouped,-1,1,-1,0.875,0.0,0.0,robust isolated,2,1,grouped in ≥2
B423,Project Roots,Garden,B,0.172,35,11,101,0.0,1.0,1.0,grouped,-1,1,-1,0.583,0.417,0.417,unstable,3,132,19,0.0,1.0,1.0,grouped,-1,1,-1,1.0,0.0,0.0,robust isolated,-1,1,-1,1.0,0.0,0.0,robust isolated,0,2,isolated in ≥2
B424,Earth Spirit Garden,Garden,B,0.23,33,29,-1,0.333,0.667,0.667,grouped,-1,1,-1,0.75,0.25,0.25,unstable,-1,1,-1,1.0,0.0,0.0,robust isolated,-1,1,-1,1.0,0.0,0.0,robust isolated,-1,1,-1,1.0,0.0,0.0,robust isolated,0,2,isolated in ≥2
B425,St Nicholas-olive St Garden,Garden,B,0.089,34,7,98,0.0,1.0,0.667,grouped,7,53,9,0.125,0.875,0.25,grouped,2,49,-1,0.5,0.5,0.5,grouped,37,5,85,0.0,1.0,0.0,grouped,-1,1,-1,1.0,0.0,0.0,robust isolated,2,1,grouped in ≥2
B426,St Nicholas-powers St Garden,Garden,B,0.115,34,7,98,0.0,1.0,0.667,grouped,-1,1,-1,0.75,0.25,0.25,unstable,2,49,-1,0.5,0.5,0.5,grouped,-1,1,-1,1.0,0.0,0.0,robust isolated,-1,1,-1,1.0,0.0,0.0,robust isolated,0,2,isolated in ≥2
B427,Sunshine Community Garden,Garden,B,0.115,35,11,-1,0.333,0.667,0.667,grouped,-1,1,-1,0.75,0.25,0.25,unstable,2,49,-1,0.5,0.5,0.0,grouped,-1,1,-1,1.0,0.0,0.0,robust isolated,-1,1,-1,1.0,0.0,0.0,robust isolated,0,2,isolated in ≥2
B428,Goodwin Gardens,Garden,B,0.348,-1,1,-1,0.667,0.333,0.333,unstable,-1,1,-1,0.75,0.25,0.208,unstable,3,132,-1,0.5,0.5,0.5,grouped,-1,1,-1,1.0,0.0,0.0,robust isolated,-1,1,-1,0.875,0.0,0.0,robust isolated,0,2,isolated in ≥2
B429,Hope Ballfield,Neighborhood Park,B,1.363,50,6,155,0.0,0.667,0.333,grouped,57,13,85,0.0,1.0,1.0,grouped,3,132,20,0.0,1.0,1.0,grouped,47,13,98,0.0,1.0,0.667,grouped,-1,1,-1,1.0,0.0,0.0,robust isolated,2,1,grouped in ≥2
B430,Lewis Playground,Playground,B,0.161,49,37,-1,0.333,0.667,0.667,grouped,47,30,68,0.0,1.0,1.0,grouped,3,132,19,0.0,1.0,1.0,grouped,62,24,133,0.0,1.0,0.667,grouped,-1,1,-1,0.812,0.125,0.0,robust isolated,2,1,grouped in ≥2
B431,Brooklyn Bridge Park,Community Park,B,21.377,95,20,245,0.0,1.0,1.0,grouped,84,30,128,0.0,1.0,1.0,grouped,6,126,48,0.0,1.0,1.0,grouped,1,36,2,0.0,1.0,1.0,grouped,-1,1,-1,0.875,0.125,0.125,robust isolated,2,1,grouped in ≥2
B432,American Veterans Memorial Pier,Waterfront Facility,B,3.169,96,13,247,0.0,1.0,1.0,grouped,106,2,-1,0.5,0.333,0.292,grouped,6,126,49,0.0,1.0,0.5,grouped,-1,1,-1,0.556,0.222,0.0,unstable,-1,1,-1,1.0,0.0,0.0,robust isolated,1,1,definition-specific
B433,Hendrick I. Lott House,Historic House Park,B,0.734,-1,1,-1,1.0,0.0,0.0,robust isolated,-1,1,-1,0.833,0.167,0.167,robust isolated,5,100,-1,0.5,0.5,0.5,grouped,-1,1,-1,1.0,0.0,0.0,robust isolated,-1,1,-1,1.0,0.0,0.0,robust isolated,0,3,isolated in all
B435,Tilyou Playground,Playground,B,0.299,-1,1,-1,0.667,0.333,0.0,unstable,-1,1,-1,0.583,0.417,0.167,unstable,5,100,35,0.0,0.5,0.0,grouped,-1,1,-1,0.778,0.222,0.0,unstable,-1,1,-1,1.0,0.0,0.0,robust isolated,0,1,definition-specific
B436,Gethsemane Garden,Garden,B,0.045,86,19,226,0.0,1.0,0.667,grouped,32,15,46,0.0,1.0,1.0,grouped,4,111,28,0.0,1.0,1.0,grouped,15,29,35,0.0,1.0,1.0,grouped,-1,1,-1,0.75,0.0,0.0,unstable,2,0,grouped in ≥2
B438,700 Decatur St Block Association,Garden,B,0.115,9,45,22,0.0,0.667,0.667,grouped,70,4,99,0.0,1.0,0.708,grouped,1,70,1,0.0,1.0,1.0,grouped,20,32,46,0.0,0.667,0.333,grouped,8,3,-1,0.312,0.625,0.062,grouped,3,0,grouped in all
B439,All People's Church of the Apostolic Faith Community Garden,Garden,B,0.064,49,37,138,0.0,1.0,1.0,grouped,47,30,68,0.0,1.0,1.0,grouped,3,132,19,0.0,1.0,1.0,grouped,62,24,133,0.0,1.0,1.0,grouped,-1,1,-1,0.75,0.188,0.062,unstable,2,0,grouped in ≥2
B440,Amboy Neighborhood Center,Garden,B,0.391,11,16,30,0.0,1.0,1.0,grouped,34,19,49,0.0,1.0,1.0,grouped,4,111,28,0.0,1.0,1.0,grouped,15,29,36,0.0,1.0,1.0,grouped,-1,1,-1,0.625,0.25,0.125,unstable,2,0,grouped in ≥2
B441,American Heart,Garden,B,0.05,49,37,138,0.0,1.0,1.0,grouped,81,3,-1,0.333,0.667,0.292,grouped,3,132,19,0.0,1.0,1.0,grouped,87,3,-1,0.333,0.667,0.0,grouped,-1,1,-1,0.875,0.125,0.0,robust isolated,2,1,grouped in ≥2
B442,Ps 149 Artsy Bloom Community Garden,Garden,B,0.056,66,39,191,0.0,1.0,0.667,grouped,23,48,31,0.0,1.0,1.0,grouped,4,111,28,0.0,1.0,1.0,grouped,7,41,-1,0.0,1.0,0.667,grouped,-1,1,-1,0.562,0.188,0.125,unstable,2,0,grouped in ≥2
B443,Atkins Gardeners,Garden,B,0.068,68,8,201,0.0,1.0,1.0,grouped,23,48,31,0.0,0.917,0.5,grouped,4,111,28,0.0,1.0,1.0,grouped,9,2,-1,0.333,0.333,0.0,grouped,-1,1,-1,0.875,0.0,0.0,robust isolated,2,1,grouped in ≥2
B444,Berry Street Garden,Garden,B,0.137,33,29,90,0.0,1.0,0.667,grouped,7,53,10,0.25,0.75,0.583,grouped,2,49,10,0.0,1.0,1.0,grouped,33,45,-1,0.333,0.667,0.333,grouped,-1,1,-1,1.0,0.0,0.0,robust isolated,2,1,grouped in ≥2
B445,Ten Eyck Houses Garden,Garden,B,0.114,35,11,100,0.0,1.0,1.0,grouped,-1,1,-1,0.75,0.25,0.25,unstable,2,49,-1,0.5,0.5,0.0,grouped,-1,1,-1,1.0,0.0,0.0,robust isolated,-1,1,-1,1.0,0.0,0.0,robust isolated,0,2,isolated in ≥2
B446,Big Red Garden,Garden,B,0.043,66,39,191,0.0,1.0,1.0,grouped,23,48,31,0.0,1.0,1.0,grouped,4,111,28,0.0,1.0,1.0,grouped,7,41,17,0.0,1.0,1.0,grouped,-1,1,-1,0.75,0.25,0.125,unstable,2,0,grouped in ≥2
B447,Causa Festival Garden,Garden,B,0.206,66,39,191,0.0,1.0,1.0,grouped,23,48,31,0.0,1.0,1.0,grouped,4,111,28,0.0,1.0,1.0,grouped,7,41,17,0.0,1.0,1.0,grouped,-1,1,-1,0.75,0.25,0.125,unstable,2,0,grouped in ≥2
B448,Cedar Tree Garden,Garden,B,0.177,49,37,-1,0.333,0.667,0.667,grouped,47,30,68,0.0,1.0,1.0,grouped,3,132,19,0.0,1.0,1.0,grouped,61,15,-1,0.333,0.667,0.667,grouped,-1,1,-1,1.0,0.0,0.0,robust isolated,2,1,grouped in ≥2
B449,New Vision Garden,Garden,B,0.321,66,39,189,0.0,1.0,1.0,grouped,23,48,31,0.0,1.0,1.0,grouped,4,111,28,0.0,1.0,1.0,grouped,7,41,17,0.0,1.0,0.667,grouped,-1,1,-1,0.625,0.312,0.125,unstable,2,0,grouped in ≥2
B450,Clara's Garden,Garden,B,0.129,66,39,188,0.0,1.0,1.0,grouped,23,48,31,0.0,1.0,1.0,grouped,4,111,28,0.0,1.0,1.0,grouped,7,41,17,0.0,1.0,1.0,grouped,-1,1,-1,0.562,0.375,0.312,unstable,2,0,grouped in ≥2
B451,Clifton Pl Memorial Park and Garden,Garden,B,0.165,49,37,140,0.0,1.0,0.667,grouped,47,30,68,0.0,1.0,1.0,grouped,3,132,19,0.0,1.0,1.0,grouped,62,24,133,0.0,1.0,0.667,grouped,72,2,81,0.25,0.0,0.0,grouped,3,0,grouped in all
B452,Concerned Residents of Barbey Street,Garden,B,0.052,66,39,188,0.0,1.0,1.0,grouped,23,48,31,0.0,1.0,1.0,grouped,4,111,28,0.0,1.0,1.0,grouped,7,41,17,0.0,1.0,1.0,grouped,123,2,-1,0.375,0.625,0.375,grouped,3,0,grouped in all
B453,Concerned Residents of Montauk Avenue,Garden,B,0.091,68,8,201,0.0,1.0,1.0,grouped,23,48,30,0.0,1.0,0.75,grouped,4,111,28,0.0,1.0,1.0,grouped,7,41,19,0.0,1.0,0.667,grouped,109,2,119,0.0,0.25,0.0,grouped,3,0,grouped in all
B454,Cooper St Block Buster Bl Association,Garden,B,0.16,9,45,-1,0.333,0.667,0.667,grouped,-1,1,-1,0.75,0.25,0.25,unstable,3,132,20,0.0,1.0,1.0,grouped,-1,1,-1,0.889,0.111,0.0,robust isolated,-1,1,-1,1.0,0.0,0.0,robust isolated,0,2,isolated in ≥2
B455,Crystal Wells Block Association,Garden,B,0.344,68,8,202,0.0,1.0,0.667,grouped,23,48,31,0.0,1.0,0.625,grouped,4,111,28,0.0,1.0,1.0,grouped,7,41,20,0.0,1.0,1.0,grouped,-1,1,-1,1.0,0.0,0.0,robust isolated,2,1,grouped in ≥2
B456,Walt L Shemal Garden,Garden,B,0.149,51,2,158,0.0,0.333,0.333,grouped,-1,1,-1,0.417,0.583,0.375,unstable,1,70,1,0.0,1.0,1.0,grouped,-1,1,-1,1.0,0.0,0.0,robust isolated,-1,1,-1,0.875,0.062,0.0,robust isolated,0,2,isolated in ≥2
B458,East End Community Garden,Garden,B,0.161,66,39,188,0.0,1.0,1.0,grouped,23,48,31,0.0,1.0,1.0,grouped,4,111,28,0.0,1.0,1.0,grouped,7,41,17,0.0,1.0,1.0,grouped,-1,1,-1,0.688,0.312,0.125,unstable,2,0,grouped in ≥2
B459,Eastern Parkway Coalition,Garden,B,0.44,40,9,116,0.0,1.0,1.0,grouped,73,9,107,0.0,1.0,1.0,grouped,1,70,1,0.0,1.0,1.0,grouped,50,6,107,0.0,1.0,1.0,grouped,-1,1,-1,1.0,0.0,0.0,robust isolated,2,1,grouped in ≥2
B460,Elton St Block Association,Garden,B,0.097,66,39,-1,0.333,0.667,0.667,grouped,23,48,-1,0.167,0.75,0.417,grouped,4,111,28,0.0,1.0,1.0,grouped,8,2,25,0.0,0.333,0.333,grouped,152,2,163,0.25,0.0,0.0,grouped,3,0,grouped in all
B461,Euclid Garden,Garden,B,0.181,69,2,-1,0.333,0.333,0.333,grouped,20,2,26,0.25,0.5,0.333,grouped,4,111,28,0.0,1.0,1.0,grouped,88,2,181,0.0,0.0,0.0,grouped,-1,1,-1,1.0,0.0,0.0,robust isolated,2,1,grouped in ≥2
B462,Family Community Garden,Garden,B,0.275,66,39,-1,0.333,0.667,0.667,grouped,25,2,-1,0.5,0.5,0.5,grouped,4,111,28,0.0,1.0,0.5,grouped,-1,1,-1,1.0,0.0,0.0,robust isolated,-1,1,-1,0.875,0.0,0.0,robust isolated,1,2,isolated in ≥2
B463,Fantasy Garden,Garden,B,0.23,11,16,30,0.0,1.0,1.0,grouped,34,19,49,0.0,1.0,1.0,grouped,4,111,28,0.0,1.0,1.0,grouped,15,29,36,0.0,1.0,1.0,grouped,-1,1,-1,0.875,0.125,0.125,robust isolated,2,1,grouped in ≥2
B464,Farmers Garden,Garden,B,0.154,9,45,21,0.0,0.667,0.667,grouped,71,36,101,0.0,1.0,1.0,grouped,1,70,1,0.0,1.0,1.0,grouped,20,32,-1,0.333,0.667,0.667,grouped,-1,1,-1,1.0,0.0,0.0,robust isolated,2,1,grouped in ≥2
B465,First Quincy St Block Association,Garden,B,0.13,49,37,-1,0.333,0.667,0.667,grouped,82,3,-1,0.25,0.708,0.417,grouped,3,132,19,0.0,1.0,1.0,grouped,-1,1,-1,0.667,0.333,0.0,unstable,103,3,112,0.0,0.625,0.125,grouped,2,0,grouped in ≥2
B466,First Temple Of David,Garden,B,0.049,66,39,191,0.0,1.0,1.0,grouped,23,48,-1,0.167,0.833,0.75,grouped,4,111,28,0.0,1.0,1.0,grouped,-1,1,-1,0.667,0.333,0.333,unstable,-1,1,-1,1.0,0.0,0.0,robust isolated,1,1,definition-specific
B467,Floral Vineyard,Garden,B,0.107,66,39,188,0.0,1.0,1.0,grouped,23,48,30,0.0,1.0,1.0,grouped,4,111,28,0.0,1.0,1.0,grouped,7,41,17,0.0,1.0,0.667,grouped,-1,1,-1,1.0,0.0,0.0,robust isolated,2,1,grouped in ≥2
B468,Escape To Nature,Garden,B,0.032,66,39,188,0.0,1.0,1.0,grouped,23,48,31,0.0,1.0,1.0,grouped,4,111,28,0.0,1.0,1.0,grouped,7,41,17,0.0,1.0,1.0,grouped,-1,1,-1,0.5,0.375,0.188,unstable,2,0,grouped in ≥2
B469,Good Shepherds Garden,Garden,B,0.114,66,39,-1,0.333,0.667,0.667,grouped,-1,1,-1,0.75,0.25,0.25,unstable,4,111,28,0.0,1.0,1.0,grouped,-1,1,-1,1.0,0.0,0.0,robust isolated,-1,1,-1,1.0,0.0,0.0,robust isolated,0,2,isolated in ≥2
B470,Granite St Block Association,Garden,B,0.172,9,45,20,0.0,1.0,0.667,grouped,-1,1,-1,0.75,0.25,0.167,unstable,-1,1,-1,1.0,0.0,0.0,robust isolated,-1,1,-1,1.0,0.0,0.0,robust isolated,-1,1,-1,1.0,0.0,0.0,robust isolated,0,2,isolated in ≥2
B471,Green Gems,Garden,B,0.539,68,8,202,0.0,1.0,0.667,grouped,23,48,31,0.0,1.0,0.875,grouped,4,111,28,0.0,1.0,1.0,grouped,7,41,20,0.0,1.0,1.0,grouped,-1,1,-1,0.812,0.125,0.062,robust isolated,2,1,grouped in ≥2
B472,Greene Av United Neighbors Association *,Garden,B,0.046,49,37,140,0.0,1.0,0.667,grouped,47,30,68,0.0,1.0,1.0,grouped,3,132,19,0.0,1.0,1.0,grouped,62,24,133,0.0,1.0,0.667,grouped,-1,1,-1,1.0,0.0,0.0,robust isolated,2,1,grouped in ≥2
B473,Hancock T and T,Garden,B,0.081,49,37,142,0.0,0.667,0.333,grouped,47,30,-1,0.25,0.75,0.333,grouped,3,132,19,0.0,1.0,1.0,grouped,-1,1,-1,0.667,0.333,0.0,unstable,-1,1,-1,0.812,0.125,0.0,robust isolated,1,1,definition-specific
B474,Hart to Hart,Garden,B,0.332,49,37,138,0.0,1.0,1.0,grouped,81,3,-1,0.333,0.667,0.292,grouped,3,132,19,0.0,1.0,1.0,grouped,87,3,-1,0.333,0.667,0.0,grouped,-1,1,-1,0.875,0.125,0.0,robust isolated,2,1,grouped in ≥2
B475,Herbal Garden of East NY,Garden,B,0.248,66,39,188,0.0,1.0,1.0,grouped,23,48,31,0.0,1.0,1.0,grouped,4,111,28,0.0,1.0,1.0,grouped,7,41,17,0.0,1.0,1.0,grouped,-1,1,-1,0.562,0.438,0.312,unstable,2,0,grouped in ≥2
B476,Sh'ma Yisrael,Garden,B,0.145,9,45,16,0.0,1.0,0.667,grouped,71,36,101,0.0,1.0,1.0,grouped,1,70,1,0.0,1.0,1.0,grouped,20,32,44,0.0,1.0,1.0,grouped,5,3,5,0.0,0.625,0.0,grouped,3,0,grouped in all
B477,Jerome Gardens,Garden,B,0.036,66,39,188,0.0,1.0,0.667,grouped,23,48,31,0.0,1.0,1.0,grouped,4,111,28,0.0,1.0,1.0,grouped,7,41,17,0.0,1.0,1.0,grouped,-1,1,-1,0.625,0.312,0.188,unstable,2,0,grouped in ≥2
B478,Jerry and The Senior Gents,Garden,B,0.057,66,39,188,0.0,1.0,1.0,grouped,23,48,31,0.0,1.0,1.0,grouped,4,111,28,0.0,1.0,1.0,grouped,7,41,17,0.0,1.0,1.0,grouped,-1,1,-1,0.625,0.25,0.125,unstable,2,0,grouped in ≥2
B479,Lefferts Pl Block Association,Garden,B,0.068,52,7,159,0.0,1.0,0.667,grouped,52,2,-1,0.25,0.5,0.5,grouped,3,132,20,0.0,1.0,1.0,grouped,83,2,-1,0.333,0.0,0.0,grouped,48,2,-1,0.375,0.0,0.0,grouped,3,0,grouped in all
B480,Lincoln Rd Block Association,Garden,B,0.065,39,4,-1,0.333,0.667,0.333,grouped,71,36,-1,0.292,0.708,0.25,grouped,1,70,1,0.0,1.0,1.0,grouped,-1,1,-1,0.667,0.333,0.0,unstable,-1,1,-1,0.938,0.0,0.0,robust isolated,1,1,definition-specific
B481,Madison Square Garden Association,Garden,B,0.165,50,6,154,0.0,0.667,0.333,grouped,57,13,-1,0.375,0.625,0.25,grouped,3,132,20,0.0,1.0,1.0,grouped,47,13,98,0.0,1.0,0.0,grouped,-1,1,-1,0.875,0.0,0.0,robust isolated,2,1,grouped in ≥2
B482,Madison Street Block Association,Garden,B,0.08,52,7,-1,0.333,0.667,0.667,grouped,45,11,65,0.0,1.0,0.75,grouped,3,132,19,0.0,1.0,1.0,grouped,62,24,133,0.0,1.0,0.333,grouped,-1,1,-1,0.625,0.375,0.125,unstable,2,0,grouped in ≥2
B483,Manley's Pl,Garden,B,0.28,68,8,201,0.0,1.0,1.0,grouped,23,48,30,0.0,1.0,1.0,grouped,4,111,28,0.0,1.0,1.0,grouped,7,41,19,0.0,1.0,0.667,grouped,-1,1,-1,0.875,0.062,0.0,robust isolated,2,1,grouped in ≥2
B484,Gregory's Garden,Garden,B,0.119,66,39,188,0.0,1.0,0.667,grouped,24,2,36,0.25,0.5,0.417,grouped,4,111,28,0.0,1.0,1.0,grouped,84,2,-1,0.333,0.0,0.0,grouped,49,2,56,0.0,0.0,0.0,grouped,3,0,grouped in all
B485,Ps 53,Garden,B,0.061,66,39,191,0.0,1.0,1.0,grouped,23,48,31,0.0,1.0,0.5,grouped,4,111,28,0.0,1.0,1.0,grouped,7,41,17,0.0,1.0,0.0,grouped,-1,1,-1,1.0,0.0,0.0,robust isolated,2,1,grouped in ≥2
B486,Green Valley Garden,Garden,B,0.19,86,19,228,0.0,1.0,1.0,grouped,32,15,46,0.0,1.0,1.0,grouped,4,111,28,0.0,1.0,1.0,grouped,15,29,35,0.0,1.0,1.0,grouped,-1,1,-1,0.75,0.25,0.0,unstable,2,0,grouped in ≥2
B487,Preston Community Garden,Garden,B,0.058,9,45,19,0.0,1.0,0.667,grouped,71,36,101,0.0,1.0,1.0,grouped,1,70,1,0.0,1.0,1.0,grouped,20,32,-1,0.333,0.667,0.667,grouped,-1,1,-1,0.812,0.062,0.0,robust isolated,2,1,grouped in ≥2
B488,Red Gate Garden,Garden,B,0.104,49,37,138,0.0,1.0,1.0,grouped,47,30,68,0.0,1.0,1.0,grouped,3,132,19,0.0,1.0,1.0,grouped,62,24,133,0.0,1.0,1.0,grouped,-1,1,-1,0.938,0.0,0.0,robust isolated,2,1,grouped in ≥2
B489,Red Shed Garden,Garden,B,0.123,34,7,98,0.0,1.0,0.667,grouped,7,53,9,0.0,1.0,0.75,grouped,2,49,10,0.0,1.0,0.5,grouped,37,5,85,0.0,1.0,0.333,grouped,-1,1,-1,1.0,0.0,0.0,robust isolated,2,1,grouped in ≥2
B490,Santos White Garden,Garden,B,0.141,62,5,-1,0.333,0.667,0.333,grouped,113,12,-1,0.5,0.5,0.5,grouped,5,100,-1,0.5,0.5,0.5,grouped,-1,1,-1,1.0,0.0,0.0,robust isolated,-1,1,-1,1.0,0.0,0.0,robust isolated,1,2,isolated in ≥2
B491,Shield Of Faith,Garden,B,0.172,68,8,-1,0.333,0.667,0.667,grouped,23,48,30,0.0,1.0,1.0,grouped,4,111,28,0.0,1.0,1.0,grouped,7,41,19,0.0,1.0,0.667,grouped,109,2,119,0.0,0.25,0.0,grouped,3,0,grouped in all
B492,St John Cantius Parish,Garden,B,0.183,66,39,190,0.0,0.667,0.667,grouped,23,48,30,0.0,1.0,0.25,grouped,4,111,28,0.0,1.0,1.0,grouped,7,41,17,0.0,1.0,0.0,grouped,-1,1,-1,1.0,0.0,0.0,robust isolated,2,1,grouped in ≥2
B493,Upon This Rock Comm Garden,Garden,B,0.081,68,8,201,0.0,1.0,1.0,grouped,23,48,30,0.0,1.0,1.0,grouped,4,111,28,0.0,1.0,1.0,grouped,7,41,19,0.0,1.0,0.667,grouped,-1,1,-1,0.938,0.062,0.0,robust isolated,2,1,grouped in ≥2
B494,Vernon Tandt Block Association,Garden,B,0.152,49,37,138,0.0,1.0,1.0,grouped,47,30,68,0.0,1.0,0.875,grouped,3,132,19,0.0,1.0,1.0,grouped,62,24,133,0.0,1.0,1.0,grouped,24,3,28,0.125,0.625,0.0,grouped,3,0,grouped in all
B495,Vernon/throop Av Block Association,Garden,B,0.039,49,37,138,0.0,1.0,1.0,grouped,47,30,68,0.0,1.0,0.917,grouped,3,132,19,0.0,1.0,1.0,grouped,62,24,133,0.0,1.0,1.0,grouped,24,3,-1,0.5,0.5,0.0,grouped,3,0,grouped in all
B496,Victory Garden,Garden,B,0.046,66,39,189,0.0,1.0,1.0,grouped,23,48,31,0.0,1.0,1.0,grouped,4,111,28,0.0,1.0,1.0,grouped,7,41,17,0.0,1.0,0.667,grouped,-1,1,-1,0.625,0.25,0.0,unstable,2,0,grouped in ≥2
B498,Louis Pl Friends,Garden,B,0.041,9,45,-1,0.333,0.667,0.667,grouped,-1,1,-1,0.792,0.208,0.208,unstable,1,70,-1,0.5,0.5,0.5,grouped,-1,1,-1,1.0,0.0,0.0,robust isolated,-1,1,-1,1.0,0.0,0.0,robust isolated,0,2,isolated in ≥2
B499,Madison Community Greenthumb,Garden,B,0.057,15,12,-1,0.333,0.667,0.667,grouped,45,11,64,0.0,1.0,0.833,grouped,3,132,19,0.0,1.0,1.0,grouped,46,5,95,0.0,1.0,0.333,grouped,-1,1,-1,0.625,0.375,0.188,unstable,2,0,grouped in ≥2
B500,Patrick Van Doren Pocket Park,Garden,B,0.039,15,12,-1,0.333,0.667,0.667,grouped,82,3,-1,0.25,0.708,0.5,grouped,3,132,19,0.0,1.0,1.0,grouped,-1,1,-1,0.667,0.333,0.0,unstable,103,3,-1,0.375,0.625,0.125,grouped,2,0,grouped in ≥2
B501,St Mark's Block Association,Garden,B,0.211,9,45,19,0.0,1.0,0.667,grouped,71,36,101,0.0,1.0,1.0,grouped,1,70,1,0.0,1.0,1.0,grouped,20,32,44,0.0,1.0,0.667,grouped,11,2,-1,0.375,0.062,0.0,grouped,3,0,grouped in all
B502,Shiloh Garden,Garden,B,0.074,49,37,141,0.0,1.0,1.0,grouped,45,11,65,0.0,1.0,0.5,grouped,3,132,19,0.0,1.0,1.0,grouped,62,24,-1,0.333,0.667,0.0,grouped,62,2,-1,0.5,0.5,0.25,grouped,3,0,grouped in all
B503,Stars Of Hope,Garden,B,0.033,52,7,-1,0.333,0.667,0.667,grouped,45,11,65,0.0,1.0,1.0,grouped,3,132,19,0.0,1.0,1.0,grouped,62,24,133,0.0,1.0,0.667,grouped,-1,1,-1,0.688,0.312,0.0,unstable,2,0,grouped in ≥2
B504,Ponderosa Garden,Garden,B,0.191,88,2,-1,0.333,0.333,0.333,grouped,-1,1,-1,0.75,0.25,0.25,unstable,5,100,34,0.0,0.5,0.5,grouped,-1,1,-1,1.0,0.0,0.0,robust isolated,-1,1,-1,1.0,0.0,0.0,robust isolated,0,2,isolated in ≥2
B505,Sterling Community Group,Garden,B,0.116,9,45,19,0.0,1.0,0.667,grouped,71,36,101,0.0,1.0,1.0,grouped,1,70,1,0.0,1.0,1.0,grouped,20,32,44,0.0,1.0,0.667,grouped,-1,1,-1,1.0,0.0,0.0,robust isolated,2,1,grouped in ≥2
B506,Prophecy Garden,Garden,B,0.091,86,19,227,0.0,1.0,0.667,grouped,-1,1,-1,0.75,0.25,0.25,unstable,-1,1,-1,1.0,0.0,0.0,robust isolated,-1,1,-1,1.0,0.0,0.0,robust isolated,-1,1,-1,1.0,0.0,0.0,robust isolated,0,2,isolated in ≥2
B507,A Better Community Garden,Garden,B,0.189,17,17,50,0.0,1.0,1.0,grouped,77,5,114,0.0,0.75,0.625,grouped,1,70,1,0.0,1.0,1.0,grouped,24,2,63,0.0,0.333,0.333,grouped,-1,1,-1,0.75,0.25,0.0,unstable,2,0,grouped in ≥2
B508,Vernon Cases Community Garden,Garden,B,0.165,49,37,-1,0.333,0.667,0.667,grouped,47,30,68,0.0,1.0,0.917,grouped,3,132,19,0.0,1.0,1.0,grouped,62,24,133,0.0,1.0,0.667,grouped,24,3,28,0.125,0.625,0.0,grouped,3,0,grouped in all
B509,Jordan Magic Garden,Garden,B,0.164,66,39,188,0.0,1.0,1.0,grouped,23,48,31,0.0,1.0,1.0,grouped,4,111,28,0.0,1.0,1.0,grouped,7,41,17,0.0,1.0,1.0,grouped,-1,1,-1,0.875,0.125,0.0,robust isolated,2,1,grouped in ≥2
B510,Marcus Garvey Tenant's Assoc. Garden,Garden,B,0.23,9,45,16,0.0,1.0,1.0,grouped,34,19,49,0.0,1.0,0.5,grouped,4,111,28,0.0,1.0,1.0,grouped,15,29,-1,0.333,0.667,0.0,grouped,-1,1,-1,1.0,0.0,0.0,robust isolated,2,1,grouped in ≥2
B511,Jes Good Rewards Childeren's Garden,Garden,B,0.213,11,16,30,0.0,1.0,1.0,grouped,34,19,49,0.0,1.0,1.0,grouped,4,111,28,0.0,1.0,1.0,grouped,15,29,36,0.0,1.0,1.0,grouped,-1,1,-1,0.625,0.188,0.125,unstable,2,0,grouped in ≥2
B512,Hoparkinson R&L Block Association Garden,Garden,B,0.104,11,16,30,0.0,1.0,0.667,grouped,34,19,-1,0.25,0.75,0.667,grouped,4,111,-1,0.0,1.0,1.0,grouped,-1,1,-1,0.333,0.667,0.667,unstable,-1,1,-1,0.875,0.0,0.0,robust isolated,1,1,definition-specific
B513,United Community Centers Youth Farm,Garden,B,0.138,86,19,226,0.0,1.0,1.0,grouped,32,15,46,0.0,1.0,1.0,grouped,4,111,28,0.0,1.0,1.0,grouped,15,29,35,0.0,1.0,1.0,grouped,-1,1,-1,0.875,0.062,0.0,robust isolated,2,1,grouped in ≥2
B514,Nehemiah Ten Garden,Garden,B,0.275,66,39,188,0.0,1.0,0.667,grouped,23,48,31,0.0,1.0,1.0,grouped,4,111,28,0.0,1.0,1.0,grouped,7,41,17,0.0,1.0,1.0,grouped,114,2,124,0.0,0.438,0.125,grouped,3,0,grouped in all
B515,United Community Center,Garden,B,0.525,66,39,189,0.0,1.0,1.0,grouped,23,48,31,0.0,1.0,1.0,grouped,4,111,28,0.0,1.0,1.0,grouped,7,41,17,0.0,1.0,0.667,grouped,-1,1,-1,0.5,0.375,0.125,unstable,2,0,grouped in ≥2
B516,Powell Street Livonia Garden,Garden,B,0.459,86,19,225,0.0,1.0,1.0,grouped,32,15,46,0.0,1.0,1.0,grouped,4,111,28,0.0,1.0,1.0,grouped,15,29,35,0.0,1.0,0.667,grouped,-1,1,-1,0.812,0.062,0.0,robust isolated,2,1,grouped in ≥2
B517,Phoenix Community Garden,Garden,B,0.475,9,45,17,0.0,0.667,0.667,grouped,76,14,113,0.0,1.0,1.0,grouped,1,70,2,0.0,1.0,1.0,grouped,20,32,44,0.0,1.0,0.667,grouped,-1,1,-1,0.75,0.25,0.188,unstable,2,0,grouped in ≥2
B518,Victory Garden's Group,Garden,B,0.058,15,12,-1,0.333,0.667,0.667,grouped,-1,1,-1,0.583,0.417,0.25,unstable,3,132,19,0.0,1.0,1.0,grouped,-1,1,-1,1.0,0.0,0.0,robust isolated,-1,1,-1,1.0,0.0,0.0,robust isolated,0,2,isolated in ≥2
B519,Spencer St Block Association,Garden,B,0.043,49,37,-1,0.333,0.667,0.333,grouped,-1,1,-1,0.75,0.25,0.25,unstable,3,132,19,0.0,1.0,1.0,grouped,-1,1,-1,1.0,0.0,0.0,robust isolated,-1,1,-1,1.0,0.0,0.0,robust isolated,0,2,isolated in ≥2
B521,Oriental Garden,Garden,B,0.191,66,39,188,0.0,1.0,1.0,grouped,23,48,31,0.0,1.0,1.0,grouped,4,111,28,0.0,1.0,1.0,grouped,7,41,17,0.0,1.0,1.0,grouped,114,2,124,0.0,0.438,0.125,grouped,3,0,grouped in all
B522,Jerome-Glenmore Cornerstone Community Garden,Garden,B,0.198,66,39,188,0.0,1.0,1.0,grouped,23,48,31,0.0,1.0,1.0,grouped,4,111,28,0.0,1.0,1.0,grouped,7,41,17,0.0,1.0,1.0,grouped,123,2,-1,0.375,0.625,0.188,grouped,3,0,grouped in all
B525,Sumpter Community Garden,Garden,B,0.057,14,3,-1,0.333,0.667,0.667,grouped,70,4,-1,0.375,0.625,0.25,grouped,1,70,1,0.0,1.0,0.0,grouped,20,32,45,0.0,0.667,0.0,grouped,-1,1,-1,1.0,0.0,0.0,robust isolated,2,1,grouped in ≥2
B526,Cleveland Street Vegetable Garden,Garden,B,0.09,66,39,188,0.0,1.0,1.0,grouped,23,48,31,0.0,1.0,0.25,grouped,4,111,28,0.0,1.0,1.0,grouped,7,41,17,0.0,1.0,0.0,grouped,-1,1,-1,1.0,0.0,0.0,robust isolated,2,1,grouped in ≥2
B527,Hands and Heart Garden,Garden,B,0.614,86,19,227,0.0,1.0,0.667,grouped,32,15,46,0.0,1.0,1.0,grouped,4,111,28,0.0,1.0,1.0,grouped,15,29,34,0.0,1.0,0.667,grouped,-1,1,-1,1.0,0.0,0.0,robust isolated,2,1,grouped in ≥2
B528,Howard Av Block Association,Garden,B,0.219,11,16,32,0.0,0.667,0.667,grouped,-1,1,-1,0.5,0.5,0.5,unstable,4,111,28,0.0,1.0,1.0,grouped,-1,1,-1,0.778,0.222,0.111,unstable,-1,1,-1,1.0,0.0,0.0,robust isolated,0,1,definition-specific
B529,Bushwick Inlet Park,Neighborhood Park,B,35.533,38,6,-1,0.0,0.667,0.667,grouped,7,53,9,0.0,1.0,1.0,grouped,2,49,10,0.0,1.0,1.0,grouped,33,45,76,0.0,1.0,1.0,grouped,-1,1,-1,1.0,0.0,0.0,robust isolated,2,1,grouped in ≥2
B530,Seasons of Vision,Garden,B,0.083,17,17,50,0.0,1.0,1.0,grouped,71,36,-1,0.25,0.75,0.75,grouped,1,70,1,0.0,1.0,1.0,grouped,-1,1,-1,0.667,0.333,0.333,unstable,-1,1,-1,0.875,0.0,0.0,robust isolated,1,1,definition-specific
B531,Garden of Plenty,Garden,B,0.062,17,17,50,0.0,1.0,1.0,grouped,71,36,102,0.0,1.0,0.75,grouped,1,70,1,0.0,1.0,1.0,grouped,22,18,-1,0.333,0.667,0.556,grouped,136,2,147,0.25,0.0,0.0,grouped,3,0,grouped in all
B532,F.A.R.R. Community Garden,Garden,B,0.028,17,17,50,0.0,1.0,1.0,grouped,77,5,114,0.0,0.75,0.75,grouped,1,70,1,0.0,1.0,1.0,grouped,24,2,63,0.0,0.333,0.333,grouped,-1,1,-1,0.688,0.25,0.0,unstable,2,0,grouped in ≥2
B533,Abib Newborn Garden,Garden,B,0.249,86,19,226,0.0,1.0,1.0,grouped,32,15,46,0.0,1.0,1.0,grouped,4,111,28,0.0,1.0,1.0,grouped,15,29,35,0.0,1.0,1.0,grouped,-1,1,-1,1.0,0.0,0.0,robust isolated,2,1,grouped in ≥2
B535,400 Montauk Av Block Assn,Garden,B,0.092,67,2,200,0.0,0.333,0.333,grouped,23,48,31,0.083,0.917,0.917,grouped,4,111,28,0.0,1.0,1.0,grouped,7,41,-1,0.333,0.667,0.667,grouped,-1,1,-1,0.688,0.312,0.062,unstable,2,0,grouped in ≥2
B536,North 5th Street Pier and Park,Waterfront Facility,B,3.083,32,12,-1,0.0,0.667,0.667,grouped,-1,1,-1,0.75,0.25,0.25,unstable,2,49,-1,0.5,0.5,0.5,grouped,-1,1,-1,1.0,0.0,0.0,robust isolated,-1,1,-1,1.0,0.0,0.0,robust isolated,0,2,isolated in ≥2
B537,Park,Triangle/Plaza,B,0.013,52,7,159,0.0,1.0,0.667,grouped,53,26,80,0.0,0.917,0.75,grouped,3,132,19,0.0,1.0,1.0,grouped,58,14,119,0.0,0.667,0.333,grouped,-1,1,-1,0.75,0.25,0.0,unstable,2,0,grouped in ≥2
B538,Welcome Home Garden,Garden,B,0.059,15,12,40,0.0,1.0,0.667,grouped,76,14,113,0.0,1.0,1.0,grouped,3,132,19,0.0,1.0,1.0,grouped,19,4,42,0.0,1.0,1.0,grouped,68,3,77,0.0,0.75,0.188,grouped,3,0,grouped in all
B540,Neighborhood Community Garden,Garden,B,0.073,17,17,51,0.0,1.0,0.667,grouped,71,36,102,0.083,0.917,0.708,grouped,1,70,1,0.0,1.0,1.0,grouped,22,18,53,0.0,1.0,1.0,grouped,11,2,-1,0.375,0.062,0.0,grouped,3,0,grouped in all
B541,Berriman Playground,Playground,B,0.959,87,5,-1,0.333,0.667,0.333,grouped,38,8,56,0.0,1.0,1.0,grouped,4,111,29,0.0,1.0,0.5,grouped,86,12,171,0.0,0.667,0.667,grouped,102,2,111,0.0,0.0,0.0,grouped,3,0,grouped in all
B543,East New York Farms Garden,Garden,B,0.101,66,39,189,0.0,1.0,1.0,grouped,23,48,31,0.0,1.0,1.0,grouped,4,111,28,0.0,1.0,1.0,grouped,7,41,17,0.0,1.0,0.667,grouped,-1,1,-1,0.875,0.125,0.062,robust isolated,2,1,grouped in ≥2
B544,100 Quincy Street Community Garden,Garden,B,0.052,49,37,-1,0.333,0.667,0.333,grouped,82,3,-1,0.375,0.625,0.375,grouped,3,132,19,0.0,1.0,1.0,grouped,-1,1,-1,0.667,0.333,0.0,unstable,103,3,112,0.0,0.625,0.125,grouped,2,0,grouped in ≥2
B545,Oko Farms Aquaponics Education Garden,Garden,B,0.057,48,13,-1,0.333,0.667,0.667,grouped,-1,1,-1,0.75,0.25,0.25,unstable,3,132,20,0.0,1.0,1.0,grouped,-1,1,-1,1.0,0.0,0.0,robust isolated,-1,1,-1,1.0,0.0,0.0,robust isolated,0,2,isolated in ≥2
B546,The Feeding Tree,Garden,B,0.039,49,37,141,0.0,1.0,1.0,grouped,47,30,68,0.0,1.0,1.0,grouped,3,132,19,0.0,1.0,1.0,grouped,62,24,133,0.0,1.0,0.667,grouped,-1,1,-1,0.688,0.312,0.125,unstable,2,0,grouped in ≥2
B548,Park,Neighborhood Park,B,1.351,87,5,231,0.0,1.0,0.333,grouped,38,8,56,0.0,1.0,1.0,grouped,4,111,29,0.0,1.0,0.5,grouped,86,12,170,0.0,1.0,0.667,grouped,102,2,111,0.0,0.0,0.0,grouped,3,0,grouped in all
B549,Whole Neighborhood Garden,Garden,B,0.091,49,37,140,0.0,1.0,0.667,grouped,47,30,68,0.0,1.0,1.0,grouped,3,132,19,0.0,1.0,1.0,grouped,62,24,133,0.0,1.0,0.667,grouped,-1,1,-1,0.875,0.125,0.0,robust isolated,2,1,grouped in ≥2
B550,Keap Fourth Community Garden,Garden,B,0.066,33,29,89,0.0,1.0,1.0,grouped,7,53,10,0.0,1.0,1.0,grouped,2,49,10,0.0,1.0,1.0,grouped,33,45,74,0.0,1.0,1.0,grouped,-1,1,-1,0.875,0.125,0.0,robust isolated,2,1,grouped in ≥2
B551,Vinegar Hill Community Garden,Garden,B,0.064,94,20,244,0.0,1.0,1.0,grouped,84,30,128,0.25,0.75,0.75,grouped,6,126,-1,0.5,0.5,0.0,grouped,1,36,2,0.0,1.0,0.778,grouped,-1,1,-1,1.0,0.0,0.0,robust isolated,2,1,grouped in ≥2
B552,Grand Street Community Garden,Garden,B,0.045,33,29,-1,0.333,0.667,0.667,grouped,7,53,8,0.0,1.0,1.0,grouped,2,49,10,0.0,1.0,0.0,grouped,35,3,-1,0.333,0.667,0.667,grouped,-1,1,-1,0.75,0.0,0.0,unstable,2,0,grouped in ≥2
B553,61 Franklin Street Garden,Garden,B,0.04,38,6,107,0.0,0.667,0.667,grouped,7,53,11,0.0,1.0,0.917,grouped,2,49,10,0.0,1.0,0.0,grouped,33,45,76,0.0,1.0,1.0,grouped,-1,1,-1,0.938,0.0,0.0,robust isolated,2,1,grouped in ≥2
B554,Brownsville Green,Garden,B,0.025,9,45,16,0.0,1.0,1.0,grouped,71,36,101,0.0,1.0,0.75,grouped,1,70,1,0.0,1.0,1.0,grouped,20,32,44,0.0,1.0,0.778,grouped,-1,1,-1,0.75,0.188,0.0,unstable,2,0,grouped in ≥2
B555,Beaver Noll Park,Playground,B,0.436,48,13,127,0.0,1.0,0.667,grouped,57,13,85,0.0,1.0,0.75,grouped,-1,1,-1,1.0,0.0,0.0,robust isolated,47,13,97,0.0,1.0,1.0,grouped,-1,1,-1,1.0,0.0,0.0,robust isolated,2,1,grouped in ≥2
B556,Know Waste Lands,Garden,B,0.097,48,13,-1,0.333,0.667,0.333,grouped,57,13,85,0.0,1.0,0.833,grouped,3,132,19,0.0,1.0,1.0,grouped,47,13,-1,0.333,0.667,0.556,grouped,-1,1,-1,1.0,0.0,0.0,robust isolated,2,1,grouped in ≥2
B558,Linwood Street Garden (Pagan's Garden),Garden,B,0.082,66,39,-1,0.333,0.667,0.667,grouped,23,48,31,0.0,1.0,1.0,grouped,4,111,28,0.0,1.0,1.0,grouped,7,41,17,0.0,1.0,0.667,grouped,-1,1,-1,0.688,0.25,0.188,unstable,2,0,grouped in ≥2
B559,South Brooklyn Children's Garden,Garden,B,0.083,2,18,3,0.0,1.0,1.0,grouped,87,19,133,0.0,1.0,1.0,grouped,6,126,50,0.0,1.0,1.0,grouped,3,18,9,0.0,1.0,1.0,grouped,-1,1,-1,1.0,0.0,0.0,robust isolated,2,1,grouped in ≥2
B560,Pirate's Cove Garden,Garden,B,0.032,2,18,3,0.0,1.0,1.0,grouped,87,19,133,0.0,1.0,1.0,grouped,6,126,50,0.0,1.0,1.0,grouped,3,18,9,0.0,1.0,1.0,grouped,-1,1,-1,0.938,0.0,0.0,robust isolated,2,1,grouped in ≥2
B561,Saratoga Farm,Garden,B,0.181,9,45,18,0.0,0.667,0.667,grouped,76,14,113,0.0,1.0,1.0,grouped,1,70,1,0.0,1.0,1.0,grouped,20,32,44,0.0,1.0,0.667,grouped,-1,1,-1,0.875,0.125,0.0,robust isolated,2,1,grouped in ≥2
B562,Surfside Multi-Cultural Garden Coalition,Garden,B,0.687,63,5,182,0.0,1.0,1.0,grouped,113,12,174,0.0,1.0,0.875,grouped,5,100,33,0.0,1.0,1.0,grouped,80,9,159,0.0,1.0,1.0,grouped,-1,1,-1,1.0,0.0,0.0,robust isolated,2,1,grouped in ≥2
B563,Student Farm Project,Garden,B,0.172,11,16,31,0.0,1.0,0.667,grouped,34,19,49,0.0,1.0,1.0,grouped,4,111,28,0.0,1.0,1.0,grouped,15,29,36,0.0,1.0,1.0,grouped,-1,1,-1,0.812,0.188,0.062,robust isolated,2,1,grouped in ≥2
B564,Positive Seeds of Life Garden,Garden,B,0.11,86,19,225,0.0,1.0,0.667,grouped,31,2,45,0.0,0.5,0.5,grouped,4,111,28,0.0,1.0,1.0,grouped,85,2,169,0.0,0.0,0.0,grouped,-1,1,-1,1.0,0.0,0.0,robust isolated,2,1,grouped in ≥2
B565,Isabahlia Community Garden,Garden,B,0.06,11,16,30,0.0,1.0,1.0,grouped,34,19,49,0.0,1.0,0.458,grouped,4,111,28,0.0,1.0,1.0,grouped,15,29,36,0.0,1.0,0.0,grouped,-1,1,-1,1.0,0.0,0.0,robust isolated,2,1,grouped in ≥2
B566,Brownsville Community Farm,Garden,B,0.117,11,16,30,0.0,1.0,1.0,grouped,34,19,49,0.0,1.0,0.75,grouped,4,111,28,0.0,1.0,1.0,grouped,15,29,36,0.0,1.0,1.0,grouped,-1,1,-1,1.0,0.0,0.0,robust isolated,2,1,grouped in ≥2
B567,Her-King Alagantic Block Association Garden,Garden,B,0.045,18,2,55,0.0,0.333,0.333,grouped,71,36,102,0.0,1.0,0.458,grouped,1,70,2,0.0,1.0,1.0,grouped,22,18,51,0.0,0.667,0.0,grouped,-1,1,-1,1.0,0.0,0.0,robust isolated,2,1,grouped in ≥2
B568,Ashford Street Abundant Garden,Garden,B,0.133,66,39,188,0.0,1.0,1.0,grouped,25,2,-1,0.5,0.5,0.375,grouped,4,111,28,0.0,1.0,1.0,grouped,-1,1,-1,1.0,0.0,0.0,robust isolated,-1,1,-1,1.0,0.0,0.0,robust isolated,1,2,isolated in ≥2
B569,Chestnut Street Garden,Garden,B,0.086,-1,1,-1,0.667,0.333,0.0,unstable,-1,1,-1,0.75,0.25,0.167,unstable,-1,1,-1,1.0,0.0,0.0,robust isolated,-1,1,-1,1.0,0.0,0.0,robust isolated,-1,1,-1,1.0,0.0,0.0,robust isolated,0,2,isolated in ≥2
B570,Dolly's Park,Garden,B,0.052,1,2,-1,0.333,0.333,0.333,grouped,-1,1,-1,0.75,0.25,0.25,unstable,6,126,50,0.0,1.0,1.0,grouped,-1,1,-1,1.0,0.0,0.0,robust isolated,-1,1,-1,1.0,0.0,0.0,robust isolated,0,2,isolated in ≥2
B571,East 43rd Street Community Garden,Garden,B,0.091,-1,1,-1,0.667,0.333,0.0,unstable,-1,1,-1,0.75,0.25,0.167,unstable,-1,1,-1,1.0,0.0,0.0,robust isolated,-1,1,-1,1.0,0.0,0.0,robust isolated,-1,1,-1,1.0,0.0,0.0,robust isolated,0,2,isolated in ≥2
B572,Hattie Carthan Herban Farm,Garden,B,0.137,49,37,139,0.0,1.0,0.667,grouped,47,30,68,0.0,1.0,1.0,grouped,3,132,19,0.0,1.0,1.0,grouped,62,24,133,0.0,1.0,1.0,grouped,72,2,81,0.25,0.0,0.0,grouped,3,0,grouped in all
B573,Patchen Community Square Garden,Garden,B,0.104,15,12,39,0.0,1.0,1.0,grouped,45,11,64,0.0,1.0,0.833,grouped,3,132,19,0.0,1.0,1.0,grouped,46,5,95,0.0,1.0,0.333,grouped,-1,1,-1,1.0,0.0,0.0,robust isolated,2,1,grouped in ≥2
B574,Halsey Ralph & Howard Community Garden,Garden,B,0.065,15,12,40,0.0,1.0,0.667,grouped,76,14,113,0.0,1.0,1.0,grouped,3,132,19,0.0,1.0,1.0,grouped,19,4,42,0.0,1.0,1.0,grouped,68,3,77,0.25,0.75,0.188,grouped,3,0,grouped in all
B575,Halsey Garden,Garden,B,0.121,-1,1,-1,0.667,0.333,0.333,unstable,45,11,-1,0.0,1.0,0.75,grouped,3,132,19,0.0,1.0,1.0,grouped,-1,1,-1,0.333,0.667,0.333,unstable,68,3,77,0.0,0.75,0.188,grouped,2,0,grouped in ≥2
B576,Tranquility Farm (Willoughby Ave. Garden),Garden,B,0.123,49,37,138,0.0,1.0,1.0,grouped,47,30,68,0.0,1.0,1.0,grouped,3,132,19,0.0,1.0,1.0,grouped,62,24,133,0.0,1.0,1.0,grouped,-1,1,-1,0.875,0.125,0.0,robust isolated,2,1,grouped in ≥2
B577,EL Garden,Garden,B,0.114,48,13,-1,0.333,0.667,0.667,grouped,-1,1,-1,0.75,0.25,0.25,unstable,3,132,-1,0.5,0.5,0.0,grouped,-1,1,-1,1.0,0.0,0.0,robust isolated,-1,1,-1,1.0,0.0,0.0,robust isolated,0,2,isolated in ≥2
B578,Saratoga Blake Garden,Garden,B,0.103,11,16,30,0.0,1.0,1.0,grouped,34,19,49,0.0,1.0,1.0,grouped,4,111,28,0.0,1.0,1.0,grouped,15,29,36,0.0,1.0,1.0,grouped,-1,1,-1,0.875,0.125,0.125,robust isolated,2,1,grouped in ≥2
B579,Imani II Community Garden,Garden,B,0.069,17,17,51,0.0,1.0,0.667,grouped,71,36,102,0.0,1.0,1.0,grouped,1,70,1,0.0,1.0,1.0,grouped,22,18,53,0.0,1.0,1.0,grouped,5,3,-1,0.25,0.562,0.0,grouped,3,0,grouped in all
B580,Java Street Community Garden,Garden,B,0.063,38,6,-1,0.333,0.667,0.667,grouped,-1,1,-1,0.75,0.25,0.25,unstable,-1,1,-1,1.0,0.0,0.0,robust isolated,-1,1,-1,1.0,0.0,0.0,robust isolated,-1,1,-1,1.0,0.0,0.0,robust isolated,0,2,isolated in ≥2
B581,Warwick Street Greenery Glow Garden,Garden,B,0.041,66,39,-1,0.333,0.667,0.667,grouped,24,2,36,0.292,0.458,0.375,grouped,4,111,28,0.0,1.0,1.0,grouped,84,2,-1,0.333,0.0,0.0,grouped,49,2,56,0.0,0.0,0.0,grouped,3,0,grouped in all
B582,Brooklyn's Finest Garden,Garden,B,0.058,52,7,159,0.0,1.0,0.667,grouped,52,2,-1,0.375,0.375,0.25,grouped,1,70,-1,0.0,1.0,0.5,grouped,83,2,-1,0.333,0.0,0.0,grouped,48,2,-1,0.375,0.0,0.0,grouped,3,0,grouped in all
B583,Hooper Grove,Garden,B,0.053,33,29,89,0.0,1.0,1.0,grouped,7,53,10,0.0,1.0,1.0,grouped,3,132,21,0.0,1.0,1.0,grouped,33,45,74,0.0,1.0,1.0,grouped,-1,1,-1,1.0,0.0,0.0,robust isolated,2,1,grouped in ≥2
B584,Moffat Garden,Garden,B,0.038,9,45,-1,0.333,0.667,0.667,grouped,-1,1,-1,0.75,0.25,0.25,unstable,3,132,20,0.0,1.0,1.0,grouped,-1,1,-1,1.0,0.0,0.0,robust isolated,-1,1,-1,1.0,0.0,0.0,robust isolated,0,2,isolated in ≥2
B585,Prospect Plaza Park,Neighborhood Park,B,0.657,9,45,16,0.0,1.0,0.667,grouped,-1,1,-1,0.75,0.25,0.25,unstable,1,70,-1,0.5,0.5,0.0,grouped,-1,1,-1,1.0,0.0,0.0,robust isolated,-1,1,-1,1.0,0.0,0.0,robust isolated,0,2,isolated in ≥2
B586,Garden,Garden,B,0.091,63,5,182,0.0,1.0,1.0,grouped,113,12,174,0.0,1.0,0.875,grouped,5,100,33,0.0,1.0,0.5,grouped,80,9,159,0.0,1.0,1.0,grouped,-1,1,-1,1.0,0.0,0.0,robust isolated,2,1,grouped in ≥2
B588,Greenpoint Public Park,Neighborhood Park,B,2.65,38,6,-1,0.333,0.667,0.333,grouped,-1,1,-1,0.75,0.25,0.25,unstable,-1,1,-1,1.0,0.0,0.0,robust isolated,-1,1,-1,1.0,0.0,0.0,robust isolated,-1,1,-1,1.0,0.0,0.0,robust isolated,0,2,isolated in ≥2
B592,Betty Carter Park,Neighborhood Park,B,0.231,28,17,69,0.0,1.0,0.667,grouped,53,26,80,0.0,1.0,1.0,grouped,3,132,19,0.0,1.0,1.0,grouped,58,14,120,0.0,1.0,1.0,grouped,-1,1,-1,0.938,0.062,0.0,robust isolated,2,1,grouped in ≥2
B593,Bed-Stuy Farm,Garden,B,0.06,17,17,-1,0.333,0.667,0.667,grouped,79,3,118,0.125,0.875,0.417,grouped,3,132,19,0.0,1.0,1.0,grouped,23,3,-1,0.333,0.667,0.222,grouped,8,3,9,0.062,0.688,0.062,grouped,3,0,grouped in all
B594,Maple Street Community Garden,Neighborhood Park,B,1.377,39,4,-1,0.333,0.667,0.333,grouped,-1,1,-1,0.75,0.25,0.167,unstable,1,70,1,0.0,1.0,1.0,grouped,-1,1,-1,1.0,0.0,0.0,robust isolated,-1,1,-1,1.0,0.0,0.0,robust isolated,0,2,isolated in ≥2
B595,Greenpoint Landing,Neighborhood Park,B,1.486,37,3,106,0.0,1.0,1.0,grouped,7,53,-1,0.375,0.625,0.167,grouped,-1,1,-1,1.0,0.0,0.0,robust isolated,33,45,77,0.0,0.667,0.0,grouped,-1,1,-1,1.0,0.0,0.0,robust isolated,2,1,grouped in ≥2
B597,Kingsborough Houses Bergen Playground,Playground,B,0.322,17,17,50,0.0,1.0,0.667,grouped,71,36,102,0.0,1.0,0.708,grouped,1,70,1,0.0,1.0,1.0,grouped,22,18,53,0.0,1.0,0.667,grouped,-1,1,-1,0.875,0.125,0.0,robust isolated,2,1,grouped in ≥2
B598,West 23rd St. Garden,Garden,B,1.31,62,5,178,0.0,0.667,0.333,grouped,113,12,-1,0.5,0.5,0.5,grouped,5,100,-1,0.5,0.5,0.5,grouped,-1,1,-1,1.0,0.0,0.0,robust isolated,-1,1,-1,1.0,0.0,0.0,robust isolated,1,2,isolated in ≥2
B599,Kingsborough Houses Pacific Playground,Playground,B,0.333,17,17,50,0.0,1.0,0.667,grouped,71,36,102,0.0,1.0,1.0,grouped,1,70,1,0.0,1.0,1.0,grouped,22,18,-1,0.333,0.667,0.667,grouped,5,3,5,0.0,0.625,0.0,grouped,3,0,grouped in all
B600,Garden,Garden,B,0.151,9,45,17,0.0,0.667,0.667,grouped,76,14,113,0.0,1.0,0.25,grouped,3,132,19,0.0,1.0,0.0,grouped,20,32,-1,0.333,0.667,0.0,grouped,-1,1,-1,0.625,0.0,0.0,unstable,2,0,grouped in ≥2
B601,MHBA Living Laboratory,Garden,B,0.14,11,16,30,0.0,1.0,0.667,grouped,34,19,-1,0.292,0.708,0.417,grouped,4,111,28,0.0,1.0,1.0,grouped,-1,1,-1,0.333,0.667,0.111,unstable,-1,1,-1,0.875,0.0,0.0,robust isolated,1,1,definition-specific
B602,Park,Triangle/Plaza,B,0.017,9,45,16,0.0,1.0,1.0,grouped,71,36,101,0.0,1.0,1.0,grouped,1,70,1,0.0,1.0,1.0,grouped,20,32,44,0.0,1.0,1.0,grouped,-1,1,-1,1.0,0.0,0.0,robust isolated,2,1,grouped in ≥2
B603,Jerzee Triangle,Triangle/Plaza,B,0.008,56,2,-1,0.333,0.333,0.333,grouped,127,2,193,0.0,0.5,0.5,grouped,5,100,32,0.0,1.0,1.0,grouped,79,2,-1,0.333,0.0,0.0,grouped,-1,1,-1,1.0,0.0,0.0,robust isolated,2,1,grouped in ≥2
B604,Park,Triangle/Plaza,B,0.006,53,5,163,0.0,1.0,0.667,grouped,107,30,162,0.0,1.0,1.0,grouped,6,126,49,0.0,1.0,1.0,grouped,67,6,141,0.0,1.0,1.0,grouped,-1,1,-1,1.0,0.0,0.0,robust isolated,2,1,grouped in ≥2
B605,Ascenzi Square,Triangle/Plaza,B,0.031,33,29,-1,0.333,0.667,0.667,grouped,7,53,10,0.25,0.75,0.75,grouped,2,49,10,0.0,1.0,1.0,grouped,33,45,76,0.0,1.0,0.667,grouped,-1,1,-1,1.0,0.0,0.0,robust isolated,2,1,grouped in ≥2
B606,Fowler Square,Triangle/Plaza,B,0.004,28,17,69,0.0,1.0,0.667,grouped,53,26,80,0.0,1.0,1.0,grouped,3,132,19,0.0,1.0,1.0,grouped,58,14,120,0.0,1.0,1.0,grouped,-1,1,-1,1.0,0.0,0.0,robust isolated,2,1,grouped in ≥2
B608,St. Mark's Playground,Playground,B,0.23,16,3,48,0.0,0.667,0.333,grouped,-1,1,-1,1.0,0.0,0.0,robust isolated,-1,1,-1,1.0,0.0,0.0,robust isolated,48,3,-1,0.333,0.667,0.0,grouped,-1,1,-1,1.0,0.0,0.0,robust isolated,1,2,isolated in ≥2
B609,Park,Triangle/Plaza,B,0.045,9,45,16,0.0,1.0,1.0,grouped,71,36,101,0.0,1.0,1.0,grouped,1,70,1,0.0,1.0,1.0,grouped,20,32,44,0.0,1.0,1.0,grouped,-1,1,-1,1.0,0.0,0.0,robust isolated,2,1,grouped in ≥2
B610,Park,Triangle/Plaza,B,0.032,-1,1,-1,0.667,0.333,0.333,unstable,-1,1,-1,0.75,0.25,0.25,unstable,6,126,48,0.0,1.0,1.0,grouped,-1,1,-1,1.0,0.0,0.0,robust isolated,-1,1,-1,1.0,0.0,0.0,robust isolated,0,2,isolated in ≥2
