park_id,name,typecategory,borough,acres,D_group,D_group_size,D_group_strict,D_iso,D_grouped,D_core,D_status,N1abs_group,N1abs_group_size,N1abs_group_strict,N1abs_iso,N1abs_grouped,N1abs_core,N1abs_status,N1rel_group,N1rel_group_size,N1rel_group_strict,N1rel_iso,N1rel_grouped,N1rel_core,N1rel_status,N2_group,N2_group_size,N2_group_strict,N2_iso,N2_grouped,N2_core,N2_status,N3_group,N3_group_size,N3_group_strict,N3_iso,N3_grouped,N3_core,N3_status,n_grouped,n_isolated,cross_status
B001,American Playground,Playground,B,0.896,335,47,682,0.0,0.667,0.667,grouped,370,53,529,0.0,1.0,0.917,grouped,34,220,227,0.0,1.0,1.0,grouped,214,50,438,0.0,1.0,1.0,grouped,-1,1,-1,1.0,0.0,0.0,robust isolated,2,1,grouped in ≥2
B002,Amersfort Park,Neighborhood Park,B,3.557,-1,1,-1,0.667,0.333,0.0,unstable,-1,1,-1,0.583,0.417,0.167,unstable,32,149,207,0.0,1.0,1.0,grouped,-1,1,-1,1.0,0.0,0.0,robust isolated,-1,1,-1,1.0,0.0,0.0,robust isolated,0,2,isolated in ≥2
B003,Bartel-Pritchard Square,Triangle/Plaza,B,1.711,-1,1,-1,0.667,0.333,0.333,unstable,-1,1,-1,0.25,0.75,0.25,unstable,31,79,193,0.0,1.0,1.0,grouped,-1,1,-1,0.667,0.333,0.333,unstable,-1,1,-1,1.0,0.0,0.0,robust isolated,0,1,definition-specific
B006,Beattie Square,Triangle/Plaza,B,0.012,341,55,-1,0.333,0.667,0.667,grouped,380,67,554,0.0,1.0,0.75,grouped,34,220,227,0.0,1.0,1.0,grouped,231,57,-1,0.333,0.667,0.333,grouped,-1,1,-1,0.812,0.188,0.0,robust isolated,2,1,grouped in ≥2
B007,Bensonhurst Park,Recreational Field/Courts,B,17.5,-1,1,-1,0.667,0.333,0.0,unstable,277,12,-1,0.333,0.667,0.333,grouped,32,149,207,0.0,1.0,1.0,grouped,-1,1,-1,0.667,0.333,0.0,unstable,-1,1,-1,1.0,0.0,0.0,robust isolated,1,1,definition-specific
B008,Betsy Head Park,Community Park,B,10.555,319,34,625,0.0,1.0,1.0,grouped,311,35,445,0.0,1.0,1.0,grouped,33,183,217,0.0,1.0,1.0,grouped,209,30,428,0.0,1.0,1.0,grouped,-1,1,-1,1.0,0.0,0.0,robust isolated,2,1,grouped in ≥2
B012,Brower Park,Neighborhood Park,B,7.047,318,3,623,0.0,0.667,0.333,grouped,313,59,450,0.0,1.0,0.75,grouped,33,183,219,0.0,1.0,1.0,grouped,196,3,395,0.0,0.889,0.333,grouped,-1,1,-1,0.875,0.0,0.0,robust isolated,2,1,grouped in ≥2
B016,Maria Hernandez Park,Neighborhood Park,B,6.873,341,55,-1,0.333,0.667,0.333,grouped,383,16,558,0.0,1.0,1.0,grouped,34,220,227,0.0,1.0,1.0,grouped,226,14,-1,0.333,0.667,0.667,grouped,-1,1,-1,1.0,0.0,0.0,robust isolated,2,1,grouped in ≥2
B017,Bushwick Playground,Jointly Operated Playground,B,2.783,344,6,749,0.0,0.667,0.333,grouped,383,16,558,0.0,1.0,1.0,grouped,34,220,227,0.0,1.0,1.0,grouped,226,14,457,0.0,1.0,0.667,grouped,-1,1,-1,1.0,0.0,0.0,robust isolated,2,1,grouped in ≥2
B019,Carroll Park,Neighborhood Park,B,1.874,-1,1,-1,0.667,0.333,0.333,unstable,246,20,352,0.0,1.0,1.0,grouped,31,79,193,0.0,1.0,1.0,grouped,182,18,-1,0.333,0.667,0.667,grouped,-1,1,-1,1.0,0.0,0.0,robust isolated,2,1,grouped in ≥2
B021,Commodore Barry Park,Community Park,B,10.391,397,40,828,0.0,1.0,0.667,grouped,380,67,554,0.0,1.0,1.0,grouped,34,220,227,0.0,1.0,1.0,grouped,180,36,357,0.0,1.0,1.0,grouped,-1,1,-1,0.562,0.438,0.0,unstable,2,0,grouped in ≥2
B022,Sarah J.S. Tompkins Garnet Playground,Playground,B,1.101,-1,1,-1,0.667,0.333,0.333,unstable,379,7,547,0.0,1.0,0.5,grouped,34,220,227,0.0,1.0,1.0,grouped,230,5,-1,0.333,0.667,0.0,grouped,-1,1,-1,0.875,0.0,0.0,robust isolated,2,1,grouped in ≥2
B023,Lafayette Playground,Playground,B,0.517,327,2,-1,0.333,0.667,0.667,grouped,380,67,549,0.125,0.75,0.75,grouped,34,220,227,0.0,1.0,1.0,grouped,235,2,494,0.0,0.333,0.333,grouped,464,2,-1,0.312,0.188,0.125,grouped,3,0,grouped in all
B024,Orient Grove,Garden,B,0.149,337,7,698,0.0,1.0,0.667,grouped,370,53,529,0.0,1.0,0.75,grouped,34,220,227,0.0,1.0,1.0,grouped,214,50,440,0.0,1.0,0.333,grouped,-1,1,-1,0.625,0.25,0.0,unstable,2,0,grouped in ≥2
B025,Cooper Park,Neighborhood Park,B,6.401,337,7,698,0.0,1.0,0.667,grouped,370,53,529,0.0,1.0,0.75,grouped,34,220,227,0.0,1.0,1.0,grouped,214,50,440,0.0,1.0,0.333,grouped,-1,1,-1,1.0,0.0,0.0,robust isolated,2,1,grouped in ≥2
B026,Cuyler Gore Park,Neighborhood Park,B,1.158,343,17,741,0.0,1.0,0.667,grouped,380,67,554,0.0,1.0,1.0,grouped,34,220,227,0.0,1.0,1.0,grouped,231,57,473,0.0,1.0,1.0,grouped,-1,1,-1,1.0,0.0,0.0,robust isolated,2,1,grouped in ≥2
B027,Veterans Triangle,Triangle/Plaza,B,0.025,319,34,631,0.0,1.0,1.0,grouped,311,35,445,0.0,1.0,1.0,grouped,33,183,217,0.0,1.0,1.0,grouped,209,30,427,0.0,1.0,1.0,grouped,-1,1,-1,1.0,0.0,0.0,robust isolated,2,1,grouped in ≥2
B029#1,Eastern Parkway (1/10),Parkway,B,63.636,-1,1,-1,0.667,0.333,0.333,unstable,366,11,522,0.25,0.75,0.75,grouped,34,220,228,0.0,1.0,1.0,grouped,-1,1,-1,0.667,0.333,0.333,unstable,-1,1,-1,1.0,0.0,0.0,robust isolated,1,1,definition-specific
B029#10,Eastern Parkway (10/10),Parkway,B,63.636,320,48,635,0.0,1.0,0.667,grouped,313,59,450,0.0,1.0,0.75,grouped,33,183,219,0.0,1.0,1.0,grouped,197,54,397,0.0,1.0,0.333,grouped,-1,1,-1,0.875,0.0,0.0,robust isolated,2,1,grouped in ≥2
B029#2,Eastern Parkway (2/10),Parkway,B,63.636,320,48,-1,0.333,0.667,0.333,grouped,313,59,450,0.0,1.0,0.917,grouped,33,183,219,0.0,1.0,1.0,grouped,197,54,412,0.0,0.667,0.667,grouped,-1,1,-1,1.0,0.0,0.0,robust isolated,2,1,grouped in ≥2
B029#3,Eastern Parkway (3/10),Parkway,B,63.636,300,9,584,0.0,1.0,1.0,grouped,363,4,-1,0.167,0.792,0.667,grouped,34,220,227,0.0,1.0,1.0,grouped,234,4,-1,0.333,0.667,0.333,grouped,-1,1,-1,1.0,0.0,0.0,robust isolated,2,1,grouped in ≥2
B029#4,Eastern Parkway (4/10),Parkway,B,63.636,320,48,635,0.0,1.0,1.0,grouped,313,59,450,0.0,1.0,1.0,grouped,33,183,219,0.0,1.0,1.0,grouped,197,54,397,0.0,1.0,0.778,grouped,-1,1,-1,1.0,0.0,0.0,robust isolated,2,1,grouped in ≥2
B029#5,Eastern Parkway (5/10),Parkway,B,63.636,-1,1,-1,0.667,0.333,0.333,unstable,313,59,450,0.0,0.958,0.833,grouped,33,183,219,0.0,1.0,1.0,grouped,197,54,-1,0.333,0.667,0.667,grouped,-1,1,-1,1.0,0.0,0.0,robust isolated,2,1,grouped in ≥2
B029#6,Eastern Parkway (6/10),Parkway,B,63.636,318,3,-1,0.333,0.667,0.333,grouped,313,59,450,0.0,1.0,0.75,grouped,33,183,219,0.0,1.0,1.0,grouped,196,3,395,0.0,0.889,0.333,grouped,-1,1,-1,1.0,0.0,0.0,robust isolated,2,1,grouped in ≥2
B029#7,Eastern Parkway (7/10),Parkway,B,63.636,300,9,584,0.0,1.0,0.667,grouped,366,11,522,0.0,1.0,1.0,grouped,34,220,228,0.0,1.0,1.0,grouped,231,57,485,0.0,1.0,1.0,grouped,-1,1,-1,1.0,0.0,0.0,robust isolated,2,1,grouped in ≥2
B029#8,Eastern Parkway (8/10),Parkway,B,63.636,300,9,584,0.0,1.0,1.0,grouped,380,67,554,0.0,1.0,0.75,grouped,34,220,228,0.0,1.0,1.0,grouped,231,57,-1,0.333,0.667,0.333,grouped,-1,1,-1,0.875,0.0,0.0,robust isolated,2,1,grouped in ≥2
B029#9,Eastern Parkway (9/10),Parkway,B,63.636,-1,1,-1,0.667,0.333,0.333,unstable,366,11,522,0.0,1.0,1.0,grouped,34,220,228,0.0,1.0,1.0,grouped,231,57,-1,0.333,0.667,0.667,grouped,-1,1,-1,1.0,0.0,0.0,robust isolated,2,1,grouped in ≥2
B030#1,Eastern Parkway Extension (1/6),Mall,B,2.064,320,48,635,0.0,1.0,1.0,grouped,313,59,450,0.0,1.0,1.0,grouped,33,183,219,0.0,1.0,1.0,grouped,197,54,397,0.0,1.0,1.0,grouped,-1,1,-1,0.75,0.188,0.0,unstable,2,0,grouped in ≥2
B030#2,Eastern Parkway Extension (2/6),Mall,B,2.064,320,48,635,0.0,1.0,1.0,grouped,313,59,450,0.0,1.0,1.0,grouped,33,183,219,0.0,1.0,1.0,grouped,197,54,397,0.0,1.0,1.0,grouped,-1,1,-1,1.0,0.0,0.0,robust isolated,2,1,grouped in ≥2
B030#3,Eastern Parkway Extension (3/6),Mall,B,2.064,320,48,639,0.0,1.0,0.667,grouped,313,59,453,0.0,1.0,1.0,grouped,33,183,219,0.0,1.0,1.0,grouped,197,54,397,0.0,1.0,0.667,grouped,-1,1,-1,1.0,0.0,0.0,robust isolated,2,1,grouped in ≥2
B030#4,Eastern Parkway Extension (4/6),Mall,B,2.064,320,48,635,0.0,1.0,1.0,grouped,313,59,450,0.0,1.0,0.917,grouped,33,183,219,0.0,1.0,1.0,grouped,197,54,397,0.0,1.0,0.667,grouped,-1,1,-1,1.0,0.0,0.0,robust isolated,2,1,grouped in ≥2
B030#5,Eastern Parkway Extension (5/6),Mall,B,2.064,320,48,639,0.0,1.0,1.0,grouped,313,59,453,0.0,1.0,1.0,grouped,34,220,227,0.0,1.0,1.0,grouped,197,54,397,0.0,1.0,0.667,grouped,-1,1,-1,0.625,0.0,0.0,unstable,2,0,grouped in ≥2
B030#6,Eastern Parkway Extension (6/6),Mall,B,2.064,320,48,635,0.0,1.0,1.0,grouped,313,59,450,0.0,1.0,1.0,grouped,33,183,219,0.0,1.0,1.0,grouped,197,54,397,0.0,1.0,0.667,grouped,-1,1,-1,1.0,0.0,0.0,robust isolated,2,1,grouped in ≥2
B031,Fidelity Triangle,Triangle/Plaza,B,0.005,335,47,689,0.0,0.667,0.667,grouped,370,53,529,0.0,1.0,0.75,grouped,34,220,227,0.0,1.0,1.0,grouped,214,50,438,0.0,1.0,0.667,grouped,-1,1,-1,0.938,0.062,0.0,robust isolated,2,1,grouped in ≥2
B032,Fort Greene Park,Community Park,B,30.168,343,17,742,0.0,1.0,0.667,grouped,380,67,554,0.0,1.0,1.0,grouped,34,220,227,0.0,1.0,1.0,grouped,231,57,473,0.0,1.0,1.0,grouped,-1,1,-1,1.0,0.0,0.0,robust isolated,2,1,grouped in ≥2
B033,Fort Hamilton Triangle,Triangle/Plaza,B,0.019,426,7,-1,0.333,0.667,0.333,grouped,241,30,343,0.25,0.75,0.5,grouped,32,149,206,0.0,1.0,1.0,grouped,314,5,-1,0.333,0.667,0.0,grouped,-1,1,-1,1.0,0.0,0.0,robust isolated,2,1,grouped in ≥2
B035,John Paul Jones Park,Neighborhood Park,B,5.317,426,7,892,0.0,1.0,0.667,grouped,241,30,343,0.0,1.0,0.667,grouped,32,149,206,0.0,1.0,1.0,grouped,314,5,619,0.0,1.0,0.333,grouped,-1,1,-1,1.0,0.0,0.0,robust isolated,2,1,grouped in ≥2
B036,Fort Stirling Park,Triangle/Plaza,B,0.214,397,40,829,0.0,1.0,1.0,grouped,247,30,354,0.0,1.0,1.0,grouped,31,79,193,0.0,1.0,1.0,grouped,180,36,358,0.0,1.0,1.0,grouped,-1,1,-1,1.0,0.0,0.0,robust isolated,2,1,grouped in ≥2
B037,Freedom Triangle,Triangle/Plaza,B,0.004,341,55,-1,0.333,0.667,0.667,grouped,383,16,558,0.0,1.0,0.833,grouped,34,220,227,0.0,1.0,1.0,grouped,226,14,456,0.111,0.889,0.556,grouped,-1,1,-1,0.938,0.0,0.0,robust isolated,2,1,grouped in ≥2
B038,Fulton Park,Neighborhood Park,B,1.987,321,30,651,0.0,1.0,0.667,grouped,313,59,450,0.0,1.0,1.0,grouped,34,220,227,0.0,1.0,1.0,grouped,197,54,408,0.0,1.0,1.0,grouped,-1,1,-1,0.75,0.25,0.188,unstable,2,0,grouped in ≥2
B040,Grand Army Plaza,Triangle/Plaza,B,14.257,300,9,584,0.0,1.0,1.0,grouped,363,4,517,0.042,0.917,0.625,grouped,31,79,193,0.0,1.0,1.0,grouped,234,4,-1,0.333,0.667,0.333,grouped,-1,1,-1,0.75,0.0,0.0,unstable,2,0,grouped in ≥2
B041,Grant Gore,Triangle/Plaza,B,0.019,345,2,753,0.0,0.333,0.333,grouped,366,11,522,0.0,1.0,0.917,grouped,34,220,228,0.0,1.0,1.0,grouped,231,57,-1,0.333,0.667,0.667,grouped,-1,1,-1,0.875,0.125,0.0,robust isolated,2,1,grouped in ≥2
B042,Gravesend Park,Neighborhood Park,B,6.379,-1,1,-1,1.0,0.0,0.0,robust isolated,-1,1,-1,0.667,0.333,0.25,unstable,32,149,206,0.0,1.0,1.0,grouped,-1,1,-1,1.0,0.0,0.0,robust isolated,-1,1,-1,0.875,0.125,0.0,robust isolated,0,2,isolated in ≥2
B043,Greenpoint Playground,Playground,B,0.504,336,3,697,0.0,1.0,1.0,grouped,370,53,529,0.0,1.0,0.75,grouped,34,220,227,0.0,1.0,1.0,grouped,214,50,439,0.0,0.667,0.333,grouped,-1,1,-1,0.938,0.0,0.0,robust isolated,2,1,grouped in ≥2
B044,Dr. Ronald McNair Park,Neighborhood Park,B,1.361,300,9,584,0.0,1.0,1.0,grouped,366,11,522,0.0,1.0,1.0,grouped,34,220,228,0.0,1.0,1.0,grouped,231,57,485,0.0,1.0,1.0,grouped,-1,1,-1,0.875,0.0,0.0,robust isolated,2,1,grouped in ≥2
B045,Heisser Triangle,Triangle/Plaza,B,0.027,344,6,750,0.0,0.667,0.333,grouped,383,16,558,0.0,1.0,1.0,grouped,34,220,227,0.0,1.0,1.0,grouped,226,14,457,0.0,1.0,0.667,grouped,-1,1,-1,1.0,0.0,0.0,robust isolated,2,1,grouped in ≥2
B047A,Highland Park Childrens Garden,Garden,B,0.41,-1,1,-1,0.667,0.333,0.333,unstable,327,50,-1,0.333,0.583,0.375,grouped,33,183,217,0.0,1.0,1.0,grouped,-1,1,-1,0.667,0.333,0.0,unstable,-1,1,-1,0.938,0.0,0.0,robust isolated,1,1,definition-specific
B049,Irving Square Park,Neighborhood Park,B,2.76,344,6,-1,0.333,0.667,0.333,grouped,383,16,558,0.0,1.0,0.875,grouped,34,220,227,0.0,1.0,1.0,grouped,226,14,457,0.0,1.0,0.667,grouped,-1,1,-1,1.0,0.0,0.0,robust isolated,2,1,grouped in ≥2
B050,Van Voorhees Playground,Playground,B,5.739,397,40,829,0.0,1.0,1.0,grouped,246,20,352,0.0,1.0,0.958,grouped,31,79,193,0.0,1.0,1.0,grouped,182,18,366,0.0,1.0,0.667,grouped,-1,1,-1,0.938,0.0,0.0,robust isolated,2,1,grouped in ≥2
B051,Kelly Park Playground,Neighborhood Park,B,3.449,455,4,939,0.0,0.667,0.333,grouped,275,10,395,0.0,1.0,0.5,grouped,32,149,207,0.0,1.0,1.0,grouped,335,3,658,0.0,0.667,0.0,grouped,-1,1,-1,1.0,0.0,0.0,robust isolated,2,1,grouped in ≥2
B052,Leif Ericson Park,Neighborhood Park,B,16.8,424,13,888,0.0,1.0,1.0,grouped,241,30,345,0.0,1.0,0.75,grouped,32,149,206,0.0,1.0,1.0,grouped,315,9,621,0.0,1.0,0.333,grouped,-1,1,-1,1.0,0.0,0.0,robust isolated,2,1,grouped in ≥2
B054,Lincoln Terrace / Arthur S. Somers Park,Community Park,B,17.14,320,48,635,0.0,1.0,0.667,grouped,313,59,450,0.0,1.0,0.917,grouped,33,183,219,0.0,1.0,1.0,grouped,197,54,412,0.0,0.667,0.667,grouped,-1,1,-1,1.0,0.0,0.0,robust isolated,2,1,grouped in ≥2
B055,Sternberg Park,Playground,B,4.044,340,13,703,0.0,1.0,0.667,grouped,370,53,529,0.25,0.75,0.75,grouped,34,220,227,0.0,1.0,1.0,grouped,230,5,-1,0.222,0.778,0.778,grouped,-1,1,-1,1.0,0.0,0.0,robust isolated,2,1,grouped in ≥2
B056,Martin Luther King Jr. Playground,Playground,B,2.29,309,39,601,0.0,1.0,1.0,grouped,327,50,476,0.0,1.0,1.0,grouped,33,183,217,0.0,1.0,1.0,grouped,188,44,379,0.0,1.0,1.0,grouped,-1,1,-1,0.875,0.125,0.0,robust isolated,2,1,grouped in ≥2
B058,McCarren Park,Community Park,B,36.493,335,47,687,0.0,1.0,0.667,grouped,370,53,529,0.0,1.0,1.0,grouped,34,220,227,0.0,1.0,1.0,grouped,214,50,438,0.0,1.0,1.0,grouped,-1,1,-1,1.0,0.0,0.0,robust isolated,2,1,grouped in ≥2
B060,McKinley Park,Neighborhood Park,B,8.25,425,7,-1,0.333,0.667,0.667,grouped,241,30,345,0.0,1.0,0.75,grouped,32,149,206,0.0,1.0,1.0,grouped,315,9,-1,0.333,0.667,0.0,grouped,-1,1,-1,1.0,0.0,0.0,robust isolated,2,1,grouped in ≥2
B061,McLaughlin Park,Recreational Field/Courts,B,1.976,397,40,828,0.0,1.0,0.667,grouped,247,30,-1,0.0,1.0,0.5,grouped,31,79,193,0.0,1.0,1.0,grouped,180,36,-1,0.0,1.0,0.333,grouped,-1,1,-1,1.0,0.0,0.0,robust isolated,2,1,grouped in ≥2
B062,Memorial Gore,Triangle/Plaza,B,0.066,337,7,698,0.0,1.0,0.667,grouped,370,53,529,0.0,1.0,0.917,grouped,34,220,227,0.0,1.0,1.0,grouped,214,50,440,0.0,1.0,0.333,grouped,-1,1,-1,0.75,0.25,0.0,unstable,2,0,grouped in ≥2
B063,Milestone Park,Neighborhood Park,B,0.476,485,2,976,0.0,0.0,0.0,grouped,-1,1,-1,0.5,0.417,0.333,unstable,32,149,207,0.0,1.0,1.0,grouped,-1,1,-1,1.0,0.0,0.0,robust isolated,-1,1,-1,0.875,0.125,0.0,robust isolated,0,2,isolated in ≥2
B066,Owl's Head Park,Neighborhood Park,B,24.218,424,13,888,0.0,1.0,1.0,grouped,241,30,345,0.0,0.917,0.667,grouped,32,149,206,0.0,1.0,1.0,grouped,315,9,621,0.0,0.778,0.333,grouped,-1,1,-1,1.0,0.0,0.0,robust isolated,2,1,grouped in ≥2
B068,Parade Ground,Recreational Field/Courts,B,39.5,294,12,572,0.0,1.0,1.0,grouped,266,7,382,0.0,0.75,0.458,grouped,32,149,207,0.0,1.0,1.0,grouped,220,4,450,0.0,1.0,0.333,grouped,-1,1,-1,1.0,0.0,0.0,robust isolated,2,1,grouped in ≥2
B070,Machate Circle,Triangle/Plaza,B,4.32,294,12,572,0.0,1.0,1.0,grouped,-1,1,-1,0.667,0.333,0.167,unstable,31,79,-1,0.0,1.0,0.5,grouped,220,4,450,0.0,1.0,0.333,grouped,-1,1,-1,0.875,0.0,0.0,robust isolated,1,1,definition-specific
B077,Coffey Park,Neighborhood Park,B,8.271,396,18,-1,0.333,0.667,0.333,grouped,246,20,352,0.25,0.75,0.25,grouped,31,79,-1,0.5,0.5,0.0,grouped,183,2,-1,0.333,0.333,0.0,grouped,-1,1,-1,1.0,0.0,0.0,robust isolated,2,1,grouped in ≥2
B078,Grace Playground,Jointly Operated Playground,B,2.73,309,39,-1,0.333,0.667,0.667,grouped,327,50,476,0.0,1.0,1.0,grouped,33,183,217,0.0,1.0,1.0,grouped,188,44,379,0.0,1.0,0.667,grouped,-1,1,-1,0.875,0.062,0.0,robust isolated,2,1,grouped in ≥2
B079,Saratoga Park,Neighborhood Park,B,3.214,321,30,652,0.0,1.0,0.667,grouped,313,59,453,0.0,1.0,1.0,grouped,34,220,227,0.0,1.0,1.0,grouped,197,54,411,0.0,1.0,1.0,grouped,-1,1,-1,0.562,0.375,0.188,unstable,2,0,grouped in ≥2
B080,Asser Levy Park,Community Park,B,21.039,441,5,920,0.0,0.667,0.333,grouped,300,12,432,0.0,1.0,0.583,grouped,32,149,207,0.0,1.0,1.0,grouped,325,9,634,0.0,0.889,0.333,grouped,-1,1,-1,0.5,0.125,0.0,unstable,2,0,grouped in ≥2
B082#1,Shore Park and Parkway (1/10),Community Park,B,58.0,424,13,888,0.0,1.0,1.0,grouped,241,30,345,0.0,0.917,0.75,grouped,32,149,206,0.0,1.0,1.0,grouped,315,9,621,0.0,0.778,0.667,grouped,-1,1,-1,1.0,0.0,0.0,robust isolated,2,1,grouped in ≥2
B082#10,Shore Park and Parkway (10/10),Community Park,B,58.0,424,13,888,0.0,1.0,1.0,grouped,241,30,341,0.25,0.75,0.25,grouped,32,149,206,0.0,1.0,1.0,grouped,315,9,621,0.0,1.0,0.222,grouped,-1,1,-1,1.0,0.0,0.0,robust isolated,2,1,grouped in ≥2
B082#2,Shore Park and Parkway (2/10),Community Park,B,58.0,428,4,-1,0.333,0.667,0.667,grouped,-1,1,-1,0.75,0.25,0.25,unstable,32,149,207,0.0,1.0,1.0,grouped,-1,1,-1,0.667,0.333,0.0,unstable,-1,1,-1,1.0,0.0,0.0,robust isolated,0,1,definition-specific
B082#3,Shore Park and Parkway (3/10),Community Park,B,58.0,424,13,-1,0.333,0.667,0.333,grouped,240,2,-1,0.458,0.375,0.292,grouped,32,149,206,0.0,1.0,1.0,grouped,-1,1,-1,0.556,0.222,0.0,unstable,-1,1,-1,1.0,0.0,0.0,robust isolated,1,1,definition-specific
B082#4,Shore Park and Parkway (4/10),Community Park,B,58.0,426,7,892,0.0,1.0,0.667,grouped,241,30,343,0.0,1.0,0.25,grouped,32,149,206,0.0,1.0,0.5,grouped,314,5,619,0.0,1.0,0.0,grouped,-1,1,-1,1.0,0.0,0.0,robust isolated,2,1,grouped in ≥2
B082#5,Shore Park and Parkway (5/10),Community Park,B,58.0,424,13,888,0.0,1.0,1.0,grouped,-1,1,-1,0.833,0.167,0.167,robust isolated,32,149,206,0.0,1.0,1.0,grouped,-1,1,-1,1.0,0.0,0.0,robust isolated,-1,1,-1,1.0,0.0,0.0,robust isolated,0,3,isolated in all
B082#7,Shore Park and Parkway (7/10),Community Park,B,58.0,426,7,-1,0.333,0.667,0.333,grouped,241,30,343,0.25,0.75,0.167,grouped,-1,1,-1,1.0,0.0,0.0,robust isolated,314,5,619,0.0,1.0,0.0,grouped,-1,1,-1,1.0,0.0,0.0,robust isolated,2,1,grouped in ≥2
B082#8,Shore Park and Parkway (8/10),Community Park,B,58.0,428,4,901,0.0,1.0,0.667,grouped,241,30,344,0.0,0.833,0.625,grouped,32,149,206,0.0,1.0,1.0,grouped,317,3,624,0.0,1.0,0.333,grouped,-1,1,-1,0.75,0.0,0.0,unstable,2,0,grouped in ≥2
B082#9,Shore Park and Parkway (9/10),Community Park,B,58.0,-1,1,-1,0.667,0.333,0.333,unstable,-1,1,-1,0.583,0.417,0.167,unstable,32,149,206,0.0,1.0,0.5,grouped,-1,1,-1,0.667,0.333,0.0,unstable,-1,1,-1,1.0,0.0,0.0,robust isolated,0,1,definition-specific
B087,Sunset Park,Community Park,B,24.498,427,4,-1,0.333,0.667,0.333,grouped,241,30,341,0.0,1.0,0.708,grouped,32,149,206,0.0,1.0,1.0,grouped,316,4,623,0.0,1.0,0.333,grouped,-1,1,-1,1.0,0.0,0.0,robust isolated,2,1,grouped in ≥2
B088,Herbert Von King Park,Community Park,B,7.819,341,55,710,0.0,1.0,1.0,grouped,380,67,554,0.0,1.0,1.0,grouped,34,220,227,0.0,1.0,1.0,grouped,231,57,470,0.0,1.0,1.0,grouped,-1,1,-1,1.0,0.0,0.0,robust isolated,2,1,grouped in ≥2
B089,Lowry Triangle,Triangle/Plaza,B,0.11,346,8,-1,0.333,0.667,0.667,grouped,380,67,554,0.0,1.0,0.833,grouped,34,220,228,0.0,1.0,1.0,grouped,231,57,474,0.0,0.667,0.333,grouped,-1,1,-1,0.812,0.062,0.0,robust isolated,2,1,grouped in ≥2
B090,Sobel Playground,Playground,B,0.135,335,47,688,0.0,0.667,0.667,grouped,370,53,529,0.0,1.0,1.0,grouped,34,220,227,0.0,1.0,1.0,grouped,214,50,438,0.0,1.0,1.0,grouped,-1,1,-1,1.0,0.0,0.0,robust isolated,2,1,grouped in ≥2
B093,Weeksville Playground,Playground,B,0.295,320,48,-1,0.333,0.667,0.667,grouped,313,59,450,0.083,0.917,0.75,grouped,33,183,219,0.0,1.0,1.0,grouped,197,54,-1,0.333,0.667,0.556,grouped,571,2,613,0.25,0.0,0.0,grouped,3,0,grouped in all
B094,Sgt. Joyce Kilmer Square,Triangle/Plaza,B,0.001,455,4,-1,0.333,0.667,0.333,grouped,277,12,399,0.25,0.667,0.417,grouped,32,149,207,0.0,1.0,1.0,grouped,344,2,-1,0.333,0.333,0.0,grouped,-1,1,-1,1.0,0.0,0.0,robust isolated,2,1,grouped in ≥2
B095,Ennis Playground,Playground,B,0.554,-1,1,-1,0.667,0.333,0.333,unstable,-1,1,-1,0.75,0.25,0.167,unstable,31,79,193,0.0,1.0,1.0,grouped,-1,1,-1,1.0,0.0,0.0,robust isolated,-1,1,-1,1.0,0.0,0.0,robust isolated,0,2,isolated in ≥2
B096,Sgt. William Dougherty Playground,Playground,B,0.429,-1,1,-1,0.667,0.333,0.333,unstable,-1,1,-1,0.583,0.417,0.417,unstable,34,220,227,0.0,1.0,1.0,grouped,-1,1,-1,0.667,0.333,0.333,unstable,-1,1,-1,1.0,0.0,0.0,robust isolated,0,1,definition-specific
B097,Sledge Playground,Playground,B,0.328,-1,1,-1,0.667,0.333,0.0,unstable,-1,1,-1,0.75,0.25,0.167,unstable,32,149,207,0.0,1.0,1.0,grouped,-1,1,-1,1.0,0.0,0.0,robust isolated,-1,1,-1,1.0,0.0,0.0,robust isolated,0,2,isolated in ≥2
B098,Martin Luther Playground,Playground,B,0.913,-1,1,-1,0.667,0.333,0.333,unstable,241,30,341,0.25,0.75,0.333,grouped,32,149,206,0.0,1.0,1.0,grouped,-1,1,-1,0.667,0.333,0.222,unstable,-1,1,-1,0.812,0.0,0.0,robust isolated,1,1,definition-specific
B099,Lt. Joseph Petrosino Park,Playground,B,0.871,-1,1,-1,1.0,0.0,0.0,robust isolated,-1,1,-1,0.667,0.25,0.25,unstable,32,149,206,0.0,1.0,1.0,grouped,-1,1,-1,1.0,0.0,0.0,robust isolated,-1,1,-1,1.0,0.0,0.0,robust isolated,0,2,isolated in ≥2
B100,Seth Low Playground/ Bealin Square,Neighborhood Park,B,4.945,-1,1,-1,0.667,0.333,0.0,unstable,277,12,402,0.25,0.75,0.5,grouped,32,149,207,0.0,1.0,1.0,grouped,-1,1,-1,0.667,0.333,0.333,unstable,-1,1,-1,1.0,0.0,0.0,robust isolated,1,1,definition-specific
B102,Crispus Attucks Playground,Playground,B,0.934,346,8,754,0.0,1.0,0.667,grouped,380,67,554,0.0,0.917,0.75,grouped,34,220,227,0.0,1.0,1.0,grouped,231,57,471,0.0,0.667,0.333,grouped,-1,1,-1,0.812,0.125,0.0,robust isolated,2,1,grouped in ≥2
B103,Cypress Hills Playground,Neighborhood Park,B,4.947,312,2,-1,0.333,0.333,0.333,grouped,330,2,484,0.25,0.5,0.333,grouped,33,183,217,0.0,1.0,1.0,grouped,333,2,655,0.0,0.0,0.0,grouped,-1,1,-1,0.938,0.0,0.0,robust isolated,2,1,grouped in ≥2
B105,Taaffe Playground,Neighborhood Park,B,1.821,341,55,-1,0.333,0.667,0.667,grouped,380,67,554,0.0,1.0,0.667,grouped,34,220,227,0.0,1.0,1.0,grouped,231,57,-1,0.333,0.667,0.333,grouped,-1,1,-1,0.875,0.0,0.0,robust isolated,2,1,grouped in ≥2
B106A,Police Officer John G. Scarangella Park,Neighborhood Park,B,3.214,468,3,957,0.0,1.0,0.667,grouped,277,12,400,0.0,1.0,0.833,grouped,32,149,207,0.0,1.0,1.0,grouped,342,4,671,0.0,0.667,0.333,grouped,-1,1,-1,1.0,0.0,0.0,robust isolated,2,1,grouped in ≥2
B106B,Lafayette Playground,Jointly Operated Playground,B,1.187,468,3,957,0.0,1.0,0.667,grouped,277,12,-1,0.417,0.583,0.417,grouped,32,149,207,0.0,1.0,1.0,grouped,-1,1,-1,0.667,0.333,0.0,unstable,-1,1,-1,1.0,0.0,0.0,robust isolated,1,1,definition-specific
B107,Lion's Pride Playground,Playground,B,0.865,319,34,626,0.0,1.0,1.0,grouped,323,2,466,0.0,0.5,0.5,grouped,33,183,217,0.0,1.0,1.0,grouped,330,2,643,0.0,0.0,0.0,grouped,-1,1,-1,1.0,0.0,0.0,robust isolated,2,1,grouped in ≥2
B109,Bill Brown Playground,Neighborhood Park,B,3.214,433,2,-1,0.333,0.333,0.333,grouped,275,10,394,0.0,1.0,0.625,grouped,32,149,207,0.0,1.0,1.0,grouped,336,5,-1,0.333,0.667,0.667,grouped,-1,1,-1,0.875,0.0,0.0,robust isolated,2,1,grouped in ≥2
B110,Marion Hopkinson Playground,Neighborhood Park,B,1.32,320,48,641,0.0,0.667,0.667,grouped,313,59,450,0.0,1.0,0.667,grouped,33,183,219,0.0,1.0,1.0,grouped,197,54,400,0.0,0.667,0.333,grouped,-1,1,-1,0.625,0.0,0.0,unstable,2,0,grouped in ≥2
B111,Washington Park,Neighborhood Park,B,3.03,400,2,834,0.0,0.333,0.333,grouped,253,7,-1,0.25,0.75,0.417,grouped,31,79,193,0.0,1.0,1.0,grouped,-1,1,-1,0.667,0.333,0.0,unstable,-1,1,-1,1.0,0.0,0.0,robust isolated,1,1,definition-specific
B111A,Washington Skate Park,Jointly Operated Playground,B,1.549,400,2,834,0.0,0.333,0.333,grouped,-1,1,-1,0.833,0.167,0.167,robust isolated,31,79,193,0.0,1.0,1.0,grouped,-1,1,-1,1.0,0.0,0.0,robust isolated,-1,1,-1,1.0,0.0,0.0,robust isolated,0,3,isolated in all
B113A,Cadman Plaza Park,Neighborhood Park,B,10.384,397,40,828,0.0,1.0,1.0,grouped,247,30,354,0.0,1.0,1.0,grouped,31,79,193,0.0,1.0,1.0,grouped,180,36,358,0.0,1.0,1.0,grouped,-1,1,-1,1.0,0.0,0.0,robust isolated,2,1,grouped in ≥2
B113B,Korean War Veterans Plaza,Neighborhood Park,B,1.195,397,40,828,0.0,1.0,1.0,grouped,247,30,354,0.0,1.0,0.25,grouped,31,79,193,0.0,1.0,0.5,grouped,180,36,358,0.0,1.0,0.667,grouped,-1,1,-1,1.0,0.0,0.0,robust isolated,2,1,grouped in ≥2
B113C,Columbus Park,Neighborhood Park,B,5.43,397,40,828,0.0,1.0,1.0,grouped,247,30,354,0.0,1.0,1.0,grouped,31,79,193,0.0,1.0,1.0,grouped,180,36,358,0.0,1.0,0.667,grouped,-1,1,-1,0.875,0.0,0.0,robust isolated,2,1,grouped in ≥2
B113E,Walt Whitman Park,Triangle/Plaza,B,2.913,397,40,828,0.0,1.0,0.667,grouped,247,30,-1,0.25,0.75,0.25,grouped,34,220,-1,0.5,0.5,0.5,grouped,180,36,358,0.0,1.0,0.0,grouped,-1,1,-1,1.0,0.0,0.0,robust isolated,2,1,grouped in ≥2
B114,Msgr. McGolrick Park,Neighborhood Park,B,9.134,335,47,689,0.0,0.667,0.667,grouped,370,53,529,0.0,1.0,0.75,grouped,34,220,227,0.0,1.0,1.0,grouped,214,50,438,0.0,1.0,0.667,grouped,-1,1,-1,1.0,0.0,0.0,robust isolated,2,1,grouped in ≥2
B115,Cohn Triangle,Triangle/Plaza,B,0.07,335,47,685,0.0,1.0,1.0,grouped,370,53,529,0.0,1.0,0.75,grouped,34,220,227,0.0,1.0,1.0,grouped,214,50,438,0.0,1.0,1.0,grouped,-1,1,-1,1.0,0.0,0.0,robust isolated,2,1,grouped in ≥2
B116,Zion Triangle,Triangle/Plaza,B,0.213,320,48,635,0.0,1.0,1.0,grouped,311,35,445,0.0,1.0,0.833,grouped,33,183,217,0.0,1.0,1.0,grouped,197,54,-1,0.333,0.667,0.667,grouped,-1,1,-1,1.0,0.0,0.0,robust isolated,2,1,grouped in ≥2
B117,Lindsay Triangle,Triangle/Plaza,B,0.039,340,13,703,0.0,1.0,1.0,grouped,379,7,547,0.0,1.0,0.667,grouped,34,220,227,0.0,1.0,1.0,grouped,230,5,465,0.0,1.0,0.778,grouped,-1,1,-1,1.0,0.0,0.0,robust isolated,2,1,grouped in ≥2
B118A,St. Mary's Park,Recreational Field/Courts,B,0.345,396,18,824,0.0,0.667,0.667,grouped,246,20,352,0.0,1.0,1.0,grouped,31,79,193,0.0,1.0,1.0,grouped,182,18,367,0.0,1.0,0.667,grouped,-1,1,-1,1.0,0.0,0.0,robust isolated,2,1,grouped in ≥2
B118B,St. Mary's Park,Playground,B,0.367,396,18,824,0.0,0.667,0.667,grouped,246,20,352,0.0,1.0,1.0,grouped,31,79,193,0.0,1.0,1.0,grouped,182,18,367,0.0,1.0,0.667,grouped,-1,1,-1,1.0,0.0,0.0,robust isolated,2,1,grouped in ≥2
B121,Dodger Playground,Playground,B,0.293,299,4,-1,0.333,0.667,0.333,grouped,-1,1,-1,0.5,0.5,0.25,unstable,34,220,227,0.0,1.0,1.0,grouped,-1,1,-1,1.0,0.0,0.0,robust isolated,-1,1,-1,1.0,0.0,0.0,robust isolated,0,2,isolated in ≥2
B123,Alben Square,Triangle/Plaza,B,0.005,423,5,886,0.0,1.0,0.667,grouped,241,30,340,0.0,1.0,1.0,grouped,32,149,206,0.0,1.0,1.0,grouped,312,6,615,0.0,1.0,1.0,grouped,-1,1,-1,1.0,0.0,0.0,robust isolated,2,1,grouped in ≥2
B124,William Sheridan Playground,Jointly Operated Playground,B,1.17,335,47,684,0.0,1.0,0.667,grouped,370,53,533,0.0,1.0,1.0,grouped,34,220,227,0.0,1.0,1.0,grouped,216,3,444,0.0,0.667,0.667,grouped,-1,1,-1,1.0,0.0,0.0,robust isolated,2,1,grouped in ≥2
B125,Calvert Vaux Park,Recreational Field/Courts,B,85.527,469,2,958,0.0,0.333,0.333,grouped,-1,1,-1,0.583,0.417,0.375,unstable,32,149,207,0.0,1.0,1.0,grouped,-1,1,-1,0.667,0.333,0.0,unstable,-1,1,-1,1.0,0.0,0.0,robust isolated,0,1,definition-specific
B126,Red Hook Recreation Area,Community Park,B,58.503,396,18,823,0.0,0.667,0.333,grouped,246,20,352,0.0,1.0,0.667,grouped,31,79,193,0.0,1.0,1.0,grouped,182,18,367,0.0,1.0,0.444,grouped,-1,1,-1,1.0,0.0,0.0,robust isolated,2,1,grouped in ≥2
B126A,Todd Triangle,Triangle/Plaza,B,0.035,396,18,823,0.0,0.667,0.333,grouped,-1,1,-1,1.0,0.0,0.0,robust isolated,-1,1,-1,1.0,0.0,0.0,robust isolated,-1,1,-1,1.0,0.0,0.0,robust isolated,-1,1,-1,1.0,0.0,0.0,robust isolated,0,3,isolated in all
B127,Martinez Playground,Recreational Field/Courts,B,1.373,340,13,-1,0.333,0.667,0.667,grouped,370,53,532,0.0,0.583,0.583,grouped,34,220,227,0.0,1.0,1.0,grouped,217,2,-1,0.333,0.333,0.333,grouped,-1,1,-1,1.0,0.0,0.0,robust isolated,2,1,grouped in ≥2
B128,Colonel David Marcus Playground,Playground,B,1.974,-1,1,-1,0.667,0.333,0.333,unstable,277,12,402,0.25,0.75,0.5,grouped,32,149,207,0.0,1.0,1.0,grouped,-1,1,-1,0.667,0.333,0.0,unstable,-1,1,-1,1.0,0.0,0.0,robust isolated,1,1,definition-specific
B129,Kaiser Park,Community Park,B,26.257,439,5,915,0.0,0.667,0.333,grouped,300,12,432,0.0,1.0,0.25,grouped,32,149,207,0.0,1.0,0.5,grouped,325,9,-1,0.333,0.667,0.0,grouped,-1,1,-1,1.0,0.0,0.0,robust isolated,2,1,grouped in ≥2
B130,Greenwood Playground,Neighborhood Park,B,3.39,294,12,571,0.0,1.0,1.0,grouped,254,9,365,0.0,0.75,0.5,grouped,32,149,206,0.0,1.0,1.0,grouped,181,15,360,0.0,1.0,0.0,grouped,-1,1,-1,0.875,0.0,0.0,robust isolated,2,1,grouped in ≥2
B131,Rudd Playground,Playground,B,1.278,320,48,639,0.0,1.0,1.0,grouped,313,59,453,0.0,1.0,0.25,grouped,34,220,-1,0.5,0.5,0.5,grouped,197,54,397,0.0,1.0,0.0,grouped,-1,1,-1,1.0,0.0,0.0,robust isolated,2,1,grouped in ≥2
B132,Gilbert Ramirez Park,Neighborhood Park,B,1.034,341,55,-1,0.333,0.667,0.333,grouped,-1,1,-1,0.583,0.417,0.25,unstable,34,220,227,0.0,1.0,1.0,grouped,-1,1,-1,1.0,0.0,0.0,robust isolated,-1,1,-1,1.0,0.0,0.0,robust isolated,0,2,isolated in ≥2
B135,Newtown Barge Playground,Recreational Field/Courts,B,6.235,336,3,697,0.0,1.0,1.0,grouped,-1,1,-1,0.75,0.25,0.25,unstable,34,220,-1,0.5,0.5,0.0,grouped,-1,1,-1,1.0,0.0,0.0,robust isolated,-1,1,-1,1.0,0.0,0.0,robust isolated,0,2,isolated in ≥2
B137,Sixteen Sycamores Playground,Playground,B,0.567,343,17,740,0.0,1.0,0.667,grouped,380,67,551,0.25,0.75,0.5,grouped,34,220,227,0.0,1.0,1.0,grouped,-1,1,-1,0.667,0.333,0.333,unstable,-1,1,-1,0.875,0.062,0.0,robust isolated,1,1,definition-specific
B139,Heckscher Playground,Playground,B,1.24,344,6,-1,0.333,0.667,0.333,grouped,-1,1,-1,0.583,0.417,0.333,unstable,34,220,227,0.0,1.0,1.0,grouped,-1,1,-1,1.0,0.0,0.0,robust isolated,-1,1,-1,1.0,0.0,0.0,robust isolated,0,2,isolated in ≥2
B140,Banneker Playground,Jointly Operated Playground,B,1.67,341,55,710,0.0,1.0,1.0,grouped,380,67,554,0.0,1.0,1.0,grouped,34,220,227,0.0,1.0,1.0,grouped,231,57,470,0.0,1.0,0.667,grouped,-1,1,-1,0.875,0.125,0.125,robust isolated,2,1,grouped in ≥2
B141,City Line Park,Jointly Operated Playground,B,6.05,311,8,612,0.0,1.0,0.667,grouped,327,50,476,0.0,1.0,0.625,grouped,33,183,217,0.0,1.0,1.0,grouped,188,44,381,0.0,1.0,1.0,grouped,-1,1,-1,1.0,0.0,0.0,robust isolated,2,1,grouped in ≥2
B142,Bedford Playground,Playground,B,0.996,335,47,685,0.0,1.0,1.0,grouped,370,53,529,0.0,1.0,0.75,grouped,34,220,227,0.0,1.0,1.0,grouped,214,50,438,0.0,1.0,1.0,grouped,-1,1,-1,1.0,0.0,0.0,robust isolated,2,1,grouped in ≥2
B144,Ocean Hill Playground,Jointly Operated Playground,B,1.595,320,48,635,0.0,1.0,1.0,grouped,313,59,450,0.0,1.0,1.0,grouped,33,183,219,0.0,1.0,1.0,grouped,197,54,397,0.0,1.0,1.0,grouped,-1,1,-1,1.0,0.0,0.0,robust isolated,2,1,grouped in ≥2
B145,Thomas Greene Playground,Community Park,B,2.525,395,2,-1,0.333,0.333,0.333,grouped,363,4,517,0.0,0.875,0.625,grouped,31,79,193,0.0,1.0,1.0,grouped,234,4,-1,0.333,0.667,0.333,grouped,-1,1,-1,0.875,0.0,0.0,robust isolated,2,1,grouped in ≥2
B146,Quaker Parrot Park at the Dust Bowl,Recreational Field/Courts,B,1.65,424,13,888,0.0,1.0,1.0,grouped,241,30,345,0.0,1.0,0.75,grouped,32,149,206,0.0,1.0,1.0,grouped,315,9,621,0.0,1.0,0.0,grouped,-1,1,-1,1.0,0.0,0.0,robust isolated,2,1,grouped in ≥2
B147,Monsignor Crawford Field,Recreational Field/Courts,B,2.291,463,2,951,0.0,0.333,0.333,grouped,288,6,-1,0.417,0.583,0.333,grouped,32,149,207,0.0,1.0,1.0,grouped,-1,1,-1,0.667,0.333,0.0,unstable,-1,1,-1,0.875,0.0,0.0,robust isolated,1,1,definition-specific
B148,Rolph Henry Playground,Playground,B,0.213,301,2,-1,0.333,0.333,0.333,grouped,-1,1,-1,0.417,0.583,0.542,unstable,34,220,228,0.0,1.0,1.0,grouped,-1,1,-1,0.778,0.222,0.222,unstable,-1,1,-1,0.875,0.0,0.0,robust isolated,0,1,definition-specific
B149A,Elton Playground,Playground,B,0.622,309,39,-1,0.333,0.667,0.667,grouped,327,50,-1,0.333,0.583,0.417,grouped,33,183,217,0.0,1.0,1.0,grouped,189,2,387,0.0,0.333,0.333,grouped,587,2,629,0.25,0.0,0.0,grouped,3,0,grouped in all
B149B,Linwood Playground,Playground,B,0.705,309,39,-1,0.333,0.667,0.667,grouped,327,50,476,0.25,0.75,0.583,grouped,33,183,217,0.0,1.0,1.0,grouped,188,44,-1,0.333,0.667,0.333,grouped,-1,1,-1,1.0,0.0,0.0,robust isolated,2,1,grouped in ≥2
B150,Kolbert Playground,Playground,B,1.581,-1,1,-1,1.0,0.0,0.0,robust isolated,277,12,-1,0.333,0.667,0.333,grouped,32,149,207,0.0,1.0,1.0,grouped,-1,1,-1,0.667,0.333,0.0,unstable,-1,1,-1,1.0,0.0,0.0,robust isolated,1,1,definition-specific
B151,Dome Playground,Neighborhood Park,B,1.385,-1,1,-1,0.667,0.0,0.0,unstable,239,2,-1,0.25,0.25,0.167,grouped,32,149,206,0.0,1.0,1.0,grouped,-1,1,-1,0.667,0.0,0.0,unstable,-1,1,-1,0.875,0.0,0.0,robust isolated,1,1,definition-specific
B152,Rappaport Playground,Neighborhood Park,B,1.148,-1,1,-1,0.667,0.333,0.333,unstable,241,30,340,0.0,1.0,1.0,grouped,32,149,206,0.0,1.0,1.0,grouped,312,6,-1,0.333,0.667,0.667,grouped,-1,1,-1,1.0,0.0,0.0,robust isolated,2,1,grouped in ≥2
B153,South Pacific Playground,Neighborhood Park,B,2.264,320,48,640,0.0,0.667,0.667,grouped,313,59,450,0.0,1.0,1.0,grouped,33,183,219,0.0,1.0,1.0,grouped,197,54,397,0.0,1.0,1.0,grouped,-1,1,-1,0.688,0.062,0.0,unstable,2,0,grouped in ≥2
B154,Berry Playground,Playground,B,0.327,335,47,684,0.0,1.0,0.667,grouped,-1,1,-1,0.75,0.25,0.25,unstable,34,220,-1,0.5,0.5,0.0,grouped,-1,1,-1,1.0,0.0,0.0,robust isolated,-1,1,-1,1.0,0.0,0.0,robust isolated,0,2,isolated in ≥2
B155,Triangle,Triangle/Plaza,B,0.017,310,2,610,0.0,0.333,0.333,grouped,327,50,476,0.0,0.917,0.833,grouped,33,183,217,0.0,1.0,1.0,grouped,190,2,-1,0.333,0.333,0.333,grouped,-1,1,-1,0.75,0.125,0.062,unstable,2,0,grouped in ≥2
B156,Powell Playground,Playground,B,1.024,320,48,635,0.0,1.0,1.0,grouped,311,35,445,0.0,1.0,0.75,grouped,33,183,217,0.0,1.0,1.0,grouped,208,4,425,0.0,1.0,0.333,grouped,-1,1,-1,0.562,0.312,0.0,unstable,2,0,grouped in ≥2
B157,Kelly Park Playground,Jointly Operated Playground,B,1.447,455,4,939,0.0,0.667,0.333,grouped,275,10,395,0.0,1.0,0.417,grouped,32,149,207,0.0,1.0,1.0,grouped,335,3,658,0.0,0.667,0.0,grouped,-1,1,-1,1.0,0.0,0.0,robust isolated,2,1,grouped in ≥2
B158,Garibaldi Playground,Playground,B,0.437,485,2,976,0.0,0.0,0.0,grouped,-1,1,-1,0.667,0.333,0.25,unstable,32,149,207,0.0,1.0,1.0,grouped,-1,1,-1,1.0,0.0,0.0,robust isolated,-1,1,-1,0.875,0.125,0.0,robust isolated,0,2,isolated in ≥2
B159,Mount Prospect Park,Neighborhood Park,B,7.79,300,9,584,0.0,1.0,1.0,grouped,-1,1,-1,0.75,0.25,0.083,unstable,33,183,-1,0.5,0.5,0.5,grouped,-1,1,-1,1.0,0.0,0.0,robust isolated,-1,1,-1,1.0,0.0,0.0,robust isolated,0,2,isolated in ≥2
B160,Ketchum Triangle,Triangle/Plaza,B,0.057,-1,1,-1,0.667,0.333,0.0,unstable,-1,1,-1,0.583,0.417,0.25,unstable,32,149,207,0.0,1.0,1.0,grouped,-1,1,-1,1.0,0.0,0.0,robust isolated,-1,1,-1,1.0,0.0,0.0,robust isolated,0,2,isolated in ≥2
B161,James Forten Playground,Playground,B,0.59,300,9,-1,0.333,0.667,0.667,grouped,380,67,554,0.0,1.0,0.75,grouped,34,220,228,0.0,1.0,1.0,grouped,231,57,474,0.0,0.667,0.333,grouped,-1,1,-1,1.0,0.0,0.0,robust isolated,2,1,grouped in ≥2
B162,Brizzi Playground,Playground,B,0.649,423,5,886,0.0,1.0,0.667,grouped,241,30,340,0.0,1.0,1.0,grouped,32,149,206,0.0,1.0,1.0,grouped,312,6,615,0.0,1.0,1.0,grouped,-1,1,-1,1.0,0.0,0.0,robust isolated,2,1,grouped in ≥2
B163,Sperandeo Brothers Playground,Jointly Operated Playground,B,2.799,309,39,598,0.0,1.0,0.667,grouped,327,50,476,0.0,1.0,1.0,grouped,33,183,217,0.0,1.0,1.0,grouped,188,44,379,0.0,1.0,0.667,grouped,-1,1,-1,1.0,0.0,0.0,robust isolated,2,1,grouped in ≥2
B164,Bath Beach Park,Playground,B,2.964,-1,1,-1,1.0,0.0,0.0,robust isolated,-1,1,-1,0.583,0.417,0.25,unstable,32,149,207,0.0,1.0,1.0,grouped,-1,1,-1,0.667,0.333,0.0,unstable,-1,1,-1,1.0,0.0,0.0,robust isolated,0,1,definition-specific
B165,Spring Creek Park,Nature Area,B,54.963,317,6,620,0.0,1.0,0.333,grouped,324,12,467,0.0,1.0,0.667,grouped,33,183,221,0.0,1.0,1.0,grouped,331,12,645,0.0,0.667,0.333,grouped,-1,1,-1,1.0,0.0,0.0,robust isolated,2,1,grouped in ≥2
B165A,Spring Creek Park,Nature Area,B,2.203,-1,1,-1,0.0,0.0,0.0,unresolved,-1,1,-1,0.0,0.0,0.0,unresolved,-1,1,-1,0.0,0.0,0.0,unresolved,-1,1,-1,0.0,0.0,0.0,unresolved,-1,1,-1,0.0,0.0,0.0,unresolved,0,0,definition-specific
B166B,Homecrest Playground,Playground,B,2.372,-1,1,-1,0.667,0.333,0.0,unstable,-1,1,-1,0.833,0.167,0.167,robust isolated,32,149,207,0.0,1.0,0.5,grouped,-1,1,-1,1.0,0.0,0.0,robust isolated,-1,1,-1,1.0,0.0,0.0,robust isolated,0,3,isolated in all
B166C,Coney Island Boat Basin,Recreational Field/Courts,B,36.81,469,2,958,0.0,0.333,0.0,grouped,-1,1,-1,0.875,0.125,0.0,robust isolated,-1,1,-1,1.0,0.0,0.0,robust isolated,-1,1,-1,1.0,0.0,0.0,robust isolated,-1,1,-1,1.0,0.0,0.0,robust isolated,0,3,isolated in all
B166D,McGuire Fields,Recreational Field/Courts,B,77.181,-1,1,-1,0.667,0.333,0.0,unstable,-1,1,-1,0.75,0.25,0.167,unstable,32,149,-1,0.5,0.5,0.5,grouped,-1,1,-1,1.0,0.0,0.0,robust isolated,-1,1,-1,1.0,0.0,0.0,robust isolated,0,2,isolated in ≥2
B166E,Sixteen Lindens Triangle,Triangle/Plaza,B,0.487,434,3,-1,0.333,0.667,0.0,grouped,-1,1,-1,0.75,0.25,0.167,unstable,32,149,-1,0.5,0.5,0.0,grouped,-1,1,-1,1.0,0.0,0.0,robust isolated,-1,1,-1,1.0,0.0,0.0,robust isolated,0,2,isolated in ≥2
B167,La Guardia Playground,Playground,B,0.406,335,47,681,0.0,1.0,1.0,grouped,370,53,529,0.25,0.75,0.5,grouped,34,220,-1,0.5,0.5,0.5,grouped,214,50,438,0.0,1.0,0.444,grouped,-1,1,-1,1.0,0.0,0.0,robust isolated,2,1,grouped in ≥2
B167A,La Guardia Playground,Recreational Field/Courts,B,0.773,335,47,681,0.0,1.0,1.0,grouped,370,53,529,0.0,1.0,1.0,grouped,34,220,227,0.0,1.0,1.0,grouped,214,50,438,0.0,1.0,1.0,grouped,-1,1,-1,1.0,0.0,0.0,robust isolated,2,1,grouped in ≥2
B168,Continental Army Plaza,Triangle/Plaza,B,0.532,335,47,681,0.0,1.0,1.0,grouped,370,53,529,0.25,0.75,0.5,grouped,34,220,-1,0.5,0.5,0.5,grouped,214,50,438,0.0,1.0,0.444,grouped,-1,1,-1,1.0,0.0,0.0,robust isolated,2,1,grouped in ≥2
B169A,Brighton Playground,Playground,B,1.225,441,5,-1,0.333,0.667,0.333,grouped,300,12,432,0.25,0.75,0.417,grouped,32,149,207,0.0,1.0,1.0,grouped,-1,1,-1,0.333,0.667,0.222,unstable,-1,1,-1,0.875,0.0,0.0,robust isolated,1,1,definition-specific
B169B,Poseidon Playground,Recreational Field/Courts,B,2.944,440,5,919,0.0,1.0,1.0,grouped,300,12,432,0.0,1.0,0.875,grouped,32,149,207,0.0,1.0,1.0,grouped,325,9,633,0.0,1.0,1.0,grouped,-1,1,-1,0.75,0.125,0.0,unstable,2,0,grouped in ≥2
B171,Linden Sitting Area,Triangle/Plaza,B,0.139,328,2,674,0.0,0.333,0.333,grouped,318,2,461,0.0,0.5,0.417,grouped,33,183,217,0.0,1.0,1.0,grouped,366,2,-1,0.333,0.0,0.0,grouped,-1,1,-1,1.0,0.0,0.0,robust isolated,2,1,grouped in ≥2
B172,Heffernan Triangle,Triangle/Plaza,B,0.029,423,5,-1,0.333,0.667,0.667,grouped,241,30,340,0.25,0.75,0.75,grouped,32,149,206,0.0,1.0,1.0,grouped,312,6,615,0.0,1.0,1.0,grouped,-1,1,-1,1.0,0.0,0.0,robust isolated,2,1,grouped in ≥2
B173,Fraser Square,Triangle/Plaza,B,0.667,480,2,-1,0.333,0.333,0.333,grouped,284,2,412,0.0,0.5,0.375,grouped,32,149,207,0.0,1.0,1.0,grouped,343,2,674,0.0,0.333,0.0,grouped,-1,1,-1,1.0,0.0,0.0,robust isolated,2,1,grouped in ≥2
B174,Park,Triangle/Plaza,B,0.061,328,2,674,0.0,0.333,0.333,grouped,-1,1,-1,0.5,0.5,0.417,unstable,33,183,217,0.0,1.0,1.0,grouped,-1,1,-1,0.667,0.333,0.333,unstable,-1,1,-1,0.75,0.0,0.0,unstable,0,0,definition-specific
B175,Dahill Triangle,Triangle/Plaza,B,0.006,454,2,-1,0.333,0.333,0.333,grouped,292,2,424,0.0,0.25,0.25,grouped,32,149,207,0.0,1.0,1.0,grouped,368,2,703,0.0,0.0,0.0,grouped,-1,1,-1,1.0,0.0,0.0,robust isolated,2,1,grouped in ≥2
B176,Trust Triangle,Triangle/Plaza,B,0.078,478,2,-1,0.333,0.0,0.0,grouped,-1,1,-1,0.667,0.25,0.25,unstable,32,149,207,0.0,1.0,1.0,grouped,-1,1,-1,1.0,0.0,0.0,robust isolated,-1,1,-1,1.0,0.0,0.0,robust isolated,0,2,isolated in ≥2
B178,Flatbush Malls,Mall,B,0.73,484,4,975,0.0,1.0,0.667,grouped,266,7,383,0.0,1.0,1.0,grouped,32,149,207,0.0,1.0,1.0,grouped,221,4,451,0.0,1.0,1.0,grouped,-1,1,-1,0.875,0.0,0.0,robust isolated,2,1,grouped in ≥2
B179,Flatbush Malls,Mall,B,0.8,484,4,975,0.0,1.0,0.667,grouped,266,7,383,0.0,1.0,0.167,grouped,32,149,207,0.0,1.0,1.0,grouped,221,4,451,0.0,1.0,0.0,grouped,-1,1,-1,1.0,0.0,0.0,robust isolated,2,1,grouped in ≥2
B180,Flatbush Mall,Mall,B,0.02,484,4,975,0.0,1.0,0.667,grouped,266,7,383,0.0,1.0,1.0,grouped,32,149,207,0.0,1.0,1.0,grouped,221,4,451,0.0,1.0,1.0,grouped,-1,1,-1,1.0,0.0,0.0,robust isolated,2,1,grouped in ≥2
B182,Howard Malls,Triangle/Plaza,B,0.191,319,34,629,0.0,0.667,0.667,grouped,311,35,445,0.0,1.0,1.0,grouped,33,183,217,0.0,1.0,1.0,grouped,209,30,428,0.0,1.0,1.0,grouped,-1,1,-1,0.875,0.0,0.0,robust isolated,2,1,grouped in ≥2
B184,Avenue R Mall,Mall,B,0.258,455,4,-1,0.333,0.667,0.333,grouped,-1,1,-1,0.417,0.583,0.333,unstable,32,149,207,0.0,1.0,1.0,grouped,-1,1,-1,1.0,0.0,0.0,robust isolated,-1,1,-1,1.0,0.0,0.0,robust isolated,0,2,isolated in ≥2
B190,Barone Triangle,Triangle/Plaza,B,0.15,462,3,-1,0.333,0.667,0.667,grouped,288,6,417,0.0,0.75,0.417,grouped,32,149,207,0.0,1.0,1.0,grouped,354,3,686,0.0,1.0,0.0,grouped,-1,1,-1,1.0,0.0,0.0,robust isolated,2,1,grouped in ≥2
B191,Park,Triangle/Plaza,B,0.097,423,5,886,0.0,1.0,0.667,grouped,241,30,340,0.0,1.0,1.0,grouped,32,149,206,0.0,1.0,1.0,grouped,312,6,615,0.0,1.0,1.0,grouped,-1,1,-1,1.0,0.0,0.0,robust isolated,2,1,grouped in ≥2
B192,Russell Pedersen Playground,Jointly Operated Playground,B,1.37,428,4,901,0.0,1.0,0.667,grouped,241,30,344,0.083,0.917,0.667,grouped,32,149,206,0.0,1.0,1.0,grouped,317,3,624,0.0,1.0,0.333,grouped,-1,1,-1,1.0,0.0,0.0,robust isolated,2,1,grouped in ≥2
B192A,Fort Hamilton Athletic Field,Recreational Field/Courts,B,6.02,428,4,901,0.0,1.0,0.667,grouped,241,30,344,0.0,0.833,0.625,grouped,32,149,206,0.0,1.0,1.0,grouped,317,3,624,0.0,1.0,0.333,grouped,-1,1,-1,1.0,0.0,0.0,robust isolated,2,1,grouped in ≥2
B193,Hamilton Metz Field,Neighborhood Park,B,2.112,-1,1,-1,0.667,0.333,0.333,unstable,313,59,450,0.0,0.958,0.417,grouped,33,183,219,0.0,1.0,1.0,grouped,197,54,-1,0.333,0.667,0.0,grouped,-1,1,-1,0.938,0.0,0.0,robust isolated,2,1,grouped in ≥2
B194,Harmony Triangle,Triangle/Plaza,B,0.1,340,13,703,0.0,1.0,1.0,grouped,379,7,547,0.0,1.0,0.708,grouped,34,220,227,0.0,1.0,1.0,grouped,230,5,465,0.0,1.0,0.667,grouped,-1,1,-1,0.875,0.125,0.0,robust isolated,2,1,grouped in ≥2
B196,Pvt. Sonsire Triangle,Triangle/Plaza,B,0.036,335,47,687,0.0,1.0,0.667,grouped,370,53,529,0.0,1.0,1.0,grouped,34,220,227,0.0,1.0,1.0,grouped,214,50,438,0.0,1.0,1.0,grouped,-1,1,-1,0.75,0.25,0.0,unstable,2,0,grouped in ≥2
B197,Mellett Playground,Neighborhood Park,B,1.056,-1,1,-1,0.667,0.333,0.333,unstable,275,10,395,0.0,1.0,0.417,grouped,32,149,207,0.0,1.0,1.0,grouped,335,3,-1,0.333,0.667,0.0,grouped,-1,1,-1,1.0,0.0,0.0,robust isolated,2,1,grouped in ≥2
B200,Elizabeth Stroud Playground,Playground,B,0.29,321,30,651,0.0,1.0,0.667,grouped,313,59,-1,0.208,0.792,0.75,grouped,34,220,227,0.0,1.0,1.0,grouped,-1,1,-1,0.667,0.333,0.333,unstable,-1,1,-1,0.75,0.25,0.188,unstable,1,0,definition-specific
B202,Lithuania Square,Triangle/Plaza,B,0.02,340,13,702,0.0,1.0,1.0,grouped,370,53,529,0.0,1.0,1.0,grouped,34,220,227,0.0,1.0,1.0,grouped,214,50,441,0.0,0.667,0.667,grouped,-1,1,-1,0.625,0.125,0.0,unstable,2,0,grouped in ≥2
B205,Corporal Wiltshire Square,Triangle/Plaza,B,0.051,-1,1,-1,0.667,0.333,0.0,unstable,277,12,399,0.083,0.833,0.417,grouped,32,149,207,0.0,1.0,1.0,grouped,344,2,-1,0.333,0.333,0.0,grouped,-1,1,-1,1.0,0.0,0.0,robust isolated,2,1,grouped in ≥2
B206,Sunners Playground,Playground,B,0.197,-1,1,-1,0.667,0.333,0.0,unstable,270,2,389,0.0,0.417,0.333,grouped,32,149,207,0.0,1.0,1.0,grouped,367,2,-1,0.333,0.0,0.0,grouped,-1,1,-1,1.0,0.0,0.0,robust isolated,2,1,grouped in ≥2
B207,Sarsfield Playground,Playground,B,0.579,480,2,-1,0.333,0.333,0.0,grouped,284,2,412,0.0,0.5,0.25,grouped,32,149,207,0.0,1.0,1.0,grouped,343,2,674,0.0,0.333,0.0,grouped,-1,1,-1,1.0,0.0,0.0,robust isolated,2,1,grouped in ≥2
B208,Pfc Norton Playground,Playground,B,0.55,479,2,969,0.0,0.333,0.333,grouped,285,3,413,0.0,0.833,0.542,grouped,32,149,207,0.0,1.0,1.0,grouped,364,2,697,0.0,0.333,0.333,grouped,-1,1,-1,0.562,0.188,0.0,unstable,2,0,grouped in ≥2
B209,Galapo Playground,Playground,B,0.565,-1,1,-1,0.667,0.333,0.333,unstable,275,10,394,0.0,1.0,0.583,grouped,32,149,207,0.0,1.0,1.0,grouped,336,5,-1,0.333,0.667,0.333,grouped,-1,1,-1,0.875,0.0,0.0,robust isolated,2,1,grouped in ≥2
B210A,John Allen Payne Playground,Playground,B,1.51,424,13,888,0.0,1.0,1.0,grouped,241,30,345,0.0,0.75,0.75,grouped,32,149,206,0.0,1.0,1.0,grouped,315,9,621,0.0,1.0,0.667,grouped,-1,1,-1,1.0,0.0,0.0,robust isolated,2,1,grouped in ≥2
B210B,D'Emic Playground,Playground,B,1.13,427,4,-1,0.333,0.667,0.0,grouped,241,30,341,0.0,1.0,0.5,grouped,32,149,206,0.0,1.0,1.0,grouped,316,4,623,0.0,1.0,0.333,grouped,-1,1,-1,1.0,0.0,0.0,robust isolated,2,1,grouped in ≥2
B210C,Cough Triangle,Triangle/Plaza,B,0.032,396,18,-1,0.333,0.667,0.667,grouped,246,20,352,0.0,1.0,0.75,grouped,31,79,193,0.0,1.0,1.0,grouped,182,18,367,0.0,1.0,0.667,grouped,-1,1,-1,0.875,0.0,0.0,robust isolated,2,1,grouped in ≥2
B210F,Admiral Triangle,Playground,B,0.433,396,18,-1,0.333,0.667,0.667,grouped,246,20,352,0.0,1.0,1.0,grouped,31,79,193,0.0,1.0,1.0,grouped,182,18,367,0.0,1.0,0.667,grouped,-1,1,-1,1.0,0.0,0.0,robust isolated,2,1,grouped in ≥2
B210G,Triangle Three Sixteen,Triangle/Plaza,B,0.28,295,9,-1,0.333,0.667,0.667,grouped,-1,1,-1,0.333,0.667,0.5,unstable,31,79,193,0.0,1.0,1.0,grouped,181,15,-1,0.333,0.667,0.333,grouped,-1,1,-1,0.875,0.0,0.0,robust isolated,1,1,definition-specific
B210H,Harold Ickes Playground,Playground,B,1.816,396,18,822,0.0,1.0,1.0,grouped,246,20,352,0.0,1.0,0.958,grouped,31,79,193,0.0,1.0,1.0,grouped,182,18,365,0.0,1.0,0.778,grouped,-1,1,-1,1.0,0.0,0.0,robust isolated,2,1,grouped in ≥2
B210I,Gonzalo Plasencia Playground,Jointly Operated Playground,B,1.236,427,4,-1,0.333,0.667,0.333,grouped,241,30,341,0.0,1.0,0.667,grouped,32,149,206,0.0,1.0,1.0,grouped,316,4,623,0.0,1.0,0.333,grouped,-1,1,-1,1.0,0.0,0.0,robust isolated,2,1,grouped in ≥2
B210J,Pena Herrera Playground,Jointly Operated Playground,B,0.736,427,4,-1,0.333,0.667,0.333,grouped,241,30,341,0.0,1.0,0.667,grouped,32,149,206,0.0,1.0,1.0,grouped,316,4,623,0.0,1.0,0.333,grouped,-1,1,-1,1.0,0.0,0.0,robust isolated,2,1,grouped in ≥2
B210L,64th Street Community Garden,Strip,B,0.009,424,13,888,0.0,1.0,1.0,grouped,-1,1,-1,0.75,0.25,0.25,unstable,32,149,206,0.0,1.0,1.0,grouped,-1,1,-1,0.889,0.111,0.0,robust isolated,-1,1,-1,1.0,0.0,0.0,robust isolated,0,2,isolated in ≥2
B210M,Park,Strip,B,0.008,424,13,888,0.0,1.0,1.0,grouped,241,30,345,0.0,0.75,0.75,grouped,32,149,206,0.0,1.0,1.0,grouped,315,9,621,0.0,1.0,0.667,grouped,-1,1,-1,1.0,0.0,0.0,robust isolated,2,1,grouped in ≥2
B210N,Park,Strip,B,0.002,424,13,888,0.0,1.0,1.0,grouped,-1,1,-1,0.5,0.5,0.5,unstable,32,149,206,0.0,1.0,1.0,grouped,-1,1,-1,1.0,0.0,0.0,robust isolated,-1,1,-1,1.0,0.0,0.0,robust isolated,0,2,isolated in ≥2
B210O,Park,Strip,B,0.006,424,13,888,0.0,1.0,1.0,grouped,241,30,345,0.0,1.0,0.75,grouped,32,149,206,0.0,1.0,1.0,grouped,315,9,621,0.0,1.0,0.0,grouped,-1,1,-1,1.0,0.0,0.0,robust isolated,2,1,grouped in ≥2
B210P,Dan Ross Playground,Playground,B,0.256,425,7,890,0.0,1.0,1.0,grouped,242,3,-1,0.417,0.583,0.417,grouped,32,149,206,0.0,1.0,1.0,grouped,-1,1,-1,0.667,0.333,0.0,unstable,-1,1,-1,1.0,0.0,0.0,robust isolated,1,1,definition-specific
B210Q,Park,Strip,B,0.004,425,7,890,0.0,1.0,1.0,grouped,242,3,347,0.167,0.667,0.417,grouped,32,149,207,0.0,1.0,1.0,grouped,313,3,617,0.0,0.667,0.333,grouped,-1,1,-1,0.625,0.125,0.0,unstable,2,0,grouped in ≥2
B210R,Park,Strip,B,0.004,425,7,890,0.0,1.0,0.667,grouped,-1,1,-1,0.75,0.25,0.167,unstable,32,149,-1,0.5,0.5,0.0,grouped,-1,1,-1,1.0,0.0,0.0,robust isolated,-1,1,-1,1.0,0.0,0.0,robust isolated,0,2,isolated in ≥2
B210S,Park,Strip,B,0.004,425,7,890,0.0,1.0,0.667,grouped,235,2,332,0.0,0.25,0.25,grouped,32,149,207,0.0,1.0,1.0,grouped,369,2,704,0.0,0.0,0.0,grouped,-1,1,-1,0.75,0.0,0.0,unstable,2,0,grouped in ≥2
B210T,Park,Strip,B,0.004,425,7,890,0.0,1.0,0.667,grouped,235,2,332,0.0,0.25,0.25,grouped,32,149,207,0.0,1.0,1.0,grouped,369,2,704,0.0,0.0,0.0,grouped,-1,1,-1,0.75,0.0,0.0,unstable,2,0,grouped in ≥2
B210U,Park,Strip,B,0.002,426,7,-1,0.333,0.667,0.333,grouped,234,2,-1,0.5,0.25,0.25,grouped,32,149,-1,0.5,0.5,0.5,grouped,-1,1,-1,1.0,0.0,0.0,robust isolated,-1,1,-1,1.0,0.0,0.0,robust isolated,1,2,isolated in ≥2
B210V,Park,Parkway,B,0.586,426,7,-1,0.333,0.667,0.333,grouped,234,2,-1,0.5,0.25,0.25,grouped,-1,1,-1,1.0,0.0,0.0,robust isolated,-1,1,-1,1.0,0.0,0.0,robust isolated,-1,1,-1,1.0,0.0,0.0,robust isolated,1,2,isolated in ≥2
B210W,John J Carty Park,Neighborhood Park,B,8.565,426,7,892,0.0,1.0,0.667,grouped,241,30,343,0.0,1.0,0.667,grouped,32,149,206,0.0,1.0,1.0,grouped,314,5,619,0.0,1.0,0.333,grouped,-1,1,-1,0.75,0.0,0.0,unstable,2,0,grouped in ≥2
B211,Lady Moody Triangle,Triangle/Plaza,B,0.052,-1,1,-1,0.667,0.333,0.333,unstable,277,12,400,0.0,1.0,0.792,grouped,32,149,207,0.0,1.0,1.0,grouped,342,4,-1,0.333,0.667,0.333,grouped,-1,1,-1,1.0,0.0,0.0,robust isolated,2,1,grouped in ≥2
B212,Hot Spot Tot Lot,Playground,B,0.322,484,4,975,0.0,1.0,0.667,grouped,266,7,383,0.0,1.0,1.0,grouped,32,149,207,0.0,1.0,1.0,grouped,221,4,451,0.0,1.0,1.0,grouped,-1,1,-1,1.0,0.0,0.0,robust isolated,2,1,grouped in ≥2
B213,Gravesend Triangle,Triangle/Plaza,B,0.06,-1,1,-1,0.667,0.333,0.333,unstable,275,10,-1,0.417,0.583,0.25,grouped,32,149,207,0.0,1.0,1.0,grouped,-1,1,-1,0.778,0.222,0.0,unstable,-1,1,-1,1.0,0.0,0.0,robust isolated,1,1,definition-specific
B214,Linden Park,Jointly Operated Playground,B,9.322,325,2,669,0.0,0.333,0.333,grouped,324,12,468,0.0,1.0,1.0,grouped,33,183,217,0.0,1.0,1.0,grouped,331,12,646,0.0,0.667,0.667,grouped,-1,1,-1,0.938,0.0,0.0,robust isolated,2,1,grouped in ≥2
B215,Decatur Playground,Jointly Operated Playground,B,1.5,321,30,-1,0.333,0.667,0.333,grouped,312,3,448,0.25,0.75,0.417,grouped,34,220,227,0.0,1.0,1.0,grouped,199,3,-1,0.333,0.667,0.0,grouped,455,3,487,0.25,0.625,0.062,grouped,3,0,grouped in all
B216,Raymond Bush Playground,Jointly Operated Playground,B,2.015,341,55,-1,0.333,0.667,0.333,grouped,380,67,554,0.0,1.0,1.0,grouped,34,220,227,0.0,1.0,1.0,grouped,231,57,470,0.0,1.0,0.667,grouped,504,3,542,0.125,0.625,0.125,grouped,3,0,grouped in all
B217,Marcy Playground,Community Park,B,3.201,341,55,709,0.0,1.0,1.0,grouped,380,67,554,0.0,1.0,1.0,grouped,34,220,227,0.0,1.0,1.0,grouped,231,57,470,0.0,1.0,0.667,grouped,-1,1,-1,1.0,0.0,0.0,robust isolated,2,1,grouped in ≥2
B218,Paerdegat Park,Community Park,B,3.56,444,2,-1,0.333,0.333,0.0,grouped,283,3,411,0.0,1.0,0.167,grouped,32,149,207,0.0,1.0,1.0,grouped,341,3,669,0.0,0.667,0.0,grouped,-1,1,-1,1.0,0.0,0.0,robust isolated,2,1,grouped in ≥2
B219,Callahan-Kelly Playground,Community Park,B,3.461,320,48,639,0.0,1.0,0.667,grouped,313,59,453,0.0,1.0,1.0,grouped,33,183,219,0.0,1.0,1.0,grouped,197,54,397,0.0,1.0,0.667,grouped,-1,1,-1,0.875,0.125,0.125,robust isolated,2,1,grouped in ≥2
B220,Washington Hall Park,Playground,B,0.901,341,55,-1,0.333,0.667,0.333,grouped,380,67,554,0.0,1.0,0.833,grouped,34,220,227,0.0,1.0,1.0,grouped,231,57,-1,0.333,0.667,0.333,grouped,-1,1,-1,0.5,0.25,0.0,unstable,2,0,grouped in ≥2
B221,Steuben Playground,Neighborhood Park,B,1.171,341,55,716,0.0,1.0,1.0,grouped,379,7,548,0.0,0.75,0.583,grouped,34,220,227,0.0,1.0,1.0,grouped,214,50,-1,0.0,1.0,0.333,grouped,485,2,-1,0.312,0.438,0.0,grouped,3,0,grouped in all
B222,Pierrepont Playground,Playground,B,0.503,397,40,829,0.0,1.0,1.0,grouped,247,30,354,0.0,1.0,1.0,grouped,31,79,193,0.0,1.0,1.0,grouped,180,36,358,0.0,1.0,1.0,grouped,-1,1,-1,0.625,0.375,0.25,unstable,2,0,grouped in ≥2
B223A,Dimattina Playground,Recreational Field/Courts,B,1.38,396,18,822,0.0,1.0,0.667,grouped,246,20,352,0.125,0.875,0.833,grouped,31,79,193,0.0,1.0,1.0,grouped,182,18,367,0.0,1.0,0.667,grouped,-1,1,-1,1.0,0.0,0.0,robust isolated,2,1,grouped in ≥2
B223B,Dimattina Playground,Playground,B,0.52,396,18,822,0.0,1.0,0.667,grouped,-1,1,-1,0.75,0.25,0.167,unstable,31,79,-1,0.5,0.5,0.0,grouped,-1,1,-1,1.0,0.0,0.0,robust isolated,-1,1,-1,1.0,0.0,0.0,robust isolated,0,2,isolated in ≥2
B223C,Park,Strip,B,0.003,396,18,822,0.0,1.0,1.0,grouped,246,20,352,0.0,1.0,0.958,grouped,31,79,193,0.0,1.0,1.0,grouped,182,18,365,0.0,1.0,0.778,grouped,-1,1,-1,1.0,0.0,0.0,robust isolated,2,1,grouped in ≥2
B223DA,Adam Yauch Park,Playground,B,1.363,397,40,829,0.0,1.0,1.0,grouped,247,30,354,0.0,1.0,1.0,grouped,31,79,193,0.0,1.0,1.0,grouped,180,36,358,0.0,1.0,1.0,grouped,-1,1,-1,0.688,0.312,0.25,unstable,2,0,grouped in ≥2
B223DB,Brooklyn Heights Promenade,Triangle/Plaza,B,0.026,397,40,829,0.0,1.0,1.0,grouped,247,30,354,0.0,1.0,1.0,grouped,31,79,193,0.0,1.0,1.0,grouped,180,36,358,0.0,1.0,1.0,grouped,592,8,-1,0.375,0.625,0.5,grouped,3,0,grouped in all
B223DC,Brooklyn Heights Promenade,Triangle/Plaza,B,0.04,397,40,829,0.0,1.0,1.0,grouped,247,30,354,0.0,1.0,1.0,grouped,31,79,193,0.0,1.0,1.0,grouped,180,36,358,0.0,1.0,1.0,grouped,592,8,-1,0.375,0.625,0.5,grouped,3,0,grouped in all
B223DD,Brooklyn Heights Promenade,Triangle/Plaza,B,0.108,397,40,829,0.0,1.0,1.0,grouped,247,30,354,0.0,1.0,1.0,grouped,31,79,193,0.0,1.0,1.0,grouped,180,36,358,0.0,1.0,1.0,grouped,-1,1,-1,0.875,0.125,0.125,robust isolated,2,1,grouped in ≥2
B223DE,Brooklyn Heights Promenade,Triangle/Plaza,B,0.21,397,40,829,0.0,1.0,1.0,grouped,247,30,354,0.0,1.0,1.0,grouped,31,79,193,0.0,1.0,1.0,grouped,180,36,358,0.0,1.0,1.0,grouped,-1,1,-1,0.875,0.125,0.125,robust isolated,2,1,grouped in ≥2
B223DF,Brooklyn Heights Promenade,Triangle/Plaza,B,0.08,397,40,829,0.0,1.0,1.0,grouped,247,30,354,0.0,1.0,1.0,grouped,31,79,193,0.0,1.0,1.0,grouped,180,36,358,0.0,1.0,1.0,grouped,-1,1,-1,0.875,0.125,0.125,robust isolated,2,1,grouped in ≥2
B223DG,Brooklyn Heights Promenade,Triangle/Plaza,B,0.32,397,40,829,0.0,1.0,1.0,grouped,247,30,354,0.0,1.0,1.0,grouped,31,79,193,0.0,1.0,1.0,grouped,180,36,358,0.0,1.0,1.0,grouped,592,8,-1,0.5,0.5,0.5,grouped,3,0,grouped in all
B223DH,Brooklyn Heights Promenade,Triangle/Plaza,B,0.093,397,40,829,0.0,1.0,1.0,grouped,247,30,354,0.0,1.0,1.0,grouped,31,79,193,0.0,1.0,1.0,grouped,180,36,358,0.0,1.0,1.0,grouped,592,8,-1,0.5,0.5,0.5,grouped,3,0,grouped in all
B223DI,Brooklyn Heights Promenade,Triangle/Plaza,B,0.138,397,40,829,0.0,1.0,1.0,grouped,247,30,354,0.0,1.0,1.0,grouped,31,79,193,0.0,1.0,1.0,grouped,180,36,358,0.0,1.0,1.0,grouped,592,8,-1,0.5,0.5,0.5,grouped,3,0,grouped in all
B223DJ,Brooklyn Heights Promenade,Triangle/Plaza,B,0.09,397,40,829,0.0,1.0,1.0,grouped,247,30,354,0.0,1.0,1.0,grouped,31,79,193,0.0,1.0,1.0,grouped,180,36,358,0.0,1.0,1.0,grouped,592,8,-1,0.375,0.625,0.5,grouped,3,0,grouped in all
B223DK,Brooklyn Heights Promenade,Triangle/Plaza,B,1.093,397,40,829,0.0,1.0,1.0,grouped,247,30,354,0.0,1.0,1.0,grouped,31,79,193,0.0,1.0,1.0,grouped,180,36,358,0.0,1.0,1.0,grouped,-1,1,-1,0.875,0.125,0.125,robust isolated,2,1,grouped in ≥2
B223E,Fruit Street Sitting Area,Triangle/Plaza,B,0.92,397,40,829,0.0,1.0,1.0,grouped,247,30,354,0.0,1.0,1.0,grouped,31,79,193,0.0,1.0,1.0,grouped,180,36,358,0.0,1.0,1.0,grouped,592,8,-1,0.5,0.5,0.5,grouped,3,0,grouped in all
B223F,Squibb Park,Neighborhood Park,B,0.626,397,40,829,0.0,1.0,1.0,grouped,247,30,354,0.0,1.0,1.0,grouped,31,79,193,0.0,1.0,1.0,grouped,180,36,358,0.0,1.0,1.0,grouped,592,8,-1,0.5,0.5,0.5,grouped,3,0,grouped in all
B223G,Hillside Dog Park,Neighborhood Park,B,2.06,397,40,829,0.0,1.0,1.0,grouped,247,30,354,0.0,1.0,1.0,grouped,31,79,193,0.0,1.0,0.5,grouped,180,36,358,0.0,1.0,1.0,grouped,-1,1,-1,1.0,0.0,0.0,robust isolated,2,1,grouped in ≥2
B223H,Harry Chapin Playground,Playground,B,0.3,397,40,829,0.0,1.0,1.0,grouped,247,30,354,0.0,1.0,1.0,grouped,31,79,193,0.0,1.0,0.5,grouped,180,36,358,0.0,1.0,1.0,grouped,-1,1,-1,1.0,0.0,0.0,robust isolated,2,1,grouped in ≥2
B223I,Anchorage Plaza,Triangle/Plaza,B,2.2,397,40,828,0.0,1.0,1.0,grouped,247,30,354,0.0,1.0,1.0,grouped,31,79,-1,0.5,0.5,0.5,grouped,180,36,358,0.0,1.0,1.0,grouped,-1,1,-1,1.0,0.0,0.0,robust isolated,2,1,grouped in ≥2
B223IA,Clumber Corner,Parkway,B,0.947,397,40,828,0.0,1.0,1.0,grouped,247,30,354,0.0,1.0,1.0,grouped,31,79,-1,0.5,0.5,0.5,grouped,180,36,358,0.0,1.0,1.0,grouped,-1,1,-1,1.0,0.0,0.0,robust isolated,2,1,grouped in ≥2
B223IB,Bar and Grill Park,Parkway,B,0.489,397,40,828,0.0,1.0,1.0,grouped,247,30,354,0.0,1.0,0.75,grouped,31,79,194,0.0,0.5,0.0,grouped,180,36,358,0.0,1.0,1.0,grouped,-1,1,-1,1.0,0.0,0.0,robust isolated,2,1,grouped in ≥2
B223IC,Park,Triangle/Plaza,B,0.047,397,40,828,0.0,1.0,1.0,grouped,-1,1,-1,0.75,0.25,0.25,unstable,-1,1,-1,1.0,0.0,0.0,robust isolated,-1,1,-1,1.0,0.0,0.0,robust isolated,-1,1,-1,1.0,0.0,0.0,robust isolated,0,2,isolated in ≥2
B223JA,Park,Triangle/Plaza,B,0.09,397,40,828,0.0,1.0,1.0,grouped,-1,1,-1,0.5,0.5,0.375,unstable,-1,1,-1,1.0,0.0,0.0,robust isolated,-1,1,-1,1.0,0.0,0.0,robust isolated,-1,1,-1,1.0,0.0,0.0,robust isolated,0,2,isolated in ≥2
B223JB,Susan Smith McKinney Steward Park,Playground,B,1.884,397,40,828,0.0,1.0,1.0,grouped,247,30,354,0.0,1.0,1.0,grouped,31,79,-1,0.5,0.5,0.5,grouped,180,36,358,0.0,1.0,1.0,grouped,-1,1,-1,1.0,0.0,0.0,robust isolated,2,1,grouped in ≥2
B223JC,Bridge Park 3,Recreational Field/Courts,B,1.934,397,40,828,0.0,1.0,1.0,grouped,247,30,354,0.0,1.0,1.0,grouped,31,79,-1,0.5,0.5,0.5,grouped,180,36,358,0.0,1.0,1.0,grouped,-1,1,-1,1.0,0.0,0.0,robust isolated,2,1,grouped in ≥2
B223JD,Maritcha R. Lyons Park,Triangle/Plaza,B,0.233,397,40,828,0.0,1.0,1.0,grouped,247,30,354,0.0,1.0,1.0,grouped,31,79,-1,0.5,0.5,0.5,grouped,180,36,358,0.0,1.0,1.0,grouped,-1,1,-1,1.0,0.0,0.0,robust isolated,2,1,grouped in ≥2
B223K,Trinity Park,Parkway,B,6.3,397,40,828,0.0,1.0,1.0,grouped,380,67,554,0.0,1.0,1.0,grouped,34,220,227,0.0,1.0,1.0,grouped,180,36,357,0.0,1.0,1.0,grouped,-1,1,-1,0.688,0.312,0.0,unstable,2,0,grouped in ≥2
B223MA,Arbor Place,Triangle/Plaza,B,0.068,397,40,828,0.0,1.0,0.667,grouped,380,67,554,0.0,1.0,0.833,grouped,34,220,227,0.0,1.0,1.0,grouped,180,36,357,0.0,1.0,0.667,grouped,-1,1,-1,0.625,0.188,0.0,unstable,2,0,grouped in ≥2
B223NA,Classon Playground,Playground,B,2.982,341,55,716,0.0,1.0,1.0,grouped,379,7,548,0.0,0.75,0.667,grouped,34,220,227,0.0,1.0,1.0,grouped,214,50,436,0.0,1.0,0.667,grouped,-1,1,-1,1.0,0.0,0.0,robust isolated,2,1,grouped in ≥2
B223NB,Classon Triangle,Triangle/Plaza,B,0.206,341,55,716,0.0,1.0,1.0,grouped,-1,1,-1,0.5,0.5,0.5,unstable,34,220,227,0.0,1.0,1.0,grouped,-1,1,-1,0.444,0.556,0.222,unstable,-1,1,-1,1.0,0.0,0.0,robust isolated,0,1,definition-specific
B223NC,Penn Triangle,Playground,B,0.183,340,13,-1,0.0,1.0,1.0,grouped,379,7,548,0.25,0.75,0.667,grouped,34,220,227,0.0,1.0,1.0,grouped,214,50,436,0.0,1.0,0.667,grouped,-1,1,-1,1.0,0.0,0.0,robust isolated,2,1,grouped in ≥2
B223OB,Marcy Park South,Recreational Field/Courts,B,0.357,335,47,681,0.0,1.0,1.0,grouped,370,53,529,0.0,1.0,1.0,grouped,34,220,227,0.0,1.0,1.0,grouped,214,50,438,0.0,1.0,1.0,grouped,-1,1,-1,1.0,0.0,0.0,robust isolated,2,1,grouped in ≥2
B223OC,Rodney Park South,Recreational Field/Courts,B,0.392,335,47,681,0.0,1.0,1.0,grouped,370,53,529,0.0,1.0,1.0,grouped,34,220,227,0.0,1.0,1.0,grouped,214,50,438,0.0,1.0,1.0,grouped,-1,1,-1,1.0,0.0,0.0,robust isolated,2,1,grouped in ≥2
B223PA,Rodney Park Center,Recreational Field/Courts,B,0.237,335,47,681,0.0,1.0,1.0,grouped,370,53,529,0.0,1.0,1.0,grouped,34,220,227,0.0,1.0,1.0,grouped,214,50,438,0.0,1.0,1.0,grouped,-1,1,-1,1.0,0.0,0.0,robust isolated,2,1,grouped in ≥2
B223PB,Rodney Park North,Recreational Field/Courts,B,0.37,335,47,681,0.0,1.0,1.0,grouped,370,53,529,0.0,1.0,1.0,grouped,34,220,227,0.0,1.0,1.0,grouped,214,50,438,0.0,1.0,1.0,grouped,-1,1,-1,1.0,0.0,0.0,robust isolated,2,1,grouped in ≥2
B223PC,Strawberry Playground,Playground,B,0.319,335,47,681,0.0,1.0,1.0,grouped,370,53,529,0.0,1.0,1.0,grouped,34,220,227,0.0,1.0,1.0,grouped,214,50,438,0.0,1.0,1.0,grouped,-1,1,-1,0.875,0.125,0.0,robust isolated,2,1,grouped in ≥2
B223PD,Rodney Playground Center,Neighborhood Park,B,0.189,335,47,681,0.0,1.0,1.0,grouped,370,53,529,0.0,1.0,1.0,grouped,34,220,227,0.0,1.0,1.0,grouped,214,50,438,0.0,1.0,1.0,grouped,-1,1,-1,1.0,0.0,0.0,robust isolated,2,1,grouped in ≥2
B223PE,Blue Playground,Playground,B,0.29,335,47,681,0.0,1.0,1.0,grouped,370,53,529,0.0,1.0,1.0,grouped,34,220,227,0.0,1.0,1.0,grouped,214,50,438,0.0,1.0,1.0,grouped,-1,1,-1,1.0,0.0,0.0,robust isolated,2,1,grouped in ≥2
B223QA,Marcy Green South,Triangle/Plaza,B,0.104,335,47,681,0.0,1.0,1.0,grouped,370,53,529,0.0,1.0,1.0,grouped,34,220,227,0.0,1.0,1.0,grouped,214,50,438,0.0,1.0,1.0,grouped,-1,1,-1,1.0,0.0,0.0,robust isolated,2,1,grouped in ≥2
B223QB,Marcy Green Center,Triangle/Plaza,B,0.195,335,47,681,0.0,1.0,1.0,grouped,370,53,529,0.0,1.0,1.0,grouped,34,220,227,0.0,1.0,1.0,grouped,214,50,438,0.0,1.0,1.0,grouped,-1,1,-1,1.0,0.0,0.0,robust isolated,2,1,grouped in ≥2
B223QC,Marcy Green North,Triangle/Plaza,B,0.137,335,47,681,0.0,1.0,1.0,grouped,370,53,529,0.0,1.0,1.0,grouped,34,220,227,0.0,1.0,1.0,grouped,214,50,438,0.0,1.0,1.0,grouped,-1,1,-1,1.0,0.0,0.0,robust isolated,2,1,grouped in ≥2
B223R,Jaime Campiz Playground,Playground,B,0.752,335,47,687,0.0,1.0,0.667,grouped,370,53,529,0.0,1.0,0.917,grouped,34,220,227,0.0,1.0,1.0,grouped,214,50,438,0.0,1.0,1.0,grouped,-1,1,-1,0.625,0.25,0.0,unstable,2,0,grouped in ≥2
B223S,Macri Triangle,Triangle/Plaza,B,0.57,335,47,687,0.0,1.0,0.667,grouped,370,53,529,0.0,1.0,1.0,grouped,34,220,227,0.0,1.0,1.0,grouped,214,50,438,0.0,1.0,1.0,grouped,-1,1,-1,1.0,0.0,0.0,robust isolated,2,1,grouped in ≥2
B223T,Father Giorgio Triangle,Triangle/Plaza,B,0.067,335,47,687,0.0,1.0,0.667,grouped,370,53,529,0.0,1.0,1.0,grouped,34,220,227,0.0,1.0,1.0,grouped,214,50,438,0.0,1.0,1.0,grouped,-1,1,-1,1.0,0.0,0.0,robust isolated,2,1,grouped in ≥2
B223U,Lentol Garden,Triangle/Plaza,B,0.762,335,47,-1,0.333,0.667,0.667,grouped,370,53,529,0.25,0.75,0.75,grouped,34,220,227,0.0,1.0,1.0,grouped,214,50,438,0.0,1.0,0.667,grouped,-1,1,-1,1.0,0.0,0.0,robust isolated,2,1,grouped in ≥2
B223V,Badame Sessa Triangle,Triangle/Plaza,B,0.067,335,47,687,0.0,1.0,0.667,grouped,370,53,529,0.0,1.0,1.0,grouped,34,220,227,0.0,1.0,1.0,grouped,214,50,438,0.0,1.0,1.0,grouped,-1,1,-1,1.0,0.0,0.0,robust isolated,2,1,grouped in ≥2
B224,P.O. Reinaldo Salgado Playground,Neighborhood Park,B,2.289,321,30,653,0.0,1.0,1.0,grouped,380,67,550,0.0,1.0,0.833,grouped,34,220,227,0.0,1.0,1.0,grouped,232,4,488,0.0,1.0,0.333,grouped,504,3,-1,0.375,0.625,0.312,grouped,3,0,grouped in all
B224A,Citizens For A Better Community,Garden,B,0.299,321,30,653,0.0,1.0,1.0,grouped,380,67,550,0.0,1.0,0.75,grouped,34,220,227,0.0,1.0,1.0,grouped,232,4,488,0.0,1.0,0.333,grouped,505,2,-1,0.5,0.5,0.25,grouped,3,0,grouped in all
B225,St. Andrew's Playground,Neighborhood Park,B,3.38,322,2,663,0.0,0.333,0.333,grouped,313,59,450,0.0,1.0,0.792,grouped,34,220,228,0.0,1.0,1.0,grouped,197,54,398,0.0,0.667,0.333,grouped,-1,1,-1,1.0,0.0,0.0,robust isolated,2,1,grouped in ≥2
B226,Mt. Carmel Triangle,Triangle/Plaza,B,0.102,335,47,687,0.0,1.0,0.667,grouped,370,53,529,0.0,1.0,1.0,grouped,34,220,227,0.0,1.0,1.0,grouped,214,50,438,0.0,1.0,1.0,grouped,-1,1,-1,0.625,0.25,0.0,unstable,2,0,grouped in ≥2
B227,P.S. 125 Playground,Playground,B,0.208,319,34,-1,0.333,0.667,0.667,grouped,311,35,445,0.0,1.0,1.0,grouped,33,183,217,0.0,1.0,1.0,grouped,209,30,428,0.0,1.0,0.667,grouped,-1,1,-1,0.875,0.062,0.0,robust isolated,2,1,grouped in ≥2
B228,Dr. Green Playground,Playground,B,1.791,319,34,627,0.0,1.0,0.667,grouped,311,35,445,0.0,1.0,1.0,grouped,33,183,217,0.0,1.0,1.0,grouped,209,30,428,0.0,1.0,1.0,grouped,-1,1,-1,0.688,0.312,0.188,unstable,2,0,grouped in ≥2
B229,Triangle,Triangle/Plaza,B,0.019,463,2,951,0.0,0.333,0.333,grouped,-1,1,-1,0.583,0.417,0.333,unstable,32,149,207,0.0,1.0,1.0,grouped,-1,1,-1,1.0,0.0,0.0,robust isolated,-1,1,-1,1.0,0.0,0.0,robust isolated,0,2,isolated in ≥2
B230,Nicholas Naquan Heyward Jr. Park,Neighborhood Park,B,1.041,399,2,833,0.0,0.333,0.333,grouped,-1,1,-1,0.75,0.25,0.25,unstable,31,79,193,0.0,1.0,1.0,grouped,-1,1,-1,1.0,0.0,0.0,robust isolated,-1,1,-1,1.0,0.0,0.0,robust isolated,0,2,isolated in ≥2
B231,Samuel Goldberg Triangle,Triangle/Plaza,B,0.015,454,2,-1,0.333,0.333,0.333,grouped,292,2,424,0.0,0.25,0.25,grouped,32,149,207,0.0,1.0,1.0,grouped,368,2,703,0.0,0.0,0.0,grouped,-1,1,-1,1.0,0.0,0.0,robust isolated,2,1,grouped in ≥2
B232,Dean Playground,Neighborhood Park,B,1.3,343,17,-1,0.333,0.667,0.333,grouped,367,2,-1,0.375,0.625,0.417,grouped,31,79,-1,0.0,1.0,1.0,grouped,-1,1,-1,1.0,0.0,0.0,robust isolated,-1,1,-1,0.875,0.062,0.0,robust isolated,1,2,isolated in ≥2
B233,Park,Triangle/Plaza,B,0.312,397,40,828,0.0,1.0,1.0,grouped,-1,1,-1,0.417,0.583,0.375,unstable,31,79,-1,0.5,0.5,0.5,grouped,180,36,357,0.0,1.0,0.0,grouped,-1,1,-1,1.0,0.0,0.0,robust isolated,1,1,definition-specific
B234,Tilden Playground,Neighborhood Park,B,1.19,-1,1,-1,1.0,0.0,0.0,robust isolated,-1,1,-1,0.833,0.167,0.167,robust isolated,32,149,207,0.0,1.0,1.0,grouped,-1,1,-1,1.0,0.0,0.0,robust isolated,-1,1,-1,1.0,0.0,0.0,robust isolated,0,3,isolated in all
B235,Herman Dolgon Playground,Neighborhood Park,B,1.894,-1,1,-1,0.667,0.333,0.333,unstable,275,10,394,0.0,1.0,0.208,grouped,32,149,207,0.0,1.0,1.0,grouped,336,5,-1,0.333,0.667,0.0,grouped,-1,1,-1,1.0,0.0,0.0,robust isolated,2,1,grouped in ≥2
B236,Glenwood Playground,Neighborhood Park,B,1.43,-1,1,-1,0.667,0.333,0.333,unstable,269,3,-1,0.333,0.667,0.417,grouped,32,149,207,0.0,1.0,1.0,grouped,-1,1,-1,0.667,0.222,0.0,unstable,-1,1,-1,1.0,0.0,0.0,robust isolated,1,1,definition-specific
B237,John Hancock Playground,Jointly Operated Playground,B,1.547,346,8,-1,0.333,0.667,0.667,grouped,380,67,554,0.0,1.0,1.0,grouped,34,220,227,0.0,1.0,1.0,grouped,231,57,-1,0.333,0.667,0.667,grouped,-1,1,-1,0.812,0.125,0.0,robust isolated,2,1,grouped in ≥2
B239,Sheepshead Playground,Jointly Operated Playground,B,2.087,435,3,911,0.0,1.0,0.333,grouped,273,2,392,0.0,0.5,0.5,grouped,32,149,207,0.0,1.0,1.0,grouped,324,2,-1,0.333,0.0,0.0,grouped,-1,1,-1,1.0,0.0,0.0,robust isolated,2,1,grouped in ≥2
B240,Tucker Place,Triangle/Plaza,B,0.155,434,3,909,0.0,0.667,0.333,grouped,-1,1,-1,0.833,0.167,0.167,robust isolated,32,149,207,0.0,1.0,0.5,grouped,-1,1,-1,1.0,0.0,0.0,robust isolated,-1,1,-1,1.0,0.0,0.0,robust isolated,0,3,isolated in all
B242,Meucci Triangle,Triangle/Plaza,B,0.045,468,3,957,0.0,1.0,0.667,grouped,277,12,400,0.0,1.0,0.833,grouped,32,149,207,0.0,1.0,1.0,grouped,342,4,671,0.0,0.667,0.333,grouped,-1,1,-1,1.0,0.0,0.0,robust isolated,2,1,grouped in ≥2
B243,Golconda Playground,Neighborhood Park,B,1.5,397,40,828,0.0,1.0,1.0,grouped,380,67,554,0.0,1.0,1.0,grouped,34,220,227,0.0,1.0,1.0,grouped,180,36,357,0.0,1.0,1.0,grouped,-1,1,-1,0.625,0.312,0.0,unstable,2,0,grouped in ≥2
B244,McDonald Playground,Neighborhood Park,B,3.485,-1,1,-1,0.667,0.333,0.333,unstable,276,2,-1,0.417,0.583,0.333,grouped,32,149,207,0.0,1.0,1.0,grouped,-1,1,-1,1.0,0.0,0.0,robust isolated,-1,1,-1,0.875,0.0,0.0,robust isolated,1,2,isolated in ≥2
B245,St. John's Park,Community Park,B,9.04,321,30,651,0.0,1.0,0.667,grouped,313,59,450,0.0,1.0,1.0,grouped,33,183,219,0.0,1.0,1.0,grouped,197,54,408,0.0,1.0,1.0,grouped,-1,1,-1,1.0,0.0,0.0,robust isolated,2,1,grouped in ≥2
B246,Jerome Playground,Jointly Operated Playground,B,0.694,317,6,-1,0.333,0.667,0.333,grouped,324,12,468,0.0,1.0,0.875,grouped,33,183,217,0.0,1.0,1.0,grouped,331,12,644,0.0,1.0,0.667,grouped,-1,1,-1,1.0,0.0,0.0,robust isolated,2,1,grouped in ≥2
B247,Breukelen Ballfields,Community Park,B,16.16,324,4,666,0.0,0.667,0.333,grouped,324,12,468,0.0,1.0,1.0,grouped,33,183,217,0.0,1.0,1.0,grouped,331,12,-1,0.333,0.667,0.667,grouped,-1,1,-1,1.0,0.0,0.0,robust isolated,2,1,grouped in ≥2
B248,Fox Playground,Jointly Operated Playground,B,2.27,-1,1,-1,0.667,0.333,0.0,unstable,270,2,389,0.0,0.417,0.333,grouped,32,149,207,0.0,1.0,1.0,grouped,367,2,-1,0.333,0.0,0.0,grouped,-1,1,-1,1.0,0.0,0.0,robust isolated,2,1,grouped in ≥2
B249,Van Dyke Playground,Neighborhood Park,B,1.398,319,34,-1,0.333,0.667,0.667,grouped,311,35,445,0.0,1.0,0.25,grouped,33,183,217,0.0,1.0,1.0,grouped,209,30,-1,0.333,0.667,0.0,grouped,-1,1,-1,1.0,0.0,0.0,robust isolated,2,1,grouped in ≥2
B250,Nostrand Playground,Jointly Operated Playground,B,3.023,-1,1,-1,0.667,0.333,0.0,unstable,283,3,411,0.0,1.0,0.333,grouped,32,149,207,0.0,1.0,1.0,grouped,341,3,-1,0.333,0.667,0.0,grouped,-1,1,-1,0.938,0.062,0.0,robust isolated,2,1,grouped in ≥2
B251,Manhattan Beach Park,Community Park,B,42.941,-1,1,-1,1.0,0.0,0.0,robust isolated,-1,1,-1,1.0,0.0,0.0,robust isolated,-1,1,-1,1.0,0.0,0.0,robust isolated,-1,1,-1,1.0,0.0,0.0,robust isolated,-1,1,-1,1.0,0.0,0.0,robust isolated,0,3,isolated in all
B252,West Playground,Neighborhood Park,B,2.387,-1,1,-1,0.667,0.0,0.0,unstable,-1,1,-1,0.5,0.5,0.417,unstable,32,149,207,0.0,1.0,1.0,grouped,-1,1,-1,1.0,0.0,0.0,robust isolated,-1,1,-1,1.0,0.0,0.0,robust isolated,0,2,isolated in ≥2
B253,Albert L. Parham Playground,Jointly Operated Playground,B,1.253,343,17,742,0.0,1.0,0.667,grouped,380,67,554,0.0,1.0,1.0,grouped,34,220,227,0.0,1.0,1.0,grouped,231,57,473,0.0,1.0,0.667,grouped,491,2,528,0.25,0.125,0.0,grouped,3,0,grouped in all
B254,Wingate Park,Jointly Operated Playground,B,5.888,301,2,-1,0.333,0.333,0.333,grouped,366,11,521,0.25,0.583,0.583,grouped,33,183,219,0.0,1.0,1.0,grouped,227,2,-1,0.333,0.333,0.333,grouped,-1,1,-1,0.938,0.0,0.0,robust isolated,2,1,grouped in ≥2
B255A,Park,Strip,B,0.002,295,9,575,0.0,0.667,0.667,grouped,-1,1,-1,0.75,0.25,0.25,unstable,31,79,193,0.0,1.0,1.0,grouped,-1,1,-1,1.0,0.0,0.0,robust isolated,-1,1,-1,1.0,0.0,0.0,robust isolated,0,2,isolated in ≥2
B255B,Park,Strip,B,0.113,295,9,575,0.0,0.667,0.667,grouped,253,7,-1,0.333,0.667,0.25,grouped,31,79,193,0.0,1.0,1.0,grouped,-1,1,-1,0.667,0.333,0.0,unstable,-1,1,-1,1.0,0.0,0.0,robust isolated,1,1,definition-specific
B255C,Purple Playground,Playground,B,0.711,295,9,574,0.0,1.0,1.0,grouped,253,7,362,0.0,1.0,1.0,grouped,31,79,193,0.0,1.0,1.0,grouped,181,15,361,0.0,1.0,1.0,grouped,-1,1,-1,1.0,0.0,0.0,robust isolated,2,1,grouped in ≥2
B255D,Park,Parkway,B,0.281,295,9,574,0.0,1.0,1.0,grouped,253,7,362,0.0,1.0,1.0,grouped,31,79,193,0.0,1.0,1.0,grouped,181,15,361,0.0,1.0,1.0,grouped,-1,1,-1,1.0,0.0,0.0,robust isolated,2,1,grouped in ≥2
B255E,Park,Triangle/Plaza,B,0.736,295,9,574,0.0,1.0,1.0,grouped,253,7,362,0.0,1.0,1.0,grouped,31,79,193,0.0,1.0,1.0,grouped,181,15,361,0.0,1.0,1.0,grouped,-1,1,-1,1.0,0.0,0.0,robust isolated,2,1,grouped in ≥2
B255F,Detective Joseph Mayrose Park,Neighborhood Park,B,1.314,295,9,574,0.0,1.0,1.0,grouped,253,7,362,0.0,1.0,0.75,grouped,31,79,193,0.0,1.0,1.0,grouped,181,15,361,0.0,1.0,1.0,grouped,-1,1,-1,1.0,0.0,0.0,robust isolated,2,1,grouped in ≥2
B255G,Butterfly Gardens,Neighborhood Park,B,0.442,295,9,574,0.0,1.0,1.0,grouped,254,9,-1,0.5,0.5,0.5,grouped,31,79,193,0.0,1.0,1.0,grouped,181,15,-1,0.333,0.667,0.333,grouped,-1,1,-1,0.938,0.0,0.0,robust isolated,2,1,grouped in ≥2
B255H,Thomas J. Cuite Park,Playground,B,0.487,294,12,571,0.0,1.0,1.0,grouped,254,9,366,0.0,1.0,0.5,grouped,31,79,193,0.0,1.0,1.0,grouped,181,15,362,0.0,1.0,0.667,grouped,-1,1,-1,1.0,0.0,0.0,robust isolated,2,1,grouped in ≥2
B255I,Park,Parkway,B,0.438,294,12,571,0.0,1.0,1.0,grouped,254,9,366,0.0,1.0,0.5,grouped,31,79,193,0.0,1.0,1.0,grouped,181,15,362,0.0,1.0,0.667,grouped,-1,1,-1,0.938,0.0,0.0,robust isolated,2,1,grouped in ≥2
B255J,Seeley Park,Triangle/Plaza,B,0.364,294,12,571,0.0,1.0,1.0,grouped,254,9,365,0.25,0.75,0.5,grouped,32,149,-1,0.5,0.5,0.5,grouped,181,15,360,0.0,1.0,0.0,grouped,-1,1,-1,0.875,0.0,0.0,robust isolated,2,1,grouped in ≥2
B255K,Sitting Area,Triangle/Plaza,B,0.93,294,12,571,0.0,1.0,1.0,grouped,254,9,366,0.0,1.0,0.5,grouped,31,79,193,0.0,1.0,1.0,grouped,181,15,362,0.0,1.0,0.667,grouped,-1,1,-1,1.0,0.0,0.0,robust isolated,2,1,grouped in ≥2
B255L,"Captain John McKenna, IV Park",Triangle/Plaza,B,0.48,294,12,571,0.0,1.0,1.0,grouped,254,9,365,0.0,0.75,0.5,grouped,32,149,206,0.0,1.0,1.0,grouped,181,15,360,0.0,1.0,0.0,grouped,-1,1,-1,1.0,0.0,0.0,robust isolated,2,1,grouped in ≥2
B255M,Park,Triangle/Plaza,B,0.205,294,12,572,0.0,1.0,1.0,grouped,-1,1,-1,0.75,0.25,0.167,unstable,-1,1,-1,1.0,0.0,0.0,robust isolated,181,15,362,0.0,1.0,0.0,grouped,-1,1,-1,1.0,0.0,0.0,robust isolated,1,1,definition-specific
B255N,Park,Triangle/Plaza,B,0.116,294,12,572,0.0,1.0,1.0,grouped,-1,1,-1,0.75,0.25,0.167,unstable,32,149,-1,0.5,0.5,0.0,grouped,220,4,450,0.0,1.0,0.333,grouped,-1,1,-1,1.0,0.0,0.0,robust isolated,1,1,definition-specific
B255O,Park,Triangle/Plaza,B,0.058,294,12,-1,0.333,0.667,0.667,grouped,254,9,-1,0.5,0.5,0.5,grouped,31,79,-1,0.5,0.5,0.5,grouped,181,15,362,0.0,1.0,0.667,grouped,-1,1,-1,1.0,0.0,0.0,robust isolated,2,1,grouped in ≥2
B257,Frost Playground,Playground,B,0.739,337,7,-1,0.333,0.667,0.667,grouped,-1,1,-1,0.5,0.5,0.25,unstable,34,220,-1,0.5,0.5,0.0,grouped,-1,1,-1,0.778,0.222,0.0,unstable,-1,1,-1,1.0,0.0,0.0,robust isolated,0,1,definition-specific
B258,Brevoort Playground,Playground,B,1.485,321,30,654,0.0,0.667,0.667,grouped,313,59,453,0.0,1.0,0.5,grouped,34,220,227,0.0,1.0,1.0,grouped,197,54,411,0.0,1.0,0.0,grouped,-1,1,-1,1.0,0.0,0.0,robust isolated,2,1,grouped in ≥2
B259,Underwood Park,Neighborhood Park,B,1.187,343,17,743,0.0,0.667,0.333,grouped,380,67,554,0.0,1.0,1.0,grouped,34,220,227,0.0,1.0,1.0,grouped,231,57,472,0.0,0.667,0.667,grouped,-1,1,-1,1.0,0.0,0.0,robust isolated,2,1,grouped in ≥2
B260,Howard Playground,Community Park,B,1.0,320,48,635,0.0,1.0,1.0,grouped,311,35,445,0.0,1.0,1.0,grouped,33,183,217,0.0,1.0,1.0,grouped,208,4,425,0.0,1.0,0.667,grouped,-1,1,-1,0.562,0.375,0.188,unstable,2,0,grouped in ≥2
B260A,Howard Pool,Community Park,B,0.67,320,48,635,0.0,1.0,1.0,grouped,313,59,450,0.083,0.917,0.833,grouped,33,183,217,0.0,1.0,1.0,grouped,197,54,397,0.0,1.0,0.333,grouped,-1,1,-1,0.875,0.125,0.0,robust isolated,2,1,grouped in ≥2
B261,Sankofa Park,Playground,B,0.847,309,39,599,0.0,1.0,1.0,grouped,327,50,476,0.0,1.0,1.0,grouped,33,183,217,0.0,1.0,1.0,grouped,188,44,379,0.0,1.0,0.667,grouped,-1,1,-1,0.5,0.5,0.188,unstable,2,0,grouped in ≥2
B262,Potomac Playground,Jointly Operated Playground,B,1.315,341,55,714,0.0,0.667,0.333,grouped,380,67,554,0.0,1.0,1.0,grouped,34,220,227,0.0,1.0,1.0,grouped,231,57,470,0.0,1.0,0.667,grouped,-1,1,-1,0.625,0.312,0.188,unstable,2,0,grouped in ≥2
B263,Sumner Playground,Jointly Operated Playground,B,1.97,341,55,709,0.0,1.0,0.667,grouped,-1,1,-1,0.75,0.25,0.25,unstable,34,220,-1,0.5,0.5,0.5,grouped,-1,1,-1,1.0,0.0,0.0,robust isolated,-1,1,-1,1.0,0.0,0.0,robust isolated,0,2,isolated in ≥2
B264,Roebling Playground,Jointly Operated Playground,B,1.23,335,47,688,0.0,0.667,0.667,grouped,370,53,529,0.0,1.0,0.5,grouped,34,220,227,0.0,1.0,1.0,grouped,214,50,438,0.0,1.0,0.333,grouped,-1,1,-1,1.0,0.0,0.0,robust isolated,2,1,grouped in ≥2
B265,Rainbow Playground,Playground,B,0.46,-1,1,-1,1.0,0.0,0.0,robust isolated,241,30,-1,0.333,0.667,0.5,grouped,32,149,206,0.0,1.0,1.0,grouped,-1,1,-1,0.667,0.333,0.333,unstable,-1,1,-1,0.812,0.0,0.0,robust isolated,1,1,definition-specific
B266,Star Spangled Playground,Jointly Operated Playground,B,1.687,341,55,715,0.0,1.0,0.667,grouped,380,67,554,0.125,0.875,0.583,grouped,34,220,227,0.0,1.0,1.0,grouped,231,57,-1,0.0,1.0,0.333,grouped,-1,1,-1,1.0,0.0,0.0,robust isolated,2,1,grouped in ≥2
B267,Winthrop Playground,Jointly Operated Playground,B,1.252,-1,1,-1,0.667,0.333,0.333,unstable,366,11,521,0.25,0.583,0.25,grouped,33,183,219,0.0,1.0,1.0,grouped,227,2,-1,0.333,0.333,0.0,grouped,-1,1,-1,0.938,0.0,0.0,robust isolated,2,1,grouped in ≥2
B268,Nautilus Playground,Playground,B,1.38,440,5,919,0.0,1.0,1.0,grouped,300,12,432,0.125,0.875,0.417,grouped,32,149,207,0.0,1.0,1.0,grouped,325,9,633,0.0,1.0,0.333,grouped,-1,1,-1,0.875,0.0,0.0,robust isolated,2,1,grouped in ≥2
B269,Jesse Owens Playground,Jointly Operated Playground,B,2.326,327,2,-1,0.333,0.667,0.667,grouped,380,67,549,0.125,0.75,0.75,grouped,34,220,227,0.0,1.0,1.0,grouped,235,2,494,0.0,0.333,0.333,grouped,464,2,-1,0.312,0.188,0.125,grouped,3,0,grouped in all
B270,Brownsville Playground,Community Park,B,3.017,319,34,631,0.0,1.0,1.0,grouped,311,35,445,0.0,1.0,1.0,grouped,33,183,217,0.0,1.0,1.0,grouped,209,30,427,0.0,1.0,1.0,grouped,-1,1,-1,1.0,0.0,0.0,robust isolated,2,1,grouped in ≥2
B271,Railroad Playground,Neighborhood Park,B,2.3,-1,1,-1,0.667,0.333,0.333,unstable,318,2,461,0.0,0.5,0.417,grouped,33,183,217,0.0,1.0,1.0,grouped,366,2,-1,0.333,0.0,0.0,grouped,-1,1,-1,1.0,0.0,0.0,robust isolated,2,1,grouped in ≥2
B272,Marlboro Playground,Neighborhood Park,B,1.072,467,2,-1,0.333,0.333,0.333,grouped,276,2,-1,0.5,0.5,0.25,grouped,32,149,207,0.0,1.0,1.0,grouped,-1,1,-1,1.0,0.0,0.0,robust isolated,-1,1,-1,1.0,0.0,0.0,robust isolated,1,2,isolated in ≥2
B273,Aimee Triangle,Triangle/Plaza,B,0.11,479,2,969,0.0,0.333,0.333,grouped,285,3,413,0.0,0.833,0.542,grouped,32,149,207,0.0,1.0,1.0,grouped,364,2,697,0.0,0.333,0.333,grouped,-1,1,-1,0.875,0.125,0.0,robust isolated,2,1,grouped in ≥2
B274,Bayview Playground,Jointly Operated Playground,B,1.21,-1,1,-1,1.0,0.0,0.0,robust isolated,-1,1,-1,0.833,0.167,0.167,robust isolated,32,149,207,0.0,1.0,0.5,grouped,-1,1,-1,1.0,0.0,0.0,robust isolated,-1,1,-1,1.0,0.0,0.0,robust isolated,0,3,isolated in all
B275,Grady Playground,Jointly Operated Playground,B,3.403,-1,1,-1,0.667,0.0,0.0,unstable,-1,1,-1,0.917,0.083,0.083,robust isolated,32,149,-1,0.5,0.5,0.5,grouped,-1,1,-1,1.0,0.0,0.0,robust isolated,-1,1,-1,1.0,0.0,0.0,robust isolated,0,3,isolated in all
B277,Benson Playground,Jointly Operated Playground,B,0.934,-1,1,-1,0.667,0.333,0.0,unstable,265,2,-1,0.417,0.25,0.167,grouped,32,149,207,0.0,1.0,1.0,grouped,-1,1,-1,0.667,0.0,0.0,unstable,-1,1,-1,0.875,0.0,0.0,robust isolated,1,1,definition-specific
B278,Sam Leggio Triangle,Triangle/Plaza,B,0.011,-1,1,-1,0.667,0.333,0.0,unstable,-1,1,-1,0.5,0.417,0.167,unstable,33,183,-1,0.5,0.5,0.5,grouped,-1,1,-1,0.667,0.333,0.0,unstable,-1,1,-1,1.0,0.0,0.0,robust isolated,0,1,definition-specific
B279,Wilson Playground,Jointly Operated Playground,B,1.606,324,4,-1,0.333,0.667,0.333,grouped,324,12,469,0.0,1.0,0.292,grouped,32,149,207,0.0,1.0,1.0,grouped,331,12,-1,0.333,0.667,0.333,grouped,-1,1,-1,1.0,0.0,0.0,robust isolated,2,1,grouped in ≥2
B282,Patrick O'Rourke Playground,Jointly Operated Playground,B,1.23,-1,1,-1,0.667,0.333,0.0,unstable,242,3,347,0.167,0.667,0.333,grouped,32,149,207,0.0,1.0,1.0,grouped,313,3,-1,0.333,0.667,0.0,grouped,-1,1,-1,0.875,0.0,0.0,robust isolated,2,1,grouped in ≥2
B283,Belmont Playground,Jointly Operated Playground,B,0.682,267,12,-1,0.333,0.667,0.333,grouped,325,11,472,0.25,0.75,0.5,grouped,33,183,217,0.0,1.0,1.0,grouped,186,9,373,0.0,1.0,0.667,grouped,-1,1,-1,1.0,0.0,0.0,robust isolated,2,1,grouped in ≥2
B284,Marc And Jason's Playground,Community Park,B,1.148,299,4,-1,0.333,0.667,0.333,grouped,-1,1,-1,0.583,0.417,0.417,unstable,34,220,228,0.0,1.0,1.0,grouped,-1,1,-1,1.0,0.0,0.0,robust isolated,-1,1,-1,1.0,0.0,0.0,robust isolated,0,2,isolated in ≥2
B285,Harry Maze Playground,Neighborhood Park,B,2.427,443,2,925,0.0,0.333,0.0,grouped,269,3,387,0.25,0.667,0.167,grouped,33,183,217,0.0,1.0,1.0,grouped,339,2,-1,0.333,0.222,0.0,grouped,-1,1,-1,1.0,0.0,0.0,robust isolated,2,1,grouped in ≥2
B286,Bartlett Playground,Playground,B,1.032,341,55,-1,0.333,0.667,0.667,grouped,-1,1,-1,0.583,0.417,0.417,unstable,34,220,227,0.0,1.0,1.0,grouped,-1,1,-1,1.0,0.0,0.0,robust isolated,-1,1,-1,0.875,0.062,0.0,robust isolated,0,2,isolated in ≥2
B287,Andries Playground,Jointly Operated Playground,B,0.964,-1,1,-1,0.667,0.333,0.0,unstable,285,3,-1,0.333,0.667,0.5,grouped,32,149,207,0.0,1.0,1.0,grouped,-1,1,-1,0.667,0.333,0.333,unstable,-1,1,-1,0.562,0.188,0.0,unstable,1,0,definition-specific
B288,Slope Park Playground,Jointly Operated Playground,B,0.504,295,9,574,0.0,1.0,1.0,grouped,253,7,362,0.0,1.0,1.0,grouped,31,79,193,0.0,1.0,1.0,grouped,181,15,361,0.0,1.0,1.0,grouped,-1,1,-1,1.0,0.0,0.0,robust isolated,2,1,grouped in ≥2
B289,Cutinella Triangle,Triangle/Plaza,B,0.076,467,2,-1,0.333,0.333,0.333,grouped,277,12,400,0.0,1.0,0.5,grouped,32,149,207,0.0,1.0,1.0,grouped,342,4,-1,0.333,0.667,0.0,grouped,-1,1,-1,1.0,0.0,0.0,robust isolated,2,1,grouped in ≥2
B290,Public Place,Triangle/Plaza,B,0.112,267,12,-1,0.333,0.667,0.333,grouped,325,11,473,0.083,0.917,0.667,grouped,33,183,217,0.0,1.0,1.0,grouped,-1,1,-1,0.667,0.333,0.333,unstable,-1,1,-1,0.875,0.125,0.125,robust isolated,1,1,definition-specific
B291,Power Playground,Neighborhood Park,B,2.295,478,2,-1,0.333,0.0,0.0,grouped,288,6,-1,0.417,0.5,0.333,grouped,32,149,207,0.0,1.0,1.0,grouped,-1,1,-1,0.667,0.333,0.0,unstable,-1,1,-1,1.0,0.0,0.0,robust isolated,1,1,definition-specific
B292,Pratt Playground,Neighborhood Park,B,0.918,341,55,-1,0.333,0.667,0.667,grouped,-1,1,-1,0.417,0.583,0.417,unstable,34,220,227,0.0,1.0,1.0,grouped,-1,1,-1,0.667,0.333,0.111,unstable,-1,1,-1,0.812,0.125,0.0,robust isolated,0,1,definition-specific
B293,Classon Playground,Jointly Operated Playground,B,1.336,341,55,715,0.0,1.0,0.667,grouped,380,67,554,0.0,1.0,1.0,grouped,34,220,227,0.0,1.0,1.0,grouped,231,57,468,0.0,1.0,0.667,grouped,-1,1,-1,0.75,0.188,0.0,unstable,2,0,grouped in ≥2
B294,Jackie Robinson Park Playground,Jointly Operated Playground,B,1.774,321,30,650,0.0,1.0,0.667,grouped,313,59,450,0.0,1.0,0.458,grouped,34,220,227,0.0,1.0,1.0,grouped,197,54,408,0.0,1.0,0.333,grouped,-1,1,-1,0.75,0.25,0.0,unstable,2,0,grouped in ≥2
B295,Oxport Playground,Jointly Operated Playground,B,1.033,397,40,828,0.0,1.0,0.333,grouped,380,67,554,0.0,1.0,1.0,grouped,34,220,227,0.0,1.0,1.0,grouped,180,36,357,0.0,1.0,0.667,grouped,485,2,-1,0.375,0.438,0.0,grouped,3,0,grouped in all
B296,Luna Playground,Playground,B,1.76,441,5,-1,0.333,0.667,0.333,grouped,-1,1,-1,0.75,0.25,0.25,unstable,-1,1,-1,1.0,0.0,0.0,robust isolated,-1,1,-1,1.0,0.0,0.0,robust isolated,-1,1,-1,1.0,0.0,0.0,robust isolated,0,2,isolated in ≥2
B297,Albemarle Playground,Jointly Operated Playground,B,0.538,-1,1,-1,0.667,0.333,0.333,unstable,239,2,-1,0.333,0.25,0.167,grouped,32,149,206,0.0,1.0,1.0,grouped,-1,1,-1,0.667,0.0,0.0,unstable,-1,1,-1,0.875,0.0,0.0,robust isolated,1,1,definition-specific
B298,Stockton Playground,Jointly Operated Playground,B,1.089,341,55,709,0.0,1.0,0.667,grouped,380,67,552,0.25,0.75,0.417,grouped,34,220,227,0.0,1.0,1.0,grouped,-1,1,-1,0.667,0.333,0.0,unstable,-1,1,-1,0.875,0.0,0.0,robust isolated,1,1,definition-specific
B300,Oracle Playground,Jointly Operated Playground,B,0.703,343,17,-1,0.333,0.667,0.667,grouped,380,67,554,0.0,1.0,1.0,grouped,34,220,227,0.0,1.0,1.0,grouped,231,57,473,0.0,1.0,0.667,grouped,491,2,528,0.25,0.125,0.0,grouped,3,0,grouped in all
B301,Greene Playground,Jointly Operated Playground,B,0.917,343,17,743,0.0,0.667,0.333,grouped,380,67,554,0.0,1.0,1.0,grouped,34,220,227,0.0,1.0,1.0,grouped,231,57,472,0.0,0.667,0.667,grouped,-1,1,-1,1.0,0.0,0.0,robust isolated,2,1,grouped in ≥2
B302,Charlie's Place,Playground,B,1.26,341,55,-1,0.333,0.667,0.667,grouped,-1,1,-1,0.75,0.25,0.25,unstable,34,220,227,0.0,1.0,1.0,grouped,-1,1,-1,1.0,0.0,0.0,robust isolated,-1,1,-1,1.0,0.0,0.0,robust isolated,0,2,isolated in ≥2
B304,Kennedy King Playground,Jointly Operated Playground,B,0.79,-1,1,-1,0.667,0.333,0.333,unstable,317,2,-1,0.375,0.375,0.333,grouped,33,183,217,0.0,1.0,1.0,grouped,334,2,-1,0.333,0.0,0.0,grouped,602,2,-1,0.5,0.0,0.0,grouped,3,0,grouped in all
B305,P.S. 279 Playground,Jointly Operated Playground,B,0.23,324,4,-1,0.333,0.667,0.333,grouped,-1,1,-1,0.75,0.25,0.25,unstable,32,149,207,0.0,1.0,0.5,grouped,-1,1,-1,1.0,0.0,0.0,robust isolated,-1,1,-1,1.0,0.0,0.0,robust isolated,0,2,isolated in ≥2
B306,Playground 286,Jointly Operated Playground,B,0.868,435,3,911,0.0,1.0,0.333,grouped,275,10,394,0.0,1.0,0.25,grouped,32,149,207,0.0,1.0,1.0,grouped,336,5,660,0.0,0.667,0.667,grouped,-1,1,-1,1.0,0.0,0.0,robust isolated,2,1,grouped in ≥2
B307,Tiger Playground,Jointly Operated Playground,B,0.926,320,48,642,0.0,0.667,0.333,grouped,-1,1,-1,0.75,0.25,0.25,unstable,34,220,227,0.0,1.0,1.0,grouped,-1,1,-1,1.0,0.0,0.0,robust isolated,-1,1,-1,1.0,0.0,0.0,robust isolated,0,2,isolated in ≥2
B308,Yak Playground,Jointly Operated Playground,B,0.444,435,3,911,0.0,1.0,0.333,grouped,275,10,394,0.0,1.0,0.25,grouped,32,149,207,0.0,1.0,1.0,grouped,336,5,660,0.0,0.667,0.667,grouped,-1,1,-1,1.0,0.0,0.0,robust isolated,2,1,grouped in ≥2
B309,Pink Playground,Playground,B,1.0,326,2,-1,0.333,0.333,0.333,grouped,322,2,465,0.0,0.333,0.333,grouped,33,183,217,0.0,1.0,1.0,grouped,361,2,694,0.0,0.0,0.0,grouped,-1,1,-1,1.0,0.0,0.0,robust isolated,2,1,grouped in ≥2
B310,Bushwick Playground,Community Park,B,1.29,341,55,711,0.0,1.0,0.667,grouped,383,16,558,0.0,1.0,1.0,grouped,34,220,227,0.0,1.0,1.0,grouped,226,14,456,0.0,1.0,0.778,grouped,-1,1,-1,0.875,0.125,0.0,robust isolated,2,1,grouped in ≥2
B311,Ten Eyck Playground,Jointly Operated Playground,B,1.091,340,13,-1,0.333,0.667,0.333,grouped,370,53,532,0.0,0.583,0.583,grouped,34,220,227,0.0,1.0,1.0,grouped,217,2,-1,0.333,0.333,0.333,grouped,-1,1,-1,0.875,0.125,0.0,robust isolated,2,1,grouped in ≥2
B312,Woodruff Playground,Jointly Operated Playground,B,0.536,326,2,-1,0.333,0.333,0.333,grouped,322,2,465,0.0,0.333,0.333,grouped,33,183,217,0.0,1.0,1.0,grouped,361,2,694,0.0,0.0,0.0,grouped,-1,1,-1,1.0,0.0,0.0,robust isolated,2,1,grouped in ≥2
B313,El Shabazz Playground,Jointly Operated Playground,B,0.89,321,30,-1,0.333,0.667,0.667,grouped,312,3,-1,0.333,0.667,0.333,grouped,34,220,227,0.0,1.0,1.0,grouped,199,3,-1,0.333,0.667,0.0,grouped,-1,1,-1,0.875,0.125,0.0,robust isolated,2,1,grouped in ≥2
B315,Surf Playground,Jointly Operated Playground,B,0.933,440,5,919,0.0,1.0,1.0,grouped,300,12,432,0.0,1.0,0.875,grouped,32,149,207,0.0,1.0,1.0,grouped,325,9,633,0.0,1.0,1.0,grouped,-1,1,-1,1.0,0.0,0.0,robust isolated,2,1,grouped in ≥2
B316,DiGilio Playground,Community Park,B,0.826,-1,1,-1,0.667,0.0,0.0,unstable,-1,1,-1,0.375,0.542,0.25,unstable,32,149,206,0.0,1.0,1.0,grouped,-1,1,-1,0.667,0.333,0.0,unstable,-1,1,-1,1.0,0.0,0.0,robust isolated,0,1,definition-specific
B317,Lafayette Gardens Playground,Playground,B,0.705,341,55,715,0.0,1.0,0.667,grouped,380,67,554,0.0,1.0,1.0,grouped,34,220,227,0.0,1.0,1.0,grouped,231,57,468,0.0,1.0,0.667,grouped,-1,1,-1,0.75,0.188,0.062,unstable,2,0,grouped in ≥2
B320,Park Slope Playground,Jointly Operated Playground,B,0.955,398,2,-1,0.333,0.333,0.333,grouped,363,4,517,0.0,0.875,0.5,grouped,31,79,193,0.0,1.0,1.0,grouped,234,4,-1,0.333,0.667,0.333,grouped,-1,1,-1,1.0,0.0,0.0,robust isolated,2,1,grouped in ≥2
B321,Edmonds Playground,Jointly Operated Playground,B,0.917,343,17,742,0.0,1.0,0.667,grouped,380,67,554,0.0,1.0,1.0,grouped,34,220,227,0.0,1.0,1.0,grouped,231,57,473,0.0,1.0,1.0,grouped,-1,1,-1,1.0,0.0,0.0,robust isolated,2,1,grouped in ≥2
B322,Pulaski Playground,Jointly Operated Playground,B,1.416,341,55,709,0.0,1.0,0.667,grouped,375,3,-1,0.333,0.667,0.292,grouped,34,220,227,0.0,1.0,1.0,grouped,332,3,-1,0.333,0.667,0.0,grouped,-1,1,-1,0.875,0.125,0.0,robust isolated,2,1,grouped in ≥2
B323,Hattie Carthan Playground,Jointly Operated Playground,B,1.195,341,55,713,0.0,1.0,1.0,grouped,380,67,554,0.0,1.0,1.0,grouped,34,220,227,0.0,1.0,1.0,grouped,231,57,-1,0.333,0.667,0.667,grouped,504,3,542,0.0,0.75,0.312,grouped,3,0,grouped in all
B324,Jacob Joffe Fields,Community Park,B,2.984,-1,1,-1,0.667,0.333,0.0,unstable,288,6,-1,0.5,0.5,0.25,grouped,32,149,207,0.0,1.0,1.0,grouped,-1,1,-1,0.889,0.111,0.0,robust isolated,-1,1,-1,0.875,0.0,0.0,robust isolated,1,2,isolated in ≥2
B325,Fish Playground,Jointly Operated Playground,B,1.035,320,48,637,0.0,0.667,0.667,grouped,313,59,453,0.0,1.0,1.0,grouped,33,183,219,0.0,1.0,1.0,grouped,197,54,397,0.0,1.0,0.667,grouped,-1,1,-1,0.562,0.375,0.125,unstable,2,0,grouped in ≥2
B326,Cobble Hill Park,Neighborhood Park,B,0.585,397,40,-1,0.333,0.667,0.333,grouped,246,20,352,0.083,0.917,0.583,grouped,31,79,193,0.0,1.0,1.0,grouped,182,18,366,0.0,1.0,0.333,grouped,-1,1,-1,1.0,0.0,0.0,robust isolated,2,1,grouped in ≥2
B329,Lindower Park,Community Park,B,6.7,-1,1,-1,0.667,0.333,0.333,unstable,-1,1,-1,0.667,0.333,0.25,unstable,32,149,207,0.0,1.0,0.5,grouped,-1,1,-1,1.0,0.0,0.0,robust isolated,-1,1,-1,1.0,0.0,0.0,robust isolated,0,2,isolated in ≥2
B330,Hickman Playground,Jointly Operated Playground,B,2.656,462,3,-1,0.333,0.667,0.667,grouped,288,6,417,0.25,0.75,0.417,grouped,32,149,207,0.0,1.0,1.0,grouped,354,3,686,0.0,1.0,0.0,grouped,-1,1,-1,1.0,0.0,0.0,robust isolated,2,1,grouped in ≥2
B331,Neptune Playground,Jointly Operated Playground,B,1.243,441,5,-1,0.333,0.667,0.333,grouped,-1,1,-1,0.75,0.25,0.25,unstable,-1,1,-1,1.0,0.0,0.0,robust isolated,-1,1,-1,1.0,0.0,0.0,robust isolated,-1,1,-1,1.0,0.0,0.0,robust isolated,0,2,isolated in ≥2
B332,Evergreen Playground,Jointly Operated Playground,B,0.87,320,48,642,0.0,0.667,0.667,grouped,-1,1,-1,0.5,0.5,0.333,unstable,34,220,227,0.0,1.0,1.0,grouped,-1,1,-1,0.556,0.444,0.222,unstable,-1,1,-1,0.75,0.188,0.062,unstable,0,0,definition-specific
B334,Fermi Playground,Jointly Operated Playground,B,1.061,341,55,-1,0.333,0.667,0.667,grouped,383,16,558,0.0,1.0,1.0,grouped,34,220,227,0.0,1.0,1.0,grouped,226,14,456,0.0,1.0,0.667,grouped,-1,1,-1,1.0,0.0,0.0,robust isolated,2,1,grouped in ≥2
B335,Bildersee Playground,Jointly Operated Playground,B,1.416,-1,1,-1,0.667,0.333,0.333,unstable,268,2,386,0.0,0.5,0.333,grouped,32,149,207,0.0,1.0,1.0,grouped,358,2,-1,0.333,0.0,0.0,grouped,-1,1,-1,0.875,0.0,0.0,robust isolated,2,1,grouped in ≥2
B337,Century Playground,Jointly Operated Playground,B,2.282,441,5,920,0.0,0.667,0.333,grouped,300,12,432,0.0,1.0,0.25,grouped,32,149,208,0.0,0.5,0.5,grouped,325,9,634,0.0,0.889,0.0,grouped,-1,1,-1,1.0,0.0,0.0,robust isolated,2,1,grouped in ≥2
B338,Tom McDonald Triangle,Triangle/Plaza,B,0.032,425,7,890,0.0,1.0,1.0,grouped,241,30,-1,0.167,0.833,0.583,grouped,32,149,206,0.0,1.0,1.0,grouped,313,3,617,0.0,0.667,0.333,grouped,-1,1,-1,0.875,0.0,0.0,robust isolated,2,1,grouped in ≥2
B339,Newport Playground,Jointly Operated Playground,B,0.918,319,34,628,0.0,1.0,1.0,grouped,311,35,445,0.0,1.0,1.0,grouped,33,183,217,0.0,1.0,1.0,grouped,209,30,427,0.0,1.0,1.0,grouped,-1,1,-1,1.0,0.0,0.0,robust isolated,2,1,grouped in ≥2
B340,Garden Playground,Jointly Operated Playground,B,0.915,341,55,711,0.0,1.0,0.667,grouped,383,16,558,0.0,1.0,1.0,grouped,34,220,227,0.0,1.0,1.0,grouped,226,14,456,0.0,1.0,1.0,grouped,-1,1,-1,0.875,0.125,0.0,robust isolated,2,1,grouped in ≥2
B342,100% Playground,Jointly Operated Playground,B,1.616,323,2,-1,0.333,0.333,0.333,grouped,324,12,469,0.0,1.0,0.583,grouped,32,149,207,0.0,1.0,1.0,grouped,331,12,-1,0.333,0.667,0.333,grouped,-1,1,-1,1.0,0.0,0.0,robust isolated,2,1,grouped in ≥2
B343,Osborn Playground,Neighborhood Park,B,1.9,319,34,631,0.0,1.0,1.0,grouped,311,35,445,0.0,1.0,1.0,grouped,33,183,217,0.0,1.0,1.0,grouped,209,30,427,0.0,1.0,1.0,grouped,-1,1,-1,1.0,0.0,0.0,robust isolated,2,1,grouped in ≥2
B345,Ethan Allen Playground,Jointly Operated Playground,B,0.8,325,2,669,0.0,0.333,0.333,grouped,324,12,468,0.0,1.0,1.0,grouped,33,183,217,0.0,1.0,1.0,grouped,331,12,646,0.0,0.667,0.667,grouped,-1,1,-1,0.875,0.0,0.0,robust isolated,2,1,grouped in ≥2
B346,Ericsson Playground,Jointly Operated Playground,B,1.06,335,47,687,0.0,1.0,0.667,grouped,370,53,529,0.0,1.0,0.75,grouped,34,220,227,0.0,1.0,1.0,grouped,214,50,438,0.0,1.0,0.333,grouped,-1,1,-1,1.0,0.0,0.0,robust isolated,2,1,grouped in ≥2
B347,Carver Playground,Jointly Operated Playground,B,0.964,321,30,654,0.0,0.667,0.667,grouped,313,59,450,0.0,1.0,0.5,grouped,33,183,219,0.0,1.0,1.0,grouped,197,54,399,0.0,0.667,0.0,grouped,-1,1,-1,0.75,0.0,0.0,unstable,2,0,grouped in ≥2
B348,Willoughby Playground,Jointly Operated Playground,B,0.907,341,55,709,0.0,1.0,1.0,grouped,380,67,554,0.0,1.0,1.0,grouped,34,220,227,0.0,1.0,1.0,grouped,231,57,470,0.0,1.0,1.0,grouped,-1,1,-1,0.938,0.062,0.0,robust isolated,2,1,grouped in ≥2
B349,Bath Playground,Jointly Operated Playground,B,1.157,-1,1,-1,0.667,0.333,0.0,unstable,265,2,-1,0.417,0.25,0.167,grouped,32,149,207,0.0,1.0,1.0,grouped,-1,1,-1,0.667,0.0,0.0,unstable,-1,1,-1,0.875,0.0,0.0,robust isolated,1,1,definition-specific
B350,Stroud Playground,Jointly Operated Playground,B,1.194,300,9,-1,0.333,0.667,0.667,grouped,366,11,-1,0.333,0.667,0.417,grouped,34,220,228,0.0,1.0,1.0,grouped,-1,1,-1,0.667,0.333,0.0,unstable,-1,1,-1,1.0,0.0,0.0,robust isolated,1,1,definition-specific
B352,Curtis Playground,Playground,B,1.003,-1,1,-1,0.667,0.333,0.333,unstable,268,2,386,0.0,0.5,0.417,grouped,32,149,207,0.0,1.0,1.0,grouped,358,2,-1,0.333,0.0,0.0,grouped,-1,1,-1,0.875,0.0,0.0,robust isolated,2,1,grouped in ≥2
B353,Bergen Beach Playground,Jointly Operated Playground,B,0.927,462,3,-1,0.333,0.667,0.667,grouped,288,6,417,0.0,0.75,0.25,grouped,32,149,207,0.0,1.0,0.5,grouped,354,3,686,0.0,1.0,0.0,grouped,-1,1,-1,1.0,0.0,0.0,robust isolated,2,1,grouped in ≥2
B356,North Pacific Playground,Playground,B,0.155,343,17,-1,0.333,0.667,0.333,grouped,-1,1,-1,0.75,0.25,0.25,unstable,31,79,193,0.0,1.0,1.0,grouped,-1,1,-1,1.0,0.0,0.0,robust isolated,-1,1,-1,1.0,0.0,0.0,robust isolated,0,2,isolated in ≥2
B357,Jackie Robinson Playground,Jointly Operated Playground,B,1.0,-1,1,-1,0.667,0.333,0.333,unstable,366,11,522,0.0,1.0,0.5,grouped,34,220,228,0.0,1.0,1.0,grouped,231,57,-1,0.333,0.667,0.0,grouped,-1,1,-1,1.0,0.0,0.0,robust isolated,2,1,grouped in ≥2
B358,De Hostos Playground,Jointly Operated Playground,B,1.1,340,13,703,0.0,1.0,1.0,grouped,379,7,547,0.0,1.0,0.667,grouped,34,220,227,0.0,1.0,1.0,grouped,230,5,465,0.0,1.0,0.778,grouped,-1,1,-1,1.0,0.0,0.0,robust isolated,2,1,grouped in ≥2
B359,Eleanor Roosevelt Playground,Jointly Operated Playground,B,1.211,341,55,-1,0.333,0.667,0.667,grouped,380,67,553,0.125,0.75,0.625,grouped,34,220,227,0.0,1.0,1.0,grouped,233,2,489,0.0,0.333,0.333,grouped,-1,1,-1,1.0,0.0,0.0,robust isolated,2,1,grouped in ≥2
B360,Remsen Playground,Jointly Operated Playground,B,1.333,-1,1,-1,0.667,0.333,0.0,unstable,324,12,469,0.0,1.0,0.5,grouped,32,149,207,0.0,1.0,1.0,grouped,331,12,-1,0.333,0.667,0.333,grouped,-1,1,-1,1.0,0.0,0.0,robust isolated,2,1,grouped in ≥2
B361,Boerum Park,Jointly Operated Playground,B,0.918,399,2,833,0.0,0.333,0.333,grouped,-1,1,-1,0.75,0.25,0.25,unstable,31,79,193,0.0,1.0,0.5,grouped,-1,1,-1,1.0,0.0,0.0,robust isolated,-1,1,-1,1.0,0.0,0.0,robust isolated,0,2,isolated in ≥2
B362,Chester Playground,Jointly Operated Playground,B,1.0,319,34,627,0.0,1.0,0.667,grouped,311,35,445,0.0,1.0,0.5,grouped,33,183,217,0.0,1.0,1.0,grouped,209,30,428,0.0,1.0,0.222,grouped,-1,1,-1,0.875,0.0,0.0,robust isolated,2,1,grouped in ≥2
B363,Houston Playground,Jointly Operated Playground,B,0.918,320,48,635,0.0,1.0,1.0,grouped,311,35,445,0.0,1.0,1.0,grouped,33,183,217,0.0,1.0,1.0,grouped,208,4,425,0.0,1.0,0.667,grouped,-1,1,-1,0.625,0.312,0.125,unstable,2,0,grouped in ≥2
B364,Woods Playground,Jointly Operated Playground,B,1.438,321,30,650,0.0,1.0,0.667,grouped,313,59,450,0.0,1.0,1.0,grouped,33,183,219,0.0,1.0,1.0,grouped,197,54,408,0.0,1.0,1.0,grouped,-1,1,-1,0.812,0.188,0.0,robust isolated,2,1,grouped in ≥2
B366,Duke Park,Playground,B,0.137,309,39,600,0.0,0.667,0.667,grouped,327,50,476,0.0,1.0,0.25,grouped,33,183,217,0.0,1.0,1.0,grouped,188,44,379,0.0,1.0,0.0,grouped,-1,1,-1,1.0,0.0,0.0,robust isolated,2,1,grouped in ≥2
B367,Livonia Park,Neighborhood Park,B,0.918,319,34,626,0.0,1.0,1.0,grouped,311,35,445,0.0,1.0,1.0,grouped,33,183,217,0.0,1.0,1.0,grouped,209,30,427,0.0,1.0,0.667,grouped,-1,1,-1,0.875,0.062,0.0,robust isolated,2,1,grouped in ≥2
B369,Steeplechase Park,Community Park,B,10.01,439,5,-1,0.333,0.667,0.333,grouped,300,12,432,0.0,1.0,0.875,grouped,32,149,207,0.0,1.0,1.0,grouped,325,9,-1,0.333,0.667,0.667,grouped,-1,1,-1,0.625,0.125,0.0,unstable,2,0,grouped in ≥2
B371,Spring Creek Park,Community Park,B,42.583,317,6,620,0.0,1.0,0.333,grouped,324,12,467,0.0,1.0,1.0,grouped,33,183,221,0.0,1.0,0.5,grouped,331,12,644,0.0,1.0,0.667,grouped,-1,1,-1,1.0,0.0,0.0,robust isolated,2,1,grouped in ≥2
B372,Friends Field,Community Park,B,6.7,-1,1,-1,0.667,0.333,0.0,unstable,277,12,-1,0.333,0.667,0.333,grouped,32,149,207,0.0,1.0,1.0,grouped,-1,1,-1,0.667,0.333,0.0,unstable,-1,1,-1,0.875,0.0,0.0,robust isolated,1,1,definition-specific
B375,Chiarantano Playground,Jointly Operated Playground,B,0.206,444,2,-1,0.333,0.333,0.0,grouped,283,3,411,0.0,1.0,0.167,grouped,32,149,207,0.0,1.0,1.0,grouped,341,3,669,0.0,0.667,0.0,grouped,-1,1,-1,1.0,0.0,0.0,robust isolated,2,1,grouped in ≥2
B376,Fidler-Wyckoff House Park,Historic House Park,B,1.13,443,2,925,0.0,0.333,0.333,grouped,269,3,387,0.25,0.667,0.417,grouped,32,149,207,0.0,1.0,1.0,grouped,339,2,-1,0.222,0.222,0.0,grouped,-1,1,-1,1.0,0.0,0.0,robust isolated,2,1,grouped in ≥2
B377,Floyd Patterson Ballfields,Recreational Field/Courts,B,2.3,319,34,628,0.0,1.0,1.0,grouped,311,35,445,0.0,1.0,1.0,grouped,33,183,217,0.0,1.0,1.0,grouped,209,30,427,0.0,1.0,1.0,grouped,-1,1,-1,0.875,0.062,0.0,robust isolated,2,1,grouped in ≥2
B378,University Place,Triangle/Plaza,B,1.161,343,17,-1,0.333,0.667,0.667,grouped,380,67,554,0.0,1.0,1.0,grouped,34,220,227,0.0,1.0,1.0,grouped,231,57,473,0.0,1.0,0.667,grouped,-1,1,-1,1.0,0.0,0.0,robust isolated,2,1,grouped in ≥2
B379,Coney Island Creek Park,Nature Area,B,8.892,439,5,-1,0.333,0.667,0.0,grouped,-1,1,-1,0.875,0.125,0.0,robust isolated,-1,1,-1,1.0,0.0,0.0,robust isolated,-1,1,-1,1.0,0.0,0.0,robust isolated,-1,1,-1,1.0,0.0,0.0,robust isolated,0,3,isolated in all
B380,Robert E. Venable Park,Neighborhood Park,B,2.939,267,12,-1,0.333,0.667,0.333,grouped,325,11,473,0.0,0.917,0.625,grouped,33,183,217,0.0,1.0,1.0,grouped,186,9,-1,0.333,0.667,0.333,grouped,-1,1,-1,0.625,0.125,0.125,unstable,2,0,grouped in ≥2
B381,Thomas Boyland Park,Neighborhood Park,B,1.82,320,48,639,0.0,1.0,1.0,grouped,313,59,453,0.0,1.0,0.583,grouped,34,220,227,0.0,1.0,1.0,grouped,197,54,397,0.0,1.0,0.333,grouped,-1,1,-1,1.0,0.0,0.0,robust isolated,2,1,grouped in ≥2
B382A,Roberto Clemente Ballfield,Recreational Field/Courts,B,1.93,335,47,686,0.0,0.667,0.667,grouped,370,53,529,0.0,1.0,0.75,grouped,34,220,227,0.0,1.0,1.0,grouped,214,50,438,0.0,1.0,1.0,grouped,-1,1,-1,1.0,0.0,0.0,robust isolated,2,1,grouped in ≥2
B382B,Jacob's Ladder Playground,Neighborhood Park,B,1.085,335,47,686,0.0,0.667,0.667,grouped,370,53,529,0.0,1.0,0.5,grouped,34,220,227,0.0,1.0,1.0,grouped,214,50,438,0.0,1.0,0.667,grouped,-1,1,-1,1.0,0.0,0.0,robust isolated,2,1,grouped in ≥2
B383,Success Garden,Neighborhood Park,B,0.918,319,34,-1,0.333,0.667,0.667,grouped,327,50,476,0.0,1.0,1.0,grouped,33,183,217,0.0,1.0,1.0,grouped,188,44,-1,0.0,1.0,0.667,grouped,-1,1,-1,0.75,0.125,0.062,unstable,2,0,grouped in ≥2
B384,Fresh Creek Nature Preserve,Nature Area,B,77.044,324,4,666,0.0,0.667,0.333,grouped,324,12,-1,0.333,0.667,0.333,grouped,33,183,221,0.0,1.0,1.0,grouped,331,12,-1,0.333,0.667,0.333,grouped,-1,1,-1,1.0,0.0,0.0,robust isolated,2,1,grouped in ≥2
B385,WNYC Transmitter Park,Neighborhood Park,B,6.611,335,47,-1,0.333,0.667,0.667,grouped,-1,1,-1,0.75,0.25,0.25,unstable,34,220,-1,0.5,0.5,0.5,grouped,-1,1,-1,1.0,0.0,0.0,robust isolated,-1,1,-1,1.0,0.0,0.0,robust isolated,0,2,isolated in ≥2
B386,Ten Eyck Plaza,Playground,B,0.46,340,13,702,0.0,1.0,1.0,grouped,370,53,-1,0.25,0.75,0.25,grouped,34,220,227,0.0,1.0,0.5,grouped,214,50,441,0.0,0.667,0.0,grouped,-1,1,-1,1.0,0.0,0.0,robust isolated,2,1,grouped in ≥2
B387,Hilltop Playground,Jointly Operated Playground,B,1.095,320,48,635,0.0,1.0,0.667,grouped,313,59,450,0.0,1.0,1.0,grouped,33,183,219,0.0,1.0,1.0,grouped,197,54,397,0.0,1.0,1.0,grouped,-1,1,-1,0.75,0.188,0.0,unstable,2,0,grouped in ≥2
B388,Gateway Triangle,Triangle/Plaza,B,0.07,343,17,-1,0.333,0.667,0.667,grouped,380,67,554,0.0,1.0,0.75,grouped,34,220,227,0.0,1.0,1.0,grouped,231,57,473,0.0,1.0,0.667,grouped,-1,1,-1,1.0,0.0,0.0,robust isolated,2,1,grouped in ≥2
B389,Umma Park,Playground,B,0.111,-1,1,-1,0.333,0.667,0.333,unstable,266,7,382,0.0,0.75,0.458,grouped,32,149,207,0.0,1.0,1.0,grouped,220,4,450,0.0,1.0,0.222,grouped,-1,1,-1,0.875,0.0,0.0,robust isolated,2,1,grouped in ≥2
B390,Mother Cabrini Park,Playground,B,0.467,396,18,822,0.0,1.0,1.0,grouped,246,20,352,0.0,0.75,0.75,grouped,31,79,193,0.0,1.0,0.5,grouped,182,18,365,0.0,1.0,0.778,grouped,-1,1,-1,1.0,0.0,0.0,robust isolated,2,1,grouped in ≥2
B391,Lt. Federico Narvaez Tot Lot,Playground,B,0.125,-1,1,-1,1.0,0.0,0.0,robust isolated,266,7,-1,0.333,0.667,0.458,grouped,32,149,207,0.0,1.0,1.0,grouped,-1,1,-1,0.667,0.333,0.333,unstable,-1,1,-1,1.0,0.0,0.0,robust isolated,1,1,definition-specific
B392,Lott Park,Triangle/Plaza,B,0.06,-1,1,-1,1.0,0.0,0.0,robust isolated,-1,1,-1,0.833,0.167,0.083,robust isolated,34,220,-1,0.0,1.0,1.0,grouped,-1,1,-1,1.0,0.0,0.0,robust isolated,-1,1,-1,1.0,0.0,0.0,robust isolated,0,3,isolated in all
B393,Sheepshead Bay Piers,Waterfront Facility,B,1.22,434,3,909,0.0,0.667,0.333,grouped,275,10,394,0.25,0.75,0.542,grouped,32,149,207,0.0,1.0,1.0,grouped,-1,1,-1,0.667,0.333,0.333,unstable,-1,1,-1,1.0,0.0,0.0,robust isolated,1,1,definition-specific
B394,Four Sparrow Marsh,Nature Area,B,64.665,-1,1,-1,0.0,0.0,0.0,unresolved,-1,1,-1,0.0,0.0,0.0,unresolved,-1,1,-1,0.0,0.0,0.0,unresolved,-1,1,-1,0.0,0.0,0.0,unresolved,-1,1,-1,0.0,0.0,0.0,unresolved,0,0,definition-specific
B395,Green Central Knoll,Neighborhood Park,B,2.741,341,55,-1,0.333,0.667,0.667,grouped,383,16,558,0.0,1.0,1.0,grouped,34,220,227,0.0,1.0,1.0,grouped,226,14,456,0.0,1.0,1.0,grouped,-1,1,-1,1.0,0.0,0.0,robust isolated,2,1,grouped in ≥2
B396,Nehemiah Park,Playground,B,1.648,319,34,628,0.0,1.0,1.0,grouped,311,35,445,0.0,1.0,1.0,grouped,33,183,217,0.0,1.0,1.0,grouped,209,30,427,0.0,1.0,0.667,grouped,-1,1,-1,0.938,0.062,0.0,robust isolated,2,1,grouped in ≥2
B397,Carter G. Woodson Children's Park,Community Park,B,0.918,320,48,-1,0.0,1.0,0.667,grouped,311,35,445,0.0,1.0,1.0,grouped,33,183,217,0.0,1.0,1.0,grouped,209,30,428,0.0,1.0,1.0,grouped,-1,1,-1,0.625,0.312,0.188,unstable,2,0,grouped in ≥2
B398,Kosciuszko Street Garden,Garden,B,0.185,341,55,-1,0.333,0.667,0.667,grouped,380,67,553,0.125,0.75,0.542,grouped,34,220,227,0.0,1.0,1.0,grouped,233,2,489,0.0,0.333,0.333,grouped,-1,1,-1,1.0,0.0,0.0,robust isolated,2,1,grouped in ≥2
B399,Gardens Of Union,Garden,B,0.203,398,2,-1,0.333,0.333,0.333,grouped,-1,1,-1,0.417,0.583,0.25,unstable,31,79,193,0.0,1.0,1.0,grouped,-1,1,-1,0.667,0.333,0.0,unstable,-1,1,-1,0.75,0.0,0.0,unstable,0,0,definition-specific
B400,Hattie Carthan Community Garden,Garden,B,0.809,341,55,710,0.0,1.0,1.0,grouped,380,67,554,0.0,1.0,1.0,grouped,34,220,227,0.0,1.0,1.0,grouped,231,57,470,0.0,1.0,1.0,grouped,-1,1,-1,0.875,0.125,0.062,robust isolated,2,1,grouped in ≥2
B401,Grand Ferry Park,Neighborhood Park,B,1.7,335,47,684,0.0,1.0,0.667,grouped,370,53,533,0.0,1.0,1.0,grouped,34,220,227,0.0,1.0,0.5,grouped,216,3,444,0.0,0.667,0.667,grouped,-1,1,-1,0.75,0.0,0.0,unstable,2,0,grouped in ≥2
B402,George Walker Jr. Park,Neighborhood Park,B,0.591,308,3,-1,0.0,0.667,0.333,grouped,327,50,476,0.0,1.0,0.917,grouped,33,183,217,0.0,1.0,1.0,grouped,188,44,378,0.0,0.667,0.667,grouped,-1,1,-1,0.5,0.25,0.0,unstable,2,0,grouped in ≥2
B403,Harmony Park,Neighborhood Park,B,1.56,321,30,651,0.0,1.0,0.667,grouped,313,59,450,0.0,1.0,1.0,grouped,33,183,219,0.0,1.0,1.0,grouped,197,54,408,0.0,1.0,1.0,grouped,-1,1,-1,1.0,0.0,0.0,robust isolated,2,1,grouped in ≥2
B404,East Flatbush Children's Playground,Playground,B,0.106,320,48,635,0.0,1.0,0.333,grouped,317,2,-1,0.375,0.375,0.292,grouped,33,183,217,0.0,1.0,1.0,grouped,334,2,-1,0.333,0.0,0.0,grouped,602,2,-1,0.5,0.0,0.0,grouped,3,0,grouped in all
B405,Epiphany Playground,Playground,B,0.5,335,47,685,0.0,1.0,1.0,grouped,370,53,529,0.0,1.0,0.583,grouped,34,220,227,0.0,1.0,1.0,grouped,214,50,438,0.0,1.0,0.333,grouped,-1,1,-1,1.0,0.0,0.0,robust isolated,2,1,grouped in ≥2
B407,South Oxford Park,Neighborhood Park,B,1.187,343,17,741,0.0,1.0,0.667,grouped,380,67,551,0.25,0.75,0.25,grouped,34,220,228,0.0,1.0,0.5,grouped,231,57,473,0.0,1.0,0.0,grouped,-1,1,-1,1.0,0.0,0.0,robust isolated,2,1,grouped in ≥2
B408,Human Compass Garden,Garden,B,0.073,396,18,822,0.0,1.0,1.0,grouped,246,20,352,0.0,1.0,1.0,grouped,31,79,193,0.0,1.0,1.0,grouped,182,18,365,0.0,1.0,1.0,grouped,-1,1,-1,1.0,0.0,0.0,robust isolated,2,1,grouped in ≥2
B409,The Amazing Garden,Garden,B,0.103,396,18,822,0.0,1.0,1.0,grouped,246,20,352,0.0,1.0,1.0,grouped,31,79,193,0.0,1.0,1.0,grouped,182,18,365,0.0,1.0,1.0,grouped,-1,1,-1,1.0,0.0,0.0,robust isolated,2,1,grouped in ≥2
B410,The Backyard,Garden,B,0.225,396,18,822,0.0,1.0,1.0,grouped,246,20,352,0.0,0.75,0.75,grouped,31,79,193,0.0,1.0,1.0,grouped,182,18,365,0.0,1.0,0.778,grouped,-1,1,-1,1.0,0.0,0.0,robust isolated,2,1,grouped in ≥2
B411,Summit Street Community Garden,Garden,B,0.103,396,18,822,0.0,1.0,1.0,grouped,246,20,352,0.0,1.0,1.0,grouped,31,79,193,0.0,1.0,1.0,grouped,182,18,365,0.0,1.0,1.0,grouped,-1,1,-1,1.0,0.0,0.0,robust isolated,2,1,grouped in ≥2
B413,Hull Street Garden,Garden,B,0.32,320,48,639,0.0,1.0,0.667,grouped,313,59,453,0.0,1.0,0.875,grouped,33,183,220,0.0,1.0,1.0,grouped,197,54,397,0.0,1.0,0.667,grouped,-1,1,-1,1.0,0.0,0.0,robust isolated,2,1,grouped in ≥2
B414,E 4th Street Garden,Garden,B,0.184,294,12,571,0.0,1.0,0.333,grouped,254,9,-1,0.5,0.5,0.375,grouped,32,149,206,0.0,1.0,0.5,grouped,-1,1,-1,1.0,0.0,0.0,robust isolated,-1,1,-1,1.0,0.0,0.0,robust isolated,1,2,isolated in ≥2
B415,Georgia Ave Garden,Garden,B,0.037,319,34,630,0.0,1.0,0.667,grouped,311,35,445,0.0,1.0,0.75,grouped,33,183,217,0.0,1.0,1.0,grouped,209,30,426,0.0,1.0,0.667,grouped,-1,1,-1,1.0,0.0,0.0,robust isolated,2,1,grouped in ≥2
B416,TLC Sculpture Park Garden,Garden,B,0.172,320,48,-1,0.333,0.667,0.667,grouped,327,50,-1,0.0,1.0,1.0,grouped,33,183,217,0.0,1.0,1.0,grouped,208,4,425,0.0,1.0,0.667,grouped,-1,1,-1,0.625,0.25,0.25,unstable,2,0,grouped in ≥2
B417,PS 4K PARADISE GARDEN,Garden,B,0.3,309,39,598,0.0,1.0,1.0,grouped,327,50,476,0.0,1.0,1.0,grouped,33,183,217,0.0,1.0,1.0,grouped,188,44,379,0.0,1.0,1.0,grouped,-1,1,-1,0.812,0.188,0.062,robust isolated,2,1,grouped in ≥2
B418,Valentino Pier,Neighborhood Park,B,4.525,-1,1,-1,0.667,0.333,0.0,unstable,246,20,-1,0.5,0.5,0.167,grouped,31,79,193,0.0,1.0,0.5,grouped,183,2,-1,0.333,0.333,0.0,grouped,-1,1,-1,1.0,0.0,0.0,robust isolated,2,1,grouped in ≥2
B419,Sutter Ballfields,Recreational Field/Courts,B,1.836,309,39,598,0.0,1.0,1.0,grouped,327,50,476,0.0,1.0,1.0,grouped,33,183,217,0.0,1.0,1.0,grouped,188,44,379,0.0,1.0,1.0,grouped,-1,1,-1,0.625,0.125,0.0,unstable,2,0,grouped in ≥2
B420,Umoja Garden,Garden,B,0.206,321,30,-1,0.333,0.667,0.667,grouped,380,67,550,0.0,1.0,0.833,grouped,34,220,227,0.0,1.0,1.0,grouped,-1,1,-1,0.333,0.667,0.333,unstable,-1,1,-1,1.0,0.0,0.0,robust isolated,1,1,definition-specific
B421,Brooklyn Bears Carlton Av Garden,Garden,B,0.14,343,17,741,0.0,1.0,0.667,grouped,380,67,554,0.0,1.0,0.5,grouped,34,220,227,0.0,1.0,1.0,grouped,231,57,473,0.0,1.0,0.0,grouped,-1,1,-1,1.0,0.0,0.0,robust isolated,2,1,grouped in ≥2
B422,Bkln Bears Rockwell Pl Garden,Garden,B,0.082,343,17,740,0.0,1.0,0.667,grouped,380,67,554,0.0,1.0,1.0,grouped,34,220,227,0.0,1.0,1.0,grouped,231,57,473,0.0,1.0,1.0,grouped,-1,1,-1,0.875,0.0,0.0,robust isolated,2,1,grouped in ≥2
B423,Project Roots,Garden,B,0.172,340,13,703,0.0,1.0,1.0,grouped,-1,1,-1,0.583,0.417,0.417,unstable,34,220,227,0.0,1.0,1.0,grouped,-1,1,-1,1.0,0.0,0.0,robust isolated,-1,1,-1,1.0,0.0,0.0,robust isolated,0,2,isolated in ≥2
B424,Earth Spirit Garden,Garden,B,0.23,335,47,-1,0.333,0.667,0.667,grouped,-1,1,-1,0.75,0.25,0.25,unstable,34,220,-1,0.5,0.5,0.5,grouped,-1,1,-1,1.0,0.0,0.0,robust isolated,-1,1,-1,1.0,0.0,0.0,robust isolated,0,2,isolated in ≥2
B425,St Nicholas-olive St Garden,Garden,B,0.089,337,7,698,0.0,1.0,0.667,grouped,370,53,529,0.125,0.875,0.25,grouped,34,220,227,0.0,1.0,1.0,grouped,214,50,440,0.0,1.0,0.0,grouped,-1,1,-1,1.0,0.0,0.0,robust isolated,2,1,grouped in ≥2
B426,St Nicholas-powers St Garden,Garden,B,0.115,337,7,698,0.0,1.0,0.667,grouped,-1,1,-1,0.75,0.25,0.25,unstable,34,220,227,0.0,1.0,1.0,grouped,-1,1,-1,1.0,0.0,0.0,robust isolated,-1,1,-1,1.0,0.0,0.0,robust isolated,0,2,isolated in ≥2
B427,Sunshine Community Garden,Garden,B,0.115,340,13,-1,0.333,0.667,0.667,grouped,-1,1,-1,0.75,0.25,0.25,unstable,34,220,227,0.0,1.0,0.5,grouped,-1,1,-1,1.0,0.0,0.0,robust isolated,-1,1,-1,1.0,0.0,0.0,robust isolated,0,2,isolated in ≥2
B428,Goodwin Gardens,Garden,B,0.348,-1,1,-1,0.667,0.333,0.333,unstable,-1,1,-1,0.75,0.25,0.208,unstable,34,220,227,0.0,1.0,0.5,grouped,-1,1,-1,1.0,0.0,0.0,robust isolated,-1,1,-1,0.875,0.0,0.0,robust isolated,0,2,isolated in ≥2
B429,Hope Ballfield,Neighborhood Park,B,1.363,344,6,750,0.0,0.667,0.333,grouped,383,16,558,0.0,1.0,1.0,grouped,34,220,227,0.0,1.0,1.0,grouped,226,14,457,0.0,1.0,0.667,grouped,-1,1,-1,1.0,0.0,0.0,robust isolated,2,1,grouped in ≥2
B430,Lewis Playground,Playground,B,0.161,341,55,-1,0.333,0.667,0.667,grouped,380,67,554,0.0,1.0,1.0,grouped,34,220,227,0.0,1.0,1.0,grouped,231,57,470,0.0,1.0,0.667,grouped,-1,1,-1,0.812,0.125,0.0,robust isolated,2,1,grouped in ≥2
B431,Brooklyn Bridge Park,Community Park,B,21.377,397,40,829,0.0,1.0,1.0,grouped,247,30,354,0.0,1.0,1.0,grouped,31,79,192,0.0,1.0,1.0,grouped,180,36,358,0.0,1.0,1.0,grouped,-1,1,-1,0.875,0.125,0.125,robust isolated,2,1,grouped in ≥2
B432,American Veterans Memorial Pier,Waterfront Facility,B,3.169,424,13,888,0.0,1.0,1.0,grouped,240,2,-1,0.5,0.333,0.292,grouped,32,149,206,0.0,1.0,1.0,grouped,-1,1,-1,0.556,0.222,0.0,unstable,-1,1,-1,0.75,0.0,0.0,unstable,1,0,definition-specific
B433,Hendrick I. Lott House,Historic House Park,B,0.734,-1,1,-1,1.0,0.0,0.0,robust isolated,-1,1,-1,0.833,0.167,0.167,robust isolated,32,149,207,0.0,1.0,1.0,grouped,-1,1,-1,1.0,0.0,0.0,robust isolated,-1,1,-1,1.0,0.0,0.0,robust isolated,0,3,isolated in all
B435,Tilyou Playground,Playground,B,0.299,-1,1,-1,0.667,0.333,0.0,unstable,-1,1,-1,0.583,0.417,0.167,unstable,32,149,208,0.0,0.5,0.0,grouped,-1,1,-1,0.778,0.222,0.0,unstable,-1,1,-1,1.0,0.0,0.0,robust isolated,0,1,definition-specific
B436,Gethsemane Garden,Garden,B,0.045,319,34,628,0.0,1.0,0.667,grouped,311,35,445,0.0,1.0,1.0,grouped,33,183,217,0.0,1.0,1.0,grouped,209,30,427,0.0,1.0,1.0,grouped,-1,1,-1,0.75,0.0,0.0,unstable,2,0,grouped in ≥2
B438,700 Decatur St Block Association,Garden,B,0.115,320,48,641,0.0,0.667,0.667,grouped,313,59,450,0.0,1.0,0.708,grouped,33,183,219,0.0,1.0,1.0,grouped,197,54,400,0.0,0.667,0.333,grouped,455,3,-1,0.312,0.625,0.062,grouped,3,0,grouped in all
B439,All People's Church of the Apostolic Faith Community Garden,Garden,B,0.064,341,55,709,0.0,1.0,1.0,grouped,380,67,554,0.0,1.0,1.0,grouped,34,220,227,0.0,1.0,1.0,grouped,231,57,470,0.0,1.0,1.0,grouped,-1,1,-1,0.75,0.188,0.062,unstable,2,0,grouped in ≥2
B440,Amboy Neighborhood Center,Garden,B,0.391,319,34,625,0.0,1.0,1.0,grouped,311,35,445,0.0,1.0,1.0,grouped,33,183,217,0.0,1.0,1.0,grouped,209,30,428,0.0,1.0,1.0,grouped,-1,1,-1,0.625,0.25,0.125,unstable,2,0,grouped in ≥2
B441,American Heart,Garden,B,0.05,341,55,709,0.0,1.0,1.0,grouped,375,3,-1,0.333,0.667,0.292,grouped,34,220,227,0.0,1.0,1.0,grouped,332,3,-1,0.333,0.667,0.0,grouped,-1,1,-1,0.875,0.125,0.0,robust isolated,2,1,grouped in ≥2
B442,Ps 149 Artsy Bloom Community Garden,Garden,B,0.056,309,39,601,0.0,1.0,0.667,grouped,327,50,476,0.0,1.0,1.0,grouped,33,183,217,0.0,1.0,1.0,grouped,188,44,379,0.0,1.0,0.667,grouped,-1,1,-1,0.562,0.188,0.125,unstable,2,0,grouped in ≥2
B443,Atkins Gardeners,Garden,B,0.068,311,8,611,0.0,1.0,1.0,grouped,327,50,476,0.0,0.917,0.5,grouped,33,183,217,0.0,1.0,1.0,grouped,190,2,-1,0.333,0.333,0.0,grouped,-1,1,-1,0.875,0.0,0.0,robust isolated,2,1,grouped in ≥2
B444,Berry Street Garden,Garden,B,0.137,335,47,684,0.0,1.0,0.667,grouped,370,53,529,0.25,0.75,0.583,grouped,34,220,227,0.0,1.0,1.0,grouped,214,50,-1,0.333,0.667,0.333,grouped,-1,1,-1,1.0,0.0,0.0,robust isolated,2,1,grouped in ≥2
B445,Ten Eyck Houses Garden,Garden,B,0.114,340,13,702,0.0,1.0,1.0,grouped,-1,1,-1,0.75,0.25,0.25,unstable,34,220,-1,0.5,0.5,0.5,grouped,-1,1,-1,1.0,0.0,0.0,robust isolated,-1,1,-1,1.0,0.0,0.0,robust isolated,0,2,isolated in ≥2
B446,Big Red Garden,Garden,B,0.043,309,39,601,0.0,1.0,1.0,grouped,327,50,476,0.0,1.0,1.0,grouped,33,183,217,0.0,1.0,1.0,grouped,188,44,379,0.0,1.0,1.0,grouped,-1,1,-1,0.75,0.25,0.125,unstable,2,0,grouped in ≥2
B447,Causa Festival Garden,Garden,B,0.206,309,39,601,0.0,1.0,1.0,grouped,327,50,476,0.0,1.0,1.0,grouped,33,183,217,0.0,1.0,1.0,grouped,188,44,379,0.0,1.0,1.0,grouped,-1,1,-1,0.75,0.25,0.125,unstable,2,0,grouped in ≥2
B448,Cedar Tree Garden,Garden,B,0.177,341,55,-1,0.333,0.667,0.667,grouped,380,67,554,0.0,1.0,1.0,grouped,34,220,227,0.0,1.0,1.0,grouped,231,57,-1,0.333,0.667,0.667,grouped,-1,1,-1,1.0,0.0,0.0,robust isolated,2,1,grouped in ≥2
B449,New Vision Garden,Garden,B,0.321,309,39,599,0.0,1.0,1.0,grouped,327,50,476,0.0,1.0,1.0,grouped,33,183,217,0.0,1.0,1.0,grouped,188,44,379,0.0,1.0,0.667,grouped,-1,1,-1,0.625,0.312,0.125,unstable,2,0,grouped in ≥2
B450,Clara's Garden,Garden,B,0.129,309,39,598,0.0,1.0,1.0,grouped,327,50,476,0.0,1.0,1.0,grouped,33,183,217,0.0,1.0,1.0,grouped,188,44,379,0.0,1.0,1.0,grouped,-1,1,-1,0.562,0.375,0.312,unstable,2,0,grouped in ≥2
B451,Clifton Pl Memorial Park and Garden,Garden,B,0.165,341,55,712,0.0,1.0,0.667,grouped,380,67,554,0.0,1.0,1.0,grouped,34,220,227,0.0,1.0,1.0,grouped,231,57,470,0.0,1.0,0.667,grouped,519,2,559,0.25,0.0,0.0,grouped,3,0,grouped in all
B452,Concerned Residents of Barbey Street,Garden,B,0.052,309,39,598,0.0,1.0,1.0,grouped,327,50,476,0.0,1.0,1.0,grouped,33,183,217,0.0,1.0,1.0,grouped,188,44,379,0.0,1.0,1.0,grouped,558,2,-1,0.375,0.625,0.375,grouped,3,0,grouped in all
B453,Concerned Residents of Montauk Avenue,Garden,B,0.091,311,8,611,0.0,1.0,1.0,grouped,327,50,476,0.0,1.0,0.75,grouped,33,183,217,0.0,1.0,1.0,grouped,188,44,380,0.0,1.0,0.667,grouped,544,2,585,0.0,0.25,0.0,grouped,3,0,grouped in all
B454,Cooper St Block Buster Bl Association,Garden,B,0.16,320,48,-1,0.333,0.667,0.667,grouped,-1,1,-1,0.75,0.25,0.25,unstable,34,220,227,0.0,1.0,1.0,grouped,-1,1,-1,0.889,0.111,0.0,robust isolated,-1,1,-1,1.0,0.0,0.0,robust isolated,0,2,isolated in ≥2
B455,Crystal Wells Block Association,Garden,B,0.344,311,8,612,0.0,1.0,0.667,grouped,327,50,476,0.0,1.0,0.625,grouped,33,183,217,0.0,1.0,1.0,grouped,188,44,381,0.0,1.0,1.0,grouped,-1,1,-1,1.0,0.0,0.0,robust isolated,2,1,grouped in ≥2
B456,Walt L Shemal Garden,Garden,B,0.149,345,2,753,0.0,0.333,0.333,grouped,367,2,-1,0.417,0.583,0.375,grouped,34,220,228,0.0,1.0,1.0,grouped,-1,1,-1,1.0,0.0,0.0,robust isolated,-1,1,-1,0.875,0.062,0.0,robust isolated,1,2,isolated in ≥2
B458,East End Community Garden,Garden,B,0.161,309,39,598,0.0,1.0,1.0,grouped,327,50,476,0.0,1.0,1.0,grouped,33,183,217,0.0,1.0,1.0,grouped,188,44,379,0.0,1.0,1.0,grouped,-1,1,-1,0.688,0.312,0.125,unstable,2,0,grouped in ≥2
B459,Eastern Parkway Coalition,Garden,B,0.44,300,9,584,0.0,1.0,1.0,grouped,366,11,522,0.0,1.0,1.0,grouped,34,220,228,0.0,1.0,1.0,grouped,231,57,485,0.0,1.0,1.0,grouped,-1,1,-1,1.0,0.0,0.0,robust isolated,2,1,grouped in ≥2
B460,Elton St Block Association,Garden,B,0.097,309,39,-1,0.333,0.667,0.667,grouped,327,50,476,0.167,0.75,0.417,grouped,33,183,217,0.0,1.0,1.0,grouped,189,2,387,0.0,0.333,0.333,grouped,587,2,629,0.25,0.0,0.0,grouped,3,0,grouped in all
B461,Euclid Garden,Garden,B,0.181,312,2,-1,0.333,0.333,0.333,grouped,330,2,484,0.25,0.5,0.333,grouped,33,183,217,0.0,1.0,1.0,grouped,333,2,655,0.0,0.0,0.0,grouped,-1,1,-1,1.0,0.0,0.0,robust isolated,2,1,grouped in ≥2
B462,Family Community Garden,Garden,B,0.275,309,39,-1,0.333,0.667,0.667,grouped,329,2,-1,0.5,0.5,0.5,grouped,33,183,217,0.0,1.0,0.5,grouped,-1,1,-1,1.0,0.0,0.0,robust isolated,-1,1,-1,0.875,0.0,0.0,robust isolated,1,2,isolated in ≥2
B463,Fantasy Garden,Garden,B,0.23,319,34,625,0.0,1.0,1.0,grouped,311,35,445,0.0,1.0,1.0,grouped,33,183,217,0.0,1.0,1.0,grouped,209,30,428,0.0,1.0,1.0,grouped,-1,1,-1,0.875,0.125,0.125,robust isolated,2,1,grouped in ≥2
B464,Farmers Garden,Garden,B,0.154,320,48,640,0.0,0.667,0.667,grouped,313,59,450,0.0,1.0,1.0,grouped,33,183,219,0.0,1.0,1.0,grouped,197,54,-1,0.333,0.667,0.667,grouped,-1,1,-1,1.0,0.0,0.0,robust isolated,2,1,grouped in ≥2
B465,First Quincy St Block Association,Garden,B,0.13,341,55,-1,0.333,0.667,0.667,grouped,378,3,-1,0.25,0.708,0.417,grouped,34,220,227,0.0,1.0,1.0,grouped,-1,1,-1,0.667,0.333,0.0,unstable,538,3,578,0.0,0.625,0.125,grouped,2,0,grouped in ≥2
B466,First Temple Of David,Garden,B,0.049,309,39,601,0.0,1.0,1.0,grouped,327,50,476,0.167,0.833,0.75,grouped,33,183,217,0.0,1.0,1.0,grouped,-1,1,-1,0.667,0.333,0.333,unstable,-1,1,-1,1.0,0.0,0.0,robust isolated,1,1,definition-specific
B467,Floral Vineyard,Garden,B,0.107,309,39,598,0.0,1.0,1.0,grouped,327,50,476,0.0,1.0,1.0,grouped,33,183,217,0.0,1.0,1.0,grouped,188,44,379,0.0,1.0,0.667,grouped,-1,1,-1,1.0,0.0,0.0,robust isolated,2,1,grouped in ≥2
B468,Escape To Nature,Garden,B,0.032,309,39,598,0.0,1.0,1.0,grouped,327,50,476,0.0,1.0,1.0,grouped,33,183,217,0.0,1.0,1.0,grouped,188,44,379,0.0,1.0,1.0,grouped,-1,1,-1,0.5,0.375,0.188,unstable,2,0,grouped in ≥2
B469,Good Shepherds Garden,Garden,B,0.114,309,39,-1,0.333,0.667,0.667,grouped,-1,1,-1,0.75,0.25,0.25,unstable,33,183,217,0.0,1.0,1.0,grouped,-1,1,-1,1.0,0.0,0.0,robust isolated,-1,1,-1,1.0,0.0,0.0,robust isolated,0,2,isolated in ≥2
B470,Granite St Block Association,Garden,B,0.172,320,48,639,0.0,1.0,0.667,grouped,-1,1,-1,0.75,0.25,0.167,unstable,34,220,-1,0.5,0.5,0.5,grouped,-1,1,-1,1.0,0.0,0.0,robust isolated,-1,1,-1,1.0,0.0,0.0,robust isolated,0,2,isolated in ≥2
B471,Green Gems,Garden,B,0.539,311,8,612,0.0,1.0,0.667,grouped,327,50,476,0.0,1.0,0.875,grouped,33,183,217,0.0,1.0,1.0,grouped,188,44,381,0.0,1.0,1.0,grouped,-1,1,-1,0.812,0.125,0.062,robust isolated,2,1,grouped in ≥2
B472,Greene Av United Neighbors Association *,Garden,B,0.046,341,55,712,0.0,1.0,0.667,grouped,380,67,554,0.0,1.0,1.0,grouped,34,220,227,0.0,1.0,1.0,grouped,231,57,470,0.0,1.0,0.667,grouped,-1,1,-1,1.0,0.0,0.0,robust isolated,2,1,grouped in ≥2
B473,Hancock T and T,Garden,B,0.081,341,55,714,0.0,0.667,0.333,grouped,380,67,552,0.25,0.75,0.333,grouped,34,220,227,0.0,1.0,1.0,grouped,-1,1,-1,0.667,0.333,0.0,unstable,-1,1,-1,0.812,0.125,0.0,robust isolated,1,1,definition-specific
B474,Hart to Hart,Garden,B,0.332,341,55,709,0.0,1.0,1.0,grouped,375,3,-1,0.333,0.667,0.292,grouped,34,220,227,0.0,1.0,1.0,grouped,332,3,-1,0.333,0.667,0.0,grouped,-1,1,-1,0.875,0.125,0.0,robust isolated,2,1,grouped in ≥2
B475,Herbal Garden of East NY,Garden,B,0.248,309,39,598,0.0,1.0,1.0,grouped,327,50,476,0.0,1.0,1.0,grouped,33,183,217,0.0,1.0,1.0,grouped,188,44,379,0.0,1.0,1.0,grouped,-1,1,-1,0.562,0.438,0.312,unstable,2,0,grouped in ≥2
B476,Sh'ma Yisrael,Garden,B,0.145,320,48,635,0.0,1.0,0.667,grouped,313,59,450,0.0,1.0,1.0,grouped,33,183,219,0.0,1.0,1.0,grouped,197,54,397,0.0,1.0,1.0,grouped,452,3,483,0.0,0.625,0.0,grouped,3,0,grouped in all
B477,Jerome Gardens,Garden,B,0.036,309,39,598,0.0,1.0,0.667,grouped,327,50,476,0.0,1.0,1.0,grouped,33,183,217,0.0,1.0,1.0,grouped,188,44,379,0.0,1.0,1.0,grouped,-1,1,-1,0.625,0.312,0.188,unstable,2,0,grouped in ≥2
B478,Jerry and The Senior Gents,Garden,B,0.057,309,39,598,0.0,1.0,1.0,grouped,327,50,476,0.0,1.0,1.0,grouped,33,183,217,0.0,1.0,1.0,grouped,188,44,379,0.0,1.0,1.0,grouped,-1,1,-1,0.625,0.25,0.125,unstable,2,0,grouped in ≥2
B479,Lefferts Pl Block Association,Garden,B,0.068,346,8,754,0.0,1.0,0.667,grouped,376,2,-1,0.25,0.5,0.5,grouped,34,220,227,0.0,1.0,1.0,grouped,328,2,-1,0.333,0.0,0.0,grouped,495,2,-1,0.375,0.0,0.0,grouped,3,0,grouped in all
B480,Lincoln Rd Block Association,Garden,B,0.065,299,4,-1,0.333,0.667,0.333,grouped,366,11,-1,0.292,0.708,0.25,grouped,33,183,219,0.0,1.0,1.0,grouped,-1,1,-1,0.667,0.333,0.0,unstable,-1,1,-1,0.938,0.0,0.0,robust isolated,1,1,definition-specific
B481,Madison Square Garden Association,Garden,B,0.165,344,6,749,0.0,0.667,0.333,grouped,383,16,-1,0.375,0.625,0.25,grouped,34,220,227,0.0,1.0,1.0,grouped,226,14,457,0.0,1.0,0.0,grouped,-1,1,-1,0.875,0.0,0.0,robust isolated,2,1,grouped in ≥2
B482,Madison Street Block Association,Garden,B,0.08,346,8,-1,0.333,0.667,0.667,grouped,380,67,554,0.0,1.0,0.75,grouped,34,220,227,0.0,1.0,1.0,grouped,231,57,470,0.0,1.0,0.333,grouped,-1,1,-1,0.625,0.375,0.125,unstable,2,0,grouped in ≥2
B483,Manley's Pl,Garden,B,0.28,311,8,611,0.0,1.0,1.0,grouped,327,50,476,0.0,1.0,1.0,grouped,33,183,217,0.0,1.0,1.0,grouped,188,44,380,0.0,1.0,0.667,grouped,-1,1,-1,0.875,0.062,0.0,robust isolated,2,1,grouped in ≥2
B484,Gregory's Garden,Garden,B,0.119,309,39,598,0.0,1.0,0.667,grouped,328,2,481,0.25,0.5,0.417,grouped,33,183,217,0.0,1.0,1.0,grouped,329,2,-1,0.333,0.0,0.0,grouped,496,2,534,0.0,0.0,0.0,grouped,3,0,grouped in all
B485,Ps 53,Garden,B,0.061,309,39,601,0.0,1.0,1.0,grouped,327,50,476,0.0,1.0,0.5,grouped,33,183,217,0.0,1.0,1.0,grouped,188,44,379,0.0,1.0,0.0,grouped,-1,1,-1,1.0,0.0,0.0,robust isolated,2,1,grouped in ≥2
B486,Green Valley Garden,Garden,B,0.19,319,34,631,0.0,1.0,1.0,grouped,311,35,445,0.0,1.0,1.0,grouped,33,183,217,0.0,1.0,1.0,grouped,209,30,427,0.0,1.0,1.0,grouped,-1,1,-1,0.75,0.25,0.0,unstable,2,0,grouped in ≥2
B487,Preston Community Garden,Garden,B,0.058,320,48,638,0.0,1.0,0.667,grouped,313,59,450,0.0,1.0,1.0,grouped,33,183,219,0.0,1.0,1.0,grouped,197,54,-1,0.333,0.667,0.667,grouped,-1,1,-1,0.812,0.062,0.0,robust isolated,2,1,grouped in ≥2
B488,Red Gate Garden,Garden,B,0.104,341,55,709,0.0,1.0,1.0,grouped,380,67,554,0.0,1.0,1.0,grouped,34,220,227,0.0,1.0,1.0,grouped,231,57,470,0.0,1.0,1.0,grouped,-1,1,-1,0.938,0.0,0.0,robust isolated,2,1,grouped in ≥2
B489,Red Shed Garden,Garden,B,0.123,337,7,698,0.0,1.0,0.667,grouped,370,53,529,0.0,1.0,0.75,grouped,34,220,227,0.0,1.0,1.0,grouped,214,50,440,0.0,1.0,0.333,grouped,-1,1,-1,1.0,0.0,0.0,robust isolated,2,1,grouped in ≥2
B490,Santos White Garden,Garden,B,0.141,439,5,-1,0.333,0.667,0.333,grouped,300,12,-1,0.5,0.5,0.5,grouped,32,149,207,0.0,1.0,1.0,grouped,-1,1,-1,1.0,0.0,0.0,robust isolated,-1,1,-1,1.0,0.0,0.0,robust isolated,1,2,isolated in ≥2
B491,Shield Of Faith,Garden,B,0.172,311,8,-1,0.333,0.667,0.667,grouped,327,50,476,0.0,1.0,1.0,grouped,33,183,217,0.0,1.0,1.0,grouped,188,44,380,0.0,1.0,0.667,grouped,544,2,585,0.0,0.25,0.0,grouped,3,0,grouped in all
B492,St John Cantius Parish,Garden,B,0.183,309,39,600,0.0,0.667,0.667,grouped,327,50,476,0.0,1.0,0.25,grouped,33,183,217,0.0,1.0,1.0,grouped,188,44,379,0.0,1.0,0.0,grouped,-1,1,-1,1.0,0.0,0.0,robust isolated,2,1,grouped in ≥2
B493,Upon This Rock Comm Garden,Garden,B,0.081,311,8,611,0.0,1.0,1.0,grouped,327,50,476,0.0,1.0,1.0,grouped,33,183,217,0.0,1.0,1.0,grouped,188,44,380,0.0,1.0,0.667,grouped,-1,1,-1,0.938,0.062,0.0,robust isolated,2,1,grouped in ≥2
B494,Vernon Tandt Block Association,Garden,B,0.152,341,55,709,0.0,1.0,1.0,grouped,380,67,554,0.0,1.0,0.875,grouped,34,220,227,0.0,1.0,1.0,grouped,231,57,470,0.0,1.0,1.0,grouped,471,3,506,0.125,0.625,0.0,grouped,3,0,grouped in all
B495,Vernon/throop Av Block Association,Garden,B,0.039,341,55,709,0.0,1.0,1.0,grouped,380,67,554,0.0,1.0,0.917,grouped,34,220,227,0.0,1.0,1.0,grouped,231,57,470,0.0,1.0,1.0,grouped,471,3,-1,0.5,0.5,0.0,grouped,3,0,grouped in all
B496,Victory Garden,Garden,B,0.046,309,39,599,0.0,1.0,1.0,grouped,327,50,476,0.0,1.0,1.0,grouped,33,183,217,0.0,1.0,1.0,grouped,188,44,379,0.0,1.0,0.667,grouped,-1,1,-1,0.625,0.25,0.0,unstable,2,0,grouped in ≥2
B498,Louis Pl Friends,Garden,B,0.041,320,48,-1,0.333,0.667,0.667,grouped,-1,1,-1,0.792,0.208,0.208,unstable,33,183,219,0.0,1.0,1.0,grouped,-1,1,-1,1.0,0.0,0.0,robust isolated,-1,1,-1,1.0,0.0,0.0,robust isolated,0,2,isolated in ≥2
B499,Madison Community Greenthumb,Garden,B,0.057,321,30,-1,0.333,0.667,0.667,grouped,380,67,550,0.0,1.0,0.833,grouped,34,220,227,0.0,1.0,1.0,grouped,232,4,488,0.0,1.0,0.333,grouped,-1,1,-1,0.625,0.375,0.188,unstable,2,0,grouped in ≥2
B500,Patrick Van Doren Pocket Park,Garden,B,0.039,321,30,-1,0.333,0.667,0.667,grouped,378,3,-1,0.25,0.708,0.5,grouped,34,220,227,0.0,1.0,1.0,grouped,-1,1,-1,0.667,0.333,0.0,unstable,538,3,-1,0.375,0.625,0.125,grouped,2,0,grouped in ≥2
B501,St Mark's Block Association,Garden,B,0.211,320,48,638,0.0,1.0,0.667,grouped,313,59,450,0.0,1.0,1.0,grouped,33,183,219,0.0,1.0,1.0,grouped,197,54,397,0.0,1.0,0.667,grouped,458,2,-1,0.375,0.062,0.0,grouped,3,0,grouped in all
B502,Shiloh Garden,Garden,B,0.074,341,55,713,0.0,1.0,1.0,grouped,380,67,554,0.0,1.0,0.5,grouped,34,220,227,0.0,1.0,1.0,grouped,231,57,-1,0.333,0.667,0.0,grouped,505,2,-1,0.5,0.5,0.25,grouped,3,0,grouped in all
B503,Stars Of Hope,Garden,B,0.033,346,8,-1,0.333,0.667,0.667,grouped,380,67,554,0.0,1.0,1.0,grouped,34,220,227,0.0,1.0,1.0,grouped,231,57,470,0.0,1.0,0.667,grouped,-1,1,-1,0.688,0.312,0.0,unstable,2,0,grouped in ≥2
B504,Ponderosa Garden,Garden,B,0.191,323,2,-1,0.333,0.333,0.333,grouped,-1,1,-1,0.75,0.25,0.25,unstable,32,149,207,0.0,1.0,0.5,grouped,-1,1,-1,1.0,0.0,0.0,robust isolated,-1,1,-1,1.0,0.0,0.0,robust isolated,0,2,isolated in ≥2
B505,Sterling Community Group,Garden,B,0.116,320,48,638,0.0,1.0,0.667,grouped,313,59,450,0.0,1.0,1.0,grouped,33,183,219,0.0,1.0,1.0,grouped,197,54,397,0.0,1.0,0.667,grouped,-1,1,-1,1.0,0.0,0.0,robust isolated,2,1,grouped in ≥2
B506,Prophecy Garden,Garden,B,0.091,319,34,630,0.0,1.0,0.667,grouped,-1,1,-1,0.75,0.25,0.25,unstable,33,183,-1,0.5,0.5,0.5,grouped,-1,1,-1,1.0,0.0,0.0,robust isolated,-1,1,-1,1.0,0.0,0.0,robust isolated,0,2,isolated in ≥2
B507,A Better Community Garden,Garden,B,0.189,321,30,650,0.0,1.0,1.0,grouped,313,59,452,0.0,0.75,0.625,grouped,33,183,219,0.0,1.0,1.0,grouped,200,2,417,0.0,0.333,0.333,grouped,-1,1,-1,0.75,0.25,0.0,unstable,2,0,grouped in ≥2
B508,Vernon Cases Community Garden,Garden,B,0.165,341,55,-1,0.333,0.667,0.667,grouped,380,67,554,0.0,1.0,0.917,grouped,34,220,227,0.0,1.0,1.0,grouped,231,57,470,0.0,1.0,0.667,grouped,471,3,506,0.125,0.625,0.0,grouped,3,0,grouped in all
B509,Jordan Magic Garden,Garden,B,0.164,309,39,598,0.0,1.0,1.0,grouped,327,50,476,0.0,1.0,1.0,grouped,33,183,217,0.0,1.0,1.0,grouped,188,44,379,0.0,1.0,1.0,grouped,-1,1,-1,0.875,0.125,0.0,robust isolated,2,1,grouped in ≥2
B510,Marcus Garvey Tenant's Assoc. Garden,Garden,B,0.23,320,48,635,0.0,1.0,1.0,grouped,311,35,445,0.0,1.0,0.5,grouped,33,183,217,0.0,1.0,1.0,grouped,209,30,-1,0.333,0.667,0.0,grouped,-1,1,-1,1.0,0.0,0.0,robust isolated,2,1,grouped in ≥2
B511,Jes Good Rewards Childeren's Garden,Garden,B,0.213,319,34,625,0.0,1.0,1.0,grouped,311,35,445,0.0,1.0,1.0,grouped,33,183,217,0.0,1.0,1.0,grouped,209,30,428,0.0,1.0,1.0,grouped,-1,1,-1,0.625,0.188,0.125,unstable,2,0,grouped in ≥2
B512,Hoparkinson R&L Block Association Garden,Garden,B,0.104,319,34,625,0.0,1.0,0.667,grouped,311,35,-1,0.25,0.75,0.667,grouped,33,183,217,0.0,1.0,1.0,grouped,-1,1,-1,0.333,0.667,0.667,unstable,-1,1,-1,0.875,0.0,0.0,robust isolated,1,1,definition-specific
B513,United Community Centers Youth Farm,Garden,B,0.138,319,34,628,0.0,1.0,1.0,grouped,311,35,445,0.0,1.0,1.0,grouped,33,183,217,0.0,1.0,1.0,grouped,209,30,427,0.0,1.0,1.0,grouped,-1,1,-1,0.875,0.062,0.0,robust isolated,2,1,grouped in ≥2
B514,Nehemiah Ten Garden,Garden,B,0.275,309,39,598,0.0,1.0,0.667,grouped,327,50,476,0.0,1.0,1.0,grouped,33,183,217,0.0,1.0,1.0,grouped,188,44,379,0.0,1.0,1.0,grouped,549,2,590,0.0,0.438,0.125,grouped,3,0,grouped in all
B515,United Community Center,Garden,B,0.525,309,39,599,0.0,1.0,1.0,grouped,327,50,476,0.0,1.0,1.0,grouped,33,183,217,0.0,1.0,1.0,grouped,188,44,379,0.0,1.0,0.667,grouped,-1,1,-1,0.5,0.375,0.125,unstable,2,0,grouped in ≥2
B516,Powell Street Livonia Garden,Garden,B,0.459,319,34,626,0.0,1.0,1.0,grouped,311,35,445,0.0,1.0,1.0,grouped,33,183,217,0.0,1.0,1.0,grouped,209,30,427,0.0,1.0,0.667,grouped,-1,1,-1,0.812,0.062,0.0,robust isolated,2,1,grouped in ≥2
B517,Phoenix Community Garden,Garden,B,0.475,320,48,636,0.0,0.667,0.667,grouped,313,59,453,0.0,1.0,1.0,grouped,33,183,220,0.0,1.0,1.0,grouped,197,54,397,0.0,1.0,0.667,grouped,-1,1,-1,0.75,0.25,0.188,unstable,2,0,grouped in ≥2
B518,Victory Garden's Group,Garden,B,0.058,321,30,-1,0.333,0.667,0.667,grouped,-1,1,-1,0.583,0.417,0.25,unstable,34,220,227,0.0,1.0,1.0,grouped,-1,1,-1,1.0,0.0,0.0,robust isolated,-1,1,-1,1.0,0.0,0.0,robust isolated,0,2,isolated in ≥2
B519,Spencer St Block Association,Garden,B,0.043,341,55,-1,0.333,0.667,0.333,grouped,-1,1,-1,0.75,0.25,0.25,unstable,34,220,227,0.0,1.0,1.0,grouped,-1,1,-1,1.0,0.0,0.0,robust isolated,-1,1,-1,1.0,0.0,0.0,robust isolated,0,2,isolated in ≥2
B521,Oriental Garden,Garden,B,0.191,309,39,598,0.0,1.0,1.0,grouped,327,50,476,0.0,1.0,1.0,grouped,33,183,217,0.0,1.0,1.0,grouped,188,44,379,0.0,1.0,1.0,grouped,549,2,590,0.0,0.438,0.125,grouped,3,0,grouped in all
B522,Jerome-Glenmore Cornerstone Community Garden,Garden,B,0.198,309,39,598,0.0,1.0,1.0,grouped,327,50,476,0.0,1.0,1.0,grouped,33,183,217,0.0,1.0,1.0,grouped,188,44,379,0.0,1.0,1.0,grouped,558,2,-1,0.375,0.625,0.188,grouped,3,0,grouped in all
B525,Sumpter Community Garden,Garden,B,0.057,321,30,-1,0.333,0.667,0.667,grouped,-1,1,-1,0.375,0.625,0.25,unstable,33,183,219,0.0,1.0,0.5,grouped,197,54,399,0.0,0.667,0.0,grouped,-1,1,-1,1.0,0.0,0.0,robust isolated,1,1,definition-specific
B526,Cleveland Street Vegetable Garden,Garden,B,0.09,309,39,598,0.0,1.0,1.0,grouped,327,50,476,0.0,1.0,0.25,grouped,33,183,217,0.0,1.0,1.0,grouped,188,44,379,0.0,1.0,0.0,grouped,-1,1,-1,1.0,0.0,0.0,robust isolated,2,1,grouped in ≥2
B527,Hands and Heart Garden,Garden,B,0.614,319,34,630,0.0,1.0,0.667,grouped,311,35,445,0.0,1.0,1.0,grouped,33,183,217,0.0,1.0,1.0,grouped,209,30,426,0.0,1.0,0.667,grouped,-1,1,-1,1.0,0.0,0.0,robust isolated,2,1,grouped in ≥2
B528,Howard Av Block Association,Garden,B,0.219,319,34,629,0.0,0.667,0.667,grouped,-1,1,-1,0.5,0.5,0.5,unstable,33,183,217,0.0,1.0,1.0,grouped,-1,1,-1,0.778,0.222,0.111,unstable,-1,1,-1,1.0,0.0,0.0,robust isolated,0,1,definition-specific
B529,Bushwick Inlet Park,Neighborhood Park,B,35.533,335,47,683,0.0,0.667,0.667,grouped,370,53,529,0.0,1.0,1.0,grouped,34,220,227,0.0,1.0,1.0,grouped,214,50,438,0.0,1.0,1.0,grouped,-1,1,-1,1.0,0.0,0.0,robust isolated,2,1,grouped in ≥2
B530,Seasons of Vision,Garden,B,0.083,321,30,650,0.0,1.0,1.0,grouped,313,59,-1,0.25,0.75,0.75,grouped,33,183,219,0.0,1.0,1.0,grouped,-1,1,-1,0.667,0.333,0.333,unstable,-1,1,-1,0.875,0.0,0.0,robust isolated,1,1,definition-specific
B531,Garden of Plenty,Garden,B,0.062,321,30,650,0.0,1.0,1.0,grouped,313,59,450,0.0,1.0,0.75,grouped,33,183,219,0.0,1.0,1.0,grouped,197,54,-1,0.333,0.667,0.556,grouped,571,2,613,0.25,0.0,0.0,grouped,3,0,grouped in all
B532,F.A.R.R. Community Garden,Garden,B,0.028,321,30,650,0.0,1.0,1.0,grouped,313,59,452,0.0,0.75,0.75,grouped,33,183,219,0.0,1.0,1.0,grouped,200,2,417,0.0,0.333,0.333,grouped,-1,1,-1,0.688,0.25,0.0,unstable,2,0,grouped in ≥2
B533,Abib Newborn Garden,Garden,B,0.249,319,34,628,0.0,1.0,1.0,grouped,311,35,445,0.0,1.0,1.0,grouped,33,183,217,0.0,1.0,1.0,grouped,209,30,427,0.0,1.0,1.0,grouped,-1,1,-1,1.0,0.0,0.0,robust isolated,2,1,grouped in ≥2
B535,400 Montauk Av Block Assn,Garden,B,0.092,310,2,610,0.0,0.333,0.333,grouped,327,50,476,0.083,0.917,0.917,grouped,33,183,217,0.0,1.0,1.0,grouped,188,44,-1,0.333,0.667,0.667,grouped,-1,1,-1,0.688,0.312,0.062,unstable,2,0,grouped in ≥2
B536,North 5th Street Pier and Park,Waterfront Facility,B,3.083,335,47,683,0.0,0.667,0.667,grouped,-1,1,-1,0.75,0.25,0.25,unstable,34,220,227,0.0,1.0,0.5,grouped,-1,1,-1,1.0,0.0,0.0,robust isolated,-1,1,-1,1.0,0.0,0.0,robust isolated,0,2,isolated in ≥2
B537,Park,Triangle/Plaza,B,0.013,346,8,754,0.0,1.0,0.667,grouped,380,67,554,0.0,0.917,0.75,grouped,34,220,227,0.0,1.0,1.0,grouped,231,57,471,0.0,0.667,0.333,grouped,-1,1,-1,0.75,0.25,0.0,unstable,2,0,grouped in ≥2
B538,Welcome Home Garden,Garden,B,0.059,321,30,652,0.0,1.0,0.667,grouped,313,59,453,0.0,1.0,1.0,grouped,34,220,227,0.0,1.0,1.0,grouped,197,54,411,0.0,1.0,1.0,grouped,510,3,550,0.0,0.75,0.188,grouped,3,0,grouped in all
B540,Neighborhood Community Garden,Garden,B,0.073,321,30,651,0.0,1.0,0.667,grouped,313,59,450,0.083,0.917,0.708,grouped,33,183,219,0.0,1.0,1.0,grouped,197,54,408,0.0,1.0,1.0,grouped,458,2,-1,0.375,0.062,0.0,grouped,3,0,grouped in all
B541,Berriman Playground,Playground,B,0.959,317,6,-1,0.333,0.667,0.333,grouped,324,12,467,0.0,1.0,1.0,grouped,33,183,221,0.0,1.0,0.5,grouped,331,12,645,0.0,0.667,0.667,grouped,537,2,577,0.0,0.0,0.0,grouped,3,0,grouped in all
B543,East New York Farms Garden,Garden,B,0.101,309,39,599,0.0,1.0,1.0,grouped,327,50,476,0.0,1.0,1.0,grouped,33,183,217,0.0,1.0,1.0,grouped,188,44,379,0.0,1.0,0.667,grouped,-1,1,-1,0.875,0.125,0.062,robust isolated,2,1,grouped in ≥2
B544,100 Quincy Street Community Garden,Garden,B,0.052,341,55,-1,0.333,0.667,0.333,grouped,378,3,-1,0.375,0.625,0.375,grouped,34,220,227,0.0,1.0,1.0,grouped,-1,1,-1,0.667,0.333,0.0,unstable,538,3,578,0.0,0.625,0.125,grouped,2,0,grouped in ≥2
B545,Oko Farms Aquaponics Education Garden,Garden,B,0.057,340,13,-1,0.333,0.667,0.667,grouped,-1,1,-1,0.75,0.25,0.25,unstable,34,220,227,0.0,1.0,1.0,grouped,-1,1,-1,1.0,0.0,0.0,robust isolated,-1,1,-1,1.0,0.0,0.0,robust isolated,0,2,isolated in ≥2
B546,The Feeding Tree,Garden,B,0.039,341,55,713,0.0,1.0,1.0,grouped,380,67,554,0.0,1.0,1.0,grouped,34,220,227,0.0,1.0,1.0,grouped,231,57,470,0.0,1.0,0.667,grouped,-1,1,-1,0.688,0.312,0.125,unstable,2,0,grouped in ≥2
B548,Park,Neighborhood Park,B,1.351,317,6,620,0.0,1.0,0.333,grouped,324,12,467,0.0,1.0,1.0,grouped,33,183,221,0.0,1.0,0.5,grouped,331,12,644,0.0,1.0,0.667,grouped,537,2,577,0.0,0.0,0.0,grouped,3,0,grouped in all
B549,Whole Neighborhood Garden,Garden,B,0.091,341,55,712,0.0,1.0,0.667,grouped,380,67,554,0.0,1.0,1.0,grouped,34,220,227,0.0,1.0,1.0,grouped,231,57,470,0.0,1.0,0.667,grouped,-1,1,-1,0.875,0.125,0.0,robust isolated,2,1,grouped in ≥2
B550,Keap Fourth Community Garden,Garden,B,0.066,335,47,681,0.0,1.0,1.0,grouped,370,53,529,0.0,1.0,1.0,grouped,34,220,227,0.0,1.0,1.0,grouped,214,50,438,0.0,1.0,1.0,grouped,-1,1,-1,0.875,0.125,0.0,robust isolated,2,1,grouped in ≥2
B551,Vinegar Hill Community Garden,Garden,B,0.064,397,40,828,0.0,1.0,1.0,grouped,247,30,354,0.25,0.75,0.75,grouped,31,79,194,0.0,0.5,0.0,grouped,180,36,358,0.0,1.0,0.778,grouped,-1,1,-1,1.0,0.0,0.0,robust isolated,2,1,grouped in ≥2
B552,Grand Street Community Garden,Garden,B,0.045,335,47,-1,0.333,0.667,0.667,grouped,370,53,533,0.0,1.0,1.0,grouped,34,220,227,0.0,1.0,0.5,grouped,216,3,-1,0.333,0.667,0.667,grouped,-1,1,-1,0.75,0.0,0.0,unstable,2,0,grouped in ≥2
B553,61 Franklin Street Garden,Garden,B,0.04,335,47,682,0.0,0.667,0.667,grouped,370,53,529,0.0,1.0,0.917,grouped,34,220,227,0.0,1.0,0.5,grouped,214,50,438,0.0,1.0,1.0,grouped,-1,1,-1,0.938,0.0,0.0,robust isolated,2,1,grouped in ≥2
B554,Brownsville Green,Garden,B,0.025,320,48,635,0.0,1.0,1.0,grouped,313,59,450,0.0,1.0,0.75,grouped,33,183,219,0.0,1.0,1.0,grouped,197,54,397,0.0,1.0,0.778,grouped,-1,1,-1,0.75,0.188,0.0,unstable,2,0,grouped in ≥2
B555,Beaver Noll Park,Playground,B,0.436,341,55,711,0.0,1.0,0.667,grouped,383,16,558,0.0,1.0,0.75,grouped,34,220,-1,0.5,0.5,0.5,grouped,226,14,456,0.0,1.0,1.0,grouped,-1,1,-1,1.0,0.0,0.0,robust isolated,2,1,grouped in ≥2
B556,Know Waste Lands,Garden,B,0.097,341,55,-1,0.333,0.667,0.333,grouped,383,16,558,0.0,1.0,0.833,grouped,34,220,227,0.0,1.0,1.0,grouped,226,14,-1,0.333,0.667,0.556,grouped,-1,1,-1,1.0,0.0,0.0,robust isolated,2,1,grouped in ≥2
B558,Linwood Street Garden (Pagan's Garden),Garden,B,0.082,309,39,-1,0.333,0.667,0.667,grouped,327,50,476,0.0,1.0,1.0,grouped,33,183,217,0.0,1.0,1.0,grouped,188,44,379,0.0,1.0,0.667,grouped,-1,1,-1,0.688,0.25,0.188,unstable,2,0,grouped in ≥2
B559,South Brooklyn Children's Garden,Garden,B,0.083,396,18,822,0.0,1.0,1.0,grouped,246,20,352,0.0,1.0,1.0,grouped,31,79,193,0.0,1.0,1.0,grouped,182,18,365,0.0,1.0,1.0,grouped,-1,1,-1,1.0,0.0,0.0,robust isolated,2,1,grouped in ≥2
B560,Pirate's Cove Garden,Garden,B,0.032,396,18,822,0.0,1.0,1.0,grouped,246,20,352,0.0,1.0,1.0,grouped,31,79,193,0.0,1.0,1.0,grouped,182,18,365,0.0,1.0,1.0,grouped,-1,1,-1,0.938,0.0,0.0,robust isolated,2,1,grouped in ≥2
B561,Saratoga Farm,Garden,B,0.181,320,48,637,0.0,0.667,0.667,grouped,313,59,453,0.0,1.0,1.0,grouped,33,183,220,0.0,1.0,1.0,grouped,197,54,397,0.0,1.0,0.667,grouped,-1,1,-1,0.875,0.125,0.0,robust isolated,2,1,grouped in ≥2
B562,Surfside Multi-Cultural Garden Coalition,Garden,B,0.687,440,5,919,0.0,1.0,1.0,grouped,300,12,432,0.0,1.0,0.875,grouped,32,149,207,0.0,1.0,1.0,grouped,325,9,633,0.0,1.0,1.0,grouped,-1,1,-1,1.0,0.0,0.0,robust isolated,2,1,grouped in ≥2
B563,Student Farm Project,Garden,B,0.172,319,34,627,0.0,1.0,0.667,grouped,311,35,445,0.0,1.0,1.0,grouped,33,183,217,0.0,1.0,1.0,grouped,209,30,428,0.0,1.0,1.0,grouped,-1,1,-1,0.812,0.188,0.062,robust isolated,2,1,grouped in ≥2
B564,Positive Seeds of Life Garden,Garden,B,0.11,319,34,626,0.0,1.0,0.667,grouped,323,2,466,0.0,0.5,0.5,grouped,33,183,217,0.0,1.0,1.0,grouped,330,2,643,0.0,0.0,0.0,grouped,-1,1,-1,1.0,0.0,0.0,robust isolated,2,1,grouped in ≥2
B565,Isabahlia Community Garden,Garden,B,0.06,319,34,625,0.0,1.0,1.0,grouped,311,35,445,0.0,1.0,0.458,grouped,33,183,217,0.0,1.0,1.0,grouped,209,30,428,0.0,1.0,0.0,grouped,-1,1,-1,1.0,0.0,0.0,robust isolated,2,1,grouped in ≥2
B566,Brownsville Community Farm,Garden,B,0.117,319,34,625,0.0,1.0,1.0,grouped,311,35,445,0.0,1.0,0.75,grouped,33,183,217,0.0,1.0,1.0,grouped,209,30,428,0.0,1.0,1.0,grouped,-1,1,-1,1.0,0.0,0.0,robust isolated,2,1,grouped in ≥2
B567,Her-King Alagantic Block Association Garden,Garden,B,0.045,322,2,663,0.0,0.333,0.333,grouped,313,59,450,0.0,1.0,0.458,grouped,34,220,227,0.0,1.0,1.0,grouped,197,54,398,0.0,0.667,0.0,grouped,-1,1,-1,1.0,0.0,0.0,robust isolated,2,1,grouped in ≥2
B568,Ashford Street Abundant Garden,Garden,B,0.133,309,39,598,0.0,1.0,1.0,grouped,329,2,-1,0.5,0.5,0.375,grouped,33,183,217,0.0,1.0,1.0,grouped,-1,1,-1,1.0,0.0,0.0,robust isolated,-1,1,-1,1.0,0.0,0.0,robust isolated,1,2,isolated in ≥2
B569,Chestnut Street Garden,Garden,B,0.086,-1,1,-1,0.667,0.333,0.0,unstable,-1,1,-1,0.75,0.25,0.167,unstable,33,183,-1,0.5,0.5,0.5,grouped,-1,1,-1,1.0,0.0,0.0,robust isolated,-1,1,-1,1.0,0.0,0.0,robust isolated,0,2,isolated in ≥2
B570,Dolly's Park,Garden,B,0.052,395,2,-1,0.333,0.333,0.333,grouped,-1,1,-1,0.75,0.25,0.25,unstable,31,79,193,0.0,1.0,1.0,grouped,-1,1,-1,1.0,0.0,0.0,robust isolated,-1,1,-1,1.0,0.0,0.0,robust isolated,0,2,isolated in ≥2
B571,East 43rd Street Community Garden,Garden,B,0.091,-1,1,-1,0.667,0.333,0.0,unstable,-1,1,-1,0.75,0.25,0.167,unstable,32,149,-1,0.5,0.5,0.5,grouped,-1,1,-1,1.0,0.0,0.0,robust isolated,-1,1,-1,1.0,0.0,0.0,robust isolated,0,2,isolated in ≥2
B572,Hattie Carthan Herban Farm,Garden,B,0.137,341,55,710,0.0,1.0,0.667,grouped,380,67,554,0.0,1.0,1.0,grouped,34,220,227,0.0,1.0,1.0,grouped,231,57,470,0.0,1.0,1.0,grouped,519,2,559,0.25,0.0,0.0,grouped,3,0,grouped in all
B573,Patchen Community Square Garden,Garden,B,0.104,321,30,653,0.0,1.0,1.0,grouped,380,67,550,0.0,1.0,0.833,grouped,34,220,227,0.0,1.0,1.0,grouped,232,4,488,0.0,1.0,0.333,grouped,-1,1,-1,1.0,0.0,0.0,robust isolated,2,1,grouped in ≥2
B574,Halsey Ralph & Howard Community Garden,Garden,B,0.065,321,30,652,0.0,1.0,0.667,grouped,313,59,453,0.0,1.0,1.0,grouped,34,220,227,0.0,1.0,1.0,grouped,197,54,411,0.0,1.0,1.0,grouped,510,3,550,0.25,0.75,0.188,grouped,3,0,grouped in all
B575,Halsey Garden,Garden,B,0.121,-1,1,-1,0.667,0.333,0.333,unstable,313,59,-1,0.0,1.0,0.75,grouped,34,220,227,0.0,1.0,1.0,grouped,231,57,-1,0.333,0.667,0.333,grouped,510,3,550,0.0,0.75,0.188,grouped,3,0,grouped in all
B576,Tranquility Farm (Willoughby Ave. Garden),Garden,B,0.123,341,55,709,0.0,1.0,1.0,grouped,380,67,554,0.0,1.0,1.0,grouped,34,220,227,0.0,1.0,1.0,grouped,231,57,470,0.0,1.0,1.0,grouped,-1,1,-1,0.875,0.125,0.0,robust isolated,2,1,grouped in ≥2
B577,EL Garden,Garden,B,0.114,341,55,-1,0.333,0.667,0.667,grouped,-1,1,-1,0.75,0.25,0.25,unstable,34,220,227,0.0,1.0,1.0,grouped,-1,1,-1,1.0,0.0,0.0,robust isolated,-1,1,-1,1.0,0.0,0.0,robust isolated,0,2,isolated in ≥2
B578,Saratoga Blake Garden,Garden,B,0.103,319,34,625,0.0,1.0,1.0,grouped,311,35,445,0.0,1.0,1.0,grouped,33,183,217,0.0,1.0,1.0,grouped,209,30,428,0.0,1.0,1.0,grouped,-1,1,-1,0.875,0.125,0.125,robust isolated,2,1,grouped in ≥2
B579,Imani II Community Garden,Garden,B,0.069,321,30,651,0.0,1.0,0.667,grouped,313,59,450,0.0,1.0,1.0,grouped,33,183,219,0.0,1.0,1.0,grouped,197,54,408,0.0,1.0,1.0,grouped,452,3,-1,0.25,0.562,0.0,grouped,3,0,grouped in all
B580,Java Street Community Garden,Garden,B,0.063,335,47,-1,0.333,0.667,0.667,grouped,-1,1,-1,0.75,0.25,0.25,unstable,34,220,-1,0.5,0.5,0.5,grouped,-1,1,-1,1.0,0.0,0.0,robust isolated,-1,1,-1,1.0,0.0,0.0,robust isolated,0,2,isolated in ≥2
B581,Warwick Street Greenery Glow Garden,Garden,B,0.041,309,39,-1,0.333,0.667,0.667,grouped,328,2,481,0.292,0.458,0.375,grouped,33,183,217,0.0,1.0,1.0,grouped,329,2,-1,0.333,0.0,0.0,grouped,496,2,534,0.0,0.0,0.0,grouped,3,0,grouped in all
B582,Brooklyn's Finest Garden,Garden,B,0.058,346,8,754,0.0,1.0,0.667,grouped,376,2,-1,0.375,0.375,0.25,grouped,34,220,228,0.0,1.0,1.0,grouped,328,2,-1,0.333,0.0,0.0,grouped,495,2,-1,0.375,0.0,0.0,grouped,3,0,grouped in all
B583,Hooper Grove,Garden,B,0.053,335,47,681,0.0,1.0,1.0,grouped,370,53,529,0.0,1.0,1.0,grouped,34,220,227,0.0,1.0,1.0,grouped,214,50,438,0.0,1.0,1.0,grouped,-1,1,-1,1.0,0.0,0.0,robust isolated,2,1,grouped in ≥2
B584,Moffat Garden,Garden,B,0.038,320,48,-1,0.333,0.667,0.667,grouped,-1,1,-1,0.75,0.25,0.25,unstable,34,220,227,0.0,1.0,1.0,grouped,-1,1,-1,1.0,0.0,0.0,robust isolated,-1,1,-1,1.0,0.0,0.0,robust isolated,0,2,isolated in ≥2
B585,Prospect Plaza Park,Neighborhood Park,B,0.657,320,48,635,0.0,1.0,0.667,grouped,-1,1,-1,0.75,0.25,0.25,unstable,33,183,219,0.0,1.0,0.0,grouped,-1,1,-1,1.0,0.0,0.0,robust isolated,-1,1,-1,1.0,0.0,0.0,robust isolated,0,2,isolated in ≥2
B586,Garden,Garden,B,0.091,440,5,919,0.0,1.0,1.0,grouped,300,12,432,0.0,1.0,0.875,grouped,32,149,207,0.0,1.0,1.0,grouped,325,9,633,0.0,1.0,1.0,grouped,-1,1,-1,1.0,0.0,0.0,robust isolated,2,1,grouped in ≥2
B588,Greenpoint Public Park,Neighborhood Park,B,2.65,335,47,-1,0.333,0.667,0.333,grouped,-1,1,-1,0.75,0.25,0.25,unstable,34,220,-1,0.5,0.5,0.5,grouped,-1,1,-1,1.0,0.0,0.0,robust isolated,-1,1,-1,1.0,0.0,0.0,robust isolated,0,2,isolated in ≥2
B592,Betty Carter Park,Neighborhood Park,B,0.231,343,17,740,0.0,1.0,0.667,grouped,380,67,554,0.0,1.0,1.0,grouped,34,220,227,0.0,1.0,1.0,grouped,231,57,473,0.0,1.0,1.0,grouped,-1,1,-1,0.938,0.062,0.0,robust isolated,2,1,grouped in ≥2
B593,Bed-Stuy Farm,Garden,B,0.06,321,30,-1,0.333,0.667,0.667,grouped,312,3,448,0.125,0.875,0.417,grouped,34,220,227,0.0,1.0,1.0,grouped,199,3,-1,0.333,0.667,0.222,grouped,455,3,487,0.062,0.688,0.062,grouped,3,0,grouped in all
B594,Maple Street Community Garden,Neighborhood Park,B,1.377,299,4,-1,0.333,0.667,0.333,grouped,-1,1,-1,0.75,0.25,0.167,unstable,33,183,219,0.0,1.0,1.0,grouped,-1,1,-1,1.0,0.0,0.0,robust isolated,-1,1,-1,1.0,0.0,0.0,robust isolated,0,2,isolated in ≥2
B595,Greenpoint Landing,Neighborhood Park,B,1.486,336,3,697,0.0,1.0,1.0,grouped,370,53,-1,0.375,0.625,0.167,grouped,34,220,-1,0.5,0.5,0.0,grouped,214,50,439,0.0,0.667,0.0,grouped,-1,1,-1,1.0,0.0,0.0,robust isolated,2,1,grouped in ≥2
B597,Kingsborough Houses Bergen Playground,Playground,B,0.322,321,30,650,0.0,1.0,0.667,grouped,313,59,450,0.0,1.0,0.708,grouped,34,220,228,0.0,1.0,1.0,grouped,197,54,408,0.0,1.0,0.667,grouped,-1,1,-1,0.875,0.125,0.0,robust isolated,2,1,grouped in ≥2
B598,West 23rd St. Garden,Garden,B,1.31,439,5,915,0.0,0.667,0.333,grouped,300,12,-1,0.5,0.5,0.5,grouped,32,149,207,0.0,1.0,0.5,grouped,-1,1,-1,1.0,0.0,0.0,robust isolated,-1,1,-1,1.0,0.0,0.0,robust isolated,1,2,isolated in ≥2
B599,Kingsborough Houses Pacific Playground,Playground,B,0.333,321,30,650,0.0,1.0,0.667,grouped,313,59,450,0.0,1.0,1.0,grouped,33,183,219,0.0,1.0,1.0,grouped,197,54,-1,0.333,0.667,0.667,grouped,452,3,483,0.0,0.625,0.0,grouped,3,0,grouped in all
B600,Garden,Garden,B,0.151,320,48,636,0.0,0.667,0.667,grouped,313,59,453,0.0,1.0,0.25,grouped,34,220,227,0.0,1.0,0.5,grouped,197,54,-1,0.333,0.667,0.0,grouped,-1,1,-1,0.625,0.0,0.0,unstable,2,0,grouped in ≥2
B601,MHBA Living Laboratory,Garden,B,0.14,319,34,625,0.0,1.0,0.667,grouped,311,35,-1,0.292,0.708,0.417,grouped,33,183,217,0.0,1.0,1.0,grouped,209,30,-1,0.333,0.667,0.111,grouped,-1,1,-1,0.875,0.0,0.0,robust isolated,2,1,grouped in ≥2
B602,Park,Triangle/Plaza,B,0.017,320,48,635,0.0,1.0,1.0,grouped,313,59,450,0.0,1.0,1.0,grouped,33,183,219,0.0,1.0,1.0,grouped,197,54,397,0.0,1.0,1.0,grouped,-1,1,-1,1.0,0.0,0.0,robust isolated,2,1,grouped in ≥2
B603,Jerzee Triangle,Triangle/Plaza,B,0.008,433,2,-1,0.333,0.333,0.333,grouped,273,2,392,0.0,0.5,0.5,grouped,32,149,207,0.0,1.0,1.0,grouped,324,2,-1,0.333,0.0,0.0,grouped,-1,1,-1,1.0,0.0,0.0,robust isolated,2,1,grouped in ≥2
B604,Park,Triangle/Plaza,B,0.006,423,5,886,0.0,1.0,0.667,grouped,241,30,340,0.0,1.0,1.0,grouped,32,149,206,0.0,1.0,1.0,grouped,312,6,615,0.0,1.0,1.0,grouped,-1,1,-1,1.0,0.0,0.0,robust isolated,2,1,grouped in ≥2
B605,Ascenzi Square,Triangle/Plaza,B,0.031,335,47,-1,0.333,0.667,0.667,grouped,370,53,529,0.25,0.75,0.75,grouped,34,220,227,0.0,1.0,1.0,grouped,214,50,438,0.0,1.0,0.667,grouped,-1,1,-1,1.0,0.0,0.0,robust isolated,2,1,grouped in ≥2
B606,Fowler Square,Triangle/Plaza,B,0.004,343,17,740,0.0,1.0,0.667,grouped,380,67,554,0.0,1.0,1.0,grouped,34,220,227,0.0,1.0,1.0,grouped,231,57,473,0.0,1.0,1.0,grouped,-1,1,-1,1.0,0.0,0.0,robust isolated,2,1,grouped in ≥2
B608,St. Mark's Playground,Playground,B,0.23,318,3,623,0.0,0.667,0.333,grouped,-1,1,-1,1.0,0.0,0.0,robust isolated,-1,1,-1,1.0,0.0,0.0,robust isolated,196,3,-1,0.333,0.667,0.0,grouped,-1,1,-1,1.0,0.0,0.0,robust isolated,1,2,isolated in ≥2
B609,Park,Triangle/Plaza,B,0.045,320,48,635,0.0,1.0,1.0,grouped,313,59,450,0.0,1.0,1.0,grouped,33,183,219,0.0,1.0,1.0,grouped,197,54,397,0.0,1.0,1.0,grouped,-1,1,-1,1.0,0.0,0.0,robust isolated,2,1,grouped in ≥2
B610,Park,Triangle/Plaza,B,0.032,-1,1,-1,0.667,0.333,0.333,unstable,-1,1,-1,0.75,0.25,0.25,unstable,31,79,192,0.0,1.0,1.0,grouped,-1,1,-1,1.0,0.0,0.0,robust isolated,-1,1,-1,1.0,0.0,0.0,robust isolated,0,2,isolated in ≥2
M001,Abingdon Square,Triangle/Plaza,M,0.222,407,31,843,0.0,1.0,1.0,grouped,6,30,17,0.0,1.0,1.0,grouped,7,180,70,0.0,1.0,1.0,grouped,296,31,582,0.0,1.0,1.0,grouped,-1,1,-1,1.0,0.0,0.0,robust isolated,2,1,grouped in ≥2
M002,Ahearn Park,Triangle/Plaza,M,0.094,411,42,859,0.0,1.0,1.0,grouped,4,54,15,0.0,1.0,1.0,grouped,7,180,70,0.0,1.0,1.0,grouped,303,59,604,0.0,1.0,0.667,grouped,-1,1,-1,1.0,0.0,0.0,robust isolated,2,1,grouped in ≥2
M003,Annunciation Playground,Playground,M,1.24,8,70,-1,0.0,1.0,1.0,grouped,40,50,66,0.0,1.0,1.0,grouped,6,215,60,0.0,1.0,1.0,grouped,40,30,117,0.0,1.0,1.0,grouped,-1,1,-1,0.625,0.25,0.125,unstable,2,0,grouped in ≥2
M004#1,Allen Street Malls (1/3),Mall,M,1.698,411,42,859,0.0,1.0,1.0,grouped,4,54,15,0.0,1.0,1.0,grouped,7,180,70,0.0,1.0,1.0,grouped,303,59,604,0.0,1.0,1.0,grouped,-1,1,-1,1.0,0.0,0.0,robust isolated,2,1,grouped in ≥2
M004#2,Allen Street Malls (2/3),Mall,M,1.698,410,51,853,0.0,1.0,1.0,grouped,4,54,15,0.0,1.0,1.0,grouped,7,180,70,0.0,1.0,1.0,grouped,303,59,604,0.0,1.0,1.0,grouped,-1,1,-1,1.0,0.0,0.0,robust isolated,2,1,grouped in ≥2
M004#3,Allen Street Malls (3/3),Mall,M,1.698,411,42,859,0.0,1.0,1.0,grouped,4,54,15,0.0,1.0,0.75,grouped,7,180,70,0.0,1.0,1.0,grouped,303,59,604,0.0,1.0,0.667,grouped,-1,1,-1,1.0,0.0,0.0,robust isolated,2,1,grouped in ≥2
M005,The Battery,Neighborhood Park,M,21.88,408,5,848,0.0,1.0,0.667,grouped,4,54,13,0.25,0.625,0.417,grouped,7,180,71,0.0,1.0,0.5,grouped,303,59,600,0.0,1.0,0.667,grouped,-1,1,-1,1.0,0.0,0.0,robust isolated,2,1,grouped in ≥2
M006,Tribeca Park,Triangle/Plaza,M,0.32,407,31,844,0.0,1.0,1.0,grouped,6,30,17,0.25,0.75,0.75,grouped,7,180,70,0.0,1.0,1.0,grouped,296,31,582,0.0,1.0,1.0,grouped,-1,1,-1,0.875,0.0,0.0,robust isolated,2,1,grouped in ≥2
M007,Bowling Green,Triangle/Plaza,M,1.016,408,5,848,0.0,1.0,0.667,grouped,-1,1,-1,0.75,0.25,0.25,unstable,-1,1,-1,1.0,0.0,0.0,robust isolated,303,59,600,0.0,1.0,0.667,grouped,-1,1,-1,1.0,0.0,0.0,robust isolated,1,1,definition-specific
M008,Bryant Park,Neighborhood Park,M,9.603,421,4,-1,0.333,0.667,0.333,grouped,1,11,2,0.0,1.0,0.917,grouped,7,180,70,0.0,1.0,1.0,grouped,283,13,556,0.0,1.0,0.667,grouped,-1,1,-1,0.938,0.0,0.0,robust isolated,2,1,grouped in ≥2
M009,Bennett Park,Neighborhood Park,M,1.8,3,9,-1,0.333,0.667,0.333,grouped,139,9,215,0.0,0.75,0.583,grouped,6,215,63,0.0,1.0,1.0,grouped,37,9,-1,0.333,0.667,0.333,grouped,-1,1,-1,1.0,0.0,0.0,robust isolated,2,1,grouped in ≥2
M011,Chelsea Park,Playground,M,3.9,404,7,838,0.0,1.0,0.667,grouped,14,10,25,0.0,1.0,1.0,grouped,7,180,70,0.0,1.0,1.0,grouped,295,7,578,0.0,1.0,0.667,grouped,-1,1,-1,1.0,0.0,0.0,robust isolated,2,1,grouped in ≥2
M012,Christopher Park,Triangle/Plaza,M,0.186,407,31,843,0.0,1.0,1.0,grouped,6,30,17,0.0,1.0,1.0,grouped,7,180,70,0.0,1.0,1.0,grouped,296,31,582,0.0,1.0,1.0,grouped,-1,1,-1,1.0,0.0,0.0,robust isolated,2,1,grouped in ≥2
M013,City Hall Park,Neighborhood Park,M,8.8,411,42,860,0.0,1.0,0.667,grouped,4,54,10,0.0,1.0,1.0,grouped,7,180,70,0.0,1.0,1.0,grouped,303,59,604,0.0,1.0,1.0,grouped,-1,1,-1,1.0,0.0,0.0,robust isolated,2,1,grouped in ≥2
M014,Jackie Robinson Park,Neighborhood Park,M,12.772,1,44,1,0.0,1.0,1.0,grouped,40,50,66,0.0,1.0,1.0,grouped,6,215,60,0.0,1.0,1.0,grouped,39,35,112,0.0,1.0,1.0,grouped,-1,1,-1,1.0,0.0,0.0,robust isolated,2,1,grouped in ≥2
M015,Columbus Park,Playground,M,3.233,411,42,860,0.0,1.0,1.0,grouped,4,54,15,0.0,1.0,0.75,grouped,7,180,70,0.0,1.0,0.5,grouped,303,59,604,0.0,1.0,1.0,grouped,-1,1,-1,0.75,0.0,0.0,unstable,2,0,grouped in ≥2
M016,Cooper Triangle,Triangle/Plaza,M,0.165,413,8,-1,0.333,0.667,0.667,grouped,3,46,9,0.0,1.0,0.833,grouped,7,180,70,0.0,1.0,1.0,grouped,302,33,-1,0.333,0.667,0.333,grouped,-1,1,-1,1.0,0.0,0.0,robust isolated,2,1,grouped in ≥2
M017,Corlears Hook Park,Neighborhood Park,M,4.355,411,42,859,0.0,1.0,1.0,grouped,4,54,15,0.0,0.875,0.75,grouped,7,180,72,0.0,0.5,0.5,grouped,303,59,604,0.0,1.0,1.0,grouped,-1,1,-1,0.75,0.0,0.0,unstable,2,0,grouped in ≥2
M018,Carmansville Playground,Playground,M,0.573,1,44,1,0.0,1.0,1.0,grouped,40,50,66,0.0,1.0,1.0,grouped,6,215,60,0.0,1.0,1.0,grouped,39,35,112,0.0,1.0,1.0,grouped,-1,1,-1,0.875,0.062,0.0,robust isolated,2,1,grouped in ≥2
M019,Coleman Playground,Playground,M,2.61,411,42,860,0.0,1.0,1.0,grouped,4,54,14,0.0,1.0,1.0,grouped,7,180,70,0.0,1.0,0.5,grouped,303,59,604,0.0,1.0,1.0,grouped,-1,1,-1,1.0,0.0,0.0,robust isolated,2,1,grouped in ≥2
M020,Dante Park,Triangle/Plaza,M,0.142,418,16,872,0.0,1.0,1.0,grouped,21,15,34,0.0,0.75,0.75,grouped,6,215,61,0.0,1.0,1.0,grouped,285,15,563,0.0,1.0,1.0,grouped,-1,1,-1,1.0,0.0,0.0,robust isolated,2,1,grouped in ≥2
M021,A Philip Randolph Square,Triangle/Plaza,M,0.074,8,70,18,0.0,1.0,1.0,grouped,35,100,55,0.0,1.0,1.0,grouped,6,215,60,0.0,1.0,1.0,grouped,32,78,90,0.0,1.0,1.0,grouped,-1,1,-1,0.625,0.312,0.125,unstable,2,0,grouped in ≥2
M022,De Witt Clinton Park,Playground,M,5.829,417,2,871,0.0,0.333,0.333,grouped,29,2,46,0.0,0.292,0.25,grouped,7,180,70,0.0,1.0,1.0,grouped,306,2,608,0.0,0.0,0.0,grouped,-1,1,-1,1.0,0.0,0.0,robust isolated,2,1,grouped in ≥2
M023,Donnellan Square,Triangle/Plaza,M,0.108,1,44,1,0.0,1.0,1.0,grouped,40,50,66,0.0,1.0,1.0,grouped,6,215,60,0.0,1.0,1.0,grouped,39,35,112,0.0,1.0,1.0,grouped,-1,1,-1,0.5,0.312,0.062,unstable,2,0,grouped in ≥2
M024,Dorrance Brooks Square,Triangle/Plaza,M,0.038,8,70,16,0.0,1.0,0.667,grouped,35,100,55,0.0,1.0,1.0,grouped,6,215,60,0.0,1.0,1.0,grouped,40,30,119,0.0,1.0,0.667,grouped,-1,1,-1,0.938,0.062,0.0,robust isolated,2,1,grouped in ≥2
M025,Duane Park,Triangle/Plaza,M,0.115,405,4,841,0.0,1.0,0.667,grouped,4,54,14,0.25,0.75,0.333,grouped,7,180,70,0.0,1.0,1.0,grouped,303,59,-1,0.333,0.667,0.0,grouped,-1,1,-1,1.0,0.0,0.0,robust isolated,2,1,grouped in ≥2
M026,Dyckman House Museum,Historic House Park,M,0.545,4,2,-1,0.333,0.333,0.333,grouped,139,9,216,0.0,1.0,0.667,grouped,5,16,56,0.0,1.0,0.5,grouped,37,9,105,0.0,0.667,0.333,grouped,-1,1,-1,1.0,0.0,0.0,robust isolated,2,1,grouped in ≥2
M027,Downing Street Playground,Playground,M,0.223,407,31,843,0.0,1.0,1.0,grouped,6,30,17,0.0,1.0,0.75,grouped,7,180,70,0.0,1.0,1.0,grouped,296,31,582,0.0,1.0,0.889,grouped,-1,1,-1,1.0,0.0,0.0,robust isolated,2,1,grouped in ≥2
M029,Fort Tryon Park,Community Park,M,67.213,3,9,7,0.0,1.0,0.333,grouped,139,9,216,0.125,0.875,0.583,grouped,6,215,63,0.0,1.0,1.0,grouped,37,9,-1,0.333,0.667,0.333,grouped,-1,1,-1,1.0,0.0,0.0,robust isolated,2,1,grouped in ≥2
M030,Thomas Paine Park,Triangle/Plaza,M,1.875,411,42,860,0.0,1.0,1.0,grouped,4,54,15,0.0,1.0,0.75,grouped,7,180,70,0.0,1.0,0.5,grouped,303,59,604,0.0,1.0,1.0,grouped,-1,1,-1,0.938,0.062,0.0,robust isolated,2,1,grouped in ≥2
M031,Amelia Gorman Park,Neighborhood Park,M,1.89,3,9,-1,0.333,0.667,0.333,grouped,139,9,215,0.25,0.75,0.125,grouped,6,215,62,0.0,0.5,0.5,grouped,37,9,-1,0.333,0.667,0.0,grouped,-1,1,-1,1.0,0.0,0.0,robust isolated,2,1,grouped in ≥2
M032,Greeley Square Park,Triangle/Plaza,M,0.144,421,4,882,0.0,0.667,0.333,grouped,1,11,2,0.0,1.0,0.75,grouped,7,180,70,0.0,1.0,1.0,grouped,283,13,556,0.0,1.0,0.667,grouped,-1,1,-1,0.75,0.25,0.125,unstable,2,0,grouped in ≥2
M033,Hamilton Fish Park,Community Park,M,4.3,410,51,851,0.0,1.0,1.0,grouped,4,54,15,0.0,1.0,1.0,grouped,7,180,70,0.0,1.0,1.0,grouped,303,59,604,0.0,1.0,1.0,grouped,-1,1,-1,0.812,0.0,0.0,robust isolated,2,1,grouped in ≥2
M034,Hancock Park,Triangle/Plaza,M,0.067,8,70,21,0.0,1.0,1.0,grouped,35,100,55,0.0,1.0,1.0,grouped,6,215,60,0.0,1.0,1.0,grouped,32,78,90,0.0,1.0,1.0,grouped,-1,1,-1,0.938,0.0,0.0,robust isolated,2,1,grouped in ≥2
M035,Brigadier General Charles Young Triangle,Triangle/Plaza,M,0.882,1,44,4,0.0,1.0,1.0,grouped,40,50,66,0.125,0.875,0.75,grouped,6,215,60,0.0,1.0,1.0,grouped,39,35,112,0.0,1.0,1.0,grouped,-1,1,-1,0.5,0.438,0.125,unstable,2,0,grouped in ≥2
M036,Herald Square,Triangle/Plaza,M,0.21,421,4,882,0.0,0.667,0.333,grouped,1,11,2,0.0,1.0,0.917,grouped,7,180,70,0.0,1.0,1.0,grouped,283,13,556,0.0,1.0,0.667,grouped,-1,1,-1,0.875,0.125,0.125,robust isolated,2,1,grouped in ≥2
M038,James J Walker Park,Neighborhood Park,M,1.67,407,31,-1,0.333,0.667,0.667,grouped,6,30,17,0.0,1.0,0.75,grouped,7,180,70,0.0,1.0,1.0,grouped,296,31,582,0.0,1.0,1.0,grouped,-1,1,-1,1.0,0.0,0.0,robust isolated,2,1,grouped in ≥2
M039#1,Harlem River Park (1/15),Parkway,M,46.657,2,4,5,0.0,1.0,0.333,grouped,-1,1,-1,1.0,0.0,0.0,robust isolated,-1,1,-1,1.0,0.0,0.0,robust isolated,-1,1,-1,1.0,0.0,0.0,robust isolated,-1,1,-1,1.0,0.0,0.0,robust isolated,0,3,isolated in all
M039#10,Harlem River Park (10/15),Parkway,M,46.657,9,76,-1,0.333,0.667,0.333,grouped,-1,1,-1,1.0,0.0,0.0,robust isolated,-1,1,-1,1.0,0.0,0.0,robust isolated,-1,1,-1,1.0,0.0,0.0,robust isolated,-1,1,-1,1.0,0.0,0.0,robust isolated,0,3,isolated in all
M039#11,Harlem River Park (11/15),Parkway,M,46.657,2,4,5,0.0,1.0,0.0,grouped,-1,1,-1,0.0,0.0,0.0,unresolved,-1,1,-1,0.0,0.0,0.0,unresolved,-1,1,-1,0.0,0.0,0.0,unresolved,-1,1,-1,0.0,0.0,0.0,unresolved,0,0,definition-specific
M039#12,Harlem River Park (12/15),Parkway,M,46.657,-1,1,-1,0.0,0.0,0.0,unresolved,-1,1,-1,0.0,0.0,0.0,unresolved,-1,1,-1,0.0,0.0,0.0,unresolved,-1,1,-1,0.0,0.0,0.0,unresolved,-1,1,-1,0.0,0.0,0.0,unresolved,0,0,definition-specific
M039#14,Harlem River Park (14/15),Parkway,M,46.657,-1,1,-1,1.0,0.0,0.0,robust isolated,-1,1,-1,1.0,0.0,0.0,robust isolated,-1,1,-1,1.0,0.0,0.0,robust isolated,-1,1,-1,1.0,0.0,0.0,robust isolated,-1,1,-1,1.0,0.0,0.0,robust isolated,0,3,isolated in all
M039#2,Harlem River Park (2/15),Parkway,M,46.657,-1,1,-1,0.667,0.333,0.333,unstable,-1,1,-1,0.833,0.167,0.083,robust isolated,6,215,-1,0.5,0.5,0.5,grouped,39,35,-1,0.333,0.667,0.333,grouped,-1,1,-1,1.0,0.0,0.0,robust isolated,1,2,isolated in ≥2
M039#3,Harlem River Park (3/15),Parkway,M,46.657,-1,1,-1,0.333,0.667,0.667,unstable,-1,1,-1,0.5,0.5,0.5,unstable,6,215,60,0.0,1.0,1.0,grouped,23,5,62,0.0,1.0,0.667,grouped,-1,1,-1,0.812,0.0,0.0,robust isolated,1,1,definition-specific
M039#4,Harlem River Park (4/15),Parkway,M,46.657,-1,1,-1,1.0,0.0,0.0,robust isolated,-1,1,-1,1.0,0.0,0.0,robust isolated,-1,1,-1,1.0,0.0,0.0,robust isolated,-1,1,-1,1.0,0.0,0.0,robust isolated,-1,1,-1,1.0,0.0,0.0,robust isolated,0,3,isolated in all
M039#5,Harlem River Park (5/15),Parkway,M,46.657,-1,1,-1,0.0,0.0,0.0,unresolved,-1,1,-1,0.0,0.0,0.0,unresolved,-1,1,-1,0.0,0.0,0.0,unresolved,-1,1,-1,0.0,0.0,0.0,unresolved,-1,1,-1,0.0,0.0,0.0,unresolved,0,0,definition-specific
M039#6,Harlem River Park (6/15),Parkway,M,46.657,8,70,24,0.0,0.667,0.333,grouped,40,50,-1,0.25,0.75,0.5,grouped,6,215,60,0.0,1.0,1.0,grouped,39,35,-1,0.333,0.667,0.333,grouped,-1,1,-1,1.0,0.0,0.0,robust isolated,2,1,grouped in ≥2
M039#7,Harlem River Park (7/15),Parkway,M,46.657,1,44,1,0.0,1.0,1.0,grouped,40,50,66,0.0,1.0,1.0,grouped,6,215,60,0.0,1.0,1.0,grouped,39,35,112,0.0,1.0,1.0,grouped,-1,1,-1,0.812,0.188,0.062,robust isolated,2,1,grouped in ≥2
M039#9,Harlem River Park (9/15),Parkway,M,46.657,-1,1,-1,0.667,0.333,0.0,unstable,-1,1,-1,1.0,0.0,0.0,robust isolated,-1,1,-1,1.0,0.0,0.0,robust isolated,-1,1,-1,1.0,0.0,0.0,robust isolated,-1,1,-1,1.0,0.0,0.0,robust isolated,0,3,isolated in all
M040,Johnny Hartman Square,Triangle/Plaza,M,0.018,1,44,2,0.0,1.0,1.0,grouped,40,50,66,0.0,1.0,1.0,grouped,6,215,60,0.0,1.0,1.0,grouped,40,30,117,0.0,1.0,1.0,grouped,-1,1,-1,0.625,0.188,0.0,unstable,2,0,grouped in ≥2
M041,Alexander Hamilton Playground,Playground,M,0.811,1,44,2,0.0,1.0,1.0,grouped,40,50,66,0.0,1.0,1.0,grouped,6,215,60,0.0,1.0,1.0,grouped,40,30,117,0.0,1.0,1.0,grouped,-1,1,-1,0.938,0.062,0.0,robust isolated,2,1,grouped in ≥2
M043,Isham Park,Community Park,M,20.132,4,2,-1,0.333,0.333,0.333,grouped,139,9,216,0.0,1.0,0.667,grouped,5,16,56,0.0,1.0,0.5,grouped,37,9,105,0.0,0.667,0.333,grouped,-1,1,-1,1.0,0.0,0.0,robust isolated,2,1,grouped in ≥2
M044,Jackson Square,Triangle/Plaza,M,0.227,407,31,843,0.0,1.0,1.0,grouped,6,30,17,0.0,1.0,1.0,grouped,7,180,70,0.0,1.0,1.0,grouped,296,31,582,0.0,1.0,1.0,grouped,-1,1,-1,0.875,0.125,0.0,robust isolated,2,1,grouped in ≥2
M045,John Jay Park,Community Park,M,3.312,9,76,-1,0.333,0.667,0.333,grouped,24,2,-1,0.333,0.5,0.167,grouped,6,215,61,0.0,1.0,1.0,grouped,-1,1,-1,0.667,0.333,0.0,unstable,-1,1,-1,1.0,0.0,0.0,robust isolated,1,1,definition-specific
M046,Vietnam Veterans Plaza,Triangle/Plaza,M,0.728,408,5,849,0.0,0.667,0.667,grouped,4,54,13,0.25,0.625,0.5,grouped,7,180,71,0.0,1.0,0.5,grouped,303,59,600,0.0,1.0,0.667,grouped,-1,1,-1,1.0,0.0,0.0,robust isolated,2,1,grouped in ≥2
M047,Thomas Jefferson Park,Community Park,M,15.524,9,76,42,0.0,1.0,0.667,grouped,35,100,55,0.0,1.0,0.875,grouped,6,215,60,0.0,1.0,1.0,grouped,32,78,96,0.0,1.0,0.667,grouped,271,4,-1,0.438,0.5,0.062,grouped,3,0,grouped in all
M048,Joan Of Arc Park,Neighborhood Park,M,1.578,8,70,-1,0.333,0.667,0.667,grouped,19,6,32,0.125,0.875,0.5,grouped,6,215,61,0.0,1.0,1.0,grouped,42,6,122,0.0,0.667,0.333,grouped,-1,1,-1,1.0,0.0,0.0,robust isolated,2,1,grouped in ≥2
M051,Richard Tucker Park,Triangle/Plaza,M,0.051,418,16,872,0.0,1.0,1.0,grouped,21,15,34,0.0,1.0,1.0,grouped,6,215,61,0.0,1.0,1.0,grouped,285,15,563,0.0,1.0,1.0,grouped,-1,1,-1,1.0,0.0,0.0,robust isolated,2,1,grouped in ≥2
M052,Madison Square Park,Neighborhood Park,M,6.234,420,2,881,0.0,0.333,0.333,grouped,14,10,-1,0.083,0.75,0.75,grouped,7,180,70,0.0,1.0,1.0,grouped,283,13,-1,0.333,0.667,0.333,grouped,-1,1,-1,1.0,0.0,0.0,robust isolated,2,1,grouped in ≥2
M054,Mitchel Square,Triangle/Plaza,M,0.774,1,44,2,0.0,1.0,1.0,grouped,40,50,67,0.25,0.75,0.583,grouped,6,215,60,0.0,1.0,1.0,grouped,39,35,112,0.0,1.0,0.444,grouped,-1,1,-1,0.875,0.0,0.0,robust isolated,2,1,grouped in ≥2
M055,Montefiore Square,Triangle/Plaza,M,0.34,1,44,2,0.0,1.0,1.0,grouped,40,50,66,0.0,1.0,1.0,grouped,6,215,60,0.0,1.0,1.0,grouped,40,30,117,0.0,1.0,1.0,grouped,-1,1,-1,0.75,0.125,0.125,unstable,2,0,grouped in ≥2
M056,Morningside Park,Community Park,M,29.888,8,70,21,0.0,1.0,1.0,grouped,35,100,55,0.0,1.0,1.0,grouped,6,215,60,0.0,1.0,1.0,grouped,32,78,90,0.0,1.0,1.0,grouped,-1,1,-1,1.0,0.0,0.0,robust isolated,2,1,grouped in ≥2
M058,Marcus Garvey Park,Community Park,M,20.165,9,76,40,0.0,1.0,0.667,grouped,35,100,55,0.0,1.0,1.0,grouped,6,215,60,0.0,1.0,1.0,grouped,32,78,90,0.0,1.0,1.0,grouped,-1,1,-1,1.0,0.0,0.0,robust isolated,2,1,grouped in ≥2
M059,Murphy Brothers Playground,Playground,M,1.275,-1,1,-1,0.667,0.333,0.333,unstable,3,46,8,0.25,0.75,0.75,grouped,7,180,70,0.0,1.0,1.0,grouped,301,13,-1,0.333,0.667,0.667,grouped,300,3,316,0.0,0.625,0.0,grouped,3,0,grouped in all
M060A,Park Avenue Malls,Mall,M,0.23,146,4,341,0.0,0.667,0.667,grouped,23,11,39,0.0,1.0,1.0,grouped,7,180,70,0.0,1.0,1.0,grouped,288,11,568,0.0,1.0,0.667,grouped,-1,1,-1,0.875,0.0,0.0,robust isolated,2,1,grouped in ≥2
M060B,Park Avenue Malls,Mall,M,0.65,421,4,-1,0.333,0.667,0.333,grouped,1,11,2,0.0,1.0,0.917,grouped,7,180,70,0.0,1.0,1.0,grouped,283,13,-1,0.333,0.667,0.667,grouped,-1,1,-1,0.75,0.0,0.0,unstable,2,0,grouped in ≥2
M060C#1,Park Avenue Malls (1/8),Mall,M,4.623,-1,1,-1,1.0,0.0,0.0,robust isolated,-1,1,-1,0.5,0.5,0.25,unstable,6,215,61,0.0,1.0,1.0,grouped,-1,1,-1,0.667,0.333,0.0,unstable,-1,1,-1,1.0,0.0,0.0,robust isolated,0,1,definition-specific
M060C#2,Park Avenue Malls (2/8),Mall,M,4.623,146,4,341,0.0,0.667,0.667,grouped,23,11,39,0.0,1.0,1.0,grouped,7,180,70,0.0,1.0,1.0,grouped,288,11,568,0.0,1.0,1.0,grouped,-1,1,-1,1.0,0.0,0.0,robust isolated,2,1,grouped in ≥2
M060C#3,Park Avenue Malls (3/8),Mall,M,4.623,9,76,-1,0.333,0.667,0.333,grouped,35,100,53,0.0,1.0,0.75,grouped,6,215,60,0.0,1.0,1.0,grouped,31,12,-1,0.333,0.667,0.333,grouped,-1,1,-1,0.938,0.062,0.0,robust isolated,2,1,grouped in ≥2
M060C#4,Park Avenue Malls (4/8),Mall,M,4.623,-1,1,-1,0.667,0.333,0.333,unstable,23,11,39,0.25,0.75,0.333,grouped,6,215,61,0.0,1.0,1.0,grouped,288,11,-1,0.333,0.667,0.0,grouped,-1,1,-1,1.0,0.0,0.0,robust isolated,2,1,grouped in ≥2
M060C#5,Park Avenue Malls (5/8),Mall,M,4.623,-1,1,-1,0.667,0.333,0.333,unstable,34,2,51,0.25,0.417,0.417,grouped,6,215,61,0.0,1.0,1.0,grouped,-1,1,-1,0.667,0.0,0.0,unstable,-1,1,-1,0.875,0.0,0.0,robust isolated,1,1,definition-specific
M060C#6,Park Avenue Malls (6/8),Mall,M,4.623,-1,1,-1,1.0,0.0,0.0,robust isolated,24,2,-1,0.333,0.5,0.25,grouped,6,215,61,0.0,1.0,1.0,grouped,-1,1,-1,0.667,0.333,0.0,unstable,-1,1,-1,1.0,0.0,0.0,robust isolated,1,1,definition-specific
M060C#7,Park Avenue Malls (7/8),Mall,M,4.623,146,4,-1,0.333,0.667,0.333,grouped,23,11,39,0.0,1.0,0.333,grouped,6,215,61,0.0,1.0,1.0,grouped,288,11,568,0.0,1.0,0.333,grouped,-1,1,-1,1.0,0.0,0.0,robust isolated,2,1,grouped in ≥2
M060C#8,Park Avenue Malls (8/8),Mall,M,4.623,9,76,50,0.0,0.667,0.667,grouped,35,100,53,0.0,1.0,1.0,grouped,6,215,60,0.0,1.0,1.0,grouped,31,12,84,0.0,1.0,0.667,grouped,-1,1,-1,0.875,0.062,0.0,robust isolated,2,1,grouped in ≥2
M061,Plaza Lafayette,Triangle/Plaza,M,0.092,3,9,8,0.0,1.0,0.667,grouped,140,2,-1,0.375,0.5,0.25,grouped,-1,1,-1,1.0,0.0,0.0,robust isolated,41,3,120,0.0,1.0,0.0,grouped,-1,1,-1,1.0,0.0,0.0,robust isolated,2,1,grouped in ≥2
M062,Grand Army Plaza,Triangle/Plaza,M,0.625,146,4,-1,0.333,0.667,0.667,grouped,23,11,39,0.0,1.0,1.0,grouped,7,180,70,0.0,1.0,1.0,grouped,288,11,568,0.0,1.0,0.667,grouped,-1,1,-1,0.812,0.0,0.0,robust isolated,2,1,grouped in ≥2
M064,Lillian D Wald Playground,Recreational Field/Courts,M,0.68,411,42,859,0.0,1.0,1.0,grouped,4,54,15,0.0,1.0,0.5,grouped,7,180,-1,0.5,0.5,0.0,grouped,303,59,604,0.0,1.0,0.667,grouped,-1,1,-1,1.0,0.0,0.0,robust isolated,2,1,grouped in ≥2
M065,Luther Gulick Park,Neighborhood Park,M,1.451,411,42,859,0.0,1.0,0.667,grouped,4,54,12,0.0,0.667,0.458,grouped,7,180,70,0.0,1.0,1.0,grouped,303,59,604,0.0,1.0,0.333,grouped,-1,1,-1,1.0,0.0,0.0,robust isolated,2,1,grouped in ≥2
M066,Dr. Gertrude B. Kelly Playground,Neighborhood Park,M,0.525,407,31,-1,0.333,0.667,0.333,grouped,14,10,25,0.0,1.0,0.75,grouped,7,180,70,0.0,1.0,1.0,grouped,295,7,-1,0.333,0.667,0.333,grouped,-1,1,-1,0.812,0.0,0.0,robust isolated,2,1,grouped in ≥2
M067,Sophie Irene Loeb,Playground,M,0.122,411,42,860,0.0,1.0,1.0,grouped,4,54,15,0.0,1.0,1.0,grouped,7,180,70,0.0,1.0,1.0,grouped,303,59,604,0.0,1.0,1.0,grouped,-1,1,-1,1.0,0.0,0.0,robust isolated,2,1,grouped in ≥2
M069,Vesuvio Playground,Neighborhood Park,M,0.635,407,31,843,0.0,1.0,0.667,grouped,6,30,17,0.0,1.0,0.75,grouped,7,180,70,0.0,1.0,1.0,grouped,296,31,582,0.0,1.0,0.667,grouped,-1,1,-1,1.0,0.0,0.0,robust isolated,2,1,grouped in ≥2
M070,Queensboro Oval,Recreational Field/Courts,M,1.239,144,19,334,0.0,1.0,1.0,grouped,23,11,39,0.0,1.0,1.0,grouped,6,215,61,0.0,1.0,1.0,grouped,288,11,568,0.0,1.0,1.0,grouped,-1,1,-1,1.0,0.0,0.0,robust isolated,2,1,grouped in ≥2
M072#1,Riverside Park (1/4),Neighborhood Park,M,13.35,1,44,2,0.0,1.0,1.0,grouped,40,50,66,0.0,1.0,1.0,grouped,6,215,60,0.0,1.0,1.0,grouped,40,30,117,0.0,1.0,1.0,grouped,-1,1,-1,1.0,0.0,0.0,robust isolated,2,1,grouped in ≥2
M072#2,Riverside Park (2/4),Neighborhood Park,M,13.35,1,44,2,0.0,1.0,1.0,grouped,40,50,66,0.0,1.0,1.0,grouped,6,215,60,0.0,1.0,1.0,grouped,39,35,112,0.0,1.0,1.0,grouped,-1,1,-1,1.0,0.0,0.0,robust isolated,2,1,grouped in ≥2
M072#3,Riverside Park (3/4),Neighborhood Park,M,13.35,1,44,2,0.0,1.0,1.0,grouped,40,50,66,0.0,1.0,0.833,grouped,6,215,60,0.0,1.0,1.0,grouped,40,30,116,0.0,0.667,0.333,grouped,-1,1,-1,1.0,0.0,0.0,robust isolated,2,1,grouped in ≥2
M072#4,Riverside Park (4/4),Neighborhood Park,M,13.35,1,44,2,0.0,1.0,1.0,grouped,40,50,66,0.0,1.0,1.0,grouped,6,215,60,0.0,1.0,1.0,grouped,40,30,117,0.0,1.0,1.0,grouped,-1,1,-1,1.0,0.0,0.0,robust isolated,2,1,grouped in ≥2
M073,Roger Morris Park,Historic House Park,M,1.524,1,44,3,0.0,0.667,0.667,grouped,40,50,67,0.0,0.75,0.5,grouped,6,215,60,0.0,1.0,1.0,grouped,39,35,112,0.0,1.0,0.778,grouped,-1,1,-1,1.0,0.0,0.0,robust isolated,2,1,grouped in ≥2
M076,St. Vartan Park,Neighborhood Park,M,2.759,145,2,-1,0.333,0.333,0.333,grouped,1,11,1,0.0,1.0,0.917,grouped,7,180,70,0.0,1.0,1.0,grouped,300,6,-1,0.222,0.667,0.667,grouped,-1,1,-1,0.938,0.062,0.0,robust isolated,2,1,grouped in ≥2
M077,St. Nicholas Park,Neighborhood Park,M,22.74,8,70,16,0.0,1.0,1.0,grouped,40,50,66,0.0,1.0,1.0,grouped,6,215,60,0.0,1.0,1.0,grouped,40,30,117,0.0,1.0,1.0,grouped,-1,1,-1,0.625,0.25,0.062,unstable,2,0,grouped in ≥2
M079,St. Catherine's Park,Neighborhood Park,M,1.383,-1,1,-1,0.667,0.333,0.333,unstable,23,11,39,0.0,1.0,0.333,grouped,6,215,61,0.0,1.0,1.0,grouped,288,11,-1,0.333,0.667,0.0,grouped,-1,1,-1,1.0,0.0,0.0,robust isolated,2,1,grouped in ≥2
M080,Schiff Mall,Mall,M,0.376,411,42,859,0.0,1.0,1.0,grouped,4,54,15,0.0,1.0,1.0,grouped,7,180,70,0.0,1.0,1.0,grouped,303,59,604,0.0,1.0,1.0,grouped,-1,1,-1,0.875,0.0,0.0,robust isolated,2,1,grouped in ≥2
M081,Carl Schurz Park,Neighborhood Park,M,14.938,9,76,47,0.0,1.0,0.333,grouped,34,2,51,0.25,0.417,0.167,grouped,6,215,61,0.0,1.0,1.0,grouped,-1,1,-1,0.667,0.0,0.0,unstable,-1,1,-1,1.0,0.0,0.0,robust isolated,1,1,definition-specific
M082,Seward Park,Neighborhood Park,M,3.361,411,42,859,0.0,1.0,1.0,grouped,4,54,15,0.0,1.0,1.0,grouped,7,180,70,0.0,1.0,1.0,grouped,303,59,604,0.0,1.0,1.0,grouped,-1,1,-1,1.0,0.0,0.0,robust isolated,2,1,grouped in ≥2
M083,Sherman Square,Triangle/Plaza,M,0.066,418,16,872,0.0,1.0,1.0,grouped,21,15,34,0.0,1.0,0.75,grouped,6,215,61,0.0,1.0,1.0,grouped,285,15,563,0.0,1.0,1.0,grouped,-1,1,-1,0.875,0.125,0.0,robust isolated,2,1,grouped in ≥2
M085,Straus Park,Triangle/Plaza,M,0.072,8,70,19,0.0,1.0,0.667,grouped,39,12,63,0.0,1.0,0.75,grouped,6,215,61,0.0,1.0,1.0,grouped,38,11,111,0.0,1.0,0.889,grouped,-1,1,-1,0.938,0.0,0.0,robust isolated,2,1,grouped in ≥2
M086,Stuyvesant Square,Neighborhood Park,M,3.928,413,8,864,0.0,1.0,0.667,grouped,1,11,1,0.0,1.0,1.0,grouped,7,180,70,0.0,1.0,1.0,grouped,300,6,587,0.0,1.0,0.667,grouped,-1,1,-1,0.688,0.062,0.0,unstable,2,0,grouped in ≥2
M087,Sakura Park,Neighborhood Park,M,2.067,8,70,19,0.0,1.0,0.333,grouped,39,12,62,0.0,1.0,0.75,grouped,6,215,60,0.0,1.0,1.0,grouped,38,11,111,0.0,1.0,0.667,grouped,-1,1,-1,1.0,0.0,0.0,robust isolated,2,1,grouped in ≥2
M088,Tompkins Square Park,Neighborhood Park,M,10.502,410,51,852,0.0,1.0,1.0,grouped,3,46,9,0.0,1.0,1.0,grouped,7,180,70,0.0,1.0,1.0,grouped,302,33,594,0.0,1.0,1.0,grouped,-1,1,-1,1.0,0.0,0.0,robust isolated,2,1,grouped in ≥2
M089,Union Square Park,Community Park,M,6.51,-1,1,-1,0.667,0.333,0.333,unstable,1,11,2,0.0,1.0,0.75,grouped,7,180,70,0.0,1.0,1.0,grouped,283,13,-1,0.333,0.667,0.667,grouped,-1,1,-1,0.75,0.0,0.0,unstable,2,0,grouped in ≥2
M090,Lafayette Square,Triangle/Plaza,M,0.018,8,70,21,0.0,1.0,0.667,grouped,35,100,55,0.0,1.0,0.75,grouped,6,215,60,0.0,1.0,1.0,grouped,32,78,90,0.0,1.0,0.667,grouped,-1,1,-1,1.0,0.0,0.0,robust isolated,2,1,grouped in ≥2
M091,Bennett Rest,Nature Area,M,3.567,3,9,7,0.0,1.0,0.333,grouped,-1,1,-1,0.75,0.25,0.208,unstable,-1,1,-1,1.0,0.0,0.0,robust isolated,-1,1,-1,1.0,0.0,0.0,robust isolated,-1,1,-1,1.0,0.0,0.0,robust isolated,0,2,isolated in ≥2
M092A,Haven Avenue,Parkway,M,1.38,3,9,8,0.0,1.0,1.0,grouped,140,2,-1,0.375,0.5,0.0,grouped,-1,1,-1,1.0,0.0,0.0,robust isolated,41,3,120,0.0,1.0,0.0,grouped,-1,1,-1,1.0,0.0,0.0,robust isolated,2,1,grouped in ≥2
M092B,Park,Strip,M,1.494,3,9,8,0.0,1.0,1.0,grouped,-1,1,-1,0.5,0.5,0.25,unstable,-1,1,-1,1.0,0.0,0.0,robust isolated,41,3,120,0.0,1.0,0.0,grouped,-1,1,-1,1.0,0.0,0.0,robust isolated,1,1,definition-specific
M093,Father Duffy Square,Triangle/Plaza,M,0.076,419,7,-1,0.333,0.667,0.333,grouped,20,3,33,0.0,1.0,1.0,grouped,7,180,70,0.0,1.0,1.0,grouped,287,3,567,0.0,1.0,0.667,grouped,-1,1,-1,1.0,0.0,0.0,robust isolated,2,1,grouped in ≥2
M094#1,Broadway Malls (1/11),Mall,M,5.754,-1,1,-1,0.667,0.333,0.333,unstable,18,2,31,0.0,0.417,0.417,grouped,6,215,61,0.0,1.0,1.0,grouped,286,2,-1,0.333,0.333,0.333,grouped,-1,1,-1,1.0,0.0,0.0,robust isolated,2,1,grouped in ≥2
M094#10,Broadway Malls (10/11),Mall,M,5.754,418,16,872,0.0,1.0,1.0,grouped,21,15,34,0.0,1.0,0.75,grouped,6,215,61,0.0,1.0,1.0,grouped,285,15,563,0.0,1.0,1.0,grouped,-1,1,-1,0.875,0.125,0.125,robust isolated,2,1,grouped in ≥2
M094#11,Broadway Malls (11/11),Mall,M,5.754,8,70,-1,0.333,0.667,0.667,grouped,19,6,32,0.0,1.0,0.583,grouped,6,215,61,0.0,1.0,1.0,grouped,42,6,122,0.0,0.667,0.333,grouped,-1,1,-1,1.0,0.0,0.0,robust isolated,2,1,grouped in ≥2
M094#2,Broadway Malls (2/11),Mall,M,5.754,418,16,872,0.0,1.0,1.0,grouped,21,15,34,0.0,0.75,0.75,grouped,6,215,61,0.0,1.0,1.0,grouped,285,15,563,0.0,1.0,1.0,grouped,-1,1,-1,1.0,0.0,0.0,robust isolated,2,1,grouped in ≥2
M094#3,Broadway Malls (3/11),Mall,M,5.754,8,70,19,0.0,1.0,1.0,grouped,39,12,63,0.0,1.0,1.0,grouped,6,215,61,0.0,1.0,1.0,grouped,38,11,111,0.0,1.0,1.0,grouped,-1,1,-1,1.0,0.0,0.0,robust isolated,2,1,grouped in ≥2
M094#4,Broadway Malls (4/11),Mall,M,5.754,418,16,872,0.0,1.0,0.667,grouped,21,15,34,0.0,1.0,0.75,grouped,6,215,61,0.0,1.0,1.0,grouped,285,15,563,0.0,1.0,1.0,grouped,-1,1,-1,1.0,0.0,0.0,robust isolated,2,1,grouped in ≥2
M094#5,Broadway Malls (5/11),Mall,M,5.754,418,16,872,0.0,1.0,1.0,grouped,21,15,34,0.0,1.0,1.0,grouped,6,215,61,0.0,1.0,1.0,grouped,285,15,563,0.0,1.0,1.0,grouped,-1,1,-1,1.0,0.0,0.0,robust isolated,2,1,grouped in ≥2
M094#6,Broadway Malls (6/11),Mall,M,5.754,8,70,19,0.0,1.0,1.0,grouped,39,12,63,0.25,0.75,0.75,grouped,6,215,61,0.0,1.0,1.0,grouped,38,11,111,0.0,1.0,0.667,grouped,-1,1,-1,1.0,0.0,0.0,robust isolated,2,1,grouped in ≥2
M094#7,Broadway Malls (7/11),Mall,M,5.754,8,70,19,0.0,1.0,0.667,grouped,35,100,52,0.0,1.0,1.0,grouped,6,215,60,0.0,1.0,1.0,grouped,32,78,90,0.0,1.0,0.667,grouped,-1,1,-1,0.812,0.188,0.0,robust isolated,2,1,grouped in ≥2
M094#8,Broadway Malls (8/11),Mall,M,5.754,8,70,-1,0.333,0.667,0.667,grouped,19,6,32,0.0,1.0,0.417,grouped,6,215,61,0.0,1.0,1.0,grouped,42,6,121,0.0,1.0,0.333,grouped,-1,1,-1,1.0,0.0,0.0,robust isolated,2,1,grouped in ≥2
M094#9,Broadway Malls (9/11),Mall,M,5.754,418,16,-1,0.333,0.667,0.333,grouped,21,15,-1,0.5,0.5,0.417,grouped,6,215,61,0.0,1.0,1.0,grouped,285,15,-1,0.333,0.667,0.333,grouped,-1,1,-1,0.938,0.0,0.0,robust isolated,2,1,grouped in ≥2
M094A,Broadway Malls,Mall,M,1.3,8,70,19,0.0,1.0,0.667,grouped,39,12,62,0.0,1.0,0.875,grouped,6,215,60,0.0,1.0,1.0,grouped,38,11,111,0.0,1.0,1.0,grouped,437,2,-1,0.438,0.438,0.25,grouped,3,0,grouped in all
M095#1,Broadway Malls (1/5),Mall,M,2.198,1,44,2,0.0,1.0,1.0,grouped,40,50,66,0.0,1.0,1.0,grouped,6,215,60,0.0,1.0,1.0,grouped,40,30,117,0.0,1.0,1.0,grouped,437,2,-1,0.5,0.375,0.25,grouped,3,0,grouped in all
M095#2,Broadway Malls (2/5),Mall,M,2.198,1,44,2,0.0,1.0,1.0,grouped,40,50,66,0.0,1.0,1.0,grouped,6,215,60,0.0,1.0,1.0,grouped,39,35,112,0.0,1.0,1.0,grouped,438,3,-1,0.375,0.625,0.125,grouped,3,0,grouped in all
M095#3,Broadway Malls (3/5),Mall,M,2.198,1,44,2,0.0,1.0,1.0,grouped,40,50,66,0.0,1.0,1.0,grouped,6,215,60,0.0,1.0,1.0,grouped,40,30,117,0.0,1.0,1.0,grouped,-1,1,-1,0.5,0.5,0.25,unstable,2,0,grouped in ≥2
M095#4,Broadway Malls (4/5),Mall,M,2.198,1,44,2,0.0,1.0,1.0,grouped,40,50,66,0.0,1.0,1.0,grouped,6,215,60,0.0,1.0,1.0,grouped,39,35,112,0.0,1.0,1.0,grouped,-1,1,-1,0.875,0.125,0.0,robust isolated,2,1,grouped in ≥2
M095#5,Broadway Malls (5/5),Mall,M,2.198,1,44,2,0.0,1.0,1.0,grouped,40,50,66,0.0,1.0,1.0,grouped,6,215,60,0.0,1.0,1.0,grouped,40,30,116,0.0,0.667,0.667,grouped,438,3,-1,0.312,0.625,0.125,grouped,3,0,grouped in all
M095A,Broadway Malls,Mall,M,1.139,1,44,2,0.0,1.0,1.0,grouped,40,50,66,0.0,1.0,1.0,grouped,6,215,60,0.0,1.0,1.0,grouped,39,35,112,0.0,1.0,0.778,grouped,438,3,-1,0.312,0.625,0.25,grouped,3,0,grouped in all
M096#1,Adam Clayton Powell Jr. Malls (1/9),Mall,M,1.679,8,70,18,0.0,1.0,1.0,grouped,35,100,55,0.0,1.0,1.0,grouped,6,215,60,0.0,1.0,1.0,grouped,32,78,90,0.0,1.0,1.0,grouped,-1,1,-1,0.75,0.25,0.0,unstable,2,0,grouped in ≥2
M096#2,Adam Clayton Powell Jr. Malls (2/9),Mall,M,1.679,8,70,22,0.0,1.0,1.0,grouped,35,100,55,0.0,1.0,1.0,grouped,6,215,60,0.0,1.0,1.0,grouped,40,30,119,0.0,1.0,0.667,grouped,289,2,-1,0.25,0.562,0.062,grouped,3,0,grouped in all
M096#3,Adam Clayton Powell Jr. Malls (3/9),Mall,M,1.679,8,70,18,0.0,1.0,1.0,grouped,35,100,55,0.0,1.0,1.0,grouped,6,215,60,0.0,1.0,1.0,grouped,32,78,90,0.0,1.0,1.0,grouped,-1,1,-1,0.75,0.125,0.0,unstable,2,0,grouped in ≥2
M096#4,Adam Clayton Powell Jr. Malls (4/9),Mall,M,1.679,1,44,4,0.0,1.0,1.0,grouped,40,50,66,0.0,1.0,0.958,grouped,6,215,60,0.0,1.0,1.0,grouped,39,35,112,0.0,1.0,1.0,grouped,293,2,-1,0.5,0.375,0.062,grouped,3,0,grouped in all
M096#5,Adam Clayton Powell Jr. Malls (5/9),Mall,M,1.679,8,70,18,0.0,1.0,1.0,grouped,35,100,55,0.0,1.0,1.0,grouped,6,215,60,0.0,1.0,1.0,grouped,32,78,90,0.0,1.0,1.0,grouped,-1,1,-1,0.938,0.062,0.0,robust isolated,2,1,grouped in ≥2
M096#6,Adam Clayton Powell Jr. Malls (6/9),Mall,M,1.679,8,70,18,0.0,1.0,1.0,grouped,35,100,55,0.0,1.0,1.0,grouped,6,215,60,0.0,1.0,1.0,grouped,32,78,90,0.0,1.0,1.0,grouped,-1,1,-1,0.812,0.188,0.0,robust isolated,2,1,grouped in ≥2
M096#7,Adam Clayton Powell Jr. Malls (7/9),Mall,M,1.679,8,70,22,0.0,1.0,0.667,grouped,40,50,66,0.0,1.0,1.0,grouped,6,215,60,0.0,1.0,1.0,grouped,39,35,112,0.0,1.0,0.667,grouped,-1,1,-1,0.562,0.312,0.062,unstable,2,0,grouped in ≥2
M096#8,Adam Clayton Powell Jr. Malls (8/9),Mall,M,1.679,1,44,4,0.0,1.0,1.0,grouped,40,50,66,0.0,1.0,1.0,grouped,6,215,60,0.0,1.0,1.0,grouped,39,35,112,0.0,1.0,1.0,grouped,-1,1,-1,0.75,0.25,0.0,unstable,2,0,grouped in ≥2
M096#9,Adam Clayton Powell Jr. Malls (9/9),Mall,M,1.679,8,70,18,0.0,1.0,1.0,grouped,35,100,55,0.0,1.0,1.0,grouped,6,215,60,0.0,1.0,1.0,grouped,40,30,118,0.0,1.0,1.0,grouped,-1,1,-1,0.688,0.312,0.0,unstable,2,0,grouped in ≥2
M097,Verdi Square,Triangle/Plaza,M,0.095,418,16,872,0.0,1.0,1.0,grouped,21,15,34,0.0,1.0,0.75,grouped,6,215,61,0.0,1.0,1.0,grouped,285,15,563,0.0,1.0,1.0,grouped,-1,1,-1,0.625,0.375,0.125,unstable,2,0,grouped in ≥2
M098,Washington Square Park,Neighborhood Park,M,9.749,407,31,843,0.0,1.0,1.0,grouped,6,30,17,0.0,1.0,1.0,grouped,7,180,70,0.0,1.0,1.0,grouped,296,31,582,0.0,1.0,1.0,grouped,-1,1,-1,0.688,0.312,0.312,unstable,2,0,grouped in ≥2
M099,J. Hood Wright Park,Neighborhood Park,M,6.699,3,9,8,0.0,1.0,1.0,grouped,139,9,215,0.0,0.75,0.583,grouped,6,215,63,0.0,1.0,1.0,grouped,37,9,-1,0.333,0.667,0.333,grouped,-1,1,-1,1.0,0.0,0.0,robust isolated,2,1,grouped in ≥2
M101,Worth Square,Triangle/Plaza,M,0.269,420,2,881,0.0,0.333,0.333,grouped,14,10,26,0.25,0.75,0.75,grouped,7,180,70,0.0,1.0,1.0,grouped,283,13,-1,0.333,0.667,0.667,grouped,-1,1,-1,0.5,0.0,0.0,unstable,2,0,grouped in ≥2
M105,Sara D. Roosevelt Park,Neighborhood Park,M,7.85,411,42,859,0.0,1.0,1.0,grouped,4,54,15,0.0,1.0,1.0,grouped,7,180,70,0.0,1.0,1.0,grouped,303,59,604,0.0,1.0,1.0,grouped,-1,1,-1,0.938,0.0,0.0,robust isolated,2,1,grouped in ≥2
M108A,Louis Cuvillier Park,Neighborhood Park,M,2.752,9,76,46,0.0,1.0,1.0,grouped,35,100,55,0.25,0.75,0.375,grouped,6,215,60,0.0,1.0,1.0,grouped,32,78,97,0.0,1.0,0.667,grouped,-1,1,-1,0.562,0.312,0.0,unstable,2,0,grouped in ≥2
M108B,Park,Parkway,M,2.13,9,76,46,0.0,1.0,0.667,grouped,37,2,-1,0.375,0.5,0.333,grouped,-1,1,-1,1.0,0.0,0.0,robust isolated,32,78,97,0.0,1.0,0.667,grouped,-1,1,-1,1.0,0.0,0.0,robust isolated,2,1,grouped in ≥2
M108F,Triboro Plaza,Triangle/Plaza,M,2.3,9,76,46,0.0,1.0,1.0,grouped,35,100,55,0.167,0.833,0.833,grouped,6,215,60,0.0,1.0,1.0,grouped,32,78,91,0.0,1.0,1.0,grouped,-1,1,-1,0.75,0.188,0.0,unstable,2,0,grouped in ≥2
M108G,Playground 103 CIII,Neighborhood Park,M,1.052,9,76,49,0.0,0.667,0.333,grouped,-1,1,-1,0.875,0.125,0.083,robust isolated,-1,1,-1,1.0,0.0,0.0,robust isolated,-1,1,-1,0.667,0.333,0.222,unstable,-1,1,-1,1.0,0.0,0.0,robust isolated,0,2,isolated in ≥2
M108H,Park,Triangle/Plaza,M,0.034,9,76,47,0.0,1.0,1.0,grouped,35,100,53,0.25,0.75,0.667,grouped,6,215,61,0.0,1.0,1.0,grouped,31,12,84,0.0,1.0,1.0,grouped,-1,1,-1,1.0,0.0,0.0,robust isolated,2,1,grouped in ≥2
M108J,Park,Strip,M,0.188,9,76,46,0.0,1.0,0.667,grouped,37,2,-1,0.417,0.458,0.417,grouped,6,215,60,0.0,1.0,1.0,grouped,32,78,97,0.0,1.0,0.667,grouped,-1,1,-1,0.5,0.25,0.125,unstable,2,0,grouped in ≥2
M108N,Peter Detmold Park,Neighborhood Park,M,0.588,144,19,334,0.0,1.0,0.667,grouped,-1,1,-1,0.625,0.292,0.125,unstable,-1,1,-1,1.0,0.0,0.0,robust isolated,307,2,-1,0.333,0.0,0.0,grouped,-1,1,-1,1.0,0.0,0.0,robust isolated,1,1,definition-specific
M108P,Sutton Parks,Triangle/Plaza,M,0.85,144,19,334,0.0,1.0,1.0,grouped,23,11,39,0.083,0.917,0.583,grouped,7,180,70,0.0,1.0,1.0,grouped,288,11,-1,0.333,0.667,0.667,grouped,-1,1,-1,1.0,0.0,0.0,robust isolated,2,1,grouped in ≥2
M108Q,Twenty-Four Sycamores Park,Playground,M,0.622,144,19,334,0.0,1.0,0.667,grouped,23,11,39,0.083,0.917,0.667,grouped,6,215,61,0.0,1.0,1.0,grouped,288,11,568,0.0,1.0,0.667,grouped,-1,1,-1,0.75,0.0,0.0,unstable,2,0,grouped in ≥2
M108Q1,Andrew Haswell Green Park,Neighborhood Park,M,1.984,144,19,334,0.0,1.0,1.0,grouped,22,3,-1,0.375,0.625,0.167,grouped,6,215,61,0.0,1.0,0.0,grouped,289,3,572,0.0,1.0,0.0,grouped,265,2,-1,0.375,0.125,0.0,grouped,3,0,grouped in all
M108R,Sutton Place Park,Neighborhood Park,M,0.268,144,19,334,0.0,1.0,1.0,grouped,22,3,-1,0.375,0.625,0.25,grouped,7,180,-1,0.5,0.5,0.5,grouped,289,3,572,0.0,1.0,0.0,grouped,-1,1,-1,1.0,0.0,0.0,robust isolated,2,1,grouped in ≥2
M108T#1,East River Walk (1/6),Waterfront Facility,M,4.602,144,19,334,0.0,1.0,1.0,grouped,-1,1,-1,1.0,0.0,0.0,robust isolated,-1,1,-1,1.0,0.0,0.0,robust isolated,-1,1,-1,1.0,0.0,0.0,robust isolated,-1,1,-1,1.0,0.0,0.0,robust isolated,0,3,isolated in all
M108T#3,East River Walk (3/6),Waterfront Facility,M,4.602,-1,1,-1,0.667,0.333,0.333,unstable,-1,1,-1,1.0,0.0,0.0,robust isolated,-1,1,-1,1.0,0.0,0.0,robust isolated,-1,1,-1,1.0,0.0,0.0,robust isolated,-1,1,-1,1.0,0.0,0.0,robust isolated,0,3,isolated in all
M108T#4,East River Walk (4/6),Waterfront Facility,M,4.602,9,76,-1,0.333,0.667,0.333,grouped,-1,1,-1,0.833,0.167,0.0,robust isolated,-1,1,-1,1.0,0.0,0.0,robust isolated,-1,1,-1,1.0,0.0,0.0,robust isolated,-1,1,-1,1.0,0.0,0.0,robust isolated,0,3,isolated in all
M108T#5,East River Walk (5/6),Waterfront Facility,M,4.602,144,19,334,0.0,1.0,0.667,grouped,22,3,-1,0.375,0.625,0.208,grouped,-1,1,-1,1.0,0.0,0.0,robust isolated,289,3,572,0.0,1.0,0.0,grouped,265,2,-1,0.5,0.125,0.0,grouped,3,0,grouped in all
M108T#6,East River Walk (6/6),Waterfront Facility,M,4.602,144,19,-1,0.333,0.667,0.667,grouped,-1,1,-1,1.0,0.0,0.0,robust isolated,-1,1,-1,1.0,0.0,0.0,robust isolated,-1,1,-1,1.0,0.0,0.0,robust isolated,-1,1,-1,1.0,0.0,0.0,robust isolated,0,3,isolated in all
M108T01#1,East River Esplanade (1/8),Waterfront Facility,M,8.595,9,76,42,0.0,1.0,0.667,grouped,-1,1,-1,1.0,0.0,0.0,robust isolated,-1,1,-1,1.0,0.0,0.0,robust isolated,-1,1,-1,1.0,0.0,0.0,robust isolated,-1,1,-1,1.0,0.0,0.0,robust isolated,0,3,isolated in all
M108T01#2,East River Esplanade (2/8),Waterfront Facility,M,8.595,9,76,47,0.0,1.0,1.0,grouped,35,100,53,0.125,0.875,0.5,grouped,6,215,60,0.0,1.0,0.5,grouped,31,12,84,0.0,1.0,1.0,grouped,-1,1,-1,1.0,0.0,0.0,robust isolated,2,1,grouped in ≥2
M108T01#4,East River Esplanade (4/8),Waterfront Facility,M,8.595,-1,1,-1,0.0,0.0,0.0,unresolved,-1,1,-1,0.0,0.0,0.0,unresolved,-1,1,-1,0.0,0.0,0.0,unresolved,-1,1,-1,0.0,0.0,0.0,unresolved,-1,1,-1,0.0,0.0,0.0,unresolved,0,0,definition-specific
M108T01#5,East River Esplanade (5/8),Waterfront Facility,M,8.595,9,76,47,0.0,1.0,0.0,grouped,-1,1,-1,0.0,0.0,0.0,unresolved,-1,1,-1,0.0,0.0,0.0,unresolved,-1,1,-1,0.0,0.0,0.0,unresolved,-1,1,-1,0.0,0.0,0.0,unresolved,0,0,definition-specific
M108T01#8,East River Esplanade (8/8),Waterfront Facility,M,8.595,9,76,46,0.0,1.0,0.667,grouped,-1,1,-1,1.0,0.0,0.0,robust isolated,-1,1,-1,1.0,0.0,0.0,robust isolated,-1,1,-1,1.0,0.0,0.0,robust isolated,-1,1,-1,1.0,0.0,0.0,robust isolated,0,3,isolated in all
M110,William McCray Playground,Playground,M,0.456,8,70,-1,0.333,0.667,0.667,grouped,35,100,55,0.0,1.0,0.458,grouped,6,215,60,0.0,1.0,1.0,grouped,40,30,119,0.0,1.0,0.0,grouped,-1,1,-1,1.0,0.0,0.0,robust isolated,2,1,grouped in ≥2
M111,James Weldon Johnson Playground,Jointly Operated Playground,M,1.048,9,76,-1,0.333,0.667,0.667,grouped,35,100,55,0.0,1.0,1.0,grouped,6,215,60,0.0,1.0,1.0,grouped,32,78,96,0.0,1.0,0.667,grouped,-1,1,-1,0.562,0.375,0.0,unstable,2,0,grouped in ≥2
M113,Joseph C. Sauer Park,Neighborhood Park,M,0.403,410,51,852,0.0,1.0,1.0,grouped,3,46,9,0.167,0.833,0.667,grouped,7,180,70,0.0,1.0,1.0,grouped,302,33,594,0.0,1.0,1.0,grouped,-1,1,-1,0.688,0.312,0.062,unstable,2,0,grouped in ≥2
M113A,Children's Garden,Garden,M,0.037,410,51,852,0.0,1.0,1.0,grouped,3,46,9,0.0,1.0,1.0,grouped,7,180,70,0.0,1.0,1.0,grouped,302,33,594,0.0,1.0,1.0,grouped,-1,1,-1,0.625,0.375,0.0,unstable,2,0,grouped in ≥2
M116,ABC Playground,Playground,M,0.451,410,51,851,0.0,1.0,1.0,grouped,4,54,15,0.0,1.0,1.0,grouped,7,180,70,0.0,1.0,1.0,grouped,303,59,604,0.0,1.0,1.0,grouped,-1,1,-1,0.938,0.0,0.0,robust isolated,2,1,grouped in ≥2
M120A,William F. Passannante Ballfield,Recreational Field/Courts,M,0.607,407,31,843,0.0,1.0,1.0,grouped,6,30,17,0.0,1.0,1.0,grouped,7,180,70,0.0,1.0,1.0,grouped,296,31,582,0.0,1.0,1.0,grouped,-1,1,-1,1.0,0.0,0.0,robust isolated,2,1,grouped in ≥2
M120B,Playground of the Americas,Playground,M,0.079,407,31,843,0.0,1.0,1.0,grouped,6,30,17,0.0,1.0,1.0,grouped,7,180,70,0.0,1.0,1.0,grouped,296,31,582,0.0,1.0,0.667,grouped,-1,1,-1,0.75,0.0,0.0,unstable,2,0,grouped in ≥2
M122,Captain Jacob Joseph Playground,Playground,M,0.135,411,42,859,0.0,1.0,1.0,grouped,4,54,15,0.0,1.0,1.0,grouped,7,180,70,0.0,1.0,1.0,grouped,303,59,604,0.0,1.0,1.0,grouped,-1,1,-1,0.938,0.0,0.0,robust isolated,2,1,grouped in ≥2
M123,Peretz Square,Triangle/Plaza,M,0.192,410,51,853,0.0,1.0,1.0,grouped,4,54,15,0.0,1.0,0.75,grouped,7,180,70,0.0,1.0,1.0,grouped,303,59,605,0.0,1.0,0.667,grouped,-1,1,-1,0.875,0.0,0.0,robust isolated,2,1,grouped in ≥2
M124,First Park,Neighborhood Park,M,0.763,410,51,853,0.0,1.0,1.0,grouped,4,54,15,0.125,0.875,0.75,grouped,7,180,70,0.0,1.0,1.0,grouped,303,59,605,0.0,1.0,0.889,grouped,-1,1,-1,0.875,0.125,0.0,robust isolated,2,1,grouped in ≥2
M125A,Minetta Green,Triangle/Plaza,M,0.056,407,31,843,0.0,1.0,1.0,grouped,6,30,17,0.0,1.0,1.0,grouped,7,180,70,0.0,1.0,1.0,grouped,296,31,582,0.0,1.0,1.0,grouped,-1,1,-1,0.75,0.25,0.0,unstable,2,0,grouped in ≥2
M125B,Minetta Playground,Playground,M,0.206,407,31,843,0.0,1.0,1.0,grouped,6,30,17,0.0,1.0,1.0,grouped,7,180,70,0.0,1.0,1.0,grouped,296,31,582,0.0,1.0,1.0,grouped,-1,1,-1,0.625,0.375,0.125,unstable,2,0,grouped in ≥2
M125C,West 4th Street Courts,Playground,M,0.42,407,31,843,0.0,1.0,1.0,grouped,6,30,17,0.0,1.0,1.0,grouped,7,180,70,0.0,1.0,1.0,grouped,296,31,582,0.0,1.0,1.0,grouped,-1,1,-1,0.625,0.375,0.312,unstable,2,0,grouped in ≥2
M125D,Minetta Triangle,Triangle/Plaza,M,0.075,407,31,843,0.0,1.0,1.0,grouped,6,30,17,0.0,1.0,1.0,grouped,7,180,70,0.0,1.0,1.0,grouped,296,31,582,0.0,1.0,1.0,grouped,-1,1,-1,0.875,0.125,0.0,robust isolated,2,1,grouped in ≥2
M125E,Charlton Plaza,Triangle/Plaza,M,0.039,407,31,843,0.0,1.0,1.0,grouped,6,30,17,0.0,1.0,1.0,grouped,7,180,70,0.0,1.0,1.0,grouped,296,31,582,0.0,1.0,0.667,grouped,-1,1,-1,1.0,0.0,0.0,robust isolated,2,1,grouped in ≥2
M127,Bushman Steps,Triangle/Plaza,M,0.08,1,44,1,0.0,1.0,1.0,grouped,40,50,66,0.0,1.0,0.75,grouped,6,215,60,0.0,1.0,1.0,grouped,39,35,112,0.0,1.0,0.889,grouped,-1,1,-1,1.0,0.0,0.0,robust isolated,2,1,grouped in ≥2
M132,Little Flower Playground,Playground,M,1.294,411,42,859,0.0,1.0,1.0,grouped,4,54,14,0.0,1.0,0.75,grouped,7,180,71,0.0,1.0,1.0,grouped,303,59,604,0.0,1.0,0.667,grouped,412,2,-1,0.5,0.25,0.0,grouped,3,0,grouped in all
M138,Bill Bojangles Robinson Playground,Playground,M,0.172,1,44,4,0.0,1.0,1.0,grouped,40,50,66,0.0,1.0,0.958,grouped,6,215,60,0.0,1.0,1.0,grouped,39,35,112,0.0,1.0,1.0,grouped,-1,1,-1,1.0,0.0,0.0,robust isolated,2,1,grouped in ≥2
M140,Recreational Area,Community Park,M,23.093,1,44,2,0.0,1.0,1.0,grouped,-1,1,-1,0.5,0.5,0.375,unstable,-1,1,-1,1.0,0.0,0.0,robust isolated,-1,1,-1,0.778,0.222,0.111,unstable,-1,1,-1,1.0,0.0,0.0,robust isolated,0,1,definition-specific
M141,Percy E. Sutton Playground,Neighborhood Park,M,1.635,1,44,4,0.0,1.0,1.0,grouped,40,50,66,0.0,1.0,0.75,grouped,6,215,60,0.0,1.0,1.0,grouped,39,35,112,0.0,1.0,1.0,grouped,289,2,-1,0.188,0.562,0.062,grouped,3,0,grouped in all
M144,John V. Lindsay East River Park,Community Park,M,45.88,411,42,859,0.0,1.0,1.0,grouped,-1,1,-1,0.875,0.125,0.0,robust isolated,-1,1,-1,1.0,0.0,0.0,robust isolated,-1,1,-1,1.0,0.0,0.0,robust isolated,-1,1,-1,1.0,0.0,0.0,robust isolated,0,3,isolated in all
M145,Albert Capsouto Park,Triangle/Plaza,M,0.366,407,31,844,0.0,1.0,1.0,grouped,6,30,17,0.25,0.75,0.75,grouped,7,180,-1,0.5,0.5,0.5,grouped,296,31,582,0.0,1.0,1.0,grouped,-1,1,-1,1.0,0.0,0.0,robust isolated,2,1,grouped in ≥2
M148,White Playground,Playground,M,0.684,9,76,-1,0.333,0.667,0.667,grouped,45,2,74,0.0,0.25,0.25,grouped,6,215,60,0.0,1.0,1.0,grouped,35,2,-1,0.333,0.222,0.0,grouped,-1,1,-1,0.75,0.0,0.0,unstable,2,0,grouped in ≥2
M154,Mathews-Palmer Playground,Playground,M,0.475,419,7,-1,0.333,0.667,0.667,grouped,-1,1,-1,0.75,0.25,0.25,unstable,7,180,70,0.0,1.0,1.0,grouped,-1,1,-1,1.0,0.0,0.0,robust isolated,-1,1,-1,1.0,0.0,0.0,robust isolated,0,2,isolated in ≥2
M155,Courtney Callender Playground,Playground,M,0.653,9,76,41,0.0,1.0,1.0,grouped,35,100,55,0.0,1.0,1.0,grouped,6,215,60,0.0,1.0,1.0,grouped,32,78,90,0.0,1.0,1.0,grouped,-1,1,-1,1.0,0.0,0.0,robust isolated,2,1,grouped in ≥2
M156,McKenna Square,Triangle/Plaza,M,0.222,1,44,2,0.0,1.0,1.0,grouped,40,50,66,0.0,1.0,0.667,grouped,6,215,60,0.0,1.0,1.0,grouped,39,35,112,0.0,1.0,0.556,grouped,-1,1,-1,1.0,0.0,0.0,robust isolated,2,1,grouped in ≥2
M158,Robert Moses Playground,Playground,M,1.093,144,19,335,0.0,1.0,1.0,grouped,16,6,29,0.125,0.875,0.75,grouped,7,180,70,0.0,1.0,0.5,grouped,283,13,555,0.0,1.0,0.778,grouped,-1,1,-1,1.0,0.0,0.0,robust isolated,2,1,grouped in ≥2
M159,Frederick Johnson Playground,Recreational Field/Courts,M,2.445,1,44,4,0.0,1.0,1.0,grouped,40,50,66,0.0,1.0,1.0,grouped,6,215,60,0.0,1.0,1.0,grouped,39,35,112,0.0,1.0,1.0,grouped,-1,1,-1,0.812,0.062,0.0,robust isolated,2,1,grouped in ≥2
M160,Fred Samuel Playground,Playground,M,0.688,8,70,22,0.0,1.0,1.0,grouped,35,100,55,0.0,1.0,0.5,grouped,6,215,60,0.0,1.0,1.0,grouped,40,30,119,0.0,1.0,0.0,grouped,-1,1,-1,1.0,0.0,0.0,robust isolated,2,1,grouped in ≥2
M161,McCaffrey Playground,Playground,M,0.436,419,7,-1,0.333,0.667,0.333,grouped,-1,1,-1,0.75,0.25,0.25,unstable,7,180,70,0.0,1.0,1.0,grouped,-1,1,-1,1.0,0.0,0.0,robust isolated,-1,1,-1,1.0,0.0,0.0,robust isolated,0,2,isolated in ≥2
M164,Asser Levy Playground,Community Park,M,2.436,414,3,-1,0.333,0.667,0.333,grouped,14,10,26,0.25,0.75,0.417,grouped,7,180,70,0.0,1.0,1.0,grouped,-1,1,-1,0.667,0.333,0.0,unstable,-1,1,-1,1.0,0.0,0.0,robust isolated,1,1,definition-specific
M165,Baruch Playground,Recreational Field/Courts,M,2.32,411,42,861,0.0,0.667,0.667,grouped,-1,1,-1,0.75,0.25,0.25,unstable,-1,1,-1,1.0,0.0,0.0,robust isolated,-1,1,-1,1.0,0.0,0.0,robust isolated,-1,1,-1,1.0,0.0,0.0,robust isolated,0,2,isolated in ≥2
M166,Harlem Art Park,Neighborhood Park,M,0.347,9,76,-1,0.333,0.667,0.667,grouped,35,100,55,0.0,1.0,1.0,grouped,6,215,60,0.0,1.0,1.0,grouped,32,78,90,0.0,1.0,0.667,grouped,395,2,-1,0.125,0.375,0.125,grouped,3,0,grouped in all
M167,Peck Slip,Triangle/Plaza,M,0.187,411,42,858,0.0,1.0,0.667,grouped,2,5,3,0.0,0.5,0.5,grouped,7,180,71,0.0,1.0,0.5,grouped,303,59,597,0.0,0.667,0.667,grouped,-1,1,-1,1.0,0.0,0.0,robust isolated,2,1,grouped in ≥2
M169,Samuel Marx Triangle,Triangle/Plaza,M,0.03,8,70,18,0.0,1.0,1.0,grouped,35,100,55,0.0,1.0,1.0,grouped,6,215,60,0.0,1.0,1.0,grouped,32,78,90,0.0,1.0,1.0,grouped,-1,1,-1,0.625,0.375,0.062,unstable,2,0,grouped in ≥2
M170,Petrosino Square,Triangle/Plaza,M,0.047,411,42,857,0.0,1.0,0.667,grouped,4,54,15,0.0,1.0,0.75,grouped,7,180,70,0.0,1.0,0.5,grouped,303,59,604,0.0,1.0,0.667,grouped,-1,1,-1,0.625,0.062,0.0,unstable,2,0,grouped in ≥2
M171,Cherry Clinton Playground,Playground,M,0.483,411,42,859,0.0,1.0,1.0,grouped,4,54,15,0.0,1.0,0.5,grouped,7,180,-1,0.5,0.5,0.5,grouped,303,59,604,0.0,1.0,0.667,grouped,-1,1,-1,1.0,0.0,0.0,robust isolated,2,1,grouped in ≥2
M172,McCarthy Square,Triangle/Plaza,M,0.039,407,31,843,0.0,1.0,1.0,grouped,6,30,17,0.0,1.0,1.0,grouped,7,180,70,0.0,1.0,1.0,grouped,296,31,582,0.0,1.0,1.0,grouped,-1,1,-1,1.0,0.0,0.0,robust isolated,2,1,grouped in ≥2
M177,Honey Locust Park,Triangle/Plaza,M,0.295,144,19,333,0.0,0.667,0.667,grouped,23,11,39,0.0,1.0,1.0,grouped,6,215,61,0.0,1.0,1.0,grouped,288,11,568,0.0,1.0,1.0,grouped,-1,1,-1,0.562,0.125,0.0,unstable,2,0,grouped in ≥2
M178,Catherine Slip Malls,Mall,M,0.25,411,42,860,0.0,1.0,1.0,grouped,4,54,14,0.0,1.0,1.0,grouped,7,180,72,0.0,0.5,0.5,grouped,303,59,604,0.0,1.0,1.0,grouped,-1,1,-1,0.75,0.0,0.0,unstable,2,0,grouped in ≥2
M180,Lt. Wm. Tighe Triangle,Triangle/Plaza,M,0.156,3,9,7,0.0,1.0,0.333,grouped,139,9,216,0.25,0.75,0.5,grouped,5,16,56,0.0,1.0,0.5,grouped,37,9,-1,0.444,0.556,0.333,grouped,-1,1,-1,1.0,0.0,0.0,robust isolated,2,1,grouped in ≥2
M182,Vladeck Park,Neighborhood Park,M,0.789,411,42,859,0.0,1.0,1.0,grouped,4,54,15,0.0,0.875,0.75,grouped,7,180,71,0.0,1.0,1.0,grouped,303,59,604,0.0,1.0,1.0,grouped,-1,1,-1,1.0,0.0,0.0,robust isolated,2,1,grouped in ≥2
M183,Peter Minuit Playground,Jointly Operated Playground,M,0.943,9,76,37,0.0,1.0,1.0,grouped,35,100,55,0.0,1.0,0.917,grouped,6,215,60,0.0,1.0,1.0,grouped,32,78,89,0.0,1.0,0.667,grouped,-1,1,-1,1.0,0.0,0.0,robust isolated,2,1,grouped in ≥2
M184,Samuel N. Bennerson 2nd Playground,Neighborhood Park,M,0.749,418,16,872,0.0,1.0,1.0,grouped,-1,1,-1,0.75,0.25,0.25,unstable,7,180,-1,0.5,0.5,0.5,grouped,-1,1,-1,1.0,0.0,0.0,robust isolated,-1,1,-1,1.0,0.0,0.0,robust isolated,0,2,isolated in ≥2
M186,Brigadier General Charles Young Playground,Neighborhood Park,M,6.423,8,70,24,0.0,0.667,0.667,grouped,40,50,66,0.0,1.0,1.0,grouped,6,215,60,0.0,1.0,1.0,grouped,39,35,112,0.0,1.0,0.667,grouped,-1,1,-1,0.75,0.0,0.0,unstable,2,0,grouped in ≥2
M187,Marx Brothers Playground,Jointly Operated Playground,M,1.478,9,76,47,0.0,1.0,1.0,grouped,35,100,53,0.0,1.0,1.0,grouped,6,215,60,0.0,1.0,1.0,grouped,31,12,84,0.0,1.0,0.667,grouped,-1,1,-1,1.0,0.0,0.0,robust isolated,2,1,grouped in ≥2
M188,Abe Lebewohl Park,Triangle/Plaza,M,0.156,413,8,865,0.0,0.667,0.667,grouped,1,11,1,0.0,1.0,1.0,grouped,7,180,70,0.0,1.0,1.0,grouped,300,6,587,0.0,1.0,0.667,grouped,-1,1,-1,1.0,0.0,0.0,robust isolated,2,1,grouped in ≥2
M188A,Abe Lebewohl Triangle,Triangle/Plaza,M,0.014,413,8,865,0.0,0.667,0.667,grouped,3,46,9,0.0,1.0,0.833,grouped,7,180,70,0.0,1.0,1.0,grouped,302,33,-1,0.333,0.667,0.333,grouped,-1,1,-1,0.875,0.0,0.0,robust isolated,2,1,grouped in ≥2
M189,Roosevelt Triangle,Triangle/Plaza,M,0.073,8,70,21,0.0,1.0,1.0,grouped,35,100,55,0.0,1.0,1.0,grouped,6,215,60,0.0,1.0,1.0,grouped,32,78,90,0.0,1.0,1.0,grouped,-1,1,-1,0.625,0.375,0.0,unstable,2,0,grouped in ≥2
M190,Sheltering Arms Playground,Community Park,M,1.43,8,70,-1,0.333,0.667,0.667,grouped,40,50,66,0.0,1.0,1.0,grouped,6,215,60,0.0,1.0,1.0,grouped,40,30,117,0.0,1.0,1.0,grouped,-1,1,-1,1.0,0.0,0.0,robust isolated,2,1,grouped in ≥2
M191,Father Demo Square,Triangle/Plaza,M,0.247,407,31,843,0.0,1.0,1.0,grouped,6,30,17,0.0,1.0,1.0,grouped,7,180,70,0.0,1.0,1.0,grouped,296,31,582,0.0,1.0,1.0,grouped,-1,1,-1,0.875,0.125,0.0,robust isolated,2,1,grouped in ≥2
M192,Stanley Isaacs Playground,Neighborhood Park,M,1.227,9,76,47,0.0,1.0,1.0,grouped,35,100,53,0.0,1.0,0.75,grouped,6,215,61,0.0,1.0,1.0,grouped,31,12,84,0.0,1.0,1.0,grouped,-1,1,-1,0.75,0.188,0.0,unstable,2,0,grouped in ≥2
M193,Abraham Lincoln Playground,Community Park,M,0.991,9,76,-1,0.0,0.667,0.667,grouped,35,100,55,0.0,1.0,1.0,grouped,6,215,60,0.0,1.0,1.0,grouped,40,30,118,0.0,1.0,1.0,grouped,-1,1,-1,1.0,0.0,0.0,robust isolated,2,1,grouped in ≥2
M194,Alfred E. Smith Playground,Community Park,M,1.75,411,42,860,0.0,1.0,1.0,grouped,4,54,14,0.0,1.0,1.0,grouped,7,180,-1,0.5,0.5,0.5,grouped,303,59,604,0.0,1.0,1.0,grouped,-1,1,-1,1.0,0.0,0.0,robust isolated,2,1,grouped in ≥2
M195,Sidney Hillman Playground,Jointly Operated Playground,M,0.245,411,42,859,0.0,1.0,0.667,grouped,4,54,12,0.0,0.667,0.458,grouped,7,180,70,0.0,1.0,1.0,grouped,303,59,604,0.0,1.0,0.0,grouped,-1,1,-1,0.875,0.0,0.0,robust isolated,2,1,grouped in ≥2
M196,Playground One,Jointly Operated Playground,M,0.44,411,42,860,0.0,1.0,1.0,grouped,4,54,14,0.0,1.0,0.75,grouped,7,180,71,0.0,1.0,1.0,grouped,303,59,604,0.0,1.0,1.0,grouped,-1,1,-1,0.75,0.25,0.0,unstable,2,0,grouped in ≥2
M198,"Martin Luther King, Jr. Playground",Neighborhood Park,M,1.0,8,70,-1,0.333,0.667,0.667,grouped,-1,1,-1,0.583,0.417,0.25,unstable,6,215,60,0.0,1.0,1.0,grouped,-1,1,-1,1.0,0.0,0.0,robust isolated,-1,1,-1,0.75,0.0,0.0,unstable,0,1,definition-specific
M199,Monsignor Kett Playground,Neighborhood Park,M,1.0,2,4,-1,0.333,0.667,0.333,grouped,139,9,216,0.0,1.0,0.375,grouped,5,16,56,0.0,1.0,0.5,grouped,37,9,104,0.0,0.667,0.333,grouped,-1,1,-1,1.0,0.0,0.0,robust isolated,2,1,grouped in ≥2
M200,Booker T. Washington Playground,Jointly Operated Playground,M,1.441,8,70,20,0.0,1.0,1.0,grouped,35,100,52,0.0,1.0,1.0,grouped,6,215,60,0.0,1.0,1.0,grouped,32,78,90,0.0,1.0,0.667,grouped,-1,1,-1,1.0,0.0,0.0,robust isolated,2,1,grouped in ≥2
M200A,Anibal Aviles Playground,Playground,M,0.517,8,70,20,0.0,1.0,1.0,grouped,35,100,52,0.0,1.0,0.25,grouped,6,215,60,0.0,1.0,1.0,grouped,32,78,90,0.0,1.0,0.0,grouped,-1,1,-1,1.0,0.0,0.0,robust isolated,2,1,grouped in ≥2
M201,Wald Playground,Jointly Operated Playground,M,0.525,411,42,861,0.0,0.667,0.667,grouped,3,46,8,0.25,0.75,0.75,grouped,7,180,70,0.0,1.0,1.0,grouped,301,13,592,0.0,1.0,0.667,grouped,-1,1,-1,0.875,0.0,0.0,robust isolated,2,1,grouped in ≥2
M203A,Trygve Lie Plaza,Triangle/Plaza,M,0.095,144,19,335,0.0,1.0,1.0,grouped,16,6,29,0.167,0.833,0.708,grouped,7,180,70,0.0,1.0,1.0,grouped,283,13,555,0.0,1.0,1.0,grouped,-1,1,-1,0.938,0.0,0.0,robust isolated,2,1,grouped in ≥2
M203B,Ralph Bunche Park,Triangle/Plaza,M,0.211,144,19,335,0.0,1.0,1.0,grouped,16,6,29,0.125,0.875,0.875,grouped,7,180,70,0.0,1.0,1.0,grouped,283,13,555,0.0,1.0,1.0,grouped,-1,1,-1,1.0,0.0,0.0,robust isolated,2,1,grouped in ≥2
M203C,Dag Hammarskjold Plaza,Triangle/Plaza,M,1.59,144,19,-1,0.333,0.667,0.667,grouped,16,6,29,0.083,0.917,0.75,grouped,7,180,70,0.0,1.0,1.0,grouped,-1,1,-1,0.667,0.333,0.333,unstable,-1,1,-1,0.438,0.062,0.0,unstable,1,0,definition-specific
M203D,Mary O'Connor Playground,Playground,M,0.229,144,19,335,0.0,1.0,1.0,grouped,16,6,29,0.167,0.833,0.75,grouped,7,180,70,0.0,1.0,1.0,grouped,283,13,555,0.0,1.0,1.0,grouped,-1,1,-1,1.0,0.0,0.0,robust isolated,2,1,grouped in ≥2
M203E,Tudor Grove Playground,Playground,M,0.192,144,19,335,0.0,1.0,1.0,grouped,16,6,29,0.167,0.833,0.75,grouped,7,180,70,0.0,1.0,1.0,grouped,283,13,555,0.0,1.0,1.0,grouped,-1,1,-1,1.0,0.0,0.0,robust isolated,2,1,grouped in ≥2
M204,Moore Playground,Jointly Operated Playground,M,0.766,9,76,41,0.0,1.0,1.0,grouped,35,100,55,0.0,1.0,1.0,grouped,6,215,60,0.0,1.0,1.0,grouped,32,78,90,0.0,1.0,0.778,grouped,277,2,-1,0.375,0.312,0.0,grouped,3,0,grouped in all
M205,Playground One Twenty Five CXXV,Jointly Operated Playground,M,1.691,8,70,21,0.0,1.0,1.0,grouped,35,100,55,0.0,1.0,1.0,grouped,6,215,60,0.0,1.0,1.0,grouped,32,78,90,0.0,1.0,1.0,grouped,-1,1,-1,0.75,0.0,0.0,unstable,2,0,grouped in ≥2
M206,Tanahey Playground,Neighborhood Park,M,1.254,411,42,860,0.0,1.0,1.0,grouped,4,54,15,0.25,0.75,0.25,grouped,7,180,-1,0.5,0.5,0.0,grouped,303,59,604,0.0,1.0,0.667,grouped,-1,1,-1,1.0,0.0,0.0,robust isolated,2,1,grouped in ≥2
M207,Father Fagan Park,Triangle/Plaza,M,0.15,407,31,843,0.0,1.0,1.0,grouped,6,30,17,0.0,1.0,1.0,grouped,7,180,70,0.0,1.0,1.0,grouped,296,31,582,0.0,1.0,1.0,grouped,-1,1,-1,1.0,0.0,0.0,robust isolated,2,1,grouped in ≥2
M208A,Alice Kornegay Triangle,Playground,M,0.883,9,76,46,0.0,1.0,1.0,grouped,35,100,55,0.0,1.0,1.0,grouped,6,215,60,0.0,1.0,1.0,grouped,32,78,91,0.0,1.0,1.0,grouped,-1,1,-1,0.625,0.375,0.0,unstable,2,0,grouped in ≥2
M208B,Park,Triangle/Plaza,M,0.059,9,76,46,0.0,1.0,1.0,grouped,35,100,55,0.0,1.0,0.958,grouped,6,215,60,0.0,1.0,1.0,grouped,32,78,91,0.0,1.0,1.0,grouped,353,3,-1,0.5,0.5,0.125,grouped,3,0,grouped in all
M208C,Harlem River Park,Triangle/Plaza,M,0.203,9,76,46,0.0,1.0,1.0,grouped,35,100,55,0.0,1.0,0.958,grouped,6,215,60,0.0,1.0,1.0,grouped,32,78,91,0.0,1.0,1.0,grouped,353,3,372,0.125,0.75,0.375,grouped,3,0,grouped in all
M208D,Harlem River Park,Recreational Field/Courts,M,5.756,9,76,46,0.0,1.0,1.0,grouped,35,100,55,0.0,1.0,1.0,grouped,6,215,60,0.0,1.0,1.0,grouped,32,78,91,0.0,1.0,1.0,grouped,351,4,370,0.0,1.0,0.375,grouped,3,0,grouped in all
M208E,Crack Is Wack Playground,Playground,M,1.369,9,76,46,0.0,1.0,1.0,grouped,35,100,55,0.0,1.0,0.75,grouped,6,215,60,0.0,1.0,1.0,grouped,32,78,91,0.0,1.0,1.0,grouped,351,4,370,0.0,1.0,0.375,grouped,3,0,grouped in all
M208F,Harlem River Park,Triangle/Plaza,M,0.267,9,76,46,0.0,1.0,1.0,grouped,-1,1,-1,0.75,0.25,0.25,unstable,6,215,60,0.0,1.0,1.0,grouped,32,78,91,0.0,1.0,0.0,grouped,-1,1,-1,1.0,0.0,0.0,robust isolated,1,1,definition-specific
M208G,Harlem River Park,Triangle/Plaza,M,0.351,9,76,46,0.0,1.0,1.0,grouped,-1,1,-1,0.5,0.5,0.25,unstable,6,215,60,0.0,1.0,1.0,grouped,32,78,91,0.0,1.0,0.0,grouped,-1,1,-1,1.0,0.0,0.0,robust isolated,1,1,definition-specific
M209,Mill Rock Park,Nature Area,M,8.639,-1,1,-1,0.0,0.0,0.0,unresolved,-1,1,-1,0.0,0.0,0.0,unresolved,-1,1,-1,0.0,0.0,0.0,unresolved,-1,1,-1,0.0,0.0,0.0,unresolved,-1,1,-1,0.0,0.0,0.0,unresolved,0,0,definition-specific
M211A,St. Nicholas Playground South,Playground,M,0.67,8,70,18,0.0,1.0,1.0,grouped,35,100,55,0.0,1.0,1.0,grouped,6,215,60,0.0,1.0,1.0,grouped,32,78,90,0.0,1.0,1.0,grouped,-1,1,-1,0.812,0.188,0.125,robust isolated,2,1,grouped in ≥2
M211B,Langston Hughes Playground,Playground,M,0.66,8,70,18,0.0,1.0,1.0,grouped,35,100,55,0.0,1.0,1.0,grouped,6,215,60,0.0,1.0,1.0,grouped,40,30,118,0.0,1.0,1.0,grouped,293,2,-1,0.375,0.438,0.125,grouped,3,0,grouped in all
M212,The Queen Elizabeth II September 11th Garden,Triangle/Plaza,M,0.117,408,5,849,0.0,0.667,0.667,grouped,2,5,-1,0.5,0.5,0.25,grouped,7,180,-1,0.5,0.5,0.0,grouped,303,59,-1,0.333,0.667,0.667,grouped,-1,1,-1,1.0,0.0,0.0,robust isolated,2,1,grouped in ≥2
M213,Mae Grant Playground,Neighborhood Park,M,0.97,9,76,-1,0.333,0.667,0.667,grouped,35,100,-1,0.25,0.75,0.25,grouped,6,215,60,0.0,1.0,0.5,grouped,31,12,-1,0.333,0.667,0.0,grouped,-1,1,-1,1.0,0.0,0.0,robust isolated,2,1,grouped in ≥2
M214,Blake Hobbs Playground,Neighborhood Park,M,1.0,9,76,48,0.0,0.667,0.667,grouped,35,100,55,0.0,1.0,0.75,grouped,6,215,60,0.0,1.0,1.0,grouped,32,78,89,0.0,1.0,0.667,grouped,-1,1,-1,1.0,0.0,0.0,robust isolated,2,1,grouped in ≥2
M215,Cherry Tree Park,Neighborhood Park,M,0.95,9,76,44,0.0,1.0,1.0,grouped,35,100,55,0.0,1.0,0.583,grouped,6,215,60,0.0,1.0,1.0,grouped,31,12,-1,0.333,0.667,0.333,grouped,-1,1,-1,1.0,0.0,0.0,robust isolated,2,1,grouped in ≥2
M216,Holcombe Rucker Park,Neighborhood Park,M,3.05,1,44,1,0.0,1.0,0.667,grouped,40,50,66,0.0,1.0,1.0,grouped,6,215,60,0.0,1.0,1.0,grouped,39,35,112,0.0,1.0,1.0,grouped,-1,1,-1,1.0,0.0,0.0,robust isolated,2,1,grouped in ≥2
M217,Howard Bennett Playground,Jointly Operated Playground,M,1.228,8,70,-1,0.0,0.667,0.667,grouped,35,100,55,0.0,1.0,1.0,grouped,6,215,60,0.0,1.0,1.0,grouped,40,30,118,0.0,1.0,1.0,grouped,-1,1,-1,1.0,0.0,0.0,robust isolated,2,1,grouped in ≥2
M218,DeSalvio Playground,Playground,M,0.266,411,42,857,0.0,1.0,0.667,grouped,4,54,14,0.0,1.0,0.75,grouped,7,180,70,0.0,1.0,0.5,grouped,-1,1,-1,0.333,0.667,0.667,unstable,-1,1,-1,0.75,0.0,0.0,unstable,1,0,definition-specific
M219,Tecumseh Playground,Jointly Operated Playground,M,0.738,418,16,872,0.0,1.0,0.667,grouped,21,15,34,0.0,1.0,0.75,grouped,6,215,61,0.0,1.0,1.0,grouped,285,15,563,0.0,1.0,1.0,grouped,-1,1,-1,0.625,0.375,0.125,unstable,2,0,grouped in ≥2
M220,Frederick Douglass Playground,Neighborhood Park,M,1.945,8,70,19,0.0,1.0,1.0,grouped,39,12,63,0.0,1.0,1.0,grouped,6,215,61,0.0,1.0,1.0,grouped,38,11,111,0.0,1.0,1.0,grouped,382,2,-1,0.438,0.562,0.125,grouped,3,0,grouped in all
M221,Gutenberg Playground,Jointly Operated Playground,M,0.551,419,7,-1,0.333,0.667,0.667,grouped,-1,1,-1,0.5,0.292,0.25,unstable,7,180,70,0.0,1.0,1.0,grouped,-1,1,-1,1.0,0.0,0.0,robust isolated,-1,1,-1,0.75,0.0,0.0,unstable,0,1,definition-specific
M222,Grand Canal Court,Recreational Field/Courts,M,0.134,407,31,844,0.0,1.0,1.0,grouped,6,30,17,0.125,0.875,0.75,grouped,7,180,70,0.0,1.0,1.0,grouped,296,31,582,0.0,1.0,1.0,grouped,-1,1,-1,0.875,0.0,0.0,robust isolated,2,1,grouped in ≥2
M223,Jacob H. Schiff Playground,Jointly Operated Playground,M,3.852,1,44,2,0.0,1.0,1.0,grouped,40,50,66,0.0,1.0,1.0,grouped,6,215,60,0.0,1.0,1.0,grouped,40,30,117,0.0,1.0,1.0,grouped,-1,1,-1,0.75,0.188,0.062,unstable,2,0,grouped in ≥2
M224,Straus Square,Triangle/Plaza,M,0.12,411,42,859,0.0,1.0,1.0,grouped,4,54,15,0.0,1.0,1.0,grouped,7,180,70,0.0,1.0,1.0,grouped,303,59,604,0.0,1.0,1.0,grouped,-1,1,-1,1.0,0.0,0.0,robust isolated,2,1,grouped in ≥2
M225,Wagner Playground,Jointly Operated Playground,M,1.27,9,76,-1,0.333,0.667,0.667,grouped,35,100,-1,0.375,0.625,0.25,grouped,6,215,60,0.0,1.0,1.0,grouped,32,78,-1,0.333,0.667,0.667,grouped,-1,1,-1,1.0,0.0,0.0,robust isolated,2,1,grouped in ≥2
M226,Augustus St. Gaudens Playground,Jointly Operated Playground,M,0.642,413,8,864,0.0,1.0,0.667,grouped,1,11,1,0.0,1.0,1.0,grouped,7,180,70,0.0,1.0,1.0,grouped,300,6,587,0.0,1.0,0.667,grouped,-1,1,-1,0.812,0.188,0.0,robust isolated,2,1,grouped in ≥2
M227,Peter's Field,Jointly Operated Playground,M,0.882,413,8,864,0.0,1.0,0.667,grouped,1,11,1,0.0,1.0,1.0,grouped,7,180,70,0.0,1.0,1.0,grouped,300,6,587,0.0,1.0,0.667,grouped,-1,1,-1,0.875,0.125,0.0,robust isolated,2,1,grouped in ≥2
M228,Henry M. Jackson Playground,Jointly Operated Playground,M,0.61,411,42,859,0.0,1.0,1.0,grouped,4,54,15,0.0,1.0,1.0,grouped,7,180,70,0.0,1.0,1.0,grouped,303,59,604,0.0,1.0,1.0,grouped,-1,1,-1,1.0,0.0,0.0,robust isolated,2,1,grouped in ≥2
M229,Happy Warrior Playground,Jointly Operated Playground,M,1.7,8,70,19,0.0,1.0,1.0,grouped,39,12,63,0.0,1.0,1.0,grouped,6,215,61,0.0,1.0,1.0,grouped,38,11,111,0.0,1.0,1.0,grouped,382,2,-1,0.188,0.688,0.125,grouped,3,0,grouped in all
M230,Poor Richard's Playground,Jointly Operated Playground,M,1.58,9,76,43,0.0,1.0,0.667,grouped,35,100,55,0.0,1.0,0.75,grouped,6,215,60,0.0,1.0,1.0,grouped,32,78,89,0.0,1.0,0.667,grouped,-1,1,-1,1.0,0.0,0.0,robust isolated,2,1,grouped in ≥2
M231,Damrosch Park,Community Park,M,2.443,418,16,872,0.0,1.0,1.0,grouped,21,15,34,0.0,1.0,0.75,grouped,6,215,61,0.0,1.0,1.0,grouped,285,15,563,0.0,1.0,0.667,grouped,-1,1,-1,1.0,0.0,0.0,robust isolated,2,1,grouped in ≥2
M232,Lincoln Center Plaza,Triangle/Plaza,M,3.8,418,16,872,0.0,1.0,1.0,grouped,21,15,34,0.0,1.0,1.0,grouped,6,215,61,0.0,1.0,1.0,grouped,285,15,563,0.0,1.0,1.0,grouped,-1,1,-1,1.0,0.0,0.0,robust isolated,2,1,grouped in ≥2
M233,Matthew P. Sapolin Playground,Jointly Operated Playground,M,0.947,418,16,872,0.0,1.0,1.0,grouped,21,15,34,0.0,1.0,0.75,grouped,6,215,-1,0.5,0.5,0.5,grouped,285,15,563,0.0,1.0,1.0,grouped,-1,1,-1,1.0,0.0,0.0,robust isolated,2,1,grouped in ≥2
M234,Wright Brothers Playground,Jointly Operated Playground,M,0.584,1,44,1,0.0,1.0,1.0,grouped,40,50,66,0.0,1.0,1.0,grouped,6,215,60,0.0,1.0,1.0,grouped,39,35,112,0.0,1.0,1.0,grouped,-1,1,-1,1.0,0.0,0.0,robust isolated,2,1,grouped in ≥2
M235,Sol Lain Plgd,Jointly Operated Playground,M,0.891,411,42,859,0.0,1.0,1.0,grouped,4,54,15,0.0,1.0,1.0,grouped,7,180,70,0.0,1.0,1.0,grouped,303,59,604,0.0,1.0,1.0,grouped,-1,1,-1,1.0,0.0,0.0,robust isolated,2,1,grouped in ≥2
M236,Samuel Seabury Playground,Jointly Operated Playground,M,0.786,9,76,50,0.0,0.667,0.667,grouped,35,100,53,0.0,1.0,1.0,grouped,6,215,60,0.0,1.0,1.0,grouped,31,12,84,0.0,1.0,0.667,grouped,-1,1,-1,0.875,0.125,0.0,robust isolated,2,1,grouped in ≥2
M237,Corporal John A. Seravalli Playground,Neighborhood Park,M,1.143,407,31,843,0.0,1.0,1.0,grouped,6,30,17,0.0,1.0,0.75,grouped,7,180,-1,0.5,0.5,0.5,grouped,296,31,581,0.0,1.0,0.667,grouped,-1,1,-1,1.0,0.0,0.0,robust isolated,2,1,grouped in ≥2
M238,Bloomingdale Playground,Jointly Operated Playground,M,0.715,8,70,19,0.0,1.0,1.0,grouped,39,12,63,0.0,1.0,1.0,grouped,6,215,61,0.0,1.0,1.0,grouped,38,11,111,0.0,1.0,1.0,grouped,-1,1,-1,0.875,0.125,0.0,robust isolated,2,1,grouped in ≥2
M239,P.S. 155 Playground,Jointly Operated Playground,M,0.834,9,76,45,0.0,0.667,0.667,grouped,35,100,55,0.0,1.0,1.0,grouped,6,215,60,0.0,1.0,1.0,grouped,32,78,96,0.0,1.0,1.0,grouped,-1,1,-1,0.5,0.438,0.188,unstable,2,0,grouped in ≥2
M240,Audubon Playground,Jointly Operated Playground,M,0.656,1,44,2,0.0,1.0,1.0,grouped,40,50,67,0.25,0.75,0.25,grouped,6,215,62,0.0,0.5,0.5,grouped,39,35,112,0.0,1.0,0.0,grouped,-1,1,-1,1.0,0.0,0.0,robust isolated,2,1,grouped in ≥2
M241,Nathan Straus Playground,Jointly Operated Playground,M,0.851,410,51,851,0.0,1.0,1.0,grouped,4,54,15,0.0,1.0,1.0,grouped,7,180,70,0.0,1.0,1.0,grouped,303,59,-1,0.333,0.667,0.667,grouped,-1,1,-1,1.0,0.0,0.0,robust isolated,2,1,grouped in ≥2
M242,Collect Pond Park,Triangle/Plaza,M,0.994,411,42,860,0.0,1.0,1.0,grouped,4,54,15,0.0,1.0,0.75,grouped,7,180,70,0.0,1.0,0.5,grouped,303,59,604,0.0,1.0,1.0,grouped,-1,1,-1,0.625,0.062,0.0,unstable,2,0,grouped in ≥2
M243,Eugene McCabe Field,Jointly Operated Playground,M,0.789,9,76,40,0.0,1.0,1.0,grouped,35,100,55,0.0,1.0,1.0,grouped,6,215,60,0.0,1.0,1.0,grouped,32,78,90,0.0,1.0,0.667,grouped,-1,1,-1,0.75,0.125,0.0,unstable,2,0,grouped in ≥2
M244,Sol Bloom Playground,Jointly Operated Playground,M,0.837,8,70,-1,0.333,0.667,0.667,grouped,19,6,32,0.0,1.0,0.583,grouped,6,215,61,0.0,1.0,1.0,grouped,42,6,-1,0.333,0.667,0.333,grouped,-1,1,-1,1.0,0.0,0.0,robust isolated,2,1,grouped in ≥2
M245,Renaissance Playground,Jointly Operated Playground,M,1.34,8,70,22,0.0,1.0,0.667,grouped,40,50,66,0.0,1.0,1.0,grouped,6,215,60,0.0,1.0,1.0,grouped,39,35,112,0.0,1.0,0.667,grouped,-1,1,-1,1.0,0.0,0.0,robust isolated,2,1,grouped in ≥2
M246,Kimlau Square,Triangle/Plaza,M,0.242,411,42,860,0.0,1.0,1.0,grouped,4,54,14,0.0,1.0,0.75,grouped,7,180,70,0.0,1.0,1.0,grouped,303,59,604,0.0,1.0,1.0,grouped,-1,1,-1,1.0,0.0,0.0,robust isolated,2,1,grouped in ≥2
M247,St. James Triangle,Triangle/Plaza,M,0.043,411,42,860,0.0,1.0,1.0,grouped,4,54,14,0.0,1.0,0.75,grouped,7,180,71,0.0,1.0,0.5,grouped,303,59,604,0.0,1.0,1.0,grouped,-1,1,-1,0.75,0.0,0.0,unstable,2,0,grouped in ≥2
M249,Penn South Playground,Neighborhood Park,M,0.6,404,7,-1,0.333,0.667,0.333,grouped,14,10,25,0.0,1.0,0.875,grouped,7,180,70,0.0,1.0,1.0,grouped,295,7,-1,0.333,0.667,0.667,grouped,-1,1,-1,0.438,0.0,0.0,unstable,2,0,grouped in ≥2
M251,Bleecker Playground,Neighborhood Park,M,0.477,407,31,843,0.0,1.0,1.0,grouped,6,30,17,0.0,1.0,1.0,grouped,7,180,70,0.0,1.0,1.0,grouped,296,31,582,0.0,1.0,1.0,grouped,-1,1,-1,1.0,0.0,0.0,robust isolated,2,1,grouped in ≥2
M254,Gustave Hartman Square,Triangle/Plaza,M,0.095,410,51,851,0.0,1.0,1.0,grouped,3,46,9,0.0,1.0,1.0,grouped,7,180,70,0.0,1.0,1.0,grouped,301,13,592,0.0,1.0,1.0,grouped,-1,1,-1,0.688,0.312,0.0,unstable,2,0,grouped in ≥2
M255,James Madison Plaza,Triangle/Plaza,M,0.361,411,42,860,0.0,1.0,1.0,grouped,4,54,14,0.0,1.0,0.75,grouped,7,180,71,0.0,1.0,1.0,grouped,303,59,604,0.0,1.0,1.0,grouped,412,2,-1,0.5,0.25,0.0,grouped,3,0,grouped in all
M256,MacArthur Playground,Playground,M,0.329,144,19,334,0.0,1.0,0.667,grouped,-1,1,-1,0.417,0.292,0.25,unstable,7,180,70,0.0,1.0,1.0,grouped,307,2,-1,0.333,0.0,0.0,grouped,-1,1,-1,0.75,0.0,0.0,unstable,1,0,definition-specific
M257,Clement Clarke Moore Park,Neighborhood Park,M,0.489,404,7,838,0.0,1.0,0.667,grouped,14,10,25,0.0,1.0,1.0,grouped,7,180,70,0.0,1.0,1.0,grouped,295,7,578,0.0,1.0,0.667,grouped,-1,1,-1,0.875,0.0,0.0,robust isolated,2,1,grouped in ≥2
M258,East River Playground,Jointly Operated Playground,M,1.285,9,76,49,0.0,0.667,0.667,grouped,45,2,74,0.0,0.25,0.25,grouped,6,215,60,0.0,1.0,1.0,grouped,35,2,-1,0.222,0.333,0.222,grouped,-1,1,-1,0.75,0.0,0.0,unstable,2,0,grouped in ≥2
M259,McKinley Playground,Jointly Operated Playground,M,0.563,410,51,-1,0.333,0.667,0.667,grouped,3,46,9,0.0,1.0,1.0,grouped,7,180,70,0.0,1.0,1.0,grouped,301,13,592,0.0,1.0,0.667,grouped,-1,1,-1,0.375,0.625,0.25,unstable,2,0,grouped in ≥2
M263,Bellevue South Park,Neighborhood Park,M,1.593,414,3,867,0.0,0.667,0.333,grouped,-1,1,-1,0.25,0.583,0.417,unstable,7,180,70,0.0,1.0,1.0,grouped,283,13,-1,0.333,0.667,0.222,grouped,-1,1,-1,0.812,0.0,0.0,robust isolated,1,1,definition-specific
M264,Playground Eighty Nine LXXXIX,Jointly Operated Playground,M,0.402,8,70,23,0.0,0.667,0.667,grouped,19,6,32,0.0,1.0,0.25,grouped,6,215,61,0.0,1.0,0.5,grouped,42,6,121,0.0,1.0,0.0,grouped,-1,1,-1,1.0,0.0,0.0,robust isolated,2,1,grouped in ≥2
M265,Vincent F. Albano Jr. Playground,Playground,M,0.346,414,3,867,0.0,0.667,0.333,grouped,1,11,1,0.0,1.0,1.0,grouped,7,180,70,0.0,1.0,1.0,grouped,300,6,-1,0.333,0.667,0.667,grouped,-1,1,-1,0.562,0.188,0.0,unstable,2,0,grouped in ≥2
M268,El Jardin Del Paraiso Park,Garden,M,0.73,410,51,851,0.0,1.0,1.0,grouped,3,46,9,0.0,1.0,1.0,grouped,7,180,70,0.0,1.0,1.0,grouped,302,33,594,0.0,1.0,1.0,grouped,301,7,-1,0.375,0.625,0.5,grouped,3,0,grouped in all
M270,Dry Dock Playground,Community Park,M,1.5,410,51,852,0.0,1.0,0.667,grouped,3,46,9,0.0,1.0,1.0,grouped,7,180,70,0.0,1.0,1.0,grouped,302,33,594,0.0,1.0,1.0,grouped,-1,1,-1,1.0,0.0,0.0,robust isolated,2,1,grouped in ≥2
M271A,Harlem RBI,Recreational Field/Courts,M,0.9,9,76,48,0.0,0.667,0.667,grouped,-1,1,-1,0.75,0.25,0.25,unstable,6,215,-1,0.5,0.5,0.5,grouped,-1,1,-1,1.0,0.0,0.0,robust isolated,-1,1,-1,1.0,0.0,0.0,robust isolated,0,2,isolated in ≥2
M273,Wagner Houses Pool,Community Park,M,1.64,9,76,46,0.0,1.0,1.0,grouped,35,100,-1,0.417,0.583,0.333,grouped,6,215,60,0.0,1.0,1.0,grouped,-1,1,-1,0.667,0.333,0.0,unstable,-1,1,-1,0.875,0.125,0.0,robust isolated,1,1,definition-specific
M277,Hell's Kitchen Park,Neighborhood Park,M,0.576,419,7,875,0.0,0.667,0.667,grouped,20,3,33,0.0,1.0,1.0,grouped,7,180,70,0.0,1.0,1.0,grouped,287,3,567,0.0,1.0,0.667,grouped,-1,1,-1,0.875,0.0,0.0,robust isolated,2,1,grouped in ≥2
M278,Jefferson Market Garden,Garden,M,0.361,407,31,843,0.0,1.0,1.0,grouped,6,30,17,0.0,1.0,1.0,grouped,7,180,70,0.0,1.0,1.0,grouped,296,31,582,0.0,1.0,1.0,grouped,-1,1,-1,0.875,0.125,0.125,robust isolated,2,1,grouped in ≥2
M279,Duarte Square,Triangle/Plaza,M,0.448,407,31,844,0.0,1.0,1.0,grouped,6,30,17,0.0,1.0,1.0,grouped,7,180,70,0.0,1.0,1.0,grouped,296,31,582,0.0,1.0,1.0,grouped,-1,1,-1,1.0,0.0,0.0,robust isolated,2,1,grouped in ≥2
M280,Tramway Plaza,Triangle/Plaza,M,0.345,144,19,333,0.0,0.667,0.667,grouped,23,11,39,0.0,1.0,1.0,grouped,7,180,70,0.0,1.0,1.0,grouped,288,11,568,0.0,1.0,1.0,grouped,-1,1,-1,0.625,0.125,0.0,unstable,2,0,grouped in ≥2
M281,Clinton Community Garden,Garden,M,0.35,419,7,875,0.0,0.667,0.667,grouped,-1,1,-1,0.75,0.25,0.208,unstable,7,180,70,0.0,1.0,1.0,grouped,-1,1,-1,1.0,0.0,0.0,robust isolated,-1,1,-1,1.0,0.0,0.0,robust isolated,0,2,isolated in ≥2
M282,Septuagesimo UNO,Triangle/Plaza,M,0.04,418,16,872,0.0,1.0,1.0,grouped,21,15,34,0.0,1.0,0.625,grouped,6,215,61,0.0,1.0,0.5,grouped,285,15,563,0.0,1.0,1.0,grouped,-1,1,-1,1.0,0.0,0.0,robust isolated,2,1,grouped in ≥2
M283#1,Battery Park City (1/4),Community Park,M,26.042,406,3,842,0.0,1.0,0.333,grouped,-1,1,-1,0.875,0.125,0.0,robust isolated,-1,1,-1,1.0,0.0,0.0,robust isolated,-1,1,-1,0.556,0.444,0.222,unstable,-1,1,-1,1.0,0.0,0.0,robust isolated,0,2,isolated in ≥2
M283#2,Battery Park City (2/4),Community Park,M,26.042,405,4,841,0.0,1.0,1.0,grouped,4,54,10,0.0,1.0,1.0,grouped,7,180,70,0.0,1.0,0.0,grouped,303,59,598,0.0,1.0,0.667,grouped,-1,1,-1,1.0,0.0,0.0,robust isolated,2,1,grouped in ≥2
M283#3,Battery Park City (3/4),Community Park,M,26.042,408,5,848,0.0,1.0,0.667,grouped,-1,1,-1,0.625,0.375,0.125,unstable,42,2,-1,0.5,0.0,0.0,grouped,303,59,600,0.0,1.0,0.667,grouped,-1,1,-1,1.0,0.0,0.0,robust isolated,1,1,definition-specific
M283#4,Battery Park City (4/4),Community Park,M,26.042,406,3,842,0.0,1.0,0.333,grouped,8,2,19,0.125,0.375,0.0,grouped,-1,1,-1,1.0,0.0,0.0,robust isolated,303,59,599,0.0,0.667,0.0,grouped,-1,1,-1,1.0,0.0,0.0,robust isolated,2,1,grouped in ≥2
M283A,Battery Park City,Neighborhood Park,M,1.556,406,3,842,0.0,1.0,0.333,grouped,8,2,19,0.125,0.375,0.0,grouped,42,2,-1,0.5,0.0,0.0,grouped,303,59,599,0.0,0.667,0.0,grouped,-1,1,-1,1.0,0.0,0.0,robust isolated,2,1,grouped in ≥2
M284,Convent Garden,Triangle/Plaza,M,0.134,1,44,1,0.0,1.0,1.0,grouped,40,50,66,0.0,1.0,1.0,grouped,6,215,60,0.0,1.0,1.0,grouped,39,35,112,0.0,1.0,1.0,grouped,-1,1,-1,0.812,0.188,0.0,robust isolated,2,1,grouped in ≥2
M285,Dr. Ronald E. McNair Playground,Neighborhood Park,M,0.603,9,76,40,0.0,1.0,1.0,grouped,35,100,55,0.0,1.0,0.375,grouped,6,215,60,0.0,1.0,1.0,grouped,32,78,90,0.0,1.0,0.0,grouped,-1,1,-1,1.0,0.0,0.0,robust isolated,2,1,grouped in ≥2
M286,Asphalt Green,Community Park,M,4.35,9,76,47,0.0,1.0,0.667,grouped,35,100,53,0.0,1.0,0.833,grouped,6,215,61,0.0,1.0,1.0,grouped,31,12,84,0.0,1.0,1.0,grouped,-1,1,-1,0.75,0.0,0.0,unstable,2,0,grouped in ≥2
M287,Sheridan Square Viewing Garden,Triangle/Plaza,M,0.07,407,31,843,0.0,1.0,1.0,grouped,6,30,17,0.0,1.0,0.875,grouped,7,180,70,0.0,1.0,1.0,grouped,296,31,582,0.0,1.0,1.0,grouped,-1,1,-1,0.375,0.625,0.5,unstable,2,0,grouped in ≥2
M288,Ramon Aponte Park,Playground,M,0.174,419,7,-1,0.333,0.667,0.667,grouped,20,3,33,0.0,1.0,1.0,grouped,7,180,70,0.0,1.0,1.0,grouped,287,3,567,0.0,1.0,0.667,grouped,-1,1,-1,0.75,0.062,0.0,unstable,2,0,grouped in ≥2
M289,East River Esplanade,Neighborhood Park,M,1.735,-1,1,-1,0.0,0.0,0.0,unresolved,-1,1,-1,0.0,0.0,0.0,unresolved,-1,1,-1,0.0,0.0,0.0,unresolved,-1,1,-1,0.0,0.0,0.0,unresolved,-1,1,-1,0.0,0.0,0.0,unresolved,0,0,definition-specific
M290,Pier 107 CVII,Waterfront Facility,M,0.356,-1,1,-1,0.0,0.0,0.0,unresolved,-1,1,-1,0.0,0.0,0.0,unresolved,-1,1,-1,0.0,0.0,0.0,unresolved,-1,1,-1,0.0,0.0,0.0,unresolved,-1,1,-1,0.0,0.0,0.0,unresolved,0,0,definition-specific
M291,Fishbridge Garden,Garden,M,0.1,411,42,858,0.0,1.0,0.667,grouped,4,54,14,0.0,1.0,0.75,grouped,7,180,71,0.0,1.0,0.5,grouped,303,59,604,0.0,1.0,0.667,grouped,-1,1,-1,1.0,0.0,0.0,robust isolated,2,1,grouped in ≥2
M292,Sunshine Playground,Playground,M,0.24,9,76,44,0.0,1.0,1.0,grouped,-1,1,-1,0.75,0.25,0.25,unstable,6,215,60,0.0,1.0,1.0,grouped,-1,1,-1,1.0,0.0,0.0,robust isolated,-1,1,-1,1.0,0.0,0.0,robust isolated,0,2,isolated in ≥2
M293,6th St and Ave B Community Garden,Garden,M,0.39,410,51,852,0.0,1.0,1.0,grouped,3,46,9,0.0,1.0,1.0,grouped,7,180,70,0.0,1.0,1.0,grouped,302,33,594,0.0,1.0,0.667,grouped,-1,1,-1,0.875,0.125,0.0,robust isolated,2,1,grouped in ≥2
M294,Ruppert Park,Neighborhood Park,M,0.997,-1,1,-1,0.667,0.333,0.333,unstable,35,100,53,0.0,1.0,0.833,grouped,6,215,60,0.0,1.0,1.0,grouped,31,12,-1,0.333,0.667,0.667,grouped,-1,1,-1,0.875,0.125,0.0,robust isolated,2,1,grouped in ≥2
M295,Mercer Playground,Playground,M,0.446,407,31,843,0.0,1.0,1.0,grouped,6,30,17,0.0,1.0,1.0,grouped,7,180,70,0.0,1.0,1.0,grouped,296,31,582,0.0,1.0,0.667,grouped,-1,1,-1,0.75,0.25,0.188,unstable,2,0,grouped in ≥2
M296,132 St Block Association Park,Garden,M,0.171,8,70,18,0.0,1.0,0.667,grouped,35,100,55,0.0,1.0,0.25,grouped,6,215,60,0.0,1.0,1.0,grouped,40,30,118,0.0,1.0,0.0,grouped,-1,1,-1,1.0,0.0,0.0,robust isolated,2,1,grouped in ≥2
M297,Parks Council Success Garden,Garden,M,0.25,8,70,18,0.0,1.0,1.0,grouped,35,100,55,0.0,1.0,0.5,grouped,6,215,60,0.0,1.0,1.0,grouped,40,30,118,0.0,1.0,0.0,grouped,-1,1,-1,1.0,0.0,0.0,robust isolated,2,1,grouped in ≥2
M297A,Margrichante Garden,Garden,M,0.171,8,70,18,0.0,1.0,0.667,grouped,35,100,55,0.0,1.0,0.75,grouped,6,215,60,0.0,1.0,1.0,grouped,40,30,118,0.0,1.0,0.667,grouped,-1,1,-1,1.0,0.0,0.0,robust isolated,2,1,grouped in ≥2
M298,Unity Gardens,Garden,M,0.129,9,76,41,0.0,1.0,0.667,grouped,35,100,55,0.0,1.0,1.0,grouped,6,215,60,0.0,1.0,1.0,grouped,32,78,90,0.0,1.0,1.0,grouped,351,4,370,0.0,1.0,0.375,grouped,3,0,grouped in all
M299,Pleasant Village Community Garden,Garden,M,0.383,9,76,39,0.0,0.667,0.667,grouped,35,100,55,0.0,1.0,0.917,grouped,6,215,60,0.0,1.0,1.0,grouped,32,78,96,0.0,1.0,1.0,grouped,-1,1,-1,0.625,0.0,0.0,unstable,2,0,grouped in ≥2
M300,Sherman Creek,Neighborhood Park,M,15.383,2,4,5,0.0,1.0,0.333,grouped,139,9,216,0.0,1.0,0.375,grouped,5,16,-1,0.5,0.5,0.5,grouped,37,9,104,0.0,0.667,0.333,grouped,-1,1,-1,1.0,0.0,0.0,robust isolated,2,1,grouped in ≥2
M301,St. Gregory's Playground,Playground,M,0.231,8,70,23,0.0,0.667,0.667,grouped,19,6,32,0.0,1.0,0.25,grouped,6,215,-1,0.5,0.5,0.5,grouped,42,6,121,0.0,1.0,0.0,grouped,-1,1,-1,1.0,0.0,0.0,robust isolated,2,1,grouped in ≥2
M302,Detective Omar Edwards Park,Neighborhood Park,M,0.252,9,76,46,0.0,1.0,1.0,grouped,35,100,55,0.0,1.0,0.667,grouped,6,215,60,0.0,1.0,1.0,grouped,32,78,-1,0.333,0.667,0.333,grouped,387,2,411,0.0,0.312,0.0,grouped,3,0,grouped in all
M303,Abyssinian Tot Lot,Playground,M,0.118,8,70,22,0.0,1.0,1.0,grouped,35,100,55,0.0,1.0,0.5,grouped,6,215,60,0.0,1.0,1.0,grouped,40,30,119,0.0,1.0,0.0,grouped,-1,1,-1,1.0,0.0,0.0,robust isolated,2,1,grouped in ≥2
M304,West 186th Street Basketball Court,Recreational Field/Courts,M,0.123,-1,1,-1,0.667,0.333,0.0,unstable,-1,1,-1,0.833,0.167,0.083,robust isolated,6,215,-1,0.5,0.5,0.5,grouped,-1,1,-1,1.0,0.0,0.0,robust isolated,-1,1,-1,1.0,0.0,0.0,robust isolated,0,3,isolated in all
M305,Collyer Brothers Park,Garden,M,0.034,9,76,41,0.0,1.0,1.0,grouped,35,100,55,0.0,1.0,1.0,grouped,6,215,60,0.0,1.0,1.0,grouped,32,78,90,0.0,1.0,1.0,grouped,351,4,370,0.125,0.875,0.0,grouped,3,0,grouped in all
M306,W 104th Street Garden,Garden,M,0.38,8,70,-1,0.333,0.667,0.667,grouped,39,12,-1,0.375,0.625,0.5,grouped,6,215,-1,0.5,0.5,0.5,grouped,38,11,111,0.0,1.0,0.667,grouped,-1,1,-1,1.0,0.0,0.0,robust isolated,2,1,grouped in ≥2
M307,W 87th Street Garden,Garden,M,0.095,8,70,-1,0.333,0.667,0.333,grouped,18,2,31,0.0,0.417,0.25,grouped,6,215,61,0.0,1.0,1.0,grouped,286,2,-1,0.333,0.333,0.0,grouped,-1,1,-1,1.0,0.0,0.0,robust isolated,2,1,grouped in ≥2
M308,Washington Market Park,Neighborhood Park,M,2.15,405,4,841,0.0,1.0,1.0,grouped,4,54,10,0.0,1.0,1.0,grouped,7,180,70,0.0,1.0,1.0,grouped,303,59,598,0.0,1.0,0.667,grouped,-1,1,-1,1.0,0.0,0.0,robust isolated,2,1,grouped in ≥2
M310,Firemen's Memorial Garden,Garden,M,0.169,410,51,852,0.0,1.0,1.0,grouped,3,46,9,0.0,1.0,0.625,grouped,7,180,70,0.0,1.0,1.0,grouped,302,33,594,0.0,1.0,1.0,grouped,400,5,425,0.25,0.75,0.625,grouped,3,0,grouped in all
M311,Green Oasis and Gilbert's Garden,Garden,M,0.388,410,51,852,0.0,1.0,1.0,grouped,3,46,9,0.0,1.0,0.625,grouped,7,180,70,0.0,1.0,1.0,grouped,302,33,594,0.0,1.0,1.0,grouped,400,5,425,0.25,0.75,0.625,grouped,3,0,grouped in all
M312,9th St Community Garden Park,Garden,M,0.478,410,51,852,0.0,1.0,1.0,grouped,3,46,9,0.0,1.0,1.0,grouped,7,180,70,0.0,1.0,1.0,grouped,302,33,594,0.0,1.0,1.0,grouped,-1,1,-1,0.875,0.0,0.0,robust isolated,2,1,grouped in ≥2
M313,6BC Botanical Garden,Garden,M,0.178,410,51,852,0.0,1.0,1.0,grouped,3,46,9,0.0,1.0,0.833,grouped,7,180,70,0.0,1.0,1.0,grouped,302,33,594,0.0,1.0,0.333,grouped,401,2,-1,0.5,0.0,0.0,grouped,3,0,grouped in all
M313A,5th St Slope Garden,Garden,M,0.096,410,51,851,0.0,1.0,1.0,grouped,3,46,9,0.0,1.0,0.5,grouped,-1,1,-1,1.0,0.0,0.0,robust isolated,302,33,594,0.0,1.0,0.0,grouped,-1,1,-1,1.0,0.0,0.0,robust isolated,2,1,grouped in ≥2
M314,Miracle Garden,Garden,M,0.117,410,51,-1,0.333,0.667,0.667,grouped,3,46,7,0.292,0.708,0.708,grouped,7,180,70,0.0,1.0,1.0,grouped,301,13,592,0.0,1.0,0.667,grouped,314,3,333,0.25,0.75,0.188,grouped,3,0,grouped in all
M315,The Creative Little Garden,Garden,M,0.063,410,51,852,0.0,1.0,1.0,grouped,3,46,9,0.0,1.0,0.833,grouped,7,180,70,0.0,1.0,1.0,grouped,302,33,594,0.0,1.0,0.333,grouped,401,2,-1,0.5,0.0,0.0,grouped,3,0,grouped in all
M316,Edward P. Bowman Park,Garden,M,0.051,9,76,-1,0.333,0.667,0.667,grouped,35,100,55,0.0,1.0,1.0,grouped,6,215,60,0.0,1.0,1.0,grouped,32,78,91,0.0,1.0,0.667,grouped,352,2,371,0.25,0.188,0.0,grouped,3,0,grouped in all
M317,Frank White Memorial Garden,Garden,M,0.086,1,44,2,0.0,1.0,1.0,grouped,40,50,66,0.0,1.0,1.0,grouped,6,215,60,0.0,1.0,1.0,grouped,40,30,117,0.0,1.0,1.0,grouped,-1,1,-1,1.0,0.0,0.0,robust isolated,2,1,grouped in ≥2
M318,Merchant's House Museum,Historic House Park,M,0.072,413,8,863,0.0,0.667,0.667,grouped,3,46,9,0.0,1.0,1.0,grouped,7,180,70,0.0,1.0,1.0,grouped,301,13,-1,0.0,1.0,0.667,grouped,301,7,318,0.125,0.875,0.75,grouped,3,0,grouped in all
M319A,Sugar Hill Garden,Garden,M,0.069,1,44,1,0.0,1.0,1.0,grouped,40,50,65,0.208,0.625,0.458,grouped,6,215,60,0.0,1.0,1.0,grouped,39,35,113,0.0,0.667,0.667,grouped,365,2,-1,0.5,0.062,0.0,grouped,3,0,grouped in all
M319B,Edgecombe Park,Garden,M,0.112,1,44,1,0.0,1.0,1.0,grouped,40,50,65,0.208,0.625,0.458,grouped,6,215,60,0.0,1.0,1.0,grouped,39,35,113,0.0,0.667,0.667,grouped,365,2,-1,0.5,0.062,0.0,grouped,3,0,grouped in all
M320,Old Croton Aqueduct Gatehouse,Garden,M,0.146,8,70,21,0.0,1.0,0.667,grouped,39,12,62,0.0,1.0,1.0,grouped,6,215,60,0.0,1.0,1.0,grouped,40,30,117,0.0,1.0,0.667,grouped,-1,1,-1,0.438,0.312,0.125,unstable,2,0,grouped in ≥2
M321,Lower East Side Playground,Jointly Operated Playground,M,0.828,410,51,-1,0.333,0.667,0.667,grouped,3,46,9,0.0,1.0,1.0,grouped,7,180,70,0.0,1.0,1.0,grouped,302,33,594,0.0,1.0,1.0,grouped,-1,1,-1,0.938,0.062,0.0,robust isolated,2,1,grouped in ≥2
M322,Harris Garden,Garden,M,0.109,1,44,1,0.0,1.0,1.0,grouped,40,50,66,0.0,1.0,1.0,grouped,6,215,60,0.0,1.0,1.0,grouped,39,35,112,0.0,1.0,1.0,grouped,-1,1,-1,0.938,0.0,0.0,robust isolated,2,1,grouped in ≥2
M323,Diamante Garden,Garden,M,0.186,9,76,45,0.0,0.667,0.667,grouped,35,100,55,0.0,1.0,1.0,grouped,6,215,60,0.0,1.0,1.0,grouped,32,78,96,0.0,1.0,1.0,grouped,-1,1,-1,1.0,0.0,0.0,robust isolated,2,1,grouped in ≥2
M324,Earth People,Garden,M,0.106,410,51,852,0.0,1.0,1.0,grouped,3,46,9,0.0,1.0,0.75,grouped,7,180,70,0.0,1.0,1.0,grouped,302,33,594,0.0,1.0,1.0,grouped,400,5,-1,0.375,0.625,0.625,grouped,3,0,grouped in all
M325,La Plaza Cultural,Garden,M,0.55,410,51,852,0.0,1.0,1.0,grouped,3,46,9,0.0,1.0,1.0,grouped,7,180,70,0.0,1.0,1.0,grouped,302,33,594,0.0,1.0,1.0,grouped,300,3,-1,0.5,0.5,0.0,grouped,3,0,grouped in all
M325A,La Casita Garden,Garden,M,0.08,410,51,852,0.0,1.0,1.0,grouped,3,46,9,0.0,1.0,0.625,grouped,7,180,70,0.0,1.0,1.0,grouped,302,33,594,0.0,1.0,1.0,grouped,400,5,425,0.25,0.75,0.625,grouped,3,0,grouped in all
M325B,Flower Door Garden,Garden,M,0.03,410,51,852,0.0,1.0,1.0,grouped,3,46,9,0.0,1.0,1.0,grouped,7,180,70,0.0,1.0,1.0,grouped,302,33,594,0.0,1.0,1.0,grouped,300,3,316,0.0,0.625,0.0,grouped,3,0,grouped in all
M326,Liz Christy Garden,Garden,M,0.267,410,51,853,0.0,1.0,1.0,grouped,4,54,15,0.0,1.0,0.75,grouped,7,180,70,0.0,1.0,1.0,grouped,303,59,605,0.0,1.0,0.667,grouped,-1,1,-1,0.812,0.188,0.0,robust isolated,2,1,grouped in ≥2
M327,Maggie's Magic Garden,Garden,M,0.173,9,76,44,0.0,1.0,1.0,grouped,35,100,53,0.25,0.75,0.583,grouped,6,215,60,0.0,1.0,1.0,grouped,31,12,84,0.0,1.0,0.333,grouped,-1,1,-1,0.375,0.438,0.25,unstable,2,0,grouped in ≥2
M328,William B. Washington Memorial Garden,Garden,M,0.084,8,70,16,0.0,1.0,1.0,grouped,35,100,55,0.0,1.0,0.792,grouped,6,215,60,0.0,1.0,1.0,grouped,32,78,90,0.0,1.0,0.667,grouped,-1,1,-1,0.812,0.125,0.0,robust isolated,2,1,grouped in ≥2
M329,Generation X,Garden,M,0.11,410,51,851,0.0,1.0,1.0,grouped,3,46,9,0.0,1.0,0.875,grouped,7,180,70,0.0,1.0,1.0,grouped,302,33,594,0.0,1.0,1.0,grouped,301,7,318,0.125,0.875,0.75,grouped,3,0,grouped in all
M330,Family Community Garden,Garden,M,0.04,9,76,-1,0.333,0.667,0.667,grouped,35,100,55,0.0,1.0,1.0,grouped,6,215,60,0.0,1.0,1.0,grouped,32,78,89,0.0,1.0,0.667,grouped,271,4,283,0.125,0.875,0.5,grouped,3,0,grouped in all
M331,117th St Community Garden,Garden,M,0.08,9,76,38,0.0,1.0,0.667,grouped,35,100,55,0.0,1.0,0.875,grouped,6,215,60,0.0,1.0,1.0,grouped,32,78,90,0.0,1.0,0.667,grouped,282,2,296,0.125,0.688,0.375,grouped,3,0,grouped in all
M332,The Secret Garden,Garden,M,0.05,410,51,851,0.0,1.0,1.0,grouped,3,46,9,0.0,1.0,1.0,grouped,7,180,70,0.0,1.0,1.0,grouped,302,33,594,0.0,1.0,1.0,grouped,301,7,-1,0.312,0.688,0.5,grouped,3,0,grouped in all
M333,Bradhurst Ave Garden,Garden,M,0.09,1,44,1,0.0,1.0,1.0,grouped,40,50,-1,0.417,0.583,0.333,grouped,6,215,60,0.0,1.0,1.0,grouped,-1,1,-1,0.667,0.333,0.222,unstable,-1,1,-1,1.0,0.0,0.0,robust isolated,1,1,definition-specific
M334,Brisas Del Caribe,Garden,M,0.06,410,51,851,0.0,1.0,1.0,grouped,3,46,7,0.292,0.708,0.708,grouped,7,180,70,0.0,1.0,1.0,grouped,301,13,592,0.0,1.0,0.667,grouped,314,3,333,0.25,0.75,0.188,grouped,3,0,grouped in all
M335,Clinton Community Garden (LES),Garden,M,0.06,410,51,851,0.0,1.0,1.0,grouped,4,54,15,0.0,1.0,1.0,grouped,7,180,70,0.0,1.0,1.0,grouped,303,59,604,0.0,1.0,1.0,grouped,334,2,353,0.0,0.312,0.0,grouped,3,0,grouped in all
M336,De Colores Cmty Yard and Center,Garden,M,0.066,410,51,852,0.0,1.0,1.0,grouped,3,46,9,0.0,1.0,0.75,grouped,7,180,70,0.0,1.0,1.0,grouped,302,33,594,0.0,1.0,1.0,grouped,400,5,425,0.25,0.75,0.625,grouped,3,0,grouped in all
M337,Dias Y Flores,Garden,M,0.119,410,51,852,0.0,1.0,1.0,grouped,3,46,9,0.0,1.0,0.375,grouped,7,180,70,0.0,1.0,1.0,grouped,302,33,594,0.0,1.0,0.0,grouped,-1,1,-1,0.875,0.125,0.0,robust isolated,2,1,grouped in ≥2
M338,Neighbors Of Vega Baja,Garden,M,0.072,9,76,43,0.0,1.0,0.667,grouped,35,100,55,0.0,1.0,0.75,grouped,6,215,60,0.0,1.0,1.0,grouped,32,78,89,0.0,1.0,0.667,grouped,-1,1,-1,1.0,0.0,0.0,robust isolated,2,1,grouped in ≥2
M339,El Sol Brilliante Jr,Garden,M,0.059,410,51,852,0.0,1.0,1.0,grouped,3,46,9,0.167,0.833,0.667,grouped,7,180,70,0.0,1.0,1.0,grouped,302,33,594,0.0,1.0,1.0,grouped,-1,1,-1,0.688,0.312,0.062,unstable,2,0,grouped in ≥2
M340,Elizabeth Langley Memorial Garden,Garden,M,0.11,8,70,22,0.0,1.0,0.667,grouped,35,100,55,0.0,1.0,1.0,grouped,6,215,60,0.0,1.0,1.0,grouped,40,30,119,0.0,1.0,0.667,grouped,-1,1,-1,1.0,0.0,0.0,robust isolated,2,1,grouped in ≥2
M341,Garden Of Love,Garden,M,0.087,8,70,21,0.0,1.0,0.667,grouped,35,100,55,0.0,1.0,0.75,grouped,6,215,60,0.0,1.0,1.0,grouped,32,78,90,0.0,1.0,1.0,grouped,-1,1,-1,1.0,0.0,0.0,robust isolated,2,1,grouped in ≥2
M342,Community Garden Association,Garden,M,0.023,410,51,852,0.0,1.0,1.0,grouped,3,46,9,0.0,1.0,1.0,grouped,7,180,70,0.0,1.0,1.0,grouped,302,33,594,0.0,1.0,0.667,grouped,334,2,353,0.0,0.312,0.0,grouped,3,0,grouped in all
M343,Vamos Sembrar,Garden,M,0.023,410,51,852,0.0,1.0,1.0,grouped,3,46,9,0.0,1.0,1.0,grouped,7,180,70,0.0,1.0,1.0,grouped,302,33,594,0.0,1.0,1.0,grouped,-1,1,-1,0.625,0.375,0.0,unstable,2,0,grouped in ≥2
M344,Humacao Community Garden,Garden,M,0.11,9,76,43,0.0,1.0,0.667,grouped,-1,1,-1,0.75,0.25,0.25,unstable,-1,1,-1,1.0,0.0,0.0,robust isolated,-1,1,-1,1.0,0.0,0.0,robust isolated,-1,1,-1,1.0,0.0,0.0,robust isolated,0,2,isolated in ≥2
M345,Kenkeleba House Garden,Garden,M,0.249,410,51,851,0.0,1.0,1.0,grouped,3,46,9,0.0,1.0,0.75,grouped,7,180,70,0.0,1.0,1.0,grouped,301,13,592,0.0,1.0,1.0,grouped,-1,1,-1,0.875,0.125,0.062,robust isolated,2,1,grouped in ≥2
M346,Life Spire Garden,Garden,M,0.02,9,76,40,0.0,1.0,1.0,grouped,35,100,55,0.0,1.0,1.0,grouped,6,215,60,0.0,1.0,1.0,grouped,32,78,96,0.0,1.0,0.667,grouped,353,3,372,0.0,0.75,0.375,grouped,3,0,grouped in all
M347,Mobilization For Change,Garden,M,0.043,8,70,20,0.0,1.0,1.0,grouped,35,100,52,0.0,1.0,1.0,grouped,6,215,60,0.0,1.0,1.0,grouped,32,78,90,0.0,1.0,0.667,grouped,-1,1,-1,1.0,0.0,0.0,robust isolated,2,1,grouped in ≥2
M348,Morris-Jumel Ecological Education Garden,Garden,M,0.1,1,44,3,0.0,0.667,0.667,grouped,40,50,67,0.0,0.75,0.5,grouped,6,215,60,0.0,1.0,1.0,grouped,39,35,112,0.0,1.0,0.333,grouped,-1,1,-1,1.0,0.0,0.0,robust isolated,2,1,grouped in ≥2
M349,New 123rd St Block Association Garden,Garden,M,0.14,8,70,18,0.0,1.0,0.667,grouped,35,100,55,0.0,1.0,1.0,grouped,6,215,60,0.0,1.0,1.0,grouped,32,78,90,0.0,1.0,1.0,grouped,-1,1,-1,0.75,0.0,0.0,unstable,2,0,grouped in ≥2
M350,Peachtree Garden,Garden,M,0.12,410,51,851,0.0,1.0,1.0,grouped,3,46,9,0.0,1.0,0.75,grouped,7,180,70,0.0,1.0,1.0,grouped,301,13,592,0.0,1.0,1.0,grouped,372,2,-1,0.5,0.0,0.0,grouped,3,0,grouped in all
M351,Joseph Daniel Wilson Garden,Garden,M,0.117,8,70,18,0.0,1.0,1.0,grouped,35,100,55,0.0,1.0,1.0,grouped,6,215,60,0.0,1.0,1.0,grouped,32,78,90,0.0,1.0,0.667,grouped,-1,1,-1,1.0,0.0,0.0,robust isolated,2,1,grouped in ≥2
M352,Yu Suen Garden,Garden,M,0.06,410,51,852,0.0,1.0,1.0,grouped,3,46,9,0.0,1.0,1.0,grouped,7,180,70,0.0,1.0,1.0,grouped,302,33,594,0.0,1.0,1.0,grouped,-1,1,-1,0.625,0.375,0.0,unstable,2,0,grouped in ≥2
M353,Riverside Park South,Community Park,M,71.933,418,16,-1,0.333,0.667,0.667,grouped,21,15,34,0.125,0.875,0.75,grouped,6,215,61,0.0,1.0,1.0,grouped,285,15,563,0.0,1.0,1.0,grouped,-1,1,-1,1.0,0.0,0.0,robust isolated,2,1,grouped in ≥2
M354,Orchard Alley Garden,Garden,M,0.224,410,51,851,0.0,1.0,1.0,grouped,3,46,9,0.0,1.0,1.0,grouped,7,180,70,0.0,1.0,1.0,grouped,302,33,594,0.0,1.0,1.0,grouped,301,7,318,0.188,0.812,0.688,grouped,3,0,grouped in all
M355,Robert L. Clinkscales Playground and Community Garden,Neighborhood Park,M,0.436,1,44,4,0.0,1.0,0.667,grouped,40,50,66,0.0,1.0,0.625,grouped,6,215,60,0.0,1.0,1.0,grouped,39,35,112,0.0,1.0,1.0,grouped,-1,1,-1,1.0,0.0,0.0,robust isolated,2,1,grouped in ≥2
M356,P.S. 76 Garden,Garden,M,0.053,8,70,18,0.0,1.0,1.0,grouped,35,100,55,0.0,1.0,1.0,grouped,6,215,60,0.0,1.0,1.0,grouped,32,78,90,0.0,1.0,0.667,grouped,395,2,-1,0.25,0.375,0.125,grouped,3,0,grouped in all
M357,Los Amigos Garden,Garden,M,0.061,410,51,851,0.0,1.0,1.0,grouped,3,46,7,0.292,0.708,0.708,grouped,7,180,70,0.0,1.0,1.0,grouped,301,13,592,0.0,1.0,0.667,grouped,314,3,333,0.25,0.75,0.188,grouped,3,0,grouped in all
M358,First Street Garden,Garden,M,0.061,410,51,853,0.0,1.0,1.0,grouped,4,54,15,0.0,1.0,0.5,grouped,7,180,70,0.0,1.0,0.5,grouped,303,59,605,0.0,1.0,0.444,grouped,-1,1,-1,1.0,0.0,0.0,robust isolated,2,1,grouped in ≥2
M359,Campos Garden,Garden,M,0.119,410,51,852,0.0,1.0,1.0,grouped,3,46,9,0.0,1.0,1.0,grouped,7,180,70,0.0,1.0,1.0,grouped,302,33,594,0.0,1.0,1.0,grouped,-1,1,-1,0.688,0.312,0.062,unstable,2,0,grouped in ≥2
M360#1,The High Line (1/4),Community Park,M,6.73,404,7,838,0.0,1.0,0.667,grouped,14,10,25,0.0,1.0,0.958,grouped,7,180,70,0.0,1.0,1.0,grouped,295,7,578,0.0,1.0,0.667,grouped,-1,1,-1,1.0,0.0,0.0,robust isolated,2,1,grouped in ≥2
M360#2,The High Line (2/4),Community Park,M,6.73,404,7,838,0.0,1.0,0.333,grouped,14,10,25,0.0,1.0,1.0,grouped,7,180,70,0.0,1.0,1.0,grouped,295,7,578,0.0,1.0,0.667,grouped,-1,1,-1,0.875,0.0,0.0,robust isolated,2,1,grouped in ≥2
M360#3,The High Line (3/4),Community Park,M,6.73,404,7,838,0.0,1.0,0.667,grouped,14,10,25,0.0,1.0,0.875,grouped,7,180,70,0.0,1.0,1.0,grouped,295,7,578,0.0,1.0,0.667,grouped,-1,1,-1,0.875,0.0,0.0,robust isolated,2,1,grouped in ≥2
M360#4,The High Line (4/4),Community Park,M,6.73,407,31,-1,0.333,0.667,0.333,grouped,6,30,17,0.0,1.0,0.75,grouped,7,180,70,0.0,1.0,1.0,grouped,296,31,581,0.0,1.0,0.667,grouped,-1,1,-1,1.0,0.0,0.0,robust isolated,2,1,grouped in ≥2
M361,Lower East Side Ecology Center,Garden,M,0.15,410,51,852,0.0,1.0,1.0,grouped,3,46,9,0.0,1.0,1.0,grouped,7,180,70,0.0,1.0,1.0,grouped,302,33,594,0.0,1.0,1.0,grouped,373,2,-1,0.5,0.0,0.0,grouped,3,0,grouped in all
M362,W 124th Street Community Garden,Garden,M,0.046,8,70,-1,0.0,1.0,0.667,grouped,35,100,55,0.0,1.0,1.0,grouped,6,215,60,0.0,1.0,1.0,grouped,32,78,90,0.0,1.0,1.0,grouped,387,2,411,0.0,0.312,0.0,grouped,3,0,grouped in all
M363,Harlem Rose Garden,Garden,M,0.163,9,76,41,0.0,1.0,1.0,grouped,35,100,55,0.0,1.0,1.0,grouped,6,215,60,0.0,1.0,1.0,grouped,32,78,91,0.0,1.0,1.0,grouped,352,2,371,0.25,0.188,0.0,grouped,3,0,grouped in all
M364,Jackie Robinson Community Garden,Garden,M,0.058,9,76,40,0.0,1.0,1.0,grouped,35,100,55,0.0,1.0,0.375,grouped,6,215,60,0.0,1.0,1.0,grouped,32,78,90,0.0,1.0,0.0,grouped,-1,1,-1,1.0,0.0,0.0,robust isolated,2,1,grouped in ≥2
M365,Our Little Green Acre Garden,Garden,M,0.052,8,70,18,0.0,1.0,1.0,grouped,35,100,55,0.0,1.0,1.0,grouped,6,215,60,0.0,1.0,1.0,grouped,32,78,90,0.0,1.0,0.667,grouped,-1,1,-1,1.0,0.0,0.0,robust isolated,2,1,grouped in ≥2
M366,Tribeca Dog Run,Recreational Field/Courts,M,0.096,405,4,841,0.0,1.0,1.0,grouped,4,54,10,0.0,1.0,1.0,grouped,7,180,70,0.0,1.0,1.0,grouped,303,59,598,0.0,1.0,0.667,grouped,-1,1,-1,1.0,0.0,0.0,robust isolated,2,1,grouped in ≥2
M367,Peaceful Valley Garden,Garden,M,0.052,9,76,38,0.0,1.0,0.667,grouped,35,100,55,0.0,1.0,1.0,grouped,6,215,60,0.0,1.0,1.0,grouped,32,78,90,0.0,1.0,0.667,grouped,-1,1,-1,0.688,0.25,0.062,unstable,2,0,grouped in ≥2
M368,West 111th St. People's Garden,Garden,M,0.109,8,70,19,0.0,1.0,0.667,grouped,39,12,62,0.0,1.0,0.875,grouped,6,215,60,0.0,1.0,1.0,grouped,38,11,111,0.0,1.0,0.667,grouped,-1,1,-1,0.312,0.5,0.125,unstable,2,0,grouped in ≥2
M369,Pier 42,Waterfront Facility,M,7.509,411,42,859,0.0,1.0,1.0,grouped,2,5,-1,0.5,0.5,0.25,grouped,-1,1,-1,1.0,0.0,0.0,robust isolated,-1,1,-1,0.667,0.333,0.111,unstable,-1,1,-1,1.0,0.0,0.0,robust isolated,1,1,definition-specific
M370,Sam and Sadie Koenig Garden,Garden,M,0.056,410,51,852,0.0,1.0,1.0,grouped,3,46,9,0.0,1.0,1.0,grouped,7,180,70,0.0,1.0,1.0,grouped,302,33,594,0.0,1.0,1.0,grouped,373,2,-1,0.5,0.0,0.0,grouped,3,0,grouped in all
M371,Hope Garden,Garden,M,0.046,410,51,851,0.0,1.0,0.667,grouped,3,46,9,0.0,1.0,0.625,grouped,7,180,70,0.0,1.0,1.0,grouped,301,13,592,0.0,1.0,1.0,grouped,372,2,-1,0.5,0.0,0.0,grouped,3,0,grouped in all
M372,Allied Productions/Le Petit Versailles,Garden,M,0.034,410,51,851,0.0,1.0,1.0,grouped,3,46,9,0.0,1.0,0.875,grouped,7,180,70,0.0,1.0,1.0,grouped,301,13,592,0.0,1.0,1.0,grouped,-1,1,-1,0.938,0.062,0.0,robust isolated,2,1,grouped in ≥2
M373,La Perla Garden,Garden,M,0.04,8,70,-1,0.333,0.667,0.667,grouped,39,12,63,0.0,1.0,0.75,grouped,6,215,61,0.0,1.0,1.0,grouped,38,11,111,0.0,1.0,0.667,grouped,-1,1,-1,1.0,0.0,0.0,robust isolated,2,1,grouped in ≥2
M374,CEP Community Garden,Garden,M,0.057,8,70,16,0.0,1.0,1.0,grouped,35,100,55,0.0,1.0,0.833,grouped,6,215,60,0.0,1.0,1.0,grouped,32,78,90,0.0,1.0,0.667,grouped,-1,1,-1,0.75,0.0,0.0,unstable,2,0,grouped in ≥2
M375,Pleasant Park Garden,Garden,M,0.116,9,76,42,0.0,1.0,0.667,grouped,-1,1,-1,0.75,0.25,0.167,unstable,6,215,60,0.0,1.0,1.0,grouped,32,78,-1,0.333,0.667,0.0,grouped,-1,1,-1,1.0,0.0,0.0,robust isolated,1,1,definition-specific
M376,West Harlem Piers,Waterfront Facility,M,4.712,1,44,2,0.0,1.0,0.333,grouped,-1,1,-1,0.5,0.5,0.417,unstable,6,215,60,0.0,1.0,1.0,grouped,-1,1,-1,0.667,0.333,0.333,unstable,-1,1,-1,1.0,0.0,0.0,robust isolated,0,1,definition-specific
M377,Bradhurst Gardens Association,Garden,M,0.046,1,44,1,0.0,1.0,1.0,grouped,40,50,66,0.0,1.0,1.0,grouped,6,215,60,0.0,1.0,1.0,grouped,39,35,112,0.0,1.0,1.0,grouped,-1,1,-1,0.75,0.0,0.0,unstable,2,0,grouped in ≥2
M378,Pearl St Playground,Playground,M,0.342,411,42,858,0.0,1.0,0.667,grouped,4,54,14,0.0,1.0,0.75,grouped,7,180,71,0.0,1.0,0.5,grouped,303,59,604,0.0,1.0,0.667,grouped,-1,1,-1,0.75,0.0,0.0,unstable,2,0,grouped in ≥2
M379,Canal Park,Neighborhood Park,M,0.669,-1,1,-1,0.667,0.333,0.333,unstable,4,54,-1,0.25,0.75,0.417,grouped,7,180,70,0.0,1.0,1.0,grouped,296,31,-1,0.333,0.667,0.667,grouped,-1,1,-1,1.0,0.0,0.0,robust isolated,2,1,grouped in ≥2
M380,United Block Association Garden,Garden,M,0.076,9,76,41,0.0,1.0,0.667,grouped,35,100,55,0.0,1.0,1.0,grouped,6,215,60,0.0,1.0,1.0,grouped,32,78,90,0.0,1.0,0.667,grouped,-1,1,-1,0.875,0.125,0.0,robust isolated,2,1,grouped in ≥2
M382,110th Street Block Association Garden,Garden,M,0.048,9,76,37,0.0,1.0,1.0,grouped,35,100,55,0.0,1.0,1.0,grouped,6,215,60,0.0,1.0,1.0,grouped,32,78,89,0.0,1.0,0.667,grouped,-1,1,-1,0.688,0.312,0.0,unstable,2,0,grouped in ≥2
M383,La Cuevita Garden,Garden,M,0.057,9,76,-1,0.333,0.667,0.667,grouped,35,100,55,0.0,1.0,0.875,grouped,6,215,60,0.0,1.0,1.0,grouped,32,78,-1,0.333,0.667,0.667,grouped,280,2,294,0.125,0.25,0.0,grouped,3,0,grouped in all
M384,Pueblo Unido Garden,Garden,M,0.054,9,76,37,0.0,1.0,1.0,grouped,35,100,55,0.0,1.0,1.0,grouped,6,215,60,0.0,1.0,1.0,grouped,32,78,89,0.0,1.0,0.667,grouped,277,2,-1,0.5,0.312,0.0,grouped,3,0,grouped in all
M385,DeLury Square,Triangle/Plaza,M,0.209,411,42,858,0.0,1.0,0.667,grouped,4,54,14,0.0,1.0,0.25,grouped,-1,1,-1,1.0,0.0,0.0,robust isolated,303,59,604,0.0,1.0,0.0,grouped,-1,1,-1,1.0,0.0,0.0,robust isolated,2,1,grouped in ≥2
M386,Imagination Playground,Playground,M,0.363,411,42,858,0.0,1.0,0.667,grouped,2,5,3,0.0,0.5,0.5,grouped,7,180,-1,0.5,0.5,0.5,grouped,303,59,597,0.0,0.667,0.667,grouped,-1,1,-1,1.0,0.0,0.0,robust isolated,2,1,grouped in ≥2
M387,TRUCE Garden,Garden,M,0.123,8,70,18,0.0,1.0,1.0,grouped,35,100,55,0.0,1.0,1.0,grouped,6,215,60,0.0,1.0,1.0,grouped,32,78,90,0.0,1.0,1.0,grouped,-1,1,-1,0.562,0.438,0.312,unstable,2,0,grouped in ≥2
M388,Carolina Garden,Garden,M,0.063,9,76,40,0.0,1.0,1.0,grouped,35,100,55,0.0,1.0,0.375,grouped,6,215,60,0.0,1.0,1.0,grouped,32,78,90,0.0,1.0,0.0,grouped,-1,1,-1,1.0,0.0,0.0,robust isolated,2,1,grouped in ≥2
M389,St. Mark's Garden,Garden,M,0.101,9,76,39,0.0,0.667,0.667,grouped,35,100,55,0.125,0.875,0.75,grouped,6,215,60,0.0,1.0,1.0,grouped,32,78,96,0.0,1.0,0.667,grouped,282,2,296,0.125,0.688,0.375,grouped,3,0,grouped in all
M390,Jane Street Garden,Garden,M,0.055,407,31,843,0.0,1.0,1.0,grouped,6,30,17,0.0,1.0,1.0,grouped,7,180,70,0.0,1.0,1.0,grouped,296,31,582,0.0,1.0,1.0,grouped,-1,1,-1,1.0,0.0,0.0,robust isolated,2,1,grouped in ≥2
M392,El Gallo Garden,Garden,M,0.082,9,76,38,0.0,1.0,0.667,grouped,35,100,55,0.0,1.0,1.0,grouped,6,215,60,0.0,1.0,1.0,grouped,32,78,96,0.0,1.0,0.667,grouped,-1,1,-1,0.625,0.375,0.125,unstable,2,0,grouped in ≥2
M393,Oasis Garden,Garden,M,0.122,417,2,871,0.0,0.333,0.333,grouped,29,2,46,0.0,0.292,0.25,grouped,7,180,70,0.0,1.0,1.0,grouped,306,2,608,0.0,0.0,0.0,grouped,-1,1,-1,1.0,0.0,0.0,robust isolated,2,1,grouped in ≥2
M394,St. Nicholas Miracle Garden,Garden,M,0.038,8,70,16,0.0,1.0,1.0,grouped,40,50,66,0.0,1.0,0.708,grouped,6,215,60,0.0,1.0,1.0,grouped,32,78,90,0.0,1.0,1.0,grouped,-1,1,-1,0.562,0.312,0.062,unstable,2,0,grouped in ≥2
M395,Fiorello La Guardia Park,Neighborhood Park,M,0.545,407,31,843,0.0,1.0,1.0,grouped,6,30,17,0.0,1.0,1.0,grouped,7,180,70,0.0,1.0,1.0,grouped,296,31,582,0.0,1.0,1.0,grouped,-1,1,-1,0.875,0.0,0.0,robust isolated,2,1,grouped in ≥2
M396,Children's Magical Garden,Garden,M,0.069,410,51,851,0.0,1.0,1.0,grouped,4,54,15,0.0,1.0,1.0,grouped,7,180,70,0.0,1.0,0.5,grouped,303,59,604,0.0,1.0,1.0,grouped,-1,1,-1,1.0,0.0,0.0,robust isolated,2,1,grouped in ≥2
M397,11 BC Serenity Garden,Garden,M,0.054,410,51,852,0.0,1.0,1.0,grouped,3,46,9,0.0,1.0,0.625,grouped,7,180,70,0.0,1.0,1.0,grouped,302,33,594,0.0,1.0,0.667,grouped,-1,1,-1,1.0,0.0,0.0,robust isolated,2,1,grouped in ≥2
M398,Dorothy K. McGowan Memorial Garden,Garden,M,0.045,1,44,2,0.0,1.0,0.667,grouped,40,50,66,0.0,1.0,0.5,grouped,6,215,60,0.0,1.0,1.0,grouped,39,35,112,0.0,1.0,0.111,grouped,-1,1,-1,1.0,0.0,0.0,robust isolated,2,1,grouped in ≥2
M399,Bella Abzug Park,Neighborhood Park,M,2.592,404,7,-1,0.333,0.667,0.333,grouped,-1,1,-1,0.417,0.583,0.375,unstable,7,180,70,0.0,1.0,1.0,grouped,-1,1,-1,0.667,0.333,0.0,unstable,-1,1,-1,1.0,0.0,0.0,robust isolated,0,1,definition-specific
M400,Luigi's Garden of Love,Garden,M,0.043,8,70,18,0.0,1.0,1.0,grouped,35,100,55,0.0,1.0,1.0,grouped,6,215,60,0.0,1.0,1.0,grouped,32,78,90,0.0,1.0,1.0,grouped,280,2,294,0.125,0.25,0.0,grouped,3,0,grouped in all
M401,Lydia's Magic Garden (El Girasol Magic Garden),Garden,M,0.104,9,76,38,0.0,1.0,0.667,grouped,-1,1,-1,0.5,0.5,0.417,unstable,6,215,60,0.0,1.0,1.0,grouped,-1,1,-1,1.0,0.0,0.0,robust isolated,-1,1,-1,0.875,0.062,0.0,robust isolated,0,2,isolated in ≥2
M402,Chelsea Green,Playground,M,0.23,-1,1,-1,0.667,0.333,0.333,unstable,-1,1,-1,0.458,0.542,0.375,unstable,7,180,70,0.0,1.0,1.0,grouped,-1,1,-1,0.667,0.333,0.333,unstable,-1,1,-1,0.875,0.125,0.0,robust isolated,0,1,definition-specific
M403,Walter Miller III Memorial Garden (La Casa Frela),Garden,M,0.047,9,76,-1,0.333,0.667,0.333,grouped,35,100,55,0.0,1.0,0.75,grouped,6,215,60,0.0,1.0,1.0,grouped,32,78,-1,0.333,0.667,0.333,grouped,-1,1,-1,0.625,0.0,0.0,unstable,2,0,grouped in ≥2
M404,NYC AIDS Memorial Park at St. Vincent’s Triangle,Triangle/Plaza,M,0.382,407,31,843,0.0,1.0,1.0,grouped,6,30,17,0.0,1.0,1.0,grouped,7,180,70,0.0,1.0,1.0,grouped,296,31,582,0.0,1.0,1.0,grouped,-1,1,-1,0.875,0.125,0.062,robust isolated,2,1,grouped in ≥2
M405,Electric Ladybug Garden,Garden,M,0.115,8,70,18,0.0,1.0,0.667,grouped,35,100,55,0.0,1.0,0.875,grouped,6,215,60,0.0,1.0,1.0,grouped,32,78,90,0.0,1.0,1.0,grouped,271,4,283,0.0,0.875,0.5,grouped,3,0,grouped in all
M406,Harlem Grown 134th Street Green House,Garden,M,0.068,8,70,18,0.0,1.0,1.0,grouped,35,100,55,0.0,1.0,0.5,grouped,6,215,60,0.0,1.0,1.0,grouped,40,30,118,0.0,1.0,0.0,grouped,-1,1,-1,1.0,0.0,0.0,robust isolated,2,1,grouped in ≥2
M407,Harlem Valley Garden,Garden,M,0.057,8,70,18,0.0,1.0,1.0,grouped,35,100,55,0.0,1.0,0.5,grouped,6,215,60,0.0,1.0,1.0,grouped,40,30,118,0.0,1.0,0.0,grouped,-1,1,-1,1.0,0.0,0.0,robust isolated,2,1,grouped in ≥2
M408,Siempre Verde Garden,Garden,M,0.061,410,51,851,0.0,1.0,1.0,grouped,4,54,15,0.0,1.0,1.0,grouped,7,180,70,0.0,1.0,0.5,grouped,303,59,604,0.0,1.0,1.0,grouped,-1,1,-1,1.0,0.0,0.0,robust isolated,2,1,grouped in ≥2
M409,Harlem Grown 127th Street Learning Annex,Garden,M,0.033,8,70,18,0.0,1.0,1.0,grouped,35,100,55,0.0,1.0,1.0,grouped,6,215,60,0.0,1.0,1.0,grouped,32,78,90,0.0,1.0,1.0,grouped,-1,1,-1,1.0,0.0,0.0,robust isolated,2,1,grouped in ≥2
M410,Sage Garden,Garden,M,0.054,410,51,851,0.0,1.0,1.0,grouped,3,46,9,0.0,1.0,0.875,grouped,7,180,70,0.0,1.0,1.0,grouped,302,33,594,0.0,1.0,1.0,grouped,301,7,318,0.125,0.875,0.75,grouped,3,0,grouped in all
M413,Rapkin-Gayle Plaza,Neighborhood Park,M,0.287,-1,1,-1,0.0,1.0,0.667,unstable,4,54,15,0.0,1.0,0.75,grouped,7,180,70,0.0,1.0,1.0,grouped,303,59,604,0.0,1.0,0.667,grouped,-1,1,-1,1.0,0.0,0.0,robust isolated,2,1,grouped in ≥2
M414,Manuel Plaza,Neighborhood Park,M,0.224,413,8,863,0.0,0.667,0.667,grouped,3,46,9,0.0,1.0,1.0,grouped,7,180,70,0.0,1.0,1.0,grouped,301,13,-1,0.333,0.667,0.667,grouped,301,7,318,0.125,0.875,0.75,grouped,3,0,grouped in all
M416,Park,Waterfront Facility,M,0.311,145,2,-1,0.333,0.333,0.333,grouped,-1,1,-1,0.583,0.417,0.25,unstable,7,180,70,0.0,1.0,1.0,grouped,-1,1,-1,0.444,0.444,0.333,unstable,-1,1,-1,1.0,0.0,0.0,robust isolated,0,1,definition-specific
M417,Diversity Edible Farm,Garden,M,0.082,9,76,37,0.0,1.0,1.0,grouped,35,100,55,0.0,1.0,1.0,grouped,6,215,60,0.0,1.0,1.0,grouped,32,78,89,0.0,1.0,0.667,grouped,-1,1,-1,0.562,0.438,0.062,unstable,2,0,grouped in ≥2
M418,Mission Garden,Garden,M,0.093,9,76,37,0.0,1.0,1.0,grouped,35,100,55,0.083,0.917,0.792,grouped,6,215,60,0.0,1.0,1.0,grouped,32,78,89,0.0,1.0,0.333,grouped,271,4,283,0.0,0.875,0.5,grouped,3,0,grouped in all
M419,Villa Santruce,Garden,M,0.096,9,76,37,0.0,1.0,1.0,grouped,35,100,55,0.0,1.0,1.0,grouped,6,215,60,0.0,1.0,1.0,grouped,32,78,89,0.0,1.0,0.667,grouped,-1,1,-1,0.75,0.25,0.0,unstable,2,0,grouped in ≥2
M420,Sugar Hill Hope Garden,Garden,M,0.345,1,44,1,0.0,1.0,1.0,grouped,40,50,66,0.0,1.0,0.75,grouped,6,215,60,0.0,1.0,1.0,grouped,39,35,112,0.0,1.0,0.667,grouped,-1,1,-1,1.0,0.0,0.0,robust isolated,2,1,grouped in ≥2
M421,Park,Neighborhood Park,M,0.493,411,42,857,0.0,1.0,0.667,grouped,2,5,-1,0.5,0.5,0.25,grouped,7,180,-1,0.5,0.5,0.5,grouped,-1,1,-1,1.0,0.0,0.0,robust isolated,-1,1,-1,1.0,0.0,0.0,robust isolated,1,2,isolated in ≥2
Q001A,Alley Athletic Playground,Recreational Field/Courts,Q,27.531,-1,1,-1,1.0,0.0,0.0,robust isolated,-1,1,-1,0.75,0.25,0.083,unstable,35,77,247,0.0,1.0,0.5,grouped,-1,1,-1,1.0,0.0,0.0,robust isolated,-1,1,-1,1.0,0.0,0.0,robust isolated,0,2,isolated in ≥2
Q002,Grover Cleveland Playground,Neighborhood Park,Q,5.1,-1,1,-1,0.667,0.333,0.333,unstable,384,2,560,0.0,0.417,0.333,grouped,34,220,227,0.0,1.0,1.0,grouped,248,2,-1,0.333,0.0,0.0,grouped,-1,1,-1,1.0,0.0,0.0,robust isolated,2,1,grouped in ≥2
Q003,Ashmead Park,Triangle/Plaza,Q,0.059,188,3,-1,0.333,0.667,0.333,grouped,530,2,740,0.25,0.458,0.25,grouped,30,83,-1,0.5,0.5,0.5,grouped,160,10,326,0.0,0.667,0.333,grouped,-1,1,-1,1.0,0.0,0.0,robust isolated,2,1,grouped in ≥2
Q004,Astoria Park,Community Park,Q,59.956,139,10,328,0.0,1.0,1.0,grouped,393,31,569,0.25,0.75,0.75,grouped,27,144,147,0.0,1.0,1.0,grouped,101,31,-1,0.333,0.667,0.667,grouped,-1,1,-1,1.0,0.0,0.0,robust isolated,2,1,grouped in ≥2
Q004A,Ralph Demarco Park,Neighborhood Park,Q,5.82,139,10,328,0.0,1.0,0.0,grouped,398,4,-1,0.5,0.5,0.25,grouped,27,144,147,0.0,1.0,1.0,grouped,-1,1,-1,0.667,0.333,0.0,unstable,-1,1,-1,1.0,0.0,0.0,robust isolated,1,1,definition-specific
Q006,Bowne Park,Neighborhood Park,Q,11.788,-1,1,-1,0.667,0.333,0.333,unstable,470,8,667,0.0,1.0,0.458,grouped,35,77,247,0.0,1.0,1.0,grouped,157,7,-1,0.333,0.667,0.0,grouped,-1,1,-1,1.0,0.0,0.0,robust isolated,2,1,grouped in ≥2
Q007,Bayswater Park,Community Park,Q,40.16,153,15,361,0.0,1.0,1.0,grouped,574,8,791,0.0,0.75,0.75,grouped,29,27,164,0.0,0.5,0.5,grouped,105,6,228,0.0,1.0,1.0,grouped,-1,1,-1,1.0,0.0,0.0,robust isolated,2,1,grouped in ≥2
Q008,Brookville Park,Community Park,Q,89.946,381,5,-1,0.333,0.667,0.333,grouped,545,6,758,0.25,0.75,0.667,grouped,30,83,174,0.0,1.0,1.0,grouped,112,5,-1,0.333,0.667,0.333,grouped,-1,1,-1,1.0,0.0,0.0,robust isolated,2,1,grouped in ≥2
Q009,Hermon A. MacNeil Park,Neighborhood Park,Q,28.87,-1,1,-1,0.667,0.333,0.333,unstable,-1,1,-1,0.625,0.25,0.25,unstable,35,77,-1,0.5,0.5,0.0,grouped,281,2,-1,0.333,0.0,0.0,grouped,-1,1,-1,1.0,0.0,0.0,robust isolated,1,1,definition-specific
Q010A,Little Bay Park,Community Park,Q,55.22,254,2,516,0.0,0.333,0.0,grouped,-1,1,-1,0.75,0.25,0.167,unstable,-1,1,-1,1.0,0.0,0.0,robust isolated,-1,1,-1,1.0,0.0,0.0,robust isolated,-1,1,-1,1.0,0.0,0.0,robust isolated,0,2,isolated in ≥2
Q011,Poppenhusen Playground,Playground,Q,1.14,250,2,-1,0.333,0.333,0.333,grouped,462,2,-1,0.5,0.25,0.25,grouped,35,77,247,0.0,1.0,0.5,grouped,-1,1,-1,1.0,0.0,0.0,robust isolated,-1,1,-1,1.0,0.0,0.0,robust isolated,1,2,isolated in ≥2
Q012,Crocheron Park,Community Park,Q,45.79,354,2,768,0.0,0.333,0.333,grouped,-1,1,-1,0.75,0.25,0.167,unstable,35,77,247,0.0,1.0,0.5,grouped,-1,1,-1,1.0,0.0,0.0,robust isolated,-1,1,-1,1.0,0.0,0.0,robust isolated,0,2,isolated in ≥2
Q012B,John Golden Park,Community Park,Q,17.0,354,2,768,0.0,0.333,0.333,grouped,-1,1,-1,1.0,0.0,0.0,robust isolated,-1,1,-1,1.0,0.0,0.0,robust isolated,-1,1,-1,1.0,0.0,0.0,robust isolated,-1,1,-1,1.0,0.0,0.0,robust isolated,0,3,isolated in all
Q013,Veterans Grove,Playground,Q,0.626,168,7,-1,0.333,0.667,0.333,grouped,-1,1,-1,0.667,0.333,0.25,unstable,27,144,147,0.0,1.0,0.5,grouped,120,11,-1,0.333,0.667,0.0,grouped,-1,1,-1,1.0,0.0,0.0,robust isolated,1,1,definition-specific
Q014,Astoria Heights Playground,Jointly Operated Playground,Q,2.2,-1,1,-1,0.667,0.333,0.333,unstable,-1,1,-1,0.75,0.25,0.25,unstable,27,144,-1,0.5,0.5,0.5,grouped,-1,1,-1,1.0,0.0,0.0,robust isolated,-1,1,-1,1.0,0.0,0.0,robust isolated,0,2,isolated in ≥2
Q017,The Olde Towne of Flushing Burial Ground,Neighborhood Park,Q,3.474,-1,1,-1,0.667,0.333,0.0,unstable,-1,1,-1,0.583,0.417,0.333,unstable,35,77,247,0.0,1.0,1.0,grouped,-1,1,-1,1.0,0.0,0.0,robust isolated,-1,1,-1,1.0,0.0,0.0,robust isolated,0,2,isolated in ≥2
Q018,Gordon Triangle,Triangle/Plaza,Q,0.08,135,7,-1,0.333,0.667,0.333,grouped,393,31,569,0.0,1.0,0.917,grouped,27,144,147,0.0,1.0,1.0,grouped,101,31,211,0.0,0.667,0.667,grouped,-1,1,-1,1.0,0.0,0.0,robust isolated,2,1,grouped in ≥2
Q019,Garlinge Triangle,Triangle/Plaza,Q,0.008,215,21,-1,0.333,0.667,0.667,grouped,421,18,603,0.0,1.0,0.75,grouped,27,144,150,0.0,0.5,0.5,grouped,121,5,255,0.0,1.0,0.667,grouped,-1,1,-1,0.75,0.062,0.0,unstable,2,0,grouped in ≥2
Q021B,McLaughlin Playground,Playground,Q,0.356,-1,1,-1,1.0,0.0,0.0,robust isolated,-1,1,-1,0.833,0.167,0.0,robust isolated,-1,1,-1,1.0,0.0,0.0,robust isolated,-1,1,-1,1.0,0.0,0.0,robust isolated,-1,1,-1,1.0,0.0,0.0,robust isolated,0,3,isolated in all
Q021C,Seven Gables Playground,Jointly Operated Playground,Q,1.297,-1,1,-1,0.667,0.333,0.333,unstable,446,2,-1,0.292,0.417,0.25,grouped,35,77,250,0.0,1.0,0.0,grouped,257,2,-1,0.333,0.333,0.0,grouped,-1,1,-1,0.875,0.0,0.0,robust isolated,2,1,grouped in ≥2
Q022,Margaret I. Carman Green - Weeping Beech,Playground,Q,2.6,238,4,-1,0.333,0.667,0.333,grouped,469,3,-1,0.5,0.5,0.25,grouped,-1,1,-1,1.0,0.0,0.0,robust isolated,-1,1,-1,1.0,0.0,0.0,robust isolated,-1,1,-1,1.0,0.0,0.0,robust isolated,1,2,isolated in ≥2
Q023,Rufus King Park,Neighborhood Park,Q,11.5,206,2,-1,0.333,0.333,0.333,grouped,-1,1,-1,0.75,0.167,0.167,unstable,-1,1,-1,1.0,0.0,0.0,robust isolated,-1,1,-1,1.0,0.0,0.0,robust isolated,-1,1,-1,1.0,0.0,0.0,robust isolated,0,2,isolated in ≥2
Q025,Major Mark Park,Triangle/Plaza,Q,0.9,-1,1,-1,0.667,0.333,0.333,unstable,-1,1,-1,0.625,0.25,0.25,unstable,38,4,-1,0.5,0.5,0.0,grouped,282,2,-1,0.333,0.0,0.0,grouped,-1,1,-1,1.0,0.0,0.0,robust isolated,1,1,definition-specific
Q026,Park Of The Americas,Neighborhood Park,Q,3.076,216,10,461,0.0,1.0,1.0,grouped,427,43,613,0.0,1.0,0.5,grouped,27,144,147,0.0,1.0,0.5,grouped,137,4,279,0.0,1.0,0.0,grouped,-1,1,-1,1.0,0.0,0.0,robust isolated,2,1,grouped in ≥2
Q027#1,Laurelton Parkway (1/8),Parkway,Q,59.612,-1,1,-1,0.667,0.333,0.0,unstable,545,6,758,0.25,0.75,0.333,grouped,30,83,174,0.0,1.0,0.5,grouped,112,5,-1,0.333,0.667,0.333,grouped,-1,1,-1,1.0,0.0,0.0,robust isolated,2,1,grouped in ≥2
Q027#2,Laurelton Parkway (2/8),Parkway,Q,59.612,380,5,-1,0.333,0.667,0.0,grouped,-1,1,-1,0.583,0.417,0.25,unstable,30,83,174,0.0,1.0,1.0,grouped,-1,1,-1,0.667,0.333,0.0,unstable,-1,1,-1,1.0,0.0,0.0,robust isolated,0,1,definition-specific
Q027#3,Laurelton Parkway (3/8),Parkway,Q,59.612,381,5,801,0.0,1.0,0.333,grouped,545,6,758,0.25,0.75,0.333,grouped,30,83,174,0.0,1.0,1.0,grouped,112,5,-1,0.333,0.667,0.222,grouped,-1,1,-1,1.0,0.0,0.0,robust isolated,2,1,grouped in ≥2
Q027#4,Laurelton Parkway (4/8),Parkway,Q,59.612,380,5,797,0.0,0.667,0.0,grouped,549,4,763,0.0,1.0,0.417,grouped,30,83,174,0.0,1.0,1.0,grouped,269,3,536,0.0,1.0,0.333,grouped,-1,1,-1,1.0,0.0,0.0,robust isolated,2,1,grouped in ≥2
Q027#5,Laurelton Parkway (5/8),Parkway,Q,59.612,381,5,801,0.0,1.0,0.0,grouped,545,6,758,0.0,0.75,0.5,grouped,30,83,174,0.0,1.0,1.0,grouped,112,5,236,0.0,0.667,0.333,grouped,-1,1,-1,1.0,0.0,0.0,robust isolated,2,1,grouped in ≥2
Q027#6,Laurelton Parkway (6/8),Parkway,Q,59.612,380,5,-1,0.333,0.667,0.0,grouped,549,4,763,0.0,1.0,0.125,grouped,30,83,174,0.0,1.0,0.5,grouped,269,3,536,0.0,1.0,0.0,grouped,-1,1,-1,1.0,0.0,0.0,robust isolated,2,1,grouped in ≥2
Q027#7,Laurelton Parkway (7/8),Parkway,Q,59.612,380,5,-1,0.333,0.667,0.0,grouped,545,6,-1,0.417,0.583,0.25,grouped,30,83,174,0.0,1.0,1.0,grouped,-1,1,-1,0.667,0.333,0.0,unstable,-1,1,-1,1.0,0.0,0.0,robust isolated,1,1,definition-specific
Q027#8,Laurelton Parkway (8/8),Parkway,Q,59.612,381,5,-1,0.333,0.667,0.333,grouped,-1,1,-1,0.5,0.5,0.5,unstable,30,83,174,0.0,1.0,0.5,grouped,-1,1,-1,0.667,0.333,0.0,unstable,-1,1,-1,1.0,0.0,0.0,robust isolated,0,1,definition-specific
Q028,Beach Channel Park,Waterfront Facility,Q,12.624,243,9,502,0.0,1.0,0.667,grouped,583,8,811,0.0,0.875,0.75,grouped,37,14,270,0.0,1.0,0.5,grouped,149,7,304,0.0,1.0,0.667,grouped,-1,1,-1,0.75,0.25,0.0,unstable,2,0,grouped in ≥2
Q028A,Tribute Park,Triangle/Plaza,Q,0.83,243,9,502,0.0,1.0,0.667,grouped,583,8,811,0.25,0.75,0.75,grouped,37,14,270,0.0,1.0,1.0,grouped,149,7,-1,0.333,0.667,0.667,grouped,-1,1,-1,0.75,0.25,0.0,unstable,2,0,grouped in ≥2
Q029,William F Moore Park,Neighborhood Park,Q,0.196,216,10,-1,0.333,0.667,0.333,grouped,427,43,613,0.25,0.75,0.75,grouped,27,144,147,0.0,1.0,1.0,grouped,138,4,280,0.0,1.0,0.667,grouped,-1,1,-1,0.875,0.0,0.0,robust isolated,2,1,grouped in ≥2
Q030,Midland Malls,Mall,Q,1.803,-1,1,-1,0.667,0.333,0.333,unstable,-1,1,-1,0.625,0.25,0.25,unstable,38,4,-1,0.5,0.5,0.0,grouped,282,2,-1,0.333,0.0,0.0,grouped,-1,1,-1,1.0,0.0,0.0,robust isolated,1,1,definition-specific
Q031,Lawrence Virgilio Playground,Neighborhood Park,Q,3.009,174,6,405,0.0,1.0,0.667,grouped,426,8,-1,0.5,0.5,0.25,grouped,27,144,147,0.0,1.0,1.0,grouped,122,8,257,0.0,1.0,0.333,grouped,-1,1,-1,1.0,0.0,0.0,robust isolated,2,1,grouped in ≥2
Q031A,Doughboy Park,Triangle/Plaza,Q,1.71,174,6,405,0.0,1.0,1.0,grouped,426,8,610,0.0,1.0,0.75,grouped,27,144,147,0.0,1.0,1.0,grouped,122,8,257,0.0,1.0,1.0,grouped,-1,1,-1,0.938,0.0,0.0,robust isolated,2,1,grouped in ≥2
Q032,McKenna Triangle,Triangle/Plaza,Q,0.01,135,7,313,0.0,1.0,1.0,grouped,393,31,570,0.0,1.0,1.0,grouped,27,144,147,0.0,1.0,0.5,grouped,101,31,214,0.0,1.0,1.0,grouped,-1,1,-1,1.0,0.0,0.0,robust isolated,2,1,grouped in ≥2
Q033,Mall Eighteen,Mall,Q,0.09,250,2,-1,0.333,0.333,0.333,grouped,462,2,-1,0.5,0.25,0.25,grouped,-1,1,-1,1.0,0.0,0.0,robust isolated,-1,1,-1,1.0,0.0,0.0,robust isolated,-1,1,-1,1.0,0.0,0.0,robust isolated,1,2,isolated in ≥2
Q034,Sabba Park,Triangle/Plaza,Q,0.467,174,6,404,0.0,0.667,0.333,grouped,426,8,610,0.125,0.875,0.75,grouped,27,144,147,0.0,1.0,1.0,grouped,122,8,257,0.0,1.0,0.667,grouped,-1,1,-1,1.0,0.0,0.0,robust isolated,2,1,grouped in ≥2
Q035#1,Mall Thirty Four XXXIV (1/7),Mall,Q,0.55,167,9,-1,0.333,0.667,0.667,grouped,427,43,612,0.0,1.0,0.917,grouped,27,144,147,0.0,1.0,1.0,grouped,139,31,286,0.0,1.0,0.667,grouped,-1,1,-1,0.938,0.062,0.0,robust isolated,2,1,grouped in ≥2
Q035#2,Mall Thirty Four XXXIV (2/7),Mall,Q,0.55,166,4,-1,0.333,0.667,0.333,grouped,427,43,612,0.0,1.0,0.875,grouped,27,144,147,0.0,1.0,1.0,grouped,139,31,-1,0.333,0.667,0.667,grouped,-1,1,-1,0.875,0.0,0.0,robust isolated,2,1,grouped in ≥2
Q035#3,Mall Thirty Four XXXIV (3/7),Mall,Q,0.55,169,3,394,0.0,1.0,0.667,grouped,427,43,612,0.0,1.0,0.75,grouped,27,144,147,0.0,1.0,1.0,grouped,139,31,285,0.0,0.667,0.333,grouped,-1,1,-1,0.812,0.0,0.0,robust isolated,2,1,grouped in ≥2
Q035#4,Mall Thirty Four XXXIV (4/7),Mall,Q,0.55,167,9,385,0.0,1.0,0.667,grouped,427,43,612,0.0,1.0,0.958,grouped,27,144,147,0.0,1.0,1.0,grouped,139,31,286,0.0,1.0,0.667,grouped,-1,1,-1,1.0,0.0,0.0,robust isolated,2,1,grouped in ≥2
Q035#5,Mall Thirty Four XXXIV (5/7),Mall,Q,0.55,-1,1,-1,0.667,0.333,0.333,unstable,427,43,612,0.0,1.0,0.833,grouped,27,144,147,0.0,1.0,1.0,grouped,139,31,-1,0.333,0.667,0.444,grouped,-1,1,-1,0.875,0.062,0.0,robust isolated,2,1,grouped in ≥2
Q035#6,Mall Thirty Four XXXIV (6/7),Mall,Q,0.55,167,9,385,0.0,1.0,1.0,grouped,427,43,612,0.0,1.0,0.75,grouped,27,144,147,0.0,1.0,1.0,grouped,139,31,283,0.0,1.0,0.667,grouped,-1,1,-1,1.0,0.0,0.0,robust isolated,2,1,grouped in ≥2
Q035#7,Mall Thirty Four XXXIV (7/7),Mall,Q,0.55,166,4,383,0.0,1.0,1.0,grouped,427,43,612,0.0,1.0,0.75,grouped,27,144,147,0.0,1.0,1.0,grouped,139,31,282,0.0,1.0,0.333,grouped,-1,1,-1,1.0,0.0,0.0,robust isolated,2,1,grouped in ≥2
Q036A,Rafferty Triangle,Triangle/Plaza,Q,0.1,135,7,313,0.0,1.0,1.0,grouped,393,31,569,0.0,1.0,0.75,grouped,27,144,147,0.0,1.0,1.0,grouped,101,31,-1,0.333,0.667,0.333,grouped,164,2,-1,0.5,0.0,0.0,grouped,3,0,grouped in all
Q037,Neponsit Mall,Mall,Q,0.76,-1,1,-1,1.0,0.0,0.0,robust isolated,-1,1,-1,0.833,0.167,0.083,robust isolated,37,14,270,0.0,1.0,1.0,grouped,-1,1,-1,1.0,0.0,0.0,robust isolated,-1,1,-1,1.0,0.0,0.0,robust isolated,0,3,isolated in all
Q038,Benninger Playground,Playground,Q,0.574,-1,1,-1,0.667,0.333,0.333,unstable,-1,1,-1,0.75,0.25,0.167,unstable,-1,1,-1,1.0,0.0,0.0,robust isolated,-1,1,-1,1.0,0.0,0.0,robust isolated,-1,1,-1,1.0,0.0,0.0,robust isolated,0,2,isolated in ≥2
Q040,Elmjack Mall,Mall,Q,0.241,168,7,391,0.0,1.0,0.667,grouped,424,10,608,0.0,1.0,1.0,grouped,27,144,147,0.0,1.0,1.0,grouped,120,11,249,0.0,1.0,1.0,grouped,-1,1,-1,0.938,0.062,0.062,robust isolated,2,1,grouped in ≥2
Q041,Newtown Playground,Neighborhood Park,Q,0.703,217,11,467,0.0,0.667,0.667,grouped,410,4,590,0.0,0.875,0.25,grouped,27,144,-1,0.5,0.5,0.5,grouped,135,3,277,0.0,1.0,0.0,grouped,-1,1,-1,1.0,0.0,0.0,robust isolated,2,1,grouped in ≥2
Q042,Poppenhusen Park,Triangle/Plaza,Q,0.05,249,2,510,0.0,0.333,0.333,grouped,465,5,659,0.0,0.75,0.25,grouped,35,77,248,0.0,0.5,0.0,grouped,165,4,-1,0.333,0.667,0.0,grouped,-1,1,-1,1.0,0.0,0.0,robust isolated,2,1,grouped in ≥2
Q043,Proctor-Hopson Circle,Triangle/Plaza,Q,0.13,186,8,419,0.0,0.667,0.667,grouped,531,9,741,0.25,0.75,0.75,grouped,30,83,174,0.0,1.0,0.5,grouped,160,10,327,0.0,1.0,0.667,grouped,-1,1,-1,1.0,0.0,0.0,robust isolated,2,1,grouped in ≥2
Q044,L/CPL Thomas P. Noonan Jr. Playground,Playground,Q,1.05,-1,1,-1,0.667,0.333,0.333,unstable,426,8,610,0.0,0.75,0.625,grouped,27,144,147,0.0,1.0,1.0,grouped,122,8,-1,0.333,0.667,0.333,grouped,-1,1,-1,1.0,0.0,0.0,robust isolated,2,1,grouped in ≥2
Q045,Andrews Grove,Playground,Q,0.518,137,4,322,0.0,0.667,0.667,grouped,393,31,-1,0.5,0.5,0.25,grouped,-1,1,-1,1.0,0.0,0.0,robust isolated,-1,1,-1,1.0,0.0,0.0,robust isolated,-1,1,-1,1.0,0.0,0.0,robust isolated,1,2,isolated in ≥2
Q046,Josephine Caminiti Playground,Playground,Q,0.398,216,10,-1,0.333,0.667,0.667,grouped,427,43,613,0.0,1.0,0.75,grouped,27,144,147,0.0,1.0,0.5,grouped,138,4,280,0.0,1.0,0.667,grouped,-1,1,-1,1.0,0.0,0.0,robust isolated,2,1,grouped in ≥2
Q047,Queens Village Veterans Plaza,Triangle/Plaza,Q,0.32,-1,1,-1,0.667,0.333,0.0,unstable,539,2,751,0.25,0.417,0.208,grouped,30,83,175,0.0,1.0,0.5,grouped,266,2,-1,0.333,0.333,0.0,grouped,-1,1,-1,1.0,0.0,0.0,robust isolated,2,1,grouped in ≥2
Q048,Rainey Park,Neighborhood Park,Q,8.09,136,7,-1,0.333,0.667,0.333,grouped,393,31,569,0.0,0.75,0.75,grouped,27,144,147,0.0,1.0,1.0,grouped,101,31,212,0.0,1.0,0.667,grouped,-1,1,-1,1.0,0.0,0.0,robust isolated,2,1,grouped in ≥2
Q050,Rockaway Beach,Waterfront Facility,Q,31.5,243,9,501,0.0,1.0,0.667,grouped,583,8,811,0.0,0.875,0.75,grouped,37,14,270,0.0,1.0,0.5,grouped,149,7,304,0.0,1.0,0.667,grouped,-1,1,-1,1.0,0.0,0.0,robust isolated,2,1,grouped in ≥2
Q051,Archie Spigner Park,Community Park,Q,10.79,186,8,420,0.0,0.667,0.333,grouped,531,9,741,0.0,0.875,0.75,grouped,30,83,174,0.0,1.0,0.5,grouped,160,10,327,0.0,1.0,0.667,grouped,-1,1,-1,1.0,0.0,0.0,robust isolated,2,1,grouped in ≥2
Q052,Captain Tilly Park,Neighborhood Park,Q,9.16,-1,1,-1,0.667,0.333,0.0,unstable,-1,1,-1,0.833,0.167,0.167,robust isolated,-1,1,-1,1.0,0.0,0.0,robust isolated,-1,1,-1,1.0,0.0,0.0,robust isolated,-1,1,-1,1.0,0.0,0.0,robust isolated,0,3,isolated in all
Q053,Equity Playground,Playground,Q,1.314,-1,1,-1,0.667,0.333,0.333,unstable,-1,1,-1,0.75,0.25,0.167,unstable,-1,1,-1,1.0,0.0,0.0,robust isolated,-1,1,-1,1.0,0.0,0.0,robust isolated,-1,1,-1,1.0,0.0,0.0,robust isolated,0,2,isolated in ≥2
Q055,Veteran's Square,Triangle/Plaza,Q,0.1,216,10,461,0.0,1.0,1.0,grouped,427,43,613,0.0,1.0,1.0,grouped,27,144,147,0.0,1.0,0.5,grouped,137,4,279,0.0,1.0,1.0,grouped,-1,1,-1,1.0,0.0,0.0,robust isolated,2,1,grouped in ≥2
Q056,Clemens Triangle,Triangle/Plaza,Q,0.01,342,2,739,0.0,0.333,0.333,grouped,383,16,557,0.0,0.583,0.542,grouped,34,220,227,0.0,1.0,1.0,grouped,225,2,455,0.0,0.333,0.333,grouped,-1,1,-1,1.0,0.0,0.0,robust isolated,2,1,grouped in ≥2
Q057,Sohncke Square,Triangle/Plaza,Q,0.044,174,6,405,0.0,1.0,1.0,grouped,426,8,610,0.125,0.875,0.75,grouped,27,144,147,0.0,1.0,1.0,grouped,122,8,257,0.0,1.0,1.0,grouped,-1,1,-1,1.0,0.0,0.0,robust isolated,2,1,grouped in ≥2
Q058,Dunningham Triangle,Triangle/Plaza,Q,0.003,168,7,390,0.0,0.667,0.333,grouped,427,43,612,0.0,1.0,0.75,grouped,27,144,147,0.0,1.0,1.0,grouped,139,31,284,0.0,0.667,0.333,grouped,-1,1,-1,0.75,0.25,0.0,unstable,2,0,grouped in ≥2
Q059,Catharine Turner Richardson Park,Triangle/Plaza,Q,0.101,257,4,-1,0.333,0.667,0.333,grouped,-1,1,-1,0.75,0.25,0.25,unstable,-1,1,-1,1.0,0.0,0.0,robust isolated,172,3,-1,0.333,0.667,0.333,grouped,-1,1,-1,1.0,0.0,0.0,robust isolated,1,1,definition-specific
Q060,Nine Heroes Plaza,Triangle/Plaza,Q,0.02,168,7,391,0.0,1.0,0.667,grouped,424,10,608,0.0,1.0,1.0,grouped,27,144,147,0.0,1.0,1.0,grouped,120,11,249,0.0,1.0,1.0,grouped,-1,1,-1,0.875,0.125,0.062,robust isolated,2,1,grouped in ≥2
Q061,Steinmann Triangle,Triangle/Plaza,Q,0.214,174,6,405,0.0,1.0,1.0,grouped,426,8,610,0.0,1.0,0.75,grouped,27,144,147,0.0,1.0,1.0,grouped,122,8,257,0.0,1.0,1.0,grouped,-1,1,-1,1.0,0.0,0.0,robust isolated,2,1,grouped in ≥2
Q062,Fleetwood Triangle,Triangle/Plaza,Q,0.027,-1,1,-1,0.667,0.333,0.0,unstable,-1,1,-1,0.75,0.25,0.167,unstable,40,2,-1,0.5,0.0,0.0,grouped,-1,1,-1,1.0,0.0,0.0,robust isolated,-1,1,-1,1.0,0.0,0.0,robust isolated,0,2,isolated in ≥2
Q063,Luke J. Lang Square,Triangle/Plaza,Q,0.001,219,2,474,0.0,0.333,0.333,grouped,-1,1,-1,0.75,0.25,0.167,unstable,-1,1,-1,1.0,0.0,0.0,robust isolated,265,2,-1,0.333,0.0,0.0,grouped,-1,1,-1,1.0,0.0,0.0,robust isolated,1,1,definition-specific
Q065,John Vincent Daniels Jr. Square,Triangle/Plaza,Q,0.254,174,6,404,0.0,0.667,0.667,grouped,426,8,610,0.0,1.0,0.75,grouped,27,144,147,0.0,1.0,1.0,grouped,122,8,257,0.0,1.0,0.667,grouped,-1,1,-1,1.0,0.0,0.0,robust isolated,2,1,grouped in ≥2
Q066B,Triborough Bridge Playground B,Playground,Q,1.295,139,10,328,0.0,1.0,1.0,grouped,393,31,569,0.0,0.75,0.75,grouped,27,144,147,0.0,1.0,1.0,grouped,101,31,215,0.0,1.0,0.667,grouped,-1,1,-1,1.0,0.0,0.0,robust isolated,2,1,grouped in ≥2
Q066C,Triborough Bridge Playground C,Recreational Field/Courts,Q,0.46,139,10,328,0.0,1.0,1.0,grouped,393,31,569,0.0,0.75,0.75,grouped,27,144,147,0.0,1.0,1.0,grouped,101,31,215,0.0,1.0,1.0,grouped,-1,1,-1,1.0,0.0,0.0,robust isolated,2,1,grouped in ≥2
Q066D,Triborough Bridge Playground D,Recreational Field/Courts,Q,0.46,139,10,328,0.0,1.0,1.0,grouped,393,31,569,0.25,0.75,0.75,grouped,27,144,147,0.0,1.0,1.0,grouped,101,31,215,0.0,1.0,1.0,grouped,-1,1,-1,1.0,0.0,0.0,robust isolated,2,1,grouped in ≥2
Q066E,Triborough Bridge Playground E,Recreational Field/Courts,Q,0.46,139,10,328,0.0,1.0,1.0,grouped,393,31,569,0.25,0.75,0.75,grouped,27,144,147,0.0,1.0,1.0,grouped,101,31,215,0.0,1.0,1.0,grouped,-1,1,-1,1.0,0.0,0.0,robust isolated,2,1,grouped in ≥2
Q066F,Hoyt Playground,Neighborhood Park,Q,2.2,139,10,327,0.0,0.667,0.667,grouped,393,31,569,0.0,0.75,0.75,grouped,27,144,147,0.0,1.0,1.0,grouped,101,31,215,0.0,1.0,1.0,grouped,-1,1,-1,1.0,0.0,0.0,robust isolated,2,1,grouped in ≥2
Q066G,Sitting Area,Triangle/Plaza,Q,1.16,139,10,328,0.0,1.0,1.0,grouped,393,31,569,0.0,0.75,0.75,grouped,27,144,147,0.0,1.0,1.0,grouped,101,31,215,0.0,1.0,1.0,grouped,-1,1,-1,1.0,0.0,0.0,robust isolated,2,1,grouped in ≥2
Q066H,Chappetto Square,Recreational Field/Courts,Q,1.226,139,10,328,0.0,1.0,1.0,grouped,393,31,569,0.0,0.75,0.75,grouped,27,144,147,0.0,1.0,1.0,grouped,101,31,215,0.0,1.0,1.0,grouped,-1,1,-1,1.0,0.0,0.0,robust isolated,2,1,grouped in ≥2
Q067,Pigeon Paradise,Triangle/Plaza,Q,0.071,173,2,403,0.0,0.333,0.333,grouped,424,10,608,0.0,1.0,0.875,grouped,27,144,147,0.0,1.0,1.0,grouped,120,11,-1,0.333,0.667,0.667,grouped,-1,1,-1,1.0,0.0,0.0,robust isolated,2,1,grouped in ≥2
Q067A,General Hart Playground,Neighborhood Park,Q,0.896,173,2,403,0.0,0.333,0.333,grouped,424,10,608,0.0,1.0,1.0,grouped,27,144,147,0.0,1.0,1.0,grouped,120,11,-1,0.333,0.667,0.667,grouped,-1,1,-1,0.875,0.062,0.0,robust isolated,2,1,grouped in ≥2
Q069,Middleburgh Triangle,Triangle/Plaza,Q,0.002,-1,1,-1,0.667,0.333,0.333,unstable,410,4,590,0.25,0.75,0.25,grouped,27,144,147,0.0,1.0,1.0,grouped,-1,1,-1,0.556,0.444,0.0,unstable,-1,1,-1,1.0,0.0,0.0,robust isolated,1,1,definition-specific
Q070,Trolley Car Triangle,Triangle/Plaza,Q,0.032,170,4,-1,0.333,0.667,0.333,grouped,427,43,612,0.25,0.75,0.75,grouped,27,144,147,0.0,1.0,1.0,grouped,139,31,-1,0.333,0.667,0.667,grouped,-1,1,-1,1.0,0.0,0.0,robust isolated,2,1,grouped in ≥2
Q072,Short Triangle,Triangle/Plaza,Q,0.01,135,7,313,0.0,1.0,1.0,grouped,393,31,570,0.0,1.0,1.0,grouped,27,144,147,0.0,1.0,0.5,grouped,101,31,214,0.0,1.0,1.0,grouped,-1,1,-1,1.0,0.0,0.0,robust isolated,2,1,grouped in ≥2
Q073,Plaut Triangle,Triangle/Plaza,Q,0.25,-1,1,-1,0.667,0.333,0.0,unstable,470,8,667,0.25,0.75,0.333,grouped,35,77,247,0.0,1.0,1.0,grouped,157,7,-1,0.333,0.667,0.333,grouped,-1,1,-1,1.0,0.0,0.0,robust isolated,2,1,grouped in ≥2
Q075,Glendale Veterans Triangle,Triangle/Plaza,Q,0.005,220,2,-1,0.333,0.333,0.333,grouped,506,5,708,0.0,0.917,0.333,grouped,30,83,176,0.0,1.0,1.0,grouped,276,3,544,0.0,0.667,0.0,grouped,-1,1,-1,0.875,0.0,0.0,robust isolated,2,1,grouped in ≥2
Q076,Legion Triangle,Triangle/Plaza,Q,0.05,-1,1,-1,0.667,0.333,0.0,unstable,325,11,473,0.167,0.833,0.333,grouped,33,183,217,0.0,1.0,1.0,grouped,-1,1,-1,0.667,0.333,0.333,unstable,-1,1,-1,1.0,0.0,0.0,robust isolated,1,1,definition-specific
Q079,Wellbrock Triangle,Triangle/Plaza,Q,0.008,269,2,-1,0.333,0.333,0.333,grouped,512,3,-1,0.333,0.667,0.5,grouped,30,83,176,0.0,1.0,1.0,grouped,-1,1,-1,0.667,0.333,0.333,unstable,-1,1,-1,0.875,0.0,0.0,robust isolated,1,1,definition-specific
Q080,Veterans Plaza,Triangle/Plaza,Q,0.09,167,9,-1,0.333,0.667,0.667,grouped,427,43,612,0.083,0.75,0.667,grouped,27,144,147,0.0,1.0,1.0,grouped,139,31,-1,0.333,0.667,0.667,grouped,-1,1,-1,1.0,0.0,0.0,robust isolated,2,1,grouped in ≥2
Q082,Wayanda Park,Jointly Operated Playground,Q,2.554,385,2,-1,0.333,0.0,0.0,grouped,538,2,-1,0.5,0.333,0.167,grouped,30,83,175,0.0,1.0,1.0,grouped,-1,1,-1,0.667,0.333,0.0,unstable,-1,1,-1,1.0,0.0,0.0,robust isolated,1,1,definition-specific
Q083#1,Jackie Robinson Parkway (1/17),Parkway,Q,72.75,-1,1,-1,0.667,0.0,0.0,unstable,-1,1,-1,0.75,0.167,0.167,unstable,-1,1,-1,1.0,0.0,0.0,robust isolated,-1,1,-1,1.0,0.0,0.0,robust isolated,-1,1,-1,1.0,0.0,0.0,robust isolated,0,2,isolated in ≥2
Q083#10,Jackie Robinson Parkway (10/17),Parkway,Q,72.75,-1,1,-1,1.0,0.0,0.0,robust isolated,-1,1,-1,0.667,0.333,0.083,unstable,30,83,176,0.0,1.0,0.0,grouped,-1,1,-1,0.667,0.333,0.0,unstable,-1,1,-1,1.0,0.0,0.0,robust isolated,0,1,definition-specific
Q083#11,Jackie Robinson Parkway (11/17),Parkway,Q,72.75,308,3,-1,0.333,0.667,0.0,grouped,327,50,-1,0.25,0.75,0.417,grouped,33,183,217,0.0,1.0,1.0,grouped,188,44,-1,0.333,0.667,0.333,grouped,-1,1,-1,0.75,0.25,0.0,unstable,2,0,grouped in ≥2
Q083#12,Jackie Robinson Parkway (12/17),Parkway,Q,72.75,-1,1,-1,1.0,0.0,0.0,robust isolated,-1,1,-1,0.75,0.25,0.167,unstable,34,220,227,0.0,1.0,1.0,grouped,-1,1,-1,1.0,0.0,0.0,robust isolated,-1,1,-1,1.0,0.0,0.0,robust isolated,0,2,isolated in ≥2
Q083#13,Jackie Robinson Parkway (13/17),Parkway,Q,72.75,-1,1,-1,0.667,0.333,0.0,unstable,506,5,-1,0.5,0.5,0.333,grouped,30,83,176,0.0,1.0,1.0,grouped,-1,1,-1,0.667,0.333,0.0,unstable,-1,1,-1,0.938,0.0,0.0,robust isolated,1,1,definition-specific
Q083#14,Jackie Robinson Parkway (14/17),Parkway,Q,72.75,-1,1,-1,1.0,0.0,0.0,robust isolated,-1,1,-1,0.917,0.083,0.042,robust isolated,30,83,-1,0.5,0.5,0.5,grouped,-1,1,-1,1.0,0.0,0.0,robust isolated,-1,1,-1,1.0,0.0,0.0,robust isolated,0,3,isolated in all
Q083#15,Jackie Robinson Parkway (15/17),Parkway,Q,72.75,-1,1,-1,1.0,0.0,0.0,robust isolated,401,2,-1,0.5,0.167,0.167,grouped,39,2,279,0.0,0.0,0.0,grouped,-1,1,-1,0.667,0.333,0.0,unstable,-1,1,-1,1.0,0.0,0.0,robust isolated,1,1,definition-specific
Q083#16,Jackie Robinson Parkway (16/17),Parkway,Q,72.75,-1,1,-1,0.667,0.333,0.0,unstable,-1,1,-1,0.708,0.292,0.125,unstable,30,83,176,0.0,1.0,1.0,grouped,-1,1,-1,1.0,0.0,0.0,robust isolated,-1,1,-1,1.0,0.0,0.0,robust isolated,0,2,isolated in ≥2
Q083#17,Jackie Robinson Parkway (17/17),Parkway,Q,72.75,-1,1,-1,1.0,0.0,0.0,robust isolated,-1,1,-1,0.833,0.167,0.0,robust isolated,-1,1,-1,1.0,0.0,0.0,robust isolated,-1,1,-1,1.0,0.0,0.0,robust isolated,-1,1,-1,1.0,0.0,0.0,robust isolated,0,3,isolated in all
Q083#2,Jackie Robinson Parkway (2/17),Parkway,Q,72.75,308,3,-1,0.0,0.667,0.333,grouped,327,50,476,0.0,1.0,0.917,grouped,33,183,217,0.0,1.0,1.0,grouped,188,44,378,0.0,0.667,0.667,grouped,-1,1,-1,1.0,0.0,0.0,robust isolated,2,1,grouped in ≥2
Q083#3,Jackie Robinson Parkway (3/17),Parkway,Q,72.75,-1,1,-1,0.667,0.333,0.0,unstable,506,5,-1,0.333,0.667,0.333,grouped,30,83,176,0.0,1.0,1.0,grouped,-1,1,-1,0.667,0.333,0.0,unstable,-1,1,-1,1.0,0.0,0.0,robust isolated,1,1,definition-specific
Q083#4,Jackie Robinson Parkway (4/17),Parkway,Q,72.75,-1,1,-1,1.0,0.0,0.0,robust isolated,-1,1,-1,0.833,0.167,0.083,robust isolated,34,220,227,0.0,1.0,1.0,grouped,-1,1,-1,1.0,0.0,0.0,robust isolated,-1,1,-1,1.0,0.0,0.0,robust isolated,0,3,isolated in all
Q083#5,Jackie Robinson Parkway (5/17),Parkway,Q,72.75,-1,1,-1,1.0,0.0,0.0,robust isolated,-1,1,-1,0.917,0.083,0.083,robust isolated,30,83,-1,0.5,0.5,0.5,grouped,-1,1,-1,1.0,0.0,0.0,robust isolated,-1,1,-1,1.0,0.0,0.0,robust isolated,0,3,isolated in all
Q083#6,Jackie Robinson Parkway (6/17),Parkway,Q,72.75,-1,1,-1,1.0,0.0,0.0,robust isolated,-1,1,-1,1.0,0.0,0.0,robust isolated,-1,1,-1,1.0,0.0,0.0,robust isolated,-1,1,-1,1.0,0.0,0.0,robust isolated,-1,1,-1,1.0,0.0,0.0,robust isolated,0,3,isolated in all
Q083#7,Jackie Robinson Parkway (7/17),Parkway,Q,72.75,-1,1,-1,0.667,0.333,0.0,unstable,-1,1,-1,0.917,0.083,0.0,robust isolated,30,83,-1,0.5,0.5,0.0,grouped,-1,1,-1,1.0,0.0,0.0,robust isolated,-1,1,-1,1.0,0.0,0.0,robust isolated,0,3,isolated in all
Q083#8,Jackie Robinson Parkway (8/17),Parkway,Q,72.75,-1,1,-1,1.0,0.0,0.0,robust isolated,-1,1,-1,1.0,0.0,0.0,robust isolated,-1,1,-1,1.0,0.0,0.0,robust isolated,-1,1,-1,1.0,0.0,0.0,robust isolated,-1,1,-1,1.0,0.0,0.0,robust isolated,0,3,isolated in all
Q083#9,Jackie Robinson Parkway (9/17),Parkway,Q,72.75,-1,1,-1,0.667,0.333,0.333,unstable,-1,1,-1,0.542,0.458,0.292,unstable,33,183,217,0.0,1.0,1.0,grouped,188,44,-1,0.333,0.667,0.333,grouped,-1,1,-1,0.625,0.25,0.0,unstable,1,0,definition-specific
Q084B,Tepper Triangle,Triangle/Plaza,Q,0.2,-1,1,-1,0.667,0.333,0.0,unstable,562,2,-1,0.5,0.25,0.167,grouped,41,2,282,0.0,0.0,0.0,grouped,251,2,-1,0.333,0.0,0.0,grouped,218,2,-1,0.5,0.0,0.0,grouped,3,0,grouped in all
Q085,Gorman Playground,Neighborhood Park,Q,2.755,165,12,-1,0.333,0.667,0.667,grouped,427,43,612,0.0,1.0,1.0,grouped,27,144,147,0.0,1.0,1.0,grouped,139,31,281,0.0,1.0,1.0,grouped,-1,1,-1,0.875,0.0,0.0,robust isolated,2,1,grouped in ≥2
Q086,Flushing Fields,Community Park,Q,7.671,260,2,524,0.0,0.333,0.333,grouped,470,8,667,0.0,1.0,0.458,grouped,35,77,247,0.0,1.0,1.0,grouped,157,7,317,0.0,0.667,0.0,grouped,-1,1,-1,1.0,0.0,0.0,robust isolated,2,1,grouped in ≥2
Q089B,Harvey Park,Community Park,Q,9.154,-1,1,-1,0.667,0.0,0.0,unstable,-1,1,-1,0.75,0.167,0.167,unstable,35,77,247,0.0,1.0,1.0,grouped,-1,1,-1,0.778,0.111,0.0,unstable,-1,1,-1,1.0,0.0,0.0,robust isolated,0,1,definition-specific
Q090,Federalist Triangle,Triangle/Plaza,Q,0.062,215,21,457,0.0,1.0,1.0,grouped,421,18,601,0.125,0.875,0.75,grouped,27,144,147,0.0,1.0,0.5,grouped,145,11,298,0.0,1.0,1.0,grouped,-1,1,-1,1.0,0.0,0.0,robust isolated,2,1,grouped in ≥2
Q092,Police Officer Edward Byrne Park,Community Park,Q,4.966,-1,1,-1,0.667,0.333,0.0,unstable,517,10,-1,0.333,0.667,0.333,grouped,30,83,176,0.0,1.0,1.0,grouped,127,5,-1,0.333,0.667,0.333,grouped,-1,1,-1,1.0,0.0,0.0,robust isolated,2,1,grouped in ≥2
Q094,Tudor Park,Community Park,Q,13.543,267,12,532,0.0,1.0,1.0,grouped,325,11,472,0.0,1.0,0.875,grouped,33,183,217,0.0,1.0,1.0,grouped,186,9,373,0.0,1.0,1.0,grouped,-1,1,-1,1.0,0.0,0.0,robust isolated,2,1,grouped in ≥2
Q094D,Gemini Fields,Recreational Field/Courts,Q,10.761,267,12,-1,0.333,0.667,0.667,grouped,326,3,474,0.0,0.5,0.458,grouped,33,183,217,0.0,1.0,1.0,grouped,186,9,373,0.0,1.0,0.0,grouped,-1,1,-1,1.0,0.0,0.0,robust isolated,2,1,grouped in ≥2
Q095,Vito Locascio Field,Recreational Field/Courts,Q,3.258,267,12,532,0.0,1.0,0.667,grouped,325,11,472,0.125,0.875,0.875,grouped,33,183,217,0.0,1.0,1.0,grouped,186,9,373,0.0,1.0,1.0,grouped,-1,1,-1,1.0,0.0,0.0,robust isolated,2,1,grouped in ≥2
Q096A,Locust Grove Civic Triangle,Triangle/Plaza,Q,0.315,394,3,819,0.0,1.0,0.667,grouped,518,3,727,0.0,0.75,0.208,grouped,30,83,176,0.0,1.0,1.0,grouped,130,3,272,0.0,1.0,0.333,grouped,-1,1,-1,1.0,0.0,0.0,robust isolated,2,1,grouped in ≥2
Q096B,Southern Fields,Recreational Field/Courts,Q,5.593,394,3,819,0.0,1.0,0.667,grouped,518,3,727,0.0,0.75,0.333,grouped,30,83,176,0.0,1.0,1.0,grouped,130,3,272,0.0,1.0,0.333,grouped,-1,1,-1,1.0,0.0,0.0,robust isolated,2,1,grouped in ≥2
Q096E,Lefferts Playground,Playground,Q,2.937,394,3,819,0.0,1.0,0.667,grouped,518,3,727,0.25,0.75,0.333,grouped,30,83,176,0.0,1.0,1.0,grouped,130,3,272,0.0,1.0,0.333,grouped,-1,1,-1,1.0,0.0,0.0,robust isolated,2,1,grouped in ≥2
Q096G,Park,Strip,Q,0.009,-1,1,-1,0.667,0.333,0.0,unstable,-1,1,-1,1.0,0.0,0.0,robust isolated,-1,1,-1,1.0,0.0,0.0,robust isolated,-1,1,-1,1.0,0.0,0.0,robust isolated,-1,1,-1,1.0,0.0,0.0,robust isolated,0,3,isolated in all
Q098,Frank D. O'Connor Playground,Neighborhood Park,Q,1.537,168,7,391,0.0,1.0,0.667,grouped,424,10,608,0.0,1.0,1.0,grouped,27,144,147,0.0,1.0,1.0,grouped,120,11,249,0.0,1.0,1.0,grouped,-1,1,-1,0.812,0.125,0.0,robust isolated,2,1,grouped in ≥2
Q100,Flushing Greens,Triangle/Plaza,Q,0.421,238,4,494,0.0,1.0,0.667,grouped,469,3,665,0.25,0.5,0.25,grouped,35,77,247,0.0,1.0,1.0,grouped,156,2,316,0.0,0.333,0.0,grouped,-1,1,-1,1.0,0.0,0.0,robust isolated,2,1,grouped in ≥2
Q100A,Daniel Carter Beard Mall,Triangle/Plaza,Q,0.658,238,4,494,0.0,1.0,0.667,grouped,465,5,-1,0.333,0.583,0.333,grouped,35,77,247,0.0,1.0,1.0,grouped,-1,1,-1,0.667,0.333,0.0,unstable,-1,1,-1,1.0,0.0,0.0,robust isolated,1,1,definition-specific
Q101,Middle Village Playground,Neighborhood Park,Q,0.448,-1,1,-1,0.667,0.333,0.333,unstable,-1,1,-1,0.833,0.167,0.0,robust isolated,-1,1,-1,1.0,0.0,0.0,robust isolated,-1,1,-1,1.0,0.0,0.0,robust isolated,-1,1,-1,1.0,0.0,0.0,robust isolated,0,3,isolated in all
Q102,Juniper Valley Park,Community Park,Q,55.639,-1,1,-1,0.667,0.333,0.333,unstable,-1,1,-1,0.583,0.417,0.333,unstable,27,144,148,0.0,1.0,0.5,grouped,-1,1,-1,1.0,0.0,0.0,robust isolated,-1,1,-1,1.0,0.0,0.0,robust isolated,0,2,isolated in ≥2
Q103,Raymond O’Connor Park,Neighborhood Park,Q,5.4,-1,1,-1,0.667,0.333,0.333,unstable,468,2,-1,0.417,0.417,0.167,grouped,35,77,247,0.0,1.0,0.5,grouped,-1,1,-1,0.667,0.111,0.0,unstable,-1,1,-1,1.0,0.0,0.0,robust isolated,1,1,definition-specific
Q104,Queensbridge Park,Community Park,Q,20.863,144,19,-1,0.0,1.0,1.0,grouped,393,31,569,0.0,1.0,0.917,grouped,27,144,147,0.0,1.0,1.0,grouped,101,31,-1,0.333,0.667,0.667,grouped,-1,1,-1,0.875,0.125,0.0,robust isolated,2,1,grouped in ≥2
Q105,Howard Von Dohlen Playground,Neighborhood Park,Q,1.381,205,2,-1,0.333,0.333,0.333,grouped,-1,1,-1,0.75,0.25,0.167,unstable,30,83,-1,0.5,0.5,0.5,grouped,-1,1,-1,1.0,0.0,0.0,robust isolated,-1,1,-1,1.0,0.0,0.0,robust isolated,0,2,isolated in ≥2
Q106,Daniel M. O'Connell Playground,Neighborhood Park,Q,2.043,-1,1,-1,1.0,0.0,0.0,robust isolated,-1,1,-1,0.667,0.333,0.167,unstable,30,83,175,0.0,1.0,1.0,grouped,-1,1,-1,1.0,0.0,0.0,robust isolated,-1,1,-1,1.0,0.0,0.0,robust isolated,0,2,isolated in ≥2
Q107,Springfield Park,Community Park,Q,23.543,158,3,370,0.0,0.667,0.333,grouped,-1,1,-1,0.75,0.25,0.167,unstable,30,83,-1,0.5,0.5,0.0,grouped,110,2,234,0.0,0.333,0.0,grouped,-1,1,-1,1.0,0.0,0.0,robust isolated,1,1,definition-specific
Q108,Laurelton Playground,Neighborhood Park,Q,1.785,381,5,801,0.0,1.0,0.333,grouped,545,6,758,0.0,0.75,0.667,grouped,30,83,174,0.0,1.0,1.0,grouped,112,5,236,0.0,0.667,0.333,grouped,-1,1,-1,1.0,0.0,0.0,robust isolated,2,1,grouped in ≥2
Q116,One Room Schoolhouse Park,Triangle/Plaza,Q,0.14,165,12,381,0.0,0.667,0.667,grouped,427,43,612,0.0,1.0,0.875,grouped,27,144,147,0.0,1.0,1.0,grouped,139,31,281,0.0,1.0,0.667,grouped,-1,1,-1,0.875,0.0,0.0,robust isolated,2,1,grouped in ≥2
Q118,Police Officer Nicholas Demutiis Park,Neighborhood Park,Q,1.151,270,2,-1,0.333,0.333,0.333,grouped,512,3,716,0.25,0.75,0.417,grouped,30,83,176,0.0,1.0,1.0,grouped,187,4,-1,0.333,0.667,0.0,grouped,-1,1,-1,1.0,0.0,0.0,robust isolated,2,1,grouped in ≥2
Q119,Frederick B. Judge Playground,Neighborhood Park,Q,2.217,-1,1,-1,0.667,0.333,0.333,unstable,517,10,-1,0.417,0.583,0.375,grouped,30,83,176,0.0,1.0,1.0,grouped,-1,1,-1,1.0,0.0,0.0,robust isolated,-1,1,-1,1.0,0.0,0.0,robust isolated,1,2,isolated in ≥2
Q120,Harvard Playground,Neighborhood Park,Q,0.581,-1,1,-1,0.667,0.333,0.333,unstable,-1,1,-1,0.75,0.25,0.25,unstable,-1,1,-1,1.0,0.0,0.0,robust isolated,-1,1,-1,1.0,0.0,0.0,robust isolated,-1,1,-1,1.0,0.0,0.0,robust isolated,0,2,isolated in ≥2
Q121,Detective Keith L Williams Park,Community Park,Q,7.683,188,3,422,0.0,0.667,0.333,grouped,530,2,740,0.25,0.458,0.25,grouped,30,83,177,0.0,0.5,0.0,grouped,160,10,326,0.0,0.667,0.333,grouped,-1,1,-1,0.938,0.0,0.0,robust isolated,2,1,grouped in ≥2
Q121A,William Simmons Community Garden Club,Garden,Q,0.599,188,3,422,0.0,0.667,0.333,grouped,-1,1,-1,0.5,0.5,0.167,unstable,30,83,174,0.0,1.0,0.0,grouped,-1,1,-1,0.667,0.333,0.0,unstable,-1,1,-1,1.0,0.0,0.0,robust isolated,0,1,definition-specific
Q122,Junction Playground,Neighborhood Park,Q,0.54,167,9,385,0.0,1.0,1.0,grouped,427,43,612,0.0,1.0,0.958,grouped,27,144,147,0.0,1.0,1.0,grouped,139,31,286,0.0,1.0,0.667,grouped,-1,1,-1,0.938,0.0,0.0,robust isolated,2,1,grouped in ≥2
Q123,Astoria Health Playground,Playground,Q,0.207,136,7,-1,0.333,0.667,0.333,grouped,-1,1,-1,0.75,0.25,0.25,unstable,27,144,147,0.0,1.0,1.0,grouped,-1,1,-1,1.0,0.0,0.0,robust isolated,-1,1,-1,1.0,0.0,0.0,robust isolated,0,2,isolated in ≥2
Q124,Myrtle Avenue Clemens Triangle,Triangle/Plaza,Q,0.013,342,2,739,0.0,0.333,0.333,grouped,383,16,557,0.0,0.583,0.542,grouped,34,220,227,0.0,1.0,1.0,grouped,225,2,455,0.0,0.333,0.333,grouped,-1,1,-1,0.938,0.0,0.0,robust isolated,2,1,grouped in ≥2
Q126,Francis Lewis Park,Neighborhood Park,Q,16.831,-1,1,-1,1.0,0.0,0.0,robust isolated,-1,1,-1,0.75,0.25,0.167,unstable,35,77,247,0.0,1.0,0.5,grouped,-1,1,-1,0.667,0.333,0.0,unstable,-1,1,-1,1.0,0.0,0.0,robust isolated,0,1,definition-specific
Q127,Marconi Park,Neighborhood Park,Q,4.635,186,8,418,0.0,0.667,0.667,grouped,531,9,741,0.0,1.0,0.5,grouped,30,83,176,0.0,1.0,0.5,grouped,160,10,325,0.0,1.0,0.0,grouped,-1,1,-1,1.0,0.0,0.0,robust isolated,2,1,grouped in ≥2
Q128,London Planetree Playground,Neighborhood Park,Q,1.837,268,3,-1,0.333,0.667,0.333,grouped,-1,1,-1,0.375,0.625,0.458,unstable,30,83,176,0.0,1.0,1.0,grouped,-1,1,-1,0.667,0.333,0.0,unstable,-1,1,-1,1.0,0.0,0.0,robust isolated,0,1,definition-specific
Q129,"Phil ""Scooter"" Rizzuto Park",Community Park,Q,4.353,208,2,-1,0.333,0.333,0.0,grouped,520,3,729,0.0,0.75,0.25,grouped,30,83,176,0.0,1.0,1.0,grouped,128,2,-1,0.333,0.333,0.333,grouped,-1,1,-1,1.0,0.0,0.0,robust isolated,2,1,grouped in ≥2
Q130,Motor Parkway,Nature Area,Q,13.894,374,2,790,0.0,0.0,0.0,grouped,447,4,637,0.0,0.5,0.5,grouped,35,77,250,0.0,1.0,0.5,grouped,256,2,519,0.0,0.333,0.333,grouped,-1,1,-1,1.0,0.0,0.0,robust isolated,2,1,grouped in ≥2
Q131,Frank Principe Park,Community Park,Q,7.461,215,21,457,0.0,1.0,1.0,grouped,421,18,601,0.0,1.0,0.75,grouped,27,144,147,0.0,1.0,1.0,grouped,145,11,298,0.0,1.0,1.0,grouped,-1,1,-1,1.0,0.0,0.0,robust isolated,2,1,grouped in ≥2
Q133,Pat Williams Playground,Playground,Q,0.514,393,3,-1,0.333,0.667,0.667,grouped,-1,1,-1,0.875,0.125,0.0,robust isolated,-1,1,-1,1.0,0.0,0.0,robust isolated,-1,1,-1,1.0,0.0,0.0,robust isolated,-1,1,-1,1.0,0.0,0.0,robust isolated,0,3,isolated in all
Q133A,Hempstead Ballfield,Recreational Field/Courts,Q,1.94,393,3,817,0.0,0.667,0.667,grouped,-1,1,-1,0.75,0.208,0.167,unstable,-1,1,-1,1.0,0.0,0.0,robust isolated,-1,1,-1,1.0,0.0,0.0,robust isolated,-1,1,-1,1.0,0.0,0.0,robust isolated,0,2,isolated in ≥2
Q133B,Hempstead Bench Spread,Triangle/Plaza,Q,0.274,393,3,817,0.0,0.667,0.667,grouped,-1,1,-1,0.75,0.208,0.167,unstable,30,83,-1,0.5,0.5,0.5,grouped,-1,1,-1,1.0,0.0,0.0,robust isolated,-1,1,-1,1.0,0.0,0.0,robust isolated,0,2,isolated in ≥2
Q134,Jack Breininger Park,Neighborhood Park,Q,3.4,-1,1,-1,0.667,0.333,0.0,unstable,-1,1,-1,0.75,0.25,0.167,unstable,35,77,-1,0.5,0.5,0.0,grouped,-1,1,-1,1.0,0.0,0.0,robust isolated,-1,1,-1,1.0,0.0,0.0,robust isolated,0,2,isolated in ≥2
Q135A,McKee Triangle,Triangle/Plaza,Q,0.059,-1,1,-1,0.667,0.0,0.0,unstable,470,8,-1,0.25,0.667,0.167,grouped,35,77,247,0.0,1.0,1.0,grouped,-1,1,-1,0.556,0.333,0.0,unstable,-1,1,-1,1.0,0.0,0.0,robust isolated,1,1,definition-specific
Q136,Playground 115,Playground,Q,0.287,-1,1,-1,0.667,0.333,0.333,unstable,-1,1,-1,0.625,0.25,0.25,unstable,35,77,-1,0.5,0.5,0.0,grouped,281,2,-1,0.333,0.0,0.0,grouped,-1,1,-1,1.0,0.0,0.0,robust isolated,1,1,definition-specific
Q137,Columbus Square,Triangle/Plaza,Q,0.1,139,10,327,0.0,0.667,0.667,grouped,393,31,569,0.0,0.75,0.75,grouped,27,144,147,0.0,1.0,1.0,grouped,101,31,215,0.0,1.0,1.0,grouped,-1,1,-1,1.0,0.0,0.0,robust isolated,2,1,grouped in ≥2
Q139,Drumm Triangle,Triangle/Plaza,Q,0.166,-1,1,-1,0.667,0.333,0.333,unstable,506,5,708,0.25,0.75,0.25,grouped,30,83,176,0.0,1.0,1.0,grouped,276,3,-1,0.333,0.667,0.0,grouped,-1,1,-1,0.812,0.0,0.0,robust isolated,2,1,grouped in ≥2
Q140,Barclay Triangle,Triangle/Plaza,Q,0.047,-1,1,-1,0.667,0.333,0.333,unstable,427,43,612,0.0,1.0,0.75,grouped,27,144,147,0.0,1.0,1.0,grouped,139,31,-1,0.333,0.667,0.667,grouped,-1,1,-1,1.0,0.0,0.0,robust isolated,2,1,grouped in ≥2
Q141,Murray Playground,Neighborhood Park,Q,2.524,135,7,313,0.0,1.0,0.667,grouped,393,31,570,0.0,1.0,1.0,grouped,27,144,147,0.0,1.0,1.0,grouped,101,31,214,0.0,1.0,1.0,grouped,-1,1,-1,1.0,0.0,0.0,robust isolated,2,1,grouped in ≥2
Q142,Jacob Riis Triangle,Triangle/Plaza,Q,0.005,-1,1,-1,0.667,0.333,0.0,unstable,522,2,732,0.0,0.333,0.208,grouped,30,83,176,0.0,1.0,1.0,grouped,279,2,-1,0.333,0.333,0.0,grouped,-1,1,-1,0.875,0.0,0.0,robust isolated,2,1,grouped in ≥2
Q147,Ruoff Triangle,Triangle/Plaza,Q,0.054,268,3,-1,0.333,0.667,0.333,grouped,325,11,471,0.0,0.75,0.583,grouped,33,183,218,0.0,1.0,1.0,grouped,187,4,375,0.0,0.667,0.333,grouped,-1,1,-1,1.0,0.0,0.0,robust isolated,2,1,grouped in ≥2
Q148,Catholic War Veterans Square,Triangle/Plaza,Q,0.006,390,2,-1,0.333,0.0,0.0,grouped,517,10,722,0.0,0.5,0.5,grouped,30,83,176,0.0,1.0,1.0,grouped,129,2,271,0.0,0.333,0.333,grouped,-1,1,-1,0.875,0.0,0.0,robust isolated,2,1,grouped in ≥2
Q151,Grand Slope,Triangle/Plaza,Q,0.207,-1,1,-1,0.667,0.333,0.333,unstable,421,18,603,0.25,0.75,0.25,grouped,27,144,148,0.0,1.0,0.5,grouped,121,5,-1,0.333,0.667,0.333,grouped,-1,1,-1,1.0,0.0,0.0,robust isolated,2,1,grouped in ≥2
Q152,Horsebrook Island,Triangle/Plaza,Q,0.03,217,11,467,0.0,0.667,0.333,grouped,410,4,590,0.125,0.875,0.25,grouped,27,144,-1,0.5,0.5,0.5,grouped,135,3,277,0.0,1.0,0.0,grouped,-1,1,-1,1.0,0.0,0.0,robust isolated,2,1,grouped in ≥2
Q157,Metro Triangle,Triangle/Plaza,Q,0.02,-1,1,-1,0.667,0.333,0.0,unstable,522,2,732,0.0,0.333,0.167,grouped,30,83,176,0.0,1.0,1.0,grouped,279,2,-1,0.333,0.333,0.0,grouped,-1,1,-1,0.875,0.0,0.0,robust isolated,2,1,grouped in ≥2
Q159,Father Reilly Square,Triangle/Plaza,Q,0.03,-1,1,-1,0.667,0.333,0.0,unstable,-1,1,-1,0.75,0.25,0.167,unstable,35,77,-1,0.5,0.5,0.0,grouped,-1,1,-1,1.0,0.0,0.0,robust isolated,-1,1,-1,1.0,0.0,0.0,robust isolated,0,2,isolated in ≥2
Q160,O'Sullivan Plaza,Triangle/Plaza,Q,0.03,165,12,381,0.0,0.667,0.667,grouped,427,43,612,0.0,1.0,1.0,grouped,27,144,147,0.0,1.0,1.0,grouped,139,31,281,0.0,1.0,0.667,grouped,-1,1,-1,1.0,0.0,0.0,robust isolated,2,1,grouped in ≥2
Q162E,Beach 59th St Playground,Playground,Q,0.618,151,10,-1,0.333,0.667,0.333,grouped,572,8,788,0.0,0.667,0.333,grouped,29,27,163,0.0,1.0,1.0,grouped,106,2,229,0.0,0.333,0.0,grouped,-1,1,-1,0.75,0.125,0.0,unstable,2,0,grouped in ≥2
Q162H,Beach 30th Street Playground,Neighborhood Park,Q,7.122,153,15,363,0.0,1.0,0.667,grouped,572,8,789,0.0,1.0,1.0,grouped,29,27,163,0.0,1.0,1.0,grouped,108,5,231,0.0,1.0,1.0,grouped,-1,1,-1,0.75,0.125,0.0,unstable,2,0,grouped in ≥2
Q162H01,Park,Nature Area,Q,1.14,153,15,363,0.0,1.0,0.667,grouped,572,8,789,0.0,1.0,1.0,grouped,29,27,163,0.0,1.0,1.0,grouped,108,5,231,0.0,1.0,1.0,grouped,-1,1,-1,0.625,0.188,0.0,unstable,2,0,grouped in ≥2
Q162I,Rockaway Beach and Boardwalk,Waterfront Facility,Q,3.809,153,15,363,0.0,1.0,0.667,grouped,572,8,789,0.0,1.0,1.0,grouped,29,27,163,0.0,1.0,1.0,grouped,108,5,231,0.0,1.0,1.0,grouped,-1,1,-1,0.938,0.062,0.0,robust isolated,2,1,grouped in ≥2
Q162J,Beach 17 Playground,Neighborhood Park,Q,13.75,153,15,363,0.0,1.0,0.333,grouped,572,8,789,0.25,0.75,0.5,grouped,29,27,163,0.0,1.0,1.0,grouped,-1,1,-1,0.667,0.333,0.333,unstable,-1,1,-1,0.875,0.0,0.0,robust isolated,1,1,definition-specific
Q162J01,Beach 9 Playground,Neighborhood Park,Q,4.863,153,15,363,0.0,1.0,0.333,grouped,572,8,789,0.0,0.875,0.5,grouped,29,27,163,0.0,1.0,1.0,grouped,108,5,232,0.0,0.667,0.333,grouped,-1,1,-1,0.875,0.0,0.0,robust isolated,2,1,grouped in ≥2
Q165,Spring Creek Park Addition,Nature Area,Q,50.436,317,6,620,0.0,1.0,0.0,grouped,-1,1,-1,0.833,0.167,0.0,robust isolated,-1,1,-1,1.0,0.0,0.0,robust isolated,-1,1,-1,1.0,0.0,0.0,robust isolated,-1,1,-1,1.0,0.0,0.0,robust isolated,0,3,isolated in all
Q168,Alexander Grey Triangle,Triangle/Plaza,Q,0.01,-1,1,-1,0.667,0.0,0.0,unstable,-1,1,-1,0.583,0.333,0.167,unstable,35,77,247,0.0,1.0,1.0,grouped,-1,1,-1,0.667,0.333,0.0,unstable,-1,1,-1,1.0,0.0,0.0,robust isolated,0,1,definition-specific
Q172,Corona Plaza,Triangle/Plaza,Q,0.041,216,10,461,0.0,1.0,1.0,grouped,427,43,613,0.0,1.0,1.0,grouped,27,144,147,0.0,1.0,1.0,grouped,137,4,279,0.0,1.0,1.0,grouped,-1,1,-1,1.0,0.0,0.0,robust isolated,2,1,grouped in ≥2
Q173,American Triangle,Triangle/Plaza,Q,0.009,216,10,461,0.0,1.0,1.0,grouped,427,43,613,0.0,1.0,1.0,grouped,27,144,147,0.0,1.0,1.0,grouped,137,4,279,0.0,1.0,1.0,grouped,-1,1,-1,1.0,0.0,0.0,robust isolated,2,1,grouped in ≥2
Q174A,St. Michael's Playground,Neighborhood Park,Q,5.43,-1,1,-1,0.667,0.333,0.333,unstable,427,43,-1,0.417,0.583,0.167,grouped,27,144,147,0.0,1.0,1.0,grouped,-1,1,-1,0.667,0.333,0.0,unstable,-1,1,-1,0.875,0.0,0.0,robust isolated,1,1,definition-specific
Q177,Tudor Malls,Mall,Q,0.137,267,12,532,0.0,1.0,0.333,grouped,326,3,-1,0.5,0.5,0.417,grouped,33,183,217,0.0,1.0,1.0,grouped,-1,1,-1,1.0,0.0,0.0,robust isolated,-1,1,-1,1.0,0.0,0.0,robust isolated,1,2,isolated in ≥2
Q178#1,Mall Forty Two XLII (1/3),Mall,Q,1.429,283,2,559,0.0,0.333,0.0,grouped,455,2,647,0.0,0.333,0.25,grouped,35,77,247,0.0,1.0,0.5,grouped,260,2,524,0.0,0.0,0.0,grouped,-1,1,-1,1.0,0.0,0.0,robust isolated,2,1,grouped in ≥2
Q178#2,Mall Forty Two XLII (2/3),Mall,Q,1.429,-1,1,-1,0.667,0.333,0.0,unstable,468,2,-1,0.5,0.333,0.167,grouped,35,77,247,0.0,1.0,0.0,grouped,-1,1,-1,0.667,0.111,0.0,unstable,-1,1,-1,1.0,0.0,0.0,robust isolated,1,1,definition-specific
Q178#3,Mall Forty Two XLII (3/3),Mall,Q,1.429,-1,1,-1,0.667,0.333,0.333,unstable,-1,1,-1,0.75,0.25,0.167,unstable,35,77,-1,0.5,0.5,0.0,grouped,-1,1,-1,1.0,0.0,0.0,robust isolated,-1,1,-1,1.0,0.0,0.0,robust isolated,0,2,isolated in ≥2
Q186,Jackson Mill Green,Triangle/Plaza,Q,0.065,170,4,-1,0.333,0.667,0.333,grouped,427,43,612,0.167,0.667,0.667,grouped,27,144,147,0.0,1.0,1.0,grouped,-1,1,-1,0.667,0.333,0.333,unstable,-1,1,-1,1.0,0.0,0.0,robust isolated,1,1,definition-specific
Q190,Corporal Ruoff Square,Triangle/Plaza,Q,0.084,270,2,-1,0.333,0.333,0.333,grouped,512,3,716,0.25,0.75,0.5,grouped,30,83,176,0.0,1.0,1.0,grouped,187,4,-1,0.333,0.667,0.333,grouped,-1,1,-1,1.0,0.0,0.0,robust isolated,2,1,grouped in ≥2
Q203,David J O'Connell Square,Triangle/Plaza,Q,0.055,390,2,-1,0.333,0.0,0.0,grouped,517,10,722,0.0,0.5,0.5,grouped,30,83,176,0.0,1.0,1.0,grouped,129,2,271,0.0,0.333,0.333,grouped,-1,1,-1,1.0,0.0,0.0,robust isolated,2,1,grouped in ≥2
Q205A,Big Bush Playground,Community Park,Q,2.5,172,2,-1,0.333,0.333,0.333,grouped,-1,1,-1,0.75,0.25,0.167,unstable,-1,1,-1,1.0,0.0,0.0,robust isolated,-1,1,-1,1.0,0.0,0.0,robust isolated,-1,1,-1,1.0,0.0,0.0,robust isolated,0,2,isolated in ≥2
Q205B,Nathan Weidenbaum Playground,Playground,Q,0.732,172,2,-1,0.333,0.333,0.333,grouped,-1,1,-1,0.75,0.25,0.167,unstable,27,144,-1,0.5,0.5,0.5,grouped,-1,1,-1,1.0,0.0,0.0,robust isolated,-1,1,-1,1.0,0.0,0.0,robust isolated,0,2,isolated in ≥2
Q206,Eight Oaks Triangle,Triangle/Plaza,Q,0.045,-1,1,-1,0.667,0.333,0.0,unstable,-1,1,-1,1.0,0.0,0.0,robust isolated,-1,1,-1,1.0,0.0,0.0,robust isolated,-1,1,-1,1.0,0.0,0.0,robust isolated,-1,1,-1,1.0,0.0,0.0,robust isolated,0,3,isolated in all
Q207,MacDonald Park,Neighborhood Park,Q,1.415,218,3,-1,0.333,0.667,0.333,grouped,-1,1,-1,0.75,0.25,0.167,unstable,-1,1,-1,1.0,0.0,0.0,robust isolated,-1,1,-1,0.667,0.333,0.0,unstable,-1,1,-1,1.0,0.0,0.0,robust isolated,0,1,definition-specific
Q208,Litchhult Square,Triangle/Plaza,Q,0.074,-1,1,-1,0.667,0.333,0.0,unstable,539,2,751,0.25,0.417,0.208,grouped,30,83,175,0.0,1.0,0.5,grouped,266,2,-1,0.333,0.333,0.0,grouped,-1,1,-1,1.0,0.0,0.0,robust isolated,2,1,grouped in ≥2
Q209,Lawrence Triangle,Triangle/Plaza,Q,0.138,-1,1,-1,1.0,0.0,0.0,robust isolated,-1,1,-1,0.667,0.333,0.333,unstable,35,77,247,0.0,1.0,1.0,grouped,-1,1,-1,1.0,0.0,0.0,robust isolated,-1,1,-1,1.0,0.0,0.0,robust isolated,0,2,isolated in ≥2
Q211,Maple Playground,Neighborhood Park,Q,0.978,239,2,-1,0.333,0.333,0.333,grouped,-1,1,-1,0.583,0.417,0.25,unstable,35,77,247,0.0,1.0,0.5,grouped,-1,1,-1,1.0,0.0,0.0,robust isolated,-1,1,-1,1.0,0.0,0.0,robust isolated,0,2,isolated in ≥2
Q212,Queens Valley Playground,Jointly Operated Playground,Q,0.876,358,2,-1,0.333,0.333,0.333,grouped,-1,1,-1,0.75,0.25,0.0,unstable,-1,1,-1,1.0,0.0,0.0,robust isolated,-1,1,-1,1.0,0.0,0.0,robust isolated,-1,1,-1,1.0,0.0,0.0,robust isolated,0,2,isolated in ≥2
Q213,Studley Triangle,Triangle/Plaza,Q,0.024,-1,1,-1,0.667,0.333,0.0,unstable,470,8,667,0.25,0.75,0.333,grouped,35,77,247,0.0,1.0,1.0,grouped,157,7,-1,0.333,0.667,0.333,grouped,-1,1,-1,1.0,0.0,0.0,robust isolated,2,1,grouped in ≥2
Q214,Leonard Square,Triangle/Plaza,Q,0.06,261,2,-1,0.333,0.333,0.333,grouped,470,8,667,0.0,1.0,0.417,grouped,35,77,247,0.0,1.0,1.0,grouped,157,7,-1,0.333,0.667,0.333,grouped,-1,1,-1,1.0,0.0,0.0,robust isolated,2,1,grouped in ≥2
Q215,Whitey Ford Field,Recreational Field/Courts,Q,3.45,136,7,-1,0.333,0.667,0.333,grouped,-1,1,-1,0.75,0.25,0.0,unstable,-1,1,-1,1.0,0.0,0.0,robust isolated,101,31,212,0.0,1.0,0.0,grouped,-1,1,-1,1.0,0.0,0.0,robust isolated,1,1,definition-specific
Q217,Lt. Frank McConnell Park,Triangle/Plaza,Q,0.207,208,2,-1,0.333,0.333,0.0,grouped,520,3,729,0.0,0.75,0.292,grouped,30,83,176,0.0,1.0,1.0,grouped,128,2,-1,0.333,0.333,0.333,grouped,-1,1,-1,1.0,0.0,0.0,robust isolated,2,1,grouped in ≥2
Q218,Dutch Kills Playground,Jointly Operated Playground,Q,2.4,-1,1,-1,0.667,0.333,0.333,unstable,393,31,569,0.0,1.0,0.417,grouped,27,144,147,0.0,1.0,1.0,grouped,101,31,-1,0.333,0.667,0.111,grouped,-1,1,-1,1.0,0.0,0.0,robust isolated,2,1,grouped in ≥2
Q219#1,Rockaway Freeway (1/16),Parkway,Q,8.422,152,10,354,0.0,1.0,0.667,grouped,582,7,-1,0.5,0.5,0.25,grouped,37,14,-1,0.5,0.5,0.0,grouped,146,3,-1,0.333,0.667,0.222,grouped,-1,1,-1,1.0,0.0,0.0,robust isolated,2,1,grouped in ≥2
Q219#10,Rockaway Freeway (10/16),Parkway,Q,8.422,153,15,362,0.0,0.667,0.333,grouped,574,8,-1,0.5,0.5,0.167,grouped,29,27,-1,0.5,0.5,0.5,grouped,104,2,227,0.0,0.444,0.0,grouped,-1,1,-1,1.0,0.0,0.0,robust isolated,2,1,grouped in ≥2
Q219#11,Rockaway Freeway (11/16),Parkway,Q,8.422,152,10,-1,0.333,0.667,0.667,grouped,-1,1,-1,0.75,0.25,0.25,unstable,-1,1,-1,1.0,0.0,0.0,robust isolated,-1,1,-1,0.778,0.222,0.0,unstable,-1,1,-1,1.0,0.0,0.0,robust isolated,0,1,definition-specific
Q219#12,Rockaway Freeway (12/16),Parkway,Q,8.422,151,10,350,0.0,1.0,0.333,grouped,576,8,-1,0.5,0.5,0.5,grouped,29,27,-1,0.5,0.5,0.5,grouped,170,5,-1,0.333,0.444,0.444,grouped,-1,1,-1,1.0,0.0,0.0,robust isolated,2,1,grouped in ≥2
Q219#13,Rockaway Freeway (13/16),Parkway,Q,8.422,153,15,361,0.0,1.0,0.667,grouped,574,8,791,0.25,0.75,0.417,grouped,29,27,165,0.0,1.0,0.5,grouped,105,6,228,0.0,1.0,0.333,grouped,-1,1,-1,1.0,0.0,0.0,robust isolated,2,1,grouped in ≥2
Q219#14,Rockaway Freeway (14/16),Parkway,Q,8.422,152,10,-1,0.333,0.667,0.667,grouped,582,7,-1,0.5,0.5,0.25,grouped,37,14,-1,0.5,0.5,0.0,grouped,-1,1,-1,0.556,0.444,0.222,unstable,-1,1,-1,1.0,0.0,0.0,robust isolated,1,1,definition-specific
Q219#15,Rockaway Freeway (15/16),Parkway,Q,8.422,152,10,-1,0.333,0.667,0.667,grouped,582,7,806,0.25,0.5,0.25,grouped,37,14,-1,0.5,0.5,0.0,grouped,146,3,300,0.0,0.778,0.0,grouped,-1,1,-1,1.0,0.0,0.0,robust isolated,2,1,grouped in ≥2
Q219#16,Rockaway Freeway (16/16),Parkway,Q,8.422,242,2,500,0.0,0.333,0.333,grouped,-1,1,-1,0.75,0.25,0.25,unstable,-1,1,-1,1.0,0.0,0.0,robust isolated,-1,1,-1,0.778,0.222,0.0,unstable,-1,1,-1,1.0,0.0,0.0,robust isolated,0,1,definition-specific
Q219#2,Rockaway Freeway (2/16),Parkway,Q,8.422,153,15,361,0.0,1.0,0.667,grouped,574,8,791,0.25,0.75,0.0,grouped,-1,1,-1,1.0,0.0,0.0,robust isolated,105,6,228,0.0,1.0,0.0,grouped,-1,1,-1,1.0,0.0,0.0,robust isolated,2,1,grouped in ≥2
Q219#3,Rockaway Freeway (3/16),Parkway,Q,8.422,243,9,501,0.0,1.0,0.667,grouped,-1,1,-1,0.625,0.375,0.25,unstable,-1,1,-1,1.0,0.0,0.0,robust isolated,-1,1,-1,0.556,0.444,0.0,unstable,-1,1,-1,1.0,0.0,0.0,robust isolated,0,1,definition-specific
Q219#4,Rockaway Freeway (4/16),Parkway,Q,8.422,-1,1,-1,0.667,0.333,0.333,unstable,-1,1,-1,0.75,0.25,0.25,unstable,29,27,-1,0.5,0.5,0.0,grouped,170,5,-1,0.333,0.667,0.0,grouped,-1,1,-1,1.0,0.0,0.0,robust isolated,1,1,definition-specific
Q219#5,Rockaway Freeway (5/16),Parkway,Q,8.422,151,10,349,0.0,1.0,0.667,grouped,-1,1,-1,0.5,0.5,0.25,unstable,-1,1,-1,1.0,0.0,0.0,robust isolated,-1,1,-1,1.0,0.0,0.0,robust isolated,-1,1,-1,1.0,0.0,0.0,robust isolated,0,2,isolated in ≥2
Q219#6,Rockaway Freeway (6/16),Parkway,Q,8.422,152,10,355,0.0,0.667,0.667,grouped,582,7,807,0.0,0.5,0.25,grouped,37,14,-1,0.5,0.5,0.0,grouped,147,2,302,0.0,0.444,0.0,grouped,-1,1,-1,1.0,0.0,0.0,robust isolated,2,1,grouped in ≥2
Q219#7,Rockaway Freeway (7/16),Parkway,Q,8.422,153,15,-1,0.333,0.667,0.333,grouped,-1,1,-1,0.75,0.25,0.208,unstable,29,27,-1,0.5,0.5,0.0,grouped,-1,1,-1,1.0,0.0,0.0,robust isolated,-1,1,-1,1.0,0.0,0.0,robust isolated,0,2,isolated in ≥2
Q219#8,Rockaway Freeway (8/16),Parkway,Q,8.422,151,10,350,0.0,1.0,0.333,grouped,576,8,-1,0.5,0.5,0.25,grouped,29,27,-1,0.5,0.5,0.5,grouped,-1,1,-1,1.0,0.0,0.0,robust isolated,-1,1,-1,1.0,0.0,0.0,robust isolated,1,2,isolated in ≥2
Q219#9,Rockaway Freeway (9/16),Parkway,Q,8.422,153,15,361,0.0,1.0,1.0,grouped,574,8,791,0.25,0.75,0.75,grouped,29,27,-1,0.5,0.5,0.5,grouped,105,6,228,0.0,1.0,1.0,grouped,-1,1,-1,1.0,0.0,0.0,robust isolated,2,1,grouped in ≥2
Q220B,Norelli-Hargreaves Playground,Playground,Q,1.427,-1,1,-1,0.667,0.333,0.333,unstable,517,10,723,0.25,0.583,0.542,grouped,30,83,176,0.0,1.0,1.0,grouped,126,2,-1,0.333,0.333,0.333,grouped,-1,1,-1,0.75,0.0,0.0,unstable,2,0,grouped in ≥2
Q220C,Dr. Charles R. Drew Park,Recreational Field/Courts,Q,6.336,207,4,-1,0.333,0.667,0.333,grouped,517,10,724,0.0,0.75,0.75,grouped,30,83,176,0.0,1.0,1.0,grouped,127,5,267,0.0,1.0,0.667,grouped,-1,1,-1,1.0,0.0,0.0,robust isolated,2,1,grouped in ≥2
Q220D,Foch Sitting Area,Triangle/Plaza,Q,0.051,207,4,444,0.0,0.667,0.333,grouped,517,10,724,0.0,0.75,0.75,grouped,30,83,176,0.0,1.0,1.0,grouped,127,5,267,0.0,1.0,0.667,grouped,-1,1,-1,0.75,0.0,0.0,unstable,2,0,grouped in ≥2
Q220E,Playground One Forty,Playground,Q,1.37,207,4,444,0.0,0.667,0.333,grouped,517,10,724,0.25,0.75,0.75,grouped,30,83,176,0.0,1.0,1.0,grouped,127,5,267,0.0,1.0,0.667,grouped,-1,1,-1,1.0,0.0,0.0,robust isolated,2,1,grouped in ≥2
Q220F,Maple Grove Park,Triangle/Plaza,Q,1.5,386,2,809,0.0,0.333,0.0,grouped,403,2,583,0.0,0.167,0.167,grouped,-1,1,-1,1.0,0.0,0.0,robust isolated,262,2,527,0.0,0.333,0.0,grouped,-1,1,-1,1.0,0.0,0.0,robust isolated,2,1,grouped in ≥2
Q220G,Hoover - Manton Playgrounds,Neighborhood Park,Q,5.2,386,2,809,0.0,0.333,0.0,grouped,403,2,583,0.0,0.167,0.167,grouped,-1,1,-1,1.0,0.0,0.0,robust isolated,262,2,527,0.0,0.333,0.0,grouped,-1,1,-1,1.0,0.0,0.0,robust isolated,2,1,grouped in ≥2
Q221,Farm Playground,Jointly Operated Playground,Q,3.757,284,3,-1,0.333,0.667,0.333,grouped,456,5,648,0.0,1.0,0.25,grouped,35,77,247,0.0,1.0,0.5,grouped,273,3,540,0.0,0.667,0.0,grouped,-1,1,-1,1.0,0.0,0.0,robust isolated,2,1,grouped in ≥2
Q222,Glenwood Landing,Triangle/Plaza,Q,0.3,257,4,-1,0.333,0.667,0.333,grouped,-1,1,-1,0.833,0.167,0.167,robust isolated,-1,1,-1,1.0,0.0,0.0,robust isolated,-1,1,-1,1.0,0.0,0.0,robust isolated,-1,1,-1,1.0,0.0,0.0,robust isolated,0,3,isolated in all
Q223,Fresh Meadows Park,Triangle/Plaza,Q,1.23,-1,1,-1,0.667,0.333,0.333,unstable,456,5,648,0.0,1.0,0.167,grouped,35,77,247,0.0,1.0,0.5,grouped,273,3,-1,0.333,0.667,0.0,grouped,-1,1,-1,1.0,0.0,0.0,robust isolated,2,1,grouped in ≥2
Q225,Broad Channel Veteran's Park,Triangle/Plaza,Q,0.565,-1,1,-1,0.667,0.333,0.0,unstable,590,6,820,0.25,0.75,0.5,grouped,36,6,268,0.0,1.0,1.0,grouped,125,6,-1,0.333,0.667,0.333,grouped,-1,1,-1,1.0,0.0,0.0,robust isolated,2,1,grouped in ≥2
Q226,Hallets Cove Playground,Neighborhood Park,Q,5.84399754,136,7,316,0.0,0.667,0.333,grouped,393,31,569,0.0,1.0,0.75,grouped,-1,1,-1,1.0,0.0,0.0,robust isolated,101,31,212,0.0,1.0,0.667,grouped,-1,1,-1,1.0,0.0,0.0,robust isolated,2,1,grouped in ≥2
Q231,Sergeant Colyer Square,Triangle/Plaza,Q,0.104,207,4,-1,0.333,0.667,0.333,grouped,517,10,724,0.25,0.75,0.583,grouped,30,83,176,0.0,1.0,1.0,grouped,127,5,267,0.0,1.0,0.333,grouped,-1,1,-1,1.0,0.0,0.0,robust isolated,2,1,grouped in ≥2
Q232,Dwyer Square,Triangle/Plaza,Q,0.002,164,3,-1,0.333,0.667,0.333,grouped,-1,1,-1,0.5,0.5,0.333,unstable,27,144,147,0.0,1.0,1.0,grouped,-1,1,-1,1.0,0.0,0.0,robust isolated,-1,1,-1,0.938,0.062,0.0,robust isolated,0,2,isolated in ≥2
Q243,Norelli-Hargreaves Memorial Triangle,Triangle/Plaza,Q,0.036,-1,1,-1,0.667,0.333,0.333,unstable,-1,1,-1,0.75,0.25,0.208,unstable,30,83,176,0.0,1.0,0.5,grouped,-1,1,-1,0.667,0.333,0.0,unstable,-1,1,-1,1.0,0.0,0.0,robust isolated,0,1,definition-specific
Q245,Hollis Veterans Square,Triangle/Plaza,Q,0.018,-1,1,-1,0.667,0.0,0.0,unstable,-1,1,-1,0.833,0.167,0.0,robust isolated,-1,1,-1,1.0,0.0,0.0,robust isolated,-1,1,-1,0.667,0.333,0.0,unstable,-1,1,-1,1.0,0.0,0.0,robust isolated,0,2,isolated in ≥2
Q246,Travis Triangle,Triangle/Plaza,Q,0.221,261,2,-1,0.333,0.333,0.333,grouped,471,3,670,0.0,0.667,0.417,grouped,35,77,247,0.0,1.0,1.0,grouped,154,2,-1,0.333,0.333,0.0,grouped,-1,1,-1,1.0,0.0,0.0,robust isolated,2,1,grouped in ≥2
Q254,Corporal Frank F. Fagan Sq.,Triangle/Plaza,Q,0.004,164,3,378,0.0,0.667,0.333,grouped,424,10,607,0.0,0.667,0.583,grouped,27,144,147,0.0,1.0,1.0,grouped,119,2,248,0.0,0.333,0.333,grouped,-1,1,-1,0.875,0.125,0.062,robust isolated,2,1,grouped in ≥2
Q257,Lt. Clinton L .Whiting Square,Triangle/Plaza,Q,0.049,-1,1,-1,0.667,0.333,0.333,unstable,-1,1,-1,0.5,0.5,0.417,unstable,30,83,176,0.0,1.0,1.0,grouped,-1,1,-1,1.0,0.0,0.0,robust isolated,-1,1,-1,1.0,0.0,0.0,robust isolated,0,2,isolated in ≥2
Q259,Memorial Circle,Triangle/Plaza,Q,0.1,243,9,-1,0.333,0.667,0.667,grouped,583,8,-1,0.167,0.75,0.5,grouped,37,14,270,0.0,1.0,1.0,grouped,149,7,304,0.0,1.0,0.667,grouped,-1,1,-1,0.812,0.0,0.0,robust isolated,2,1,grouped in ≥2
Q262,Alameda Malls,Mall,Q,0.553,257,4,519,0.0,0.667,0.333,grouped,493,2,-1,0.5,0.417,0.25,grouped,35,77,249,0.0,1.0,0.5,grouped,172,3,346,0.0,0.667,0.333,grouped,-1,1,-1,1.0,0.0,0.0,robust isolated,2,1,grouped in ≥2
Q266,Westbourne Playground,Jointly Operated Playground,Q,1.13,-1,1,-1,1.0,0.0,0.0,robust isolated,-1,1,-1,1.0,0.0,0.0,robust isolated,-1,1,-1,1.0,0.0,0.0,robust isolated,-1,1,-1,1.0,0.0,0.0,robust isolated,-1,1,-1,1.0,0.0,0.0,robust isolated,0,3,isolated in all
Q267,Court Square Park,Triangle/Plaza,Q,0.492,135,7,313,0.0,1.0,1.0,grouped,393,31,570,0.0,1.0,0.5,grouped,27,144,-1,0.5,0.5,0.0,grouped,101,31,214,0.0,1.0,0.0,grouped,-1,1,-1,1.0,0.0,0.0,robust isolated,2,1,grouped in ≥2
Q268,Bell Malls,Mall,Q,1.652,281,3,555,0.0,0.667,0.333,grouped,447,4,638,0.25,0.667,0.583,grouped,35,77,250,0.0,1.0,0.5,grouped,255,3,517,0.0,0.667,0.333,grouped,-1,1,-1,1.0,0.0,0.0,robust isolated,2,1,grouped in ≥2
Q275,Patricia A. Brackley Park,Triangle/Plaza,Q,0.157,243,9,502,0.0,1.0,0.333,grouped,583,8,811,0.25,0.75,0.75,grouped,37,14,270,0.0,1.0,1.0,grouped,149,7,-1,0.333,0.667,0.444,grouped,-1,1,-1,1.0,0.0,0.0,robust isolated,2,1,grouped in ≥2
Q277,South Gate Mall,Mall,Q,0.145,350,2,762,0.0,0.333,0.0,grouped,544,2,-1,0.5,0.208,0.0,grouped,-1,1,-1,1.0,0.0,0.0,robust isolated,111,2,235,0.0,0.333,0.0,grouped,-1,1,-1,1.0,0.0,0.0,robust isolated,2,1,grouped in ≥2
Q281,Nakks Malls,Mall,Q,0.185,385,2,-1,0.333,0.0,0.0,grouped,538,2,-1,0.5,0.333,0.167,grouped,30,83,175,0.0,1.0,0.0,grouped,-1,1,-1,1.0,0.0,0.0,robust isolated,-1,1,-1,1.0,0.0,0.0,robust isolated,1,2,isolated in ≥2
Q283,225 Street Malls,Mall,Q,0.402,-1,1,-1,0.667,0.333,0.0,unstable,-1,1,-1,0.625,0.375,0.333,unstable,30,83,174,0.0,1.0,1.0,grouped,-1,1,-1,0.667,0.333,0.333,unstable,-1,1,-1,1.0,0.0,0.0,robust isolated,0,1,definition-specific
Q284,Sixteen Oaks Grove,Triangle/Plaza,Q,0.22,138,2,-1,0.333,0.333,0.333,grouped,393,31,569,0.0,1.0,0.917,grouped,27,144,147,0.0,1.0,1.0,grouped,101,31,-1,0.333,0.667,0.667,grouped,-1,1,-1,1.0,0.0,0.0,robust isolated,2,1,grouped in ≥2
Q285,Al Stabile Playground,Jointly Operated Playground,Q,0.494,269,2,-1,0.333,0.333,0.333,grouped,-1,1,-1,0.667,0.333,0.25,unstable,30,83,176,0.0,1.0,1.0,grouped,-1,1,-1,1.0,0.0,0.0,robust isolated,-1,1,-1,1.0,0.0,0.0,robust isolated,0,2,isolated in ≥2
Q289,Pinocchio Playground,Jointly Operated Playground,Q,1.016,-1,1,-1,0.667,0.333,0.333,unstable,-1,1,-1,0.583,0.417,0.333,unstable,30,83,176,0.0,1.0,1.0,grouped,-1,1,-1,1.0,0.0,0.0,robust isolated,-1,1,-1,1.0,0.0,0.0,robust isolated,0,2,isolated in ≥2
Q290,"""Uncle"" Vito F. Maranzano Glendale Playground",Playground,Q,1.15,220,2,-1,0.333,0.333,0.333,grouped,506,5,708,0.0,0.917,0.167,grouped,30,83,176,0.0,1.0,1.0,grouped,276,3,544,0.0,0.667,0.0,grouped,-1,1,-1,1.0,0.0,0.0,robust isolated,2,1,grouped in ≥2
Q291,Starr Playground,Playground,Q,0.9,-1,1,-1,0.667,0.333,0.333,unstable,383,16,558,0.0,1.0,0.75,grouped,34,220,227,0.0,1.0,1.0,grouped,226,14,-1,0.333,0.667,0.333,grouped,-1,1,-1,1.0,0.0,0.0,robust isolated,2,1,grouped in ≥2
Q293,Saul Weprin Playground,Jointly Operated Playground,Q,1.964,-1,1,-1,0.667,0.333,0.333,unstable,456,5,648,0.25,0.75,0.167,grouped,35,77,247,0.0,1.0,0.5,grouped,-1,1,-1,0.667,0.333,0.0,unstable,-1,1,-1,1.0,0.0,0.0,robust isolated,1,1,definition-specific
Q294,Utopia Playground,Neighborhood Park,Q,2.98,379,2,-1,0.333,0.0,0.0,grouped,456,5,-1,0.417,0.5,0.25,grouped,35,77,247,0.0,1.0,0.5,grouped,-1,1,-1,0.667,0.333,0.0,unstable,-1,1,-1,1.0,0.0,0.0,robust isolated,1,1,definition-specific
Q296,Playground Thirty Five XXXV,Playground,Q,0.218,-1,1,-1,0.667,0.333,0.333,unstable,-1,1,-1,0.417,0.583,0.167,unstable,27,144,147,0.0,1.0,1.0,grouped,-1,1,-1,0.667,0.333,0.0,unstable,-1,1,-1,0.875,0.062,0.0,robust isolated,0,1,definition-specific
Q298,Paul Raimonda Playground,Playground,Q,1.31,-1,1,-1,0.667,0.333,0.333,unstable,398,4,576,0.0,1.0,0.333,grouped,27,144,147,0.0,1.0,1.0,grouped,249,3,-1,0.333,0.667,0.0,grouped,-1,1,-1,1.0,0.0,0.0,robust isolated,2,1,grouped in ≥2
Q299,Overlook Park,Nature Area,Q,2.327,170,4,-1,0.333,0.667,0.333,grouped,427,43,612,0.0,0.833,0.5,grouped,27,144,147,0.0,1.0,1.0,grouped,139,31,281,0.0,0.778,0.333,grouped,-1,1,-1,1.0,0.0,0.0,robust isolated,2,1,grouped in ≥2
Q300A,Kissena Corridor Park,Community Park,Q,45.937,284,3,560,0.0,0.667,0.333,grouped,456,5,648,0.0,1.0,0.25,grouped,35,77,247,0.0,1.0,0.5,grouped,273,3,540,0.0,0.667,0.0,grouped,-1,1,-1,1.0,0.0,0.0,robust isolated,2,1,grouped in ≥2
Q300A1,Holy Cow Playground,Jointly Operated Playground,Q,2.7,284,3,560,0.0,0.667,0.333,grouped,-1,1,-1,0.75,0.25,0.167,unstable,-1,1,-1,1.0,0.0,0.0,robust isolated,-1,1,-1,1.0,0.0,0.0,robust isolated,-1,1,-1,1.0,0.0,0.0,robust isolated,0,2,isolated in ≥2
Q301,Jamaica Playground,Jointly Operated Playground,Q,2.456,186,8,417,0.0,0.667,0.667,grouped,531,9,741,0.0,1.0,0.5,grouped,30,83,174,0.0,1.0,0.5,grouped,160,10,325,0.0,1.0,0.0,grouped,-1,1,-1,1.0,0.0,0.0,robust isolated,2,1,grouped in ≥2
Q302,Evergreen Park,Jointly Operated Playground,Q,3.32,-1,1,-1,0.667,0.333,0.0,unstable,-1,1,-1,0.833,0.167,0.167,robust isolated,34,220,227,0.0,1.0,0.5,grouped,-1,1,-1,1.0,0.0,0.0,robust isolated,-1,1,-1,1.0,0.0,0.0,robust isolated,0,3,isolated in all
Q303,Travers Park,Playground,Q,1.919,166,4,383,0.0,1.0,1.0,grouped,427,43,612,0.0,1.0,0.875,grouped,27,144,147,0.0,1.0,1.0,grouped,139,31,282,0.0,1.0,0.667,grouped,-1,1,-1,0.875,0.062,0.0,robust isolated,2,1,grouped in ≥2
Q304,Ehrenreich-Austin Playground,Playground,Q,1.161,-1,1,-1,0.667,0.0,0.0,unstable,-1,1,-1,0.75,0.167,0.167,unstable,-1,1,-1,1.0,0.0,0.0,robust isolated,-1,1,-1,1.0,0.0,0.0,robust isolated,-1,1,-1,1.0,0.0,0.0,robust isolated,0,2,isolated in ≥2
Q305,Mafera Park,Community Park,Q,5.4,-1,1,-1,0.667,0.333,0.333,unstable,-1,1,-1,0.833,0.167,0.167,robust isolated,34,220,-1,0.5,0.5,0.0,grouped,-1,1,-1,1.0,0.0,0.0,robust isolated,-1,1,-1,1.0,0.0,0.0,robust isolated,0,3,isolated in all
Q306,The Painter's Playground,Jointly Operated Playground,Q,1.699,-1,1,-1,0.667,0.333,0.0,unstable,-1,1,-1,0.75,0.167,0.167,unstable,30,83,-1,0.5,0.5,0.0,grouped,-1,1,-1,1.0,0.0,0.0,robust isolated,-1,1,-1,1.0,0.0,0.0,robust isolated,0,2,isolated in ≥2
Q307,Delphin H. Greene Playground,Jointly Operated Playground,Q,2.8,380,5,797,0.0,0.667,0.0,grouped,549,4,763,0.0,1.0,0.417,grouped,30,83,174,0.0,1.0,0.5,grouped,269,3,536,0.0,1.0,0.333,grouped,-1,1,-1,0.625,0.0,0.0,unstable,2,0,grouped in ≥2
Q308,Bowne Playground,Jointly Operated Playground,Q,1.28,239,2,-1,0.333,0.333,0.333,grouped,471,3,-1,0.417,0.583,0.417,grouped,35,77,247,0.0,1.0,1.0,grouped,-1,1,-1,0.667,0.333,0.0,unstable,-1,1,-1,1.0,0.0,0.0,robust isolated,1,1,definition-specific
Q310,Glen Oaks Oval,Community Park,Q,2.948,-1,1,-1,0.667,0.333,0.0,unstable,-1,1,-1,0.75,0.25,0.167,unstable,-1,1,-1,1.0,0.0,0.0,robust isolated,-1,1,-1,0.778,0.0,0.0,unstable,-1,1,-1,1.0,0.0,0.0,robust isolated,0,1,definition-specific
Q313,Arverne Playground,Playground,Q,0.993,151,10,349,0.0,1.0,1.0,grouped,576,8,797,0.0,0.5,0.5,grouped,29,27,166,0.0,0.5,0.5,grouped,259,2,523,0.0,0.0,0.0,grouped,-1,1,-1,1.0,0.0,0.0,robust isolated,2,1,grouped in ≥2
Q314,Fresh Meadows Playground,Jointly Operated Playground,Q,1.35,379,2,-1,0.333,0.0,0.0,grouped,-1,1,-1,0.75,0.167,0.167,unstable,35,77,251,0.0,0.5,0.5,grouped,-1,1,-1,1.0,0.0,0.0,robust isolated,-1,1,-1,1.0,0.0,0.0,robust isolated,0,2,isolated in ≥2
Q316,Captain Dermody Triangle,Triangle/Plaza,Q,0.191,281,3,555,0.0,0.667,0.333,grouped,447,4,638,0.25,0.667,0.333,grouped,35,77,249,0.0,1.0,0.5,grouped,255,3,517,0.0,0.667,0.333,grouped,-1,1,-1,0.938,0.0,0.0,robust isolated,2,1,grouped in ≥2
Q317,Tall Oak Playground,Jointly Operated Playground,Q,1.48,-1,1,-1,0.667,0.333,0.333,unstable,446,2,-1,0.375,0.333,0.25,grouped,35,77,250,0.0,1.0,0.0,grouped,257,2,-1,0.333,0.333,0.0,grouped,-1,1,-1,0.875,0.0,0.0,robust isolated,2,1,grouped in ≥2
Q318,Playground Eighty LXXX,Jointly Operated Playground,Q,1.35,-1,1,-1,0.667,0.333,0.0,unstable,-1,1,-1,0.75,0.25,0.167,unstable,35,77,247,0.0,1.0,0.5,grouped,-1,1,-1,1.0,0.0,0.0,robust isolated,-1,1,-1,1.0,0.0,0.0,robust isolated,0,2,isolated in ≥2
Q319,Annadale Playground,Jointly Operated Playground,Q,1.013,-1,1,-1,0.667,0.333,0.333,unstable,412,5,592,0.0,0.75,0.75,grouped,27,144,149,0.0,1.0,0.5,grouped,177,5,-1,0.333,0.667,0.667,grouped,-1,1,-1,1.0,0.0,0.0,robust isolated,2,1,grouped in ≥2
Q320,Vleigh Playground,Jointly Operated Playground,Q,2.243,159,2,-1,0.333,0.333,0.333,grouped,452,3,-1,0.5,0.5,0.333,grouped,35,77,247,0.0,1.0,0.0,grouped,118,3,-1,0.333,0.444,0.222,grouped,-1,1,-1,1.0,0.0,0.0,robust isolated,2,1,grouped in ≥2
Q321,Van Alst Playground,Jointly Operated Playground,Q,1.033,136,7,-1,0.333,0.667,0.333,grouped,393,31,569,0.0,1.0,0.75,grouped,27,144,147,0.0,1.0,1.0,grouped,101,31,212,0.0,1.0,0.667,grouped,-1,1,-1,1.0,0.0,0.0,robust isolated,2,1,grouped in ≥2
Q322,Bellaire Playground,Jointly Operated Playground,Q,0.809,352,2,-1,0.333,0.0,0.0,grouped,-1,1,-1,0.833,0.167,0.167,robust isolated,30,83,-1,0.5,0.5,0.5,grouped,-1,1,-1,1.0,0.0,0.0,robust isolated,-1,1,-1,1.0,0.0,0.0,robust isolated,0,3,isolated in all
Q325,Gladys Warren Triangle,Triangle/Plaza,Q,0.113,-1,1,-1,0.667,0.0,0.0,unstable,-1,1,-1,0.667,0.333,0.167,unstable,30,83,175,0.0,1.0,1.0,grouped,-1,1,-1,0.667,0.333,0.0,unstable,-1,1,-1,1.0,0.0,0.0,robust isolated,0,1,definition-specific
Q326,James A. Bland Playground,Playground,Q,0.551,-1,1,-1,0.667,0.333,0.333,unstable,-1,1,-1,0.75,0.25,0.25,unstable,-1,1,-1,1.0,0.0,0.0,robust isolated,-1,1,-1,1.0,0.0,0.0,robust isolated,-1,1,-1,1.0,0.0,0.0,robust isolated,0,2,isolated in ≥2
Q327,Castlewood Playground,Jointly Operated Playground,Q,2.059,-1,1,-1,0.667,0.333,0.0,unstable,-1,1,-1,0.75,0.25,0.167,unstable,35,77,-1,0.5,0.5,0.0,grouped,-1,1,-1,0.778,0.0,0.0,unstable,-1,1,-1,1.0,0.0,0.0,robust isolated,0,1,definition-specific
Q328,Bellerose Playground,Jointly Operated Playground,Q,0.996,-1,1,-1,1.0,0.0,0.0,robust isolated,-1,1,-1,0.833,0.167,0.083,robust isolated,35,77,247,0.0,1.0,0.5,grouped,-1,1,-1,1.0,0.0,0.0,robust isolated,-1,1,-1,1.0,0.0,0.0,robust isolated,0,3,isolated in all
Q329,Pomonok Playground,Jointly Operated Playground,Q,3.596,-1,1,-1,0.667,0.333,0.333,unstable,-1,1,-1,0.75,0.25,0.167,unstable,35,77,-1,0.5,0.5,0.0,grouped,-1,1,-1,1.0,0.0,0.0,robust isolated,-1,1,-1,1.0,0.0,0.0,robust isolated,0,2,isolated in ≥2
Q330,Locust Manor Playground,Jointly Operated Playground,Q,2.003,-1,1,-1,1.0,0.0,0.0,robust isolated,-1,1,-1,0.833,0.167,0.167,robust isolated,-1,1,-1,1.0,0.0,0.0,robust isolated,-1,1,-1,1.0,0.0,0.0,robust isolated,-1,1,-1,1.0,0.0,0.0,robust isolated,0,3,isolated in all
Q332,Woodtree Playground,Neighborhood Park,Q,1.033,244,2,504,0.0,0.333,0.333,grouped,398,4,576,0.0,1.0,0.333,grouped,27,144,147,0.0,1.0,1.0,grouped,249,3,509,0.0,0.667,0.0,grouped,-1,1,-1,1.0,0.0,0.0,robust isolated,2,1,grouped in ≥2
Q333,Ravenswood Playground,Neighborhood Park,Q,2.758,-1,1,-1,0.667,0.333,0.333,unstable,393,31,569,0.0,1.0,0.917,grouped,27,144,147,0.0,1.0,1.0,grouped,101,31,-1,0.333,0.667,0.667,grouped,-1,1,-1,0.875,0.062,0.0,robust isolated,2,1,grouped in ≥2
Q334,Playground Twenty One,Jointly Operated Playground,Q,1.439,-1,1,-1,0.667,0.333,0.0,unstable,473,2,673,0.0,0.417,0.167,grouped,35,77,247,0.0,1.0,1.0,grouped,261,2,-1,0.333,0.0,0.0,grouped,-1,1,-1,1.0,0.0,0.0,robust isolated,2,1,grouped in ≥2
Q335,Russell Sage Playground,Jointly Operated Playground,Q,1.526,218,3,-1,0.333,0.667,0.333,grouped,-1,1,-1,0.75,0.25,0.167,unstable,-1,1,-1,1.0,0.0,0.0,robust isolated,-1,1,-1,1.0,0.0,0.0,robust isolated,-1,1,-1,1.0,0.0,0.0,robust isolated,0,2,isolated in ≥2
Q336,Judge Moses Weinstein Playground,Community Park,Q,3.25,-1,1,-1,0.667,0.333,0.333,unstable,-1,1,-1,0.75,0.25,0.167,unstable,-1,1,-1,1.0,0.0,0.0,robust isolated,-1,1,-1,0.778,0.111,0.0,unstable,-1,1,-1,1.0,0.0,0.0,robust isolated,0,1,definition-specific
Q337,Maurice A FitzGerald Playground,Playground,Q,1.201,-1,1,-1,1.0,0.0,0.0,robust isolated,520,3,-1,0.333,0.667,0.25,grouped,30,83,176,0.0,1.0,1.0,grouped,-1,1,-1,0.667,0.333,0.0,unstable,-1,1,-1,1.0,0.0,0.0,robust isolated,1,1,definition-specific
Q338,Admiral Playground,Jointly Operated Playground,Q,0.759,-1,1,-1,0.667,0.333,0.333,unstable,-1,1,-1,0.833,0.167,0.0,robust isolated,-1,1,-1,1.0,0.0,0.0,robust isolated,-1,1,-1,0.778,0.222,0.0,unstable,-1,1,-1,1.0,0.0,0.0,robust isolated,0,2,isolated in ≥2
Q339,Cambria Playground,Community Park,Q,4.635,-1,1,-1,1.0,0.0,0.0,robust isolated,549,4,-1,0.417,0.583,0.417,grouped,30,83,174,0.0,1.0,1.0,grouped,-1,1,-1,0.667,0.333,0.333,unstable,-1,1,-1,0.625,0.0,0.0,unstable,1,0,definition-specific
Q340,Torsney Playground,Playground,Q,2.027,-1,1,-1,0.667,0.333,0.333,unstable,426,8,610,0.0,0.75,0.583,grouped,27,144,147,0.0,1.0,1.0,grouped,122,8,-1,0.333,0.667,0.333,grouped,-1,1,-1,1.0,0.0,0.0,robust isolated,2,1,grouped in ≥2
Q341A,Park,Triangle/Plaza,Q,0.011,171,6,399,0.0,1.0,1.0,grouped,-1,1,-1,0.625,0.375,0.208,unstable,27,144,-1,0.5,0.5,0.5,grouped,-1,1,-1,1.0,0.0,0.0,robust isolated,-1,1,-1,1.0,0.0,0.0,robust isolated,0,2,isolated in ≥2
Q341B,Latham Park,Triangle/Plaza,Q,0.025,171,6,-1,0.333,0.667,0.667,grouped,-1,1,-1,0.75,0.25,0.167,unstable,-1,1,-1,1.0,0.0,0.0,robust isolated,-1,1,-1,1.0,0.0,0.0,robust isolated,-1,1,-1,1.0,0.0,0.0,robust isolated,0,2,isolated in ≥2
Q341C,Sherry Dog Run,Triangle/Plaza,Q,0.354,171,6,399,0.0,1.0,0.667,grouped,-1,1,-1,0.583,0.417,0.208,unstable,27,144,147,0.0,1.0,1.0,grouped,-1,1,-1,0.667,0.333,0.0,unstable,-1,1,-1,1.0,0.0,0.0,robust isolated,0,1,definition-specific
Q341D,Spargo Park,Strip,Q,0.375,171,6,399,0.0,1.0,1.0,grouped,423,2,-1,0.375,0.5,0.458,grouped,-1,1,-1,1.0,0.0,0.0,robust isolated,120,11,250,0.0,1.0,1.0,grouped,236,2,-1,0.375,0.0,0.0,grouped,3,0,grouped in all
Q341E,Crosson Green,Triangle/Plaza,Q,0.064,171,6,399,0.0,1.0,1.0,grouped,423,2,-1,0.375,0.5,0.458,grouped,27,144,-1,0.5,0.5,0.0,grouped,120,11,250,0.0,1.0,1.0,grouped,236,2,-1,0.375,0.0,0.0,grouped,3,0,grouped in all
Q341F,Crosson Park,Triangle/Plaza,Q,0.094,171,6,399,0.0,1.0,1.0,grouped,424,10,608,0.25,0.75,0.75,grouped,27,144,147,0.0,1.0,1.0,grouped,120,11,250,0.0,1.0,1.0,grouped,-1,1,-1,0.688,0.0,0.0,unstable,2,0,grouped in ≥2
Q342,Electric Playground,Neighborhood Park,Q,1.749,-1,1,-1,0.667,0.333,0.333,unstable,-1,1,-1,0.833,0.167,0.125,robust isolated,35,77,251,0.0,0.5,0.5,grouped,-1,1,-1,1.0,0.0,0.0,robust isolated,-1,1,-1,1.0,0.0,0.0,robust isolated,0,3,isolated in all
Q343,Whitestone Playground,Jointly Operated Playground,Q,1.648,-1,1,-1,0.667,0.0,0.0,unstable,-1,1,-1,0.75,0.167,0.167,unstable,35,77,247,0.0,1.0,0.5,grouped,-1,1,-1,1.0,0.0,0.0,robust isolated,-1,1,-1,1.0,0.0,0.0,robust isolated,0,2,isolated in ≥2
Q344,Emerald Playground,Jointly Operated Playground,Q,1.265,-1,1,-1,0.667,0.333,0.333,unstable,452,3,643,0.0,0.5,0.417,grouped,35,77,247,0.0,1.0,0.0,grouped,118,3,-1,0.333,0.444,0.222,grouped,-1,1,-1,0.875,0.0,0.0,robust isolated,2,1,grouped in ≥2
Q345,Redfern Playground,Playground,Q,3.04,-1,1,-1,0.667,0.0,0.0,unstable,-1,1,-1,0.75,0.0,0.0,unstable,-1,1,-1,1.0,0.0,0.0,robust isolated,-1,1,-1,1.0,0.0,0.0,robust isolated,-1,1,-1,1.0,0.0,0.0,robust isolated,0,2,isolated in ≥2
Q346,Challenge Playground,Jointly Operated Playground,Q,2.035,-1,1,-1,0.667,0.333,0.0,unstable,-1,1,-1,0.583,0.25,0.167,unstable,35,77,-1,0.5,0.5,0.0,grouped,-1,1,-1,1.0,0.0,0.0,robust isolated,-1,1,-1,1.0,0.0,0.0,robust isolated,0,2,isolated in ≥2
Q347,Colden Playground,Jointly Operated Playground,Q,1.466,-1,1,-1,0.667,0.333,0.333,unstable,470,8,-1,0.375,0.625,0.458,grouped,35,77,247,0.0,1.0,1.0,grouped,157,7,-1,0.333,0.667,0.0,grouped,-1,1,-1,1.0,0.0,0.0,robust isolated,2,1,grouped in ≥2
Q348,Willow Lake Playground,Jointly Operated Playground,Q,1.277,-1,1,-1,1.0,0.0,0.0,robust isolated,-1,1,-1,0.667,0.333,0.167,unstable,27,144,149,0.0,1.0,0.5,grouped,-1,1,-1,0.667,0.333,0.0,unstable,-1,1,-1,0.75,0.0,0.0,unstable,0,0,definition-specific
Q349,Telephone Playground,Jointly Operated Playground,Q,1.056,374,2,790,0.0,0.0,0.0,grouped,447,4,637,0.0,0.5,0.5,grouped,35,77,250,0.0,1.0,0.5,grouped,256,2,519,0.0,0.333,0.333,grouped,-1,1,-1,1.0,0.0,0.0,robust isolated,2,1,grouped in ≥2
Q351,Peters Field,Neighborhood Park,Q,2.872,-1,1,-1,1.0,0.0,0.0,robust isolated,-1,1,-1,0.667,0.333,0.167,unstable,30,83,177,0.0,0.5,0.0,grouped,-1,1,-1,0.667,0.333,0.333,unstable,-1,1,-1,0.938,0.0,0.0,robust isolated,0,1,definition-specific
Q352,Hillside Playground,Jointly Operated Playground,Q,1.16,-1,1,-1,0.667,0.333,0.0,unstable,-1,1,-1,0.75,0.25,0.167,unstable,35,77,-1,0.5,0.5,0.5,grouped,-1,1,-1,1.0,0.0,0.0,robust isolated,-1,1,-1,1.0,0.0,0.0,robust isolated,0,2,isolated in ≥2
Q353,Grassmere Playground,Jointly Operated Playground,Q,1.239,153,15,362,0.0,0.667,0.333,grouped,574,8,-1,0.5,0.5,0.0,grouped,-1,1,-1,1.0,0.0,0.0,robust isolated,104,2,227,0.0,0.444,0.0,grouped,-1,1,-1,1.0,0.0,0.0,robust isolated,2,1,grouped in ≥2
Q354,Playground Seventy Five,Jointly Operated Playground,Q,0.749,-1,1,-1,0.667,0.333,0.333,unstable,-1,1,-1,0.75,0.25,0.25,unstable,35,77,-1,0.5,0.5,0.5,grouped,-1,1,-1,1.0,0.0,0.0,robust isolated,-1,1,-1,1.0,0.0,0.0,robust isolated,0,2,isolated in ≥2
Q355,Strippoli Square,Triangle/Plaza,Q,0.061,-1,1,-1,0.667,0.333,0.333,unstable,-1,1,-1,0.5,0.5,0.417,unstable,27,144,147,0.0,1.0,1.0,grouped,-1,1,-1,0.778,0.222,0.222,unstable,-1,1,-1,1.0,0.0,0.0,robust isolated,0,1,definition-specific
Q356,Alley Park,Jointly Operated Playground,Q,2.446,-1,1,-1,1.0,0.0,0.0,robust isolated,-1,1,-1,1.0,0.0,0.0,robust isolated,-1,1,-1,1.0,0.0,0.0,robust isolated,-1,1,-1,1.0,0.0,0.0,robust isolated,-1,1,-1,1.0,0.0,0.0,robust isolated,0,3,isolated in all
Q357A,Park,Strip,Q,0.03,217,11,465,0.0,1.0,0.667,grouped,410,4,590,0.0,0.875,0.25,grouped,27,144,-1,0.5,0.5,0.5,grouped,135,3,277,0.0,1.0,0.0,grouped,-1,1,-1,1.0,0.0,0.0,robust isolated,2,1,grouped in ≥2
Q357A1,Park,Strip,Q,0.022,217,11,465,0.0,1.0,0.667,grouped,414,2,594,0.0,0.25,0.25,grouped,27,144,149,0.0,1.0,0.5,grouped,244,2,503,0.0,0.0,0.0,grouped,-1,1,-1,1.0,0.0,0.0,robust isolated,2,1,grouped in ≥2
Q357B,Real Good Playground,Playground,Q,1.598,217,11,466,0.0,1.0,0.667,grouped,412,5,592,0.0,1.0,0.75,grouped,27,144,149,0.0,1.0,0.5,grouped,177,5,352,0.0,1.0,0.667,grouped,-1,1,-1,0.875,0.0,0.0,robust isolated,2,1,grouped in ≥2
Q357B01,Barrier Playground,Neighborhood Park,Q,0.867,217,11,466,0.0,1.0,0.667,grouped,412,5,592,0.0,1.0,0.75,grouped,27,144,149,0.0,1.0,0.5,grouped,177,5,352,0.0,1.0,0.667,grouped,-1,1,-1,0.875,0.0,0.0,robust isolated,2,1,grouped in ≥2
Q357D,Park,Strip,Q,0.023,258,4,522,0.0,1.0,1.0,grouped,494,3,-1,0.5,0.5,0.167,grouped,35,77,249,0.0,1.0,0.0,grouped,-1,1,-1,0.667,0.333,0.333,unstable,-1,1,-1,0.875,0.125,0.0,robust isolated,1,1,definition-specific
Q357E,Park,Strip,Q,0.02,258,4,522,0.0,1.0,1.0,grouped,-1,1,-1,0.583,0.417,0.167,unstable,35,77,249,0.0,1.0,0.0,grouped,-1,1,-1,0.667,0.333,0.0,unstable,-1,1,-1,0.875,0.125,0.0,robust isolated,0,1,definition-specific
Q357F,Park,Strip,Q,0.02,258,4,522,0.0,1.0,1.0,grouped,494,3,695,0.0,0.5,0.167,grouped,35,77,249,0.0,1.0,0.0,grouped,171,2,345,0.0,0.444,0.111,grouped,-1,1,-1,1.0,0.0,0.0,robust isolated,2,1,grouped in ≥2
Q357G,Turtle Playground,Playground,Q,0.476,-1,1,-1,0.667,0.0,0.0,unstable,-1,1,-1,1.0,0.0,0.0,robust isolated,-1,1,-1,1.0,0.0,0.0,robust isolated,-1,1,-1,1.0,0.0,0.0,robust isolated,-1,1,-1,1.0,0.0,0.0,robust isolated,0,3,isolated in all
Q357I,Nassau Mall,Triangle/Plaza,Q,0.836,368,2,-1,0.333,0.333,0.0,grouped,-1,1,-1,0.5,0.5,0.167,unstable,35,77,249,0.0,1.0,0.0,grouped,-1,1,-1,0.667,0.333,0.111,unstable,-1,1,-1,0.875,0.125,0.0,robust isolated,0,1,definition-specific
Q357J,Nassau Mall South,Triangle/Plaza,Q,0.834,368,2,-1,0.333,0.333,0.0,grouped,-1,1,-1,0.583,0.25,0.167,unstable,35,77,-1,0.5,0.5,0.0,grouped,-1,1,-1,1.0,0.0,0.0,robust isolated,-1,1,-1,1.0,0.0,0.0,robust isolated,0,2,isolated in ≥2
Q358,Detective William T. Gunn Playground,Jointly Operated Playground,Q,2.719,-1,1,-1,0.667,0.333,0.0,unstable,-1,1,-1,0.833,0.167,0.0,robust isolated,35,77,-1,0.5,0.5,0.0,grouped,-1,1,-1,1.0,0.0,0.0,robust isolated,-1,1,-1,1.0,0.0,0.0,robust isolated,0,3,isolated in all
Q359,Haggerty Park,Neighborhood Park,Q,3.867,-1,1,-1,1.0,0.0,0.0,robust isolated,-1,1,-1,0.667,0.333,0.208,unstable,30,83,175,0.0,1.0,0.5,grouped,-1,1,-1,0.667,0.333,0.0,unstable,-1,1,-1,1.0,0.0,0.0,robust isolated,0,1,definition-specific
Q360A,Park,Strip,Q,0.006,-1,1,-1,0.667,0.333,0.333,unstable,-1,1,-1,1.0,0.0,0.0,robust isolated,-1,1,-1,1.0,0.0,0.0,robust isolated,-1,1,-1,1.0,0.0,0.0,robust isolated,-1,1,-1,1.0,0.0,0.0,robust isolated,0,3,isolated in all
Q360C,Park,Strip,Q,0.006,-1,1,-1,0.667,0.333,0.333,unstable,-1,1,-1,1.0,0.0,0.0,robust isolated,-1,1,-1,1.0,0.0,0.0,robust isolated,-1,1,-1,1.0,0.0,0.0,robust isolated,-1,1,-1,1.0,0.0,0.0,robust isolated,0,3,isolated in all
Q360D,Park,Strip,Q,0.005,-1,1,-1,0.667,0.333,0.333,unstable,-1,1,-1,1.0,0.0,0.0,robust isolated,-1,1,-1,1.0,0.0,0.0,robust isolated,-1,1,-1,1.0,0.0,0.0,robust isolated,-1,1,-1,1.0,0.0,0.0,robust isolated,0,3,isolated in all
Q360E,Hull Triangle,Triangle/Plaza,Q,0.158,215,21,457,0.0,1.0,1.0,grouped,421,18,601,0.0,1.0,1.0,grouped,27,144,147,0.0,1.0,1.0,grouped,145,11,298,0.0,1.0,0.667,grouped,-1,1,-1,0.875,0.062,0.0,robust isolated,2,1,grouped in ≥2
Q360F,Technical Sergeant Thomas J. Davey Triangle,Triangle/Plaza,Q,0.126,215,21,457,0.0,1.0,1.0,grouped,421,18,601,0.0,1.0,0.75,grouped,27,144,147,0.0,1.0,1.0,grouped,145,11,298,0.0,1.0,1.0,grouped,-1,1,-1,1.0,0.0,0.0,robust isolated,2,1,grouped in ≥2
Q360G,Whitefish Triangle,Triangle/Plaza,Q,0.185,215,21,457,0.0,1.0,1.0,grouped,421,18,601,0.0,1.0,1.0,grouped,27,144,147,0.0,1.0,0.5,grouped,145,11,298,0.0,1.0,1.0,grouped,-1,1,-1,1.0,0.0,0.0,robust isolated,2,1,grouped in ≥2
Q360H,Peter Chahales Park,Triangle/Plaza,Q,0.074,215,21,455,0.0,1.0,1.0,grouped,421,18,601,0.0,1.0,0.875,grouped,27,144,147,0.0,1.0,1.0,grouped,145,11,298,0.0,1.0,1.0,grouped,-1,1,-1,1.0,0.0,0.0,robust isolated,2,1,grouped in ≥2
Q360I,Park,Strip,Q,0.011,215,21,-1,0.333,0.667,0.667,grouped,-1,1,-1,0.75,0.25,0.0,unstable,27,144,148,0.0,1.0,0.0,grouped,-1,1,-1,1.0,0.0,0.0,robust isolated,-1,1,-1,1.0,0.0,0.0,robust isolated,0,2,isolated in ≥2
Q360J,Crowley Playground,Neighborhood Park,Q,1.7,215,21,456,0.0,1.0,0.667,grouped,421,18,603,0.25,0.75,0.75,grouped,27,144,150,0.0,0.5,0.5,grouped,121,5,255,0.0,1.0,0.667,grouped,-1,1,-1,0.688,0.062,0.0,unstable,2,0,grouped in ≥2
Q360L,Park,Strip,Q,0.007,215,21,456,0.0,1.0,0.667,grouped,-1,1,-1,0.917,0.083,0.0,robust isolated,-1,1,-1,1.0,0.0,0.0,robust isolated,-1,1,-1,1.0,0.0,0.0,robust isolated,-1,1,-1,1.0,0.0,0.0,robust isolated,0,3,isolated in all
Q360M,Frontera Park,Playground,Q,1.47,215,21,455,0.0,1.0,1.0,grouped,421,18,601,0.0,1.0,1.0,grouped,27,144,147,0.0,1.0,1.0,grouped,145,11,298,0.0,1.0,1.0,grouped,-1,1,-1,1.0,0.0,0.0,robust isolated,2,1,grouped in ≥2
Q360N,Hoffman Park,Playground,Q,2.857,217,11,-1,0.333,0.667,0.333,grouped,-1,1,-1,0.75,0.25,0.167,unstable,-1,1,-1,1.0,0.0,0.0,robust isolated,-1,1,-1,1.0,0.0,0.0,robust isolated,-1,1,-1,1.0,0.0,0.0,robust isolated,0,2,isolated in ≥2
Q360P,Park Slope,Strip,Q,0.005,215,21,457,0.0,1.0,1.0,grouped,-1,1,-1,0.75,0.25,0.25,unstable,-1,1,-1,1.0,0.0,0.0,robust isolated,265,2,-1,0.333,0.0,0.0,grouped,-1,1,-1,1.0,0.0,0.0,robust isolated,1,1,definition-specific
Q360Q,Sitting Area 127 CXXVII,Triangle/Plaza,Q,0.17,215,21,455,0.0,1.0,1.0,grouped,421,18,601,0.125,0.875,0.75,grouped,27,144,-1,0.5,0.5,0.5,grouped,145,11,298,0.0,1.0,1.0,grouped,-1,1,-1,1.0,0.0,0.0,robust isolated,2,1,grouped in ≥2
Q360R,Sitting Area,Triangle/Plaza,Q,0.09,215,21,455,0.0,1.0,0.667,grouped,421,18,601,0.125,0.875,0.75,grouped,27,144,147,0.0,1.0,0.5,grouped,145,11,298,0.0,1.0,1.0,grouped,-1,1,-1,0.875,0.062,0.0,robust isolated,2,1,grouped in ≥2
Q360S,Quick Brown Fox Triangle,Triangle/Plaza,Q,0.07,215,21,455,0.0,1.0,0.667,grouped,421,18,602,0.0,0.5,0.5,grouped,27,144,147,0.0,1.0,1.0,grouped,144,2,297,0.0,0.333,0.333,grouped,-1,1,-1,1.0,0.0,0.0,robust isolated,2,1,grouped in ≥2
Q360T,Sitting Area,Triangle/Plaza,Q,0.047,215,21,455,0.0,1.0,0.667,grouped,421,18,603,0.0,1.0,0.75,grouped,27,144,148,0.0,1.0,0.5,grouped,121,5,255,0.0,1.0,0.667,grouped,-1,1,-1,0.875,0.062,0.0,robust isolated,2,1,grouped in ≥2
Q360U,Notorious LIC Park,Recreational Field/Courts,Q,0.318,137,4,-1,0.333,0.667,0.667,grouped,393,31,569,0.0,1.0,0.75,grouped,27,144,147,0.0,1.0,0.5,grouped,101,31,213,0.0,0.667,0.667,grouped,-1,1,-1,1.0,0.0,0.0,robust isolated,2,1,grouped in ≥2
Q360V,Park,Strip,Q,0.002,217,11,-1,0.333,0.667,0.333,grouped,-1,1,-1,1.0,0.0,0.0,robust isolated,-1,1,-1,1.0,0.0,0.0,robust isolated,-1,1,-1,1.0,0.0,0.0,robust isolated,-1,1,-1,1.0,0.0,0.0,robust isolated,0,3,isolated in all
Q360W,Park,Strip,Q,0.001,215,21,456,0.0,1.0,0.333,grouped,-1,1,-1,1.0,0.0,0.0,robust isolated,-1,1,-1,1.0,0.0,0.0,robust isolated,-1,1,-1,1.0,0.0,0.0,robust isolated,-1,1,-1,1.0,0.0,0.0,robust isolated,0,3,isolated in all
Q360X,Park,Strip,Q,0.002,215,21,456,0.0,1.0,0.333,grouped,-1,1,-1,0.75,0.25,0.0,unstable,-1,1,-1,1.0,0.0,0.0,robust isolated,-1,1,-1,1.0,0.0,0.0,robust isolated,-1,1,-1,1.0,0.0,0.0,robust isolated,0,2,isolated in ≥2
Q360Y1,Park,Strip,Q,0.004,215,21,455,0.0,1.0,0.667,grouped,421,18,602,0.0,0.5,0.5,grouped,27,144,147,0.0,1.0,1.0,grouped,144,2,297,0.0,0.333,0.333,grouped,-1,1,-1,1.0,0.0,0.0,robust isolated,2,1,grouped in ≥2
Q360Y2,Park,Strip,Q,0.002,215,21,455,0.0,1.0,0.667,grouped,421,18,601,0.125,0.875,0.75,grouped,27,144,147,0.0,1.0,0.5,grouped,145,11,298,0.0,1.0,1.0,grouped,-1,1,-1,0.938,0.062,0.0,robust isolated,2,1,grouped in ≥2
Q361,Moore Homestead Playground,Neighborhood Park,Q,1.978,168,7,-1,0.333,0.667,0.333,grouped,424,10,608,0.25,0.75,0.5,grouped,27,144,147,0.0,1.0,1.0,grouped,120,11,249,0.0,1.0,0.667,grouped,-1,1,-1,1.0,0.0,0.0,robust isolated,2,1,grouped in ≥2
Q362,Playground Ninety,Jointly Operated Playground,Q,1.25,167,9,-1,0.333,0.667,0.667,grouped,427,43,612,0.0,1.0,0.75,grouped,27,144,147,0.0,1.0,1.0,grouped,139,31,286,0.0,1.0,0.667,grouped,-1,1,-1,1.0,0.0,0.0,robust isolated,2,1,grouped in ≥2
Q363,Northern Playground,Jointly Operated Playground,Q,1.719,167,9,385,0.0,1.0,0.667,grouped,428,2,-1,0.5,0.5,0.5,grouped,27,144,147,0.0,1.0,1.0,grouped,-1,1,-1,1.0,0.0,0.0,robust isolated,-1,1,-1,1.0,0.0,0.0,robust isolated,1,2,isolated in ≥2
Q364,Marie Curie Playground,Jointly Operated Playground,Q,2.552,282,2,-1,0.333,0.333,0.333,grouped,-1,1,-1,0.75,0.25,0.167,unstable,-1,1,-1,1.0,0.0,0.0,robust isolated,-1,1,-1,1.0,0.0,0.0,robust isolated,-1,1,-1,1.0,0.0,0.0,robust isolated,0,2,isolated in ≥2
Q366,Louis C. Moser Playground,Playground,Q,1.502,165,12,380,0.0,1.0,1.0,grouped,427,43,612,0.0,1.0,1.0,grouped,27,144,147,0.0,1.0,1.0,grouped,139,31,281,0.0,1.0,1.0,grouped,-1,1,-1,0.875,0.0,0.0,robust isolated,2,1,grouped in ≥2
Q367,Hammel Playground,Playground,Q,1.03,152,10,354,0.0,1.0,0.667,grouped,582,7,-1,0.5,0.5,0.25,grouped,29,27,163,0.0,1.0,0.0,grouped,-1,1,-1,1.0,0.0,0.0,robust isolated,-1,1,-1,1.0,0.0,0.0,robust isolated,1,2,isolated in ≥2
Q369,Louis Pasteur Park,Jointly Operated Playground,Q,3.673,258,4,522,0.0,1.0,0.333,grouped,494,3,695,0.0,0.5,0.167,grouped,-1,1,-1,1.0,0.0,0.0,robust isolated,171,2,345,0.0,0.444,0.0,grouped,-1,1,-1,1.0,0.0,0.0,robust isolated,2,1,grouped in ≥2
Q370,Freedom Square Playground,Playground,Q,0.327,358,2,-1,0.333,0.333,0.333,grouped,-1,1,-1,0.75,0.25,0.167,unstable,35,77,-1,0.5,0.5,0.0,grouped,-1,1,-1,0.556,0.333,0.0,unstable,-1,1,-1,1.0,0.0,0.0,robust isolated,0,1,definition-specific
Q373,Helen Marshall Playground,Jointly Operated Playground,Q,3.827,170,4,-1,0.333,0.667,0.333,grouped,427,43,612,0.0,0.833,0.625,grouped,27,144,147,0.0,1.0,1.0,grouped,139,31,281,0.0,0.778,0.333,grouped,-1,1,-1,1.0,0.0,0.0,robust isolated,2,1,grouped in ≥2
Q375,Willets Point Playground,Jointly Operated Playground,Q,1.145,-1,1,-1,0.667,0.333,0.0,unstable,473,2,673,0.0,0.417,0.167,grouped,35,77,247,0.0,1.0,0.5,grouped,261,2,-1,0.333,0.0,0.0,grouped,-1,1,-1,1.0,0.0,0.0,robust isolated,2,1,grouped in ≥2
Q376,Cedar Grove Playground,Jointly Operated Playground,Q,0.619,-1,1,-1,0.667,0.0,0.0,unstable,-1,1,-1,0.833,0.167,0.0,robust isolated,-1,1,-1,1.0,0.0,0.0,robust isolated,-1,1,-1,1.0,0.0,0.0,robust isolated,-1,1,-1,1.0,0.0,0.0,robust isolated,0,3,isolated in all
Q377,Playground Sixty Two LXII,Jointly Operated Playground,Q,1.48,217,11,466,0.0,1.0,0.667,grouped,412,5,592,0.0,1.0,0.75,grouped,27,144,149,0.0,1.0,0.5,grouped,177,5,352,0.0,1.0,0.667,grouped,-1,1,-1,1.0,0.0,0.0,robust isolated,2,1,grouped in ≥2
Q378,Ampere Playground,Jointly Operated Playground,Q,1.267,268,3,-1,0.333,0.667,0.333,grouped,325,11,471,0.0,0.75,0.583,grouped,33,183,218,0.0,1.0,1.0,grouped,187,4,375,0.0,0.667,0.0,grouped,-1,1,-1,1.0,0.0,0.0,robust isolated,2,1,grouped in ≥2
Q379,Briarwood Playground,Jointly Operated Playground,Q,1.29985643,-1,1,-1,1.0,0.0,0.0,robust isolated,-1,1,-1,0.833,0.167,0.083,robust isolated,38,4,-1,0.5,0.5,0.0,grouped,-1,1,-1,1.0,0.0,0.0,robust isolated,-1,1,-1,1.0,0.0,0.0,robust isolated,0,3,isolated in all
Q381,Francis Lewis Playground,Jointly Operated Playground,Q,1.206,283,2,559,0.0,0.333,0.0,grouped,455,2,647,0.0,0.333,0.25,grouped,35,77,247,0.0,1.0,0.5,grouped,260,2,524,0.0,0.0,0.0,grouped,-1,1,-1,1.0,0.0,0.0,robust isolated,2,1,grouped in ≥2
Q382,Cardozo Playground,Jointly Operated Playground,Q,2.096,151,10,349,0.0,1.0,1.0,grouped,576,8,797,0.0,0.5,0.5,grouped,29,27,166,0.0,0.5,0.5,grouped,259,2,523,0.0,0.0,0.0,grouped,-1,1,-1,1.0,0.0,0.0,robust isolated,2,1,grouped in ≥2
Q383,Middle Village Veterans Triangle,Triangle/Plaza,Q,0.028,-1,1,-1,0.667,0.333,0.333,unstable,-1,1,-1,0.75,0.25,0.0,unstable,-1,1,-1,1.0,0.0,0.0,robust isolated,-1,1,-1,1.0,0.0,0.0,robust isolated,-1,1,-1,1.0,0.0,0.0,robust isolated,0,2,isolated in ≥2
Q385,Ditmars Playground,Playground,Q,0.918,-1,1,-1,0.667,0.333,0.333,unstable,-1,1,-1,0.75,0.25,0.167,unstable,27,144,147,0.0,1.0,0.5,grouped,-1,1,-1,1.0,0.0,0.0,robust isolated,-1,1,-1,1.0,0.0,0.0,robust isolated,0,2,isolated in ≥2
Q386,Centreville Playground,Neighborhood Park,Q,2.095,267,12,-1,0.333,0.667,0.333,grouped,-1,1,-1,0.583,0.417,0.25,unstable,30,83,176,0.0,1.0,0.5,grouped,-1,1,-1,1.0,0.0,0.0,robust isolated,-1,1,-1,1.0,0.0,0.0,robust isolated,0,2,isolated in ≥2
Q387A,Bayside Fields,Recreational Field/Courts,Q,2.69,353,2,-1,0.333,0.333,0.333,grouped,460,2,653,0.25,0.25,0.167,grouped,35,77,247,0.0,1.0,0.5,grouped,258,2,522,0.0,0.0,0.0,grouped,-1,1,-1,1.0,0.0,0.0,robust isolated,2,1,grouped in ≥2
Q387B,Clearview Park,Nature Area,Q,6.05,353,2,-1,0.333,0.333,0.333,grouped,460,2,653,0.25,0.25,0.167,grouped,35,77,247,0.0,1.0,0.5,grouped,258,2,522,0.0,0.0,0.0,grouped,-1,1,-1,1.0,0.0,0.0,robust isolated,2,1,grouped in ≥2
Q387C,Park,Strip,Q,0.02,282,2,-1,0.333,0.333,0.333,grouped,-1,1,-1,0.5,0.5,0.333,unstable,35,77,249,0.0,1.0,0.5,grouped,255,3,-1,0.333,0.667,0.333,grouped,-1,1,-1,0.938,0.0,0.0,robust isolated,1,1,definition-specific
Q387D,Clearview's Tail,Strip,Q,0.012,352,2,-1,0.333,0.0,0.0,grouped,-1,1,-1,0.917,0.083,0.0,robust isolated,35,77,-1,0.5,0.5,0.0,grouped,-1,1,-1,1.0,0.0,0.0,robust isolated,-1,1,-1,1.0,0.0,0.0,robust isolated,0,3,isolated in all
Q387E,Baybridge Green,Strip,Q,0.316,-1,1,-1,0.667,0.0,0.0,unstable,-1,1,-1,1.0,0.0,0.0,robust isolated,-1,1,-1,1.0,0.0,0.0,robust isolated,-1,1,-1,1.0,0.0,0.0,robust isolated,-1,1,-1,1.0,0.0,0.0,robust isolated,0,3,isolated in all
Q388,Linnaeus Park,Recreational Field/Courts,Q,2.066,-1,1,-1,0.667,0.333,0.0,unstable,-1,1,-1,0.833,0.167,0.0,robust isolated,-1,1,-1,1.0,0.0,0.0,robust isolated,-1,1,-1,1.0,0.0,0.0,robust isolated,-1,1,-1,1.0,0.0,0.0,robust isolated,0,3,isolated in all
Q389,Bayside Playground,Jointly Operated Playground,Q,1.21,242,2,500,0.0,0.333,0.333,grouped,583,8,811,0.25,0.75,0.417,grouped,37,14,270,0.0,1.0,1.0,grouped,149,7,-1,0.333,0.667,0.333,grouped,-1,1,-1,0.812,0.0,0.0,robust isolated,2,1,grouped in ≥2
Q390,Clintonville Playground,Jointly Operated Playground,Q,1.553,-1,1,-1,1.0,0.0,0.0,robust isolated,-1,1,-1,0.667,0.333,0.167,unstable,35,77,247,0.0,1.0,1.0,grouped,-1,1,-1,0.667,0.333,0.0,unstable,-1,1,-1,1.0,0.0,0.0,robust isolated,0,1,definition-specific
Q391,Joseph Austin Playground,Jointly Operated Playground,Q,3.814,-1,1,-1,0.667,0.333,0.0,unstable,562,2,-1,0.5,0.25,0.167,grouped,41,2,282,0.0,0.0,0.0,grouped,251,2,-1,0.333,0.0,0.0,grouped,218,2,-1,0.5,0.0,0.0,grouped,3,0,grouped in all
Q393A,LaGuardia Landing Lights,Recreational Field/Courts,Q,1.473,165,12,380,0.0,1.0,1.0,grouped,427,43,612,0.0,1.0,1.0,grouped,27,144,147,0.0,1.0,1.0,grouped,139,31,281,0.0,1.0,1.0,grouped,-1,1,-1,0.562,0.062,0.0,unstable,2,0,grouped in ≥2
Q393C,LaGuardia Landing Lights,Recreational Field/Courts,Q,1.754,165,12,380,0.0,1.0,1.0,grouped,427,43,612,0.0,1.0,1.0,grouped,27,144,147,0.0,1.0,1.0,grouped,139,31,281,0.0,1.0,1.0,grouped,-1,1,-1,0.875,0.062,0.0,robust isolated,2,1,grouped in ≥2
Q393D,LaGuardia Landing Lights,Recreational Field/Courts,Q,1.607,165,12,380,0.0,1.0,1.0,grouped,427,43,612,0.083,0.917,0.75,grouped,27,144,147,0.0,1.0,1.0,grouped,-1,1,-1,0.667,0.333,0.0,unstable,-1,1,-1,1.0,0.0,0.0,robust isolated,1,1,definition-specific
Q393F,LaGuardia Landing Lights,Recreational Field/Courts,Q,0.249,165,12,380,0.0,1.0,1.0,grouped,427,43,-1,0.333,0.667,0.583,grouped,27,144,147,0.0,1.0,1.0,grouped,-1,1,-1,0.667,0.333,0.0,unstable,-1,1,-1,0.75,0.25,0.0,unstable,1,0,definition-specific
Q393G,Laguardia Landing Lights,Recreational Field/Courts,Q,0.348,165,12,380,0.0,1.0,1.0,grouped,427,43,612,0.0,1.0,0.667,grouped,27,144,147,0.0,1.0,1.0,grouped,139,31,281,0.0,1.0,0.333,grouped,-1,1,-1,0.75,0.25,0.0,unstable,2,0,grouped in ≥2
Q393H,LaGuardia Landing Lights,Recreational Field/Courts,Q,1.993,165,12,380,0.0,1.0,1.0,grouped,427,43,612,0.0,1.0,0.667,grouped,27,144,147,0.0,1.0,1.0,grouped,139,31,281,0.0,1.0,0.333,grouped,-1,1,-1,0.875,0.125,0.0,robust isolated,2,1,grouped in ≥2
Q393I,Planeview Park,Triangle/Plaza,Q,1.035,165,12,380,0.0,1.0,0.667,grouped,427,43,612,0.0,1.0,0.75,grouped,27,144,147,0.0,1.0,1.0,grouped,139,31,281,0.0,1.0,0.333,grouped,-1,1,-1,1.0,0.0,0.0,robust isolated,2,1,grouped in ≥2
Q394,Conch Playground,Jointly Operated Playground,Q,1.889,151,10,-1,0.333,0.667,0.333,grouped,575,2,795,0.0,0.417,0.417,grouped,29,27,165,0.0,1.0,1.0,grouped,107,2,230,0.0,0.333,0.333,grouped,-1,1,-1,1.0,0.0,0.0,robust isolated,2,1,grouped in ≥2
Q395,Steinway Playground,Jointly Operated Playground,Q,0.809,244,2,504,0.0,0.333,0.333,grouped,398,4,576,0.0,1.0,0.25,grouped,27,144,147,0.0,1.0,1.0,grouped,249,3,509,0.0,0.667,0.0,grouped,-1,1,-1,1.0,0.0,0.0,robust isolated,2,1,grouped in ≥2
Q396,Montbellier Park,Community Park,Q,4.427,350,2,762,0.0,0.333,0.0,grouped,544,2,-1,0.5,0.208,0.167,grouped,30,83,-1,0.5,0.5,0.5,grouped,111,2,235,0.0,0.333,0.0,grouped,-1,1,-1,1.0,0.0,0.0,robust isolated,2,1,grouped in ≥2
Q397,Auburndale Playground,Jointly Operated Playground,Q,0.686,-1,1,-1,1.0,0.0,0.0,robust isolated,-1,1,-1,0.833,0.167,0.167,robust isolated,35,77,247,0.0,1.0,1.0,grouped,-1,1,-1,1.0,0.0,0.0,robust isolated,-1,1,-1,1.0,0.0,0.0,robust isolated,0,3,isolated in all
Q398,Rosemary's Playground,Jointly Operated Playground,Q,1.967,-1,1,-1,0.667,0.333,0.333,unstable,384,2,560,0.0,0.417,0.333,grouped,34,220,227,0.0,1.0,1.0,grouped,248,2,-1,0.333,0.0,0.0,grouped,-1,1,-1,1.0,0.0,0.0,robust isolated,2,1,grouped in ≥2
Q399,Bay Terrace Playground,Jointly Operated Playground,Q,0.91,-1,1,-1,0.667,0.0,0.0,unstable,-1,1,-1,1.0,0.0,0.0,robust isolated,-1,1,-1,1.0,0.0,0.0,robust isolated,-1,1,-1,0.889,0.111,0.0,robust isolated,-1,1,-1,1.0,0.0,0.0,robust isolated,0,3,isolated in all
Q400,Oakland Gardens,Jointly Operated Playground,Q,1.166,281,3,-1,0.333,0.667,0.333,grouped,-1,1,-1,0.75,0.25,0.0,unstable,-1,1,-1,1.0,0.0,0.0,robust isolated,-1,1,-1,1.0,0.0,0.0,robust isolated,-1,1,-1,1.0,0.0,0.0,robust isolated,0,2,isolated in ≥2
Q401,Lost Battalion Hall Recreation Center,Community Park,Q,2.412,217,11,465,0.0,1.0,0.667,grouped,414,2,594,0.0,0.25,0.25,grouped,27,144,149,0.0,1.0,0.5,grouped,244,2,503,0.0,0.0,0.0,grouped,-1,1,-1,1.0,0.0,0.0,robust isolated,2,1,grouped in ≥2
Q402,Latimer Playground,Jointly Operated Playground,Q,1.076,186,8,419,0.0,0.667,0.667,grouped,531,9,-1,0.5,0.5,0.5,grouped,30,83,-1,0.5,0.5,0.0,grouped,-1,1,-1,1.0,0.0,0.0,robust isolated,-1,1,-1,1.0,0.0,0.0,robust isolated,1,2,isolated in ≥2
Q403,Beach Channel Playground,Jointly Operated Playground,Q,1.051,152,10,355,0.0,0.667,0.667,grouped,582,7,807,0.0,0.5,0.25,grouped,-1,1,-1,1.0,0.0,0.0,robust isolated,147,2,302,0.0,0.444,0.0,grouped,-1,1,-1,1.0,0.0,0.0,robust isolated,2,1,grouped in ≥2
Q404,East Springfield Playground,Jointly Operated Playground,Q,1.146,-1,1,-1,1.0,0.0,0.0,robust isolated,-1,1,-1,0.667,0.333,0.083,unstable,30,83,174,0.0,1.0,1.0,grouped,-1,1,-1,1.0,0.0,0.0,robust isolated,-1,1,-1,1.0,0.0,0.0,robust isolated,0,2,isolated in ≥2
Q405,Hollis Playground,Jointly Operated Playground,Q,0.98,-1,1,-1,1.0,0.0,0.0,robust isolated,-1,1,-1,0.667,0.333,0.167,unstable,30,83,175,0.0,1.0,1.0,grouped,-1,1,-1,0.667,0.333,0.0,unstable,-1,1,-1,1.0,0.0,0.0,robust isolated,0,1,definition-specific
Q406,Springfield Park North,Jointly Operated Playground,Q,1.045,158,3,370,0.0,0.667,0.333,grouped,-1,1,-1,0.75,0.25,0.167,unstable,30,83,-1,0.5,0.5,0.5,grouped,-1,1,-1,0.667,0.333,0.0,unstable,-1,1,-1,1.0,0.0,0.0,robust isolated,0,1,definition-specific
Q407,Lanett Playground,Jointly Operated Playground,Q,0.974,-1,1,-1,0.667,0.333,0.333,unstable,-1,1,-1,0.75,0.25,0.0,unstable,-1,1,-1,1.0,0.0,0.0,robust isolated,-1,1,-1,1.0,0.0,0.0,robust isolated,-1,1,-1,1.0,0.0,0.0,robust isolated,0,2,isolated in ≥2
Q408,Harold Schneiderman Playground,Jointly Operated Playground,Q,0.878,-1,1,-1,0.667,0.333,0.333,unstable,-1,1,-1,0.833,0.167,0.0,robust isolated,-1,1,-1,1.0,0.0,0.0,robust isolated,-1,1,-1,1.0,0.0,0.0,robust isolated,-1,1,-1,1.0,0.0,0.0,robust isolated,0,3,isolated in all
Q409,Park,Strip,Q,0.001,-1,1,-1,0.667,0.333,0.0,unstable,-1,1,-1,0.917,0.083,0.0,robust isolated,40,2,-1,0.5,0.0,0.0,grouped,-1,1,-1,1.0,0.0,0.0,robust isolated,-1,1,-1,1.0,0.0,0.0,robust isolated,0,3,isolated in all
Q410,Hinton Park,Neighborhood Park,Q,3.735,169,3,394,0.0,1.0,0.667,grouped,427,43,612,0.0,1.0,0.75,grouped,27,144,147,0.0,1.0,1.0,grouped,139,31,285,0.0,0.667,0.333,grouped,-1,1,-1,0.875,0.0,0.0,robust isolated,2,1,grouped in ≥2
Q412,Gwen Ifill Park,Nature Area,Q,16.439,-1,1,-1,0.667,0.333,0.333,unstable,-1,1,-1,0.833,0.167,0.0,robust isolated,-1,1,-1,1.0,0.0,0.0,robust isolated,-1,1,-1,1.0,0.0,0.0,robust isolated,-1,1,-1,1.0,0.0,0.0,robust isolated,0,3,isolated in all
Q413,Rochdale Park,Jointly Operated Playground,Q,8.833,-1,1,-1,0.667,0.333,0.333,unstable,-1,1,-1,0.833,0.167,0.083,robust isolated,30,83,-1,0.5,0.5,0.5,grouped,-1,1,-1,1.0,0.0,0.0,robust isolated,-1,1,-1,1.0,0.0,0.0,robust isolated,0,3,isolated in all
Q414,Rocket Playground,Jointly Operated Playground,Q,1.052,267,12,532,0.0,1.0,1.0,grouped,325,11,472,0.0,1.0,0.875,grouped,33,183,217,0.0,1.0,1.0,grouped,186,9,373,0.0,1.0,1.0,grouped,-1,1,-1,1.0,0.0,0.0,robust isolated,2,1,grouped in ≥2
Q415,Louis Armstrong Playground,Jointly Operated Playground,Q,1.085,169,3,394,0.0,1.0,0.667,grouped,428,2,-1,0.5,0.5,0.25,grouped,27,144,147,0.0,1.0,1.0,grouped,-1,1,-1,1.0,0.0,0.0,robust isolated,-1,1,-1,1.0,0.0,0.0,robust isolated,1,2,isolated in ≥2
Q417,Park,Strip,Q,0.082,-1,1,-1,0.667,0.333,0.0,unstable,-1,1,-1,0.667,0.333,0.167,unstable,33,183,217,0.0,1.0,1.0,grouped,-1,1,-1,1.0,0.0,0.0,robust isolated,-1,1,-1,1.0,0.0,0.0,robust isolated,0,2,isolated in ≥2
Q419,Hart Playground,Jointly Operated Playground,Q,0.821,260,2,524,0.0,0.333,0.0,grouped,470,8,667,0.0,1.0,0.167,grouped,35,77,-1,0.5,0.5,0.5,grouped,157,7,317,0.0,0.667,0.0,grouped,-1,1,-1,1.0,0.0,0.0,robust isolated,2,1,grouped in ≥2
Q421,Walter Ward Playground,Jointly Operated Playground,Q,0.935,-1,1,-1,1.0,0.0,0.0,robust isolated,-1,1,-1,0.833,0.167,0.083,robust isolated,33,183,-1,0.5,0.5,0.5,grouped,-1,1,-1,1.0,0.0,0.0,robust isolated,-1,1,-1,1.0,0.0,0.0,robust isolated,0,3,isolated in all
Q422,Seaside Playground,Jointly Operated Playground,Q,1.144,243,9,501,0.0,1.0,0.667,grouped,583,8,-1,0.417,0.5,0.25,grouped,37,14,270,0.0,1.0,1.0,grouped,-1,1,-1,0.667,0.333,0.0,unstable,-1,1,-1,0.812,0.0,0.0,robust isolated,1,1,definition-specific
Q423,Reiff Playground,Neighborhood Park,Q,1.529,219,2,474,0.0,0.333,0.333,grouped,-1,1,-1,0.833,0.167,0.167,robust isolated,-1,1,-1,1.0,0.0,0.0,robust isolated,-1,1,-1,1.0,0.0,0.0,robust isolated,-1,1,-1,1.0,0.0,0.0,robust isolated,0,3,isolated in all
Q424,Judge Angelo Graci Triangle,Triangle/Plaza,Q,0.25,267,12,532,0.0,1.0,0.667,grouped,325,11,473,0.0,0.917,0.667,grouped,33,183,217,0.0,1.0,1.0,grouped,186,9,373,0.0,1.0,0.667,grouped,-1,1,-1,0.875,0.125,0.125,robust isolated,2,1,grouped in ≥2
Q425,Yellowstone Park,Neighborhood Park,Q,1.745,218,3,-1,0.333,0.667,0.333,grouped,-1,1,-1,0.75,0.25,0.167,unstable,-1,1,-1,1.0,0.0,0.0,robust isolated,-1,1,-1,0.556,0.444,0.222,unstable,-1,1,-1,1.0,0.0,0.0,robust isolated,0,1,definition-specific
Q426,North Rochdale Playground,Jointly Operated Playground,Q,1.071,-1,1,-1,0.667,0.333,0.333,unstable,-1,1,-1,0.75,0.25,0.083,unstable,-1,1,-1,1.0,0.0,0.0,robust isolated,-1,1,-1,0.556,0.444,0.0,unstable,-1,1,-1,1.0,0.0,0.0,robust isolated,0,1,definition-specific
Q427,South Rochdale Playground,Jointly Operated Playground,Q,0.942,-1,1,-1,0.667,0.333,0.333,unstable,-1,1,-1,1.0,0.0,0.0,robust isolated,-1,1,-1,1.0,0.0,0.0,robust isolated,-1,1,-1,1.0,0.0,0.0,robust isolated,-1,1,-1,1.0,0.0,0.0,robust isolated,0,3,isolated in all
Q428,Horace Harding Playground,Jointly Operated Playground,Q,1.304,217,11,-1,0.333,0.667,0.667,grouped,-1,1,-1,0.75,0.25,0.25,unstable,-1,1,-1,1.0,0.0,0.0,robust isolated,-1,1,-1,1.0,0.0,0.0,robust isolated,-1,1,-1,1.0,0.0,0.0,robust isolated,0,2,isolated in ≥2
Q429,Spirit Playground,Jointly Operated Playground,Q,0.786,138,2,-1,0.333,0.333,0.333,grouped,393,31,569,0.25,0.75,0.417,grouped,27,144,147,0.0,1.0,0.5,grouped,101,31,-1,0.333,0.667,0.111,grouped,-1,1,-1,1.0,0.0,0.0,robust isolated,2,1,grouped in ≥2
Q430,Sunrise Playground,Jointly Operated Playground,Q,1.025,-1,1,-1,1.0,0.0,0.0,robust isolated,-1,1,-1,0.833,0.167,0.0,robust isolated,-1,1,-1,1.0,0.0,0.0,robust isolated,-1,1,-1,1.0,0.0,0.0,robust isolated,-1,1,-1,1.0,0.0,0.0,robust isolated,0,3,isolated in all
Q433A,Park,Strip,Q,0.008,267,12,532,0.0,1.0,1.0,grouped,325,11,472,0.0,1.0,0.0,grouped,-1,1,-1,1.0,0.0,0.0,robust isolated,186,9,373,0.0,1.0,0.0,grouped,-1,1,-1,1.0,0.0,0.0,robust isolated,2,1,grouped in ≥2
Q433B,Park,Strip,Q,0.003,267,12,532,0.0,1.0,1.0,grouped,326,3,474,0.0,0.5,0.333,grouped,33,183,217,0.0,1.0,1.0,grouped,186,9,373,0.0,1.0,0.0,grouped,-1,1,-1,1.0,0.0,0.0,robust isolated,2,1,grouped in ≥2
Q434,Long Island Mews,Neighborhood Park,Q,0.323,-1,1,-1,0.667,0.333,0.333,unstable,-1,1,-1,0.667,0.333,0.167,unstable,27,144,147,0.0,1.0,1.0,grouped,-1,1,-1,1.0,0.0,0.0,robust isolated,-1,1,-1,1.0,0.0,0.0,robust isolated,0,2,isolated in ≥2
Q435,Vernon Mall,Mall,Q,0.135,137,4,322,0.0,0.667,0.667,grouped,393,31,569,0.0,1.0,0.75,grouped,27,144,147,0.0,1.0,0.5,grouped,101,31,213,0.0,0.667,0.667,grouped,-1,1,-1,1.0,0.0,0.0,robust isolated,2,1,grouped in ≥2
Q436,Athens Square,Jointly Operated Playground,Q,0.925,-1,1,-1,0.667,0.333,0.333,unstable,393,31,569,0.0,1.0,0.583,grouped,27,144,147,0.0,1.0,1.0,grouped,101,31,-1,0.333,0.667,0.333,grouped,-1,1,-1,0.938,0.0,0.0,robust isolated,2,1,grouped in ≥2
Q437,Murray Hill Playground,Jointly Operated Playground,Q,1.206,-1,1,-1,0.667,0.333,0.333,unstable,471,3,670,0.0,0.667,0.417,grouped,35,77,247,0.0,1.0,1.0,grouped,154,2,-1,0.333,0.333,0.0,grouped,-1,1,-1,1.0,0.0,0.0,robust isolated,2,1,grouped in ≥2
Q439,Private William Gray Playground,Playground,Q,0.069,167,9,-1,0.333,0.667,0.667,grouped,427,43,612,0.0,1.0,0.667,grouped,27,144,147,0.0,1.0,1.0,grouped,139,31,283,0.0,1.0,0.333,grouped,-1,1,-1,1.0,0.0,0.0,robust isolated,2,1,grouped in ≥2
Q440,Hilton Holiday Gardens,Recreational Field/Courts,Q,1.2,-1,1,-1,1.0,0.0,0.0,robust isolated,-1,1,-1,1.0,0.0,0.0,robust isolated,-1,1,-1,1.0,0.0,0.0,robust isolated,-1,1,-1,0.778,0.222,0.222,unstable,-1,1,-1,1.0,0.0,0.0,robust isolated,0,2,isolated in ≥2
Q443,Almeda Playground,Jointly Operated Playground,Q,1.43,151,10,350,0.0,1.0,0.333,grouped,576,8,796,0.0,0.75,0.5,grouped,29,27,165,0.0,1.0,1.0,grouped,170,5,-1,0.111,0.667,0.556,grouped,-1,1,-1,1.0,0.0,0.0,robust isolated,2,1,grouped in ≥2
Q444,Sean's Place,Neighborhood Park,Q,0.582,-1,1,-1,0.667,0.333,0.333,unstable,-1,1,-1,0.75,0.25,0.167,unstable,27,144,147,0.0,1.0,1.0,grouped,-1,1,-1,1.0,0.0,0.0,robust isolated,-1,1,-1,1.0,0.0,0.0,robust isolated,0,2,isolated in ≥2
Q445,Frank Golden Park,Neighborhood Park,Q,11.422,248,2,-1,0.333,0.333,0.333,grouped,465,5,659,0.25,0.75,0.333,grouped,35,77,247,0.0,1.0,1.0,grouped,165,4,333,0.0,0.667,0.0,grouped,-1,1,-1,1.0,0.0,0.0,robust isolated,2,1,grouped in ≥2
Q447,Brinkerhoff Mall,Triangle/Plaza,Q,0.396,186,8,420,0.0,0.667,0.667,grouped,531,9,741,0.0,0.875,0.75,grouped,30,83,174,0.0,1.0,0.5,grouped,160,10,327,0.0,1.0,0.667,grouped,-1,1,-1,1.0,0.0,0.0,robust isolated,2,1,grouped in ≥2
Q448,Roy Wilkins Recreation Center,Community Park,Q,56.831,187,2,421,0.0,0.333,0.333,grouped,531,9,741,0.25,0.75,0.5,grouped,30,83,174,0.0,1.0,0.5,grouped,160,10,-1,0.333,0.667,0.333,grouped,-1,1,-1,1.0,0.0,0.0,robust isolated,2,1,grouped in ≥2
Q450,Corona Golf Playground,Neighborhood Park,Q,1.722,-1,1,-1,0.667,0.333,0.333,unstable,-1,1,-1,0.75,0.25,0.25,unstable,27,144,-1,0.5,0.5,0.5,grouped,-1,1,-1,1.0,0.0,0.0,robust isolated,-1,1,-1,1.0,0.0,0.0,robust isolated,0,2,isolated in ≥2
Q451,Underbridge Dog Run,Neighborhood Park,Q,0.457,-1,1,-1,0.667,0.333,0.0,unstable,412,5,592,0.0,0.75,0.167,grouped,27,144,149,0.0,1.0,0.5,grouped,177,5,-1,0.333,0.667,0.0,grouped,-1,1,-1,0.75,0.0,0.0,unstable,2,0,grouped in ≥2
Q452,Udalls Park Preserve,Nature Area,Q,44.44,257,4,519,0.0,0.667,0.333,grouped,493,2,-1,0.5,0.417,0.25,grouped,35,77,-1,0.5,0.5,0.0,grouped,172,3,346,0.0,0.667,0.0,grouped,-1,1,-1,1.0,0.0,0.0,robust isolated,2,1,grouped in ≥2
Q456,Gene Gray Playground,Playground,Q,0.229,-1,1,-1,0.667,0.333,0.333,unstable,590,6,820,0.0,1.0,0.583,grouped,36,6,268,0.0,1.0,1.0,grouped,125,6,-1,0.333,0.667,0.333,grouped,-1,1,-1,1.0,0.0,0.0,robust isolated,2,1,grouped in ≥2
Q457,College Point Park,Recreational Field/Courts,Q,0.659,249,2,510,0.0,0.333,0.333,grouped,-1,1,-1,0.5,0.5,0.25,unstable,-1,1,-1,1.0,0.0,0.0,robust isolated,-1,1,-1,1.0,0.0,0.0,robust isolated,-1,1,-1,1.0,0.0,0.0,robust isolated,0,2,isolated in ≥2
Q458,Fort Totten Park,Neighborhood Park,Q,60.394,254,2,516,0.0,0.333,0.0,grouped,-1,1,-1,1.0,0.0,0.0,robust isolated,-1,1,-1,1.0,0.0,0.0,robust isolated,-1,1,-1,1.0,0.0,0.0,robust isolated,-1,1,-1,1.0,0.0,0.0,robust isolated,0,3,isolated in all
Q459,Dubos Point Wildlife Sanctuary,Nature Area,Q,53.298,-1,1,-1,0.667,0.333,0.333,unstable,576,8,796,0.0,0.75,0.5,grouped,29,27,165,0.0,1.0,0.5,grouped,170,5,-1,0.333,0.667,0.556,grouped,-1,1,-1,1.0,0.0,0.0,robust isolated,2,1,grouped in ≥2
Q460,Broad Channel Park,Neighborhood Park,Q,1.55,202,4,437,0.0,1.0,1.0,grouped,590,6,820,0.0,1.0,0.583,grouped,36,6,268,0.0,1.0,1.0,grouped,125,6,262,0.0,1.0,0.333,grouped,-1,1,-1,1.0,0.0,0.0,robust isolated,2,1,grouped in ≥2
Q461,Powell's Cove Park,Nature Area,Q,59.629,248,2,-1,0.333,0.333,0.333,grouped,465,5,659,0.0,0.75,0.25,grouped,35,77,248,0.0,0.5,0.0,grouped,165,4,333,0.0,0.667,0.0,grouped,-1,1,-1,1.0,0.0,0.0,robust isolated,2,1,grouped in ≥2
Q462,Manuel De Dios Unanue Triangle,Triangle/Plaza,Q,0.04,168,7,390,0.0,0.667,0.333,grouped,427,43,612,0.0,1.0,0.75,grouped,27,144,147,0.0,1.0,1.0,grouped,139,31,284,0.0,0.667,0.333,grouped,-1,1,-1,1.0,0.0,0.0,robust isolated,2,1,grouped in ≥2
Q464,Brant Point Wildlife Sanctuary,Nature Area,Q,19.693,-1,1,-1,0.667,0.333,0.333,unstable,576,8,796,0.25,0.75,0.208,grouped,29,27,165,0.0,1.0,0.0,grouped,170,5,-1,0.333,0.667,0.333,grouped,-1,1,-1,1.0,0.0,0.0,robust isolated,2,1,grouped in ≥2
Q465,Socrates Sculpture Park,Neighborhood Park,Q,6.28,136,7,-1,0.333,0.667,0.333,grouped,393,31,569,0.0,0.75,0.75,grouped,27,144,147,0.0,1.0,1.0,grouped,101,31,212,0.0,1.0,0.667,grouped,-1,1,-1,1.0,0.0,0.0,robust isolated,2,1,grouped in ≥2
Q467,Broad Channel American Park,Recreational Field/Courts,Q,18.768,202,4,437,0.0,1.0,1.0,grouped,590,6,-1,0.417,0.583,0.25,grouped,36,6,268,0.0,1.0,0.5,grouped,125,6,262,0.0,1.0,0.333,grouped,-1,1,-1,1.0,0.0,0.0,robust isolated,2,1,grouped in ≥2
Q469,Seagirt Ave Wetlands,Nature Area,Q,5.323,153,15,-1,0.333,0.667,0.333,grouped,572,8,789,0.0,0.875,0.5,grouped,29,27,163,0.0,1.0,0.5,grouped,108,5,232,0.0,0.667,0.0,grouped,-1,1,-1,0.875,0.0,0.0,robust isolated,2,1,grouped in ≥2
Q471,Hunter's Point South Park,Neighborhood Park,Q,22.809,137,4,-1,0.333,0.667,0.333,grouped,393,31,569,0.0,1.0,0.75,grouped,27,144,147,0.0,1.0,0.5,grouped,101,31,-1,0.333,0.667,0.667,grouped,-1,1,-1,1.0,0.0,0.0,robust isolated,2,1,grouped in ≥2
Q472,Vernam Barbadoes Peninsula,Nature Area,Q,23.958,152,10,-1,0.333,0.667,0.667,grouped,576,8,-1,0.5,0.5,0.25,grouped,29,27,-1,0.5,0.5,0.5,grouped,-1,1,-1,1.0,0.0,0.0,robust isolated,-1,1,-1,1.0,0.0,0.0,robust isolated,1,2,isolated in ≥2
Q473,Sparrow's Nest Community Garden,Garden,Q,0.205,216,10,460,0.0,1.0,1.0,grouped,-1,1,-1,0.75,0.25,0.25,unstable,-1,1,-1,1.0,0.0,0.0,robust isolated,-1,1,-1,1.0,0.0,0.0,robust isolated,-1,1,-1,1.0,0.0,0.0,robust isolated,0,2,isolated in ≥2
Q474,Simeone Park,Neighborhood Park,Q,1.78,216,10,460,0.0,1.0,1.0,grouped,-1,1,-1,0.75,0.25,0.25,unstable,-1,1,-1,1.0,0.0,0.0,robust isolated,-1,1,-1,1.0,0.0,0.0,robust isolated,-1,1,-1,1.0,0.0,0.0,robust isolated,0,2,isolated in ≥2
Q474A,Corona Taxpayers Association,Garden,Q,0.18,216,10,460,0.0,1.0,1.0,grouped,427,43,613,0.0,1.0,0.5,grouped,27,144,147,0.0,1.0,0.5,grouped,138,4,280,0.0,1.0,0.0,grouped,-1,1,-1,1.0,0.0,0.0,robust isolated,2,1,grouped in ≥2
Q475,Project Eden,Garden,Q,0.108,-1,1,-1,0.667,0.333,0.0,unstable,401,2,-1,0.417,0.167,0.167,grouped,39,2,279,0.0,0.0,0.0,grouped,-1,1,-1,0.667,0.333,0.0,unstable,-1,1,-1,1.0,0.0,0.0,robust isolated,1,1,definition-specific
Q476,College Point Fields,Recreational Field/Courts,Q,26.83,-1,1,-1,0.667,0.333,0.333,unstable,465,5,659,0.167,0.75,0.333,grouped,35,77,247,0.0,1.0,1.0,grouped,165,4,-1,0.333,0.667,0.0,grouped,-1,1,-1,1.0,0.0,0.0,robust isolated,2,1,grouped in ≥2
Q477,Two Coves Community Garden,Garden,Q,0.778,136,7,316,0.0,0.667,0.333,grouped,393,31,569,0.0,1.0,0.75,grouped,27,144,147,0.0,1.0,1.0,grouped,101,31,212,0.0,1.0,0.667,grouped,-1,1,-1,0.938,0.0,0.0,robust isolated,2,1,grouped in ≥2
Q478,Broad Channel Wetlands,Nature Area,Q,37.95,-1,1,-1,0.0,0.0,0.0,unresolved,-1,1,-1,0.0,0.0,0.0,unresolved,-1,1,-1,0.0,0.0,0.0,unresolved,-1,1,-1,0.0,0.0,0.0,unresolved,-1,1,-1,0.0,0.0,0.0,unresolved,0,0,definition-specific
Q483,Corona Health Sanctuary,Playground,Q,0.101,216,10,-1,0.333,0.667,0.333,grouped,427,43,613,0.0,1.0,0.75,grouped,27,144,-1,0.5,0.5,0.5,grouped,138,4,280,0.0,1.0,0.667,grouped,-1,1,-1,1.0,0.0,0.0,robust isolated,2,1,grouped in ≥2
Q484,Edgemere Urban Renewal Park,Garden,Q,0.961,151,10,-1,0.333,0.667,0.667,grouped,575,2,795,0.0,0.417,0.417,grouped,29,27,165,0.0,1.0,1.0,grouped,107,2,230,0.0,0.333,0.333,grouped,-1,1,-1,1.0,0.0,0.0,robust isolated,2,1,grouped in ≥2
Q486,B.C.C.A. Mini-park and Garden,Garden,Q,0.092,-1,1,-1,1.0,0.0,0.0,robust isolated,-1,1,-1,0.833,0.167,0.0,robust isolated,-1,1,-1,1.0,0.0,0.0,robust isolated,-1,1,-1,1.0,0.0,0.0,robust isolated,-1,1,-1,1.0,0.0,0.0,robust isolated,0,3,isolated in all
Q487,Block Association #81,Garden,Q,0.115,-1,1,-1,0.667,0.333,0.333,unstable,-1,1,-1,0.792,0.208,0.167,unstable,30,83,-1,0.5,0.5,0.0,grouped,-1,1,-1,1.0,0.0,0.0,robust isolated,-1,1,-1,1.0,0.0,0.0,robust isolated,0,2,isolated in ≥2
Q488,George Eagle Carr Community Garden,Garden,Q,0.121,206,2,-1,0.333,0.333,0.333,grouped,-1,1,-1,0.75,0.167,0.083,unstable,38,4,-1,0.5,0.5,0.0,grouped,-1,1,-1,1.0,0.0,0.0,robust isolated,-1,1,-1,1.0,0.0,0.0,robust isolated,0,2,isolated in ≥2
Q489,George Washington Carver Botanical Garden,Garden,Q,0.057,186,8,418,0.0,0.667,0.333,grouped,531,9,741,0.25,0.75,0.25,grouped,30,83,176,0.0,1.0,0.0,grouped,160,10,325,0.0,1.0,0.0,grouped,-1,1,-1,1.0,0.0,0.0,robust isolated,2,1,grouped in ≥2
Q490,Locust Manor Civic Association,Garden,Q,0.083,187,2,421,0.0,0.333,0.333,grouped,-1,1,-1,0.75,0.25,0.0,unstable,-1,1,-1,1.0,0.0,0.0,robust isolated,-1,1,-1,1.0,0.0,0.0,robust isolated,-1,1,-1,1.0,0.0,0.0,robust isolated,0,2,isolated in ≥2
Q491,Carlos R. Lillo Park,Triangle/Plaza,Q,0.099,-1,1,-1,0.667,0.333,0.0,unstable,-1,1,-1,0.75,0.25,0.167,unstable,27,144,147,0.0,1.0,0.5,grouped,-1,1,-1,1.0,0.0,0.0,robust isolated,-1,1,-1,1.0,0.0,0.0,robust isolated,0,2,isolated in ≥2
Q492,Elmhurst Park,Community Park,Q,6.219,215,21,455,0.0,1.0,0.667,grouped,421,18,603,0.0,1.0,0.75,grouped,27,144,148,0.0,1.0,0.5,grouped,121,5,255,0.0,1.0,0.667,grouped,-1,1,-1,1.0,0.0,0.0,robust isolated,2,1,grouped in ≥2
Q493,Discovery Garden,Garden,Q,0.294,186,8,417,0.0,0.667,0.667,grouped,531,9,741,0.0,1.0,0.5,grouped,30,83,174,0.0,1.0,0.5,grouped,160,10,325,0.0,1.0,0.0,grouped,-1,1,-1,1.0,0.0,0.0,robust isolated,2,1,grouped in ≥2
Q494,Flight 587 Memorial Park,Triangle/Plaza,Q,0.159,243,9,501,0.0,1.0,0.333,grouped,-1,1,-1,0.875,0.125,0.125,robust isolated,-1,1,-1,1.0,0.0,0.0,robust isolated,-1,1,-1,1.0,0.0,0.0,robust isolated,-1,1,-1,1.0,0.0,0.0,robust isolated,0,3,isolated in all
Q495,97th Street Block Association,Garden,Q,0.057,167,9,385,0.0,1.0,1.0,grouped,427,43,612,0.0,1.0,0.5,grouped,27,144,147,0.0,1.0,0.5,grouped,139,31,283,0.0,1.0,0.667,grouped,-1,1,-1,1.0,0.0,0.0,robust isolated,2,1,grouped in ≥2
Q496,Park at Beach 108 Street,Triangle/Plaza,Q,13.826,243,9,501,0.0,1.0,0.667,grouped,583,8,811,0.25,0.75,0.75,grouped,37,14,270,0.0,1.0,1.0,grouped,149,7,-1,0.333,0.667,0.667,grouped,-1,1,-1,0.625,0.25,0.0,unstable,2,0,grouped in ≥2
Q497,Lewis H Latimer House,Historic House Park,Q,0.319,238,4,494,0.0,1.0,0.667,grouped,469,3,665,0.25,0.5,0.25,grouped,35,77,247,0.0,1.0,0.5,grouped,156,2,316,0.0,0.333,0.0,grouped,-1,1,-1,1.0,0.0,0.0,robust isolated,2,1,grouped in ≥2
Q498,Sunset Cove Park,Nature Area,Q,9.375,202,4,437,0.0,1.0,1.0,grouped,590,6,-1,0.375,0.625,0.25,grouped,36,6,269,0.0,0.5,0.0,grouped,125,6,262,0.0,1.0,0.0,grouped,-1,1,-1,1.0,0.0,0.0,robust isolated,2,1,grouped in ≥2
Q499,Bay Breeze Park,Waterfront Facility,Q,4.796,152,10,-1,0.333,0.667,0.667,grouped,582,7,806,0.25,0.5,0.417,grouped,37,14,270,0.0,1.0,1.0,grouped,146,3,300,0.0,0.778,0.333,grouped,-1,1,-1,0.562,0.125,0.0,unstable,2,0,grouped in ≥2
Q500,Park,Triangle/Plaza,Q,0.019,-1,1,-1,0.667,0.333,0.333,unstable,421,18,601,0.25,0.75,0.75,grouped,27,144,147,0.0,1.0,1.0,grouped,145,11,-1,0.333,0.667,0.667,grouped,-1,1,-1,0.688,0.0,0.0,unstable,2,0,grouped in ≥2
Q501,Sergeant Collins Triangle,Triangle/Plaza,Q,0.118,-1,1,-1,0.667,0.333,0.333,unstable,424,10,608,0.0,1.0,0.75,grouped,27,144,147,0.0,1.0,1.0,grouped,120,11,-1,0.333,0.667,0.667,grouped,-1,1,-1,1.0,0.0,0.0,robust isolated,2,1,grouped in ≥2
Q502,Rory Staunton Field,Recreational Field/Courts,Q,0.574,166,4,383,0.0,1.0,1.0,grouped,427,43,612,0.0,1.0,0.75,grouped,27,144,147,0.0,1.0,1.0,grouped,139,31,282,0.0,1.0,0.333,grouped,-1,1,-1,0.5,0.062,0.0,unstable,2,0,grouped in ≥2
Q503,Garden,Garden,Q,0.069,153,15,361,0.0,1.0,1.0,grouped,574,8,791,0.0,0.75,0.75,grouped,29,27,164,0.0,0.5,0.0,grouped,105,6,228,0.0,1.0,1.0,grouped,-1,1,-1,1.0,0.0,0.0,robust isolated,2,1,grouped in ≥2
Q504,Park,Triangle/Plaza,Q,0.026,165,12,380,0.0,1.0,1.0,grouped,427,43,612,0.0,1.0,0.958,grouped,27,144,147,0.0,1.0,1.0,grouped,139,31,-1,0.333,0.667,0.667,grouped,-1,1,-1,1.0,0.0,0.0,robust isolated,2,1,grouped in ≥2
Q505,Culinary Kids Garden,Garden,Q,1.492,153,15,361,0.0,1.0,0.667,grouped,574,8,-1,0.5,0.5,0.25,grouped,29,27,163,0.0,1.0,0.5,grouped,105,6,228,0.0,1.0,0.333,grouped,-1,1,-1,1.0,0.0,0.0,robust isolated,2,1,grouped in ≥2
Q506,Gateway Park,Neighborhood Park,Q,0.901,205,2,-1,0.333,0.333,0.333,grouped,517,10,723,0.25,0.583,0.375,grouped,30,83,176,0.0,1.0,1.0,grouped,126,2,-1,0.333,0.333,0.333,grouped,-1,1,-1,1.0,0.0,0.0,robust isolated,2,1,grouped in ≥2
Q507,Windmill Community Garden,Garden,Q,0.057,-1,1,-1,0.667,0.333,0.0,unstable,-1,1,-1,0.583,0.417,0.167,unstable,27,144,147,0.0,1.0,1.0,grouped,-1,1,-1,1.0,0.0,0.0,robust isolated,-1,1,-1,1.0,0.0,0.0,robust isolated,0,2,isolated in ≥2
Q508,Park,Nature Area,Q,1.226,202,4,437,0.0,1.0,1.0,grouped,590,6,820,0.0,1.0,0.25,grouped,36,6,269,0.0,0.5,0.0,grouped,125,6,262,0.0,1.0,0.0,grouped,-1,1,-1,1.0,0.0,0.0,robust isolated,2,1,grouped in ≥2
Q509,Nameoke Park,Neighborhood Park,Q,0.318,-1,1,-1,0.667,0.0,0.0,unstable,-1,1,-1,0.75,0.0,0.0,unstable,-1,1,-1,1.0,0.0,0.0,robust isolated,-1,1,-1,1.0,0.0,0.0,robust isolated,-1,1,-1,1.0,0.0,0.0,robust isolated,0,2,isolated in ≥2
Q511,Edgemere Coalition,Garden,Q,0.321,150,2,-1,0.333,0.333,0.333,grouped,571,2,787,0.0,0.25,0.25,grouped,28,2,162,0.0,0.0,0.0,grouped,103,2,226,0.0,0.0,0.0,grouped,165,2,174,0.125,0.0,0.0,grouped,3,0,grouped in all
Q512,Garden,Garden,Q,0.1,-1,1,-1,0.667,0.333,0.0,unstable,-1,1,-1,0.833,0.167,0.167,robust isolated,30,83,175,0.0,1.0,0.5,grouped,-1,1,-1,1.0,0.0,0.0,robust isolated,-1,1,-1,1.0,0.0,0.0,robust isolated,0,3,isolated in all
Q514,Woodside Houses Park,Neighborhood Park,Q,0.145,164,3,378,0.0,0.667,0.333,grouped,424,10,607,0.0,0.667,0.583,grouped,27,144,147,0.0,1.0,1.0,grouped,119,2,248,0.0,0.333,0.333,grouped,-1,1,-1,0.812,0.125,0.062,robust isolated,2,1,grouped in ≥2
Q515,Legacy Park,Playground,Q,0.292,159,2,-1,0.333,0.333,0.333,grouped,452,3,643,0.0,0.5,0.417,grouped,35,77,247,0.0,1.0,0.0,grouped,118,3,-1,0.111,0.444,0.222,grouped,-1,1,-1,0.875,0.0,0.0,robust isolated,2,1,grouped in ≥2
Q518,Bay Beach 84 Garden,Garden,Q,0.181,152,10,354,0.0,1.0,0.667,grouped,-1,1,-1,0.75,0.25,0.25,unstable,-1,1,-1,1.0,0.0,0.0,robust isolated,-1,1,-1,1.0,0.0,0.0,robust isolated,-1,1,-1,1.0,0.0,0.0,robust isolated,0,2,isolated in ≥2
Q519,Laurelton Community Garden of Resilience,Garden,Q,0.054,158,3,-1,0.333,0.667,0.333,grouped,-1,1,-1,0.75,0.25,0.167,unstable,30,83,174,0.0,1.0,0.0,grouped,110,2,234,0.0,0.333,0.0,grouped,-1,1,-1,1.0,0.0,0.0,robust isolated,1,1,definition-specific
Q520,Arverne East Nature Preserve,Nature Area,Q,32.86,151,10,349,0.0,1.0,1.0,grouped,572,8,788,0.0,0.667,0.583,grouped,29,27,163,0.0,1.0,1.0,grouped,106,2,229,0.0,0.333,0.333,grouped,-1,1,-1,0.875,0.062,0.0,robust isolated,2,1,grouped in ≥2
Q523,Beach 43rd Street Waterfront Park,Neighborhood Park,Q,0.239,150,2,-1,0.333,0.333,0.333,grouped,571,2,787,0.0,0.25,0.25,grouped,28,2,162,0.0,0.0,0.0,grouped,103,2,226,0.0,0.0,0.0,grouped,165,2,174,0.125,0.0,0.0,grouped,3,0,grouped in all
Q527,LIC Pier,Waterfront Facility,Q,0.131,135,7,-1,0.333,0.667,0.333,grouped,393,31,569,0.0,1.0,0.75,grouped,27,144,147,0.0,1.0,1.0,grouped,101,31,211,0.0,0.667,0.333,grouped,164,2,-1,0.5,0.0,0.0,grouped,3,0,grouped in all
R002,Pleasant Plains Plaza,Triangle/Plaza,R,0.054,-1,1,-1,0.667,0.0,0.0,unstable,-1,1,-1,0.917,0.083,0.0,robust isolated,13,21,-1,0.5,0.5,0.0,grouped,-1,1,-1,1.0,0.0,0.0,robust isolated,-1,1,-1,1.0,0.0,0.0,robust isolated,0,3,isolated in all
R004,Barrett Triangle,Triangle/Plaza,R,0.159,70,6,-1,0.333,0.667,0.667,grouped,177,4,261,0.125,0.5,0.333,grouped,24,4,-1,0.5,0.5,0.5,grouped,92,4,198,0.0,0.778,0.333,grouped,-1,1,-1,1.0,0.0,0.0,robust isolated,2,1,grouped in ≥2
R008,Faber Pool and Park,Community Park,R,4.339,-1,1,-1,0.667,0.333,0.0,unstable,-1,1,-1,0.75,0.25,0.167,unstable,-1,1,-1,1.0,0.0,0.0,robust isolated,-1,1,-1,0.667,0.333,0.0,unstable,-1,1,-1,1.0,0.0,0.0,robust isolated,0,1,definition-specific
R009,Amundsen Circle,Triangle/Plaza,R,0.916,-1,1,-1,1.0,0.0,0.0,robust isolated,-1,1,-1,1.0,0.0,0.0,robust isolated,-1,1,-1,1.0,0.0,0.0,robust isolated,-1,1,-1,1.0,0.0,0.0,robust isolated,-1,1,-1,1.0,0.0,0.0,robust isolated,0,3,isolated in all
R010,Staats Circle,Triangle/Plaza,R,0.28,85,2,252,0.0,0.333,0.0,grouped,-1,1,-1,0.75,0.25,0.167,unstable,-1,1,-1,1.0,0.0,0.0,robust isolated,-1,1,-1,1.0,0.0,0.0,robust isolated,-1,1,-1,1.0,0.0,0.0,robust isolated,0,2,isolated in ≥2
R011,Hero Park,Neighborhood Park,R,3.024,72,2,234,0.0,0.333,0.333,grouped,162,2,246,0.25,0.208,0.167,grouped,19,17,-1,0.5,0.5,0.5,grouped,91,2,197,0.0,0.333,0.0,grouped,-1,1,-1,1.0,0.0,0.0,robust isolated,2,1,grouped in ≥2
R012,John E. White Park,Neighborhood Park,R,0.918,131,2,308,0.0,0.0,0.0,grouped,191,2,-1,0.5,0.25,0.083,grouped,16,8,-1,0.5,0.5,0.0,grouped,-1,1,-1,1.0,0.0,0.0,robust isolated,-1,1,-1,1.0,0.0,0.0,robust isolated,1,2,isolated in ≥2
R015,Walker Park,Recreational Field/Courts,R,5.278,69,7,226,0.0,1.0,0.0,grouped,176,3,260,0.25,0.75,0.167,grouped,19,17,126,0.0,1.0,1.0,grouped,89,3,195,0.0,1.0,0.0,grouped,-1,1,-1,1.0,0.0,0.0,robust isolated,2,1,grouped in ≥2
R019,Veterans Park,Neighborhood Park,R,1.324,-1,1,-1,0.667,0.333,0.0,unstable,-1,1,-1,0.75,0.25,0.167,unstable,-1,1,-1,1.0,0.0,0.0,robust isolated,-1,1,-1,1.0,0.0,0.0,robust isolated,-1,1,-1,1.0,0.0,0.0,robust isolated,0,2,isolated in ≥2
R020,Egbert Triangle,Triangle/Plaza,R,0.207,111,2,284,0.0,0.333,0.333,grouped,166,2,250,0.0,0.25,0.25,grouped,19,17,125,0.0,1.0,0.5,grouped,96,2,204,0.0,0.0,0.0,grouped,-1,1,-1,1.0,0.0,0.0,robust isolated,2,1,grouped in ≥2
R021,Forest Mall,Triangle/Plaza,R,0.45,72,2,234,0.0,0.333,0.333,grouped,162,2,246,0.25,0.208,0.167,grouped,19,17,126,0.0,1.0,1.0,grouped,91,2,197,0.0,0.333,0.0,grouped,-1,1,-1,0.875,0.125,0.0,robust isolated,2,1,grouped in ≥2
R024,Tompkinsville Park,Neighborhood Park,R,0.424,-1,1,-1,0.667,0.333,0.333,unstable,177,4,-1,0.5,0.5,0.333,grouped,24,4,142,0.0,0.5,0.5,grouped,92,4,-1,0.333,0.667,0.222,grouped,-1,1,-1,1.0,0.0,0.0,robust isolated,2,1,grouped in ≥2
R025,Mahoney Playground,Neighborhood Park,R,2.21,71,2,233,0.0,0.333,0.333,grouped,216,2,310,0.25,0.25,0.167,grouped,25,2,145,0.0,0.0,0.0,grouped,95,2,203,0.0,0.0,0.0,grouped,-1,1,-1,1.0,0.0,0.0,robust isolated,2,1,grouped in ≥2
R026,Gerard P. Dugan Playground,Community Park,R,3.333,-1,1,-1,1.0,0.0,0.0,robust isolated,-1,1,-1,1.0,0.0,0.0,robust isolated,-1,1,-1,1.0,0.0,0.0,robust isolated,-1,1,-1,1.0,0.0,0.0,robust isolated,-1,1,-1,1.0,0.0,0.0,robust isolated,0,3,isolated in all
R027#1,Long Pond Park (1/4),Nature Area,R,91.086,133,3,-1,0.333,0.667,0.0,grouped,-1,1,-1,0.75,0.25,0.0,unstable,-1,1,-1,1.0,0.0,0.0,robust isolated,-1,1,-1,1.0,0.0,0.0,robust isolated,-1,1,-1,1.0,0.0,0.0,robust isolated,0,2,isolated in ≥2
R027#2,Long Pond Park (2/4),Nature Area,R,91.086,-1,1,-1,1.0,0.0,0.0,robust isolated,-1,1,-1,0.833,0.167,0.083,robust isolated,22,2,-1,0.5,0.0,0.0,grouped,-1,1,-1,1.0,0.0,0.0,robust isolated,-1,1,-1,1.0,0.0,0.0,robust isolated,0,3,isolated in all
R027#3,Long Pond Park (3/4),Nature Area,R,91.086,133,3,310,0.0,0.667,0.0,grouped,229,3,324,0.0,0.625,0.167,grouped,-1,1,-1,1.0,0.0,0.0,robust isolated,100,3,209,0.0,0.667,0.0,grouped,-1,1,-1,1.0,0.0,0.0,robust isolated,2,1,grouped in ≥2
R027#4,Long Pond Park (4/4),Nature Area,R,91.086,-1,1,-1,0.667,0.333,0.0,unstable,229,3,-1,0.375,0.625,0.167,grouped,21,3,-1,0.5,0.5,0.0,grouped,100,3,-1,0.333,0.667,0.0,grouped,-1,1,-1,1.0,0.0,0.0,robust isolated,2,1,grouped in ≥2
R027A,Aesop Park,Jointly Operated Playground,R,0.912,133,3,310,0.0,0.667,0.0,grouped,229,3,324,0.0,0.625,0.167,grouped,21,3,-1,0.5,0.5,0.0,grouped,100,3,209,0.0,0.667,0.0,grouped,-1,1,-1,1.0,0.0,0.0,robust isolated,2,1,grouped in ≥2
R028,Tappen Park,Historic House Park,R,1.777,74,3,236,0.0,0.667,0.333,grouped,190,2,277,0.0,0.333,0.167,grouped,16,8,110,0.0,0.5,0.0,grouped,71,2,166,0.0,0.0,0.0,grouped,-1,1,-1,1.0,0.0,0.0,robust isolated,2,1,grouped in ≥2
R029,Westerleigh Park,Neighborhood Park,R,2.889,112,2,-1,0.333,0.333,0.0,grouped,-1,1,-1,0.75,0.167,0.167,unstable,19,17,128,0.0,0.5,0.5,grouped,-1,1,-1,1.0,0.0,0.0,robust isolated,-1,1,-1,1.0,0.0,0.0,robust isolated,0,2,isolated in ≥2
R032,Maple Woods,Nature Area,R,0.765,84,5,-1,0.333,0.667,0.667,grouped,184,4,-1,0.5,0.5,0.25,grouped,16,8,-1,0.5,0.5,0.0,grouped,76,5,-1,0.333,0.667,0.0,grouped,-1,1,-1,1.0,0.0,0.0,robust isolated,2,1,grouped in ≥2
R033,Levy Playground,Playground,R,0.49,-1,1,-1,0.667,0.333,0.0,unstable,168,2,252,0.0,0.25,0.167,grouped,19,17,124,0.0,0.5,0.5,grouped,72,2,-1,0.333,0.333,0.0,grouped,-1,1,-1,0.875,0.0,0.0,robust isolated,2,1,grouped in ≥2
R034,Austin J. McDonald Playground,Recreational Field/Courts,R,1.352,103,2,276,0.0,0.333,0.0,grouped,169,2,253,0.0,0.25,0.167,grouped,19,17,126,0.0,1.0,1.0,grouped,94,2,202,0.0,0.0,0.0,grouped,-1,1,-1,0.875,0.125,0.0,robust isolated,2,1,grouped in ≥2
R035,De Matti Park,Neighborhood Park,R,2.335,-1,1,-1,0.667,0.333,0.0,unstable,192,2,-1,0.417,0.25,0.167,grouped,26,2,146,0.0,0.0,0.0,grouped,-1,1,-1,0.667,0.0,0.0,unstable,-1,1,-1,1.0,0.0,0.0,robust isolated,1,1,definition-specific
R036,Bobbie Lewis Jr. Playground,Neighborhood Park,R,0.271,-1,1,-1,0.667,0.333,0.0,unstable,-1,1,-1,0.75,0.167,0.0,unstable,-1,1,-1,1.0,0.0,0.0,robust isolated,-1,1,-1,1.0,0.0,0.0,robust isolated,-1,1,-1,1.0,0.0,0.0,robust isolated,0,2,isolated in ≥2
R037,Liotti Ikefugi Playground,Neighborhood Park,R,0.408,70,6,-1,0.333,0.667,0.333,grouped,-1,1,-1,0.75,0.25,0.167,unstable,-1,1,-1,1.0,0.0,0.0,robust isolated,-1,1,-1,1.0,0.0,0.0,robust isolated,-1,1,-1,1.0,0.0,0.0,robust isolated,0,2,isolated in ≥2
R038,Midland Playground,Jointly Operated Playground,R,1.681,132,3,309,0.0,1.0,1.0,grouped,-1,1,-1,1.0,0.0,0.0,robust isolated,-1,1,-1,1.0,0.0,0.0,robust isolated,-1,1,-1,1.0,0.0,0.0,robust isolated,-1,1,-1,1.0,0.0,0.0,robust isolated,0,3,isolated in all
R038A,Midland Field,Jointly Operated Playground,R,7.463,132,3,309,0.0,1.0,1.0,grouped,-1,1,-1,1.0,0.0,0.0,robust isolated,-1,1,-1,1.0,0.0,0.0,robust isolated,-1,1,-1,1.0,0.0,0.0,robust isolated,-1,1,-1,1.0,0.0,0.0,robust isolated,0,3,isolated in all
R038B,Park,Nature Area,R,5.765,132,3,309,0.0,1.0,1.0,grouped,-1,1,-1,0.833,0.167,0.0,robust isolated,-1,1,-1,1.0,0.0,0.0,robust isolated,-1,1,-1,1.0,0.0,0.0,robust isolated,-1,1,-1,1.0,0.0,0.0,robust isolated,0,3,isolated in all
R042,Kaltenmeier Playground,Neighborhood Park,R,1.02,-1,1,-1,0.667,0.333,0.0,unstable,-1,1,-1,0.75,0.25,0.167,unstable,-1,1,-1,1.0,0.0,0.0,robust isolated,-1,1,-1,1.0,0.0,0.0,robust isolated,-1,1,-1,1.0,0.0,0.0,robust isolated,0,2,isolated in ≥2
R045,Schmul Park,Neighborhood Park,R,7.395,89,3,-1,0.333,0.667,0.333,grouped,-1,1,-1,0.75,0.25,0.0,unstable,-1,1,-1,1.0,0.0,0.0,robust isolated,-1,1,-1,1.0,0.0,0.0,robust isolated,-1,1,-1,1.0,0.0,0.0,robust isolated,0,2,isolated in ≥2
R048,Jones Woods Park,Nature Area,R,16.93,69,7,226,0.0,1.0,0.333,grouped,-1,1,-1,0.833,0.167,0.0,robust isolated,-1,1,-1,1.0,0.0,0.0,robust isolated,-1,1,-1,1.0,0.0,0.0,robust isolated,-1,1,-1,1.0,0.0,0.0,robust isolated,0,3,isolated in all
R050,Forest Grove,Nature Area,R,0.39,116,3,291,0.0,1.0,0.667,grouped,225,4,319,0.0,1.0,0.5,grouped,20,4,-1,0.5,0.5,0.0,grouped,84,3,189,0.0,1.0,0.0,grouped,-1,1,-1,1.0,0.0,0.0,robust isolated,2,1,grouped in ≥2
R052,Allison Pond Park,Nature Area,R,9.2,69,7,226,0.0,1.0,1.0,grouped,176,3,260,0.0,0.75,0.0,grouped,23,2,-1,0.5,0.0,0.0,grouped,89,3,195,0.0,1.0,0.0,grouped,-1,1,-1,1.0,0.0,0.0,robust isolated,2,1,grouped in ≥2
R053,Harris Brothers Park,Neighborhood Park,R,2.288,94,2,265,0.0,0.333,0.0,grouped,200,7,289,0.0,0.583,0.5,grouped,13,21,95,0.0,1.0,1.0,grouped,82,2,187,0.0,0.333,0.333,grouped,-1,1,-1,1.0,0.0,0.0,robust isolated,2,1,grouped in ≥2
R059,Von Briesen Park,Neighborhood Park,R,13.938,131,2,308,0.0,0.0,0.0,grouped,191,2,-1,0.5,0.25,0.167,grouped,16,8,110,0.0,0.5,0.0,grouped,-1,1,-1,1.0,0.0,0.0,robust isolated,-1,1,-1,1.0,0.0,0.0,robust isolated,1,2,isolated in ≥2
R060,Dodgers Triangle,Triangle/Plaza,R,0.033,-1,1,-1,0.667,0.333,0.333,unstable,-1,1,-1,0.75,0.25,0.0,unstable,-1,1,-1,1.0,0.0,0.0,robust isolated,-1,1,-1,1.0,0.0,0.0,robust isolated,-1,1,-1,1.0,0.0,0.0,robust isolated,0,2,isolated in ≥2
R061,Rev. Dr. Maggie Howard Playground,Jointly Operated Playground,R,4.096,74,3,-1,0.333,0.667,0.333,grouped,192,2,-1,0.417,0.25,0.167,grouped,26,2,146,0.0,0.0,0.0,grouped,-1,1,-1,0.667,0.0,0.0,unstable,-1,1,-1,1.0,0.0,0.0,robust isolated,1,1,definition-specific
R062,Arrochar Playground,Jointly Operated Playground,R,0.892,85,2,252,0.0,0.333,0.0,grouped,-1,1,-1,0.75,0.25,0.167,unstable,-1,1,-1,1.0,0.0,0.0,robust isolated,-1,1,-1,1.0,0.0,0.0,robust isolated,-1,1,-1,1.0,0.0,0.0,robust isolated,0,2,isolated in ≥2
R063,Old Town Playground,Playground,R,2.586,-1,1,-1,1.0,0.0,0.0,robust isolated,-1,1,-1,1.0,0.0,0.0,robust isolated,-1,1,-1,1.0,0.0,0.0,robust isolated,-1,1,-1,1.0,0.0,0.0,robust isolated,-1,1,-1,1.0,0.0,0.0,robust isolated,0,3,isolated in all
R064,Christopher J. Igneri Playground,Neighborhood Park,R,1.145,127,4,-1,0.333,0.667,0.333,grouped,158,3,242,0.25,0.75,0.25,grouped,19,17,-1,0.5,0.5,0.0,grouped,97,3,-1,0.333,0.667,0.0,grouped,-1,1,-1,1.0,0.0,0.0,robust isolated,2,1,grouped in ≥2
R066,North Shore Esplanade,Triangle/Plaza,R,1.521,70,6,-1,0.333,0.667,0.667,grouped,-1,1,-1,0.625,0.375,0.25,unstable,-1,1,-1,1.0,0.0,0.0,robust isolated,92,4,-1,0.444,0.556,0.333,grouped,-1,1,-1,1.0,0.0,0.0,robust isolated,1,1,definition-specific
R067,Gen. Douglas MacArthur Park,Community Park,R,5.165,114,2,-1,0.333,0.333,0.0,grouped,-1,1,-1,0.833,0.167,0.0,robust isolated,18,3,-1,0.5,0.5,0.0,grouped,-1,1,-1,1.0,0.0,0.0,robust isolated,-1,1,-1,1.0,0.0,0.0,robust isolated,0,3,isolated in all
R068,The Big Park,Neighborhood Park,R,3.014,-1,1,-1,0.667,0.333,0.0,unstable,-1,1,-1,0.833,0.167,0.167,robust isolated,-1,1,-1,1.0,0.0,0.0,robust isolated,-1,1,-1,1.0,0.0,0.0,robust isolated,-1,1,-1,1.0,0.0,0.0,robust isolated,0,3,isolated in all
R069,Terrace Playground,Jointly Operated Playground,R,1.922,-1,1,-1,1.0,0.0,0.0,robust isolated,-1,1,-1,1.0,0.0,0.0,robust isolated,-1,1,-1,1.0,0.0,0.0,robust isolated,-1,1,-1,1.0,0.0,0.0,robust isolated,-1,1,-1,1.0,0.0,0.0,robust isolated,0,3,isolated in all
R070,Clove's Tail,Recreational Field/Courts,R,2.056,127,4,-1,0.333,0.667,0.667,grouped,-1,1,-1,0.75,0.25,0.25,unstable,19,17,-1,0.5,0.5,0.0,grouped,-1,1,-1,1.0,0.0,0.0,robust isolated,-1,1,-1,1.0,0.0,0.0,robust isolated,0,2,isolated in ≥2
R071,Great Kills Veterans Playground,Jointly Operated Playground,R,1.065,-1,1,-1,1.0,0.0,0.0,robust isolated,-1,1,-1,0.875,0.125,0.0,robust isolated,-1,1,-1,1.0,0.0,0.0,robust isolated,-1,1,-1,1.0,0.0,0.0,robust isolated,-1,1,-1,1.0,0.0,0.0,robust isolated,0,3,isolated in all
R072,Clawson Playground,Jointly Operated Playground,R,3.593,-1,1,-1,1.0,0.0,0.0,robust isolated,-1,1,-1,1.0,0.0,0.0,robust isolated,-1,1,-1,1.0,0.0,0.0,robust isolated,-1,1,-1,1.0,0.0,0.0,robust isolated,-1,1,-1,1.0,0.0,0.0,robust isolated,0,3,isolated in all
R073,Naples Playground,Jointly Operated Playground,R,3.216,-1,1,-1,0.667,0.333,0.0,unstable,-1,1,-1,0.75,0.25,0.167,unstable,-1,1,-1,1.0,0.0,0.0,robust isolated,-1,1,-1,1.0,0.0,0.0,robust isolated,-1,1,-1,1.0,0.0,0.0,robust isolated,0,2,isolated in ≥2
R075A,Father Macris Park,Recreational Field/Courts,R,13.469,-1,1,-1,1.0,0.0,0.0,robust isolated,-1,1,-1,1.0,0.0,0.0,robust isolated,-1,1,-1,1.0,0.0,0.0,robust isolated,-1,1,-1,1.0,0.0,0.0,robust isolated,-1,1,-1,1.0,0.0,0.0,robust isolated,0,3,isolated in all
R075B,Westwood Park,Nature Area,R,6.563,-1,1,-1,0.667,0.0,0.0,unstable,-1,1,-1,0.75,0.167,0.167,unstable,19,17,128,0.0,0.5,0.5,grouped,-1,1,-1,1.0,0.0,0.0,robust isolated,-1,1,-1,1.0,0.0,0.0,robust isolated,0,2,isolated in ≥2
R075C,Ingram Woods,Nature Area,R,3.77,-1,1,-1,0.667,0.0,0.0,unstable,-1,1,-1,0.583,0.167,0.167,unstable,19,17,125,0.0,1.0,0.5,grouped,-1,1,-1,0.667,0.0,0.0,unstable,-1,1,-1,1.0,0.0,0.0,robust isolated,0,1,definition-specific
R075E,Park,Strip,R,0.113,127,4,302,0.0,0.667,0.667,grouped,158,3,242,0.0,0.75,0.25,grouped,19,17,127,0.0,0.5,0.0,grouped,97,3,205,0.0,0.667,0.0,grouped,-1,1,-1,1.0,0.0,0.0,robust isolated,2,1,grouped in ≥2
R075F,Park,Strip,R,0.071,127,4,302,0.0,0.667,0.667,grouped,158,3,242,0.0,0.75,0.25,grouped,19,17,127,0.0,0.5,0.0,grouped,97,3,205,0.0,0.667,0.0,grouped,-1,1,-1,1.0,0.0,0.0,robust isolated,2,1,grouped in ≥2
R075G,Bradys Pond Park,Nature Area,R,6.402,-1,1,-1,0.667,0.333,0.0,unstable,-1,1,-1,0.75,0.25,0.167,unstable,-1,1,-1,1.0,0.0,0.0,robust isolated,-1,1,-1,1.0,0.0,0.0,robust isolated,-1,1,-1,1.0,0.0,0.0,robust isolated,0,2,isolated in ≥2
R076,Markham Playground,Jointly Operated Playground,R,2.836,111,2,284,0.0,0.333,0.333,grouped,166,2,250,0.0,0.25,0.25,grouped,19,17,-1,0.5,0.5,0.5,grouped,96,2,204,0.0,0.0,0.0,grouped,-1,1,-1,1.0,0.0,0.0,robust isolated,2,1,grouped in ≥2
R077,St. George Park,Triangle/Plaza,R,0.089,70,6,-1,0.333,0.667,0.667,grouped,177,4,261,0.125,0.5,0.333,grouped,24,4,142,0.0,0.5,0.5,grouped,92,4,198,0.0,0.778,0.222,grouped,-1,1,-1,1.0,0.0,0.0,robust isolated,2,1,grouped in ≥2
R078,Northerleigh Park,Neighborhood Park,R,3.955,112,2,-1,0.333,0.333,0.0,grouped,-1,1,-1,0.75,0.167,0.167,unstable,-1,1,-1,1.0,0.0,0.0,robust isolated,-1,1,-1,1.0,0.0,0.0,robust isolated,-1,1,-1,1.0,0.0,0.0,robust isolated,0,2,isolated in ≥2
R080,Annadale Green,Triangle/Plaza,R,0.3,-1,1,-1,0.667,0.333,0.333,unstable,202,2,-1,0.5,0.5,0.167,grouped,13,21,-1,0.5,0.5,0.0,grouped,79,3,-1,0.333,0.667,0.333,grouped,-1,1,-1,0.938,0.0,0.0,robust isolated,2,1,grouped in ≥2
R085,E.M.T. Christopher J. Prescott Playground,Jointly Operated Playground,R,1.124,91,3,260,0.0,1.0,0.667,grouped,-1,1,-1,0.75,0.25,0.167,unstable,-1,1,-1,1.0,0.0,0.0,robust isolated,86,2,192,0.0,0.0,0.0,grouped,-1,1,-1,1.0,0.0,0.0,robust isolated,1,1,definition-specific
R086,Davis Playground,Jointly Operated Playground,R,0.949,71,2,233,0.0,0.333,0.333,grouped,216,2,310,0.25,0.25,0.0,grouped,25,2,145,0.0,0.0,0.0,grouped,95,2,203,0.0,0.0,0.0,grouped,-1,1,-1,1.0,0.0,0.0,robust isolated,2,1,grouped in ≥2
R087,Dongan Playground,Jointly Operated Playground,R,1.05,-1,1,-1,0.667,0.333,0.0,unstable,-1,1,-1,0.583,0.167,0.0,unstable,18,3,-1,0.5,0.5,0.0,grouped,-1,1,-1,1.0,0.0,0.0,robust isolated,-1,1,-1,1.0,0.0,0.0,robust isolated,0,2,isolated in ≥2
R088,High Rock Park,Nature Area,R,94.1,-1,1,-1,0.667,0.0,0.0,unstable,-1,1,-1,0.875,0.0,0.0,robust isolated,-1,1,-1,1.0,0.0,0.0,robust isolated,75,2,-1,0.333,0.0,0.0,grouped,-1,1,-1,1.0,0.0,0.0,robust isolated,1,2,isolated in ≥2
R089,Greencroft Playground,Jointly Operated Playground,R,3.23,-1,1,-1,0.667,0.333,0.0,unstable,-1,1,-1,1.0,0.0,0.0,robust isolated,-1,1,-1,1.0,0.0,0.0,robust isolated,-1,1,-1,1.0,0.0,0.0,robust isolated,-1,1,-1,1.0,0.0,0.0,robust isolated,0,3,isolated in all
R090,Lieutenant John H. Martinson Playground,Jointly Operated Playground,R,1.375,-1,1,-1,0.667,0.333,0.0,unstable,-1,1,-1,0.833,0.167,0.167,robust isolated,15,2,-1,0.5,0.0,0.0,grouped,-1,1,-1,1.0,0.0,0.0,robust isolated,-1,1,-1,1.0,0.0,0.0,robust isolated,0,3,isolated in all
R094,Park,Triangle/Plaza,R,1.178,94,2,265,0.0,0.333,0.333,grouped,200,7,289,0.0,0.583,0.5,grouped,13,21,95,0.0,1.0,1.0,grouped,82,2,187,0.0,0.333,0.333,grouped,-1,1,-1,1.0,0.0,0.0,robust isolated,2,1,grouped in ≥2
R095,Park,Nature Area,R,0.735,93,2,264,0.0,0.333,0.333,grouped,200,7,290,0.125,0.625,0.5,grouped,13,21,95,0.0,1.0,1.0,grouped,83,2,188,0.0,0.333,0.333,grouped,-1,1,-1,1.0,0.0,0.0,robust isolated,2,1,grouped in ≥2
R096,Park,Triangle/Plaza,R,0.184,93,2,264,0.0,0.333,0.333,grouped,200,7,290,0.125,0.625,0.5,grouped,13,21,95,0.0,1.0,1.0,grouped,83,2,188,0.0,0.333,0.333,grouped,-1,1,-1,1.0,0.0,0.0,robust isolated,2,1,grouped in ≥2
R097,Ida Court,Playground,R,1.6,92,5,262,0.0,0.667,0.667,grouped,201,5,292,0.125,0.875,0.667,grouped,13,21,96,0.0,1.0,1.0,grouped,78,4,177,0.0,0.667,0.667,grouped,-1,1,-1,0.938,0.062,0.0,robust isolated,2,1,grouped in ≥2
R098,Park,Parkway,R,5.848,92,5,262,0.0,0.667,0.667,grouped,201,5,292,0.042,0.875,0.583,grouped,13,21,96,0.0,1.0,1.0,grouped,78,4,-1,0.333,0.667,0.333,grouped,-1,1,-1,0.875,0.062,0.0,robust isolated,2,1,grouped in ≥2
R099,Park,Nature Area,R,0.554,92,5,-1,0.333,0.667,0.667,grouped,201,5,292,0.042,0.875,0.667,grouped,13,21,96,0.0,1.0,0.5,grouped,78,4,177,0.0,0.667,0.667,grouped,-1,1,-1,0.875,0.062,0.0,robust isolated,2,1,grouped in ≥2
R100,Drumgoole Tot Lot,Playground,R,0.636,-1,1,-1,0.667,0.333,0.333,unstable,200,7,291,0.0,0.792,0.375,grouped,13,21,95,0.0,1.0,1.0,grouped,81,3,-1,0.333,0.667,0.333,grouped,-1,1,-1,1.0,0.0,0.0,robust isolated,2,1,grouped in ≥2
R101,Wegener Park,Nature Area,R,3.464,-1,1,-1,0.667,0.333,0.0,unstable,201,5,-1,0.333,0.667,0.458,grouped,13,21,96,0.0,1.0,1.0,grouped,79,3,-1,0.333,0.667,0.333,grouped,-1,1,-1,0.875,0.062,0.0,robust isolated,2,1,grouped in ≥2
R102,Park,Strip,R,0.006,92,5,261,0.0,0.667,0.667,grouped,200,7,291,0.208,0.792,0.5,grouped,13,21,95,0.0,1.0,1.0,grouped,81,3,-1,0.333,0.667,0.333,grouped,-1,1,-1,1.0,0.0,0.0,robust isolated,2,1,grouped in ≥2
R103,Park,Strip,R,0.006,92,5,261,0.0,0.667,0.667,grouped,201,5,292,0.167,0.833,0.667,grouped,13,21,96,0.0,1.0,1.0,grouped,78,4,-1,0.333,0.667,0.667,grouped,-1,1,-1,0.938,0.0,0.0,robust isolated,2,1,grouped in ≥2
R105,Prall Playground,Jointly Operated Playground,R,1.307,103,2,276,0.0,0.333,0.0,grouped,169,2,253,0.0,0.25,0.167,grouped,19,17,126,0.0,1.0,1.0,grouped,94,2,202,0.0,0.0,0.0,grouped,-1,1,-1,0.875,0.125,0.0,robust isolated,2,1,grouped in ≥2
R107,New Dorp Park,Nature Area,R,0.785,-1,1,-1,1.0,0.0,0.0,robust isolated,-1,1,-1,1.0,0.0,0.0,robust isolated,-1,1,-1,1.0,0.0,0.0,robust isolated,-1,1,-1,1.0,0.0,0.0,robust isolated,-1,1,-1,1.0,0.0,0.0,robust isolated,0,3,isolated in all
R109,CPL. Thompson Park,Community Park,R,10.5,102,3,-1,0.333,0.667,0.333,grouped,-1,1,-1,0.75,0.25,0.167,unstable,-1,1,-1,1.0,0.0,0.0,robust isolated,-1,1,-1,0.778,0.222,0.0,unstable,-1,1,-1,1.0,0.0,0.0,robust isolated,0,1,definition-specific
R111,Lt. Lia Playground,Playground,R,1.37,70,6,-1,0.333,0.667,0.667,grouped,177,4,-1,0.5,0.5,0.25,grouped,24,4,-1,0.5,0.5,0.0,grouped,-1,1,-1,0.556,0.444,0.0,unstable,-1,1,-1,1.0,0.0,0.0,robust isolated,1,1,definition-specific
R112#17,Meredith Woods (17/25),Nature Area,R,37.064,-1,1,-1,0.667,0.333,0.0,unstable,-1,1,-1,0.75,0.0,0.0,unstable,-1,1,-1,1.0,0.0,0.0,robust isolated,-1,1,-1,1.0,0.0,0.0,robust isolated,-1,1,-1,1.0,0.0,0.0,robust isolated,0,2,isolated in ≥2
R112#18,Meredith Woods (18/25),Nature Area,R,37.064,88,2,255,0.0,0.333,0.0,grouped,-1,1,-1,0.833,0.167,0.0,robust isolated,17,5,-1,0.5,0.5,0.0,grouped,-1,1,-1,1.0,0.0,0.0,robust isolated,-1,1,-1,1.0,0.0,0.0,robust isolated,0,3,isolated in all
R112#21,Meredith Woods (21/25),Nature Area,R,37.064,-1,1,-1,0.0,0.0,0.0,unresolved,-1,1,-1,0.0,0.0,0.0,unresolved,-1,1,-1,0.0,0.0,0.0,unresolved,-1,1,-1,0.0,0.0,0.0,unresolved,-1,1,-1,0.0,0.0,0.0,unresolved,0,0,definition-specific
R112#22,Meredith Woods (22/25),Nature Area,R,37.064,-1,1,-1,0.0,0.0,0.0,unresolved,-1,1,-1,0.0,0.0,0.0,unresolved,-1,1,-1,0.0,0.0,0.0,unresolved,-1,1,-1,0.0,0.0,0.0,unresolved,-1,1,-1,0.0,0.0,0.0,unresolved,0,0,definition-specific
R112#24,Meredith Woods (24/25),Nature Area,R,37.064,89,3,-1,0.333,0.667,0.333,grouped,212,2,305,0.25,0.375,0.125,grouped,17,5,-1,0.5,0.5,0.0,grouped,80,2,183,0.0,0.0,0.0,grouped,-1,1,-1,0.75,0.25,0.0,unstable,2,0,grouped in ≥2
R112#4,Meredith Woods (4/25),Nature Area,R,37.064,-1,1,-1,0.667,0.0,0.0,unstable,-1,1,-1,1.0,0.0,0.0,robust isolated,-1,1,-1,1.0,0.0,0.0,robust isolated,-1,1,-1,1.0,0.0,0.0,robust isolated,-1,1,-1,1.0,0.0,0.0,robust isolated,0,3,isolated in all
R112#6,Meredith Woods (6/25),Nature Area,R,37.064,-1,1,-1,0.667,0.333,0.0,unstable,-1,1,-1,1.0,0.0,0.0,robust isolated,-1,1,-1,1.0,0.0,0.0,robust isolated,-1,1,-1,1.0,0.0,0.0,robust isolated,-1,1,-1,1.0,0.0,0.0,robust isolated,0,3,isolated in all
R112#7,Meredith Woods (7/25),Nature Area,R,37.064,-1,1,-1,0.667,0.333,0.333,unstable,213,2,-1,0.375,0.375,0.125,grouped,17,5,117,0.0,0.5,0.0,grouped,77,2,-1,0.333,0.0,0.0,grouped,148,2,156,0.125,0.25,0.0,grouped,3,0,grouped in all
R112#9,Meredith Woods (9/25),Nature Area,R,37.064,-1,1,-1,0.667,0.333,0.0,unstable,-1,1,-1,1.0,0.0,0.0,robust isolated,-1,1,-1,1.0,0.0,0.0,robust isolated,-1,1,-1,1.0,0.0,0.0,robust isolated,-1,1,-1,1.0,0.0,0.0,robust isolated,0,3,isolated in all
R114,Jennifer's Playground,Neighborhood Park,R,1.6,-1,1,-1,1.0,0.0,0.0,robust isolated,225,4,-1,0.5,0.5,0.5,grouped,20,4,133,0.0,1.0,0.0,grouped,-1,1,-1,1.0,0.0,0.0,robust isolated,-1,1,-1,0.938,0.0,0.0,robust isolated,1,2,isolated in ≥2
R115,Deere Park,Nature Area,R,39.13085296,-1,1,-1,0.667,0.0,0.0,unstable,-1,1,-1,0.833,0.167,0.083,robust isolated,-1,1,-1,1.0,0.0,0.0,robust isolated,-1,1,-1,1.0,0.0,0.0,robust isolated,-1,1,-1,1.0,0.0,0.0,robust isolated,0,3,isolated in all
R116,Snug Harbor Cultural Center,Historic House Park,R,83.3,69,7,226,0.0,1.0,1.0,grouped,176,3,260,0.0,0.75,0.167,grouped,23,2,-1,0.5,0.0,0.0,grouped,89,3,195,0.0,1.0,0.0,grouped,-1,1,-1,1.0,0.0,0.0,robust isolated,2,1,grouped in ≥2
R117,Alice Austen Park,Historic House Park,R,15.524,-1,1,-1,0.667,0.333,0.0,unstable,-1,1,-1,0.75,0.25,0.167,unstable,16,8,-1,0.5,0.5,0.0,grouped,-1,1,-1,1.0,0.0,0.0,robust isolated,-1,1,-1,1.0,0.0,0.0,robust isolated,0,2,isolated in ≥2
R118,Reed's Basket Willow Swamp Park,Nature Area,R,52.68328275,-1,1,-1,0.667,0.0,0.0,unstable,-1,1,-1,1.0,0.0,0.0,robust isolated,-1,1,-1,1.0,0.0,0.0,robust isolated,-1,1,-1,1.0,0.0,0.0,robust isolated,-1,1,-1,1.0,0.0,0.0,robust isolated,0,3,isolated in all
R121,Siedenburg Park,Nature Area,R,22.882,-1,1,-1,0.667,0.333,0.0,unstable,-1,1,-1,0.75,0.0,0.0,unstable,-1,1,-1,1.0,0.0,0.0,robust isolated,85,2,-1,0.333,0.0,0.0,grouped,-1,1,-1,1.0,0.0,0.0,robust isolated,1,1,definition-specific
R123,Cottages Hill New Brighton Park,Neighborhood Park,R,2.057,69,7,226,0.0,1.0,0.333,grouped,-1,1,-1,0.833,0.167,0.0,robust isolated,-1,1,-1,1.0,0.0,0.0,robust isolated,-1,1,-1,1.0,0.0,0.0,robust isolated,-1,1,-1,1.0,0.0,0.0,robust isolated,0,3,isolated in all
R124,Eibs Pond Park,Nature Area,R,16.505,84,5,-1,0.333,0.667,0.333,grouped,-1,1,-1,0.75,0.25,0.25,unstable,-1,1,-1,1.0,0.0,0.0,robust isolated,76,5,173,0.0,1.0,0.0,grouped,-1,1,-1,1.0,0.0,0.0,robust isolated,1,1,definition-specific
R125,Lopez Playground,Neighborhood Park,R,1.115,84,5,-1,0.333,0.667,0.667,grouped,184,4,270,0.0,0.75,0.75,grouped,16,8,-1,0.5,0.5,0.5,grouped,76,5,173,0.0,1.0,0.667,grouped,-1,1,-1,1.0,0.0,0.0,robust isolated,2,1,grouped in ≥2
R126,Gaeta Park,Triangle/Plaza,R,1.43,-1,1,-1,1.0,0.0,0.0,robust isolated,-1,1,-1,0.667,0.167,0.167,unstable,19,17,125,0.0,1.0,0.5,grouped,-1,1,-1,0.667,0.0,0.0,unstable,-1,1,-1,1.0,0.0,0.0,robust isolated,0,1,definition-specific
R127,Joseph Manna Park,Triangle/Plaza,R,0.85,116,3,291,0.0,1.0,0.667,grouped,225,4,319,0.0,1.0,0.5,grouped,20,4,133,0.0,1.0,0.0,grouped,84,3,189,0.0,1.0,0.0,grouped,-1,1,-1,1.0,0.0,0.0,robust isolated,2,1,grouped in ≥2
R128,Shooters Island,Nature Area,R,34.689,-1,1,-1,0.0,0.0,0.0,unresolved,-1,1,-1,0.0,0.0,0.0,unresolved,-1,1,-1,0.0,0.0,0.0,unresolved,-1,1,-1,0.0,0.0,0.0,unresolved,-1,1,-1,0.0,0.0,0.0,unresolved,0,0,definition-specific
R131,Huguenot Ponds Park,Nature Area,R,1.53,-1,1,-1,0.667,0.333,0.333,unstable,-1,1,-1,0.792,0.208,0.167,unstable,13,21,-1,0.5,0.5,0.0,grouped,-1,1,-1,1.0,0.0,0.0,robust isolated,-1,1,-1,1.0,0.0,0.0,robust isolated,0,2,isolated in ≥2
R132,Bunker Ponds Park,Nature Area,R,36.691,91,3,260,0.0,1.0,0.667,grouped,-1,1,-1,0.75,0.25,0.167,unstable,13,21,-1,0.5,0.5,0.5,grouped,86,2,192,0.0,0.0,0.0,grouped,-1,1,-1,1.0,0.0,0.0,robust isolated,1,1,definition-specific
R133,Arbutus Woods Park,Nature Area,R,2.65,-1,1,-1,0.667,0.333,0.333,unstable,-1,1,-1,1.0,0.0,0.0,robust isolated,-1,1,-1,1.0,0.0,0.0,robust isolated,-1,1,-1,1.0,0.0,0.0,robust isolated,-1,1,-1,1.0,0.0,0.0,robust isolated,0,3,isolated in all
R136,Hybrid Oak Woods Park,Nature Area,R,9.763,-1,1,-1,1.0,0.0,0.0,robust isolated,-1,1,-1,0.833,0.167,0.167,robust isolated,22,2,-1,0.5,0.0,0.0,grouped,-1,1,-1,1.0,0.0,0.0,robust isolated,-1,1,-1,1.0,0.0,0.0,robust isolated,0,3,isolated in all
R137,Bayview Terrace Park,Nature Area,R,16.944,80,2,243,0.0,0.333,0.333,grouped,-1,1,-1,0.833,0.167,0.0,robust isolated,-1,1,-1,1.0,0.0,0.0,robust isolated,-1,1,-1,1.0,0.0,0.0,robust isolated,-1,1,-1,1.0,0.0,0.0,robust isolated,0,3,isolated in all
R137A,Garden,Garden,R,0.252,80,2,243,0.0,0.333,0.333,grouped,-1,1,-1,1.0,0.0,0.0,robust isolated,-1,1,-1,1.0,0.0,0.0,robust isolated,-1,1,-1,1.0,0.0,0.0,robust isolated,-1,1,-1,1.0,0.0,0.0,robust isolated,0,3,isolated in all
R138,Kingdom Pond Park,Nature Area,R,4.22,91,3,260,0.0,1.0,0.667,grouped,-1,1,-1,0.75,0.25,0.167,unstable,13,21,-1,0.5,0.5,0.0,grouped,-1,1,-1,1.0,0.0,0.0,robust isolated,-1,1,-1,1.0,0.0,0.0,robust isolated,0,2,isolated in ≥2
R139,Tottenville Shore Park,Nature Area,R,9.181,-1,1,-1,1.0,0.0,0.0,robust isolated,-1,1,-1,0.917,0.083,0.0,robust isolated,21,3,-1,0.5,0.5,0.0,grouped,-1,1,-1,1.0,0.0,0.0,robust isolated,-1,1,-1,1.0,0.0,0.0,robust isolated,0,3,isolated in all
R140,King Fisher Park,Nature Area,R,23.01,-1,1,-1,0.667,0.333,0.0,unstable,-1,1,-1,0.75,0.0,0.0,unstable,-1,1,-1,1.0,0.0,0.0,robust isolated,85,2,-1,0.333,0.0,0.0,grouped,-1,1,-1,1.0,0.0,0.0,robust isolated,1,1,definition-specific
R141,Graniteville Swamp Park,Nature Area,R,9.187,116,3,291,0.0,1.0,0.667,grouped,225,4,319,0.0,1.0,0.5,grouped,20,4,133,0.0,1.0,0.0,grouped,84,3,189,0.0,1.0,0.0,grouped,-1,1,-1,0.938,0.0,0.0,robust isolated,2,1,grouped in ≥2
R144,Sobel Court Park,Playground,R,1.137,84,5,-1,0.333,0.667,0.333,grouped,184,4,270,0.25,0.75,0.75,grouped,16,8,-1,0.5,0.5,0.5,grouped,76,5,173,0.0,1.0,0.667,grouped,-1,1,-1,1.0,0.0,0.0,robust isolated,2,1,grouped in ≥2
R145,Seaside Wildlife Nature Park,Neighborhood Park,R,20.907,-1,1,-1,1.0,0.0,0.0,robust isolated,-1,1,-1,0.958,0.042,0.0,robust isolated,13,21,-1,0.5,0.5,0.0,grouped,-1,1,-1,1.0,0.0,0.0,robust isolated,-1,1,-1,1.0,0.0,0.0,robust isolated,0,3,isolated in all
R146,Joe Holzka Community Garden,Garden,R,0.429,102,3,-1,0.333,0.667,0.333,grouped,168,2,252,0.0,0.25,0.167,grouped,19,17,124,0.0,0.5,0.5,grouped,72,2,-1,0.333,0.333,0.0,grouped,-1,1,-1,0.875,0.0,0.0,robust isolated,2,1,grouped in ≥2
R147,South Beach Wetlands,Nature Area,R,5.188,-1,1,-1,0.0,0.0,0.0,unresolved,-1,1,-1,0.0,0.0,0.0,unresolved,-1,1,-1,0.0,0.0,0.0,unresolved,-1,1,-1,0.0,0.0,0.0,unresolved,-1,1,-1,0.0,0.0,0.0,unresolved,0,0,definition-specific
R148,Last Chance Pond Park,Nature Area,R,3.903,114,2,-1,0.333,0.333,0.0,grouped,-1,1,-1,0.583,0.167,0.0,unstable,18,3,-1,0.5,0.5,0.0,grouped,-1,1,-1,1.0,0.0,0.0,robust isolated,-1,1,-1,1.0,0.0,0.0,robust isolated,0,2,isolated in ≥2
R150,Graniteville Quarry Park,Nature Area,R,4.465,-1,1,-1,0.667,0.333,0.333,unstable,-1,1,-1,0.75,0.25,0.25,unstable,14,2,-1,0.5,0.0,0.0,grouped,-1,1,-1,1.0,0.0,0.0,robust isolated,-1,1,-1,1.0,0.0,0.0,robust isolated,0,2,isolated in ≥2
R151,Isle Of Meadows,Nature Area,R,87.516,-1,1,-1,0.0,0.0,0.0,unresolved,-1,1,-1,0.0,0.0,0.0,unresolved,-1,1,-1,0.0,0.0,0.0,unresolved,-1,1,-1,0.0,0.0,0.0,unresolved,-1,1,-1,0.0,0.0,0.0,unresolved,0,0,definition-specific
R152,Carlton Park,Nature Area,R,1.25,-1,1,-1,0.667,0.333,0.0,unstable,200,7,291,0.0,0.792,0.125,grouped,13,21,95,0.0,1.0,1.0,grouped,81,3,-1,0.333,0.667,0.0,grouped,-1,1,-1,1.0,0.0,0.0,robust isolated,2,1,grouped in ≥2
R153,Fairview Park,Community Park,R,42.6,-1,1,-1,0.667,0.333,0.0,unstable,-1,1,-1,0.75,0.0,0.0,unstable,-1,1,-1,1.0,0.0,0.0,robust isolated,-1,1,-1,1.0,0.0,0.0,robust isolated,-1,1,-1,1.0,0.0,0.0,robust isolated,0,2,isolated in ≥2
R156,Sylvan Grove Cemetery,Triangle/Plaza,R,2.476,89,3,-1,0.333,0.667,0.333,grouped,212,2,305,0.25,0.375,0.125,grouped,17,5,-1,0.5,0.5,0.0,grouped,80,2,183,0.0,0.0,0.0,grouped,-1,1,-1,1.0,0.0,0.0,robust isolated,2,1,grouped in ≥2
R158,Fort Hill Park,Nature Area,R,0.845,70,6,-1,0.333,0.667,0.333,grouped,-1,1,-1,0.75,0.25,0.167,unstable,-1,1,-1,1.0,0.0,0.0,robust isolated,-1,1,-1,1.0,0.0,0.0,robust isolated,-1,1,-1,1.0,0.0,0.0,robust isolated,0,2,isolated in ≥2
R159,Old Place Creek Park,Nature Area,R,44.733,-1,1,-1,1.0,0.0,0.0,robust isolated,-1,1,-1,1.0,0.0,0.0,robust isolated,-1,1,-1,1.0,0.0,0.0,robust isolated,-1,1,-1,1.0,0.0,0.0,robust isolated,-1,1,-1,1.0,0.0,0.0,robust isolated,0,3,isolated in all
R160,Heritage Park,Neighborhood Park,R,9.934,102,3,-1,0.333,0.667,0.333,grouped,-1,1,-1,1.0,0.0,0.0,robust isolated,-1,1,-1,1.0,0.0,0.0,robust isolated,-1,1,-1,1.0,0.0,0.0,robust isolated,-1,1,-1,1.0,0.0,0.0,robust isolated,0,3,isolated in all
R161,Laredo Avenue Parcel,Nature Area,R,2.223,-1,1,-1,0.667,0.333,0.0,unstable,202,2,-1,0.5,0.5,0.167,grouped,13,21,-1,0.5,0.5,0.0,grouped,79,3,-1,0.333,0.667,0.333,grouped,-1,1,-1,0.938,0.0,0.0,robust isolated,2,1,grouped in ≥2
R162,Olmsted-Beil House Park,Historic House Park,R,2.76,-1,1,-1,0.667,0.333,0.333,unstable,-1,1,-1,0.75,0.167,0.167,unstable,13,21,-1,0.5,0.5,0.0,grouped,-1,1,-1,1.0,0.0,0.0,robust isolated,-1,1,-1,1.0,0.0,0.0,robust isolated,0,2,isolated in ≥2
R163,Meredith Woods,Nature Area,R,15.368,88,2,255,0.0,0.333,0.333,grouped,213,2,-1,0.417,0.333,0.125,grouped,17,5,117,0.0,0.5,0.0,grouped,77,2,-1,0.333,0.0,0.0,grouped,148,2,156,0.125,0.25,0.0,grouped,3,0,grouped in all
R164,Targee Street Triangle,Triangle/Plaza,R,0.206,84,5,-1,0.333,0.667,0.667,grouped,184,4,270,0.0,0.75,0.75,grouped,16,8,-1,0.5,0.5,0.5,grouped,76,5,173,0.0,1.0,0.667,grouped,-1,1,-1,1.0,0.0,0.0,robust isolated,2,1,grouped in ≥2
R165,Blueberry Park,Neighborhood Park,R,0.724,-1,1,-1,0.667,0.333,0.333,unstable,-1,1,-1,0.75,0.167,0.167,unstable,15,2,-1,0.5,0.0,0.0,grouped,-1,1,-1,1.0,0.0,0.0,robust isolated,-1,1,-1,1.0,0.0,0.0,robust isolated,0,2,isolated in ≥2
R166,Manor Park,Nature Area,R,1.78,-1,1,-1,0.667,0.0,0.0,unstable,-1,1,-1,0.875,0.0,0.0,robust isolated,-1,1,-1,1.0,0.0,0.0,robust isolated,75,2,-1,0.333,0.0,0.0,grouped,-1,1,-1,1.0,0.0,0.0,robust isolated,1,2,isolated in ≥2
R167,Richmond Terrace Park,Nature Area,R,11.193,-1,1,-1,0.667,0.333,0.0,unstable,-1,1,-1,0.75,0.167,0.167,unstable,14,2,-1,0.5,0.0,0.0,grouped,-1,1,-1,0.667,0.333,0.0,unstable,-1,1,-1,1.0,0.0,0.0,robust isolated,0,1,definition-specific
R168,Park,Triangle/Plaza,R,0.049,-1,1,-1,1.0,0.0,0.0,robust isolated,-1,1,-1,0.917,0.083,0.0,robust isolated,13,21,-1,0.5,0.5,0.0,grouped,-1,1,-1,1.0,0.0,0.0,robust isolated,-1,1,-1,1.0,0.0,0.0,robust isolated,0,3,isolated in all
R169,Goodhue Park,Neighborhood Park,R,26.532,69,7,226,0.0,1.0,0.667,grouped,-1,1,-1,0.792,0.208,0.167,unstable,-1,1,-1,1.0,0.0,0.0,robust isolated,-1,1,-1,1.0,0.0,0.0,robust isolated,-1,1,-1,1.0,0.0,0.0,robust isolated,0,2,isolated in ≥2
R170,Stapleton Esplanade,Waterfront Facility,R,4.605,74,3,236,0.0,0.667,0.333,grouped,190,2,277,0.0,0.333,0.0,grouped,-1,1,-1,1.0,0.0,0.0,robust isolated,71,2,166,0.0,0.0,0.0,grouped,-1,1,-1,1.0,0.0,0.0,robust isolated,2,1,grouped in ≥2
R173,Snug Harbor Cemetery,Nature Area,R,6.489,69,7,226,0.0,1.0,1.0,grouped,-1,1,-1,0.875,0.125,0.0,robust isolated,-1,1,-1,1.0,0.0,0.0,robust isolated,-1,1,-1,1.0,0.0,0.0,robust isolated,-1,1,-1,1.0,0.0,0.0,robust isolated,0,3,isolated in all
X001,Aqueduct Walk,Community Park,X,4.926,18,28,80,0.0,1.0,1.0,grouped,131,45,199,0.0,1.0,0.583,grouped,1,89,-1,0.5,0.5,0.5,grouped,19,47,42,0.0,1.0,0.889,grouped,-1,1,-1,1.0,0.0,0.0,robust isolated,2,1,grouped in ≥2
X001A#1,Aqueduct Walk (1/5),Community Park,X,8.607,20,63,96,0.0,1.0,1.0,grouped,131,45,203,0.0,1.0,1.0,grouped,1,89,1,0.0,1.0,1.0,grouped,19,47,55,0.0,1.0,1.0,grouped,-1,1,-1,1.0,0.0,0.0,robust isolated,2,1,grouped in ≥2
X001A#2,Aqueduct Walk (2/5),Community Park,X,8.607,20,63,-1,0.333,0.667,0.667,grouped,-1,1,-1,0.75,0.25,0.25,unstable,-1,1,-1,1.0,0.0,0.0,robust isolated,-1,1,-1,1.0,0.0,0.0,robust isolated,-1,1,-1,1.0,0.0,0.0,robust isolated,0,2,isolated in ≥2
X001A#3,Aqueduct Walk (3/5),Community Park,X,8.607,18,28,80,0.0,1.0,1.0,grouped,131,45,199,0.0,1.0,0.5,grouped,1,89,-1,0.5,0.5,0.5,grouped,19,47,42,0.0,1.0,0.667,grouped,-1,1,-1,1.0,0.0,0.0,robust isolated,2,1,grouped in ≥2
X001A#4,Aqueduct Walk (4/5),Community Park,X,8.607,20,63,97,0.0,1.0,0.667,grouped,127,28,189,0.25,0.75,0.75,grouped,1,89,1,0.0,1.0,0.5,grouped,16,31,35,0.0,1.0,0.667,grouped,-1,1,-1,0.875,0.125,0.0,robust isolated,2,1,grouped in ≥2
X001A#5,Aqueduct Walk (5/5),Community Park,X,8.607,20,63,-1,0.333,0.667,0.667,grouped,130,3,-1,0.5,0.5,0.25,grouped,1,89,-1,0.5,0.5,0.5,grouped,19,47,-1,0.333,0.667,0.0,grouped,-1,1,-1,1.0,0.0,0.0,robust isolated,2,1,grouped in ≥2
X001B,Barnhill Square,Triangle/Plaza,X,0.009,18,28,80,0.0,1.0,0.667,grouped,126,3,-1,0.5,0.5,0.5,grouped,1,89,1,0.0,1.0,1.0,grouped,19,47,42,0.0,1.0,0.889,grouped,-1,1,-1,0.875,0.062,0.0,robust isolated,2,1,grouped in ≥2
X005,Bryan Park,Triangle/Plaza,X,0.15,18,28,-1,0.333,0.667,0.667,grouped,126,3,-1,0.5,0.5,0.5,grouped,1,89,-1,0.5,0.5,0.5,grouped,19,47,44,0.0,1.0,1.0,grouped,-1,1,-1,1.0,0.0,0.0,robust isolated,2,1,grouped in ≥2
X006,Bergen Triangle,Triangle/Plaza,X,0.21,20,63,96,0.0,1.0,0.667,grouped,131,45,203,0.0,1.0,0.75,grouped,1,89,2,0.0,1.0,0.5,grouped,19,47,55,0.0,1.0,0.778,grouped,-1,1,-1,1.0,0.0,0.0,robust isolated,2,1,grouped in ≥2
X007,Castle Hill Park,Neighborhood Park,X,8.834,26,8,-1,0.333,0.667,0.333,grouped,-1,1,-1,0.583,0.417,0.25,unstable,2,198,22,0.0,1.0,1.0,grouped,-1,1,-1,0.667,0.333,0.0,unstable,-1,1,-1,1.0,0.0,0.0,robust isolated,0,1,definition-specific
X008,Claremont Park,Community Park,X,38.536,20,63,95,0.0,1.0,1.0,grouped,131,45,203,0.0,1.0,0.875,grouped,1,89,2,0.0,1.0,1.0,grouped,17,28,37,0.0,1.0,1.0,grouped,-1,1,-1,1.0,0.0,0.0,robust isolated,2,1,grouped in ≥2
X009,Monsignor Raul Del Valle Square,Triangle/Plaza,X,0.42,38,19,146,0.0,1.0,0.667,grouped,56,17,86,0.25,0.75,0.375,grouped,2,198,-1,0.5,0.5,0.5,grouped,5,17,12,0.0,1.0,0.667,grouped,-1,1,-1,1.0,0.0,0.0,robust isolated,2,1,grouped in ≥2
X010A,Walter Gladwin Park,Neighborhood Park,X,15.0,25,37,118,0.0,1.0,1.0,grouped,82,37,128,0.0,1.0,1.0,grouped,2,198,23,0.0,1.0,1.0,grouped,2,37,4,0.0,1.0,0.667,grouped,-1,1,-1,0.875,0.125,0.0,robust isolated,2,1,grouped in ≥2
X011#1,Crotona Parkway Malls (1/3),Mall,X,8.75,25,37,118,0.0,1.0,1.0,grouped,82,37,128,0.0,1.0,1.0,grouped,2,198,23,0.0,1.0,1.0,grouped,2,37,4,0.0,1.0,1.0,grouped,-1,1,-1,1.0,0.0,0.0,robust isolated,2,1,grouped in ≥2
X011#2,Crotona Parkway Malls (2/3),Mall,X,8.75,25,37,118,0.0,1.0,1.0,grouped,82,37,128,0.0,1.0,1.0,grouped,2,198,23,0.0,1.0,1.0,grouped,2,37,4,0.0,1.0,1.0,grouped,-1,1,-1,1.0,0.0,0.0,robust isolated,2,1,grouped in ≥2
X011#3,Crotona Parkway Malls (3/3),Mall,X,8.75,25,37,118,0.0,1.0,1.0,grouped,82,37,128,0.0,1.0,1.0,grouped,2,198,23,0.0,1.0,1.0,grouped,2,37,4,0.0,1.0,1.0,grouped,-1,1,-1,1.0,0.0,0.0,robust isolated,2,1,grouped in ≥2
X012,Church Triangle,Triangle/Plaza,X,0.09,27,5,-1,0.333,0.667,0.333,grouped,100,14,149,0.0,1.0,0.875,grouped,2,198,22,0.0,1.0,1.0,grouped,8,14,-1,0.333,0.667,0.667,grouped,-1,1,-1,1.0,0.0,0.0,robust isolated,2,1,grouped in ≥2
X013,Devoe Park,Neighborhood Park,X,5.44,18,28,80,0.0,1.0,1.0,grouped,131,45,199,0.0,1.0,0.583,grouped,1,89,1,0.0,1.0,1.0,grouped,19,47,42,0.0,1.0,0.667,grouped,-1,1,-1,1.0,0.0,0.0,robust isolated,2,1,grouped in ≥2
X014,Horseshoe Playground,Playground,X,0.432,48,20,186,0.0,1.0,1.0,grouped,-1,1,-1,0.625,0.375,0.25,unstable,-1,1,-1,1.0,0.0,0.0,robust isolated,25,2,-1,0.333,0.333,0.0,grouped,-1,1,-1,1.0,0.0,0.0,robust isolated,1,1,definition-specific
X015,Joseph Rodman Drake Park & Enslaved African Burial Ground,Neighborhood Park,X,2.49,-1,1,-1,0.667,0.333,0.333,unstable,75,3,119,0.0,0.667,0.417,grouped,2,198,25,0.0,1.0,0.5,grouped,70,2,-1,0.333,0.0,0.0,grouped,-1,1,-1,1.0,0.0,0.0,robust isolated,2,1,grouped in ≥2
X016,Owen F. Dolen Park,Neighborhood Park,X,1.4,63,4,-1,0.333,0.667,0.667,grouped,92,3,140,0.25,0.75,0.417,grouped,2,198,22,0.0,1.0,0.5,grouped,12,3,24,0.0,1.0,0.0,grouped,-1,1,-1,1.0,0.0,0.0,robust isolated,2,1,grouped in ≥2
X017,Richman (Echo) Park,Neighborhood Park,X,4.385,20,63,98,0.0,0.667,0.667,grouped,131,45,201,0.25,0.75,0.583,grouped,2,198,23,0.0,1.0,1.0,grouped,19,47,41,0.0,1.0,0.667,grouped,-1,1,-1,0.938,0.0,0.0,robust isolated,2,1,grouped in ≥2
X018,Echo Triangle,Triangle/Plaza,X,0.16,20,63,-1,0.333,0.667,0.667,grouped,131,45,204,0.0,0.667,0.5,grouped,1,89,1,0.0,1.0,0.5,grouped,19,47,47,0.0,0.667,0.333,grouped,-1,1,-1,1.0,0.0,0.0,robust isolated,2,1,grouped in ≥2
X019,Ewen Park,Neighborhood Park,X,7.84,17,17,-1,0.333,0.667,0.667,grouped,150,8,-1,0.5,0.5,0.25,grouped,11,8,-1,0.5,0.5,0.0,grouped,59,20,-1,0.444,0.556,0.333,grouped,-1,1,-1,1.0,0.0,0.0,robust isolated,2,1,grouped in ≥2
X020,Fort Independence Playground,Playground,X,3.02,18,28,-1,0.333,0.667,0.333,grouped,-1,1,-1,0.75,0.25,0.25,unstable,-1,1,-1,1.0,0.0,0.0,robust isolated,19,47,-1,0.333,0.667,0.667,grouped,-1,1,-1,1.0,0.0,0.0,robust isolated,1,1,definition-specific
X021,Drew Playground,Playground,X,0.94,42,43,164,0.0,1.0,0.667,grouped,64,12,99,0.0,1.0,1.0,grouped,2,198,23,0.0,1.0,1.0,grouped,1,12,-1,0.333,0.667,0.667,grouped,92,2,-1,0.5,0.0,0.0,grouped,3,0,grouped in all
X022,Benjamin Gladstone Square,Triangle/Plaza,X,0.2,38,19,146,0.0,1.0,0.667,grouped,56,17,86,0.0,1.0,0.75,grouped,2,198,22,0.0,1.0,1.0,grouped,5,17,12,0.0,1.0,1.0,grouped,-1,1,-1,1.0,0.0,0.0,robust isolated,2,1,grouped in ≥2
X023,Graham Triangle,Triangle/Plaza,X,0.126,47,20,-1,0.333,0.667,0.667,grouped,66,13,107,0.125,0.75,0.75,grouped,2,198,22,0.0,1.0,1.0,grouped,23,5,62,0.0,1.0,0.667,grouped,-1,1,-1,0.875,0.0,0.0,robust isolated,2,1,grouped in ≥2
X025,Hugh J. Grant Circle,Triangle/Plaza,X,1.11,31,10,135,0.0,1.0,1.0,grouped,100,14,149,0.042,0.958,0.792,grouped,2,198,22,0.0,1.0,1.0,grouped,8,14,16,0.0,1.0,1.0,grouped,-1,1,-1,0.875,0.0,0.0,robust isolated,2,1,grouped in ≥2
X026,Hines Park,Playground,X,0.383,42,43,161,0.0,1.0,1.0,grouped,64,12,99,0.0,1.0,1.0,grouped,2,198,23,0.0,1.0,1.0,grouped,1,12,1,0.0,1.0,1.0,grouped,-1,1,-1,1.0,0.0,0.0,robust isolated,2,1,grouped in ≥2
X028,Joyce Kilmer Park,Community Park,X,6.882,22,13,111,0.0,1.0,1.0,grouped,127,28,190,0.0,1.0,0.75,grouped,1,89,1,0.0,1.0,1.0,grouped,16,31,33,0.0,1.0,1.0,grouped,-1,1,-1,0.875,0.125,0.0,robust isolated,2,1,grouped in ≥2
X029,Lyons Square Playground,Playground,X,1.322,38,19,146,0.0,1.0,0.667,grouped,56,17,86,0.0,1.0,1.0,grouped,2,198,22,0.0,1.0,1.0,grouped,5,17,12,0.0,1.0,1.0,grouped,-1,1,-1,0.625,0.375,0.25,unstable,2,0,grouped in ≥2
X030,Macombs Dam Park,Community Park,X,44.174,22,13,111,0.0,1.0,1.0,grouped,127,28,190,0.0,1.0,0.958,grouped,1,89,1,0.0,1.0,1.0,grouped,16,31,33,0.0,1.0,1.0,grouped,-1,1,-1,1.0,0.0,0.0,robust isolated,2,1,grouped in ≥2
X031,McKinley Square,Triangle/Plaza,X,0.12,42,43,164,0.0,1.0,0.667,grouped,64,12,99,0.0,0.75,0.708,grouped,2,198,23,0.0,1.0,1.0,grouped,1,12,1,0.0,1.0,0.556,grouped,-1,1,-1,1.0,0.0,0.0,robust isolated,2,1,grouped in ≥2
X032,Railroad Park,Neighborhood Park,X,0.732,42,43,159,0.0,1.0,1.0,grouped,65,33,104,0.0,1.0,0.75,grouped,1,89,2,0.0,1.0,1.0,grouped,27,34,73,0.0,1.0,1.0,grouped,-1,1,-1,0.875,0.0,0.0,robust isolated,2,1,grouped in ≥2
X033#1,Mosholu Parkway (1/5),Parkway,X,80.936,50,10,199,0.0,1.0,0.667,grouped,122,10,-1,0.375,0.5,0.25,grouped,1,89,-1,0.5,0.5,0.5,grouped,19,47,45,0.0,0.667,0.667,grouped,-1,1,-1,1.0,0.0,0.0,robust isolated,2,1,grouped in ≥2
X033#2,Mosholu Parkway (2/5),Parkway,X,80.936,50,10,198,0.0,1.0,0.667,grouped,122,10,-1,0.5,0.5,0.375,grouped,1,89,2,0.0,1.0,0.5,grouped,19,47,-1,0.333,0.667,0.667,grouped,-1,1,-1,1.0,0.0,0.0,robust isolated,2,1,grouped in ≥2
X033#3,Mosholu Parkway (3/5),Parkway,X,80.936,50,10,199,0.0,1.0,0.333,grouped,122,10,174,0.0,0.75,0.417,grouped,2,198,23,0.0,1.0,0.5,grouped,19,47,43,0.0,1.0,0.333,grouped,-1,1,-1,1.0,0.0,0.0,robust isolated,2,1,grouped in ≥2
X033#4,Mosholu Parkway (4/5),Parkway,X,80.936,50,10,198,0.0,1.0,0.333,grouped,122,10,-1,0.5,0.5,0.25,grouped,-1,1,-1,1.0,0.0,0.0,robust isolated,19,47,43,0.0,1.0,0.667,grouped,-1,1,-1,1.0,0.0,0.0,robust isolated,2,1,grouped in ≥2
X033#5,Mosholu Parkway (5/5),Parkway,X,80.936,50,10,199,0.0,1.0,1.0,grouped,122,10,174,0.125,0.75,0.5,grouped,1,89,-1,0.5,0.5,0.0,grouped,19,47,43,0.0,1.0,0.667,grouped,-1,1,-1,1.0,0.0,0.0,robust isolated,2,1,grouped in ≥2
X034,Rev. T. Wendell Foster Park and Recreation Center,Community Park,X,15.049,22,13,111,0.0,1.0,1.0,grouped,127,28,190,0.0,1.0,0.5,grouped,1,89,1,0.0,1.0,1.0,grouped,16,31,33,0.0,1.0,0.667,grouped,-1,1,-1,1.0,0.0,0.0,robust isolated,2,1,grouped in ≥2
X035,Muller Triangle,Triangle/Plaza,X,0.04,18,28,80,0.0,1.0,0.667,grouped,131,45,200,0.0,0.75,0.667,grouped,1,89,1,0.0,1.0,1.0,grouped,19,47,44,0.0,1.0,1.0,grouped,86,2,-1,0.5,0.25,0.0,grouped,3,0,grouped in all
X036,Murphy Triangle,Triangle/Plaza,X,0.1,25,37,118,0.0,1.0,1.0,grouped,82,37,128,0.0,1.0,1.0,grouped,2,198,23,0.0,1.0,1.0,grouped,2,37,4,0.0,1.0,1.0,grouped,-1,1,-1,0.938,0.0,0.0,robust isolated,2,1,grouped in ≥2
X037,O'Brien Oval,Triangle/Plaza,X,0.232,20,63,98,0.0,0.667,0.667,grouped,128,2,-1,0.25,0.667,0.5,grouped,2,198,23,0.0,1.0,1.0,grouped,19,47,41,0.0,1.0,0.667,grouped,-1,1,-1,0.688,0.25,0.0,unstable,2,0,grouped in ≥2
X038,Washington's Walk,Neighborhood Park,X,4.637,18,28,-1,0.333,0.667,0.667,grouped,125,3,183,0.0,1.0,0.5,grouped,1,89,1,0.0,1.0,1.0,grouped,19,47,42,0.0,1.0,0.889,grouped,-1,1,-1,0.625,0.125,0.0,unstable,2,0,grouped in ≥2
X040,Poe Park,Playground,X,2.331,18,28,80,0.0,1.0,0.667,grouped,131,45,200,0.25,0.75,0.667,grouped,1,89,2,0.0,1.0,1.0,grouped,19,47,44,0.0,1.0,1.0,grouped,-1,1,-1,0.938,0.0,0.0,robust isolated,2,1,grouped in ≥2
X041,Pulaski Park,Recreational Field/Courts,X,1.45,47,20,-1,0.333,0.667,0.333,grouped,69,2,-1,0.5,0.25,0.25,grouped,2,198,-1,0.5,0.5,0.5,grouped,69,2,-1,0.333,0.0,0.0,grouped,-1,1,-1,0.875,0.0,0.0,robust isolated,2,1,grouped in ≥2
X042,Rose Hill Park,Triangle/Plaza,X,0.745,18,28,-1,0.333,0.667,0.667,grouped,81,4,-1,0.25,0.75,0.417,grouped,2,198,23,0.0,1.0,0.5,grouped,19,47,44,0.0,1.0,0.667,grouped,-1,1,-1,0.688,0.25,0.0,unstable,2,0,grouped in ≥2
X043,Ryan Triangle,Triangle/Plaza,X,0.22,47,20,182,0.0,1.0,0.667,grouped,66,13,105,0.0,0.75,0.75,grouped,1,89,1,0.0,1.0,1.0,grouped,23,5,63,0.0,0.889,0.667,grouped,-1,1,-1,1.0,0.0,0.0,robust isolated,2,1,grouped in ≥2
X044,St. James Park,Neighborhood Park,X,11.39,18,28,80,0.0,1.0,0.667,grouped,131,45,200,0.0,0.75,0.667,grouped,1,89,1,0.0,1.0,1.0,grouped,19,47,44,0.0,1.0,1.0,grouped,-1,1,-1,0.75,0.25,0.0,unstable,2,0,grouped in ≥2
X045,St. Mary's Park,Community Park,X,35.311,47,20,-1,0.0,0.667,0.667,grouped,66,13,106,0.0,1.0,1.0,grouped,2,198,22,0.0,1.0,1.0,grouped,24,14,65,0.0,1.0,0.667,grouped,-1,1,-1,1.0,0.0,0.0,robust isolated,2,1,grouped in ≥2
X046,Seton Falls Park,Nature Area,X,35.771,67,2,224,0.0,0.333,0.333,grouped,-1,1,-1,0.75,0.25,0.083,unstable,4,19,-1,0.5,0.5,0.5,grouped,-1,1,-1,1.0,0.0,0.0,robust isolated,-1,1,-1,1.0,0.0,0.0,robust isolated,0,2,isolated in ≥2
X047,Franz Sigel Park,Community Park,X,15.99,22,13,111,0.0,1.0,1.0,grouped,127,28,190,0.0,1.0,0.75,grouped,1,89,1,0.0,1.0,1.0,grouped,16,31,33,0.0,1.0,1.0,grouped,-1,1,-1,0.75,0.0,0.0,unstable,2,0,grouped in ≥2
X049,Schneider Sampson Square,Mall,X,0.09,64,2,221,0.0,0.333,0.333,grouped,88,3,-1,0.5,0.5,0.25,grouped,8,3,84,0.0,1.0,0.0,grouped,65,3,157,0.0,0.667,0.333,grouped,-1,1,-1,1.0,0.0,0.0,robust isolated,2,1,grouped in ≥2
X051,University Woods,Neighborhood Park,X,3.306,18,28,80,0.0,1.0,0.333,grouped,120,2,172,0.25,0.375,0.25,grouped,-1,1,-1,1.0,0.0,0.0,robust isolated,19,47,54,0.0,0.667,0.667,grouped,-1,1,-1,0.875,0.0,0.0,robust isolated,2,1,grouped in ≥2
X052,Triangle,Triangle/Plaza,X,0.054,42,43,159,0.0,1.0,1.0,grouped,65,33,104,0.0,1.0,0.917,grouped,2,198,23,0.0,1.0,1.0,grouped,27,34,73,0.0,1.0,0.667,grouped,-1,1,-1,0.625,0.25,0.062,unstable,2,0,grouped in ≥2
X053,O'Neill Triangle,Neighborhood Park,X,0.636,42,43,159,0.0,1.0,1.0,grouped,65,33,104,0.0,1.0,0.875,grouped,2,198,23,0.0,1.0,1.0,grouped,27,34,73,0.0,1.0,1.0,grouped,-1,1,-1,0.938,0.062,0.0,robust isolated,2,1,grouped in ≥2
X055,Brust Park,Neighborhood Park,X,1.79,17,17,-1,0.333,0.667,0.667,grouped,138,2,214,0.25,0.125,0.083,grouped,-1,1,-1,1.0,0.0,0.0,robust isolated,62,2,153,0.0,0.0,0.0,grouped,-1,1,-1,1.0,0.0,0.0,robust isolated,2,1,grouped in ≥2
X056,Park,Triangle/Plaza,X,0.06,42,43,161,0.0,1.0,0.667,grouped,64,12,99,0.0,1.0,1.0,grouped,2,198,23,0.0,1.0,1.0,grouped,1,12,1,0.0,1.0,0.667,grouped,-1,1,-1,1.0,0.0,0.0,robust isolated,2,1,grouped in ≥2
X057,Michel Triangle,Triangle/Plaza,X,0.28,20,63,95,0.0,1.0,1.0,grouped,131,45,203,0.25,0.75,0.625,grouped,1,89,-1,0.5,0.5,0.5,grouped,17,28,37,0.0,1.0,0.778,grouped,-1,1,-1,1.0,0.0,0.0,robust isolated,2,1,grouped in ≥2
X058,Keltch Park,Triangle/Plaza,X,0.287,20,63,-1,0.333,0.667,0.667,grouped,131,45,203,0.0,1.0,1.0,grouped,1,89,1,0.0,1.0,1.0,grouped,17,28,37,0.111,0.889,0.667,grouped,-1,1,-1,0.875,0.125,0.0,robust isolated,2,1,grouped in ≥2
X059,Sergeant Johnson Triangle,Triangle/Plaza,X,0.74,-1,1,-1,0.667,0.333,0.0,unstable,-1,1,-1,0.5,0.5,0.333,unstable,2,198,23,0.0,1.0,1.0,grouped,-1,1,-1,0.667,0.333,0.333,unstable,-1,1,-1,0.75,0.25,0.125,unstable,0,0,definition-specific
X060,Sheridan Triangle,Triangle/Plaza,X,0.06,-1,1,-1,0.667,0.333,0.333,unstable,147,2,-1,0.375,0.208,0.167,grouped,5,16,55,0.0,1.0,1.0,grouped,58,2,-1,0.333,0.333,0.333,grouped,-1,1,-1,1.0,0.0,0.0,robust isolated,2,1,grouped in ≥2
X061,Flood Triangle,Triangle/Plaza,X,0.072,19,2,-1,0.0,0.667,0.667,grouped,82,37,128,0.0,1.0,0.417,grouped,2,198,23,0.0,1.0,1.0,grouped,2,37,4,0.0,1.0,0.0,grouped,-1,1,-1,1.0,0.0,0.0,robust isolated,2,1,grouped in ≥2
X062,Beatty Plaza,Triangle/Plaza,X,0.1,42,43,164,0.0,1.0,0.667,grouped,64,12,99,0.25,0.75,0.625,grouped,2,198,23,0.0,1.0,1.0,grouped,1,12,1,0.0,1.0,0.667,grouped,-1,1,-1,1.0,0.0,0.0,robust isolated,2,1,grouped in ≥2
X063,Martin Luther King Triangle,Triangle/Plaza,X,0.16,48,20,-1,0.333,0.667,0.667,grouped,-1,1,-1,0.5,0.5,0.25,unstable,2,198,-1,0.5,0.5,0.0,grouped,24,14,-1,0.333,0.667,0.0,grouped,-1,1,-1,1.0,0.0,0.0,robust isolated,1,1,definition-specific
X064,Bryant Triangle,Triangle/Plaza,X,0.17,38,19,146,0.0,1.0,0.667,grouped,56,17,86,0.0,1.0,0.75,grouped,2,198,22,0.0,1.0,1.0,grouped,5,17,12,0.0,1.0,1.0,grouped,-1,1,-1,1.0,0.0,0.0,robust isolated,2,1,grouped in ≥2
X065,Woodrow Wilson Triangle,Triangle/Plaza,X,0.1,26,8,120,0.0,0.667,0.667,grouped,94,5,142,0.0,1.0,0.5,grouped,2,198,22,0.0,1.0,1.0,grouped,14,5,27,0.0,0.667,0.333,grouped,-1,1,-1,1.0,0.0,0.0,robust isolated,2,1,grouped in ≥2
X067,Martin Luther King Triangle,Triangle/Plaza,X,0.117,20,63,-1,0.333,0.667,0.667,grouped,127,28,190,0.125,0.875,0.708,grouped,1,89,1,0.0,1.0,1.0,grouped,16,31,32,0.0,1.0,0.889,grouped,-1,1,-1,0.375,0.5,0.0,unstable,2,0,grouped in ≥2
X068,D'Auria-Murphy Triangle,Triangle/Plaza,X,0.31,25,37,118,0.0,1.0,0.667,grouped,82,37,128,0.0,1.0,0.75,grouped,2,198,-1,0.5,0.5,0.5,grouped,2,37,4,0.0,1.0,1.0,grouped,-1,1,-1,1.0,0.0,0.0,robust isolated,2,1,grouped in ≥2
X069,Hutton Triangle,Triangle/Plaza,X,0.1,25,37,118,0.0,1.0,1.0,grouped,82,37,128,0.0,1.0,0.75,grouped,2,198,27,0.0,0.5,0.5,grouped,2,37,4,0.0,1.0,1.0,grouped,-1,1,-1,1.0,0.0,0.0,robust isolated,2,1,grouped in ≥2
X070,Heath Triangle,Triangle/Plaza,X,0.11,18,28,80,0.0,1.0,0.667,grouped,143,3,221,0.125,0.875,0.75,grouped,5,16,54,0.0,1.0,1.0,grouped,21,6,57,0.0,1.0,0.667,grouped,105,3,112,0.0,1.0,0.688,grouped,3,0,grouped in all
X071,Whalen Grove,Triangle/Plaza,X,0.13,25,37,118,0.0,1.0,1.0,grouped,82,37,128,0.0,0.75,0.75,grouped,2,198,23,0.0,1.0,1.0,grouped,2,37,4,0.0,1.0,0.778,grouped,-1,1,-1,0.75,0.125,0.125,unstable,2,0,grouped in ≥2
X073,Young Park,Triangle/Plaza,X,0.44,31,10,-1,0.333,0.667,0.333,grouped,82,37,128,0.0,0.875,0.75,grouped,2,198,23,0.0,1.0,1.0,grouped,2,37,-1,0.333,0.667,0.667,grouped,-1,1,-1,0.625,0.125,0.0,unstable,2,0,grouped in ≥2
X077,Featherbed Triangle,Triangle/Plaza,X,0.17,20,63,97,0.0,1.0,1.0,grouped,127,28,189,0.0,1.0,0.875,grouped,1,89,1,0.0,1.0,0.5,grouped,16,31,35,0.0,1.0,1.0,grouped,-1,1,-1,1.0,0.0,0.0,robust isolated,2,1,grouped in ≥2
X078,Franklin Triangle,Triangle/Plaza,X,0.12,42,43,161,0.0,1.0,1.0,grouped,64,12,99,0.0,1.0,1.0,grouped,2,198,23,0.0,1.0,1.0,grouped,1,12,1,0.0,1.0,1.0,grouped,-1,1,-1,0.812,0.125,0.0,robust isolated,2,1,grouped in ≥2
X079,Major General John R Brown Triangle,Triangle/Plaza,X,0.135,18,28,-1,0.333,0.667,0.667,grouped,126,3,-1,0.5,0.5,0.5,grouped,1,89,-1,0.5,0.5,0.5,grouped,19,47,42,0.0,1.0,0.889,grouped,-1,1,-1,1.0,0.0,0.0,robust isolated,2,1,grouped in ≥2
X080,Henry Hudson Park,Neighborhood Park,X,8.972,17,17,75,0.0,1.0,1.0,grouped,152,2,235,0.25,0.25,0.25,grouped,-1,1,-1,1.0,0.0,0.0,robust isolated,59,20,147,0.0,1.0,0.667,grouped,-1,1,-1,1.0,0.0,0.0,robust isolated,2,1,grouped in ≥2
X081,Mount Eden Malls,Mall,X,1.682,20,63,95,0.0,1.0,1.0,grouped,131,45,203,0.0,1.0,1.0,grouped,1,89,1,0.0,1.0,1.0,grouped,17,28,37,0.0,1.0,1.0,grouped,-1,1,-1,1.0,0.0,0.0,robust isolated,2,1,grouped in ≥2
X082,University Malls,Mall,X,0.743,20,63,97,0.0,1.0,1.0,grouped,127,28,189,0.0,1.0,0.875,grouped,1,89,1,0.0,1.0,1.0,grouped,16,31,35,0.0,1.0,1.0,grouped,-1,1,-1,0.875,0.125,0.0,robust isolated,2,1,grouped in ≥2
X084,D'Onofrio Square,Triangle/Plaza,X,0.38,51,5,201,0.0,0.667,0.333,grouped,110,4,160,0.0,0.75,0.25,grouped,4,19,49,0.0,1.0,1.0,grouped,67,3,160,0.0,1.0,0.0,grouped,-1,1,-1,1.0,0.0,0.0,robust isolated,2,1,grouped in ≥2
X085,Slattery Playground,Playground,X,0.911,20,63,-1,0.333,0.667,0.333,grouped,131,45,201,0.25,0.75,0.583,grouped,1,89,2,0.0,1.0,1.0,grouped,19,47,-1,0.333,0.667,0.667,grouped,-1,1,-1,1.0,0.0,0.0,robust isolated,2,1,grouped in ≥2
X086,Charlton-Thompson Garden,Neighborhood Park,X,0.488,42,43,161,0.0,1.0,0.667,grouped,64,12,99,0.0,1.0,0.375,grouped,2,198,23,0.0,1.0,0.5,grouped,1,12,1,0.0,1.0,0.0,grouped,-1,1,-1,1.0,0.0,0.0,robust isolated,2,1,grouped in ≥2
X087,Zimmerman Playground,Playground,X,0.974,52,2,-1,0.333,0.333,0.333,grouped,109,2,159,0.0,0.25,0.25,grouped,4,19,49,0.0,1.0,1.0,grouped,68,2,161,0.0,0.0,0.0,grouped,-1,1,-1,1.0,0.0,0.0,robust isolated,2,1,grouped in ≥2
X088,Pugsley Creek Park,Nature Area,X,68.017,26,8,120,0.0,0.667,0.667,grouped,94,5,142,0.0,1.0,0.5,grouped,2,198,22,0.0,1.0,1.0,grouped,14,5,27,0.0,0.667,0.333,grouped,-1,1,-1,1.0,0.0,0.0,robust isolated,2,1,grouped in ≥2
X088A,Waterfront Garden,Garden,X,0.27,26,8,-1,0.333,0.667,0.333,grouped,95,3,143,0.0,0.5,0.25,grouped,2,198,26,0.0,0.5,0.0,grouped,57,2,-1,0.333,0.0,0.0,grouped,-1,1,-1,1.0,0.0,0.0,robust isolated,2,1,grouped in ≥2
X088B,Clason Point Park,Community Park,X,14.872,26,8,-1,0.333,0.667,0.333,grouped,95,3,-1,0.5,0.5,0.208,grouped,2,198,22,0.0,1.0,0.5,grouped,-1,1,-1,1.0,0.0,0.0,robust isolated,-1,1,-1,1.0,0.0,0.0,robust isolated,1,2,isolated in ≥2
X090,Spuyten Duyvil Shorefront Park,Nature Area,X,6.6,17,17,75,0.0,1.0,1.0,grouped,-1,1,-1,0.75,0.25,0.0,unstable,-1,1,-1,1.0,0.0,0.0,robust isolated,59,20,147,0.0,1.0,0.667,grouped,-1,1,-1,1.0,0.0,0.0,robust isolated,1,1,definition-specific
X091,Park,Triangle/Plaza,X,0.187,17,17,75,0.0,1.0,1.0,grouped,-1,1,-1,0.75,0.25,0.0,unstable,-1,1,-1,1.0,0.0,0.0,robust isolated,59,20,-1,0.333,0.667,0.333,grouped,-1,1,-1,1.0,0.0,0.0,robust isolated,1,1,definition-specific
X093,Van Nest Park,Playground,X,0.401,-1,1,-1,0.667,0.333,0.333,unstable,82,37,-1,0.25,0.75,0.417,grouped,2,198,22,0.0,1.0,1.0,grouped,2,37,-1,0.333,0.667,0.222,grouped,-1,1,-1,1.0,0.0,0.0,robust isolated,2,1,grouped in ≥2
X094,Bridge Park,Neighborhood Park,X,7.156,-1,1,-1,0.667,0.333,0.0,unstable,-1,1,-1,0.75,0.25,0.167,unstable,-1,1,-1,1.0,0.0,0.0,robust isolated,16,31,-1,0.333,0.667,0.333,grouped,-1,1,-1,1.0,0.0,0.0,robust isolated,1,1,definition-specific
X095,Marcus Garvey Square,Triangle/Plaza,X,1.395,51,5,201,0.0,0.667,0.667,grouped,110,4,160,0.0,0.75,0.25,grouped,4,19,49,0.0,1.0,1.0,grouped,67,3,160,0.0,1.0,0.0,grouped,-1,1,-1,1.0,0.0,0.0,robust isolated,2,1,grouped in ≥2
X096,Rita Ley Triangle,Triangle/Plaza,X,0.12,-1,1,-1,1.0,0.0,0.0,robust isolated,-1,1,-1,1.0,0.0,0.0,robust isolated,-1,1,-1,1.0,0.0,0.0,robust isolated,-1,1,-1,1.0,0.0,0.0,robust isolated,-1,1,-1,1.0,0.0,0.0,robust isolated,0,3,isolated in all
X101A,Samuel H. Young Park,Recreational Field/Courts,X,1.285,63,4,218,0.0,0.667,0.667,grouped,92,3,140,0.25,0.75,0.417,grouped,2,198,22,0.0,1.0,1.0,grouped,12,3,24,0.0,1.0,0.0,grouped,-1,1,-1,1.0,0.0,0.0,robust isolated,2,1,grouped in ≥2
X102,Ciccarone Park,Neighborhood Park,X,0.553,19,2,-1,0.333,0.667,0.667,grouped,82,37,128,0.0,1.0,0.75,grouped,2,198,27,0.0,0.5,0.5,grouped,2,37,4,0.0,1.0,0.667,grouped,-1,1,-1,1.0,0.0,0.0,robust isolated,2,1,grouped in ≥2
X103,People's Park,Playground,X,1.394,47,20,173,0.0,1.0,1.0,grouped,65,33,102,0.0,1.0,1.0,grouped,2,198,22,0.0,1.0,1.0,grouped,28,4,-1,0.333,0.667,0.667,grouped,-1,1,-1,0.5,0.25,0.125,unstable,2,0,grouped in ≥2
X104,Williamsbridge Oval,Neighborhood Park,X,19.749,50,10,199,0.0,1.0,1.0,grouped,122,10,-1,0.5,0.5,0.25,grouped,-1,1,-1,1.0,0.0,0.0,robust isolated,19,47,43,0.0,1.0,0.0,grouped,-1,1,-1,1.0,0.0,0.0,robust isolated,2,1,grouped in ≥2
X105,Jerome Slope,Nature Area,X,0.764,22,13,111,0.0,1.0,1.0,grouped,127,28,190,0.0,1.0,0.417,grouped,1,89,1,0.0,1.0,1.0,grouped,16,31,33,0.0,1.0,0.333,grouped,-1,1,-1,0.938,0.062,0.0,robust isolated,2,1,grouped in ≥2
X106,Evelina Antonetty Playground,Playground,X,0.696,-1,1,-1,0.333,0.667,0.333,unstable,127,28,-1,0.25,0.75,0.417,grouped,1,89,1,0.0,1.0,1.0,grouped,16,31,33,0.0,1.0,0.333,grouped,-1,1,-1,0.75,0.0,0.0,unstable,2,0,grouped in ≥2
X107,Hawkins Park,Triangle/Plaza,X,0.136,61,2,-1,0.333,0.333,0.0,grouped,156,3,239,0.208,0.542,0.333,grouped,3,4,47,0.0,1.0,0.5,grouped,45,2,126,0.0,0.333,0.333,grouped,-1,1,-1,0.938,0.0,0.0,robust isolated,2,1,grouped in ≥2
X108,Belmont Playground,Playground,X,2.213,25,37,118,0.0,1.0,1.0,grouped,82,37,128,0.0,0.75,0.75,grouped,2,198,23,0.0,1.0,1.0,grouped,2,37,4,0.0,1.0,1.0,grouped,-1,1,-1,0.75,0.125,0.125,unstable,2,0,grouped in ≥2
X110#1,Henry Hudson Parkway (1/8),Parkway,X,54.1,14,6,-1,0.333,0.667,0.667,grouped,149,5,228,0.125,0.75,0.75,grouped,11,8,90,0.0,1.0,0.5,grouped,59,20,145,0.0,1.0,0.667,grouped,-1,1,-1,0.812,0.125,0.0,robust isolated,2,1,grouped in ≥2
X110#2,Henry Hudson Parkway (2/8),Parkway,X,54.1,17,17,75,0.0,1.0,1.0,grouped,150,8,229,0.0,0.875,0.375,grouped,10,3,-1,0.5,0.5,0.0,grouped,59,20,146,0.0,1.0,1.0,grouped,-1,1,-1,1.0,0.0,0.0,robust isolated,2,1,grouped in ≥2
X110#3,Henry Hudson Parkway (3/8),Parkway,X,54.1,14,6,-1,0.333,0.667,0.667,grouped,-1,1,-1,1.0,0.0,0.0,robust isolated,-1,1,-1,1.0,0.0,0.0,robust isolated,-1,1,-1,1.0,0.0,0.0,robust isolated,-1,1,-1,1.0,0.0,0.0,robust isolated,0,3,isolated in all
X110#4,Henry Hudson Parkway (4/8),Parkway,X,54.1,17,17,75,0.0,1.0,0.667,grouped,150,8,-1,0.5,0.5,0.417,grouped,11,8,89,0.0,1.0,0.5,grouped,59,20,146,0.0,1.0,0.333,grouped,-1,1,-1,0.875,0.062,0.0,robust isolated,2,1,grouped in ≥2
X110#5,Henry Hudson Parkway (5/8),Parkway,X,54.1,17,17,75,0.0,1.0,1.0,grouped,152,2,235,0.25,0.25,0.25,grouped,-1,1,-1,1.0,0.0,0.0,robust isolated,59,20,147,0.0,1.0,0.333,grouped,-1,1,-1,1.0,0.0,0.0,robust isolated,2,1,grouped in ≥2
X110#6,Henry Hudson Parkway (6/8),Parkway,X,54.1,-1,1,-1,0.667,0.333,0.333,unstable,147,2,-1,0.375,0.208,0.125,grouped,5,16,55,0.0,1.0,1.0,grouped,58,2,-1,0.333,0.333,0.0,grouped,-1,1,-1,1.0,0.0,0.0,robust isolated,2,1,grouped in ≥2
X110#7,Henry Hudson Parkway (7/8),Parkway,X,54.1,17,17,-1,0.333,0.667,0.333,grouped,149,5,228,0.25,0.75,0.75,grouped,11,8,-1,0.5,0.5,0.5,grouped,59,20,146,0.0,1.0,0.667,grouped,-1,1,-1,0.875,0.062,0.0,robust isolated,2,1,grouped in ≥2
X110#8,Henry Hudson Parkway (8/8),Parkway,X,54.1,14,6,69,0.0,1.0,1.0,grouped,148,2,227,0.25,0.417,0.167,grouped,11,8,90,0.0,1.0,0.0,grouped,59,20,145,0.0,0.778,0.333,grouped,-1,1,-1,0.75,0.125,0.0,unstable,2,0,grouped in ≥2
X110A,Hackett Park,Triangle/Plaza,X,1.0,14,6,69,0.0,1.0,1.0,grouped,149,5,228,0.125,0.75,0.75,grouped,11,8,89,0.0,1.0,0.5,grouped,59,20,145,0.0,1.0,0.667,grouped,-1,1,-1,0.812,0.062,0.0,robust isolated,2,1,grouped in ≥2
X110B,Phyllis Post Goodman Park,Triangle/Plaza,X,0.5,17,17,75,0.0,1.0,1.0,grouped,-1,1,-1,0.5,0.375,0.375,unstable,10,3,-1,0.5,0.5,0.0,grouped,59,20,146,0.0,1.0,0.667,grouped,-1,1,-1,1.0,0.0,0.0,robust isolated,1,1,definition-specific
X110C,Park,Triangle/Plaza,X,0.5,17,17,75,0.0,1.0,0.667,grouped,150,8,-1,0.375,0.5,0.375,grouped,-1,1,-1,1.0,0.0,0.0,robust isolated,59,20,146,0.0,1.0,0.667,grouped,-1,1,-1,1.0,0.0,0.0,robust isolated,2,1,grouped in ≥2
X110D,Bell Tower Park,Triangle/Plaza,X,0.5,17,17,75,0.0,1.0,0.667,grouped,149,5,228,0.25,0.75,0.708,grouped,11,8,90,0.0,1.0,0.0,grouped,59,20,146,0.0,1.0,0.667,grouped,-1,1,-1,0.688,0.125,0.0,unstable,2,0,grouped in ≥2
X111,Cedar Playground,Neighborhood Park,X,1.8,18,28,80,0.0,1.0,0.333,grouped,120,2,172,0.25,0.375,0.25,grouped,12,2,-1,0.5,0.0,0.0,grouped,19,47,54,0.0,0.667,0.667,grouped,-1,1,-1,0.875,0.0,0.0,robust isolated,2,1,grouped in ≥2
X112,Hilton White Playground,Jointly Operated Playground,X,0.477,42,43,161,0.0,1.0,0.667,grouped,65,33,-1,0.375,0.625,0.625,grouped,2,198,22,0.0,1.0,1.0,grouped,27,34,73,0.0,1.0,0.667,grouped,58,2,-1,0.5,0.125,0.0,grouped,3,0,grouped in all
X113,Hunts Point Playground,Jointly Operated Playground,X,0.717,41,3,-1,0.333,0.667,0.667,grouped,75,3,119,0.0,0.667,0.417,grouped,2,198,25,0.0,1.0,0.5,grouped,70,2,-1,0.333,0.0,0.0,grouped,-1,1,-1,1.0,0.0,0.0,robust isolated,2,1,grouped in ≥2
X114,Goble Playground,Playground,X,0.381,20,63,95,0.0,1.0,1.0,grouped,131,45,-1,0.25,0.625,0.5,grouped,1,89,-1,0.5,0.5,0.5,grouped,17,28,37,0.0,1.0,1.0,grouped,-1,1,-1,1.0,0.0,0.0,robust isolated,2,1,grouped in ≥2
X115,Mott Playground,Jointly Operated Playground,X,0.977,-1,1,-1,0.667,0.333,0.333,unstable,131,45,202,0.0,1.0,0.458,grouped,1,89,1,0.0,1.0,1.0,grouped,17,28,-1,0.333,0.667,0.0,grouped,-1,1,-1,0.562,0.0,0.0,unstable,2,0,grouped in ≥2
X116,Rev J Polite Playground,Jointly Operated Playground,X,1.815,48,20,-1,0.333,0.667,0.667,grouped,59,4,89,0.25,0.583,0.375,grouped,2,198,-1,0.5,0.5,0.5,grouped,47,5,-1,0.333,0.667,0.667,grouped,-1,1,-1,1.0,0.0,0.0,robust isolated,2,1,grouped in ≥2
X118A,Harding Park Beautification Project,Garden,X,1.16,26,8,119,0.0,0.667,0.333,grouped,-1,1,-1,0.583,0.417,0.25,unstable,2,198,22,0.0,1.0,0.5,grouped,-1,1,-1,1.0,0.0,0.0,robust isolated,-1,1,-1,1.0,0.0,0.0,robust isolated,0,2,isolated in ≥2
X119,Alexander's Alley,Neighborhood Park,X,0.11,47,20,173,0.0,1.0,0.667,grouped,65,33,102,0.0,1.0,1.0,grouped,2,198,22,0.0,1.0,1.0,grouped,28,4,80,0.0,1.0,0.667,grouped,-1,1,-1,0.75,0.0,0.0,unstable,2,0,grouped in ≥2
X120,Highbridge Park,Neighborhood Park,X,0.82,20,63,97,0.0,1.0,0.667,grouped,127,28,190,0.0,1.0,0.917,grouped,1,89,1,0.0,1.0,1.0,grouped,16,31,32,0.0,1.0,0.889,grouped,-1,1,-1,1.0,0.0,0.0,robust isolated,2,1,grouped in ≥2
X121,Bufano Park,Playground,X,1.904,-1,1,-1,0.667,0.333,0.333,unstable,-1,1,-1,0.75,0.25,0.25,unstable,2,198,-1,0.5,0.5,0.0,grouped,-1,1,-1,1.0,0.0,0.0,robust isolated,-1,1,-1,1.0,0.0,0.0,robust isolated,0,2,isolated in ≥2
X122,Colucci Playground,Neighborhood Park,X,4.0,-1,1,-1,1.0,0.0,0.0,robust isolated,-1,1,-1,0.667,0.333,0.333,unstable,2,198,22,0.0,1.0,1.0,grouped,-1,1,-1,1.0,0.0,0.0,robust isolated,-1,1,-1,1.0,0.0,0.0,robust isolated,0,2,isolated in ≥2
X123,Noble Playground,Playground,X,3.21,31,10,135,0.0,1.0,0.667,grouped,100,14,149,0.083,0.917,0.75,grouped,2,198,22,0.0,1.0,1.0,grouped,8,14,-1,0.333,0.667,0.333,grouped,-1,1,-1,0.875,0.0,0.0,robust isolated,2,1,grouped in ≥2
X124,Watson Gleason Playground,Neighborhood Park,X,3.301,24,2,-1,0.333,0.333,0.333,grouped,100,14,149,0.0,1.0,0.875,grouped,2,198,22,0.0,1.0,1.0,grouped,8,14,15,0.0,0.667,0.667,grouped,-1,1,-1,1.0,0.0,0.0,robust isolated,2,1,grouped in ≥2
X129,Devanney Triangle,Triangle/Plaza,X,0.12,20,63,96,0.0,1.0,0.667,grouped,131,45,204,0.0,0.667,0.667,grouped,1,89,1,0.0,1.0,1.0,grouped,19,47,47,0.0,0.667,0.333,grouped,-1,1,-1,0.875,0.125,0.0,robust isolated,2,1,grouped in ≥2
X130,Barry Plaza,Triangle/Plaza,X,0.09,20,63,95,0.0,1.0,1.0,grouped,131,45,203,0.125,0.875,0.75,grouped,2,198,23,0.0,1.0,1.0,grouped,17,28,37,0.0,1.0,1.0,grouped,-1,1,-1,1.0,0.0,0.0,robust isolated,2,1,grouped in ≥2
X131,Lozada Playground,Jointly Operated Playground,X,1.05,47,20,-1,0.333,0.667,0.333,grouped,67,4,108,0.208,0.667,0.5,grouped,2,198,-1,0.5,0.5,0.5,grouped,24,14,66,0.0,0.667,0.667,grouped,-1,1,-1,0.625,0.125,0.0,unstable,2,0,grouped in ≥2
X133,Derosa O'Boyle Triangle,Triangle/Plaza,X,0.017,-1,1,-1,1.0,0.0,0.0,robust isolated,-1,1,-1,0.667,0.125,0.083,unstable,9,2,85,0.0,0.0,0.0,grouped,-1,1,-1,1.0,0.0,0.0,robust isolated,-1,1,-1,1.0,0.0,0.0,robust isolated,0,2,isolated in ≥2
X134,Freeman Triangle,Triangle/Plaza,X,0.016,38,19,145,0.0,1.0,0.667,grouped,56,17,86,0.0,1.0,1.0,grouped,2,198,22,0.0,1.0,1.0,grouped,5,17,12,0.0,1.0,0.667,grouped,-1,1,-1,0.625,0.312,0.062,unstable,2,0,grouped in ≥2
X136,Harris Park,Neighborhood Park,X,15.32,53,2,207,0.0,0.333,0.333,grouped,125,3,183,0.0,1.0,0.458,grouped,1,89,1,0.0,1.0,1.0,grouped,19,47,-1,0.333,0.667,0.667,grouped,-1,1,-1,0.875,0.125,0.0,robust isolated,2,1,grouped in ≥2
X137,Jerome Park,Neighborhood Park,X,4.359,53,2,207,0.0,0.333,0.333,grouped,125,3,183,0.0,1.0,0.375,grouped,1,89,1,0.0,1.0,1.0,grouped,19,47,-1,0.333,0.667,0.333,grouped,-1,1,-1,0.625,0.125,0.0,unstable,2,0,grouped in ≥2
X138,Playground One Thirty Four CXXXIV,Neighborhood Park,X,1.95,47,20,-1,0.333,0.667,0.333,grouped,69,2,-1,0.5,0.25,0.25,grouped,2,198,-1,0.5,0.5,0.5,grouped,69,2,-1,0.333,0.0,0.0,grouped,-1,1,-1,0.875,0.0,0.0,robust isolated,2,1,grouped in ≥2
X139,Gouverneur Morris Triangle,Triangle/Plaza,X,0.313,47,20,-1,0.333,0.667,0.667,grouped,66,13,106,0.0,1.0,1.0,grouped,2,198,22,0.0,1.0,1.0,grouped,24,14,64,0.0,1.0,0.667,grouped,-1,1,-1,0.625,0.25,0.0,unstable,2,0,grouped in ≥2
X141,Rienzi Playground,Jointly Operated Playground,X,1.23,-1,1,-1,1.0,0.0,0.0,robust isolated,-1,1,-1,0.833,0.167,0.167,robust isolated,4,19,49,0.0,1.0,0.5,grouped,-1,1,-1,1.0,0.0,0.0,robust isolated,-1,1,-1,1.0,0.0,0.0,robust isolated,0,3,isolated in all
X145,La Finca del Sur Community Garden,Garden,X,0.255,47,20,-1,0.333,0.667,0.667,grouped,66,13,107,0.125,0.75,0.625,grouped,2,198,22,0.0,1.0,1.0,grouped,23,5,62,0.0,1.0,0.667,grouped,73,2,-1,0.5,0.25,0.0,grouped,3,0,grouped in all
X146,Flynn Playground,Playground,X,0.82,42,43,159,0.0,1.0,1.0,grouped,65,33,104,0.0,1.0,1.0,grouped,2,198,22,0.0,1.0,1.0,grouped,27,34,73,0.0,1.0,1.0,grouped,-1,1,-1,0.75,0.25,0.125,unstable,2,0,grouped in ≥2
X147A,Starlight Park,Neighborhood Park,X,17.256,38,19,145,0.0,1.0,0.667,grouped,56,17,86,0.0,1.0,1.0,grouped,2,198,22,0.0,1.0,1.0,grouped,5,17,12,0.0,1.0,0.667,grouped,-1,1,-1,0.875,0.062,0.0,robust isolated,2,1,grouped in ≥2
X147B,Daniel Boone Playground,Playground,X,1.2,38,19,145,0.0,1.0,0.667,grouped,56,17,86,0.0,1.0,0.75,grouped,2,198,22,0.0,1.0,0.5,grouped,5,17,12,0.0,1.0,0.667,grouped,-1,1,-1,0.875,0.125,0.0,robust isolated,2,1,grouped in ≥2
X148A,Park,Strip,X,0.294,20,63,97,0.0,1.0,1.0,grouped,127,28,190,0.0,1.0,0.583,grouped,1,89,1,0.0,1.0,1.0,grouped,16,31,35,0.0,1.0,0.667,grouped,-1,1,-1,0.875,0.125,0.0,robust isolated,2,1,grouped in ≥2
X148A1,Park,Strip,X,0.031,20,63,97,0.0,1.0,1.0,grouped,127,28,190,0.0,1.0,0.583,grouped,1,89,1,0.0,1.0,1.0,grouped,16,31,35,0.0,1.0,0.667,grouped,-1,1,-1,0.625,0.25,0.125,unstable,2,0,grouped in ≥2
X148A2,Plimpton Playground,Playground,X,1.0,20,63,97,0.0,1.0,1.0,grouped,127,28,189,0.25,0.75,0.75,grouped,1,89,1,0.0,1.0,0.5,grouped,16,31,35,0.0,1.0,1.0,grouped,-1,1,-1,1.0,0.0,0.0,robust isolated,2,1,grouped in ≥2
X148A3,Bridge Playground,Playground,X,0.63,20,63,97,0.0,1.0,0.667,grouped,127,28,190,0.0,1.0,0.625,grouped,1,89,1,0.0,1.0,1.0,grouped,16,31,32,0.0,1.0,0.667,grouped,-1,1,-1,1.0,0.0,0.0,robust isolated,2,1,grouped in ≥2
X148A4,Park,Parkway,X,0.167,20,63,97,0.0,1.0,1.0,grouped,127,28,189,0.0,1.0,0.875,grouped,1,89,1,0.0,1.0,0.5,grouped,16,31,35,0.0,1.0,1.0,grouped,-1,1,-1,0.875,0.125,0.0,robust isolated,2,1,grouped in ≥2
X148B,Park,Strip,X,0.15,20,63,95,0.0,1.0,1.0,grouped,131,45,206,0.125,0.75,0.5,grouped,-1,1,-1,1.0,0.0,0.0,robust isolated,17,28,37,0.0,1.0,1.0,grouped,-1,1,-1,0.75,0.0,0.0,unstable,2,0,grouped in ≥2
X148B1,Park,Strip,X,0.027,20,63,95,0.0,1.0,1.0,grouped,131,45,206,0.125,0.75,0.375,grouped,-1,1,-1,1.0,0.0,0.0,robust isolated,17,28,37,0.0,1.0,1.0,grouped,-1,1,-1,0.75,0.0,0.0,unstable,2,0,grouped in ≥2
X148B2,Park,Triangle/Plaza,X,0.041,20,63,95,0.0,1.0,1.0,grouped,131,45,206,0.25,0.75,0.5,grouped,1,89,-1,0.5,0.5,0.0,grouped,17,28,37,0.0,1.0,1.0,grouped,-1,1,-1,1.0,0.0,0.0,robust isolated,2,1,grouped in ≥2
X148C,Park,Strip,X,0.029,20,63,95,0.0,1.0,1.0,grouped,130,3,-1,0.5,0.5,0.375,grouped,-1,1,-1,1.0,0.0,0.0,robust isolated,17,28,37,0.0,1.0,1.0,grouped,-1,1,-1,1.0,0.0,0.0,robust isolated,2,1,grouped in ≥2
X148C1,Featherbenches,Triangle/Plaza,X,0.213,20,63,95,0.0,1.0,1.0,grouped,131,45,203,0.0,1.0,1.0,grouped,1,89,1,0.0,1.0,1.0,grouped,17,28,37,0.0,1.0,1.0,grouped,-1,1,-1,0.875,0.125,0.0,robust isolated,2,1,grouped in ≥2
X148C3,Inwood Park,Triangle/Plaza,X,0.36,20,63,95,0.0,1.0,1.0,grouped,131,45,203,0.125,0.75,0.5,grouped,1,89,-1,0.5,0.5,0.5,grouped,17,28,37,0.0,1.0,1.0,grouped,-1,1,-1,1.0,0.0,0.0,robust isolated,2,1,grouped in ≥2
X148C4,Townsend Walk,Strip,X,0.037,20,63,95,0.0,1.0,1.0,grouped,131,45,203,0.0,1.0,1.0,grouped,1,89,1,0.0,1.0,1.0,grouped,17,28,37,0.0,1.0,1.0,grouped,-1,1,-1,0.875,0.125,0.0,robust isolated,2,1,grouped in ≥2
X148C5,Jennie Jerome Playground,Playground,X,0.287,20,63,95,0.0,1.0,1.0,grouped,131,45,203,0.0,1.0,1.0,grouped,1,89,1,0.0,1.0,1.0,grouped,17,28,37,0.0,1.0,1.0,grouped,-1,1,-1,0.875,0.125,0.0,robust isolated,2,1,grouped in ≥2
X148C6,Walton Walk,Strip,X,0.037,20,63,95,0.0,1.0,1.0,grouped,131,45,203,0.0,1.0,1.0,grouped,1,89,1,0.0,1.0,1.0,grouped,17,28,37,0.0,1.0,1.0,grouped,-1,1,-1,0.688,0.312,0.062,unstable,2,0,grouped in ≥2
X148C7,Jerome Playground South,Recreational Field/Courts,X,0.345,20,63,95,0.0,1.0,1.0,grouped,131,45,203,0.0,1.0,1.0,grouped,1,89,1,0.0,1.0,1.0,grouped,17,28,37,0.0,1.0,1.0,grouped,-1,1,-1,1.0,0.0,0.0,robust isolated,2,1,grouped in ≥2
X148D,Walton Slope,Parkway,X,0.55,20,63,95,0.0,1.0,1.0,grouped,131,45,203,0.0,1.0,1.0,grouped,1,89,1,0.0,1.0,1.0,grouped,17,28,37,0.0,1.0,1.0,grouped,-1,1,-1,0.938,0.062,0.0,robust isolated,2,1,grouped in ≥2
X148D1,Morris Mesa,Playground,X,0.15,20,63,95,0.0,1.0,0.667,grouped,131,45,203,0.0,1.0,0.875,grouped,1,89,1,0.0,1.0,1.0,grouped,17,28,37,0.0,1.0,1.0,grouped,-1,1,-1,0.875,0.0,0.0,robust isolated,2,1,grouped in ≥2
X148E,Peace Park,Playground,X,0.141,20,63,95,0.0,1.0,0.667,grouped,131,45,203,0.0,1.0,0.75,grouped,1,89,1,0.0,1.0,0.5,grouped,17,28,37,0.0,1.0,1.0,grouped,-1,1,-1,1.0,0.0,0.0,robust isolated,2,1,grouped in ≥2
X148F5,Park,Strip,X,0.017,20,63,95,0.0,1.0,0.667,grouped,128,2,-1,0.25,0.667,0.5,grouped,1,89,-1,0.5,0.5,0.0,grouped,19,47,41,0.0,1.0,0.667,grouped,-1,1,-1,1.0,0.0,0.0,robust isolated,2,1,grouped in ≥2
X148G,Park,Strip,X,0.038,25,37,118,0.0,1.0,1.0,grouped,-1,1,-1,0.625,0.375,0.25,unstable,2,198,-1,0.5,0.5,0.5,grouped,-1,1,-1,1.0,0.0,0.0,robust isolated,-1,1,-1,1.0,0.0,0.0,robust isolated,0,2,isolated in ≥2
X148G1,Park,Strip,X,0.025,25,37,118,0.0,1.0,1.0,grouped,82,37,128,0.167,0.708,0.625,grouped,2,198,23,0.0,1.0,1.0,grouped,2,37,5,0.0,0.667,0.333,grouped,-1,1,-1,0.625,0.25,0.125,unstable,2,0,grouped in ≥2
X148G2,Park,Strip,X,0.046,25,37,118,0.0,1.0,1.0,grouped,82,37,128,0.167,0.708,0.625,grouped,2,198,23,0.0,1.0,1.0,grouped,2,37,5,0.0,0.667,0.333,grouped,-1,1,-1,0.625,0.25,0.125,unstable,2,0,grouped in ≥2
X148H,Admiral Farragut Playground,Playground,X,1.359,25,37,118,0.0,1.0,1.0,grouped,82,37,128,0.0,1.0,1.0,grouped,2,198,23,0.0,1.0,1.0,grouped,2,37,4,0.0,1.0,0.667,grouped,-1,1,-1,1.0,0.0,0.0,robust isolated,2,1,grouped in ≥2
X148H1,Prospect Playground,Jointly Operated Playground,X,1.438,25,37,118,0.0,1.0,1.0,grouped,82,37,128,0.0,1.0,1.0,grouped,2,198,23,0.0,1.0,1.0,grouped,2,37,4,0.0,1.0,1.0,grouped,-1,1,-1,0.875,0.125,0.062,robust isolated,2,1,grouped in ≥2
X148H2,Fairmount Playground,Triangle/Plaza,X,0.47,25,37,118,0.0,1.0,1.0,grouped,82,37,128,0.0,1.0,1.0,grouped,2,198,23,0.0,1.0,1.0,grouped,2,37,4,0.0,1.0,1.0,grouped,4,3,-1,0.375,0.5,0.062,grouped,3,0,grouped in all
X148H3,Park,Strip,X,0.023,25,37,118,0.0,1.0,1.0,grouped,82,37,128,0.0,1.0,0.5,grouped,2,198,-1,0.5,0.5,0.0,grouped,2,37,4,0.0,1.0,0.444,grouped,-1,1,-1,1.0,0.0,0.0,robust isolated,2,1,grouped in ≥2
X148I,Park,Strip,X,0.027,25,37,118,0.0,1.0,1.0,grouped,82,37,128,0.0,1.0,1.0,grouped,2,198,23,0.0,1.0,1.0,grouped,2,37,4,0.0,1.0,1.0,grouped,-1,1,-1,1.0,0.0,0.0,robust isolated,2,1,grouped in ≥2
X148I2,Park,Strip,X,0.023,25,37,118,0.0,1.0,1.0,grouped,82,37,128,0.0,1.0,1.0,grouped,2,198,23,0.0,1.0,1.0,grouped,2,37,-1,0.222,0.667,0.667,grouped,-1,1,-1,0.75,0.0,0.0,unstable,2,0,grouped in ≥2
X148I3,Park,Strip,X,0.03,25,37,118,0.0,1.0,0.667,grouped,-1,1,-1,0.5,0.5,0.375,unstable,2,198,23,0.0,1.0,0.5,grouped,-1,1,-1,0.556,0.333,0.222,unstable,-1,1,-1,1.0,0.0,0.0,robust isolated,0,1,definition-specific
X148J,Park,Strip,X,0.083,25,37,117,0.0,1.0,0.667,grouped,-1,1,-1,0.5,0.5,0.375,unstable,2,198,22,0.0,1.0,0.5,grouped,-1,1,-1,1.0,0.0,0.0,robust isolated,-1,1,-1,1.0,0.0,0.0,robust isolated,0,2,isolated in ≥2
X148J2,Boone Slope,Strip,X,0.03,39,6,152,0.0,1.0,0.667,grouped,-1,1,-1,0.75,0.25,0.25,unstable,2,198,-1,0.5,0.5,0.0,grouped,-1,1,-1,0.667,0.333,0.333,unstable,-1,1,-1,1.0,0.0,0.0,robust isolated,0,1,definition-specific
X148K1,Park,Triangle/Plaza,X,0.059,31,10,135,0.0,1.0,0.667,grouped,100,14,149,0.0,1.0,0.875,grouped,2,198,22,0.0,1.0,1.0,grouped,8,14,16,0.0,1.0,1.0,grouped,-1,1,-1,1.0,0.0,0.0,robust isolated,2,1,grouped in ≥2
X148K2,St. Lawrence Triangle,Triangle/Plaza,X,0.14,31,10,135,0.0,1.0,0.667,grouped,100,14,149,0.0,1.0,0.875,grouped,2,198,22,0.0,1.0,1.0,grouped,8,14,16,0.0,1.0,1.0,grouped,-1,1,-1,1.0,0.0,0.0,robust isolated,2,1,grouped in ≥2
X148K3,Wood Park,Triangle/Plaza,X,0.191,31,10,135,0.0,1.0,0.667,grouped,100,14,149,0.0,1.0,0.792,grouped,2,198,22,0.0,1.0,0.5,grouped,8,14,16,0.0,1.0,1.0,grouped,-1,1,-1,1.0,0.0,0.0,robust isolated,2,1,grouped in ≥2
X148K4,Park,Triangle/Plaza,X,0.138,31,10,135,0.0,1.0,0.667,grouped,100,14,149,0.0,1.0,0.875,grouped,2,198,22,0.0,1.0,1.0,grouped,8,14,16,0.0,1.0,1.0,grouped,-1,1,-1,0.875,0.062,0.0,robust isolated,2,1,grouped in ≥2
X148L,Virginia Playground,Playground,X,0.461,31,10,135,0.0,1.0,1.0,grouped,100,14,149,0.0,1.0,0.792,grouped,2,198,22,0.0,1.0,1.0,grouped,8,14,16,0.0,1.0,1.0,grouped,-1,1,-1,1.0,0.0,0.0,robust isolated,2,1,grouped in ≥2
X148L1,Virginia Park,Neighborhood Park,X,0.918,31,10,135,0.0,1.0,1.0,grouped,100,14,-1,0.25,0.75,0.708,grouped,2,198,22,0.0,1.0,1.0,grouped,8,14,16,0.0,1.0,1.0,grouped,-1,1,-1,0.875,0.062,0.0,robust isolated,2,1,grouped in ≥2
X148M,Chief Dennis L. Devlin Park,Triangle/Plaza,X,0.52,27,5,-1,0.333,0.667,0.333,grouped,98,4,147,0.0,0.708,0.583,grouped,2,198,22,0.0,1.0,1.0,grouped,13,4,-1,0.333,0.667,0.333,grouped,-1,1,-1,0.875,0.0,0.0,robust isolated,2,1,grouped in ≥2
X148M1,Havemeyer Playground,Playground,X,0.442,27,5,-1,0.333,0.667,0.333,grouped,98,4,147,0.0,0.708,0.5,grouped,2,198,22,0.0,1.0,1.0,grouped,13,4,25,0.0,1.0,0.333,grouped,-1,1,-1,1.0,0.0,0.0,robust isolated,2,1,grouped in ≥2
X149,Miele Park,Triangle/Plaza,X,0.39,64,2,221,0.0,0.333,0.333,grouped,88,3,135,0.25,0.5,0.25,grouped,8,3,84,0.0,1.0,0.0,grouped,65,3,157,0.0,0.667,0.333,grouped,-1,1,-1,1.0,0.0,0.0,robust isolated,2,1,grouped in ≥2
X150D,Gasoline Alley,Strip,X,0.667,18,28,80,0.0,1.0,0.667,grouped,-1,1,-1,0.625,0.375,0.25,unstable,12,2,-1,0.5,0.0,0.0,grouped,19,47,42,0.0,1.0,0.667,grouped,-1,1,-1,1.0,0.0,0.0,robust isolated,1,1,definition-specific
X150E,Fordham Landing Playground,Playground,X,3.9,18,28,80,0.0,1.0,0.667,grouped,143,3,221,0.125,0.875,0.75,grouped,5,16,54,0.0,1.0,1.0,grouped,21,6,57,0.0,1.0,0.667,grouped,105,3,112,0.0,1.0,0.812,grouped,3,0,grouped in all
X150G,Siren Slope,Parkway,X,0.275,18,28,-1,0.333,0.667,0.667,grouped,144,3,222,0.25,0.75,0.417,grouped,5,16,54,0.0,1.0,1.0,grouped,21,6,-1,0.333,0.667,0.333,grouped,106,2,-1,0.5,0.438,0.25,grouped,3,0,grouped in all
X150H,Crescent Park,Triangle/Plaza,X,0.436,18,28,81,0.0,1.0,1.0,grouped,-1,1,-1,0.75,0.25,0.25,unstable,-1,1,-1,1.0,0.0,0.0,robust isolated,-1,1,-1,1.0,0.0,0.0,robust isolated,-1,1,-1,1.0,0.0,0.0,robust isolated,0,2,isolated in ≥2
X150I,Cooney Grauer Field,Recreational Field/Courts,X,1.274,18,28,81,0.0,1.0,1.0,grouped,144,3,222,0.25,0.75,0.417,grouped,5,16,54,0.0,1.0,1.0,grouped,21,6,-1,0.333,0.667,0.333,grouped,-1,1,-1,0.75,0.25,0.125,unstable,2,0,grouped in ≥2
X150J,Bailey Playground,Playground,X,3.533,18,28,81,0.0,1.0,1.0,grouped,144,3,222,0.25,0.75,0.417,grouped,5,16,54,0.0,1.0,1.0,grouped,21,6,-1,0.333,0.667,0.333,grouped,106,2,-1,0.5,0.438,0.25,grouped,3,0,grouped in all
X150K,Park,Strip,X,0.088,18,28,81,0.0,1.0,0.667,grouped,145,2,223,0.0,0.25,0.25,grouped,5,16,-1,0.5,0.5,0.5,grouped,19,47,46,0.0,0.667,0.333,grouped,-1,1,-1,1.0,0.0,0.0,robust isolated,2,1,grouped in ≥2
X150L,Van Cortlandt's Tail,Triangle/Plaza,X,0.35,18,28,-1,0.333,0.667,0.667,grouped,145,2,223,0.0,0.25,0.25,grouped,5,16,55,0.0,1.0,1.0,grouped,19,47,46,0.0,0.667,0.333,grouped,-1,1,-1,1.0,0.0,0.0,robust isolated,2,1,grouped in ≥2
X151,P.O. Serrano Playground,Neighborhood Park,X,2.618,-1,1,-1,0.667,0.333,0.333,unstable,90,2,138,0.25,0.417,0.25,grouped,2,198,22,0.0,1.0,1.0,grouped,63,2,-1,0.333,0.333,0.0,grouped,-1,1,-1,1.0,0.0,0.0,robust isolated,2,1,grouped in ≥2
X152,Vinmont Veteran Park,Jointly Operated Playground,X,3.5,14,6,69,0.0,1.0,1.0,grouped,149,5,228,0.25,0.75,0.75,grouped,11,8,89,0.0,1.0,0.5,grouped,59,20,145,0.0,1.0,0.667,grouped,-1,1,-1,0.938,0.062,0.0,robust isolated,2,1,grouped in ≥2
X153,Merriam Playground,Playground,X,2.944,20,63,97,0.0,1.0,0.667,grouped,127,28,190,0.0,1.0,0.917,grouped,1,89,1,0.0,1.0,1.0,grouped,16,31,32,0.0,1.0,0.889,grouped,-1,1,-1,1.0,0.0,0.0,robust isolated,2,1,grouped in ≥2
X154,Melrose Playground,Playground,X,1.001,42,43,-1,0.333,0.667,0.667,grouped,65,33,104,0.0,1.0,0.75,grouped,1,89,2,0.0,1.0,0.5,grouped,27,34,73,0.0,1.0,0.667,grouped,-1,1,-1,0.875,0.0,0.0,robust isolated,2,1,grouped in ≥2
X155,Patterson Playground,Jointly Operated Playground,X,2.37,47,20,182,0.0,1.0,0.667,grouped,66,13,105,0.0,0.75,0.75,grouped,1,89,1,0.0,1.0,1.0,grouped,23,5,63,0.0,0.889,0.667,grouped,-1,1,-1,1.0,0.0,0.0,robust isolated,2,1,grouped in ≥2
X156,Eastchester Playground,Playground,X,1.025,-1,1,-1,0.667,0.333,0.0,unstable,-1,1,-1,0.583,0.333,0.167,unstable,4,19,49,0.0,1.0,1.0,grouped,-1,1,-1,1.0,0.0,0.0,robust isolated,-1,1,-1,1.0,0.0,0.0,robust isolated,0,2,isolated in ≥2
X157,Mazzei Playground,Playground,X,1.59,-1,1,-1,0.667,0.333,0.0,unstable,-1,1,-1,0.417,0.417,0.167,unstable,4,19,49,0.0,1.0,1.0,grouped,-1,1,-1,1.0,0.0,0.0,robust isolated,-1,1,-1,0.938,0.0,0.0,robust isolated,0,2,isolated in ≥2
X158,Sedgwick Playground,Playground,X,1.054,20,63,97,0.0,1.0,1.0,grouped,-1,1,-1,0.625,0.375,0.25,unstable,1,89,-1,0.5,0.5,0.0,grouped,16,31,-1,0.333,0.667,0.0,grouped,-1,1,-1,1.0,0.0,0.0,robust isolated,1,1,definition-specific
X159,Captain William Harry Thompson Playground,Neighborhood Park,X,1.0,39,6,-1,0.0,1.0,0.333,grouped,56,17,86,0.0,1.0,1.0,grouped,2,198,22,0.0,1.0,1.0,grouped,5,17,12,0.0,1.0,0.667,grouped,-1,1,-1,0.625,0.125,0.0,unstable,2,0,grouped in ≥2
X160,Caserta Playground,Jointly Operated Playground,X,1.0,30,2,134,0.0,0.333,0.0,grouped,99,2,148,0.0,0.5,0.167,grouped,2,198,22,0.0,1.0,0.5,grouped,66,2,159,0.0,0.0,0.0,grouped,-1,1,-1,1.0,0.0,0.0,robust isolated,2,1,grouped in ≥2
X161,Gun Hill Playground,Playground,X,0.716,51,5,-1,0.333,0.667,0.667,grouped,110,4,-1,0.5,0.5,0.25,grouped,4,19,49,0.0,1.0,0.0,grouped,-1,1,-1,1.0,0.0,0.0,robust isolated,-1,1,-1,1.0,0.0,0.0,robust isolated,1,2,isolated in ≥2
X162,Parkside Playground,Playground,X,0.817,52,2,-1,0.333,0.333,0.333,grouped,109,2,159,0.0,0.25,0.25,grouped,4,19,49,0.0,1.0,1.0,grouped,68,2,161,0.0,0.0,0.0,grouped,-1,1,-1,1.0,0.0,0.0,robust isolated,2,1,grouped in ≥2
X163,Loreto Playground,Community Park,X,2.181,-1,1,-1,1.0,0.0,0.0,robust isolated,-1,1,-1,0.667,0.333,0.167,unstable,2,198,22,0.0,1.0,0.5,grouped,-1,1,-1,0.667,0.333,0.0,unstable,-1,1,-1,1.0,0.0,0.0,robust isolated,0,1,definition-specific
X164,Dawson Playground,Jointly Operated Playground,X,0.743,48,20,189,0.0,1.0,1.0,grouped,-1,1,-1,0.583,0.417,0.333,unstable,2,198,22,0.0,1.0,1.0,grouped,-1,1,-1,0.778,0.222,0.0,unstable,-1,1,-1,1.0,0.0,0.0,robust isolated,0,1,definition-specific
X164A,Wishing Well Garden,Garden,X,0.351,48,20,189,0.0,1.0,1.0,grouped,-1,1,-1,0.75,0.25,0.25,unstable,2,198,22,0.0,1.0,1.0,grouped,47,5,128,0.0,0.667,0.667,grouped,-1,1,-1,1.0,0.0,0.0,robust isolated,1,1,definition-specific
X165,Edenwald Playground,Jointly Operated Playground,X,2.537,-1,1,-1,0.667,0.333,0.333,unstable,-1,1,-1,0.75,0.25,0.083,unstable,4,19,49,0.0,1.0,1.0,grouped,-1,1,-1,1.0,0.0,0.0,robust isolated,-1,1,-1,1.0,0.0,0.0,robust isolated,0,2,isolated in ≥2
X166,Behagen Playground,Playground,X,3.348,48,20,-1,0.333,0.667,0.667,grouped,60,9,-1,0.333,0.667,0.625,grouped,2,198,22,0.0,1.0,1.0,grouped,25,2,-1,0.222,0.444,0.333,grouped,-1,1,-1,0.875,0.0,0.0,robust isolated,2,1,grouped in ≥2
X168,Nelson Playground,Playground,X,1.264,22,13,112,0.0,0.667,0.667,grouped,127,28,190,0.0,1.0,0.917,grouped,1,89,1,0.0,1.0,1.0,grouped,16,31,32,0.0,1.0,0.667,grouped,-1,1,-1,0.75,0.25,0.125,unstable,2,0,grouped in ≥2
X169,Agnes Haywood Playground,Jointly Operated Playground,X,1.32,51,5,-1,0.333,0.667,0.333,grouped,110,4,160,0.25,0.75,0.25,grouped,4,19,49,0.0,1.0,1.0,grouped,67,3,160,0.0,1.0,0.0,grouped,-1,1,-1,1.0,0.0,0.0,robust isolated,2,1,grouped in ≥2
X170,The Pearly Gates,Playground,X,0.659,63,4,-1,0.333,0.667,0.333,grouped,-1,1,-1,0.75,0.25,0.25,unstable,-1,1,-1,1.0,0.0,0.0,robust isolated,-1,1,-1,1.0,0.0,0.0,robust isolated,-1,1,-1,1.0,0.0,0.0,robust isolated,0,2,isolated in ≥2
X171,Spuyten Duyvil Playground,Jointly Operated Playground,X,1.51,17,17,75,0.0,1.0,1.0,grouped,150,8,229,0.125,0.875,0.125,grouped,10,3,-1,0.5,0.5,0.0,grouped,59,20,146,0.0,1.0,0.0,grouped,-1,1,-1,1.0,0.0,0.0,robust isolated,2,1,grouped in ≥2
X172,Allerton Playground,Jointly Operated Playground,X,1.597,-1,1,-1,0.667,0.333,0.0,unstable,111,2,-1,0.25,0.333,0.167,grouped,4,19,49,0.0,1.0,1.0,grouped,-1,1,-1,0.667,0.0,0.0,unstable,-1,1,-1,0.938,0.0,0.0,robust isolated,1,1,definition-specific
X174,Webster Playground,Playground,X,0.744,18,28,-1,0.0,0.667,0.667,grouped,81,4,126,0.0,1.0,0.417,grouped,2,198,23,0.0,1.0,1.0,grouped,19,47,44,0.0,1.0,0.333,grouped,-1,1,-1,0.75,0.25,0.0,unstable,2,0,grouped in ≥2
X175,Riverbend Playground,Jointly Operated Playground,X,0.637,18,28,-1,0.333,0.667,0.333,grouped,143,3,221,0.125,0.875,0.75,grouped,5,16,54,0.0,1.0,1.0,grouped,21,6,57,0.0,1.0,0.667,grouped,105,3,112,0.0,1.0,0.812,grouped,3,0,grouped in all
X176,Taylor Playground,Jointly Operated Playground,X,1.578,31,10,-1,0.333,0.667,0.333,grouped,100,14,149,0.0,1.0,0.5,grouped,2,198,22,0.0,1.0,0.5,grouped,8,14,16,0.0,1.0,0.444,grouped,-1,1,-1,1.0,0.0,0.0,robust isolated,2,1,grouped in ≥2
X177,Castle Hill Playground,Jointly Operated Playground,X,1.368,30,2,134,0.0,0.333,0.0,grouped,99,2,148,0.0,0.5,0.333,grouped,2,198,22,0.0,1.0,1.0,grouped,66,2,159,0.0,0.0,0.0,grouped,-1,1,-1,1.0,0.0,0.0,robust isolated,2,1,grouped in ≥2
X178,Matthews Muliner Playground,Playground,X,1.02,-1,1,-1,0.667,0.333,0.0,unstable,-1,1,-1,0.75,0.25,0.167,unstable,-1,1,-1,1.0,0.0,0.0,robust isolated,-1,1,-1,1.0,0.0,0.0,robust isolated,-1,1,-1,1.0,0.0,0.0,robust isolated,0,2,isolated in ≥2
X179,Al Quiñones Playground,Jointly Operated Playground,X,1.793,48,20,-1,0.333,0.667,0.667,grouped,60,9,92,0.25,0.75,0.375,grouped,2,198,22,0.0,1.0,0.5,grouped,26,2,72,0.0,0.667,0.444,grouped,-1,1,-1,1.0,0.0,0.0,robust isolated,2,1,grouped in ≥2
X180,Whalen Playground,Triangle/Plaza,X,0.326,50,10,-1,0.333,0.667,0.667,grouped,122,10,-1,0.375,0.5,0.25,grouped,-1,1,-1,1.0,0.0,0.0,robust isolated,19,47,45,0.0,0.667,0.667,grouped,-1,1,-1,1.0,0.0,0.0,robust isolated,2,1,grouped in ≥2
X182,Millbrook Playground,Playground,X,1.053,47,20,181,0.0,0.667,0.667,grouped,67,4,109,0.125,0.708,0.625,grouped,2,198,22,0.0,1.0,0.5,grouped,24,14,64,0.0,1.0,0.667,grouped,-1,1,-1,0.625,0.125,0.0,unstable,2,0,grouped in ≥2
X183,Bruckner Playground,Jointly Operated Playground,X,1.053,-1,1,-1,1.0,0.0,0.0,robust isolated,-1,1,-1,0.667,0.125,0.0,unstable,9,2,85,0.0,0.0,0.0,grouped,-1,1,-1,1.0,0.0,0.0,robust isolated,-1,1,-1,1.0,0.0,0.0,robust isolated,0,2,isolated in ≥2
X185,Dunbar Playground,Jointly Operated Playground,X,1.44,42,43,161,0.0,1.0,0.667,grouped,65,33,100,0.0,1.0,0.75,grouped,2,198,22,0.0,1.0,1.0,grouped,27,34,73,0.0,1.0,0.667,grouped,-1,1,-1,1.0,0.0,0.0,robust isolated,2,1,grouped in ≥2
X186,Riverdale Playground,Jointly Operated Playground,X,2.58,17,17,75,0.0,1.0,1.0,grouped,150,8,229,0.0,0.875,0.375,grouped,-1,1,-1,1.0,0.0,0.0,robust isolated,59,20,146,0.0,1.0,1.0,grouped,-1,1,-1,1.0,0.0,0.0,robust isolated,2,1,grouped in ≥2
X187,Givan Square,Playground,X,1.82,-1,1,-1,0.667,0.333,0.0,unstable,-1,1,-1,0.667,0.333,0.167,unstable,4,19,49,0.0,1.0,1.0,grouped,-1,1,-1,1.0,0.0,0.0,robust isolated,-1,1,-1,1.0,0.0,0.0,robust isolated,0,2,isolated in ≥2
X188,Wakefield Playground,Jointly Operated Playground,X,1.104,-1,1,-1,1.0,0.0,0.0,robust isolated,-1,1,-1,0.917,0.083,0.083,robust isolated,4,19,49,0.0,1.0,0.5,grouped,-1,1,-1,1.0,0.0,0.0,robust isolated,-1,1,-1,1.0,0.0,0.0,robust isolated,0,3,isolated in all
X190,Tiffany Playground,Jointly Operated Playground,X,1.144,48,20,-1,0.333,0.667,0.667,grouped,60,9,-1,0.25,0.75,0.417,grouped,2,198,22,0.0,1.0,1.0,grouped,-1,1,-1,0.889,0.111,0.0,robust isolated,-1,1,-1,1.0,0.0,0.0,robust isolated,1,2,isolated in ≥2
X191A,Bicentennial Veterans Memorial Park,Neighborhood Park,X,9.395,-1,1,-1,1.0,0.0,0.0,robust isolated,-1,1,-1,1.0,0.0,0.0,robust isolated,-1,1,-1,1.0,0.0,0.0,robust isolated,-1,1,-1,1.0,0.0,0.0,robust isolated,-1,1,-1,1.0,0.0,0.0,robust isolated,0,3,isolated in all
X191D,Park,Strip,X,0.008,-1,1,-1,1.0,0.0,0.0,robust isolated,-1,1,-1,1.0,0.0,0.0,robust isolated,-1,1,-1,1.0,0.0,0.0,robust isolated,-1,1,-1,1.0,0.0,0.0,robust isolated,-1,1,-1,1.0,0.0,0.0,robust isolated,0,3,isolated in all
X193,Stars & Stripes Playground,Jointly Operated Playground,X,2.646,67,2,224,0.0,0.333,0.333,grouped,-1,1,-1,0.75,0.25,0.083,unstable,4,19,-1,0.5,0.5,0.0,grouped,-1,1,-1,1.0,0.0,0.0,robust isolated,-1,1,-1,1.0,0.0,0.0,robust isolated,0,2,isolated in ≥2
X194,Captain Rivera Playground,Playground,X,0.988,42,43,-1,0.0,0.667,0.667,grouped,60,9,94,0.0,1.0,0.5,grouped,2,198,22,0.0,1.0,1.0,grouped,27,34,74,0.0,1.0,0.667,grouped,-1,1,-1,1.0,0.0,0.0,robust isolated,2,1,grouped in ≥2
X195A,Colgate Close,Neighborhood Park,X,1.871,38,19,-1,0.333,0.667,0.667,grouped,55,2,-1,0.375,0.5,0.375,grouped,2,198,22,0.0,1.0,1.0,grouped,5,17,12,0.0,1.0,0.667,grouped,-1,1,-1,1.0,0.0,0.0,robust isolated,2,1,grouped in ≥2
X195B,Park,Strip,X,0.102,-1,1,-1,0.667,0.333,0.0,unstable,-1,1,-1,0.75,0.167,0.167,unstable,2,198,22,0.0,1.0,0.5,grouped,-1,1,-1,0.667,0.0,0.0,unstable,-1,1,-1,1.0,0.0,0.0,robust isolated,0,1,definition-specific
X195C,Park,Strip,X,0.007,-1,1,-1,0.667,0.333,0.0,unstable,88,3,135,0.25,0.5,0.167,grouped,8,3,84,0.0,1.0,0.0,grouped,65,3,-1,0.333,0.667,0.333,grouped,-1,1,-1,1.0,0.0,0.0,robust isolated,2,1,grouped in ≥2
X195D,Park,Strip,X,0.006,29,3,-1,0.333,0.667,0.667,grouped,-1,1,-1,0.625,0.375,0.25,unstable,2,198,-1,0.5,0.5,0.5,grouped,-1,1,-1,1.0,0.0,0.0,robust isolated,-1,1,-1,1.0,0.0,0.0,robust isolated,0,2,isolated in ≥2
X195F,Park,Strip,X,0.025,27,5,-1,0.333,0.667,0.333,grouped,98,4,147,0.0,0.708,0.583,grouped,2,198,22,0.0,1.0,1.0,grouped,13,4,25,0.0,1.0,0.333,grouped,-1,1,-1,0.938,0.0,0.0,robust isolated,2,1,grouped in ≥2
X196,Haffen Park,Neighborhood Park,X,9.238,-1,1,-1,0.667,0.333,0.0,unstable,-1,1,-1,0.75,0.25,0.167,unstable,4,19,-1,0.5,0.5,0.0,grouped,-1,1,-1,0.889,0.0,0.0,robust isolated,-1,1,-1,1.0,0.0,0.0,robust isolated,0,2,isolated in ≥2
X197,Mosholu Playground,Jointly Operated Playground,X,0.412,50,10,199,0.0,1.0,0.667,grouped,122,10,174,0.0,0.75,0.5,grouped,1,89,-1,0.5,0.5,0.5,grouped,19,47,43,0.0,1.0,0.667,grouped,-1,1,-1,1.0,0.0,0.0,robust isolated,2,1,grouped in ≥2
X200,Clark Playground,Jointly Operated Playground,X,0.722,47,20,182,0.0,1.0,0.667,grouped,66,13,106,0.0,1.0,0.75,grouped,2,198,22,0.0,1.0,1.0,grouped,24,14,-1,0.111,0.889,0.556,grouped,-1,1,-1,1.0,0.0,0.0,robust isolated,2,1,grouped in ≥2
X201,Seton Park,Community Park,X,11.689,17,17,75,0.0,1.0,1.0,grouped,150,8,-1,0.5,0.5,0.25,grouped,-1,1,-1,1.0,0.0,0.0,robust isolated,59,20,-1,0.333,0.667,0.667,grouped,-1,1,-1,1.0,0.0,0.0,robust isolated,2,1,grouped in ≥2
X202,Marble Hill Playground,Playground,X,1.646,18,28,-1,0.333,0.667,0.667,grouped,-1,1,-1,0.75,0.25,0.167,unstable,5,16,-1,0.5,0.5,0.5,grouped,-1,1,-1,1.0,0.0,0.0,robust isolated,-1,1,-1,1.0,0.0,0.0,robust isolated,0,2,isolated in ≥2
X203,Randall Playground,Playground,X,1.0,26,8,-1,0.333,0.667,0.333,grouped,-1,1,-1,0.583,0.417,0.25,unstable,2,198,22,0.0,1.0,1.0,grouped,-1,1,-1,0.778,0.222,0.0,unstable,-1,1,-1,1.0,0.0,0.0,robust isolated,0,1,definition-specific
X204,Story Playground,Jointly Operated Playground,X,2.075,28,2,-1,0.333,0.333,0.333,grouped,94,5,142,0.0,1.0,0.417,grouped,2,198,22,0.0,1.0,1.0,grouped,14,5,-1,0.333,0.667,0.0,grouped,-1,1,-1,1.0,0.0,0.0,robust isolated,2,1,grouped in ≥2
X205,FDNY-EMT Yadira Arroyo Playground,Jointly Operated Playground,X,0.322,29,3,132,0.0,0.667,0.667,grouped,100,14,149,0.0,1.0,0.875,grouped,2,198,22,0.0,1.0,1.0,grouped,8,14,-1,0.333,0.667,0.667,grouped,-1,1,-1,0.875,0.125,0.0,robust isolated,2,1,grouped in ≥2
X206,Morgan Playground,Jointly Operated Playground,X,0.782,42,43,163,0.0,0.667,0.667,grouped,65,33,103,0.0,1.0,0.5,grouped,2,198,23,0.0,1.0,1.0,grouped,27,34,77,0.0,0.667,0.222,grouped,-1,1,-1,0.625,0.0,0.0,unstable,2,0,grouped in ≥2
X207,Pontiac Playground,Jointly Operated Playground,X,0.913,48,20,188,0.0,1.0,0.667,grouped,66,13,106,0.0,1.0,1.0,grouped,2,198,22,0.0,1.0,1.0,grouped,24,14,67,0.0,0.667,0.667,grouped,-1,1,-1,0.812,0.0,0.0,robust isolated,2,1,grouped in ≥2
X208,Haviland Playground,Jointly Operated Playground,X,0.84,29,3,132,0.0,0.667,0.667,grouped,100,14,149,0.0,1.0,0.875,grouped,2,198,22,0.0,1.0,1.0,grouped,8,14,-1,0.333,0.667,0.667,grouped,-1,1,-1,0.75,0.125,0.0,unstable,2,0,grouped in ≥2
X209,Wave Hill,Historic House Park,X,20.867,14,6,-1,0.333,0.667,0.667,grouped,148,2,227,0.25,0.417,0.25,grouped,-1,1,-1,1.0,0.0,0.0,robust isolated,59,20,145,0.0,0.778,0.222,grouped,-1,1,-1,1.0,0.0,0.0,robust isolated,2,1,grouped in ≥2
X211,Stebbins Playground,Jointly Operated Playground,X,0.83,48,20,186,0.0,1.0,1.0,grouped,59,4,-1,0.375,0.625,0.458,grouped,2,198,24,0.0,1.0,0.5,grouped,47,5,128,0.0,0.667,0.667,grouped,-1,1,-1,0.688,0.312,0.0,unstable,2,0,grouped in ≥2
X214,Magenta Playground,Jointly Operated Playground,X,1.205,51,5,-1,0.333,0.667,0.667,grouped,-1,1,-1,0.75,0.25,0.25,unstable,4,19,-1,0.5,0.5,0.0,grouped,-1,1,-1,1.0,0.0,0.0,robust isolated,-1,1,-1,1.0,0.0,0.0,robust isolated,0,2,isolated in ≥2
X215,Valentine Varian House,Historic House Park,X,0.455,50,10,199,0.0,1.0,1.0,grouped,122,10,-1,0.5,0.5,0.25,grouped,-1,1,-1,1.0,0.0,0.0,robust isolated,19,47,43,0.0,1.0,0.0,grouped,-1,1,-1,1.0,0.0,0.0,robust isolated,2,1,grouped in ≥2
X216,Abigail Playground,Playground,X,0.529,48,20,-1,0.0,0.667,0.667,grouped,60,9,94,0.0,1.0,0.667,grouped,2,198,22,0.0,1.0,1.0,grouped,27,34,74,0.0,1.0,0.667,grouped,-1,1,-1,1.0,0.0,0.0,robust isolated,2,1,grouped in ≥2
X217,Willis Playground,Jointly Operated Playground,X,1.882,47,20,173,0.0,1.0,0.667,grouped,65,33,102,0.0,1.0,1.0,grouped,2,198,22,0.0,1.0,0.5,grouped,28,4,80,0.0,1.0,0.667,grouped,-1,1,-1,1.0,0.0,0.0,robust isolated,2,1,grouped in ≥2
X219,Arcilla Playground,Jointly Operated Playground,X,1.377,42,43,159,0.0,1.0,0.667,grouped,-1,1,-1,0.417,0.583,0.5,unstable,1,89,1,0.0,1.0,1.0,grouped,-1,1,-1,0.667,0.333,0.333,unstable,-1,1,-1,0.938,0.0,0.0,robust isolated,0,1,definition-specific
X221,Space Time Playground,Jointly Operated Playground,X,1.28,28,2,-1,0.333,0.333,0.333,grouped,90,2,138,0.25,0.417,0.25,grouped,2,198,-1,0.5,0.5,0.5,grouped,63,2,-1,0.333,0.333,0.0,grouped,-1,1,-1,1.0,0.0,0.0,robust isolated,2,1,grouped in ≥2
X222,Gouverneur Playground,Playground,X,0.977,21,3,-1,0.333,0.667,0.667,grouped,64,12,99,0.0,1.0,0.625,grouped,2,198,23,0.0,1.0,1.0,grouped,1,12,-1,0.333,0.667,0.333,grouped,-1,1,-1,0.875,0.0,0.0,robust isolated,2,1,grouped in ≥2
X224,MacLaughlin Playground,Playground,X,0.284,17,17,-1,0.333,0.667,0.667,grouped,138,2,214,0.25,0.125,0.083,grouped,-1,1,-1,1.0,0.0,0.0,robust isolated,62,2,153,0.0,0.0,0.0,grouped,-1,1,-1,1.0,0.0,0.0,robust isolated,2,1,grouped in ≥2
X228,I-Am-Park,Jointly Operated Playground,X,0.712,48,20,-1,0.0,0.667,0.667,grouped,66,13,106,0.0,1.0,1.0,grouped,2,198,22,0.0,1.0,1.0,grouped,24,14,67,0.0,0.667,0.667,grouped,-1,1,-1,1.0,0.0,0.0,robust isolated,2,1,grouped in ≥2
X232,Burns Playground,Jointly Operated Playground,X,1.623,-1,1,-1,0.667,0.333,0.0,unstable,-1,1,-1,0.583,0.333,0.167,unstable,4,19,49,0.0,1.0,1.0,grouped,-1,1,-1,0.889,0.0,0.0,robust isolated,-1,1,-1,0.938,0.0,0.0,robust isolated,0,2,isolated in ≥2
X233,Fountain Of Youth Playground,Jointly Operated Playground,X,1.375,48,20,188,0.0,1.0,1.0,grouped,60,9,94,0.167,0.833,0.542,grouped,2,198,22,0.0,1.0,1.0,grouped,27,34,74,0.0,1.0,0.556,grouped,-1,1,-1,1.0,0.0,0.0,robust isolated,2,1,grouped in ≥2
X233A,El Flamboyan Garden,Garden,X,0.402,48,20,188,0.0,1.0,1.0,grouped,60,9,94,0.0,1.0,0.667,grouped,2,198,22,0.0,1.0,1.0,grouped,27,34,74,0.0,1.0,0.556,grouped,-1,1,-1,0.875,0.0,0.0,robust isolated,2,1,grouped in ≥2
X235,Grove Hill Playground,Jointly Operated Playground,X,1.186,42,43,162,0.0,0.667,0.667,grouped,65,33,100,0.0,1.0,0.75,grouped,2,198,22,0.0,1.0,1.0,grouped,27,34,73,0.0,1.0,0.667,grouped,-1,1,-1,0.875,0.125,0.0,robust isolated,2,1,grouped in ≥2
X236,Mapes Pool,Neighborhood Park,X,0.68,25,37,118,0.0,1.0,1.0,grouped,82,37,128,0.0,1.0,1.0,grouped,2,198,23,0.0,1.0,1.0,grouped,2,37,4,0.0,1.0,1.0,grouped,-1,1,-1,0.688,0.188,0.0,unstable,2,0,grouped in ≥2
X238,Saw Mill Playground,Jointly Operated Playground,X,0.92,47,20,173,0.0,1.0,1.0,grouped,66,13,106,0.0,1.0,0.25,grouped,-1,1,-1,1.0,0.0,0.0,robust isolated,24,14,65,0.0,1.0,0.0,grouped,-1,1,-1,1.0,0.0,0.0,robust isolated,2,1,grouped in ≥2
X239,Castle Hill Little League Field,Recreational Field/Courts,X,1.707,27,5,-1,0.333,0.667,0.333,grouped,98,4,147,0.0,0.708,0.583,grouped,2,198,22,0.0,1.0,1.0,grouped,13,4,25,0.0,1.0,0.333,grouped,-1,1,-1,0.938,0.0,0.0,robust isolated,2,1,grouped in ≥2
X241,Hoe Garden,Garden,X,0.23,38,19,146,0.0,1.0,0.667,grouped,56,17,86,0.125,0.875,0.5,grouped,2,198,22,0.0,1.0,1.0,grouped,5,17,12,0.0,1.0,1.0,grouped,13,3,15,0.25,0.75,0.125,grouped,3,0,grouped in all
X242,Youth Village,Playground,X,0.27,42,43,161,0.0,1.0,0.667,grouped,64,12,99,0.0,0.75,0.708,grouped,2,198,23,0.0,1.0,1.0,grouped,1,12,1,0.0,1.0,0.556,grouped,-1,1,-1,1.0,0.0,0.0,robust isolated,2,1,grouped in ≥2
X243,Estella Diggs Park,Neighborhood Park,X,0.919,42,43,161,0.0,1.0,1.0,grouped,64,12,99,0.0,1.0,1.0,grouped,2,198,23,0.0,1.0,1.0,grouped,1,12,1,0.0,1.0,0.667,grouped,-1,1,-1,0.875,0.125,0.0,robust isolated,2,1,grouped in ≥2
X243A,Garden,Garden,X,0.095,42,43,161,0.0,1.0,1.0,grouped,64,12,99,0.0,1.0,1.0,grouped,2,198,23,0.0,1.0,0.0,grouped,1,12,1,0.0,1.0,0.667,grouped,92,2,-1,0.5,0.0,0.0,grouped,3,0,grouped in all
X244,Grand Playground,Playground,X,0.381,20,63,96,0.0,1.0,1.0,grouped,131,45,203,0.0,1.0,1.0,grouped,1,89,1,0.0,1.0,0.5,grouped,19,47,55,0.0,1.0,1.0,grouped,-1,1,-1,1.0,0.0,0.0,robust isolated,2,1,grouped in ≥2
X245,River Garden,Garden,X,0.44,25,37,117,0.0,1.0,0.667,grouped,82,37,128,0.0,0.875,0.75,grouped,2,198,23,0.0,1.0,1.0,grouped,2,37,4,0.0,1.0,0.667,grouped,-1,1,-1,0.688,0.25,0.0,unstable,2,0,grouped in ≥2
X246,Brook Park,Garden,X,0.76,47,20,173,0.0,1.0,1.0,grouped,65,33,102,0.0,1.0,1.0,grouped,2,198,22,0.0,1.0,1.0,grouped,28,4,80,0.0,1.0,0.667,grouped,-1,1,-1,0.75,0.25,0.125,unstable,2,0,grouped in ≥2
X247,Fox Park,Neighborhood Park,X,0.94,48,20,-1,0.333,0.667,0.667,grouped,60,9,94,0.25,0.75,0.5,grouped,2,198,23,0.0,1.0,1.0,grouped,27,34,-1,0.333,0.667,0.667,grouped,-1,1,-1,1.0,0.0,0.0,robust isolated,2,1,grouped in ≥2
X248,Barretto Park,Neighborhood Park,X,0.12,41,3,-1,0.333,0.667,0.667,grouped,-1,1,-1,0.75,0.25,0.25,unstable,-1,1,-1,1.0,0.0,0.0,robust isolated,-1,1,-1,1.0,0.0,0.0,robust isolated,-1,1,-1,1.0,0.0,0.0,robust isolated,0,2,isolated in ≥2
X251,Co-op City Field,Recreational Field/Courts,X,3.4,-1,1,-1,1.0,0.0,0.0,robust isolated,-1,1,-1,1.0,0.0,0.0,robust isolated,-1,1,-1,1.0,0.0,0.0,robust isolated,-1,1,-1,0.667,0.0,0.0,unstable,-1,1,-1,1.0,0.0,0.0,robust isolated,0,2,isolated in ≥2
X252,Bathgate Playground,Neighborhood Park,X,2.5,25,37,118,0.0,1.0,1.0,grouped,82,37,128,0.0,1.0,1.0,grouped,2,198,23,0.0,1.0,1.0,grouped,2,37,4,0.0,1.0,1.0,grouped,-1,1,-1,0.875,0.125,0.0,robust isolated,2,1,grouped in ≥2
X253,Ambrosini Field,Recreational Field/Courts,X,6.1,61,2,-1,0.333,0.333,0.0,grouped,156,3,239,0.208,0.542,0.333,grouped,3,4,47,0.0,1.0,0.5,grouped,45,2,126,0.0,0.333,0.333,grouped,-1,1,-1,1.0,0.0,0.0,robust isolated,2,1,grouped in ≥2
X255,Bill Rainey Park,Recreational Field/Courts,X,7.738,48,20,189,0.0,1.0,1.0,grouped,60,9,92,0.25,0.75,0.458,grouped,2,198,-1,0.5,0.5,0.5,grouped,26,2,72,0.0,0.667,0.444,grouped,-1,1,-1,1.0,0.0,0.0,robust isolated,2,1,grouped in ≥2
X256,Pelham Bay Little League,Recreational Field/Courts,X,1.26,63,4,218,0.0,0.667,0.667,grouped,92,3,140,0.25,0.75,0.417,grouped,2,198,22,0.0,1.0,1.0,grouped,12,3,24,0.0,1.0,0.0,grouped,-1,1,-1,1.0,0.0,0.0,robust isolated,2,1,grouped in ≥2
X257,Mount Hope Playground,Playground,X,0.7,20,63,95,0.0,1.0,0.667,grouped,131,45,203,0.0,1.0,1.0,grouped,1,89,1,0.0,1.0,1.0,grouped,17,28,37,0.0,1.0,1.0,grouped,-1,1,-1,0.875,0.125,0.062,robust isolated,2,1,grouped in ≥2
X258,Cleopatra Playground,Playground,X,0.618,20,63,95,0.0,1.0,0.667,grouped,-1,1,-1,0.75,0.25,0.25,unstable,-1,1,-1,1.0,0.0,0.0,robust isolated,-1,1,-1,0.778,0.222,0.0,unstable,-1,1,-1,1.0,0.0,0.0,robust isolated,0,1,definition-specific
X259,Raoul Wallenberg Forest,Nature Area,X,4.73,17,17,75,0.0,1.0,1.0,grouped,150,8,229,0.125,0.875,0.375,grouped,-1,1,-1,1.0,0.0,0.0,robust isolated,59,20,146,0.0,1.0,1.0,grouped,-1,1,-1,1.0,0.0,0.0,robust isolated,2,1,grouped in ≥2
X260,Julio Carballo Fields,Recreational Field/Courts,X,3.351,41,3,-1,0.333,0.667,0.667,grouped,74,2,-1,0.5,0.25,0.25,grouped,2,198,-1,0.5,0.5,0.5,grouped,-1,1,-1,0.556,0.111,0.0,unstable,-1,1,-1,1.0,0.0,0.0,robust isolated,1,1,definition-specific
X262,Harding Park,Neighborhood Park,X,2.16,26,8,119,0.0,0.667,0.667,grouped,95,3,143,0.0,0.5,0.25,grouped,2,198,26,0.0,0.5,0.0,grouped,57,2,-1,0.333,0.0,0.0,grouped,-1,1,-1,1.0,0.0,0.0,robust isolated,2,1,grouped in ≥2
X263,Quarry Ballfields,Recreational Field/Courts,X,4.417,25,37,118,0.0,1.0,1.0,grouped,82,37,128,0.0,1.0,1.0,grouped,2,198,23,0.0,1.0,1.0,grouped,2,37,4,0.0,1.0,1.0,grouped,-1,1,-1,1.0,0.0,0.0,robust isolated,2,1,grouped in ≥2
X264,Field Of Dreams Court,Recreational Field/Courts,X,0.172,38,19,146,0.0,1.0,0.667,grouped,56,17,86,0.0,1.0,0.667,grouped,2,198,23,0.0,1.0,1.0,grouped,5,17,12,0.0,1.0,0.333,grouped,-1,1,-1,0.75,0.0,0.0,unstable,2,0,grouped in ≥2
X265,Galileo Playground,Playground,X,0.714,20,63,97,0.0,1.0,0.667,grouped,129,2,-1,0.5,0.5,0.5,grouped,1,89,-1,0.5,0.5,0.5,grouped,16,31,35,0.0,1.0,0.0,grouped,-1,1,-1,1.0,0.0,0.0,robust isolated,2,1,grouped in ≥2
X266,Vidalia Park,Neighborhood Park,X,2.136,25,37,118,0.0,1.0,0.667,grouped,82,37,128,0.0,1.0,1.0,grouped,2,198,23,0.0,1.0,1.0,grouped,2,37,4,0.0,1.0,1.0,grouped,-1,1,-1,0.875,0.062,0.0,robust isolated,2,1,grouped in ≥2
X267,Eae J Mitchell Park,Neighborhood Park,X,0.183,39,6,152,0.0,1.0,1.0,grouped,56,17,86,0.0,1.0,1.0,grouped,2,198,22,0.0,1.0,1.0,grouped,5,17,12,0.0,1.0,0.667,grouped,-1,1,-1,0.375,0.375,0.312,unstable,2,0,grouped in ≥2
X268,Givans Creek Woods,Nature Area,X,10.735,-1,1,-1,1.0,0.0,0.0,robust isolated,-1,1,-1,1.0,0.0,0.0,robust isolated,-1,1,-1,1.0,0.0,0.0,robust isolated,-1,1,-1,0.667,0.0,0.0,unstable,-1,1,-1,1.0,0.0,0.0,robust isolated,0,2,isolated in ≥2
X269,Cpl Fischer Park,Neighborhood Park,X,0.44,20,63,97,0.0,1.0,0.667,grouped,127,28,190,0.0,1.0,0.917,grouped,1,89,1,0.0,1.0,1.0,grouped,16,31,32,0.0,1.0,0.889,grouped,-1,1,-1,0.75,0.25,0.125,unstable,2,0,grouped in ≥2
X270,Freeman Garden,Garden,X,0.05,38,19,144,0.0,0.667,0.667,grouped,56,17,86,0.25,0.75,0.5,grouped,2,198,22,0.0,1.0,1.0,grouped,-1,1,-1,0.556,0.444,0.444,unstable,13,3,15,0.25,0.75,0.125,grouped,2,0,grouped in ≥2
X271,Grant Park,Neighborhood Park,X,4.72,20,63,95,0.0,1.0,1.0,grouped,131,45,202,0.0,1.0,0.75,grouped,1,89,1,0.0,1.0,1.0,grouped,17,28,37,0.0,1.0,1.0,grouped,-1,1,-1,1.0,0.0,0.0,robust isolated,2,1,grouped in ≥2
X272,Ranaqua Playground,Neighborhood Park,X,0.972,47,20,-1,0.333,0.667,0.333,grouped,67,4,108,0.125,0.708,0.5,grouped,2,198,22,0.0,1.0,1.0,grouped,24,14,66,0.0,0.667,0.667,grouped,-1,1,-1,0.875,0.125,0.0,robust isolated,2,1,grouped in ≥2
X273,Rock Garden Park,Neighborhood Park,X,0.977,39,6,152,0.0,1.0,1.0,grouped,56,17,86,0.0,1.0,0.75,grouped,2,198,22,0.0,1.0,1.0,grouped,5,17,12,0.0,1.0,0.667,grouped,-1,1,-1,0.562,0.375,0.312,unstable,2,0,grouped in ≥2
X274,Mount Hope Garden,Playground,X,0.28,20,63,96,0.0,1.0,0.667,grouped,131,45,-1,0.333,0.667,0.583,grouped,1,89,1,0.0,1.0,1.0,grouped,-1,1,-1,0.667,0.333,0.333,unstable,86,2,-1,0.5,0.25,0.0,grouped,2,0,grouped in ≥2
X275,Mosaic Success Garden,Garden,X,0.286,20,63,97,0.0,1.0,0.667,grouped,127,28,-1,0.333,0.667,0.458,grouped,1,89,1,0.0,1.0,1.0,grouped,16,31,32,0.0,1.0,0.667,grouped,40,2,-1,0.375,0.0,0.0,grouped,3,0,grouped in all
X276,Granja Farm OTF,Garden,X,0.375,48,20,185,0.0,0.667,0.667,grouped,65,33,100,0.25,0.75,0.625,grouped,2,198,22,0.0,1.0,1.0,grouped,27,34,-1,0.333,0.667,0.667,grouped,-1,1,-1,0.75,0.0,0.0,unstable,2,0,grouped in ≥2
X277,St. Luke's Park,Garden,X,0.401,47,20,-1,0.333,0.667,0.667,grouped,66,13,106,0.0,1.0,0.542,grouped,2,198,22,0.0,1.0,1.0,grouped,24,14,64,0.0,1.0,0.333,grouped,73,2,-1,0.375,0.25,0.0,grouped,3,0,grouped in all
X277A,United We Stand Garden,Garden,X,0.344,47,20,181,0.0,0.667,0.667,grouped,67,4,109,0.25,0.625,0.5,grouped,2,198,22,0.0,1.0,0.5,grouped,24,14,64,0.0,1.0,0.0,grouped,-1,1,-1,1.0,0.0,0.0,robust isolated,2,1,grouped in ≥2
X278,Boston Garden,Triangle/Plaza,X,0.024,-1,1,-1,0.667,0.333,0.333,unstable,111,2,-1,0.167,0.417,0.25,grouped,4,19,49,0.0,1.0,1.0,grouped,-1,1,-1,0.667,0.0,0.0,unstable,-1,1,-1,0.938,0.0,0.0,robust isolated,1,1,definition-specific
X279,City Island Wetlands,Nature Area,X,8.005,-1,1,-1,0.667,0.333,0.0,unstable,-1,1,-1,0.792,0.208,0.083,unstable,3,4,-1,0.5,0.5,0.0,grouped,-1,1,-1,1.0,0.0,0.0,robust isolated,-1,1,-1,1.0,0.0,0.0,robust isolated,0,2,isolated in ≥2
X280,Washington Park,Playground,X,0.516,25,37,116,0.0,0.667,0.667,grouped,81,4,126,0.0,1.0,0.25,grouped,2,198,23,0.0,1.0,1.0,grouped,19,47,44,0.0,1.0,0.0,grouped,-1,1,-1,1.0,0.0,0.0,robust isolated,2,1,grouped in ≥2
X281,Stop & Go Playground,Playground,X,0.316,25,37,118,0.0,1.0,0.667,grouped,82,37,128,0.083,0.917,0.75,grouped,2,198,23,0.0,1.0,1.0,grouped,2,37,4,0.0,1.0,0.333,grouped,-1,1,-1,0.688,0.25,0.062,unstable,2,0,grouped in ≥2
X282,Seabury Playground,Playground,X,0.186,39,6,-1,0.333,0.667,0.667,grouped,82,37,128,0.25,0.75,0.667,grouped,2,198,23,0.0,1.0,1.0,grouped,2,37,4,0.0,1.0,0.667,grouped,-1,1,-1,0.75,0.0,0.0,unstable,2,0,grouped in ≥2
X283,Beanstalk Playground,Playground,X,0.267,18,28,-1,0.333,0.667,0.333,grouped,-1,1,-1,1.0,0.0,0.0,robust isolated,-1,1,-1,1.0,0.0,0.0,robust isolated,-1,1,-1,1.0,0.0,0.0,robust isolated,-1,1,-1,1.0,0.0,0.0,robust isolated,0,3,isolated in all
X284,Printers Park,Playground,X,1.341,38,19,146,0.0,1.0,0.667,grouped,56,17,86,0.0,1.0,0.75,grouped,2,198,22,0.0,1.0,0.5,grouped,5,17,12,0.0,1.0,1.0,grouped,-1,1,-1,0.875,0.125,0.125,robust isolated,2,1,grouped in ≥2
X285,Padre Plaza,Garden,X,0.367,47,20,173,0.0,1.0,0.667,grouped,66,13,106,0.0,1.0,0.583,grouped,2,198,22,0.0,1.0,0.5,grouped,24,14,65,0.0,1.0,0.333,grouped,-1,1,-1,0.625,0.0,0.0,unstable,2,0,grouped in ≥2
X286,Rev Lena Irons Unity Park,Neighborhood Park,X,0.342,42,43,163,0.0,0.667,0.667,grouped,65,33,103,0.0,1.0,0.833,grouped,2,198,23,0.0,1.0,1.0,grouped,27,34,77,0.0,0.667,0.444,grouped,-1,1,-1,1.0,0.0,0.0,robust isolated,2,1,grouped in ≥2
X287,Ogden Plimpton Playground,Playground,X,0.229,20,63,97,0.0,1.0,0.667,grouped,127,28,189,0.25,0.75,0.5,grouped,1,89,-1,0.5,0.5,0.5,grouped,16,31,35,0.0,1.0,0.667,grouped,-1,1,-1,1.0,0.0,0.0,robust isolated,2,1,grouped in ≥2
X288,West Farms Rapids,Neighborhood Park,X,1.016,25,37,117,0.0,1.0,0.667,grouped,82,37,128,0.125,0.875,0.75,grouped,2,198,23,0.0,1.0,1.0,grouped,2,37,4,0.0,1.0,0.667,grouped,-1,1,-1,0.625,0.25,0.0,unstable,2,0,grouped in ≥2
X289,Mapes Park,Neighborhood Park,X,1.868,25,37,118,0.0,1.0,1.0,grouped,82,37,128,0.0,1.0,1.0,grouped,2,198,23,0.0,1.0,1.0,grouped,2,37,4,0.0,1.0,1.0,grouped,-1,1,-1,1.0,0.0,0.0,robust isolated,2,1,grouped in ≥2
X290,Longfellow Playground,Playground,X,0.367,38,19,146,0.0,1.0,0.667,grouped,56,17,86,0.0,1.0,1.0,grouped,2,198,22,0.0,1.0,1.0,grouped,5,17,12,0.0,1.0,0.667,grouped,-1,1,-1,0.562,0.375,0.312,unstable,2,0,grouped in ≥2
X291,Walton Park,Playground,X,0.344,20,63,96,0.0,1.0,0.667,grouped,131,45,203,0.0,1.0,1.0,grouped,1,89,1,0.0,1.0,1.0,grouped,19,47,55,0.0,1.0,1.0,grouped,-1,1,-1,0.688,0.188,0.062,unstable,2,0,grouped in ≥2
X292,Mabel Hampton Playground,Playground,X,0.436,20,63,96,0.0,1.0,0.667,grouped,131,45,203,0.0,1.0,1.0,grouped,1,89,1,0.0,1.0,1.0,grouped,19,47,55,0.0,1.0,1.0,grouped,-1,1,-1,1.0,0.0,0.0,robust isolated,2,1,grouped in ≥2
X293,Garden Of Happiness,Garden,X,0.341,25,37,118,0.0,1.0,1.0,grouped,82,37,128,0.0,1.0,1.0,grouped,2,198,23,0.0,1.0,1.0,grouped,2,37,4,0.0,1.0,1.0,grouped,4,3,-1,0.375,0.5,0.062,grouped,3,0,grouped in all
X294,Palmer Inlet,Nature Area,X,7.49,-1,1,-1,0.0,0.0,0.0,unresolved,-1,1,-1,0.0,0.0,0.0,unresolved,-1,1,-1,0.0,0.0,0.0,unresolved,-1,1,-1,0.0,0.0,0.0,unresolved,-1,1,-1,0.0,0.0,0.0,unresolved,0,0,definition-specific
X295,Half-Nelson Playground,Playground,X,0.61,20,63,97,0.0,1.0,0.667,grouped,127,28,190,0.25,0.75,0.5,grouped,1,89,1,0.0,1.0,1.0,grouped,16,31,35,0.0,1.0,0.667,grouped,-1,1,-1,0.625,0.25,0.125,unstable,2,0,grouped in ≥2
X296,Taqwa Community Farm,Garden,X,0.494,22,13,111,0.0,1.0,1.0,grouped,127,28,190,0.0,1.0,0.75,grouped,1,89,1,0.0,1.0,1.0,grouped,16,31,33,0.0,1.0,0.667,grouped,40,2,-1,0.125,0.125,0.0,grouped,3,0,grouped in all
X297,Garden Of Eden,Garden,X,0.207,20,63,95,0.0,1.0,1.0,grouped,131,45,203,0.0,1.0,0.875,grouped,2,198,23,0.0,1.0,1.0,grouped,17,28,37,0.0,1.0,1.0,grouped,-1,1,-1,1.0,0.0,0.0,robust isolated,2,1,grouped in ≥2
X298,Garden Of Life,Garden,X,0.183,20,63,95,0.0,1.0,1.0,grouped,131,45,203,0.0,1.0,0.875,grouped,2,198,23,0.0,1.0,1.0,grouped,17,28,37,0.0,1.0,1.0,grouped,-1,1,-1,1.0,0.0,0.0,robust isolated,2,1,grouped in ≥2
X299,Little Claremont Playground,Playground,X,0.549,20,63,95,0.0,1.0,1.0,grouped,65,33,103,0.0,1.0,0.5,grouped,2,198,23,0.0,1.0,1.0,grouped,27,34,-1,0.222,0.778,0.333,grouped,-1,1,-1,0.562,0.0,0.0,unstable,2,0,grouped in ≥2
X300,Davidson Playground,Playground,X,0.207,20,63,96,0.0,1.0,1.0,grouped,-1,1,-1,0.375,0.625,0.458,unstable,1,89,1,0.0,1.0,0.5,grouped,19,47,55,0.0,1.0,0.667,grouped,18,2,20,0.25,0.125,0.0,grouped,2,0,grouped in ≥2
X302,Thorpe Family Playground,Playground,X,0.201,25,37,116,0.0,0.667,0.667,grouped,81,4,126,0.0,1.0,0.25,grouped,2,198,23,0.0,1.0,1.0,grouped,19,47,44,0.0,1.0,0.0,grouped,-1,1,-1,1.0,0.0,0.0,robust isolated,2,1,grouped in ≥2
X303,Sweetgum Community Garden,Garden,X,0.061,22,13,111,0.0,1.0,0.667,grouped,127,28,190,0.25,0.75,0.25,grouped,1,89,-1,0.5,0.5,0.0,grouped,16,31,33,0.0,1.0,0.0,grouped,-1,1,-1,1.0,0.0,0.0,robust isolated,2,1,grouped in ≥2
X304,Tiffany Street Pier,Waterfront Facility,X,4.231,40,2,155,0.0,0.333,0.0,grouped,-1,1,-1,1.0,0.0,0.0,robust isolated,-1,1,-1,1.0,0.0,0.0,robust isolated,-1,1,-1,1.0,0.0,0.0,robust isolated,-1,1,-1,1.0,0.0,0.0,robust isolated,0,3,isolated in all
X305,Concrete Plant Park,Neighborhood Park,X,6.282,38,19,145,0.0,1.0,0.667,grouped,56,17,86,0.125,0.875,0.625,grouped,2,198,22,0.0,1.0,1.0,grouped,5,17,12,0.0,1.0,1.0,grouped,-1,1,-1,0.938,0.0,0.0,robust isolated,2,1,grouped in ≥2
X306,Garrison Park,Neighborhood Park,X,0.995,38,19,-1,0.333,0.667,0.667,grouped,-1,1,-1,0.667,0.25,0.208,unstable,2,198,22,0.0,1.0,0.5,grouped,-1,1,-1,0.667,0.0,0.0,unstable,-1,1,-1,1.0,0.0,0.0,robust isolated,0,1,definition-specific
X307,Barretto Point Park,Neighborhood Park,X,12.224,40,2,155,0.0,0.333,0.333,grouped,-1,1,-1,0.75,0.25,0.25,unstable,2,198,25,0.0,1.0,0.5,grouped,-1,1,-1,1.0,0.0,0.0,robust isolated,-1,1,-1,1.0,0.0,0.0,robust isolated,0,2,isolated in ≥2
X308,North Brother Island,Nature Area,X,30.395,-1,1,-1,0.0,0.0,0.0,unresolved,-1,1,-1,0.0,0.0,0.0,unresolved,-1,1,-1,0.0,0.0,0.0,unresolved,-1,1,-1,0.0,0.0,0.0,unresolved,-1,1,-1,0.0,0.0,0.0,unresolved,0,0,definition-specific
X309,South Brother Island,Nature Area,X,21.10936646,-1,1,-1,0.0,0.0,0.0,unresolved,-1,1,-1,0.0,0.0,0.0,unresolved,-1,1,-1,0.0,0.0,0.0,unresolved,-1,1,-1,0.0,0.0,0.0,unresolved,-1,1,-1,0.0,0.0,0.0,unresolved,0,0,definition-specific
X313,El Batey Borincano Garden,Garden,X,0.17,42,43,162,0.0,0.667,0.667,grouped,65,33,100,0.0,1.0,0.625,grouped,2,198,22,0.0,1.0,0.5,grouped,27,34,73,0.0,1.0,0.667,grouped,-1,1,-1,0.75,0.0,0.0,unstable,2,0,grouped in ≥2
X314,Isla Verde Garden,Garden,X,0.16,48,20,188,0.0,1.0,1.0,grouped,-1,1,-1,0.5,0.5,0.375,unstable,-1,1,-1,1.0,0.0,0.0,robust isolated,-1,1,-1,1.0,0.0,0.0,robust isolated,-1,1,-1,1.0,0.0,0.0,robust isolated,0,2,isolated in ≥2
X315,Bryant Hill Garden,Garden,X,0.34,38,19,-1,0.333,0.667,0.333,grouped,75,3,-1,0.333,0.667,0.417,grouped,2,198,25,0.0,1.0,0.5,grouped,-1,1,-1,1.0,0.0,0.0,robust isolated,-1,1,-1,1.0,0.0,0.0,robust isolated,1,2,isolated in ≥2
X316,Genesis Community Garden,Garden,X,0.054,42,43,161,0.0,1.0,1.0,grouped,64,12,99,0.0,1.0,1.0,grouped,2,198,23,0.0,1.0,1.0,grouped,1,12,1,0.0,1.0,1.0,grouped,-1,1,-1,1.0,0.0,0.0,robust isolated,2,1,grouped in ≥2
X317,Rainbow Garden,Garden,X,0.174,42,43,159,0.0,1.0,1.0,grouped,65,33,104,0.0,1.0,0.5,grouped,2,198,23,0.0,1.0,0.0,grouped,27,34,73,0.0,1.0,0.0,grouped,-1,1,-1,1.0,0.0,0.0,robust isolated,2,1,grouped in ≥2
X318,Franklin Memorial Garden,Garden,X,0.12,42,43,-1,0.333,0.667,0.667,grouped,65,33,100,0.0,1.0,0.625,grouped,2,198,22,0.0,1.0,1.0,grouped,27,34,73,0.0,1.0,0.667,grouped,58,2,-1,0.5,0.125,0.0,grouped,3,0,grouped in all
X319,Jackson Forest Garden,Garden,X,0.18,42,43,161,0.0,1.0,0.667,grouped,-1,1,-1,0.75,0.25,0.25,unstable,2,198,-1,0.5,0.5,0.5,grouped,-1,1,-1,1.0,0.0,0.0,robust isolated,-1,1,-1,1.0,0.0,0.0,robust isolated,0,2,isolated in ≥2
X320,Jardin De La Familia,Garden,X,0.32,21,3,-1,0.0,1.0,0.667,grouped,65,33,103,0.0,1.0,0.833,grouped,2,198,23,0.0,1.0,1.0,grouped,27,34,-1,0.333,0.667,0.333,grouped,-1,1,-1,0.5,0.312,0.062,unstable,2,0,grouped in ≥2
X321,Claremont Neighborhood Garden,Garden,X,0.19,21,3,-1,0.333,0.667,0.667,grouped,131,45,202,0.0,1.0,0.75,grouped,1,89,1,0.0,1.0,1.0,grouped,17,28,37,0.0,1.0,1.0,grouped,-1,1,-1,0.938,0.0,0.0,robust isolated,2,1,grouped in ≥2
X322,Jardin De Las Rosas,Garden,X,0.06,20,63,-1,0.333,0.667,0.667,grouped,130,3,-1,0.5,0.5,0.25,grouped,1,89,-1,0.5,0.5,0.5,grouped,-1,1,-1,1.0,0.0,0.0,robust isolated,-1,1,-1,1.0,0.0,0.0,robust isolated,1,2,isolated in ≥2
X323,El Batey de Doña Provi Garden,Garden,X,0.13,25,37,118,0.0,1.0,0.667,grouped,82,37,128,0.0,1.0,0.25,grouped,2,198,23,0.0,1.0,1.0,grouped,2,37,-1,0.333,0.667,0.0,grouped,-1,1,-1,1.0,0.0,0.0,robust isolated,2,1,grouped in ≥2
X324,176th Street Community Garden,Garden,X,0.213,20,63,95,0.0,1.0,0.667,grouped,131,45,203,0.0,1.0,1.0,grouped,1,89,1,0.0,1.0,1.0,grouped,17,28,37,0.0,1.0,1.0,grouped,-1,1,-1,0.625,0.312,0.0,unstable,2,0,grouped in ≥2
X325,Taylor-Soundview Block Assoc. Garden,Garden,X,0.13,-1,1,-1,0.667,0.333,0.333,unstable,94,5,142,0.0,1.0,0.5,grouped,2,198,22,0.0,1.0,1.0,grouped,14,5,-1,0.333,0.667,0.333,grouped,-1,1,-1,1.0,0.0,0.0,robust isolated,2,1,grouped in ≥2
X326,Daly Ave Garden,Garden,X,0.172,25,37,118,0.0,1.0,1.0,grouped,82,37,128,0.125,0.875,0.75,grouped,2,198,-1,0.5,0.5,0.5,grouped,2,37,4,0.0,1.0,1.0,grouped,-1,1,-1,1.0,0.0,0.0,robust isolated,2,1,grouped in ≥2
X327,La Isla Garden,Garden,X,0.11,22,13,111,0.0,1.0,1.0,grouped,-1,1,-1,0.625,0.375,0.375,unstable,1,89,1,0.0,1.0,0.5,grouped,-1,1,-1,1.0,0.0,0.0,robust isolated,-1,1,-1,0.938,0.062,0.0,robust isolated,0,2,isolated in ≥2
X328,Las Casitas Community Garden,Garden,X,0.19,22,13,112,0.0,0.667,0.667,grouped,127,28,190,0.0,1.0,0.75,grouped,1,89,1,0.0,1.0,1.0,grouped,16,31,32,0.0,1.0,0.667,grouped,41,2,44,0.25,0.438,0.0,grouped,3,0,grouped in all
X329,Miracle Garden,Garden,X,0.11,25,37,118,0.0,1.0,1.0,grouped,82,37,128,0.0,1.0,1.0,grouped,2,198,23,0.0,1.0,0.5,grouped,2,37,4,0.0,1.0,1.0,grouped,-1,1,-1,1.0,0.0,0.0,robust isolated,2,1,grouped in ≥2
X330,P.S. 186 Day Treatment Program,Garden,X,0.07,42,43,-1,0.333,0.667,0.667,grouped,-1,1,-1,0.75,0.25,0.25,unstable,2,198,-1,0.5,0.5,0.0,grouped,-1,1,-1,1.0,0.0,0.0,robust isolated,-1,1,-1,1.0,0.0,0.0,robust isolated,0,2,isolated in ≥2
X331,Townsend Garden,Garden,X,0.15,20,63,95,0.0,1.0,1.0,grouped,131,45,203,0.0,1.0,1.0,grouped,1,89,1,0.0,1.0,1.0,grouped,17,28,37,0.0,1.0,1.0,grouped,-1,1,-1,0.688,0.25,0.0,unstable,2,0,grouped in ≥2
X332,Schomberg Academy Garden,Garden,X,0.032,48,20,186,0.0,1.0,1.0,grouped,59,4,-1,0.375,0.625,0.458,grouped,2,198,24,0.0,1.0,0.5,grouped,47,5,-1,0.333,0.667,0.667,grouped,-1,1,-1,0.688,0.312,0.0,unstable,2,0,grouped in ≥2
X333,Woodycrest Community Garden,Garden,X,0.012,22,13,111,0.0,1.0,1.0,grouped,127,28,190,0.0,1.0,0.75,grouped,1,89,1,0.0,1.0,1.0,grouped,16,31,33,0.0,1.0,0.667,grouped,41,2,44,0.25,0.438,0.0,grouped,3,0,grouped in all
X334,Mohegan Triangle,Playground,X,0.096,25,37,118,0.0,1.0,1.0,grouped,82,37,128,0.0,1.0,1.0,grouped,2,198,23,0.0,1.0,1.0,grouped,2,37,4,0.0,1.0,1.0,grouped,-1,1,-1,1.0,0.0,0.0,robust isolated,2,1,grouped in ≥2
X335,Risse Street Park,Neighborhood Park,X,0.806,50,10,198,0.0,1.0,0.667,grouped,122,10,174,0.125,0.75,0.5,grouped,1,89,-1,0.5,0.5,0.5,grouped,19,47,43,0.0,1.0,0.667,grouped,-1,1,-1,1.0,0.0,0.0,robust isolated,2,1,grouped in ≥2
X336,Hunts Point Riverside Park,Neighborhood Park,X,0.426,-1,1,-1,0.667,0.333,0.333,unstable,74,2,-1,0.5,0.25,0.25,grouped,2,198,-1,0.5,0.5,0.0,grouped,-1,1,-1,0.556,0.111,0.0,unstable,-1,1,-1,1.0,0.0,0.0,robust isolated,1,1,definition-specific
X337,Latinos Unidos Garden,Garden,X,0.116,42,43,159,0.0,1.0,1.0,grouped,65,33,104,0.0,1.0,0.75,grouped,2,198,23,0.0,1.0,0.5,grouped,27,34,73,0.0,1.0,1.0,grouped,-1,1,-1,0.625,0.0,0.0,unstable,2,0,grouped in ≥2
X338,Courtlandt Avenue Association Garden,Garden,X,0.171,42,43,159,0.0,1.0,1.0,grouped,65,33,104,0.0,1.0,1.0,grouped,2,198,22,0.0,1.0,1.0,grouped,27,34,73,0.0,1.0,1.0,grouped,-1,1,-1,0.875,0.0,0.0,robust isolated,2,1,grouped in ≥2
X339,Angie Lee Gonzales Garden,Garden,X,0.131,39,6,152,0.0,1.0,1.0,grouped,-1,1,-1,0.583,0.417,0.417,unstable,2,198,22,0.0,1.0,1.0,grouped,-1,1,-1,0.667,0.333,0.333,unstable,-1,1,-1,1.0,0.0,0.0,robust isolated,0,1,definition-specific
X340,CS 134 Community Improvement Garden,Garden,X,0.16,42,43,160,0.0,0.667,0.667,grouped,59,4,89,0.25,0.583,0.417,grouped,2,198,24,0.0,1.0,0.5,grouped,47,5,-1,0.333,0.667,0.333,grouped,-1,1,-1,0.688,0.312,0.0,unstable,2,0,grouped in ≥2
X341,Edith Garden,Garden,X,0.116,42,43,159,0.0,1.0,1.0,grouped,65,33,104,0.0,1.0,0.75,grouped,2,198,22,0.0,1.0,0.5,grouped,27,34,73,0.0,1.0,1.0,grouped,-1,1,-1,1.0,0.0,0.0,robust isolated,2,1,grouped in ≥2
X342,Model T Senior Citizen's Garden,Garden,X,0.272,42,43,160,0.0,0.667,0.667,grouped,-1,1,-1,0.75,0.25,0.25,unstable,-1,1,-1,1.0,0.0,0.0,robust isolated,-1,1,-1,1.0,0.0,0.0,robust isolated,-1,1,-1,1.0,0.0,0.0,robust isolated,0,2,isolated in ≥2
X343,Davidson Ave. Community Gardeners Group,Garden,X,0.115,18,28,80,0.0,1.0,0.667,grouped,131,45,199,0.0,1.0,0.583,grouped,1,89,1,0.0,1.0,0.5,grouped,19,47,42,0.0,1.0,0.333,grouped,18,2,20,0.25,0.125,0.0,grouped,3,0,grouped in all
X344,Mill Pond Park,Neighborhood Park,X,11.57,22,13,111,0.0,1.0,0.333,grouped,127,28,-1,0.25,0.75,0.25,grouped,-1,1,-1,1.0,0.0,0.0,robust isolated,16,31,33,0.0,1.0,0.0,grouped,-1,1,-1,1.0,0.0,0.0,robust isolated,2,1,grouped in ≥2
X345,St. Ann's Block Association Garden,Garden,X,0.029,48,20,185,0.0,0.667,0.667,grouped,66,13,106,0.0,1.0,0.417,grouped,2,198,22,0.0,1.0,0.5,grouped,24,14,65,0.0,1.0,0.333,grouped,-1,1,-1,0.625,0.0,0.0,unstable,2,0,grouped in ≥2
X346,Volky Garden & Flowers,Garden,X,0.114,25,37,118,0.0,1.0,0.667,grouped,82,37,128,0.0,1.0,0.875,grouped,2,198,23,0.0,1.0,1.0,grouped,2,37,4,0.0,1.0,1.0,grouped,-1,1,-1,0.75,0.0,0.0,unstable,2,0,grouped in ≥2
X347,Vogue Garden,Garden,X,0.047,42,43,159,0.0,1.0,1.0,grouped,65,33,104,0.0,1.0,0.875,grouped,2,198,22,0.0,1.0,1.0,grouped,27,34,73,0.0,1.0,1.0,grouped,-1,1,-1,1.0,0.0,0.0,robust isolated,2,1,grouped in ≥2
X348,River Avenue Parks,Playground,X,0.67,22,13,111,0.0,1.0,1.0,grouped,127,28,190,0.0,1.0,0.5,grouped,1,89,1,0.0,1.0,1.0,grouped,16,31,33,0.0,1.0,0.667,grouped,-1,1,-1,1.0,0.0,0.0,robust isolated,2,1,grouped in ≥2
X349,Jardin de la Roca,Garden,X,0.227,42,43,159,0.0,1.0,1.0,grouped,65,33,104,0.0,1.0,0.875,grouped,2,198,22,0.0,1.0,0.5,grouped,27,34,73,0.0,1.0,1.0,grouped,-1,1,-1,1.0,0.0,0.0,robust isolated,2,1,grouped in ≥2
X350,Melrose Commons Park,Neighborhood Park,X,1.381,42,43,159,0.0,1.0,1.0,grouped,65,33,104,0.0,1.0,1.0,grouped,2,198,23,0.0,1.0,1.0,grouped,27,34,73,0.0,1.0,1.0,grouped,-1,1,-1,0.938,0.0,0.0,robust isolated,2,1,grouped in ≥2
X351,811 Family and Friends Garden,Garden,X,0.064,42,43,159,0.0,1.0,1.0,grouped,65,33,104,0.0,1.0,1.0,grouped,2,198,22,0.0,1.0,0.5,grouped,27,34,73,0.0,1.0,1.0,grouped,-1,1,-1,1.0,0.0,0.0,robust isolated,2,1,grouped in ≥2
X352,Family Group Garden,Garden,X,0.101,42,43,159,0.0,1.0,1.0,grouped,65,33,104,0.0,1.0,1.0,grouped,2,198,22,0.0,1.0,1.0,grouped,27,34,73,0.0,1.0,1.0,grouped,-1,1,-1,0.875,0.0,0.0,robust isolated,2,1,grouped in ≥2
X353,Yolanda García Park,Neighborhood Park,X,1.075,42,43,159,0.0,1.0,1.0,grouped,65,33,104,0.0,1.0,1.0,grouped,2,198,23,0.0,1.0,1.0,grouped,27,34,73,0.0,1.0,1.0,grouped,-1,1,-1,1.0,0.0,0.0,robust isolated,2,1,grouped in ≥2
X354,P.S. 29 Ballfield,Jointly Operated Playground,X,1.107,42,43,159,0.0,1.0,1.0,grouped,65,33,104,0.25,0.75,0.625,grouped,2,198,22,0.0,1.0,0.5,grouped,27,34,73,0.0,1.0,1.0,grouped,-1,1,-1,0.625,0.0,0.0,unstable,2,0,grouped in ≥2
X355,Leave it Better Kids' Garden,Garden,X,0.244,20,63,-1,0.333,0.667,0.667,grouped,131,45,203,0.0,1.0,0.375,grouped,1,89,1,0.0,1.0,0.5,grouped,19,47,55,0.0,1.0,0.333,grouped,-1,1,-1,0.812,0.125,0.0,robust isolated,2,1,grouped in ≥2
X356,Little Green Garden,Garden,X,0.116,42,43,159,0.0,1.0,1.0,grouped,65,33,104,0.0,1.0,0.875,grouped,2,198,23,0.0,1.0,0.5,grouped,27,34,73,0.0,1.0,1.0,grouped,-1,1,-1,1.0,0.0,0.0,robust isolated,2,1,grouped in ≥2
X357,Rainbow Garden of Life and Health,Garden,X,0.248,42,43,159,0.0,1.0,1.0,grouped,65,33,104,0.0,1.0,1.0,grouped,2,198,23,0.0,1.0,0.5,grouped,27,34,73,0.0,1.0,1.0,grouped,-1,1,-1,1.0,0.0,0.0,robust isolated,2,1,grouped in ≥2
X358,College Avenue Garden,Garden,X,0.43,20,63,95,0.0,1.0,1.0,grouped,131,45,202,0.083,0.917,0.458,grouped,1,89,1,0.0,1.0,0.5,grouped,17,28,-1,0.333,0.667,0.0,grouped,-1,1,-1,0.688,0.0,0.0,unstable,2,0,grouped in ≥2
X361,Synergi Urban Garden UCFP,Garden,X,0.336,38,19,144,0.0,0.667,0.667,grouped,56,17,86,0.25,0.75,0.5,grouped,2,198,22,0.0,1.0,1.0,grouped,-1,1,-1,0.556,0.444,0.444,unstable,13,3,15,0.25,0.75,0.125,grouped,2,0,grouped in ≥2
X362,Catherine Scott Promenade,Waterfront Facility,X,0.53,-1,1,-1,1.0,0.0,0.0,robust isolated,156,3,-1,0.5,0.5,0.333,grouped,3,4,47,0.0,1.0,0.5,grouped,-1,1,-1,0.667,0.333,0.333,unstable,-1,1,-1,0.938,0.0,0.0,robust isolated,1,1,definition-specific
X363,Centro Cultural Rincon Criollo,Garden,X,0.179,42,43,159,0.0,1.0,1.0,grouped,65,33,104,0.0,1.0,0.792,grouped,2,198,22,0.0,1.0,1.0,grouped,27,34,73,0.0,1.0,1.0,grouped,-1,1,-1,0.75,0.25,0.125,unstable,2,0,grouped in ≥2
X364,Havemeyer Garden Association,Garden,X,0.136,-1,1,-1,0.667,0.333,0.333,unstable,94,5,142,0.0,1.0,0.417,grouped,2,198,22,0.0,1.0,1.0,grouped,14,5,-1,0.333,0.667,0.333,grouped,-1,1,-1,1.0,0.0,0.0,robust isolated,2,1,grouped in ≥2
X365,Black Joy Farm,Garden,X,0.098,38,19,-1,0.333,0.667,0.333,grouped,-1,1,-1,0.5,0.5,0.375,unstable,2,198,23,0.0,1.0,1.0,grouped,-1,1,-1,0.667,0.333,0.222,unstable,-1,1,-1,1.0,0.0,0.0,robust isolated,0,1,definition-specific
X367,Dr. Thomasina Bushby Park,Neighborhood Park,X,0.258,20,63,-1,0.333,0.667,0.667,grouped,129,2,-1,0.5,0.5,0.25,grouped,-1,1,-1,1.0,0.0,0.0,robust isolated,-1,1,-1,1.0,0.0,0.0,robust isolated,-1,1,-1,1.0,0.0,0.0,robust isolated,1,2,isolated in ≥2
X369,Watson Houses Playground,Playground,X,0.26,38,19,-1,0.333,0.667,0.667,grouped,55,2,-1,0.375,0.5,0.208,grouped,2,198,22,0.0,1.0,1.0,grouped,5,17,12,0.0,1.0,0.0,grouped,-1,1,-1,1.0,0.0,0.0,robust isolated,2,1,grouped in ≥2
X372,Garden of Youth,Garden,X,0.157,25,37,118,0.0,1.0,1.0,grouped,82,37,128,0.0,1.0,1.0,grouped,2,198,23,0.0,1.0,1.0,grouped,2,37,4,0.0,1.0,1.0,grouped,4,3,-1,0.5,0.5,0.062,grouped,3,0,grouped in all
X373,Justice Sotomayor Houses Playground,Playground,X,0.227,24,2,-1,0.333,0.333,0.333,grouped,100,14,149,0.0,1.0,0.875,grouped,2,198,22,0.0,1.0,1.0,grouped,8,14,15,0.0,0.667,0.667,grouped,-1,1,-1,0.75,0.125,0.0,unstable,2,0,grouped in ≥2
