{
"type": "FeatureCollection",
"name": "edges_N3",
"crs": { "type": "name", "properties": { "name": "urn:ogc:def:crs:OGC:1.3:CRS84" } },
"features": [
{ "type": "Feature", "properties": { "park_i": "B006", "park_j": "B200", "n_settings": 2, "share": 0.125, "A_800": null, "A_1600": null, "A_3200": 11.6, "D_net_m": 1847.4, "name_i": "Beattie Square", "name_j": "Elizabeth Stroud Playground", "D_euc_m": 1882.8, "within_walk_limit": false, "same_group": false }, "geometry": { "type": "LineString", "coordinates": [ [ -73.934581685986416, 40.69645020456808 ], [ -73.931102989259003, 40.679698151999922 ] ] } },
{ "type": "Feature", "properties": { "park_i": "B006", "park_j": "B508", "n_settings": 2, "share": 0.125, "A_800": null, "A_1600": 2.3, "A_3200": 2.3, "D_net_m": 1362.9, "name_i": "Beattie Square", "name_j": "Vernon Cases Community Garden", "D_euc_m": 1350.5, "within_walk_limit": false, "same_group": false }, "geometry": { "type": "LineString", "coordinates": [ [ -73.934581685986416, 40.69645020456808 ], [ -73.950304186191616, 40.694260582421293 ] ] } },
{ "type": "Feature", "properties": { "park_i": "B012", "park_j": "B487", "n_settings": 2, "share": 0.125, "A_800": null, "A_1600": null, "A_3200": 18.6, "D_net_m": 1762.0, "name_i": "Brower Park", "name_j": "Preston Community Garden", "D_euc_m": 1957.8, "within_walk_limit": false, "same_group": false }, "geometry": { "type": "LineString", "coordinates": [ [ -73.943661916455412, 40.674280428348162 ], [ -73.920680008991738, 40.672079697105005 ] ] } },
{ "type": "Feature", "properties": { "park_i": "B021", "park_j": "B220", "n_settings": 1, "share": 0.062, "A_800": null, "A_1600": 83.599998, "A_3200": 83.599998, "D_net_m": 882.09998, "name_i": "Commodore Barry Park", "name_j": "Washington Hall Park", "D_euc_m": 1041.3, "within_walk_limit": false, "same_group": false }, "geometry": { "type": "LineString", "coordinates": [ [ -73.978916974514803, 40.696965638883299 ], [ -73.966775159595045, 40.695360815324193 ] ] } },
{ "type": "Feature", "properties": { "park_i": "B021", "park_j": "B221", "n_settings": 5, "share": 0.312, "A_800": null, "A_1600": 29.5, "A_3200": 29.5, "D_net_m": 1161.7, "name_i": "Commodore Barry Park", "name_j": "Steuben Playground", "D_euc_m": 1306.0, "within_walk_limit": false, "same_group": false }, "geometry": { "type": "LineString", "coordinates": [ [ -73.978916974514803, 40.696965638883299 ], [ -73.963468938825827, 40.697351468427598 ] ] } },
{ "type": "Feature", "properties": { "park_i": "B021", "park_j": "B537", "n_settings": 2, "share": 0.125, "A_800": null, "A_1600": null, "A_3200": 153.7, "D_net_m": 2381.6001, "name_i": "Commodore Barry Park", "name_j": "Park", "D_euc_m": 2156.7, "within_walk_limit": false, "same_group": false }, "geometry": { "type": "LineString", "coordinates": [ [ -73.978916974514803, 40.696965638883299 ], [ -73.961814879630666, 40.682545458038639 ] ] } },
{ "type": "Feature", "properties": { "park_i": "B022", "park_j": "B202", "n_settings": 2, "share": 0.125, "A_800": null, "A_1600": 64.0, "A_3200": 64.0, "D_net_m": 1100.0, "name_i": "Sarah J.S. Tompkins Garnet Playground", "name_j": "Lithuania Square", "D_euc_m": 987.2, "within_walk_limit": false, "same_group": false }, "geometry": { "type": "LineString", "coordinates": [ [ -73.955420828810233, 40.700681445655313 ], [ -73.95092234784984, 40.708888547765618 ] ] } },
{ "type": "Feature", "properties": { "park_i": "B023", "park_j": "B140", "n_settings": 2, "share": 0.125, "A_800": null, "A_1600": 0.8, "A_3200": 0.8, "D_net_m": 1578.0, "name_i": "Lafayette Playground", "name_j": "Banneker Playground", "D_euc_m": 1602.5, "within_walk_limit": false, "same_group": false }, "geometry": { "type": "LineString", "coordinates": [ [ -73.930066149402094, 40.692556328941961 ], [ -73.948833951939918, 40.690483024595636 ] ] } },
{ "type": "Feature", "properties": { "park_i": "B023", "park_j": "B269", "n_settings": 10, "share": 0.625, "A_800": 0.3, "A_1600": 0.3, "A_3200": 0.3, "D_net_m": 231.60001, "name_i": "Lafayette Playground", "name_j": "Jesse Owens Playground", "D_euc_m": 240.9, "within_walk_limit": true, "same_group": true }, "geometry": { "type": "LineString", "coordinates": [ [ -73.930066149402094, 40.692556328941961 ], [ -73.932404060585142, 40.691314228582705 ] ] } },
{ "type": "Feature", "properties": { "park_i": "B023", "park_j": "B317", "n_settings": 2, "share": 0.125, "A_800": null, "A_1600": null, "A_3200": 6.8, "D_net_m": 2357.1001, "name_i": "Lafayette Playground", "name_j": "Lafayette Gardens Playground", "D_euc_m": 2342.3, "within_walk_limit": false, "same_group": false }, "geometry": { "type": "LineString", "coordinates": [ [ -73.930066149402094, 40.692556328941961 ], [ -73.957548626765686, 40.689805335285506 ] ] } },
{ "type": "Feature", "properties": { "park_i": "B023", "park_j": "B400", "n_settings": 1, "share": 0.062, "A_800": null, "A_1600": 0.8, "A_3200": 0.8, "D_net_m": 1578.0, "name_i": "Lafayette Playground", "name_j": "Hattie Carthan Community Garden", "D_euc_m": 1588.9, "within_walk_limit": false, "same_group": false }, "geometry": { "type": "LineString", "coordinates": [ [ -73.930066149402094, 40.692556328941961 ], [ -73.948549432328463, 40.689925318953797 ] ] } },
{ "type": "Feature", "properties": { "park_i": "B024", "park_j": "B223R", "n_settings": 6, "share": 0.375, "A_800": null, "A_1600": 23.4, "A_3200": 23.4, "D_net_m": 1178.4, "name_i": "Orient Grove", "name_j": "Jaime Campiz Playground", "D_euc_m": 1200.1, "within_walk_limit": false, "same_group": false }, "geometry": { "type": "LineString", "coordinates": [ [ -73.94036936803019, 40.714798262822953 ], [ -73.954463931371805, 40.713437491786379 ] ] } },
{ "type": "Feature", "properties": { "park_i": "B029#10", "park_j": "B530", "n_settings": 2, "share": 0.125, "A_800": null, "A_1600": 13.1, "A_3200": 13.1, "D_net_m": 1103.7, "name_i": "Eastern Parkway (10/10)", "name_j": "Seasons of Vision", "D_euc_m": 1153.5, "within_walk_limit": false, "same_group": false }, "geometry": { "type": "LineString", "coordinates": [ [ -73.929797367620907, 40.668597668088175 ], [ -73.927088321747647, 40.678781652175388 ] ] } },
{ "type": "Feature", "properties": { "park_i": "B029#8", "park_j": "B089", "n_settings": 2, "share": 0.125, "A_800": null, "A_1600": 11.5, "A_3200": 11.5, "D_net_m": 832.20001, "name_i": "Eastern Parkway (8/10)", "name_j": "Lowry Triangle", "D_euc_m": 876.8, "within_walk_limit": false, "same_group": false }, "geometry": { "type": "LineString", "coordinates": [ [ -73.967842011984089, 40.673165770265854 ], [ -73.964509608202334, 40.680645592985393 ] ] } },
{ "type": "Feature", "properties": { "park_i": "B030#1", "park_j": "B487", "n_settings": 1, "share": 0.062, "A_800": null, "A_1600": 59.0, "A_3200": 59.0, "D_net_m": 932.20001, "name_i": "Eastern Parkway Extension (1/6)", "name_j": "Preston Community Garden", "D_euc_m": 1070.0, "within_walk_limit": false, "same_group": false }, "geometry": { "type": "LineString", "coordinates": [ [ -73.908639862741452, 40.675056777088038 ], [ -73.920680008991738, 40.672079697105005 ] ] } },
{ "type": "Feature", "properties": { "park_i": "B030#1", "park_j": "B554", "n_settings": 4, "share": 0.25, "A_800": null, "A_1600": 38.0, "A_3200": 38.0, "D_net_m": 997.29999, "name_i": "Eastern Parkway Extension (1/6)", "name_j": "Brownsville Green", "D_euc_m": 1275.0, "within_walk_limit": false, "same_group": false }, "geometry": { "type": "LineString", "coordinates": [ [ -73.908639862741452, 40.675056777088038 ], [ -73.921218050588067, 40.668718285256539 ] ] } },
{ "type": "Feature", "properties": { "park_i": "B030#5", "park_j": "B600", "n_settings": 6, "share": 0.375, "A_800": 1.9, "A_1600": 1.9, "A_3200": 1.9, "D_net_m": 463.20001, "name_i": "Eastern Parkway Extension (5/6)", "name_j": "Garden", "D_euc_m": 614.9, "within_walk_limit": true, "same_group": false }, "geometry": { "type": "LineString", "coordinates": [ [ -73.904756940378732, 40.680764541858615 ], [ -73.911627368478207, 40.678942445009575 ] ] } },
{ "type": "Feature", "properties": { "park_i": "B031", "park_j": "B226", "n_settings": 1, "share": 0.062, "A_800": null, "A_1600": 35.700001, "A_3200": 35.700001, "D_net_m": 1008.6, "name_i": "Fidelity Triangle", "name_j": "Mt. Carmel Triangle", "D_euc_m": 1063.9, "within_walk_limit": false, "same_group": false }, "geometry": { "type": "LineString", "coordinates": [ [ -73.941867091443498, 40.721853160121228 ], [ -73.951675752367763, 40.715841431389691 ] ] } },
{ "type": "Feature", "properties": { "park_i": "B037", "park_j": "Q124", "n_settings": 1, "share": 0.062, "A_800": null, "A_1600": null, "A_3200": 44.0, "D_net_m": 2133.6001, "name_i": "Freedom Triangle", "name_j": "Myrtle Avenue Clemens Triangle", "D_euc_m": 2150.0, "within_walk_limit": false, "same_group": false }, "geometry": { "type": "LineString", "coordinates": [ [ -73.931772467399895, 40.697258069166359 ], [ -73.906621987632505, 40.700202342248474 ] ] } },
{ "type": "Feature", "properties": { "park_i": "B038", "park_j": "B102", "n_settings": 2, "share": 0.125, "A_800": null, "A_1600": null, "A_3200": 24.1, "D_net_m": 2025.9, "name_i": "Fulton Park", "name_j": "Crispus Attucks Playground", "D_euc_m": 2283.3, "within_walk_limit": false, "same_group": false }, "geometry": { "type": "LineString", "coordinates": [ [ -73.932252533461536, 40.67989989873265 ], [ -73.959180333074798, 40.681566113076357 ] ] } },
{ "type": "Feature", "properties": { "park_i": "B038", "park_j": "B219", "n_settings": 2, "share": 0.125, "A_800": null, "A_1600": null, "A_3200": 23.4, "D_net_m": 2009.9, "name_i": "Fulton Park", "name_j": "Callahan-Kelly Playground", "D_euc_m": 2267.2, "within_walk_limit": false, "same_group": false }, "geometry": { "type": "LineString", "coordinates": [ [ -73.932252533461536, 40.67989989873265 ], [ -73.905499237363316, 40.678407083263089 ] ] } },
{ "type": "Feature", "properties": { "park_i": "B038", "park_j": "B325", "n_settings": 4, "share": 0.25, "A_800": null, "A_1600": 13.4, "A_3200": 13.4, "D_net_m": 1396.2, "name_i": "Fulton Park", "name_j": "Fish Playground", "D_euc_m": 1540.1, "within_walk_limit": false, "same_group": false }, "geometry": { "type": "LineString", "coordinates": [ [ -73.932252533461536, 40.67989989873265 ], [ -73.914184084604202, 40.678100426792668 ] ] } },
{ "type": "Feature", "properties": { "park_i": "B038", "park_j": "B517", "n_settings": 4, "share": 0.25, "A_800": null, "A_1600": null, "A_3200": 16.3, "D_net_m": 1647.8, "name_i": "Fulton Park", "name_j": "Phoenix Community Garden", "D_euc_m": 1746.3, "within_walk_limit": false, "same_group": false }, "geometry": { "type": "LineString", "coordinates": [ [ -73.932252533461536, 40.67989989873265 ], [ -73.911666911450453, 40.678541709767273 ] ] } },
{ "type": "Feature", "properties": { "park_i": "B038", "park_j": "B537", "n_settings": 2, "share": 0.125, "A_800": null, "A_1600": null, "A_3200": 24.8, "D_net_m": 2299.6001, "name_i": "Fulton Park", "name_j": "Park", "D_euc_m": 2515.6, "within_walk_limit": false, "same_group": false }, "geometry": { "type": "LineString", "coordinates": [ [ -73.932252533461536, 40.67989989873265 ], [ -73.961814879630666, 40.682545458038639 ] ] } },
{ "type": "Feature", "properties": { "park_i": "B038", "park_j": "B561", "n_settings": 2, "share": 0.125, "A_800": null, "A_1600": 12.8, "A_3200": 12.8, "D_net_m": 1274.9, "name_i": "Fulton Park", "name_j": "Saratoga Farm", "D_euc_m": 1377.1, "within_walk_limit": false, "same_group": false }, "geometry": { "type": "LineString", "coordinates": [ [ -73.932252533461536, 40.67989989873265 ], [ -73.916029131172948, 40.678751540461505 ] ] } },
{ "type": "Feature", "properties": { "park_i": "B040", "park_j": "B399", "n_settings": 4, "share": 0.25, "A_800": null, "A_1600": 15.1, "A_3200": 15.1, "D_net_m": 1017.1, "name_i": "Grand Army Plaza", "name_j": "Gardens Of Union", "D_euc_m": 1040.5, "within_walk_limit": false, "same_group": false }, "geometry": { "type": "LineString", "coordinates": [ [ -73.970904587930818, 40.673795145671455 ], [ -73.98250165061755, 40.676938874964939 ] ] } },
{ "type": "Feature", "properties": { "park_i": "B041", "park_j": "B232", "n_settings": 1, "share": 0.062, "A_800": null, "A_1600": null, "A_3200": 14.9, "D_net_m": 1748.9, "name_i": "Grant Gore", "name_j": "Dean Playground", "D_euc_m": 1788.0, "within_walk_limit": false, "same_group": false }, "geometry": { "type": "LineString", "coordinates": [ [ -73.95280469463421, 40.676466024319815 ], [ -73.973153212394067, 40.680870658508844 ] ] } },
{ "type": "Feature", "properties": { "park_i": "B041", "park_j": "B364", "n_settings": 2, "share": 0.125, "A_800": null, "A_1600": null, "A_3200": 13.6, "D_net_m": 1990.2, "name_i": "Grant Gore", "name_j": "Woods Playground", "D_euc_m": 2030.8, "within_walk_limit": false, "same_group": false }, "geometry": { "type": "LineString", "coordinates": [ [ -73.95280469463421, 40.676466024319815 ], [ -73.928924373195926, 40.674444114551477 ] ] } },
{ "type": "Feature", "properties": { "park_i": "B041", "park_j": "B597", "n_settings": 2, "share": 0.125, "A_800": null, "A_1600": null, "A_3200": 21.8, "D_net_m": 2154.8, "name_i": "Grant Gore", "name_j": "Kingsborough Houses Bergen Playground", "D_euc_m": 2186.0, "within_walk_limit": false, "same_group": false }, "geometry": { "type": "LineString", "coordinates": [ [ -73.95280469463421, 40.676466024319815 ], [ -73.927003259568195, 40.675097711462392 ] ] } },
{ "type": "Feature", "properties": { "park_i": "B042", "park_j": "B063", "n_settings": 2, "share": 0.125, "A_800": null, "A_1600": null, "A_3200": 42.3, "D_net_m": 1892.5, "name_i": "Gravesend Park", "name_j": "Milestone Park", "D_euc_m": 2005.5, "within_walk_limit": false, "same_group": false }, "geometry": { "type": "LineString", "coordinates": [ [ -73.984451190135047, 40.623527907780193 ], [ -73.999461197237991, 40.609544380796791 ] ] } },
{ "type": "Feature", "properties": { "park_i": "B042", "park_j": "B158", "n_settings": 2, "share": 0.125, "A_800": null, "A_1600": null, "A_3200": 44.599998, "D_net_m": 1972.4, "name_i": "Gravesend Park", "name_j": "Garibaldi Playground", "D_euc_m": 2087.8, "within_walk_limit": false, "same_group": false }, "geometry": { "type": "LineString", "coordinates": [ [ -73.984451190135047, 40.623527907780193 ], [ -74.000087582889023, 40.608976865181958 ] ] } },
{ "type": "Feature", "properties": { "park_i": "B043", "park_j": "B553", "n_settings": 1, "share": 0.062, "A_800": null, "A_1600": 13.6, "A_3200": 13.6, "D_net_m": 872.70001, "name_i": "Greenpoint Playground", "name_j": "61 Franklin Street Garden", "D_euc_m": 928.6, "within_walk_limit": false, "same_group": false }, "geometry": { "type": "LineString", "coordinates": [ [ -73.958895552692795, 40.735837353099072 ], [ -73.957457516083494, 40.727544716461786 ] ] } },
{ "type": "Feature", "properties": { "park_i": "B044", "park_j": "B422", "n_settings": 2, "share": 0.125, "A_800": null, "A_1600": null, "A_3200": 131.10001, "D_net_m": 2432.7, "name_i": "Dr. Ronald McNair Park", "name_j": "Bkln Bears Rockwell Pl Garden", "D_euc_m": 2334.9, "within_walk_limit": false, "same_group": false }, "geometry": { "type": "LineString", "coordinates": [ [ -73.961999541620884, 40.67054032576047 ], [ -73.979273406997777, 40.686954591867881 ] ] } },
{ "type": "Feature", "properties": { "park_i": "B047A", "park_j": "B449", "n_settings": 1, "share": 0.062, "A_800": null, "A_1600": null, "A_3200": 78.400002, "D_net_m": 1916.4, "name_i": "Highland Park Childrens Garden", "name_j": "New Vision Garden", "D_euc_m": 1881.6, "within_walk_limit": false, "same_group": false }, "geometry": { "type": "LineString", "coordinates": [ [ -73.887882040406708, 40.682940902248781 ], [ -73.887024472469989, 40.6660045275448 ] ] } },
{ "type": "Feature", "properties": { "park_i": "B050", "park_j": "B560", "n_settings": 1, "share": 0.062, "A_800": null, "A_1600": 28.200001, "A_3200": 28.200001, "D_net_m": 965.79999, "name_i": "Van Voorhees Playground", "name_j": "Pirate's Cove Garden", "D_euc_m": 1003.4, "within_walk_limit": false, "same_group": false }, "geometry": { "type": "LineString", "coordinates": [ [ -73.999627507906254, 40.689731742655212 ], [ -74.004189985175074, 40.681386810100072 ] ] } },
{ "type": "Feature", "properties": { "park_i": "B056", "park_j": "B440", "n_settings": 2, "share": 0.125, "A_800": null, "A_1600": null, "A_3200": 16.4, "D_net_m": 1920.3, "name_i": "Martin Luther King Jr. Playground", "name_j": "Amboy Neighborhood Center", "D_euc_m": 1994.6, "within_walk_limit": false, "same_group": false }, "geometry": { "type": "LineString", "coordinates": [ [ -73.890427769367051, 40.667687345173228 ], [ -73.913803525698469, 40.665240997186444 ] ] } },
{ "type": "Feature", "properties": { "park_i": "B062", "park_j": "B223R", "n_settings": 4, "share": 0.25, "A_800": null, "A_1600": 11.3, "A_3200": 11.3, "D_net_m": 960.90002, "name_i": "Memorial Gore", "name_j": "Jaime Campiz Playground", "D_euc_m": 1038.4, "within_walk_limit": false, "same_group": false }, "geometry": { "type": "LineString", "coordinates": [ [ -73.942318050898038, 40.714880626662669 ], [ -73.954463931371805, 40.713437491786379 ] ] } },
{ "type": "Feature", "properties": { "park_i": "B063", "park_j": "B210Q", "n_settings": 2, "share": 0.125, "A_800": null, "A_1600": null, "A_3200": 10.9, "D_net_m": 2215.6001, "name_i": "Milestone Park", "name_j": "Park", "D_euc_m": 2258.9, "within_walk_limit": false, "same_group": false }, "geometry": { "type": "LineString", "coordinates": [ [ -73.999461197237991, 40.609544380796791 ], [ -74.020424586204868, 40.622147648053613 ] ] } },
{ "type": "Feature", "properties": { "park_i": "B070", "park_j": "B178", "n_settings": 2, "share": 0.125, "A_800": null, "A_1600": null, "A_3200": 56.700001, "D_net_m": 2081.0, "name_i": "Machate Circle", "name_j": "Flatbush Malls", "D_euc_m": 2207.6, "within_walk_limit": false, "same_group": false }, "geometry": { "type": "LineString", "coordinates": [ [ -73.972186041043699, 40.650999841136866 ], [ -73.963347306294921, 40.632288003397676 ] ] } },
{ "type": "Feature", "properties": { "park_i": "B078", "park_j": "B483", "n_settings": 2, "share": 0.125, "A_800": null, "A_1600": 12.6, "A_3200": 12.6, "D_net_m": 1327.0, "name_i": "Grace Playground", "name_j": "Manley's Pl", "D_euc_m": 1402.0, "within_walk_limit": false, "same_group": false }, "geometry": { "type": "LineString", "coordinates": [ [ -73.894319981598557, 40.671436249601172 ], [ -73.878298411780108, 40.674704804079148 ] ] } },
{ "type": "Feature", "properties": { "park_i": "B078", "park_j": "B493", "n_settings": 1, "share": 0.062, "A_800": null, "A_1600": 12.6, "A_3200": 12.6, "D_net_m": 1363.1, "name_i": "Grace Playground", "name_j": "Upon This Rock Comm Garden", "D_euc_m": 1431.5, "within_walk_limit": false, "same_group": false }, "geometry": { "type": "LineString", "coordinates": [ [ -73.894319981598557, 40.671436249601172 ], [ -73.877804612087104, 40.674292542405588 ] ] } },
{ "type": "Feature", "properties": { "park_i": "B079", "park_j": "B262", "n_settings": 4, "share": 0.25, "A_800": null, "A_1600": null, "A_3200": 4.7, "D_net_m": 1982.7, "name_i": "Saratoga Park", "name_j": "Potomac Playground", "D_euc_m": 2162.6, "within_walk_limit": false, "same_group": false }, "geometry": { "type": "LineString", "coordinates": [ [ -73.919001246973082, 40.684980144889877 ], [ -73.944303667636149, 40.682067528958591 ] ] } },
{ "type": "Feature", "properties": { "park_i": "B079", "park_j": "B575", "n_settings": 6, "share": 0.375, "A_800": null, "A_1600": 13.1, "A_3200": 13.1, "D_net_m": 1377.6, "name_i": "Saratoga Park", "name_j": "Halsey Garden", "D_euc_m": 1421.8, "within_walk_limit": false, "same_group": false }, "geometry": { "type": "LineString", "coordinates": [ [ -73.919001246973082, 40.684980144889877 ], [ -73.935667230044885, 40.683230984239188 ] ] } },
{ "type": "Feature", "properties": { "park_i": "B080", "park_j": "B169B", "n_settings": 4, "share": 0.25, "A_800": null, "A_1600": 41.8, "A_3200": 41.8, "D_net_m": 1231.3, "name_i": "Asser Levy Park", "name_j": "Poseidon Playground", "D_euc_m": 1488.2, "within_walk_limit": false, "same_group": false }, "geometry": { "type": "LineString", "coordinates": [ [ -73.974662711022276, 40.574228985198928 ], [ -73.99208308183313, 40.572421513607658 ] ] } },
{ "type": "Feature", "properties": { "park_i": "B080", "park_j": "B369", "n_settings": 6, "share": 0.375, "A_800": 8.2, "A_1600": 8.2, "A_3200": 8.2, "D_net_m": 495.20001, "name_i": "Asser Levy Park", "name_j": "Steeplechase Park", "D_euc_m": 791.6, "within_walk_limit": true, "same_group": false }, "geometry": { "type": "LineString", "coordinates": [ [ -73.974662711022276, 40.574228985198928 ], [ -73.984013668614296, 40.574346693890767 ] ] } },
{ "type": "Feature", "properties": { "park_i": "B082#8", "park_j": "B432", "n_settings": 4, "share": 0.25, "A_800": null, "A_1600": 86.900002, "A_3200": 86.900002, "D_net_m": 952.09998, "name_i": "Shore Park and Parkway (8/10)", "name_j": "American Veterans Memorial Pier", "D_euc_m": 1126.1, "within_walk_limit": false, "same_group": false }, "geometry": { "type": "LineString", "coordinates": [ [ -74.040472344877472, 40.629779341762713 ], [ -74.038041223516288, 40.639753090902012 ] ] } },
{ "type": "Feature", "properties": { "park_i": "B089", "park_j": "B220", "n_settings": 1, "share": 0.062, "A_800": null, "A_1600": 22.5, "A_3200": 22.5, "D_net_m": 1519.8, "name_i": "Lowry Triangle", "name_j": "Washington Hall Park", "D_euc_m": 1644.8, "within_walk_limit": false, "same_group": false }, "geometry": { "type": "LineString", "coordinates": [ [ -73.964509608202334, 40.680645592985393 ], [ -73.966775159595045, 40.695360815324193 ] ] } },
{ "type": "Feature", "properties": { "park_i": "B093", "park_j": "B531", "n_settings": 12, "share": 0.75, "A_800": 12.2, "A_1600": 12.2, "A_3200": 12.2, "D_net_m": 700.70001, "name_i": "Weeksville Playground", "name_j": "Garden of Plenty", "D_euc_m": 726.4, "within_walk_limit": true, "same_group": true }, "geometry": { "type": "LineString", "coordinates": [ [ -73.919480931637779, 40.677175565169868 ], [ -73.928056468034825, 40.677605064887608 ] ] } },
{ "type": "Feature", "properties": { "park_i": "B098", "park_j": "B265", "n_settings": 3, "share": 0.188, "A_800": null, "A_1600": 3.6, "A_3200": 3.6, "D_net_m": 828.70001, "name_i": "Martin Luther Playground", "name_j": "Rainbow Playground", "D_euc_m": 936.9, "within_walk_limit": false, "same_group": false }, "geometry": { "type": "LineString", "coordinates": [ [ -74.019747112158313, 40.645786888798504 ], [ -74.011041991695336, 40.64056653925968 ] ] } },
{ "type": "Feature", "properties": { "park_i": "B102", "park_j": "B293", "n_settings": 1, "share": 0.062, "A_800": 91.400002, "A_1600": 4.7, "A_3200": 4.7, "D_net_m": 799.79999, "name_i": "Crispus Attucks Playground", "name_j": "Classon Playground", "D_euc_m": 876.0, "within_walk_limit": true, "same_group": false }, "geometry": { "type": "LineString", "coordinates": [ [ -73.959180333074798, 40.681566113076357 ], [ -73.960568491904525, 40.68938589339762 ] ] } },
{ "type": "Feature", "properties": { "park_i": "B103", "park_j": "B214", "n_settings": 1, "share": 0.062, "A_800": null, "A_1600": null, "A_3200": 89.800003, "D_net_m": 1889.5, "name_i": "Cypress Hills Playground", "name_j": "Linden Park", "D_euc_m": 1877.8, "within_walk_limit": false, "same_group": false }, "geometry": { "type": "LineString", "coordinates": [ [ -73.871681191830532, 40.670443696606036 ], [ -73.887291878854441, 40.65841002985033 ] ] } },
{ "type": "Feature", "properties": { "park_i": "B105", "park_j": "B298", "n_settings": 2, "share": 0.125, "A_800": null, "A_1600": 5.0, "A_3200": 5.0, "D_net_m": 968.90002, "name_i": "Taaffe Playground", "name_j": "Stockton Playground", "D_euc_m": 1037.2, "within_walk_limit": false, "same_group": false }, "geometry": { "type": "LineString", "coordinates": [ [ -73.960682200014588, 40.695174774681156 ], [ -73.948730685067389, 40.697306812960683 ] ] } },
{ "type": "Feature", "properties": { "park_i": "B109", "park_j": "B209", "n_settings": 2, "share": 0.125, "A_800": 0.1, "A_1600": 0.1, "A_3200": 0.1, "D_net_m": 496.0, "name_i": "Bill Brown Playground", "name_j": "Galapo Playground", "D_euc_m": 668.1, "within_walk_limit": true, "same_group": false }, "geometry": { "type": "LineString", "coordinates": [ [ -73.945661238759286, 40.592166689487108 ], [ -73.946607453254785, 40.598141940857971 ] ] } },
{ "type": "Feature", "properties": { "park_i": "B110", "park_j": "B347", "n_settings": 4, "share": 0.25, "A_800": 0.8, "A_1600": 0.8, "A_3200": 0.8, "D_net_m": 571.29999, "name_i": "Marion Hopkinson Playground", "name_j": "Carver Playground", "D_euc_m": 641.2, "within_walk_limit": true, "same_group": false }, "geometry": { "type": "LineString", "coordinates": [ [ -73.913209580293739, 40.681778924293845 ], [ -73.920512940220121, 40.680214330794435 ] ] } },
{ "type": "Feature", "properties": { "park_i": "B110", "park_j": "B512", "n_settings": 2, "share": 0.125, "A_800": null, "A_1600": null, "A_3200": 82.900002, "D_net_m": 2160.0, "name_i": "Marion Hopkinson Playground", "name_j": "Hoparkinson R&L Block Association Garden", "D_euc_m": 2206.7, "within_walk_limit": false, "same_group": false }, "geometry": { "type": "LineString", "coordinates": [ [ -73.913209580293739, 40.681778924293845 ], [ -73.911957037609412, 40.66192416421363 ] ] } },
{ "type": "Feature", "properties": { "park_i": "B113C", "park_j": "B210C", "n_settings": 2, "share": 0.125, "A_800": null, "A_1600": null, "A_3200": 20.8, "D_net_m": 2145.2, "name_i": "Columbus Park", "name_j": "Cough Triangle", "D_euc_m": 2295.6, "within_walk_limit": false, "same_group": false }, "geometry": { "type": "LineString", "coordinates": [ [ -73.989976019185718, 40.693710620391464 ], [ -73.999881252237358, 40.67445624841146 ] ] } },
{ "type": "Feature", "properties": { "park_i": "B130", "park_j": "B255J", "n_settings": 2, "share": 0.125, "A_800": 20.0, "A_1600": 20.0, "A_3200": 20.0, "D_net_m": 133.0, "name_i": "Greenwood Playground", "name_j": "Seeley Park", "D_euc_m": 334.8, "within_walk_limit": true, "same_group": false }, "geometry": { "type": "LineString", "coordinates": [ [ -73.976431020861028, 40.65054687331439 ], [ -73.977855182856857, 40.653361306687145 ] ] } },
{ "type": "Feature", "properties": { "park_i": "B137", "park_j": "B293", "n_settings": 1, "share": 0.062, "A_800": null, "A_1600": null, "A_3200": 57.900002, "D_net_m": 1734.0, "name_i": "Sixteen Sycamores Playground", "name_j": "Classon Playground", "D_euc_m": 1748.6, "within_walk_limit": false, "same_group": false }, "geometry": { "type": "LineString", "coordinates": [ [ -73.980976714222564, 40.686786447815614 ], [ -73.960568491904525, 40.68938589339762 ] ] } },
{ "type": "Feature", "properties": { "park_i": "B137", "park_j": "B317", "n_settings": 2, "share": 0.125, "A_800": null, "A_1600": null, "A_3200": 59.5, "D_net_m": 1984.5, "name_i": "Sixteen Sycamores Playground", "name_j": "Lafayette Gardens Playground", "D_euc_m": 2007.9, "within_walk_limit": false, "same_group": false }, "geometry": { "type": "LineString", "coordinates": [ [ -73.980976714222564, 40.686786447815614 ], [ -73.957548626765686, 40.689805335285506 ] ] } },
{ "type": "Feature", "properties": { "park_i": "B140", "park_j": "B269", "n_settings": 2, "share": 0.125, "A_800": null, "A_1600": 0.6, "A_3200": 0.6, "D_net_m": 1346.4, "name_i": "Banneker Playground", "name_j": "Jesse Owens Playground", "D_euc_m": 1391.4, "within_walk_limit": false, "same_group": false }, "geometry": { "type": "LineString", "coordinates": [ [ -73.948833951939918, 40.690483024595636 ], [ -73.932404060585142, 40.691314228582705 ] ] } },
{ "type": "Feature", "properties": { "park_i": "B145", "park_j": "B210G", "n_settings": 2, "share": 0.125, "A_800": null, "A_1600": null, "A_3200": 15.9, "D_net_m": 1605.3, "name_i": "Thomas Greene Playground", "name_j": "Triangle Three Sixteen", "D_euc_m": 1653.9, "within_walk_limit": false, "same_group": false }, "geometry": { "type": "LineString", "coordinates": [ [ -73.985351398836499, 40.680316720347854 ], [ -73.995114750116684, 40.667405706514096 ] ] } },
{ "type": "Feature", "properties": { "park_i": "B147", "park_j": "B324", "n_settings": 2, "share": 0.125, "A_800": null, "A_1600": 39.599998, "A_3200": 39.599998, "D_net_m": 1186.2, "name_i": "Monsignor Crawford Field", "name_j": "Jacob Joffe Fields", "D_euc_m": 1230.3, "within_walk_limit": false, "same_group": false }, "geometry": { "type": "LineString", "coordinates": [ [ -73.916087283695788, 40.614541693209304 ], [ -73.91936151184116, 40.625339582331613 ] ] } },
{ "type": "Feature", "properties": { "park_i": "B148", "park_j": "B389", "n_settings": 2, "share": 0.125, "A_800": null, "A_1600": 24.200001, "A_3200": 24.200001, "D_net_m": 1218.9, "name_i": "Rolph Henry Playground", "name_j": "Umma Park", "D_euc_m": 1237.0, "within_walk_limit": false, "same_group": false }, "geometry": { "type": "LineString", "coordinates": [ [ -73.947506765378193, 40.655793402448502 ], [ -73.961878764905904, 40.653706790542451 ] ] } },
{ "type": "Feature", "properties": { "park_i": "B149A", "park_j": "B460", "n_settings": 12, "share": 0.75, "A_800": 19.8, "A_1600": 19.8, "A_3200": 19.8, "D_net_m": 360.20001, "name_i": "Elton Playground", "name_j": "Elton St Block Association", "D_euc_m": 325.5, "within_walk_limit": true, "same_group": true }, "geometry": { "type": "LineString", "coordinates": [ [ -73.88067219499348, 40.665874034635102 ], [ -73.881842066274459, 40.66866711394178 ] ] } },
{ "type": "Feature", "properties": { "park_i": "B151", "park_j": "B297", "n_settings": 2, "share": 0.125, "A_800": null, "A_1600": 7.7, "A_3200": 7.7, "D_net_m": 830.79999, "name_i": "Dome Playground", "name_j": "Albemarle Playground", "D_euc_m": 890.8, "within_walk_limit": false, "same_group": false }, "geometry": { "type": "LineString", "coordinates": [ [ -73.979928712280824, 40.637935282428899 ], [ -73.980580384530882, 40.645943972183801 ] ] } },
{ "type": "Feature", "properties": { "park_i": "B153", "park_j": "B387", "n_settings": 2, "share": 0.125, "A_800": 0.4, "A_1600": 0.4, "A_3200": 0.4, "D_net_m": 383.20001, "name_i": "South Pacific Playground", "name_j": "Hilltop Playground", "D_euc_m": 504.7, "within_walk_limit": true, "same_group": false }, "geometry": { "type": "LineString", "coordinates": [ [ -73.920298334689406, 40.67563847397593 ], [ -73.914355096003945, 40.675196143726417 ] ] } },
{ "type": "Feature", "properties": { "park_i": "B153", "park_j": "B579", "n_settings": 4, "share": 0.25, "A_800": null, "A_1600": 2.6, "A_3200": 2.6, "D_net_m": 921.59998, "name_i": "South Pacific Playground", "name_j": "Imani II Community Garden", "D_euc_m": 1077.7, "within_walk_limit": false, "same_group": false }, "geometry": { "type": "LineString", "coordinates": [ [ -73.920298334689406, 40.67563847397593 ], [ -73.93299233203112, 40.676549721219395 ] ] } },
{ "type": "Feature", "properties": { "park_i": "B155", "park_j": "B383", "n_settings": 1, "share": 0.062, "A_800": null, "A_1600": null, "A_3200": 43.900002, "D_net_m": 1708.0, "name_i": "Triangle", "name_j": "Success Garden", "D_euc_m": 1760.9, "within_walk_limit": false, "same_group": false }, "geometry": { "type": "LineString", "coordinates": [ [ -73.877428413210126, 40.668726869557425 ], [ -73.897647552004372, 40.664911689590816 ] ] } },
{ "type": "Feature", "properties": { "park_i": "B155", "park_j": "B443", "n_settings": 2, "share": 0.125, "A_800": 1.3, "A_1600": 1.3, "A_3200": 1.3, "D_net_m": 556.40002, "name_i": "Triangle", "name_j": "Atkins Gardeners", "D_euc_m": 570.3, "within_walk_limit": true, "same_group": false }, "geometry": { "type": "LineString", "coordinates": [ [ -73.877428413210126, 40.668726869557425 ], [ -73.878521683599587, 40.673795701840014 ] ] } },
{ "type": "Feature", "properties": { "park_i": "B155", "park_j": "B515", "n_settings": 1, "share": 0.062, "A_800": null, "A_1600": 32.700001, "A_3200": 32.700001, "D_net_m": 833.20001, "name_i": "Triangle", "name_j": "United Community Center", "D_euc_m": 878.2, "within_walk_limit": false, "same_group": false }, "geometry": { "type": "LineString", "coordinates": [ [ -73.877428413210126, 40.668726869557425 ], [ -73.886870457337452, 40.665427401173666 ] ] } },
{ "type": "Feature", "properties": { "park_i": "B155", "park_j": "B543", "n_settings": 1, "share": 0.062, "A_800": null, "A_1600": 33.8, "A_3200": 33.8, "D_net_m": 911.79999, "name_i": "Triangle", "name_j": "East New York Farms Garden", "D_euc_m": 953.8, "within_walk_limit": false, "same_group": false }, "geometry": { "type": "LineString", "coordinates": [ [ -73.877428413210126, 40.668726869557425 ], [ -73.887830525803011, 40.665398431084697 ] ] } },
{ "type": "Feature", "properties": { "park_i": "B156", "park_j": "B367", "n_settings": 1, "share": 0.062, "A_800": null, "A_1600": 5.7, "A_3200": 5.7, "D_net_m": 826.90002, "name_i": "Powell Playground", "name_j": "Livonia Park", "D_euc_m": 840.3, "within_walk_limit": false, "same_group": false }, "geometry": { "type": "LineString", "coordinates": [ [ -73.904827877965346, 40.671194853681811 ], [ -73.901997709467054, 40.663939303574224 ] ] } },
{ "type": "Feature", "properties": { "park_i": "B156", "park_j": "B486", "n_settings": 4, "share": 0.25, "A_800": null, "A_1600": 8.2, "A_3200": 8.2, "D_net_m": 1434.4, "name_i": "Powell Playground", "name_j": "Green Valley Garden", "D_euc_m": 1461.6, "within_walk_limit": false, "same_group": false }, "geometry": { "type": "LineString", "coordinates": [ [ -73.904827877965346, 40.671194853681811 ], [ -73.901681064830925, 40.658249106738793 ] ] } },
{ "type": "Feature", "properties": { "park_i": "B156", "park_j": "B516", "n_settings": 3, "share": 0.188, "A_800": null, "A_1600": 5.8, "A_3200": 5.8, "D_net_m": 874.79999, "name_i": "Powell Playground", "name_j": "Powell Street Livonia Garden", "D_euc_m": 905.4, "within_walk_limit": false, "same_group": false }, "geometry": { "type": "LineString", "coordinates": [ [ -73.904827877965346, 40.671194853681811 ], [ -73.901845950575805, 40.66336182712147 ] ] } },
{ "type": "Feature", "properties": { "park_i": "B169A", "park_j": "B268", "n_settings": 2, "share": 0.125, "A_800": null, "A_1600": null, "A_3200": 110.5, "D_net_m": 2553.7, "name_i": "Brighton Playground", "name_j": "Nautilus Playground", "D_euc_m": 2637.6, "within_walk_limit": false, "same_group": false }, "geometry": { "type": "LineString", "coordinates": [ [ -73.965398045812435, 40.57507947671408 ], [ -73.996255363073274, 40.571779847827706 ] ] } },
{ "type": "Feature", "properties": { "park_i": "B174", "park_j": "B436", "n_settings": 4, "share": 0.25, "A_800": null, "A_1600": 46.700001, "A_3200": 46.700001, "D_net_m": 1117.2, "name_i": "Park", "name_j": "Gethsemane Garden", "D_euc_m": 1074.0, "within_walk_limit": false, "same_group": false }, "geometry": { "type": "LineString", "coordinates": [ [ -73.92101999111749, 40.654711695433022 ], [ -73.909643791630813, 40.65901647887739 ] ] } },
{ "type": "Feature", "properties": { "park_i": "B182", "park_j": "B440", "n_settings": 2, "share": 0.125, "A_800": 1.2, "A_1600": 1.2, "A_3200": 1.2, "D_net_m": 450.0, "name_i": "Howard Malls", "name_j": "Amboy Neighborhood Center", "D_euc_m": 535.1, "within_walk_limit": true, "same_group": false }, "geometry": { "type": "LineString", "coordinates": [ [ -73.919877853519395, 40.663884272325021 ], [ -73.913803525698469, 40.665240997186444 ] ] } },
{ "type": "Feature", "properties": { "park_i": "B193", "park_j": "B480", "n_settings": 1, "share": 0.062, "A_800": null, "A_1600": 2.1, "A_3200": 2.1, "D_net_m": 894.09998, "name_i": "Hamilton Metz Field", "name_j": "Lincoln Rd Block Association", "D_euc_m": 966.5, "within_walk_limit": false, "same_group": false }, "geometry": { "type": "LineString", "coordinates": [ [ -73.940973892787099, 40.6626563252509 ], [ -73.952252468216713, 40.66123315445482 ] ] } },
{ "type": "Feature", "properties": { "park_i": "B194", "park_j": "B196", "n_settings": 2, "share": 0.125, "A_800": null, "A_1600": null, "A_3200": 36.099998, "D_net_m": 1635.7, "name_i": "Harmony Triangle", "name_j": "Pvt. Sonsire Triangle", "D_euc_m": 1697.6, "within_walk_limit": false, "same_group": false }, "geometry": { "type": "LineString", "coordinates": [ [ -73.950416967090703, 40.703262818190964 ], [ -73.952557145210562, 40.71846794860604 ] ] } },
{ "type": "Feature", "properties": { "park_i": "B194", "park_j": "B226", "n_settings": 2, "share": 0.125, "A_800": null, "A_1600": 31.9, "A_3200": 31.9, "D_net_m": 1345.9, "name_i": "Harmony Triangle", "name_j": "Mt. Carmel Triangle", "D_euc_m": 1400.5, "within_walk_limit": false, "same_group": false }, "geometry": { "type": "LineString", "coordinates": [ [ -73.950416967090703, 40.703262818190964 ], [ -73.951675752367763, 40.715841431389691 ] ] } },
{ "type": "Feature", "properties": { "park_i": "B196", "park_j": "B202", "n_settings": 2, "share": 0.125, "A_800": null, "A_1600": 16.4, "A_3200": 16.4, "D_net_m": 1011.3, "name_i": "Pvt. Sonsire Triangle", "name_j": "Lithuania Square", "D_euc_m": 1072.4, "within_walk_limit": false, "same_group": false }, "geometry": { "type": "LineString", "coordinates": [ [ -73.952557145210562, 40.71846794860604 ], [ -73.95092234784984, 40.708888547765618 ] ] } },
{ "type": "Feature", "properties": { "park_i": "B200", "park_j": "B219", "n_settings": 2, "share": 0.125, "A_800": null, "A_1600": null, "A_3200": 22.5, "D_net_m": 1956.2, "name_i": "Elizabeth Stroud Playground", "name_j": "Callahan-Kelly Playground", "D_euc_m": 2168.7, "within_walk_limit": false, "same_group": false }, "geometry": { "type": "LineString", "coordinates": [ [ -73.931102989259003, 40.679698151999922 ], [ -73.905499237363316, 40.678407083263089 ] ] } },
{ "type": "Feature", "properties": { "park_i": "B200", "park_j": "B325", "n_settings": 2, "share": 0.125, "A_800": null, "A_1600": 12.5, "A_3200": 12.5, "D_net_m": 1342.5, "name_i": "Elizabeth Stroud Playground", "name_j": "Fish Playground", "D_euc_m": 1440.9, "within_walk_limit": false, "same_group": false }, "geometry": { "type": "LineString", "coordinates": [ [ -73.931102989259003, 40.679698151999922 ], [ -73.914184084604202, 40.678100426792668 ] ] } },
{ "type": "Feature", "properties": { "park_i": "B200", "park_j": "B517", "n_settings": 4, "share": 0.25, "A_800": null, "A_1600": 93.099998, "A_3200": 15.4, "D_net_m": 1594.1, "name_i": "Elizabeth Stroud Playground", "name_j": "Phoenix Community Garden", "D_euc_m": 1647.7, "within_walk_limit": false, "same_group": false }, "geometry": { "type": "LineString", "coordinates": [ [ -73.931102989259003, 40.679698151999922 ], [ -73.911666911450453, 40.678541709767273 ] ] } },
{ "type": "Feature", "properties": { "park_i": "B202", "park_j": "B226", "n_settings": 4, "share": 0.25, "A_800": 12.3, "A_1600": 12.3, "A_3200": 12.3, "D_net_m": 721.5, "name_i": "Lithuania Square", "name_j": "Mt. Carmel Triangle", "D_euc_m": 774.5, "within_walk_limit": true, "same_group": false }, "geometry": { "type": "LineString", "coordinates": [ [ -73.95092234784984, 40.708888547765618 ], [ -73.951675752367763, 40.715841431389691 ] ] } },
{ "type": "Feature", "properties": { "park_i": "B208", "park_j": "B287", "n_settings": 7, "share": 0.438, "A_800": null, "A_1600": 14.1, "A_3200": 14.1, "D_net_m": 960.90002, "name_i": "Pfc Norton Playground", "name_j": "Andries Playground", "D_euc_m": 921.6, "within_walk_limit": false, "same_group": false }, "geometry": { "type": "LineString", "coordinates": [ [ -73.944924767596177, 40.614644474161089 ], [ -73.946460965215877, 40.622863307433818 ] ] } },
{ "type": "Feature", "properties": { "park_i": "B210Q", "park_j": "B210W", "n_settings": 2, "share": 0.125, "A_800": null, "A_1600": 92.099998, "A_3200": 92.099998, "D_net_m": 1019.9, "name_i": "Park", "name_j": "John J Carty Park", "D_euc_m": 1295.0, "within_walk_limit": false, "same_group": false }, "geometry": { "type": "LineString", "coordinates": [ [ -74.020424586204868, 40.622147648053613 ], [ -74.030246855586967, 40.613200280941392 ] ] } },
{ "type": "Feature", "properties": { "park_i": "B210Q", "park_j": "B282", "n_settings": 2, "share": 0.125, "A_800": 6.5, "A_1600": 6.5, "A_3200": 6.5, "D_net_m": 612.79999, "name_i": "Park", "name_j": "Patrick O'Rourke Playground", "D_euc_m": 658.7, "within_walk_limit": true, "same_group": false }, "geometry": { "type": "LineString", "coordinates": [ [ -74.020424586204868, 40.622147648053613 ], [ -74.013873736059324, 40.618939971742719 ] ] } },
{ "type": "Feature", "properties": { "park_i": "B210S", "park_j": "B210T", "n_settings": 4, "share": 0.25, "A_800": 2.4, "A_1600": 2.4, "A_3200": 2.4, "D_net_m": 87.099998, "name_i": "Park", "name_j": "Park", "D_euc_m": 91.4, "within_walk_limit": true, "same_group": false }, "geometry": { "type": "LineString", "coordinates": [ [ -74.023423312443782, 40.620236793092381 ], [ -74.022464577213682, 40.619857337928593 ] ] } },
{ "type": "Feature", "properties": { "park_i": "B210W", "park_j": "B338", "n_settings": 2, "share": 0.125, "A_800": null, "A_1600": 29.1, "A_3200": 29.1, "D_net_m": 878.59998, "name_i": "John J Carty Park", "name_j": "Tom McDonald Triangle", "D_euc_m": 1158.7, "within_walk_limit": false, "same_group": false }, "geometry": { "type": "LineString", "coordinates": [ [ -74.030246855586967, 40.613200280941392 ], [ -74.02262398674462, 40.621872210130945 ] ] } },
{ "type": "Feature", "properties": { "park_i": "B215", "park_j": "B313", "n_settings": 2, "share": 0.125, "A_800": 1.0, "A_1600": 1.0, "A_3200": 1.0, "D_net_m": 528.59998, "name_i": "Decatur Playground", "name_j": "El Shabazz Playground", "D_euc_m": 540.0, "within_walk_limit": true, "same_group": false }, "geometry": { "type": "LineString", "coordinates": [ [ -73.936538696389022, 40.681480760999825 ], [ -73.930412655460628, 40.682863937852112 ] ] } },
{ "type": "Feature", "properties": { "park_i": "B215", "park_j": "B332", "n_settings": 2, "share": 0.125, "A_800": null, "A_1600": null, "A_3200": 52.599998, "D_net_m": 2296.7, "name_i": "Decatur Playground", "name_j": "Evergreen Playground", "D_euc_m": 2237.7, "within_walk_limit": false, "same_group": false }, "geometry": { "type": "LineString", "coordinates": [ [ -73.936538696389022, 40.681480760999825 ], [ -73.910762043085356, 40.686089681857375 ] ] } },
{ "type": "Feature", "properties": { "park_i": "B215", "park_j": "B438", "n_settings": 6, "share": 0.375, "A_800": null, "A_1600": null, "A_3200": 5.3, "D_net_m": 1839.6, "name_i": "Decatur Playground", "name_j": "700 Decatur St Block Association", "D_euc_m": 1890.4, "within_walk_limit": false, "same_group": false }, "geometry": { "type": "LineString", "coordinates": [ [ -73.936538696389022, 40.681480760999825 ], [ -73.914382669105294, 40.683822352556462 ] ] } },
{ "type": "Feature", "properties": { "park_i": "B215", "park_j": "B593", "n_settings": 6, "share": 0.375, "A_800": 1.1, "A_1600": 1.1, "A_3200": 1.1, "D_net_m": 749.40002, "name_i": "Decatur Playground", "name_j": "Bed-Stuy Farm", "D_euc_m": 826.4, "within_walk_limit": true, "same_group": true }, "geometry": { "type": "LineString", "coordinates": [ [ -73.936538696389022, 40.681480760999825 ], [ -73.926782555898924, 40.68197939414506 ] ] } },
{ "type": "Feature", "properties": { "park_i": "B216", "park_j": "B224", "n_settings": 8, "share": 0.5, "A_800": null, "A_1600": 0.9, "A_3200": 0.9, "D_net_m": 990.79999, "name_i": "Raymond Bush Playground", "name_j": "P.O. Reinaldo Salgado Playground", "D_euc_m": 1189.0, "within_walk_limit": false, "same_group": false }, "geometry": { "type": "LineString", "coordinates": [ [ -73.939625571740592, 40.686355281826565 ], [ -73.925713609785376, 40.687953828828419 ] ] } },
{ "type": "Feature", "properties": { "park_i": "B216", "park_j": "B323", "n_settings": 10, "share": 0.625, "A_800": 0.2, "A_1600": 0.2, "A_3200": 0.2, "D_net_m": 483.79999, "name_i": "Raymond Bush Playground", "name_j": "Hattie Carthan Playground", "D_euc_m": 556.1, "within_walk_limit": true, "same_group": true }, "geometry": { "type": "LineString", "coordinates": [ [ -73.939625571740592, 40.686355281826565 ], [ -73.946147519300737, 40.685689198705035 ] ] } },
{ "type": "Feature", "properties": { "park_i": "B216", "park_j": "B482", "n_settings": 2, "share": 0.125, "A_800": null, "A_1600": 1.5, "A_3200": 1.5, "D_net_m": 1290.5, "name_i": "Raymond Bush Playground", "name_j": "Madison Street Block Association", "D_euc_m": 1367.8, "within_walk_limit": false, "same_group": false }, "geometry": { "type": "LineString", "coordinates": [ [ -73.939625571740592, 40.686355281826565 ], [ -73.955492079420992, 40.683922566354646 ] ] } },
{ "type": "Feature", "properties": { "park_i": "B216", "park_j": "B499", "n_settings": 2, "share": 0.125, "A_800": null, "A_1600": 1.2, "A_3200": 1.2, "D_net_m": 1388.4, "name_i": "Raymond Bush Playground", "name_j": "Madison Community Greenthumb", "D_euc_m": 1508.7, "within_walk_limit": false, "same_group": false }, "geometry": { "type": "LineString", "coordinates": [ [ -73.939625571740592, 40.686355281826565 ], [ -73.921871792019161, 40.687785928940976 ] ] } },
{ "type": "Feature", "properties": { "park_i": "B216", "park_j": "B503", "n_settings": 3, "share": 0.188, "A_800": null, "A_1600": 0.3, "A_3200": 0.3, "D_net_m": 888.59998, "name_i": "Raymond Bush Playground", "name_j": "Stars Of Hope", "D_euc_m": 948.6, "within_walk_limit": false, "same_group": false }, "geometry": { "type": "LineString", "coordinates": [ [ -73.939625571740592, 40.686355281826565 ], [ -73.950690846203671, 40.684918056233229 ] ] } },
{ "type": "Feature", "properties": { "park_i": "B220", "park_j": "B223MA", "n_settings": 4, "share": 0.25, "A_800": null, "A_1600": 10.5, "A_3200": 10.5, "D_net_m": 1097.8, "name_i": "Washington Hall Park", "name_j": "Arbor Place", "D_euc_m": 1171.9, "within_walk_limit": false, "same_group": false }, "geometry": { "type": "LineString", "coordinates": [ [ -73.966775159595045, 40.695360815324193 ], [ -73.980619157013038, 40.695998923009455 ] ] } },
{ "type": "Feature", "properties": { "park_i": "B220", "park_j": "B295", "n_settings": 4, "share": 0.25, "A_800": null, "A_1600": 87.199997, "A_3200": 87.199997, "D_net_m": 812.0, "name_i": "Washington Hall Park", "name_j": "Oxport Playground", "D_euc_m": 834.3, "within_walk_limit": false, "same_group": false }, "geometry": { "type": "LineString", "coordinates": [ [ -73.966775159595045, 40.695360815324193 ], [ -73.976296139445125, 40.697351747316141 ] ] } },
{ "type": "Feature", "properties": { "park_i": "B221", "park_j": "B223K", "n_settings": 5, "share": 0.312, "A_800": null, "A_1600": null, "A_3200": 39.400002, "D_net_m": 1666.7, "name_i": "Steuben Playground", "name_j": "Trinity Park", "D_euc_m": 1713.0, "within_walk_limit": false, "same_group": false }, "geometry": { "type": "LineString", "coordinates": [ [ -73.963468938825827, 40.697351468427598 ], [ -73.983571414128619, 40.699356644630384 ] ] } },
{ "type": "Feature", "properties": { "park_i": "B221", "park_j": "B243", "n_settings": 6, "share": 0.375, "A_800": null, "A_1600": 37.5, "A_3200": 37.5, "D_net_m": 1550.0, "name_i": "Steuben Playground", "name_j": "Golconda Playground", "D_euc_m": 1580.1, "within_walk_limit": false, "same_group": false }, "geometry": { "type": "LineString", "coordinates": [ [ -73.963468938825827, 40.697351468427598 ], [ -73.982156380674112, 40.697903662660451 ] ] } },
{ "type": "Feature", "properties": { "park_i": "B221", "park_j": "B286", "n_settings": 2, "share": 0.125, "A_800": null, "A_1600": 55.8, "A_3200": 55.8, "D_net_m": 1408.3, "name_i": "Steuben Playground", "name_j": "Bartlett Playground", "D_euc_m": 1520.8, "within_walk_limit": false, "same_group": false }, "geometry": { "type": "LineString", "coordinates": [ [ -73.963468938825827, 40.697351468427598 ], [ -73.946088955040963, 40.700913553731468 ] ] } },
{ "type": "Feature", "properties": { "park_i": "B221", "park_j": "B295", "n_settings": 8, "share": 0.5, "A_800": null, "A_1600": 28.4, "A_3200": 28.4, "D_net_m": 1004.9, "name_i": "Steuben Playground", "name_j": "Oxport Playground", "D_euc_m": 1083.8, "within_walk_limit": false, "same_group": false }, "geometry": { "type": "LineString", "coordinates": [ [ -73.963468938825827, 40.697351468427598 ], [ -73.976296139445125, 40.697351747316141 ] ] } },
{ "type": "Feature", "properties": { "park_i": "B221", "park_j": "B310", "n_settings": 2, "share": 0.125, "A_800": null, "A_1600": null, "A_3200": 45.099998, "D_net_m": 1991.8, "name_i": "Steuben Playground", "name_j": "Bushwick Playground", "D_euc_m": 2089.6, "within_walk_limit": false, "same_group": false }, "geometry": { "type": "LineString", "coordinates": [ [ -73.963468938825827, 40.697351468427598 ], [ -73.939420798635368, 40.701745380777012 ] ] } },
{ "type": "Feature", "properties": { "park_i": "B221", "park_j": "B340", "n_settings": 2, "share": 0.125, "A_800": null, "A_1600": null, "A_3200": 46.900002, "D_net_m": 2072.0, "name_i": "Steuben Playground", "name_j": "Garden Playground", "D_euc_m": 2176.5, "within_walk_limit": false, "same_group": false }, "geometry": { "type": "LineString", "coordinates": [ [ -73.963468938825827, 40.697351468427598 ], [ -73.938179409005272, 40.701083599774492 ] ] } },
{ "type": "Feature", "properties": { "park_i": "B222", "park_j": "B223DB", "n_settings": 2, "share": 0.125, "A_800": 1.4, "A_1600": 1.4, "A_3200": 1.4, "D_net_m": 185.89999, "name_i": "Pierrepont Playground", "name_j": "Brooklyn Heights Promenade", "D_euc_m": 233.8, "within_walk_limit": true, "same_group": false }, "geometry": { "type": "LineString", "coordinates": [ [ -73.99759996889037, 40.696266909126251 ], [ -73.998751087687211, 40.694351516565192 ] ] } },
{ "type": "Feature", "properties": { "park_i": "B222", "park_j": "B223DC", "n_settings": 2, "share": 0.125, "A_800": 1.4, "A_1600": 1.4, "A_3200": 1.4, "D_net_m": 185.89999, "name_i": "Pierrepont Playground", "name_j": "Brooklyn Heights Promenade", "D_euc_m": 173.5, "within_walk_limit": true, "same_group": false }, "geometry": { "type": "LineString", "coordinates": [ [ -73.99759996889037, 40.696266909126251 ], [ -73.998532292219522, 40.694874053208665 ] ] } },
{ "type": "Feature", "properties": { "park_i": "B222", "park_j": "B223E", "n_settings": 2, "share": 0.125, "A_800": 4.6, "A_1600": 4.6, "A_3200": 4.6, "D_net_m": 389.89999, "name_i": "Pierrepont Playground", "name_j": "Fruit Street Sitting Area", "D_euc_m": 457.7, "within_walk_limit": true, "same_group": false }, "geometry": { "type": "LineString", "coordinates": [ [ -73.99759996889037, 40.696266909126251 ], [ -73.995775710333206, 40.700148907229938 ] ] } },
{ "type": "Feature", "properties": { "park_i": "B222", "park_j": "B223F", "n_settings": 4, "share": 0.25, "A_800": 4.9, "A_1600": 4.9, "A_3200": 4.9, "D_net_m": 485.5, "name_i": "Pierrepont Playground", "name_j": "Squibb Park", "D_euc_m": 544.7, "within_walk_limit": true, "same_group": false }, "geometry": { "type": "LineString", "coordinates": [ [ -73.99759996889037, 40.696266909126251 ], [ -73.995473791453875, 40.700899444040793 ] ] } },
{ "type": "Feature", "properties": { "park_i": "B223DA", "park_j": "B223DH", "n_settings": 2, "share": 0.125, "A_800": 7.2, "A_1600": 7.2, "A_3200": 7.2, "D_net_m": 754.40002, "name_i": "Adam Yauch Park", "name_j": "Brooklyn Heights Promenade", "D_euc_m": 770.1, "within_walk_limit": true, "same_group": false }, "geometry": { "type": "LineString", "coordinates": [ [ -73.998880234223179, 40.692116226691262 ], [ -73.996594714779491, 40.698831262258075 ] ] } },
{ "type": "Feature", "properties": { "park_i": "B223DA", "park_j": "B223DI", "n_settings": 1, "share": 0.062, "A_800": 7.2, "A_1600": 7.2, "A_3200": 7.2, "D_net_m": 754.40002, "name_i": "Adam Yauch Park", "name_j": "Brooklyn Heights Promenade", "D_euc_m": 804.5, "within_walk_limit": true, "same_group": false }, "geometry": { "type": "LineString", "coordinates": [ [ -73.998880234223179, 40.692116226691262 ], [ -73.996274164395999, 40.699086640827531 ] ] } },
{ "type": "Feature", "properties": { "park_i": "B223DA", "park_j": "B223DJ", "n_settings": 5, "share": 0.312, "A_800": 7.2, "A_1600": 7.2, "A_3200": 7.2, "D_net_m": 754.40002, "name_i": "Adam Yauch Park", "name_j": "Brooklyn Heights Promenade", "D_euc_m": 840.5, "within_walk_limit": true, "same_group": false }, "geometry": { "type": "LineString", "coordinates": [ [ -73.998880234223179, 40.692116226691262 ], [ -73.9963165364681, 40.69943205303575 ] ] } },
{ "type": "Feature", "properties": { "park_i": "B223DA", "park_j": "B223E", "n_settings": 1, "share": 0.062, "A_800": null, "A_1600": 7.7, "A_3200": 7.7, "D_net_m": 825.20001, "name_i": "Adam Yauch Park", "name_j": "Fruit Street Sitting Area", "D_euc_m": 929.5, "within_walk_limit": false, "same_group": false }, "geometry": { "type": "LineString", "coordinates": [ [ -73.998880234223179, 40.692116226691262 ], [ -73.995775710333206, 40.700148907229938 ] ] } },
{ "type": "Feature", "properties": { "park_i": "B223DA", "park_j": "B223F", "n_settings": 3, "share": 0.188, "A_800": null, "A_1600": 8.0, "A_3200": 8.0, "D_net_m": 897.20001, "name_i": "Adam Yauch Park", "name_j": "Squibb Park", "D_euc_m": 1016.6, "within_walk_limit": false, "same_group": false }, "geometry": { "type": "LineString", "coordinates": [ [ -73.998880234223179, 40.692116226691262 ], [ -73.995473791453875, 40.700899444040793 ] ] } },
{ "type": "Feature", "properties": { "park_i": "B223DB", "park_j": "B223DE", "n_settings": 2, "share": 0.125, "A_800": 1.4, "A_1600": 1.4, "A_3200": 1.4, "D_net_m": 137.10001, "name_i": "Brooklyn Heights Promenade", "name_j": "Brooklyn Heights Promenade", "D_euc_m": 174.8, "within_walk_limit": true, "same_group": false }, "geometry": { "type": "LineString", "coordinates": [ [ -73.998751087687211, 40.694351516565192 ], [ -73.99776449230859, 40.695735964191122 ] ] } },
{ "type": "Feature", "properties": { "park_i": "B223DB", "park_j": "B223DF", "n_settings": 2, "share": 0.125, "A_800": 1.4, "A_1600": 1.4, "A_3200": 1.4, "D_net_m": 185.89999, "name_i": "Brooklyn Heights Promenade", "name_j": "Brooklyn Heights Promenade", "D_euc_m": 192.1, "within_walk_limit": true, "same_group": false }, "geometry": { "type": "LineString", "coordinates": [ [ -73.998751087687211, 40.694351516565192 ], [ -73.997935630661914, 40.695966393256683 ] ] } },
{ "type": "Feature", "properties": { "park_i": "B223DB", "park_j": "B223DG", "n_settings": 8, "share": 0.5, "A_800": 1.6, "A_1600": 1.6, "A_3200": 1.6, "D_net_m": 354.39999, "name_i": "Brooklyn Heights Promenade", "name_j": "Brooklyn Heights Promenade", "D_euc_m": 371.9, "within_walk_limit": true, "same_group": true }, "geometry": { "type": "LineString", "coordinates": [ [ -73.998751087687211, 40.694351516565192 ], [ -73.997234562183124, 40.697496138997451 ] ] } },
{ "type": "Feature", "properties": { "park_i": "B223DB", "park_j": "B223DH", "n_settings": 8, "share": 0.5, "A_800": 5.5, "A_1600": 5.5, "A_3200": 5.5, "D_net_m": 553.79999, "name_i": "Brooklyn Heights Promenade", "name_j": "Brooklyn Heights Promenade", "D_euc_m": 529.6, "within_walk_limit": true, "same_group": true }, "geometry": { "type": "LineString", "coordinates": [ [ -73.998751087687211, 40.694351516565192 ], [ -73.996594714779491, 40.698831262258075 ] ] } },
{ "type": "Feature", "properties": { "park_i": "B223DB", "park_j": "B223DI", "n_settings": 8, "share": 0.5, "A_800": 5.5, "A_1600": 5.5, "A_3200": 5.5, "D_net_m": 553.79999, "name_i": "Brooklyn Heights Promenade", "name_j": "Brooklyn Heights Promenade", "D_euc_m": 565.8, "within_walk_limit": true, "same_group": true }, "geometry": { "type": "LineString", "coordinates": [ [ -73.998751087687211, 40.694351516565192 ], [ -73.996274164395999, 40.699086640827531 ] ] } },
{ "type": "Feature", "properties": { "park_i": "B223DB", "park_j": "B223DJ", "n_settings": 10, "share": 0.625, "A_800": 5.5, "A_1600": 5.5, "A_3200": 5.5, "D_net_m": 553.79999, "name_i": "Brooklyn Heights Promenade", "name_j": "Brooklyn Heights Promenade", "D_euc_m": 600.3, "within_walk_limit": true, "same_group": true }, "geometry": { "type": "LineString", "coordinates": [ [ -73.998751087687211, 40.694351516565192 ], [ -73.9963165364681, 40.69943205303575 ] ] } },
{ "type": "Feature", "properties": { "park_i": "B223DB", "park_j": "B223DK", "n_settings": 2, "share": 0.125, "A_800": 1.4, "A_1600": 1.4, "A_3200": 1.4, "D_net_m": 80.400002, "name_i": "Brooklyn Heights Promenade", "name_j": "Brooklyn Heights Promenade", "D_euc_m": 402.2, "within_walk_limit": true, "same_group": false }, "geometry": { "type": "LineString", "coordinates": [ [ -73.998751087687211, 40.694351516565192 ], [ -73.997198108840379, 40.697776370052324 ] ] } },
{ "type": "Feature", "properties": { "park_i": "B223DB", "park_j": "B223E", "n_settings": 8, "share": 0.5, "A_800": 6.0, "A_1600": 6.0, "A_3200": 6.0, "D_net_m": 624.59998, "name_i": "Brooklyn Heights Promenade", "name_j": "Fruit Street Sitting Area", "D_euc_m": 690.9, "within_walk_limit": true, "same_group": true }, "geometry": { "type": "LineString", "coordinates": [ [ -73.998751087687211, 40.694351516565192 ], [ -73.995775710333206, 40.700148907229938 ] ] } },
{ "type": "Feature", "properties": { "park_i": "B223DB", "park_j": "B223F", "n_settings": 8, "share": 0.5, "A_800": 6.3, "A_1600": 6.3, "A_3200": 6.3, "D_net_m": 696.59998, "name_i": "Brooklyn Heights Promenade", "name_j": "Squibb Park", "D_euc_m": 777.9, "within_walk_limit": true, "same_group": true }, "geometry": { "type": "LineString", "coordinates": [ [ -73.998751087687211, 40.694351516565192 ], [ -73.995473791453875, 40.700899444040793 ] ] } },
{ "type": "Feature", "properties": { "park_i": "B223DB", "park_j": "B431", "n_settings": 2, "share": 0.125, "A_800": 0.3, "A_1600": 0.3, "A_3200": 0.3, "D_net_m": 30.4, "name_i": "Brooklyn Heights Promenade", "name_j": "Brooklyn Bridge Park", "D_euc_m": 320.7, "within_walk_limit": true, "same_group": false }, "geometry": { "type": "LineString", "coordinates": [ [ -73.998751087687211, 40.694351516565192 ], [ -74.002178874996503, 40.693111066630301 ] ] } },
{ "type": "Feature", "properties": { "park_i": "B223DC", "park_j": "B223DE", "n_settings": 2, "share": 0.125, "A_800": 1.4, "A_1600": 1.4, "A_3200": 1.4, "D_net_m": 137.10001, "name_i": "Brooklyn Heights Promenade", "name_j": "Brooklyn Heights Promenade", "D_euc_m": 115.6, "within_walk_limit": true, "same_group": false }, "geometry": { "type": "LineString", "coordinates": [ [ -73.998532292219522, 40.694874053208665 ], [ -73.99776449230859, 40.695735964191122 ] ] } },
{ "type": "Feature", "properties": { "park_i": "B223DC", "park_j": "B223DF", "n_settings": 2, "share": 0.125, "A_800": 1.4, "A_1600": 1.4, "A_3200": 1.4, "D_net_m": 185.89999, "name_i": "Brooklyn Heights Promenade", "name_j": "Brooklyn Heights Promenade", "D_euc_m": 131.3, "within_walk_limit": true, "same_group": false }, "geometry": { "type": "LineString", "coordinates": [ [ -73.998532292219522, 40.694874053208665 ], [ -73.997935630661914, 40.695966393256683 ] ] } },
{ "type": "Feature", "properties": { "park_i": "B223DC", "park_j": "B223DG", "n_settings": 8, "share": 0.5, "A_800": 1.6, "A_1600": 1.6, "A_3200": 1.6, "D_net_m": 354.39999, "name_i": "Brooklyn Heights Promenade", "name_j": "Brooklyn Heights Promenade", "D_euc_m": 311.1, "within_walk_limit": true, "same_group": true }, "geometry": { "type": "LineString", "coordinates": [ [ -73.998532292219522, 40.694874053208665 ], [ -73.997234562183124, 40.697496138997451 ] ] } },
{ "type": "Feature", "properties": { "park_i": "B223DC", "park_j": "B223DH", "n_settings": 8, "share": 0.5, "A_800": 5.5, "A_1600": 5.5, "A_3200": 5.5, "D_net_m": 553.79999, "name_i": "Brooklyn Heights Promenade", "name_j": "Brooklyn Heights Promenade", "D_euc_m": 468.8, "within_walk_limit": true, "same_group": true }, "geometry": { "type": "LineString", "coordinates": [ [ -73.998532292219522, 40.694874053208665 ], [ -73.996594714779491, 40.698831262258075 ] ] } },
{ "type": "Feature", "properties": { "park_i": "B223DC", "park_j": "B223DI", "n_settings": 8, "share": 0.5, "A_800": 5.5, "A_1600": 5.5, "A_3200": 5.5, "D_net_m": 553.79999, "name_i": "Brooklyn Heights Promenade", "name_j": "Brooklyn Heights Promenade", "D_euc_m": 505.1, "within_walk_limit": true, "same_group": true }, "geometry": { "type": "LineString", "coordinates": [ [ -73.998532292219522, 40.694874053208665 ], [ -73.996274164395999, 40.699086640827531 ] ] } },
{ "type": "Feature", "properties": { "park_i": "B223DC", "park_j": "B223DJ", "n_settings": 10, "share": 0.625, "A_800": 5.5, "A_1600": 5.5, "A_3200": 5.5, "D_net_m": 553.79999, "name_i": "Brooklyn Heights Promenade", "name_j": "Brooklyn Heights Promenade", "D_euc_m": 539.5, "within_walk_limit": true, "same_group": true }, "geometry": { "type": "LineString", "coordinates": [ [ -73.998532292219522, 40.694874053208665 ], [ -73.9963165364681, 40.69943205303575 ] ] } },
{ "type": "Feature", "properties": { "park_i": "B223DC", "park_j": "B223DK", "n_settings": 2, "share": 0.125, "A_800": 1.4, "A_1600": 1.4, "A_3200": 1.4, "D_net_m": 80.400002, "name_i": "Brooklyn Heights Promenade", "name_j": "Brooklyn Heights Promenade", "D_euc_m": 341.3, "within_walk_limit": true, "same_group": false }, "geometry": { "type": "LineString", "coordinates": [ [ -73.998532292219522, 40.694874053208665 ], [ -73.997198108840379, 40.697776370052324 ] ] } },
{ "type": "Feature", "properties": { "park_i": "B223DC", "park_j": "B223E", "n_settings": 8, "share": 0.5, "A_800": 6.0, "A_1600": 6.0, "A_3200": 6.0, "D_net_m": 624.59998, "name_i": "Brooklyn Heights Promenade", "name_j": "Fruit Street Sitting Area", "D_euc_m": 630.2, "within_walk_limit": true, "same_group": true }, "geometry": { "type": "LineString", "coordinates": [ [ -73.998532292219522, 40.694874053208665 ], [ -73.995775710333206, 40.700148907229938 ] ] } },
{ "type": "Feature", "properties": { "park_i": "B223DC", "park_j": "B223F", "n_settings": 8, "share": 0.5, "A_800": 6.3, "A_1600": 6.3, "A_3200": 6.3, "D_net_m": 696.59998, "name_i": "Brooklyn Heights Promenade", "name_j": "Squibb Park", "D_euc_m": 717.1, "within_walk_limit": true, "same_group": true }, "geometry": { "type": "LineString", "coordinates": [ [ -73.998532292219522, 40.694874053208665 ], [ -73.995473791453875, 40.700899444040793 ] ] } },
{ "type": "Feature", "properties": { "park_i": "B223DC", "park_j": "B431", "n_settings": 2, "share": 0.125, "A_800": 0.9, "A_1600": 0.9, "A_3200": 0.9, "D_net_m": 92.900002, "name_i": "Brooklyn Heights Promenade", "name_j": "Brooklyn Bridge Park", "D_euc_m": 365.0, "within_walk_limit": true, "same_group": false }, "geometry": { "type": "LineString", "coordinates": [ [ -73.998532292219522, 40.694874053208665 ], [ -74.002178874996503, 40.693111066630301 ] ] } },
{ "type": "Feature", "properties": { "park_i": "B223DD", "park_j": "B223DJ", "n_settings": 2, "share": 0.125, "A_800": 4.1, "A_1600": 4.1, "A_3200": 4.1, "D_net_m": 461.39999, "name_i": "Brooklyn Heights Promenade", "name_j": "Brooklyn Heights Promenade", "D_euc_m": 470.0, "within_walk_limit": true, "same_group": false }, "geometry": { "type": "LineString", "coordinates": [ [ -73.998185533584191, 40.695444923826273 ], [ -73.9963165364681, 40.69943205303575 ] ] } },
{ "type": "Feature", "properties": { "park_i": "B223DD", "park_j": "B223F", "n_settings": 2, "share": 0.125, "A_800": 4.9, "A_1600": 4.9, "A_3200": 4.9, "D_net_m": 610.90002, "name_i": "Brooklyn Heights Promenade", "name_j": "Squibb Park", "D_euc_m": 647.4, "within_walk_limit": true, "same_group": false }, "geometry": { "type": "LineString", "coordinates": [ [ -73.998185533584191, 40.695444923826273 ], [ -73.995473791453875, 40.700899444040793 ] ] } },
{ "type": "Feature", "properties": { "park_i": "B223DE", "park_j": "B223DJ", "n_settings": 2, "share": 0.125, "A_800": 4.1, "A_1600": 4.1, "A_3200": 4.1, "D_net_m": 416.70001, "name_i": "Brooklyn Heights Promenade", "name_j": "Brooklyn Heights Promenade", "D_euc_m": 428.2, "within_walk_limit": true, "same_group": false }, "geometry": { "type": "LineString", "coordinates": [ [ -73.99776449230859, 40.695735964191122 ], [ -73.9963165364681, 40.69943205303575 ] ] } },
{ "type": "Feature", "properties": { "park_i": "B223DF", "park_j": "B223DJ", "n_settings": 2, "share": 0.125, "A_800": 4.1, "A_1600": 4.1, "A_3200": 4.1, "D_net_m": 367.89999, "name_i": "Brooklyn Heights Promenade", "name_j": "Brooklyn Heights Promenade", "D_euc_m": 408.3, "within_walk_limit": true, "same_group": false }, "geometry": { "type": "LineString", "coordinates": [ [ -73.997935630661914, 40.695966393256683 ], [ -73.9963165364681, 40.69943205303575 ] ] } },
{ "type": "Feature", "properties": { "park_i": "B223DF", "park_j": "B223F", "n_settings": 2, "share": 0.125, "A_800": 4.9, "A_1600": 4.9, "A_3200": 4.9, "D_net_m": 510.70001, "name_i": "Brooklyn Heights Promenade", "name_j": "Squibb Park", "D_euc_m": 585.8, "within_walk_limit": true, "same_group": false }, "geometry": { "type": "LineString", "coordinates": [ [ -73.997935630661914, 40.695966393256683 ], [ -73.995473791453875, 40.700899444040793 ] ] } },
{ "type": "Feature", "properties": { "park_i": "B223MA", "park_j": "B537", "n_settings": 2, "share": 0.125, "A_800": null, "A_1600": null, "A_3200": 158.3, "D_net_m": 2414.3, "name_i": "Arbor Place", "name_j": "Park", "D_euc_m": 2180.7, "within_walk_limit": false, "same_group": false }, "geometry": { "type": "LineString", "coordinates": [ [ -73.980619157013038, 40.695998923009455 ], [ -73.961814879630666, 40.682545458038639 ] ] } },
{ "type": "Feature", "properties": { "park_i": "B223PC", "park_j": "B311", "n_settings": 2, "share": 0.125, "A_800": null, "A_1600": 39.400002, "A_3200": 39.400002, "D_net_m": 1413.5, "name_i": "Strawberry Playground", "name_j": "Ten Eyck Playground", "D_euc_m": 1444.4, "within_walk_limit": false, "same_group": false }, "geometry": { "type": "LineString", "coordinates": [ [ -73.955914163647734, 40.709727833546289 ], [ -73.938847972135605, 40.708931817996792 ] ] } },
{ "type": "Feature", "properties": { "park_i": "B224", "park_j": "B323", "n_settings": 8, "share": 0.5, "A_800": null, "A_1600": null, "A_3200": 1.1, "D_net_m": 1601.1, "name_i": "P.O. Reinaldo Salgado Playground", "name_j": "Hattie Carthan Playground", "D_euc_m": 1745.0, "within_walk_limit": false, "same_group": false }, "geometry": { "type": "LineString", "coordinates": [ [ -73.925713609785376, 40.687953828828419 ], [ -73.946147519300737, 40.685689198705035 ] ] } },
{ "type": "Feature", "properties": { "park_i": "B224", "park_j": "B482", "n_settings": 2, "share": 0.125, "A_800": null, "A_1600": null, "A_3200": 2.5, "D_net_m": 2407.5, "name_i": "P.O. Reinaldo Salgado Playground", "name_j": "Madison Street Block Association", "D_euc_m": 2556.0, "within_walk_limit": false, "same_group": false }, "geometry": { "type": "LineString", "coordinates": [ [ -73.925713609785376, 40.687953828828419 ], [ -73.955492079420992, 40.683922566354646 ] ] } },
{ "type": "Feature", "properties": { "park_i": "B224", "park_j": "B502", "n_settings": 6, "share": 0.375, "A_800": null, "A_1600": null, "A_3200": 3.7, "D_net_m": 1645.7, "name_i": "P.O. Reinaldo Salgado Playground", "name_j": "Shiloh Garden", "D_euc_m": 1658.0, "within_walk_limit": false, "same_group": false }, "geometry": { "type": "LineString", "coordinates": [ [ -73.925713609785376, 40.687953828828419 ], [ -73.945211802952244, 40.686289921557901 ] ] } },
{ "type": "Feature", "properties": { "park_i": "B224", "park_j": "B546", "n_settings": 2, "share": 0.125, "A_800": null, "A_1600": 90.900002, "A_3200": 3.7, "D_net_m": 1527.7, "name_i": "P.O. Reinaldo Salgado Playground", "name_j": "The Feeding Tree", "D_euc_m": 1620.5, "within_walk_limit": false, "same_group": false }, "geometry": { "type": "LineString", "coordinates": [ [ -73.925713609785376, 40.687953828828419 ], [ -73.944710767210523, 40.6859669307619 ] ] } },
{ "type": "Feature", "properties": { "park_i": "B224A", "park_j": "B323", "n_settings": 6, "share": 0.375, "A_800": null, "A_1600": null, "A_3200": 3.6, "D_net_m": 1600.8, "name_i": "Citizens For A Better Community", "name_j": "Hattie Carthan Playground", "D_euc_m": 1661.2, "within_walk_limit": false, "same_group": false }, "geometry": { "type": "LineString", "coordinates": [ [ -73.926722016051272, 40.687981699944537 ], [ -73.946147519300737, 40.685689198705035 ] ] } },
{ "type": "Feature", "properties": { "park_i": "B224A", "park_j": "B502", "n_settings": 8, "share": 0.5, "A_800": null, "A_1600": null, "A_3200": 3.6, "D_net_m": 1600.8, "name_i": "Citizens For A Better Community", "name_j": "Shiloh Garden", "D_euc_m": 1573.8, "within_walk_limit": false, "same_group": false }, "geometry": { "type": "LineString", "coordinates": [ [ -73.926722016051272, 40.687981699944537 ], [ -73.945211802952244, 40.686289921557901 ] ] } },
{ "type": "Feature", "properties": { "park_i": "B224A", "park_j": "B546", "n_settings": 5, "share": 0.312, "A_800": null, "A_1600": 3.5, "A_3200": 3.5, "D_net_m": 1482.8, "name_i": "Citizens For A Better Community", "name_j": "The Feeding Tree", "D_euc_m": 1536.5, "within_walk_limit": false, "same_group": false }, "geometry": { "type": "LineString", "coordinates": [ [ -73.926722016051272, 40.687981699944537 ], [ -73.944710767210523, 40.6859669307619 ] ] } },
{ "type": "Feature", "properties": { "park_i": "B227", "park_j": "B513", "n_settings": 2, "share": 0.125, "A_800": 4.5, "A_1600": 4.5, "A_3200": 4.5, "D_net_m": 596.09998, "name_i": "P.S. 125 Playground", "name_j": "United Community Centers Youth Farm", "D_euc_m": 613.4, "within_walk_limit": true, "same_group": false }, "geometry": { "type": "LineString", "coordinates": [ [ -73.90906805471495, 40.665146817536993 ], [ -73.907875975078369, 40.659696165226286 ] ] } },
{ "type": "Feature", "properties": { "park_i": "B228", "park_j": "B442", "n_settings": 2, "share": 0.125, "A_800": null, "A_1600": 26.5, "A_3200": 26.5, "D_net_m": 1204.6, "name_i": "Dr. Green Playground", "name_j": "Ps 149 Artsy Bloom Community Garden", "D_euc_m": 1281.3, "within_walk_limit": false, "same_group": false }, "geometry": { "type": "LineString", "coordinates": [ [ -73.906861043436749, 40.6671483121794 ], [ -73.892080368900409, 40.669705161319207 ] ] } },
{ "type": "Feature", "properties": { "park_i": "B228", "park_j": "B477", "n_settings": 4, "share": 0.25, "A_800": null, "A_1600": null, "A_3200": 28.1, "D_net_m": 1748.8, "name_i": "Dr. Green Playground", "name_j": "Jerome Gardens", "D_euc_m": 1820.1, "within_walk_limit": false, "same_group": false }, "geometry": { "type": "LineString", "coordinates": [ [ -73.906861043436749, 40.6671483121794 ], [ -73.885824239573083, 40.670643759503726 ] ] } },
{ "type": "Feature", "properties": { "park_i": "B228", "park_j": "B558", "n_settings": 4, "share": 0.25, "A_800": null, "A_1600": null, "A_3200": 29.3, "D_net_m": 2105.8999, "name_i": "Dr. Green Playground", "name_j": "Linwood Street Garden (Pagan's Garden)", "D_euc_m": 2147.1, "within_walk_limit": false, "same_group": false }, "geometry": { "type": "LineString", "coordinates": [ [ -73.906861043436749, 40.6671483121794 ], [ -73.882005999796505, 40.671134407636671 ] ] } },
{ "type": "Feature", "properties": { "park_i": "B232", "park_j": "B456", "n_settings": 2, "share": 0.125, "A_800": null, "A_1600": null, "A_3200": 1.4, "D_net_m": 1614.8, "name_i": "Dean Playground", "name_j": "Walt L Shemal Garden", "D_euc_m": 1692.5, "within_walk_limit": false, "same_group": false }, "geometry": { "type": "LineString", "coordinates": [ [ -73.973153212394067, 40.680870658508844 ], [ -73.953644198815596, 40.677429252727855 ] ] } },
{ "type": "Feature", "properties": { "park_i": "B237", "park_j": "B473", "n_settings": 3, "share": 0.188, "A_800": null, "A_1600": 0.5, "A_3200": 0.5, "D_net_m": 959.5, "name_i": "John Hancock Playground", "name_j": "Hancock T and T", "D_euc_m": 950.5, "within_walk_limit": false, "same_group": false }, "geometry": { "type": "LineString", "coordinates": [ [ -73.95426679879364, 40.682393653653364 ], [ -73.943058877213147, 40.683104171208605 ] ] } },
{ "type": "Feature", "properties": { "park_i": "B237", "park_j": "B549", "n_settings": 2, "share": 0.125, "A_800": 8.7, "A_1600": 8.7, "A_3200": 8.7, "D_net_m": 781.59998, "name_i": "John Hancock Playground", "name_j": "Whole Neighborhood Garden", "D_euc_m": 823.0, "within_walk_limit": true, "same_group": false }, "geometry": { "type": "LineString", "coordinates": [ [ -73.95426679879364, 40.682393653653364 ], [ -73.95486789005669, 40.689792639211348 ] ] } },
{ "type": "Feature", "properties": { "park_i": "B244", "park_j": "B372", "n_settings": 2, "share": 0.125, "A_800": null, "A_1600": null, "A_3200": 25.200001, "D_net_m": 1952.0, "name_i": "McDonald Playground", "name_j": "Friends Field", "D_euc_m": 2015.8, "within_walk_limit": false, "same_group": false }, "geometry": { "type": "LineString", "coordinates": [ [ -73.972107218406421, 40.600608364411897 ], [ -73.973283810311443, 40.618744221012797 ] ] } },
{ "type": "Feature", "properties": { "park_i": "B250", "park_j": "B287", "n_settings": 1, "share": 0.062, "A_800": null, "A_1600": null, "A_3200": 18.4, "D_net_m": 1641.2, "name_i": "Nostrand Playground", "name_j": "Andries Playground", "D_euc_m": 1660.9, "within_walk_limit": false, "same_group": false }, "geometry": { "type": "LineString", "coordinates": [ [ -73.946836166263836, 40.637821419282027 ], [ -73.946460965215877, 40.622863307433818 ] ] } },
{ "type": "Feature", "properties": { "park_i": "B253", "park_j": "B295", "n_settings": 2, "share": 0.125, "A_800": null, "A_1600": 84.0, "A_3200": 84.0, "D_net_m": 975.40002, "name_i": "Albert L. Parham Playground", "name_j": "Oxport Playground", "D_euc_m": 912.5, "within_walk_limit": false, "same_group": false }, "geometry": { "type": "LineString", "coordinates": [ [ -73.970794629142006, 40.690279026883132 ], [ -73.976296139445125, 40.697351747316141 ] ] } },
{ "type": "Feature", "properties": { "park_i": "B253", "park_j": "B300", "n_settings": 12, "share": 0.75, "A_800": 0.2, "A_1600": 0.2, "A_3200": 0.2, "D_net_m": 345.89999, "name_i": "Albert L. Parham Playground", "name_j": "Oracle Playground", "D_euc_m": 403.9, "within_walk_limit": true, "same_group": true }, "geometry": { "type": "LineString", "coordinates": [ [ -73.970794629142006, 40.690279026883132 ], [ -73.971510366170946, 40.693875936800175 ] ] } },
{ "type": "Feature", "properties": { "park_i": "B254", "park_j": "B267", "n_settings": 1, "share": 0.062, "A_800": 20.0, "A_1600": 20.0, "A_3200": 20.0, "D_net_m": 736.79999, "name_i": "Wingate Park", "name_j": "Winthrop Playground", "D_euc_m": 920.5, "within_walk_limit": true, "same_group": false }, "geometry": { "type": "LineString", "coordinates": [ [ -73.944048015613674, 40.658710217772061 ], [ -73.954522552764388, 40.656445967746613 ] ] } },
{ "type": "Feature", "properties": { "park_i": "B255G", "park_j": "B255I", "n_settings": 1, "share": 0.062, "A_800": null, "A_1600": 103.5, "A_3200": 103.5, "D_net_m": 859.70001, "name_i": "Butterfly Gardens", "name_j": "Park", "D_euc_m": 956.3, "within_walk_limit": false, "same_group": false }, "geometry": { "type": "LineString", "coordinates": [ [ -73.986488321887165, 40.660240031215693 ], [ -73.978104410220126, 40.654457435525273 ] ] } },
{ "type": "Feature", "properties": { "park_i": "B260", "park_j": "B377", "n_settings": 2, "share": 0.125, "A_800": null, "A_1600": 62.599998, "A_3200": 62.599998, "D_net_m": 1117.5, "name_i": "Howard Playground", "name_j": "Floyd Patterson Ballfields", "D_euc_m": 1256.8, "within_walk_limit": false, "same_group": false }, "geometry": { "type": "LineString", "coordinates": [ [ -73.908205257202653, 40.671754288748126 ], [ -73.904087134830533, 40.660876606900999 ] ] } },
{ "type": "Feature", "properties": { "park_i": "B260", "park_j": "B396", "n_settings": 1, "share": 0.062, "A_800": null, "A_1600": 62.599998, "A_3200": 62.599998, "D_net_m": 943.70001, "name_i": "Howard Playground", "name_j": "Nehemiah Park", "D_euc_m": 1095.0, "within_walk_limit": false, "same_group": false }, "geometry": { "type": "LineString", "coordinates": [ [ -73.908205257202653, 40.671754288748126 ], [ -73.905620863037626, 40.662088895612214 ] ] } },
{ "type": "Feature", "properties": { "park_i": "B260", "park_j": "B417", "n_settings": 3, "share": 0.188, "A_800": null, "A_1600": null, "A_3200": 18.6, "D_net_m": 1894.3, "name_i": "Howard Playground", "name_j": "PS 4K PARADISE GARDEN", "D_euc_m": 1995.8, "within_walk_limit": false, "same_group": false }, "geometry": { "type": "LineString", "coordinates": [ [ -73.908205257202653, 40.671754288748126 ], [ -73.884902827389496, 40.67465449156095 ] ] } },
{ "type": "Feature", "properties": { "park_i": "B260", "park_j": "B450", "n_settings": 4, "share": 0.25, "A_800": null, "A_1600": 18.1, "A_3200": 18.1, "D_net_m": 1556.7, "name_i": "Howard Playground", "name_j": "Clara's Garden", "D_euc_m": 1639.6, "within_walk_limit": false, "same_group": false }, "geometry": { "type": "LineString", "coordinates": [ [ -73.908205257202653, 40.671754288748126 ], [ -73.889119004752189, 40.674389770345094 ] ] } },
{ "type": "Feature", "properties": { "park_i": "B260", "park_j": "B452", "n_settings": 5, "share": 0.312, "A_800": null, "A_1600": null, "A_3200": 18.3, "D_net_m": 1670.5, "name_i": "Howard Playground", "name_j": "Concerned Residents of Barbey Street", "D_euc_m": 1750.1, "within_walk_limit": false, "same_group": false }, "geometry": { "type": "LineString", "coordinates": [ [ -73.908205257202653, 40.671754288748126 ], [ -73.887749266068923, 40.674191125918938 ] ] } },
{ "type": "Feature", "properties": { "park_i": "B260", "park_j": "B458", "n_settings": 4, "share": 0.25, "A_800": null, "A_1600": 17.5, "A_3200": 17.5, "D_net_m": 1437.1, "name_i": "Howard Playground", "name_j": "East End Community Garden", "D_euc_m": 1490.3, "within_walk_limit": false, "same_group": false }, "geometry": { "type": "LineString", "coordinates": [ [ -73.908205257202653, 40.671754288748126 ], [ -73.890756302987683, 40.673683202048963 ] ] } },
{ "type": "Feature", "properties": { "park_i": "B260", "park_j": "B468", "n_settings": 4, "share": 0.25, "A_800": null, "A_1600": 17.9, "A_3200": 17.9, "D_net_m": 1479.4, "name_i": "Howard Playground", "name_j": "Escape To Nature", "D_euc_m": 1571.2, "within_walk_limit": false, "same_group": false }, "geometry": { "type": "LineString", "coordinates": [ [ -73.908205257202653, 40.671754288748126 ], [ -73.889906836078026, 40.674245776066847 ] ] } },
{ "type": "Feature", "properties": { "park_i": "B260", "park_j": "B475", "n_settings": 4, "share": 0.25, "A_800": null, "A_1600": 18.200001, "A_3200": 18.200001, "D_net_m": 1592.5, "name_i": "Howard Playground", "name_j": "Herbal Garden of East NY", "D_euc_m": 1685.0, "within_walk_limit": false, "same_group": false }, "geometry": { "type": "LineString", "coordinates": [ [ -73.908205257202653, 40.671754288748126 ], [ -73.888509779538154, 40.674102084970308 ] ] } },
{ "type": "Feature", "properties": { "park_i": "B260", "park_j": "B522", "n_settings": 5, "share": 0.312, "A_800": null, "A_1600": null, "A_3200": 18.4, "D_net_m": 1711.8, "name_i": "Howard Playground", "name_j": "Jerome-Glenmore Cornerstone Community Garden", "D_euc_m": 1799.9, "within_walk_limit": false, "same_group": false }, "geometry": { "type": "LineString", "coordinates": [ [ -73.908205257202653, 40.671754288748126 ], [ -73.887170016875288, 40.674276924855768 ] ] } },
{ "type": "Feature", "properties": { "park_i": "B260A", "park_j": "B554", "n_settings": 2, "share": 0.125, "A_800": null, "A_1600": 84.800003, "A_3200": 84.800003, "D_net_m": 1086.3, "name_i": "Howard Pool", "name_j": "Brownsville Green", "D_euc_m": 1130.4, "within_walk_limit": false, "same_group": false }, "geometry": { "type": "LineString", "coordinates": [ [ -73.908960560207362, 40.672790420567381 ], [ -73.921218050588067, 40.668718285256539 ] ] } },
{ "type": "Feature", "properties": { "park_i": "B261", "park_j": "B383", "n_settings": 1, "share": 0.062, "A_800": null, "A_1600": 10.9, "A_3200": 10.9, "D_net_m": 867.79999, "name_i": "Sankofa Park", "name_j": "Success Garden", "D_euc_m": 974.3, "within_walk_limit": false, "same_group": false }, "geometry": { "type": "LineString", "coordinates": [ [ -73.886160637023394, 40.665629795806872 ], [ -73.897647552004372, 40.664911689590816 ] ] } },
{ "type": "Feature", "properties": { "park_i": "B261", "park_j": "B450", "n_settings": 2, "share": 0.125, "A_800": null, "A_1600": 1.0, "A_3200": 1.0, "D_net_m": 942.0, "name_i": "Sankofa Park", "name_j": "Clara's Garden", "D_euc_m": 1004.1, "within_walk_limit": false, "same_group": false }, "geometry": { "type": "LineString", "coordinates": [ [ -73.886160637023394, 40.665629795806872 ], [ -73.889119004752189, 40.674389770345094 ] ] } },
{ "type": "Feature", "properties": { "park_i": "B261", "park_j": "B452", "n_settings": 3, "share": 0.188, "A_800": null, "A_1600": 0.6, "A_3200": 0.6, "D_net_m": 875.59998, "name_i": "Sankofa Park", "name_j": "Concerned Residents of Barbey Street", "D_euc_m": 959.9, "within_walk_limit": false, "same_group": false }, "geometry": { "type": "LineString", "coordinates": [ [ -73.886160637023394, 40.665629795806872 ], [ -73.887749266068923, 40.674191125918938 ] ] } },
{ "type": "Feature", "properties": { "park_i": "B261", "park_j": "B475", "n_settings": 2, "share": 0.125, "A_800": null, "A_1600": 1.0, "A_3200": 1.0, "D_net_m": 875.5, "name_i": "Sankofa Park", "name_j": "Herbal Garden of East NY", "D_euc_m": 961.3, "within_walk_limit": false, "same_group": false }, "geometry": { "type": "LineString", "coordinates": [ [ -73.886160637023394, 40.665629795806872 ], [ -73.888509779538154, 40.674102084970308 ] ] } },
{ "type": "Feature", "properties": { "park_i": "B261", "park_j": "B478", "n_settings": 4, "share": 0.25, "A_800": 0.9, "A_1600": 0.9, "A_3200": 0.9, "D_net_m": 729.90002, "name_i": "Sankofa Park", "name_j": "Jerry and The Senior Gents", "D_euc_m": 762.5, "within_walk_limit": true, "same_group": false }, "geometry": { "type": "LineString", "coordinates": [ [ -73.886160637023394, 40.665629795806872 ], [ -73.888065116830077, 40.672343780965193 ] ] } },
{ "type": "Feature", "properties": { "park_i": "B261", "park_j": "B521", "n_settings": 6, "share": 0.375, "A_800": null, "A_1600": 0.6, "A_3200": 0.6, "D_net_m": 875.59998, "name_i": "Sankofa Park", "name_j": "Oriental Garden", "D_euc_m": 908.8, "within_walk_limit": false, "same_group": false }, "geometry": { "type": "LineString", "coordinates": [ [ -73.886160637023394, 40.665629795806872 ], [ -73.887449156708442, 40.673757309074659 ] ] } },
{ "type": "Feature", "properties": { "park_i": "B262", "park_j": "B348", "n_settings": 1, "share": 0.062, "A_800": null, "A_1600": 6.2, "A_3200": 6.2, "D_net_m": 1307.8, "name_i": "Potomac Playground", "name_j": "Willoughby Playground", "D_euc_m": 1386.0, "within_walk_limit": false, "same_group": false }, "geometry": { "type": "LineString", "coordinates": [ [ -73.944303667636149, 40.682067528958591 ], [ -73.946724746213079, 40.69441594943568 ] ] } },
{ "type": "Feature", "properties": { "park_i": "B262", "park_j": "B439", "n_settings": 2, "share": 0.125, "A_800": null, "A_1600": 6.2, "A_3200": 6.2, "D_net_m": 1307.8, "name_i": "Potomac Playground", "name_j": "All People's Church of the Apostolic Faith Community Garden", "D_euc_m": 1374.8, "within_walk_limit": false, "same_group": false }, "geometry": { "type": "LineString", "coordinates": [ [ -73.944303667636149, 40.682067528958591 ], [ -73.945840743690752, 40.694396324928796 ] ] } },
{ "type": "Feature", "properties": { "park_i": "B262", "park_j": "B538", "n_settings": 5, "share": 0.312, "A_800": null, "A_1600": null, "A_3200": 17.3, "D_net_m": 1619.5, "name_i": "Potomac Playground", "name_j": "Welcome Home Garden", "D_euc_m": 1634.7, "within_walk_limit": false, "same_group": false }, "geometry": { "type": "LineString", "coordinates": [ [ -73.944303667636149, 40.682067528958591 ], [ -73.925310935754865, 40.684859560502602 ] ] } },
{ "type": "Feature", "properties": { "park_i": "B262", "park_j": "B574", "n_settings": 3, "share": 0.188, "A_800": null, "A_1600": null, "A_3200": 17.6, "D_net_m": 1755.8, "name_i": "Potomac Playground", "name_j": "Halsey Ralph & Howard Community Garden", "D_euc_m": 1832.3, "within_walk_limit": false, "same_group": false }, "geometry": { "type": "LineString", "coordinates": [ [ -73.944303667636149, 40.682067528958591 ], [ -73.922900133394833, 40.684699237176652 ] ] } },
{ "type": "Feature", "properties": { "park_i": "B269", "park_j": "B293", "n_settings": 2, "share": 0.125, "A_800": null, "A_1600": null, "A_3200": 7.8, "D_net_m": 2365.3, "name_i": "Jesse Owens Playground", "name_j": "Classon Playground", "D_euc_m": 2389.6, "within_walk_limit": false, "same_group": false }, "geometry": { "type": "LineString", "coordinates": [ [ -73.932404060585142, 40.691314228582705 ], [ -73.960568491904525, 40.68938589339762 ] ] } },
{ "type": "Feature", "properties": { "park_i": "B269", "park_j": "B317", "n_settings": 2, "share": 0.125, "A_800": null, "A_1600": null, "A_3200": 6.5, "D_net_m": 2125.5, "name_i": "Jesse Owens Playground", "name_j": "Lafayette Gardens Playground", "D_euc_m": 2131.4, "within_walk_limit": false, "same_group": false }, "geometry": { "type": "LineString", "coordinates": [ [ -73.932404060585142, 40.691314228582705 ], [ -73.957548626765686, 40.689805335285506 ] ] } },
{ "type": "Feature", "properties": { "park_i": "B269", "park_j": "B400", "n_settings": 2, "share": 0.125, "A_800": null, "A_1600": 0.6, "A_3200": 0.6, "D_net_m": 1346.4, "name_i": "Jesse Owens Playground", "name_j": "Hattie Carthan Community Garden", "D_euc_m": 1373.0, "within_walk_limit": false, "same_group": false }, "geometry": { "type": "LineString", "coordinates": [ [ -73.932404060585142, 40.691314228582705 ], [ -73.948549432328463, 40.689925318953797 ] ] } },
{ "type": "Feature", "properties": { "park_i": "B273", "park_j": "B287", "n_settings": 2, "share": 0.125, "A_800": null, "A_1600": 15.1, "A_3200": 15.1, "D_net_m": 1117.8, "name_i": "Aimee Triangle", "name_j": "Andries Playground", "D_euc_m": 1111.0, "within_walk_limit": false, "same_group": false }, "geometry": { "type": "LineString", "coordinates": [ [ -73.944015110220235, 40.613030739908602 ], [ -73.946460965215877, 40.622863307433818 ] ] } },
{ "type": "Feature", "properties": { "park_i": "B277", "park_j": "B349", "n_settings": 2, "share": 0.125, "A_800": null, "A_1600": 18.1, "A_3200": 18.1, "D_net_m": 1040.2, "name_i": "Benson Playground", "name_j": "Bath Playground", "D_euc_m": 1145.8, "within_walk_limit": false, "same_group": false }, "geometry": { "type": "LineString", "coordinates": [ [ -74.002199893822379, 40.602446023266666 ], [ -73.993116152486451, 40.594791629528729 ] ] } },
{ "type": "Feature", "properties": { "park_i": "B290", "park_j": "B450", "n_settings": 2, "share": 0.125, "A_800": null, "A_1600": null, "A_3200": 15.8, "D_net_m": 2042.1, "name_i": "Public Place", "name_j": "Clara's Garden", "D_euc_m": 2074.7, "within_walk_limit": false, "same_group": false }, "geometry": { "type": "LineString", "coordinates": [ [ -73.865125267554404, 40.678335351530606 ], [ -73.889119004752189, 40.674389770345094 ] ] } },
{ "type": "Feature", "properties": { "park_i": "B290", "park_j": "B452", "n_settings": 2, "share": 0.125, "A_800": null, "A_1600": null, "A_3200": 15.5, "D_net_m": 1929.8, "name_i": "Public Place", "name_j": "Concerned Residents of Barbey Street", "D_euc_m": 1966.8, "within_walk_limit": false, "same_group": false }, "geometry": { "type": "LineString", "coordinates": [ [ -73.865125267554404, 40.678335351530606 ], [ -73.887749266068923, 40.674191125918938 ] ] } },
{ "type": "Feature", "properties": { "park_i": "B290", "park_j": "B475", "n_settings": 2, "share": 0.125, "A_800": null, "A_1600": null, "A_3200": 15.7, "D_net_m": 2006.6, "name_i": "Public Place", "name_j": "Herbal Garden of East NY", "D_euc_m": 2031.6, "within_walk_limit": false, "same_group": false }, "geometry": { "type": "LineString", "coordinates": [ [ -73.865125267554404, 40.678335351530606 ], [ -73.888509779538154, 40.674102084970308 ] ] } },
{ "type": "Feature", "properties": { "park_i": "B290", "park_j": "B522", "n_settings": 1, "share": 0.062, "A_800": null, "A_1600": null, "A_3200": 15.5, "D_net_m": 1888.7, "name_i": "Public Place", "name_j": "Jerome-Glenmore Cornerstone Community Garden", "D_euc_m": 1916.9, "within_walk_limit": false, "same_group": false }, "geometry": { "type": "LineString", "coordinates": [ [ -73.865125267554404, 40.678335351530606 ], [ -73.887170016875288, 40.674276924855768 ] ] } },
{ "type": "Feature", "properties": { "park_i": "B292", "park_j": "B430", "n_settings": 2, "share": 0.125, "A_800": null, "A_1600": null, "A_3200": 74.599998, "D_net_m": 2048.8, "name_i": "Pratt Playground", "name_j": "Lewis Playground", "D_euc_m": 2104.9, "within_walk_limit": false, "same_group": false }, "geometry": { "type": "LineString", "coordinates": [ [ -73.962525836620259, 40.692636513969667 ], [ -73.937882716551599, 40.695407219310781 ] ] } },
{ "type": "Feature", "properties": { "park_i": "B292", "park_j": "B439", "n_settings": 2, "share": 0.125, "A_800": null, "A_1600": 69.400002, "A_3200": 69.400002, "D_net_m": 1357.5, "name_i": "Pratt Playground", "name_j": "All People's Church of the Apostolic Faith Community Garden", "D_euc_m": 1423.3, "within_walk_limit": false, "same_group": false }, "geometry": { "type": "LineString", "coordinates": [ [ -73.962525836620259, 40.692636513969667 ], [ -73.945840743690752, 40.694396324928796 ] ] } },
{ "type": "Feature", "properties": { "park_i": "B292", "park_j": "B576", "n_settings": 2, "share": 0.125, "A_800": null, "A_1600": null, "A_3200": 69.900002, "D_net_m": 1600.2, "name_i": "Pratt Playground", "name_j": "Tranquility Farm (Willoughby Ave. Garden)", "D_euc_m": 1659.8, "within_walk_limit": false, "same_group": false }, "geometry": { "type": "LineString", "coordinates": [ [ -73.962525836620259, 40.692636513969667 ], [ -73.943095869488218, 40.694831097707421 ] ] } },
{ "type": "Feature", "properties": { "park_i": "B294", "park_j": "B500", "n_settings": 4, "share": 0.25, "A_800": null, "A_1600": 19.5, "A_3200": 19.5, "D_net_m": 979.5, "name_i": "Jackie Robinson Park Playground", "name_j": "Patrick Van Doren Pocket Park", "D_euc_m": 1042.4, "within_walk_limit": false, "same_group": false }, "geometry": { "type": "LineString", "coordinates": [ [ -73.927794695324522, 40.680217701246143 ], [ -73.930071567017734, 40.689445965258457 ] ] } },
{ "type": "Feature", "properties": { "park_i": "B304", "park_j": "B404", "n_settings": 8, "share": 0.5, "A_800": 1.9, "A_1600": 1.9, "A_3200": 1.9, "D_net_m": 696.09998, "name_i": "Kennedy King Playground", "name_j": "East Flatbush Children's Playground", "D_euc_m": 660.4, "within_walk_limit": true, "same_group": true }, "geometry": { "type": "LineString", "coordinates": [ [ -73.922032596779331, 40.658595694337876 ], [ -73.926988893743854, 40.663193856421501 ] ] } },
{ "type": "Feature", "properties": { "park_i": "B311", "park_j": "B550", "n_settings": 2, "share": 0.125, "A_800": null, "A_1600": 36.200001, "A_3200": 36.200001, "D_net_m": 1344.9, "name_i": "Ten Eyck Playground", "name_j": "Keap Fourth Community Garden", "D_euc_m": 1347.1, "within_walk_limit": false, "same_group": false }, "geometry": { "type": "LineString", "coordinates": [ [ -73.938847972135605, 40.708931817996792 ], [ -73.95479155834802, 40.709132063124429 ] ] } },
{ "type": "Feature", "properties": { "park_i": "B317", "park_j": "B592", "n_settings": 1, "share": 0.062, "A_800": null, "A_1600": null, "A_3200": 13.2, "D_net_m": 1606.8, "name_i": "Lafayette Gardens Playground", "name_j": "Betty Carter Park", "D_euc_m": 1683.0, "within_walk_limit": false, "same_group": false }, "geometry": { "type": "LineString", "coordinates": [ [ -73.957548626765686, 40.689805335285506 ], [ -73.977176934270247, 40.687236312182392 ] ] } },
{ "type": "Feature", "properties": { "park_i": "B322", "park_j": "B441", "n_settings": 2, "share": 0.125, "A_800": 1.1, "A_1600": 1.1, "A_3200": 1.1, "D_net_m": 484.20001, "name_i": "Pulaski Playground", "name_j": "American Heart", "D_euc_m": 424.1, "within_walk_limit": true, "same_group": false }, "geometry": { "type": "LineString", "coordinates": [ [ -73.941710622602088, 40.693678133830389 ], [ -73.946686458995657, 40.693178938560962 ] ] } },
{ "type": "Feature", "properties": { "park_i": "B322", "park_j": "B474", "n_settings": 2, "share": 0.125, "A_800": 1.1, "A_1600": 1.1, "A_3200": 1.1, "D_net_m": 484.20001, "name_i": "Pulaski Playground", "name_j": "Hart to Hart", "D_euc_m": 475.6, "within_walk_limit": true, "same_group": false }, "geometry": { "type": "LineString", "coordinates": [ [ -73.941710622602088, 40.693678133830389 ], [ -73.947288967237085, 40.693109742865218 ] ] } },
{ "type": "Feature", "properties": { "park_i": "B323", "park_j": "B482", "n_settings": 3, "share": 0.188, "A_800": null, "A_1600": 1.4, "A_3200": 1.4, "D_net_m": 806.40002, "name_i": "Hattie Carthan Playground", "name_j": "Madison Street Block Association", "D_euc_m": 813.7, "within_walk_limit": false, "same_group": false }, "geometry": { "type": "LineString", "coordinates": [ [ -73.946147519300737, 40.685689198705035 ], [ -73.955492079420992, 40.683922566354646 ] ] } },
{ "type": "Feature", "properties": { "park_i": "B323", "park_j": "B499", "n_settings": 6, "share": 0.375, "A_800": null, "A_1600": null, "A_3200": 1.4, "D_net_m": 1998.7, "name_i": "Hattie Carthan Playground", "name_j": "Madison Community Greenthumb", "D_euc_m": 2064.6, "within_walk_limit": false, "same_group": false }, "geometry": { "type": "LineString", "coordinates": [ [ -73.946147519300737, 40.685689198705035 ], [ -73.921871792019161, 40.687785928940976 ] ] } },
{ "type": "Feature", "properties": { "park_i": "B325", "park_j": "B507", "n_settings": 4, "share": 0.25, "A_800": null, "A_1600": 5.7, "A_3200": 5.7, "D_net_m": 1177.2, "name_i": "Fish Playground", "name_j": "A Better Community Garden", "D_euc_m": 1177.5, "within_walk_limit": false, "same_group": false }, "geometry": { "type": "LineString", "coordinates": [ [ -73.914184084604202, 40.678100426792668 ], [ -73.928115407592244, 40.678039646457776 ] ] } },
{ "type": "Feature", "properties": { "park_i": "B325", "park_j": "B532", "n_settings": 5, "share": 0.312, "A_800": null, "A_1600": 3.0, "A_3200": 3.0, "D_net_m": 1052.7, "name_i": "Fish Playground", "name_j": "F.A.R.R. Community Garden", "D_euc_m": 1052.9, "within_walk_limit": false, "same_group": false }, "geometry": { "type": "LineString", "coordinates": [ [ -73.914184084604202, 40.678100426792668 ], [ -73.926640982894114, 40.678193595059071 ] ] } },
{ "type": "Feature", "properties": { "park_i": "B332", "park_j": "B593", "n_settings": 4, "share": 0.25, "A_800": null, "A_1600": 51.400002, "A_3200": 51.400002, "D_net_m": 1597.0, "name_i": "Evergreen Playground", "name_j": "Bed-Stuy Farm", "D_euc_m": 1428.7, "within_walk_limit": false, "same_group": false }, "geometry": { "type": "LineString", "coordinates": [ [ -73.910762043085356, 40.686089681857375 ], [ -73.926782555898924, 40.68197939414506 ] ] } },
{ "type": "Feature", "properties": { "park_i": "B335", "park_j": "B352", "n_settings": 2, "share": 0.125, "A_800": 0.3, "A_1600": 0.3, "A_3200": 0.3, "D_net_m": 602.59998, "name_i": "Bildersee Playground", "name_j": "Curtis Playground", "D_euc_m": 771.2, "within_walk_limit": true, "same_group": false }, "geometry": { "type": "LineString", "coordinates": [ [ -73.91169476316972, 40.635565061811938 ], [ -73.917424994020791, 40.64096971739513 ] ] } },
{ "type": "Feature", "properties": { "park_i": "B345", "park_j": "B402", "n_settings": 2, "share": 0.125, "A_800": null, "A_1600": null, "A_3200": 35.900002, "D_net_m": 2590.3, "name_i": "Ethan Allen Playground", "name_j": "George Walker Jr. Park", "D_euc_m": 2642.9, "within_walk_limit": false, "same_group": false }, "geometry": { "type": "LineString", "coordinates": [ [ -73.886969679722043, 40.65563296762889 ], [ -73.895113111339938, 40.678617658416691 ] ] } },
{ "type": "Feature", "properties": { "park_i": "B362", "park_j": "B601", "n_settings": 2, "share": 0.125, "A_800": 1.0, "A_1600": 1.0, "A_3200": 1.0, "D_net_m": 449.39999, "name_i": "Chester Playground", "name_j": "MHBA Living Laboratory", "D_euc_m": 496.0, "within_walk_limit": true, "same_group": false }, "geometry": { "type": "LineString", "coordinates": [ [ -73.911744955866752, 40.668648921894039 ], [ -73.910972755632315, 40.664220317943872 ] ] } },
{ "type": "Feature", "properties": { "park_i": "B363", "park_j": "B367", "n_settings": 1, "share": 0.062, "A_800": null, "A_1600": 5.8, "A_3200": 5.8, "D_net_m": 893.90002, "name_i": "Houston Playground", "name_j": "Livonia Park", "D_euc_m": 953.6, "within_walk_limit": false, "same_group": false }, "geometry": { "type": "LineString", "coordinates": [ [ -73.90507072703457, 40.672204569138032 ], [ -73.901997709467054, 40.663939303574224 ] ] } },
{ "type": "Feature", "properties": { "park_i": "B363", "park_j": "B417", "n_settings": 1, "share": 0.062, "A_800": null, "A_1600": null, "A_3200": 16.0, "D_net_m": 1644.1, "name_i": "Houston Playground", "name_j": "PS 4K PARADISE GARDEN", "D_euc_m": 1726.2, "within_walk_limit": false, "same_group": false }, "geometry": { "type": "LineString", "coordinates": [ [ -73.90507072703457, 40.672204569138032 ], [ -73.884902827389496, 40.67465449156095 ] ] } },
{ "type": "Feature", "properties": { "park_i": "B363", "park_j": "B450", "n_settings": 2, "share": 0.125, "A_800": null, "A_1600": 15.5, "A_3200": 15.5, "D_net_m": 1307.4, "name_i": "Houston Playground", "name_j": "Clara's Garden", "D_euc_m": 1370.0, "within_walk_limit": false, "same_group": false }, "geometry": { "type": "LineString", "coordinates": [ [ -73.90507072703457, 40.672204569138032 ], [ -73.889119004752189, 40.674389770345094 ] ] } },
{ "type": "Feature", "properties": { "park_i": "B363", "park_j": "B452", "n_settings": 2, "share": 0.125, "A_800": null, "A_1600": 15.6, "A_3200": 15.6, "D_net_m": 1421.1, "name_i": "Houston Playground", "name_j": "Concerned Residents of Barbey Street", "D_euc_m": 1480.6, "within_walk_limit": false, "same_group": false }, "geometry": { "type": "LineString", "coordinates": [ [ -73.90507072703457, 40.672204569138032 ], [ -73.887749266068923, 40.674191125918938 ] ] } },
{ "type": "Feature", "properties": { "park_i": "B363", "park_j": "B458", "n_settings": 2, "share": 0.125, "A_800": null, "A_1600": 14.9, "A_3200": 14.9, "D_net_m": 1187.7, "name_i": "Houston Playground", "name_j": "East End Community Garden", "D_euc_m": 1221.0, "within_walk_limit": false, "same_group": false }, "geometry": { "type": "LineString", "coordinates": [ [ -73.90507072703457, 40.672204569138032 ], [ -73.890756302987683, 40.673683202048963 ] ] } },
{ "type": "Feature", "properties": { "park_i": "B363", "park_j": "B468", "n_settings": 2, "share": 0.125, "A_800": null, "A_1600": 15.2, "A_3200": 15.2, "D_net_m": 1230.1, "name_i": "Houston Playground", "name_j": "Escape To Nature", "D_euc_m": 1301.6, "within_walk_limit": false, "same_group": false }, "geometry": { "type": "LineString", "coordinates": [ [ -73.90507072703457, 40.672204569138032 ], [ -73.889906836078026, 40.674245776066847 ] ] } },
{ "type": "Feature", "properties": { "park_i": "B363", "park_j": "B475", "n_settings": 2, "share": 0.125, "A_800": null, "A_1600": 15.5, "A_3200": 15.5, "D_net_m": 1343.1, "name_i": "Houston Playground", "name_j": "Herbal Garden of East NY", "D_euc_m": 1415.6, "within_walk_limit": false, "same_group": false }, "geometry": { "type": "LineString", "coordinates": [ [ -73.90507072703457, 40.672204569138032 ], [ -73.888509779538154, 40.674102084970308 ] ] } },
{ "type": "Feature", "properties": { "park_i": "B363", "park_j": "B486", "n_settings": 4, "share": 0.25, "A_800": null, "A_1600": 8.2, "A_3200": 8.2, "D_net_m": 1501.5, "name_i": "Houston Playground", "name_j": "Green Valley Garden", "D_euc_m": 1575.5, "within_walk_limit": false, "same_group": false }, "geometry": { "type": "LineString", "coordinates": [ [ -73.90507072703457, 40.672204569138032 ], [ -73.901681064830925, 40.658249106738793 ] ] } },
{ "type": "Feature", "properties": { "park_i": "B363", "park_j": "B516", "n_settings": 1, "share": 0.062, "A_800": null, "A_1600": 5.8, "A_3200": 5.8, "D_net_m": 941.90002, "name_i": "Houston Playground", "name_j": "Powell Street Livonia Garden", "D_euc_m": 1018.8, "within_walk_limit": false, "same_group": false }, "geometry": { "type": "LineString", "coordinates": [ [ -73.90507072703457, 40.672204569138032 ], [ -73.901845950575805, 40.66336182712147 ] ] } },
{ "type": "Feature", "properties": { "park_i": "B363", "park_j": "B522", "n_settings": 4, "share": 0.25, "A_800": null, "A_1600": 15.8, "A_3200": 15.8, "D_net_m": 1462.4, "name_i": "Houston Playground", "name_j": "Jerome-Glenmore Cornerstone Community Garden", "D_euc_m": 1530.4, "within_walk_limit": false, "same_group": false }, "geometry": { "type": "LineString", "coordinates": [ [ -73.90507072703457, 40.672204569138032 ], [ -73.887170016875288, 40.674276924855768 ] ] } },
{ "type": "Feature", "properties": { "park_i": "B364", "park_j": "B501", "n_settings": 1, "share": 0.062, "A_800": 1.2, "A_1600": 1.2, "A_3200": 1.2, "D_net_m": 597.90002, "name_i": "Woods Playground", "name_j": "St Mark's Block Association", "D_euc_m": 606.6, "within_walk_limit": true, "same_group": false }, "geometry": { "type": "LineString", "coordinates": [ [ -73.928924373195926, 40.674444114551477 ], [ -73.921876425681219, 40.673414365067671 ] ] } },
{ "type": "Feature", "properties": { "park_i": "B380", "park_j": "B419", "n_settings": 6, "share": 0.375, "A_800": null, "A_1600": null, "A_3200": 15.7, "D_net_m": 1826.2, "name_i": "Robert E. Venable Park", "name_j": "Sutter Ballfields", "D_euc_m": 1927.4, "within_walk_limit": false, "same_group": false }, "geometry": { "type": "LineString", "coordinates": [ [ -73.865167539778028, 40.674381520932776 ], [ -73.887573521406793, 40.671157245731919 ] ] } },
{ "type": "Feature", "properties": { "park_i": "B380", "park_j": "B442", "n_settings": 2, "share": 0.125, "A_800": null, "A_1600": null, "A_3200": 17.0, "D_net_m": 2258.5, "name_i": "Robert E. Venable Park", "name_j": "Ps 149 Artsy Bloom Community Garden", "D_euc_m": 2333.3, "within_walk_limit": false, "same_group": false }, "geometry": { "type": "LineString", "coordinates": [ [ -73.865167539778028, 40.674381520932776 ], [ -73.892080368900409, 40.669705161319207 ] ] } },
{ "type": "Feature", "properties": { "park_i": "B380", "park_j": "B477", "n_settings": 2, "share": 0.125, "A_800": null, "A_1600": null, "A_3200": 15.5, "D_net_m": 1715.8, "name_i": "Robert E. Venable Park", "name_j": "Jerome Gardens", "D_euc_m": 1794.7, "within_walk_limit": false, "same_group": false }, "geometry": { "type": "LineString", "coordinates": [ [ -73.865167539778028, 40.674381520932776 ], [ -73.885824239573083, 40.670643759503726 ] ] } },
{ "type": "Feature", "properties": { "park_i": "B380", "park_j": "B509", "n_settings": 2, "share": 0.125, "A_800": null, "A_1600": null, "A_3200": 20.3, "D_net_m": 2016.5, "name_i": "Robert E. Venable Park", "name_j": "Jordan Magic Garden", "D_euc_m": 2100.6, "within_walk_limit": false, "same_group": false }, "geometry": { "type": "LineString", "coordinates": [ [ -73.865167539778028, 40.674381520932776 ], [ -73.889753240782156, 40.671622038270478 ] ] } },
{ "type": "Feature", "properties": { "park_i": "B383", "park_j": "B462", "n_settings": 2, "share": 0.125, "A_800": null, "A_1600": 83.900002, "A_3200": 83.900002, "D_net_m": 1357.1, "name_i": "Success Garden", "name_j": "Family Community Garden", "D_euc_m": 1379.0, "within_walk_limit": false, "same_group": false }, "geometry": { "type": "LineString", "coordinates": [ [ -73.897647552004372, 40.664911689590816 ], [ -73.881345560114156, 40.665364023675039 ] ] } },
{ "type": "Feature", "properties": { "park_i": "B383", "park_j": "B515", "n_settings": 1, "share": 0.062, "A_800": null, "A_1600": 10.2, "A_3200": 10.2, "D_net_m": 831.79999, "name_i": "Success Garden", "name_j": "United Community Center", "D_euc_m": 912.8, "within_walk_limit": false, "same_group": false }, "geometry": { "type": "LineString", "coordinates": [ [ -73.897647552004372, 40.664911689590816 ], [ -73.886870457337452, 40.665427401173666 ] ] } },
{ "type": "Feature", "properties": { "park_i": "B383", "park_j": "B535", "n_settings": 1, "share": 0.062, "A_800": null, "A_1600": null, "A_3200": 45.599998, "D_net_m": 1748.8, "name_i": "Success Garden", "name_j": "400 Montauk Av Block Assn", "D_euc_m": 1812.4, "within_walk_limit": false, "same_group": false }, "geometry": { "type": "LineString", "coordinates": [ [ -73.897647552004372, 40.664911689590816 ], [ -73.876779634152328, 40.668657069133154 ] ] } },
{ "type": "Feature", "properties": { "park_i": "B383", "park_j": "B543", "n_settings": 1, "share": 0.062, "A_800": 9.3, "A_1600": 9.3, "A_3200": 9.3, "D_net_m": 754.70001, "name_i": "Success Garden", "name_j": "East New York Farms Garden", "D_euc_m": 831.6, "within_walk_limit": true, "same_group": false }, "geometry": { "type": "LineString", "coordinates": [ [ -73.897647552004372, 40.664911689590816 ], [ -73.887830525803011, 40.665398431084697 ] ] } },
{ "type": "Feature", "properties": { "park_i": "B387", "park_j": "B438", "n_settings": 2, "share": 0.125, "A_800": null, "A_1600": 29.9, "A_3200": 29.9, "D_net_m": 879.79999, "name_i": "Hilltop Playground", "name_j": "700 Decatur St Block Association", "D_euc_m": 957.6, "within_walk_limit": false, "same_group": false }, "geometry": { "type": "LineString", "coordinates": [ [ -73.914355096003945, 40.675196143726417 ], [ -73.914382669105294, 40.683822352556462 ] ] } },
{ "type": "Feature", "properties": { "park_i": "B387", "park_j": "B579", "n_settings": 1, "share": 0.062, "A_800": null, "A_1600": 4.0, "A_3200": 4.0, "D_net_m": 1457.6, "name_i": "Hilltop Playground", "name_j": "Imani II Community Garden", "D_euc_m": 1582.4, "within_walk_limit": false, "same_group": false }, "geometry": { "type": "LineString", "coordinates": [ [ -73.914355096003945, 40.675196143726417 ], [ -73.93299233203112, 40.676549721219395 ] ] } },
{ "type": "Feature", "properties": { "park_i": "B387", "park_j": "B599", "n_settings": 2, "share": 0.125, "A_800": null, "A_1600": 3.4, "A_3200": 3.4, "D_net_m": 1009.5, "name_i": "Hilltop Playground", "name_j": "Kingsborough Houses Pacific Playground", "D_euc_m": 1064.6, "within_walk_limit": false, "same_group": false }, "geometry": { "type": "LineString", "coordinates": [ [ -73.914355096003945, 40.675196143726417 ], [ -73.92688740332423, 40.676158704074382 ] ] } },
{ "type": "Feature", "properties": { "park_i": "B397", "park_j": "B442", "n_settings": 2, "share": 0.125, "A_800": null, "A_1600": 25.200001, "A_3200": 25.200001, "D_net_m": 1112.7, "name_i": "Carter G. Woodson Children's Park", "name_j": "Ps 149 Artsy Bloom Community Garden", "D_euc_m": 1170.7, "within_walk_limit": false, "same_group": false }, "geometry": { "type": "LineString", "coordinates": [ [ -73.905833958392478, 40.668462748052534 ], [ -73.892080368900409, 40.669705161319207 ] ] } },
{ "type": "Feature", "properties": { "park_i": "B397", "park_j": "B477", "n_settings": 5, "share": 0.312, "A_800": null, "A_1600": null, "A_3200": 26.8, "D_net_m": 1656.9, "name_i": "Carter G. Woodson Children's Park", "name_j": "Jerome Gardens", "D_euc_m": 1708.6, "within_walk_limit": false, "same_group": false }, "geometry": { "type": "LineString", "coordinates": [ [ -73.905833958392478, 40.668462748052534 ], [ -73.885824239573083, 40.670643759503726 ] ] } },
{ "type": "Feature", "properties": { "park_i": "B397", "park_j": "B558", "n_settings": 4, "share": 0.25, "A_800": null, "A_1600": null, "A_3200": 28.0, "D_net_m": 2014.0, "name_i": "Carter G. Woodson Children's Park", "name_j": "Linwood Street Garden (Pagan's Garden)", "D_euc_m": 2035.9, "within_walk_limit": false, "same_group": false }, "geometry": { "type": "LineString", "coordinates": [ [ -73.905833958392478, 40.668462748052534 ], [ -73.882005999796505, 40.671134407636671 ] ] } },
{ "type": "Feature", "properties": { "park_i": "B401", "park_j": "B552", "n_settings": 4, "share": 0.25, "A_800": 13.6, "A_1600": 13.6, "A_3200": 13.6, "D_net_m": 703.5, "name_i": "Grand Ferry Park", "name_j": "Grand Street Community Garden", "D_euc_m": 808.7, "within_walk_limit": true, "same_group": false }, "geometry": { "type": "LineString", "coordinates": [ [ -73.967589740711773, 40.716890424688529 ], [ -73.958894975329216, 40.713841838873371 ] ] } },
{ "type": "Feature", "properties": { "park_i": "B402", "park_j": "Q083#11", "n_settings": 4, "share": 0.25, "A_800": 37.8, "A_1600": 37.8, "A_3200": 37.8, "D_net_m": 381.0, "name_i": "George Walker Jr. Park", "name_j": "Jackie Robinson Parkway (11/17)", "D_euc_m": 500.7, "within_walk_limit": true, "same_group": false }, "geometry": { "type": "LineString", "coordinates": [ [ -73.895113111339938, 40.678617658416691 ], [ -73.896332638935831, 40.683030803919436 ] ] } },
{ "type": "Feature", "properties": { "park_i": "B402", "park_j": "Q083#9", "n_settings": 6, "share": 0.375, "A_800": 46.3, "A_1600": 46.3, "A_3200": 46.3, "D_net_m": 714.09998, "name_i": "George Walker Jr. Park", "name_j": "Jackie Robinson Parkway (9/17)", "D_euc_m": 724.6, "within_walk_limit": true, "same_group": false }, "geometry": { "type": "LineString", "coordinates": [ [ -73.895113111339938, 40.678617658416691 ], [ -73.894147528307982, 40.685103286181445 ] ] } },
{ "type": "Feature", "properties": { "park_i": "B416", "park_j": "B450", "n_settings": 3, "share": 0.188, "A_800": null, "A_1600": 7.9, "A_3200": 7.9, "D_net_m": 953.90002, "name_i": "TLC Sculpture Park Garden", "name_j": "Clara's Garden", "D_euc_m": 992.2, "within_walk_limit": false, "same_group": false }, "geometry": { "type": "LineString", "coordinates": [ [ -73.900650039331907, 40.672718400140383 ], [ -73.889119004752189, 40.674389770345094 ] ] } },
{ "type": "Feature", "properties": { "park_i": "B416", "park_j": "B452", "n_settings": 4, "share": 0.25, "A_800": null, "A_1600": 8.1, "A_3200": 8.1, "D_net_m": 1067.6, "name_i": "TLC Sculpture Park Garden", "name_j": "Concerned Residents of Barbey Street", "D_euc_m": 1102.6, "within_walk_limit": false, "same_group": false }, "geometry": { "type": "LineString", "coordinates": [ [ -73.900650039331907, 40.672718400140383 ], [ -73.887749266068923, 40.674191125918938 ] ] } },
{ "type": "Feature", "properties": { "park_i": "B416", "park_j": "B458", "n_settings": 1, "share": 0.062, "A_800": null, "A_1600": 7.3, "A_3200": 7.3, "D_net_m": 834.20001, "name_i": "TLC Sculpture Park Garden", "name_j": "East End Community Garden", "D_euc_m": 843.1, "within_walk_limit": false, "same_group": false }, "geometry": { "type": "LineString", "coordinates": [ [ -73.900650039331907, 40.672718400140383 ], [ -73.890756302987683, 40.673683202048963 ] ] } },
{ "type": "Feature", "properties": { "park_i": "B416", "park_j": "B468", "n_settings": 1, "share": 0.062, "A_800": null, "A_1600": 7.7, "A_3200": 7.7, "D_net_m": 876.59998, "name_i": "TLC Sculpture Park Garden", "name_j": "Escape To Nature", "D_euc_m": 923.8, "within_walk_limit": false, "same_group": false }, "geometry": { "type": "LineString", "coordinates": [ [ -73.900650039331907, 40.672718400140383 ], [ -73.889906836078026, 40.674245776066847 ] ] } },
{ "type": "Feature", "properties": { "park_i": "B416", "park_j": "B471", "n_settings": 2, "share": 0.125, "A_800": null, "A_1600": null, "A_3200": 11.7, "D_net_m": 2130.5, "name_i": "TLC Sculpture Park Garden", "name_j": "Green Gems", "D_euc_m": 2189.4, "within_walk_limit": false, "same_group": false }, "geometry": { "type": "LineString", "coordinates": [ [ -73.900650039331907, 40.672718400140383 ], [ -73.875231505058466, 40.676516344281573 ] ] } },
{ "type": "Feature", "properties": { "park_i": "B416", "park_j": "B475", "n_settings": 2, "share": 0.125, "A_800": null, "A_1600": 8.0, "A_3200": 8.0, "D_net_m": 989.59998, "name_i": "TLC Sculpture Park Garden", "name_j": "Herbal Garden of East NY", "D_euc_m": 1037.6, "within_walk_limit": false, "same_group": false }, "geometry": { "type": "LineString", "coordinates": [ [ -73.900650039331907, 40.672718400140383 ], [ -73.888509779538154, 40.674102084970308 ] ] } },
{ "type": "Feature", "properties": { "park_i": "B416", "park_j": "B522", "n_settings": 4, "share": 0.25, "A_800": null, "A_1600": 8.2, "A_3200": 8.2, "D_net_m": 1108.9, "name_i": "TLC Sculpture Park Garden", "name_j": "Jerome-Glenmore Cornerstone Community Garden", "D_euc_m": 1152.5, "within_walk_limit": false, "same_group": false }, "geometry": { "type": "LineString", "coordinates": [ [ -73.900650039331907, 40.672718400140383 ], [ -73.887170016875288, 40.674276924855768 ] ] } },
{ "type": "Feature", "properties": { "park_i": "B428", "park_j": "B481", "n_settings": 2, "share": 0.125, "A_800": null, "A_1600": 170.39999, "A_3200": 170.39999, "D_net_m": 1163.9, "name_i": "Goodwin Gardens", "name_j": "Madison Square Garden Association", "D_euc_m": 977.2, "within_walk_limit": false, "same_group": false }, "geometry": { "type": "LineString", "coordinates": [ [ -73.923492684492047, 40.691135147010463 ], [ -73.912980145937865, 40.694803605020226 ] ] } },
{ "type": "Feature", "properties": { "park_i": "B430", "park_j": "B488", "n_settings": 1, "share": 0.062, "A_800": null, "A_1600": 5.8, "A_3200": 5.8, "D_net_m": 925.40002, "name_i": "Lewis Playground", "name_j": "Red Gate Garden", "D_euc_m": 973.0, "within_walk_limit": false, "same_group": false }, "geometry": { "type": "LineString", "coordinates": [ [ -73.937882716551599, 40.695407219310781 ], [ -73.949181471720181, 40.69371535804968 ] ] } },
{ "type": "Feature", "properties": { "park_i": "B438", "park_j": "B593", "n_settings": 10, "share": 0.625, "A_800": null, "A_1600": 4.2, "A_3200": 4.2, "D_net_m": 1090.2, "name_i": "700 Decatur St Block Association", "name_j": "Bed-Stuy Farm", "D_euc_m": 1067.7, "within_walk_limit": false, "same_group": false }, "geometry": { "type": "LineString", "coordinates": [ [ -73.914382669105294, 40.683822352556462 ], [ -73.926782555898924, 40.68197939414506 ] ] } },
{ "type": "Feature", "properties": { "park_i": "B439", "park_j": "B546", "n_settings": 2, "share": 0.125, "A_800": null, "A_1600": 5.0, "A_3200": 5.0, "D_net_m": 904.79999, "name_i": "All People's Church of the Apostolic Faith Community Garden", "name_j": "The Feeding Tree", "D_euc_m": 940.6, "within_walk_limit": false, "same_group": false }, "geometry": { "type": "LineString", "coordinates": [ [ -73.945840743690752, 40.694396324928796 ], [ -73.944710767210523, 40.6859669307619 ] ] } },
{ "type": "Feature", "properties": { "park_i": "B440", "park_j": "B446", "n_settings": 4, "share": 0.25, "A_800": null, "A_1600": null, "A_3200": 17.5, "D_net_m": 2041.2, "name_i": "Amboy Neighborhood Center", "name_j": "Big Red Garden", "D_euc_m": 2083.8, "within_walk_limit": false, "same_group": false }, "geometry": { "type": "LineString", "coordinates": [ [ -73.913803525698469, 40.665240997186444 ], [ -73.889583852656557, 40.668734668940552 ] ] } },
{ "type": "Feature", "properties": { "park_i": "B440", "park_j": "B447", "n_settings": 4, "share": 0.25, "A_800": null, "A_1600": null, "A_3200": 17.5, "D_net_m": 2041.2, "name_i": "Amboy Neighborhood Center", "name_j": "Causa Festival Garden", "D_euc_m": 2081.3, "within_walk_limit": false, "same_group": false }, "geometry": { "type": "LineString", "coordinates": [ [ -73.913803525698469, 40.665240997186444 ], [ -73.889538962098413, 40.668420207451867 ] ] } },
{ "type": "Feature", "properties": { "park_i": "B442", "park_j": "B511", "n_settings": 6, "share": 0.375, "A_800": null, "A_1600": null, "A_3200": 29.6, "D_net_m": 1791.4, "name_i": "Ps 149 Artsy Bloom Community Garden", "name_j": "Jes Good Rewards Childeren's Garden", "D_euc_m": 1849.9, "within_walk_limit": false, "same_group": false }, "geometry": { "type": "LineString", "coordinates": [ [ -73.892080368900409, 40.669705161319207 ], [ -73.913646051979484, 40.66686938034308 ] ] } },
{ "type": "Feature", "properties": { "park_i": "B442", "park_j": "B558", "n_settings": 1, "share": 0.062, "A_800": null, "A_1600": 2.6, "A_3200": 2.6, "D_net_m": 859.0, "name_i": "Ps 149 Artsy Bloom Community Garden", "name_j": "Linwood Street Garden (Pagan's Garden)", "D_euc_m": 866.2, "within_walk_limit": false, "same_group": false }, "geometry": { "type": "LineString", "coordinates": [ [ -73.892080368900409, 40.669705161319207 ], [ -73.882005999796505, 40.671134407636671 ] ] } },
{ "type": "Feature", "properties": { "park_i": "B442", "park_j": "B563", "n_settings": 1, "share": 0.062, "A_800": null, "A_1600": 29.200001, "A_3200": 29.200001, "D_net_m": 1525.5, "name_i": "Ps 149 Artsy Bloom Community Garden", "name_j": "Student Farm Project", "D_euc_m": 1575.8, "within_walk_limit": false, "same_group": false }, "geometry": { "type": "LineString", "coordinates": [ [ -73.892080368900409, 40.669705161319207 ], [ -73.910472048896381, 40.667388942505482 ] ] } },
{ "type": "Feature", "properties": { "park_i": "B446", "park_j": "B463", "n_settings": 2, "share": 0.125, "A_800": null, "A_1600": null, "A_3200": 18.3, "D_net_m": 2327.8999, "name_i": "Big Red Garden", "name_j": "Fantasy Garden", "D_euc_m": 2358.5, "within_walk_limit": false, "same_group": false }, "geometry": { "type": "LineString", "coordinates": [ [ -73.889583852656557, 40.668734668940552 ], [ -73.916883023749818, 40.664346197357261 ] ] } },
{ "type": "Feature", "properties": { "park_i": "B446", "park_j": "B578", "n_settings": 2, "share": 0.125, "A_800": null, "A_1600": null, "A_3200": 18.200001, "D_net_m": 2289.5, "name_i": "Big Red Garden", "name_j": "Saratoga Blake Garden", "D_euc_m": 2346.4, "within_walk_limit": false, "same_group": false }, "geometry": { "type": "LineString", "coordinates": [ [ -73.889583852656557, 40.668734668940552 ], [ -73.916857502322657, 40.66480521343027 ] ] } },
{ "type": "Feature", "properties": { "park_i": "B447", "park_j": "B463", "n_settings": 2, "share": 0.125, "A_800": null, "A_1600": null, "A_3200": 18.3, "D_net_m": 2327.8999, "name_i": "Causa Festival Garden", "name_j": "Fantasy Garden", "D_euc_m": 2355.3, "within_walk_limit": false, "same_group": false }, "geometry": { "type": "LineString", "coordinates": [ [ -73.889538962098413, 40.668420207451867 ], [ -73.916883023749818, 40.664346197357261 ] ] } },
{ "type": "Feature", "properties": { "park_i": "B447", "park_j": "B578", "n_settings": 2, "share": 0.125, "A_800": null, "A_1600": null, "A_3200": 18.200001, "D_net_m": 2289.5, "name_i": "Causa Festival Garden", "name_j": "Saratoga Blake Garden", "D_euc_m": 2343.9, "within_walk_limit": false, "same_group": false }, "geometry": { "type": "LineString", "coordinates": [ [ -73.889538962098413, 40.668420207451867 ], [ -73.916857502322657, 40.66480521343027 ] ] } },
{ "type": "Feature", "properties": { "park_i": "B449", "park_j": "B450", "n_settings": 2, "share": 0.125, "A_800": null, "A_1600": 1.0, "A_3200": 1.0, "D_net_m": 858.40002, "name_i": "New Vision Garden", "name_j": "Clara's Garden", "D_euc_m": 947.6, "within_walk_limit": false, "same_group": false }, "geometry": { "type": "LineString", "coordinates": [ [ -73.887024472469989, 40.6660045275448 ], [ -73.889119004752189, 40.674389770345094 ] ] } },
{ "type": "Feature", "properties": { "park_i": "B449", "park_j": "B475", "n_settings": 2, "share": 0.125, "A_800": 1.0, "A_1600": 1.0, "A_3200": 1.0, "D_net_m": 791.79999, "name_i": "New Vision Garden", "name_j": "Herbal Garden of East NY", "D_euc_m": 907.7, "within_walk_limit": true, "same_group": false }, "geometry": { "type": "LineString", "coordinates": [ [ -73.887024472469989, 40.6660045275448 ], [ -73.888509779538154, 40.674102084970308 ] ] } },
{ "type": "Feature", "properties": { "park_i": "B449", "park_j": "B478", "n_settings": 4, "share": 0.25, "A_800": 0.9, "A_1600": 0.9, "A_3200": 0.9, "D_net_m": 646.20001, "name_i": "New Vision Garden", "name_j": "Jerry and The Senior Gents", "D_euc_m": 709.2, "within_walk_limit": true, "same_group": false }, "geometry": { "type": "LineString", "coordinates": [ [ -73.887024472469989, 40.6660045275448 ], [ -73.888065116830077, 40.672343780965193 ] ] } },
{ "type": "Feature", "properties": { "park_i": "B449", "park_j": "B521", "n_settings": 1, "share": 0.062, "A_800": null, "A_1600": 89.699997, "A_3200": 89.699997, "D_net_m": 870.0, "name_i": "New Vision Garden", "name_j": "Oriental Garden", "D_euc_m": 861.4, "within_walk_limit": false, "same_group": false }, "geometry": { "type": "LineString", "coordinates": [ [ -73.887024472469989, 40.6660045275448 ], [ -73.887449156708442, 40.673757309074659 ] ] } },
{ "type": "Feature", "properties": { "park_i": "B450", "park_j": "B515", "n_settings": 2, "share": 0.125, "A_800": null, "A_1600": 1.0, "A_3200": 1.0, "D_net_m": 942.0, "name_i": "Clara's Garden", "name_j": "United Community Center", "D_euc_m": 1013.0, "within_walk_limit": false, "same_group": false }, "geometry": { "type": "LineString", "coordinates": [ [ -73.889119004752189, 40.674389770345094 ], [ -73.886870457337452, 40.665427401173666 ] ] } },
{ "type": "Feature", "properties": { "park_i": "B451", "park_j": "B572", "n_settings": 12, "share": 0.75, "A_800": 8.6, "A_1600": 8.6, "A_3200": 8.6, "D_net_m": 799.09998, "name_i": "Clifton Pl Memorial Park and Garden", "name_j": "Hattie Carthan Herban Farm", "D_euc_m": 953.8, "within_walk_limit": true, "same_group": true }, "geometry": { "type": "LineString", "coordinates": [ [ -73.954638379600482, 40.688546148319205 ], [ -73.943577352366617, 40.690256156259373 ] ] } },
{ "type": "Feature", "properties": { "park_i": "B452", "park_j": "B514", "n_settings": 4, "share": 0.25, "A_800": 0.5, "A_1600": 0.5, "A_3200": 0.5, "D_net_m": 618.90002, "name_i": "Concerned Residents of Barbey Street", "name_j": "Nehemiah Ten Garden", "D_euc_m": 628.9, "within_walk_limit": true, "same_group": false }, "geometry": { "type": "LineString", "coordinates": [ [ -73.887749266068923, 40.674191125918938 ], [ -73.886017533406076, 40.668681769062609 ] ] } },
{ "type": "Feature", "properties": { "park_i": "B453", "park_j": "B491", "n_settings": 16, "share": 1.0, "A_800": 0.7, "A_1600": 0.7, "A_3200": 0.7, "D_net_m": 461.0, "name_i": "Concerned Residents of Montauk Avenue", "name_j": "Shield Of Faith", "D_euc_m": 407.5, "within_walk_limit": true, "same_group": true }, "geometry": { "type": "LineString", "coordinates": [ [ -73.878163367596926, 40.673872458879458 ], [ -73.878495800629082, 40.677534546238491 ] ] } },
{ "type": "Feature", "properties": { "park_i": "B458", "park_j": "B471", "n_settings": 2, "share": 0.125, "A_800": null, "A_1600": 4.1, "A_3200": 4.1, "D_net_m": 1289.1, "name_i": "East End Community Garden", "name_j": "Green Gems", "D_euc_m": 1349.4, "within_walk_limit": false, "same_group": false }, "geometry": { "type": "LineString", "coordinates": [ [ -73.890756302987683, 40.673683202048963 ], [ -73.875231505058466, 40.676516344281573 ] ] } },
{ "type": "Feature", "properties": { "park_i": "B465", "park_j": "B500", "n_settings": 10, "share": 0.625, "A_800": null, "A_1600": 3.9, "A_3200": 3.9, "D_net_m": 1108.6, "name_i": "First Quincy St Block Association", "name_j": "Patrick Van Doren Pocket Park", "D_euc_m": 1215.5, "within_walk_limit": false, "same_group": false }, "geometry": { "type": "LineString", "coordinates": [ [ -73.944314424731829, 40.687914088302399 ], [ -73.930071567017734, 40.689445965258457 ] ] } },
{ "type": "Feature", "properties": { "park_i": "B465", "park_j": "B544", "n_settings": 16, "share": 1.0, "A_800": null, "A_1600": 3.0, "A_3200": 3.0, "D_net_m": 1257.4, "name_i": "First Quincy St Block Association", "name_j": "100 Quincy Street Community Garden", "D_euc_m": 1113.2, "within_walk_limit": false, "same_group": false }, "geometry": { "type": "LineString", "coordinates": [ [ -73.944314424731829, 40.687914088302399 ], [ -73.957236365978474, 40.685966871170862 ] ] } },
{ "type": "Feature", "properties": { "park_i": "B468", "park_j": "B496", "n_settings": 6, "share": 0.375, "A_800": null, "A_1600": 0.8, "A_3200": 0.8, "D_net_m": 858.5, "name_i": "Escape To Nature", "name_j": "Victory Garden", "D_euc_m": 874.3, "within_walk_limit": false, "same_group": false }, "geometry": { "type": "LineString", "coordinates": [ [ -73.889906836078026, 40.674245776066847 ], [ -73.887545978144061, 40.666578207188451 ] ] } },
{ "type": "Feature", "properties": { "park_i": "B468", "park_j": "B543", "n_settings": 2, "share": 0.125, "A_800": null, "A_1600": 0.8, "A_3200": 0.8, "D_net_m": 942.29999, "name_i": "Escape To Nature", "name_j": "East New York Farms Garden", "D_euc_m": 997.7, "within_walk_limit": false, "same_group": false }, "geometry": { "type": "LineString", "coordinates": [ [ -73.889906836078026, 40.674245776066847 ], [ -73.887830525803011, 40.665398431084697 ] ] } },
{ "type": "Feature", "properties": { "park_i": "B475", "park_j": "B515", "n_settings": 3, "share": 0.188, "A_800": null, "A_1600": 1.0, "A_3200": 1.0, "D_net_m": 875.5, "name_i": "Herbal Garden of East NY", "name_j": "United Community Center", "D_euc_m": 972.9, "within_walk_limit": false, "same_group": false }, "geometry": { "type": "LineString", "coordinates": [ [ -73.888509779538154, 40.674102084970308 ], [ -73.886870457337452, 40.665427401173666 ] ] } },
{ "type": "Feature", "properties": { "park_i": "B476", "park_j": "B579", "n_settings": 8, "share": 0.5, "A_800": null, "A_1600": 4.0, "A_3200": 4.0, "D_net_m": 1383.2, "name_i": "Sh'ma Yisrael", "name_j": "Imani II Community Garden", "D_euc_m": 1436.7, "within_walk_limit": false, "same_group": false }, "geometry": { "type": "LineString", "coordinates": [ [ -73.916041692307857, 40.67558548830683 ], [ -73.93299233203112, 40.676549721219395 ] ] } },
{ "type": "Feature", "properties": { "park_i": "B476", "park_j": "B599", "n_settings": 16, "share": 1.0, "A_800": null, "A_1600": 3.4, "A_3200": 3.4, "D_net_m": 935.0, "name_i": "Sh'ma Yisrael", "name_j": "Kingsborough Houses Pacific Playground", "D_euc_m": 918.9, "within_walk_limit": false, "same_group": false }, "geometry": { "type": "LineString", "coordinates": [ [ -73.916041692307857, 40.67558548830683 ], [ -73.92688740332423, 40.676158704074382 ] ] } },
{ "type": "Feature", "properties": { "park_i": "B477", "park_j": "B511", "n_settings": 2, "share": 0.125, "A_800": null, "A_1600": null, "A_3200": 31.200001, "D_net_m": 2335.6001, "name_i": "Jerome Gardens", "name_j": "Jes Good Rewards Childeren's Garden", "D_euc_m": 2388.8, "within_walk_limit": false, "same_group": false }, "geometry": { "type": "LineString", "coordinates": [ [ -73.885824239573083, 40.670643759503726 ], [ -73.913646051979484, 40.66686938034308 ] ] } },
{ "type": "Feature", "properties": { "park_i": "B477", "park_j": "B563", "n_settings": 2, "share": 0.125, "A_800": null, "A_1600": null, "A_3200": 30.8, "D_net_m": 2069.7, "name_i": "Jerome Gardens", "name_j": "Student Farm Project", "D_euc_m": 2114.6, "within_walk_limit": false, "same_group": false }, "geometry": { "type": "LineString", "coordinates": [ [ -73.885824239573083, 40.670643759503726 ], [ -73.910472048896381, 40.667388942505482 ] ] } },
{ "type": "Feature", "properties": { "park_i": "B477", "park_j": "Q424", "n_settings": 2, "share": 0.125, "A_800": null, "A_1600": null, "A_3200": 26.5, "D_net_m": 2302.2, "name_i": "Jerome Gardens", "name_j": "Judge Angelo Graci Triangle", "D_euc_m": 2339.9, "within_walk_limit": false, "same_group": false }, "geometry": { "type": "LineString", "coordinates": [ [ -73.885824239573083, 40.670643759503726 ], [ -73.858582762728076, 40.674391710078567 ] ] } },
{ "type": "Feature", "properties": { "park_i": "B478", "park_j": "B515", "n_settings": 6, "share": 0.375, "A_800": 0.9, "A_1600": 0.9, "A_3200": 0.9, "D_net_m": 729.90002, "name_i": "Jerry and The Senior Gents", "name_j": "United Community Center", "D_euc_m": 774.4, "within_walk_limit": true, "same_group": false }, "geometry": { "type": "LineString", "coordinates": [ [ -73.888065116830077, 40.672343780965193 ], [ -73.886870457337452, 40.665427401173666 ] ] } },
{ "type": "Feature", "properties": { "park_i": "B479", "park_j": "B582", "n_settings": 10, "share": 0.625, "A_800": 0.6, "A_1600": 0.6, "A_3200": 0.6, "D_net_m": 482.0, "name_i": "Lefferts Pl Block Association", "name_j": "Brooklyn's Finest Garden", "D_euc_m": 375.4, "within_walk_limit": true, "same_group": true }, "geometry": { "type": "LineString", "coordinates": [ [ -73.957621386260783, 40.680387648230287 ], [ -73.961914973288174, 40.681254928502938 ] ] } },
{ "type": "Feature", "properties": { "park_i": "B482", "park_j": "B499", "n_settings": 2, "share": 0.125, "A_800": null, "A_1600": null, "A_3200": 2.7, "D_net_m": 2805.1001, "name_i": "Madison Street Block Association", "name_j": "Madison Community Greenthumb", "D_euc_m": 2873.4, "within_walk_limit": false, "same_group": false }, "geometry": { "type": "LineString", "coordinates": [ [ -73.955492079420992, 40.683922566354646 ], [ -73.921871792019161, 40.687785928940976 ] ] } },
{ "type": "Feature", "properties": { "park_i": "B484", "park_j": "B581", "n_settings": 16, "share": 1.0, "A_800": 0.4, "A_1600": 0.4, "A_3200": 0.4, "D_net_m": 472.60001, "name_i": "Gregory's Garden", "name_j": "Warwick Street Greenery Glow Garden", "D_euc_m": 457.9, "within_walk_limit": true, "same_group": true }, "geometry": { "type": "LineString", "coordinates": [ [ -73.885926144241651, 40.672624189416013 ], [ -73.884379870536648, 40.668671141855981 ] ] } },
{ "type": "Feature", "properties": { "park_i": "B491", "park_j": "B535", "n_settings": 4, "share": 0.25, "A_800": null, "A_1600": 28.8, "A_3200": 28.8, "D_net_m": 1025.7, "name_i": "Shield Of Faith", "name_j": "400 Montauk Av Block Assn", "D_euc_m": 996.2, "within_walk_limit": false, "same_group": false }, "geometry": { "type": "LineString", "coordinates": [ [ -73.878495800629082, 40.677534546238491 ], [ -73.876779634152328, 40.668657069133154 ] ] } },
{ "type": "Feature", "properties": { "park_i": "B494", "park_j": "B508", "n_settings": 14, "share": 0.875, "A_800": 0.2, "A_1600": 0.2, "A_3200": 0.2, "D_net_m": 503.10001, "name_i": "Vernon Tandt Block Association", "name_j": "Vernon Cases Community Garden", "D_euc_m": 543.4, "within_walk_limit": true, "same_group": true }, "geometry": { "type": "LineString", "coordinates": [ [ -73.943949302551417, 40.695013463453314 ], [ -73.950304186191616, 40.694260582421293 ] ] } },
{ "type": "Feature", "properties": { "park_i": "B495", "park_j": "B508", "n_settings": 8, "share": 0.5, "A_800": 0.2, "A_1600": 0.2, "A_3200": 0.2, "D_net_m": 621.0, "name_i": "Vernon/throop Av Block Association", "name_j": "Vernon Cases Community Garden", "D_euc_m": 618.3, "within_walk_limit": true, "same_group": true }, "geometry": { "type": "LineString", "coordinates": [ [ -73.943091424845491, 40.695200493990136 ], [ -73.950304186191616, 40.694260582421293 ] ] } },
{ "type": "Feature", "properties": { "park_i": "B499", "park_j": "B503", "n_settings": 2, "share": 0.125, "A_800": null, "A_1600": null, "A_3200": 1.5, "D_net_m": 2403.3, "name_i": "Madison Community Greenthumb", "name_j": "Stars Of Hope", "D_euc_m": 2456.1, "within_walk_limit": false, "same_group": false }, "geometry": { "type": "LineString", "coordinates": [ [ -73.921871792019161, 40.687785928940976 ], [ -73.950690846203671, 40.684918056233229 ] ] } },
{ "type": "Feature", "properties": { "park_i": "B500", "park_j": "B544", "n_settings": 2, "share": 0.125, "A_800": null, "A_1600": null, "A_3200": 6.9, "D_net_m": 2366.0, "name_i": "Patrick Van Doren Pocket Park", "name_j": "100 Quincy Street Community Garden", "D_euc_m": 2327.8, "within_walk_limit": false, "same_group": false }, "geometry": { "type": "LineString", "coordinates": [ [ -73.930071567017734, 40.689445965258457 ], [ -73.957236365978474, 40.685966871170862 ] ] } },
{ "type": "Feature", "properties": { "park_i": "B501", "park_j": "B540", "n_settings": 10, "share": 0.625, "A_800": null, "A_1600": 1.4, "A_3200": 1.4, "D_net_m": 833.29999, "name_i": "St Mark's Block Association", "name_j": "Neighborhood Community Garden", "D_euc_m": 911.9, "within_walk_limit": false, "same_group": false }, "geometry": { "type": "LineString", "coordinates": [ [ -73.921876425681219, 40.673414365067671 ], [ -73.932566050776174, 40.674523791006173 ] ] } },
{ "type": "Feature", "properties": { "park_i": "B513", "park_j": "B563", "n_settings": 1, "share": 0.062, "A_800": null, "A_1600": 7.7, "A_3200": 7.7, "D_net_m": 835.59998, "name_i": "United Community Centers Youth Farm", "name_j": "Student Farm Project", "D_euc_m": 881.8, "within_walk_limit": false, "same_group": false }, "geometry": { "type": "LineString", "coordinates": [ [ -73.907875975078369, 40.659696165226286 ], [ -73.910472048896381, 40.667388942505482 ] ] } },
{ "type": "Feature", "properties": { "park_i": "B514", "park_j": "B521", "n_settings": 16, "share": 1.0, "A_800": 0.5, "A_1600": 0.5, "A_3200": 0.5, "D_net_m": 618.90002, "name_i": "Nehemiah Ten Garden", "name_j": "Oriental Garden", "D_euc_m": 576.3, "within_walk_limit": true, "same_group": true }, "geometry": { "type": "LineString", "coordinates": [ [ -73.886017533406076, 40.668681769062609 ], [ -73.887449156708442, 40.673757309074659 ] ] } },
{ "type": "Feature", "properties": { "park_i": "B514", "park_j": "B522", "n_settings": 4, "share": 0.25, "A_800": 1.0, "A_1600": 1.0, "A_3200": 1.0, "D_net_m": 619.09998, "name_i": "Nehemiah Ten Garden", "name_j": "Jerome-Glenmore Cornerstone Community Garden", "D_euc_m": 628.7, "within_walk_limit": true, "same_group": false }, "geometry": { "type": "LineString", "coordinates": [ [ -73.886017533406076, 40.668681769062609 ], [ -73.887170016875288, 40.674276924855768 ] ] } },
{ "type": "Feature", "properties": { "park_i": "B515", "park_j": "B521", "n_settings": 2, "share": 0.125, "A_800": null, "A_1600": 89.699997, "A_3200": 89.699997, "D_net_m": 953.09998, "name_i": "United Community Center", "name_j": "Oriental Garden", "D_euc_m": 926.0, "within_walk_limit": false, "same_group": false }, "geometry": { "type": "LineString", "coordinates": [ [ -73.886870457337452, 40.665427401173666 ], [ -73.887449156708442, 40.673757309074659 ] ] } },
{ "type": "Feature", "properties": { "park_i": "B515", "park_j": "B535", "n_settings": 1, "share": 0.062, "A_800": null, "A_1600": 34.400002, "A_3200": 34.400002, "D_net_m": 874.0, "name_i": "United Community Center", "name_j": "400 Montauk Av Block Assn", "D_euc_m": 925.3, "within_walk_limit": false, "same_group": false }, "geometry": { "type": "LineString", "coordinates": [ [ -73.886870457337452, 40.665427401173666 ], [ -73.876779634152328, 40.668657069133154 ] ] } },
{ "type": "Feature", "properties": { "park_i": "B535", "park_j": "B543", "n_settings": 2, "share": 0.125, "A_800": null, "A_1600": 35.5, "A_3200": 35.5, "D_net_m": 952.59998, "name_i": "400 Montauk Av Block Assn", "name_j": "East New York Farms Garden", "D_euc_m": 1001.8, "within_walk_limit": false, "same_group": false }, "geometry": { "type": "LineString", "coordinates": [ [ -73.876779634152328, 40.668657069133154 ], [ -73.887830525803011, 40.665398431084697 ] ] } },
{ "type": "Feature", "properties": { "park_i": "B538", "park_j": "B575", "n_settings": 16, "share": 1.0, "A_800": null, "A_1600": 12.2, "A_3200": 12.2, "D_net_m": 1014.5, "name_i": "Welcome Home Garden", "name_j": "Halsey Garden", "D_euc_m": 893.7, "within_walk_limit": false, "same_group": false }, "geometry": { "type": "LineString", "coordinates": [ [ -73.925310935754865, 40.684859560502602 ], [ -73.935667230044885, 40.683230984239188 ] ] } },
{ "type": "Feature", "properties": { "park_i": "B541", "park_j": "B548", "n_settings": 16, "share": 1.0, "A_800": 1.6, "A_1600": 1.6, "A_3200": 1.6, "D_net_m": 483.0, "name_i": "Berriman Playground", "name_j": "Park", "D_euc_m": 570.1, "within_walk_limit": true, "same_group": true }, "geometry": { "type": "LineString", "coordinates": [ [ -73.869510032403412, 40.656884247319965 ], [ -73.875399641824757, 40.654384311765206 ] ] } },
{ "type": "Feature", "properties": { "park_i": "B558", "park_j": "Q424", "n_settings": 2, "share": 0.125, "A_800": null, "A_1600": null, "A_3200": 25.4, "D_net_m": 1980.4, "name_i": "Linwood Street Garden (Pagan's Garden)", "name_j": "Judge Angelo Graci Triangle", "D_euc_m": 2012.6, "within_walk_limit": false, "same_group": false }, "geometry": { "type": "LineString", "coordinates": [ [ -73.882005999796505, 40.671134407636671 ], [ -73.858582762728076, 40.674391710078567 ] ] } },
{ "type": "Feature", "properties": { "park_i": "B574", "park_j": "B575", "n_settings": 12, "share": 0.75, "A_800": null, "A_1600": 12.4, "A_3200": 12.4, "D_net_m": 1150.7, "name_i": "Halsey Ralph & Howard Community Garden", "name_j": "Halsey Garden", "D_euc_m": 1091.2, "within_walk_limit": false, "same_group": false }, "geometry": { "type": "LineString", "coordinates": [ [ -73.922900133394833, 40.684699237176652 ], [ -73.935667230044885, 40.683230984239188 ] ] } },
{ "type": "Feature", "properties": { "park_i": "M003", "park_j": "M320", "n_settings": 4, "share": 0.25, "A_800": null, "A_1600": 16.0, "A_3200": 16.0, "D_net_m": 1195.6, "name_i": "Annunciation Playground", "name_j": "Old Croton Aqueduct Gatehouse", "D_euc_m": 1260.8, "within_walk_limit": false, "same_group": false }, "geometry": { "type": "LineString", "coordinates": [ [ -73.952116504354578, 40.818275894353974 ], [ -73.959580702440817, 40.808435994805421 ] ] } },
{ "type": "Feature", "properties": { "park_i": "M003", "park_j": "M368", "n_settings": 4, "share": 0.25, "A_800": null, "A_1600": null, "A_3200": 21.6, "D_net_m": 1827.9, "name_i": "Annunciation Playground", "name_j": "West 111th St. People's Garden", "D_euc_m": 1866.9, "within_walk_limit": false, "same_group": false }, "geometry": { "type": "LineString", "coordinates": [ [ -73.952116504354578, 40.818275894353974 ], [ -73.963549925006333, 40.803877103748313 ] ] } },
{ "type": "Feature", "properties": { "park_i": "M006", "park_j": "M395", "n_settings": 2, "share": 0.125, "A_800": null, "A_1600": 31.4, "A_3200": 31.4, "D_net_m": 986.5, "name_i": "Tribeca Park", "name_j": "Fiorello La Guardia Park", "D_euc_m": 1147.8, "within_walk_limit": false, "same_group": false }, "geometry": { "type": "LineString", "coordinates": [ [ -74.005496029791018, 40.720119555671388 ], [ -73.99810432291828, 40.728795506094364 ] ] } },
{ "type": "Feature", "properties": { "park_i": "M008", "park_j": "M203A", "n_settings": 1, "share": 0.062, "A_800": null, "A_1600": 27.6, "A_3200": 27.6, "D_net_m": 1013.7, "name_i": "Bryant Park", "name_j": "Trygve Lie Plaza", "D_euc_m": 1192.5, "within_walk_limit": false, "same_group": false }, "geometry": { "type": "LineString", "coordinates": [ [ -73.982944921183176, 40.753486640283988 ], [ -73.970376939517379, 40.748584215366677 ] ] } },
{ "type": "Feature", "properties": { "park_i": "M015", "park_j": "M218", "n_settings": 4, "share": 0.25, "A_800": 21.9, "A_1600": 21.9, "A_3200": 21.9, "D_net_m": 673.0, "name_i": "Columbus Park", "name_j": "DeSalvio Playground", "D_euc_m": 830.7, "within_walk_limit": true, "same_group": false }, "geometry": { "type": "LineString", "coordinates": [ [ -74.000055029155135, 40.714792180386794 ], [ -73.996114757327888, 40.72164864447506 ] ] } },
{ "type": "Feature", "properties": { "park_i": "M017", "park_j": "M178", "n_settings": 4, "share": 0.25, "A_800": null, "A_1600": 58.099998, "A_3200": 58.099998, "D_net_m": 1262.2, "name_i": "Corlears Hook Park", "name_j": "Catherine Slip Malls", "D_euc_m": 1419.1, "within_walk_limit": false, "same_group": false }, "geometry": { "type": "LineString", "coordinates": [ [ -73.979588089663778, 40.711674713548767 ], [ -73.996145231419234, 40.709515345509793 ] ] } },
{ "type": "Feature", "properties": { "park_i": "M018", "park_j": "M040", "n_settings": 2, "share": 0.125, "A_800": 3.5, "A_1600": 3.5, "A_3200": 3.5, "D_net_m": 602.20001, "name_i": "Carmansville Playground", "name_j": "Johnny Hartman Square", "D_euc_m": 674.7, "within_walk_limit": true, "same_group": false }, "geometry": { "type": "LineString", "coordinates": [ [ -73.944230349613974, 40.829226721408808 ], [ -73.94861245857858, 40.824142178014405 ] ] } },
{ "type": "Feature", "properties": { "park_i": "M018", "park_j": "M041", "n_settings": 1, "share": 0.062, "A_800": null, "A_1600": 35.5, "A_3200": 35.5, "D_net_m": 824.90002, "name_i": "Carmansville Playground", "name_j": "Alexander Hamilton Playground", "D_euc_m": 909.5, "within_walk_limit": false, "same_group": false }, "geometry": { "type": "LineString", "coordinates": [ [ -73.944230349613974, 40.829226721408808 ], [ -73.951286988316966, 40.823031810505768 ] ] } },
{ "type": "Feature", "properties": { "park_i": "M021", "park_j": "M096#2", "n_settings": 1, "share": 0.062, "A_800": null, "A_1600": 13.2, "A_3200": 13.2, "D_net_m": 1526.6, "name_i": "A Philip Randolph Square", "name_j": "Adam Clayton Powell Jr. Malls (2/9)", "D_euc_m": 1690.0, "within_walk_limit": false, "same_group": false }, "geometry": { "type": "LineString", "coordinates": [ [ -73.952457950271423, 40.803801728506066 ], [ -73.942465548665993, 40.816996628931541 ] ] } },
{ "type": "Feature", "properties": { "park_i": "M021", "park_j": "M096#7", "n_settings": 1, "share": 0.062, "A_800": null, "A_1600": null, "A_3200": 14.9, "D_net_m": 1886.7, "name_i": "A Philip Randolph Square", "name_j": "Adam Clayton Powell Jr. Malls (7/9)", "D_euc_m": 2008.2, "within_walk_limit": false, "same_group": false }, "geometry": { "type": "LineString", "coordinates": [ [ -73.952457950271423, 40.803801728506066 ], [ -73.940632787915916, 40.819502123715004 ] ] } },
{ "type": "Feature", "properties": { "park_i": "M021", "park_j": "M211B", "n_settings": 2, "share": 0.125, "A_800": null, "A_1600": 8.3, "A_3200": 8.3, "D_net_m": 1003.2, "name_i": "A Philip Randolph Square", "name_j": "Langston Hughes Playground", "D_euc_m": 1056.8, "within_walk_limit": false, "same_group": false }, "geometry": { "type": "LineString", "coordinates": [ [ -73.952457950271423, 40.803801728506066 ], [ -73.94662487238115, 40.812226333158527 ] ] } },
{ "type": "Feature", "properties": { "park_i": "M021", "park_j": "M239", "n_settings": 2, "share": 0.125, "A_800": null, "A_1600": 9.5, "A_3200": 9.5, "D_net_m": 1547.7, "name_i": "A Philip Randolph Square", "name_j": "P.S. 155 Playground", "D_euc_m": 1605.7, "within_walk_limit": false, "same_group": false }, "geometry": { "type": "LineString", "coordinates": [ [ -73.952457950271423, 40.803801728506066 ], [ -73.935473210221559, 40.79727488534683 ] ] } },
{ "type": "Feature", "properties": { "park_i": "M021", "park_j": "M331", "n_settings": 2, "share": 0.125, "A_800": null, "A_1600": 5.3, "A_3200": 5.3, "D_net_m": 1137.9, "name_i": "A Philip Randolph Square", "name_j": "117th St Community Garden", "D_euc_m": 1144.1, "within_walk_limit": false, "same_group": false }, "geometry": { "type": "LineString", "coordinates": [ [ -73.952457950271423, 40.803801728506066 ], [ -73.940582679430719, 40.798825138086855 ] ] } },
{ "type": "Feature", "properties": { "park_i": "M021", "park_j": "M389", "n_settings": 4, "share": 0.25, "A_800": null, "A_1600": null, "A_3200": 10.3, "D_net_m": 1777.5, "name_i": "A Philip Randolph Square", "name_j": "St. Mark's Garden", "D_euc_m": 1751.8, "within_walk_limit": false, "same_group": false }, "geometry": { "type": "LineString", "coordinates": [ [ -73.952457950271423, 40.803801728506066 ], [ -73.934014945384305, 40.796550602441549 ] ] } },
{ "type": "Feature", "properties": { "park_i": "M023", "park_j": "M077", "n_settings": 6, "share": 0.375, "A_800": 27.1, "A_1600": 27.1, "A_3200": 27.1, "D_net_m": 686.59998, "name_i": "Donnellan Square", "name_j": "St. Nicholas Park", "D_euc_m": 1217.9, "within_walk_limit": true, "same_group": false }, "geometry": { "type": "LineString", "coordinates": [ [ -73.94272157563789, 40.827038501012296 ], [ -73.949060856235718, 40.817181994833447 ] ] } },
{ "type": "Feature", "properties": { "park_i": "M023", "park_j": "M394", "n_settings": 4, "share": 0.25, "A_800": null, "A_1600": null, "A_3200": 60.8, "D_net_m": 1862.5, "name_i": "Donnellan Square", "name_j": "St. Nicholas Miracle Garden", "D_euc_m": 1856.9, "within_walk_limit": false, "same_group": false }, "geometry": { "type": "LineString", "coordinates": [ [ -73.94272157563789, 40.827038501012296 ], [ -73.951433268743173, 40.811676955614438 ] ] } },
{ "type": "Feature", "properties": { "park_i": "M024", "park_j": "M319A", "n_settings": 1, "share": 0.062, "A_800": null, "A_1600": 22.8, "A_3200": 22.8, "D_net_m": 812.70001, "name_i": "Dorrance Brooks Square", "name_j": "Sugar Hill Garden", "D_euc_m": 991.3, "within_walk_limit": false, "same_group": false }, "geometry": { "type": "LineString", "coordinates": [ [ -73.947302376844746, 40.818195338005161 ], [ -73.942284660156147, 40.826269852130615 ] ] } },
{ "type": "Feature", "properties": { "park_i": "M024", "park_j": "M394", "n_settings": 1, "share": 0.062, "A_800": null, "A_1600": 28.3, "A_3200": 28.3, "D_net_m": 810.59998, "name_i": "Dorrance Brooks Square", "name_j": "St. Nicholas Miracle Garden", "D_euc_m": 803.2, "within_walk_limit": false, "same_group": false }, "geometry": { "type": "LineString", "coordinates": [ [ -73.947302376844746, 40.818195338005161 ], [ -73.951433268743173, 40.811676955614438 ] ] } },
{ "type": "Feature", "properties": { "park_i": "M030", "park_j": "M170", "n_settings": 1, "share": 0.062, "A_800": null, "A_1600": 55.8, "A_3200": 55.8, "D_net_m": 806.59998, "name_i": "Thomas Paine Park", "name_j": "Petrosino Square", "D_euc_m": 861.1, "within_walk_limit": false, "same_group": false }, "geometry": { "type": "LineString", "coordinates": [ [ -74.001839494154439, 40.714772458673075 ], [ -73.997415324309401, 40.721760644003311 ] ] } },
{ "type": "Feature", "properties": { "park_i": "M032", "park_j": "M125A", "n_settings": 4, "share": 0.25, "A_800": null, "A_1600": null, "A_3200": 43.200001, "D_net_m": 2270.8, "name_i": "Greeley Square Park", "name_j": "Minetta Green", "D_euc_m": 2325.4, "within_walk_limit": false, "same_group": false }, "geometry": { "type": "LineString", "coordinates": [ [ -73.988280030478975, 40.748715412316287 ], [ -74.00158409070572, 40.730374516338649 ] ] } },
{ "type": "Feature", "properties": { "park_i": "M032", "park_j": "M125B", "n_settings": 2, "share": 0.125, "A_800": null, "A_1600": null, "A_3200": 37.900002, "D_net_m": 2207.0, "name_i": "Greeley Square Park", "name_j": "Minetta Playground", "D_euc_m": 2292.2, "within_walk_limit": false, "same_group": false }, "geometry": { "type": "LineString", "coordinates": [ [ -73.988280030478975, 40.748715412316287 ], [ -74.001350808477753, 40.730618639569137 ] ] } },
{ "type": "Feature", "properties": { "park_i": "M032", "park_j": "M125C", "n_settings": 4, "share": 0.25, "A_800": null, "A_1600": null, "A_3200": 35.3, "D_net_m": 2126.0, "name_i": "Greeley Square Park", "name_j": "West 4th Street Courts", "D_euc_m": 2214.4, "within_walk_limit": false, "same_group": false }, "geometry": { "type": "LineString", "coordinates": [ [ -73.988280030478975, 40.748715412316287 ], [ -74.000934160278447, 40.731244297726739 ] ] } },
{ "type": "Feature", "properties": { "park_i": "M032", "park_j": "M125D", "n_settings": 2, "share": 0.125, "A_800": null, "A_1600": null, "A_3200": 48.599998, "D_net_m": 2319.5, "name_i": "Greeley Square Park", "name_j": "Minetta Triangle", "D_euc_m": 2378.4, "within_walk_limit": false, "same_group": false }, "geometry": { "type": "LineString", "coordinates": [ [ -73.988280030478975, 40.748715412316287 ], [ -74.001821116832517, 40.729928948149549 ] ] } },
{ "type": "Feature", "properties": { "park_i": "M032", "park_j": "M191", "n_settings": 2, "share": 0.125, "A_800": null, "A_1600": null, "A_3200": 47.099998, "D_net_m": 2278.2, "name_i": "Greeley Square Park", "name_j": "Father Demo Square", "D_euc_m": 2369.9, "within_walk_limit": false, "same_group": false }, "geometry": { "type": "LineString", "coordinates": [ [ -73.988280030478975, 40.748715412316287 ], [ -74.002171421756913, 40.730166393200413 ] ] } },
{ "type": "Feature", "properties": { "park_i": "M032", "park_j": "M278", "n_settings": 2, "share": 0.125, "A_800": null, "A_1600": null, "A_3200": 29.6, "D_net_m": 1795.5, "name_i": "Greeley Square Park", "name_j": "Jefferson Market Garden", "D_euc_m": 1843.6, "within_walk_limit": false, "same_group": false }, "geometry": { "type": "LineString", "coordinates": [ [ -73.988280030478975, 40.748715412316287 ], [ -73.999531061272123, 40.734482758882336 ] ] } },
{ "type": "Feature", "properties": { "park_i": "M033", "park_j": "M105", "n_settings": 1, "share": 0.062, "A_800": null, "A_1600": 31.5, "A_3200": 31.5, "D_net_m": 899.59998, "name_i": "Hamilton Fish Park", "name_j": "Sara D. Roosevelt Park", "D_euc_m": 940.0, "within_walk_limit": false, "same_group": false }, "geometry": { "type": "LineString", "coordinates": [ [ -73.980738967321585, 40.719698588969692 ], [ -73.991550906703637, 40.721706464208253 ] ] } },
{ "type": "Feature", "properties": { "park_i": "M033", "park_j": "M120B", "n_settings": 2, "share": 0.125, "A_800": null, "A_1600": null, "A_3200": 79.300003, "D_net_m": 2059.3, "name_i": "Hamilton Fish Park", "name_j": "Playground of the Americas", "D_euc_m": 2072.4, "within_walk_limit": false, "same_group": false }, "geometry": { "type": "LineString", "coordinates": [ [ -73.980738967321585, 40.719698588969692 ], [ -74.002704934568683, 40.728017987660508 ] ] } },
{ "type": "Feature", "properties": { "park_i": "M034", "park_j": "M239", "n_settings": 1, "share": 0.062, "A_800": null, "A_1600": null, "A_3200": 82.699997, "D_net_m": 2165.2, "name_i": "Hancock Park", "name_j": "P.S. 155 Playground", "D_euc_m": 2028.4, "within_walk_limit": false, "same_group": false }, "geometry": { "type": "LineString", "coordinates": [ [ -73.953282831037356, 40.809550282526175 ], [ -73.935473210221559, 40.79727488534683 ] ] } },
{ "type": "Feature", "properties": { "park_i": "M035", "park_j": "M096#2", "n_settings": 2, "share": 0.125, "A_800": null, "A_1600": 27.9, "A_3200": 27.9, "D_net_m": 1035.6, "name_i": "Brigadier General Charles Young Triangle", "name_j": "Adam Clayton Powell Jr. Malls (2/9)", "D_euc_m": 1265.7, "within_walk_limit": false, "same_group": false }, "geometry": { "type": "LineString", "coordinates": [ [ -73.935822196324082, 40.827219579843202 ], [ -73.942465548665993, 40.816996628931541 ] ] } },
{ "type": "Feature", "properties": { "park_i": "M035", "park_j": "M211A", "n_settings": 3, "share": 0.188, "A_800": null, "A_1600": null, "A_3200": 35.0, "D_net_m": 1926.3, "name_i": "Brigadier General Charles Young Triangle", "name_j": "St. Nicholas Playground South", "D_euc_m": 2033.1, "within_walk_limit": false, "same_group": false }, "geometry": { "type": "LineString", "coordinates": [ [ -73.935822196324082, 40.827219579843202 ], [ -73.947253810357921, 40.811096047962877 ] ] } },
{ "type": "Feature", "properties": { "park_i": "M035", "park_j": "M211B", "n_settings": 6, "share": 0.375, "A_800": null, "A_1600": null, "A_3200": 34.5, "D_net_m": 1834.6, "name_i": "Brigadier General Charles Young Triangle", "name_j": "Langston Hughes Playground", "D_euc_m": 1897.5, "within_walk_limit": false, "same_group": false }, "geometry": { "type": "LineString", "coordinates": [ [ -73.935822196324082, 40.827219579843202 ], [ -73.94662487238115, 40.812226333158527 ] ] } },
{ "type": "Feature", "properties": { "park_i": "M036", "park_j": "M125C", "n_settings": 2, "share": 0.125, "A_800": null, "A_1600": null, "A_3200": 39.0, "D_net_m": 2288.3999, "name_i": "Herald Square", "name_j": "West 4th Street Courts", "D_euc_m": 2384.1, "within_walk_limit": false, "same_group": false }, "geometry": { "type": "LineString", "coordinates": [ [ -73.987675709495619, 40.750205454771439 ], [ -74.000934160278447, 40.731244297726739 ] ] } },
{ "type": "Feature", "properties": { "park_i": "M036", "park_j": "M278", "n_settings": 2, "share": 0.125, "A_800": null, "A_1600": null, "A_3200": 33.3, "D_net_m": 1957.9, "name_i": "Herald Square", "name_j": "Jefferson Market Garden", "D_euc_m": 2012.1, "within_walk_limit": false, "same_group": false }, "geometry": { "type": "LineString", "coordinates": [ [ -73.987675709495619, 40.750205454771439 ], [ -73.999531061272123, 40.734482758882336 ] ] } },
{ "type": "Feature", "properties": { "park_i": "M039#3", "park_j": "M204", "n_settings": 2, "share": 0.125, "A_800": 80.099998, "A_1600": 80.099998, "A_3200": 80.099998, "D_net_m": 585.70001, "name_i": "Harlem River Park (3/15)", "name_j": "Moore Playground", "D_euc_m": 609.9, "within_walk_limit": true, "same_group": false }, "geometry": { "type": "LineString", "coordinates": [ [ -73.934111414044736, 40.813746879977288 ], [ -73.938492687529006, 40.809377021463334 ] ] } },
{ "type": "Feature", "properties": { "park_i": "M039#3", "park_j": "M367", "n_settings": 1, "share": 0.062, "A_800": null, "A_1600": null, "A_3200": 111.2, "D_net_m": 1711.6, "name_i": "Harlem River Park (3/15)", "name_j": "Peaceful Valley Garden", "D_euc_m": 1701.7, "within_walk_limit": false, "same_group": false }, "geometry": { "type": "LineString", "coordinates": [ [ -73.934111414044736, 40.813746879977288 ], [ -73.944160820624518, 40.800455855224108 ] ] } },
{ "type": "Feature", "properties": { "park_i": "M039#7", "park_j": "M077", "n_settings": 2, "share": 0.125, "A_800": null, "A_1600": 32.599998, "A_3200": 32.599998, "D_net_m": 1121.7, "name_i": "Harlem River Park (7/15)", "name_j": "St. Nicholas Park", "D_euc_m": 1833.0, "within_walk_limit": false, "same_group": false }, "geometry": { "type": "LineString", "coordinates": [ [ -73.939230457942728, 40.831908184687855 ], [ -73.949060856235718, 40.817181994833447 ] ] } },
{ "type": "Feature", "properties": { "park_i": "M039#7", "park_j": "M394", "n_settings": 2, "share": 0.125, "A_800": null, "A_1600": null, "A_3200": 66.199997, "D_net_m": 2297.6001, "name_i": "Harlem River Park (7/15)", "name_j": "St. Nicholas Miracle Garden", "D_euc_m": 2470.6, "within_walk_limit": false, "same_group": false }, "geometry": { "type": "LineString", "coordinates": [ [ -73.939230457942728, 40.831908184687855 ], [ -73.951433268743173, 40.811676955614438 ] ] } },
{ "type": "Feature", "properties": { "park_i": "M040", "park_j": "M320", "n_settings": 4, "share": 0.25, "A_800": null, "A_1600": null, "A_3200": 23.4, "D_net_m": 1921.4, "name_i": "Johnny Hartman Square", "name_j": "Old Croton Aqueduct Gatehouse", "D_euc_m": 1973.9, "within_walk_limit": false, "same_group": false }, "geometry": { "type": "LineString", "coordinates": [ [ -73.94861245857858, 40.824142178014405 ], [ -73.959580702440817, 40.808435994805421 ] ] } },
{ "type": "Feature", "properties": { "park_i": "M044", "park_j": "M337", "n_settings": 2, "share": 0.125, "A_800": null, "A_1600": null, "A_3200": 32.0, "D_net_m": 2195.7, "name_i": "Jackson Square", "name_j": "Dias Y Flores", "D_euc_m": 2223.8, "within_walk_limit": false, "same_group": false }, "geometry": { "type": "LineString", "coordinates": [ [ -74.002832967387306, 40.738985757342753 ], [ -73.979938182303727, 40.729088695910242 ] ] } },
{ "type": "Feature", "properties": { "park_i": "M044", "park_j": "M352", "n_settings": 2, "share": 0.125, "A_800": null, "A_1600": null, "A_3200": 32.099998, "D_net_m": 2303.1001, "name_i": "Jackson Square", "name_j": "Yu Suen Garden", "D_euc_m": 2368.6, "within_walk_limit": false, "same_group": false }, "geometry": { "type": "LineString", "coordinates": [ [ -74.002832967387306, 40.738985757342753 ], [ -73.978376375189697, 40.728539235285503 ] ] } },
{ "type": "Feature", "properties": { "park_i": "M047", "park_j": "M108A", "n_settings": 4, "share": 0.25, "A_800": 25.6, "A_1600": 25.1, "A_3200": 25.1, "D_net_m": 769.40002, "name_i": "Thomas Jefferson Park", "name_j": "Louis Cuvillier Park", "D_euc_m": 933.4, "within_walk_limit": true, "same_group": false }, "geometry": { "type": "LineString", "coordinates": [ [ -73.935306286112308, 40.793274335174011 ], [ -73.930954657736237, 40.801004120890319 ] ] } },
{ "type": "Feature", "properties": { "park_i": "M047", "park_j": "M405", "n_settings": 5, "share": 0.312, "A_800": null, "A_1600": null, "A_3200": 14.3, "D_net_m": 1759.1, "name_i": "Thomas Jefferson Park", "name_j": "Electric Ladybug Garden", "D_euc_m": 1962.0, "within_walk_limit": false, "same_group": false }, "geometry": { "type": "LineString", "coordinates": [ [ -73.935306286112308, 40.793274335174011 ], [ -73.956293101190141, 40.800887507994204 ] ] } },
{ "type": "Feature", "properties": { "park_i": "M047", "park_j": "M417", "n_settings": 1, "share": 0.062, "A_800": null, "A_1600": 4.7, "A_3200": 4.7, "D_net_m": 842.79999, "name_i": "Thomas Jefferson Park", "name_j": "Diversity Edible Farm", "D_euc_m": 1040.3, "within_walk_limit": false, "same_group": false }, "geometry": { "type": "LineString", "coordinates": [ [ -73.935306286112308, 40.793274335174011 ], [ -73.946753897297725, 40.796755769902639 ] ] } },
{ "type": "Feature", "properties": { "park_i": "M047", "park_j": "M418", "n_settings": 3, "share": 0.188, "A_800": null, "A_1600": 4.7, "A_3200": 4.7, "D_net_m": 842.79999, "name_i": "Thomas Jefferson Park", "name_j": "Mission Garden", "D_euc_m": 1020.3, "within_walk_limit": false, "same_group": false }, "geometry": { "type": "LineString", "coordinates": [ [ -73.935306286112308, 40.793274335174011 ], [ -73.946524457380875, 40.796707037931952 ] ] } },
{ "type": "Feature", "properties": { "park_i": "M054", "park_j": "M055", "n_settings": 2, "share": 0.125, "A_800": null, "A_1600": null, "A_3200": 63.599998, "D_net_m": 2267.1001, "name_i": "Mitchel Square", "name_j": "Montefiore Square", "D_euc_m": 2374.5, "within_walk_limit": false, "same_group": false }, "geometry": { "type": "LineString", "coordinates": [ [ -73.939978140155517, 40.84024152097836 ], [ -73.953589818212365, 40.821517832655005 ] ] } },
{ "type": "Feature", "properties": { "park_i": "M055", "park_j": "M094A", "n_settings": 2, "share": 0.125, "A_800": null, "A_1600": 31.1, "A_3200": 31.1, "D_net_m": 1205.7, "name_i": "Montefiore Square", "name_j": "Broadway Malls", "D_euc_m": 1288.5, "within_walk_limit": false, "same_group": false }, "geometry": { "type": "LineString", "coordinates": [ [ -73.953589818212365, 40.821517832655005 ], [ -73.961329116217513, 40.811511503428918 ] ] } },
{ "type": "Feature", "properties": { "park_i": "M055", "park_j": "M095A", "n_settings": 2, "share": 0.125, "A_800": null, "A_1600": 18.5, "A_3200": 18.5, "D_net_m": 1450.7, "name_i": "Montefiore Square", "name_j": "Broadway Malls", "D_euc_m": 1614.3, "within_walk_limit": false, "same_group": false }, "geometry": { "type": "LineString", "coordinates": [ [ -73.953589818212365, 40.821517832655005 ], [ -73.944648426061605, 40.834374849172299 ] ] } },
{ "type": "Feature", "properties": { "park_i": "M059", "park_j": "M254", "n_settings": 4, "share": 0.25, "A_800": null, "A_1600": 29.9, "A_3200": 29.9, "D_net_m": 1181.4, "name_i": "Murphy Brothers Playground", "name_j": "Gustave Hartman Square", "D_euc_m": 1219.5, "within_walk_limit": false, "same_group": false }, "geometry": { "type": "LineString", "coordinates": [ [ -73.973459062127802, 40.730237564238585 ], [ -73.980622138274924, 40.720699366951351 ] ] } },
{ "type": "Feature", "properties": { "park_i": "M059", "park_j": "M325", "n_settings": 8, "share": 0.5, "A_800": 29.200001, "A_1600": 29.200001, "A_3200": 29.200001, "D_net_m": 640.90002, "name_i": "Murphy Brothers Playground", "name_j": "La Plaza Cultural", "D_euc_m": 700.3, "within_walk_limit": true, "same_group": true }, "geometry": { "type": "LineString", "coordinates": [ [ -73.973459062127802, 40.730237564238585 ], [ -73.978731409910324, 40.725368202122382 ] ] } },
{ "type": "Feature", "properties": { "park_i": "M059", "park_j": "M325B", "n_settings": 16, "share": 1.0, "A_800": 29.4, "A_1600": 29.4, "A_3200": 29.4, "D_net_m": 681.59998, "name_i": "Murphy Brothers Playground", "name_j": "Flower Door Garden", "D_euc_m": 710.3, "within_walk_limit": true, "same_group": true }, "geometry": { "type": "LineString", "coordinates": [ [ -73.973459062127802, 40.730237564238585 ], [ -73.978419006125264, 40.725070845845998 ] ] } },
{ "type": "Feature", "properties": { "park_i": "M059", "park_j": "M332", "n_settings": 8, "share": 0.5, "A_800": null, "A_1600": 29.700001, "A_3200": 29.700001, "D_net_m": 986.59998, "name_i": "Murphy Brothers Playground", "name_j": "The Secret Garden", "D_euc_m": 1038.5, "within_walk_limit": false, "same_group": false }, "geometry": { "type": "LineString", "coordinates": [ [ -73.973459062127802, 40.730237564238585 ], [ -73.980356809771308, 40.72249380324665 ] ] } },
{ "type": "Feature", "properties": { "park_i": "M060A", "park_j": "M060C#5", "n_settings": 2, "share": 0.125, "A_800": null, "A_1600": null, "A_3200": 36.200001, "D_net_m": 1943.5, "name_i": "Park Avenue Malls", "name_j": "Park Avenue Malls (5/8)", "D_euc_m": 2370.7, "within_walk_limit": false, "same_group": false }, "geometry": { "type": "LineString", "coordinates": [ [ -73.970493642254624, 40.761965202390989 ], [ -73.956864967076726, 40.780637628591528 ] ] } },
{ "type": "Feature", "properties": { "park_i": "M060B", "park_j": "M089", "n_settings": 4, "share": 0.25, "A_800": null, "A_1600": 53.099998, "A_3200": 53.099998, "D_net_m": 1333.7, "name_i": "Park Avenue Malls", "name_j": "Union Square Park", "D_euc_m": 1475.6, "within_walk_limit": false, "same_group": false }, "geometry": { "type": "LineString", "coordinates": [ [ -73.981097346784807, 40.747416677569383 ], [ -73.990263818188296, 40.736099470243389 ] ] } },
{ "type": "Feature", "properties": { "park_i": "M060C#3", "park_j": "M401", "n_settings": 1, "share": 0.062, "A_800": null, "A_1600": null, "A_3200": 40.400002, "D_net_m": 2031.3, "name_i": "Park Avenue Malls (3/8)", "name_j": "Lydia's Magic Garden (El Girasol Magic Garden)", "D_euc_m": 2261.6, "within_walk_limit": false, "same_group": false }, "geometry": { "type": "LineString", "coordinates": [ [ -73.955564143481993, 40.782423223007825 ], [ -73.94220474427712, 40.800084443171762 ] ] } },
{ "type": "Feature", "properties": { "park_i": "M060C#8", "park_j": "M401", "n_settings": 2, "share": 0.125, "A_800": null, "A_1600": null, "A_3200": 35.400002, "D_net_m": 1657.4, "name_i": "Park Avenue Malls (8/8)", "name_j": "Lydia's Magic Garden (El Girasol Magic Garden)", "D_euc_m": 1701.6, "within_walk_limit": false, "same_group": false }, "geometry": { "type": "LineString", "coordinates": [ [ -73.95234341166065, 40.786834654294204 ], [ -73.94220474427712, 40.800084443171762 ] ] } },
{ "type": "Feature", "properties": { "park_i": "M062", "park_j": "M177", "n_settings": 3, "share": 0.188, "A_800": null, "A_1600": 20.8, "A_3200": 20.8, "D_net_m": 949.40002, "name_i": "Grand Army Plaza", "name_j": "Honey Locust Park", "D_euc_m": 1023.7, "within_walk_limit": false, "same_group": false }, "geometry": { "type": "LineString", "coordinates": [ [ -73.973513549727031, 40.764178225526408 ], [ -73.962671658830942, 40.760046643173958 ] ] } },
{ "type": "Feature", "properties": { "park_i": "M066", "park_j": "M086", "n_settings": 1, "share": 0.062, "A_800": null, "A_1600": null, "A_3200": 26.4, "D_net_m": 1649.1, "name_i": "Dr. Gertrude B. Kelly Playground", "name_j": "Stuyvesant Square", "D_euc_m": 1804.8, "within_walk_limit": false, "same_group": false }, "geometry": { "type": "LineString", "coordinates": [ [ -74.002059682000777, 40.741589248448349 ], [ -73.983553219226323, 40.733455453813633 ] ] } },
{ "type": "Feature", "properties": { "park_i": "M066", "park_j": "M360#2", "n_settings": 2, "share": 0.125, "A_800": 0.5, "A_1600": 0.5, "A_3200": 0.5, "D_net_m": 457.89999, "name_i": "Dr. Gertrude B. Kelly Playground", "name_j": "The High Line (2/4)", "D_euc_m": 519.4, "within_walk_limit": true, "same_group": false }, "geometry": { "type": "LineString", "coordinates": [ [ -74.002059682000777, 40.741589248448349 ], [ -74.007013927746527, 40.744363017482719 ] ] } },
{ "type": "Feature", "properties": { "park_i": "M076", "park_j": "M280", "n_settings": 1, "share": 0.062, "A_800": null, "A_1600": null, "A_3200": 33.3, "D_net_m": 1846.0, "name_i": "St. Vartan Park", "name_j": "Tramway Plaza", "D_euc_m": 1932.9, "within_walk_limit": false, "same_group": false }, "geometry": { "type": "LineString", "coordinates": [ [ -73.97370809897231, 40.745140112748018 ], [ -73.964376542673222, 40.761039123974449 ] ] } },
{ "type": "Feature", "properties": { "park_i": "M077", "park_j": "M284", "n_settings": 2, "share": 0.125, "A_800": null, "A_1600": 42.700001, "A_3200": 42.700001, "D_net_m": 813.79999, "name_i": "St. Nicholas Park", "name_j": "Convent Garden", "D_euc_m": 1360.6, "within_walk_limit": false, "same_group": false }, "geometry": { "type": "LineString", "coordinates": [ [ -73.949060856235718, 40.817181994833447 ], [ -73.942618580195727, 40.828418456330169 ] ] } },
{ "type": "Feature", "properties": { "park_i": "M080", "park_j": "M195", "n_settings": 2, "share": 0.125, "A_800": 89.300003, "A_1600": 89.300003, "A_3200": 89.300003, "D_net_m": 792.29999, "name_i": "Schiff Mall", "name_j": "Sidney Hillman Playground", "D_euc_m": 855.9, "within_walk_limit": true, "same_group": false }, "geometry": { "type": "LineString", "coordinates": [ [ -73.988691133486483, 40.718696732411395 ], [ -73.979687668637737, 40.715159754105109 ] ] } },
{ "type": "Feature", "properties": { "park_i": "M083", "park_j": "M229", "n_settings": 2, "share": 0.125, "A_800": null, "A_1600": null, "A_3200": 66.199997, "D_net_m": 2238.1001, "name_i": "Sherman Square", "name_j": "Happy Warrior Playground", "D_euc_m": 2341.2, "within_walk_limit": false, "same_group": false }, "geometry": { "type": "LineString", "coordinates": [ [ -73.982331403378865, 40.777404246215319 ], [ -73.968473267490893, 40.795674053842191 ] ] } },
{ "type": "Feature", "properties": { "park_i": "M085", "park_j": "M094#9", "n_settings": 1, "share": 0.062, "A_800": null, "A_1600": null, "A_3200": 90.599998, "D_net_m": 1890.1, "name_i": "Straus Park", "name_j": "Broadway Malls (9/11)", "D_euc_m": 1949.2, "within_walk_limit": false, "same_group": false }, "geometry": { "type": "LineString", "coordinates": [ [ -73.968154931310465, 40.801820035270715 ], [ -73.978333044613905, 40.786057647824698 ] ] } },
{ "type": "Feature", "properties": { "park_i": "M086", "park_j": "M265", "n_settings": 4, "share": 0.25, "A_800": null, "A_1600": 16.700001, "A_3200": 16.700001, "D_net_m": 929.5, "name_i": "Stuyvesant Square", "name_j": "Vincent F. Albano Jr. Playground", "D_euc_m": 1042.5, "within_walk_limit": false, "same_group": false }, "geometry": { "type": "LineString", "coordinates": [ [ -73.983553219226323, 40.733455453813633 ], [ -73.978573660713877, 40.742048021306616 ] ] } },
{ "type": "Feature", "properties": { "park_i": "M094#10", "park_j": "M220", "n_settings": 2, "share": 0.125, "A_800": null, "A_1600": null, "A_3200": 49.400002, "D_net_m": 2234.8999, "name_i": "Broadway Malls (10/11)", "name_j": "Frederick Douglass Playground", "D_euc_m": 2430.7, "within_walk_limit": false, "same_group": false }, "geometry": { "type": "LineString", "coordinates": [ [ -73.98198314085127, 40.778346552062764 ], [ -73.967426379559896, 40.797240883370684 ] ] } },
{ "type": "Feature", "properties": { "park_i": "M094#10", "park_j": "M229", "n_settings": 2, "share": 0.125, "A_800": null, "A_1600": null, "A_3200": 44.700001, "D_net_m": 2062.2, "name_i": "Broadway Malls (10/11)", "name_j": "Happy Warrior Playground", "D_euc_m": 2236.0, "within_walk_limit": false, "same_group": false }, "geometry": { "type": "LineString", "coordinates": [ [ -73.98198314085127, 40.778346552062764 ], [ -73.968473267490893, 40.795674053842191 ] ] } },
{ "type": "Feature", "properties": { "park_i": "M094#7", "park_j": "M095#1", "n_settings": 3, "share": 0.188, "A_800": null, "A_1600": null, "A_3200": 41.8, "D_net_m": 2010.3, "name_i": "Broadway Malls (7/11)", "name_j": "Broadway Malls (1/5)", "D_euc_m": 2356.8, "within_walk_limit": false, "same_group": false }, "geometry": { "type": "LineString", "coordinates": [ [ -73.966997463520968, 40.80376342427784 ], [ -73.953445903667685, 40.822328977264945 ] ] } },
{ "type": "Feature", "properties": { "park_i": "M094A", "park_j": "M095#1", "n_settings": 8, "share": 0.5, "A_800": null, "A_1600": 17.0, "A_3200": 17.0, "D_net_m": 1039.2, "name_i": "Broadway Malls", "name_j": "Broadway Malls (1/5)", "D_euc_m": 1372.7, "within_walk_limit": false, "same_group": false }, "geometry": { "type": "LineString", "coordinates": [ [ -73.961329116217513, 40.811511503428918 ], [ -73.953445903667685, 40.822328977264945 ] ] } },
{ "type": "Feature", "properties": { "park_i": "M094A", "park_j": "M095#2", "n_settings": 6, "share": 0.375, "A_800": null, "A_1600": null, "A_3200": 35.0, "D_net_m": 2089.8999, "name_i": "Broadway Malls", "name_j": "Broadway Malls (2/5)", "D_euc_m": 2414.9, "within_walk_limit": false, "same_group": false }, "geometry": { "type": "LineString", "coordinates": [ [ -73.961329116217513, 40.811511503428918 ], [ -73.947451830490735, 40.830538667189266 ] ] } },
{ "type": "Feature", "properties": { "park_i": "M094A", "park_j": "M095#3", "n_settings": 6, "share": 0.375, "A_800": null, "A_1600": 23.0, "A_3200": 23.0, "D_net_m": 1408.1, "name_i": "Broadway Malls", "name_j": "Broadway Malls (3/5)", "D_euc_m": 1692.8, "within_walk_limit": false, "same_group": false }, "geometry": { "type": "LineString", "coordinates": [ [ -73.961329116217513, 40.811511503428918 ], [ -73.951604804486479, 40.824850410597975 ] ] } },
{ "type": "Feature", "properties": { "park_i": "M094A", "park_j": "M095#4", "n_settings": 2, "share": 0.125, "A_800": null, "A_1600": null, "A_3200": 38.700001, "D_net_m": 2405.1001, "name_i": "Broadway Malls", "name_j": "Broadway Malls (4/5)", "D_euc_m": 2492.5, "within_walk_limit": false, "same_group": false }, "geometry": { "type": "LineString", "coordinates": [ [ -73.961329116217513, 40.811511503428918 ], [ -73.947009249220784, 40.831151508924449 ] ] } },
{ "type": "Feature", "properties": { "park_i": "M094A", "park_j": "M095#5", "n_settings": 6, "share": 0.375, "A_800": null, "A_1600": null, "A_3200": 29.700001, "D_net_m": 1759.6, "name_i": "Broadway Malls", "name_j": "Broadway Malls (5/5)", "D_euc_m": 2018.3, "within_walk_limit": false, "same_group": false }, "geometry": { "type": "LineString", "coordinates": [ [ -73.961329116217513, 40.811511503428918 ], [ -73.949731554402547, 40.827414015077302 ] ] } },
{ "type": "Feature", "properties": { "park_i": "M095#1", "park_j": "M095A", "n_settings": 6, "share": 0.375, "A_800": null, "A_1600": 16.0, "A_3200": 16.0, "D_net_m": 1363.4, "name_i": "Broadway Malls (1/5)", "name_j": "Broadway Malls", "D_euc_m": 1529.3, "within_walk_limit": false, "same_group": false }, "geometry": { "type": "LineString", "coordinates": [ [ -73.953445903667685, 40.822328977264945 ], [ -73.944648426061605, 40.834374849172299 ] ] } },
{ "type": "Feature", "properties": { "park_i": "M095#2", "park_j": "M095A", "n_settings": 6, "share": 0.375, "A_800": 5.8, "A_1600": 5.8, "A_3200": 5.8, "D_net_m": 366.10001, "name_i": "Broadway Malls (2/5)", "name_j": "Broadway Malls", "D_euc_m": 487.1, "within_walk_limit": true, "same_group": true }, "geometry": { "type": "LineString", "coordinates": [ [ -73.947451830490735, 40.830538667189266 ], [ -73.944648426061605, 40.834374849172299 ] ] } },
{ "type": "Feature", "properties": { "park_i": "M095#3", "park_j": "M095A", "n_settings": 6, "share": 0.375, "A_800": null, "A_1600": 10.9, "A_3200": 10.9, "D_net_m": 1010.6, "name_i": "Broadway Malls (3/5)", "name_j": "Broadway Malls", "D_euc_m": 1209.2, "within_walk_limit": false, "same_group": false }, "geometry": { "type": "LineString", "coordinates": [ [ -73.951604804486479, 40.824850410597975 ], [ -73.944648426061605, 40.834374849172299 ] ] } },
{ "type": "Feature", "properties": { "park_i": "M095#5", "park_j": "M095A", "n_settings": 7, "share": 0.438, "A_800": 7.2, "A_1600": 7.2, "A_3200": 7.2, "D_net_m": 681.29999, "name_i": "Broadway Malls (5/5)", "name_j": "Broadway Malls", "D_euc_m": 883.7, "within_walk_limit": true, "same_group": true }, "geometry": { "type": "LineString", "coordinates": [ [ -73.949731554402547, 40.827414015077302 ], [ -73.944648426061605, 40.834374849172299 ] ] } },
{ "type": "Feature", "properties": { "park_i": "M096#1", "park_j": "M211B", "n_settings": 4, "share": 0.25, "A_800": null, "A_1600": 8.9, "A_3200": 8.9, "D_net_m": 1134.5, "name_i": "Adam Clayton Powell Jr. Malls (1/9)", "name_j": "Langston Hughes Playground", "D_euc_m": 1308.1, "within_walk_limit": false, "same_group": false }, "geometry": { "type": "LineString", "coordinates": [ [ -73.953628809412081, 40.801714074171365 ], [ -73.94662487238115, 40.812226333158527 ] ] } },
{ "type": "Feature", "properties": { "park_i": "M096#2", "park_j": "M141", "n_settings": 10, "share": 0.625, "A_800": null, "A_1600": 23.8, "A_3200": 23.8, "D_net_m": 1032.9, "name_i": "Adam Clayton Powell Jr. Malls (2/9)", "name_j": "Percy E. Sutton Playground", "D_euc_m": 1177.5, "within_walk_limit": false, "same_group": false }, "geometry": { "type": "LineString", "coordinates": [ [ -73.942465548665993, 40.816996628931541 ], [ -73.934863014497466, 40.825892850238588 ] ] } },
{ "type": "Feature", "properties": { "park_i": "M096#2", "park_j": "M159", "n_settings": 1, "share": 0.062, "A_800": null, "A_1600": 4.2, "A_3200": 4.2, "D_net_m": 803.90002, "name_i": "Adam Clayton Powell Jr. Malls (2/9)", "name_j": "Frederick Johnson Playground", "D_euc_m": 1037.0, "within_walk_limit": false, "same_group": false }, "geometry": { "type": "LineString", "coordinates": [ [ -73.942465548665993, 40.816996628931541 ], [ -73.935430065415758, 40.824657110917791 ] ] } },
{ "type": "Feature", "properties": { "park_i": "M096#2", "park_j": "M169", "n_settings": 2, "share": 0.125, "A_800": null, "A_1600": null, "A_3200": 20.0, "D_net_m": 1676.9, "name_i": "Adam Clayton Powell Jr. Malls (2/9)", "name_j": "Samuel Marx Triangle", "D_euc_m": 1820.8, "within_walk_limit": false, "same_group": false }, "geometry": { "type": "LineString", "coordinates": [ [ -73.942465548665993, 40.816996628931541 ], [ -73.952754273732268, 40.802578859715368 ] ] } },
{ "type": "Feature", "properties": { "park_i": "M096#3", "park_j": "M141", "n_settings": 2, "share": 0.125, "A_800": null, "A_1600": null, "A_3200": 35.5, "D_net_m": 2198.2, "name_i": "Adam Clayton Powell Jr. Malls (3/9)", "name_j": "Percy E. Sutton Playground", "D_euc_m": 2139.3, "within_walk_limit": false, "same_group": false }, "geometry": { "type": "LineString", "coordinates": [ [ -73.948006243690898, 40.80941204173002 ], [ -73.934863014497466, 40.825892850238588 ] ] } },
{ "type": "Feature", "properties": { "park_i": "M096#3", "park_j": "M159", "n_settings": 2, "share": 0.125, "A_800": null, "A_1600": null, "A_3200": 16.200001, "D_net_m": 1969.3, "name_i": "Adam Clayton Powell Jr. Malls (3/9)", "name_j": "Frederick Johnson Playground", "D_euc_m": 1997.4, "within_walk_limit": false, "same_group": false }, "geometry": { "type": "LineString", "coordinates": [ [ -73.948006243690898, 40.80941204173002 ], [ -73.935430065415758, 40.824657110917791 ] ] } },
{ "type": "Feature", "properties": { "park_i": "M096#4", "park_j": "M211A", "n_settings": 1, "share": 0.062, "A_800": null, "A_1600": null, "A_3200": 10.0, "D_net_m": 1609.0, "name_i": "Adam Clayton Powell Jr. Malls (4/9)", "name_j": "St. Nicholas Playground South", "D_euc_m": 1661.4, "within_walk_limit": false, "same_group": false }, "geometry": { "type": "LineString", "coordinates": [ [ -73.937331683992582, 40.824024421083763 ], [ -73.947253810357921, 40.811096047962877 ] ] } },
{ "type": "Feature", "properties": { "park_i": "M096#4", "park_j": "M211B", "n_settings": 8, "share": 0.5, "A_800": null, "A_1600": 9.5, "A_3200": 9.5, "D_net_m": 1517.2, "name_i": "Adam Clayton Powell Jr. Malls (4/9)", "name_j": "Langston Hughes Playground", "D_euc_m": 1526.4, "within_walk_limit": false, "same_group": false }, "geometry": { "type": "LineString", "coordinates": [ [ -73.937331683992582, 40.824024421083763 ], [ -73.94662487238115, 40.812226333158527 ] ] } },
{ "type": "Feature", "properties": { "park_i": "M096#5", "park_j": "M211B", "n_settings": 1, "share": 0.062, "A_800": 6.8, "A_1600": 6.8, "A_3200": 6.8, "D_net_m": 690.70001, "name_i": "Adam Clayton Powell Jr. Malls (5/9)", "name_j": "Langston Hughes Playground", "D_euc_m": 989.3, "within_walk_limit": true, "same_group": false }, "geometry": { "type": "LineString", "coordinates": [ [ -73.951789942718605, 40.804225685766319 ], [ -73.94662487238115, 40.812226333158527 ] ] } },
{ "type": "Feature", "properties": { "park_i": "M096#6", "park_j": "M141", "n_settings": 3, "share": 0.188, "A_800": null, "A_1600": null, "A_3200": 28.5, "D_net_m": 1765.7, "name_i": "Adam Clayton Powell Jr. Malls (6/9)", "name_j": "Percy E. Sutton Playground", "D_euc_m": 1977.5, "within_walk_limit": false, "same_group": false }, "geometry": { "type": "LineString", "coordinates": [ [ -73.947073501971687, 40.810686763817046 ], [ -73.934863014497466, 40.825892850238588 ] ] } },
{ "type": "Feature", "properties": { "park_i": "M096#7", "park_j": "M141", "n_settings": 5, "share": 0.312, "A_800": 20.9, "A_1600": 20.9, "A_3200": 20.9, "D_net_m": 679.5, "name_i": "Adam Clayton Powell Jr. Malls (7/9)", "name_j": "Percy E. Sutton Playground", "D_euc_m": 860.3, "within_walk_limit": true, "same_group": false }, "geometry": { "type": "LineString", "coordinates": [ [ -73.940632787915916, 40.819502123715004 ], [ -73.934863014497466, 40.825892850238588 ] ] } },
{ "type": "Feature", "properties": { "park_i": "M096#7", "park_j": "M169", "n_settings": 2, "share": 0.125, "A_800": null, "A_1600": null, "A_3200": 22.6, "D_net_m": 2037.1, "name_i": "Adam Clayton Powell Jr. Malls (7/9)", "name_j": "Samuel Marx Triangle", "D_euc_m": 2139.0, "within_walk_limit": false, "same_group": false }, "geometry": { "type": "LineString", "coordinates": [ [ -73.940632787915916, 40.819502123715004 ], [ -73.952754273732268, 40.802578859715368 ] ] } },
{ "type": "Feature", "properties": { "park_i": "M096#8", "park_j": "M141", "n_settings": 2, "share": 0.125, "A_800": 20.200001, "A_1600": 20.200001, "A_3200": 20.200001, "D_net_m": 350.10001, "name_i": "Adam Clayton Powell Jr. Malls (8/9)", "name_j": "Percy E. Sutton Playground", "D_euc_m": 544.4, "within_walk_limit": true, "same_group": false }, "geometry": { "type": "LineString", "coordinates": [ [ -73.938804281317275, 40.822009419188092 ], [ -73.934863014497466, 40.825892850238588 ] ] } },
{ "type": "Feature", "properties": { "park_i": "M096#8", "park_j": "M211B", "n_settings": 2, "share": 0.125, "A_800": null, "A_1600": 7.7, "A_3200": 7.7, "D_net_m": 1191.3, "name_i": "Adam Clayton Powell Jr. Malls (8/9)", "name_j": "Langston Hughes Playground", "D_euc_m": 1270.7, "within_walk_limit": false, "same_group": false }, "geometry": { "type": "LineString", "coordinates": [ [ -73.938804281317275, 40.822009419188092 ], [ -73.94662487238115, 40.812226333158527 ] ] } },
{ "type": "Feature", "properties": { "park_i": "M096#9", "park_j": "M141", "n_settings": 5, "share": 0.312, "A_800": null, "A_1600": 26.200001, "A_3200": 26.200001, "D_net_m": 1393.8, "name_i": "Adam Clayton Powell Jr. Malls (9/9)", "name_j": "Percy E. Sutton Playground", "D_euc_m": 1346.2, "within_walk_limit": false, "same_group": false }, "geometry": { "type": "LineString", "coordinates": [ [ -73.943438490745066, 40.8156649264943 ], [ -73.934863014497466, 40.825892850238588 ] ] } },
{ "type": "Feature", "properties": { "park_i": "M097", "park_j": "M220", "n_settings": 2, "share": 0.125, "A_800": null, "A_1600": null, "A_3200": 48.5, "D_net_m": 2212.3, "name_i": "Verdi Square", "name_j": "Frederick Douglass Playground", "D_euc_m": 2339.8, "within_walk_limit": false, "same_group": false }, "geometry": { "type": "LineString", "coordinates": [ [ -73.981532048893357, 40.779095259968535 ], [ -73.967426379559896, 40.797240883370684 ] ] } },
{ "type": "Feature", "properties": { "park_i": "M097", "park_j": "M229", "n_settings": 6, "share": 0.375, "A_800": null, "A_1600": null, "A_3200": 43.8, "D_net_m": 2039.6, "name_i": "Verdi Square", "name_j": "Happy Warrior Playground", "D_euc_m": 2145.1, "within_walk_limit": false, "same_group": false }, "geometry": { "type": "LineString", "coordinates": [ [ -73.981532048893357, 40.779095259968535 ], [ -73.968473267490893, 40.795674053842191 ] ] } },
{ "type": "Feature", "properties": { "park_i": "M098", "park_j": "M268", "n_settings": 5, "share": 0.312, "A_800": null, "A_1600": null, "A_3200": 22.1, "D_net_m": 1716.3, "name_i": "Washington Square Park", "name_j": "El Jardin Del Paraiso Park", "D_euc_m": 1828.0, "within_walk_limit": false, "same_group": false }, "geometry": { "type": "LineString", "coordinates": [ [ -73.997603763183875, 40.730890472680976 ], [ -73.97916082505995, 40.722271516245215 ] ] } },
{ "type": "Feature", "properties": { "park_i": "M098", "park_j": "M329", "n_settings": 5, "share": 0.312, "A_800": null, "A_1600": 21.9, "A_3200": 21.9, "D_net_m": 1529.6, "name_i": "Washington Square Park", "name_j": "Generation X", "D_euc_m": 1650.3, "within_walk_limit": false, "same_group": false }, "geometry": { "type": "LineString", "coordinates": [ [ -73.997603763183875, 40.730890472680976 ], [ -73.98141259425455, 40.722568380876417 ] ] } },
{ "type": "Feature", "properties": { "park_i": "M098", "park_j": "M332", "n_settings": 1, "share": 0.062, "A_800": null, "A_1600": 21.9, "A_3200": 21.9, "D_net_m": 1529.6, "name_i": "Washington Square Park", "name_j": "The Secret Garden", "D_euc_m": 1729.3, "within_walk_limit": false, "same_group": false }, "geometry": { "type": "LineString", "coordinates": [ [ -73.997603763183875, 40.730890472680976 ], [ -73.980356809771308, 40.72249380324665 ] ] } },
{ "type": "Feature", "properties": { "park_i": "M098", "park_j": "M354", "n_settings": 5, "share": 0.312, "A_800": null, "A_1600": null, "A_3200": 22.1, "D_net_m": 1716.3, "name_i": "Washington Square Park", "name_j": "Orchard Alley Garden", "D_euc_m": 1935.3, "within_walk_limit": false, "same_group": false }, "geometry": { "type": "LineString", "coordinates": [ [ -73.997603763183875, 40.730890472680976 ], [ -73.978453487607297, 40.721316744048501 ] ] } },
{ "type": "Feature", "properties": { "park_i": "M098", "park_j": "M410", "n_settings": 5, "share": 0.312, "A_800": null, "A_1600": 21.9, "A_3200": 21.9, "D_net_m": 1529.6, "name_i": "Washington Square Park", "name_j": "Sage Garden", "D_euc_m": 1673.0, "within_walk_limit": false, "same_group": false }, "geometry": { "type": "LineString", "coordinates": [ [ -73.997603763183875, 40.730890472680976 ], [ -73.980870999774623, 40.722824015229072 ] ] } },
{ "type": "Feature", "properties": { "park_i": "M101", "park_j": "M249", "n_settings": 6, "share": 0.375, "A_800": null, "A_1600": 0.8, "A_3200": 0.8, "D_net_m": 915.59998, "name_i": "Worth Square", "name_j": "Penn South Playground", "D_euc_m": 972.3, "within_walk_limit": false, "same_group": false }, "geometry": { "type": "LineString", "coordinates": [ [ -73.988986161487801, 40.742648844944505 ], [ -73.998569288066051, 40.74750583952666 ] ] } },
{ "type": "Feature", "properties": { "park_i": "M101", "park_j": "M360#3", "n_settings": 2, "share": 0.125, "A_800": null, "A_1600": 14.2, "A_3200": 14.2, "D_net_m": 1491.8, "name_i": "Worth Square", "name_j": "The High Line (3/4)", "D_euc_m": 1453.2, "within_walk_limit": false, "same_group": false }, "geometry": { "type": "LineString", "coordinates": [ [ -73.988986161487801, 40.742648844944505 ], [ -74.004760113083719, 40.747886343351183 ] ] } },
{ "type": "Feature", "properties": { "park_i": "M108A", "park_j": "M192", "n_settings": 4, "share": 0.25, "A_800": null, "A_1600": null, "A_3200": 64.900002, "D_net_m": 2137.2, "name_i": "Louis Cuvillier Park", "name_j": "Stanley Isaacs Playground", "D_euc_m": 2241.8, "within_walk_limit": false, "same_group": false }, "geometry": { "type": "LineString", "coordinates": [ [ -73.930954657736237, 40.801004120890319 ], [ -73.944097774377539, 40.78345462705542 ] ] } },
{ "type": "Feature", "properties": { "park_i": "M108F", "park_j": "M189", "n_settings": 3, "share": 0.188, "A_800": null, "A_1600": null, "A_3200": 22.3, "D_net_m": 1981.9, "name_i": "Triboro Plaza", "name_j": "Roosevelt Triangle", "D_euc_m": 2033.2, "within_walk_limit": false, "same_group": false }, "geometry": { "type": "LineString", "coordinates": [ [ -73.933476589345375, 40.802393258277654 ], [ -73.954463211855696, 40.811400166746061 ] ] } },
{ "type": "Feature", "properties": { "park_i": "M108F", "park_j": "M328", "n_settings": 3, "share": 0.188, "A_800": null, "A_1600": null, "A_3200": 12.1, "D_net_m": 1783.1, "name_i": "Triboro Plaza", "name_j": "William B. Washington Memorial Garden", "D_euc_m": 1826.0, "within_walk_limit": false, "same_group": false }, "geometry": { "type": "LineString", "coordinates": [ [ -73.933476589345375, 40.802393258277654 ], [ -73.951569400474952, 40.811422560163962 ] ] } },
{ "type": "Feature", "properties": { "park_i": "M108J", "park_j": "M166", "n_settings": 6, "share": 0.375, "A_800": null, "A_1600": 68.400002, "A_3200": 68.400002, "D_net_m": 846.0, "name_i": "Park", "name_j": "Harlem Art Park", "D_euc_m": 903.3, "within_walk_limit": false, "same_group": false }, "geometry": { "type": "LineString", "coordinates": [ [ -73.929490769235002, 40.79701515240621 ], [ -73.938798538535679, 40.801035965758835 ] ] } },
{ "type": "Feature", "properties": { "park_i": "M108J", "park_j": "M356", "n_settings": 4, "share": 0.25, "A_800": null, "A_1600": null, "A_3200": 84.599998, "D_net_m": 2117.0, "name_i": "Park", "name_j": "P.S. 76 Garden", "D_euc_m": 2090.6, "within_walk_limit": false, "same_group": false }, "geometry": { "type": "LineString", "coordinates": [ [ -73.929490769235002, 40.79701515240621 ], [ -73.95110721771394, 40.806224641820521 ] ] } },
{ "type": "Feature", "properties": { "park_i": "M108Q", "park_j": "M286", "n_settings": 4, "share": 0.25, "A_800": null, "A_1600": null, "A_3200": 7.6, "D_net_m": 2350.8999, "name_i": "Twenty-Four Sycamores Park", "name_j": "Asphalt Green", "D_euc_m": 2438.5, "within_walk_limit": false, "same_group": false }, "geometry": { "type": "LineString", "coordinates": [ [ -73.958666942058358, 40.759456404723934 ], [ -73.944071741692127, 40.778412928486084 ] ] } },
{ "type": "Feature", "properties": { "park_i": "M108Q1", "park_j": "M108T#5", "n_settings": 8, "share": 0.5, "A_800": 41.8, "A_1600": 41.8, "A_3200": 41.8, "D_net_m": 200.0, "name_i": "Andrew Haswell Green Park", "name_j": "East River Walk (5/6)", "D_euc_m": 527.6, "within_walk_limit": true, "same_group": true }, "geometry": { "type": "LineString", "coordinates": [ [ -73.957769417235184, 40.759411095257491 ], [ -73.961011355979679, 40.755347688110703 ] ] } },
{ "type": "Feature", "properties": { "park_i": "M108Q1", "park_j": "M177", "n_settings": 4, "share": 0.25, "A_800": null, "A_1600": 47.3, "A_3200": 47.3, "D_net_m": 1086.9, "name_i": "Andrew Haswell Green Park", "name_j": "Honey Locust Park", "D_euc_m": 419.8, "within_walk_limit": false, "same_group": false }, "geometry": { "type": "LineString", "coordinates": [ [ -73.957769417235184, 40.759411095257491 ], [ -73.962671658830942, 40.760046643173958 ] ] } },
{ "type": "Feature", "properties": { "park_i": "M111", "park_j": "M208C", "n_settings": 2, "share": 0.125, "A_800": null, "A_1600": 31.6, "A_3200": 31.6, "D_net_m": 1292.1, "name_i": "James Weldon Johnson Playground", "name_j": "Harlem River Park", "D_euc_m": 1333.2, "within_walk_limit": false, "same_group": false }, "geometry": { "type": "LineString", "coordinates": [ [ -73.941834478008488, 40.797168572045216 ], [ -73.934614728244625, 40.807850849236871 ] ] } },
{ "type": "Feature", "properties": { "park_i": "M111", "park_j": "M327", "n_settings": 2, "share": 0.125, "A_800": null, "A_1600": 21.4, "A_3200": 21.4, "D_net_m": 1078.1, "name_i": "James Weldon Johnson Playground", "name_j": "Maggie's Magic Garden", "D_euc_m": 1113.9, "within_walk_limit": false, "same_group": false }, "geometry": { "type": "LineString", "coordinates": [ [ -73.941834478008488, 40.797168572045216 ], [ -73.949281120462473, 40.788883586904973 ] ] } },
{ "type": "Feature", "properties": { "park_i": "M111", "park_j": "M346", "n_settings": 4, "share": 0.25, "A_800": 13.2, "A_1600": 13.2, "A_3200": 13.2, "D_net_m": 648.79999, "name_i": "James Weldon Johnson Playground", "name_j": "Life Spire Garden", "D_euc_m": 665.3, "within_walk_limit": true, "same_group": false }, "geometry": { "type": "LineString", "coordinates": [ [ -73.941834478008488, 40.797168572045216 ], [ -73.938448622537635, 40.802580774806088 ] ] } },
{ "type": "Feature", "properties": { "park_i": "M113", "park_j": "M359", "n_settings": 4, "share": 0.25, "A_800": 1.4, "A_1600": 1.4, "A_3200": 1.4, "D_net_m": 255.3, "name_i": "Joseph C. Sauer Park", "name_j": "Campos Garden", "D_euc_m": 210.1, "within_walk_limit": true, "same_group": false }, "geometry": { "type": "LineString", "coordinates": [ [ -73.979731210610609, 40.728190737316488 ], [ -73.977571353221037, 40.727250884576982 ] ] } },
{ "type": "Feature", "properties": { "park_i": "M113", "park_j": "M404", "n_settings": 2, "share": 0.125, "A_800": null, "A_1600": null, "A_3200": 6.4, "D_net_m": 1980.9, "name_i": "Joseph C. Sauer Park", "name_j": "NYC AIDS Memorial Park at St. Vincent’s Triangle", "D_euc_m": 2056.7, "within_walk_limit": false, "same_group": false }, "geometry": { "type": "LineString", "coordinates": [ [ -73.979731210610609, 40.728190737316488 ], [ -74.00112549991637, 40.737043903133234 ] ] } },
{ "type": "Feature", "properties": { "park_i": "M113A", "park_j": "M335", "n_settings": 4, "share": 0.25, "A_800": null, "A_1600": 17.1, "A_3200": 17.1, "D_net_m": 946.5, "name_i": "Children's Garden", "name_j": "Clinton Community Garden (LES)", "D_euc_m": 999.8, "within_walk_limit": false, "same_group": false }, "geometry": { "type": "LineString", "coordinates": [ [ -73.979258594181672, 40.728101175115242 ], [ -73.984457419888102, 40.720010457887241 ] ] } },
{ "type": "Feature", "properties": { "park_i": "M113A", "park_j": "M404", "n_settings": 2, "share": 0.125, "A_800": null, "A_1600": null, "A_3200": 6.4, "D_net_m": 1980.9, "name_i": "Children's Garden", "name_j": "NYC AIDS Memorial Park at St. Vincent’s Triangle", "D_euc_m": 2096.6, "within_walk_limit": false, "same_group": false }, "geometry": { "type": "LineString", "coordinates": [ [ -73.979258594181672, 40.728101175115242 ], [ -74.00112549991637, 40.737043903133234 ] ] } },
{ "type": "Feature", "properties": { "park_i": "M116", "park_j": "M122", "n_settings": 1, "share": 0.062, "A_800": null, "A_1600": 49.0, "A_3200": 49.0, "D_net_m": 956.5, "name_i": "ABC Playground", "name_j": "Captain Jacob Joseph Playground", "D_euc_m": 968.0, "within_walk_limit": false, "same_group": false }, "geometry": { "type": "LineString", "coordinates": [ [ -73.986032252736493, 40.721818210191827 ], [ -73.989816874834361, 40.713587663096135 ] ] } },
{ "type": "Feature", "properties": { "park_i": "M120B", "park_j": "M222", "n_settings": 2, "share": 0.125, "A_800": 16.8, "A_1600": 16.8, "A_3200": 16.8, "D_net_m": 643.09998, "name_i": "Playground of the Americas", "name_j": "Grand Canal Court", "D_euc_m": 665.6, "within_walk_limit": true, "same_group": false }, "geometry": { "type": "LineString", "coordinates": [ [ -74.002704934568683, 40.728017987660508 ], [ -74.00503825247398, 40.722291381054418 ] ] } },
{ "type": "Feature", "properties": { "park_i": "M123", "park_j": "M201", "n_settings": 2, "share": 0.125, "A_800": null, "A_1600": 42.700001, "A_3200": 42.700001, "D_net_m": 943.5, "name_i": "Peretz Square", "name_j": "Wald Playground", "D_euc_m": 989.5, "within_walk_limit": false, "same_group": false }, "geometry": { "type": "LineString", "coordinates": [ [ -73.987815582930651, 40.722885057778633 ], [ -73.976891573531347, 40.719665173979493 ] ] } },
{ "type": "Feature", "properties": { "park_i": "M124", "park_j": "M265", "n_settings": 2, "share": 0.125, "A_800": null, "A_1600": null, "A_3200": 46.700001, "D_net_m": 2230.5, "name_i": "First Park", "name_j": "Vincent F. Albano Jr. Playground", "D_euc_m": 2249.1, "within_walk_limit": false, "same_group": false }, "geometry": { "type": "LineString", "coordinates": [ [ -73.989521341745956, 40.723579379828706 ], [ -73.978573660713877, 40.742048021306616 ] ] } },
{ "type": "Feature", "properties": { "park_i": "M125B", "park_j": "M314", "n_settings": 4, "share": 0.25, "A_800": null, "A_1600": null, "A_3200": 48.700001, "D_net_m": 1639.3, "name_i": "Minetta Playground", "name_j": "Miracle Garden", "D_euc_m": 1745.8, "within_walk_limit": false, "same_group": false }, "geometry": { "type": "LineString", "coordinates": [ [ -74.001350808477753, 40.730618639569137 ], [ -73.983521750894681, 40.722660762687894 ] ] } },
{ "type": "Feature", "properties": { "park_i": "M125B", "park_j": "M334", "n_settings": 2, "share": 0.125, "A_800": null, "A_1600": null, "A_3200": 52.700001, "D_net_m": 1862.6, "name_i": "Minetta Playground", "name_j": "Brisas Del Caribe", "D_euc_m": 1917.2, "within_walk_limit": false, "same_group": false }, "geometry": { "type": "LineString", "coordinates": [ [ -74.001350808477753, 40.730618639569137 ], [ -73.981470425299491, 40.722281610810029 ] ] } },
{ "type": "Feature", "properties": { "park_i": "M125B", "park_j": "M345", "n_settings": 1, "share": 0.062, "A_800": null, "A_1600": null, "A_3200": 52.700001, "D_net_m": 1852.7, "name_i": "Minetta Playground", "name_j": "Kenkeleba House Garden", "D_euc_m": 1833.5, "within_walk_limit": false, "same_group": false }, "geometry": { "type": "LineString", "coordinates": [ [ -74.001350808477753, 40.730618639569137 ], [ -73.982691394074848, 40.722177310908158 ] ] } },
{ "type": "Feature", "properties": { "park_i": "M125B", "park_j": "M357", "n_settings": 2, "share": 0.125, "A_800": null, "A_1600": null, "A_3200": 52.700001, "D_net_m": 1862.6, "name_i": "Minetta Playground", "name_j": "Los Amigos Garden", "D_euc_m": 1863.7, "within_walk_limit": false, "same_group": false }, "geometry": { "type": "LineString", "coordinates": [ [ -74.001350808477753, 40.730618639569137 ], [ -73.982025035070293, 40.722515468728439 ] ] } },
{ "type": "Feature", "properties": { "park_i": "M125C", "park_j": "M259", "n_settings": 2, "share": 0.125, "A_800": null, "A_1600": 32.3, "A_3200": 32.3, "D_net_m": 1419.7, "name_i": "West 4th Street Courts", "name_j": "McKinley Playground", "D_euc_m": 1496.9, "within_walk_limit": false, "same_group": false }, "geometry": { "type": "LineString", "coordinates": [ [ -74.000934160278447, 40.731244297726739 ], [ -73.985777820997043, 40.724253948967238 ] ] } },
{ "type": "Feature", "properties": { "park_i": "M125C", "park_j": "M314", "n_settings": 4, "share": 0.25, "A_800": null, "A_1600": null, "A_3200": 48.700001, "D_net_m": 1639.3, "name_i": "West 4th Street Courts", "name_j": "Miracle Garden", "D_euc_m": 1752.3, "within_walk_limit": false, "same_group": false }, "geometry": { "type": "LineString", "coordinates": [ [ -74.000934160278447, 40.731244297726739 ], [ -73.983521750894681, 40.722660762687894 ] ] } },
{ "type": "Feature", "properties": { "park_i": "M125C", "park_j": "M334", "n_settings": 2, "share": 0.125, "A_800": null, "A_1600": null, "A_3200": 52.700001, "D_net_m": 1862.6, "name_i": "West 4th Street Courts", "name_j": "Brisas Del Caribe", "D_euc_m": 1921.5, "within_walk_limit": false, "same_group": false }, "geometry": { "type": "LineString", "coordinates": [ [ -74.000934160278447, 40.731244297726739 ], [ -73.981470425299491, 40.722281610810029 ] ] } },
{ "type": "Feature", "properties": { "park_i": "M125C", "park_j": "M345", "n_settings": 1, "share": 0.062, "A_800": null, "A_1600": null, "A_3200": 52.700001, "D_net_m": 1852.7, "name_i": "West 4th Street Courts", "name_j": "Kenkeleba House Garden", "D_euc_m": 1840.4, "within_walk_limit": false, "same_group": false }, "geometry": { "type": "LineString", "coordinates": [ [ -74.000934160278447, 40.731244297726739 ], [ -73.982691394074848, 40.722177310908158 ] ] } },
{ "type": "Feature", "properties": { "park_i": "M125C", "park_j": "M357", "n_settings": 2, "share": 0.125, "A_800": null, "A_1600": null, "A_3200": 52.700001, "D_net_m": 1862.6, "name_i": "West 4th Street Courts", "name_j": "Los Amigos Garden", "D_euc_m": 1868.0, "within_walk_limit": false, "same_group": false }, "geometry": { "type": "LineString", "coordinates": [ [ -74.000934160278447, 40.731244297726739 ], [ -73.982025035070293, 40.722515468728439 ] ] } },
{ "type": "Feature", "properties": { "park_i": "M132", "park_j": "M196", "n_settings": 4, "share": 0.25, "A_800": 14.5, "A_1600": 14.5, "A_3200": 14.5, "D_net_m": 685.90002, "name_i": "Little Flower Playground", "name_j": "Playground One", "D_euc_m": 774.2, "within_walk_limit": true, "same_group": false }, "geometry": { "type": "LineString", "coordinates": [ [ -73.988236854999073, 40.712437153895571 ], [ -73.997399591085582, 40.712268287249309 ] ] } },
{ "type": "Feature", "properties": { "park_i": "M132", "park_j": "M255", "n_settings": 8, "share": 0.5, "A_800": null, "A_1600": 37.5, "A_3200": 37.5, "D_net_m": 937.20001, "name_i": "Little Flower Playground", "name_j": "James Madison Plaza", "D_euc_m": 1042.4, "within_walk_limit": false, "same_group": false }, "geometry": { "type": "LineString", "coordinates": [ [ -73.988236854999073, 40.712437153895571 ], [ -74.000502608201899, 40.711407593713425 ] ] } },
{ "type": "Feature", "properties": { "park_i": "M141", "park_j": "M211A", "n_settings": 1, "share": 0.062, "A_800": null, "A_1600": null, "A_3200": 59.099998, "D_net_m": 1938.4, "name_i": "Percy E. Sutton Playground", "name_j": "St. Nicholas Playground South", "D_euc_m": 1946.9, "within_walk_limit": false, "same_group": false }, "geometry": { "type": "LineString", "coordinates": [ [ -73.934863014497466, 40.825892850238588 ], [ -73.947253810357921, 40.811096047962877 ] ] } },
{ "type": "Feature", "properties": { "park_i": "M141", "park_j": "M211B", "n_settings": 2, "share": 0.125, "A_800": null, "A_1600": null, "A_3200": 58.599998, "D_net_m": 1846.8, "name_i": "Percy E. Sutton Playground", "name_j": "Langston Hughes Playground", "D_euc_m": 1812.7, "within_walk_limit": false, "same_group": false }, "geometry": { "type": "LineString", "coordinates": [ [ -73.934863014497466, 40.825892850238588 ], [ -73.94662487238115, 40.812226333158527 ] ] } },
{ "type": "Feature", "properties": { "park_i": "M148", "park_j": "M258", "n_settings": 4, "share": 0.25, "A_800": 8.9, "A_1600": 8.9, "A_3200": 8.9, "D_net_m": 651.79999, "name_i": "White Playground", "name_j": "East River Playground", "D_euc_m": 694.8, "within_walk_limit": true, "same_group": false }, "geometry": { "type": "LineString", "coordinates": [ [ -73.945871062291047, 40.791625095797642 ], [ -73.938213447991131, 40.789323447965096 ] ] } },
{ "type": "Feature", "properties": { "park_i": "M166", "park_j": "M356", "n_settings": 10, "share": 0.625, "A_800": null, "A_1600": 16.200001, "A_3200": 16.200001, "D_net_m": 1231.4, "name_i": "Harlem Art Park", "name_j": "P.S. 76 Garden", "D_euc_m": 1187.4, "within_walk_limit": false, "same_group": false }, "geometry": { "type": "LineString", "coordinates": [ [ -73.938798538535679, 40.801035965758835 ], [ -73.95110721771394, 40.806224641820521 ] ] } },
{ "type": "Feature", "properties": { "park_i": "M169", "park_j": "M383", "n_settings": 4, "share": 0.25, "A_800": 13.8, "A_1600": 13.8, "A_3200": 13.8, "D_net_m": 774.0, "name_i": "Samuel Marx Triangle", "name_j": "La Cuevita Garden", "D_euc_m": 810.5, "within_walk_limit": true, "same_group": false }, "geometry": { "type": "LineString", "coordinates": [ [ -73.952754273732268, 40.802578859715368 ], [ -73.944293080709542, 40.79911988382041 ] ] } },
{ "type": "Feature", "properties": { "park_i": "M170", "park_j": "M242", "n_settings": 6, "share": 0.375, "A_800": 27.3, "A_1600": 27.3, "A_3200": 27.3, "D_net_m": 651.59998, "name_i": "Petrosino Square", "name_j": "Collect Pond Park", "D_euc_m": 707.7, "within_walk_limit": true, "same_group": false }, "geometry": { "type": "LineString", "coordinates": [ [ -73.997415324309401, 40.721760644003311 ], [ -74.001822018893321, 40.71633921231313 ] ] } },
{ "type": "Feature", "properties": { "park_i": "M177", "park_j": "Q104", "n_settings": 2, "share": 0.125, "A_800": null, "A_1600": 47.3, "A_3200": 47.3, "D_net_m": 1086.9, "name_i": "Honey Locust Park", "name_j": "Queensbridge Park", "D_euc_m": 1254.5, "within_walk_limit": false, "same_group": false }, "geometry": { "type": "LineString", "coordinates": [ [ -73.962671658830942, 40.760046643173958 ], [ -73.948517244247412, 40.756603173995281 ] ] } },
{ "type": "Feature", "properties": { "park_i": "M186", "park_j": "M198", "n_settings": 4, "share": 0.25, "A_800": null, "A_1600": null, "A_3200": 37.5, "D_net_m": 2326.3, "name_i": "Brigadier General Charles Young Playground", "name_j": "Martin Luther King, Jr. Playground", "D_euc_m": 2445.9, "within_walk_limit": false, "same_group": false }, "geometry": { "type": "LineString", "coordinates": [ [ -73.935733659258986, 40.819218430756145 ], [ -73.950389497612434, 40.80020822532228 ] ] } },
{ "type": "Feature", "properties": { "park_i": "M188A", "park_j": "M312", "n_settings": 2, "share": 0.125, "A_800": null, "A_1600": 14.3, "A_3200": 14.3, "D_net_m": 963.40002, "name_i": "Abe Lebewohl Triangle", "name_j": "9th St Community Garden Park", "D_euc_m": 1013.3, "within_walk_limit": false, "same_group": false }, "geometry": { "type": "LineString", "coordinates": [ [ -73.98781936395072, 40.73009816923264 ], [ -73.977535700372513, 40.725395805764691 ] ] } },
{ "type": "Feature", "properties": { "park_i": "M189", "park_j": "M302", "n_settings": 2, "share": 0.125, "A_800": null, "A_1600": null, "A_3200": 51.400002, "D_net_m": 1875.9, "name_i": "Roosevelt Triangle", "name_j": "Detective Omar Edwards Park", "D_euc_m": 1900.1, "within_walk_limit": false, "same_group": false }, "geometry": { "type": "LineString", "coordinates": [ [ -73.954463211855696, 40.811400166746061 ], [ -73.935036737263005, 40.802736396683443 ] ] } },
{ "type": "Feature", "properties": { "park_i": "M189", "park_j": "M362", "n_settings": 3, "share": 0.188, "A_800": null, "A_1600": 35.3, "A_3200": 35.3, "D_net_m": 919.29999, "name_i": "Roosevelt Triangle", "name_j": "W 124th Street Community Garden", "D_euc_m": 913.5, "within_walk_limit": false, "same_group": false }, "geometry": { "type": "LineString", "coordinates": [ [ -73.954463211855696, 40.811400166746061 ], [ -73.94528551488699, 40.807031531011205 ] ] } },
{ "type": "Feature", "properties": { "park_i": "M192", "park_j": "M273", "n_settings": 2, "share": 0.125, "A_800": null, "A_1600": null, "A_3200": 71.400002, "D_net_m": 2172.8999, "name_i": "Stanley Isaacs Playground", "name_j": "Wagner Houses Pool", "D_euc_m": 2243.3, "within_walk_limit": false, "same_group": false }, "geometry": { "type": "LineString", "coordinates": [ [ -73.944097774377539, 40.78345462705542 ], [ -73.93261246494481, 40.801679033781674 ] ] } },
{ "type": "Feature", "properties": { "park_i": "M203C", "park_j": "M265", "n_settings": 2, "share": 0.125, "A_800": null, "A_1600": 20.8, "A_3200": 20.8, "D_net_m": 1352.2, "name_i": "Dag Hammarskjold Plaza", "name_j": "Vincent F. Albano Jr. Playground", "D_euc_m": 1405.3, "within_walk_limit": false, "same_group": false }, "geometry": { "type": "LineString", "coordinates": [ [ -73.968875663482265, 40.752335454224415 ], [ -73.978573660713877, 40.742048021306616 ] ] } },
{ "type": "Feature", "properties": { "park_i": "M203C", "park_j": "M280", "n_settings": 4, "share": 0.25, "A_800": null, "A_1600": 18.4, "A_3200": 18.4, "D_net_m": 959.09998, "name_i": "Dag Hammarskjold Plaza", "name_j": "Tramway Plaza", "D_euc_m": 1038.2, "within_walk_limit": false, "same_group": false }, "geometry": { "type": "LineString", "coordinates": [ [ -73.968875663482265, 40.752335454224415 ], [ -73.964376542673222, 40.761039123974449 ] ] } },
{ "type": "Feature", "properties": { "park_i": "M203C", "park_j": "M288", "n_settings": 4, "share": 0.25, "A_800": null, "A_1600": null, "A_3200": 22.4, "D_net_m": 1838.1, "name_i": "Dag Hammarskjold Plaza", "name_j": "Ramon Aponte Park", "D_euc_m": 2002.6, "within_walk_limit": false, "same_group": false }, "geometry": { "type": "LineString", "coordinates": [ [ -73.968875663482265, 40.752335454224415 ], [ -73.989377297924747, 40.761410337519742 ] ] } },
{ "type": "Feature", "properties": { "park_i": "M204", "park_j": "M382", "n_settings": 5, "share": 0.312, "A_800": null, "A_1600": 31.0, "A_3200": 31.0, "D_net_m": 1573.7, "name_i": "Moore Playground", "name_j": "110th Street Block Association Garden", "D_euc_m": 1645.2, "within_walk_limit": false, "same_group": false }, "geometry": { "type": "LineString", "coordinates": [ [ -73.938492687529006, 40.809377021463334 ], [ -73.947328298983379, 40.796165707850712 ] ] } },
{ "type": "Feature", "properties": { "park_i": "M204", "park_j": "M384", "n_settings": 8, "share": 0.5, "A_800": null, "A_1600": 31.0, "A_3200": 31.0, "D_net_m": 1573.7, "name_i": "Moore Playground", "name_j": "Pueblo Unido Garden", "D_euc_m": 1613.9, "within_walk_limit": false, "same_group": false }, "geometry": { "type": "LineString", "coordinates": [ [ -73.938492687529006, 40.809377021463334 ], [ -73.947113036002648, 40.796399084531693 ] ] } },
{ "type": "Feature", "properties": { "park_i": "M204", "park_j": "M417", "n_settings": 2, "share": 0.125, "A_800": null, "A_1600": 30.9, "A_3200": 30.9, "D_net_m": 1494.0, "name_i": "Moore Playground", "name_j": "Diversity Edible Farm", "D_euc_m": 1564.9, "within_walk_limit": false, "same_group": false }, "geometry": { "type": "LineString", "coordinates": [ [ -73.938492687529006, 40.809377021463334 ], [ -73.946753897297725, 40.796755769902639 ] ] } },
{ "type": "Feature", "properties": { "park_i": "M205", "park_j": "M349", "n_settings": 4, "share": 0.25, "A_800": 3.3, "A_1600": 3.3, "A_3200": 3.3, "D_net_m": 689.59998, "name_i": "Playground One Twenty Five CXXV", "name_j": "New 123rd St Block Association Garden", "D_euc_m": 827.4, "within_walk_limit": true, "same_group": false }, "geometry": { "type": "LineString", "coordinates": [ [ -73.955547366249149, 40.810895361412342 ], [ -73.947476074246794, 40.806659860633168 ] ] } },
{ "type": "Feature", "properties": { "park_i": "M208A", "park_j": "M298", "n_settings": 2, "share": 0.125, "A_800": 7.7, "A_1600": 7.7, "A_3200": 7.7, "D_net_m": 640.20001, "name_i": "Alice Kornegay Triangle", "name_j": "Unity Gardens", "D_euc_m": 696.6, "within_walk_limit": true, "same_group": false }, "geometry": { "type": "LineString", "coordinates": [ [ -73.935369787836166, 40.806393494234008 ], [ -73.942657974976242, 40.809343496997172 ] ] } },
{ "type": "Feature", "properties": { "park_i": "M208A", "park_j": "M327", "n_settings": 4, "share": 0.25, "A_800": null, "A_1600": null, "A_3200": 43.700001, "D_net_m": 2231.8999, "name_i": "Alice Kornegay Triangle", "name_j": "Maggie's Magic Garden", "D_euc_m": 2270.7, "within_walk_limit": false, "same_group": false }, "geometry": { "type": "LineString", "coordinates": [ [ -73.935369787836166, 40.806393494234008 ], [ -73.949281120462473, 40.788883586904973 ] ] } },
{ "type": "Feature", "properties": { "park_i": "M208B", "park_j": "M316", "n_settings": 2, "share": 0.125, "A_800": 3.2, "A_1600": 3.2, "A_3200": 3.2, "D_net_m": 634.09998, "name_i": "Park", "name_j": "Edward P. Bowman Park", "D_euc_m": 707.0, "within_walk_limit": true, "same_group": false }, "geometry": { "type": "LineString", "coordinates": [ [ -73.935329443901864, 40.807029385368836 ], [ -73.942898545541482, 40.809764743741049 ] ] } },
{ "type": "Feature", "properties": { "park_i": "M208B", "park_j": "M327", "n_settings": 4, "share": 0.25, "A_800": null, "A_1600": null, "A_3200": 49.3, "D_net_m": 2303.8999, "name_i": "Park", "name_j": "Maggie's Magic Garden", "D_euc_m": 2333.1, "within_walk_limit": false, "same_group": false }, "geometry": { "type": "LineString", "coordinates": [ [ -73.935329443901864, 40.807029385368836 ], [ -73.949281120462473, 40.788883586904973 ] ] } },
{ "type": "Feature", "properties": { "park_i": "M208B", "park_j": "M346", "n_settings": 4, "share": 0.25, "A_800": 14.6, "A_1600": 14.6, "A_3200": 14.6, "D_net_m": 524.70001, "name_i": "Park", "name_j": "Life Spire Garden", "D_euc_m": 559.6, "within_walk_limit": true, "same_group": true }, "geometry": { "type": "LineString", "coordinates": [ [ -73.935329443901864, 40.807029385368836 ], [ -73.938448622537635, 40.802580774806088 ] ] } },
{ "type": "Feature", "properties": { "park_i": "M208B", "park_j": "M392", "n_settings": 2, "share": 0.125, "A_800": null, "A_1600": 21.8, "A_3200": 21.8, "D_net_m": 879.40002, "name_i": "Park", "name_j": "El Gallo Garden", "D_euc_m": 923.9, "within_walk_limit": false, "same_group": false }, "geometry": { "type": "LineString", "coordinates": [ [ -73.935329443901864, 40.807029385368836 ], [ -73.940540365477219, 40.799709285739418 ] ] } },
{ "type": "Feature", "properties": { "park_i": "M208C", "park_j": "M327", "n_settings": 6, "share": 0.375, "A_800": null, "A_1600": null, "A_3200": 53.099998, "D_net_m": 2422.5, "name_i": "Harlem River Park", "name_j": "Maggie's Magic Garden", "D_euc_m": 2442.3, "within_walk_limit": false, "same_group": false }, "geometry": { "type": "LineString", "coordinates": [ [ -73.934614728244625, 40.807850849236871 ], [ -73.949281120462473, 40.788883586904973 ] ] } },
{ "type": "Feature", "properties": { "park_i": "M208C", "park_j": "M346", "n_settings": 12, "share": 0.75, "A_800": 18.4, "A_1600": 18.4, "A_3200": 18.4, "D_net_m": 643.29999, "name_i": "Harlem River Park", "name_j": "Life Spire Garden", "D_euc_m": 668.5, "within_walk_limit": true, "same_group": true }, "geometry": { "type": "LineString", "coordinates": [ [ -73.934614728244625, 40.807850849236871 ], [ -73.938448622537635, 40.802580774806088 ] ] } },
{ "type": "Feature", "properties": { "park_i": "M208C", "park_j": "M380", "n_settings": 2, "share": 0.125, "A_800": 73.099998, "A_1600": 73.099998, "A_3200": 73.099998, "D_net_m": 618.79999, "name_i": "Harlem River Park", "name_j": "United Block Association Garden", "D_euc_m": 642.3, "within_walk_limit": true, "same_group": false }, "geometry": { "type": "LineString", "coordinates": [ [ -73.934614728244625, 40.807850849236871 ], [ -73.941243976697322, 40.810696976770899 ] ] } },
{ "type": "Feature", "properties": { "park_i": "M208C", "park_j": "M392", "n_settings": 4, "share": 0.25, "A_800": null, "A_1600": 25.6, "A_3200": 25.6, "D_net_m": 997.90002, "name_i": "Harlem River Park", "name_j": "El Gallo Garden", "D_euc_m": 1032.9, "within_walk_limit": false, "same_group": false }, "geometry": { "type": "LineString", "coordinates": [ [ -73.934614728244625, 40.807850849236871 ], [ -73.940540365477219, 40.799709285739418 ] ] } },
{ "type": "Feature", "properties": { "park_i": "M208D", "park_j": "M208E", "n_settings": 6, "share": 0.375, "A_800": 11.3, "A_1600": 11.3, "A_3200": 11.3, "D_net_m": 88.099998, "name_i": "Harlem River Park", "name_j": "Crack Is Wack Playground", "D_euc_m": 273.8, "within_walk_limit": true, "same_group": true }, "geometry": { "type": "LineString", "coordinates": [ [ -73.934010723985196, 40.806362816231086 ], [ -73.931898625575656, 40.804490450787974 ] ] } },
{ "type": "Feature", "properties": { "park_i": "M208D", "park_j": "M298", "n_settings": 16, "share": 1.0, "A_800": 97.800003, "A_1600": 9.3, "A_3200": 9.3, "D_net_m": 740.09998, "name_i": "Harlem River Park", "name_j": "Unity Gardens", "D_euc_m": 801.0, "within_walk_limit": true, "same_group": false }, "geometry": { "type": "LineString", "coordinates": [ [ -73.934010723985196, 40.806362816231086 ], [ -73.942657974976242, 40.809343496997172 ] ] } },
{ "type": "Feature", "properties": { "park_i": "M208E", "park_j": "M298", "n_settings": 16, "share": 1.0, "A_800": null, "A_1600": 37.599998, "A_3200": 37.599998, "D_net_m": 988.40002, "name_i": "Crack Is Wack Playground", "name_j": "Unity Gardens", "D_euc_m": 1055.5, "within_walk_limit": false, "same_group": false }, "geometry": { "type": "LineString", "coordinates": [ [ -73.931898625575656, 40.804490450787974 ], [ -73.942657974976242, 40.809343496997172 ] ] } },
{ "type": "Feature", "properties": { "park_i": "M208E", "park_j": "M305", "n_settings": 14, "share": 0.875, "A_800": null, "A_1600": 36.5, "A_3200": 36.5, "D_net_m": 821.29999, "name_i": "Crack Is Wack Playground", "name_j": "Collyer Brothers Park", "D_euc_m": 894.2, "within_walk_limit": false, "same_group": false }, "geometry": { "type": "LineString", "coordinates": [ [ -73.931898625575656, 40.804490450787974 ], [ -73.941059982799032, 40.808543340447052 ] ] } },
{ "type": "Feature", "properties": { "park_i": "M219", "park_j": "M220", "n_settings": 4, "share": 0.25, "A_800": null, "A_1600": null, "A_3200": 40.3, "D_net_m": 1845.8, "name_i": "Tecumseh Playground", "name_j": "Frederick Douglass Playground", "D_euc_m": 1952.2, "within_walk_limit": false, "same_group": false }, "geometry": { "type": "LineString", "coordinates": [ [ -73.978521604304547, 40.781809996220979 ], [ -73.967426379559896, 40.797240883370684 ] ] } },
{ "type": "Feature", "properties": { "park_i": "M219", "park_j": "M229", "n_settings": 6, "share": 0.375, "A_800": null, "A_1600": null, "A_3200": 35.599998, "D_net_m": 1673.3, "name_i": "Tecumseh Playground", "name_j": "Happy Warrior Playground", "D_euc_m": 1757.2, "within_walk_limit": false, "same_group": false }, "geometry": { "type": "LineString", "coordinates": [ [ -73.978521604304547, 40.781809996220979 ], [ -73.968473267490893, 40.795674053842191 ] ] } },
{ "type": "Feature", "properties": { "park_i": "M219", "park_j": "M238", "n_settings": 2, "share": 0.125, "A_800": null, "A_1600": null, "A_3200": 52.099998, "D_net_m": 2152.7, "name_i": "Tecumseh Playground", "name_j": "Bloomingdale Playground", "D_euc_m": 2197.8, "within_walk_limit": false, "same_group": false }, "geometry": { "type": "LineString", "coordinates": [ [ -73.978521604304547, 40.781809996220979 ], [ -73.966085724016779, 40.799205103190197 ] ] } },
{ "type": "Feature", "properties": { "park_i": "M220", "park_j": "M368", "n_settings": 5, "share": 0.312, "A_800": 37.5, "A_1600": 37.5, "A_3200": 37.5, "D_net_m": 723.29999, "name_i": "Frederick Douglass Playground", "name_j": "West 111th St. People's Garden", "D_euc_m": 806.0, "within_walk_limit": true, "same_group": false }, "geometry": { "type": "LineString", "coordinates": [ [ -73.967426379559896, 40.797240883370684 ], [ -73.963549925006333, 40.803877103748313 ] ] } },
{ "type": "Feature", "properties": { "park_i": "M221", "park_j": "M256", "n_settings": 4, "share": 0.25, "A_800": null, "A_1600": null, "A_3200": 14.8, "D_net_m": 2483.3, "name_i": "Gutenberg Playground", "name_j": "MacArthur Playground", "D_euc_m": 2457.6, "within_walk_limit": false, "same_group": false }, "geometry": { "type": "LineString", "coordinates": [ [ -73.990165447045484, 40.763464384986285 ], [ -73.965123071894141, 40.752175185612209 ] ] } },
{ "type": "Feature", "properties": { "park_i": "M223", "park_j": "M320", "n_settings": 2, "share": 0.125, "A_800": null, "A_1600": 19.5, "A_3200": 19.5, "D_net_m": 1374.3, "name_i": "Jacob H. Schiff Playground", "name_j": "Old Croton Aqueduct Gatehouse", "D_euc_m": 1484.4, "within_walk_limit": false, "same_group": false }, "geometry": { "type": "LineString", "coordinates": [ [ -73.952023417128572, 40.820510952805598 ], [ -73.959580702440817, 40.808435994805421 ] ] } },
{ "type": "Feature", "properties": { "park_i": "M223", "park_j": "M368", "n_settings": 3, "share": 0.188, "A_800": null, "A_1600": null, "A_3200": 25.200001, "D_net_m": 2006.6, "name_i": "Jacob H. Schiff Playground", "name_j": "West 111th St. People's Garden", "D_euc_m": 2086.9, "within_walk_limit": false, "same_group": false }, "geometry": { "type": "LineString", "coordinates": [ [ -73.952023417128572, 40.820510952805598 ], [ -73.963549925006333, 40.803877103748313 ] ] } },
{ "type": "Feature", "properties": { "park_i": "M226", "park_j": "M265", "n_settings": 1, "share": 0.062, "A_800": 12.8, "A_1600": 12.8, "A_3200": 12.8, "D_net_m": 706.40002, "name_i": "Augustus St. Gaudens Playground", "name_j": "Vincent F. Albano Jr. Playground", "D_euc_m": 771.3, "within_walk_limit": true, "same_group": false }, "geometry": { "type": "LineString", "coordinates": [ [ -73.982154194561332, 40.735656277874938 ], [ -73.978573660713877, 40.742048021306616 ] ] } },
{ "type": "Feature", "properties": { "park_i": "M226", "park_j": "M402", "n_settings": 2, "share": 0.125, "A_800": null, "A_1600": 15.7, "A_3200": 15.7, "D_net_m": 1289.6, "name_i": "Augustus St. Gaudens Playground", "name_j": "Chelsea Green", "D_euc_m": 1346.3, "within_walk_limit": false, "same_group": false }, "geometry": { "type": "LineString", "coordinates": [ [ -73.982154194561332, 40.735656277874938 ], [ -73.996057501841165, 40.741591696370811 ] ] } },
{ "type": "Feature", "properties": { "park_i": "M227", "park_j": "M402", "n_settings": 2, "share": 0.125, "A_800": null, "A_1600": 15.7, "A_3200": 15.7, "D_net_m": 1289.6, "name_i": "Peter's Field", "name_j": "Chelsea Green", "D_euc_m": 1365.9, "within_walk_limit": false, "same_group": false }, "geometry": { "type": "LineString", "coordinates": [ [ -73.981576405333655, 40.736109655284245 ], [ -73.996057501841165, 40.741591696370811 ] ] } },
{ "type": "Feature", "properties": { "park_i": "M229", "park_j": "M320", "n_settings": 2, "share": 0.125, "A_800": null, "A_1600": 49.0, "A_3200": 49.0, "D_net_m": 1582.9, "name_i": "Happy Warrior Playground", "name_j": "Old Croton Aqueduct Gatehouse", "D_euc_m": 1603.1, "within_walk_limit": false, "same_group": false }, "geometry": { "type": "LineString", "coordinates": [ [ -73.968473267490893, 40.795674053842191 ], [ -73.959580702440817, 40.808435994805421 ] ] } },
{ "type": "Feature", "properties": { "park_i": "M229", "park_j": "M368", "n_settings": 6, "share": 0.375, "A_800": null, "A_1600": 43.200001, "A_3200": 43.200001, "D_net_m": 969.90002, "name_i": "Happy Warrior Playground", "name_j": "West 111th St. People's Garden", "D_euc_m": 1000.9, "within_walk_limit": false, "same_group": false }, "geometry": { "type": "LineString", "coordinates": [ [ -73.968473267490893, 40.795674053842191 ], [ -73.963549925006333, 40.803877103748313 ] ] } },
{ "type": "Feature", "properties": { "park_i": "M236", "park_j": "M346", "n_settings": 2, "share": 0.125, "A_800": null, "A_1600": null, "A_3200": 66.300003, "D_net_m": 2148.8, "name_i": "Samuel Seabury Playground", "name_j": "Life Spire Garden", "D_euc_m": 2179.5, "within_walk_limit": false, "same_group": false }, "geometry": { "type": "LineString", "coordinates": [ [ -73.950825416883973, 40.785348834266344 ], [ -73.938448622537635, 40.802580774806088 ] ] } },
{ "type": "Feature", "properties": { "park_i": "M239", "park_j": "M331", "n_settings": 2, "share": 0.125, "A_800": 4.2, "A_1600": 4.2, "A_3200": 4.2, "D_net_m": 409.79999, "name_i": "P.S. 155 Playground", "name_j": "117th St Community Garden", "D_euc_m": 464.2, "within_walk_limit": true, "same_group": false }, "geometry": { "type": "LineString", "coordinates": [ [ -73.935473210221559, 40.79727488534683 ], [ -73.940582679430719, 40.798825138086855 ] ] } },
{ "type": "Feature", "properties": { "park_i": "M239", "park_j": "M367", "n_settings": 2, "share": 0.125, "A_800": 5.2, "A_1600": 5.2, "A_3200": 5.2, "D_net_m": 723.09998, "name_i": "P.S. 155 Playground", "name_j": "Peaceful Valley Garden", "D_euc_m": 813.6, "within_walk_limit": true, "same_group": false }, "geometry": { "type": "LineString", "coordinates": [ [ -73.935473210221559, 40.79727488534683 ], [ -73.944160820624518, 40.800455855224108 ] ] } },
{ "type": "Feature", "properties": { "park_i": "M239", "park_j": "M387", "n_settings": 4, "share": 0.25, "A_800": null, "A_1600": null, "A_3200": 10.5, "D_net_m": 1651.5, "name_i": "P.S. 155 Playground", "name_j": "TRUCE Garden", "D_euc_m": 1691.6, "within_walk_limit": false, "same_group": false }, "geometry": { "type": "LineString", "coordinates": [ [ -73.935473210221559, 40.79727488534683 ], [ -73.953070831455264, 40.804579285568835 ] ] } },
{ "type": "Feature", "properties": { "park_i": "M243", "park_j": "M356", "n_settings": 4, "share": 0.25, "A_800": null, "A_1600": 11.7, "A_3200": 11.7, "D_net_m": 933.09998, "name_i": "Eugene McCabe Field", "name_j": "P.S. 76 Garden", "D_euc_m": 904.5, "within_walk_limit": false, "same_group": false }, "geometry": { "type": "LineString", "coordinates": [ [ -73.941643610836081, 40.802394986890562 ], [ -73.95110721771394, 40.806224641820521 ] ] } },
{ "type": "Feature", "properties": { "park_i": "M247", "park_j": "M378", "n_settings": 4, "share": 0.25, "A_800": 47.8, "A_1600": 47.8, "A_3200": 47.8, "D_net_m": 626.70001, "name_i": "St. James Triangle", "name_j": "Pearl St Playground", "D_euc_m": 708.6, "within_walk_limit": true, "same_group": false }, "geometry": { "type": "LineString", "coordinates": [ [ -73.998514544364994, 40.712756423702004 ], [ -74.003987303255414, 40.707919623952826 ] ] } },
{ "type": "Feature", "properties": { "park_i": "M249", "park_j": "M263", "n_settings": 3, "share": 0.188, "A_800": null, "A_1600": null, "A_3200": 43.099998, "D_net_m": 1851.6, "name_i": "Penn South Playground", "name_j": "Bellevue South Park", "D_euc_m": 1920.3, "within_walk_limit": false, "same_group": false }, "geometry": { "type": "LineString", "coordinates": [ [ -73.998569288066051, 40.74750583952666 ], [ -73.978057549266509, 40.740032558425042 ] ] } },
{ "type": "Feature", "properties": { "park_i": "M254", "park_j": "M326", "n_settings": 1, "share": 0.062, "A_800": null, "A_1600": 35.099998, "A_3200": 35.099998, "D_net_m": 899.09998, "name_i": "Gustave Hartman Square", "name_j": "Liz Christy Garden", "D_euc_m": 1020.4, "within_walk_limit": false, "same_group": false }, "geometry": { "type": "LineString", "coordinates": [ [ -73.980622138274924, 40.720699366951351 ], [ -73.99183604246663, 40.72411944675747 ] ] } },
{ "type": "Feature", "properties": { "park_i": "M257", "park_j": "M277", "n_settings": 2, "share": 0.125, "A_800": null, "A_1600": null, "A_3200": 48.200001, "D_net_m": 1995.4, "name_i": "Clement Clarke Moore Park", "name_j": "Hell's Kitchen Park", "D_euc_m": 2072.0, "within_walk_limit": false, "same_group": false }, "geometry": { "type": "LineString", "coordinates": [ [ -74.004312535557773, 40.746632975126296 ], [ -73.992550112319563, 40.763014022477527 ] ] } },
{ "type": "Feature", "properties": { "park_i": "M259", "park_j": "M268", "n_settings": 2, "share": 0.125, "A_800": 2.2, "A_1600": 2.2, "A_3200": 2.2, "D_net_m": 606.90002, "name_i": "McKinley Playground", "name_j": "El Jardin Del Paraiso Park", "D_euc_m": 600.6, "within_walk_limit": true, "same_group": false }, "geometry": { "type": "LineString", "coordinates": [ [ -73.985777820997043, 40.724253948967238 ], [ -73.97916082505995, 40.722271516245215 ] ] } },
{ "type": "Feature", "properties": { "park_i": "M259", "park_j": "M287", "n_settings": 4, "share": 0.25, "A_800": null, "A_1600": null, "A_3200": 60.599998, "D_net_m": 1651.1, "name_i": "McKinley Playground", "name_j": "Sheridan Square Viewing Garden", "D_euc_m": 1695.8, "within_walk_limit": false, "same_group": false }, "geometry": { "type": "LineString", "coordinates": [ [ -73.985777820997043, 40.724253948967238 ], [ -74.002180886353244, 40.733063989040382 ] ] } },
{ "type": "Feature", "properties": { "park_i": "M259", "park_j": "M318", "n_settings": 2, "share": 0.125, "A_800": 11.0, "A_1600": 11.0, "A_3200": 11.0, "D_net_m": 621.59998, "name_i": "McKinley Playground", "name_j": "Merchant's House Museum", "D_euc_m": 671.5, "within_walk_limit": true, "same_group": false }, "geometry": { "type": "LineString", "coordinates": [ [ -73.985777820997043, 40.724253948967238 ], [ -73.99227179060955, 40.72774326515713 ] ] } },
{ "type": "Feature", "properties": { "park_i": "M259", "park_j": "M354", "n_settings": 4, "share": 0.25, "A_800": 2.2, "A_1600": 2.2, "A_3200": 2.2, "D_net_m": 606.90002, "name_i": "McKinley Playground", "name_j": "Orchard Alley Garden", "D_euc_m": 699.3, "within_walk_limit": true, "same_group": false }, "geometry": { "type": "LineString", "coordinates": [ [ -73.985777820997043, 40.724253948967238 ], [ -73.978453487607297, 40.721316744048501 ] ] } },
{ "type": "Feature", "properties": { "park_i": "M259", "park_j": "M414", "n_settings": 2, "share": 0.125, "A_800": 11.0, "A_1600": 11.0, "A_3200": 11.0, "D_net_m": 621.59998, "name_i": "McKinley Playground", "name_j": "Manuel Plaza", "D_euc_m": 656.8, "within_walk_limit": true, "same_group": false }, "geometry": { "type": "LineString", "coordinates": [ [ -73.985777820997043, 40.724253948967238 ], [ -73.992084592254301, 40.727715709887853 ] ] } },
{ "type": "Feature", "properties": { "park_i": "M265", "park_j": "M280", "n_settings": 2, "share": 0.125, "A_800": null, "A_1600": null, "A_3200": 40.599998, "D_net_m": 2364.5, "name_i": "Vincent F. Albano Jr. Playground", "name_j": "Tramway Plaza", "D_euc_m": 2425.2, "within_walk_limit": false, "same_group": false }, "geometry": { "type": "LineString", "coordinates": [ [ -73.978573660713877, 40.742048021306616 ], [ -73.964376542673222, 40.761039123974449 ] ] } },
{ "type": "Feature", "properties": { "park_i": "M265", "park_j": "M326", "n_settings": 2, "share": 0.125, "A_800": null, "A_1600": null, "A_3200": 46.700001, "D_net_m": 2235.8999, "name_i": "Vincent F. Albano Jr. Playground", "name_j": "Liz Christy Garden", "D_euc_m": 2283.8, "within_walk_limit": false, "same_group": false }, "geometry": { "type": "LineString", "coordinates": [ [ -73.978573660713877, 40.742048021306616 ], [ -73.99183604246663, 40.72411944675747 ] ] } },
{ "type": "Feature", "properties": { "park_i": "M268", "park_j": "M287", "n_settings": 2, "share": 0.125, "A_800": null, "A_1600": null, "A_3200": 62.900002, "D_net_m": 2318.8999, "name_i": "El Jardin Del Paraiso Park", "name_j": "Sheridan Square Viewing Garden", "D_euc_m": 2283.7, "within_walk_limit": false, "same_group": false }, "geometry": { "type": "LineString", "coordinates": [ [ -73.97916082505995, 40.722271516245215 ], [ -74.002180886353244, 40.733063989040382 ] ] } },
{ "type": "Feature", "properties": { "park_i": "M268", "park_j": "M318", "n_settings": 8, "share": 0.5, "A_800": null, "A_1600": 13.3, "A_3200": 13.3, "D_net_m": 1289.4, "name_i": "El Jardin Del Paraiso Park", "name_j": "Merchant's House Museum", "D_euc_m": 1263.0, "within_walk_limit": false, "same_group": false }, "geometry": { "type": "LineString", "coordinates": [ [ -73.97916082505995, 40.722271516245215 ], [ -73.99227179060955, 40.72774326515713 ] ] } },
{ "type": "Feature", "properties": { "park_i": "M268", "park_j": "M414", "n_settings": 8, "share": 0.5, "A_800": null, "A_1600": 13.3, "A_3200": 13.3, "D_net_m": 1289.4, "name_i": "El Jardin Del Paraiso Park", "name_j": "Manuel Plaza", "D_euc_m": 1247.7, "within_walk_limit": false, "same_group": false }, "geometry": { "type": "LineString", "coordinates": [ [ -73.97916082505995, 40.722271516245215 ], [ -73.992084592254301, 40.727715709887853 ] ] } },
{ "type": "Feature", "properties": { "park_i": "M280", "park_j": "M294", "n_settings": 2, "share": 0.125, "A_800": null, "A_1600": null, "A_3200": 49.400002, "D_net_m": 2430.7, "name_i": "Tramway Plaza", "name_j": "Ruppert Park", "D_euc_m": 2516.9, "within_walk_limit": false, "same_group": false }, "geometry": { "type": "LineString", "coordinates": [ [ -73.964376542673222, 40.761039123974449 ], [ -73.9501312123177, 40.780956807683893 ] ] } },
{ "type": "Feature", "properties": { "park_i": "M284", "park_j": "M394", "n_settings": 1, "share": 0.062, "A_800": null, "A_1600": null, "A_3200": 76.400002, "D_net_m": 1989.7, "name_i": "Convent Garden", "name_j": "St. Nicholas Miracle Garden", "D_euc_m": 2001.8, "within_walk_limit": false, "same_group": false }, "geometry": { "type": "LineString", "coordinates": [ [ -73.942618580195727, 40.828418456330169 ], [ -73.951433268743173, 40.811676955614438 ] ] } },
{ "type": "Feature", "properties": { "park_i": "M287", "park_j": "M318", "n_settings": 8, "share": 0.5, "A_800": null, "A_1600": 49.5, "A_3200": 49.5, "D_net_m": 987.5, "name_i": "Sheridan Square Viewing Garden", "name_j": "Merchant's House Museum", "D_euc_m": 1024.3, "within_walk_limit": false, "same_group": false }, "geometry": { "type": "LineString", "coordinates": [ [ -74.002180886353244, 40.733063989040382 ], [ -73.99227179060955, 40.72774326515713 ] ] } },
{ "type": "Feature", "properties": { "park_i": "M287", "park_j": "M329", "n_settings": 4, "share": 0.25, "A_800": null, "A_1600": null, "A_3200": 62.700001, "D_net_m": 2132.3, "name_i": "Sheridan Square Viewing Garden", "name_j": "Generation X", "D_euc_m": 2105.7, "within_walk_limit": false, "same_group": false }, "geometry": { "type": "LineString", "coordinates": [ [ -74.002180886353244, 40.733063989040382 ], [ -73.98141259425455, 40.722568380876417 ] ] } },
{ "type": "Feature", "properties": { "park_i": "M287", "park_j": "M332", "n_settings": 2, "share": 0.125, "A_800": null, "A_1600": null, "A_3200": 62.700001, "D_net_m": 2132.3, "name_i": "Sheridan Square Viewing Garden", "name_j": "The Secret Garden", "D_euc_m": 2185.0, "within_walk_limit": false, "same_group": false }, "geometry": { "type": "LineString", "coordinates": [ [ -74.002180886353244, 40.733063989040382 ], [ -73.980356809771308, 40.72249380324665 ] ] } },
{ "type": "Feature", "properties": { "park_i": "M287", "park_j": "M354", "n_settings": 4, "share": 0.25, "A_800": null, "A_1600": null, "A_3200": 62.900002, "D_net_m": 2318.8999, "name_i": "Sheridan Square Viewing Garden", "name_j": "Orchard Alley Garden", "D_euc_m": 2390.9, "within_walk_limit": false, "same_group": false }, "geometry": { "type": "LineString", "coordinates": [ [ -74.002180886353244, 40.733063989040382 ], [ -73.978453487607297, 40.721316744048501 ] ] } },
{ "type": "Feature", "properties": { "park_i": "M287", "park_j": "M410", "n_settings": 4, "share": 0.25, "A_800": null, "A_1600": null, "A_3200": 62.700001, "D_net_m": 2132.3, "name_i": "Sheridan Square Viewing Garden", "name_j": "Sage Garden", "D_euc_m": 2128.7, "within_walk_limit": false, "same_group": false }, "geometry": { "type": "LineString", "coordinates": [ [ -74.002180886353244, 40.733063989040382 ], [ -73.980870999774623, 40.722824015229072 ] ] } },
{ "type": "Feature", "properties": { "park_i": "M287", "park_j": "M414", "n_settings": 8, "share": 0.5, "A_800": null, "A_1600": 49.5, "A_3200": 49.5, "D_net_m": 1024.0, "name_i": "Sheridan Square Viewing Garden", "name_j": "Manuel Plaza", "D_euc_m": 1039.0, "within_walk_limit": false, "same_group": false }, "geometry": { "type": "LineString", "coordinates": [ [ -74.002180886353244, 40.733063989040382 ], [ -73.992084592254301, 40.727715709887853 ] ] } },
{ "type": "Feature", "properties": { "park_i": "M293", "park_j": "M342", "n_settings": 2, "share": 0.125, "A_800": 8.6, "A_1600": 8.6, "A_3200": 8.6, "D_net_m": 458.0, "name_i": "6th St and Ave B Community Garden", "name_j": "Community Garden Association", "D_euc_m": 515.5, "within_walk_limit": true, "same_group": false }, "geometry": { "type": "LineString", "coordinates": [ [ -73.982075254645139, 40.724329921449723 ], [ -73.979054842135739, 40.72836531247318 ] ] } },
{ "type": "Feature", "properties": { "park_i": "M295", "park_j": "M314", "n_settings": 4, "share": 0.25, "A_800": null, "A_1600": 47.3, "A_3200": 47.3, "D_net_m": 1118.0, "name_i": "Mercer Playground", "name_j": "Miracle Garden", "D_euc_m": 1213.0, "within_walk_limit": false, "same_group": false }, "geometry": { "type": "LineString", "coordinates": [ [ -73.996426570120178, 40.727456916658262 ], [ -73.983521750894681, 40.722660762687894 ] ] } },
{ "type": "Feature", "properties": { "park_i": "M295", "park_j": "M334", "n_settings": 4, "share": 0.25, "A_800": null, "A_1600": 51.400002, "A_3200": 51.400002, "D_net_m": 1341.3, "name_i": "Mercer Playground", "name_j": "Brisas Del Caribe", "D_euc_m": 1387.7, "within_walk_limit": false, "same_group": false }, "geometry": { "type": "LineString", "coordinates": [ [ -73.996426570120178, 40.727456916658262 ], [ -73.981470425299491, 40.722281610810029 ] ] } },
{ "type": "Feature", "properties": { "park_i": "M295", "park_j": "M345", "n_settings": 2, "share": 0.125, "A_800": null, "A_1600": 51.400002, "A_3200": 51.400002, "D_net_m": 1331.4, "name_i": "Mercer Playground", "name_j": "Kenkeleba House Garden", "D_euc_m": 1299.7, "within_walk_limit": false, "same_group": false }, "geometry": { "type": "LineString", "coordinates": [ [ -73.996426570120178, 40.727456916658262 ], [ -73.982691394074848, 40.722177310908158 ] ] } },
{ "type": "Feature", "properties": { "park_i": "M295", "park_j": "M357", "n_settings": 4, "share": 0.25, "A_800": null, "A_1600": 51.400002, "A_3200": 51.400002, "D_net_m": 1341.3, "name_i": "Mercer Playground", "name_j": "Los Amigos Garden", "D_euc_m": 1334.3, "within_walk_limit": false, "same_group": false }, "geometry": { "type": "LineString", "coordinates": [ [ -73.996426570120178, 40.727456916658262 ], [ -73.982025035070293, 40.722515468728439 ] ] } },
{ "type": "Feature", "properties": { "park_i": "M299", "park_j": "M403", "n_settings": 6, "share": 0.375, "A_800": null, "A_1600": 4.7, "A_3200": 4.7, "D_net_m": 1441.7, "name_i": "Pleasant Village Community Garden", "name_j": "Walter Miller III Memorial Garden (La Casa Frela)", "D_euc_m": 1378.3, "within_walk_limit": false, "same_group": false }, "geometry": { "type": "LineString", "coordinates": [ [ -73.931563702244929, 40.79659900794401 ], [ -73.945554730597777, 40.80301014288262 ] ] } },
{ "type": "Feature", "properties": { "park_i": "M302", "park_j": "M362", "n_settings": 16, "share": 1.0, "A_800": null, "A_1600": 16.1, "A_3200": 16.1, "D_net_m": 956.59998, "name_i": "Detective Omar Edwards Park", "name_j": "W 124th Street Community Garden", "D_euc_m": 987.3, "within_walk_limit": false, "same_group": false }, "geometry": { "type": "LineString", "coordinates": [ [ -73.935036737263005, 40.802736396683443 ], [ -73.94528551488699, 40.807031531011205 ] ] } },
{ "type": "Feature", "properties": { "park_i": "M310", "park_j": "M324", "n_settings": 10, "share": 0.625, "A_800": 0.2, "A_1600": 0.2, "A_3200": 0.2, "D_net_m": 162.2, "name_i": "Firemen's Memorial Garden", "name_j": "Earth People", "D_euc_m": 127.1, "within_walk_limit": true, "same_group": true }, "geometry": { "type": "LineString", "coordinates": [ [ -73.977967961955414, 40.724260227202002 ], [ -73.978923106675779, 40.72514474585234 ] ] } },
{ "type": "Feature", "properties": { "park_i": "M310", "park_j": "M325A", "n_settings": 10, "share": 0.625, "A_800": 0.2, "A_1600": 0.2, "A_3200": 0.2, "D_net_m": 162.2, "name_i": "Firemen's Memorial Garden", "name_j": "La Casita Garden", "D_euc_m": 106.8, "within_walk_limit": true, "same_group": true }, "geometry": { "type": "LineString", "coordinates": [ [ -73.977967961955414, 40.724260227202002 ], [ -73.978716250198801, 40.725035827697532 ] ] } },
{ "type": "Feature", "properties": { "park_i": "M310", "park_j": "M336", "n_settings": 12, "share": 0.75, "A_800": 0.2, "A_1600": 0.2, "A_3200": 0.2, "D_net_m": 266.39999, "name_i": "Firemen's Memorial Garden", "name_j": "De Colores Cmty Yard and Center", "D_euc_m": 199.6, "within_walk_limit": true, "same_group": true }, "geometry": { "type": "LineString", "coordinates": [ [ -73.977967961955414, 40.724260227202002 ], [ -73.979740589831408, 40.72544982298443 ] ] } },
{ "type": "Feature", "properties": { "park_i": "M311", "park_j": "M324", "n_settings": 10, "share": 0.625, "A_800": 0.2, "A_1600": 0.2, "A_3200": 0.2, "D_net_m": 162.2, "name_i": "Green Oasis and Gilbert's Garden", "name_j": "Earth People", "D_euc_m": 184.3, "within_walk_limit": true, "same_group": true }, "geometry": { "type": "LineString", "coordinates": [ [ -73.977345492364421, 40.723998362801652 ], [ -73.978923106675779, 40.72514474585234 ] ] } },
{ "type": "Feature", "properties": { "park_i": "M311", "park_j": "M325A", "n_settings": 10, "share": 0.625, "A_800": 0.2, "A_1600": 0.2, "A_3200": 0.2, "D_net_m": 162.2, "name_i": "Green Oasis and Gilbert's Garden", "name_j": "La Casita Garden", "D_euc_m": 163.3, "within_walk_limit": true, "same_group": true }, "geometry": { "type": "LineString", "coordinates": [ [ -73.977345492364421, 40.723998362801652 ], [ -73.978716250198801, 40.725035827697532 ] ] } },
{ "type": "Feature", "properties": { "park_i": "M311", "park_j": "M336", "n_settings": 12, "share": 0.75, "A_800": 0.2, "A_1600": 0.2, "A_3200": 0.2, "D_net_m": 266.39999, "name_i": "Green Oasis and Gilbert's Garden", "name_j": "De Colores Cmty Yard and Center", "D_euc_m": 258.6, "within_walk_limit": true, "same_group": true }, "geometry": { "type": "LineString", "coordinates": [ [ -73.977345492364421, 40.723998362801652 ], [ -73.979740589831408, 40.72544982298443 ] ] } },
{ "type": "Feature", "properties": { "park_i": "M313", "park_j": "M315", "n_settings": 8, "share": 0.5, "A_800": 0.1, "A_1600": 0.1, "A_3200": 0.1, "D_net_m": 157.60001, "name_i": "6BC Botanical Garden", "name_j": "The Creative Little Garden", "D_euc_m": 184.8, "within_walk_limit": true, "same_group": true }, "geometry": { "type": "LineString", "coordinates": [ [ -73.980675180920215, 40.723841750338991 ], [ -73.982587598206649, 40.724650966660555 ] ] } },
{ "type": "Feature", "properties": { "park_i": "M314", "park_j": "M334", "n_settings": 10, "share": 0.625, "A_800": 4.0, "A_1600": 4.0, "A_3200": 4.0, "D_net_m": 223.3, "name_i": "Miracle Garden", "name_j": "Brisas Del Caribe", "D_euc_m": 178.3, "within_walk_limit": true, "same_group": true }, "geometry": { "type": "LineString", "coordinates": [ [ -73.983521750894681, 40.722660762687894 ], [ -73.981470425299491, 40.722281610810029 ] ] } },
{ "type": "Feature", "properties": { "park_i": "M314", "park_j": "M357", "n_settings": 10, "share": 0.625, "A_800": 4.0, "A_1600": 4.0, "A_3200": 4.0, "D_net_m": 223.3, "name_i": "Miracle Garden", "name_j": "Los Amigos Garden", "D_euc_m": 127.4, "within_walk_limit": true, "same_group": true }, "geometry": { "type": "LineString", "coordinates": [ [ -73.983521750894681, 40.722660762687894 ], [ -73.982025035070293, 40.722515468728439 ] ] } },
{ "type": "Feature", "properties": { "park_i": "M316", "park_j": "M363", "n_settings": 12, "share": 0.75, "A_800": 1.1, "A_1600": 1.1, "A_3200": 1.1, "D_net_m": 248.8, "name_i": "Edward P. Bowman Park", "name_j": "Harlem Rose Garden", "D_euc_m": 281.8, "within_walk_limit": true, "same_group": true }, "geometry": { "type": "LineString", "coordinates": [ [ -73.942898545541482, 40.809764743741049 ], [ -73.939955752742506, 40.80856368437702 ] ] } },
{ "type": "Feature", "properties": { "park_i": "M316", "park_j": "M394", "n_settings": 1, "share": 0.062, "A_800": null, "A_1600": 87.699997, "A_3200": 87.699997, "D_net_m": 987.90002, "name_i": "Edward P. Bowman Park", "name_j": "St. Nicholas Miracle Garden", "D_euc_m": 750.6, "within_walk_limit": false, "same_group": false }, "geometry": { "type": "LineString", "coordinates": [ [ -73.942898545541482, 40.809764743741049 ], [ -73.951433268743173, 40.811676955614438 ] ] } },
{ "type": "Feature", "properties": { "park_i": "M318", "park_j": "M329", "n_settings": 12, "share": 0.75, "A_800": null, "A_1600": 13.2, "A_3200": 13.2, "D_net_m": 1102.8, "name_i": "Merchant's House Museum", "name_j": "Generation X", "D_euc_m": 1082.2, "within_walk_limit": false, "same_group": false }, "geometry": { "type": "LineString", "coordinates": [ [ -73.99227179060955, 40.72774326515713 ], [ -73.98141259425455, 40.722568380876417 ] ] } },
{ "type": "Feature", "properties": { "park_i": "M318", "park_j": "M332", "n_settings": 8, "share": 0.5, "A_800": null, "A_1600": 13.2, "A_3200": 13.2, "D_net_m": 1102.8, "name_i": "Merchant's House Museum", "name_j": "The Secret Garden", "D_euc_m": 1162.9, "within_walk_limit": false, "same_group": false }, "geometry": { "type": "LineString", "coordinates": [ [ -73.99227179060955, 40.72774326515713 ], [ -73.980356809771308, 40.72249380324665 ] ] } },
{ "type": "Feature", "properties": { "park_i": "M318", "park_j": "M354", "n_settings": 10, "share": 0.625, "A_800": null, "A_1600": 13.3, "A_3200": 13.3, "D_net_m": 1289.4, "name_i": "Merchant's House Museum", "name_j": "Orchard Alley Garden", "D_euc_m": 1367.9, "within_walk_limit": false, "same_group": false }, "geometry": { "type": "LineString", "coordinates": [ [ -73.99227179060955, 40.72774326515713 ], [ -73.978453487607297, 40.721316744048501 ] ] } },
{ "type": "Feature", "properties": { "park_i": "M318", "park_j": "M410", "n_settings": 12, "share": 0.75, "A_800": null, "A_1600": 13.2, "A_3200": 13.2, "D_net_m": 1102.8, "name_i": "Merchant's House Museum", "name_j": "Sage Garden", "D_euc_m": 1107.0, "within_walk_limit": false, "same_group": false }, "geometry": { "type": "LineString", "coordinates": [ [ -73.99227179060955, 40.72774326515713 ], [ -73.980870999774623, 40.722824015229072 ] ] } },
{ "type": "Feature", "properties": { "park_i": "M319A", "park_j": "M319B", "n_settings": 8, "share": 0.5, "A_800": 0.3, "A_1600": 0.3, "A_3200": 0.3, "D_net_m": 35.400002, "name_i": "Sugar Hill Garden", "name_j": "Edgecombe Park", "D_euc_m": 36.3, "within_walk_limit": true, "same_group": true }, "geometry": { "type": "LineString", "coordinates": [ [ -73.942284660156147, 40.826269852130615 ], [ -73.942075435443812, 40.826556001687116 ] ] } },
{ "type": "Feature", "properties": { "park_i": "M320", "park_j": "M368", "n_settings": 4, "share": 0.25, "A_800": 4.2, "A_1600": 4.2, "A_3200": 4.2, "D_net_m": 587.79999, "name_i": "Old Croton Aqueduct Gatehouse", "name_j": "West 111th St. People's Garden", "D_euc_m": 606.8, "within_walk_limit": true, "same_group": false }, "geometry": { "type": "LineString", "coordinates": [ [ -73.959580702440817, 40.808435994805421 ], [ -73.963549925006333, 40.803877103748313 ] ] } },
{ "type": "Feature", "properties": { "park_i": "M321", "park_j": "M404", "n_settings": 1, "share": 0.062, "A_800": null, "A_1600": null, "A_3200": 6.3, "D_net_m": 1698.3, "name_i": "Lower East Side Playground", "name_j": "NYC AIDS Memorial Park at St. Vincent’s Triangle", "D_euc_m": 1749.4, "within_walk_limit": false, "same_group": false }, "geometry": { "type": "LineString", "coordinates": [ [ -73.983008061278284, 40.72940196622671 ], [ -74.00112549991637, 40.737043903133234 ] ] } },
{ "type": "Feature", "properties": { "park_i": "M322", "park_j": "M394", "n_settings": 1, "share": 0.062, "A_800": null, "A_1600": null, "A_3200": 79.599998, "D_net_m": 2151.6001, "name_i": "Harris Garden", "name_j": "St. Nicholas Miracle Garden", "D_euc_m": 2152.7, "within_walk_limit": false, "same_group": false }, "geometry": { "type": "LineString", "coordinates": [ [ -73.942123875303835, 40.829732361283767 ], [ -73.951433268743173, 40.811676955614438 ] ] } },
{ "type": "Feature", "properties": { "park_i": "M324", "park_j": "M336", "n_settings": 8, "share": 0.5, "A_800": 0.0, "A_1600": 0.0, "A_3200": 0.0, "D_net_m": 69.900002, "name_i": "Earth People", "name_j": "De Colores Cmty Yard and Center", "D_euc_m": 76.9, "within_walk_limit": true, "same_group": true }, "geometry": { "type": "LineString", "coordinates": [ [ -73.978923106675779, 40.72514474585234 ], [ -73.979740589831408, 40.72544982298443 ] ] } },
{ "type": "Feature", "properties": { "park_i": "M325A", "park_j": "M336", "n_settings": 12, "share": 0.75, "A_800": 0.0, "A_1600": 0.0, "A_3200": 0.0, "D_net_m": 104.2, "name_i": "La Casita Garden", "name_j": "De Colores Cmty Yard and Center", "D_euc_m": 98.0, "within_walk_limit": true, "same_group": true }, "geometry": { "type": "LineString", "coordinates": [ [ -73.978716250198801, 40.725035827697532 ], [ -73.979740589831408, 40.72544982298443 ] ] } },
{ "type": "Feature", "properties": { "park_i": "M326", "park_j": "M372", "n_settings": 1, "share": 0.062, "A_800": null, "A_1600": 33.599998, "A_3200": 33.599998, "D_net_m": 826.29999, "name_i": "Liz Christy Garden", "name_j": "Allied Productions/Le Petit Versailles", "D_euc_m": 910.9, "within_walk_limit": false, "same_group": false }, "geometry": { "type": "LineString", "coordinates": [ [ -73.99183604246663, 40.72411944675747 ], [ -73.981791101146442, 40.721133070738965 ] ] } },
{ "type": "Feature", "properties": { "park_i": "M327", "park_j": "M346", "n_settings": 8, "share": 0.5, "A_800": null, "A_1600": null, "A_3200": 34.8, "D_net_m": 1779.2, "name_i": "Maggie's Magic Garden", "name_j": "Life Spire Garden", "D_euc_m": 1774.1, "within_walk_limit": false, "same_group": false }, "geometry": { "type": "LineString", "coordinates": [ [ -73.949281120462473, 40.788883586904973 ], [ -73.938448622537635, 40.802580774806088 ] ] } },
{ "type": "Feature", "properties": { "park_i": "M327", "park_j": "M392", "n_settings": 2, "share": 0.125, "A_800": null, "A_1600": 27.3, "A_3200": 27.3, "D_net_m": 1380.4, "name_i": "Maggie's Magic Garden", "name_j": "El Gallo Garden", "D_euc_m": 1410.1, "within_walk_limit": false, "same_group": false }, "geometry": { "type": "LineString", "coordinates": [ [ -73.949281120462473, 40.788883586904973 ], [ -73.940540365477219, 40.799709285739418 ] ] } },
{ "type": "Feature", "properties": { "park_i": "M329", "park_j": "M354", "n_settings": 8, "share": 0.5, "A_800": 0.2, "A_1600": 0.2, "A_3200": 0.2, "D_net_m": 186.60001, "name_i": "Generation X", "name_j": "Orchard Alley Garden", "D_euc_m": 286.0, "within_walk_limit": true, "same_group": true }, "geometry": { "type": "LineString", "coordinates": [ [ -73.98141259425455, 40.722568380876417 ], [ -73.978453487607297, 40.721316744048501 ] ] } },
{ "type": "Feature", "properties": { "park_i": "M329", "park_j": "M414", "n_settings": 12, "share": 0.75, "A_800": null, "A_1600": 13.2, "A_3200": 13.2, "D_net_m": 1102.8, "name_i": "Generation X", "name_j": "Manuel Plaza", "D_euc_m": 1067.2, "within_walk_limit": false, "same_group": false }, "geometry": { "type": "LineString", "coordinates": [ [ -73.98141259425455, 40.722568380876417 ], [ -73.992084592254301, 40.727715709887853 ] ] } },
{ "type": "Feature", "properties": { "park_i": "M330", "park_j": "M405", "n_settings": 12, "share": 0.75, "A_800": null, "A_1600": 13.8, "A_3200": 13.8, "D_net_m": 1229.0, "name_i": "Family Community Garden", "name_j": "Electric Ladybug Garden", "D_euc_m": 1234.5, "within_walk_limit": false, "same_group": false }, "geometry": { "type": "LineString", "coordinates": [ [ -73.943782464046407, 40.795120061723601 ], [ -73.956293101190141, 40.800887507994204 ] ] } },
{ "type": "Feature", "properties": { "park_i": "M330", "park_j": "M418", "n_settings": 10, "share": 0.625, "A_800": 4.1, "A_1600": 4.1, "A_3200": 4.1, "D_net_m": 312.79999, "name_i": "Family Community Garden", "name_j": "Mission Garden", "D_euc_m": 290.8, "within_walk_limit": true, "same_group": true }, "geometry": { "type": "LineString", "coordinates": [ [ -73.943782464046407, 40.795120061723601 ], [ -73.946524457380875, 40.796707037931952 ] ] } },
{ "type": "Feature", "properties": { "park_i": "M331", "park_j": "M387", "n_settings": 6, "share": 0.375, "A_800": null, "A_1600": 6.3, "A_3200": 6.3, "D_net_m": 1241.6, "name_i": "117th St Community Garden", "name_j": "TRUCE Garden", "D_euc_m": 1232.1, "within_walk_limit": false, "same_group": false }, "geometry": { "type": "LineString", "coordinates": [ [ -73.940582679430719, 40.798825138086855 ], [ -73.953070831455264, 40.804579285568835 ] ] } },
{ "type": "Feature", "properties": { "park_i": "M331", "park_j": "M389", "n_settings": 14, "share": 0.875, "A_800": 5.0, "A_1600": 5.0, "A_3200": 5.0, "D_net_m": 639.59998, "name_i": "117th St Community Garden", "name_j": "St. Mark's Garden", "D_euc_m": 608.9, "within_walk_limit": true, "same_group": true }, "geometry": { "type": "LineString", "coordinates": [ [ -73.940582679430719, 40.798825138086855 ], [ -73.934014945384305, 40.796550602441549 ] ] } },
{ "type": "Feature", "properties": { "park_i": "M332", "park_j": "M414", "n_settings": 8, "share": 0.5, "A_800": null, "A_1600": 13.2, "A_3200": 13.2, "D_net_m": 1102.8, "name_i": "The Secret Garden", "name_j": "Manuel Plaza", "D_euc_m": 1147.7, "within_walk_limit": false, "same_group": false }, "geometry": { "type": "LineString", "coordinates": [ [ -73.980356809771308, 40.72249380324665 ], [ -73.992084592254301, 40.727715709887853 ] ] } },
{ "type": "Feature", "properties": { "park_i": "M335", "park_j": "M342", "n_settings": 16, "share": 1.0, "A_800": null, "A_1600": 17.700001, "A_3200": 17.700001, "D_net_m": 990.0, "name_i": "Clinton Community Garden (LES)", "name_j": "Community Garden Association", "D_euc_m": 1033.7, "within_walk_limit": false, "same_group": false }, "geometry": { "type": "LineString", "coordinates": [ [ -73.984457419888102, 40.720010457887241 ], [ -73.979054842135739, 40.72836531247318 ] ] } },
{ "type": "Feature", "properties": { "park_i": "M335", "park_j": "M343", "n_settings": 4, "share": 0.25, "A_800": null, "A_1600": 17.200001, "A_3200": 17.200001, "D_net_m": 983.79999, "name_i": "Clinton Community Garden (LES)", "name_j": "Vamos Sembrar", "D_euc_m": 1028.0, "within_walk_limit": false, "same_group": false }, "geometry": { "type": "LineString", "coordinates": [ [ -73.984457419888102, 40.720010457887241 ], [ -73.979087012970467, 40.728320178854105 ] ] } },
{ "type": "Feature", "properties": { "park_i": "M335", "park_j": "M352", "n_settings": 4, "share": 0.25, "A_800": null, "A_1600": 17.700001, "A_3200": 17.700001, "D_net_m": 1027.1, "name_i": "Clinton Community Garden (LES)", "name_j": "Yu Suen Garden", "D_euc_m": 1077.1, "within_walk_limit": false, "same_group": false }, "geometry": { "type": "LineString", "coordinates": [ [ -73.984457419888102, 40.720010457887241 ], [ -73.978376375189697, 40.728539235285503 ] ] } },
{ "type": "Feature", "properties": { "park_i": "M339", "park_j": "M359", "n_settings": 4, "share": 0.25, "A_800": 1.4, "A_1600": 1.4, "A_3200": 1.4, "D_net_m": 255.3, "name_i": "El Sol Brilliante Jr", "name_j": "Campos Garden", "D_euc_m": 222.2, "within_walk_limit": true, "same_group": false }, "geometry": { "type": "LineString", "coordinates": [ [ -73.979533921451193, 40.728583278214465 ], [ -73.977571353221037, 40.727250884576982 ] ] } },
{ "type": "Feature", "properties": { "park_i": "M339", "park_j": "M404", "n_settings": 2, "share": 0.125, "A_800": null, "A_1600": null, "A_3200": 6.4, "D_net_m": 1980.9, "name_i": "El Sol Brilliante Jr", "name_j": "NYC AIDS Memorial Park at St. Vincent’s Triangle", "D_euc_m": 2051.1, "within_walk_limit": false, "same_group": false }, "geometry": { "type": "LineString", "coordinates": [ [ -73.979533921451193, 40.728583278214465 ], [ -74.00112549991637, 40.737043903133234 ] ] } },
{ "type": "Feature", "properties": { "park_i": "M343", "park_j": "M404", "n_settings": 2, "share": 0.125, "A_800": null, "A_1600": null, "A_3200": 6.4, "D_net_m": 1980.9, "name_i": "Vamos Sembrar", "name_j": "NYC AIDS Memorial Park at St. Vincent’s Triangle", "D_euc_m": 2098.0, "within_walk_limit": false, "same_group": false }, "geometry": { "type": "LineString", "coordinates": [ [ -73.979087012970467, 40.728320178854105 ], [ -74.00112549991637, 40.737043903133234 ] ] } },
{ "type": "Feature", "properties": { "park_i": "M350", "park_j": "M371", "n_settings": 8, "share": 0.5, "A_800": 0.9, "A_1600": 0.9, "A_3200": 0.9, "D_net_m": 253.3, "name_i": "Peachtree Garden", "name_j": "Hope Garden", "D_euc_m": 192.1, "within_walk_limit": true, "same_group": true }, "geometry": { "type": "LineString", "coordinates": [ [ -73.981978782196464, 40.72165853887148 ], [ -73.9841850128483, 40.72207760633701 ] ] } },
{ "type": "Feature", "properties": { "park_i": "M354", "park_j": "M410", "n_settings": 8, "share": 0.5, "A_800": 0.2, "A_1600": 0.2, "A_3200": 0.2, "D_net_m": 186.60001, "name_i": "Orchard Alley Garden", "name_j": "Sage Garden", "D_euc_m": 264.0, "within_walk_limit": true, "same_group": true }, "geometry": { "type": "LineString", "coordinates": [ [ -73.978453487607297, 40.721316744048501 ], [ -73.980870999774623, 40.722824015229072 ] ] } },
{ "type": "Feature", "properties": { "park_i": "M354", "park_j": "M414", "n_settings": 10, "share": 0.625, "A_800": null, "A_1600": 13.3, "A_3200": 13.3, "D_net_m": 1289.4, "name_i": "Orchard Alley Garden", "name_j": "Manuel Plaza", "D_euc_m": 1352.8, "within_walk_limit": false, "same_group": false }, "geometry": { "type": "LineString", "coordinates": [ [ -73.978453487607297, 40.721316744048501 ], [ -73.992084592254301, 40.727715709887853 ] ] } },
{ "type": "Feature", "properties": { "park_i": "M359", "park_j": "M404", "n_settings": 2, "share": 0.125, "A_800": null, "A_1600": null, "A_3200": 7.7, "D_net_m": 2236.2, "name_i": "Campos Garden", "name_j": "NYC AIDS Memorial Park at St. Vincent’s Triangle", "D_euc_m": 2266.8, "within_walk_limit": false, "same_group": false }, "geometry": { "type": "LineString", "coordinates": [ [ -73.977571353221037, 40.727250884576982 ], [ -74.00112549991637, 40.737043903133234 ] ] } },
{ "type": "Feature", "properties": { "park_i": "M361", "park_j": "M370", "n_settings": 8, "share": 0.5, "A_800": 0.2, "A_1600": 0.2, "A_3200": 0.2, "D_net_m": 119.0, "name_i": "Lower East Side Ecology Center", "name_j": "Sam and Sadie Koenig Garden", "D_euc_m": 125.4, "within_walk_limit": true, "same_group": true }, "geometry": { "type": "LineString", "coordinates": [ [ -73.979636146008474, 40.724649373897115 ], [ -73.978338130865268, 40.724100473518106 ] ] } },
{ "type": "Feature", "properties": { "park_i": "M367", "park_j": "M387", "n_settings": 1, "share": 0.062, "A_800": null, "A_1600": 5.2, "A_3200": 5.2, "D_net_m": 849.70001, "name_i": "Peaceful Valley Garden", "name_j": "TRUCE Garden", "D_euc_m": 880.1, "within_walk_limit": false, "same_group": false }, "geometry": { "type": "LineString", "coordinates": [ [ -73.944160820624518, 40.800455855224108 ], [ -73.953070831455264, 40.804579285568835 ] ] } },
{ "type": "Feature", "properties": { "park_i": "M367", "park_j": "M389", "n_settings": 4, "share": 0.25, "A_800": null, "A_1600": 6.1, "A_3200": 6.1, "D_net_m": 952.90002, "name_i": "Peaceful Valley Garden", "name_j": "St. Mark's Garden", "D_euc_m": 959.5, "within_walk_limit": false, "same_group": false }, "geometry": { "type": "LineString", "coordinates": [ [ -73.944160820624518, 40.800455855224108 ], [ -73.934014945384305, 40.796550602441549 ] ] } },
{ "type": "Feature", "properties": { "park_i": "M374", "park_j": "M377", "n_settings": 4, "share": 0.25, "A_800": null, "A_1600": null, "A_3200": 27.0, "D_net_m": 2003.2, "name_i": "CEP Community Garden", "name_j": "Bradhurst Gardens Association", "D_euc_m": 2057.9, "within_walk_limit": false, "same_group": false }, "geometry": { "type": "LineString", "coordinates": [ [ -73.950922793896311, 40.811073886427273 ], [ -73.939051391283598, 40.827268406263684 ] ] } },
{ "type": "Feature", "properties": { "park_i": "M383", "park_j": "M400", "n_settings": 14, "share": 0.875, "A_800": null, "A_1600": 14.4, "A_3200": 14.4, "D_net_m": 952.59998, "name_i": "La Cuevita Garden", "name_j": "Luigi's Garden of Love", "D_euc_m": 970.2, "within_walk_limit": false, "same_group": false }, "geometry": { "type": "LineString", "coordinates": [ [ -73.944293080709542, 40.79911988382041 ], [ -73.954352001491173, 40.803355342155683 ] ] } },
{ "type": "Feature", "properties": { "park_i": "M387", "park_j": "M389", "n_settings": 5, "share": 0.312, "A_800": null, "A_1600": null, "A_3200": 11.3, "D_net_m": 1881.2, "name_i": "TRUCE Garden", "name_j": "St. Mark's Garden", "D_euc_m": 1838.2, "within_walk_limit": false, "same_group": false }, "geometry": { "type": "LineString", "coordinates": [ [ -73.953070831455264, 40.804579285568835 ], [ -73.934014945384305, 40.796550602441549 ] ] } },
{ "type": "Feature", "properties": { "park_i": "M405", "park_j": "M417", "n_settings": 5, "share": 0.312, "A_800": null, "A_1600": 9.4, "A_3200": 9.4, "D_net_m": 837.29999, "name_i": "Electric Ladybug Garden", "name_j": "Diversity Edible Farm", "D_euc_m": 926.3, "within_walk_limit": false, "same_group": false }, "geometry": { "type": "LineString", "coordinates": [ [ -73.956293101190141, 40.800887507994204 ], [ -73.946753897297725, 40.796755769902639 ] ] } },
{ "type": "Feature", "properties": { "park_i": "M405", "park_j": "M418", "n_settings": 16, "share": 1.0, "A_800": null, "A_1600": 9.6, "A_3200": 9.6, "D_net_m": 916.20001, "name_i": "Electric Ladybug Garden", "name_j": "Mission Garden", "D_euc_m": 945.8, "within_walk_limit": false, "same_group": false }, "geometry": { "type": "LineString", "coordinates": [ [ -73.956293101190141, 40.800887507994204 ], [ -73.946524457380875, 40.796707037931952 ] ] } },
{ "type": "Feature", "properties": { "park_i": "M405", "park_j": "M419", "n_settings": 4, "share": 0.25, "A_800": null, "A_1600": 9.6, "A_3200": 9.6, "D_net_m": 916.20001, "name_i": "Electric Ladybug Garden", "name_j": "Villa Santruce", "D_euc_m": 1022.2, "within_walk_limit": false, "same_group": false }, "geometry": { "type": "LineString", "coordinates": [ [ -73.956293101190141, 40.800887507994204 ], [ -73.945694993924917, 40.796425113922282 ] ] } },
{ "type": "Feature", "properties": { "park_i": "M410", "park_j": "M414", "n_settings": 12, "share": 0.75, "A_800": null, "A_1600": 13.2, "A_3200": 13.2, "D_net_m": 1102.8, "name_i": "Sage Garden", "name_j": "Manuel Plaza", "D_euc_m": 1091.7, "within_walk_limit": false, "same_group": false }, "geometry": { "type": "LineString", "coordinates": [ [ -73.980870999774623, 40.722824015229072 ], [ -73.992084592254301, 40.727715709887853 ] ] } },
{ "type": "Feature", "properties": { "park_i": "Q019", "park_j": "Q360J", "n_settings": 4, "share": 0.25, "A_800": null, "A_1600": 52.0, "A_3200": 52.0, "D_net_m": 862.09998, "name_i": "Garlinge Triangle", "name_j": "Crowley Playground", "D_euc_m": 968.2, "within_walk_limit": false, "same_group": false }, "geometry": { "type": "LineString", "coordinates": [ [ -73.890876902946488, 40.728374511903667 ], [ -73.879522587602082, 40.729577922621026 ] ] } },
{ "type": "Feature", "properties": { "park_i": "Q021C", "park_j": "Q317", "n_settings": 2, "share": 0.125, "A_800": 12.7, "A_1600": 12.7, "A_3200": 12.7, "D_net_m": 682.09998, "name_i": "Seven Gables Playground", "name_j": "Tall Oak Playground", "D_euc_m": 724.9, "within_walk_limit": true, "same_group": false }, "geometry": { "type": "LineString", "coordinates": [ [ -73.766409399063704, 40.744168845585612 ], [ -73.758195794147596, 40.746070148956761 ] ] } },
{ "type": "Feature", "properties": { "park_i": "Q028", "park_j": "Q496", "n_settings": 2, "share": 0.125, "A_800": 40.400002, "A_1600": 40.400002, "A_3200": 40.400002, "D_net_m": 418.39999, "name_i": "Beach Channel Park", "name_j": "Park at Beach 108 Street", "D_euc_m": 797.9, "within_walk_limit": true, "same_group": false }, "geometry": { "type": "LineString", "coordinates": [ [ -73.842770146390137, 40.582018341925348 ], [ -73.833653581573301, 40.583848263352174 ] ] } },
{ "type": "Feature", "properties": { "park_i": "Q028", "park_j": "Q499", "n_settings": 2, "share": 0.125, "A_800": null, "A_1600": null, "A_3200": 130.5, "D_net_m": 2289.2, "name_i": "Beach Channel Park", "name_j": "Bay Breeze Park", "D_euc_m": 2583.0, "within_walk_limit": false, "same_group": false }, "geometry": { "type": "LineString", "coordinates": [ [ -73.842770146390137, 40.582018341925348 ], [ -73.814458795584954, 40.590707580666511 ] ] } },
{ "type": "Feature", "properties": { "park_i": "Q028A", "park_j": "Q496", "n_settings": 2, "share": 0.125, "A_800": 23.700001, "A_1600": 23.700001, "A_3200": 23.700001, "D_net_m": 336.39999, "name_i": "Tribute Park", "name_j": "Park at Beach 108 Street", "D_euc_m": 493.0, "within_walk_limit": true, "same_group": false }, "geometry": { "type": "LineString", "coordinates": [ [ -73.839088922785265, 40.582252319345841 ], [ -73.833653581573301, 40.583848263352174 ] ] } },
{ "type": "Feature", "properties": { "park_i": "Q028A", "park_j": "Q499", "n_settings": 2, "share": 0.125, "A_800": null, "A_1600": null, "A_3200": 113.9, "D_net_m": 2207.2, "name_i": "Tribute Park", "name_j": "Bay Breeze Park", "D_euc_m": 2286.2, "within_walk_limit": false, "same_group": false }, "geometry": { "type": "LineString", "coordinates": [ [ -73.839088922785265, 40.582252319345841 ], [ -73.814458795584954, 40.590707580666511 ] ] } },
{ "type": "Feature", "properties": { "park_i": "Q029", "park_j": "Q035#3", "n_settings": 2, "share": 0.125, "A_800": null, "A_1600": 34.0, "A_3200": 34.0, "D_net_m": 1442.9, "name_i": "William F Moore Park", "name_j": "Mall Thirty Four XXXIV (3/7)", "D_euc_m": 1488.0, "within_walk_limit": false, "same_group": false }, "geometry": { "type": "LineString", "coordinates": [ [ -73.855365566652964, 40.743586200871711 ], [ -73.861186389401382, 40.756237468577311 ] ] } },
{ "type": "Feature", "properties": { "park_i": "Q031A", "park_j": "Q098", "n_settings": 1, "share": 0.062, "A_800": null, "A_1600": null, "A_3200": 101.6, "D_net_m": 1781.9, "name_i": "Doughboy Park", "name_j": "Frank D. O'Connor Playground", "D_euc_m": 1923.4, "within_walk_limit": false, "same_group": false }, "geometry": { "type": "LineString", "coordinates": [ [ -73.90910861921725, 40.746449535396927 ], [ -73.886540880270147, 40.744086895999544 ] ] } },
{ "type": "Feature", "properties": { "park_i": "Q035#1", "park_j": "Q303", "n_settings": 1, "share": 0.062, "A_800": null, "A_1600": null, "A_3200": 12.4, "D_net_m": 1663.9, "name_i": "Mall Thirty Four XXXIV (1/7)", "name_j": "Travers Park", "D_euc_m": 1912.8, "within_walk_limit": false, "same_group": false }, "geometry": { "type": "LineString", "coordinates": [ [ -73.866784535130961, 40.755648683761166 ], [ -73.889308475852815, 40.753783241519628 ] ] } },
{ "type": "Feature", "properties": { "park_i": "Q035#2", "park_j": "Q410", "n_settings": 2, "share": 0.125, "A_800": null, "A_1600": null, "A_3200": 22.3, "D_net_m": 2076.3999, "name_i": "Mall Thirty Four XXXIV (2/7)", "name_j": "Hinton Park", "D_euc_m": 2138.1, "within_walk_limit": false, "same_group": false }, "geometry": { "type": "LineString", "coordinates": [ [ -73.880124455559354, 40.754261508933375 ], [ -73.854894238034248, 40.755940441950258 ] ] } },
{ "type": "Feature", "properties": { "park_i": "Q035#3", "park_j": "Q122", "n_settings": 1, "share": 0.062, "A_800": null, "A_1600": 6.3, "A_3200": 6.3, "D_net_m": 839.90002, "name_i": "Mall Thirty Four XXXIV (3/7)", "name_j": "Junction Playground", "D_euc_m": 940.4, "within_walk_limit": false, "same_group": false }, "geometry": { "type": "LineString", "coordinates": [ [ -73.861186389401382, 40.756237468577311 ], [ -73.872131157991845, 40.754661554237266 ] ] } },
{ "type": "Feature", "properties": { "park_i": "Q035#5", "park_j": "Q303", "n_settings": 2, "share": 0.125, "A_800": null, "A_1600": null, "A_3200": 15.1, "D_net_m": 1954.7, "name_i": "Mall Thirty Four XXXIV (5/7)", "name_j": "Travers Park", "D_euc_m": 2160.0, "within_walk_limit": false, "same_group": false }, "geometry": { "type": "LineString", "coordinates": [ [ -73.863882385653369, 40.755954092003165 ], [ -73.889308475852815, 40.753783241519628 ] ] } },
{ "type": "Feature", "properties": { "park_i": "Q036A", "park_j": "Q527", "n_settings": 8, "share": 0.5, "A_800": null, "A_1600": 11.9, "A_3200": 11.9, "D_net_m": 1029.5, "name_i": "Rafferty Triangle", "name_j": "LIC Pier", "D_euc_m": 1088.2, "within_walk_limit": false, "same_group": false }, "geometry": { "type": "LineString", "coordinates": [ [ -73.943324618914133, 40.747531129667273 ], [ -73.955899782117967, 40.749679495424083 ] ] } },
{ "type": "Feature", "properties": { "park_i": "Q040", "park_j": "Q254", "n_settings": 1, "share": 0.062, "A_800": null, "A_1600": null, "A_3200": 55.5, "D_net_m": 2036.5, "name_i": "Elmjack Mall", "name_j": "Corporal Frank F. Fagan Sq.", "D_euc_m": 2020.3, "within_walk_limit": false, "same_group": false }, "geometry": { "type": "LineString", "coordinates": [ [ -73.890763616045902, 40.74831555761812 ], [ -73.912432931713269, 40.756037339313671 ] ] } },
{ "type": "Feature", "properties": { "park_i": "Q040", "park_j": "Q514", "n_settings": 1, "share": 0.062, "A_800": null, "A_1600": null, "A_3200": 54.599998, "D_net_m": 1962.2, "name_i": "Elmjack Mall", "name_j": "Woodside Houses Park", "D_euc_m": 1944.0, "within_walk_limit": false, "same_group": false }, "geometry": { "type": "LineString", "coordinates": [ [ -73.890763616045902, 40.74831555761812 ], [ -73.911608132648311, 40.75575599721811 ] ] } },
{ "type": "Feature", "properties": { "park_i": "Q058", "park_j": "Q393F", "n_settings": 4, "share": 0.25, "A_800": null, "A_1600": null, "A_3200": 42.3, "D_net_m": 2095.2, "name_i": "Dunningham Triangle", "name_j": "LaGuardia Landing Lights", "D_euc_m": 2162.7, "within_walk_limit": false, "same_group": false }, "geometry": { "type": "LineString", "coordinates": [ [ -73.883598975588171, 40.746324499899274 ], [ -73.887575870671498, 40.765569397774534 ] ] } },
{ "type": "Feature", "properties": { "park_i": "Q058", "park_j": "Q393G", "n_settings": 4, "share": 0.25, "A_800": null, "A_1600": null, "A_3200": 42.400002, "D_net_m": 2163.5, "name_i": "Dunningham Triangle", "name_j": "Laguardia Landing Lights", "D_euc_m": 2218.0, "within_walk_limit": false, "same_group": false }, "geometry": { "type": "LineString", "coordinates": [ [ -73.883598975588171, 40.746324499899274 ], [ -73.887874603061249, 40.76603685915876 ] ] } },
{ "type": "Feature", "properties": { "park_i": "Q058", "park_j": "Q393H", "n_settings": 2, "share": 0.125, "A_800": null, "A_1600": null, "A_3200": 42.3, "D_net_m": 2080.1001, "name_i": "Dunningham Triangle", "name_j": "LaGuardia Landing Lights", "D_euc_m": 2195.2, "within_walk_limit": false, "same_group": false }, "geometry": { "type": "LineString", "coordinates": [ [ -73.883598975588171, 40.746324499899274 ], [ -73.886835855851913, 40.765943851588951 ] ] } },
{ "type": "Feature", "properties": { "park_i": "Q060", "park_j": "Q254", "n_settings": 2, "share": 0.125, "A_800": null, "A_1600": null, "A_3200": 56.599998, "D_net_m": 2253.6001, "name_i": "Nine Heroes Plaza", "name_j": "Corporal Frank F. Fagan Sq.", "D_euc_m": 2283.7, "within_walk_limit": false, "same_group": false }, "geometry": { "type": "LineString", "coordinates": [ [ -73.889153860290094, 40.745561620593499 ], [ -73.912432931713269, 40.756037339313671 ] ] } },
{ "type": "Feature", "properties": { "park_i": "Q060", "park_j": "Q514", "n_settings": 2, "share": 0.125, "A_800": null, "A_1600": null, "A_3200": 55.700001, "D_net_m": 2179.3, "name_i": "Nine Heroes Plaza", "name_j": "Woodside Houses Park", "D_euc_m": 2207.9, "within_walk_limit": false, "same_group": false }, "geometry": { "type": "LineString", "coordinates": [ [ -73.889153860290094, 40.745561620593499 ], [ -73.911608132648311, 40.75575599721811 ] ] } },
{ "type": "Feature", "properties": { "park_i": "Q067A", "park_j": "Q514", "n_settings": 2, "share": 0.125, "A_800": null, "A_1600": 34.3, "A_3200": 34.3, "D_net_m": 1373.5, "name_i": "General Hart Playground", "name_j": "Woodside Houses Park", "D_euc_m": 1437.1, "within_walk_limit": false, "same_group": false }, "geometry": { "type": "LineString", "coordinates": [ [ -73.897309455529268, 40.748731795091139 ], [ -73.911608132648311, 40.75575599721811 ] ] } },
{ "type": "Feature", "properties": { "park_i": "Q075", "park_j": "Q139", "n_settings": 2, "share": 0.125, "A_800": 28.4, "A_1600": 28.4, "A_3200": 28.4, "D_net_m": 666.70001, "name_i": "Glendale Veterans Triangle", "name_j": "Drumm Triangle", "D_euc_m": 682.3, "within_walk_limit": true, "same_group": false }, "geometry": { "type": "LineString", "coordinates": [ [ -73.880859119561904, 40.701838889322943 ], [ -73.888249748366349, 40.699361487709425 ] ] } },
{ "type": "Feature", "properties": { "park_i": "Q079", "park_j": "Q148", "n_settings": 2, "share": 0.125, "A_800": null, "A_1600": 30.5, "A_3200": 30.5, "D_net_m": 1480.4, "name_i": "Wellbrock Triangle", "name_j": "Catholic War Veterans Square", "D_euc_m": 1506.7, "within_walk_limit": false, "same_group": false }, "geometry": { "type": "LineString", "coordinates": [ [ -73.833575543961629, 40.678888227087988 ], [ -73.816197118905436, 40.675865779016512 ] ] } },
{ "type": "Feature", "properties": { "park_i": "Q083#13", "park_j": "Q139", "n_settings": 1, "share": 0.062, "A_800": null, "A_1600": null, "A_3200": 83.099998, "D_net_m": 2200.0, "name_i": "Jackie Robinson Parkway (13/17)", "name_j": "Drumm Triangle", "D_euc_m": 2262.6, "within_walk_limit": false, "same_group": false }, "geometry": { "type": "LineString", "coordinates": [ [ -73.86190168738834, 40.703007047268947 ], [ -73.888249748366349, 40.699361487709425 ] ] } },
{ "type": "Feature", "properties": { "park_i": "Q084B", "park_j": "Q391", "n_settings": 8, "share": 0.5, "A_800": 34.5, "A_1600": 34.5, "A_3200": 34.5, "D_net_m": 718.0, "name_i": "Tepper Triangle", "name_j": "Joseph Austin Playground", "D_euc_m": 829.2, "within_walk_limit": true, "same_group": true }, "geometry": { "type": "LineString", "coordinates": [ [ -73.791645155217694, 40.718692998650184 ], [ -73.800746977784115, 40.715895634543728 ] ] } },
{ "type": "Feature", "properties": { "park_i": "Q085", "park_j": "Q174A", "n_settings": 2, "share": 0.125, "A_800": null, "A_1600": 20.200001, "A_3200": 20.200001, "D_net_m": 1272.9, "name_i": "Gorman Playground", "name_j": "St. Michael's Playground", "D_euc_m": 1407.5, "within_walk_limit": false, "same_group": false }, "geometry": { "type": "LineString", "coordinates": [ [ -73.884237087826193, 40.76238638704671 ], [ -73.900243677554045, 40.758834368813929 ] ] } },
{ "type": "Feature", "properties": { "park_i": "Q098", "park_j": "Q514", "n_settings": 2, "share": 0.125, "A_800": null, "A_1600": null, "A_3200": 65.099998, "D_net_m": 2315.8999, "name_i": "Frank D. O'Connor Playground", "name_j": "Woodside Houses Park", "D_euc_m": 2481.4, "within_walk_limit": false, "same_group": false }, "geometry": { "type": "LineString", "coordinates": [ [ -73.886540880270147, 40.744086895999544 ], [ -73.911608132648311, 40.75575599721811 ] ] } },
{ "type": "Feature", "properties": { "park_i": "Q116", "park_j": "Q366", "n_settings": 2, "share": 0.125, "A_800": null, "A_1600": 38.5, "A_3200": 38.5, "D_net_m": 1056.4, "name_i": "One Room Schoolhouse Park", "name_j": "Louis C. Moser Playground", "D_euc_m": 1083.2, "within_walk_limit": false, "same_group": false }, "geometry": { "type": "LineString", "coordinates": [ [ -73.879404323814711, 40.763299232992509 ], [ -73.892235293820775, 40.763124097849506 ] ] } },
{ "type": "Feature", "properties": { "park_i": "Q121", "park_j": "Q351", "n_settings": 1, "share": 0.062, "A_800": null, "A_1600": 76.599998, "A_3200": 76.599998, "D_net_m": 819.20001, "name_i": "Detective Keith L Williams Park", "name_j": "Peters Field", "D_euc_m": 873.2, "within_walk_limit": false, "same_group": false }, "geometry": { "type": "LineString", "coordinates": [ [ -73.784236000418829, 40.702670693654902 ], [ -73.774935204334909, 40.706099778885033 ] ] } },
{ "type": "Feature", "properties": { "park_i": "Q142", "park_j": "Q157", "n_settings": 2, "share": 0.125, "A_800": 3.5, "A_1600": 3.5, "A_3200": 3.5, "D_net_m": 744.09998, "name_i": "Jacob Riis Triangle", "name_j": "Metro Triangle", "D_euc_m": 782.8, "within_walk_limit": true, "same_group": false }, "geometry": { "type": "LineString", "coordinates": [ [ -73.8349155505027, 40.701940727732001 ], [ -73.826238110837394, 40.704413517156809 ] ] } },
{ "type": "Feature", "properties": { "park_i": "Q162E", "park_j": "Q162H", "n_settings": 4, "share": 0.25, "A_800": null, "A_1600": null, "A_3200": 66.5, "D_net_m": 2156.2, "name_i": "Beach 59th St Playground", "name_j": "Beach 30th Street Playground", "D_euc_m": 2216.9, "within_walk_limit": false, "same_group": false }, "geometry": { "type": "LineString", "coordinates": [ [ -73.789009384000551, 40.589131417787478 ], [ -73.763202825461605, 40.592556455832813 ] ] } },
{ "type": "Feature", "properties": { "park_i": "Q162E", "park_j": "Q162H01", "n_settings": 2, "share": 0.125, "A_800": null, "A_1600": null, "A_3200": 75.199997, "D_net_m": 2486.8, "name_i": "Beach 59th St Playground", "name_j": "Park", "D_euc_m": 2528.5, "within_walk_limit": false, "same_group": false }, "geometry": { "type": "LineString", "coordinates": [ [ -73.789009384000551, 40.589131417787478 ], [ -73.7594523428603, 40.592452854433574 ] ] } },
{ "type": "Feature", "properties": { "park_i": "Q162H01", "park_j": "Q162J01", "n_settings": 2, "share": 0.125, "A_800": null, "A_1600": 43.099998, "A_3200": 43.099998, "D_net_m": 1167.1, "name_i": "Park", "name_j": "Beach 9 Playground", "D_euc_m": 1264.8, "within_walk_limit": false, "same_group": false }, "geometry": { "type": "LineString", "coordinates": [ [ -73.7594523428603, 40.592452854433574 ], [ -73.74497901171506, 40.595292869274665 ] ] } },
{ "type": "Feature", "properties": { "park_i": "Q162H01", "park_j": "Q520", "n_settings": 2, "share": 0.125, "A_800": null, "A_1600": 32.900002, "A_3200": 32.900002, "D_net_m": 1276.7, "name_i": "Park", "name_j": "Arverne East Nature Preserve", "D_euc_m": 1951.7, "within_walk_limit": false, "same_group": false }, "geometry": { "type": "LineString", "coordinates": [ [ -73.7594523428603, 40.592452854433574 ], [ -73.782461999953114, 40.591273371460609 ] ] } },
{ "type": "Feature", "properties": { "park_i": "Q162I", "park_j": "Q520", "n_settings": 1, "share": 0.062, "A_800": null, "A_1600": 39.3, "A_3200": 39.3, "D_net_m": 1543.3, "name_i": "Rockaway Beach and Boardwalk", "name_j": "Arverne East Nature Preserve", "D_euc_m": 2571.6, "within_walk_limit": false, "same_group": false }, "geometry": { "type": "LineString", "coordinates": [ [ -73.752177962324765, 40.593178489103082 ], [ -73.782461999953114, 40.591273371460609 ] ] } },
{ "type": "Feature", "properties": { "park_i": "Q162J", "park_j": "Q469", "n_settings": 2, "share": 0.125, "A_800": 28.5, "A_1600": 28.5, "A_3200": 28.5, "D_net_m": 488.5, "name_i": "Beach 17 Playground", "name_j": "Seagirt Ave Wetlands", "D_euc_m": 746.0, "within_walk_limit": true, "same_group": false }, "geometry": { "type": "LineString", "coordinates": [ [ -73.748884272854966, 40.594429321285403 ], [ -73.740690310963302, 40.596908274329806 ] ] } },
{ "type": "Feature", "properties": { "park_i": "Q220B", "park_j": "Q220D", "n_settings": 4, "share": 0.25, "A_800": null, "A_1600": 24.6, "A_3200": 24.6, "D_net_m": 1392.9, "name_i": "Norelli-Hargreaves Playground", "name_j": "Foch Sitting Area", "D_euc_m": 1534.9, "within_walk_limit": false, "same_group": false }, "geometry": { "type": "LineString", "coordinates": [ [ -73.808952494983174, 40.690458295985735 ], [ -73.802349326621652, 40.677579051168237 ] ] } },
{ "type": "Feature", "properties": { "park_i": "Q232", "park_j": "Q333", "n_settings": 1, "share": 0.062, "A_800": null, "A_1600": null, "A_3200": 65.900002, "D_net_m": 1857.7, "name_i": "Dwyer Square", "name_j": "Ravenswood Playground", "D_euc_m": 1964.3, "within_walk_limit": false, "same_group": false }, "geometry": { "type": "LineString", "coordinates": [ [ -73.915227679598658, 40.753929154667233 ], [ -73.935574140397833, 40.762514155477 ] ] } },
{ "type": "Feature", "properties": { "park_i": "Q259", "park_j": "Q422", "n_settings": 3, "share": 0.188, "A_800": null, "A_1600": 20.200001, "A_3200": 20.200001, "D_net_m": 839.20001, "name_i": "Memorial Circle", "name_j": "Seaside Playground", "D_euc_m": 913.0, "within_walk_limit": false, "same_group": false }, "geometry": { "type": "LineString", "coordinates": [ [ -73.841090133724563, 40.578653667600832 ], [ -73.830786860929976, 40.581088924917879 ] ] } },
{ "type": "Feature", "properties": { "park_i": "Q296", "park_j": "Q333", "n_settings": 2, "share": 0.125, "A_800": null, "A_1600": 18.3, "A_3200": 18.3, "D_net_m": 1378.9, "name_i": "Playground Thirty Five XXXV", "name_j": "Ravenswood Playground", "D_euc_m": 1428.5, "within_walk_limit": false, "same_group": false }, "geometry": { "type": "LineString", "coordinates": [ [ -73.922024510487219, 40.754805686178095 ], [ -73.935574140397833, 40.762514155477 ] ] } },
{ "type": "Feature", "properties": { "park_i": "Q307", "park_j": "Q339", "n_settings": 6, "share": 0.375, "A_800": null, "A_1600": 42.700001, "A_3200": 42.700001, "D_net_m": 1241.2, "name_i": "Delphin H. Greene Playground", "name_j": "Cambria Playground", "D_euc_m": 1304.7, "within_walk_limit": false, "same_group": false }, "geometry": { "type": "LineString", "coordinates": [ [ -73.728894908989417, 40.684753555344237 ], [ -73.743027285637623, 40.689485225827582 ] ] } },
{ "type": "Feature", "properties": { "park_i": "Q316", "park_j": "Q387C", "n_settings": 1, "share": 0.062, "A_800": null, "A_1600": 77.099998, "A_3200": 77.099998, "D_net_m": 922.0, "name_i": "Captain Dermody Triangle", "name_j": "Park", "D_euc_m": 963.0, "within_walk_limit": false, "same_group": false }, "geometry": { "type": "LineString", "coordinates": [ [ -73.764460254933454, 40.755714258914089 ], [ -73.7755181790085, 40.753586126561792 ] ] } },
{ "type": "Feature", "properties": { "park_i": "Q341D", "park_j": "Q341E", "n_settings": 10, "share": 0.625, "A_800": 2.3, "A_1600": 2.3, "A_3200": 2.3, "D_net_m": 185.89999, "name_i": "Spargo Park", "name_j": "Crosson Green", "D_euc_m": 117.3, "within_walk_limit": true, "same_group": true }, "geometry": { "type": "LineString", "coordinates": [ [ -73.897294187922654, 40.741439249066907 ], [ -73.896645090004057, 40.742373739913432 ] ] } },
{ "type": "Feature", "properties": { "park_i": "Q341F", "park_j": "Q500", "n_settings": 5, "share": 0.312, "A_800": null, "A_1600": 42.599998, "A_3200": 42.599998, "D_net_m": 1493.5, "name_i": "Crosson Park", "name_j": "Park", "D_euc_m": 1539.0, "within_walk_limit": false, "same_group": false }, "geometry": { "type": "LineString", "coordinates": [ [ -73.895889828201518, 40.742999203776485 ], [ -73.89577002595756, 40.729136504990969 ] ] } },
{ "type": "Feature", "properties": { "park_i": "Q344", "park_j": "Q515", "n_settings": 2, "share": 0.125, "A_800": 5.9, "A_1600": 5.9, "A_3200": 5.9, "D_net_m": 473.89999, "name_i": "Emerald Playground", "name_j": "Legacy Park", "D_euc_m": 526.2, "within_walk_limit": true, "same_group": false }, "geometry": { "type": "LineString", "coordinates": [ [ -73.805968472520021, 40.731043505381805 ], [ -73.812158820737352, 40.730507158907493 ] ] } },
{ "type": "Feature", "properties": { "park_i": "Q348", "park_j": "Q451", "n_settings": 4, "share": 0.25, "A_800": null, "A_1600": 60.700001, "A_3200": 60.700001, "D_net_m": 1287.0, "name_i": "Willow Lake Playground", "name_j": "Underbridge Dog Run", "D_euc_m": 1401.7, "within_walk_limit": false, "same_group": false }, "geometry": { "type": "LineString", "coordinates": [ [ -73.837194472702606, 40.722814658378077 ], [ -73.845220354906516, 40.733866363210169 ] ] } },
{ "type": "Feature", "properties": { "park_i": "Q357B", "park_j": "Q357B01", "n_settings": 2, "share": 0.125, "A_800": 1.2, "A_1600": 1.2, "A_3200": 1.2, "D_net_m": 44.5, "name_i": "Real Good Playground", "name_j": "Barrier Playground", "D_euc_m": 217.4, "within_walk_limit": true, "same_group": false }, "geometry": { "type": "LineString", "coordinates": [ [ -73.857342274494101, 40.735557987772175 ], [ -73.854942756887468, 40.736268671517479 ] ] } },
{ "type": "Feature", "properties": { "park_i": "Q357D", "park_j": "Q357I", "n_settings": 2, "share": 0.125, "A_800": null, "A_1600": 43.900002, "A_3200": 43.900002, "D_net_m": 1079.5, "name_i": "Park", "name_j": "Nassau Mall", "D_euc_m": 1400.6, "within_walk_limit": false, "same_group": false }, "geometry": { "type": "LineString", "coordinates": [ [ -73.73860358106559, 40.75786222702942 ], [ -73.724751945605803, 40.764807411536779 ] ] } },
{ "type": "Feature", "properties": { "park_i": "Q357E", "park_j": "Q357I", "n_settings": 2, "share": 0.125, "A_800": null, "A_1600": 43.900002, "A_3200": 43.900002, "D_net_m": 1079.5, "name_i": "Park", "name_j": "Nassau Mall", "D_euc_m": 1244.8, "within_walk_limit": false, "same_group": false }, "geometry": { "type": "LineString", "coordinates": [ [ -73.737160815837569, 40.758750652781593 ], [ -73.724751945605803, 40.764807411536779 ] ] } },
{ "type": "Feature", "properties": { "park_i": "Q360E", "park_j": "Q360R", "n_settings": 2, "share": 0.125, "A_800": null, "A_1600": 60.599998, "A_3200": 60.599998, "D_net_m": 1025.6, "name_i": "Hull Triangle", "name_j": "Sitting Area", "D_euc_m": 1070.5, "within_walk_limit": false, "same_group": false }, "geometry": { "type": "LineString", "coordinates": [ [ -73.901590387150975, 40.725354094112177 ], [ -73.888978927135511, 40.726320447827064 ] ] } },
{ "type": "Feature", "properties": { "park_i": "Q360E", "park_j": "Q360Y2", "n_settings": 1, "share": 0.062, "A_800": null, "A_1600": 60.400002, "A_3200": 60.400002, "D_net_m": 968.70001, "name_i": "Hull Triangle", "name_j": "Park", "D_euc_m": 1001.4, "within_walk_limit": false, "same_group": false }, "geometry": { "type": "LineString", "coordinates": [ [ -73.901590387150975, 40.725354094112177 ], [ -73.889746699247667, 40.725774758801016 ] ] } },
{ "type": "Feature", "properties": { "park_i": "Q360J", "park_j": "Q360T", "n_settings": 2, "share": 0.125, "A_800": 41.099998, "A_1600": 41.099998, "A_3200": 41.099998, "D_net_m": 462.5, "name_i": "Crowley Playground", "name_j": "Sitting Area", "D_euc_m": 644.4, "within_walk_limit": true, "same_group": false }, "geometry": { "type": "LineString", "coordinates": [ [ -73.879522587602082, 40.729577922621026 ], [ -73.887009933916914, 40.728458956961873 ] ] } },
{ "type": "Feature", "properties": { "park_i": "Q389", "park_j": "Q499", "n_settings": 3, "share": 0.188, "A_800": null, "A_1600": 51.5, "A_3200": 51.5, "D_net_m": 975.29999, "name_i": "Bayside Playground", "name_j": "Bay Breeze Park", "D_euc_m": 1110.6, "within_walk_limit": false, "same_group": false }, "geometry": { "type": "LineString", "coordinates": [ [ -73.82514231728446, 40.584898339831007 ], [ -73.814458795584954, 40.590707580666511 ] ] } },
{ "type": "Feature", "properties": { "park_i": "Q393A", "park_j": "Q502", "n_settings": 7, "share": 0.438, "A_800": null, "A_1600": 6.3, "A_3200": 6.3, "D_net_m": 854.20001, "name_i": "LaGuardia Landing Lights", "name_j": "Rory Staunton Field", "D_euc_m": 892.4, "within_walk_limit": false, "same_group": false }, "geometry": { "type": "LineString", "coordinates": [ [ -73.88993836944735, 40.761959760701792 ], [ -73.888402087205861, 40.754006712345124 ] ] } },
{ "type": "Feature", "properties": { "park_i": "Q393C", "park_j": "Q502", "n_settings": 2, "share": 0.125, "A_800": null, "A_1600": 7.0, "A_3200": 7.0, "D_net_m": 979.70001, "name_i": "LaGuardia Landing Lights", "name_j": "Rory Staunton Field", "D_euc_m": 1044.9, "within_walk_limit": false, "same_group": false }, "geometry": { "type": "LineString", "coordinates": [ [ -73.889161373614741, 40.763401072522392 ], [ -73.888402087205861, 40.754006712345124 ] ] } },
{ "type": "Feature", "properties": { "park_i": "Q436", "park_j": "Q477", "n_settings": 1, "share": 0.062, "A_800": null, "A_1600": 17.5, "A_3200": 17.5, "D_net_m": 897.20001, "name_i": "Athens Square", "name_j": "Two Coves Community Garden", "D_euc_m": 976.1, "within_walk_limit": false, "same_group": false }, "geometry": { "type": "LineString", "coordinates": [ [ -73.922216628501033, 40.767810555699882 ], [ -73.932134823192442, 40.772332907376367 ] ] } },
{ "type": "Feature", "properties": { "park_i": "Q496", "park_j": "Q499", "n_settings": 4, "share": 0.25, "A_800": null, "A_1600": 78.800003, "A_3200": 78.800003, "D_net_m": 1527.4, "name_i": "Park at Beach 108 Street", "name_j": "Bay Breeze Park", "D_euc_m": 1794.2, "within_walk_limit": false, "same_group": false }, "geometry": { "type": "LineString", "coordinates": [ [ -73.833653581573301, 40.583848263352174 ], [ -73.814458795584954, 40.590707580666511 ] ] } },
{ "type": "Feature", "properties": { "park_i": "Q511", "park_j": "Q523", "n_settings": 14, "share": 0.875, "A_800": 0.7, "A_1600": 0.7, "A_3200": 0.7, "D_net_m": 311.60001, "name_i": "Edgemere Coalition", "name_j": "Beach 43rd Street Waterfront Park", "D_euc_m": 380.4, "within_walk_limit": true, "same_group": true }, "geometry": { "type": "LineString", "coordinates": [ [ -73.774777221491192, 40.598132220204832 ], [ -73.775175201293038, 40.601545580976563 ] ] } },
{ "type": "Feature", "properties": { "park_i": "R021", "park_j": "R034", "n_settings": 2, "share": 0.125, "A_800": null, "A_1600": null, "A_3200": 112.8, "D_net_m": 1908.3, "name_i": "Forest Mall", "name_j": "Austin J. McDonald Playground", "D_euc_m": 2042.9, "within_walk_limit": false, "same_group": false }, "geometry": { "type": "LineString", "coordinates": [ [ -74.091249081753986, 40.630962450887111 ], [ -74.115332792826507, 40.629549205177995 ] ] } },
{ "type": "Feature", "properties": { "park_i": "R021", "park_j": "R105", "n_settings": 2, "share": 0.125, "A_800": null, "A_1600": null, "A_3200": 124.7, "D_net_m": 2116.6001, "name_i": "Forest Mall", "name_j": "Prall Playground", "D_euc_m": 2297.9, "within_walk_limit": false, "same_group": false }, "geometry": { "type": "LineString", "coordinates": [ [ -74.091249081753986, 40.630962450887111 ], [ -74.118231845338514, 40.62854331486848 ] ] } },
{ "type": "Feature", "properties": { "park_i": "R033", "park_j": "R146", "n_settings": 2, "share": 0.125, "A_800": 9.5, "A_1600": 9.5, "A_3200": 9.5, "D_net_m": 602.59998, "name_i": "Levy Playground", "name_j": "Joe Holzka Community Garden", "D_euc_m": 628.5, "within_walk_limit": true, "same_group": false }, "geometry": { "type": "LineString", "coordinates": [ [ -74.128930089826326, 40.63391190163108 ], [ -74.121545665660548, 40.634546522759152 ] ] } },
{ "type": "Feature", "properties": { "park_i": "R080", "park_j": "R161", "n_settings": 1, "share": 0.062, "A_800": 80.699997, "A_1600": 80.699997, "A_3200": 80.699997, "D_net_m": 776.79999, "name_i": "Annadale Green", "name_j": "Laredo Avenue Parcel", "D_euc_m": 826.3, "within_walk_limit": true, "same_group": false }, "geometry": { "type": "LineString", "coordinates": [ [ -74.177660180661022, 40.541450668741902 ], [ -74.174086497043774, 40.548377375888592 ] ] } },
{ "type": "Feature", "properties": { "park_i": "R097", "park_j": "R101", "n_settings": 1, "share": 0.062, "A_800": null, "A_1600": null, "A_3200": 33.0, "D_net_m": 1645.9, "name_i": "Ida Court", "name_j": "Wegener Park", "D_euc_m": 1874.4, "within_walk_limit": false, "same_group": false }, "geometry": { "type": "LineString", "coordinates": [ [ -74.187200619155178, 40.538297129518568 ], [ -74.176090414290968, 40.552901461260618 ] ] } },
{ "type": "Feature", "properties": { "park_i": "R098", "park_j": "R101", "n_settings": 1, "share": 0.062, "A_800": null, "A_1600": null, "A_3200": 35.099998, "D_net_m": 1693.1, "name_i": "Park", "name_j": "Wegener Park", "D_euc_m": 2197.8, "within_walk_limit": false, "same_group": false }, "geometry": { "type": "LineString", "coordinates": [ [ -74.189713628275342, 40.536049453655714 ], [ -74.176090414290968, 40.552901461260618 ] ] } },
{ "type": "Feature", "properties": { "park_i": "R098", "park_j": "R103", "n_settings": 1, "share": 0.062, "A_800": 71.199997, "A_1600": 19.1, "A_3200": 19.1, "D_net_m": 646.5, "name_i": "Park", "name_j": "Park", "D_euc_m": 1021.7, "within_walk_limit": true, "same_group": false }, "geometry": { "type": "LineString", "coordinates": [ [ -74.189713628275342, 40.536049453655714 ], [ -74.182701646443121, 40.543539585394846 ] ] } },
{ "type": "Feature", "properties": { "park_i": "R099", "park_j": "R101", "n_settings": 2, "share": 0.125, "A_800": null, "A_1600": 28.0, "A_3200": 28.0, "D_net_m": 1380.3, "name_i": "Park", "name_j": "Wegener Park", "D_euc_m": 1520.2, "within_walk_limit": false, "same_group": false }, "geometry": { "type": "LineString", "coordinates": [ [ -74.184923464584884, 40.540979747558595 ], [ -74.176090414290968, 40.552901461260618 ] ] } },
{ "type": "Feature", "properties": { "park_i": "R112#24", "park_j": "R163", "n_settings": 4, "share": 0.25, "A_800": 86.800003, "A_1600": 86.800003, "A_3200": 86.800003, "D_net_m": 461.5, "name_i": "Meredith Woods (24/25)", "name_j": "Meredith Woods", "D_euc_m": 519.3, "within_walk_limit": true, "same_group": false }, "geometry": { "type": "LineString", "coordinates": [ [ -74.190108497506998, 40.595325378087644 ], [ -74.195498760339134, 40.597561665377221 ] ] } },
{ "type": "Feature", "properties": { "park_i": "R112#7", "park_j": "R163", "n_settings": 14, "share": 0.875, "A_800": 14.9, "A_1600": 14.9, "A_3200": 14.9, "D_net_m": 410.79999, "name_i": "Meredith Woods (7/25)", "name_j": "Meredith Woods", "D_euc_m": 687.9, "within_walk_limit": true, "same_group": true }, "geometry": { "type": "LineString", "coordinates": [ [ -74.187602432805079, 40.59903476040644 ], [ -74.195498760339134, 40.597561665377221 ] ] } },
{ "type": "Feature", "properties": { "park_i": "R114", "park_j": "R141", "n_settings": 1, "share": 0.062, "A_800": null, "A_1600": 36.700001, "A_3200": 36.700001, "D_net_m": 1037.6, "name_i": "Jennifer's Playground", "name_j": "Graniteville Swamp Park", "D_euc_m": 1005.8, "within_walk_limit": false, "same_group": false }, "geometry": { "type": "LineString", "coordinates": [ [ -74.163131358782451, 40.620055893519712 ], [ -74.173234285146052, 40.624833781218079 ] ] } },
{ "type": "Feature", "properties": { "park_i": "X001A#4", "park_j": "X082", "n_settings": 2, "share": 0.125, "A_800": 15.6, "A_1600": 15.6, "A_3200": 15.6, "D_net_m": 164.2, "name_i": "Aqueduct Walk (4/5)", "name_j": "University Malls", "D_euc_m": 402.5, "within_walk_limit": true, "same_group": false }, "geometry": { "type": "LineString", "coordinates": [ [ -73.913387878907201, 40.851881963806719 ], [ -73.916924233696463, 40.849446324572654 ] ] } },
{ "type": "Feature", "properties": { "park_i": "X001A#4", "park_j": "X148A4", "n_settings": 2, "share": 0.125, "A_800": null, "A_1600": 49.5, "A_3200": 49.5, "D_net_m": 818.79999, "name_i": "Aqueduct Walk (4/5)", "name_j": "Park", "D_euc_m": 1028.6, "within_walk_limit": false, "same_group": false }, "geometry": { "type": "LineString", "coordinates": [ [ -73.913387878907201, 40.851881963806719 ], [ -73.921967238812798, 40.845294080135837 ] ] } },
{ "type": "Feature", "properties": { "park_i": "X001B", "park_j": "X355", "n_settings": 2, "share": 0.125, "A_800": null, "A_1600": null, "A_3200": 86.0, "D_net_m": 1898.1, "name_i": "Barnhill Square", "name_j": "Leave it Better Kids' Garden", "D_euc_m": 1978.7, "within_walk_limit": false, "same_group": false }, "geometry": { "type": "LineString", "coordinates": [ [ -73.899689836990817, 40.868145733042844 ], [ -73.910489002542803, 40.852320161639689 ] ] } },
{ "type": "Feature", "properties": { "park_i": "X010A", "park_j": "X078", "n_settings": 2, "share": 0.125, "A_800": null, "A_1600": null, "A_3200": 37.0, "D_net_m": 2076.5, "name_i": "Walter Gladwin Park", "name_j": "Franklin Triangle", "D_euc_m": 2311.8, "within_walk_limit": false, "same_group": false }, "geometry": { "type": "LineString", "coordinates": [ [ -73.894978817104345, 40.845681071392086 ], [ -73.907333376988589, 40.827091230549279 ] ] } },
{ "type": "Feature", "properties": { "park_i": "X010A", "park_j": "X243", "n_settings": 2, "share": 0.125, "A_800": null, "A_1600": null, "A_3200": 33.400002, "D_net_m": 1813.8, "name_i": "Walter Gladwin Park", "name_j": "Estella Diggs Park", "D_euc_m": 2079.0, "within_walk_limit": false, "same_group": false }, "geometry": { "type": "LineString", "coordinates": [ [ -73.894978817104345, 40.845681071392086 ], [ -73.906162194885525, 40.828990872979013 ] ] } },
{ "type": "Feature", "properties": { "park_i": "X017", "park_j": "X040", "n_settings": 1, "share": 0.062, "A_800": null, "A_1600": null, "A_3200": 35.3, "D_net_m": 1617.5, "name_i": "Richman (Echo) Park", "name_j": "Poe Park", "D_euc_m": 1802.6, "within_walk_limit": false, "same_group": false }, "geometry": { "type": "LineString", "coordinates": [ [ -73.901639379017837, 40.849456269782046 ], [ -73.894612346981972, 40.864791243558635 ] ] } },
{ "type": "Feature", "properties": { "park_i": "X021", "park_j": "X243A", "n_settings": 8, "share": 0.5, "A_800": 13.7, "A_1600": 13.7, "A_3200": 13.7, "D_net_m": 547.0, "name_i": "Drew Playground", "name_j": "Garden", "D_euc_m": 572.6, "within_walk_limit": true, "same_group": true }, "geometry": { "type": "LineString", "coordinates": [ [ -73.903332399075381, 40.833145405790383 ], [ -73.90624212522107, 40.828485119999002 ] ] } },
{ "type": "Feature", "properties": { "park_i": "X023", "park_j": "X277", "n_settings": 2, "share": 0.125, "A_800": null, "A_1600": 25.8, "A_3200": 25.8, "D_net_m": 1069.6, "name_i": "Graham Triangle", "name_j": "St. Luke's Park", "D_euc_m": 1164.4, "within_walk_limit": false, "same_group": false }, "geometry": { "type": "LineString", "coordinates": [ [ -73.927396457061036, 40.810805562339496 ], [ -73.915384271770776, 40.80563756936553 ] ] } },
{ "type": "Feature", "properties": { "park_i": "X025", "park_j": "X123", "n_settings": 2, "share": 0.125, "A_800": null, "A_1600": 39.400002, "A_3200": 39.400002, "D_net_m": 913.5, "name_i": "Hugh J. Grant Circle", "name_j": "Noble Playground", "D_euc_m": 1073.0, "within_walk_limit": false, "same_group": false }, "geometry": { "type": "LineString", "coordinates": [ [ -73.860953454686296, 40.833136691914198 ], [ -73.872386485600231, 40.837380508482291 ] ] } },
{ "type": "Feature", "properties": { "park_i": "X028", "park_j": "X148C6", "n_settings": 2, "share": 0.125, "A_800": null, "A_1600": null, "A_3200": 21.8, "D_net_m": 1915.3, "name_i": "Joyce Kilmer Park", "name_j": "Walton Walk", "D_euc_m": 2070.9, "within_walk_limit": false, "same_group": false }, "geometry": { "type": "LineString", "coordinates": [ [ -73.922638151558218, 40.828566293786849 ], [ -73.912258127438321, 40.845472589020886 ] ] } },
{ "type": "Feature", "properties": { "park_i": "X028", "park_j": "X148D", "n_settings": 1, "share": 0.062, "A_800": null, "A_1600": null, "A_3200": 21.4, "D_net_m": 1842.3, "name_i": "Joyce Kilmer Park", "name_j": "Walton Slope", "D_euc_m": 2060.8, "within_walk_limit": false, "same_group": false }, "geometry": { "type": "LineString", "coordinates": [ [ -73.922638151558218, 40.828566293786849 ], [ -73.911634121339716, 40.845141282575234 ] ] } },
{ "type": "Feature", "properties": { "park_i": "X028", "park_j": "X324", "n_settings": 2, "share": 0.125, "A_800": null, "A_1600": null, "A_3200": 22.5, "D_net_m": 2236.7, "name_i": "Joyce Kilmer Park", "name_j": "176th Street Community Garden", "D_euc_m": 2422.1, "within_walk_limit": false, "same_group": false }, "geometry": { "type": "LineString", "coordinates": [ [ -73.922638151558218, 40.828566293786849 ], [ -73.909610228599107, 40.848010724434396 ] ] } },
{ "type": "Feature", "properties": { "park_i": "X028", "park_j": "X331", "n_settings": 2, "share": 0.125, "A_800": null, "A_1600": null, "A_3200": 21.8, "D_net_m": 2048.2, "name_i": "Joyce Kilmer Park", "name_j": "Townsend Garden", "D_euc_m": 2260.6, "within_walk_limit": false, "same_group": false }, "geometry": { "type": "LineString", "coordinates": [ [ -73.922638151558218, 40.828566293786849 ], [ -73.911015086367073, 40.846915592434819 ] ] } },
{ "type": "Feature", "properties": { "park_i": "X029", "park_j": "X134", "n_settings": 2, "share": 0.125, "A_800": 4.4, "A_1600": 4.4, "A_3200": 4.4, "D_net_m": 638.79999, "name_i": "Lyons Square Playground", "name_j": "Freeman Triangle", "D_euc_m": 711.0, "within_walk_limit": true, "same_group": false }, "geometry": { "type": "LineString", "coordinates": [ [ -73.888050779715229, 40.822882443233965 ], [ -73.887933343293668, 40.829286311030259 ] ] } },
{ "type": "Feature", "properties": { "park_i": "X029", "park_j": "X147B", "n_settings": 2, "share": 0.125, "A_800": 110.8, "A_1600": 56.400002, "A_3200": 56.400002, "D_net_m": 613.29999, "name_i": "Lyons Square Playground", "name_j": "Daniel Boone Playground", "D_euc_m": 743.6, "within_walk_limit": true, "same_group": false }, "geometry": { "type": "LineString", "coordinates": [ [ -73.888050779715229, 40.822882443233965 ], [ -73.886023760554821, 40.829400604649791 ] ] } },
{ "type": "Feature", "properties": { "park_i": "X029", "park_j": "X267", "n_settings": 4, "share": 0.25, "A_800": null, "A_1600": 29.5, "A_3200": 29.5, "D_net_m": 1492.4, "name_i": "Lyons Square Playground", "name_j": "Eae J Mitchell Park", "D_euc_m": 1538.7, "within_walk_limit": false, "same_group": false }, "geometry": { "type": "LineString", "coordinates": [ [ -73.888050779715229, 40.822882443233965 ], [ -73.88439037888827, 40.836461009290268 ] ] } },
{ "type": "Feature", "properties": { "park_i": "X029", "park_j": "X273", "n_settings": 4, "share": 0.25, "A_800": null, "A_1600": 29.4, "A_3200": 29.4, "D_net_m": 1357.7, "name_i": "Lyons Square Playground", "name_j": "Rock Garden Park", "D_euc_m": 1397.2, "within_walk_limit": false, "same_group": false }, "geometry": { "type": "LineString", "coordinates": [ [ -73.888050779715229, 40.822882443233965 ], [ -73.885095172238366, 40.835266019317565 ] ] } },
{ "type": "Feature", "properties": { "park_i": "X032", "park_j": "X154", "n_settings": 2, "share": 0.125, "A_800": 27.9, "A_1600": 27.9, "A_3200": 27.9, "D_net_m": 512.09998, "name_i": "Railroad Park", "name_j": "Melrose Playground", "D_euc_m": 579.8, "within_walk_limit": true, "same_group": false }, "geometry": { "type": "LineString", "coordinates": [ [ -73.915414908367708, 40.825095679956377 ], [ -73.918435104181611, 40.820404472593616 ] ] } },
{ "type": "Feature", "properties": { "park_i": "X035", "park_j": "X129", "n_settings": 2, "share": 0.125, "A_800": null, "A_1600": 22.9, "A_3200": 22.9, "D_net_m": 1191.6, "name_i": "Muller Triangle", "name_j": "Devanney Triangle", "D_euc_m": 1234.8, "within_walk_limit": false, "same_group": false }, "geometry": { "type": "LineString", "coordinates": [ [ -73.898125103562236, 40.862522329811192 ], [ -73.904517458364865, 40.852514614968534 ] ] } },
{ "type": "Feature", "properties": { "park_i": "X035", "park_j": "X274", "n_settings": 8, "share": 0.5, "A_800": null, "A_1600": 23.3, "A_3200": 23.3, "D_net_m": 1218.7, "name_i": "Muller Triangle", "name_j": "Mount Hope Garden", "D_euc_m": 1263.1, "within_walk_limit": false, "same_group": false }, "geometry": { "type": "LineString", "coordinates": [ [ -73.898125103562236, 40.862522329811192 ], [ -73.905359313158741, 40.852558310076702 ] ] } },
{ "type": "Feature", "properties": { "park_i": "X036", "park_j": "X222", "n_settings": 1, "share": 0.062, "A_800": null, "A_1600": null, "A_3200": 57.400002, "D_net_m": 1858.8, "name_i": "Murphy Triangle", "name_j": "Gouverneur Playground", "D_euc_m": 1946.3, "within_walk_limit": false, "same_group": false }, "geometry": { "type": "LineString", "coordinates": [ [ -73.893323085894892, 40.851175303413484 ], [ -73.903582177006811, 40.835470170132005 ] ] } },
{ "type": "Feature", "properties": { "park_i": "X037", "park_j": "X042", "n_settings": 5, "share": 0.312, "A_800": null, "A_1600": null, "A_3200": 52.700001, "D_net_m": 1788.2, "name_i": "O'Brien Oval", "name_j": "Rose Hill Park", "D_euc_m": 1881.3, "within_walk_limit": false, "same_group": false }, "geometry": { "type": "LineString", "coordinates": [ [ -73.901323025041947, 40.84788977433346 ], [ -73.889950752842893, 40.862470854286549 ] ] } },
{ "type": "Feature", "properties": { "park_i": "X037", "park_j": "X174", "n_settings": 4, "share": 0.25, "A_800": null, "A_1600": 17.9, "A_3200": 17.9, "D_net_m": 1430.7, "name_i": "O'Brien Oval", "name_j": "Webster Playground", "D_euc_m": 1472.8, "within_walk_limit": false, "same_group": false }, "geometry": { "type": "LineString", "coordinates": [ [ -73.901323025041947, 40.84788977433346 ], [ -73.89301820575443, 40.859561076030587 ] ] } },
{ "type": "Feature", "properties": { "park_i": "X038", "park_j": "X136", "n_settings": 2, "share": 0.125, "A_800": 5.5, "A_1600": 5.5, "A_3200": 5.5, "D_net_m": 582.79999, "name_i": "Washington's Walk", "name_j": "Harris Park", "D_euc_m": 730.7, "within_walk_limit": true, "same_group": false }, "geometry": { "type": "LineString", "coordinates": [ [ -73.900024538579999, 40.874034517055911 ], [ -73.891878683623119, 40.876289601479435 ] ] } },
{ "type": "Feature", "properties": { "park_i": "X038", "park_j": "X137", "n_settings": 6, "share": 0.375, "A_800": 6.3, "A_1600": 6.3, "A_3200": 6.3, "D_net_m": 716.09998, "name_i": "Washington's Walk", "name_j": "Jerome Park", "D_euc_m": 927.0, "within_walk_limit": true, "same_group": false }, "geometry": { "type": "LineString", "coordinates": [ [ -73.900024538579999, 40.874034517055911 ], [ -73.891518920615155, 40.879330535217143 ] ] } },
{ "type": "Feature", "properties": { "park_i": "X041", "park_j": "X138", "n_settings": 2, "share": 0.125, "A_800": 57.900002, "A_1600": 57.900002, "A_3200": 57.900002, "D_net_m": 447.0, "name_i": "Pulaski Park", "name_j": "Playground One Thirty Four CXXXIV", "D_euc_m": 674.3, "within_walk_limit": true, "same_group": false }, "geometry": { "type": "LineString", "coordinates": [ [ -73.924567470492747, 40.805243477545474 ], [ -73.917083089884542, 40.803111883641208 ] ] } },
{ "type": "Feature", "properties": { "park_i": "X044", "park_j": "X274", "n_settings": 4, "share": 0.25, "A_800": null, "A_1600": 26.200001, "A_3200": 26.200001, "D_net_m": 1385.0, "name_i": "St. James Park", "name_j": "Mount Hope Garden", "D_euc_m": 1543.3, "within_walk_limit": false, "same_group": false }, "geometry": { "type": "LineString", "coordinates": [ [ -73.897759454598457, 40.865206003263864 ], [ -73.905359313158741, 40.852558310076702 ] ] } },
{ "type": "Feature", "properties": { "park_i": "X047", "park_j": "X106", "n_settings": 4, "share": 0.25, "A_800": 15.1, "A_1600": 15.1, "A_3200": 15.1, "D_net_m": 382.5, "name_i": "Franz Sigel Park", "name_j": "Evelina Antonetty Playground", "D_euc_m": 656.5, "within_walk_limit": true, "same_group": false }, "geometry": { "type": "LineString", "coordinates": [ [ -73.925650563852429, 40.823066677035577 ], [ -73.928295057838497, 40.817504804282876 ] ] } },
{ "type": "Feature", "properties": { "park_i": "X051", "park_j": "X111", "n_settings": 2, "share": 0.125, "A_800": 17.0, "A_1600": 17.0, "A_3200": 17.0, "D_net_m": 194.39999, "name_i": "University Woods", "name_j": "Cedar Playground", "D_euc_m": 468.0, "within_walk_limit": true, "same_group": false }, "geometry": { "type": "LineString", "coordinates": [ [ -73.915424256796314, 40.85903047778676 ], [ -73.917428966097987, 40.855098886132673 ] ] } },
{ "type": "Feature", "properties": { "park_i": "X052", "park_j": "X281", "n_settings": 2, "share": 0.125, "A_800": null, "A_1600": null, "A_3200": 16.200001, "D_net_m": 2463.3, "name_i": "Triangle", "name_j": "Stop & Go Playground", "D_euc_m": 2505.4, "within_walk_limit": false, "same_group": false }, "geometry": { "type": "LineString", "coordinates": [ [ -73.910834487197477, 40.824510634828762 ], [ -73.898775966054856, 40.84513590068179 ] ] } },
{ "type": "Feature", "properties": { "park_i": "X052", "park_j": "X320", "n_settings": 6, "share": 0.375, "A_800": null, "A_1600": 15.0, "A_3200": 15.0, "D_net_m": 1557.6, "name_i": "Triangle", "name_j": "Jardin De La Familia", "D_euc_m": 1616.2, "within_walk_limit": false, "same_group": false }, "geometry": { "type": "LineString", "coordinates": [ [ -73.910834487197477, 40.824510634828762 ], [ -73.903558718711054, 40.837978722467497 ] ] } },
{ "type": "Feature", "properties": { "park_i": "X053", "park_j": "X320", "n_settings": 1, "share": 0.062, "A_800": null, "A_1600": null, "A_3200": 65.800003, "D_net_m": 1620.4, "name_i": "O'Neill Triangle", "name_j": "Jardin De La Familia", "D_euc_m": 1717.5, "within_walk_limit": false, "same_group": false }, "geometry": { "type": "LineString", "coordinates": [ [ -73.911344832785417, 40.823682987281337 ], [ -73.903558718711054, 40.837978722467497 ] ] } },
{ "type": "Feature", "properties": { "park_i": "X058", "park_j": "X105", "n_settings": 1, "share": 0.062, "A_800": null, "A_1600": 65.400002, "A_3200": 65.400002, "D_net_m": 1007.6, "name_i": "Keltch Park", "name_j": "Jerome Slope", "D_euc_m": 1111.3, "within_walk_limit": false, "same_group": false }, "geometry": { "type": "LineString", "coordinates": [ [ -73.917712071951414, 40.840611903060974 ], [ -73.925739673664594, 40.83267301730104 ] ] } },
{ "type": "Feature", "properties": { "park_i": "X058", "park_j": "X148C1", "n_settings": 2, "share": 0.125, "A_800": 6.7, "A_1600": 6.7, "A_3200": 6.7, "D_net_m": 587.0, "name_i": "Keltch Park", "name_j": "Featherbenches", "D_euc_m": 603.8, "within_walk_limit": true, "same_group": false }, "geometry": { "type": "LineString", "coordinates": [ [ -73.917712071951414, 40.840611903060974 ], [ -73.914471907633356, 40.845461933064151 ] ] } },
{ "type": "Feature", "properties": { "park_i": "X058", "park_j": "X148C4", "n_settings": 2, "share": 0.125, "A_800": 6.8, "A_1600": 6.8, "A_3200": 6.8, "D_net_m": 676.90002, "name_i": "Keltch Park", "name_j": "Townsend Walk", "D_euc_m": 715.5, "within_walk_limit": true, "same_group": false }, "geometry": { "type": "LineString", "coordinates": [ [ -73.917712071951414, 40.840611903060974 ], [ -73.912980894862628, 40.845962303303416 ] ] } },
{ "type": "Feature", "properties": { "park_i": "X058", "park_j": "X148C5", "n_settings": 2, "share": 0.125, "A_800": 6.7, "A_1600": 6.7, "A_3200": 6.7, "D_net_m": 596.70001, "name_i": "Keltch Park", "name_j": "Jennie Jerome Playground", "D_euc_m": 650.2, "within_walk_limit": true, "same_group": false }, "geometry": { "type": "LineString", "coordinates": [ [ -73.917712071951414, 40.840611903060974 ], [ -73.913506524991291, 40.845521409476405 ] ] } },
{ "type": "Feature", "properties": { "park_i": "X059", "park_j": "X071", "n_settings": 2, "share": 0.125, "A_800": null, "A_1600": 41.0, "A_3200": 41.0, "D_net_m": 829.59998, "name_i": "Sergeant Johnson Triangle", "name_j": "Whalen Grove", "D_euc_m": 860.8, "within_walk_limit": false, "same_group": false }, "geometry": { "type": "LineString", "coordinates": [ [ -73.881276143715198, 40.857977292621918 ], [ -73.885901528483402, 40.851064665317303 ] ] } },
{ "type": "Feature", "properties": { "park_i": "X059", "park_j": "X108", "n_settings": 2, "share": 0.125, "A_800": null, "A_1600": 50.200001, "A_3200": 50.200001, "D_net_m": 984.70001, "name_i": "Sergeant Johnson Triangle", "name_j": "Belmont Playground", "D_euc_m": 1012.5, "within_walk_limit": false, "same_group": false }, "geometry": { "type": "LineString", "coordinates": [ [ -73.881276143715198, 40.857977292621918 ], [ -73.887688106479928, 40.850265891611414 ] ] } },
{ "type": "Feature", "properties": { "park_i": "X059", "park_j": "X148G1", "n_settings": 2, "share": 0.125, "A_800": null, "A_1600": null, "A_3200": 72.0, "D_net_m": 1864.7, "name_i": "Sergeant Johnson Triangle", "name_j": "Park", "D_euc_m": 1873.2, "within_walk_limit": false, "same_group": false }, "geometry": { "type": "LineString", "coordinates": [ [ -73.881276143715198, 40.857977292621918 ], [ -73.893226453227157, 40.843752506748793 ] ] } },
{ "type": "Feature", "properties": { "park_i": "X059", "park_j": "X148G2", "n_settings": 2, "share": 0.125, "A_800": null, "A_1600": null, "A_3200": 72.099998, "D_net_m": 1925.5, "name_i": "Sergeant Johnson Triangle", "name_j": "Park", "D_euc_m": 1925.3, "within_walk_limit": false, "same_group": false }, "geometry": { "type": "LineString", "coordinates": [ [ -73.881276143715198, 40.857977292621918 ], [ -73.893529177431645, 40.843342752218277 ] ] } },
{ "type": "Feature", "properties": { "park_i": "X067", "park_j": "X296", "n_settings": 4, "share": 0.25, "A_800": 154.39999, "A_1600": 79.5, "A_3200": 79.5, "D_net_m": 782.59998, "name_i": "Martin Luther King Triangle", "name_j": "Taqwa Community Farm", "D_euc_m": 796.0, "within_walk_limit": true, "same_group": false }, "geometry": { "type": "LineString", "coordinates": [ [ -73.923355109585273, 40.838313122338597 ], [ -73.929023203945562, 40.832579787308276 ] ] } },
{ "type": "Feature", "properties": { "park_i": "X067", "park_j": "X327", "n_settings": 1, "share": 0.062, "A_800": null, "A_1600": 101.5, "A_3200": 101.5, "D_net_m": 880.09998, "name_i": "Martin Luther King Triangle", "name_j": "La Isla Garden", "D_euc_m": 868.1, "within_walk_limit": false, "same_group": false }, "geometry": { "type": "LineString", "coordinates": [ [ -73.923355109585273, 40.838313122338597 ], [ -73.929263626417466, 40.831909501871621 ] ] } },
{ "type": "Feature", "properties": { "park_i": "X067", "park_j": "X333", "n_settings": 7, "share": 0.438, "A_800": null, "A_1600": 19.9, "A_3200": 19.9, "D_net_m": 912.09998, "name_i": "Martin Luther King Triangle", "name_j": "Woodycrest Community Garden", "D_euc_m": 933.0, "within_walk_limit": false, "same_group": false }, "geometry": { "type": "LineString", "coordinates": [ [ -73.923355109585273, 40.838313122338597 ], [ -73.929390889597798, 40.831269058543995 ] ] } },
{ "type": "Feature", "properties": { "park_i": "X070", "park_j": "X150E", "n_settings": 8, "share": 0.5, "A_800": 4.4, "A_1600": 4.4, "A_3200": 4.4, "D_net_m": 186.39999, "name_i": "Heath Triangle", "name_j": "Fordham Landing Playground", "D_euc_m": 404.8, "within_walk_limit": true, "same_group": true }, "geometry": { "type": "LineString", "coordinates": [ [ -73.907581064653428, 40.868731329915903 ], [ -73.909342817636869, 40.86533926291969 ] ] } },
{ "type": "Feature", "properties": { "park_i": "X070", "park_j": "X150G", "n_settings": 5, "share": 0.312, "A_800": null, "A_1600": 50.200001, "A_3200": 50.200001, "D_net_m": 883.0, "name_i": "Heath Triangle", "name_j": "Siren Slope", "D_euc_m": 955.9, "within_walk_limit": false, "same_group": false }, "geometry": { "type": "LineString", "coordinates": [ [ -73.907581064653428, 40.868731329915903 ], [ -73.903871282377708, 40.876867835226506 ] ] } },
{ "type": "Feature", "properties": { "park_i": "X070", "park_j": "X150I", "n_settings": 2, "share": 0.125, "A_800": null, "A_1600": 75.400002, "A_3200": 75.400002, "D_net_m": 1345.5, "name_i": "Heath Triangle", "name_j": "Cooney Grauer Field", "D_euc_m": 1385.0, "within_walk_limit": false, "same_group": false }, "geometry": { "type": "LineString", "coordinates": [ [ -73.907581064653428, 40.868731329915903 ], [ -73.901426442048475, 40.880298836748722 ] ] } },
{ "type": "Feature", "properties": { "park_i": "X070", "park_j": "X150J", "n_settings": 4, "share": 0.25, "A_800": null, "A_1600": 79.400002, "A_3200": 79.400002, "D_net_m": 1434.8, "name_i": "Heath Triangle", "name_j": "Bailey Playground", "D_euc_m": 1556.9, "within_walk_limit": false, "same_group": false }, "geometry": { "type": "LineString", "coordinates": [ [ -73.907581064653428, 40.868731329915903 ], [ -73.90036215593139, 40.881639987034312 ] ] } },
{ "type": "Feature", "properties": { "park_i": "X070", "park_j": "X175", "n_settings": 12, "share": 0.75, "A_800": 1.3, "A_1600": 1.3, "A_3200": 1.3, "D_net_m": 338.89999, "name_i": "Heath Triangle", "name_j": "Riverbend Playground", "D_euc_m": 395.9, "within_walk_limit": true, "same_group": true }, "geometry": { "type": "LineString", "coordinates": [ [ -73.907581064653428, 40.868731329915903 ], [ -73.905989985806428, 40.872086736294541 ] ] } },
{ "type": "Feature", "properties": { "park_i": "X071", "park_j": "X148G1", "n_settings": 2, "share": 0.125, "A_800": null, "A_1600": 23.8, "A_3200": 23.8, "D_net_m": 1001.8, "name_i": "Whalen Grove", "name_j": "Park", "D_euc_m": 1020.0, "within_walk_limit": false, "same_group": false }, "geometry": { "type": "LineString", "coordinates": [ [ -73.885901528483402, 40.851064665317303 ], [ -73.893226453227157, 40.843752506748793 ] ] } },
{ "type": "Feature", "properties": { "park_i": "X071", "park_j": "X148G2", "n_settings": 4, "share": 0.25, "A_800": null, "A_1600": 23.8, "A_3200": 23.8, "D_net_m": 1062.5, "name_i": "Whalen Grove", "name_j": "Park", "D_euc_m": 1071.6, "within_walk_limit": false, "same_group": false }, "geometry": { "type": "LineString", "coordinates": [ [ -73.885901528483402, 40.851064665317303 ], [ -73.893529177431645, 40.843342752218277 ] ] } },
{ "type": "Feature", "properties": { "park_i": "X073", "park_j": "X236", "n_settings": 1, "share": 0.062, "A_800": null, "A_1600": 50.3, "A_3200": 50.3, "D_net_m": 1428.5, "name_i": "Young Park", "name_j": "Mapes Pool", "D_euc_m": 1501.2, "within_walk_limit": false, "same_group": false }, "geometry": { "type": "LineString", "coordinates": [ [ -73.870878324568224, 40.839853350371762 ], [ -73.886306223682624, 40.846603904639984 ] ] } },
{ "type": "Feature", "properties": { "park_i": "X073", "park_j": "X245", "n_settings": 2, "share": 0.125, "A_800": 9.6, "A_1600": 9.6, "A_3200": 9.6, "D_net_m": 479.0, "name_i": "Young Park", "name_j": "River Garden", "D_euc_m": 536.6, "within_walk_limit": true, "same_group": false }, "geometry": { "type": "LineString", "coordinates": [ [ -73.870878324568224, 40.839853350371762 ], [ -73.876618417549821, 40.84194178137286 ] ] } },
{ "type": "Feature", "properties": { "park_i": "X073", "park_j": "X266", "n_settings": 2, "share": 0.125, "A_800": null, "A_1600": 42.099998, "A_3200": 42.099998, "D_net_m": 905.0, "name_i": "Young Park", "name_j": "Vidalia Park", "D_euc_m": 977.6, "within_walk_limit": false, "same_group": false }, "geometry": { "type": "LineString", "coordinates": [ [ -73.870878324568224, 40.839853350371762 ], [ -73.881235473058808, 40.843813271739968 ] ] } },
{ "type": "Feature", "properties": { "park_i": "X073", "park_j": "X288", "n_settings": 4, "share": 0.25, "A_800": 14.0, "A_1600": 14.0, "A_3200": 14.0, "D_net_m": 554.79999, "name_i": "Young Park", "name_j": "West Farms Rapids", "D_euc_m": 611.6, "within_walk_limit": true, "same_group": false }, "geometry": { "type": "LineString", "coordinates": [ [ -73.870878324568224, 40.839853350371762 ], [ -73.878053973076049, 40.840657286520148 ] ] } },
{ "type": "Feature", "properties": { "park_i": "X078", "park_j": "X222", "n_settings": 1, "share": 0.062, "A_800": null, "A_1600": 15.9, "A_3200": 15.9, "D_net_m": 926.29999, "name_i": "Franklin Triangle", "name_j": "Gouverneur Playground", "D_euc_m": 982.5, "within_walk_limit": false, "same_group": false }, "geometry": { "type": "LineString", "coordinates": [ [ -73.907333376988589, 40.827091230549279 ], [ -73.903582177006811, 40.835470170132005 ] ] } },
{ "type": "Feature", "properties": { "park_i": "X103", "park_j": "X119", "n_settings": 4, "share": 0.25, "A_800": 3.7, "A_1600": 3.7, "A_3200": 3.7, "D_net_m": 467.0, "name_i": "People's Park", "name_j": "Alexander's Alley", "D_euc_m": 580.7, "within_walk_limit": true, "same_group": false }, "geometry": { "type": "LineString", "coordinates": [ [ -73.916925065700468, 40.809413184353211 ], [ -73.923244443379971, 40.811488357461471 ] ] } },
{ "type": "Feature", "properties": { "park_i": "X103", "park_j": "X146", "n_settings": 4, "share": 0.25, "A_800": null, "A_1600": 22.5, "A_3200": 22.5, "D_net_m": 1351.8, "name_i": "People's Park", "name_j": "Flynn Playground", "D_euc_m": 1358.6, "within_walk_limit": false, "same_group": false }, "geometry": { "type": "LineString", "coordinates": [ [ -73.916925065700468, 40.809413184353211 ], [ -73.911932901560547, 40.821048713639058 ] ] } },
{ "type": "Feature", "properties": { "park_i": "X103", "park_j": "X363", "n_settings": 4, "share": 0.25, "A_800": null, "A_1600": 22.200001, "A_3200": 22.200001, "D_net_m": 1295.5, "name_i": "People's Park", "name_j": "Centro Cultural Rincon Criollo", "D_euc_m": 1301.9, "within_walk_limit": false, "same_group": false }, "geometry": { "type": "LineString", "coordinates": [ [ -73.916925065700468, 40.809413184353211 ], [ -73.912047114271303, 40.820539530809377 ] ] } },
{ "type": "Feature", "properties": { "park_i": "X107", "park_j": "X362", "n_settings": 1, "share": 0.062, "A_800": null, "A_1600": 26.3, "A_3200": 26.3, "D_net_m": 976.90002, "name_i": "Hawkins Park", "name_j": "Catherine Scott Promenade", "D_euc_m": 1022.6, "within_walk_limit": false, "same_group": false }, "geometry": { "type": "LineString", "coordinates": [ [ -73.786511183800215, 40.846579099831217 ], [ -73.791432517037492, 40.85499827040136 ] ] } },
{ "type": "Feature", "properties": { "park_i": "X108", "park_j": "X148G1", "n_settings": 4, "share": 0.25, "A_800": 21.8, "A_1600": 21.8, "A_3200": 21.8, "D_net_m": 782.79999, "name_i": "Belmont Playground", "name_j": "Park", "D_euc_m": 860.7, "within_walk_limit": true, "same_group": false }, "geometry": { "type": "LineString", "coordinates": [ [ -73.887688106479928, 40.850265891611414 ], [ -73.893226453227157, 40.843752506748793 ] ] } },
{ "type": "Feature", "properties": { "park_i": "X108", "park_j": "X148G2", "n_settings": 2, "share": 0.125, "A_800": null, "A_1600": 21.8, "A_3200": 21.8, "D_net_m": 843.59998, "name_i": "Belmont Playground", "name_j": "Park", "D_euc_m": 912.8, "within_walk_limit": false, "same_group": false }, "geometry": { "type": "LineString", "coordinates": [ [ -73.887688106479928, 40.850265891611414 ], [ -73.893529177431645, 40.843342752218277 ] ] } },
{ "type": "Feature", "properties": { "park_i": "X110#1", "park_j": "X110D", "n_settings": 3, "share": 0.188, "A_800": 27.700001, "A_1600": 27.700001, "A_3200": 27.700001, "D_net_m": 696.59998, "name_i": "Henry Hudson Parkway (1/8)", "name_j": "Bell Tower Park", "D_euc_m": 902.7, "within_walk_limit": true, "same_group": false }, "geometry": { "type": "LineString", "coordinates": [ [ -73.908117955014632, 40.897383174436193 ], [ -73.908393580589646, 40.889255074603035 ] ] } },
{ "type": "Feature", "properties": { "park_i": "X110#4", "park_j": "X110A", "n_settings": 2, "share": 0.125, "A_800": null, "A_1600": 45.700001, "A_3200": 45.700001, "D_net_m": 1117.6, "name_i": "Henry Hudson Parkway (4/8)", "name_j": "Hackett Park", "D_euc_m": 1288.3, "within_walk_limit": false, "same_group": false }, "geometry": { "type": "LineString", "coordinates": [ [ -73.908663681254907, 40.890023994784428 ], [ -73.905479514227778, 40.901373730878134 ] ] } },
{ "type": "Feature", "properties": { "park_i": "X110#7", "park_j": "X110A", "n_settings": 2, "share": 0.125, "A_800": 35.900002, "A_1600": 35.900002, "A_3200": 35.900002, "D_net_m": 718.5, "name_i": "Henry Hudson Parkway (7/8)", "name_j": "Hackett Park", "D_euc_m": 980.1, "within_walk_limit": true, "same_group": false }, "geometry": { "type": "LineString", "coordinates": [ [ -73.908389256293631, 40.892825959037289 ], [ -73.905479514227778, 40.901373730878134 ] ] } },
{ "type": "Feature", "properties": { "park_i": "X110#7", "park_j": "X152", "n_settings": 1, "share": 0.062, "A_800": 42.3, "A_1600": 42.3, "A_3200": 42.3, "D_net_m": 727.90002, "name_i": "Henry Hudson Parkway (7/8)", "name_j": "Vinmont Veteran Park", "D_euc_m": 1097.7, "within_walk_limit": true, "same_group": false }, "geometry": { "type": "LineString", "coordinates": [ [ -73.908389256293631, 40.892825959037289 ], [ -73.904988415748676, 40.902370530441559 ] ] } },
{ "type": "Feature", "properties": { "park_i": "X110#8", "park_j": "X110D", "n_settings": 4, "share": 0.25, "A_800": null, "A_1600": 57.200001, "A_3200": 57.200001, "D_net_m": 1085.7, "name_i": "Henry Hudson Parkway (8/8)", "name_j": "Bell Tower Park", "D_euc_m": 1352.5, "within_walk_limit": false, "same_group": false }, "geometry": { "type": "LineString", "coordinates": [ [ -73.904989271824633, 40.901160711605641 ], [ -73.908393580589646, 40.889255074603035 ] ] } },
{ "type": "Feature", "properties": { "park_i": "X112", "park_j": "X318", "n_settings": 8, "share": 0.5, "A_800": 3.7, "A_1600": 3.7, "A_3200": 3.7, "D_net_m": 419.29999, "name_i": "Hilton White Playground", "name_j": "Franklin Memorial Garden", "D_euc_m": 418.3, "within_walk_limit": true, "same_group": true }, "geometry": { "type": "LineString", "coordinates": [ [ -73.907349418928519, 40.822862960522237 ], [ -73.905273173923391, 40.826284514464085 ] ] } },
{ "type": "Feature", "properties": { "park_i": "X115", "park_j": "X148D1", "n_settings": 2, "share": 0.125, "A_800": null, "A_1600": 78.199997, "A_3200": 78.199997, "D_net_m": 1583.8, "name_i": "Mott Playground", "name_j": "Morris Mesa", "D_euc_m": 1618.5, "within_walk_limit": false, "same_group": false }, "geometry": { "type": "LineString", "coordinates": [ [ -73.914732042265243, 40.831284286291158 ], [ -73.90966016270869, 40.845344636348429 ] ] } },
{ "type": "Feature", "properties": { "park_i": "X115", "park_j": "X358", "n_settings": 5, "share": 0.312, "A_800": 1.8, "A_1600": 1.8, "A_3200": 1.8, "D_net_m": 771.90002, "name_i": "Mott Playground", "name_j": "College Avenue Garden", "D_euc_m": 856.9, "within_walk_limit": true, "same_group": false }, "geometry": { "type": "LineString", "coordinates": [ [ -73.914732042265243, 40.831284286291158 ], [ -73.909895809247601, 40.838072861876171 ] ] } },
{ "type": "Feature", "properties": { "park_i": "X131", "park_j": "X182", "n_settings": 6, "share": 0.375, "A_800": 40.900002, "A_1600": 40.900002, "A_3200": 40.900002, "D_net_m": 744.40002, "name_i": "Lozada Playground", "name_j": "Millbrook Playground", "D_euc_m": 825.3, "within_walk_limit": true, "same_group": false }, "geometry": { "type": "LineString", "coordinates": [ [ -73.924930012300564, 40.807912912506787 ], [ -73.916480485736514, 40.804165844637282 ] ] } },
{ "type": "Feature", "properties": { "park_i": "X134", "park_j": "X267", "n_settings": 1, "share": 0.062, "A_800": null, "A_1600": 25.1, "A_3200": 25.1, "D_net_m": 820.90002, "name_i": "Freeman Triangle", "name_j": "Eae J Mitchell Park", "D_euc_m": 850.7, "within_walk_limit": false, "same_group": false }, "geometry": { "type": "LineString", "coordinates": [ [ -73.887933343293668, 40.829286311030259 ], [ -73.88439037888827, 40.836461009290268 ] ] } },
{ "type": "Feature", "properties": { "park_i": "X134", "park_j": "X273", "n_settings": 4, "share": 0.25, "A_800": 25.0, "A_1600": 25.0, "A_3200": 25.0, "D_net_m": 686.09998, "name_i": "Freeman Triangle", "name_j": "Rock Garden Park", "D_euc_m": 705.7, "within_walk_limit": true, "same_group": false }, "geometry": { "type": "LineString", "coordinates": [ [ -73.887933343293668, 40.829286311030259 ], [ -73.885095172238366, 40.835266019317565 ] ] } },
{ "type": "Feature", "properties": { "park_i": "X139", "park_j": "X145", "n_settings": 4, "share": 0.25, "A_800": null, "A_1600": null, "A_3200": 38.8, "D_net_m": 1677.4, "name_i": "Gouverneur Morris Triangle", "name_j": "La Finca del Sur Community Garden", "D_euc_m": 1716.5, "within_walk_limit": false, "same_group": false }, "geometry": { "type": "LineString", "coordinates": [ [ -73.912744612639628, 40.804661516184758 ], [ -73.930134117267173, 40.812691342105119 ] ] } },
{ "type": "Feature", "properties": { "park_i": "X139", "park_j": "X207", "n_settings": 2, "share": 0.125, "A_800": null, "A_1600": 17.6, "A_3200": 17.6, "D_net_m": 1074.3, "name_i": "Gouverneur Morris Triangle", "name_j": "Pontiac Playground", "D_euc_m": 1128.5, "within_walk_limit": false, "same_group": false }, "geometry": { "type": "LineString", "coordinates": [ [ -73.912744612639628, 40.804661516184758 ], [ -73.908226447005049, 40.8142295650593 ] ] } },
{ "type": "Feature", "properties": { "park_i": "X145", "park_j": "X277", "n_settings": 8, "share": 0.5, "A_800": null, "A_1600": 38.599998, "A_3200": 38.599998, "D_net_m": 1368.0, "name_i": "La Finca del Sur Community Garden", "name_j": "St. Luke's Park", "D_euc_m": 1470.1, "within_walk_limit": false, "same_group": false }, "geometry": { "type": "LineString", "coordinates": [ [ -73.930134117267173, 40.812691342105119 ], [ -73.915384271770776, 40.80563756936553 ] ] } },
{ "type": "Feature", "properties": { "park_i": "X146", "park_j": "X246", "n_settings": 2, "share": 0.125, "A_800": null, "A_1600": 22.5, "A_3200": 22.5, "D_net_m": 1351.8, "name_i": "Flynn Playground", "name_j": "Brook Park", "D_euc_m": 1395.1, "within_walk_limit": false, "same_group": false }, "geometry": { "type": "LineString", "coordinates": [ [ -73.911932901560547, 40.821048713639058 ], [ -73.918581834536326, 40.809541884028668 ] ] } },
{ "type": "Feature", "properties": { "park_i": "X147A", "park_j": "X148K4", "n_settings": 2, "share": 0.125, "A_800": null, "A_1600": 77.900002, "A_3200": 77.900002, "D_net_m": 1280.3, "name_i": "Starlight Park", "name_j": "Park", "D_euc_m": 1458.9, "within_walk_limit": false, "same_group": false }, "geometry": { "type": "LineString", "coordinates": [ [ -73.882785294463346, 40.832636566330606 ], [ -73.865635537545884, 40.834374743540216 ] ] } },
{ "type": "Feature", "properties": { "park_i": "X147A", "park_j": "X148L1", "n_settings": 1, "share": 0.062, "A_800": null, "A_1600": 106.0, "A_3200": 46.8, "D_net_m": 1549.5, "name_i": "Starlight Park", "name_j": "Virginia Park", "D_euc_m": 1746.0, "within_walk_limit": false, "same_group": false }, "geometry": { "type": "LineString", "coordinates": [ [ -73.882785294463346, 40.832636566330606 ], [ -73.862110038190394, 40.833495527768051 ] ] } },
{ "type": "Feature", "properties": { "park_i": "X148A", "park_j": "X168", "n_settings": 2, "share": 0.125, "A_800": null, "A_1600": 6.9, "A_3200": 6.9, "D_net_m": 1116.3, "name_i": "Park", "name_j": "Nelson Playground", "D_euc_m": 1169.9, "within_walk_limit": false, "same_group": false }, "geometry": { "type": "LineString", "coordinates": [ [ -73.921077449614415, 40.844386760433551 ], [ -73.926848198068001, 40.834803359393469 ] ] } },
{ "type": "Feature", "properties": { "park_i": "X148A1", "park_j": "X168", "n_settings": 4, "share": 0.25, "A_800": null, "A_1600": 6.9, "A_3200": 6.9, "D_net_m": 1207.4, "name_i": "Park", "name_j": "Nelson Playground", "D_euc_m": 1221.1, "within_walk_limit": false, "same_group": false }, "geometry": { "type": "LineString", "coordinates": [ [ -73.919982287353577, 40.84448839644822 ], [ -73.926848198068001, 40.834803359393469 ] ] } },
{ "type": "Feature", "properties": { "park_i": "X148A1", "park_j": "X269", "n_settings": 2, "share": 0.125, "A_800": 4.1, "A_1600": 4.1, "A_3200": 4.1, "D_net_m": 479.0, "name_i": "Park", "name_j": "Cpl Fischer Park", "D_euc_m": 505.9, "within_walk_limit": true, "same_group": false }, "geometry": { "type": "LineString", "coordinates": [ [ -73.919982287353577, 40.84448839644822 ], [ -73.92305892408551, 40.84057639863277 ] ] } },
{ "type": "Feature", "properties": { "park_i": "X148A1", "park_j": "X295", "n_settings": 4, "share": 0.25, "A_800": 19.5, "A_1600": 19.5, "A_3200": 19.5, "D_net_m": 258.79999, "name_i": "Park", "name_j": "Half-Nelson Playground", "D_euc_m": 265.4, "within_walk_limit": true, "same_group": false }, "geometry": { "type": "LineString", "coordinates": [ [ -73.919982287353577, 40.84448839644822 ], [ -73.919268130157235, 40.846816563076693 ] ] } },
{ "type": "Feature", "properties": { "park_i": "X148B", "park_j": "X148B1", "n_settings": 4, "share": 0.25, "A_800": 0.8, "A_1600": 0.8, "A_3200": 0.8, "D_net_m": 68.400002, "name_i": "Park", "name_j": "Park", "D_euc_m": 67.1, "within_walk_limit": true, "same_group": false }, "geometry": { "type": "LineString", "coordinates": [ [ -73.917760990226768, 40.845346021352974 ], [ -73.917939331119342, 40.844757433078584 ] ] } },
{ "type": "Feature", "properties": { "park_i": "X148C6", "park_j": "X257", "n_settings": 2, "share": 0.125, "A_800": 15.0, "A_1600": 15.0, "A_3200": 15.0, "D_net_m": 547.40002, "name_i": "Walton Walk", "name_j": "Mount Hope Playground", "D_euc_m": 578.4, "within_walk_limit": true, "same_group": false }, "geometry": { "type": "LineString", "coordinates": [ [ -73.912258127438321, 40.845472589020886 ], [ -73.909497861289665, 40.850242197610818 ] ] } },
{ "type": "Feature", "properties": { "park_i": "X148C6", "park_j": "X291", "n_settings": 2, "share": 0.125, "A_800": null, "A_1600": 48.099998, "A_3200": 48.099998, "D_net_m": 1144.1, "name_i": "Walton Walk", "name_j": "Walton Park", "D_euc_m": 1238.3, "within_walk_limit": false, "same_group": false }, "geometry": { "type": "LineString", "coordinates": [ [ -73.912258127438321, 40.845472589020886 ], [ -73.905187529200461, 40.85524919932049 ] ] } },
{ "type": "Feature", "properties": { "park_i": "X148H1", "park_j": "X293", "n_settings": 2, "share": 0.125, "A_800": 20.5, "A_1600": 20.5, "A_3200": 20.5, "D_net_m": 710.29999, "name_i": "Prospect Playground", "name_j": "Garden Of Happiness", "D_euc_m": 774.6, "within_walk_limit": true, "same_group": false }, "geometry": { "type": "LineString", "coordinates": [ [ -73.890616960676283, 40.843024480929465 ], [ -73.884984939433608, 40.848536602701309 ] ] } },
{ "type": "Feature", "properties": { "park_i": "X148H1", "park_j": "X372", "n_settings": 1, "share": 0.062, "A_800": 20.5, "A_1600": 20.5, "A_3200": 20.5, "D_net_m": 710.29999, "name_i": "Prospect Playground", "name_j": "Garden of Youth", "D_euc_m": 827.0, "within_walk_limit": true, "same_group": false }, "geometry": { "type": "LineString", "coordinates": [ [ -73.890616960676283, 40.843024480929465 ], [ -73.885125002979265, 40.849196428457873 ] ] } },
{ "type": "Feature", "properties": { "park_i": "X148H2", "park_j": "X293", "n_settings": 10, "share": 0.625, "A_800": 20.5, "A_1600": 20.5, "A_3200": 20.5, "D_net_m": 710.29999, "name_i": "Fairmount Playground", "name_j": "Garden Of Happiness", "D_euc_m": 747.2, "within_walk_limit": true, "same_group": true }, "geometry": { "type": "LineString", "coordinates": [ [ -73.889614511191908, 40.842797207122622 ], [ -73.884984939433608, 40.848536602701309 ] ] } },
{ "type": "Feature", "properties": { "park_i": "X148H2", "park_j": "X372", "n_settings": 8, "share": 0.5, "A_800": 20.5, "A_1600": 20.5, "A_3200": 20.5, "D_net_m": 710.29999, "name_i": "Fairmount Playground", "name_j": "Garden of Youth", "D_euc_m": 805.0, "within_walk_limit": true, "same_group": true }, "geometry": { "type": "LineString", "coordinates": [ [ -73.889614511191908, 40.842797207122622 ], [ -73.885125002979265, 40.849196428457873 ] ] } },
{ "type": "Feature", "properties": { "park_i": "X148I2", "park_j": "X346", "n_settings": 4, "share": 0.25, "A_800": 27.700001, "A_1600": 27.700001, "A_3200": 27.700001, "D_net_m": 775.20001, "name_i": "Park", "name_j": "Volky Garden & Flowers", "D_euc_m": 788.2, "within_walk_limit": true, "same_group": false }, "geometry": { "type": "LineString", "coordinates": [ [ -73.885306016939865, 40.840236214055984 ], [ -73.882535303374837, 40.847017224869994 ] ] } },
{ "type": "Feature", "properties": { "park_i": "X148L1", "park_j": "X305", "n_settings": 1, "share": 0.062, "A_800": null, "A_1600": null, "A_3200": 63.8, "D_net_m": 1987.1, "name_i": "Virginia Park", "name_j": "Concrete Plant Park", "D_euc_m": 2146.2, "within_walk_limit": false, "same_group": false }, "geometry": { "type": "LineString", "coordinates": [ [ -73.862110038190394, 40.833495527768051 ], [ -73.885212913136257, 40.825385629963563 ] ] } },
{ "type": "Feature", "properties": { "park_i": "X148M", "park_j": "X195F", "n_settings": 1, "share": 0.062, "A_800": null, "A_1600": 29.200001, "A_3200": 29.200001, "D_net_m": 904.20001, "name_i": "Chief Dennis L. Devlin Park", "name_j": "Park", "D_euc_m": 982.7, "within_walk_limit": false, "same_group": false }, "geometry": { "type": "LineString", "coordinates": [ [ -73.854552230228649, 40.831864409709404 ], [ -73.843503152378005, 40.829050492222912 ] ] } },
{ "type": "Feature", "properties": { "park_i": "X148M", "park_j": "X239", "n_settings": 1, "share": 0.062, "A_800": 142.39999, "A_1600": 36.400002, "A_3200": 36.400002, "D_net_m": 791.59998, "name_i": "Chief Dennis L. Devlin Park", "name_j": "Castle Hill Little League Field", "D_euc_m": 888.5, "within_walk_limit": true, "same_group": false }, "geometry": { "type": "LineString", "coordinates": [ [ -73.854552230228649, 40.831864409709404 ], [ -73.844049912617621, 40.832514929069788 ] ] } },
{ "type": "Feature", "properties": { "park_i": "X150E", "park_j": "X150G", "n_settings": 6, "share": 0.375, "A_800": null, "A_1600": 54.599998, "A_3200": 54.599998, "D_net_m": 1087.8, "name_i": "Fordham Landing Playground", "name_j": "Siren Slope", "D_euc_m": 1360.4, "within_walk_limit": false, "same_group": false }, "geometry": { "type": "LineString", "coordinates": [ [ -73.909342817636869, 40.86533926291969 ], [ -73.903871282377708, 40.876867835226506 ] ] } },
{ "type": "Feature", "properties": { "park_i": "X150E", "park_j": "X150I", "n_settings": 4, "share": 0.25, "A_800": null, "A_1600": 156.0, "A_3200": 79.800003, "D_net_m": 1550.3, "name_i": "Fordham Landing Playground", "name_j": "Cooney Grauer Field", "D_euc_m": 1789.8, "within_walk_limit": false, "same_group": false }, "geometry": { "type": "LineString", "coordinates": [ [ -73.909342817636869, 40.86533926291969 ], [ -73.901426442048475, 40.880298836748722 ] ] } },
{ "type": "Feature", "properties": { "park_i": "X150E", "park_j": "X150J", "n_settings": 4, "share": 0.25, "A_800": null, "A_1600": null, "A_3200": 83.800003, "D_net_m": 1639.6, "name_i": "Fordham Landing Playground", "name_j": "Bailey Playground", "D_euc_m": 1961.6, "within_walk_limit": false, "same_group": false }, "geometry": { "type": "LineString", "coordinates": [ [ -73.909342817636869, 40.86533926291969 ], [ -73.90036215593139, 40.881639987034312 ] ] } },
{ "type": "Feature", "properties": { "park_i": "X150E", "park_j": "X175", "n_settings": 16, "share": 1.0, "A_800": 5.7, "A_1600": 5.7, "A_3200": 5.7, "D_net_m": 543.70001, "name_i": "Fordham Landing Playground", "name_j": "Riverbend Playground", "D_euc_m": 800.6, "within_walk_limit": true, "same_group": true }, "geometry": { "type": "LineString", "coordinates": [ [ -73.909342817636869, 40.86533926291969 ], [ -73.905989985806428, 40.872086736294541 ] ] } },
{ "type": "Feature", "properties": { "park_i": "X150G", "park_j": "X150J", "n_settings": 2, "share": 0.125, "A_800": 27.8, "A_1600": 27.8, "A_3200": 27.8, "D_net_m": 473.0, "name_i": "Siren Slope", "name_j": "Bailey Playground", "D_euc_m": 606.7, "within_walk_limit": true, "same_group": true }, "geometry": { "type": "LineString", "coordinates": [ [ -73.903871282377708, 40.876867835226506 ], [ -73.90036215593139, 40.881639987034312 ] ] } },
{ "type": "Feature", "properties": { "park_i": "X150G", "park_j": "X175", "n_settings": 2, "share": 0.125, "A_800": 48.900002, "A_1600": 48.900002, "A_3200": 48.900002, "D_net_m": 544.09998, "name_i": "Siren Slope", "name_j": "Riverbend Playground", "D_euc_m": 560.0, "within_walk_limit": true, "same_group": false }, "geometry": { "type": "LineString", "coordinates": [ [ -73.903871282377708, 40.876867835226506 ], [ -73.905989985806428, 40.872086736294541 ] ] } },
{ "type": "Feature", "properties": { "park_i": "X150J", "park_j": "X175", "n_settings": 6, "share": 0.375, "A_800": null, "A_1600": 78.099998, "A_3200": 78.099998, "D_net_m": 1095.9, "name_i": "Bailey Playground", "name_j": "Riverbend Playground", "D_euc_m": 1161.8, "within_walk_limit": false, "same_group": false }, "geometry": { "type": "LineString", "coordinates": [ [ -73.90036215593139, 40.881639987034312 ], [ -73.905989985806428, 40.872086736294541 ] ] } },
{ "type": "Feature", "properties": { "park_i": "X157", "park_j": "X232", "n_settings": 1, "share": 0.062, "A_800": null, "A_1600": null, "A_3200": 18.5, "D_net_m": 1769.7, "name_i": "Mazzei Playground", "name_j": "Burns Playground", "D_euc_m": 1844.8, "within_walk_limit": false, "same_group": false }, "geometry": { "type": "LineString", "coordinates": [ [ -73.85845826490258, 40.862669943733067 ], [ -73.836582218270877, 40.863203879346948 ] ] } },
{ "type": "Feature", "properties": { "park_i": "X159", "park_j": "X267", "n_settings": 6, "share": 0.375, "A_800": 10.7, "A_1600": 10.7, "A_3200": 10.7, "D_net_m": 535.5, "name_i": "Captain William Harry Thompson Playground", "name_j": "Eae J Mitchell Park", "D_euc_m": 606.4, "within_walk_limit": true, "same_group": false }, "geometry": { "type": "LineString", "coordinates": [ [ -73.877775301834859, 40.83431851003229 ], [ -73.88439037888827, 40.836461009290268 ] ] } },
{ "type": "Feature", "properties": { "park_i": "X166", "park_j": "X233A", "n_settings": 2, "share": 0.125, "A_800": null, "A_1600": 34.8, "A_3200": 34.8, "D_net_m": 1231.7, "name_i": "Behagen Playground", "name_j": "El Flamboyan Garden", "D_euc_m": 1342.0, "within_walk_limit": false, "same_group": false }, "geometry": { "type": "LineString", "coordinates": [ [ -73.901407718165061, 40.825304026601543 ], [ -73.905668065572613, 40.813657100498688 ] ] } },
{ "type": "Feature", "properties": { "park_i": "X168", "park_j": "X295", "n_settings": 4, "share": 0.25, "A_800": null, "A_1600": 26.4, "A_3200": 26.4, "D_net_m": 1466.1, "name_i": "Nelson Playground", "name_j": "Half-Nelson Playground", "D_euc_m": 1478.9, "within_walk_limit": false, "same_group": false }, "geometry": { "type": "LineString", "coordinates": [ [ -73.926848198068001, 40.834803359393469 ], [ -73.919268130157235, 40.846816563076693 ] ] } },
{ "type": "Feature", "properties": { "park_i": "X172", "park_j": "X278", "n_settings": 1, "share": 0.062, "A_800": null, "A_1600": 5.8, "A_3200": 5.8, "D_net_m": 891.0, "name_i": "Allerton Playground", "name_j": "Boston Garden", "D_euc_m": 949.0, "within_walk_limit": false, "same_group": false }, "geometry": { "type": "LineString", "coordinates": [ [ -73.850521449410877, 40.866101028510144 ], [ -73.861771326906933, 40.865743749925585 ] ] } },
{ "type": "Feature", "properties": { "park_i": "X182", "park_j": "X272", "n_settings": 2, "share": 0.125, "A_800": 33.0, "A_1600": 33.0, "A_3200": 33.0, "D_net_m": 473.10001, "name_i": "Millbrook Playground", "name_j": "Ranaqua Playground", "D_euc_m": 556.8, "within_walk_limit": true, "same_group": false }, "geometry": { "type": "LineString", "coordinates": [ [ -73.916480485736514, 40.804165844637282 ], [ -73.922158410223517, 40.806723358434283 ] ] } },
{ "type": "Feature", "properties": { "park_i": "X205", "park_j": "X373", "n_settings": 2, "share": 0.125, "A_800": 7.3, "A_1600": 7.3, "A_3200": 7.3, "D_net_m": 507.10001, "name_i": "FDNY-EMT Yadira Arroyo Playground", "name_j": "Justice Sotomayor Houses Playground", "D_euc_m": 522.4, "within_walk_limit": true, "same_group": false }, "geometry": { "type": "LineString", "coordinates": [ [ -73.857968814373493, 40.828398425742996 ], [ -73.864101138191131, 40.827730215300626 ] ] } },
{ "type": "Feature", "properties": { "park_i": "X206", "park_j": "X299", "n_settings": 6, "share": 0.375, "A_800": 1.1, "A_1600": 1.1, "A_3200": 1.1, "D_net_m": 723.70001, "name_i": "Morgan Playground", "name_j": "Little Claremont Playground", "D_euc_m": 789.8, "within_walk_limit": true, "same_group": false }, "geometry": { "type": "LineString", "coordinates": [ [ -73.907435203671142, 40.832274508115219 ], [ -73.903763549401162, 40.838818968405171 ] ] } },
{ "type": "Feature", "properties": { "park_i": "X207", "park_j": "X290", "n_settings": 1, "share": 0.062, "A_800": null, "A_1600": null, "A_3200": 130.8, "D_net_m": 2196.3999, "name_i": "Pontiac Playground", "name_j": "Longfellow Playground", "D_euc_m": 2152.0, "within_walk_limit": false, "same_group": false }, "geometry": { "type": "LineString", "coordinates": [ [ -73.908226447005049, 40.8142295650593 ], [ -73.887556900758213, 40.825594744157662 ] ] } },
{ "type": "Feature", "properties": { "park_i": "X208", "park_j": "X373", "n_settings": 4, "share": 0.25, "A_800": 7.3, "A_1600": 7.3, "A_3200": 7.3, "D_net_m": 507.10001, "name_i": "Haviland Playground", "name_j": "Justice Sotomayor Houses Playground", "D_euc_m": 488.6, "within_walk_limit": true, "same_group": false }, "geometry": { "type": "LineString", "coordinates": [ [ -73.858619342283333, 40.829156749862264 ], [ -73.864101138191131, 40.827730215300626 ] ] } },
{ "type": "Feature", "properties": { "park_i": "X211", "park_j": "X340", "n_settings": 5, "share": 0.312, "A_800": null, "A_1600": 74.199997, "A_3200": 74.199997, "D_net_m": 952.59998, "name_i": "Stebbins Playground", "name_j": "CS 134 Community Improvement Garden", "D_euc_m": 956.7, "within_walk_limit": false, "same_group": false }, "geometry": { "type": "LineString", "coordinates": [ [ -73.898511169637672, 40.822796843330792 ], [ -73.895026642100419, 40.830997513491653 ] ] } },
{ "type": "Feature", "properties": { "park_i": "X219", "park_j": "X321", "n_settings": 1, "share": 0.062, "A_800": null, "A_1600": 23.1, "A_3200": 23.1, "D_net_m": 804.79999, "name_i": "Arcilla Playground", "name_j": "Claremont Neighborhood Garden", "D_euc_m": 856.1, "within_walk_limit": false, "same_group": false }, "geometry": { "type": "LineString", "coordinates": [ [ -73.914293314453346, 40.827081567808733 ], [ -73.910199324514949, 40.834137925176258 ] ] } },
{ "type": "Feature", "properties": { "park_i": "X235", "park_j": "X318", "n_settings": 2, "share": 0.125, "A_800": 96.400002, "A_1600": 6.6, "A_3200": 6.6, "D_net_m": 766.09998, "name_i": "Grove Hill Playground", "name_j": "Franklin Memorial Garden", "D_euc_m": 773.1, "within_walk_limit": true, "same_group": false }, "geometry": { "type": "LineString", "coordinates": [ [ -73.908841865695265, 40.819870143583742 ], [ -73.905273173923391, 40.826284514464085 ] ] } },
{ "type": "Feature", "properties": { "park_i": "X236", "park_j": "X245", "n_settings": 4, "share": 0.25, "A_800": null, "A_1600": 36.3, "A_3200": 36.3, "D_net_m": 873.79999, "name_i": "Mapes Pool", "name_j": "River Garden", "D_euc_m": 967.0, "within_walk_limit": false, "same_group": false }, "geometry": { "type": "LineString", "coordinates": [ [ -73.886306223682624, 40.846603904639984 ], [ -73.876618417549821, 40.84194178137286 ] ] } },
{ "type": "Feature", "properties": { "park_i": "X236", "park_j": "X288", "n_settings": 2, "share": 0.125, "A_800": null, "A_1600": 36.3, "A_3200": 36.3, "D_net_m": 873.79999, "name_i": "Mapes Pool", "name_j": "West Farms Rapids", "D_euc_m": 959.1, "within_walk_limit": false, "same_group": false }, "geometry": { "type": "LineString", "coordinates": [ [ -73.886306223682624, 40.846603904639984 ], [ -73.878053973076049, 40.840657286520148 ] ] } },
{ "type": "Feature", "properties": { "park_i": "X241", "park_j": "X270", "n_settings": 12, "share": 0.75, "A_800": null, "A_1600": 42.700001, "A_3200": 42.700001, "D_net_m": 812.59998, "name_i": "Hoe Garden", "name_j": "Freeman Garden", "D_euc_m": 778.1, "within_walk_limit": false, "same_group": false }, "geometry": { "type": "LineString", "coordinates": [ [ -73.890096025219549, 40.822638300190242 ], [ -73.89110691687722, 40.829604583161938 ] ] } },
{ "type": "Feature", "properties": { "park_i": "X241", "park_j": "X361", "n_settings": 12, "share": 0.75, "A_800": null, "A_1600": 42.700001, "A_3200": 42.700001, "D_net_m": 812.59998, "name_i": "Hoe Garden", "name_j": "Synergi Urban Garden UCFP", "D_euc_m": 741.9, "within_walk_limit": false, "same_group": false }, "geometry": { "type": "LineString", "coordinates": [ [ -73.890096025219549, 40.822638300190242 ], [ -73.891147259950841, 40.829273478611839 ] ] } },
{ "type": "Feature", "properties": { "park_i": "X246", "park_j": "X363", "n_settings": 4, "share": 0.25, "A_800": null, "A_1600": 22.200001, "A_3200": 22.200001, "D_net_m": 1295.5, "name_i": "Brook Park", "name_j": "Centro Cultural Rincon Criollo", "D_euc_m": 1339.6, "within_walk_limit": false, "same_group": false }, "geometry": { "type": "LineString", "coordinates": [ [ -73.918581834536326, 40.809541884028668 ], [ -73.912047114271303, 40.820539530809377 ] ] } },
{ "type": "Feature", "properties": { "park_i": "X252", "park_j": "X281", "n_settings": 1, "share": 0.062, "A_800": null, "A_1600": 0.5, "A_3200": 0.5, "D_net_m": 834.79999, "name_i": "Bathgate Playground", "name_j": "Stop & Go Playground", "D_euc_m": 946.1, "within_walk_limit": false, "same_group": false }, "geometry": { "type": "LineString", "coordinates": [ [ -73.894227218416347, 40.852926303669967 ], [ -73.898775966054856, 40.84513590068179 ] ] } },
{ "type": "Feature", "properties": { "park_i": "X252", "park_j": "X320", "n_settings": 1, "share": 0.062, "A_800": null, "A_1600": null, "A_3200": 1.7, "D_net_m": 1692.0, "name_i": "Bathgate Playground", "name_j": "Jardin De La Familia", "D_euc_m": 1836.5, "within_walk_limit": false, "same_group": false }, "geometry": { "type": "LineString", "coordinates": [ [ -73.894227218416347, 40.852926303669967 ], [ -73.903558718711054, 40.837978722467497 ] ] } },
{ "type": "Feature", "properties": { "park_i": "X257", "park_j": "X291", "n_settings": 2, "share": 0.125, "A_800": 27.0, "A_1600": 27.0, "A_3200": 27.0, "D_net_m": 537.79999, "name_i": "Mount Hope Playground", "name_j": "Walton Park", "D_euc_m": 664.1, "within_walk_limit": true, "same_group": false }, "geometry": { "type": "LineString", "coordinates": [ [ -73.909497861289665, 40.850242197610818 ], [ -73.905187529200461, 40.85524919932049 ] ] } },
{ "type": "Feature", "properties": { "park_i": "X264", "park_j": "X282", "n_settings": 4, "share": 0.25, "A_800": null, "A_1600": 37.400002, "A_3200": 37.400002, "D_net_m": 1114.3, "name_i": "Field Of Dreams Court", "name_j": "Seabury Playground", "D_euc_m": 1161.9, "within_walk_limit": false, "same_group": false }, "geometry": { "type": "LineString", "coordinates": [ [ -73.892271514830213, 40.826584013860057 ], [ -73.887875514331938, 40.836502498242808 ] ] } },
{ "type": "Feature", "properties": { "park_i": "X267", "park_j": "X290", "n_settings": 6, "share": 0.375, "A_800": null, "A_1600": 29.200001, "A_3200": 29.200001, "D_net_m": 1197.4, "name_i": "Eae J Mitchell Park", "name_j": "Longfellow Playground", "D_euc_m": 1235.6, "within_walk_limit": false, "same_group": false }, "geometry": { "type": "LineString", "coordinates": [ [ -73.88439037888827, 40.836461009290268 ], [ -73.887556900758213, 40.825594744157662 ] ] } },
{ "type": "Feature", "properties": { "park_i": "X269", "park_j": "X295", "n_settings": 2, "share": 0.125, "A_800": 23.6, "A_1600": 23.6, "A_3200": 23.6, "D_net_m": 737.79999, "name_i": "Cpl Fischer Park", "name_j": "Half-Nelson Playground", "D_euc_m": 762.9, "within_walk_limit": true, "same_group": false }, "geometry": { "type": "LineString", "coordinates": [ [ -73.92305892408551, 40.84057639863277 ], [ -73.919268130157235, 40.846816563076693 ] ] } },
{ "type": "Feature", "properties": { "park_i": "X269", "park_j": "X296", "n_settings": 2, "share": 0.125, "A_800": null, "A_1600": 88.900002, "A_3200": 88.900002, "D_net_m": 978.0, "name_i": "Cpl Fischer Park", "name_j": "Taqwa Community Farm", "D_euc_m": 1020.3, "within_walk_limit": false, "same_group": false }, "geometry": { "type": "LineString", "coordinates": [ [ -73.92305892408551, 40.84057639863277 ], [ -73.929023203945562, 40.832579787308276 ] ] } },
{ "type": "Feature", "properties": { "park_i": "X270", "park_j": "X284", "n_settings": 2, "share": 0.125, "A_800": 41.900002, "A_1600": 41.900002, "A_3200": 41.900002, "D_net_m": 592.90002, "name_i": "Freeman Garden", "name_j": "Printers Park", "D_euc_m": 587.1, "within_walk_limit": true, "same_group": false }, "geometry": { "type": "LineString", "coordinates": [ [ -73.89110691687722, 40.829604583161938 ], [ -73.89085460480176, 40.824319618535611 ] ] } },
{ "type": "Feature", "properties": { "park_i": "X273", "park_j": "X290", "n_settings": 6, "share": 0.375, "A_800": null, "A_1600": 29.1, "A_3200": 29.1, "D_net_m": 1062.6, "name_i": "Rock Garden Park", "name_j": "Longfellow Playground", "D_euc_m": 1093.6, "within_walk_limit": false, "same_group": false }, "geometry": { "type": "LineString", "coordinates": [ [ -73.885095172238366, 40.835266019317565 ], [ -73.887556900758213, 40.825594744157662 ] ] } },
{ "type": "Feature", "properties": { "park_i": "X275", "park_j": "X296", "n_settings": 10, "share": 0.625, "A_800": null, "A_1600": 18.5, "A_3200": 18.5, "D_net_m": 940.90002, "name_i": "Mosaic Success Garden", "name_j": "Taqwa Community Farm", "D_euc_m": 955.8, "within_walk_limit": false, "same_group": false }, "geometry": { "type": "LineString", "coordinates": [ [ -73.925364338447054, 40.840728361942773 ], [ -73.929023203945562, 40.832579787308276 ] ] } },
{ "type": "Feature", "properties": { "park_i": "X276", "park_j": "X313", "n_settings": 4, "share": 0.25, "A_800": 29.3, "A_1600": 29.3, "A_3200": 29.3, "D_net_m": 569.79999, "name_i": "Granja Farm OTF", "name_j": "El Batey Borincano Garden", "D_euc_m": 587.1, "within_walk_limit": true, "same_group": false }, "geometry": { "type": "LineString", "coordinates": [ [ -73.911489625919259, 40.815680147579307 ], [ -73.909315180491376, 40.820704008846015 ] ] } },
{ "type": "Feature", "properties": { "park_i": "X281", "park_j": "X320", "n_settings": 4, "share": 0.25, "A_800": null, "A_1600": 1.2, "A_3200": 1.2, "D_net_m": 827.09998, "name_i": "Stop & Go Playground", "name_j": "Jardin De La Familia", "D_euc_m": 891.0, "within_walk_limit": false, "same_group": false }, "geometry": { "type": "LineString", "coordinates": [ [ -73.898775966054856, 40.84513590068179 ], [ -73.903558718711054, 40.837978722467497 ] ] } },
{ "type": "Feature", "properties": { "park_i": "X284", "park_j": "X361", "n_settings": 2, "share": 0.125, "A_800": 41.900002, "A_1600": 41.900002, "A_3200": 41.900002, "D_net_m": 592.90002, "name_i": "Printers Park", "name_j": "Synergi Urban Garden UCFP", "D_euc_m": 550.5, "within_walk_limit": true, "same_group": false }, "geometry": { "type": "LineString", "coordinates": [ [ -73.89085460480176, 40.824319618535611 ], [ -73.891147259950841, 40.829273478611839 ] ] } },
{ "type": "Feature", "properties": { "park_i": "X285", "park_j": "X345", "n_settings": 6, "share": 0.375, "A_800": null, "A_1600": 31.0, "A_3200": 31.0, "D_net_m": 1078.3, "name_i": "Padre Plaza", "name_j": "St. Ann's Block Association Garden", "D_euc_m": 1165.4, "within_walk_limit": false, "same_group": false }, "geometry": { "type": "LineString", "coordinates": [ [ -73.917362999786619, 40.807824516106109 ], [ -73.911203645986419, 40.817221176219654 ] ] } },
{ "type": "Feature", "properties": { "park_i": "X291", "park_j": "X324", "n_settings": 4, "share": 0.25, "A_800": 34.400002, "A_1600": 34.400002, "A_3200": 34.400002, "D_net_m": 778.29999, "name_i": "Walton Park", "name_j": "176th Street Community Garden", "D_euc_m": 885.9, "within_walk_limit": true, "same_group": false }, "geometry": { "type": "LineString", "coordinates": [ [ -73.905187529200461, 40.85524919932049 ], [ -73.909610228599107, 40.848010724434396 ] ] } },
{ "type": "Feature", "properties": { "park_i": "X291", "park_j": "X331", "n_settings": 3, "share": 0.188, "A_800": null, "A_1600": 47.700001, "A_3200": 47.700001, "D_net_m": 938.29999, "name_i": "Walton Park", "name_j": "Townsend Garden", "D_euc_m": 1047.5, "within_walk_limit": false, "same_group": false }, "geometry": { "type": "LineString", "coordinates": [ [ -73.905187529200461, 40.85524919932049 ], [ -73.911015086367073, 40.846915592434819 ] ] } },
{ "type": "Feature", "properties": { "park_i": "X299", "park_j": "X350", "n_settings": 1, "share": 0.062, "A_800": null, "A_1600": null, "A_3200": 85.300003, "D_net_m": 1657.9, "name_i": "Little Claremont Playground", "name_j": "Melrose Commons Park", "D_euc_m": 1704.4, "within_walk_limit": false, "same_group": false }, "geometry": { "type": "LineString", "coordinates": [ [ -73.903763549401162, 40.838818968405171 ], [ -73.912346315782784, 40.82491975855509 ] ] } },
{ "type": "Feature", "properties": { "park_i": "X300", "park_j": "X343", "n_settings": 12, "share": 0.75, "A_800": null, "A_1600": 32.599998, "A_3200": 32.599998, "D_net_m": 1132.9, "name_i": "Davidson Playground", "name_j": "Davidson Ave. Community Gardeners Group", "D_euc_m": 1168.6, "within_walk_limit": false, "same_group": false }, "geometry": { "type": "LineString", "coordinates": [ [ -73.907707921612626, 40.855060623162899 ], [ -73.900848257696637, 40.864208350170983 ] ] } },
{ "type": "Feature", "properties": { "park_i": "X328", "park_j": "X333", "n_settings": 12, "share": 0.75, "A_800": 1.3, "A_1600": 1.3, "A_3200": 1.3, "D_net_m": 567.90002, "name_i": "Las Casitas Community Garden", "name_j": "Woodycrest Community Garden", "D_euc_m": 584.3, "within_walk_limit": true, "same_group": true }, "geometry": { "type": "LineString", "coordinates": [ [ -73.925404449279895, 40.835574103411602 ], [ -73.929390889597798, 40.831269058543995 ] ] } },
{ "type": "Feature", "properties": { "park_i": "X332", "park_j": "X340", "n_settings": 5, "share": 0.312, "A_800": null, "A_1600": 73.400002, "A_3200": 73.400002, "D_net_m": 912.70001, "name_i": "Schomberg Academy Garden", "name_j": "CS 134 Community Improvement Garden", "D_euc_m": 906.7, "within_walk_limit": false, "same_group": false }, "geometry": { "type": "LineString", "coordinates": [ [ -73.899025520726951, 40.823416053104346 ], [ -73.895026642100419, 40.830997513491653 ] ] } },
{ "type": "Feature", "properties": { "park_i": "X337", "park_j": "X354", "n_settings": 6, "share": 0.375, "A_800": 0.3, "A_1600": 0.3, "A_3200": 0.3, "D_net_m": 171.89999, "name_i": "Latinos Unidos Garden", "name_j": "P.S. 29 Ballfield", "D_euc_m": 168.7, "within_walk_limit": true, "same_group": false }, "geometry": { "type": "LineString", "coordinates": [ [ -73.914124180283494, 40.821558603114418 ], [ -73.916124073068161, 40.821588224312457 ] ] } },
{ "type": "Feature", "properties": { "park_i": "X338", "park_j": "X352", "n_settings": 2, "share": 0.125, "A_800": 2.3, "A_1600": 2.3, "A_3200": 2.3, "D_net_m": 165.60001, "name_i": "Courtlandt Avenue Association Garden", "name_j": "Family Group Garden", "D_euc_m": 185.8, "within_walk_limit": true, "same_group": false }, "geometry": { "type": "LineString", "coordinates": [ [ -73.916116152558189, 40.822485936764842 ], [ -73.914056148149655, 40.821891564560879 ] ] } },
{ "type": "Feature", "properties": { "park_i": "X343", "park_j": "X355", "n_settings": 2, "share": 0.125, "A_800": null, "A_1600": 129.3, "A_3200": 91.099998, "D_net_m": 1540.9, "name_i": "Davidson Ave. Community Gardeners Group", "name_j": "Leave it Better Kids' Garden", "D_euc_m": 1549.9, "within_walk_limit": false, "same_group": false }, "geometry": { "type": "LineString", "coordinates": [ [ -73.900848257696637, 40.864208350170983 ], [ -73.910489002542803, 40.852320161639689 ] ] } }
]
}
