{
"type": "FeatureCollection",
"name": "groups_N2",
"crs": { "type": "name", "properties": { "name": "urn:ogc:def:crs:OGC:1.3:CRS84" } },
"features": [
{ "type": "Feature", "properties": { "group_id": "N2-001", "n_parks": 22, "extent_km": 0.633, "max_walk_m": 763.9, "park_area_acres": 16.11, "hull_area_acres": 77.03, "boroughs": "M", "members": "Tompkins Square Park; El Jardin Del Paraiso Park; Dry Dock Playground; 6th St and Ave B Community Garden; Firemen's Memorial Garden; Green Oasis and Gilbert's Garden; 9th St Community Garden Park; 6BC Botanical Garden; 5th St Slope Garden; The Creative Little Garden; Earth People; La Plaza Cultural; La Casita Garden; Flower Door Garden; Generation X; The Secret Garden; De Colores Cmty Yard and Center; Orchard Alley Garden; Lower East Side Ecology Center; Sam and Sadie Koenig Garden; 11 BC Serenity Garden; Sage Garden" }, "geometry": { "type": "Polygon", "coordinates": [ [ [ -73.978363335527646, 40.721148669985737 ], [ -73.978437427632983, 40.721154716399546 ], [ -73.978615050152385, 40.721229663822456 ], [ -73.978703702389879, 40.721267070313445 ], [ -73.981574855440101, 40.722481438003889 ], [ -73.982711844967312, 40.724549332302686 ], [ -73.983368826688576, 40.726071705471092 ], [ -73.982164493526696, 40.727723617754165 ], [ -73.978417020749845, 40.726938406167207 ], [ -73.97567162289063, 40.725928057788813 ], [ -73.974822712552694, 40.725569678905458 ], [ -73.975241068852469, 40.724993869732742 ], [ -73.978363335527646, 40.721148669985737 ] ] ] } },
{ "type": "Feature", "properties": { "group_id": "N2-002", "n_parks": 17, "extent_km": 0.798, "max_walk_m": 749.2, "park_area_acres": 6.48, "hull_area_acres": 74.9, "boroughs": "B", "members": "Sobel Playground; La Guardia Playground; La Guardia Playground; Continental Army Plaza; Marcy Park South; Rodney Park South; Rodney Park Center; Rodney Park North; Strawberry Playground; Rodney Playground Center; Blue Playground; Marcy Green South; Marcy Green Center; Marcy Green North; Roebling Playground; Keap Fourth Community Garden; Hooper Grove" }, "geometry": { "type": "Polygon", "coordinates": [ [ [ -73.962403264690721, 40.705835435214482 ], [ -73.962435593758997, 40.705836199497455 ], [ -73.962621886916153, 40.706003880448172 ], [ -73.960776931150036, 40.710495785532267 ], [ -73.960563708861599, 40.710842242797106 ], [ -73.954824974121593, 40.711473102900285 ], [ -73.954681900152536, 40.7114202956394 ], [ -73.953505797807466, 40.708070834958718 ], [ -73.953649061988571, 40.707843517237748 ], [ -73.962403264690721, 40.705835435214482 ] ] ] } },
{ "type": "Feature", "properties": { "group_id": "N2-003", "n_parks": 13, "extent_km": 0.718, "max_walk_m": 772.5, "park_area_acres": 2.8, "hull_area_acres": 53.57, "boroughs": "X", "members": "Keltch Park; Goble Playground; Park; Park; Park; Park; Featherbenches; Inwood Park; Townsend Walk; Jennie Jerome Playground; Walton Walk; Jerome Playground South; Walton Slope" }, "geometry": { "type": "Polygon", "coordinates": [ [ [ -73.918205676836436, 40.839777715816233 ], [ -73.918261224563224, 40.839795169841238 ], [ -73.918262176160198, 40.83979559554863 ], [ -73.918308292991753, 40.844710388137727 ], [ -73.91820044273797, 40.845381689454427 ], [ -73.918200426013783, 40.845381789397251 ], [ -73.918200416457637, 40.845381846121526 ], [ -73.918200048553061, 40.845384023252208 ], [ -73.918198124232106, 40.845395401414947 ], [ -73.913292213900448, 40.846101801673385 ], [ -73.911597311183087, 40.845479222902533 ], [ -73.911260694136189, 40.845338036403483 ], [ -73.911612086533964, 40.844876662204996 ], [ -73.918205676836436, 40.839777715816233 ] ] ] } },
{ "type": "Feature", "properties": { "group_id": "N2-004", "n_parks": 10, "extent_km": 0.497, "max_walk_m": 329.7, "park_area_acres": 5.29, "hull_area_acres": 15.95, "boroughs": "B", "members": "Fort Stirling Park; Brooklyn Heights Promenade; Brooklyn Heights Promenade; Brooklyn Heights Promenade; Brooklyn Heights Promenade; Brooklyn Heights Promenade; Fruit Street Sitting Area; Squibb Park; Hillside Dog Park; Harry Chapin Playground" }, "geometry": { "type": "Polygon", "coordinates": [ [ [ -73.998306565587086, 40.695310083689428 ], [ -73.998318083365234, 40.695311158169865 ], [ -73.998329183460044, 40.695313732897169 ], [ -73.99833953104725, 40.695317729521925 ], [ -73.998348816149331, 40.695323028271794 ], [ -73.998367824037743, 40.695336882029117 ], [ -73.998377036889323, 40.695345642346197 ], [ -73.998384117708937, 40.695355485048751 ], [ -73.99838884998961, 40.695366112965047 ], [ -73.998391092945127, 40.69537720370981 ], [ -73.998390777960495, 40.695388422291565 ], [ -73.99838791569087, 40.695399430117753 ], [ -73.996325291938021, 40.699763445765583 ], [ -73.996244989642904, 40.699931900172061 ], [ -73.995641423305742, 40.701195435943582 ], [ -73.994559399389331, 40.70184885715814 ], [ -73.993493973796191, 40.701537973076974 ], [ -73.99824768395635, 40.695333767190469 ], [ -73.99825470840689, 40.695326736995149 ], [ -73.998263224760734, 40.695320737008409 ], [ -73.998272975090032, 40.695315948228973 ], [ -73.998283665974284, 40.695312514734262 ], [ -73.998294976782091, 40.695310540078225 ], [ -73.998306565587086, 40.695310083689428 ] ] ] } },
{ "type": "Feature", "properties": { "group_id": "N2-005", "n_parks": 10, "extent_km": 0.396, "max_walk_m": 454.9, "park_area_acres": 3.04, "hull_area_acres": 27.49, "boroughs": "B", "members": "Sutter Ballfields; Clara's Garden; Concerned Residents of Barbey Street; East End Community Garden; Escape To Nature; Herbal Garden of East NY; Jerry and The Senior Gents; Jordan Magic Garden; Oriental Garden; Jerome-Glenmore Cornerstone Community Garden" }, "geometry": { "type": "Polygon", "coordinates": [ [ [ -73.887782618188481, 40.670568676061656 ], [ -73.889920667996748, 40.671536180405035 ], [ -73.890993265575716, 40.673491417442548 ], [ -73.891010487485886, 40.673558773425334 ], [ -73.890862119554015, 40.673864751393573 ], [ -73.889972044999681, 40.674318620830114 ], [ -73.889284744531068, 40.674475225748843 ], [ -73.889099253507069, 40.674503188215986 ], [ -73.889007224283034, 40.67451706016557 ], [ -73.887114915537509, 40.674429469267253 ], [ -73.887027712424967, 40.674086794175878 ], [ -73.886975463132146, 40.673881470294432 ], [ -73.886952992630384, 40.673793166154731 ], [ -73.887088242735175, 40.670670353827035 ], [ -73.887782618188481, 40.670568676061656 ] ] ] } },
{ "type": "Feature", "properties": { "group_id": "N2-006", "n_parks": 10, "extent_km": 0.682, "max_walk_m": 705.1, "park_area_acres": 7.7, "hull_area_acres": 62.0, "boroughs": "X", "members": "Crotona Parkway Malls (1/3); Crotona Parkway Malls (3/3); Mapes Pool; Vidalia Park; Mapes Park; Garden Of Happiness; Daly Ave Garden; Mohegan Triangle; Volky Garden & Flowers; Garden of Youth" }, "geometry": { "type": "Polygon", "coordinates": [ [ [ -73.88537442745212, 40.843107854228428 ], [ -73.885404038463733, 40.843112274174011 ], [ -73.886871568521499, 40.846704896579411 ], [ -73.885364366620323, 40.849281142078368 ], [ -73.885198430496501, 40.849438057181864 ], [ -73.882790312412638, 40.848807419482768 ], [ -73.88277693189147, 40.84880159500738 ], [ -73.880614624896879, 40.843867998169301 ], [ -73.880951935861532, 40.843493547892201 ], [ -73.881198861632086, 40.843219431998143 ], [ -73.88537442745212, 40.843107854228428 ] ] ] } },
{ "type": "Feature", "properties": { "group_id": "N2-007", "n_parks": 10, "extent_km": 0.398, "max_walk_m": 473.3, "park_area_acres": 4.63, "hull_area_acres": 28.45, "boroughs": "X", "members": "Railroad Park; Triangle; O'Neill Triangle; Rainbow Garden; Edith Garden; Jardin de la Roca; Melrose Commons Park; Family Group Garden; Yolanda García Park; Little Green Garden" }, "geometry": { "type": "Polygon", "coordinates": [ [ [ -73.914070905512304, 40.821693314161266 ], [ -73.914225317515417, 40.821740592626469 ], [ -73.915180682062527, 40.823230423052678 ], [ -73.915957066679425, 40.824983586466317 ], [ -73.915178470573636, 40.82548055568072 ], [ -73.913078663594348, 40.825344824456508 ], [ -73.910740314559575, 40.824588834978556 ], [ -73.910890892559465, 40.824008440335369 ], [ -73.911104529372196, 40.823484919884145 ], [ -73.912285080318895, 40.822635675332542 ], [ -73.914070905512304, 40.821693314161266 ] ] ] } },
{ "type": "Feature", "properties": { "group_id": "N2-008", "n_parks": 9, "extent_km": 0.45, "max_walk_m": 495.0, "park_area_acres": 4.52, "hull_area_acres": 26.68, "boroughs": "B", "members": "Martin Luther King Jr. Playground; Sankofa Park; Big Red Garden; Causa Festival Garden; New Vision Garden; Ps 53; Victory Garden; United Community Center; East New York Farms Garden" }, "geometry": { "type": "Polygon", "coordinates": [ [ [ -73.886970619555768, 40.665087406728269 ], [ -73.890946429315576, 40.665979938184741 ], [ -73.890965243919595, 40.666053490399598 ], [ -73.890957363663787, 40.668309386444363 ], [ -73.889763141356568, 40.668737534328365 ], [ -73.889419181040054, 40.668788470614771 ], [ -73.885847193858481, 40.665888826171866 ], [ -73.885742760461412, 40.665481735793406 ], [ -73.886423330386933, 40.665186223495148 ], [ -73.886608472942058, 40.665136493199874 ], [ -73.886970619555768, 40.665087406728269 ] ] ] } },
{ "type": "Feature", "properties": { "group_id": "N2-009", "n_parks": 9, "extent_km": 0.444, "max_walk_m": 422.6, "park_area_acres": 2.37, "hull_area_acres": 27.07, "boroughs": "B", "members": "Harold Ickes Playground; Park; Mother Cabrini Park; Human Compass Garden; The Amazing Garden; The Backyard; Summit Street Community Garden; South Brooklyn Children's Garden; Pirate's Cove Garden" }, "geometry": { "type": "Polygon", "coordinates": [ [ [ -74.00407763452769, 40.681325770982092 ], [ -74.00432756028215, 40.681395592226934 ], [ -74.006099578333632, 40.68189294695533 ], [ -74.006542054728143, 40.682653895779964 ], [ -74.005270748672515, 40.684576841066814 ], [ -74.003038264126999, 40.685356631535385 ], [ -74.002709578169501, 40.685264826063516 ], [ -74.002284547452248, 40.684862260600902 ], [ -74.002540297881467, 40.682362188097471 ], [ -74.002541548112688, 40.682359612599605 ], [ -74.002699056888872, 40.682106548342688 ], [ -74.00407763452769, 40.681325770982092 ] ] ] } },
{ "type": "Feature", "properties": { "group_id": "N2-010", "n_parks": 9, "extent_km": 0.689, "max_walk_m": 562.7, "park_area_acres": 18.0, "hull_area_acres": 80.63, "boroughs": "M", "members": "Jackie Robinson Park; Carmansville Playground; Donnellan Square; Harlem River Park (7/15); Bushman Steps; Wright Brothers Playground; Convent Garden; Harris Garden; Sugar Hill Hope Garden" }, "geometry": { "type": "Polygon", "coordinates": [ [ [ -73.942921060928825, 40.823438760906896 ], [ -73.943645148549322, 40.82374379533762 ], [ -73.94464071044186, 40.82902182224182 ], [ -73.944277586038496, 40.829525656235191 ], [ -73.942062037180122, 40.831965182803295 ], [ -73.93829900199114, 40.833411677735334 ], [ -73.937971286567191, 40.833223531517405 ], [ -73.938805730265273, 40.829654487160006 ], [ -73.939410947236198, 40.828249163539134 ], [ -73.942921060928825, 40.823438760906896 ] ] ] } },
{ "type": "Feature", "properties": { "group_id": "N2-011", "n_parks": 9, "extent_km": 0.518, "max_walk_m": 508.2, "park_area_acres": 1.7, "hull_area_acres": 13.95, "boroughs": "M", "members": "Joseph C. Sauer Park; Children's Garden; Lower East Side Playground; Dias Y Flores; El Sol Brilliante Jr; Community Garden Association; Vamos Sembrar; Yu Suen Garden; Campos Garden" }, "geometry": { "type": "Polygon", "coordinates": [ [ [ -73.977583038898558, 40.727093166771098 ], [ -73.982932650910683, 40.7290175706895 ], [ -73.983474934158323, 40.729245859386495 ], [ -73.983339163658457, 40.729433323009758 ], [ -73.983249988844179, 40.729556449217185 ], [ -73.983205137839036, 40.729618376061282 ], [ -73.983108917966135, 40.72975122662092 ], [ -73.979923619059647, 40.729250584557107 ], [ -73.979842479577144, 40.729216306929352 ], [ -73.979766455624699, 40.729184189562908 ], [ -73.978200774610187, 40.728510172933028 ], [ -73.977402058081879, 40.727342516519919 ], [ -73.977583038898558, 40.727093166771098 ] ] ] } },
{ "type": "Feature", "properties": { "group_id": "N2-012", "n_parks": 9, "extent_km": 0.553, "max_walk_m": 610.6, "park_area_acres": 3.86, "hull_area_acres": 31.26, "boroughs": "X", "members": "Flynn Playground; Melrose Playground; Latinos Unidos Garden; Courtlandt Avenue Association Garden; Vogue Garden; 811 Family and Friends Garden; P.S. 29 Ballfield; Rainbow Garden of Life and Health; Centro Cultural Rincon Criollo" }, "geometry": { "type": "Polygon", "coordinates": [ [ [ -73.918294497446155, 40.820138341579089 ], [ -73.918929091153259, 40.820297463305309 ], [ -73.918690415642828, 40.82084500967192 ], [ -73.916878021902363, 40.82315669365007 ], [ -73.916540822040631, 40.823053769209217 ], [ -73.911478785253649, 40.821227160036891 ], [ -73.911970804555864, 40.820369117619656 ], [ -73.918294497446155, 40.820138341579089 ] ] ] } },
{ "type": "Feature", "properties": { "group_id": "N2-013", "n_parks": 8, "extent_km": 0.642, "max_walk_m": 666.7, "park_area_acres": 4.85, "hull_area_acres": 31.21, "boroughs": "B", "members": "Marcy Playground; Willoughby Playground; All People's Church of the Apostolic Faith Community Garden; Red Gate Garden; Vernon Tandt Block Association; Vernon/throop Av Block Association; Vernon Cases Community Garden; Tranquility Farm (Willoughby Ave. Garden)" }, "geometry": { "type": "Polygon", "coordinates": [ [ [ -73.949351340428422, 40.69363993380103 ], [ -73.950403005486706, 40.694108781921749 ], [ -73.952369703832417, 40.695114196875593 ], [ -73.952450430102061, 40.695525464715168 ], [ -73.951204140958154, 40.695876842718135 ], [ -73.950766697849005, 40.695927231014061 ], [ -73.949447083038123, 40.695871416991757 ], [ -73.942940574111617, 40.695248333335215 ], [ -73.942928906017087, 40.695188945933005 ], [ -73.942980970109886, 40.694669707208348 ], [ -73.948990058318259, 40.693681645387535 ], [ -73.949351340428422, 40.69363993380103 ] ] ] } },
{ "type": "Feature", "properties": { "group_id": "N2-014", "n_parks": 8, "extent_km": 0.658, "max_walk_m": 617.6, "park_area_acres": 10.59, "hull_area_acres": 93.56, "boroughs": "M", "members": "Allen Street Malls (2/3); Allen Street Malls (3/3); Schiff Mall; Sara D. Roosevelt Park; Peretz Square; First Park; Liz Christy Garden; First Street Garden" }, "geometry": { "type": "Polygon", "coordinates": [ [ [ -73.994351957989764, 40.71574525105968 ], [ -73.994773721224078, 40.715872760714227 ], [ -73.993922548721756, 40.720276375598857 ], [ -73.993921541085811, 40.720280894303279 ], [ -73.992298747901543, 40.724371435170703 ], [ -73.989570435917756, 40.724158833462141 ], [ -73.989497200333048, 40.724127980762105 ], [ -73.987396913119966, 40.722738332779791 ], [ -73.988301744367817, 40.718580528482399 ], [ -73.988304012699516, 40.718576788895263 ], [ -73.988304707642357, 40.718575643517283 ], [ -73.988309240097493, 40.718571907762048 ], [ -73.991568073433385, 40.716802013756684 ], [ -73.994351957989764, 40.71574525105968 ] ] ] } },
{ "type": "Feature", "properties": { "group_id": "N2-015", "n_parks": 8, "extent_km": 0.714, "max_walk_m": 740.3, "park_area_acres": 5.92, "hull_area_acres": 62.06, "boroughs": "M", "members": "Coleman Playground; Catherine Slip Malls; Alfred E. Smith Playground; Playground One; Kimlau Square; St. James Triangle; James Madison Plaza; Fishbridge Garden" }, "geometry": { "type": "Polygon", "coordinates": [ [ [ -74.001011710340435, 40.708783567060458 ], [ -74.001261612589076, 40.708906854461659 ], [ -74.001388724821709, 40.709021319658071 ], [ -74.001673387372193, 40.709306008827504 ], [ -74.000750293537934, 40.711595208111575 ], [ -73.998277005261755, 40.713475250407917 ], [ -73.998087803649014, 40.713562435747718 ], [ -73.998071502550957, 40.713567747587213 ], [ -73.998054137596526, 40.713570500155555 ], [ -73.998039786986439, 40.713570571052436 ], [ -73.99803640466385, 40.713570587203975 ], [ -73.998018994894409, 40.71356800514215 ], [ -73.998002604160305, 40.713562853938896 ], [ -73.992576246589849, 40.71167066901549 ], [ -73.992526643032051, 40.711357066542575 ], [ -73.992514138467939, 40.711277800071123 ], [ -73.992967581847381, 40.710823527272098 ], [ -73.996042460908868, 40.709281564421929 ], [ -73.996046465568952, 40.709279930132091 ], [ -73.996049104573544, 40.70927885411205 ], [ -73.996054615672008, 40.709277319830306 ], [ -74.001011710340435, 40.708783567060458 ] ] ] } },
{ "type": "Feature", "properties": { "group_id": "N2-016", "n_parks": 8, "extent_km": 0.461, "max_walk_m": 409.7, "park_area_acres": 3.54, "hull_area_acres": 25.51, "boroughs": "M", "members": "Downing Street Playground; James J Walker Park; William F. Passannante Ballfield; Minetta Green; Minetta Playground; West 4th Street Courts; Minetta Triangle; Father Demo Square" }, "geometry": { "type": "Polygon", "coordinates": [ [ [ -74.002107849941282, 40.728218590946931 ], [ -74.00682758969505, 40.729569137454988 ], [ -74.006724022348322, 40.730138123552528 ], [ -74.000858297884619, 40.73157470950342 ], [ -74.00067655636208, 40.731485530675442 ], [ -74.000725212218313, 40.731186832666353 ], [ -74.001871407746705, 40.728496707238747 ], [ -74.002107849941282, 40.728218590946931 ] ] ] } },
{ "type": "Feature", "properties": { "group_id": "N2-017", "n_parks": 8, "extent_km": 0.726, "max_walk_m": 693.7, "park_area_acres": 9.09, "hull_area_acres": 70.9, "boroughs": "M", "members": "Johnny Hartman Square; Alexander Hamilton Playground; Montefiore Square; Riverside Park (1/4); Riverside Park (4/4); Broadway Malls (1/5); Broadway Malls (3/5); Frank White Memorial Garden" }, "geometry": { "type": "Polygon", "coordinates": [ [ [ -73.955000894151652, 40.820176176631065 ], [ -73.958416629404809, 40.820880113585972 ], [ -73.958271139742365, 40.821596837067929 ], [ -73.95790088298358, 40.822115968144814 ], [ -73.95782170025349, 40.822201966296319 ], [ -73.953553315606356, 40.826243941828047 ], [ -73.951065104178824, 40.825651726980517 ], [ -73.950996023506065, 40.825622700874227 ], [ -73.948552837015512, 40.824194212979194 ], [ -73.948552233950991, 40.824193802984581 ], [ -73.948551731703319, 40.824193320995271 ], [ -73.948551345672527, 40.824192780525571 ], [ -73.948551086514286, 40.824192198689659 ], [ -73.948550961328522, 40.824191591699638 ], [ -73.948550974843698, 40.82419097666704 ], [ -73.948551125859126, 40.824190373402232 ], [ -73.948551409620592, 40.824189798112066 ], [ -73.948630237868315, 40.824068697660678 ], [ -73.948631619226873, 40.824066720787236 ], [ -73.948633418881059, 40.824064949413163 ], [ -73.948635587004148, 40.82406343394404 ], [ -73.954974675180438, 40.820179876440932 ], [ -73.954986814567278, 40.820176107200353 ], [ -73.955000894151652, 40.820176176631065 ] ] ] } },
{ "type": "Feature", "properties": { "group_id": "N2-018", "n_parks": 8, "extent_km": 0.653, "max_walk_m": 638.3, "park_area_acres": 3.37, "hull_area_acres": 47.0, "boroughs": "M", "members": "Adam Clayton Powell Jr. Malls (9/9); Abraham Lincoln Playground; Howard Bennett Playground; 132 St Block Association Park; Parks Council Success Garden; Margrichante Garden; Harlem Grown 134th Street Green House; Harlem Valley Garden" }, "geometry": { "type": "Polygon", "coordinates": [ [ [ -73.93683948686855, 40.81184464169327 ], [ -73.943118078126219, 40.812140263178584 ], [ -73.94550446270047, 40.81283115733595 ], [ -73.945509771045579, 40.812832932924458 ], [ -73.945514287484428, 40.812836373158319 ], [ -73.945517169541361, 40.812841211992719 ], [ -73.945517220898978, 40.812846523151123 ], [ -73.945515503818044, 40.812850490832147 ], [ -73.945060809791244, 40.813474692591434 ], [ -73.943621395565387, 40.81544507364638 ], [ -73.943621045506745, 40.815445550738708 ], [ -73.943378177709008, 40.815775888042438 ], [ -73.943307321904527, 40.815872261132476 ], [ -73.938997928023724, 40.81413267588723 ], [ -73.937989574647574, 40.813715898367043 ], [ -73.936562924643752, 40.812146033203334 ], [ -73.93675228301538, 40.811887035243956 ], [ -73.936770739554561, 40.811866540134673 ], [ -73.93678551568965, 40.811857622504249 ], [ -73.936803321870002, 40.811850502125282 ], [ -73.936826937073349, 40.811845526310151 ], [ -73.93683948686855, 40.81184464169327 ] ] ] } },
{ "type": "Feature", "properties": { "group_id": "N2-019", "n_parks": 8, "extent_km": 0.823, "max_walk_m": 771.3, "park_area_acres": 6.44, "hull_area_acres": 36.23, "boroughs": "Q", "members": "Triborough Bridge Playground B; Triborough Bridge Playground C; Triborough Bridge Playground D; Triborough Bridge Playground E; Hoyt Playground; Sitting Area; Chappetto Square; Columbus Square" }, "geometry": { "type": "Polygon", "coordinates": [ [ [ -73.917419467197391, 40.769999652478148 ], [ -73.917424040274412, 40.769999754811103 ], [ -73.917496178500883, 40.770014246066133 ], [ -73.917828820669399, 40.770081085932674 ], [ -73.923715887296112, 40.774634430121871 ], [ -73.92354760509636, 40.776575238254594 ], [ -73.916722411966703, 40.771879819241406 ], [ -73.916394218727277, 40.771649162536413 ], [ -73.917397338747335, 40.77001043905873 ], [ -73.917399815528867, 40.770007515097745 ], [ -73.91740291251601, 40.770004955384813 ], [ -73.917406538412664, 40.770002834596234 ], [ -73.917410586540356, 40.770001214790298 ], [ -73.917414938394003, 40.770000143608669 ], [ -73.917419467197391, 40.769999652478148 ] ] ] } },
{ "type": "Feature", "properties": { "group_id": "N2-020", "n_parks": 8, "extent_km": 0.683, "max_walk_m": 680.0, "park_area_acres": 3.96, "hull_area_acres": 51.74, "boroughs": "X", "members": "Monsignor Raul Del Valle Square; Benjamin Gladstone Square; Lyons Square Playground; Bryant Triangle; Hoe Garden; Field Of Dreams Court; Printers Park; Longfellow Playground" }, "geometry": { "type": "Polygon", "coordinates": [ [ [ -73.890805153784228, 40.820519452698633 ], [ -73.890822693536137, 40.820521637703671 ], [ -73.89083952803378, 40.820525969723441 ], [ -73.890855203472213, 40.820532334866051 ], [ -73.890869299333659, 40.820540559838633 ], [ -73.890881435478548, 40.8205504245608 ], [ -73.891091092877787, 40.820751650591731 ], [ -73.891096987988803, 40.820764509851344 ], [ -73.892460565274931, 40.826482294696845 ], [ -73.892458424747801, 40.826688142472385 ], [ -73.888717523480139, 40.826676677816934 ], [ -73.888342708587004, 40.826673853555029 ], [ -73.887430558542505, 40.82587678326076 ], [ -73.887389101878796, 40.82532765894689 ], [ -73.887679654033676, 40.822611652554073 ], [ -73.890356521805813, 40.820785079675574 ], [ -73.890723327753975, 40.82054074487278 ], [ -73.890737386658984, 40.820532484430224 ], [ -73.890753034453567, 40.820526079614375 ], [ -73.890769850049423, 40.820521704722125 ], [ -73.89078737926485, 40.820519475486904 ], [ -73.890805153784228, 40.820519452698633 ] ] ] } },
{ "type": "Feature", "properties": { "group_id": "N2-021", "n_parks": 8, "extent_km": 0.788, "max_walk_m": 756.3, "park_area_acres": 4.08, "hull_area_acres": 63.13, "boroughs": "X", "members": "Hugh J. Grant Circle; Park; St. Lawrence Triangle; Wood Park; Park; Virginia Playground; Virginia Park; Taylor Playground" }, "geometry": { "type": "Polygon", "coordinates": [ [ [ -73.860970428472527, 40.832763657769249 ], [ -73.861037866423914, 40.83276941576959 ], [ -73.861104400881175, 40.832780897992528 ], [ -73.862579536046539, 40.833136071752904 ], [ -73.869847809544723, 40.835496463096462 ], [ -73.869844786521753, 40.835565385366309 ], [ -73.866552026670362, 40.839183470590122 ], [ -73.865865589507109, 40.839379892523183 ], [ -73.860511136863167, 40.833322636822281 ], [ -73.860482396154978, 40.833282329201921 ], [ -73.860461959333165, 40.833239197762239 ], [ -73.860450291447478, 40.833194223709839 ], [ -73.86044765472424, 40.833148428526407 ], [ -73.860451395306498, 40.833096962535109 ], [ -73.860464264271386, 40.833046353153058 ], [ -73.860486023717542, 40.832997530301391 ], [ -73.860516275763288, 40.832951390387322 ], [ -73.860554463765794, 40.832908780997904 ], [ -73.860599886581412, 40.832870485609455 ], [ -73.86065170927256, 40.832837206491646 ], [ -73.860708980910218, 40.832809555724779 ], [ -73.86077065001642, 40.832788040811479 ], [ -73.86083558117852, 40.832773056592579 ], [ -73.860902584700611, 40.832764878980377 ], [ -73.860970428472527, 40.832763657769249 ] ] ] } },
{ "type": "Feature", "properties": { "group_id": "N2-022", "n_parks": 8, "extent_km": 1.016, "max_walk_m": 726.3, "park_area_acres": 2.88, "hull_area_acres": 35.27, "boroughs": "X", "members": "Featherbed Triangle; University Malls; Park; Park; Plimpton Playground; Park; Ogden Plimpton Playground; Half-Nelson Playground" }, "geometry": { "type": "Polygon", "coordinates": [ [ [ -73.923663343835599, 40.841714817346215 ], [ -73.923994361192442, 40.841856238693943 ], [ -73.922052017706861, 40.845367817985284 ], [ -73.922044645425942, 40.845378059710349 ], [ -73.92203665944173, 40.845387836365909 ], [ -73.921142283519529, 40.846309441885005 ], [ -73.92049793331438, 40.846963854002574 ], [ -73.91721537457245, 40.849306514441359 ], [ -73.916680859559165, 40.849674211193914 ], [ -73.916446060007473, 40.849835729232176 ], [ -73.916439764172381, 40.84983854861526 ], [ -73.916433061152645, 40.84984076347277 ], [ -73.916426054160709, 40.849842341461802 ], [ -73.916418845213229, 40.849843258342844 ], [ -73.91641154342733, 40.849843501588076 ], [ -73.916404255537088, 40.849843067672829 ], [ -73.916397093008882, 40.84984196208088 ], [ -73.916390161365968, 40.849840201097557 ], [ -73.916383563745143, 40.849837812712941 ], [ -73.91637739853175, 40.849834831217059 ], [ -73.91637175816912, 40.849831300801171 ], [ -73.916366726788127, 40.84982727465534 ], [ -73.916362379024491, 40.849822812266282 ], [ -73.916358780015671, 40.849817982118616 ], [ -73.916355983038954, 40.849812853589029 ], [ -73.916354030686307, 40.849807505951695 ], [ -73.916352951322395, 40.849802015769093 ], [ -73.916352761444031, 40.849796466798971 ], [ -73.916353463317463, 40.849790942788758 ], [ -73.916355047353534, 40.849785524775697 ], [ -73.916357489733599, 40.849780292886415 ], [ -73.919684636087609, 40.844390250597634 ], [ -73.919693301005211, 40.844377164363756 ], [ -73.923663343835599, 40.841714817346215 ] ] ] } },
{ "type": "Feature", "properties": { "group_id": "N2-023", "n_parks": 7, "extent_km": 0.568, "max_walk_m": 541.1, "park_area_acres": 11.53, "hull_area_acres": 54.15, "boroughs": "B", "members": "Betsy Head Park; Howard Malls; Amboy Neighborhood Center; Fantasy Garden; Isabahlia Community Garden; Brownsville Community Farm; Saratoga Blake Garden" }, "geometry": { "type": "Polygon", "coordinates": [ [ [ -73.914441233861069, 40.66183447151306 ], [ -73.919873335913934, 40.663735453228412 ], [ -73.919961260589389, 40.664033829425208 ], [ -73.916417534152941, 40.665847555270709 ], [ -73.916068099673438, 40.665900168363059 ], [ -73.911642248959268, 40.665244276926067 ], [ -73.911292774052569, 40.66389157271351 ], [ -73.911890561371891, 40.66222141080727 ], [ -73.914441233861069, 40.66183447151306 ] ] ] } },
{ "type": "Feature", "properties": { "group_id": "N2-024", "n_parks": 7, "extent_km": 0.539, "max_walk_m": 721.1, "park_area_acres": 6.1, "hull_area_acres": 27.4, "boroughs": "B", "members": "Greenwood Playground; Thomas J. Cuite Park; Park; Seeley Park; Sitting Area; Captain John McKenna, IV Park; Park" }, "geometry": { "type": "Polygon", "coordinates": [ [ [ -73.976500673159578, 40.649271105638746 ], [ -73.978948682590612, 40.654283517231576 ], [ -73.978950796158074, 40.65428908551565 ], [ -73.978953310090859, 40.654296146029814 ], [ -73.978955370865137, 40.654304149302419 ], [ -73.978956710977826, 40.654310231640146 ], [ -73.978957382120825, 40.654315451160031 ], [ -73.978957893548412, 40.654320957915722 ], [ -73.978958218067206, 40.65432674559846 ], [ -73.97895793138396, 40.654335957836004 ], [ -73.978957376945559, 40.654343105138828 ], [ -73.978956056013146, 40.654351184336583 ], [ -73.978955378541727, 40.654354780877924 ], [ -73.978954619759094, 40.654357505703807 ], [ -73.978952969700373, 40.654363157047221 ], [ -73.978950984937086, 40.654369071280335 ], [ -73.978948754394949, 40.654374471273137 ], [ -73.978945058075738, 40.654382322205166 ], [ -73.97894155852461, 40.654388623383127 ], [ -73.978937496053049, 40.654395220727992 ], [ -73.978934078578874, 40.654399963125648 ], [ -73.978928614839063, 40.654406918619401 ], [ -73.978923183310528, 40.654412964596496 ], [ -73.978785226890096, 40.65455089755082 ], [ -73.978575977321981, 40.654748226892444 ], [ -73.978428784065684, 40.654884823127041 ], [ -73.978370960327368, 40.654852047855677 ], [ -73.978315640720567, 40.654816500335187 ], [ -73.978269052341517, 40.654783914437466 ], [ -73.978218858259126, 40.654745823877732 ], [ -73.978182130152817, 40.654716765335671 ], [ -73.973905158843053, 40.651080262094389 ], [ -73.973837804615798, 40.650725798614658 ], [ -73.975853277467735, 40.64955254178259 ], [ -73.975908472492492, 40.649521194633316 ], [ -73.975984950202403, 40.649480617095413 ], [ -73.976025510948432, 40.649460750233594 ], [ -73.9760616253118, 40.649443209369558 ], [ -73.976117316819654, 40.649418196463955 ], [ -73.976500673159578, 40.649271105638746 ] ] ] } },
{ "type": "Feature", "properties": { "group_id": "N2-025", "n_parks": 7, "extent_km": 0.522, "max_walk_m": 185.9, "park_area_acres": 22.4, "hull_area_acres": 189.24, "boroughs": "B", "members": "Pierrepont Playground; Brooklyn Heights Promenade; Brooklyn Heights Promenade; Brooklyn Heights Promenade; Brooklyn Heights Promenade; Brooklyn Heights Promenade; Brooklyn Bridge Park" }, "geometry": { "type": "Polygon", "coordinates": [ [ [ -74.000208557188998, 40.691994351047867 ], [ -74.001735845502779, 40.692416997513945 ], [ -74.002291466584737, 40.692609755194773 ], [ -74.004003933657685, 40.693225185509171 ], [ -74.002955887718187, 40.694829963376414 ], [ -74.002767308386922, 40.695118707545191 ], [ -74.001420280899197, 40.697142730319136 ], [ -74.001182662514935, 40.697499393547055 ], [ -73.996205858887649, 40.703373457239188 ], [ -73.994340981018084, 40.704427122454319 ], [ -73.993863918092629, 40.704551811659243 ], [ -73.990402939000703, 40.705245539923681 ], [ -73.990179142884372, 40.705279453220072 ], [ -73.989963825157886, 40.705312080890387 ], [ -73.989453581217717, 40.705388122186775 ], [ -73.987397233494505, 40.704964477796146 ], [ -73.987423873338074, 40.704499792438654 ], [ -74.000208557188998, 40.691994351047867 ] ] ] } },
{ "type": "Feature", "properties": { "group_id": "N2-026", "n_parks": 7, "extent_km": 0.631, "max_walk_m": 595.7, "park_area_acres": 7.0, "hull_area_acres": 33.06, "boroughs": "B", "members": "Anchorage Plaza; Clumber Corner; Bar and Grill Park; Susan Smith McKinney Steward Park; Bridge Park 3; Maritcha R. Lyons Park; Vinegar Hill Community Garden" }, "geometry": { "type": "Polygon", "coordinates": [ [ [ -73.984358519894641, 40.699919439585393 ], [ -73.98435952798755, 40.699919467638239 ], [ -73.984463896908323, 40.699925154999839 ], [ -73.984537428938324, 40.699930600392996 ], [ -73.984594613894757, 40.699935083606391 ], [ -73.984991358326539, 40.699991175794231 ], [ -73.990672126608487, 40.700814366210047 ], [ -73.990846527293897, 40.700869733783463 ], [ -73.992801162536225, 40.702310028003083 ], [ -73.992806076169728, 40.702314069807308 ], [ -73.992809530938928, 40.702317256934521 ], [ -73.992812741941833, 40.702320588128316 ], [ -73.9928166852429, 40.702325208000104 ], [ -73.992820189529382, 40.702330072783603 ], [ -73.992823211011725, 40.702335265323178 ], [ -73.992825749709326, 40.702340604616033 ], [ -73.99282779379233, 40.702346064546539 ], [ -73.992829012101197, 40.702350223186038 ], [ -73.992829910925565, 40.702354426831143 ], [ -73.992830680619491, 40.702360074889242 ], [ -73.992830934562619, 40.702364328922854 ], [ -73.992830860742558, 40.702368588339148 ], [ -73.992830528972775, 40.702372840535276 ], [ -73.992829874175683, 40.702377070198487 ], [ -73.992828573172602, 40.702382661395248 ], [ -73.992826763376613, 40.702388170613744 ], [ -73.992824453073524, 40.702393569938579 ], [ -73.99282241389065, 40.702397537466481 ], [ -73.992820076536731, 40.702401405919431 ], [ -73.992817506089708, 40.702405188809166 ], [ -73.992814650489763, 40.702408851912992 ], [ -73.992810478992112, 40.702413559528246 ], [ -73.992807085038066, 40.702416946141142 ], [ -73.992803437882699, 40.702420178750536 ], [ -73.992799597870032, 40.702423278072033 ], [ -73.99279552832347, 40.702426202679725 ], [ -73.992791286036649, 40.702428979592511 ], [ -73.992786837883031, 40.702431563782767 ], [ -73.992782235922292, 40.702433990373592 ], [ -73.992777458861624, 40.702436206233436 ], [ -73.992772550476872, 40.702438254589708 ], [ -73.992753563164641, 40.702444887466399 ], [ -73.992734294285981, 40.702451032244724 ], [ -73.992714768689709, 40.702456687125185 ], [ -73.992695004126162, 40.702461843103613 ], [ -73.992675025444711, 40.702466495678905 ], [ -73.992654855128634, 40.702470636747819 ], [ -73.992634513293936, 40.702474264510506 ], [ -73.992614024790058, 40.702477374465865 ], [ -73.992593409733502, 40.702479961212077 ], [ -73.992572692973098, 40.7024820256512 ], [ -73.992551032022433, 40.702483613654735 ], [ -73.992530179314457, 40.702484519118727 ], [ -73.98253901693532, 40.701588275158116 ], [ -73.982547234925335, 40.701437772945368 ], [ -73.984358519894641, 40.699919439585393 ] ] ] } },
{ "type": "Feature", "properties": { "group_id": "N2-027", "n_parks": 7, "extent_km": 0.505, "max_walk_m": 447.2, "park_area_acres": 8.59, "hull_area_acres": 49.25, "boroughs": "M", "members": "Ahearn Park; Corlears Hook Park; Luther Gulick Park; Vladeck Park; Sidney Hillman Playground; Henry M. Jackson Playground; Sol Lain Plgd" }, "geometry": { "type": "Polygon", "coordinates": [ [ [ -73.980439221371412, 40.711075446997931 ], [ -73.982008102586391, 40.711490281849301 ], [ -73.984280593033148, 40.713971506905338 ], [ -73.984333507850167, 40.71444592282478 ], [ -73.982499670925321, 40.716299007003727 ], [ -73.981017389373477, 40.715851736355596 ], [ -73.979439419481977, 40.715375560983681 ], [ -73.977985738604104, 40.712313045935652 ], [ -73.977993599273645, 40.712301409238677 ], [ -73.978023239857365, 40.712257531214824 ], [ -73.978043669366073, 40.712232745855161 ], [ -73.978147809189309, 40.712106403309186 ], [ -73.978287920152738, 40.711969124450931 ], [ -73.978446805887202, 40.711830976341467 ], [ -73.978542022746851, 40.711755271982888 ], [ -73.978704706504246, 40.711638499645368 ], [ -73.978785252747784, 40.711589916653494 ], [ -73.978852692336574, 40.711549241284494 ], [ -73.978966530291956, 40.711485883292468 ], [ -73.979194417695624, 40.711377130396535 ], [ -73.9792901620945, 40.711339356825512 ], [ -73.979403954517437, 40.711294463364901 ], [ -73.97949816414102, 40.711263235158896 ], [ -73.979573627642523, 40.71123822157795 ], [ -73.979793174362541, 40.71117799003779 ], [ -73.97997171728413, 40.711139005708489 ], [ -73.980148287378597, 40.711107522917501 ], [ -73.980304139290766, 40.711088042823334 ], [ -73.980439221371412, 40.711075446997931 ] ] ] } },
{ "type": "Feature", "properties": { "group_id": "N2-028", "n_parks": 7, "extent_km": 0.736, "max_walk_m": 723.8, "park_area_acres": 6.96, "hull_area_acres": 74.64, "boroughs": "M", "members": "Allen Street Malls (1/3); Sophie Irene Loeb; Seward Park; Captain Jacob Joseph Playground; Little Flower Playground; Tanahey Playground; Straus Square" }, "geometry": { "type": "Polygon", "coordinates": [ [ [ -73.996011026247785, 40.709863345652053 ], [ -73.996097621018933, 40.71018556583364 ], [ -73.994421254470041, 40.713605316732718 ], [ -73.991649596493232, 40.716825304758409 ], [ -73.991568073433385, 40.716802013756684 ], [ -73.988247062745089, 40.715026634535072 ], [ -73.987714667442603, 40.712730620361192 ], [ -73.987643834186059, 40.712236198224296 ], [ -73.994280248671018, 40.710133324183296 ], [ -73.996011026247785, 40.709863345652053 ] ] ] } },
{ "type": "Feature", "properties": { "group_id": "N2-029", "n_parks": 7, "extent_km": 0.554, "max_walk_m": 540.1, "park_area_acres": 8.35, "hull_area_acres": 45.55, "boroughs": "M", "members": "Brigadier General Charles Young Triangle; Adam Clayton Powell Jr. Malls (4/9); Bill Bojangles Robinson Playground; Percy E. Sutton Playground; Frederick Johnson Playground; Holcombe Rucker Park; Bradhurst Gardens Association" }, "geometry": { "type": "Polygon", "coordinates": [ [ [ -73.937370589796288, 40.823941166612549 ], [ -73.937405493059558, 40.823955887569213 ], [ -73.939202767794157, 40.827294384869639 ], [ -73.939160012221166, 40.827352759445787 ], [ -73.936065455835902, 40.830461722471277 ], [ -73.936022071584574, 40.830485883003682 ], [ -73.935973864404389, 40.830504017431686 ], [ -73.935922270510602, 40.830515586250378 ], [ -73.935868826706781, 40.830520244519782 ], [ -73.935815122949492, 40.830517853545516 ], [ -73.935762760848036, 40.830508485358429 ], [ -73.93571329913155, 40.830492418181642 ], [ -73.935668210973461, 40.830470130102945 ], [ -73.935628840137838, 40.830442285542162 ], [ -73.935579851225185, 40.830402045685766 ], [ -73.935536469842162, 40.830358250186862 ], [ -73.935499138939534, 40.830311347745862 ], [ -73.935468242156958, 40.830261818547079 ], [ -73.935444096712587, 40.830210171552885 ], [ -73.935426948672273, 40.830156933694781 ], [ -73.934858519953224, 40.827097619178446 ], [ -73.934773528134457, 40.826531870868727 ], [ -73.934664602504412, 40.825205197247513 ], [ -73.934623727217883, 40.824634501096106 ], [ -73.934630602676464, 40.824017935479525 ], [ -73.937370589796288, 40.823941166612549 ] ] ] } },
{ "type": "Feature", "properties": { "group_id": "N2-030", "n_parks": 7, "extent_km": 0.659, "max_walk_m": 646.5, "park_area_acres": 30.97, "hull_area_acres": 125.25, "boroughs": "M", "members": "Morningside Park; Lafayette Square; Adam Clayton Powell Jr. Malls (1/9); Samuel Marx Triangle; Garden Of Love; Luigi's Garden of Love; Electric Ladybug Garden" }, "geometry": { "type": "Polygon", "coordinates": [ [ [ -73.95520443357691, 40.799545361045048 ], [ -73.955211141543373, 40.79954748072555 ], [ -73.955211482746634, 40.799547588918031 ], [ -73.959674135868198, 40.801338688688261 ], [ -73.960889690236016, 40.80185198943331 ], [ -73.959675039475542, 40.805431856657947 ], [ -73.957154284600691, 40.810207102170239 ], [ -73.956773813247466, 40.810736585203827 ], [ -73.955164509309569, 40.810057024079896 ], [ -73.952753716866596, 40.802888185295927 ], [ -73.952720662912796, 40.802622161667074 ], [ -73.952715076956835, 40.802498252524252 ], [ -73.9527158661502, 40.802494975932348 ], [ -73.952717352045056, 40.802491841905002 ], [ -73.95271949428988, 40.802488935072574 ], [ -73.955191468151995, 40.799547848587949 ], [ -73.955196024565168, 40.799545879165976 ], [ -73.95520443357691, 40.799545361045048 ] ] ] } },
{ "type": "Feature", "properties": { "group_id": "N2-031", "n_parks": 7, "extent_km": 0.562, "max_walk_m": 674.0, "park_area_acres": 1.91, "hull_area_acres": 38.51, "boroughs": "M", "members": "Harlem Art Park; Eugene McCabe Field; Dr. Ronald E. McNair Playground; 117th St Community Garden; Jackie Robinson Community Garden; Peaceful Valley Garden; Carolina Garden" }, "geometry": { "type": "Polygon", "coordinates": [ [ [ -73.940617982963474, 40.79867844779276 ], [ -73.940727121622061, 40.798724512288089 ], [ -73.944324778611943, 40.800484686970172 ], [ -73.944280098502958, 40.800546457641744 ], [ -73.941725239378584, 40.802729183920782 ], [ -73.939724779925271, 40.803223860150716 ], [ -73.9381060532193, 40.802876200443258 ], [ -73.938030261393081, 40.802844220826657 ], [ -73.937785939803632, 40.802741129774269 ], [ -73.937781227488529, 40.802614972722864 ], [ -73.938470033712619, 40.801057469047834 ], [ -73.938650040588385, 40.80081340632438 ], [ -73.940617982963474, 40.79867844779276 ] ] ] } },
{ "type": "Feature", "properties": { "group_id": "N2-032", "n_parks": 7, "extent_km": 0.321, "max_walk_m": 426.2, "park_area_acres": 1.25, "hull_area_acres": 14.56, "boroughs": "M", "members": "Peter Minuit Playground; Family Community Garden; 110th Street Block Association Garden; Pueblo Unido Garden; Diversity Edible Farm; Mission Garden; Villa Santruce" }, "geometry": { "type": "Polygon", "coordinates": [ [ [ -73.947133320074585, 40.794406069451099 ], [ -73.947689901062517, 40.794642437220269 ], [ -73.947473144853731, 40.796183522747668 ], [ -73.946952142375864, 40.79689398922433 ], [ -73.945735722070026, 40.796643512679445 ], [ -73.945530897636914, 40.796556824908869 ], [ -73.943663360495307, 40.795231597135668 ], [ -73.943843762121006, 40.794983997227682 ], [ -73.947133320074585, 40.794406069451099 ] ] ] } },
{ "type": "Feature", "properties": { "group_id": "N2-033", "n_parks": 7, "extent_km": 0.564, "max_walk_m": 577.5, "park_area_acres": 1.16, "hull_area_acres": 15.85, "boroughs": "M", "members": "Wald Playground; Gustave Hartman Square; Brisas Del Caribe; Kenkeleba House Garden; Peachtree Garden; Los Amigos Garden; Allied Productions/Le Petit Versailles" }, "geometry": { "type": "Polygon", "coordinates": [ [ [ -73.976795317749293, 40.719396339231658 ], [ -73.977213380864413, 40.719476792334135 ], [ -73.981888061450022, 40.721070621606707 ], [ -73.982868444920925, 40.721863604588734 ], [ -73.982876114128146, 40.722225068437773 ], [ -73.982696068934274, 40.722471793716608 ], [ -73.981976088571997, 40.722650859421222 ], [ -73.981899832000167, 40.722618705575798 ], [ -73.981343094034514, 40.722383949350956 ], [ -73.976621962185177, 40.719904010683138 ], [ -73.976611716049007, 40.719893804025489 ], [ -73.976601404130847, 40.719882188055784 ], [ -73.976598683167595, 40.719868523167555 ], [ -73.976600707496203, 40.71985382906059 ], [ -73.976757678038439, 40.719413589910012 ], [ -73.976759866857904, 40.719409007657376 ], [ -73.976763560895691, 40.719405203748998 ], [ -73.976770855014863, 40.719402293872605 ], [ -73.976795317749293, 40.719396339231658 ] ] ] } },
{ "type": "Feature", "properties": { "group_id": "N2-034", "n_parks": 7, "extent_km": 0.61, "max_walk_m": 508.3, "park_area_acres": 5.07, "hull_area_acres": 39.65, "boroughs": "X", "members": "Crotona Parkway Malls (2/3); Admiral Farragut Playground; Prospect Playground; Fairmount Playground; Park; Park; Miracle Garden" }, "geometry": { "type": "Polygon", "coordinates": [ [ [ -73.886313191102374, 40.839225864114923 ], [ -73.886321437769439, 40.839226461166191 ], [ -73.886327871626818, 40.8392276840747 ], [ -73.886333253040149, 40.839229336381869 ], [ -73.886448423810862, 40.839273354314265 ], [ -73.8919221760856, 40.842728775880417 ], [ -73.892814973018034, 40.843307519535045 ], [ -73.890959239592789, 40.843737440704679 ], [ -73.885404038463733, 40.843112274174011 ], [ -73.88537442745212, 40.843107854228428 ], [ -73.885371648296157, 40.843106886351222 ], [ -73.885366882747888, 40.843104802375741 ], [ -73.885361536451455, 40.843101870458497 ], [ -73.885355800507114, 40.843097979128103 ], [ -73.885352097947901, 40.843094891257721 ], [ -73.88534878592651, 40.843091558841181 ], [ -73.88534583707731, 40.843088035880903 ], [ -73.88534332610628, 40.843084320650192 ], [ -73.885340535902927, 40.843078877094754 ], [ -73.885338586762799, 40.843073226361348 ], [ -73.885337591221173, 40.843067433397373 ], [ -73.885337476784969, 40.843061591782082 ], [ -73.885380053577876, 40.842479598275951 ], [ -73.885530612382311, 40.841734497422806 ], [ -73.885656368789668, 40.841113324673138 ], [ -73.885873739362566, 40.840114224953105 ], [ -73.885932846653319, 40.839872390023935 ], [ -73.885947682076676, 40.839826123804485 ], [ -73.885963543481338, 40.839782409696753 ], [ -73.885981240820101, 40.839739103524202 ], [ -73.886000756225513, 40.839696251193637 ], [ -73.886022069468169, 40.839653893206282 ], [ -73.886045155562115, 40.839612078163206 ], [ -73.886069995468674, 40.839570843865296 ], [ -73.886246890721949, 40.83928407242103 ], [ -73.886273010141281, 40.839241912730749 ], [ -73.886276575545097, 40.839238432234531 ], [ -73.886283837231773, 40.839233286766941 ], [ -73.886290824367848, 40.839229911399578 ], [ -73.886297688575723, 40.839227698448511 ], [ -73.886304933092489, 40.83922635394827 ], [ -73.886313191102374, 40.839225864114923 ] ] ] } },
{ "type": "Feature", "properties": { "group_id": "N2-035", "n_parks": 7, "extent_km": 0.552, "max_walk_m": 615.1, "park_area_acres": 1.92, "hull_area_acres": 25.55, "boroughs": "X", "members": "Hines Park; McKinley Square; Beatty Plaza; Youth Village; Estella Diggs Park; Garden; Genesis Community Garden" }, "geometry": { "type": "Polygon", "coordinates": [ [ [ -73.90626014110309, 40.827976444702088 ], [ -73.90634323320991, 40.827994342026898 ], [ -73.906642651510793, 40.828911529659031 ], [ -73.90647249699758, 40.829342129354416 ], [ -73.901863149493522, 40.831617333649135 ], [ -73.901851599798761, 40.831621343630466 ], [ -73.901839329163479, 40.831623827558332 ], [ -73.901826683876024, 40.831624714588202 ], [ -73.901814022011266, 40.83162398071142 ], [ -73.901556834389467, 40.831542066748121 ], [ -73.900508250750562, 40.831176666292457 ], [ -73.900504924838117, 40.831175377516033 ], [ -73.900501939796328, 40.831173675706395 ], [ -73.90049938328319, 40.831171609565828 ], [ -73.90049733226779, 40.831169240394452 ], [ -73.900495845919735, 40.831166640282987 ], [ -73.900494967992515, 40.831163884010337 ], [ -73.900494726815353, 40.831161054446461 ], [ -73.900495127005073, 40.831158235341384 ], [ -73.900496158952024, 40.831155510432929 ], [ -73.900497790525051, 40.831152960737839 ], [ -73.902892095989813, 40.828472500795996 ], [ -73.90626014110309, 40.827976444702088 ] ] ] } },
{ "type": "Feature", "properties": { "group_id": "N2-036", "n_parks": 6, "extent_km": 0.812, "max_walk_m": 737.9, "park_area_acres": 16.57, "hull_area_acres": 58.17, "boroughs": "B", "members": "Commodore Barry Park; Trinity Park; Arbor Place; Park; Golconda Playground; Oxport Playground" }, "geometry": { "type": "Polygon", "coordinates": [ [ [ -73.980418734214595, 40.695883799397073 ], [ -73.980428634129183, 40.695885954206567 ], [ -73.98042871930997, 40.695885973131816 ], [ -73.980795222429037, 40.695994585359948 ], [ -73.985962338405926, 40.69772962222914 ], [ -73.98617186582554, 40.6981523669944 ], [ -73.986112920529195, 40.699812213727775 ], [ -73.986032512084961, 40.699810411978845 ], [ -73.983115351213158, 40.699680263506728 ], [ -73.975867585458843, 40.697947561648974 ], [ -73.975802782544022, 40.69762190385746 ], [ -73.976067542054281, 40.69711945257275 ], [ -73.977460174278335, 40.696464920676881 ], [ -73.980418734214595, 40.695883799397073 ] ] ] } },
{ "type": "Feature", "properties": { "group_id": "N2-037", "n_parks": 6, "extent_km": 0.949, "max_walk_m": 511.4, "park_area_acres": 1.19, "hull_area_acres": 38.75, "boroughs": "B", "members": "Eastern Parkway Extension (1/6); Eastern Parkway Extension (2/6); Eastern Parkway Extension (4/6); Howard Pool; Park; Park" }, "geometry": { "type": "Polygon", "coordinates": [ [ [ -73.918571818210694, 40.670044193908282 ], [ -73.918574241426441, 40.670044282072922 ], [ -73.918576609864971, 40.670044676374111 ], [ -73.918578858490633, 40.670045366860165 ], [ -73.918580924645411, 40.670046333675366 ], [ -73.918582749228037, 40.670047549762494 ], [ -73.918584281423733, 40.670048981766399 ], [ -73.918585477524758, 40.670050587332049 ], [ -73.918586303286105, 40.670052323210385 ], [ -73.918586737479828, 40.670054139858053 ], [ -73.918586767157876, 40.670055986836942 ], [ -73.91858639002082, 40.670057810114635 ], [ -73.918585619137531, 40.670059561072335 ], [ -73.918584473493596, 40.670061188394186 ], [ -73.908113896235122, 40.676022714592094 ], [ -73.908105711984717, 40.676026519936805 ], [ -73.908097783581283, 40.67602576887802 ], [ -73.908091964058841, 40.676021611953544 ], [ -73.908090023673267, 40.676016044318615 ], [ -73.908132799683287, 40.675549545819244 ], [ -73.908524813214257, 40.672630531963499 ], [ -73.918567086554276, 40.670044941589339 ], [ -73.918569411173223, 40.670044416433029 ], [ -73.918571818210694, 40.670044193908282 ] ] ] } },
{ "type": "Feature", "properties": { "group_id": "N2-038", "n_parks": 6, "extent_km": 0.565, "max_walk_m": 570.1, "park_area_acres": 7.29, "hull_area_acres": 57.95, "boroughs": "B", "members": "Eastern Parkway Extension (3/6); Eastern Parkway Extension (5/6); Rudd Playground; Callahan-Kelly Playground; Thomas Boyland Park; Hull Street Garden" }, "geometry": { "type": "Polygon", "coordinates": [ [ [ -73.908072526534482, 40.676351630763349 ], [ -73.908078563005617, 40.676353731085179 ], [ -73.908081892938029, 40.676357763551167 ], [ -73.908371465969594, 40.681837052464928 ], [ -73.90810057122637, 40.682115100848826 ], [ -73.907937004606666, 40.68228298450876 ], [ -73.905768183011688, 40.684053120803952 ], [ -73.905300484503755, 40.683772759707495 ], [ -73.904813226746057, 40.683318349788919 ], [ -73.904103297770646, 40.681422177057136 ], [ -73.90365221968662, 40.67837839037481 ], [ -73.904341588044332, 40.678023147747375 ], [ -73.908065409665852, 40.676352469760182 ], [ -73.908072526534482, 40.676351630763349 ] ] ] } },
{ "type": "Feature", "properties": { "group_id": "N2-039", "n_parks": 6, "extent_km": 1.777, "max_walk_m": 791.3, "park_area_acres": 48.3, "hull_area_acres": 193.22, "boroughs": "B", "members": "Leif Ericson Park; Owl's Head Park; Shore Park and Parkway (1/10); Shore Park and Parkway (10/10); John Allen Payne Playground; Park" }, "geometry": { "type": "Polygon", "coordinates": [ [ [ -74.010736895341424, 40.629780470202597 ], [ -74.035388138823407, 40.639803890007791 ], [ -74.03529296414618, 40.639929393918969 ], [ -74.035190601042473, 40.640051570732339 ], [ -74.035081247964385, 40.640170180830388 ], [ -74.034965119924095, 40.640284993595124 ], [ -74.034842442581976, 40.640395784708694 ], [ -74.034713456975069, 40.640502336151989 ], [ -74.03457841479127, 40.640604440709083 ], [ -74.03443757955003, 40.64070189926516 ], [ -74.034291226601979, 40.640794520807134 ], [ -74.03413964312999, 40.640882123324083 ], [ -74.033983123421621, 40.640964537410994 ], [ -74.033821974777084, 40.641041599963685 ], [ -74.03365651278412, 40.64111316228486 ], [ -74.033487058950215, 40.641179082881003 ], [ -74.033300918324912, 40.641230678110013 ], [ -74.033111906246873, 40.64127581084314 ], [ -74.032920410474389, 40.64131439090356 ], [ -74.032726819956466, 40.641346338022075 ], [ -74.032531531928115, 40.641371588139073 ], [ -74.032334944814295, 40.641390088003313 ], [ -74.028898711242249, 40.641597302828025 ], [ -74.023891782174715, 40.640370980398316 ], [ -74.023415290117811, 40.640084026420254 ], [ -74.023239823964772, 40.639978355545487 ], [ -74.021956607328434, 40.639196627991211 ], [ -74.021953450376301, 40.639194677170117 ], [ -74.010217907148174, 40.630129759675917 ], [ -74.010736895341424, 40.629780470202597 ] ] ] } },
{ "type": "Feature", "properties": { "group_id": "N2-040", "n_parks": 6, "extent_km": 0.788, "max_walk_m": 450.9, "park_area_acres": 38.06, "hull_area_acres": 102.32, "boroughs": "B", "members": "McCarren Park; Pvt. Sonsire Triangle; Macri Triangle; Father Giorgio Triangle; Badame Sessa Triangle; Mt. Carmel Triangle" }, "geometry": { "type": "Polygon", "coordinates": [ [ [ -73.952605405774861, 40.714171397697079 ], [ -73.955882246144753, 40.721399281960139 ], [ -73.954894703607252, 40.72231772889625 ], [ -73.953242434528946, 40.722861950963939 ], [ -73.952034922805453, 40.723259658650733 ], [ -73.951779740372359, 40.723299064615915 ], [ -73.951675331051959, 40.723313863938863 ], [ -73.949889233283301, 40.722051282155753 ], [ -73.948984363387339, 40.721259637539568 ], [ -73.948253351956552, 40.717143565594405 ], [ -73.948247717002118, 40.717111826379657 ], [ -73.948247843257789, 40.717107744423565 ], [ -73.948248314949637, 40.717103858033468 ], [ -73.948249127467278, 40.717100007816995 ], [ -73.948250462243664, 40.717095737296972 ], [ -73.948252621398666, 40.717090631473965 ], [ -73.948252639177369, 40.717090598163068 ], [ -73.948254590021889, 40.717087030317892 ], [ -73.94825719444114, 40.717083112467947 ], [ -73.948261228192663, 40.717078133558708 ], [ -73.948265507595607, 40.717073824739366 ], [ -73.951783837101516, 40.71418132145353 ], [ -73.952605405774861, 40.714171397697079 ] ] ] } },
{ "type": "Feature", "properties": { "group_id": "N2-041", "n_parks": 6, "extent_km": 0.697, "max_walk_m": 632.9, "park_area_acres": 10.38, "hull_area_acres": 44.99, "boroughs": "B", "members": "Herbert Von King Park; Banneker Playground; Hattie Carthan Community Garden; Clifton Pl Memorial Park and Garden; Greene Av United Neighbors Association *; Whole Neighborhood Garden" }, "geometry": { "type": "Polygon", "coordinates": [ [ [ -73.951292594012457, 40.688010796097849 ], [ -73.954781105835792, 40.688416727757868 ], [ -73.954803269205186, 40.688527197955523 ], [ -73.95482565430143, 40.688638780368557 ], [ -73.955041134711195, 40.689717710471648 ], [ -73.955062208907208, 40.689825352563687 ], [ -73.948879379767931, 40.690819615177887 ], [ -73.948429857249693, 40.690871391342625 ], [ -73.945445345141337, 40.690466862614301 ], [ -73.945186394076131, 40.689176981015727 ], [ -73.951215136303034, 40.688019573911909 ], [ -73.951292594012457, 40.688010796097849 ] ] ] } },
{ "type": "Feature", "properties": { "group_id": "N2-042", "n_parks": 6, "extent_km": 0.989, "max_walk_m": 649.7, "park_area_acres": 48.49, "hull_area_acres": 202.53, "boroughs": "B", "members": "St. Mary's Park; St. Mary's Park; Red Hook Recreation Area; Cough Triangle; Admiral Triangle; Dimattina Playground" }, "geometry": { "type": "Polygon", "coordinates": [ [ [ -74.006970890944004, 40.669547635462116 ], [ -74.009103781573728, 40.670142883854183 ], [ -74.010891491178768, 40.672315260390519 ], [ -74.010507553538233, 40.673110691405178 ], [ -74.002843887197926, 40.680462199620756 ], [ -74.002045852300881, 40.680239802151767 ], [ -73.996973103947226, 40.676657441043041 ], [ -73.997221802842148, 40.676135753915545 ], [ -73.997530721594174, 40.675488257499566 ], [ -74.001916252429595, 40.67014326591746 ], [ -74.006970890944004, 40.669547635462116 ] ] ] } },
{ "type": "Feature", "properties": { "group_id": "N2-043", "n_parks": 6, "extent_km": 0.58, "max_walk_m": 595.5, "park_area_acres": 4.51, "hull_area_acres": 46.89, "boroughs": "B", "members": "Ocean Hill Playground; Fish Playground; Hilltop Playground; Sh'ma Yisrael; Phoenix Community Garden; Saratoga Farm" }, "geometry": { "type": "Polygon", "coordinates": [ [ [ -73.911629489232908, 40.674098817749368 ], [ -73.912797382946522, 40.67416248019844 ], [ -73.916163076270294, 40.675432639179654 ], [ -73.916257144935642, 40.678829602708234 ], [ -73.915882213943632, 40.678872529616974 ], [ -73.915811034389193, 40.678880678546413 ], [ -73.911187175489943, 40.678661552478808 ], [ -73.911133623272363, 40.678399974568677 ], [ -73.911629489232908, 40.674098817749368 ] ] ] } },
{ "type": "Feature", "properties": { "group_id": "N2-044", "n_parks": 6, "extent_km": 0.684, "max_walk_m": 623.7, "park_area_acres": 4.47, "hull_area_acres": 54.89, "boroughs": "B", "members": "P.S. 125 Playground; Dr. Green Playground; Chester Playground; Carter G. Woodson Children's Park; Jes Good Rewards Childeren's Garden; Student Farm Project" }, "geometry": { "type": "Polygon", "coordinates": [ [ [ -73.909372438634634, 40.665031521933173 ], [ -73.913796222784285, 40.666717555628686 ], [ -73.913859693929041, 40.666966983124411 ], [ -73.912398677164049, 40.668960513105198 ], [ -73.911998569178579, 40.669060902538895 ], [ -73.911638363050827, 40.669115938831879 ], [ -73.905789017093383, 40.669022626299046 ], [ -73.905514008321163, 40.667940254147624 ], [ -73.906347677860595, 40.666916637361254 ], [ -73.908729531659716, 40.665127357196766 ], [ -73.909372438634634, 40.665031521933173 ] ] ] } },
{ "type": "Feature", "properties": { "group_id": "N2-045", "n_parks": 6, "extent_km": 0.772, "max_walk_m": 783.4, "park_area_acres": 12.35, "hull_area_acres": 66.3, "boroughs": "B", "members": "St. John's Park; Woods Playground; Harmony Park; Neighborhood Community Garden; Imani II Community Garden; Kingsborough Houses Bergen Playground" }, "geometry": { "type": "Polygon", "coordinates": [ [ [ -73.933629787349332, 40.673515418231489 ], [ -73.933816773192703, 40.673525545080402 ], [ -73.936110981980818, 40.673649773092151 ], [ -73.935710840341741, 40.677872781163664 ], [ -73.935683581222747, 40.678146020842718 ], [ -73.933857439099057, 40.678046059510507 ], [ -73.93314833813713, 40.678005288619232 ], [ -73.926776793017254, 40.675250104466222 ], [ -73.926807747771051, 40.674922225868563 ], [ -73.928865417862909, 40.674148236789534 ], [ -73.933629787349332, 40.673515418231489 ] ] ] } },
{ "type": "Feature", "properties": { "group_id": "N2-046", "n_parks": 6, "extent_km": 0.553, "max_walk_m": 486.6, "park_area_acres": 3.59, "hull_area_acres": 46.15, "boroughs": "M", "members": "Abingdon Square; Jackson Square; Corporal John A. Seravalli Playground; Bleecker Playground; The High Line (4/4); Jane Street Garden" }, "geometry": { "type": "Polygon", "coordinates": [ [ [ -74.005419492758222, 40.735996145325707 ], [ -74.00575651497239, 40.736212139166319 ], [ -74.008320080722243, 40.739427177967777 ], [ -74.008255387652341, 40.740294322494364 ], [ -74.0077987899475, 40.742438836278218 ], [ -74.007643917234518, 40.742655980187607 ], [ -74.007445601129859, 40.742618221487099 ], [ -74.002795912468912, 40.739148941062311 ], [ -74.002573863804415, 40.73881065533493 ], [ -74.005237578710364, 40.736021606594555 ], [ -74.005419492758222, 40.735996145325707 ] ] ] } },
{ "type": "Feature", "properties": { "group_id": "N2-047", "n_parks": 6, "extent_km": 0.622, "max_walk_m": 368.7, "park_area_acres": 7.81, "hull_area_acres": 38.83, "boroughs": "M", "members": "Dante Park; Richard Tucker Park; Broadway Malls (2/11); Broadway Malls (5/11); Damrosch Park; Lincoln Center Plaza" }, "geometry": { "type": "Polygon", "coordinates": [ [ [ -73.982084233896515, 40.76852780999517 ], [ -73.98209305430747, 40.768528075213858 ], [ -73.982098466939505, 40.768528941438923 ], [ -73.982104772326807, 40.76853095504385 ], [ -73.982109275014849, 40.768532933248878 ], [ -73.982113920767475, 40.768535850701149 ], [ -73.982117931531604, 40.768539259729636 ], [ -73.986010670841424, 40.772325875033566 ], [ -73.985618724916748, 40.772842321077569 ], [ -73.982169527557033, 40.776229289803126 ], [ -73.982164438819694, 40.776233036907009 ], [ -73.982162314607407, 40.776234066753076 ], [ -73.982158649068154, 40.776235841076002 ], [ -73.982151535255895, 40.776237560834602 ], [ -73.982144502405788, 40.776237745248579 ], [ -73.982138890152385, 40.776236827667248 ], [ -73.982132701210318, 40.776235174285695 ], [ -73.982126187955586, 40.776232553713811 ], [ -73.982124637585756, 40.776231681786868 ], [ -73.982120258886766, 40.776229219133697 ], [ -73.982120020835069, 40.776229043498759 ], [ -73.982116155165542, 40.776226172096912 ], [ -73.982112392774866, 40.776222478552135 ], [ -73.982108460185543, 40.776217373893402 ], [ -73.982108234050799, 40.776216933512565 ], [ -73.982106279349281, 40.776213117779939 ], [ -73.982105718384801, 40.776211174408424 ], [ -73.982104410651942, 40.776206641976209 ], [ -73.981783159603395, 40.773596154121691 ], [ -73.982042619977577, 40.768646427748301 ], [ -73.982048825973962, 40.768555820049677 ], [ -73.982049929057169, 40.768550036287266 ], [ -73.982053310056159, 40.768543331664596 ], [ -73.982058256587763, 40.76853769978527 ], [ -73.982063907406143, 40.768533742051552 ], [ -73.982074977107217, 40.768529426760239 ], [ -73.982084233896515, 40.76852780999517 ] ] ] } },
{ "type": "Feature", "properties": { "group_id": "N2-048", "n_parks": 6, "extent_km": 0.819, "max_walk_m": 654.3, "park_area_acres": 20.23, "hull_area_acres": 76.07, "boroughs": "M", "members": "Marcus Garvey Park; Adam Clayton Powell Jr. Malls (3/9); New 123rd St Block Association Garden; Joseph Daniel Wilson Garden; W 124th Street Community Garden; Our Little Green Acre Garden" }, "geometry": { "type": "Polygon", "coordinates": [ [ [ -73.943131339336858, 40.802730471482725 ], [ -73.945911648483715, 40.803907277534634 ], [ -73.950146181660443, 40.806480639484249 ], [ -73.950152310611969, 40.8064843873073 ], [ -73.952156199656244, 40.808138407061378 ], [ -73.952106885752343, 40.808206290447472 ], [ -73.952014394479193, 40.808333607633429 ], [ -73.947903176753812, 40.809576560839346 ], [ -73.947895106065886, 40.809577709829412 ], [ -73.947888351381494, 40.809576744144096 ], [ -73.947882051128758, 40.809573609364342 ], [ -73.941427272731616, 40.805063722846569 ], [ -73.943131339336858, 40.802730471482725 ] ] ] } },
{ "type": "Feature", "properties": { "group_id": "N2-049", "n_parks": 6, "extent_km": 0.515, "max_walk_m": 559.3, "park_area_acres": 1.74, "hull_area_acres": 26.55, "boroughs": "M", "members": "Adam Clayton Powell Jr. Malls (6/9); St. Nicholas Playground South; Langston Hughes Playground; William B. Washington Memorial Garden; CEP Community Garden; Harlem Grown 127th Street Learning Annex" }, "geometry": { "type": "Polygon", "coordinates": [ [ [ -73.946110210518327, 40.809326311357047 ], [ -73.947781310655913, 40.809715946910423 ], [ -73.950783094506818, 40.810972466853862 ], [ -73.951110067754101, 40.811110256953221 ], [ -73.9515561700332, 40.811298247656438 ], [ -73.951715390313367, 40.811365343892696 ], [ -73.95158263117753, 40.81154687176582 ], [ -73.946785336736198, 40.812530208749429 ], [ -73.945625179089205, 40.812694492697354 ], [ -73.945617956948766, 40.812695216893026 ], [ -73.945612175051053, 40.812694246130867 ], [ -73.94560754472343, 40.812692393424122 ], [ -73.94560317285837, 40.812688987480925 ], [ -73.945599947177087, 40.812684039526189 ], [ -73.945599392276392, 40.81267850570719 ], [ -73.945932058965582, 40.809569219218851 ], [ -73.946110210518327, 40.809326311357047 ] ] ] } },
{ "type": "Feature", "properties": { "group_id": "N2-050", "n_parks": 6, "extent_km": 0.839, "max_walk_m": 753.2, "park_area_acres": 7.25, "hull_area_acres": 30.77, "boroughs": "M", "members": "Alice Kornegay Triangle; Park; Harlem River Park; Harlem River Park; Edward P. Bowman Park; Harlem Rose Garden" }, "geometry": { "type": "Polygon", "coordinates": [ [ [ -73.933037420863172, 40.805179852209712 ], [ -73.93581772936048, 40.806349872893335 ], [ -73.943027132240744, 40.809635551226108 ], [ -73.943020047255914, 40.80965500478419 ], [ -73.942841386164218, 40.809901593349274 ], [ -73.934600875967263, 40.808026694120777 ], [ -73.932590416087166, 40.805569028548241 ], [ -73.933037420863172, 40.805179852209712 ] ] ] } },
{ "type": "Feature", "properties": { "group_id": "N2-051", "n_parks": 6, "extent_km": 0.692, "max_walk_m": 508.2, "park_area_acres": 41.56, "hull_area_acres": 126.04, "boroughs": "Q", "members": "Bayswater Park; Rockaway Freeway (13/16); Rockaway Freeway (2/16); Rockaway Freeway (9/16); Garden; Culinary Kids Garden" }, "geometry": { "type": "Polygon", "coordinates": [ [ [ -73.770199560579883, 40.594315336043792 ], [ -73.773242964040094, 40.598806675579276 ], [ -73.773262412596281, 40.598849846417259 ], [ -73.771751190614779, 40.603069057529076 ], [ -73.770682420665437, 40.6029345717008 ], [ -73.763520528961465, 40.598362114891806 ], [ -73.763374998586059, 40.598233100538565 ], [ -73.763360619231733, 40.598220353038904 ], [ -73.763451603272486, 40.595462905161199 ], [ -73.770199560579883, 40.594315336043792 ] ] ] } },
{ "type": "Feature", "properties": { "group_id": "N2-052", "n_parks": 6, "extent_km": 0.868, "max_walk_m": 793.0, "park_area_acres": 5.94, "hull_area_acres": 56.59, "boroughs": "Q", "members": "Lawrence Virgilio Playground; Doughboy Park; Sabba Park; Sohncke Square; Steinmann Triangle; John Vincent Daniels Jr. Square" }, "geometry": { "type": "Polygon", "coordinates": [ [ [ -73.915102773602712, 40.742728651550713 ], [ -73.915761243397384, 40.742735004556764 ], [ -73.91603307143167, 40.742765925663932 ], [ -73.916285487045457, 40.742796046778288 ], [ -73.916494730854154, 40.742821015761059 ], [ -73.916484913716957, 40.742855638551283 ], [ -73.911856052118523, 40.747914283822581 ], [ -73.910000203445378, 40.747710245446463 ], [ -73.906101440804619, 40.745487060196012 ], [ -73.906099096669578, 40.745473452523676 ], [ -73.915098403542387, 40.742729583956397 ], [ -73.915102773602712, 40.742728651550713 ] ] ] } },
{ "type": "Feature", "properties": { "group_id": "N2-053", "n_parks": 6, "extent_km": 0.777, "max_walk_m": 754.4, "park_area_acres": 6.38, "hull_area_acres": 68.72, "boroughs": "Q", "members": "Gorman Playground; One Room Schoolhouse Park; O'Sullivan Plaza; Laguardia Landing Lights; LaGuardia Landing Lights; Planeview Park" }, "geometry": { "type": "Polygon", "coordinates": [ [ [ -73.884461453081343, 40.761527818510487 ], [ -73.888085491191163, 40.765897305877445 ], [ -73.888139614573035, 40.766204536764526 ], [ -73.88488433118431, 40.76736754392131 ], [ -73.883874836220983, 40.767685091525799 ], [ -73.879342358105689, 40.763517231242808 ], [ -73.879300424186837, 40.763281830413028 ], [ -73.879535886333741, 40.76310986966871 ], [ -73.879569297732061, 40.7630856296838 ], [ -73.883717462003233, 40.761609165421433 ], [ -73.884461453081343, 40.761527818510487 ] ] ] } },
{ "type": "Feature", "properties": { "group_id": "N2-054", "n_parks": 6, "extent_km": 0.66, "max_walk_m": 619.3, "park_area_acres": 60.6, "hull_area_acres": 126.07, "boroughs": "X", "members": "Macombs Dam Park; Rev. T. Wendell Foster Park and Recreation Center; Jerome Slope; Taqwa Community Farm; Sweetgum Community Garden; Woodycrest Community Garden" }, "geometry": { "type": "Polygon", "coordinates": [ [ [ -73.927232232047572, 40.825846975780472 ], [ -73.928025526616281, 40.826112240075766 ], [ -73.928162085309154, 40.826163061852682 ], [ -73.929549744531329, 40.826687673202088 ], [ -73.93052788220804, 40.827067551722415 ], [ -73.930568492683051, 40.827084976454493 ], [ -73.932012732180795, 40.82837733101848 ], [ -73.932125498551201, 40.828529157910182 ], [ -73.932211022500184, 40.828644933559474 ], [ -73.932262408093976, 40.828719570683369 ], [ -73.932293293438846, 40.828769136768699 ], [ -73.932331152460023, 40.828829894689932 ], [ -73.932351433172002, 40.828865820137935 ], [ -73.932403453331531, 40.828957971299076 ], [ -73.932451303036814, 40.829054761144661 ], [ -73.932505459393354, 40.829175340338786 ], [ -73.932561090365411, 40.829322010412561 ], [ -73.932587502037975, 40.829392668796153 ], [ -73.932625398028577, 40.829521731890402 ], [ -73.932656955526156, 40.829642250072339 ], [ -73.932678498978362, 40.829740538179792 ], [ -73.932695672530713, 40.829833079473417 ], [ -73.932714176496461, 40.829973484650935 ], [ -73.932720890732696, 40.830036214349747 ], [ -73.932726654201545, 40.830136450010237 ], [ -73.932728245058527, 40.830258522039152 ], [ -73.93272701844954, 40.830364810347319 ], [ -73.932721804324885, 40.830441158472247 ], [ -73.932701730972866, 40.830635573522983 ], [ -73.932693334816591, 40.830700189939513 ], [ -73.932684868896729, 40.830742344369078 ], [ -73.932668304022073, 40.830824825435066 ], [ -73.932639812071727, 40.830949909148487 ], [ -73.932601310972444, 40.831118932953203 ], [ -73.9325752548596, 40.83119743547023 ], [ -73.932546883773526, 40.831275473772102 ], [ -73.930639486260119, 40.833256782354887 ], [ -73.923978479858732, 40.834808373731732 ], [ -73.923313982636628, 40.834587651275733 ], [ -73.922401364238382, 40.834105176368162 ], [ -73.923662116514407, 40.831932535262155 ], [ -73.925897913929333, 40.828094837218025 ], [ -73.927232232047572, 40.825846975780472 ] ] ] } },
{ "type": "Feature", "properties": { "group_id": "N2-055", "n_parks": 6, "extent_km": 0.482, "max_walk_m": 525.7, "park_area_acres": 2.52, "hull_area_acres": 41.55, "boroughs": "X", "members": "Mount Eden Malls; Barry Plaza; Morris Mesa; Peace Park; Garden Of Eden; Garden Of Life" }, "geometry": { "type": "Polygon", "coordinates": [ [ [ -73.907972843797097, 40.84273697390234 ], [ -73.907980117013352, 40.842737127385831 ], [ -73.909811044954807, 40.842800521144135 ], [ -73.911567510492219, 40.842886384327343 ], [ -73.911594215699765, 40.842889401639717 ], [ -73.911619826585223, 40.842895890409352 ], [ -73.91164356673923, 40.842905655535716 ], [ -73.912928908277209, 40.843565205935505 ], [ -73.9129341497311, 40.84356856512931 ], [ -73.912938042167156, 40.843571627042479 ], [ -73.91294095693523, 40.843575142066079 ], [ -73.912943094114553, 40.843579351683474 ], [ -73.912944703409892, 40.843584632489225 ], [ -73.912944978817706, 40.843589833044838 ], [ -73.912944276844243, 40.843594361094979 ], [ -73.912942381105182, 40.843598655016365 ], [ -73.912938757480347, 40.843603114224813 ], [ -73.912934088778655, 40.843606981920843 ], [ -73.910318497371804, 40.845440631179166 ], [ -73.905263303490571, 40.845266215118031 ], [ -73.904914291939207, 40.845249195890986 ], [ -73.904706818364218, 40.843244269483421 ], [ -73.904706964349387, 40.843239207931411 ], [ -73.904708326780963, 40.843234250040538 ], [ -73.90470917044523, 40.843232185906444 ], [ -73.904714347848412, 40.84321952204423 ], [ -73.904862486637953, 40.842857194872074 ], [ -73.90486972022839, 40.84285189513146 ], [ -73.904876755884501, 40.842849850510483 ], [ -73.904882293693518, 40.842849628152905 ], [ -73.907965570159803, 40.842737124784854 ], [ -73.907972843797097, 40.84273697390234 ] ] ] } },
{ "type": "Feature", "properties": { "group_id": "N2-056", "n_parks": 5, "extent_km": 0.429, "max_walk_m": 369.9, "park_area_acres": 6.92, "hull_area_acres": 31.7, "boroughs": "B", "members": "Orient Grove; Cooper Park; Memorial Gore; St Nicholas-olive St Garden; Red Shed Garden" }, "geometry": { "type": "Polygon", "coordinates": [ [ [ -73.939116954168995, 40.713190258808787 ], [ -73.942476195988064, 40.71479997689525 ], [ -73.942483195640648, 40.714821279267845 ], [ -73.942471021748986, 40.714841187975495 ], [ -73.94041220701115, 40.716261698267182 ], [ -73.936368135619816, 40.716657368751676 ], [ -73.9357602233205, 40.715284284013428 ], [ -73.938935396173321, 40.713234188616781 ], [ -73.939116954168995, 40.713190258808787 ] ] ] } },
{ "type": "Feature", "properties": { "group_id": "N2-057", "n_parks": 5, "extent_km": 0.532, "max_walk_m": 336.9, "park_area_acres": 21.09, "hull_area_acres": 70.07, "boroughs": "B", "members": "McLaughlin Park; Cadman Plaza Park; Korean War Veterans Plaza; Columbus Park; Walt Whitman Park" }, "geometry": { "type": "Polygon", "coordinates": [ [ [ -73.989243479792805, 40.692434573107832 ], [ -73.989452354461349, 40.692440401650174 ], [ -73.989653863324961, 40.692446024734991 ], [ -73.990644142261729, 40.692591989897089 ], [ -73.990655385874305, 40.692595061559715 ], [ -73.990659964197633, 40.692596611714151 ], [ -73.99066588167193, 40.692598890491944 ], [ -73.990671379132095, 40.692601306113396 ], [ -73.990676974737156, 40.692604090952827 ], [ -73.990685486345228, 40.692609048065286 ], [ -73.990692917766481, 40.692614225715381 ], [ -73.990699512711615, 40.692619659043089 ], [ -73.990703309917222, 40.692623244291866 ], [ -73.990707497420743, 40.692627696765996 ], [ -73.990714160553679, 40.692636244072133 ], [ -73.990718739234183, 40.692643757420875 ], [ -73.990722442370185, 40.692651713751218 ], [ -73.990725344419459, 40.692660662382153 ], [ -73.990726906138846, 40.692668844568502 ], [ -73.991200037835966, 40.697061608685182 ], [ -73.991203598310108, 40.697094964838172 ], [ -73.991208830248397, 40.697148941952463 ], [ -73.991216411377494, 40.697243302724495 ], [ -73.991237931361596, 40.697581398138908 ], [ -73.991241111055473, 40.697658602907985 ], [ -73.991246218012307, 40.697845002148739 ], [ -73.991249234222266, 40.698086196499659 ], [ -73.991248931173757, 40.698213564036273 ], [ -73.991243328738193, 40.698421165911164 ], [ -73.991236822642193, 40.698536214863061 ], [ -73.991216194529159, 40.698745529257792 ], [ -73.991197515065835, 40.698882760491024 ], [ -73.991188030359908, 40.698937976472784 ], [ -73.991169843128091, 40.699029544563224 ], [ -73.991152980113597, 40.699092365700757 ], [ -73.991138124021361, 40.699144451984104 ], [ -73.99112140733213, 40.699200888495994 ], [ -73.991072510260594, 40.699333725568145 ], [ -73.991043309752953, 40.699405611185483 ], [ -73.990999028213409, 40.699511112635385 ], [ -73.990919148715847, 40.699693045832824 ], [ -73.990890224983659, 40.699754615163037 ], [ -73.990708728715518, 40.700134946347148 ], [ -73.990487190325425, 40.700595992220208 ], [ -73.99047367720857, 40.700617172946323 ], [ -73.9904640278084, 40.70062668785777 ], [ -73.990450503100206, 40.70063783147318 ], [ -73.990435285287717, 40.700648277949973 ], [ -73.990418682188107, 40.700656789109132 ], [ -73.990403264014574, 40.700661698316672 ], [ -73.990383891566736, 40.700666065984095 ], [ -73.99036867033918, 40.700667274099004 ], [ -73.990351222498603, 40.700666934945694 ], [ -73.990288428764458, 40.700665494248362 ], [ -73.990020296204065, 40.700499105317597 ], [ -73.989855103236152, 40.700393313129553 ], [ -73.985140607160488, 40.696725268523146 ], [ -73.985167941750149, 40.696240962917166 ], [ -73.989243479792805, 40.692434573107832 ] ] ] } },
{ "type": "Feature", "properties": { "group_id": "N2-058", "n_parks": 5, "extent_km": 0.466, "max_walk_m": 430.7, "park_area_acres": 4.57, "hull_area_acres": 24.44, "boroughs": "B", "members": "Cohn Triangle; Bedford Playground; Roberto Clemente Ballfield; Jacob's Ladder Playground; Epiphany Playground" }, "geometry": { "type": "Polygon", "coordinates": [ [ [ -73.967209245831668, 40.704407303814975 ], [ -73.967304845264906, 40.704487251416751 ], [ -73.967820253366483, 40.705674439288757 ], [ -73.968268166521682, 40.706730467311502 ], [ -73.965717108060232, 40.708814096955933 ], [ -73.965188692150832, 40.70875417955088 ], [ -73.963487996927014, 40.708559574514823 ], [ -73.963514336929563, 40.708054768897938 ], [ -73.966534960055782, 40.704846613449881 ], [ -73.967209245831668, 40.704407303814975 ] ] ] } },
{ "type": "Feature", "properties": { "group_id": "N2-059", "n_parks": 5, "extent_km": 0.726, "max_walk_m": 709.8, "park_area_acres": 0.83, "hull_area_acres": 6.28, "boroughs": "B", "members": "Alben Square; Brizzi Playground; Heffernan Triangle; Park; Park" }, "geometry": { "type": "Polygon", "coordinates": [ [ [ -73.994545130849389, 40.639374241870613 ], [ -73.994613303800648, 40.63941797696846 ], [ -73.995061314078029, 40.642379351963847 ], [ -73.99487745088534, 40.645951239103816 ], [ -73.994775143679533, 40.646047976241682 ], [ -73.994731527146484, 40.645860876342688 ], [ -73.994415182134219, 40.642997241820161 ], [ -73.994412339757616, 40.642690879972328 ], [ -73.994417541924662, 40.640169859194856 ], [ -73.99441863084364, 40.640153892153982 ], [ -73.994545130849389, 40.639374241870613 ] ] ] } },
{ "type": "Feature", "properties": { "group_id": "N2-060", "n_parks": 5, "extent_km": 0.396, "max_walk_m": 340.6, "park_area_acres": 6.11, "hull_area_acres": 24.36, "boroughs": "B", "members": "Poseidon Playground; Nautilus Playground; Surf Playground; Surfside Multi-Cultural Garden Coalition; Garden" }, "geometry": { "type": "Polygon", "coordinates": [ [ [ -73.995880204527964, 40.571545198439885 ], [ -73.996924557933795, 40.571577390683785 ], [ -73.997370691003184, 40.571628253488896 ], [ -73.997384097406425, 40.571770350282492 ], [ -73.994952414050204, 40.573863548440308 ], [ -73.994545319778538, 40.573923820846524 ], [ -73.991967768669895, 40.574045120577011 ], [ -73.991509007641113, 40.571769715955973 ], [ -73.992380428614482, 40.57169540363094 ], [ -73.995880204527964, 40.571545198439885 ] ] ] } },
{ "type": "Feature", "properties": { "group_id": "N2-061", "n_parks": 5, "extent_km": 0.245, "max_walk_m": 120.9, "park_area_acres": 3.46, "hull_area_acres": 14.4, "boroughs": "B", "members": "Purple Playground; Park; Park; Detective Joseph Mayrose Park; Slope Park Playground" }, "geometry": { "type": "Polygon", "coordinates": [ [ [ -73.987212640351331, 40.660592066658104 ], [ -73.989582034389443, 40.660957738815512 ], [ -73.989890115177658, 40.66114434429479 ], [ -73.990692392067402, 40.663801936271732 ], [ -73.990656512713514, 40.663835971070284 ], [ -73.989553160837062, 40.663433509352515 ], [ -73.988497795546934, 40.662796018821034 ], [ -73.987574737162504, 40.661897746110498 ], [ -73.986849925221023, 40.66094129916177 ], [ -73.987212640351331, 40.660592066658104 ] ] ] } },
{ "type": "Feature", "properties": { "group_id": "N2-062", "n_parks": 5, "extent_km": 0.996, "max_walk_m": 599.0, "park_area_acres": 7.95, "hull_area_acres": 68.64, "boroughs": "M", "members": "Chelsea Park; Clement Clarke Moore Park; The High Line (1/4); The High Line (2/4); The High Line (3/4)" }, "geometry": { "type": "Polygon", "coordinates": [ [ [ -74.007445601129859, 40.742618221487099 ], [ -74.007643917234518, 40.742655980187607 ], [ -74.007625752416587, 40.74321251475854 ], [ -74.007059298972408, 40.744644075645219 ], [ -74.006987254790417, 40.74479502206237 ], [ -74.002370275136698, 40.752736879404488 ], [ -74.001009294296196, 40.752264709329879 ], [ -74.000773041007221, 40.752081382608111 ], [ -73.999242210288571, 40.74963037506275 ], [ -73.999593415601097, 40.749148317941192 ], [ -74.007286626226445, 40.742736617030701 ], [ -74.007445601129859, 40.742618221487099 ] ] ] } },
{ "type": "Feature", "properties": { "group_id": "N2-063", "n_parks": 5, "extent_km": 0.451, "max_walk_m": 450.5, "park_area_acres": 1.08, "hull_area_acres": 19.76, "boroughs": "M", "members": "Christopher Park; McCarthy Square; Jefferson Market Garden; Sheridan Square Viewing Garden; NYC AIDS Memorial Park at St. Vincent’s Triangle" }, "geometry": { "type": "Polygon", "coordinates": [ [ [ -74.002104772290025, 40.732903783264028 ], [ -74.002319231532255, 40.733160767052446 ], [ -74.002577863663973, 40.733471854678292 ], [ -74.002655082662301, 40.733565512065603 ], [ -74.002657105930183, 40.733568816883526 ], [ -74.002657957179778, 40.733571025810136 ], [ -74.002658072025568, 40.733571425633045 ], [ -74.002658537365321, 40.733573963253995 ], [ -74.002658580087925, 40.733576603542645 ], [ -74.002658447546835, 40.733577756196006 ], [ -74.002657997794898, 40.733580188478648 ], [ -74.001535839563502, 40.73751311011852 ], [ -74.000861922381702, 40.737231129489963 ], [ -73.99946499396863, 40.734698707358383 ], [ -73.999254264155184, 40.734315359958082 ], [ -73.999339940002216, 40.734197717219629 ], [ -74.00192654219056, 40.732966207806463 ], [ -74.002104772290025, 40.732903783264028 ] ] ] } },
{ "type": "Feature", "properties": { "group_id": "N2-064", "n_parks": 5, "extent_km": 0.505, "max_walk_m": 454.6, "park_area_acres": 4.92, "hull_area_acres": 22.64, "boroughs": "M", "members": "Hamilton Fish Park; ABC Playground; Clinton Community Garden (LES); Children's Magical Garden; Siempre Verde Garden" }, "geometry": { "type": "Polygon", "coordinates": [ [ [ -73.980344597608521, 40.718914670598217 ], [ -73.983895283568387, 40.719684877867749 ], [ -73.984480883520035, 40.719863818442164 ], [ -73.984570384627588, 40.719891174450133 ], [ -73.986680019105791, 40.720683007483565 ], [ -73.986388732902171, 40.721779609482184 ], [ -73.986257553479632, 40.722035316084771 ], [ -73.979745637408683, 40.720062664557339 ], [ -73.980344597608521, 40.718914670598217 ] ] ] } },
{ "type": "Feature", "properties": { "group_id": "N2-065", "n_parks": 5, "extent_km": 0.519, "max_walk_m": 481.2, "park_area_acres": 14.71, "hull_area_acres": 54.59, "boroughs": "M", "members": "Thomas Jefferson Park; P.S. 155 Playground; Pleasant Village Community Garden; Diamante Garden; St. Mark's Garden" }, "geometry": { "type": "Polygon", "coordinates": [ [ [ -73.93540894066804, 40.791930713731283 ], [ -73.937523779450956, 40.792823897256802 ], [ -73.936578305423467, 40.797795251576808 ], [ -73.936398938949111, 40.798039355659348 ], [ -73.931396642901646, 40.796757778193161 ], [ -73.93123108111989, 40.79668783226083 ], [ -73.933323809230956, 40.793321862171027 ], [ -73.93540894066804, 40.791930713731283 ] ] ] } },
{ "type": "Feature", "properties": { "group_id": "N2-066", "n_parks": 5, "extent_km": 0.787, "max_walk_m": 512.5, "park_area_acres": 73.57, "hull_area_acres": 173.71, "boroughs": "M", "members": "Sherman Square; Broadway Malls (10/11); Matthew P. Sapolin Playground; Septuagesimo UNO; Riverside Park South" }, "geometry": { "type": "Polygon", "coordinates": [ [ [ -73.993564907410331, 40.773022024618264 ], [ -73.995512625500638, 40.773847685353083 ], [ -73.996132050054996, 40.774112148560235 ], [ -73.991161587272217, 40.780822384471364 ], [ -73.989948305713028, 40.781954076192882 ], [ -73.981608757565709, 40.779826028191685 ], [ -73.981588564804866, 40.779384116314169 ], [ -73.982093965658052, 40.7763631792049 ], [ -73.982096281271751, 40.776359620778898 ], [ -73.982099275565218, 40.776356362325615 ], [ -73.982103269643176, 40.776353086017465 ], [ -73.982107906802355, 40.776350337503452 ], [ -73.982114244955497, 40.77634778646339 ], [ -73.993564907410331, 40.773022024618264 ] ] ] } },
{ "type": "Feature", "properties": { "group_id": "N2-067", "n_parks": 5, "extent_km": 0.43, "max_walk_m": 402.5, "park_area_acres": 1.64, "hull_area_acres": 25.11, "boroughs": "M", "members": "Adam Clayton Powell Jr. Malls (2/9); William McCray Playground; Fred Samuel Playground; Abyssinian Tot Lot; Elizabeth Langley Memorial Garden" }, "geometry": { "type": "Polygon", "coordinates": [ [ [ -73.937508305133335, 40.815294723555049 ], [ -73.943276083759415, 40.815859082098108 ], [ -73.943307321904527, 40.815872261132476 ], [ -73.942711893021766, 40.816690028028297 ], [ -73.942255047958184, 40.817316184873832 ], [ -73.941343458110779, 40.818564915449443 ], [ -73.941177586150857, 40.818790524609753 ], [ -73.941143865695736, 40.818776309987399 ], [ -73.938810876874683, 40.817297866416617 ], [ -73.937329492811543, 40.815534491028437 ], [ -73.937508305133335, 40.815294723555049 ] ] ] } },
{ "type": "Feature", "properties": { "group_id": "N2-068", "n_parks": 5, "extent_km": 0.558, "max_walk_m": 504.3, "park_area_acres": 8.81, "hull_area_acres": 68.36, "boroughs": "M", "members": "Adam Clayton Powell Jr. Malls (7/9); Adam Clayton Powell Jr. Malls (8/9); Brigadier General Charles Young Playground; Renaissance Playground; Robert L. Clinkscales Playground and Community Garden" }, "geometry": { "type": "Polygon", "coordinates": [ [ [ -73.934375898353736, 40.818066511290723 ], [ -73.941143865695736, 40.818776309987399 ], [ -73.941177586150857, 40.818790524609753 ], [ -73.942188433459194, 40.821350049143788 ], [ -73.941837430480845, 40.821829347242719 ], [ -73.940288789981921, 40.822939116844196 ], [ -73.937405493059558, 40.823955887569213 ], [ -73.937370589796288, 40.823941166612549 ], [ -73.934627446624347, 40.819600902409526 ], [ -73.934375898353736, 40.818066511290723 ] ] ] } },
{ "type": "Feature", "properties": { "group_id": "N2-069", "n_parks": 5, "extent_km": 0.681, "max_walk_m": 549.2, "park_area_acres": 7.77, "hull_area_acres": 51.15, "boroughs": "M", "members": "Park; East River Esplanade (2/8); Marx Brothers Playground; Stanley Isaacs Playground; Asphalt Green" }, "geometry": { "type": "Polygon", "coordinates": [ [ [ -73.942994893981137, 40.777634012232561 ], [ -73.945084757216563, 40.778516854917385 ], [ -73.946848062805373, 40.784305143762595 ], [ -73.946495882564477, 40.784790144893314 ], [ -73.942149391986277, 40.784162011429515 ], [ -73.942075676801196, 40.78411079471536 ], [ -73.942994893981137, 40.777634012232561 ] ] ] } },
{ "type": "Feature", "properties": { "group_id": "N2-070", "n_parks": 5, "extent_km": 0.351, "max_walk_m": 460.7, "park_area_acres": 1.74, "hull_area_acres": 14.61, "boroughs": "M", "members": "Courtney Callender Playground; Moore Playground; Unity Gardens; Collyer Brothers Park; United Block Association Garden" }, "geometry": { "type": "Polygon", "coordinates": [ [ [ -73.94095712590331, 40.808467879333563 ], [ -73.942656903176953, 40.809184091204706 ], [ -73.942835517706101, 40.809259349880826 ], [ -73.942659046235818, 40.809502901884855 ], [ -73.941204124677341, 40.810840879866305 ], [ -73.93857703063081, 40.809739195388808 ], [ -73.938043861600192, 40.809514995865975 ], [ -73.938408345178885, 40.809014848331572 ], [ -73.94095712590331, 40.808467879333563 ] ] ] } },
{ "type": "Feature", "properties": { "group_id": "N2-071", "n_parks": 5, "extent_km": 0.183, "max_walk_m": 88.6, "park_area_acres": 1.84, "hull_area_acres": 7.34, "boroughs": "M", "members": "Robert Moses Playground; Trygve Lie Plaza; Ralph Bunche Park; Mary O'Connor Playground; Tudor Grove Playground" }, "geometry": { "type": "Polygon", "coordinates": [ [ [ -73.96886903124043, 40.747607718405021 ], [ -73.970034701988681, 40.74811231829414 ], [ -73.970582722019671, 40.748354046477353 ], [ -73.971380278791088, 40.749009783496192 ], [ -73.971057200035361, 40.749512479642888 ], [ -73.970895472886397, 40.749734102961945 ], [ -73.969715352530841, 40.749559388710338 ], [ -73.969557365078245, 40.749493069815436 ], [ -73.968617010981333, 40.748122305572949 ], [ -73.968599826117469, 40.748095590972937 ], [ -73.968586882331365, 40.748064441633062 ], [ -73.968581321868655, 40.748039478082475 ], [ -73.968581478569178, 40.7479934307365 ], [ -73.968593349499301, 40.747951896320529 ], [ -73.968611328265808, 40.747919502806099 ], [ -73.96886903124043, 40.747607718405021 ] ] ] } },
{ "type": "Feature", "properties": { "group_id": "N2-072", "n_parks": 5, "extent_km": 0.56, "max_walk_m": 372.1, "park_area_acres": 7.94, "hull_area_acres": 25.04, "boroughs": "Q", "members": "Federalist Triangle; Frank Principe Park; Hull Triangle; Technical Sergeant Thomas J. Davey Triangle; Whitefish Triangle" }, "geometry": { "type": "Polygon", "coordinates": [ [ [ -73.898913049787907, 40.725012556452221 ], [ -73.901710256935445, 40.725232172185677 ], [ -73.905446280825814, 40.727168248033109 ], [ -73.905601063729932, 40.727249344332229 ], [ -73.906544326168699, 40.727743629809247 ], [ -73.906194397212886, 40.728012294966682 ], [ -73.905598953018341, 40.72846945073514 ], [ -73.900500562697189, 40.726832740774462 ], [ -73.898696102245523, 40.725265697168567 ], [ -73.898688043971674, 40.725127801333109 ], [ -73.898913049787907, 40.725012556452221 ] ] ] } },
{ "type": "Feature", "properties": { "group_id": "N2-073", "n_parks": 5, "extent_km": 0.572, "max_walk_m": 481.3, "park_area_acres": 1.69, "hull_area_acres": 11.79, "boroughs": "Q", "members": "Peter Chahales Park; Frontera Park; Sitting Area 127 CXXVII; Sitting Area; Park" }, "geometry": { "type": "Polygon", "coordinates": [ [ [ -73.895709690412744, 40.724173193462235 ], [ -73.895738737317146, 40.724281249431975 ], [ -73.89594012416643, 40.725030409921544 ], [ -73.888926320446942, 40.726381733442715 ], [ -73.888929773660649, 40.726250105672683 ], [ -73.889737465106563, 40.725662723051371 ], [ -73.892255981892603, 40.724924251615093 ], [ -73.895709690412744, 40.724173193462235 ] ] ] } },
{ "type": "Feature", "properties": { "group_id": "N2-074", "n_parks": 5, "extent_km": 0.887, "max_walk_m": 686.7, "park_area_acres": 43.27, "hull_area_acres": 140.72, "boroughs": "X", "members": "Mosholu Parkway (4/5); Mosholu Parkway (5/5); Williamsbridge Oval; Valentine Varian House; Risse Street Park" }, "geometry": { "type": "Polygon", "coordinates": [ [ [ -73.883383791488654, 40.874216031601087 ], [ -73.885401176376178, 40.877986601632394 ], [ -73.885403964855925, 40.877994586326523 ], [ -73.886969204214552, 40.882630702546571 ], [ -73.887023335392016, 40.882921295022619 ], [ -73.887040695026329, 40.883081004397894 ], [ -73.887047539446698, 40.883204125690725 ], [ -73.887044783143992, 40.883442323431332 ], [ -73.886969617496334, 40.884145540981763 ], [ -73.88695982972601, 40.884223216402255 ], [ -73.886955936591576, 40.884240801800033 ], [ -73.886946258463198, 40.884253984453856 ], [ -73.886928861353681, 40.884262761567115 ], [ -73.886913400839873, 40.88426860949037 ], [ -73.88606565742478, 40.883954635038165 ], [ -73.886055359032838, 40.883950273718767 ], [ -73.885660919585789, 40.88378320530407 ], [ -73.885540276416108, 40.883732101953164 ], [ -73.88542826420732, 40.883682907071048 ], [ -73.885372261724555, 40.883658309592576 ], [ -73.885316260469708, 40.883633712088034 ], [ -73.885269109699948, 40.8836129801402 ], [ -73.88525863768858, 40.883608219661042 ], [ -73.876073730704917, 40.878954220915702 ], [ -73.87600311987444, 40.878917165635436 ], [ -73.875946544207366, 40.878885856104056 ], [ -73.875907627074383, 40.878862761774336 ], [ -73.875879204426724, 40.878844987995429 ], [ -73.87585858842499, 40.878831599878858 ], [ -73.875827144855904, 40.87880767340517 ], [ -73.875792576628115, 40.878780413555518 ], [ -73.875765702012018, 40.878757713043676 ], [ -73.875731469132589, 40.878724983072004 ], [ -73.87571831779033, 40.87871235037246 ], [ -73.875700944073813, 40.878695269215662 ], [ -73.875684023938632, 40.878677356493924 ], [ -73.875650794220093, 40.878639879305126 ], [ -73.87564024304298, 40.878626852282785 ], [ -73.875604404515343, 40.878576678990285 ], [ -73.875573680299112, 40.878531733130046 ], [ -73.875548150006736, 40.878491305207703 ], [ -73.875514927714391, 40.878430309040155 ], [ -73.875500020372215, 40.878400696619572 ], [ -73.875486759820816, 40.878371682997127 ], [ -73.875470804297109, 40.878332268529725 ], [ -73.875460219642903, 40.878302323084583 ], [ -73.875451924239087, 40.878275807366379 ], [ -73.875443979978769, 40.878246776963273 ], [ -73.875437845316981, 40.87822072732709 ], [ -73.875431187621587, 40.878184461088864 ], [ -73.875426843489294, 40.878152574619769 ], [ -73.875424457337672, 40.878124887438808 ], [ -73.875423145426609, 40.878096902455148 ], [ -73.875422959057275, 40.878067199654538 ], [ -73.875424024626795, 40.878037336117309 ], [ -73.875426358665308, 40.878007353283721 ], [ -73.875430278204149, 40.877975208288397 ], [ -73.875435064816131, 40.877946320393647 ], [ -73.875445692159275, 40.877898344852341 ], [ -73.875459125283996, 40.877852268765487 ], [ -73.87547290717329, 40.877810000316799 ], [ -73.875489824582999, 40.877762066676262 ], [ -73.875506307756453, 40.877721734485284 ], [ -73.875524216599331, 40.877682850913864 ], [ -73.875554396260512, 40.87762552236557 ], [ -73.875583192540503, 40.877577710477411 ], [ -73.875610497319556, 40.87753697210966 ], [ -73.875635992481008, 40.877502134485162 ], [ -73.87566080882732, 40.877473103371777 ], [ -73.875775614959608, 40.877361711449211 ], [ -73.876074175011183, 40.877100382074943 ], [ -73.876329668373032, 40.876880770421899 ], [ -73.876572190509194, 40.876674064530206 ], [ -73.876690567722875, 40.876576382736708 ], [ -73.876719348541783, 40.876552859412143 ], [ -73.876756706354655, 40.876523772117899 ], [ -73.876801330302285, 40.876490994262888 ], [ -73.876846008761319, 40.876460147095656 ], [ -73.87688722271831, 40.876433304288696 ], [ -73.876916533357175, 40.876415097062328 ], [ -73.876945681179222, 40.876397676681684 ], [ -73.876970126058993, 40.876383574982555 ], [ -73.876997301493702, 40.876368421716649 ], [ -73.877024275246413, 40.876353903974255 ], [ -73.877056201001409, 40.87633737260618 ], [ -73.877087515150464, 40.876321816707232 ], [ -73.877116319179038, 40.876308066307615 ], [ -73.877141544771177, 40.876296446248709 ], [ -73.877168851003901, 40.876284301613133 ], [ -73.877191900015035, 40.876274392855862 ], [ -73.877214922335867, 40.876264800137001 ], [ -73.877235644439764, 40.876256421526492 ], [ -73.881542646996465, 40.874549948771659 ], [ -73.883383791488654, 40.874216031601087 ] ] ] } },
{ "type": "Feature", "properties": { "group_id": "N2-075", "n_parks": 5, "extent_km": 0.744, "max_walk_m": 615.8, "park_area_acres": 30.71, "hull_area_acres": 117.18, "boroughs": "X", "members": "Henry Hudson Parkway (1/8); Henry Hudson Parkway (8/8); Hackett Park; Vinmont Veteran Park; Wave Hill" }, "geometry": { "type": "Polygon", "coordinates": [ [ [ -73.90794196774678, 40.895624572084472 ], [ -73.907973363133891, 40.895626205506915 ], [ -73.908227437138038, 40.895639424016352 ], [ -73.908272928196936, 40.895641790684508 ], [ -73.911940564972753, 40.896211605931455 ], [ -73.911950500112326, 40.89621339556868 ], [ -73.912463333753422, 40.896348238735499 ], [ -73.91303537723276, 40.896905622566265 ], [ -73.91313445636554, 40.897009391550135 ], [ -73.913220798030977, 40.897120017066321 ], [ -73.913257458416354, 40.89718182505441 ], [ -73.914085692302109, 40.899456755996042 ], [ -73.914019766220292, 40.899635600672205 ], [ -73.913447000907027, 40.901189344811996 ], [ -73.904846705326733, 40.903152330780962 ], [ -73.904382898257865, 40.903027356692142 ], [ -73.904018517572453, 40.902867616524162 ], [ -73.904061258621951, 40.900722422317934 ], [ -73.90794196774678, 40.895624572084472 ] ] ] } },
{ "type": "Feature", "properties": { "group_id": "N2-076", "n_parks": 5, "extent_km": 0.773, "max_walk_m": 766.1, "park_area_acres": 3.32, "hull_area_acres": 23.35, "boroughs": "X", "members": "Hilton White Playground; Dunbar Playground; Grove Hill Playground; El Batey Borincano Garden; Franklin Memorial Garden" }, "geometry": { "type": "Polygon", "coordinates": [ [ [ -73.908554077900632, 40.819479579124206 ], [ -73.909375426457416, 40.819675170736112 ], [ -73.90953685282669, 40.820647323359182 ], [ -73.90952653859496, 40.820672023994042 ], [ -73.909454041457721, 40.820845633264497 ], [ -73.905470085892674, 40.826388385251995 ], [ -73.905033339577813, 40.826284350523323 ], [ -73.905919126595194, 40.823253724089156 ], [ -73.906197285575942, 40.822584082280088 ], [ -73.908554077900632, 40.819479579124206 ] ] ] } },
{ "type": "Feature", "properties": { "group_id": "N2-077", "n_parks": 5, "extent_km": 0.543, "max_walk_m": 439.0, "park_area_acres": 5.08, "hull_area_acres": 44.43, "boroughs": "X", "members": "Highbridge Park; Bridge Playground; Merriam Playground; Cpl Fischer Park; Mosaic Success Garden" }, "geometry": { "type": "Polygon", "coordinates": [ [ [ -73.926265414468176, 40.838603921793364 ], [ -73.926966588429607, 40.838688722563433 ], [ -73.927300808245619, 40.840308258962409 ], [ -73.927377562313524, 40.841939222367408 ], [ -73.927343544150077, 40.842119826378166 ], [ -73.927240037436306, 40.842235351141909 ], [ -73.924738176262721, 40.844355755919736 ], [ -73.923778033921977, 40.844541427534367 ], [ -73.923618698583212, 40.844429716850705 ], [ -73.922510187272195, 40.840410215883402 ], [ -73.922517460661595, 40.840341821082468 ], [ -73.926265414468176, 40.838603921793364 ] ] ] } },
{ "type": "Feature", "properties": { "group_id": "N2-078", "n_parks": 4, "extent_km": 0.352, "max_walk_m": 487.5, "park_area_acres": 2.59, "hull_area_acres": 18.96, "boroughs": "B", "members": "Cuyler Gore Park; Gateway Triangle; South Oxford Park; Brooklyn Bears Carlton Av Garden" }, "geometry": { "type": "Polygon", "coordinates": [ [ [ -73.972726458859938, 40.683296002108861 ], [ -73.972816308007836, 40.683753452061012 ], [ -73.972876669695694, 40.684060769392758 ], [ -73.972870746897527, 40.68580498765855 ], [ -73.97153804240898, 40.685959729708756 ], [ -73.970949931641954, 40.685814766626592 ], [ -73.968171819196471, 40.684095566764888 ], [ -73.968135829840534, 40.683901950806025 ], [ -73.972360548577612, 40.683338473091389 ], [ -73.972726458859938, 40.683296002108861 ] ] ] } },
{ "type": "Feature", "properties": { "group_id": "N2-079", "n_parks": 4, "extent_km": 0.459, "max_walk_m": 336.3, "park_area_acres": 5.29, "hull_area_acres": 23.08, "boroughs": "B", "members": "Veterans Triangle; Brownsville Playground; Osborn Playground; Green Valley Garden" }, "geometry": { "type": "Polygon", "coordinates": [ [ [ -73.906152780334978, 40.655095222115001 ], [ -73.906212456256554, 40.655326295854316 ], [ -73.906463064593481, 40.656296670588496 ], [ -73.901873272724032, 40.658291859934906 ], [ -73.901541846138585, 40.658414801696402 ], [ -73.900979941712606, 40.658505220259478 ], [ -73.900733336073415, 40.658541175176254 ], [ -73.900935162692534, 40.657121043399798 ], [ -73.90140852694087, 40.656627718948421 ], [ -73.903083614615298, 40.655564238356519 ], [ -73.905206767299433, 40.6552278994413 ], [ -73.905566838712886, 40.655174553603516 ], [ -73.905953745481256, 40.655117231186665 ], [ -73.906152780334978, 40.655095222115001 ] ] ] } },
{ "type": "Feature", "properties": { "group_id": "N2-080", "n_parks": 4, "extent_km": 0.725, "max_walk_m": 540.5, "park_area_acres": 5.35, "hull_area_acres": 29.24, "boroughs": "B", "members": "Eastern Parkway (10/10); Eastern Parkway (4/10); Eastern Parkway Extension (6/6); Brownsville Green" }, "geometry": { "type": "Polygon", "coordinates": [ [ [ -73.922771459236685, 40.668059246854732 ], [ -73.92584079809599, 40.668195607155049 ], [ -73.928228957130045, 40.668325841585251 ], [ -73.931648523022758, 40.668534174131544 ], [ -73.931604183083778, 40.669002268474507 ], [ -73.931595497678359, 40.669093958969221 ], [ -73.919199319191293, 40.669810072678871 ], [ -73.919196434664642, 40.669810044537925 ], [ -73.919193599081751, 40.669809641816727 ], [ -73.91919089521619, 40.669808876280094 ], [ -73.919188402279062, 40.66980777139711 ], [ -73.91918619474238, 40.669806357837594 ], [ -73.919184335235769, 40.669804678870371 ], [ -73.919182880470103, 40.669802782262593 ], [ -73.919181870587707, 40.669800724775016 ], [ -73.919181338631603, 40.669798565864845 ], [ -73.919181297532688, 40.669796370378386 ], [ -73.919181748398245, 40.669794200451982 ], [ -73.919182680504534, 40.669792121815682 ], [ -73.91918406421135, 40.669790194783296 ], [ -73.919185859238823, 40.669788476059026 ], [ -73.919186382472319, 40.669788072995495 ], [ -73.92116844329027, 40.668642957339465 ], [ -73.922771459236685, 40.668059246854732 ] ] ] } },
{ "type": "Feature", "properties": { "group_id": "N2-081", "n_parks": 4, "extent_km": 0.603, "max_walk_m": 524.4, "park_area_acres": 10.89, "hull_area_acres": 57.19, "boroughs": "B", "members": "Fidelity Triangle; Msgr. McGolrick Park; Lentol Garden; Ericsson Playground" }, "geometry": { "type": "Polygon", "coordinates": [ [ [ -73.945541107750117, 40.719642505181 ], [ -73.948202656157491, 40.719919377648999 ], [ -73.94859469188988, 40.720247184960414 ], [ -73.948726845028702, 40.721050621997314 ], [ -73.94437218156979, 40.725528710779123 ], [ -73.942729093009362, 40.725691593503328 ], [ -73.941801926018556, 40.721887540543371 ], [ -73.941881466793646, 40.721829053895313 ], [ -73.945541107750117, 40.719642505181 ] ] ] } },
{ "type": "Feature", "properties": { "group_id": "N2-082", "n_parks": 4, "extent_km": 0.513, "max_walk_m": 460.2, "park_area_acres": 33.13, "hull_area_acres": 69.78, "boroughs": "B", "members": "Fort Greene Park; Albert L. Parham Playground; Oracle Playground; Edmonds Playground" }, "geometry": { "type": "Polygon", "coordinates": [ [ [ -73.97152661374092, 40.688810504298488 ], [ -73.977115805265186, 40.689885072425703 ], [ -73.977595255310533, 40.691643979752968 ], [ -73.977599537184815, 40.691664069232083 ], [ -73.977630684306575, 40.691814312386917 ], [ -73.977689295233773, 40.693333503545112 ], [ -73.971925366693256, 40.694092648361284 ], [ -73.971199049245669, 40.694175375501679 ], [ -73.971160446531584, 40.693984111321335 ], [ -73.971115441793984, 40.693761124951614 ], [ -73.970556392742054, 40.690957546699515 ], [ -73.970370456456394, 40.690015192934887 ], [ -73.971134421281988, 40.68885560696107 ], [ -73.97152661374092, 40.688810504298488 ] ] ] } },
{ "type": "Feature", "properties": { "group_id": "N2-083", "n_parks": 4, "extent_km": 0.794, "max_walk_m": 675.0, "park_area_acres": 44.04, "hull_area_acres": 144.49, "boroughs": "B", "members": "John Paul Jones Park; Shore Park and Parkway (4/10); Shore Park and Parkway (7/10); John J Carty Park" }, "geometry": { "type": "Polygon", "coordinates": [ [ [ -74.036188539083355, 40.609504816112498 ], [ -74.039063721900988, 40.613247632088083 ], [ -74.039485032865613, 40.613812624589485 ], [ -74.040141694231565, 40.614838738126423 ], [ -74.040366148809611, 40.615229392889937 ], [ -74.040472293602036, 40.615612807303869 ], [ -74.040539330780689, 40.615932753180992 ], [ -74.040597185281527, 40.616231197813079 ], [ -74.040892399738297, 40.617768798252015 ], [ -74.03963208670271, 40.617987919987705 ], [ -74.028092739800243, 40.615386169504447 ], [ -74.027906135542693, 40.615291689976516 ], [ -74.028512604839591, 40.614586130650075 ], [ -74.031268804814957, 40.61141187201526 ], [ -74.031503305887412, 40.611175944340459 ], [ -74.034962024849833, 40.609888445965971 ], [ -74.035042407734409, 40.609860776379179 ], [ -74.036188539083355, 40.609504816112498 ] ] ] } },
{ "type": "Feature", "properties": { "group_id": "N2-084", "n_parks": 4, "extent_km": 0.431, "max_walk_m": 365.5, "park_area_acres": 5.22, "hull_area_acres": 20.82, "boroughs": "B", "members": "Sternberg Park; Lindsay Triangle; Harmony Triangle; De Hostos Playground" }, "geometry": { "type": "Polygon", "coordinates": [ [ [ -73.949360809676364, 40.702288891074481 ], [ -73.950388941632426, 40.703145107892844 ], [ -73.950400136175872, 40.703155188544599 ], [ -73.950510048326962, 40.703255214283715 ], [ -73.950527348161259, 40.703272272012093 ], [ -73.950530393566254, 40.703283898928973 ], [ -73.950527331481581, 40.703294747880129 ], [ -73.948070396759576, 40.706764788685852 ], [ -73.94661720301383, 40.706902446990341 ], [ -73.946417311273834, 40.705688962567521 ], [ -73.948803643085554, 40.702649639128978 ], [ -73.949360809676364, 40.702288891074481 ] ] ] } },
{ "type": "Feature", "properties": { "group_id": "N2-085", "n_parks": 4, "extent_km": 0.517, "max_walk_m": 399.1, "park_area_acres": 3.1, "hull_area_acres": 23.97, "boroughs": "B", "members": "Grace Playground; Duke Park; Ps 149 Artsy Bloom Community Garden; St John Cantius Parish" }, "geometry": { "type": "Polygon", "coordinates": [ [ [ -73.893398567201132, 40.666716017978629 ], [ -73.894157966226985, 40.667331764670557 ], [ -73.895103068061928, 40.670774359019326 ], [ -73.895188700747383, 40.671110438485485 ], [ -73.894885424728542, 40.671925212441884 ], [ -73.894036258679122, 40.67205138729036 ], [ -73.891902591228671, 40.66976400343696 ], [ -73.891886618867218, 40.669701409760236 ], [ -73.893055776580255, 40.66676851240841 ], [ -73.893398567201132, 40.666716017978629 ] ] ] } },
{ "type": "Feature", "properties": { "group_id": "N2-086", "n_parks": 4, "extent_km": 0.598, "max_walk_m": 567.3, "park_area_acres": 4.88, "hull_area_acres": 53.21, "boroughs": "B", "members": "Saratoga Park; Brevoort Playground; Welcome Home Garden; Halsey Ralph & Howard Community Garden" }, "geometry": { "type": "Polygon", "coordinates": [ [ [ -73.922682056292302, 40.679916846011544 ], [ -73.922715787028224, 40.679919671974744 ], [ -73.922748360545583, 40.679926913275239 ], [ -73.922778788232591, 40.67993835042541 ], [ -73.922806144315302, 40.679953636107669 ], [ -73.923015377794556, 40.680093456923565 ], [ -73.925328211226784, 40.684714580384579 ], [ -73.92538383288867, 40.684994085622584 ], [ -73.925313102162875, 40.685002286644853 ], [ -73.925293660202144, 40.685004540618422 ], [ -73.91780474918319, 40.685401473136253 ], [ -73.917705121222482, 40.684846803167126 ], [ -73.922359534088841, 40.679952227982866 ], [ -73.922648193770684, 40.679918522523366 ], [ -73.922682056292302, 40.679916846011544 ] ] ] } },
{ "type": "Feature", "properties": { "group_id": "N2-087", "n_parks": 4, "extent_km": 0.648, "max_walk_m": 559.6, "park_area_acres": 3.18, "hull_area_acres": 18.8, "boroughs": "B", "members": "Powell Playground; Howard Playground; Houston Playground; TLC Sculpture Park Garden" }, "geometry": { "type": "Polygon", "coordinates": [ [ [ -73.905149389224405, 40.670916046974227 ], [ -73.908423552903471, 40.671450957743424 ], [ -73.908846346041571, 40.671666448329312 ], [ -73.908880029501177, 40.671797357769272 ], [ -73.905495810270736, 40.672424711289011 ], [ -73.904785615239916, 40.672531450987456 ], [ -73.900548655141279, 40.672873703239517 ], [ -73.900479779570745, 40.672604278719447 ], [ -73.904392393729282, 40.671029274397483 ], [ -73.905149389224405, 40.670916046974227 ] ] ] } },
{ "type": "Feature", "properties": { "group_id": "N2-088", "n_parks": 4, "extent_km": 0.346, "max_walk_m": 205.8, "park_area_acres": 3.32, "hull_area_acres": 12.65, "boroughs": "B", "members": "Sperandeo Brothers Playground; PS 4K PARADISE GARDEN; Floral Vineyard; Cleveland Street Vegetable Garden" }, "geometry": { "type": "Polygon", "coordinates": [ [ [ -73.884601180663793, 40.673664737457486 ], [ -73.885197861130251, 40.67450477717464 ], [ -73.885250010913865, 40.674708670834136 ], [ -73.885098927540284, 40.677436237471596 ], [ -73.884536230459659, 40.677820893935362 ], [ -73.883739494414257, 40.678048737888787 ], [ -73.883638159206782, 40.677652802212329 ], [ -73.883882892606181, 40.674134192967799 ], [ -73.884325169086566, 40.673705065440053 ], [ -73.884395700218917, 40.673694759687983 ], [ -73.884601180663793, 40.673664737457486 ] ] ] } },
{ "type": "Feature", "properties": { "group_id": "N2-089", "n_parks": 4, "extent_km": 0.577, "max_walk_m": 313.3, "park_area_acres": 1.24, "hull_area_acres": 80.78, "boroughs": "B", "members": "Flatbush Malls; Flatbush Malls; Flatbush Mall; Hot Spot Tot Lot" }, "geometry": { "type": "Polygon", "coordinates": [ [ [ -73.960276975722635, 40.629481586542873 ], [ -73.960283173677595, 40.629482054252726 ], [ -73.960283493933133, 40.62948215071895 ], [ -73.960288070864081, 40.629483539100164 ], [ -73.966484681704671, 40.631930769550188 ], [ -73.966489812337414, 40.631934065145465 ], [ -73.966493032571265, 40.631937900495487 ], [ -73.966494865292276, 40.63194375800763 ], [ -73.966494110738395, 40.631949325699047 ], [ -73.966492098289805, 40.63195300823687 ], [ -73.966488885186166, 40.631956157317219 ], [ -73.961303411892288, 40.63479638324872 ], [ -73.961297177189465, 40.634799307837525 ], [ -73.961296958448713, 40.634799410423049 ], [ -73.961287433521989, 40.634801241574053 ], [ -73.961286477267322, 40.634801185419938 ], [ -73.961279568359359, 40.634800775158425 ], [ -73.954972070436426, 40.63321825418457 ], [ -73.954965655396492, 40.633214969279294 ], [ -73.954961372384645, 40.633210465905691 ], [ -73.954960719977549, 40.633208603376168 ], [ -73.954959934264565, 40.633206349969107 ], [ -73.954960110165175, 40.633201425097894 ], [ -73.954962085732603, 40.633197342917178 ], [ -73.956745092558407, 40.630681579090343 ], [ -73.960269767479033, 40.62948261244567 ], [ -73.960276674295997, 40.629481628763159 ], [ -73.960276975722635, 40.629481586542873 ] ] ] } },
{ "type": "Feature", "properties": { "group_id": "N2-090", "n_parks": 4, "extent_km": 0.462, "max_walk_m": 471.5, "park_area_acres": 2.76, "hull_area_acres": 13.8, "boroughs": "B", "members": "P.O. Reinaldo Salgado Playground; Citizens For A Better Community; Madison Community Greenthumb; Patchen Community Square Garden" }, "geometry": { "type": "Polygon", "coordinates": [ [ [ -73.927237171571505, 40.686425138344077 ], [ -73.927264769489682, 40.686564799387199 ], [ -73.926972678207505, 40.688096143495827 ], [ -73.926526888224714, 40.688146790091508 ], [ -73.925025465432256, 40.688317353343088 ], [ -73.92185411301115, 40.687927457900543 ], [ -73.921800322482369, 40.687654571971692 ], [ -73.926884074409259, 40.686466154470025 ], [ -73.927237171571505, 40.686425138344077 ] ] ] } },
{ "type": "Feature", "properties": { "group_id": "N2-091", "n_parks": 4, "extent_km": 1.078, "max_walk_m": 733.8, "park_area_acres": 25.03, "hull_area_acres": 99.17, "boroughs": "B/Q", "members": "Belmont Playground; Tudor Park; Gemini Fields; Judge Angelo Graci Triangle" }, "geometry": { "type": "Polygon", "coordinates": [ [ [ -73.852503098016683, 40.669997659634952 ], [ -73.852828814241434, 40.670003688788213 ], [ -73.853081935999569, 40.67001242404195 ], [ -73.853331776738699, 40.670024527891258 ], [ -73.85353750941357, 40.670037100054131 ], [ -73.853789803072729, 40.670055744682898 ], [ -73.854053494879778, 40.670079048983908 ], [ -73.855761027520259, 40.670238109410001 ], [ -73.863206046515685, 40.675380780090215 ], [ -73.863257372918383, 40.675586916970438 ], [ -73.86254501122616, 40.675687240186761 ], [ -73.855439667890039, 40.674469336182916 ], [ -73.848760276672493, 40.672390685063696 ], [ -73.848013125277888, 40.672147420985198 ], [ -73.847633126892319, 40.672015254728244 ], [ -73.847701192291879, 40.671592723408537 ], [ -73.847951852121298, 40.670899595899392 ], [ -73.84899506084102, 40.670163456618717 ], [ -73.851265562876918, 40.670028174283495 ], [ -73.851502036737656, 40.670015792382422 ], [ -73.851740779266891, 40.670006438655236 ], [ -73.851982689197328, 40.670000176379716 ], [ -73.852260197070066, 40.669996974245592 ], [ -73.852503098016683, 40.669997659634952 ] ] ] } },
{ "type": "Feature", "properties": { "group_id": "N2-092", "n_parks": 4, "extent_km": 0.32, "max_walk_m": 290.0, "park_area_acres": 1.34, "hull_area_acres": 11.23, "boroughs": "B", "members": "Newport Playground; Gethsemane Garden; United Community Centers Youth Farm; Abib Newborn Garden" }, "geometry": { "type": "Polygon", "coordinates": [ [ [ -73.909644865485845, 40.65887649254455 ], [ -73.909713468220687, 40.659145952303696 ], [ -73.907453961914911, 40.661075009963071 ], [ -73.906746968334133, 40.661181374463766 ], [ -73.905788494091155, 40.659729686824292 ], [ -73.905713372043209, 40.659436019791471 ], [ -73.9060669089355, 40.659383429777286 ], [ -73.909644865485845, 40.65887649254455 ] ] ] } },
{ "type": "Feature", "properties": { "group_id": "N2-093", "n_parks": 4, "extent_km": 0.383, "max_walk_m": 322.9, "park_area_acres": 5.43, "hull_area_acres": 24.93, "boroughs": "B", "members": "Livonia Park; Floyd Patterson Ballfields; Nehemiah Park; Powell Street Livonia Garden" }, "geometry": { "type": "Polygon", "coordinates": [ [ [ -73.904275990242681, 40.660144644449254 ], [ -73.905657958975624, 40.66152888833561 ], [ -73.905956398926406, 40.662688918187911 ], [ -73.905820577446818, 40.662917741830405 ], [ -73.902425350801806, 40.664155909518058 ], [ -73.901707020171699, 40.664261670598762 ], [ -73.901510166384767, 40.663551074738272 ], [ -73.901442090008842, 40.663284085272473 ], [ -73.903553157970222, 40.660252751965515 ], [ -73.904275990242681, 40.660144644449254 ] ] ] } },
{ "type": "Feature", "properties": { "group_id": "N2-094", "n_parks": 4, "extent_km": 0.649, "max_walk_m": 597.3, "park_area_acres": 1.44, "hull_area_acres": 26.1, "boroughs": "B", "members": "University Place; Bkln Bears Rockwell Pl Garden; Betty Carter Park; Fowler Square" }, "geometry": { "type": "Polygon", "coordinates": [ [ [ -73.979254687887021, 40.686810162349182 ], [ -73.979410247294112, 40.687022375605636 ], [ -73.981307579453215, 40.690021494662219 ], [ -73.981894546979504, 40.691206601712167 ], [ -73.981948668454464, 40.691315873071161 ], [ -73.981674544050847, 40.69164910603525 ], [ -73.981520171385426, 40.691836760876718 ], [ -73.975679392069367, 40.686975720488661 ], [ -73.975669250100509, 40.686927725472188 ], [ -73.979254687887021, 40.686810162349182 ] ] ] } },
{ "type": "Feature", "properties": { "group_id": "N2-095", "n_parks": 4, "extent_km": 0.408, "max_walk_m": 461.0, "park_area_acres": 0.64, "hull_area_acres": 6.06, "boroughs": "B", "members": "Concerned Residents of Montauk Avenue; Manley's Pl; Shield Of Faith; Upon This Rock Comm Garden" }, "geometry": { "type": "Polygon", "coordinates": [ [ [ -73.878331279506696, 40.673782249101379 ], [ -73.87869378785922, 40.674533027237722 ], [ -73.87874408283713, 40.674731326105167 ], [ -73.878695831159135, 40.677599420209091 ], [ -73.878340807264181, 40.677651467072145 ], [ -73.878324650734129, 40.677586192332882 ], [ -73.878291269283579, 40.677451325545015 ], [ -73.87770626594677, 40.674203266509345 ], [ -73.877962804929041, 40.673832538978054 ], [ -73.878331279506696, 40.673782249101379 ] ] ] } },
{ "type": "Feature", "properties": { "group_id": "N2-096", "n_parks": 4, "extent_km": 0.869, "max_walk_m": 739.9, "park_area_acres": 29.2, "hull_area_acres": 85.09, "boroughs": "M", "members": "The Battery; Bowling Green; Vietnam Veterans Plaza; Battery Park City (3/4)" }, "geometry": { "type": "Polygon", "coordinates": [ [ [ -74.015149484794833, 40.700803560594522 ], [ -74.016142711164392, 40.701559824111065 ], [ -74.017028912907676, 40.702417273677518 ], [ -74.019263403550923, 40.705006977589214 ], [ -74.019440616825918, 40.705819288394153 ], [ -74.019140863739267, 40.707029681728109 ], [ -74.018243004412554, 40.707721778975781 ], [ -74.017558337240445, 40.707642345655941 ], [ -74.01337262356175, 40.705672172241115 ], [ -74.013370028260852, 40.705670747933517 ], [ -74.01336778079326, 40.705669013809477 ], [ -74.010230801373993, 40.703185155317492 ], [ -74.009404215080679, 40.702421471173686 ], [ -74.009989031193584, 40.702164974148623 ], [ -74.015149484794833, 40.700803560594522 ] ] ] } },
{ "type": "Feature", "properties": { "group_id": "N2-097", "n_parks": 4, "extent_km": 0.281, "max_walk_m": 177.6, "park_area_acres": 1.23, "hull_area_acres": 6.67, "boroughs": "M", "members": "Tribeca Park; Albert Capsouto Park; Grand Canal Court; Duarte Square" }, "geometry": { "type": "Polygon", "coordinates": [ [ [ -74.005331173682933, 40.719973344230667 ], [ -74.006126182621571, 40.720313378561229 ], [ -74.006128806726608, 40.720314616622403 ], [ -74.006131111295772, 40.720316180684989 ], [ -74.006133027677208, 40.720318022125227 ], [ -74.00613449787059, 40.720320087816141 ], [ -74.006135479261502, 40.720322315624806 ], [ -74.006135941070667, 40.720324638915166 ], [ -74.006268776065767, 40.721881892897116 ], [ -74.006192721060899, 40.722288645433842 ], [ -74.005260520508145, 40.722958887818521 ], [ -74.00525554938676, 40.722960170370875 ], [ -74.005248270149863, 40.722960848786464 ], [ -74.005237939395641, 40.722959830780816 ], [ -74.005212720817397, 40.722956300127592 ], [ -74.005197935960325, 40.722953671308687 ], [ -74.005193355061124, 40.722950166732971 ], [ -74.005189857031112, 40.722944769237571 ], [ -74.004856669465426, 40.722363750795566 ], [ -74.005331173682933, 40.719973344230667 ] ] ] } },
{ "type": "Feature", "properties": { "group_id": "N2-098", "n_parks": 4, "extent_km": 0.532, "max_walk_m": 413.2, "park_area_acres": 15.27, "hull_area_acres": 45.39, "boroughs": "M", "members": "City Hall Park; Columbus Park; Thomas Paine Park; Collect Pond Park" }, "geometry": { "type": "Polygon", "coordinates": [ [ [ -74.007531729540943, 40.711768837480975 ], [ -74.007579419629437, 40.711772347243183 ], [ -74.00761987821636, 40.711779432492058 ], [ -74.007680823245693, 40.711798053704818 ], [ -74.007735310098653, 40.711824703372351 ], [ -74.007771639494308, 40.711849829676638 ], [ -74.007806421853246, 40.711882291634424 ], [ -74.007828454637774, 40.711910196964659 ], [ -74.007849559631907, 40.711948145749624 ], [ -74.007861796320228, 40.711988564336764 ], [ -74.007864684774489, 40.712006103386059 ], [ -74.007865949380587, 40.712022088264739 ], [ -74.007864903154925, 40.712051555747173 ], [ -74.007859893405069, 40.712079225180382 ], [ -74.007852894853883, 40.71210153130734 ], [ -74.007733648932827, 40.71226644629543 ], [ -74.00626408775797, 40.71399832008079 ], [ -74.001899752598419, 40.716725763861298 ], [ -74.000082144593762, 40.716101236993552 ], [ -73.999449671947374, 40.715881838103094 ], [ -73.999642883133575, 40.71406182014757 ], [ -74.005310443864147, 40.712314044995672 ], [ -74.005407990910257, 40.712285084534663 ], [ -74.00740671058, 40.711783970570487 ], [ -74.007443266866787, 40.711775685315125 ], [ -74.007490793776185, 40.711769852325979 ], [ -74.007531729540943, 40.711768837480975 ] ] ] } },
{ "type": "Feature", "properties": { "group_id": "N2-099", "n_parks": 4, "extent_km": 0.292, "max_walk_m": 335.8, "park_area_acres": 0.52, "hull_area_acres": 8.19, "boroughs": "M", "members": "A Philip Randolph Square; Adam Clayton Powell Jr. Malls (5/9); P.S. 76 Garden; TRUCE Garden" }, "geometry": { "type": "Polygon", "coordinates": [ [ [ -73.952452637298251, 40.803307501264236 ], [ -73.952457979199977, 40.803307947413323 ], [ -73.952463137626765, 40.803309761344288 ], [ -73.952467944107198, 40.803313214938193 ], [ -73.952470714059203, 40.803317518663633 ], [ -73.953273992531933, 40.804597952822775 ], [ -73.953181422583441, 40.804724433520292 ], [ -73.951059068608842, 40.806364055904808 ], [ -73.950255996679275, 40.806343769743137 ], [ -73.950249818394141, 40.806342612638147 ], [ -73.950243812178243, 40.806339564560432 ], [ -73.950238867174605, 40.806334208062552 ], [ -73.950237397194471, 40.806330050727425 ], [ -73.950237616101305, 40.806325747340054 ], [ -73.950238812845853, 40.806322862659798 ], [ -73.950239425463622, 40.806321387907829 ], [ -73.951797545740561, 40.804179733262941 ], [ -73.952438149300576, 40.803313485405766 ], [ -73.952442307628147, 40.803310203002134 ], [ -73.952447044479968, 40.80330827338625 ], [ -73.952452637298251, 40.803307501264236 ] ] ] } },
{ "type": "Feature", "properties": { "group_id": "N2-100", "n_parks": 4, "extent_km": 0.975, "max_walk_m": 332.1, "park_area_acres": 2.53, "hull_area_acres": 32.55, "boroughs": "M", "members": "Mitchel Square; Broadway Malls; McKenna Square; Audubon Playground" }, "geometry": { "type": "Polygon", "coordinates": [ [ [ -73.945270327870318, 40.833493340291675 ], [ -73.945276126397545, 40.833493581674169 ], [ -73.945282310634937, 40.833494786768412 ], [ -73.945288126689306, 40.833496782321802 ], [ -73.945293274538983, 40.833499650136957 ], [ -73.945298684175441, 40.833504238920831 ], [ -73.945301867589876, 40.833508441237058 ], [ -73.945303596658476, 40.833512188113801 ], [ -73.945304668154463, 40.833518295774958 ], [ -73.945304014950892, 40.833523994694218 ], [ -73.945302592656446, 40.8335278157179 ], [ -73.94517210737159, 40.833716591933694 ], [ -73.944735551671357, 40.834319701260604 ], [ -73.940128293487561, 40.840625242843487 ], [ -73.939925485397808, 40.840898887363181 ], [ -73.939922879565387, 40.840902397929852 ], [ -73.939920147963136, 40.840906000281208 ], [ -73.93986347163731, 40.840980703585089 ], [ -73.938160914538798, 40.841839318752108 ], [ -73.937673042802743, 40.841635836460256 ], [ -73.939072905403307, 40.838327717600549 ], [ -73.939085485529574, 40.838301719787943 ], [ -73.939104814547406, 40.838274391906111 ], [ -73.939107370963868, 40.838271693575642 ], [ -73.945250915476194, 40.833498527831132 ], [ -73.945256330997083, 40.833495961291277 ], [ -73.945262869837336, 40.83349414899817 ], [ -73.945270327870318, 40.833493340291675 ] ] ] } },
{ "type": "Feature", "properties": { "group_id": "N2-101", "n_parks": 4, "extent_km": 0.796, "max_walk_m": 688.3, "park_area_acres": 2.0, "hull_area_acres": 44.52, "boroughs": "M", "members": "Park Avenue Malls; Park Avenue Malls (2/8); Park Avenue Malls (7/8); Grand Army Plaza" }, "geometry": { "type": "Polygon", "coordinates": [ [ [ -73.970677000383745, 40.761681045622417 ], [ -73.97068804215904, 40.76168276209237 ], [ -73.970697983064326, 40.761685942501572 ], [ -73.97070719663688, 40.7616921925448 ], [ -73.973803462507576, 40.763888075114167 ], [ -73.973833622392917, 40.763914274933313 ], [ -73.973857301552158, 40.763940402134182 ], [ -73.973871621430149, 40.763967907680772 ], [ -73.973882919707549, 40.763999264897429 ], [ -73.973889321689072, 40.764031095568946 ], [ -73.973885518851745, 40.764064004532216 ], [ -73.973878182636412, 40.764085960762564 ], [ -73.973867233076106, 40.764110605978743 ], [ -73.973632311983224, 40.764444113592177 ], [ -73.973621173331466, 40.76445838313203 ], [ -73.965546116610668, 40.768810808848038 ], [ -73.965471564674928, 40.768779407068877 ], [ -73.965705184666135, 40.76845779392594 ], [ -73.969357015040046, 40.76345010133555 ], [ -73.970636268269701, 40.76169996565303 ], [ -73.970641615978863, 40.761693375323119 ], [ -73.970649729979641, 40.76168737913018 ], [ -73.970660549452617, 40.761682927990883 ], [ -73.970677000383745, 40.761681045622417 ] ] ] } },
{ "type": "Feature", "properties": { "group_id": "N2-102", "n_parks": 4, "extent_km": 0.295, "max_walk_m": 349.2, "park_area_acres": 0.94, "hull_area_acres": 6.8, "boroughs": "M", "members": "Vesuvio Playground; Playground of the Americas; Charlton Plaza; Father Fagan Park" }, "geometry": { "type": "Polygon", "coordinates": [ [ [ -74.002639658501522, 40.724982313931243 ], [ -74.002866495221369, 40.725093554701111 ], [ -74.003603482535851, 40.726277285531523 ], [ -74.003573951215387, 40.727057158684367 ], [ -74.003535727684067, 40.727332771402111 ], [ -74.003525520449699, 40.727396660114564 ], [ -74.002746192127532, 40.728128862509614 ], [ -74.002591512978469, 40.728053059468628 ], [ -74.002152538565596, 40.725571557775574 ], [ -74.002639658501522, 40.724982313931243 ] ] ] } },
{ "type": "Feature", "properties": { "group_id": "N2-103", "n_parks": 4, "extent_km": 0.513, "max_walk_m": 454.5, "park_area_acres": 2.59, "hull_area_acres": 13.35, "boroughs": "M", "members": "Queensboro Oval; Twenty-Four Sycamores Park; Honey Locust Park; Tramway Plaza" }, "geometry": { "type": "Polygon", "coordinates": [ [ [ -73.959826129724092, 40.758799643484991 ], [ -73.962593320977888, 40.759953406939211 ], [ -73.963182013595215, 40.760201414588288 ], [ -73.963385928298734, 40.760288415202808 ], [ -73.96467115326675, 40.760848381999764 ], [ -73.964318467172276, 40.761330009041231 ], [ -73.958714545995733, 40.759790043550574 ], [ -73.95827002036043, 40.759601934525541 ], [ -73.958619900934195, 40.759122605838634 ], [ -73.959826129724092, 40.758799643484991 ] ] ] } },
{ "type": "Feature", "properties": { "group_id": "N2-104", "n_parks": 4, "extent_km": 0.819, "max_walk_m": 758.4, "park_area_acres": 5.61, "hull_area_acres": 22.12, "boroughs": "M", "members": "Stuyvesant Square; Abe Lebewohl Park; Augustus St. Gaudens Playground; Peter's Field" }, "geometry": { "type": "Polygon", "coordinates": [ [ [ -73.986919066914382, 40.729906682898203 ], [ -73.98734638696817, 40.730086902589704 ], [ -73.985123435907752, 40.733429130025876 ], [ -73.984345833202568, 40.734493479652272 ], [ -73.984341929339976, 40.734496787587723 ], [ -73.981739966962195, 40.736471329742969 ], [ -73.981087560953199, 40.736194667719232 ], [ -73.981414331107402, 40.735748824590559 ], [ -73.983644428939002, 40.732779681110586 ], [ -73.986919066914382, 40.729906682898203 ] ] ] } },
{ "type": "Feature", "properties": { "group_id": "N2-105", "n_parks": 4, "extent_km": 0.408, "max_walk_m": 295.6, "park_area_acres": 4.4, "hull_area_acres": 32.34, "boroughs": "M", "members": "Broadway Malls (3/11); Broadway Malls (6/11); Frederick Douglass Playground; Happy Warrior Playground" }, "geometry": { "type": "Polygon", "coordinates": [ [ [ -73.971518809989419, 40.794925842719621 ], [ -73.971612272241217, 40.794965141551423 ], [ -73.967961305311107, 40.800955651999622 ], [ -73.967885650743952, 40.800942352534086 ], [ -73.966842756528379, 40.797482435754681 ], [ -73.967906019948686, 40.795649103165168 ], [ -73.967992486937419, 40.795528245909253 ], [ -73.968600757326698, 40.794952260771147 ], [ -73.971518809989419, 40.794925842719621 ] ] ] } },
{ "type": "Feature", "properties": { "group_id": "N2-106", "n_parks": 4, "extent_km": 0.607, "max_walk_m": 510.3, "park_area_acres": 2.46, "hull_area_acres": 31.89, "boroughs": "M", "members": "Broadway Malls (7/11); Booker T. Washington Playground; Anibal Aviles Playground; Mobilization For Change" }, "geometry": { "type": "Polygon", "coordinates": [ [ [ -73.962084507453639, 40.799623216493693 ], [ -73.967961305311107, 40.800955651999622 ], [ -73.967864433003399, 40.802045722355068 ], [ -73.967863140333492, 40.802060038126697 ], [ -73.967861252797391, 40.80207431230955 ], [ -73.967824172766043, 40.802283528385772 ], [ -73.967781368790824, 40.802482896788902 ], [ -73.967780703670357, 40.802485993418628 ], [ -73.967771067556114, 40.802526321367701 ], [ -73.967764578932417, 40.80254944616518 ], [ -73.967759818707449, 40.802566408431495 ], [ -73.967746942925771, 40.802606203277143 ], [ -73.967716434678252, 40.802685543093581 ], [ -73.967714983564107, 40.802689269851903 ], [ -73.967647212225643, 40.802862293407969 ], [ -73.967643168577126, 40.802872608387503 ], [ -73.967587117815185, 40.803009878186387 ], [ -73.967584904405385, 40.803014211664731 ], [ -73.967320724804182, 40.803379514452303 ], [ -73.967217638167696, 40.8035213362459 ], [ -73.966848124290024, 40.804028256358869 ], [ -73.966799074438896, 40.804094713450844 ], [ -73.966794908691341, 40.804097562329225 ], [ -73.966788434351287, 40.804100573532608 ], [ -73.966777388197798, 40.804103229522227 ], [ -73.966767912425809, 40.804103175462572 ], [ -73.966758717059136, 40.804101660874167 ], [ -73.966750648230871, 40.804098696807159 ], [ -73.966744436791757, 40.804094956145114 ], [ -73.962402524874292, 40.80116124720827 ], [ -73.962036928286608, 40.799688903964224 ], [ -73.962084507453639, 40.799623216493693 ] ] ] } },
{ "type": "Feature", "properties": { "group_id": "N2-107", "n_parks": 4, "extent_km": 0.57, "max_walk_m": 537.1, "park_area_acres": 10.78, "hull_area_acres": 47.49, "boroughs": "M", "members": "Washington Square Park; Mercer Playground; Merchant's House Museum; Fiorello La Guardia Park" }, "geometry": { "type": "Polygon", "coordinates": [ [ [ -73.99668266149753, 40.727055281598382 ], [ -73.998657754497984, 40.728016665135158 ], [ -73.998809330145178, 40.72809108124229 ], [ -73.999474392569667, 40.731077669624923 ], [ -73.998594521645657, 40.732114762346562 ], [ -73.997279091918003, 40.731468213458939 ], [ -73.995728721691151, 40.73070320704678 ], [ -73.992105756355457, 40.727877583522236 ], [ -73.992363711477083, 40.727572341949205 ], [ -73.99668266149753, 40.727055281598382 ] ] ] } },
{ "type": "Feature", "properties": { "group_id": "N2-108", "n_parks": 4, "extent_km": 0.268, "max_walk_m": 186.6, "park_area_acres": 4.12, "hull_area_acres": 14.16, "boroughs": "M", "members": "Triboro Plaza; Crack Is Wack Playground; Harlem River Park; Harlem River Park" }, "geometry": { "type": "Polygon", "coordinates": [ [ [ -73.931631640858143, 40.801468535503496 ], [ -73.933546663144384, 40.801953739426637 ], [ -73.933739314069072, 40.802035182505684 ], [ -73.933778508162646, 40.802194414172781 ], [ -73.93224512652111, 40.804470643632406 ], [ -73.9319261246103, 40.80491104723226 ], [ -73.931254456470796, 40.804507499855781 ], [ -73.931125117222962, 40.804354200980384 ], [ -73.930638748366334, 40.803604595248324 ], [ -73.930736038236219, 40.803340289766403 ], [ -73.931204355334771, 40.802225496642791 ], [ -73.931457927655131, 40.801707738209551 ], [ -73.931580508312109, 40.801538944916651 ], [ -73.931631640858143, 40.801468535503496 ] ] ] } },
{ "type": "Feature", "properties": { "group_id": "N2-109", "n_parks": 4, "extent_km": 0.226, "max_walk_m": 209.3, "park_area_acres": 3.15, "hull_area_acres": 7.08, "boroughs": "Q", "members": "Park Of The Americas; Veteran's Square; Corona Plaza; American Triangle" }, "geometry": { "type": "Polygon", "coordinates": [ [ [ -73.863333226328649, 40.747645132528 ], [ -73.863459963794426, 40.748451079294526 ], [ -73.863459711030913, 40.748452505398383 ], [ -73.863458317848995, 40.748460359772167 ], [ -73.863454234225841, 40.748467162766083 ], [ -73.86263972566465, 40.749746401248395 ], [ -73.862349574618619, 40.749762981701345 ], [ -73.861473417744989, 40.749193283559691 ], [ -73.861043723635305, 40.748332190813798 ], [ -73.863333226328649, 40.747645132528 ] ] ] } },
{ "type": "Feature", "properties": { "group_id": "N2-110", "n_parks": 4, "extent_km": 0.523, "max_walk_m": 460.5, "park_area_acres": 0.88, "hull_area_acres": 22.76, "boroughs": "Q", "members": "William F Moore Park; Josephine Caminiti Playground; Corona Taxpayers Association; Corona Health Sanctuary" }, "geometry": { "type": "Polygon", "coordinates": [ [ [ -73.860041640090856, 40.74143389033388 ], [ -73.860212603014887, 40.741598691055593 ], [ -73.861741930861129, 40.743799899203459 ], [ -73.861691182325103, 40.744174652156865 ], [ -73.855360960876496, 40.743820071016948 ], [ -73.855186715595437, 40.74348127995961 ], [ -73.860041640090856, 40.74143389033388 ] ] ] } },
{ "type": "Feature", "properties": { "group_id": "N2-111", "n_parks": 4, "extent_km": 0.462, "max_walk_m": 332.2, "park_area_acres": 3.03, "hull_area_acres": 11.17, "boroughs": "Q", "members": "McKenna Triangle; Short Triangle; Murray Playground; Court Square Park" }, "geometry": { "type": "Polygon", "coordinates": [ [ [ -73.945446484576763, 40.746045014650008 ], [ -73.94987431818015, 40.747149002752998 ], [ -73.94969886192257, 40.747679992735705 ], [ -73.943322029905616, 40.746620060915397 ], [ -73.943066775817755, 40.746304193993446 ], [ -73.943600815529862, 40.746091551749963 ], [ -73.945446484576763, 40.746045014650008 ] ] ] } },
{ "type": "Feature", "properties": { "group_id": "N2-112", "n_parks": 4, "extent_km": 0.977, "max_walk_m": 627.6, "park_area_acres": 4.06, "hull_area_acres": 56.88, "boroughs": "Q", "members": "Elmjack Mall; Nine Heroes Plaza; Frank D. O'Connor Playground; Moore Homestead Playground" }, "geometry": { "type": "Polygon", "coordinates": [ [ [ -73.882853567363512, 40.741716963136454 ], [ -73.889812165827706, 40.743383617789007 ], [ -73.889825059615404, 40.74338853518848 ], [ -73.890180208780663, 40.745215830108727 ], [ -73.890608120219838, 40.747419962908971 ], [ -73.890887892478005, 40.74889463904158 ], [ -73.890883406677077, 40.748901439922008 ], [ -73.890881452102974, 40.748901947757226 ], [ -73.89087516311406, 40.748903580721546 ], [ -73.890866688022186, 40.7489024929842 ], [ -73.88136169378862, 40.741903320655247 ], [ -73.881384254366466, 40.741881273346515 ], [ -73.882853567363512, 40.741716963136454 ] ] ] } },
{ "type": "Feature", "properties": { "group_id": "N2-113", "n_parks": 4, "extent_km": 0.296, "max_walk_m": 419.8, "park_area_acres": 4.32, "hull_area_acres": 12.92, "boroughs": "Q", "members": "Vito Locascio Field; Rocket Playground; Park; Park" }, "geometry": { "type": "Polygon", "coordinates": [ [ [ -73.842722461942842, 40.669305911776718 ], [ -73.846763189066138, 40.669479794007671 ], [ -73.847186034160359, 40.669603613796276 ], [ -73.847185804358404, 40.669606352863276 ], [ -73.846898209306616, 40.670551001630905 ], [ -73.846591568830135, 40.670998047302781 ], [ -73.846409540040185, 40.671041181422538 ], [ -73.843041363002982, 40.6704532537196 ], [ -73.842722461942842, 40.669305911776718 ] ] ] } },
{ "type": "Feature", "properties": { "group_id": "N2-114", "n_parks": 4, "extent_km": 0.412, "max_walk_m": 429.1, "park_area_acres": 7.47, "hull_area_acres": 31.51, "boroughs": "Q", "members": "Marconi Park; Jamaica Playground; George Washington Carver Botanical Garden; Discovery Garden" }, "geometry": { "type": "Polygon", "coordinates": [ [ [ -73.794717137457511, 40.692379901967485 ], [ -73.795958203672527, 40.692613148879857 ], [ -73.795965065008986, 40.692614884631098 ], [ -73.795972371962904, 40.692617913411461 ], [ -73.795978593809465, 40.692621785851635 ], [ -73.79598168209202, 40.69262435509377 ], [ -73.796128990812491, 40.69282209646093 ], [ -73.79637086944004, 40.693172654053846 ], [ -73.796363658363418, 40.694305738905257 ], [ -73.795575540730127, 40.694640132105015 ], [ -73.795566609976092, 40.69464223335256 ], [ -73.790770965227352, 40.695061137122089 ], [ -73.790755451276212, 40.69503987746949 ], [ -73.790663129992197, 40.694913360990441 ], [ -73.790629424515188, 40.694867169883807 ], [ -73.78999743106786, 40.693042814290273 ], [ -73.790925136585727, 40.692652208235721 ], [ -73.794717137457511, 40.692379901967485 ] ] ] } },
{ "type": "Feature", "properties": { "group_id": "N2-115", "n_parks": 4, "extent_km": 0.679, "max_walk_m": 746.7, "park_area_acres": 7.89, "hull_area_acres": 55.36, "boroughs": "Q", "members": "Dr. Charles R. Drew Park; Foch Sitting Area; Playground One Forty; Sergeant Colyer Square" }, "geometry": { "type": "Polygon", "coordinates": [ [ [ -73.800827380453413, 40.674442463285715 ], [ -73.805842233663611, 40.674872871869617 ], [ -73.805841393482666, 40.674891702065622 ], [ -73.804194592989774, 40.681276339026581 ], [ -73.802633132249539, 40.681720600314371 ], [ -73.801872524020894, 40.680170017487434 ], [ -73.800827380453413, 40.674442463285715 ] ] ] } },
{ "type": "Feature", "properties": { "group_id": "N2-116", "n_parks": 4, "extent_km": 0.59, "max_walk_m": 289.4, "park_area_acres": 30.88, "hull_area_acres": 59.53, "boroughs": "Q", "members": "Broad Channel Park; Broad Channel American Park; Sunset Cove Park; Park" }, "geometry": { "type": "Polygon", "coordinates": [ [ [ -73.823884289771811, 40.594141828077014 ], [ -73.824798739606067, 40.595309210679524 ], [ -73.823892105428413, 40.599785292027832 ], [ -73.822290292298334, 40.60213809554665 ], [ -73.821968340222611, 40.602109660313005 ], [ -73.81937749046989, 40.601516003163908 ], [ -73.819467493734763, 40.600941506660853 ], [ -73.819557936642838, 40.600364198410752 ], [ -73.821329407435456, 40.595777712328349 ], [ -73.823884289771811, 40.594141828077014 ] ] ] } },
{ "type": "Feature", "properties": { "group_id": "N2-117", "n_parks": 4, "extent_km": 0.783, "max_walk_m": 762.1, "park_area_acres": 18.95, "hull_area_acres": 89.64, "boroughs": "R", "members": "Eibs Pond Park; Lopez Playground; Sobel Court Park; Targee Street Triangle" }, "geometry": { "type": "Polygon", "coordinates": [ [ [ -74.087229375536793, 40.608364180930089 ], [ -74.088202710773942, 40.608742588484986 ], [ -74.084563815561836, 40.615125132675786 ], [ -74.084258953061152, 40.615346490360878 ], [ -74.083731182279124, 40.615251734130844 ], [ -74.078266300710212, 40.612754322882026 ], [ -74.078530974815521, 40.612263060966654 ], [ -74.080778276506251, 40.609922293256943 ], [ -74.081298537034186, 40.609399299621053 ], [ -74.081505998637596, 40.609288131860168 ], [ -74.087229375536793, 40.608364180930089 ] ] ] } },
{ "type": "Feature", "properties": { "group_id": "N2-118", "n_parks": 4, "extent_km": 0.478, "max_walk_m": 379.2, "park_area_acres": 9.61, "hull_area_acres": 65.99, "boroughs": "X", "members": "Aqueduct Walk; Aqueduct Walk (3/5); Devoe Park; Davidson Ave. Community Gardeners Group" }, "geometry": { "type": "Polygon", "coordinates": [ [ [ -73.906094821806605, 40.860254575901386 ], [ -73.906279280557413, 40.860349026298337 ], [ -73.90875728332098, 40.862951790081439 ], [ -73.908773326272296, 40.862972014267491 ], [ -73.908780988594799, 40.862990168803115 ], [ -73.90878347042721, 40.863005388147513 ], [ -73.908782504550146, 40.86302122880582 ], [ -73.908777431056308, 40.863037999124415 ], [ -73.908770287049336, 40.863050981244768 ], [ -73.908752287759086, 40.863070822818464 ], [ -73.90868643483465, 40.863123234174573 ], [ -73.908604839590623, 40.863180840558329 ], [ -73.908516237197063, 40.863233700248109 ], [ -73.900109187835355, 40.867924380877106 ], [ -73.899970812841161, 40.867890851048237 ], [ -73.900649516358484, 40.864195093735631 ], [ -73.90073404137982, 40.864082539496501 ], [ -73.906094821806605, 40.860254575901386 ] ] ] } },
{ "type": "Feature", "properties": { "group_id": "N2-119", "n_parks": 4, "extent_km": 0.492, "max_walk_m": 407.8, "park_area_acres": 2.4, "hull_area_acres": 24.91, "boroughs": "X", "members": "Aqueduct Walk (1/5); Grand Playground; Davidson Playground; Leave it Better Kids' Garden" }, "geometry": { "type": "Polygon", "coordinates": [ [ [ -73.910580134355214, 40.852070833425167 ], [ -73.910587166263454, 40.852071289121426 ], [ -73.910594120471984, 40.85207220220687 ], [ -73.910600947182033, 40.852073565439007 ], [ -73.910607594226335, 40.852075368872029 ], [ -73.910614010627469, 40.852077599859555 ], [ -73.910620152530612, 40.852080240357822 ], [ -73.910625972523121, 40.852083272320321 ], [ -73.9106314279434, 40.85208667230129 ], [ -73.910636479688748, 40.852090415957136 ], [ -73.910641087476463, 40.852094474441039 ], [ -73.910645218138299, 40.852098819812035 ], [ -73.910648845629808, 40.85210341783143 ], [ -73.910651936789975, 40.852108235155278 ], [ -73.910654471503989, 40.852113237549446 ], [ -73.910656432036035, 40.852118385378496 ], [ -73.910657801831562, 40.852123642610053 ], [ -73.910658599231951, 40.852130363598008 ], [ -73.910659130728959, 40.852156699793056 ], [ -73.910658644592871, 40.852184883909651 ], [ -73.910655913444614, 40.852227235525788 ], [ -73.910396805425165, 40.855366129734641 ], [ -73.909939917055837, 40.856228979854279 ], [ -73.909840137591914, 40.856384112379196 ], [ -73.909836946475053, 40.856389060785695 ], [ -73.909833747060617, 40.856394005583653 ], [ -73.909830536975406, 40.856398947671693 ], [ -73.909827317409039, 40.856403884349326 ], [ -73.909824088357837, 40.856408818317924 ], [ -73.909820848637082, 40.856413748676118 ], [ -73.909817600618695, 40.856418675425807 ], [ -73.909814341930741, 40.856423598565101 ], [ -73.909811073760466, 40.856428517194416 ], [ -73.909807794920553, 40.856433432213322 ], [ -73.909804507783022, 40.856438343623687 ], [ -73.909801209974759, 40.856443252324134 ], [ -73.909797902685256, 40.856448155614125 ], [ -73.909794585910959, 40.856453056195122 ], [ -73.909791258467081, 40.856457953165702 ], [ -73.909787921540811, 40.856462845626375 ], [ -73.90978457631816, 40.856467733577915 ], [ -73.909781219238681, 40.856472618818664 ], [ -73.909777853861598, 40.856477500450829 ], [ -73.909774479002166, 40.856482377573052 ], [ -73.909771093474319, 40.856487250184358 ], [ -73.909767699647645, 40.856492120087587 ], [ -73.909764293965296, 40.856496986379469 ], [ -73.909760881173852, 40.85650184726277 ], [ -73.909757457711564, 40.856506705436139 ], [ -73.909754023580845, 40.856511559098578 ], [ -73.909750581151329, 40.856516410052976 ], [ -73.9097471292406, 40.856521255596896 ], [ -73.909743666660248, 40.85652609753037 ], [ -73.909740194596296, 40.856530935854387 ], [ -73.909736713049952, 40.856535769668419 ], [ -73.909733223205961, 40.856540599873853 ], [ -73.909729722693555, 40.856545425568427 ], [ -73.909726212696299, 40.856550248553937 ], [ -73.909722692031878, 40.856555066128074 ], [ -73.909719163068615, 40.856559880994126 ], [ -73.909715625810122, 40.856564690450639 ], [ -73.909712076696039, 40.856569496295783 ], [ -73.90970851928428, 40.856574298532387 ], [ -73.909704951204134, 40.856579096258038 ], [ -73.909701374826298, 40.85658389037512 ], [ -73.909697788966142, 40.856588679982231 ], [ -73.909694192437485, 40.856593465078397 ], [ -73.909690587611237, 40.85659824656598 ], [ -73.909686972115281, 40.856603024443189 ], [ -73.90968334832418, 40.856607796910779 ], [ -73.909679715049407, 40.856612565768899 ], [ -73.909676071106233, 40.856617330116066 ], [ -73.909672418862925, 40.856622092655641 ], [ -73.909668757140878, 40.856626847983726 ], [ -73.909665084747942, 40.856631600601915 ], [ -73.909661404058639, 40.856636348710985 ], [ -73.909657713885636, 40.856641093210598 ], [ -73.909654014230171, 40.856645833200155 ], [ -73.909650305093521, 40.856650567779205 ], [ -73.909646585285955, 40.856655299648331 ], [ -73.909642858369253, 40.856660026108862 ], [ -73.909639119596804, 40.856664748957954 ], [ -73.909635374899963, 40.856669467299852 ], [ -73.909631618347433, 40.856674182030368 ], [ -73.909605282161635, 40.856707169800529 ], [ -73.909318098711537, 40.857031183353484 ], [ -73.908488794231118, 40.85792145842597 ], [ -73.908312356121513, 40.857832974324111 ], [ -73.906921898601439, 40.856179476165288 ], [ -73.907466442287344, 40.855103107618547 ], [ -73.907675491020839, 40.85487400098728 ], [ -73.910562226213003, 40.852071362539419 ], [ -73.910568054219112, 40.852071077999696 ], [ -73.910575031307886, 40.852070850180901 ], [ -73.910580134355214, 40.852070833425167 ] ] ] } },
{ "type": "Feature", "properties": { "group_id": "N2-120", "n_parks": 4, "extent_km": 0.452, "max_walk_m": 404.8, "park_area_acres": 14.08, "hull_area_acres": 43.92, "boroughs": "X", "members": "Bryan Park; Muller Triangle; Poe Park; St. James Park" }, "geometry": { "type": "Polygon", "coordinates": [ [ [ -73.893965110040156, 40.862055361769457 ], [ -73.893972280891077, 40.862055559263226 ], [ -73.898173974532824, 40.862436537654183 ], [ -73.89817898466012, 40.862437306591914 ], [ -73.898184331779973, 40.862438760199389 ], [ -73.898190533409021, 40.862441429322061 ], [ -73.89819592248611, 40.862444918074182 ], [ -73.898200400640462, 40.862449176842034 ], [ -73.899527856884689, 40.864494376471782 ], [ -73.898487799025204, 40.865832653079629 ], [ -73.897872500684741, 40.866591698417224 ], [ -73.894218721743414, 40.865775121265266 ], [ -73.894123236787024, 40.865726495486733 ], [ -73.894119132439144, 40.865723648874145 ], [ -73.894115251903543, 40.865720291889083 ], [ -73.894097748336378, 40.865704218290766 ], [ -73.894085332451368, 40.865688758091004 ], [ -73.894076904797075, 40.865674575744208 ], [ -73.894070641841665, 40.865659683997045 ], [ -73.894068582812153, 40.865652886109878 ], [ -73.894066690071369, 40.865644457588154 ], [ -73.894063845455733, 40.865624474007191 ], [ -73.894058840497948, 40.865582366108185 ], [ -73.894055708724565, 40.865536393225035 ], [ -73.89393136441889, 40.86208502442409 ], [ -73.893931483412359, 40.862079578367414 ], [ -73.893933017227155, 40.862074256077989 ], [ -73.893935905034354, 40.86206926911521 ], [ -73.893940032656516, 40.862064812780361 ], [ -73.893945239685834, 40.862061065223031 ], [ -73.893951318326557, 40.862058169430043 ], [ -73.893958027611191, 40.862056244044524 ], [ -73.893965110040156, 40.862055361769457 ] ] ] } },
{ "type": "Feature", "properties": { "group_id": "N2-121", "n_parks": 4, "extent_km": 0.677, "max_walk_m": 609.0, "park_area_acres": 43.59, "hull_area_acres": 105.45, "boroughs": "X", "members": "Claremont Park; Michel Triangle; Grant Park; Claremont Neighborhood Garden" }, "geometry": { "type": "Polygon", "coordinates": [ [ [ -73.910096860792379, 40.833975876532762 ], [ -73.910427277777501, 40.834087028637477 ], [ -73.914240718334085, 40.835873886926699 ], [ -73.909469939000473, 40.842714505358487 ], [ -73.905373666442429, 40.843112725108284 ], [ -73.905097142780292, 40.843048024409804 ], [ -73.905134372382804, 40.84259385790903 ], [ -73.905291655546492, 40.840892248072159 ], [ -73.905307346357972, 40.840733880334056 ], [ -73.905355164661685, 40.840506787164813 ], [ -73.905687912960857, 40.839374685215908 ], [ -73.906074245558955, 40.838554505537445 ], [ -73.906097032196797, 40.838512357560568 ], [ -73.910096860792379, 40.833975876532762 ] ] ] } },
{ "type": "Feature", "properties": { "group_id": "N2-122", "n_parks": 4, "extent_km": 0.808, "max_walk_m": 749.0, "park_area_acres": 2.28, "hull_area_acres": 25.99, "boroughs": "X", "members": "Rose Hill Park; Webster Playground; Washington Park; Thorpe Family Playground" }, "geometry": { "type": "Polygon", "coordinates": [ [ [ -73.893512186229913, 40.855486005375944 ], [ -73.893616972180951, 40.855529295021888 ], [ -73.893728110955976, 40.855575209053434 ], [ -73.893839248698413, 40.855621122976459 ], [ -73.894061523456216, 40.855712951399596 ], [ -73.895104988421693, 40.856163562520329 ], [ -73.893377085391336, 40.859385963695914 ], [ -73.893149103153291, 40.859740478637491 ], [ -73.890852977925533, 40.861863291006998 ], [ -73.890824906791167, 40.861888435859839 ], [ -73.889574772606011, 40.862809207918481 ], [ -73.893152348393585, 40.85598044860285 ], [ -73.893333852988917, 40.855731048960934 ], [ -73.893512186229913, 40.855486005375944 ] ] ] } },
{ "type": "Feature", "properties": { "group_id": "N2-123", "n_parks": 4, "extent_km": 0.382, "max_walk_m": 394.1, "park_area_acres": 2.61, "hull_area_acres": 19.14, "boroughs": "X", "members": "D'Auria-Murphy Triangle; Hutton Triangle; Whalen Grove; Belmont Playground" }, "geometry": { "type": "Polygon", "coordinates": [ [ [ -73.887468003336778, 40.849643055566851 ], [ -73.887844575468023, 40.84983810516384 ], [ -73.88827197352586, 40.850151657131711 ], [ -73.890292250706537, 40.852280876552001 ], [ -73.890295162314303, 40.852284375931347 ], [ -73.890297263408456, 40.852288194214559 ], [ -73.890298494866357, 40.852292225987888 ], [ -73.890298823669141, 40.852296357757979 ], [ -73.890298239336346, 40.852300472450878 ], [ -73.890296758659389, 40.852304455720095 ], [ -73.890294422145246, 40.852308195042482 ], [ -73.890291297563849, 40.85231158602555 ], [ -73.889363583687114, 40.853282537989998 ], [ -73.889354561699264, 40.853289259613788 ], [ -73.8893441897917, 40.853294743566686 ], [ -73.889332757592371, 40.85329883524161 ], [ -73.889320585495227, 40.853301421483621 ], [ -73.889307705357709, 40.85330402595531 ], [ -73.888852751686485, 40.853360276297423 ], [ -73.888845012360193, 40.853358053630785 ], [ -73.885745348504742, 40.851076191524193 ], [ -73.885739074882665, 40.851071465830621 ], [ -73.885733895887711, 40.851066028931498 ], [ -73.885729948837024, 40.851060025041775 ], [ -73.885727337814401, 40.851053614552377 ], [ -73.885726133682866, 40.851046966826082 ], [ -73.885726366972207, 40.851040258389659 ], [ -73.885728032630524, 40.851033668436138 ], [ -73.885731086478913, 40.851027371617079 ], [ -73.885735446403615, 40.851021534442232 ], [ -73.885740997102687, 40.851016313482809 ], [ -73.886966639932879, 40.850037094555795 ], [ -73.887468003336778, 40.849643055566851 ] ] ] } },
{ "type": "Feature", "properties": { "group_id": "N2-124", "n_parks": 4, "extent_km": 0.569, "max_walk_m": 560.7, "park_area_acres": 4.35, "hull_area_acres": 52.97, "boroughs": "X", "members": "Henry Hudson Parkway (2/8); Henry Hudson Parkway (4/8); Henry Hudson Parkway (7/8); Bell Tower Park" }, "geometry": { "type": "Polygon", "coordinates": [ [ [ -73.914292148327007, 40.885061840586218 ], [ -73.908272928196936, 40.895641790684508 ], [ -73.90794196774678, 40.895624572084472 ], [ -73.908020275287271, 40.890810528850153 ], [ -73.908084821237239, 40.889015140537943 ], [ -73.913353866847842, 40.885401731018355 ], [ -73.914292148327007, 40.885061840586218 ] ] ] } },
{ "type": "Feature", "properties": { "group_id": "N2-125", "n_parks": 4, "extent_km": 0.831, "max_walk_m": 446.7, "park_area_acres": 24.72, "hull_area_acres": 94.27, "boroughs": "X", "members": "Freeman Triangle; Starlight Park; Daniel Boone Playground; Concrete Plant Park" }, "geometry": { "type": "Polygon", "coordinates": [ [ [ -73.885056457754047, 40.822973056398325 ], [ -73.887975351380064, 40.829227838259904 ], [ -73.887957396833443, 40.829389006827633 ], [ -73.881867659274761, 40.835210007130904 ], [ -73.880260845039402, 40.83465627745035 ], [ -73.88473385429694, 40.823021870871187 ], [ -73.885056457754047, 40.822973056398325 ] ] ] } },
{ "type": "Feature", "properties": { "group_id": "N2-126", "n_parks": 4, "extent_km": 0.32, "max_walk_m": 359.0, "park_area_acres": 1.85, "hull_area_acres": 10.56, "boroughs": "X", "members": "Gouverneur Morris Triangle; Millbrook Playground; St. Luke's Park; United We Stand Garden" }, "geometry": { "type": "Polygon", "coordinates": [ [ [ -73.916324708533224, 40.803981825021062 ], [ -73.917212075131758, 40.80435526957384 ], [ -73.917138498469697, 40.804679146884105 ], [ -73.915564799006134, 40.805885120964803 ], [ -73.91270145696501, 40.804720665736319 ], [ -73.912667897206589, 40.804704936516565 ], [ -73.912663782583493, 40.804701346712136 ], [ -73.912660482709214, 40.804697300071382 ], [ -73.912658081584695, 40.804692902916898 ], [ -73.912656644239007, 40.804688269661291 ], [ -73.912656206065932, 40.804683520998424 ], [ -73.912656778754098, 40.804678780305409 ], [ -73.912658349104433, 40.804674171841107 ], [ -73.912660874296762, 40.80466981533943 ], [ -73.912664289002876, 40.804665824213629 ], [ -73.912668504206124, 40.80466230195357 ], [ -73.912673410756398, 40.804659342128502 ], [ -73.91274394349071, 40.804624639879371 ], [ -73.91281917875915, 40.804590671448047 ], [ -73.912822420036179, 40.804589695957354 ], [ -73.916324708533224, 40.803981825021062 ] ] ] } },
{ "type": "Feature", "properties": { "group_id": "N2-127", "n_parks": 4, "extent_km": 0.487, "max_walk_m": 581.4, "park_area_acres": 3.38, "hull_area_acres": 22.04, "boroughs": "X", "members": "Captain Rivera Playground; Abigail Playground; Fountain Of Youth Playground; El Flamboyan Garden" }, "geometry": { "type": "Polygon", "coordinates": [ [ [ -73.905206161451673, 40.813348627388528 ], [ -73.905923633396029, 40.813496437425741 ], [ -73.907405453710084, 40.817752453912405 ], [ -73.90718339207173, 40.818289235458892 ], [ -73.904467754901518, 40.817663390810722 ], [ -73.904199650784236, 40.817260855047543 ], [ -73.904816910320832, 40.814437156078107 ], [ -73.905206161451673, 40.813348627388528 ] ] ] } },
{ "type": "Feature", "properties": { "group_id": "N2-128", "n_parks": 3, "extent_km": 0.527, "max_walk_m": 346.5, "park_area_acres": 36.62, "hull_area_acres": 61.55, "boroughs": "B", "members": "American Playground; Bushwick Inlet Park; 61 Franklin Street Garden" }, "geometry": { "type": "Polygon", "coordinates": [ [ [ -73.960594439909997, 40.721483368889871 ], [ -73.962680555583262, 40.722779138980776 ], [ -73.9639131080624, 40.723545927537153 ], [ -73.962567650063775, 40.725457336760982 ], [ -73.958282832982945, 40.729009578498683 ], [ -73.957583794329324, 40.729074532559096 ], [ -73.957322062190897, 40.727522649344643 ], [ -73.957658422570745, 40.725322804717671 ], [ -73.95786879602916, 40.724015301023201 ], [ -73.960008413453934, 40.722027270937716 ], [ -73.960594439909997, 40.721483368889871 ] ] ] } },
{ "type": "Feature", "properties": { "group_id": "N2-129", "n_parks": 3, "extent_km": 0.63, "max_walk_m": 671.5, "park_area_acres": 9.74, "hull_area_acres": 59.38, "boroughs": "B", "members": "Brower Park; Eastern Parkway (6/10); St. Mark's Playground" }, "geometry": { "type": "Polygon", "coordinates": [ [ [ -73.940803824667853, 40.669042811745349 ], [ -73.942335380067476, 40.669119459248151 ], [ -73.944132251871082, 40.669217051362921 ], [ -73.9448746319663, 40.669257363563723 ], [ -73.945334584325764, 40.669290448816469 ], [ -73.945282430487438, 40.669848672463011 ], [ -73.944341246648392, 40.674793635667456 ], [ -73.940349648931814, 40.674773998844728 ], [ -73.940057426906293, 40.674758082551016 ], [ -73.939870073623268, 40.674728206553517 ], [ -73.93988580396568, 40.674573899797878 ], [ -73.940803824667853, 40.669042811745349 ] ] ] } },
{ "type": "Feature", "properties": { "group_id": "N2-130", "n_parks": 3, "extent_km": 0.468, "max_walk_m": 494.2, "park_area_acres": 5.85, "hull_area_acres": 27.18, "boroughs": "B", "members": "Bushwick Playground; Irving Square Park; Madison Square Garden Association" }, "geometry": { "type": "Polygon", "coordinates": [ [ [ -73.909541294963617, 40.691612422584264 ], [ -73.910134129198511, 40.691954940793458 ], [ -73.913199361616691, 40.69480970359502 ], [ -73.913216244349016, 40.695998972590282 ], [ -73.912752885042451, 40.696471034965469 ], [ -73.91204660623697, 40.696535978188216 ], [ -73.911103812956995, 40.696003726053029 ], [ -73.908234757192375, 40.692930635009077 ], [ -73.909541294963617, 40.691612422584264 ] ] ] } },
{ "type": "Feature", "properties": { "group_id": "N2-131", "n_parks": 3, "extent_km": 0.619, "max_walk_m": 286.7, "park_area_acres": 4.44, "hull_area_acres": 21.6, "boroughs": "B", "members": "Eastern Parkway (7/10); Dr. Ronald McNair Park; Eastern Parkway Coalition" }, "geometry": { "type": "Polygon", "coordinates": [ [ [ -73.962065377713287, 40.669741459114697 ], [ -73.962328729250771, 40.671093093293997 ], [ -73.962361928562217, 40.671263519492584 ], [ -73.958425159968954, 40.671052669209523 ], [ -73.954166505909839, 40.670344153724777 ], [ -73.954184314716201, 40.670235707178414 ], [ -73.954226658236792, 40.669977855214796 ], [ -73.954262147064654, 40.669761743428204 ], [ -73.962065377713287, 40.669741459114697 ] ] ] } },
{ "type": "Feature", "properties": { "group_id": "N2-132", "n_parks": 3, "extent_km": 0.526, "max_walk_m": 647.0, "park_area_acres": 3.8, "hull_area_acres": 38.62, "boroughs": "B", "members": "Freedom Triangle; Fermi Playground; Green Central Knoll" }, "geometry": { "type": "Polygon", "coordinates": [ [ [ -73.931769367472498, 40.697245647764866 ], [ -73.931816603334369, 40.697270870301772 ], [ -73.933820125046111, 40.702632791602198 ], [ -73.933743683725851, 40.702662664436389 ], [ -73.933489031991144, 40.702710325752953 ], [ -73.92802495564824, 40.701197781190828 ], [ -73.927756683916598, 40.701044570160455 ], [ -73.927748276953864, 40.700990048770855 ], [ -73.928135531387824, 40.700160739261484 ], [ -73.928297881796993, 40.699996087272957 ], [ -73.931703104976464, 40.697292179376632 ], [ -73.931769367472498, 40.697245647764866 ] ] ] } },
{ "type": "Feature", "properties": { "group_id": "N2-133", "n_parks": 3, "extent_km": 0.494, "max_walk_m": 531.7, "park_area_acres": 5.98, "hull_area_acres": 23.74, "boroughs": "B", "members": "Van Voorhees Playground; Adam Yauch Park; Cobble Hill Park" }, "geometry": { "type": "Polygon", "coordinates": [ [ [ -73.995599165465435, 40.687944406044821 ], [ -73.996567862977273, 40.688259589000872 ], [ -74.000289898912442, 40.689684190690883 ], [ -73.999863999168653, 40.692248637113366 ], [ -73.999858461121335, 40.692273789334486 ], [ -73.999844329104604, 40.692329404096562 ], [ -73.999823813173947, 40.692378084897165 ], [ -73.999603338517247, 40.69282846778713 ], [ -73.999322754524883, 40.692839577006247 ], [ -73.998941488390784, 40.692621604078667 ], [ -73.998493800108946, 40.692059251257803 ], [ -73.995479775287507, 40.688193804919464 ], [ -73.995599165465435, 40.687944406044821 ] ] ] } },
{ "type": "Feature", "properties": { "group_id": "N2-134", "n_parks": 3, "extent_km": 0.432, "max_walk_m": 153.6, "park_area_acres": 40.27, "hull_area_acres": 51.68, "boroughs": "B", "members": "Parade Ground; Machate Circle; Park" }, "geometry": { "type": "Polygon", "coordinates": [ [ [ -73.971210855764426, 40.648441279185008 ], [ -73.973530682318582, 40.649892439848919 ], [ -73.973686550025334, 40.650122774877232 ], [ -73.972969039888739, 40.651313314127883 ], [ -73.972923833634709, 40.651371961398468 ], [ -73.972871080680008, 40.651426831001537 ], [ -73.972811321580295, 40.651477362032239 ], [ -73.972745166638674, 40.651523037727287 ], [ -73.972673292356603, 40.651563390867999 ], [ -73.972596434337078, 40.651598009181996 ], [ -73.972515379007447, 40.651626537142931 ], [ -73.972430955338083, 40.651648684974042 ], [ -73.96626647808317, 40.652999557950857 ], [ -73.964873797216086, 40.650947058230706 ], [ -73.971210855764426, 40.648441279185008 ] ] ] } },
{ "type": "Feature", "properties": { "group_id": "N2-135", "n_parks": 3, "extent_km": 0.79, "max_walk_m": 459.3, "park_area_acres": 24.53, "hull_area_acres": 66.66, "boroughs": "B", "members": "Asser Levy Park; Brighton Playground; Century Playground" }, "geometry": { "type": "Polygon", "coordinates": [ [ [ -73.977229786394375, 40.573559982705476 ], [ -73.977079319554306, 40.575197405248275 ], [ -73.976881123532081, 40.575755816725305 ], [ -73.971256304215032, 40.577283697704949 ], [ -73.970285081483368, 40.577502184340396 ], [ -73.969579576752025, 40.577412590245139 ], [ -73.96496505294931, 40.575472967270628 ], [ -73.964869389778102, 40.574920790496684 ], [ -73.973753657925542, 40.573936822032699 ], [ -73.977049423222425, 40.573579537725003 ], [ -73.977229786394375, 40.573559982705476 ] ] ] } },
{ "type": "Feature", "properties": { "group_id": "N2-136", "n_parks": 3, "extent_km": 0.523, "max_walk_m": 275.5, "park_area_acres": 16.87, "hull_area_acres": 53.11, "boroughs": "B", "members": "Shore Park and Parkway (8/10); Russell Pedersen Playground; Fort Hamilton Athletic Field" }, "geometry": { "type": "Polygon", "coordinates": [ [ [ -74.03619722311123, 40.625725692825604 ], [ -74.036642559327902, 40.625828632472782 ], [ -74.038612444564819, 40.626289895066982 ], [ -74.041510304636873, 40.627531340397894 ], [ -74.041463748757579, 40.627882706125163 ], [ -74.041405926403542, 40.628254905489015 ], [ -74.041119002600468, 40.630078092549461 ], [ -74.041103216814633, 40.630163675471032 ], [ -74.04107841880095, 40.630248008086618 ], [ -74.041044772485378, 40.630330542816012 ], [ -74.040027924010417, 40.632293517238047 ], [ -74.038456757199114, 40.63187128716033 ], [ -74.035716213337309, 40.626933707042745 ], [ -74.03619722311123, 40.625725692825604 ] ] ] } },
{ "type": "Feature", "properties": { "group_id": "N2-137", "n_parks": 3, "extent_km": 0.722, "max_walk_m": 510.7, "park_area_acres": 25.34, "hull_area_acres": 85.56, "boroughs": "B", "members": "Sunset Park; Gonzalo Plasencia Playground; Pena Herrera Playground" }, "geometry": { "type": "Polygon", "coordinates": [ [ [ -74.002482643368438, 40.645987247152256 ], [ -74.01183130322481, 40.64885583480828 ], [ -74.012510104246573, 40.649267359863806 ], [ -74.008566083504306, 40.653060647430316 ], [ -74.007978770993134, 40.652706760286314 ], [ -74.000905951326303, 40.647499056146636 ], [ -74.002482643368438, 40.645987247152256 ] ] ] } },
{ "type": "Feature", "properties": { "group_id": "N2-138", "n_parks": 3, "extent_km": 0.296, "max_walk_m": 248.3, "park_area_acres": 6.93, "hull_area_acres": 21.46, "boroughs": "B", "members": "City Line Park; Crystal Wells Block Association; Green Gems" }, "geometry": { "type": "Polygon", "coordinates": [ [ [ -73.875505501668314, 40.676272576033256 ], [ -73.876193769041919, 40.67900903526354 ], [ -73.876449820426174, 40.680060790864921 ], [ -73.873967096986917, 40.680728123872434 ], [ -73.873177872571091, 40.678185425169133 ], [ -73.874859506011276, 40.676363565735009 ], [ -73.875216139276546, 40.676313333287546 ], [ -73.875505501668314, 40.676272576033256 ] ] ] } },
{ "type": "Feature", "properties": { "group_id": "N2-139", "n_parks": 3, "extent_km": 0.514, "max_walk_m": 503.7, "park_area_acres": 2.65, "hull_area_acres": 14.26, "boroughs": "B", "members": "South Pacific Playground; St Mark's Block Association; Sterling Community Group" }, "geometry": { "type": "Polygon", "coordinates": [ [ [ -73.922061188038512, 40.671081066475232 ], [ -73.922249272386196, 40.671091147139286 ], [ -73.922056301988036, 40.673323005583988 ], [ -73.922031837706285, 40.673588424930564 ], [ -73.921099942762552, 40.675997011989175 ], [ -73.919439708331566, 40.675905755946665 ], [ -73.919492587100066, 40.675308246191115 ], [ -73.922061188038512, 40.671081066475232 ] ] ] } },
{ "type": "Feature", "properties": { "group_id": "N2-140", "n_parks": 3, "extent_km": 0.491, "max_walk_m": 377.2, "park_area_acres": 3.79, "hull_area_acres": 28.52, "boroughs": "B", "members": "Barone Triangle; Hickman Playground; Bergen Beach Playground" }, "geometry": { "type": "Polygon", "coordinates": [ [ [ -73.91328715322598, 40.619891133619667 ], [ -73.914214689743702, 40.620721065143677 ], [ -73.913863631500419, 40.62094894688601 ], [ -73.909359057892289, 40.622820127256269 ], [ -73.909135343753718, 40.622624453017728 ], [ -73.908997592513586, 40.622495313851147 ], [ -73.907233269482276, 40.620130298564519 ], [ -73.907230610694413, 40.620126706041944 ], [ -73.907228112734288, 40.620123039806401 ], [ -73.907225776774936, 40.620119306162394 ], [ -73.907223615794877, 40.620115520429415 ], [ -73.907221701698575, 40.620111815942515 ], [ -73.907221652198146, 40.620111718646257 ], [ -73.907220313177831, 40.620107495923421 ], [ -73.907220213336942, 40.620107055488084 ], [ -73.907219441699809, 40.620103597765379 ], [ -73.907218889609439, 40.620099482839628 ], [ -73.90721870981362, 40.620095348402792 ], [ -73.907218970363303, 40.620090699223454 ], [ -73.907220022442829, 40.620084548613917 ], [ -73.907221895715068, 40.6200785121328 ], [ -73.907224298702403, 40.62007313255895 ], [ -73.907226788758479, 40.62006887960699 ], [ -73.907230362371081, 40.620063887301178 ], [ -73.907233352397853, 40.620060434415173 ], [ -73.907234910983618, 40.620058884075242 ], [ -73.907236828150005, 40.620056977418372 ], [ -73.907240229913157, 40.620054036360322 ], [ -73.907241155042286, 40.620053344606163 ], [ -73.907244533768989, 40.620050822271658 ], [ -73.90725324916761, 40.620045140712563 ], [ -73.907286196372297, 40.620024014952499 ], [ -73.907327928484406, 40.619997340050801 ], [ -73.907398238159075, 40.619952402178818 ], [ -73.907402479846482, 40.619949693226395 ], [ -73.907412556497363, 40.619943269821903 ], [ -73.907417403193719, 40.619940611785388 ], [ -73.907421066630178, 40.619939007305739 ], [ -73.907423438757377, 40.619937969114368 ], [ -73.907423810006463, 40.619937850544581 ], [ -73.907429875297211, 40.619935928313936 ], [ -73.907436569857225, 40.619934459551708 ], [ -73.907443450237977, 40.619933642015383 ], [ -73.907451798686807, 40.619933478538272 ], [ -73.91328715322598, 40.619891133619667 ] ] ] } },
{ "type": "Feature", "properties": { "group_id": "N2-141", "n_parks": 3, "extent_km": 0.547, "max_walk_m": 653.5, "park_area_acres": 2.19, "hull_area_acres": 35.59, "boroughs": "B", "members": "Raymond Bush Playground; The Feeding Tree; Hattie Carthan Herban Farm" }, "geometry": { "type": "Polygon", "coordinates": [ [ [ -73.94485893894111, 40.685922143005818 ], [ -73.944869599908017, 40.685976434691433 ], [ -73.943711382997293, 40.690382360859857 ], [ -73.943708621496853, 40.69038268099235 ], [ -73.943640085637398, 40.690390625095766 ], [ -73.943562782525902, 40.690399585140689 ], [ -73.943497490865269, 40.690407152534497 ], [ -73.938903859504379, 40.686718526892747 ], [ -73.93879492875358, 40.686171473483135 ], [ -73.938981484204248, 40.68614990169047 ], [ -73.940347139920107, 40.68599197961057 ], [ -73.94485893894111, 40.685922143005818 ] ] ] } },
{ "type": "Feature", "properties": { "group_id": "N2-142", "n_parks": 3, "extent_km": 0.439, "max_walk_m": 406.0, "park_area_acres": 4.4, "hull_area_acres": 10.35, "boroughs": "B", "members": "Steuben Playground; Classon Playground; Penn Triangle" }, "geometry": { "type": "Polygon", "coordinates": [ [ [ -73.963595727173043, 40.696791638709776 ], [ -73.963636416146471, 40.696802297431908 ], [ -73.963827635256706, 40.697772142086279 ], [ -73.962156625751007, 40.70004388726624 ], [ -73.960867196561324, 40.700991230680039 ], [ -73.960854483014785, 40.7009967509983 ], [ -73.960836331386446, 40.700998128910484 ], [ -73.960818177462713, 40.700995358159979 ], [ -73.960794586420491, 40.700978770799161 ], [ -73.960620398833711, 40.700826731912535 ], [ -73.960611328346715, 40.700818439595153 ], [ -73.960611338142243, 40.700801860270523 ], [ -73.960614972825667, 40.700792189114019 ], [ -73.961238624575529, 40.699450586381346 ], [ -73.961982805777595, 40.6982811969892 ], [ -73.963595727173043, 40.696791638709776 ] ] ] } },
{ "type": "Feature", "properties": { "group_id": "N2-143", "n_parks": 3, "extent_km": 0.344, "max_walk_m": 405.9, "park_area_acres": 3.91, "hull_area_acres": 18.99, "boroughs": "B", "members": "Star Spangled Playground; Classon Playground; Lafayette Gardens Playground" }, "geometry": { "type": "Polygon", "coordinates": [ [ [ -73.960830465061306, 40.688958945020445 ], [ -73.960984001141739, 40.689735200997951 ], [ -73.958512104804157, 40.692333687585631 ], [ -73.957709892468131, 40.692426155640817 ], [ -73.957494470261778, 40.691343337123485 ], [ -73.9572250081211, 40.689616233813588 ], [ -73.957272743437827, 40.689490774011894 ], [ -73.957341690446924, 40.689309564064153 ], [ -73.95758253118079, 40.689281591289962 ], [ -73.960830465061306, 40.688958945020445 ] ] ] } },
{ "type": "Feature", "properties": { "group_id": "N2-144", "n_parks": 3, "extent_km": 0.357, "max_walk_m": 298.4, "park_area_acres": 2.71, "hull_area_acres": 7.24, "boroughs": "B", "members": "Bushwick Playground; Garden Playground; Beaver Noll Park" }, "geometry": { "type": "Polygon", "coordinates": [ [ [ -73.935825815489437, 40.699311276798703 ], [ -73.939787995541792, 40.701330502223669 ], [ -73.939893346727956, 40.701977315888584 ], [ -73.939700304053829, 40.702147173962238 ], [ -73.939656438500037, 40.702158847724377 ], [ -73.939621504919216, 40.70216705288064 ], [ -73.939556766976764, 40.70217842929106 ], [ -73.939495868651903, 40.702185922874492 ], [ -73.939454454340392, 40.70218761747315 ], [ -73.939341375376912, 40.70218884026486 ], [ -73.939285193604022, 40.702187099670304 ], [ -73.939037213327993, 40.70205965960411 ], [ -73.93617222023839, 40.699937629891501 ], [ -73.936008309345993, 40.699670112824414 ], [ -73.935802695756749, 40.699334528643497 ], [ -73.935825815489437, 40.699311276798703 ] ] ] } },
{ "type": "Feature", "properties": { "group_id": "N2-145", "n_parks": 3, "extent_km": 0.511, "max_walk_m": 496.5, "park_area_acres": 1.6, "hull_area_acres": 11.51, "boroughs": "B", "members": "Success Garden; Georgia Ave Garden; Hands and Heart Garden" }, "geometry": { "type": "Polygon", "coordinates": [ [ [ -73.895808509740661, 40.660740937137966 ], [ -73.897679902597105, 40.664313643527031 ], [ -73.897895727744114, 40.665126444366905 ], [ -73.897524697422085, 40.665180674046084 ], [ -73.897033816718277, 40.66469344256565 ], [ -73.894332152253412, 40.660922189145431 ], [ -73.894401151237332, 40.660892396766187 ], [ -73.895808509740661, 40.660740937137966 ] ] ] } },
{ "type": "Feature", "properties": { "group_id": "N2-146", "n_parks": 3, "extent_km": 0.435, "max_walk_m": 531.3, "park_area_acres": 0.4, "hull_area_acres": 12.65, "boroughs": "B", "members": "Jerome Gardens; Nehemiah Ten Garden; Linwood Street Garden (Pagan's Garden)" }, "geometry": { "type": "Polygon", "coordinates": [ [ [ -73.886351802157122, 40.668547632440834 ], [ -73.886393222699112, 40.668709271007806 ], [ -73.885972641705408, 40.670651877155699 ], [ -73.882071773199186, 40.671242313269133 ], [ -73.881997755130243, 40.671253389365212 ], [ -73.881928486765574, 40.670981877521818 ], [ -73.885641849570703, 40.668654265948135 ], [ -73.886351802157122, 40.668547632440834 ] ] ] } },
{ "type": "Feature", "properties": { "group_id": "N2-147", "n_parks": 3, "extent_km": 0.677, "max_walk_m": 566.9, "park_area_acres": 6.58, "hull_area_acres": 32.05, "boroughs": "M", "members": "Annunciation Playground; Sheltering Arms Playground; Jacob H. Schiff Playground" }, "geometry": { "type": "Polygon", "coordinates": [ [ [ -73.955753246916757, 40.814344084365715 ], [ -73.955823004700093, 40.814422792958077 ], [ -73.956553472713452, 40.815246989378828 ], [ -73.953002975438821, 40.820200078440067 ], [ -73.952197572515445, 40.821307077723667 ], [ -73.951043849505723, 40.820821818721768 ], [ -73.95158743575908, 40.818141155885378 ], [ -73.955753246916757, 40.814344084365715 ] ] ] } },
{ "type": "Feature", "properties": { "group_id": "N2-148", "n_parks": 3, "extent_km": 0.695, "max_walk_m": 569.2, "park_area_acres": 9.97, "hull_area_acres": 38.42, "boroughs": "M", "members": "Bryant Park; Greeley Square Park; Herald Square" }, "geometry": { "type": "Polygon", "coordinates": [ [ [ -73.988275062639772, 40.748403638179134 ], [ -73.988498326529339, 40.748497657325501 ], [ -73.987694106030574, 40.750500439224524 ], [ -73.987692486804207, 40.750503377402353 ], [ -73.987690430632895, 40.750506352454131 ], [ -73.987688027539789, 40.750509198696477 ], [ -73.98401125288062, 40.754644582147598 ], [ -73.982615810235103, 40.754058117660399 ], [ -73.981087467558822, 40.753415767819561 ], [ -73.98187862841705, 40.752328688456373 ], [ -73.988275062639772, 40.748403638179134 ] ] ] } },
{ "type": "Feature", "properties": { "group_id": "N2-149", "n_parks": 3, "extent_km": 0.919, "max_walk_m": 370.8, "park_area_acres": 22.8, "hull_area_acres": 40.78, "boroughs": "M", "members": "Hancock Park; St. Nicholas Park; St. Nicholas Miracle Garden" }, "geometry": { "type": "Polygon", "coordinates": [ [ [ -73.953191233744093, 40.809404324348222 ], [ -73.953404641946094, 40.809494536232407 ], [ -73.949862013976031, 40.817494741660504 ], [ -73.949843236539024, 40.817533819556033 ], [ -73.949822815418969, 40.817572419469663 ], [ -73.947774393024261, 40.821182585475007 ], [ -73.947382096156133, 40.821722875942605 ], [ -73.946279207977085, 40.821261708664743 ], [ -73.949170369303317, 40.815020619705869 ], [ -73.951276560403727, 40.81164073496543 ], [ -73.951309897921178, 40.811595149650572 ], [ -73.953191233744093, 40.809404324348222 ] ] ] } },
{ "type": "Feature", "properties": { "group_id": "N2-150", "n_parks": 3, "extent_km": 0.654, "max_walk_m": 595.5, "park_area_acres": 4.4, "hull_area_acres": 54.57, "boroughs": "M/X", "members": "Harlem River Park (3/15); Graham Triangle; La Finca del Sur Community Garden" }, "geometry": { "type": "Polygon", "coordinates": [ [ [ -73.927683824510552, 40.810444705511628 ], [ -73.934592139347927, 40.810919994367772 ], [ -73.934710230993574, 40.810964944351021 ], [ -73.934087652606905, 40.815775254778721 ], [ -73.933922133496438, 40.81673632685807 ], [ -73.933803429359116, 40.816735912726557 ], [ -73.927286004228364, 40.81084841866614 ], [ -73.927283862521733, 40.810845230453232 ], [ -73.927282481211378, 40.810842494769851 ], [ -73.927282041724226, 40.810840126183152 ], [ -73.927282205160751, 40.810838065947003 ], [ -73.927282954240823, 40.810835858398633 ], [ -73.927284321577545, 40.810832942548288 ], [ -73.927376246196118, 40.81068604823416 ], [ -73.927638408062677, 40.81045808633025 ], [ -73.927646322774052, 40.810452567643118 ], [ -73.927655218915547, 40.810449136025049 ], [ -73.927662859577694, 40.810447137211376 ], [ -73.927672936873265, 40.810445228174657 ], [ -73.927683824510552, 40.810444705511628 ] ] ] } },
{ "type": "Feature", "properties": { "group_id": "N2-151", "n_parks": 3, "extent_km": 0.413, "max_walk_m": 369.6, "park_area_acres": 1.62, "hull_area_acres": 23.08, "boroughs": "M", "members": "Park Avenue Malls (8/8); Samuel Seabury Playground; Maggie's Magic Garden" }, "geometry": { "type": "Polygon", "coordinates": [ [ [ -73.954112359121297, 40.78434332791732 ], [ -73.954185346940974, 40.784374096453192 ], [ -73.95219545029461, 40.787210448243385 ], [ -73.952193396327033, 40.787213166004214 ], [ -73.952190783360919, 40.787215589069277 ], [ -73.952187682528148, 40.787217653532423 ], [ -73.949346583469818, 40.788961089401312 ], [ -73.948939062786607, 40.788789525345727 ], [ -73.950377582458628, 40.785478707579323 ], [ -73.95073679357202, 40.784988276636014 ], [ -73.954112359121297, 40.78434332791732 ] ] ] } },
{ "type": "Feature", "properties": { "group_id": "N2-152", "n_parks": 3, "extent_km": 0.631, "max_walk_m": 338.8, "park_area_acres": 3.1, "hull_area_acres": 13.32, "boroughs": "M", "members": "Plaza Lafayette; Haven Avenue; Park" }, "geometry": { "type": "Polygon", "coordinates": [ [ [ -73.943797032319466, 40.843145999545186 ], [ -73.943804860795382, 40.843169781775615 ], [ -73.943810051066606, 40.843192024678338 ], [ -73.943819628874408, 40.843247722129185 ], [ -73.943829473980699, 40.843335144073798 ], [ -73.94383097933779, 40.843386371146259 ], [ -73.943829892458297, 40.843446201165477 ], [ -73.943825485146235, 40.843492315961029 ], [ -73.943398093018516, 40.847269652716385 ], [ -73.943179922223152, 40.848866819558083 ], [ -73.942898999976705, 40.849517815802031 ], [ -73.941855536253499, 40.851723874044829 ], [ -73.94185118830525, 40.851729734954169 ], [ -73.941845979568569, 40.85173402497206 ], [ -73.941839031855778, 40.851737441536635 ], [ -73.941831245655052, 40.851739552865673 ], [ -73.941823011307761, 40.851740159246738 ], [ -73.941815393670026, 40.851739371977224 ], [ -73.941809792684879, 40.851737904952792 ], [ -73.941803231302714, 40.85173485978234 ], [ -73.941339144092169, 40.851419134786489 ], [ -73.94133622295422, 40.851412683979817 ], [ -73.94133511557348, 40.851407011219706 ], [ -73.941335239208655, 40.851402636694118 ], [ -73.941335610655614, 40.851401000689648 ], [ -73.941336307107505, 40.851397945675608 ], [ -73.941336342821415, 40.851397790809187 ], [ -73.943797032319466, 40.843145999545186 ] ] ] } },
{ "type": "Feature", "properties": { "group_id": "N2-153", "n_parks": 3, "extent_km": 0.279, "max_walk_m": 185.9, "park_area_acres": 4.19, "hull_area_acres": 31.99, "boroughs": "M", "members": "Riverside Park (2/4); Broadway Malls (2/5); Broadway Malls (4/5)" }, "geometry": { "type": "Polygon", "coordinates": [ [ [ -73.949070855607673, 40.828261019971507 ], [ -73.949143120978903, 40.828291489946764 ], [ -73.951085688227565, 40.829240098007588 ], [ -73.949895615157772, 40.832444424954261 ], [ -73.945402483432716, 40.833393529095083 ], [ -73.945395603882275, 40.833394456949343 ], [ -73.945389187511111, 40.833394410687539 ], [ -73.945387463674564, 40.833394398164806 ], [ -73.945386938462406, 40.833394393413634 ], [ -73.945380241783809, 40.8333935221657 ], [ -73.94537816267804, 40.833393013302171 ], [ -73.945374290137224, 40.833392064147944 ], [ -73.945372406839979, 40.833391328452457 ], [ -73.945367164661604, 40.833389279145528 ], [ -73.94536115771362, 40.833385865226951 ], [ -73.945356823605138, 40.833382484518481 ], [ -73.945352393438611, 40.833377691789089 ], [ -73.945351934039735, 40.833376949564013 ], [ -73.945349072270531, 40.833372324169147 ], [ -73.945348728906268, 40.833371768401385 ], [ -73.945348375265269, 40.83337073356568 ], [ -73.945346777381829, 40.833366050237508 ], [ -73.945346268236207, 40.83336091987951 ], [ -73.945545377720251, 40.833083590636676 ], [ -73.947587720244513, 40.830285441071368 ], [ -73.948049524615101, 40.829654036586518 ], [ -73.948503944363253, 40.829032843909118 ], [ -73.949070855607673, 40.828261019971507 ] ] ] } },
{ "type": "Feature", "properties": { "group_id": "N2-154", "n_parks": 3, "extent_km": 0.333, "max_walk_m": 515.4, "park_area_acres": 1.7, "hull_area_acres": 11.56, "boroughs": "M", "members": "Roger Morris Park; Morris-Jumel Ecological Education Garden; Dorothy K. McGowan Memorial Garden" }, "geometry": { "type": "Polygon", "coordinates": [ [ [ -73.942324790779097, 40.833890125114607 ], [ -73.942382124458518, 40.833914161852057 ], [ -73.942202166439088, 40.834160690191624 ], [ -73.939074948971253, 40.835927899765558 ], [ -73.939008603969398, 40.835899941279287 ], [ -73.938954884695789, 40.835877302353062 ], [ -73.937924960410399, 40.834839069076025 ], [ -73.938110976441152, 40.834418319442079 ], [ -73.938146490864554, 40.83435249074796 ], [ -73.938187666075393, 40.834290928916928 ], [ -73.938224293985186, 40.834245155703698 ], [ -73.938263956264038, 40.834200164831373 ], [ -73.93831667659839, 40.834150189489591 ], [ -73.938537339787857, 40.833962835176614 ], [ -73.942324790779097, 40.833890125114607 ] ] ] } },
{ "type": "Feature", "properties": { "group_id": "N2-155", "n_parks": 3, "extent_km": 0.561, "max_walk_m": 527.3, "park_area_acres": 0.91, "hull_area_acres": 27.02, "boroughs": "M", "members": "Straus Park; Bloomingdale Playground; West 111th St. People's Garden" }, "geometry": { "type": "Polygon", "coordinates": [ [ [ -73.965755574416718, 40.798833016622105 ], [ -73.966463564406197, 40.799131209026527 ], [ -73.968305609654905, 40.801676621015524 ], [ -73.968098074777387, 40.801964288495249 ], [ -73.963647789830006, 40.804023028623597 ], [ -73.963382003448345, 40.803910611796603 ], [ -73.965546884233902, 40.799111843596265 ], [ -73.965755574416718, 40.798833016622105 ] ] ] } },
{ "type": "Feature", "properties": { "group_id": "N2-156", "n_parks": 3, "extent_km": 0.556, "max_walk_m": 599.9, "park_area_acres": 3.53, "hull_area_acres": 64.5, "boroughs": "M", "members": "Sakura Park; Broadway Malls; Old Croton Aqueduct Gatehouse" }, "geometry": { "type": "Polygon", "coordinates": [ [ [ -73.966628517644878, 40.804237992068344 ], [ -73.966637519012764, 40.804238834838941 ], [ -73.966647494538506, 40.80424198226666 ], [ -73.966658100171912, 40.804248195173116 ], [ -73.966664893536048, 40.804256576277375 ], [ -73.966667281930441, 40.804262721070103 ], [ -73.966668196583626, 40.804270262109981 ], [ -73.966664516224938, 40.804281155278034 ], [ -73.962789761669683, 40.812659559468266 ], [ -73.961998886102194, 40.813744721377731 ], [ -73.961367323394086, 40.813478851281502 ], [ -73.95938348156362, 40.808555751145121 ], [ -73.959609535423297, 40.80824692191193 ], [ -73.966603889998936, 40.804244131739985 ], [ -73.966610504300291, 40.804240919776369 ], [ -73.966621901260254, 40.804238271108375 ], [ -73.966628517644878, 40.804237992068344 ] ] ] } },
{ "type": "Feature", "properties": { "group_id": "N2-157", "n_parks": 3, "extent_km": 0.777, "max_walk_m": 651.3, "park_area_acres": 0.86, "hull_area_acres": 11.28, "boroughs": "M", "members": "Father Duffy Square; Hell's Kitchen Park; Ramon Aponte Park" }, "geometry": { "type": "Polygon", "coordinates": [ [ [ -73.985090277317752, 40.758829728877679 ], [ -73.985106755883336, 40.758836984575623 ], [ -73.992966699391616, 40.762803882433886 ], [ -73.992604832800296, 40.763302673397497 ], [ -73.992200046036615, 40.763132473914553 ], [ -73.989142085111453, 40.761522747647909 ], [ -73.984831187174933, 40.759182045474681 ], [ -73.985090277317752, 40.758829728877679 ] ] ] } },
{ "type": "Feature", "properties": { "group_id": "N2-158", "n_parks": 3, "extent_km": 0.472, "max_walk_m": 323.0, "park_area_acres": 1.45, "hull_area_acres": 17.53, "boroughs": "M", "members": "Broadway Malls (4/11); Verdi Square; Tecumseh Playground" }, "geometry": { "type": "Polygon", "coordinates": [ [ [ -73.981632814745936, 40.778896810357494 ], [ -73.981683856835133, 40.779836520270891 ], [ -73.981373410289407, 40.780959902543842 ], [ -73.981323910629712, 40.781107788453056 ], [ -73.981074197555301, 40.781829478283093 ], [ -73.980872788235033, 40.782410488347111 ], [ -73.98082032312054, 40.782555545940149 ], [ -73.98081931420289, 40.782558155425953 ], [ -73.980818695337234, 40.782559754613899 ], [ -73.98054583860926, 40.783104209774756 ], [ -73.98047242923424, 40.783245031299437 ], [ -73.9804308917398, 40.783300586337681 ], [ -73.980363693032601, 40.783278508359082 ], [ -73.977965065358703, 40.7817831325154 ], [ -73.97819849309721, 40.781463695993153 ], [ -73.981632814745936, 40.778896810357494 ] ] ] } },
{ "type": "Feature", "properties": { "group_id": "N2-159", "n_parks": 3, "extent_km": 0.327, "max_walk_m": 276.7, "park_area_acres": 1.15, "hull_area_acres": 18.04, "boroughs": "M", "members": "Broadway Malls (8/11); Playground Eighty Nine LXXXIX; St. Gregory's Playground" }, "geometry": { "type": "Polygon", "coordinates": [ [ [ -73.97170273649769, 40.78840436586529 ], [ -73.975681206195787, 40.789245133291267 ], [ -73.975752570137828, 40.789277247404321 ], [ -73.975569632933102, 40.789531866918736 ], [ -73.975568299343493, 40.78953372166746 ], [ -73.974096423034055, 40.791552554804724 ], [ -73.97380836705662, 40.79194174179846 ], [ -73.973785048635335, 40.791973243203209 ], [ -73.97373331416361, 40.792043081435061 ], [ -73.973729059891241, 40.792047734251163 ], [ -73.973723799997416, 40.792051578188584 ], [ -73.973716261775408, 40.792055056003086 ], [ -73.973705706130005, 40.792057526369383 ], [ -73.973700679905235, 40.79205772513366 ], [ -73.973698198784575, 40.79205782272205 ], [ -73.973692400379107, 40.792057152326947 ], [ -73.973686217267428, 40.792055543522387 ], [ -73.973678209064857, 40.792051994623002 ], [ -73.973671908642487, 40.792047417741813 ], [ -73.973667961211831, 40.792043161075448 ], [ -73.971770398506237, 40.789583661154168 ], [ -73.971523118048935, 40.788650560875801 ], [ -73.97170273649769, 40.78840436586529 ] ] ] } },
{ "type": "Feature", "properties": { "group_id": "N2-160", "n_parks": 3, "extent_km": 0.46, "max_walk_m": 415.8, "park_area_acres": 5.06, "hull_area_acres": 15.45, "boroughs": "M", "members": "Louis Cuvillier Park; Park; Park" }, "geometry": { "type": "Polygon", "coordinates": [ [ [ -73.929466331080533, 40.796764289021155 ], [ -73.929521334287969, 40.796779203426702 ], [ -73.929684982864075, 40.796848342899288 ], [ -73.931783925196356, 40.800711434596721 ], [ -73.931150319969859, 40.801582924905688 ], [ -73.929911860112554, 40.801113240870883 ], [ -73.92990845022932, 40.801111556664871 ], [ -73.929906695793264, 40.801109889674365 ], [ -73.929274787398199, 40.799612620650144 ], [ -73.929246077186249, 40.799538233477449 ], [ -73.929220563160357, 40.799466985599665 ], [ -73.92920134811142, 40.79940953273492 ], [ -73.929180139602309, 40.799335703057338 ], [ -73.929151265528787, 40.79921507960659 ], [ -73.929134777361867, 40.799126354954382 ], [ -73.929122900193974, 40.799041887093907 ], [ -73.929112227223087, 40.798946074577017 ], [ -73.929107437753643, 40.798871333765426 ], [ -73.92910561683685, 40.798788631660322 ], [ -73.929106235701255, 40.798704891878039 ], [ -73.929116313685455, 40.798442451951466 ], [ -73.929123126457611, 40.798287381088556 ], [ -73.929124115952405, 40.798279543747576 ], [ -73.92940918282298, 40.796902784241226 ], [ -73.929412465577244, 40.796888929359135 ], [ -73.929416327672385, 40.79687516218015 ], [ -73.929420769095557, 40.796861494410784 ], [ -73.929425780348808, 40.796847943154553 ], [ -73.92943136142037, 40.796834519217441 ], [ -73.929437502814281, 40.796821237901995 ], [ -73.929466331080533, 40.796764289021155 ] ] ] } },
{ "type": "Feature", "properties": { "group_id": "N2-161", "n_parks": 3, "extent_km": 0.528, "max_walk_m": 200.0, "park_area_acres": 3.09, "hull_area_acres": 11.14, "boroughs": "M", "members": "Andrew Haswell Green Park; Sutton Place Park; East River Walk (5/6)" }, "geometry": { "type": "Polygon", "coordinates": [ [ [ -73.961768697625544, 40.754474641416955 ], [ -73.961883565217519, 40.754542044496247 ], [ -73.961947248813033, 40.754586851289694 ], [ -73.962059275703581, 40.755163996050371 ], [ -73.957952111970059, 40.759480371445306 ], [ -73.957848609819791, 40.759579864618573 ], [ -73.957758665653984, 40.759663330982576 ], [ -73.957636038605088, 40.759771207851891 ], [ -73.957488732266143, 40.759885987759468 ], [ -73.957339669421529, 40.759994762260717 ], [ -73.957208086049661, 40.760085229496397 ], [ -73.956551779433823, 40.7605226858729 ], [ -73.956371923782541, 40.760446109219657 ], [ -73.960465981836194, 40.755770116301342 ], [ -73.960625268267137, 40.755598069882637 ], [ -73.961595445916828, 40.754632090295956 ], [ -73.961679410797274, 40.754551673404762 ], [ -73.961768697625544, 40.754474641416955 ] ] ] } },
{ "type": "Feature", "properties": { "group_id": "N2-162", "n_parks": 3, "extent_km": 0.665, "max_walk_m": 648.8, "park_area_acres": 1.15, "hull_area_acres": 12.59, "boroughs": "M", "members": "James Weldon Johnson Playground; Life Spire Garden; El Gallo Garden" }, "geometry": { "type": "Polygon", "coordinates": [ [ [ -73.941173598467799, 40.79667202043187 ], [ -73.941538622838067, 40.796794450798338 ], [ -73.942118777253654, 40.797038913204794 ], [ -73.942465470006795, 40.79725404237297 ], [ -73.940600974728582, 40.799818249847455 ], [ -73.938537428307072, 40.802639348774122 ], [ -73.938336616233869, 40.802554565807725 ], [ -73.941127603031063, 40.796734771692968 ], [ -73.941173598467799, 40.79667202043187 ] ] ] } },
{ "type": "Feature", "properties": { "group_id": "N2-163", "n_parks": 3, "extent_km": 0.521, "max_walk_m": 529.8, "park_area_acres": 2.68, "hull_area_acres": 23.97, "boroughs": "M", "members": "Blake Hobbs Playground; Poor Richard's Playground; Neighbors Of Vega Baja" }, "geometry": { "type": "Polygon", "coordinates": [ [ [ -73.944422605371855, 40.788207680763527 ], [ -73.944754311001361, 40.788347254908373 ], [ -73.943618488862953, 40.792737408446229 ], [ -73.943227007118921, 40.793273601112169 ], [ -73.943192978347781, 40.793317059600071 ], [ -73.94319197216295, 40.793317323851241 ], [ -73.940202113684549, 40.792122522356948 ], [ -73.940104384969118, 40.79208120707743 ], [ -73.940264220879556, 40.791861619231284 ], [ -73.944422605371855, 40.788207680763527 ] ] ] } },
{ "type": "Feature", "properties": { "group_id": "N2-164", "n_parks": 3, "extent_km": 0.277, "max_walk_m": 303.3, "park_area_acres": 0.72, "hull_area_acres": 6.63, "boroughs": "M", "members": "McKinley Playground; Miracle Garden; Hope Garden" }, "geometry": { "type": "Polygon", "coordinates": [ [ [ -73.984252155646487, 40.721935560163374 ], [ -73.984309873196722, 40.721959955641566 ], [ -73.986145193550371, 40.724102144495603 ], [ -73.985975047254342, 40.724337100970651 ], [ -73.985803367660978, 40.72457417229392 ], [ -73.985408945762231, 40.724407824154099 ], [ -73.983360053730252, 40.722751431328845 ], [ -73.983405800896136, 40.722688735461297 ], [ -73.983490729576317, 40.722572364932816 ], [ -73.983534668497541, 40.722512164064945 ], [ -73.983549210592898, 40.722492242372432 ], [ -73.984252155646487, 40.721935560163374 ] ] ] } },
{ "type": "Feature", "properties": { "group_id": "N2-165", "n_parks": 3, "extent_km": 0.443, "max_walk_m": 190.6, "park_area_acres": 10.1, "hull_area_acres": 35.72, "boroughs": "M", "members": "Battery Park City (2/4); Washington Market Park; Tribeca Dog Run" }, "geometry": { "type": "Polygon", "coordinates": [ [ [ -74.014747350073264, 40.715456757232424 ], [ -74.016763926348276, 40.715538140322458 ], [ -74.017275039468657, 40.71565657957138 ], [ -74.016673358742963, 40.718805580548661 ], [ -74.014682690786216, 40.718533232166372 ], [ -74.013187913594507, 40.718328703776329 ], [ -74.010880846818196, 40.717438173965078 ], [ -74.011129235078158, 40.716490768577579 ], [ -74.01196564518311, 40.716083319094025 ], [ -74.014738551018112, 40.715457670576136 ], [ -74.014742901369587, 40.715456937003736 ], [ -74.014747350073264, 40.715456757232424 ] ] ] } },
{ "type": "Feature", "properties": { "group_id": "N2-166", "n_parks": 3, "extent_km": 0.509, "max_walk_m": 399.6, "park_area_acres": 6.14, "hull_area_acres": 22.88, "boroughs": "Q", "members": "Garlinge Triangle; Sitting Area; Elmhurst Park" }, "geometry": { "type": "Polygon", "coordinates": [ [ [ -73.890948734607662, 40.728328277304676 ], [ -73.890873815258416, 40.728404471368201 ], [ -73.885004229555022, 40.731336373465595 ], [ -73.884613447912045, 40.730576178847663 ], [ -73.884102061168122, 40.728929614393692 ], [ -73.887013053371149, 40.728346652342331 ], [ -73.887048025911398, 40.728344153520545 ], [ -73.890948734607662, 40.728328277304676 ] ] ] } },
{ "type": "Feature", "properties": { "group_id": "N2-167", "n_parks": 3, "extent_km": 0.421, "max_walk_m": 302.1, "park_area_acres": 13.64, "hull_area_acres": 41.81, "boroughs": "Q", "members": "Laurelton Parkway (4/8); Laurelton Parkway (6/8); Delphin H. Greene Playground" }, "geometry": { "type": "Polygon", "coordinates": [ [ [ -73.725948428993249, 40.683276387250686 ], [ -73.72684576945808, 40.683471713142616 ], [ -73.727153671884523, 40.683538733016903 ], [ -73.729475625016349, 40.684433257272751 ], [ -73.729597849885351, 40.685220787379933 ], [ -73.727225466289127, 40.69065416361412 ], [ -73.727157492246903, 40.690651933086599 ], [ -73.726932008097151, 40.690623493032454 ], [ -73.726852997072783, 40.690610359684619 ], [ -73.726447295097742, 40.690542919818697 ], [ -73.726258486213254, 40.690503837750434 ], [ -73.725894958222071, 40.685767880323297 ], [ -73.725817937842265, 40.684646025801129 ], [ -73.725803085899017, 40.684429686828523 ], [ -73.725803621806776, 40.684247285427716 ], [ -73.725834939880315, 40.683713361696718 ], [ -73.725853452639569, 40.683397748904945 ], [ -73.725937299257424, 40.683289935959706 ], [ -73.725948428993249, 40.683276387250686 ] ] ] } },
{ "type": "Feature", "properties": { "group_id": "N2-168", "n_parks": 3, "extent_km": 0.974, "max_walk_m": 492.6, "park_area_acres": 186.45, "hull_area_acres": 332.9, "boroughs": "Q", "members": "Beach Channel Park; Rockaway Beach; Memorial Circle" }, "geometry": { "type": "Polygon", "coordinates": [ [ [ -73.842226016139449, 40.570884969971488 ], [ -73.844390862031972, 40.574824915357404 ], [ -73.846272776121424, 40.582248811089237 ], [ -73.839132612992898, 40.582673255428119 ], [ -73.83025587785562, 40.579788549274575 ], [ -73.827569776040491, 40.574964799322586 ], [ -73.842226016139449, 40.570884969971488 ] ] ] } },
{ "type": "Feature", "properties": { "group_id": "N2-169", "n_parks": 3, "extent_km": 0.307, "max_walk_m": 317.8, "park_area_acres": 0.24, "hull_area_acres": 10.79, "boroughs": "Q", "members": "Mall Thirty Four XXXIV (6/7); Private William Gray Playground; 97th Street Block Association" }, "geometry": { "type": "Polygon", "coordinates": [ [ [ -73.872548646905841, 40.755034775755369 ], [ -73.872557290186677, 40.755052810752012 ], [ -73.871027511618792, 40.757894940627928 ], [ -73.870659270557795, 40.757933772715873 ], [ -73.869498386821519, 40.755374961437809 ], [ -73.869495122348511, 40.755356916635307 ], [ -73.870176960391007, 40.755283091170945 ], [ -73.870219273667416, 40.755278516551456 ], [ -73.871111106365348, 40.755183734616715 ], [ -73.871997949632544, 40.755090303601293 ], [ -73.872548646905841, 40.755034775755369 ] ] ] } },
{ "type": "Feature", "properties": { "group_id": "N2-170", "n_parks": 3, "extent_km": 0.168, "max_walk_m": 73.9, "park_area_acres": 2.68, "hull_area_acres": 8.92, "boroughs": "Q", "members": "Mall Thirty Four XXXIV (7/7); Travers Park; Rory Staunton Field" }, "geometry": { "type": "Polygon", "coordinates": [ [ [ -73.889606934179497, 40.753363277171971 ], [ -73.889815078349528, 40.754533881435158 ], [ -73.889588729289827, 40.75455824401687 ], [ -73.889079360214396, 40.75457850502513 ], [ -73.88421940972691, 40.75382421615285 ], [ -73.884217589181262, 40.753823805493127 ], [ -73.884215889825015, 40.753823162624606 ], [ -73.884214360176273, 40.753822306506599 ], [ -73.884213047556585, 40.753821263301482 ], [ -73.884211989804683, 40.753820064564934 ], [ -73.88421122001786, 40.753818744549505 ], [ -73.884210760626473, 40.753817342899964 ], [ -73.884210624581272, 40.753815902853717 ], [ -73.884210817729524, 40.75381446674038 ], [ -73.884211331708443, 40.753813076875382 ], [ -73.884212153420179, 40.753811774668769 ], [ -73.884213257926547, 40.753810600618337 ], [ -73.884214610830313, 40.753809587107668 ], [ -73.88421617418004, 40.753808767417333 ], [ -73.884217898203033, 40.753808163109518 ], [ -73.88421973431214, 40.753807794846956 ], [ -73.884908618383534, 40.753734817479618 ], [ -73.886773156523404, 40.753538528727525 ], [ -73.887698401342789, 40.753441305415961 ], [ -73.88770086955877, 40.753441061083535 ], [ -73.889606934179497, 40.753363277171971 ] ] ] } },
{ "type": "Feature", "properties": { "group_id": "N2-171", "n_parks": 3, "extent_km": 0.45, "max_walk_m": 461.8, "park_area_acres": 0.78, "hull_area_acres": 20.13, "boroughs": "Q", "members": "Newtown Playground; Horsebrook Island; Park" }, "geometry": { "type": "Polygon", "coordinates": [ [ [ -73.868840153360296, 40.733553379906105 ], [ -73.87258653125383, 40.735857088522508 ], [ -73.87262207656687, 40.735940033179311 ], [ -73.869400564779184, 40.736583131455539 ], [ -73.869098043593922, 40.736329616264264 ], [ -73.8666520822037, 40.734203202017952 ], [ -73.866649251238414, 40.734197505721689 ], [ -73.868840153360296, 40.733553379906105 ] ] ] } },
{ "type": "Feature", "properties": { "group_id": "N2-172", "n_parks": 3, "extent_km": 0.823, "max_walk_m": 629.4, "park_area_acres": 11.51, "hull_area_acres": 47.53, "boroughs": "Q", "members": "Proctor-Hopson Circle; Archie Spigner Park; Brinkerhoff Mall" }, "geometry": { "type": "Polygon", "coordinates": [ [ [ -73.781113912695886, 40.6917101249079 ], [ -73.7865269734571, 40.697990107903181 ], [ -73.786530466287317, 40.697994520601405 ], [ -73.786532546007777, 40.697998684838005 ], [ -73.786533640521881, 40.698002728379315 ], [ -73.78653382685556, 40.698008092192168 ], [ -73.786532452676468, 40.698013791704355 ], [ -73.786530115805249, 40.698018251222877 ], [ -73.786526404135401, 40.698022691081611 ], [ -73.786521965197792, 40.69802626959946 ], [ -73.786518288046878, 40.698028427616968 ], [ -73.7865132135708, 40.698030580340941 ], [ -73.786508161607571, 40.698031983877968 ], [ -73.786501129319916, 40.698032915473476 ], [ -73.7864973287693, 40.698032965155839 ], [ -73.786493112893467, 40.698032653861638 ], [ -73.786490768921112, 40.698032310019201 ], [ -73.786487985544809, 40.698031734829819 ], [ -73.78648496757252, 40.69803089175214 ], [ -73.785998914175963, 40.697854960427925 ], [ -73.777920132728539, 40.694322220561595 ], [ -73.777892034317929, 40.694210141291677 ], [ -73.777535795822956, 40.692789121091394 ], [ -73.778369151503227, 40.692529117443911 ], [ -73.779418033686895, 40.692201859011774 ], [ -73.78048883687012, 40.691869734034675 ], [ -73.781113912695886, 40.6917101249079 ] ] ] } },
{ "type": "Feature", "properties": { "group_id": "N2-173", "n_parks": 3, "extent_km": 0.417, "max_walk_m": 209.5, "park_area_acres": 8.84, "hull_area_acres": 15.95, "boroughs": "Q", "members": "Locust Grove Civic Triangle; Southern Fields; Lefferts Playground" }, "geometry": { "type": "Polygon", "coordinates": [ [ [ -73.820806710681836, 40.66515679558956 ], [ -73.826436098837959, 40.665365917151632 ], [ -73.828000595105266, 40.665446603004405 ], [ -73.828050619680823, 40.665452436598869 ], [ -73.828098820835962, 40.665464177544187 ], [ -73.828144003714073, 40.665481535891878 ], [ -73.828185047140877, 40.665504080424007 ], [ -73.828220933153247, 40.665531252204509 ], [ -73.828250770616449, 40.665562378121543 ], [ -73.828273821206196, 40.665596684433488 ], [ -73.828288689474306, 40.665631399969783 ], [ -73.828293945670453, 40.665654565526545 ], [ -73.828297453762715, 40.665671380725136 ], [ -73.828297450898575, 40.665709246586239 ], [ -73.828297450356516, 40.66570991657052 ], [ -73.828289501032458, 40.665747974087409 ], [ -73.828270091864198, 40.665788913262922 ], [ -73.828243660445452, 40.665827506007993 ], [ -73.828210680422856, 40.665863056024584 ], [ -73.828171748290217, 40.665894924830496 ], [ -73.828127562089961, 40.665922536230909 ], [ -73.828078918999893, 40.665945395225975 ], [ -73.8280266952234, 40.665963089782352 ], [ -73.823533304661765, 40.66648465536769 ], [ -73.822409451235359, 40.666192110937565 ], [ -73.8199158327253, 40.665449701744805 ], [ -73.819920912315979, 40.665188517201287 ], [ -73.820635671155244, 40.665162920908401 ], [ -73.820806710681836, 40.66515679558956 ] ] ] } },
{ "type": "Feature", "properties": { "group_id": "N2-174", "n_parks": 3, "extent_km": 0.936, "max_walk_m": 300.8, "park_area_acres": 12.19, "hull_area_acres": 36.01, "boroughs": "Q", "members": "Beach 30th Street Playground; Park; Rockaway Beach and Boardwalk" }, "geometry": { "type": "Polygon", "coordinates": [ [ [ -73.763760233171936, 40.591821343318074 ], [ -73.764037316832045, 40.593195868860306 ], [ -73.762997740016033, 40.593300873162718 ], [ -73.751325757429328, 40.593807974414872 ], [ -73.751308283129774, 40.593282363238593 ], [ -73.752785115511273, 40.592662621527339 ], [ -73.753149550138346, 40.592607042830153 ], [ -73.75345339632301, 40.592561495439718 ], [ -73.763760233171936, 40.591821343318074 ] ] ] } },
{ "type": "Feature", "properties": { "group_id": "N2-175", "n_parks": 3, "extent_km": 0.396, "max_walk_m": 260.8, "park_area_acres": 5.48, "hull_area_acres": 26.02, "boroughs": "Q", "members": "Rockaway Freeway (1/16); Rockaway Freeway (15/16); Bay Breeze Park" }, "geometry": { "type": "Polygon", "coordinates": [ [ [ -73.813051094051801, 40.588192747723312 ], [ -73.814977362728513, 40.589792565326206 ], [ -73.815408256784295, 40.590381492171673 ], [ -73.815558781783253, 40.590799495575617 ], [ -73.81409793633955, 40.591523145657234 ], [ -73.809711332180299, 40.590445612237026 ], [ -73.809530422535047, 40.59028393317746 ], [ -73.810110775845246, 40.589765301660627 ], [ -73.810961744963038, 40.589165592458741 ], [ -73.811013015848573, 40.589131067808225 ], [ -73.811510718148313, 40.588834159040395 ], [ -73.811553779320093, 40.588811175321297 ], [ -73.812091047056967, 40.588551723235355 ], [ -73.812146883744703, 40.588528476520388 ], [ -73.813051094051801, 40.588192747723312 ] ] ] } },
{ "type": "Feature", "properties": { "group_id": "N2-176", "n_parks": 3, "extent_km": 0.827, "max_walk_m": 410.8, "park_area_acres": 7.65, "hull_area_acres": 37.71, "boroughs": "Q", "members": "Hallets Cove Playground; Van Alst Playground; Two Coves Community Garden" }, "geometry": { "type": "Polygon", "coordinates": [ [ [ -73.928269772950415, 40.770217985506491 ], [ -73.934931349202486, 40.771540718415871 ], [ -73.937525174048531, 40.772485736477449 ], [ -73.937901831207, 40.773593441888892 ], [ -73.937903365674202, 40.774214075705522 ], [ -73.937785836077907, 40.77477825214617 ], [ -73.937725241375944, 40.774760998196058 ], [ -73.937011113095238, 40.774543285356813 ], [ -73.936870495445874, 40.77450030934245 ], [ -73.931122953108172, 40.772159121793365 ], [ -73.928464095814505, 40.770960485046714 ], [ -73.927502349733203, 40.770510872149671 ], [ -73.927593071787427, 40.77039762153376 ], [ -73.928269772950415, 40.770217985506491 ] ] ] } },
{ "type": "Feature", "properties": { "group_id": "N2-177", "n_parks": 3, "extent_km": 0.21, "max_walk_m": 239.7, "park_area_acres": 0.52, "hull_area_acres": 3.49, "boroughs": "Q", "members": "Spargo Park; Crosson Green; Crosson Park" }, "geometry": { "type": "Polygon", "coordinates": [ [ [ -73.896929652985818, 40.740750649293943 ], [ -73.896998048995712, 40.740791418839201 ], [ -73.897033829792903, 40.740815361116773 ], [ -73.897078897591854, 40.740848417617315 ], [ -73.897109347084935, 40.740872402833631 ], [ -73.897117395214764, 40.740878742394045 ], [ -73.897164339732868, 40.740920949696033 ], [ -73.89719337922233, 40.740948764390744 ], [ -73.897226072041278, 40.740982946226396 ], [ -73.897237713041321, 40.740998007700348 ], [ -73.897265694234946, 40.741034211462676 ], [ -73.897292352676601, 40.741072154719902 ], [ -73.897318813536671, 40.741110796588487 ], [ -73.897346569308496, 40.741161197534289 ], [ -73.897367593105926, 40.741203964273147 ], [ -73.897387693203243, 40.741254578109604 ], [ -73.897397557611669, 40.741280889827536 ], [ -73.897404610131844, 40.741304902745092 ], [ -73.89741058477037, 40.741329234382157 ], [ -73.897415992790727, 40.741351709567837 ], [ -73.89742106649561, 40.741374473518349 ], [ -73.897426779401627, 40.741404247589699 ], [ -73.897433407202826, 40.741466521797605 ], [ -73.897433294297485, 40.741541401611542 ], [ -73.897431857093665, 40.741574394932442 ], [ -73.897428874027312, 40.741604830335255 ], [ -73.897424542159968, 40.741633134835865 ], [ -73.897419600203719, 40.741661664820306 ], [ -73.897415385952854, 40.741678167371866 ], [ -73.897403161962785, 40.741717904890621 ], [ -73.897399466373017, 40.741728195301313 ], [ -73.897399123924842, 40.741729148633816 ], [ -73.897393283280309, 40.741745407499018 ], [ -73.897385493602883, 40.74176181771363 ], [ -73.89737686087426, 40.741778272201827 ], [ -73.897367492064745, 40.741794501807021 ], [ -73.897357403792284, 40.741810478628082 ], [ -73.897346611467498, 40.741826190071436 ], [ -73.8973351269739, 40.741841607331267 ], [ -73.897326867246889, 40.741851865755095 ], [ -73.896569872861619, 40.742531010414304 ], [ -73.89583979057268, 40.743098723980651 ], [ -73.895791621655377, 40.742846495981851 ], [ -73.895798449861317, 40.742831226850718 ], [ -73.896929652985818, 40.740750649293943 ] ] ] } },
{ "type": "Feature", "properties": { "group_id": "N2-178", "n_parks": 3, "extent_km": 0.377, "max_walk_m": 203.0, "park_area_acres": 4.12, "hull_area_acres": 9.27, "boroughs": "Q", "members": "Real Good Playground; Barrier Playground; Playground Sixty Two LXII" }, "geometry": { "type": "Polygon", "coordinates": [ [ [ -73.858231111509326, 40.735112967922952 ], [ -73.858394359537897, 40.735424461237947 ], [ -73.855977172860236, 40.736150130229674 ], [ -73.855168486079918, 40.736386536106458 ], [ -73.854923330838531, 40.736428664009992 ], [ -73.854727143004652, 40.736459090725916 ], [ -73.854529887008795, 40.736485241042466 ], [ -73.854331738123065, 40.736507104369949 ], [ -73.854269362095323, 40.736512185369037 ], [ -73.854206982506469, 40.736517266329862 ], [ -73.854172376125248, 40.736519780859076 ], [ -73.853039180437065, 40.736486774783046 ], [ -73.852177768164182, 40.736460763303455 ], [ -73.852044169029242, 40.736190396714044 ], [ -73.852408090117834, 40.736081988556826 ], [ -73.853456385773583, 40.735769704328817 ], [ -73.858231111509326, 40.735112967922952 ] ] ] } },
{ "type": "Feature", "properties": { "group_id": "N2-179", "n_parks": 3, "extent_km": 0.261, "max_walk_m": 194.7, "park_area_acres": 4.72, "hull_area_acres": 16.21, "boroughs": "Q", "members": "Louis C. Moser Playground; LaGuardia Landing Lights; LaGuardia Landing Lights" }, "geometry": { "type": "Polygon", "coordinates": [ [ [ -73.890109164729765, 40.761497682355454 ], [ -73.890128399430665, 40.761500360793697 ], [ -73.892475322544243, 40.762541110561308 ], [ -73.892577931878421, 40.763640942525427 ], [ -73.889648220727835, 40.764088077500134 ], [ -73.889460172712432, 40.764108458453691 ], [ -73.888889760942988, 40.763895209600179 ], [ -73.888719424452773, 40.76294351405015 ], [ -73.889774550427205, 40.761533039803396 ], [ -73.889790352288443, 40.761531133243146 ], [ -73.890109164729765, 40.761497682355454 ] ] ] } },
{ "type": "Feature", "properties": { "group_id": "N2-180", "n_parks": 3, "extent_km": 0.326, "max_walk_m": 232.2, "park_area_acres": 10.42, "hull_area_acres": 23.0, "boroughs": "R", "members": "Forest Grove; Joseph Manna Park; Graniteville Swamp Park" }, "geometry": { "type": "Polygon", "coordinates": [ [ [ -74.173247608609771, 40.62374555418711 ], [ -74.174152956562722, 40.624175319240237 ], [ -74.175197426150461, 40.624676680051934 ], [ -74.176923800513549, 40.625531448291028 ], [ -74.177769101052192, 40.625982452118627 ], [ -74.177759075087991, 40.625990053615887 ], [ -74.174153115969105, 40.627318753852528 ], [ -74.173623852943962, 40.62727270650872 ], [ -74.172585765461918, 40.625571142723857 ], [ -74.172818469425295, 40.624037827777542 ], [ -74.172969006594329, 40.623908196400144 ], [ -74.173247608609771, 40.62374555418711 ] ] ] } },
{ "type": "Feature", "properties": { "group_id": "N2-181", "n_parks": 3, "extent_km": 0.654, "max_walk_m": 592.0, "park_area_acres": 4.98, "hull_area_acres": 65.15, "boroughs": "X", "members": "Barnhill Square; Washington's Walk; Major General John R Brown Triangle" }, "geometry": { "type": "Polygon", "coordinates": [ [ [ -73.899597675667877, 40.868016440616138 ], [ -73.899603793487941, 40.868016861965245 ], [ -73.899750198139344, 40.868054233493559 ], [ -73.899789084675461, 40.868064285215503 ], [ -73.904371127043859, 40.86948967408108 ], [ -73.904373466251798, 40.86949052968329 ], [ -73.904376889885668, 40.869492890000899 ], [ -73.904379631823701, 40.869495805355314 ], [ -73.904381160763208, 40.869498360409338 ], [ -73.904382075791403, 40.86950052774435 ], [ -73.90438246720575, 40.8695030323289 ], [ -73.904382555072701, 40.869504622665467 ], [ -73.904382384671266, 40.869505983163307 ], [ -73.904381874394744, 40.869506944462877 ], [ -73.90109376838528, 40.87494634312376 ], [ -73.901026748965407, 40.875052368584413 ], [ -73.900985253142807, 40.875113899369865 ], [ -73.900905576519492, 40.875224598236514 ], [ -73.90084347413908, 40.875304999013188 ], [ -73.900765400940685, 40.875399827152471 ], [ -73.900719847849331, 40.875452301742435 ], [ -73.900659336095543, 40.875519083001386 ], [ -73.900553015112351, 40.875630870781578 ], [ -73.90054451771789, 40.87563775489469 ], [ -73.900533835554498, 40.875644320152297 ], [ -73.90052526256531, 40.875647808458019 ], [ -73.90051733636929, 40.875650345504667 ], [ -73.900508025389186, 40.875652304144012 ], [ -73.900499979718077, 40.875653023901364 ], [ -73.900491855431156, 40.875653162775535 ], [ -73.900482233786519, 40.875652637598627 ], [ -73.90047119556597, 40.87565058217033 ], [ -73.900459131725469, 40.875647356122201 ], [ -73.900447585675934, 40.875642181863164 ], [ -73.900436938835142, 40.875635450534197 ], [ -73.900428175404272, 40.875627471852226 ], [ -73.89867494713576, 40.873766719288177 ], [ -73.898652551062753, 40.873740859204176 ], [ -73.898630783001025, 40.873712378345402 ], [ -73.898403176122045, 40.873391273796948 ], [ -73.898381871501371, 40.873352334122657 ], [ -73.898358671190479, 40.873307189308782 ], [ -73.8983312185307, 40.873249298830302 ], [ -73.898307809031053, 40.873195153437692 ], [ -73.898279512829632, 40.873121867449392 ], [ -73.898255004506652, 40.873048601001678 ], [ -73.898238815088732, 40.872992805959946 ], [ -73.898222425005329, 40.872927072045421 ], [ -73.89820648248525, 40.87284796986831 ], [ -73.898002153489699, 40.871795860133176 ], [ -73.89790407229485, 40.871187826354763 ], [ -73.897903189811387, 40.871182355103883 ], [ -73.897902399867647, 40.871176876730971 ], [ -73.897901704837366, 40.871171390337551 ], [ -73.897901102345273, 40.871165897722634 ], [ -73.897900593577702, 40.871160398887142 ], [ -73.897900179716615, 40.871154896533703 ], [ -73.89789985838955, 40.871149390660143 ], [ -73.897899630782661, 40.871143881267585 ], [ -73.897899496893231, 40.871138370156935 ], [ -73.897899455533548, 40.871132858227689 ], [ -73.897899511445956, 40.871127347284975 ], [ -73.897899659886676, 40.871121836424116 ], [ -73.897899902039228, 40.871116327447169 ], [ -73.897900236715856, 40.871110821253474 ], [ -73.897900666286446, 40.871105319646269 ], [ -73.897901189564607, 40.87109982262433 ], [ -73.897901806550323, 40.871094330187816 ], [ -73.897902517238052, 40.871088845938566 ], [ -73.897903320445693, 40.87108336717403 ], [ -73.897904216167646, 40.871077897496313 ], [ -73.897905206776429, 40.871072436907383 ], [ -73.897906288710516, 40.871066987205104 ], [ -73.897907464342325, 40.871061548391587 ], [ -73.897908732485604, 40.871056120465781 ], [ -73.897910093134826, 40.871050707029582 ], [ -73.897911546291311, 40.871045307182548 ], [ -73.897913091955104, 40.871039920924645 ], [ -73.897914726563187, 40.871034550954228 ], [ -73.897916453674313, 40.871029197274389 ], [ -73.897918272099531, 40.871023861685103 ], [ -73.89792018065522, 40.871018542384277 ], [ -73.89792218051798, 40.871013245676416 ], [ -73.897924269323582, 40.871007966156533 ], [ -73.89792644943762, 40.87100270832908 ], [ -73.899554783503305, 40.868038496795002 ], [ -73.89955695159999, 40.868034762551744 ], [ -73.899560585758252, 40.868030302889565 ], [ -73.899565054305768, 40.868026306805085 ], [ -73.899569682770448, 40.868023241965702 ], [ -73.899574824083942, 40.868020692652351 ], [ -73.899582565555477, 40.868018148303037 ], [ -73.899590019364311, 40.868016786945972 ], [ -73.899597675667877, 40.868016440616138 ] ] ] } },
{ "type": "Feature", "properties": { "group_id": "N2-182", "n_parks": 3, "extent_km": 0.333, "max_walk_m": 277.1, "park_area_acres": 0.98, "hull_area_acres": 8.54, "boroughs": "X", "members": "Bergen Triangle; Walton Park; Mabel Hampton Playground" }, "geometry": { "type": "Polygon", "coordinates": [ [ [ -73.904195855043753, 40.854202585873828 ], [ -73.904471790723306, 40.854256677591337 ], [ -73.905482796036324, 40.855167801822141 ], [ -73.905175765922763, 40.855507626742686 ], [ -73.901130207655441, 40.855103783050922 ], [ -73.901296938215864, 40.854541157356365 ], [ -73.904195855043753, 40.854202585873828 ] ] ] } },
{ "type": "Feature", "properties": { "group_id": "N2-183", "n_parks": 3, "extent_km": 0.362, "max_walk_m": 265.6, "park_area_acres": 3.93, "hull_area_acres": 13.27, "boroughs": "X", "members": "Owen F. Dolen Park; Samuel H. Young Park; Pelham Bay Little League" }, "geometry": { "type": "Polygon", "coordinates": [ [ [ -73.843048273037951, 40.839987854644001 ], [ -73.843077143021446, 40.839990720578122 ], [ -73.843106035630356, 40.839999076851797 ], [ -73.843131193374617, 40.840012917454224 ], [ -73.843156379045922, 40.840029501896389 ], [ -73.84317071748174, 40.840048761362148 ], [ -73.843184978247962, 40.840070793343592 ], [ -73.843192942286805, 40.840463326178941 ], [ -73.843192880837421, 40.840474304925586 ], [ -73.843189114062952, 40.840999363774358 ], [ -73.843170833166695, 40.841026758077369 ], [ -73.843156266989538, 40.841043151584785 ], [ -73.843112688840534, 40.841070429531563 ], [ -73.843087334250711, 40.841078546318471 ], [ -73.838592687104523, 40.842292779955407 ], [ -73.838576574125042, 40.842297106794824 ], [ -73.838548712367597, 40.842300607643189 ], [ -73.838523038526063, 40.842300602321089 ], [ -73.838522967390062, 40.842300598619524 ], [ -73.838517122064701, 40.842299936677328 ], [ -73.838500745435937, 40.842298081242959 ], [ -73.838500675505401, 40.842298069438627 ], [ -73.838490148103361, 40.842295757537165 ], [ -73.838480345995762, 40.842293604236907 ], [ -73.838480277268445, 40.84229358523028 ], [ -73.838476166043534, 40.842292215224226 ], [ -73.838460100286895, 40.842286858196644 ], [ -73.838460036317869, 40.842286832893166 ], [ -73.838442512717947, 40.842278776840679 ], [ -73.838432962510325, 40.84227299309574 ], [ -73.838425415645602, 40.842268422420773 ], [ -73.838410444686559, 40.84225657885753 ], [ -73.838398151923116, 40.842243930400635 ], [ -73.83839435717357, 40.842238706718902 ], [ -73.838387281760021, 40.842228966062954 ], [ -73.838382058258006, 40.842218343715885 ], [ -73.838378326182948, 40.8422107509206 ], [ -73.838377301006759, 40.842207130397036 ], [ -73.83837367526975, 40.842194325688844 ], [ -73.838372025991859, 40.842179644418181 ], [ -73.838372342390159, 40.842168012274513 ], [ -73.83837334527847, 40.842160308148941 ], [ -73.838374817228484, 40.842153295359878 ], [ -73.838382281339022, 40.842127496747629 ], [ -73.838739689599137, 40.840892187112615 ], [ -73.843012090905617, 40.839990468166128 ], [ -73.843048273037951, 40.839987854644001 ] ] ] } },
{ "type": "Feature", "properties": { "group_id": "N2-184", "n_parks": 3, "extent_km": 0.505, "max_walk_m": 364.4, "park_area_acres": 4.65, "hull_area_acres": 15.52, "boroughs": "X", "members": "Richman (Echo) Park; O'Brien Oval; Park" }, "geometry": { "type": "Polygon", "coordinates": [ [ [ -73.903261332541149, 40.845110698919072 ], [ -73.903821695108419, 40.845150607295977 ], [ -73.903820922140568, 40.845163609770097 ], [ -73.902123998526051, 40.849862559415151 ], [ -73.901329669013492, 40.850422137481253 ], [ -73.901324312707104, 40.850425882549239 ], [ -73.901318726632326, 40.850429428411587 ], [ -73.901312925026588, 40.850432770578074 ], [ -73.901306918584268, 40.850435894649941 ], [ -73.90130072390788, 40.850438800641307 ], [ -73.901294354056958, 40.850441478657963 ], [ -73.901287822087156, 40.850443921507058 ], [ -73.901281144606259, 40.850446125600818 ], [ -73.90127433585306, 40.8504480855485 ], [ -73.901267412436823, 40.850449796861803 ], [ -73.901260388595034, 40.850451255050423 ], [ -73.901253283306048, 40.850452457429107 ], [ -73.901246107248269, 40.850453400405037 ], [ -73.901238881769174, 40.850454083095997 ], [ -73.901231621103662, 40.850454502812639 ], [ -73.901224343040099, 40.850454659570211 ], [ -73.901217062999265, 40.850454550680418 ], [ -73.901209798762864, 40.850454180660975 ], [ -73.90120256575166, 40.85045354682363 ], [ -73.901195379378322, 40.850452651883046 ], [ -73.901188259800406, 40.850451497657424 ], [ -73.901181218871585, 40.850450087759022 ], [ -73.901174275564813, 40.850448423104503 ], [ -73.90116744410291, 40.850446509109041 ], [ -73.901160741083046, 40.850444349388873 ], [ -73.901154180725257, 40.850441951160136 ], [ -73.901147779629483, 40.85043931623801 ], [ -73.901141550828498, 40.850436452738215 ], [ -73.901135508543732, 40.850433366976318 ], [ -73.901129668180999, 40.850430066169551 ], [ -73.901124039216853, 40.850426557529957 ], [ -73.901118640614754, 40.85042284827783 ], [ -73.901113441414537, 40.850419023933327 ], [ -73.901108298014677, 40.850415157313364 ], [ -73.901103210415243, 40.850411248417799 ], [ -73.901098179803512, 40.850407296347221 ], [ -73.901093206176739, 40.850403302902684 ], [ -73.901088289534968, 40.850399268084139 ], [ -73.901083432247248, 40.850395193694631 ], [ -73.901078634314985, 40.850391078833674 ], [ -73.90107389455089, 40.850386924400702 ], [ -73.901069217698549, 40.850382730399851 ], [ -73.901064597827173, 40.850378497726481 ], [ -73.901060042050716, 40.850374227287261 ], [ -73.90105554799743, 40.850369919080123 ], [ -73.901051115666007, 40.850365574005522 ], [ -73.901046743870481, 40.850361192062543 ], [ -73.901042440910828, 40.850356774158726 ], [ -73.901038197298504, 40.850352321186485 ], [ -73.901034018964296, 40.85034783225035 ], [ -73.901029905905531, 40.850343309151434 ], [ -73.901025858120875, 40.85033875279008 ], [ -73.901021876796221, 40.850334163167425 ], [ -73.901017960745634, 40.850329540282409 ], [ -73.901014113525477, 40.85032488503861 ], [ -73.901010332762581, 40.850320198334501 ], [ -73.901006618456961, 40.850315480170025 ], [ -73.901002974163603, 40.850310732349307 ], [ -73.900999397513374, 40.850305953069267 ], [ -73.900995890872736, 40.850301145933926 ], [ -73.90099245187119, 40.850296310040775 ], [ -73.900989084069082, 40.850291443591921 ], [ -73.900985786273779, 40.850286551088764 ], [ -73.90098255848666, 40.8502816316308 ], [ -73.900979403079504, 40.850276685220123 ], [ -73.900976318865006, 40.850271712756239 ], [ -73.900973305843237, 40.850266714239076 ], [ -73.900970365195931, 40.850261692371106 ], [ -73.900967498110447, 40.850256646252987 ], [ -73.900964703400746, 40.850251575883611 ], [ -73.900961981064242, 40.850246483063991 ], [ -73.90095933347267, 40.850241367796194 ], [ -73.90095675825286, 40.850236230978631 ], [ -73.900954258962471, 40.850231072614349 ], [ -73.900951833225733, 40.850225895402851 ], [ -73.900949482232505, 40.850220696643717 ], [ -73.900947207164592, 40.850215479039271 ], [ -73.900945005650328, 40.850210242587707 ], [ -73.900942880060029, 40.850204988191379 ], [ -73.900940831578254, 40.850199716751909 ], [ -73.900938859017728, 40.85019442916871 ], [ -73.900936961193949, 40.850189124540279 ], [ -73.900935141661847, 40.850183804670706 ], [ -73.900933398048338, 40.850178470458403 ], [ -73.900931732725027, 40.850173121905442 ], [ -73.900930143320352, 40.850167759009764 ], [ -73.900928631015915, 40.850162384473862 ], [ -73.90092719581321, 40.850156997397271 ], [ -73.90092584008265, 40.850151598682537 ], [ -73.900924562638238, 40.850146188328587 ], [ -73.900923361105527, 40.850140768134402 ], [ -73.900922237856292, 40.850135338102078 ], [ -73.900921194073732, 40.850129900033458 ], [ -73.900920228574606, 40.850124452126707 ], [ -73.900919341353529, 40.850118997983685 ], [ -73.900918532413129, 40.850113535803516 ], [ -73.900917802936618, 40.850108067388135 ], [ -73.900917151736849, 40.850102593637011 ], [ -73.900916579999503, 40.850097114551154 ], [ -73.900916087724724, 40.850091630130578 ], [ -73.900915672536598, 40.850086143074762 ], [ -73.900915337991421, 40.850080654287183 ], [ -73.900915081722829, 40.850075160163911 ], [ -73.900914906095849, 40.850069665209389 ], [ -73.900914808737326, 40.850064170322092 ], [ -73.900914789649903, 40.850058673701042 ], [ -73.900914851202728, 40.850053177149256 ], [ -73.900914991021224, 40.850047682465672 ], [ -73.900915210294016, 40.850042187850278 ], [ -73.900915507829808, 40.85003669690412 ], [ -73.900915886003062, 40.850031207828231 ], [ -73.901086565622037, 40.847784107923516 ], [ -73.901090766237417, 40.847764733825095 ], [ -73.901099046196506, 40.847746132244616 ], [ -73.901102245324822, 40.84774153707216 ], [ -73.903261332541149, 40.845110698919072 ] ] ] } },
{ "type": "Feature", "properties": { "group_id": "N2-185", "n_parks": 3, "extent_km": 0.661, "max_walk_m": 392.2, "park_area_acres": 22.23, "hull_area_acres": 51.35, "boroughs": "X", "members": "Joyce Kilmer Park; Franz Sigel Park; River Avenue Parks" }, "geometry": { "type": "Polygon", "coordinates": [ [ [ -73.926458955915137, 40.820845652340154 ], [ -73.927249380314905, 40.821926753876483 ], [ -73.927722255792148, 40.822573513887114 ], [ -73.927298979865711, 40.825248428649139 ], [ -73.926851385804667, 40.826011840711992 ], [ -73.922366303091792, 40.829939757379215 ], [ -73.921507469658508, 40.829642485395127 ], [ -73.925090200049254, 40.822525935770599 ], [ -73.925473433166204, 40.821916831790475 ], [ -73.925595196579252, 40.821760391558968 ], [ -73.926458955915137, 40.820845652340154 ] ] ] } },
{ "type": "Feature", "properties": { "group_id": "N2-186", "n_parks": 3, "extent_km": 0.405, "max_walk_m": 194.1, "park_area_acres": 7.1, "hull_area_acres": 19.83, "boroughs": "X", "members": "Murphy Triangle; Bathgate Playground; Quarry Ballfields" }, "geometry": { "type": "Polygon", "coordinates": [ [ [ -73.889940373059645, 40.849998983186559 ], [ -73.89351985806401, 40.85109027871507 ], [ -73.893526074780866, 40.851093116500891 ], [ -73.893531582315902, 40.851096701940882 ], [ -73.894956879445004, 40.852320682267923 ], [ -73.894150716162429, 40.85374527003578 ], [ -73.893685900399859, 40.853495598210763 ], [ -73.889469058656161, 40.850787950967003 ], [ -73.889940373059645, 40.849998983186559 ] ] ] } },
{ "type": "Feature", "properties": { "group_id": "N2-187", "n_parks": 3, "extent_km": 0.298, "max_walk_m": 289.5, "park_area_acres": 3.29, "hull_area_acres": 13.85, "boroughs": "X", "members": "Ryan Triangle; Patterson Playground; Clark Playground" }, "geometry": { "type": "Polygon", "coordinates": [ [ [ -73.921035774422563, 40.813377210267447 ], [ -73.921852524196083, 40.813719535297125 ], [ -73.924338950313341, 40.815198130197402 ], [ -73.924346430240178, 40.815203592119225 ], [ -73.924591644469714, 40.815481319335092 ], [ -73.92459177821641, 40.815481486014534 ], [ -73.924593567792058, 40.81548687756154 ], [ -73.924594169578839, 40.815492399804249 ], [ -73.924593532759786, 40.815497920336398 ], [ -73.924591677664793, 40.815503279783265 ], [ -73.924588655435713, 40.815508323292725 ], [ -73.924584555131929, 40.815512905942832 ], [ -73.924579493059653, 40.815516895436502 ], [ -73.924573616322064, 40.815520177506684 ], [ -73.923457860499127, 40.815950704731733 ], [ -73.921936088647769, 40.816328256172049 ], [ -73.921366907261046, 40.816181951041855 ], [ -73.920829857981516, 40.81366714453705 ], [ -73.921030209941165, 40.813385043486818 ], [ -73.921035774422563, 40.813377210267447 ] ] ] } },
{ "type": "Feature", "properties": { "group_id": "N2-188", "n_parks": 3, "extent_km": 0.268, "max_walk_m": 294.9, "park_area_acres": 0.52, "hull_area_acres": 4.73, "boroughs": "X", "members": "Park; Franklin Triangle; Charlton-Thompson Garden" }, "geometry": { "type": "Polygon", "coordinates": [ [ [ -73.907036599974546, 40.824383858922253 ], [ -73.907381288814591, 40.824466173281159 ], [ -73.908175768982787, 40.825020386796474 ], [ -73.908075102132301, 40.825291857459007 ], [ -73.907323171877977, 40.827190681350864 ], [ -73.907230478939582, 40.827156050298683 ], [ -73.906824481993382, 40.824894103304118 ], [ -73.907036599974546, 40.824383858922253 ] ] ] } },
{ "type": "Feature", "properties": { "group_id": "N2-189", "n_parks": 3, "extent_km": 0.488, "max_walk_m": 464.3, "park_area_acres": 1.56, "hull_area_acres": 8.45, "boroughs": "X", "members": "Martin Luther King Triangle; Nelson Playground; Las Casitas Community Garden" }, "geometry": { "type": "Polygon", "coordinates": [ [ [ -73.9268152422122, 40.834322074105742 ], [ -73.927133408475086, 40.834425453309898 ], [ -73.927399306892966, 40.834586458298674 ], [ -73.926950939188941, 40.835243509924524 ], [ -73.923537698808403, 40.838259464635783 ], [ -73.923397381649124, 40.838353762193343 ], [ -73.923214410014964, 40.838476177925244 ], [ -73.92320701514663, 40.838481124817434 ], [ -73.923206305643745, 40.838481528666762 ], [ -73.92320562348003, 40.838481873101713 ], [ -73.923204784791096, 40.838482230939796 ], [ -73.923203997168471, 40.838482517672936 ], [ -73.923203181141531, 40.838482759362456 ], [ -73.923202284516421, 40.838482976684922 ], [ -73.92320189552423, 40.838483053868394 ], [ -73.92320097883406, 40.838483191934031 ], [ -73.923199682756703, 40.838483303632771 ], [ -73.9231983180253, 40.838483315330961 ], [ -73.923196964095951, 40.838483213574058 ], [ -73.923195630443814, 40.838483007373419 ], [ -73.923194845724794, 40.838482833055586 ], [ -73.92319391526803, 40.838482571292758 ], [ -73.92319232715748, 40.838481964202863 ], [ -73.923190985760783, 40.838481277133319 ], [ -73.923190191941018, 40.838480769626649 ], [ -73.923189566447178, 40.838480297351374 ], [ -73.923188946942034, 40.838479772851422 ], [ -73.923188422278756, 40.838479259220527 ], [ -73.92318790719348, 40.838478665452058 ], [ -73.923187280975597, 40.838477793357036 ], [ -73.923186903489437, 40.838477147451563 ], [ -73.92318661370399, 40.838476535823268 ], [ -73.92318636667062, 40.838475865691343 ], [ -73.923186188384747, 40.838475214515626 ], [ -73.923186064683847, 40.838474525555448 ], [ -73.923185997108035, 40.838473491743535 ], [ -73.923186072944318, 40.83847250575333 ], [ -73.923186193476681, 40.838471831363741 ], [ -73.923186399433035, 40.838471109304884 ], [ -73.923290302800666, 40.838215183368206 ], [ -73.923290684385435, 40.838214330854306 ], [ -73.923291103893121, 40.838213494574525 ], [ -73.923291563706442, 40.838212664625026 ], [ -73.923292068570163, 40.838211839207901 ], [ -73.923292607810154, 40.838211021017599 ], [ -73.923293169539534, 40.838210236160577 ], [ -73.925169993699981, 40.835599383530294 ], [ -73.925319829714851, 40.835405205317912 ], [ -73.9268152422122, 40.834322074105742 ] ] ] } },
{ "type": "Feature", "properties": { "group_id": "N2-190", "n_parks": 3, "extent_km": 0.801, "max_walk_m": 543.7, "park_area_acres": 5.25, "hull_area_acres": 19.27, "boroughs": "X", "members": "Heath Triangle; Fordham Landing Playground; Riverbend Playground" }, "geometry": { "type": "Polygon", "coordinates": [ [ [ -73.910578441638847, 40.862337240076286 ], [ -73.910651153656744, 40.862349462928961 ], [ -73.91099668874169, 40.862942438000481 ], [ -73.910930044957766, 40.863222770366185 ], [ -73.906059989648327, 40.872128169106766 ], [ -73.905557650509792, 40.872542733062822 ], [ -73.905240444308291, 40.872409525787042 ], [ -73.909734089461182, 40.863541677898262 ], [ -73.910437711469129, 40.862537988859643 ], [ -73.910578441638847, 40.862337240076286 ] ] ] } },
{ "type": "Feature", "properties": { "group_id": "N2-191", "n_parks": 3, "extent_km": 0.358, "max_walk_m": 313.8, "park_area_acres": 16.2, "hull_area_acres": 59.75, "boroughs": "X", "members": "Henry Hudson Park; Spuyten Duyvil Shorefront Park; Henry Hudson Parkway (5/8)" }, "geometry": { "type": "Polygon", "coordinates": [ [ [ -73.919729573961874, 40.876771511325387 ], [ -73.920183442963165, 40.877164077673754 ], [ -73.922756641329372, 40.879640631141676 ], [ -73.922766145301949, 40.879657309123402 ], [ -73.922781372272979, 40.879684435685249 ], [ -73.922818181188717, 40.879757682527575 ], [ -73.922846238088894, 40.879818569722339 ], [ -73.922865856642545, 40.879862580642012 ], [ -73.922882870330696, 40.879907196745819 ], [ -73.922904293428687, 40.879965575236959 ], [ -73.92291893017854, 40.880011723276489 ], [ -73.922934944175068, 40.880065216606951 ], [ -73.922959110267158, 40.880154407987156 ], [ -73.922974566199429, 40.880225752195798 ], [ -73.922983041955717, 40.880265748487133 ], [ -73.922990519924028, 40.880307805326822 ], [ -73.923006720972111, 40.880417082146558 ], [ -73.923012450230615, 40.880471387143423 ], [ -73.921895382597015, 40.881144707895679 ], [ -73.918699226646595, 40.882693231934098 ], [ -73.915422823153776, 40.883831821209263 ], [ -73.915061114646619, 40.883891410935014 ], [ -73.915144069236163, 40.883649763324833 ], [ -73.915183631294127, 40.883534540013812 ], [ -73.915229437144802, 40.883420657595181 ], [ -73.91529717745172, 40.883279640679966 ], [ -73.915371465573983, 40.883140536654224 ], [ -73.918974960720277, 40.876904685711828 ], [ -73.919729573961874, 40.876771511325387 ] ] ] } },
{ "type": "Feature", "properties": { "group_id": "N2-192", "n_parks": 3, "extent_km": 0.431, "max_walk_m": 447.2, "park_area_acres": 2.9, "hull_area_acres": 22.14, "boroughs": "X", "members": "D'Onofrio Square; Marcus Garvey Square; Agnes Haywood Playground" }, "geometry": { "type": "Polygon", "coordinates": [ [ [ -73.866894428980316, 40.876546090828505 ], [ -73.866913292450405, 40.876550065727862 ], [ -73.866923682371507, 40.876561437371045 ], [ -73.866930161067472, 40.876576265080587 ], [ -73.866938745532522, 40.876674691162393 ], [ -73.866963136124198, 40.877009012098242 ], [ -73.866966300182995, 40.877053474658084 ], [ -73.866965777470696, 40.877184274493558 ], [ -73.866961135516505, 40.877204275292321 ], [ -73.866955806064297, 40.877224568857486 ], [ -73.866946916208576, 40.877244318024559 ], [ -73.866938033861814, 40.877259719641813 ], [ -73.864898385279716, 40.880540420634944 ], [ -73.86489484928569, 40.880545302542643 ], [ -73.86489048242457, 40.880549780059091 ], [ -73.864885364349846, 40.880553773133919 ], [ -73.864879585378262, 40.88055720893329 ], [ -73.864873253601218, 40.880560025450038 ], [ -73.864866479461071, 40.880562171485522 ], [ -73.864859387611588, 40.880563608464662 ], [ -73.864852106238573, 40.880564311323838 ], [ -73.861893501591354, 40.880722556327989 ], [ -73.86124510785281, 40.880514570056583 ], [ -73.861566996220915, 40.879934408417519 ], [ -73.866860564206675, 40.876557413227978 ], [ -73.866874502141869, 40.876550014684753 ], [ -73.866894428980316, 40.876546090828505 ] ] ] } },
{ "type": "Feature", "properties": { "group_id": "N2-193", "n_parks": 3, "extent_km": 0.449, "max_walk_m": 307.2, "park_area_acres": 2.75, "hull_area_acres": 10.61, "boroughs": "X", "members": "Alexander's Alley; Willis Playground; Brook Park" }, "geometry": { "type": "Polygon", "coordinates": [ [ [ -73.918854039532818, 40.809184224248469 ], [ -73.923039165010408, 40.810455361828012 ], [ -73.923922221826501, 40.810828734270281 ], [ -73.923743330324655, 40.811072243097136 ], [ -73.923204013073033, 40.811658096622921 ], [ -73.919018016921598, 40.809896201364623 ], [ -73.918211371556623, 40.809554963577426 ], [ -73.918360163750393, 40.809299341958443 ], [ -73.918854039532818, 40.809184224248469 ] ] ] } },
{ "type": "Feature", "properties": { "group_id": "N2-194", "n_parks": 3, "extent_km": 0.434, "max_walk_m": 424.0, "park_area_acres": 2.7, "hull_area_acres": 56.3, "boroughs": "X", "members": "Havemeyer Playground; Park; Castle Hill Little League Field" }, "geometry": { "type": "Polygon", "coordinates": [ [ [ -73.843560032899703, 40.827551752685956 ], [ -73.84849111759678, 40.82996216465181 ], [ -73.844755875999155, 40.832691328717821 ], [ -73.843465942771061, 40.832864267799863 ], [ -73.839945579737631, 40.828017851545468 ], [ -73.841126983209364, 40.82783886357322 ], [ -73.841940177869787, 40.827715886287102 ], [ -73.842470771545635, 40.82763657797328 ], [ -73.842757247842812, 40.827607703711031 ], [ -73.843044477435967, 40.827583532155657 ], [ -73.843302056881328, 40.82756578696624 ], [ -73.843560032899703, 40.827551752685956 ] ] ] } },
{ "type": "Feature", "properties": { "group_id": "N2-195", "n_parks": 3, "extent_km": 0.626, "max_walk_m": 585.1, "park_area_acres": 2.16, "hull_area_acres": 24.81, "boroughs": "X", "members": "Captain William Harry Thompson Playground; Eae J Mitchell Park; Rock Garden Park" }, "geometry": { "type": "Polygon", "coordinates": [ [ [ -73.87765767045228, 40.833975171950286 ], [ -73.885209378143884, 40.834749313353562 ], [ -73.885545387276665, 40.834827800336981 ], [ -73.885729677226223, 40.835239084146849 ], [ -73.885690867885785, 40.835304841236024 ], [ -73.884501505402184, 40.83661413173639 ], [ -73.877823826914621, 40.834760648137554 ], [ -73.877229760164369, 40.834435087198337 ], [ -73.87765767045228, 40.833975171950286 ] ] ] } },
{ "type": "Feature", "properties": { "group_id": "N2-196", "n_parks": 3, "extent_km": 0.249, "max_walk_m": 107.5, "park_area_acres": 9.01, "hull_area_acres": 17.02, "boroughs": "X", "members": "Spuyten Duyvil Playground; Riverdale Playground; Raoul Wallenberg Forest" }, "geometry": { "type": "Polygon", "coordinates": [ [ [ -73.918001040883141, 40.886460245635227 ], [ -73.9184735679098, 40.886582343198803 ], [ -73.918553832916814, 40.88738776220363 ], [ -73.918563829030248, 40.887512227229131 ], [ -73.918567973036119, 40.88758151624662 ], [ -73.918566994427565, 40.887666512428027 ], [ -73.918566064340453, 40.887737081056187 ], [ -73.918561747426693, 40.887808930486415 ], [ -73.918556588031407, 40.887878854082174 ], [ -73.918543718036887, 40.887972267714403 ], [ -73.918530313580533, 40.888053479382336 ], [ -73.918511563016267, 40.888143889338771 ], [ -73.918504555047633, 40.888174952054889 ], [ -73.915533264284633, 40.888388775899969 ], [ -73.91491796452145, 40.888337883280315 ], [ -73.913884423677558, 40.887837492997896 ], [ -73.914096556838373, 40.887253598525731 ], [ -73.914896082830452, 40.886648331118728 ], [ -73.918001040883141, 40.886460245635227 ] ] ] } },
{ "type": "Feature", "properties": { "group_id": "N2-197", "n_parks": 3, "extent_km": 0.391, "max_walk_m": 341.6, "park_area_acres": 1.1, "hull_area_acres": 8.59, "boroughs": "X", "members": "Mount Hope Playground; 176th Street Community Garden; Townsend Garden" }, "geometry": { "type": "Polygon", "coordinates": [ [ [ -73.91091662492201, 40.846762989194502 ], [ -73.911236668693874, 40.84689578482228 ], [ -73.90977110486989, 40.850406468955896 ], [ -73.909458554405603, 40.850663540582168 ], [ -73.909067795953845, 40.850522498027139 ], [ -73.909388988053891, 40.848113163124331 ], [ -73.909492465714365, 40.847832371750549 ], [ -73.91091662492201, 40.846762989194502 ] ] ] } },
{ "type": "Feature", "properties": { "group_id": "N2-198", "n_parks": 2, "extent_km": 0.241, "max_walk_m": 231.6, "park_area_acres": 2.86, "hull_area_acres": 7.06, "boroughs": "B", "members": "Lafayette Playground; Jesse Owens Playground" }, "geometry": { "type": "Polygon", "coordinates": [ [ [ -73.933075284856855, 40.690853557277123 ], [ -73.933131667598971, 40.691131246242499 ], [ -73.932989085809055, 40.691450863554721 ], [ -73.932653357245911, 40.691942247880583 ], [ -73.930497419025443, 40.692649025193781 ], [ -73.929692549486518, 40.692742394988215 ], [ -73.929634880629166, 40.69246363108887 ], [ -73.931783868299121, 40.691002539986854 ], [ -73.933075284856855, 40.690853557277123 ] ] ] } },
{ "type": "Feature", "properties": { "group_id": "N2-199", "n_parks": 2, "extent_km": 0.522, "max_walk_m": 322.8, "park_area_acres": 22.38, "hull_area_acres": 64.32, "boroughs": "B", "members": "Eastern Parkway (2/10); Lincoln Terrace / Arthur S. Somers Park" }, "geometry": { "type": "Polygon", "coordinates": [ [ [ -73.928366684329092, 40.664846145930724 ], [ -73.928483438442811, 40.664893393920678 ], [ -73.936235348279979, 40.668792620934518 ], [ -73.936231719054831, 40.668830528921461 ], [ -73.936200173201414, 40.669160029678842 ], [ -73.936182419853338, 40.669345464229295 ], [ -73.935931337701149, 40.669331867924427 ], [ -73.933985359382078, 40.669226469103023 ], [ -73.931595497678359, 40.669093958969221 ], [ -73.92535325285364, 40.66820730111754 ], [ -73.925348054180787, 40.668201775780418 ], [ -73.925087805084516, 40.667925155410458 ], [ -73.924540608319958, 40.666435166816107 ], [ -73.925426613205062, 40.666046970139284 ], [ -73.928224934590247, 40.664868610105103 ], [ -73.928290942141089, 40.664847817826463 ], [ -73.928366684329092, 40.664846145930724 ] ] ] } },
{ "type": "Feature", "properties": { "group_id": "N2-200", "n_parks": 2, "extent_km": 0.378, "max_walk_m": 242.7, "park_area_acres": 3.78, "hull_area_acres": 8.07, "boroughs": "B", "members": "Fulton Park; Jackie Robinson Park Playground" }, "geometry": { "type": "Polygon", "coordinates": [ [ [ -73.931489685345682, 40.679516530267591 ], [ -73.934255888057365, 40.679665378220044 ], [ -73.934751553239934, 40.67969935312049 ], [ -73.934522799570658, 40.679728045044342 ], [ -73.928432159520113, 40.680433837929165 ], [ -73.927393948041342, 40.68055383303372 ], [ -73.927256294046927, 40.68056974193118 ], [ -73.927000364956115, 40.680599319341191 ], [ -73.926955191497882, 40.680367795384406 ], [ -73.927142508274059, 40.680008316139535 ], [ -73.927599470918835, 40.679955662423744 ], [ -73.928315628527017, 40.679873139202698 ], [ -73.928479291532369, 40.67985427981256 ], [ -73.931489685345682, 40.679516530267591 ] ] ] } },
{ "type": "Feature", "properties": { "group_id": "N2-201", "n_parks": 2, "extent_km": 0.154, "max_walk_m": 96.2, "park_area_acres": 1.98, "hull_area_acres": 11.59, "boroughs": "B", "members": "Greenpoint Playground; Greenpoint Landing" }, "geometry": { "type": "Polygon", "coordinates": [ [ [ -73.962175290725085, 40.734425400570977 ], [ -73.962085233055603, 40.734656875357182 ], [ -73.961917536032232, 40.734868279109229 ], [ -73.96012940095261, 40.736693077189535 ], [ -73.959678291417532, 40.737150840011786 ], [ -73.958623984286817, 40.737882701237119 ], [ -73.958515165066899, 40.737766124696194 ], [ -73.958663506431336, 40.735624621093912 ], [ -73.961715002658778, 40.734469137424647 ], [ -73.96201274024483, 40.73444030990612 ], [ -73.962175290725085, 40.734425400570977 ] ] ] } },
{ "type": "Feature", "properties": { "group_id": "N2-202", "n_parks": 2, "extent_km": 0.149, "max_walk_m": 79.1, "park_area_acres": 1.39, "hull_area_acres": 3.19, "boroughs": "B", "members": "Heisser Triangle; Hope Ballfield" }, "geometry": { "type": "Polygon", "coordinates": [ [ [ -73.917167471235032, 40.696993485755193 ], [ -73.917745610814777, 40.697320893705175 ], [ -73.918038756953649, 40.698750709082752 ], [ -73.917779983090185, 40.698778223382284 ], [ -73.916525735168321, 40.697647226645465 ], [ -73.916899990925558, 40.697265970920832 ], [ -73.917113509775305, 40.697048456533452 ], [ -73.917167471235032, 40.696993485755193 ] ] ] } },
{ "type": "Feature", "properties": { "group_id": "N2-203", "n_parks": 2, "extent_km": 0.09, "max_walk_m": 36.4, "park_area_acres": 4.94, "hull_area_acres": 6.13, "boroughs": "B", "members": "Kelly Park Playground; Kelly Park Playground" }, "geometry": { "type": "Polygon", "coordinates": [ [ [ -73.95812491904897, 40.603495372681259 ], [ -73.958355955542928, 40.604728583739032 ], [ -73.957164815403686, 40.60486657780919 ], [ -73.956713807749523, 40.604913303514117 ], [ -73.956130912416683, 40.604878583507748 ], [ -73.956026108190301, 40.604335118967512 ], [ -73.956313600251747, 40.603693039332022 ], [ -73.956925504084182, 40.603625717633726 ], [ -73.95812491904897, 40.603495372681259 ] ] ] } },
{ "type": "Feature", "properties": { "group_id": "N2-204", "n_parks": 2, "extent_km": 0.454, "max_walk_m": 370.5, "park_area_acres": 0.74, "hull_area_acres": 4.07, "boroughs": "B", "members": "Lowry Triangle; James Forten Playground" }, "geometry": { "type": "Polygon", "coordinates": [ [ [ -73.965532938999573, 40.676378597803492 ], [ -73.966075058100969, 40.676491969846943 ], [ -73.964490547902443, 40.68085420022198 ], [ -73.964416286334952, 40.680396326069449 ], [ -73.965364879635004, 40.676839343451988 ], [ -73.965532938999573, 40.676378597803492 ] ] ] } },
{ "type": "Feature", "properties": { "group_id": "N2-205", "n_parks": 2, "extent_km": 0.248, "max_walk_m": 186.1, "park_area_acres": 0.94, "hull_area_acres": 2.34, "boroughs": "B", "members": "Crispus Attucks Playground; Park" }, "geometry": { "type": "Polygon", "coordinates": [ [ [ -73.958765242567281, 40.681255670907639 ], [ -73.959279473807342, 40.681363072873253 ], [ -73.959835421547908, 40.68160157226815 ], [ -73.961958977158702, 40.682566013406017 ], [ -73.961775526044534, 40.682586463621682 ], [ -73.95869140419849, 40.681653450208962 ], [ -73.958616899363136, 40.681278614985757 ], [ -73.958765242567281, 40.681255670907639 ] ] ] } },
{ "type": "Feature", "properties": { "group_id": "N2-206", "n_parks": 2, "extent_km": 0.36, "max_walk_m": 248.9, "park_area_acres": 5.11, "hull_area_acres": 11.52, "boroughs": "B", "members": "Cypress Hills Playground; Euclid Garden" }, "geometry": { "type": "Polygon", "coordinates": [ [ [ -73.87229209815051, 40.669671107114226 ], [ -73.872620303936799, 40.670993120096099 ], [ -73.872172814772711, 40.673671507083974 ], [ -73.87210299778539, 40.673694525927168 ], [ -73.871806366194207, 40.673792318717851 ], [ -73.871611369712042, 40.67375520714215 ], [ -73.871574702437925, 40.673608803552099 ], [ -73.870742094638715, 40.669894265624052 ], [ -73.87229209815051, 40.669671107114226 ] ] ] } },
{ "type": "Feature", "properties": { "group_id": "N2-207", "n_parks": 2, "extent_km": 0.148, "max_walk_m": 42.1, "park_area_acres": 3.32, "hull_area_acres": 5.68, "boroughs": "B", "members": "Police Officer John G. Scarangella Park; Meucci Triangle" }, "geometry": { "type": "Polygon", "coordinates": [ [ [ -73.98452221318361, 40.593676627497615 ], [ -73.984883178013007, 40.595574653329599 ], [ -73.983414940735557, 40.595777917601062 ], [ -73.983200730516046, 40.595799360349261 ], [ -73.983169788443803, 40.595619744775327 ], [ -73.983795532336813, 40.593756607215738 ], [ -73.98452221318361, 40.593676627497615 ] ] ] } },
{ "type": "Feature", "properties": { "group_id": "N2-208", "n_parks": 2, "extent_km": 0.164, "max_walk_m": 82.8, "park_area_acres": 1.0, "hull_area_acres": 2.64, "boroughs": "B", "members": "Lion's Pride Playground; Positive Seeds of Life Garden" }, "geometry": { "type": "Polygon", "coordinates": [ [ [ -73.899376115804031, 40.661162068443019 ], [ -73.900020529654526, 40.662375817507488 ], [ -73.900180170254487, 40.6630199580283 ], [ -73.899859746268035, 40.663067647360172 ], [ -73.899421515619068, 40.662912489611408 ], [ -73.899311437427059, 40.662481350139743 ], [ -73.899001039362631, 40.661217274609008 ], [ -73.899251111288862, 40.661180467350682 ], [ -73.899376115804031, 40.661162068443019 ] ] ] } },
{ "type": "Feature", "properties": { "group_id": "N2-209", "n_parks": 2, "extent_km": 0.248, "max_walk_m": 156.7, "park_area_acres": 1.51, "hull_area_acres": 6.36, "boroughs": "B", "members": "Marion Hopkinson Playground; 700 Decatur St Block Association" }, "geometry": { "type": "Polygon", "coordinates": [ [ [ -73.914070359561748, 40.681510748079127 ], [ -73.91451319502859, 40.683718296560208 ], [ -73.914525449795732, 40.683779496514809 ], [ -73.914546002935808, 40.683882164111964 ], [ -73.914250122073753, 40.683916319335133 ], [ -73.912338635201536, 40.681996085303211 ], [ -73.912282903223414, 40.681716211524844 ], [ -73.912545758008847, 40.681685997624804 ], [ -73.913606904300153, 40.68156402308427 ], [ -73.914000427424583, 40.681518786956929 ], [ -73.914070359561748, 40.681510748079127 ] ] ] } },
{ "type": "Feature", "properties": { "group_id": "N2-210", "n_parks": 2, "extent_km": 0.344, "max_walk_m": 186.5, "park_area_acres": 2.86, "hull_area_acres": 7.19, "boroughs": "B", "members": "William Sheridan Playground; Grand Ferry Park" }, "geometry": { "type": "Polygon", "coordinates": [ [ [ -73.963988645136041, 40.714819314215845 ], [ -73.964293691740849, 40.714932153136068 ], [ -73.964680796723798, 40.715075345640123 ], [ -73.968176040867149, 40.71684722734399 ], [ -73.968174636250154, 40.71685173130755 ], [ -73.96814535380409, 40.716945605895106 ], [ -73.967875897525516, 40.717382835848859 ], [ -73.963613550284222, 40.715346742273994 ], [ -73.963988645136041, 40.714819314215845 ] ] ] } },
{ "type": "Feature", "properties": { "group_id": "N2-211", "n_parks": 2, "extent_km": 0.236, "max_walk_m": 174.3, "park_area_acres": 1.69, "hull_area_acres": 4.23, "boroughs": "B", "members": "Quaker Parrot Park at the Dust Bowl; Park" }, "geometry": { "type": "Polygon", "coordinates": [ [ [ -74.013216644842046, 40.632154399823371 ], [ -74.0142299362616, 40.63276666801157 ], [ -74.015556072712002, 40.633711592946902 ], [ -74.015793988329023, 40.634436694531061 ], [ -74.012760379514461, 40.632594980895377 ], [ -74.013216644842046, 40.632154399823371 ] ] ] } },
{ "type": "Feature", "properties": { "group_id": "N2-212", "n_parks": 2, "extent_km": 0.325, "max_walk_m": 360.2, "park_area_acres": 0.72, "hull_area_acres": 3.43, "boroughs": "B", "members": "Elton Playground; Elton St Block Association" }, "geometry": { "type": "Polygon", "coordinates": [ [ [ -73.88052936451615, 40.665440165895028 ], [ -73.88124241708104, 40.666398771216393 ], [ -73.88198468130544, 40.668579175869489 ], [ -73.882001367839152, 40.668643807738853 ], [ -73.882017777191336, 40.668707368607038 ], [ -73.881699172690219, 40.668753979936838 ], [ -73.880332466462463, 40.665659158722129 ], [ -73.880412333547781, 40.665491175635282 ], [ -73.88052936451615, 40.665440165895028 ] ] ] } },
{ "type": "Feature", "properties": { "group_id": "N2-213", "n_parks": 2, "extent_km": 0.888, "max_walk_m": 347.1, "park_area_acres": 55.91, "hull_area_acres": 134.68, "boroughs": "B", "members": "Spring Creek Park; Berriman Playground" }, "geometry": { "type": "Polygon", "coordinates": [ [ [ -73.861992004457122, 40.655468457465503 ], [ -73.862092822590199, 40.655470389331178 ], [ -73.862193116078487, 40.655478449405855 ], [ -73.869545898924812, 40.656436304815685 ], [ -73.86981092622112, 40.656787184794887 ], [ -73.869963128821809, 40.656988691135147 ], [ -73.869968284968536, 40.65700231459428 ], [ -73.866878469151459, 40.660338671339993 ], [ -73.86019453387199, 40.663199371721049 ], [ -73.859262887705853, 40.663390381751938 ], [ -73.858417627820089, 40.663455479409457 ], [ -73.858092848529125, 40.662166685594144 ], [ -73.857728873123691, 40.660119257840783 ], [ -73.861285493429691, 40.655473278141329 ], [ -73.86128828930255, 40.655470140506011 ], [ -73.861992004457122, 40.655468457465503 ] ] ] } },
{ "type": "Feature", "properties": { "group_id": "N2-214", "n_parks": 2, "extent_km": 0.308, "max_walk_m": 233.8, "park_area_acres": 1.12, "hull_area_acres": 5.74, "boroughs": "B", "members": "Fraser Square; Sarsfield Playground" }, "geometry": { "type": "Polygon", "coordinates": [ [ [ -73.941410871143887, 40.619681734642633 ], [ -73.941444305664092, 40.619685313237255 ], [ -73.941474392985967, 40.619697392834397 ], [ -73.941498985771517, 40.619715308603759 ], [ -73.941514554387453, 40.619738622000646 ], [ -73.941523189440289, 40.619765964400166 ], [ -73.941525062524775, 40.619797060331841 ], [ -73.941522740505746, 40.619829196932379 ], [ -73.941517626070961, 40.619861137599777 ], [ -73.941509712228466, 40.619892765262421 ], [ -73.941499074749757, 40.619923919665588 ], [ -73.941485949318988, 40.619954019192129 ], [ -73.941469734540831, 40.619984248620248 ], [ -73.941451178569139, 40.620013170198199 ], [ -73.94143014523749, 40.620041077425128 ], [ -73.941384491513915, 40.620094476642997 ], [ -73.941361910344554, 40.620117920988228 ], [ -73.941337299900894, 40.620140140485915 ], [ -73.941310777262274, 40.620161042440905 ], [ -73.941282448877629, 40.620180527848994 ], [ -73.941252466097097, 40.62019850673417 ], [ -73.941220929438799, 40.620214906204254 ], [ -73.941188033985412, 40.620229630902678 ], [ -73.941153902699057, 40.620242620556361 ], [ -73.941118690440874, 40.620253826615382 ], [ -73.941083533300414, 40.620261486441592 ], [ -73.941050461999509, 40.620263834254956 ], [ -73.93667884669938, 40.620486393739903 ], [ -73.936822245073529, 40.620392533024116 ], [ -73.93773458783194, 40.619830869063058 ], [ -73.941376519234765, 40.619682558216091 ], [ -73.941410871143887, 40.619681734642633 ] ] ] } },
{ "type": "Feature", "properties": { "group_id": "N2-215", "n_parks": 2, "extent_km": 0.272, "max_walk_m": 251.8, "park_area_acres": 0.08, "hull_area_acres": 1.18, "boroughs": "B", "members": "Dahill Triangle; Samuel Goldberg Triangle" }, "geometry": { "type": "Polygon", "coordinates": [ [ [ -73.977268472161029, 40.611068075441111 ], [ -73.977292014294633, 40.611188752650762 ], [ -73.974996838890263, 40.612999242491505 ], [ -73.974993002445245, 40.613001187683132 ], [ -73.974990380993106, 40.61300251538146 ], [ -73.974984155115607, 40.613004688785239 ], [ -73.974983516969715, 40.613004799410447 ], [ -73.974977374224892, 40.613005863389915 ], [ -73.974970287648858, 40.613006054558554 ], [ -73.974968484500877, 40.613005820030402 ], [ -73.974964892384776, 40.613005351877604 ], [ -73.974959621371951, 40.61300418185305 ], [ -73.974952864378494, 40.613001503131528 ], [ -73.974950835918079, 40.613000236556758 ], [ -73.97494649428117, 40.612997524141413 ], [ -73.974942554797678, 40.612993789722069 ], [ -73.974938713873968, 40.61298877568354 ], [ -73.974936388456186, 40.612985314473768 ], [ -73.974934210768936, 40.612981797463846 ], [ -73.974932191445916, 40.612978228258214 ], [ -73.974930322213964, 40.612974610457101 ], [ -73.974928612525829, 40.612970945863708 ], [ -73.974926401313027, 40.612965453102916 ], [ -73.974925103013632, 40.612961347343791 ], [ -73.974924586055749, 40.61295970918308 ], [ -73.974923624425699, 40.612955890763665 ], [ -73.974922745517404, 40.612952060655509 ], [ -73.974913215257672, 40.612908196892512 ], [ -73.974912332893538, 40.612904132648005 ], [ -73.974902579037732, 40.612857853637337 ], [ -73.974893931077048, 40.612815149936196 ], [ -73.97489404860336, 40.612810569911254 ], [ -73.974894965909073, 40.612806553787259 ], [ -73.974896600437617, 40.612802674699111 ], [ -73.974899056219314, 40.612798817402748 ], [ -73.974903700756499, 40.612794160020975 ], [ -73.977169628117593, 40.611126252940778 ], [ -73.977268472161029, 40.611068075441111 ] ] ] } },
{ "type": "Feature", "properties": { "group_id": "N2-216", "n_parks": 2, "extent_km": 0.141, "max_walk_m": 117.3, "park_area_acres": 0.5, "hull_area_acres": 1.66, "boroughs": "B", "members": "Lithuania Square; Ten Eyck Plaza" }, "geometry": { "type": "Polygon", "coordinates": [ [ [ -73.950958656574841, 40.708826482970053 ], [ -73.950964965355425, 40.70882779860294 ], [ -73.950965440998573, 40.708827897861781 ], [ -73.950972595009773, 40.708830412434672 ], [ -73.950979065596528, 40.708833767793529 ], [ -73.950983363672492, 40.708836901601757 ], [ -73.950987655128131, 40.708840992650394 ], [ -73.950990721937572, 40.708844885965483 ], [ -73.950993374957505, 40.708849857016268 ], [ -73.950995118530443, 40.708855666055761 ], [ -73.950995523896481, 40.708861217879814 ], [ -73.950994624992404, 40.708867030296879 ], [ -73.950981050931119, 40.708890589094196 ], [ -73.950975639706115, 40.708899770202876 ], [ -73.950964250892397, 40.708919092123153 ], [ -73.950956229511206, 40.708932589169585 ], [ -73.950952761242618, 40.708937135273345 ], [ -73.950948496857521, 40.708941279409778 ], [ -73.950944130153076, 40.708944560812768 ], [ -73.950939373324061, 40.708947312548709 ], [ -73.950934168286921, 40.708949667868502 ], [ -73.949561154285021, 40.70956246842394 ], [ -73.94920570561834, 40.709596012858228 ], [ -73.949115651657849, 40.709037103260016 ], [ -73.950893215090574, 40.70883094592083 ], [ -73.950919758571004, 40.708828785208155 ], [ -73.950958656574841, 40.708826482970053 ] ] ] } },
{ "type": "Feature", "properties": { "group_id": "N2-217", "n_parks": 2, "extent_km": 0.195, "max_walk_m": 114.6, "park_area_acres": 0.67, "hull_area_acres": 2.11, "boroughs": "B", "members": "Pfc Norton Playground; Aimee Triangle" }, "geometry": { "type": "Polygon", "coordinates": [ [ [ -73.944039631914066, 40.612853661610046 ], [ -73.944045700560537, 40.61285416615474 ], [ -73.944053605672295, 40.612855906207635 ], [ -73.944059794467776, 40.612858276690218 ], [ -73.94406427801357, 40.612860762509818 ], [ -73.944068264879448, 40.612863699248827 ], [ -73.944072045428513, 40.612867478775144 ], [ -73.944075035111112, 40.612871649643388 ], [ -73.945054398444825, 40.614259832379069 ], [ -73.945095257833728, 40.61447409669136 ], [ -73.945148646289198, 40.614754065382449 ], [ -73.944787902203629, 40.614991185392114 ], [ -73.943865596758044, 40.612976880629184 ], [ -73.943863800760127, 40.612972489710799 ], [ -73.943862677242407, 40.61296797124681 ], [ -73.943862333967303, 40.612963051531338 ], [ -73.943863024563356, 40.612956838271685 ], [ -73.943864648933214, 40.612951731308236 ], [ -73.943867180644162, 40.612946843614495 ], [ -73.943870569987652, 40.612942267919877 ], [ -73.943874176012059, 40.612938580244936 ], [ -73.943877735255768, 40.612935719225604 ], [ -73.943882317940336, 40.612932725428678 ], [ -73.9439129693979, 40.612915823195877 ], [ -73.943971268221176, 40.612883703917838 ], [ -73.944017096882462, 40.612858531462336 ], [ -73.944023423277415, 40.612856046403003 ], [ -73.944032534438435, 40.612854080499012 ], [ -73.944039631914066, 40.612853661610046 ] ] ] } },
{ "type": "Feature", "properties": { "group_id": "N2-218", "n_parks": 2, "extent_km": 0.189, "max_walk_m": 106.2, "park_area_acres": 0.04, "hull_area_acres": 1.48, "boroughs": "B", "members": "Park; Tom McDonald Triangle" }, "geometry": { "type": "Polygon", "coordinates": [ [ [ -74.022685459878801, 40.621807531875241 ], [ -74.022605785013738, 40.622004763317626 ], [ -74.020141072233713, 40.622345768601313 ], [ -74.020137412584134, 40.622343540454786 ], [ -74.020608281310572, 40.621926173924443 ], [ -74.022685459878801, 40.621807531875241 ] ] ] } },
{ "type": "Feature", "properties": { "group_id": "N2-219", "n_parks": 2, "extent_km": 0.091, "max_walk_m": 87.1, "park_area_acres": 0.01, "hull_area_acres": 1.41, "boroughs": "B", "members": "Park; Park" }, "geometry": { "type": "Polygon", "coordinates": [ [ [ -74.022698965151463, 40.619546636716763 ], [ -74.023567859449699, 40.620063288592966 ], [ -74.023570681017176, 40.620065019715369 ], [ -74.023306546355471, 40.620406780561467 ], [ -74.023191827174145, 40.620542547312787 ], [ -74.022336697063736, 40.620028096221091 ], [ -74.022333842442734, 40.620026374980547 ], [ -74.022632517846361, 40.619633941774701 ], [ -74.022698965151463, 40.619546636716763 ] ] ] } },
{ "type": "Feature", "properties": { "group_id": "N2-220", "n_parks": 2, "extent_km": 0.309, "max_walk_m": 198.2, "park_area_acres": 9.91, "hull_area_acres": 22.02, "boroughs": "B", "members": "Linden Park; Ethan Allen Playground" }, "geometry": { "type": "Polygon", "coordinates": [ [ [ -73.88698795780455, 40.655288735635231 ], [ -73.887360971248754, 40.655790272950782 ], [ -73.888683886696981, 40.659127008275242 ], [ -73.886624660478688, 40.66001140951974 ], [ -73.885583151498523, 40.659589032526263 ], [ -73.885117070024194, 40.658965493722746 ], [ -73.886497577844622, 40.655714776679076 ], [ -73.886768443096699, 40.655383428006836 ], [ -73.88698795780455, 40.655288735635231 ] ] ] } },
{ "type": "Feature", "properties": { "group_id": "N2-221", "n_parks": 2, "extent_km": 0.422, "max_walk_m": 317.3, "park_area_acres": 3.78, "hull_area_acres": 16.46, "boroughs": "B", "members": "Paerdegat Park; Chiarantano Playground" }, "geometry": { "type": "Polygon", "coordinates": [ [ [ -73.933527873525492, 40.636785753069489 ], [ -73.938380641659663, 40.636982275583868 ], [ -73.938610447514506, 40.639096291070594 ], [ -73.937885981986724, 40.639140588470099 ], [ -73.933225722078149, 40.637076906735999 ], [ -73.93319466418113, 40.636798785888487 ], [ -73.933527873525492, 40.636785753069489 ] ] ] } },
{ "type": "Feature", "properties": { "group_id": "N2-222", "n_parks": 2, "extent_km": 0.242, "max_walk_m": 216.6, "park_area_acres": 0.8, "hull_area_acres": 5.13, "boroughs": "B", "members": "Jaime Campiz Playground; Ascenzi Square" }, "geometry": { "type": "Polygon", "coordinates": [ [ [ -73.954865169971072, 40.712882068636659 ], [ -73.954954871637682, 40.712913533395103 ], [ -73.957068589239583, 40.7144571345247 ], [ -73.957072045526871, 40.714459964317051 ], [ -73.95707527645169, 40.714463574767848 ], [ -73.957077558203892, 40.714467227188628 ], [ -73.957079032841293, 40.714470857696256 ], [ -73.957079902200235, 40.714475301139132 ], [ -73.957079910608527, 40.714478784316867 ], [ -73.957079182548313, 40.714482807526281 ], [ -73.95707795433141, 40.714486127250588 ], [ -73.957075979234517, 40.714489614191301 ], [ -73.957035981845195, 40.714525579167692 ], [ -73.957033803583343, 40.714526615742805 ], [ -73.957031449074904, 40.714527510871989 ], [ -73.957029100617262, 40.714528198885937 ], [ -73.957026622080136, 40.714528727460937 ], [ -73.957023867896794, 40.714529095642114 ], [ -73.957021343451444, 40.714529240582401 ], [ -73.957018937465648, 40.714529211768351 ], [ -73.957015852326862, 40.714528932358697 ], [ -73.953777180933017, 40.713962509939613 ], [ -73.954865169971072, 40.712882068636659 ] ] ] } },
{ "type": "Feature", "properties": { "group_id": "N2-223", "n_parks": 2, "extent_km": 0.229, "max_walk_m": 137.3, "park_area_acres": 3.53, "hull_area_acres": 6.82, "boroughs": "B", "members": "St. Andrew's Playground; Her-King Alagantic Block Association Garden" }, "geometry": { "type": "Polygon", "coordinates": [ [ [ -73.941483036661111, 40.67816967074328 ], [ -73.943073882417735, 40.67825964409122 ], [ -73.942985759293293, 40.67919887598314 ], [ -73.939677234800754, 40.67946091551471 ], [ -73.939609794205495, 40.679457273577142 ], [ -73.939635907278046, 40.679179773885011 ], [ -73.941483036661111, 40.67816967074328 ] ] ] } },
{ "type": "Feature", "properties": { "group_id": "N2-224", "n_parks": 2, "extent_km": 0.252, "max_walk_m": 156.5, "park_area_acres": 2.16, "hull_area_acres": 5.2, "boroughs": "B", "members": "Underwood Park; Greene Playground" }, "geometry": { "type": "Polygon", "coordinates": [ [ [ -73.966306606286622, 40.686039835863745 ], [ -73.966744938606894, 40.688196715995957 ], [ -73.966876566715698, 40.688869089012329 ], [ -73.96609707580896, 40.688958741351399 ], [ -73.965960415739843, 40.688286416389104 ], [ -73.96554766120758, 40.686118762697184 ], [ -73.966306606286622, 40.686039835863745 ] ] ] } },
{ "type": "Feature", "properties": { "group_id": "N2-225", "n_parks": 2, "extent_km": 0.237, "max_walk_m": 193.0, "park_area_acres": 3.56, "hull_area_acres": 8.71, "boroughs": "B", "members": "Harry Maze Playground; Fidler-Wyckoff House Park" }, "geometry": { "type": "Polygon", "coordinates": [ [ [ -73.923454659987982, 40.642632780495191 ], [ -73.923605031573018, 40.644062468970183 ], [ -73.921005835834791, 40.644841430916763 ], [ -73.920875684264288, 40.644849445207484 ], [ -73.920126948858524, 40.644895545655444 ], [ -73.920106397657889, 40.644649963607939 ], [ -73.920114039578465, 40.644643094358955 ], [ -73.92011433897602, 40.644642850526409 ], [ -73.920206335397964, 40.644568074108626 ], [ -73.920345225463123, 40.644455181443853 ], [ -73.920441103224647, 40.644380899208478 ], [ -73.920489043208605, 40.644343757160897 ], [ -73.920920493553552, 40.644009491329143 ], [ -73.92097003736292, 40.643971282167811 ], [ -73.922746823230284, 40.642835329081372 ], [ -73.922782961443161, 40.642818453320182 ], [ -73.922836437400377, 40.642795812355658 ], [ -73.922893541464617, 40.642773202615651 ], [ -73.922951587222883, 40.642752034307868 ], [ -73.923010519093935, 40.642732325404211 ], [ -73.923071367912172, 40.64271309232597 ], [ -73.923129981387987, 40.642696733977765 ], [ -73.923191654624873, 40.642681181806495 ], [ -73.92325340730325, 40.642667456807366 ], [ -73.92330551523726, 40.642657103188476 ], [ -73.923362499948652, 40.642646560085154 ], [ -73.923426684636695, 40.64263670163961 ], [ -73.923454659987982, 40.642632780495191 ] ] ] } },
{ "type": "Feature", "properties": { "group_id": "N2-226", "n_parks": 2, "extent_km": 0.253, "max_walk_m": 81.2, "park_area_acres": 1.32, "hull_area_acres": 6.28, "boroughs": "B", "members": "Playground 286; Yak Playground" }, "geometry": { "type": "Polygon", "coordinates": [ [ [ -73.938539150773821, 40.590534584836902 ], [ -73.938688618588429, 40.591322429845206 ], [ -73.938472022377837, 40.591755052406263 ], [ -73.937279135610538, 40.592288643773117 ], [ -73.935838277590094, 40.592494617410175 ], [ -73.935705909820044, 40.592509918957383 ], [ -73.935665518656975, 40.592298738974797 ], [ -73.938129352099509, 40.590579765699147 ], [ -73.938539150773821, 40.590534584836902 ] ] ] } },
{ "type": "Feature", "properties": { "group_id": "N2-227", "n_parks": 2, "extent_km": 0.336, "max_walk_m": 228.4, "park_area_acres": 1.53, "hull_area_acres": 6.7, "boroughs": "B", "members": "Pink Playground; Woodruff Playground" }, "geometry": { "type": "Polygon", "coordinates": [ [ [ -73.865786603103771, 40.665045587756168 ], [ -73.866420830067355, 40.665259568386595 ], [ -73.866483941035526, 40.665512909348237 ], [ -73.863130707462787, 40.666748716577167 ], [ -73.862334583629334, 40.666863735189743 ], [ -73.862204689014646, 40.666342414520273 ], [ -73.865638755077313, 40.665066527787729 ], [ -73.865786603103771, 40.665045587756168 ] ] ] } },
{ "type": "Feature", "properties": { "group_id": "N2-228", "n_parks": 2, "extent_km": 0.253, "max_walk_m": 231.3, "park_area_acres": 1.02, "hull_area_acres": 3.91, "boroughs": "B", "members": "Carver Playground; Sumpter Community Garden" }, "geometry": { "type": "Polygon", "coordinates": [ [ [ -73.917539633582322, 40.679900366686503 ], [ -73.920851459043377, 40.679989001404628 ], [ -73.920959429478671, 40.680533949140617 ], [ -73.920210960337556, 40.680619833338689 ], [ -73.917512789326167, 40.680186636388555 ], [ -73.917457614331823, 40.679909672330375 ], [ -73.917539633582322, 40.679900366686503 ] ] ] } },
{ "type": "Feature", "properties": { "group_id": "N2-229", "n_parks": 2, "extent_km": 0.325, "max_walk_m": 276.6, "park_area_acres": 1.35, "hull_area_acres": 4.61, "boroughs": "B", "members": "Eleanor Roosevelt Playground; Kosciuszko Street Garden" }, "geometry": { "type": "Polygon", "coordinates": [ [ [ -73.939364654769449, 40.692085793317958 ], [ -73.939419567743116, 40.692370436635478 ], [ -73.93601273981028, 40.693048292078181 ], [ -73.935491161155994, 40.693108151573519 ], [ -73.935007895097328, 40.692942097006693 ], [ -73.934941455780674, 40.692604250865266 ], [ -73.939077975855298, 40.692118727670902 ], [ -73.939364654769449, 40.692085793317958 ] ] ] } },
{ "type": "Feature", "properties": { "group_id": "N2-230", "n_parks": 2, "extent_km": 1.006, "max_walk_m": 156.0, "park_area_acres": 43.86, "hull_area_acres": 196.03, "boroughs": "B", "members": "Spring Creek Park; Park" }, "geometry": { "type": "Polygon", "coordinates": [ [ [ -73.873627448116295, 40.647219501365576 ], [ -73.879754725610567, 40.655376671488753 ], [ -73.879212695987803, 40.655617331566127 ], [ -73.878083157758155, 40.65609481457961 ], [ -73.862878928210748, 40.655381808674051 ], [ -73.861245051038594, 40.655184375571501 ], [ -73.86114873200269, 40.65517131168594 ], [ -73.861053949575833, 40.655152848268223 ], [ -73.860979224012894, 40.65505240783515 ], [ -73.873627448116295, 40.647219501365576 ] ] ] } },
{ "type": "Feature", "properties": { "group_id": "N2-231", "n_parks": 2, "extent_km": 0.221, "max_walk_m": 163.7, "park_area_acres": 5.54, "hull_area_acres": 24.06, "boroughs": "B/Q", "members": "George Walker Jr. Park; Jackie Robinson Parkway (2/17)" }, "geometry": { "type": "Polygon", "coordinates": [ [ [ -73.897738440763348, 40.678312523202024 ], [ -73.897870961222679, 40.678379327653886 ], [ -73.900024602746939, 40.679619606489737 ], [ -73.900024615509722, 40.679694729260291 ], [ -73.896983057670909, 40.681595852447877 ], [ -73.896777915684737, 40.681544505359909 ], [ -73.896316181751544, 40.681428931631103 ], [ -73.894783864522083, 40.678842175441488 ], [ -73.894695662408566, 40.678505040940934 ], [ -73.89507279816732, 40.678448505343404 ], [ -73.895442781372267, 40.678393040827643 ], [ -73.897738440763348, 40.678312523202024 ] ] ] } },
{ "type": "Feature", "properties": { "group_id": "N2-232", "n_parks": 2, "extent_km": 0.421, "max_walk_m": 248.9, "park_area_acres": 0.12, "hull_area_acres": 3.18, "boroughs": "B", "members": "Madison Street Block Association; Stars Of Hope" }, "geometry": { "type": "Polygon", "coordinates": [ [ [ -73.955525249735203, 40.683776645930031 ], [ -73.955581201759756, 40.68405446621302 ], [ -73.950746753916548, 40.685036105585944 ], [ -73.950682305968357, 40.685043520730247 ], [ -73.950634938684317, 40.684800006853479 ], [ -73.955402957429811, 40.683790666428813 ], [ -73.955525249735203, 40.683776645930031 ] ] ] } },
{ "type": "Feature", "properties": { "group_id": "N2-233", "n_parks": 2, "extent_km": 0.126, "max_walk_m": 87.8, "park_area_acres": 0.24, "hull_area_acres": 1.4, "boroughs": "B", "members": "A Better Community Garden; F.A.R.R. Community Garden" }, "geometry": { "type": "Polygon", "coordinates": [ [ [ -73.927956997508787, 40.677933696287582 ], [ -73.928265373786914, 40.677951824515816 ], [ -73.92828201214229, 40.678028143616999 ], [ -73.928301052841263, 40.678115482911842 ], [ -73.928363491891389, 40.67840189632706 ], [ -73.928270934688442, 40.678396809288202 ], [ -73.928203717031977, 40.678393114876435 ], [ -73.926600231082773, 40.678301505044892 ], [ -73.926620694832934, 40.678082596632372 ], [ -73.927956997508787, 40.677933696287582 ] ] ] } },
{ "type": "Feature", "properties": { "group_id": "N2-234", "n_parks": 2, "extent_km": 0.334, "max_walk_m": 138.6, "park_area_acres": 5.91, "hull_area_acres": 11.08, "boroughs": "M", "members": "De Witt Clinton Park; Oasis Garden" }, "geometry": { "type": "Polygon", "coordinates": [ [ [ -73.991202627730303, 40.766158201035786 ], [ -73.991376211081473, 40.76623120629948 ], [ -73.995556011795401, 40.767999567081858 ], [ -73.994741720858869, 40.769109768094218 ], [ -73.993022955812975, 40.768382997524483 ], [ -73.991106225383248, 40.766432643788747 ], [ -73.991071646522315, 40.766338365568529 ], [ -73.991202627730303, 40.766158201035786 ] ] ] } },
{ "type": "Feature", "properties": { "group_id": "N2-235", "n_parks": 2, "extent_km": 0.411, "max_walk_m": 290.4, "park_area_acres": 20.5, "hull_area_acres": 47.99, "boroughs": "M", "members": "Dyckman House Museum; Isham Park" }, "geometry": { "type": "Polygon", "coordinates": [ [ [ -73.923053204070456, 40.867183685064035 ], [ -73.923252820516382, 40.867491580922653 ], [ -73.921440002627776, 40.872094113994287 ], [ -73.920740278140514, 40.872815534606424 ], [ -73.92038690887621, 40.872890865750527 ], [ -73.919071062092542, 40.873161048789868 ], [ -73.918632543095939, 40.872960505129498 ], [ -73.917438575313298, 40.869982310230945 ], [ -73.917363554014756, 40.869158376667912 ], [ -73.917686888046333, 40.868994087516306 ], [ -73.919025889211497, 40.868441179180877 ], [ -73.923053204070456, 40.867183685064035 ] ] ] } },
{ "type": "Feature", "properties": { "group_id": "N2-236", "n_parks": 2, "extent_km": 0.383, "max_walk_m": 264.8, "park_area_acres": 2.15, "hull_area_acres": 27.41, "boroughs": "M", "members": "Joan Of Arc Park; Broadway Malls (11/11)" }, "geometry": { "type": "Polygon", "coordinates": [ [ [ -73.973604155099281, 40.792134350954733 ], [ -73.973607189477391, 40.792134436296649 ], [ -73.973611780736448, 40.792134566119451 ], [ -73.973620521904735, 40.792136299782499 ], [ -73.976873587319744, 40.792970815722597 ], [ -73.976882974677892, 40.792975266076716 ], [ -73.976884459886705, 40.792983868852922 ], [ -73.976831231970777, 40.79370572879543 ], [ -73.976801760355812, 40.793960861553082 ], [ -73.97675025802414, 40.794188295873617 ], [ -73.976688360529536, 40.794381115542926 ], [ -73.976634580330455, 40.794516772180287 ], [ -73.97656415571538, 40.794672393092632 ], [ -73.976522060023413, 40.794749010767994 ], [ -73.976451611255399, 40.794870981719974 ], [ -73.976381664580245, 40.794983070643433 ], [ -73.976315357833428, 40.795074812574882 ], [ -73.976231234661412, 40.795179721505576 ], [ -73.976069667838374, 40.795347296315462 ], [ -73.975991936331454, 40.795416648356493 ], [ -73.975977029556617, 40.795428086101246 ], [ -73.97596307402587, 40.795433614061935 ], [ -73.971612272241217, 40.794965141551423 ], [ -73.971518809989419, 40.794925842719621 ], [ -73.971561577097233, 40.794862167967295 ], [ -73.972144087053152, 40.79401582760832 ], [ -73.973570961900919, 40.792151010708629 ], [ -73.973571124306773, 40.792150807232822 ], [ -73.973574639142512, 40.792146419000126 ], [ -73.973578368013349, 40.792143097008839 ], [ -73.973582814748923, 40.792140169601062 ], [ -73.973589553034813, 40.792137135558733 ], [ -73.973595308543068, 40.792135444837299 ], [ -73.973604155099281, 40.792134350954733 ] ] ] } },
{ "type": "Feature", "properties": { "group_id": "N2-237", "n_parks": 2, "extent_km": 0.18, "max_walk_m": 102.1, "park_area_acres": 1.14, "hull_area_acres": 3.62, "boroughs": "M", "members": "Lillian D Wald Playground; Cherry Clinton Playground" }, "geometry": { "type": "Polygon", "coordinates": [ [ [ -73.986554993263354, 40.711127173786856 ], [ -73.986602537808736, 40.71144076599824 ], [ -73.984731916138912, 40.712336687130616 ], [ -73.984717301481922, 40.712338467301933 ], [ -73.98441469542125, 40.71237532065286 ], [ -73.983841134991579, 40.712090732431591 ], [ -73.983813944434331, 40.711895943645629 ], [ -73.985956385142075, 40.711185559874778 ], [ -73.986554993263354, 40.711127173786856 ] ] ] } },
{ "type": "Feature", "properties": { "group_id": "N2-238", "n_parks": 2, "extent_km": 0.203, "max_walk_m": 137.8, "park_area_acres": 3.7, "hull_area_acres": 19.5, "boroughs": "M", "members": "Riverside Park (3/4); Broadway Malls (5/5)" }, "geometry": { "type": "Polygon", "coordinates": [ [ [ -73.950996023506065, 40.825622700874227 ], [ -73.953049914786831, 40.825987391754431 ], [ -73.953553315606356, 40.826243941828047 ], [ -73.951085688227565, 40.829240098007588 ], [ -73.950696091521621, 40.829095164897247 ], [ -73.949070855607673, 40.828261019971507 ], [ -73.949518876129275, 40.827637548571204 ], [ -73.950490466509763, 40.826307336619287 ], [ -73.950996023506065, 40.825622700874227 ] ] ] } },
{ "type": "Feature", "properties": { "group_id": "N2-239", "n_parks": 2, "extent_km": 0.134, "max_walk_m": 45.8, "park_area_acres": 0.9, "hull_area_acres": 1.91, "boroughs": "M", "members": "Peter Detmold Park; MacArthur Playground" }, "geometry": { "type": "Polygon", "coordinates": [ [ [ -73.965326811817249, 40.751972644506971 ], [ -73.965369779394621, 40.751977445422042 ], [ -73.965401812488494, 40.751984794170177 ], [ -73.96543281489177, 40.751995379918377 ], [ -73.965469963949417, 40.752010977014542 ], [ -73.965469921289085, 40.752011037335663 ], [ -73.96525789607621, 40.752306361082368 ], [ -73.965150992821634, 40.752455260730798 ], [ -73.965139505774189, 40.752470377646489 ], [ -73.963812907024547, 40.753634992308086 ], [ -73.963337229956636, 40.753916298506105 ], [ -73.963210025982292, 40.753862587819427 ], [ -73.963423112113787, 40.753616721305981 ], [ -73.963546692887221, 40.753480969641451 ], [ -73.963588372195105, 40.753441631629727 ], [ -73.964152118277497, 40.752911123372066 ], [ -73.96416835532176, 40.75289592248533 ], [ -73.96460400130853, 40.75249559419094 ], [ -73.965112366043954, 40.752041207301581 ], [ -73.965135391554611, 40.752023328427398 ], [ -73.965153029194354, 40.75201227645411 ], [ -73.965175087377148, 40.752000933150249 ], [ -73.965198055141855, 40.751991531607445 ], [ -73.96521869581467, 40.751984876800528 ], [ -73.96524745738175, 40.751978096568479 ], [ -73.965292012258033, 40.751972744788766 ], [ -73.965326811817249, 40.751972644506971 ] ] ] } },
{ "type": "Feature", "properties": { "group_id": "N2-240", "n_parks": 2, "extent_km": 0.275, "max_walk_m": 242.4, "park_area_acres": 0.56, "hull_area_acres": 4.57, "boroughs": "M", "members": "Peck Slip; Imagination Playground" }, "geometry": { "type": "Polygon", "coordinates": [ [ [ -74.003882845888185, 40.705878348724085 ], [ -74.004491144989061, 40.706420658670268 ], [ -74.004324001828039, 40.706529233418102 ], [ -74.001465795775616, 40.707782712503466 ], [ -74.001150163455975, 40.707462627583894 ], [ -74.003882845888185, 40.705878348724085 ] ] ] } },
{ "type": "Feature", "properties": { "group_id": "N2-241", "n_parks": 2, "extent_km": 0.211, "max_walk_m": 129.1, "park_area_acres": 0.36, "hull_area_acres": 1.63, "boroughs": "M", "members": "Petrosino Square; Rapkin-Gayle Plaza" }, "geometry": { "type": "Polygon", "coordinates": [ [ [ -73.999113452810022, 40.720165126032533 ], [ -73.999426702335725, 40.720316015621364 ], [ -73.999169979416166, 40.720619636198606 ], [ -73.997356997440832, 40.721886015272197 ], [ -73.997351763417782, 40.72188903996333 ], [ -73.997344703248388, 40.721888113176412 ], [ -73.997340870933073, 40.721883126066395 ], [ -73.99734095395543, 40.72187886575793 ], [ -73.997436360940327, 40.721598874300859 ], [ -73.997442139493501, 40.721593227334168 ], [ -73.999113452810022, 40.720165126032533 ] ] ] } },
{ "type": "Feature", "properties": { "group_id": "N2-242", "n_parks": 2, "extent_km": 0.107, "max_walk_m": 42.5, "park_area_acres": 1.7, "hull_area_acres": 4.1, "boroughs": "M", "members": "Roosevelt Triangle; Playground One Twenty Five CXXV" }, "geometry": { "type": "Polygon", "coordinates": [ [ [ -73.955051034358789, 40.810192914543038 ], [ -73.95569146788938, 40.810463475682937 ], [ -73.956570029971616, 40.811154479126508 ], [ -73.956396508702653, 40.811392555636935 ], [ -73.954584198027277, 40.811475133095485 ], [ -73.954231146970542, 40.811324193444577 ], [ -73.954329458293813, 40.811185297347848 ], [ -73.954699263284922, 40.810675538220423 ], [ -73.955051034358789, 40.810192914543038 ] ] ] } },
{ "type": "Feature", "properties": { "group_id": "N2-243", "n_parks": 2, "extent_km": 0.467, "max_walk_m": 201.5, "park_area_acres": 16.44, "hull_area_acres": 30.32, "boroughs": "M", "members": "Monsignor Kett Playground; Sherman Creek" }, "geometry": { "type": "Polygon", "coordinates": [ [ [ -73.92219564229157, 40.855747318283214 ], [ -73.922490015318914, 40.855887638251026 ], [ -73.922590956914036, 40.857703877422814 ], [ -73.92244112504855, 40.859381329705641 ], [ -73.921437864638719, 40.862619155331757 ], [ -73.92064214897637, 40.862911692381701 ], [ -73.920473767353201, 40.862647387983721 ], [ -73.919491494295727, 40.858773295195711 ], [ -73.92219564229157, 40.855747318283214 ] ] ] } },
{ "type": "Feature", "properties": { "group_id": "N2-244", "n_parks": 2, "extent_km": 0.291, "max_walk_m": 77.8, "park_area_acres": 5.44, "hull_area_acres": 22.31, "boroughs": "M", "members": "Battery Park City (4/4); Battery Park City" }, "geometry": { "type": "Polygon", "coordinates": [ [ [ -74.017558337240445, 40.707642345655941 ], [ -74.018243004412554, 40.707721778975781 ], [ -74.018899192012626, 40.70800552193333 ], [ -74.018049662538019, 40.711521473629894 ], [ -74.017720170275325, 40.71222180074669 ], [ -74.016811851827285, 40.712076779161599 ], [ -74.016363835281737, 40.711998576731816 ], [ -74.015970654061974, 40.711827023426359 ], [ -74.016016250762434, 40.709105297709591 ], [ -74.016107635462276, 40.708863196069849 ], [ -74.017558337240445, 40.707642345655941 ] ] ] } },
{ "type": "Feature", "properties": { "group_id": "N2-245", "n_parks": 2, "extent_km": 0.196, "max_walk_m": 215.1, "park_area_acres": 0.36, "hull_area_acres": 2.07, "boroughs": "M", "members": "W 104th Street Garden; La Perla Garden" }, "geometry": { "type": "Polygon", "coordinates": [ [ [ -73.961758906072475, 40.796656910356106 ], [ -73.961841336309234, 40.796691630326393 ], [ -73.9619761424252, 40.79674841356109 ], [ -73.962212168000335, 40.796847832505733 ], [ -73.962275744906719, 40.796874612579551 ], [ -73.963301940031755, 40.798112247425145 ], [ -73.963114735406734, 40.798374896694028 ], [ -73.963054956054833, 40.798349662663647 ], [ -73.961579411357022, 40.79690258082843 ], [ -73.961758906072475, 40.796656910356106 ] ] ] } },
{ "type": "Feature", "properties": { "group_id": "N2-246", "n_parks": 2, "extent_km": 0.036, "max_walk_m": 35.4, "park_area_acres": 0.18, "hull_area_acres": 0.37, "boroughs": "M", "members": "Sugar Hill Garden; Edgecombe Park" }, "geometry": { "type": "Polygon", "coordinates": [ [ [ -73.942151604680873, 40.826166641804726 ], [ -73.942469647441129, 40.82630203732694 ], [ -73.942276835484236, 40.826565741127865 ], [ -73.942192079350477, 40.826681657272999 ], [ -73.941874035339737, 40.826546261894244 ], [ -73.942099673053093, 40.826237666639614 ], [ -73.942151604680873, 40.826166641804726 ] ] ] } },
{ "type": "Feature", "properties": { "group_id": "N2-247", "n_parks": 2, "extent_km": 0.16, "max_walk_m": 113.9, "park_area_acres": 0.55, "hull_area_acres": 2.25, "boroughs": "M", "members": "Pearl St Playground; DeLury Square" }, "geometry": { "type": "Polygon", "coordinates": [ [ [ -74.004043430290793, 40.707624920882715 ], [ -74.00528389093958, 40.709087089952902 ], [ -74.005289157635104, 40.709095445552833 ], [ -74.005292501386052, 40.709104355055246 ], [ -74.005293829868137, 40.709113566321371 ], [ -74.00529310282478, 40.709122815503548 ], [ -74.005290341535073, 40.709131840551933 ], [ -74.005285624080798, 40.709140383016155 ], [ -74.00527908653072, 40.709148200652358 ], [ -74.005270914657231, 40.709155070124851 ], [ -74.005107159249278, 40.709271286651571 ], [ -74.005079853907674, 40.709271287859778 ], [ -74.00507859354515, 40.709270482858528 ], [ -74.00502358943568, 40.709231858752936 ], [ -74.003576130206184, 40.708193943238584 ], [ -74.003538757223453, 40.708148676599443 ], [ -74.004043430290793, 40.707624920882715 ] ] ] } },
{ "type": "Feature", "properties": { "group_id": "N2-248", "n_parks": 2, "extent_km": 0.519, "max_walk_m": 379.4, "park_area_acres": 7.74, "hull_area_acres": 26.18, "boroughs": "Q", "members": "Ashmead Park; Detective Keith L Williams Park" }, "geometry": { "type": "Polygon", "coordinates": [ [ [ -73.783517784328652, 40.701374206170463 ], [ -73.783547421912985, 40.701377223702586 ], [ -73.783704838484994, 40.701393257022147 ], [ -73.784275305931317, 40.701451359025739 ], [ -73.790438525860168, 40.702806046344918 ], [ -73.790443378731311, 40.70280746268417 ], [ -73.790448225935549, 40.702809552597614 ], [ -73.790451995957213, 40.70281177202488 ], [ -73.790455685814607, 40.702814649582024 ], [ -73.79045872155983, 40.702817828521169 ], [ -73.790461112777919, 40.702821271038012 ], [ -73.790462670494549, 40.702824489610485 ], [ -73.790463564505032, 40.702827297240617 ], [ -73.790464082826645, 40.702830293294866 ], [ -73.790459844002342, 40.702923012439229 ], [ -73.790458502600515, 40.702929652190868 ], [ -73.790456917130484, 40.702932627305401 ], [ -73.790454552063892, 40.702935921583787 ], [ -73.790452424343528, 40.702938242838179 ], [ -73.790449354752127, 40.702940936091245 ], [ -73.790446148145108, 40.70294317523561 ], [ -73.790442160718328, 40.702945369733598 ], [ -73.790436247636748, 40.702947713812875 ], [ -73.784886943146319, 40.70443535704748 ], [ -73.783935212570057, 40.703165082898686 ], [ -73.783929459282604, 40.703156746842602 ], [ -73.783252645780337, 40.702171049860453 ], [ -73.783242938465236, 40.702153538183623 ], [ -73.783236532801581, 40.702137008881635 ], [ -73.783232644548605, 40.702121017424979 ], [ -73.78323089717253, 40.702104914734164 ], [ -73.783231561203252, 40.702085923231287 ], [ -73.783234193086997, 40.702070904902783 ], [ -73.783238119663096, 40.702057641413816 ], [ -73.783517784328652, 40.701374206170463 ] ] ] } },
{ "type": "Feature", "properties": { "group_id": "N2-249", "n_parks": 2, "extent_km": 0.345, "max_walk_m": 289.3, "park_area_acres": 0.23, "hull_area_acres": 2.07, "boroughs": "Q", "members": "Gordon Triangle; LIC Pier" }, "geometry": { "type": "Polygon", "coordinates": [ [ [ -73.952026299125279, 40.748618978268759 ], [ -73.95208815204731, 40.748630351293713 ], [ -73.956203855884795, 40.749679766527848 ], [ -73.956098496079392, 40.749771147600796 ], [ -73.955596273566471, 40.749679228634029 ], [ -73.951824173751817, 40.748858677112089 ], [ -73.952026299125279, 40.748618978268759 ] ] ] } },
{ "type": "Feature", "properties": { "group_id": "N2-250", "n_parks": 2, "extent_km": 0.45, "max_walk_m": 110.3, "park_area_acres": 8.71, "hull_area_acres": 18.49, "boroughs": "Q", "members": "Laurelton Parkway (5/8); Laurelton Playground" }, "geometry": { "type": "Polygon", "coordinates": [ [ [ -73.73697849124305, 40.66906647826881 ], [ -73.737349456043646, 40.669196727762852 ], [ -73.736188453749648, 40.672488328906191 ], [ -73.736145996101257, 40.672545096630103 ], [ -73.734944676563913, 40.674089412815889 ], [ -73.73435272564933, 40.674797510034317 ], [ -73.733650998178462, 40.674466735154098 ], [ -73.733041586635565, 40.674179469372191 ], [ -73.736091095779457, 40.669986531215315 ], [ -73.73697849124305, 40.66906647826881 ] ] ] } },
{ "type": "Feature", "properties": { "group_id": "N2-251", "n_parks": 2, "extent_km": 0.464, "max_walk_m": 225.3, "park_area_acres": 0.7, "hull_area_acres": 5.19, "boroughs": "Q", "members": "Mall Thirty Four XXXIV (1/7); Junction Playground" }, "geometry": { "type": "Polygon", "coordinates": [ [ [ -73.872211089098229, 40.754391816685818 ], [ -73.872482390592936, 40.754896507134198 ], [ -73.872502177579634, 40.754937801040455 ], [ -73.869498386821519, 40.755374961437809 ], [ -73.869263648567838, 40.755399476163063 ], [ -73.867046512794602, 40.755630963918499 ], [ -73.866327211468302, 40.755706001833659 ], [ -73.866120433393007, 40.755724398899602 ], [ -73.866118024144043, 40.755711142526245 ], [ -73.87186279350361, 40.754427410407821 ], [ -73.872211089098229, 40.754391816685818 ] ] ] } },
{ "type": "Feature", "properties": { "group_id": "N2-252", "n_parks": 2, "extent_km": 0.532, "max_walk_m": 160.4, "park_area_acres": 3.96, "hull_area_acres": 20.98, "boroughs": "Q", "members": "Mall Thirty Four XXXIV (3/7); Hinton Park" }, "geometry": { "type": "Polygon", "coordinates": [ [ [ -73.854751604546976, 40.754841127070769 ], [ -73.862250746358129, 40.756118154333492 ], [ -73.862253681444827, 40.756133876876184 ], [ -73.855726789992801, 40.756970488776233 ], [ -73.855647508268476, 40.756979717800341 ], [ -73.855565301816299, 40.756986603587578 ], [ -73.855481327556362, 40.756991729310123 ], [ -73.855420756057654, 40.756994125194609 ], [ -73.855382604285822, 40.756994397885592 ], [ -73.855281490490441, 40.756993591021065 ], [ -73.855228621797337, 40.756992452088348 ], [ -73.855140614451386, 40.756990297303666 ], [ -73.855085379422334, 40.756986006259062 ], [ -73.855011130620852, 40.75697889068379 ], [ -73.854880655183024, 40.756745372787556 ], [ -73.853994688885166, 40.75503666251344 ], [ -73.853974567644386, 40.754997486584863 ], [ -73.854269301745788, 40.754909925363229 ], [ -73.854751604546976, 40.754841127070769 ] ] ] } },
{ "type": "Feature", "properties": { "group_id": "N2-253", "n_parks": 2, "extent_km": 0.35, "max_walk_m": 301.0, "park_area_acres": 1.39, "hull_area_acres": 18.69, "boroughs": "Q", "members": "Mall Thirty Four XXXIV (4/7); Playground Ninety" }, "geometry": { "type": "Polygon", "coordinates": [ [ [ -73.879986822366718, 40.754264964997205 ], [ -73.87999080044105, 40.754286458472258 ], [ -73.879008760452251, 40.757646563839998 ], [ -73.878289487060187, 40.757723890809629 ], [ -73.875810955764109, 40.754704263816834 ], [ -73.875809364592882, 40.754698978831144 ], [ -73.875810850992124, 40.7546944031603 ], [ -73.875814406926665, 40.754691327262478 ], [ -73.879986822366718, 40.754264964997205 ] ] ] } },
{ "type": "Feature", "properties": { "group_id": "N2-254", "n_parks": 2, "extent_km": 0.446, "max_walk_m": 202.3, "park_area_acres": 15.99, "hull_area_acres": 31.76, "boroughs": "Q", "members": "Rainey Park; Socrates Sculpture Park" }, "geometry": { "type": "Polygon", "coordinates": [ [ [ -73.940703149132801, 40.765071640837029 ], [ -73.942549406833493, 40.765731969533363 ], [ -73.941773034839144, 40.766644429727769 ], [ -73.94066361610831, 40.767473677175914 ], [ -73.935607816820109, 40.770087342767908 ], [ -73.935006811133405, 40.769836126822497 ], [ -73.936065938408902, 40.767849253641756 ], [ -73.940703149132801, 40.765071640837029 ] ] ] } },
{ "type": "Feature", "properties": { "group_id": "N2-255", "n_parks": 2, "extent_km": 0.063, "max_walk_m": 32.1, "park_area_acres": 0.02, "hull_area_acres": 0.15, "boroughs": "Q", "members": "Clemens Triangle; Myrtle Avenue Clemens Triangle" }, "geometry": { "type": "Polygon", "coordinates": [ [ [ -73.905890646620946, 40.700034858567946 ], [ -73.906714452367751, 40.700150981221775 ], [ -73.906632047705145, 40.700231584121539 ], [ -73.905830032936635, 40.700092506634434 ], [ -73.905890646620946, 40.700034858567946 ] ] ] } },
{ "type": "Feature", "properties": { "group_id": "N2-256", "n_parks": 2, "extent_km": 0.152, "max_walk_m": 109.1, "park_area_acres": 0.04, "hull_area_acres": 0.35, "boroughs": "Q", "members": "Dunningham Triangle; Manuel De Dios Unanue Triangle" }, "geometry": { "type": "Polygon", "coordinates": [ [ [ -73.883603838248774, 40.746296985638821 ], [ -73.8836208922461, 40.746372068254452 ], [ -73.882875334479365, 40.747652382095595 ], [ -73.882702849650116, 40.74766640756652 ], [ -73.883603838248774, 40.746296985638821 ] ] ] } },
{ "type": "Feature", "properties": { "group_id": "N2-257", "n_parks": 2, "extent_km": 0.352, "max_walk_m": 279.3, "park_area_acres": 1.16, "hull_area_acres": 3.88, "boroughs": "Q", "members": "Glendale Veterans Triangle; \"Uncle\" Vito F. Maranzano Glendale Playground" }, "geometry": { "type": "Polygon", "coordinates": [ [ [ -73.880873628577902, 40.70181571883758 ], [ -73.880894833951331, 40.701862546731618 ], [ -73.882236650259216, 40.70517741625288 ], [ -73.881545640887865, 40.705341374896953 ], [ -73.881277752056334, 40.704686167993927 ], [ -73.88077891196528, 40.701870527730271 ], [ -73.880873628577902, 40.70181571883758 ] ] ] } },
{ "type": "Feature", "properties": { "group_id": "N2-258", "n_parks": 2, "extent_km": 0.194, "max_walk_m": 166.4, "park_area_acres": 8.49, "hull_area_acres": 27.8, "boroughs": "Q", "members": "Flushing Fields; Hart Playground" }, "geometry": { "type": "Polygon", "coordinates": [ [ [ -73.817162532136265, 40.771583216830138 ], [ -73.819546663571529, 40.773867864157474 ], [ -73.819546788442977, 40.774399669098436 ], [ -73.81750123548737, 40.776273186319322 ], [ -73.815867312667464, 40.7759587161488 ], [ -73.81601990310142, 40.771614123264904 ], [ -73.817162532136265, 40.771583216830138 ] ] ] } },
{ "type": "Feature", "properties": { "group_id": "N2-259", "n_parks": 2, "extent_km": 0.255, "max_walk_m": 199.2, "park_area_acres": 0.62, "hull_area_acres": 6.5, "boroughs": "Q", "members": "Flushing Greens; Lewis H Latimer House" }, "geometry": { "type": "Polygon", "coordinates": [ [ [ -73.829797590642031, 40.763437836592161 ], [ -73.82981281279767, 40.763439322401709 ], [ -73.829822890205179, 40.763441715523953 ], [ -73.829832466922852, 40.763445386624113 ], [ -73.829842982135432, 40.763450719642485 ], [ -73.829855103301199, 40.763461624660643 ], [ -73.829860413440841, 40.763469690229599 ], [ -73.82986522075565, 40.76347847906252 ], [ -73.829868261161891, 40.763486751097076 ], [ -73.829869243751617, 40.763491551344046 ], [ -73.830014942213808, 40.766187183529155 ], [ -73.829918805488575, 40.766214308956215 ], [ -73.829226928126403, 40.766191586021435 ], [ -73.828546891246418, 40.763844236338009 ], [ -73.828546111292994, 40.763840807851935 ], [ -73.828546179182752, 40.763836979001965 ], [ -73.828547833024899, 40.763831269554387 ], [ -73.828550729484348, 40.763826390421464 ], [ -73.828560952373437, 40.76382012190431 ], [ -73.829778757611805, 40.763440908308958 ], [ -73.829792193916717, 40.763438167209401 ], [ -73.829797590642031, 40.763437836592161 ] ] ] } },
{ "type": "Feature", "properties": { "group_id": "N2-260", "n_parks": 2, "extent_km": 0.564, "max_walk_m": 217.0, "park_area_acres": 25.87, "hull_area_acres": 55.62, "boroughs": "Q", "members": "Springfield Park; Laurelton Community Garden of Resilience" }, "geometry": { "type": "Polygon", "coordinates": [ [ [ -73.761664512970015, 40.658358328791032 ], [ -73.764033739778725, 40.658616054298925 ], [ -73.765694135448285, 40.663459501820391 ], [ -73.765579321950483, 40.663723616256661 ], [ -73.762376093618599, 40.664294393982559 ], [ -73.7600774623467, 40.66375941407 ], [ -73.759951626487776, 40.663714738829491 ], [ -73.759691369927268, 40.663458591086176 ], [ -73.761664512970015, 40.658358328791032 ] ] ] } },
{ "type": "Feature", "properties": { "group_id": "N2-261", "n_parks": 2, "extent_km": 0.331, "max_walk_m": 197.9, "park_area_acres": 14.97, "hull_area_acres": 71.53, "boroughs": "Q", "members": "Motor Parkway; Telephone Playground" }, "geometry": { "type": "Polygon", "coordinates": [ [ [ -73.762557107152745, 40.735162622070717 ], [ -73.762599872660658, 40.735454947718402 ], [ -73.762602904493946, 40.735476548225215 ], [ -73.762603468934486, 40.735498550676525 ], [ -73.762602729964044, 40.735520550440796 ], [ -73.762600691293216, 40.735542502500088 ], [ -73.762597355442495, 40.73556436363512 ], [ -73.762592728496628, 40.735586087031578 ], [ -73.762586822440468, 40.735607631290605 ], [ -73.762579645726547, 40.735628949602898 ], [ -73.762571216255793, 40.735650001482028 ], [ -73.762561548387353, 40.735670743732868 ], [ -73.762550662396308, 40.735691134072901 ], [ -73.762538582106387, 40.735711131127346 ], [ -73.762525331341251, 40.735730693521447 ], [ -73.762510935098959, 40.735749782584456 ], [ -73.762495424300056, 40.735768358757198 ], [ -73.762478829849215, 40.73578638698303 ], [ -73.762461185034965, 40.735803827707642 ], [ -73.762442526678271, 40.735820646787126 ], [ -73.762414267749392, 40.735843295776988 ], [ -73.757076574578576, 40.738675025542136 ], [ -73.756396844228945, 40.738861901873321 ], [ -73.743647279149357, 40.738943899871671 ], [ -73.743564342529396, 40.738842370792035 ], [ -73.743466452836969, 40.738722533367351 ], [ -73.743506027695616, 40.738709227310558 ], [ -73.743541771146909, 40.73869814237402 ], [ -73.743578316010257, 40.738687694071253 ], [ -73.743616598359722, 40.738677678268367 ], [ -73.743655923440002, 40.73866835096333 ], [ -73.743694760262713, 40.738660070753376 ], [ -73.756417456206606, 40.736029241182123 ], [ -73.756445468248913, 40.736023866744176 ], [ -73.756473619568808, 40.73601892934191 ], [ -73.756501897134626, 40.736014431649238 ], [ -73.756530291476082, 40.736010373645911 ], [ -73.762557107152745, 40.735162622070717 ] ] ] } },
{ "type": "Feature", "properties": { "group_id": "N2-262", "n_parks": 2, "extent_km": 0.356, "max_walk_m": 314.7, "park_area_acres": 1.32, "hull_area_acres": 8.09, "boroughs": "Q", "members": "Ruoff Triangle; Ampere Playground" }, "geometry": { "type": "Polygon", "coordinates": [ [ [ -73.857008339540968, 40.681245638923308 ], [ -73.857215184960495, 40.681665447701192 ], [ -73.857499422196213, 40.682242320773305 ], [ -73.857585724194038, 40.682417473380312 ], [ -73.856880384706329, 40.682557838659065 ], [ -73.852861720383117, 40.682607570047061 ], [ -73.852526813945019, 40.682522971941111 ], [ -73.852783791387736, 40.682449535290559 ], [ -73.857008339540968, 40.681245638923308 ] ] ] } },
{ "type": "Feature", "properties": { "group_id": "N2-263", "n_parks": 2, "extent_km": 0.38, "max_walk_m": 350.0, "park_area_acres": 0.06, "hull_area_acres": 0.95, "boroughs": "Q", "members": "Catholic War Veterans Square; David J O'Connell Square" }, "geometry": { "type": "Polygon", "coordinates": [ [ [ -73.816153068588719, 40.675837022978136 ], [ -73.816282279674439, 40.67585138099362 ], [ -73.820459150911844, 40.676498959772239 ], [ -73.820823188409562, 40.67655952418167 ], [ -73.820528793942117, 40.676642383843451 ], [ -73.816173507169651, 40.67588080814339 ], [ -73.816153068588719, 40.675837022978136 ] ] ] } },
{ "type": "Feature", "properties": { "group_id": "N2-264", "n_parks": 2, "extent_km": 0.603, "max_walk_m": 243.0, "park_area_acres": 33.5, "hull_area_acres": 60.97, "boroughs": "Q", "members": "Beach 59th St Playground; Arverne East Nature Preserve" }, "geometry": { "type": "Polygon", "coordinates": [ [ [ -73.789238253660983, 40.588755649613269 ], [ -73.789299800939531, 40.589345476329363 ], [ -73.785991081106488, 40.592018848031266 ], [ -73.775199517902081, 40.592733906880042 ], [ -73.775014684376629, 40.592083708538546 ], [ -73.774950080429548, 40.59156090235701 ], [ -73.789238253660983, 40.588755649613269 ] ] ] } },
{ "type": "Feature", "properties": { "group_id": "N2-265", "n_parks": 2, "extent_km": 0.405, "max_walk_m": 299.6, "park_area_acres": 10.92, "hull_area_acres": 25.18, "boroughs": "Q", "members": "Beach 9 Playground; Seagirt Ave Wetlands" }, "geometry": { "type": "Polygon", "coordinates": [ [ [ -73.746257108204446, 40.594516212924383 ], [ -73.74627447349566, 40.594783121400532 ], [ -73.746280052618118, 40.594916613358777 ], [ -73.746111394529251, 40.595652377115549 ], [ -73.74582076477374, 40.595751133854435 ], [ -73.739018588684459, 40.59771386926186 ], [ -73.73876653738354, 40.59777425051324 ], [ -73.738741315317441, 40.597778209524016 ], [ -73.738706904911652, 40.59778259970237 ], [ -73.738668269448894, 40.59778616798765 ], [ -73.738636690137298, 40.597788030501484 ], [ -73.738604633635802, 40.597788961677345 ], [ -73.738566078891324, 40.59778880913646 ], [ -73.73853173213935, 40.597787499074613 ], [ -73.738514753640374, 40.597784294192245 ], [ -73.738493142115388, 40.597779462319679 ], [ -73.738476118770095, 40.597775039817783 ], [ -73.738453968389607, 40.597768433574885 ], [ -73.738441218754659, 40.597764173883775 ], [ -73.738442183202224, 40.59735360263349 ], [ -73.738444471135239, 40.597259920663582 ], [ -73.738451366262126, 40.596981121633405 ], [ -73.738483688067078, 40.596950058585932 ], [ -73.7397301138584, 40.596041439248957 ], [ -73.743783496993174, 40.594794672023852 ], [ -73.746257108204446, 40.594516212924383 ] ] ] } },
{ "type": "Feature", "properties": { "group_id": "N2-266", "n_parks": 2, "extent_km": 0.13, "max_walk_m": 49.7, "park_area_acres": 1.71, "hull_area_acres": 8.26, "boroughs": "Q", "members": "Mall Forty Two XLII (1/3); Francis Lewis Playground" }, "geometry": { "type": "Polygon", "coordinates": [ [ [ -73.784033781585265, 40.759468781970547 ], [ -73.784039575045611, 40.759469153934859 ], [ -73.784045218238802, 40.759470214505434 ], [ -73.784050572696003, 40.759471935506909 ], [ -73.784055504726268, 40.75947427616601 ], [ -73.784062145465072, 40.759481063131553 ], [ -73.784067471955652, 40.759488488794638 ], [ -73.784650215639729, 40.760631336518792 ], [ -73.784542338222678, 40.760660186077949 ], [ -73.783848309318046, 40.760845785373078 ], [ -73.779661815151158, 40.760702086630012 ], [ -73.779656893609925, 40.760701606251565 ], [ -73.779652119541865, 40.760700580447399 ], [ -73.779647594718796, 40.76069903282557 ], [ -73.779642120686589, 40.760694440573339 ], [ -73.77963773000144, 40.760689219137369 ], [ -73.779634544162548, 40.760683514632447 ], [ -73.779632653835662, 40.760677485721345 ], [ -73.779632111753514, 40.7606713018005 ], [ -73.779631998016768, 40.760667735573485 ], [ -73.779632683557153, 40.760664206895754 ], [ -73.779634147904844, 40.760660817485402 ], [ -73.779636346913279, 40.760657666313719 ], [ -73.779639219876728, 40.760654846016912 ], [ -73.779642680073792, 40.76065243747464 ], [ -73.782299081443767, 40.759934712793545 ], [ -73.784022325289214, 40.759470120259238 ], [ -73.784027983499399, 40.759469106089583 ], [ -73.784033781585265, 40.759468781970547 ] ] ] } },
{ "type": "Feature", "properties": { "group_id": "N2-267", "n_parks": 2, "extent_km": 0.236, "max_walk_m": 142.2, "park_area_acres": 1.51, "hull_area_acres": 9.18, "boroughs": "Q", "members": "Rockaway Freeway (10/16); Grassmere Playground" }, "geometry": { "type": "Polygon", "coordinates": [ [ [ -73.758766472937864, 40.598762040926786 ], [ -73.76143137165225, 40.599856981586775 ], [ -73.761461719489461, 40.599894344353054 ], [ -73.761529691956682, 40.600122183318867 ], [ -73.761362375265392, 40.600311141798031 ], [ -73.761188277097858, 40.600496506351291 ], [ -73.7610075314293, 40.600678137645204 ], [ -73.760820276966172, 40.600855896355803 ], [ -73.760626653585405, 40.601029647664099 ], [ -73.760426810617759, 40.601199257671098 ], [ -73.760220899742933, 40.601364597885919 ], [ -73.760191193842928, 40.60134292058995 ], [ -73.760025157558843, 40.601221395693109 ], [ -73.758361599239635, 40.599247082530091 ], [ -73.758400412114881, 40.599086020449178 ], [ -73.758406335018506, 40.599065345122021 ], [ -73.758419596086426, 40.599032507410392 ], [ -73.758433377310183, 40.599007086620396 ], [ -73.758446975359419, 40.598986576010759 ], [ -73.758459196858766, 40.598970685805668 ], [ -73.75848245628454, 40.598945045390607 ], [ -73.758508498998012, 40.598921404583628 ], [ -73.758527290469374, 40.598906802420998 ], [ -73.75854208705843, 40.59889657472079 ], [ -73.758643313042015, 40.598830905792774 ], [ -73.758664263929646, 40.598817660732628 ], [ -73.758683958589472, 40.598805823254132 ], [ -73.758699520818794, 40.598796869584312 ], [ -73.758715367108493, 40.598788098415049 ], [ -73.758730113738025, 40.598780238068088 ], [ -73.758745814504152, 40.598772176203411 ], [ -73.758766472937864, 40.598762040926786 ] ] ] } },
{ "type": "Feature", "properties": { "group_id": "N2-268", "n_parks": 2, "extent_km": 0.245, "max_walk_m": 159.9, "park_area_acres": 1.54, "hull_area_acres": 12.2, "boroughs": "Q", "members": "Rockaway Freeway (12/16); Almeda Playground" }, "geometry": { "type": "Polygon", "coordinates": [ [ [ -73.794554313620168, 40.591380387424216 ], [ -73.794557110714749, 40.591389381542321 ], [ -73.79503049474188, 40.59301891294011 ], [ -73.795070080033298, 40.593404900970306 ], [ -73.795103756311775, 40.593733276336252 ], [ -73.795134832588673, 40.594036302663369 ], [ -73.794408147554165, 40.594078885638886 ], [ -73.791486503431884, 40.592158710784915 ], [ -73.791484985907772, 40.592143053295793 ], [ -73.794124916546735, 40.59147966130395 ], [ -73.794387573554744, 40.591416643642845 ], [ -73.794554313620168, 40.591380387424216 ] ] ] } },
{ "type": "Feature", "properties": { "group_id": "N2-269", "n_parks": 2, "extent_km": 0.182, "max_walk_m": 155.5, "park_area_acres": 1.52, "hull_area_acres": 9.25, "boroughs": "Q", "members": "Rockaway Freeway (6/16); Beach Channel Playground" }, "geometry": { "type": "Polygon", "coordinates": [ [ [ -73.806293680853472, 40.588633287904926 ], [ -73.807130616900167, 40.590793091076534 ], [ -73.807120858111247, 40.590841756244494 ], [ -73.806524855178992, 40.590919479999165 ], [ -73.804509135132761, 40.590598414360606 ], [ -73.804511316249275, 40.590406581859781 ], [ -73.804531663138135, 40.590242545256828 ], [ -73.805317430155611, 40.588744748483208 ], [ -73.805885831238498, 40.588660331304347 ], [ -73.806293680853472, 40.588633287904926 ] ] ] } },
{ "type": "Feature", "properties": { "group_id": "N2-270", "n_parks": 2, "extent_km": 0.277, "max_walk_m": 178.1, "park_area_acres": 7.08, "hull_area_acres": 15.9, "boroughs": "Q", "members": "Maple Grove Park; Hoover - Manton Playgrounds" }, "geometry": { "type": "Polygon", "coordinates": [ [ [ -73.819989788544888, 40.709899993566935 ], [ -73.82506880535567, 40.712055287029926 ], [ -73.824441590731851, 40.712396239690527 ], [ -73.823217156231607, 40.712637987828657 ], [ -73.821175456653918, 40.712444865872165 ], [ -73.819594570319609, 40.710347221499376 ], [ -73.819989788544888, 40.709899993566935 ] ] ] } },
{ "type": "Feature", "properties": { "group_id": "N2-271", "n_parks": 2, "extent_km": 0.944, "max_walk_m": 246.0, "park_area_acres": 47.54, "hull_area_acres": 254.63, "boroughs": "Q", "members": "Farm Playground; Kissena Corridor Park" }, "geometry": { "type": "Polygon", "coordinates": [ [ [ -73.771454381041949, 40.731731543386786 ], [ -73.77770877388987, 40.734927565867444 ], [ -73.79446106613247, 40.746284739275531 ], [ -73.794532200035405, 40.746895863273096 ], [ -73.792194539447522, 40.746652216867368 ], [ -73.778442949602749, 40.742507827482839 ], [ -73.775065581117232, 40.741475772000783 ], [ -73.774995845175255, 40.741371202730676 ], [ -73.770413411687471, 40.731926458604853 ], [ -73.770416736867944, 40.731896245874417 ], [ -73.770434568504896, 40.731874181975343 ], [ -73.770448883045347, 40.731860381358679 ], [ -73.770454181603967, 40.731857652565431 ], [ -73.770546815163001, 40.731840150240892 ], [ -73.771454381041949, 40.731731543386786 ] ] ] } },
{ "type": "Feature", "properties": { "group_id": "N2-272", "n_parks": 2, "extent_km": 0.076, "max_walk_m": 44.5, "park_area_acres": 0.15, "hull_area_acres": 0.43, "boroughs": "Q", "members": "Corporal Frank F. Fagan Sq.; Woodside Houses Park" }, "geometry": { "type": "Polygon", "coordinates": [ [ [ -73.911614407426839, 40.755625267378413 ], [ -73.911624015632725, 40.755626489532311 ], [ -73.911633256430122, 40.755628834334217 ], [ -73.911791776292858, 40.755702358747499 ], [ -73.91246066227626, 40.75601881050261 ], [ -73.912430163594735, 40.756056103374839 ], [ -73.911599372846737, 40.755932156280267 ], [ -73.911437813989281, 40.755854161859979 ], [ -73.911432186900583, 40.755851283119597 ], [ -73.911427297315399, 40.755847708855136 ], [ -73.911423294302878, 40.755843545440996 ], [ -73.911420297300126, 40.755838919039867 ], [ -73.911418397307941, 40.755833967499179 ], [ -73.911417650966754, 40.755828842147466 ], [ -73.911418079391012, 40.755823694286057 ], [ -73.911419671712878, 40.755818681494866 ], [ -73.911422379182099, 40.755813952319976 ], [ -73.911562083410587, 40.755641245414949 ], [ -73.911569056959891, 40.755636072860803 ], [ -73.911577005112647, 40.755631789853439 ], [ -73.911585733520909, 40.755628500702208 ], [ -73.911595030105971, 40.755626285389113 ], [ -73.911604666243889, 40.755625198669442 ], [ -73.911614407426839, 40.755625267378413 ] ] ] } },
{ "type": "Feature", "properties": { "group_id": "N2-273", "n_parks": 2, "extent_km": 1.369, "max_walk_m": 99.8, "park_area_acres": 44.36, "hull_area_acres": 205.33, "boroughs": "Q", "members": "Alameda Malls; Udalls Park Preserve" }, "geometry": { "type": "Polygon", "coordinates": [ [ [ -73.743877151283343, 40.763938413416582 ], [ -73.743911664066374, 40.763938873754064 ], [ -73.743938873144543, 40.763939582597637 ], [ -73.743946143810007, 40.76393991843743 ], [ -73.74398055936264, 40.763941949024094 ], [ -73.74401485520346, 40.763944928469847 ], [ -73.74402439462817, 40.763946003259726 ], [ -73.744047694883349, 40.76394867730621 ], [ -73.744051217976292, 40.763949082257234 ], [ -73.744053428004761, 40.763949386135714 ], [ -73.744088236830152, 40.763954175819833 ], [ -73.74412722878354, 40.763960514652602 ], [ -73.744165938835621, 40.763967786672971 ], [ -73.744204326740771, 40.763975986388793 ], [ -73.74422044404777, 40.763979850232062 ], [ -73.744240119445337, 40.763984567548945 ], [ -73.744249599056985, 40.763987033472191 ], [ -73.744279588740071, 40.763995838571418 ], [ -73.744292587130218, 40.763999835060432 ], [ -73.74431799945188, 40.764007669148043 ], [ -73.744549878840971, 40.764096687246365 ], [ -73.744564908316264, 40.764102570269579 ], [ -73.744605282481331, 40.764126223369445 ], [ -73.745588397812568, 40.764728727519532 ], [ -73.745645100284563, 40.764772898357414 ], [ -73.745651094498243, 40.764786206688491 ], [ -73.74885817816012, 40.779513608921675 ], [ -73.747863296430708, 40.781019560064905 ], [ -73.743406034392422, 40.778257835018543 ], [ -73.739625039513385, 40.76623196531343 ], [ -73.739623851591261, 40.766228019305039 ], [ -73.739624081963271, 40.766223321876446 ], [ -73.739627626387929, 40.766204055417397 ], [ -73.739655349576722, 40.766077107741665 ], [ -73.739801548725907, 40.765478750667661 ], [ -73.739808658772972, 40.765450206216286 ], [ -73.739840086532695, 40.765324044888516 ], [ -73.739863282753916, 40.765230929814855 ], [ -73.739873063537416, 40.765201169399582 ], [ -73.739884156736821, 40.765171678496777 ], [ -73.739896549199358, 40.765142488594243 ], [ -73.739910226587938, 40.765113631176952 ], [ -73.739925173367297, 40.765085141329173 ], [ -73.739941371650843, 40.765057049627259 ], [ -73.739958805921091, 40.765029386653026 ], [ -73.739977453536682, 40.765002187474622 ], [ -73.740000113699963, 40.764973498002711 ], [ -73.740000874274656, 40.764972535275092 ], [ -73.740138184308464, 40.764831544558497 ], [ -73.740166027612915, 40.764806078856182 ], [ -73.740193609010106, 40.764783685089753 ], [ -73.740222152886702, 40.764762000385687 ], [ -73.740251633084782, 40.764741050799046 ], [ -73.740282013982423, 40.764720859661978 ], [ -73.74031326115599, 40.764701446707392 ], [ -73.740345342533374, 40.764682836176029 ], [ -73.740378218936385, 40.764665052292614 ], [ -73.740411860707397, 40.764648107596791 ], [ -73.740446221572896, 40.764632023595766 ], [ -73.740483340633702, 40.764615987220935 ], [ -73.740516962924218, 40.764602509406288 ], [ -73.740553263923161, 40.764589114157459 ], [ -73.740590206272387, 40.764576775736579 ], [ -73.740604768425513, 40.764572128584213 ], [ -73.740627523791659, 40.764565112629022 ], [ -73.740665402011743, 40.76455453588369 ], [ -73.74070372060639, 40.764544922760052 ], [ -73.740746833831381, 40.764536140775839 ], [ -73.742326887971444, 40.764219287461181 ], [ -73.743009290398163, 40.764083353640366 ], [ -73.743637798753767, 40.763960195645488 ], [ -73.743650130074187, 40.763958097885705 ], [ -73.743671528187249, 40.763954630813792 ], [ -73.743705402460989, 40.763949589489592 ], [ -73.74373697750633, 40.76394587939501 ], [ -73.743738239415265, 40.76394573181711 ], [ -73.743743950112503, 40.763945188005508 ], [ -73.743747954708041, 40.763944806992811 ], [ -73.743767202574006, 40.763943042483689 ], [ -73.743773796582843, 40.763942555566153 ], [ -73.74380820195411, 40.763940458253003 ], [ -73.743843790067316, 40.763938780494513 ], [ -73.743844363336578, 40.763938770062538 ], [ -73.743854712938273, 40.763938592260182 ], [ -73.743867035711588, 40.763938406236612 ], [ -73.743877151283343, 40.763938413416582 ] ] ] } },
{ "type": "Feature", "properties": { "group_id": "N2-274", "n_parks": 2, "extent_km": 0.322, "max_walk_m": 177.7, "park_area_acres": 1.84, "hull_area_acres": 31.0, "boroughs": "Q", "members": "Bell Malls; Captain Dermody Triangle" }, "geometry": { "type": "Polygon", "coordinates": [ [ [ -73.761629532502951, 40.747848097491293 ], [ -73.76163403150602, 40.747848558857832 ], [ -73.76163837105706, 40.747849571006149 ], [ -73.761642436392265, 40.747851108484397 ], [ -73.761646117542213, 40.747853129641641 ], [ -73.766341598847688, 40.753916904637201 ], [ -73.766455178300561, 40.754073248050574 ], [ -73.766560561691108, 40.754232876903089 ], [ -73.76657158145747, 40.754250521287574 ], [ -73.766647208978668, 40.754384168613797 ], [ -73.766753563958702, 40.754594977852221 ], [ -73.766899751353705, 40.754938052340854 ], [ -73.7670516450371, 40.755311804979108 ], [ -73.767131803813186, 40.755511310804891 ], [ -73.767131849866786, 40.755516767979096 ], [ -73.767130696563001, 40.755522155190597 ], [ -73.767128377591305, 40.755527320321576 ], [ -73.767124956223867, 40.75553211761747 ], [ -73.767120530030809, 40.755536414000268 ], [ -73.767115222596956, 40.755540087250445 ], [ -73.76710918348715, 40.755543035912879 ], [ -73.767102581153708, 40.755545175680226 ], [ -73.767095601720783, 40.755546448395627 ], [ -73.764777683401419, 40.755869034706869 ], [ -73.764715509251701, 40.755875232003881 ], [ -73.764672604427503, 40.755879471305981 ], [ -73.764375705943763, 40.755908801801837 ], [ -73.761615978185077, 40.747951411017326 ], [ -73.761607712116842, 40.747920984601542 ], [ -73.761603513256929, 40.747891905660921 ], [ -73.761601685415883, 40.747862685745062 ], [ -73.761603429119688, 40.74785949794817 ], [ -73.761605833792515, 40.747856569065043 ], [ -73.761608834027385, 40.747853978205107 ], [ -73.761612349063171, 40.747851793639867 ], [ -73.761616286333577, 40.747850073710865 ], [ -73.761620539102168, 40.747848865924105 ], [ -73.761624994773712, 40.74784820066386 ], [ -73.761629532502951, 40.747848097491293 ] ] ] } },
{ "type": "Feature", "properties": { "group_id": "N2-275", "n_parks": 2, "extent_km": 0.196, "max_walk_m": 98.5, "park_area_acres": 4.55, "hull_area_acres": 10.86, "boroughs": "Q", "members": "South Gate Mall; Montbellier Park" }, "geometry": { "type": "Polygon", "coordinates": [ [ [ -73.758631687049487, 40.672823262723441 ], [ -73.758638472567782, 40.672823549816044 ], [ -73.758644494745766, 40.672824621459519 ], [ -73.758649612353281, 40.672826284646845 ], [ -73.758654832105492, 40.672828809844418 ], [ -73.758658986322288, 40.672831630878299 ], [ -73.758684003328398, 40.67288074540496 ], [ -73.75870483493479, 40.67292291625467 ], [ -73.758748019286998, 40.673010839792227 ], [ -73.758748625392812, 40.673016575565143 ], [ -73.758747320889256, 40.673023097986835 ], [ -73.758701598186747, 40.673193155973166 ], [ -73.758697486807193, 40.673206601997137 ], [ -73.75869279036533, 40.673219937831064 ], [ -73.75868751128489, 40.673233147270601 ], [ -73.758681654355243, 40.673246214116482 ], [ -73.758675227907233, 40.673259123977793 ], [ -73.758668237906548, 40.67327186245852 ], [ -73.758660693857195, 40.673284417871969 ], [ -73.756845359840582, 40.676067926015143 ], [ -73.756811743426312, 40.676066668983751 ], [ -73.755970925645244, 40.675789183327254 ], [ -73.756357106252551, 40.673462872173722 ], [ -73.758623773257611, 40.672824266407943 ], [ -73.758631687049487, 40.672823262723441 ] ] ] } },
{ "type": "Feature", "properties": { "group_id": "N2-276", "n_parks": 2, "extent_km": 0.571, "max_walk_m": 397.1, "park_area_acres": 6.8, "hull_area_acres": 30.83, "boroughs": "Q", "members": "Overlook Park; Helen Marshall Playground" }, "geometry": { "type": "Polygon", "coordinates": [ [ [ -73.871001283608138, 40.764817905372659 ], [ -73.87180955940245, 40.765359202370234 ], [ -73.873827502268867, 40.770250689750576 ], [ -73.873870933777425, 40.770507367495014 ], [ -73.872868819810165, 40.770794444594813 ], [ -73.872819424733521, 40.770805642783216 ], [ -73.872769534681723, 40.770815521165346 ], [ -73.872719227830942, 40.770824080727287 ], [ -73.872668557518125, 40.770831304417918 ], [ -73.872617597204297, 40.770837181511965 ], [ -73.872566384793856, 40.770841712951395 ], [ -73.872515003215184, 40.770844892524174 ], [ -73.872463505798493, 40.770846706781484 ], [ -73.872411964774088, 40.770847169310706 ], [ -73.872360422806878, 40.770846269353051 ], [ -73.872308956911567, 40.770843996187772 ], [ -73.872257633366573, 40.770840378704619 ], [ -73.872206500772975, 40.77083539894754 ], [ -73.872155619509272, 40.770829074093399 ], [ -73.872105064182946, 40.770821413230337 ], [ -73.872054885712089, 40.770812425420381 ], [ -73.872005152795438, 40.770802112541361 ], [ -73.871955928186921, 40.770790488171173 ], [ -73.871907243831856, 40.770777572156966 ], [ -73.871859188535268, 40.770763381707795 ], [ -73.871811821485011, 40.770747936701433 ], [ -73.871765172282991, 40.770731243475097 ], [ -73.871719324976709, 40.770713329138452 ], [ -73.871674325726019, 40.770694212654419 ], [ -73.871630221871527, 40.770673914788219 ], [ -73.871587064263693, 40.770652478821866 ], [ -73.871544928716887, 40.770629901238848 ], [ -73.871503837641527, 40.770606231593021 ], [ -73.870941997365762, 40.770270648485557 ], [ -73.870212105217803, 40.766263069645298 ], [ -73.869972217839148, 40.764923556550173 ], [ -73.871001283608138, 40.764817905372659 ] ] ] } },
{ "type": "Feature", "properties": { "group_id": "N2-277", "n_parks": 2, "extent_km": 0.124, "max_walk_m": 20.9, "park_area_acres": 3.29, "hull_area_acres": 5.51, "boroughs": "Q", "members": "Arverne Playground; Cardozo Playground" }, "geometry": { "type": "Polygon", "coordinates": [ [ [ -73.785081381963778, 40.592496554034817 ], [ -73.785215734154889, 40.592502062505801 ], [ -73.786155307076484, 40.592570116060806 ], [ -73.786748811987266, 40.592616857657838 ], [ -73.786881778564592, 40.592652071748631 ], [ -73.786994427810441, 40.59382346359083 ], [ -73.786550573231821, 40.593934937320057 ], [ -73.78628879992371, 40.593953757146622 ], [ -73.784870065466805, 40.593224174133375 ], [ -73.784867718991961, 40.593201917753369 ], [ -73.784800388979107, 40.592553544718584 ], [ -73.784795335596982, 40.592502504267678 ], [ -73.784883948886048, 40.592497965842874 ], [ -73.78499121695306, 40.592495797319231 ], [ -73.785081381963778, 40.592496554034817 ] ] ] } },
{ "type": "Feature", "properties": { "group_id": "N2-278", "n_parks": 2, "extent_km": 0.371, "max_walk_m": 332.5, "park_area_acres": 2.53, "hull_area_acres": 6.55, "boroughs": "Q", "members": "Vleigh Playground; Legacy Park" }, "geometry": { "type": "Polygon", "coordinates": [ [ [ -73.81736854552932, 40.729390130683065 ], [ -73.817450017535734, 40.729671928754676 ], [ -73.817319837764458, 40.729967154575284 ], [ -73.815696277623744, 40.730253910432943 ], [ -73.812301252106323, 40.730779507928069 ], [ -73.811984554903503, 40.730764240005726 ], [ -73.812010334956071, 40.730397921106288 ], [ -73.812010821591443, 40.730393685899209 ], [ -73.812012231216784, 40.730389571966917 ], [ -73.812014525624008, 40.730385695412757 ], [ -73.812017639399244, 40.730382165091726 ], [ -73.812021484665237, 40.730379079916446 ], [ -73.812025953453954, 40.730376527060102 ], [ -73.812030920084325, 40.730374578358251 ], [ -73.812036245902434, 40.730373288515736 ], [ -73.815603179748351, 40.729705118164148 ], [ -73.81736854552932, 40.729390130683065 ] ] ] } },
{ "type": "Feature", "properties": { "group_id": "N2-279", "n_parks": 2, "extent_km": 0.145, "max_walk_m": 80.8, "park_area_acres": 1.85, "hull_area_acres": 3.22, "boroughs": "Q", "members": "Woodtree Playground; Steinway Playground" }, "geometry": { "type": "Polygon", "coordinates": [ [ [ -73.903562416323226, 40.776144413091821 ], [ -73.903831695384753, 40.776330517273458 ], [ -73.903985352201659, 40.776619002676007 ], [ -73.90373935743348, 40.776820027435207 ], [ -73.902359003341928, 40.777938380256259 ], [ -73.901826411233287, 40.777566898058893 ], [ -73.902944817717724, 40.776650133941793 ], [ -73.903562416323226, 40.776144413091821 ] ] ] } },
{ "type": "Feature", "properties": { "group_id": "N2-280", "n_parks": 2, "extent_km": 0.209, "max_walk_m": 185.4, "park_area_acres": 2.43, "hull_area_acres": 10.74, "boroughs": "Q", "members": "Park; Lost Battalion Hall Recreation Center" }, "geometry": { "type": "Polygon", "coordinates": [ [ [ -73.865214107072759, 40.731450825267785 ], [ -73.865425299727235, 40.73152360920664 ], [ -73.865752856857625, 40.731636497583693 ], [ -73.865934436484125, 40.731748478548546 ], [ -73.866374736360768, 40.734105399523521 ], [ -73.86636859102579, 40.73410722312731 ], [ -73.86476670002564, 40.734293185780643 ], [ -73.864764333422073, 40.734288585002282 ], [ -73.863927568486488, 40.732652288186685 ], [ -73.863909271830465, 40.732616289419035 ], [ -73.865214107072759, 40.731450825267785 ] ] ] } },
{ "type": "Feature", "properties": { "group_id": "N2-281", "n_parks": 2, "extent_km": 0.264, "max_walk_m": 113.0, "park_area_acres": 3.17, "hull_area_acres": 9.64, "boroughs": "Q", "members": "Park; Louis Pasteur Park" }, "geometry": { "type": "Polygon", "coordinates": [ [ [ -73.736167228684579, 40.759364926630759 ], [ -73.736171764085583, 40.759369208131027 ], [ -73.736192748487881, 40.76242477200821 ], [ -73.735210215823002, 40.762783373279319 ], [ -73.735208956400427, 40.762783491953307 ], [ -73.734535931608079, 40.76171141229608 ], [ -73.734889929026764, 40.759997590511212 ], [ -73.736167228684579, 40.759364926630759 ] ] ] } },
{ "type": "Feature", "properties": { "group_id": "N2-282", "n_parks": 2, "extent_km": 0.222, "max_walk_m": 179.5, "park_area_acres": 0.05, "hull_area_acres": 0.85, "boroughs": "Q", "members": "Quick Brown Fox Triangle; Park" }, "geometry": { "type": "Polygon", "coordinates": [ [ [ -73.890931810339481, 40.726232712562563 ], [ -73.890981423230997, 40.72635283530515 ], [ -73.888906518804887, 40.727576604120841 ], [ -73.888902754833751, 40.727578603222447 ], [ -73.888898616352208, 40.727579457414961 ], [ -73.888888460387562, 40.72758002033931 ], [ -73.888618423438501, 40.727583643343188 ], [ -73.888816757737175, 40.727449929256863 ], [ -73.890509212696102, 40.72647055121849 ], [ -73.890928537664919, 40.726234030510177 ], [ -73.890931810339481, 40.726232712562563 ] ] ] } },
{ "type": "Feature", "properties": { "group_id": "N2-283", "n_parks": 2, "extent_km": 0.243, "max_walk_m": 201.7, "park_area_acres": 0.45, "hull_area_acres": 3.67, "boroughs": "Q", "members": "Notorious LIC Park; Vernon Mall" }, "geometry": { "type": "Polygon", "coordinates": [ [ [ -73.951597122719107, 40.741714664979554 ], [ -73.954223890169359, 40.74202881829882 ], [ -73.954229463743317, 40.742029583243529 ], [ -73.954260874715516, 40.742035864152427 ], [ -73.954266221704785, 40.742037282773538 ], [ -73.954271211896739, 40.74203931990106 ], [ -73.954275721009381, 40.742041925957892 ], [ -73.954279638977923, 40.742045036964349 ], [ -73.954282868770662, 40.742048575438396 ], [ -73.954285331121227, 40.74205245489992 ], [ -73.95428696452953, 40.742056578970313 ], [ -73.954287729993297, 40.74206084767782 ], [ -73.954287607458383, 40.742065153854185 ], [ -73.954286600548301, 40.742069393041966 ], [ -73.954091936072288, 40.742635649010992 ], [ -73.954090975571106, 40.742637799939452 ], [ -73.954089560526867, 40.742639801202529 ], [ -73.954087731232548, 40.742641597885346 ], [ -73.954085537449785, 40.742643139579364 ], [ -73.954083039589179, 40.742644385785759 ], [ -73.95408030516208, 40.742645300511214 ], [ -73.954077409958984, 40.74264586037274 ], [ -73.954074433317359, 40.742646049192786 ], [ -73.954071456935196, 40.742645861600941 ], [ -73.95406856131909, 40.742645303032333 ], [ -73.951449839944701, 40.742133313592355 ], [ -73.951066102847733, 40.742055604918704 ], [ -73.951135711845211, 40.74185675837235 ], [ -73.95139649191465, 40.74174182262778 ], [ -73.951597122719107, 40.741714664979554 ] ] ] } },
{ "type": "Feature", "properties": { "group_id": "N2-284", "n_parks": 2, "extent_km": 0.498, "max_walk_m": 277.3, "park_area_acres": 8.17, "hull_area_acres": 23.09, "boroughs": "Q", "members": "Bayside Fields; Clearview Park" }, "geometry": { "type": "Polygon", "coordinates": [ [ [ -73.786518364168487, 40.772406633896381 ], [ -73.786526096764703, 40.772421741598443 ], [ -73.786536873584836, 40.77244496759532 ], [ -73.786541740225957, 40.772455840311565 ], [ -73.786549867359255, 40.772474986610234 ], [ -73.78655703847194, 40.772494172560556 ], [ -73.786563347872999, 40.772513538816256 ], [ -73.786568754231297, 40.772533045678792 ], [ -73.786579586207722, 40.772592294701063 ], [ -73.786582284812937, 40.772632121860205 ], [ -73.78658132549846, 40.772671996274262 ], [ -73.786432752168054, 40.778519602060832 ], [ -73.785050553351851, 40.778962925176721 ], [ -73.785013682434681, 40.778826648735588 ], [ -73.78472799933617, 40.772949114669778 ], [ -73.786518364168487, 40.772406633896381 ] ] ] } },
{ "type": "Feature", "properties": { "group_id": "N2-285", "n_parks": 2, "extent_km": 0.364, "max_walk_m": 218.2, "park_area_acres": 3.05, "hull_area_acres": 10.73, "boroughs": "Q", "members": "Conch Playground; Edgemere Urban Renewal Park" }, "geometry": { "type": "Polygon", "coordinates": [ [ [ -73.776871747609235, 40.594664080470757 ], [ -73.780758193542169, 40.595445120574716 ], [ -73.781352476598457, 40.59583093210388 ], [ -73.781384468986658, 40.596226530752553 ], [ -73.781278206858403, 40.596400849474911 ], [ -73.780508963748161, 40.596440331491493 ], [ -73.780313741328769, 40.596448128919398 ], [ -73.780299632965551, 40.596447847999528 ], [ -73.78028575576613, 40.596445889841057 ], [ -73.77662981769727, 40.595507526348946 ], [ -73.776531124910647, 40.594687530155113 ], [ -73.776871747609235, 40.594664080470757 ] ] ] } },
{ "type": "Feature", "properties": { "group_id": "N2-286", "n_parks": 2, "extent_km": 0.655, "max_walk_m": 239.7, "park_area_acres": 71.0, "hull_area_acres": 129.21, "boroughs": "Q", "members": "Frank Golden Park; Powell's Cove Park" }, "geometry": { "type": "Polygon", "coordinates": [ [ [ -73.836220637471641, 40.784297302446546 ], [ -73.838135188866218, 40.787882912095043 ], [ -73.838367590604079, 40.792713466532625 ], [ -73.838096907225619, 40.792860853554672 ], [ -73.836938779663157, 40.793232712119718 ], [ -73.835211698055076, 40.793653231381107 ], [ -73.834029416169329, 40.792985663505476 ], [ -73.831741345435162, 40.790546282825609 ], [ -73.831092722169686, 40.789221268868729 ], [ -73.831062346122891, 40.789149372362999 ], [ -73.83103645652541, 40.789034240301064 ], [ -73.830965260571887, 40.78868053652026 ], [ -73.830961708341221, 40.788662888666479 ], [ -73.830924848802823, 40.788479762449619 ], [ -73.830923217493748, 40.788466174175696 ], [ -73.830714188949173, 40.784556477831906 ], [ -73.83071363761232, 40.784369333581118 ], [ -73.836220637471641, 40.784297302446546 ] ] ] } },
{ "type": "Feature", "properties": { "group_id": "N2-287", "n_parks": 2, "extent_km": 0.38, "max_walk_m": 311.6, "park_area_acres": 0.56, "hull_area_acres": 2.93, "boroughs": "Q", "members": "Edgemere Coalition; Beach 43rd Street Waterfront Park" }, "geometry": { "type": "Polygon", "coordinates": [ [ [ -73.774935393999073, 40.5980111635782 ], [ -73.775327387520193, 40.601346479297213 ], [ -73.77533367166032, 40.601402339448015 ], [ -73.775353970677955, 40.601582791227685 ], [ -73.775021528875754, 40.601725932267691 ], [ -73.774996310875736, 40.601508369165337 ], [ -73.774619048412475, 40.598253276620667 ], [ -73.774593874407842, 40.598036056537417 ], [ -73.774935393999073, 40.5980111635782 ] ] ] } },
{ "type": "Feature", "properties": { "group_id": "N2-288", "n_parks": 2, "extent_km": 0.353, "max_walk_m": 337.0, "park_area_acres": 0.25, "hull_area_acres": 3.23, "boroughs": "R", "members": "Barrett Triangle; St. George Park" }, "geometry": { "type": "Polygon", "coordinates": [ [ [ -74.075902164532067, 40.641536638939762 ], [ -74.07591015432007, 40.6415402942744 ], [ -74.078029671300214, 40.644558536843618 ], [ -74.077796099846609, 40.644662112424285 ], [ -74.07558072633239, 40.641976242537275 ], [ -74.075578456032801, 40.641970584269579 ], [ -74.075588962161433, 40.641955993464457 ], [ -74.075894872411183, 40.641538338528846 ], [ -74.075902164532067, 40.641536638939762 ] ] ] } },
{ "type": "Feature", "properties": { "group_id": "N2-289", "n_parks": 2, "extent_km": 0.299, "max_walk_m": 129.6, "park_area_acres": 3.51, "hull_area_acres": 10.52, "boroughs": "R", "members": "Hero Park; Forest Mall" }, "geometry": { "type": "Polygon", "coordinates": [ [ [ -74.089019655274228, 40.629646763660645 ], [ -74.092640708504902, 40.631156663110708 ], [ -74.092644091796771, 40.631161220617386 ], [ -74.092643058055287, 40.631166693909726 ], [ -74.092639260684578, 40.631169526402893 ], [ -74.092633692364117, 40.631170426906536 ], [ -74.088036714578308, 40.630979014859605 ], [ -74.086943601782863, 40.630305564372648 ], [ -74.087488494707046, 40.629854240892229 ], [ -74.089019655274228, 40.629646763660645 ] ] ] } },
{ "type": "Feature", "properties": { "group_id": "N2-290", "n_parks": 2, "extent_km": 0.215, "max_walk_m": 38.4, "park_area_acres": 3.04, "hull_area_acres": 7.78, "boroughs": "R", "members": "Egbert Triangle; Markham Playground" }, "geometry": { "type": "Polygon", "coordinates": [ [ [ -74.146956454077142, 40.622226343169295 ], [ -74.145671241369385, 40.624814868786395 ], [ -74.144899874326455, 40.625086530351133 ], [ -74.144893343209048, 40.625088167625343 ], [ -74.14427511711466, 40.625225165154788 ], [ -74.14426625221364, 40.625226479333392 ], [ -74.144258884323122, 40.625227039697663 ], [ -74.144249856129122, 40.625227171695556 ], [ -74.144242471949937, 40.625226757715325 ], [ -74.144233526283188, 40.625225700920474 ], [ -74.144226365770848, 40.625224326702984 ], [ -74.144217795810889, 40.625222113166387 ], [ -74.144211779195913, 40.625220110750362 ], [ -74.144211746075783, 40.62522009818462 ], [ -74.144205949820758, 40.625217792916736 ], [ -74.144200340803593, 40.625215171330787 ], [ -74.14419499118587, 40.625212263953969 ], [ -74.144189315021833, 40.625208650077397 ], [ -74.14418286918611, 40.625203821462158 ], [ -74.144178587249982, 40.625200019428569 ], [ -74.144173302756755, 40.625194431117571 ], [ -74.144157461112087, 40.625162896720241 ], [ -74.14414743740906, 40.625124005872706 ], [ -74.144146211425706, 40.62511836564461 ], [ -74.144145762682356, 40.625113614156938 ], [ -74.144146007997577, 40.625107901843435 ], [ -74.144147196897265, 40.62510129683092 ], [ -74.144149070062113, 40.625095763481092 ], [ -74.144151185415538, 40.625091278934811 ], [ -74.145177175671336, 40.623041480250926 ], [ -74.146956454077142, 40.622226343169295 ] ] ] } },
{ "type": "Feature", "properties": { "group_id": "N2-291", "n_parks": 2, "extent_km": 0.122, "max_walk_m": 16.3, "park_area_acres": 3.04, "hull_area_acres": 4.72, "boroughs": "R", "members": "Mahoney Playground; Davis Playground" }, "geometry": { "type": "Polygon", "coordinates": [ [ [ -74.086057993179438, 40.64195822958812 ], [ -74.086196061418903, 40.641981484737549 ], [ -74.086349660737199, 40.642738740874478 ], [ -74.086382675131091, 40.643539770644459 ], [ -74.085774367042987, 40.644003322154965 ], [ -74.085764774363312, 40.644010593792636 ], [ -74.085742031614515, 40.643980923356175 ], [ -74.085569835139694, 40.643756270472494 ], [ -74.085119061043187, 40.643168165624807 ], [ -74.085009803754289, 40.642340576126003 ], [ -74.085382302210988, 40.642061159162651 ], [ -74.086057993179438, 40.64195822958812 ] ] ] } },
{ "type": "Feature", "properties": { "group_id": "N2-292", "n_parks": 2, "extent_km": 0.27, "max_walk_m": 83.8, "park_area_acres": 23.19, "hull_area_acres": 35.52, "boroughs": "R", "members": "Long Pond Park (3/4); Aesop Park" }, "geometry": { "type": "Polygon", "coordinates": [ [ [ -74.227525133152611, 40.508357115359466 ], [ -74.230438505841036, 40.509279681983195 ], [ -74.230544009643495, 40.509582051635519 ], [ -74.229616087252097, 40.510972775171531 ], [ -74.228923711185345, 40.511123049042055 ], [ -74.227019081345802, 40.511536406503765 ], [ -74.225604074512503, 40.511843478496488 ], [ -74.224018580750823, 40.509060778762688 ], [ -74.223870679931423, 40.508732901753582 ], [ -74.225632080250392, 40.508550000564249 ], [ -74.227525133152611, 40.508357115359466 ] ] ] } },
{ "type": "Feature", "properties": { "group_id": "N2-293", "n_parks": 2, "extent_km": 0.403, "max_walk_m": 138.3, "park_area_acres": 6.39, "hull_area_acres": 26.0, "boroughs": "R", "members": "Tappen Park; Stapleton Esplanade" }, "geometry": { "type": "Polygon", "coordinates": [ [ [ -74.077904236991259, 40.626533509361579 ], [ -74.077909547415516, 40.626533578705207 ], [ -74.077914768789114, 40.626534311792327 ], [ -74.077919761624344, 40.626535689806545 ], [ -74.077924389955882, 40.626537674117714 ], [ -74.077928526075155, 40.626540211681657 ], [ -74.077932057619435, 40.626543233234699 ], [ -74.077934888755834, 40.626546655093328 ], [ -74.077936943735608, 40.626550386356506 ], [ -74.077938163343092, 40.626554324405035 ], [ -74.077938517903974, 40.626558361196693 ], [ -74.077937995471842, 40.626562387776602 ], [ -74.077936611281984, 40.626566293370487 ], [ -74.07783351958625, 40.626783929784331 ], [ -74.077815123081137, 40.6268225097147 ], [ -74.077798141961608, 40.626845422335023 ], [ -74.077782649612857, 40.626861874514425 ], [ -74.07776425076888, 40.626879217471085 ], [ -74.077740407994796, 40.626897582594225 ], [ -74.073328206582445, 40.630151042340628 ], [ -74.07329015361573, 40.630164724787242 ], [ -74.073249938856563, 40.630174157244475 ], [ -74.073208374123368, 40.630179150084153 ], [ -74.073178227431754, 40.630177790579616 ], [ -74.073148810533411, 40.630172583582308 ], [ -74.0731209651656, 40.630163678043722 ], [ -74.073095484718593, 40.630151328307726 ], [ -74.073073096496984, 40.630135886016902 ], [ -74.072913958261381, 40.630000481329191 ], [ -74.072439570239567, 40.627677101197165 ], [ -74.072341357047904, 40.6271479652194 ], [ -74.072579877138963, 40.626678820416899 ], [ -74.073124525428966, 40.62662227383133 ], [ -74.073940169982691, 40.626575817529059 ], [ -74.077904236991259, 40.626533509361579 ] ] ] } },
{ "type": "Feature", "properties": { "group_id": "N2-294", "n_parks": 2, "extent_km": 0.269, "max_walk_m": 157.9, "park_area_acres": 2.66, "hull_area_acres": 7.22, "boroughs": "R", "members": "Austin J. McDonald Playground; Prall Playground" }, "geometry": { "type": "Polygon", "coordinates": [ [ [ -74.118329071760698, 40.628168940995664 ], [ -74.118869548244874, 40.62865498061371 ], [ -74.118403715513253, 40.628838062521751 ], [ -74.115890992745094, 40.629822500619355 ], [ -74.114811522445862, 40.62996072475476 ], [ -74.114735148684844, 40.629555554252569 ], [ -74.114854312728809, 40.629195155999177 ], [ -74.118329071760698, 40.628168940995664 ] ] ] } },
{ "type": "Feature", "properties": { "group_id": "N2-295", "n_parks": 2, "extent_km": 0.547, "max_walk_m": 104.3, "park_area_acres": 93.51, "hull_area_acres": 139.93, "boroughs": "R", "members": "Allison Pond Park; Snug Harbor Cultural Center" }, "geometry": { "type": "Polygon", "coordinates": [ [ [ -74.099627353769691, 40.635893624855292 ], [ -74.10224110774449, 40.636462557053498 ], [ -74.10534695929374, 40.638998418573202 ], [ -74.107460559080081, 40.645028573143485 ], [ -74.107477735484096, 40.645297681604518 ], [ -74.107477501724603, 40.645319168198569 ], [ -74.107474755583056, 40.645571055739666 ], [ -74.10747184445998, 40.645837967680507 ], [ -74.106263509146444, 40.645909301271097 ], [ -74.100360247286488, 40.645871739720398 ], [ -74.099912139157126, 40.645829530870841 ], [ -74.099695690855498, 40.645582194983071 ], [ -74.09965494861305, 40.64511474769003 ], [ -74.099272091498804, 40.635920858550719 ], [ -74.099627353769691, 40.635893624855292 ] ] ] } },
{ "type": "Feature", "properties": { "group_id": "N2-296", "n_parks": 2, "extent_km": 0.193, "max_walk_m": 103.9, "park_area_acres": 3.46, "hull_area_acres": 4.51, "boroughs": "R", "members": "Harris Brothers Park; Park" }, "geometry": { "type": "Polygon", "coordinates": [ [ [ -74.203013803943293, 40.532579917315914 ], [ -74.20326143122108, 40.533103487671056 ], [ -74.200809275070071, 40.533791197939138 ], [ -74.199052192122451, 40.534260644857802 ], [ -74.199876011437397, 40.533709694979613 ], [ -74.199931500318385, 40.533673586173663 ], [ -74.199987817596238, 40.533638234143808 ], [ -74.200044949140675, 40.533603649719886 ], [ -74.200102874922848, 40.533569844642408 ], [ -74.200161576086373, 40.533536827948453 ], [ -74.200221037318343, 40.533504609569256 ], [ -74.200281237410096, 40.533473201247602 ], [ -74.200342156327963, 40.533442612923103 ], [ -74.200403778754065, 40.533412852726173 ], [ -74.200466082297183, 40.533383931501085 ], [ -74.200529048101515, 40.533355858284949 ], [ -74.200592669092515, 40.533328634890196 ], [ -74.201353526095644, 40.533039113609199 ], [ -74.201590273707168, 40.532973635760428 ], [ -74.203013803943293, 40.532579917315914 ] ] ] } },
{ "type": "Feature", "properties": { "group_id": "N2-297", "n_parks": 2, "extent_km": 0.137, "max_walk_m": 73.0, "park_area_acres": 0.18, "hull_area_acres": 28.44, "boroughs": "R", "members": "Park; Park" }, "geometry": { "type": "Polygon", "coordinates": [ [ [ -74.112526742982084, 40.609631438028408 ], [ -74.116579195396668, 40.610479647106999 ], [ -74.116712072969662, 40.61153176240888 ], [ -74.116712647897046, 40.611537538673957 ], [ -74.116698831271549, 40.611541151188455 ], [ -74.11597958632251, 40.611729199452697 ], [ -74.115690416713846, 40.611804801519035 ], [ -74.113090856418111, 40.61232483477351 ], [ -74.112106787745972, 40.612139565422623 ], [ -74.111568500820312, 40.612038218518414 ], [ -74.111400780209394, 40.6120066395941 ], [ -74.109630049640828, 40.61151918129044 ], [ -74.109623446316434, 40.611516140222051 ], [ -74.109701540849883, 40.611183518264802 ], [ -74.112518983495775, 40.609633651903948 ], [ -74.112526742982084, 40.609631438028408 ] ] ] } },
{ "type": "Feature", "properties": { "group_id": "N2-298", "n_parks": 2, "extent_km": 0.344, "max_walk_m": 58.3, "park_area_acres": 26.48, "hull_area_acres": 43.57, "boroughs": "R", "members": "E.M.T. Christopher J. Prescott Playground; Bunker Ponds Park" }, "geometry": { "type": "Polygon", "coordinates": [ [ [ -74.182646047899425, 40.521367182605019 ], [ -74.186051470441029, 40.522117887945591 ], [ -74.186609032560384, 40.522898614395913 ], [ -74.185838156075221, 40.523921896581619 ], [ -74.18489529867, 40.52426398522212 ], [ -74.182614392515518, 40.525091498064498 ], [ -74.180305738894717, 40.525926314129578 ], [ -74.17989987752452, 40.525289578282262 ], [ -74.180551596996253, 40.522123484392708 ], [ -74.181204085809426, 40.521886858613023 ], [ -74.182646047899425, 40.521367182605019 ] ] ] } },
{ "type": "Feature", "properties": { "group_id": "N2-299", "n_parks": 2, "extent_km": 0.231, "max_walk_m": 162.8, "park_area_acres": 0.81, "hull_area_acres": 2.49, "boroughs": "R", "members": "Park; Park" }, "geometry": { "type": "Polygon", "coordinates": [ [ [ -74.191283653131975, 40.536791054178977 ], [ -74.191448225498704, 40.537128143421818 ], [ -74.189128485206453, 40.53854876652214 ], [ -74.188568078526202, 40.538704953016484 ], [ -74.189004679716433, 40.538302599986665 ], [ -74.190409244211651, 40.537277720991852 ], [ -74.190415295205426, 40.537273366802914 ], [ -74.190761731766784, 40.537067884368682 ], [ -74.191283653131975, 40.536791054178977 ] ] ] } },
{ "type": "Feature", "properties": { "group_id": "N2-300", "n_parks": 2, "extent_km": 0.355, "max_walk_m": 235.7, "park_area_acres": 2.15, "hull_area_acres": 5.82, "boroughs": "R", "members": "Ida Court; Park" }, "geometry": { "type": "Polygon", "coordinates": [ [ [ -74.187966200790385, 40.537671024661648 ], [ -74.18809714400777, 40.537754205536082 ], [ -74.184939374481644, 40.541150623532033 ], [ -74.184583127638533, 40.540806582336025 ], [ -74.184564366271005, 40.540752701424694 ], [ -74.186423814440516, 40.538544193552354 ], [ -74.187966200790385, 40.537671024661648 ] ] ] } },
{ "type": "Feature", "properties": { "group_id": "N2-301", "n_parks": 2, "extent_km": 0.472, "max_walk_m": 391.5, "park_area_acres": 4.94, "hull_area_acres": 30.32, "boroughs": "R", "members": "Meredith Woods (24/25); Sylvan Grove Cemetery" }, "geometry": { "type": "Polygon", "coordinates": [ [ [ -74.194101213073353, 40.590186018820845 ], [ -74.19410806817362, 40.590187702029588 ], [ -74.194090651572154, 40.590449881575466 ], [ -74.194023300555202, 40.590774178122345 ], [ -74.193799440460936, 40.591755671836708 ], [ -74.192889969542037, 40.593876115004832 ], [ -74.19047875579686, 40.595846114989435 ], [ -74.18901473622806, 40.595204400544645 ], [ -74.191349949278106, 40.591397576683654 ], [ -74.192428636956109, 40.590769854489288 ], [ -74.192791740574634, 40.590596533207005 ], [ -74.194101213073353, 40.590186018820845 ] ] ] } },
{ "type": "Feature", "properties": { "group_id": "N2-302", "n_parks": 2, "extent_km": 0.405, "max_walk_m": 260.3, "park_area_acres": 2.32, "hull_area_acres": 10.44, "boroughs": "X", "members": "Aqueduct Walk (4/5); Galileo Playground" }, "geometry": { "type": "Polygon", "coordinates": [ [ [ -73.91559651268048, 40.848265640147673 ], [ -73.916003951987108, 40.848341859853264 ], [ -73.915969604998494, 40.848912484017447 ], [ -73.915018540697218, 40.850631228418578 ], [ -73.914762130483112, 40.850923927865821 ], [ -73.914316944255944, 40.85142917025393 ], [ -73.914261149342295, 40.851468862103552 ], [ -73.914141620641502, 40.851553890399394 ], [ -73.912236662289061, 40.852797982769694 ], [ -73.912059450637543, 40.852685044300337 ], [ -73.915339190847078, 40.848500178423272 ], [ -73.91559651268048, 40.848265640147673 ] ] ] } },
{ "type": "Feature", "properties": { "group_id": "N2-303", "n_parks": 2, "extent_km": 0.326, "max_walk_m": 133.7, "park_area_acres": 15.33, "hull_area_acres": 22.29, "boroughs": "X", "members": "Walter Gladwin Park; Stop & Go Playground" }, "geometry": { "type": "Polygon", "coordinates": [ [ [ -73.894812693851733, 40.844000074780027 ], [ -73.897208432982708, 40.844263456863686 ], [ -73.89888750043292, 40.844671269533755 ], [ -73.898947144043987, 40.844691101131247 ], [ -73.899057186859821, 40.844727690865525 ], [ -73.899009547977172, 40.845104747748927 ], [ -73.89890648277337, 40.845287553905713 ], [ -73.896093442444837, 40.846507890372393 ], [ -73.893893643000794, 40.846320166630768 ], [ -73.893812098629638, 40.846312153749061 ], [ -73.893730557660248, 40.846302023753971 ], [ -73.893654599034804, 40.84628925229908 ], [ -73.893493124007335, 40.846258625236487 ], [ -73.893412692205345, 40.846240899482282 ], [ -73.893318433497683, 40.846218926767364 ], [ -73.893153209309503, 40.846171275543782 ], [ -73.893768097925701, 40.845161758635754 ], [ -73.894812693851733, 40.844000074780027 ] ] ] } },
{ "type": "Feature", "properties": { "group_id": "N2-304", "n_parks": 2, "extent_km": 0.34, "max_walk_m": 343.8, "park_area_acres": 3.75, "hull_area_acres": 11.53, "boroughs": "X", "members": "Horseshoe Playground; Behagen Playground" }, "geometry": { "type": "Polygon", "coordinates": [ [ [ -73.897561443557308, 40.823917430715433 ], [ -73.897974292705157, 40.823925802141545 ], [ -73.901244896347535, 40.824482072832076 ], [ -73.902161451658671, 40.824702836323866 ], [ -73.901570251068335, 40.826121627486593 ], [ -73.900655526894639, 40.825905226544805 ], [ -73.89757582105868, 40.824329760910395 ], [ -73.897533320319596, 40.824305621371224 ], [ -73.897502295324713, 40.824282517682342 ], [ -73.897482068787923, 40.824263013864119 ], [ -73.897461852535457, 40.824236843677767 ], [ -73.897446362982521, 40.824211190073882 ], [ -73.897436818173674, 40.824190266659151 ], [ -73.897429489666379, 40.824165021031938 ], [ -73.897425549965305, 40.824133067920535 ], [ -73.897426288663354, 40.824111419747176 ], [ -73.897429025416713, 40.824087833682022 ], [ -73.897433788450044, 40.82406476180136 ], [ -73.897443274988404, 40.824042720687224 ], [ -73.897452759941174, 40.824021704335614 ], [ -73.897465622152069, 40.824000690986125 ], [ -73.897483888684192, 40.823976606344544 ], [ -73.897502148886801, 40.823958161502567 ], [ -73.89752863835875, 40.823935813115391 ], [ -73.897561443557308, 40.823917430715433 ] ] ] } },
{ "type": "Feature", "properties": { "group_id": "N2-305", "n_parks": 2, "extent_km": 0.324, "max_walk_m": 300.0, "park_area_acres": 0.26, "hull_area_acres": 4.47, "boroughs": "X", "members": "Echo Triangle; Devanney Triangle" }, "geometry": { "type": "Polygon", "coordinates": [ [ [ -73.906116767217156, 40.849794172669192 ], [ -73.906328720774056, 40.850004928674586 ], [ -73.904880155692226, 40.852601971653755 ], [ -73.904877101381601, 40.852606492305668 ], [ -73.904810861327604, 40.852684255468112 ], [ -73.904806306030622, 40.852688486722244 ], [ -73.904799996925831, 40.852691757505177 ], [ -73.904794066110739, 40.852693387003406 ], [ -73.90478868490149, 40.852693825604348 ], [ -73.904781984087251, 40.852693198734563 ], [ -73.904774011408776, 40.852690466365267 ], [ -73.904495576761619, 40.852585536017102 ], [ -73.904035064022395, 40.852408806044217 ], [ -73.903960251609575, 40.852379566050743 ], [ -73.903956463608381, 40.85237556111143 ], [ -73.903954724007022, 40.852369704665179 ], [ -73.903956376890321, 40.852363342265363 ], [ -73.906116767217156, 40.849794172669192 ] ] ] } },
{ "type": "Feature", "properties": { "group_id": "N2-306", "n_parks": 2, "extent_km": 0.427, "max_walk_m": 235.1, "park_area_acres": 11.24, "hull_area_acres": 29.65, "boroughs": "X", "members": "Mosholu Parkway (1/5); Whalen Playground" }, "geometry": { "type": "Polygon", "coordinates": [ [ [ -73.882130384689276, 40.871129652205511 ], [ -73.883212253761599, 40.873564174738092 ], [ -73.883237589559499, 40.87362235663776 ], [ -73.883269244019658, 40.873703996349846 ], [ -73.883297313388169, 40.873786391538438 ], [ -73.883321782409155, 40.87386944043552 ], [ -73.883342615627484, 40.873953059262028 ], [ -73.883359789463256, 40.874037157046793 ], [ -73.883373288646752, 40.874121639224647 ], [ -73.883383100271018, 40.87420641663546 ], [ -73.883383791488654, 40.874216031601087 ], [ -73.882469902445678, 40.874381782206406 ], [ -73.882115026366861, 40.874446143332825 ], [ -73.881542646996465, 40.874549948771659 ], [ -73.878046700607896, 40.874539050366778 ], [ -73.87778302964756, 40.87452087601676 ], [ -73.877408315726811, 40.874423392384294 ], [ -73.877555857201301, 40.874226360014688 ], [ -73.880331300851878, 40.871438868757778 ], [ -73.881439164921588, 40.871248458901746 ], [ -73.882130384689276, 40.871129652205511 ] ] ] } },
{ "type": "Feature", "properties": { "group_id": "N2-307", "n_parks": 2, "extent_km": 0.477, "max_walk_m": 141.6, "park_area_acres": 10.59, "hull_area_acres": 21.84, "boroughs": "X", "members": "Mosholu Parkway (3/5); Mosholu Playground" }, "geometry": { "type": "Polygon", "coordinates": [ [ [ -73.881295406460907, 40.867726037581981 ], [ -73.883084369237807, 40.872089728907078 ], [ -73.883119660499162, 40.872827022829327 ], [ -73.882967767439183, 40.872932212572572 ], [ -73.880331300851878, 40.871438868757778 ], [ -73.879960934452043, 40.870131336848878 ], [ -73.879821411562872, 40.869638572619863 ], [ -73.879820508934188, 40.86963458071078 ], [ -73.879618779172958, 40.868639684354541 ], [ -73.879820138987441, 40.868501628573696 ], [ -73.881295406460907, 40.867726037581981 ] ] ] } },
{ "type": "Feature", "properties": { "group_id": "N2-308", "n_parks": 2, "extent_km": 0.658, "max_walk_m": 296.4, "park_area_acres": 35.22, "hull_area_acres": 49.63, "boroughs": "X", "members": "St. Mary's Park; St. Ann's Block Association Garden" }, "geometry": { "type": "Polygon", "coordinates": [ [ [ -73.910755520857805, 40.808927763310017 ], [ -73.912596872069372, 40.809484429350157 ], [ -73.913144781190027, 40.80969359242814 ], [ -73.914980415931595, 40.810482207714116 ], [ -73.911278867121112, 40.817275349868417 ], [ -73.911102732503622, 40.817232647705112 ], [ -73.911050703645785, 40.817190109517895 ], [ -73.910332110954442, 40.81243474697726 ], [ -73.910137335093708, 40.810600871680784 ], [ -73.910486351008529, 40.809627510156069 ], [ -73.910553378054402, 40.809440577316806 ], [ -73.910696526028943, 40.809046304252831 ], [ -73.910755520857805, 40.808927763310017 ] ] ] } },
{ "type": "Feature", "properties": { "group_id": "N2-309", "n_parks": 2, "extent_km": 0.194, "max_walk_m": 153.7, "park_area_acres": 0.42, "hull_area_acres": 2.34, "boroughs": "X", "members": "Schneider Sampson Square; Miele Park" }, "geometry": { "type": "Polygon", "coordinates": [ [ [ -73.826172901198476, 40.834520042304256 ], [ -73.826324542950502, 40.834717282133802 ], [ -73.82604153873848, 40.836894390072878 ], [ -73.825921899350433, 40.836943255949038 ], [ -73.825894267732835, 40.83694912149145 ], [ -73.82566950303567, 40.836239684068573 ], [ -73.825668705497321, 40.836236364536816 ], [ -73.825668669282166, 40.836232991225586 ], [ -73.825721918565549, 40.835007413329365 ], [ -73.82583768834121, 40.834853914100883 ], [ -73.825953895833848, 40.834729130424201 ], [ -73.826065952531351, 40.834620492562387 ], [ -73.826172901198476, 40.834520042304256 ] ] ] } },
{ "type": "Feature", "properties": { "group_id": "N2-310", "n_parks": 2, "extent_km": 0.468, "max_walk_m": 194.4, "park_area_acres": 5.05, "hull_area_acres": 19.5, "boroughs": "X", "members": "University Woods; Cedar Playground" }, "geometry": { "type": "Polygon", "coordinates": [ [ [ -73.917541595379632, 40.854597415488669 ], [ -73.918147015403918, 40.854749507372198 ], [ -73.916440414101984, 40.858136286132343 ], [ -73.916161667526623, 40.858602735339396 ], [ -73.916065365955845, 40.858756821227644 ], [ -73.91600545298428, 40.858850791556463 ], [ -73.915957741000312, 40.858914480935859 ], [ -73.915917689844974, 40.858960147154242 ], [ -73.915871459530777, 40.85901222124695 ], [ -73.915822916782119, 40.859063018538848 ], [ -73.915756855536131, 40.859126377471348 ], [ -73.915719079126362, 40.859160679287228 ], [ -73.915663901789529, 40.859207420356952 ], [ -73.915606645903509, 40.859252694781318 ], [ -73.91554737439705, 40.859296448573907 ], [ -73.915486134772962, 40.859338634040377 ], [ -73.915397915202192, 40.8593935101187 ], [ -73.915351983486261, 40.859419161122808 ], [ -73.915256749145868, 40.859466767688026 ], [ -73.915157386612833, 40.859509253650735 ], [ -73.914032578330151, 40.85995873115489 ], [ -73.913343200658076, 40.859733742052413 ], [ -73.917043184279422, 40.854697212623996 ], [ -73.917076174018121, 40.854652800695064 ], [ -73.917541595379632, 40.854597415488669 ] ] ] } },
{ "type": "Feature", "properties": { "group_id": "N2-311", "n_parks": 2, "extent_km": 0.26, "max_walk_m": 225.1, "park_area_acres": 2.38, "hull_area_acres": 9.4, "boroughs": "X", "members": "Brust Park; MacLaughlin Playground" }, "geometry": { "type": "Polygon", "coordinates": [ [ [ -73.905307927610892, 40.8877143680781 ], [ -73.905653355843768, 40.88779567938127 ], [ -73.905347418319167, 40.889841345522228 ], [ -73.905345057710889, 40.889856674356317 ], [ -73.905333776009201, 40.889878015621441 ], [ -73.905319891788849, 40.889892071622072 ], [ -73.905299290546694, 40.889907573693442 ], [ -73.905276475519898, 40.889923616036853 ], [ -73.905247602049826, 40.889941086075503 ], [ -73.905220198789209, 40.889954374557895 ], [ -73.905198402716422, 40.889963970244622 ], [ -73.905167806216042, 40.889975653227303 ], [ -73.905118583959677, 40.889989619833301 ], [ -73.903829003832769, 40.890350255211715 ], [ -73.902943392632466, 40.890177143892579 ], [ -73.903004989482525, 40.88953690976345 ], [ -73.903006672774936, 40.889524226934569 ], [ -73.903019930949895, 40.88949630140214 ], [ -73.903030754223849, 40.88948220978736 ], [ -73.905307927610892, 40.8877143680781 ] ] ] } },
{ "type": "Feature", "properties": { "group_id": "N2-312", "n_parks": 2, "extent_km": 0.438, "max_walk_m": 385.8, "park_area_acres": 0.88, "hull_area_acres": 5.49, "boroughs": "X", "members": "Flood Triangle; Ciccarone Park" }, "geometry": { "type": "Polygon", "coordinates": [ [ [ -73.886629129945305, 40.855606490008334 ], [ -73.887165959021146, 40.855870257876752 ], [ -73.890956616612598, 40.85816904357651 ], [ -73.890966687754201, 40.85850149818539 ], [ -73.886244237324973, 40.856064056102461 ], [ -73.886629129945305, 40.855606490008334 ] ] ] } },
{ "type": "Feature", "properties": { "group_id": "N2-313", "n_parks": 2, "extent_km": 0.598, "max_walk_m": 138.0, "park_area_acres": 68.0, "hull_area_acres": 124.99, "boroughs": "X", "members": "Woodrow Wilson Triangle; Pugsley Creek Park" }, "geometry": { "type": "Polygon", "coordinates": [ [ [ -73.849689637888517, 40.808028835885587 ], [ -73.858138831614511, 40.813402543114044 ], [ -73.858170264391731, 40.813553652097319 ], [ -73.856016948572645, 40.817756493885945 ], [ -73.85534846302302, 40.817847184682201 ], [ -73.854226540777972, 40.817999381351726 ], [ -73.851707168802477, 40.816248647917568 ], [ -73.848878550441583, 40.811963835322878 ], [ -73.848871125170987, 40.811950758452127 ], [ -73.848866103236148, 40.81193988825185 ], [ -73.847876610644931, 40.809561297540121 ], [ -73.847838802659226, 40.809464353937493 ], [ -73.847815463730271, 40.809402447132634 ], [ -73.847787748676012, 40.809312277780982 ], [ -73.847775608595995, 40.809268954044761 ], [ -73.847754460195034, 40.809193477793805 ], [ -73.847739362277423, 40.809114286865302 ], [ -73.847634010720213, 40.808289261528842 ], [ -73.849689637888517, 40.808028835885587 ] ] ] } },
{ "type": "Feature", "properties": { "group_id": "N2-314", "n_parks": 2, "extent_km": 0.273, "max_walk_m": 209.4, "park_area_acres": 1.76, "hull_area_acres": 4.72, "boroughs": "X", "members": "Zimmerman Playground; Parkside Playground" }, "geometry": { "type": "Polygon", "coordinates": [ [ [ -73.868756448425145, 40.86578579307087 ], [ -73.869020718979073, 40.865789674604216 ], [ -73.869048844114417, 40.8665270161287 ], [ -73.868237849691852, 40.868752246192912 ], [ -73.867765305581173, 40.868754040614711 ], [ -73.867823938738994, 40.868003565769179 ], [ -73.868454731642828, 40.865790370676635 ], [ -73.868756448425145, 40.86578579307087 ] ] ] } },
{ "type": "Feature", "properties": { "group_id": "N2-315", "n_parks": 2, "extent_km": 0.696, "max_walk_m": 424.3, "park_area_acres": 11.02, "hull_area_acres": 30.84, "boroughs": "X", "members": "Evelina Antonetty Playground; Mill Pond Park" }, "geometry": { "type": "Polygon", "coordinates": [ [ [ -73.928160132201967, 40.817185231336623 ], [ -73.92865567153612, 40.817313955291056 ], [ -73.93226652478721, 40.821209766069678 ], [ -73.932527088563276, 40.824521782273642 ], [ -73.931725255093141, 40.824673730945108 ], [ -73.93129436278943, 40.824695615512034 ], [ -73.927963386919572, 40.817604245787223 ], [ -73.928160132201967, 40.817185231336623 ] ] ] } },
{ "type": "Feature", "properties": { "group_id": "N2-316", "n_parks": 2, "extent_km": 0.34, "max_walk_m": 277.1, "park_area_acres": 6.2, "hull_area_acres": 18.23, "boroughs": "X", "members": "Hawkins Park; Ambrosini Field" }, "geometry": { "type": "Polygon", "coordinates": [ [ [ -73.783777878931105, 40.843717372038235 ], [ -73.785142109568937, 40.844010165300141 ], [ -73.786589469855556, 40.846450832795853 ], [ -73.786682477534711, 40.846697894411001 ], [ -73.786449356452238, 40.846751088445728 ], [ -73.781852555803709, 40.84531419275902 ], [ -73.782438451768272, 40.844088983209708 ], [ -73.783236244081436, 40.843838715679155 ], [ -73.783777878931105, 40.843717372038235 ] ] ] } },
{ "type": "Feature", "properties": { "group_id": "N2-317", "n_parks": 2, "extent_km": 0.321, "max_walk_m": 232.0, "park_area_acres": 1.1, "hull_area_acres": 4.45, "boroughs": "X", "members": "Phyllis Post Goodman Park; Park" }, "geometry": { "type": "Polygon", "coordinates": [ [ [ -73.917400656681409, 40.880250521400377 ], [ -73.917476492505543, 40.880300604018217 ], [ -73.917500430547719, 40.880317241424457 ], [ -73.917523612094755, 40.880334486114002 ], [ -73.917546009883537, 40.880352318256989 ], [ -73.917567599028018, 40.880370714423506 ], [ -73.917588354635441, 40.880389656586409 ], [ -73.91760825063335, 40.880409121314955 ], [ -73.91762726925171, 40.88042908698506 ], [ -73.917633797436409, 40.880438295523675 ], [ -73.917639898298191, 40.880447673949071 ], [ -73.917645565922598, 40.88045720784924 ], [ -73.917650794392898, 40.880466884613277 ], [ -73.917655574229883, 40.880476694328991 ], [ -73.917659901889678, 40.880486624387224 ], [ -73.917663770270181, 40.880496661275608 ], [ -73.917667178197192, 40.880506795087967 ], [ -73.917670116194529, 40.880517013210742 ], [ -73.917672585465297, 40.880527302137594 ], [ -73.9176745800915, 40.880537650157947 ], [ -73.917676101272789, 40.880548046466842 ], [ -73.917677143098018, 40.880558473950835 ], [ -73.917677704390513, 40.880568924504701 ], [ -73.917677786356592, 40.880579381920562 ], [ -73.917677391380039, 40.880589837195238 ], [ -73.917676514733742, 40.880600275017038 ], [ -73.917675159993664, 40.880610681881237 ], [ -73.917673329544641, 40.880621047884134 ], [ -73.91767102340313, 40.880631359518446 ], [ -73.917668247517881, 40.880641603281013 ], [ -73.917665001903117, 40.880651767465615 ], [ -73.917661293691751, 40.880661840370792 ], [ -73.917657122899243, 40.880671809389817 ], [ -73.917652500218821, 40.880681661923369 ], [ -73.917647426851275, 40.880691386266022 ], [ -73.917641908744187, 40.880700969815038 ], [ -73.91763595658874, 40.88071040177222 ], [ -73.917629576329205, 40.880719672236332 ], [ -73.917622773914317, 40.880728767704205 ], [ -73.917615557663481, 40.880737676475469 ], [ -73.917607937077051, 40.880746391352893 ], [ -73.915163027413328, 40.883389956232634 ], [ -73.915157726160444, 40.883395577676424 ], [ -73.915152779001403, 40.883399859455984 ], [ -73.915143949495643, 40.883405210860786 ], [ -73.915138298772234, 40.88340761730916 ], [ -73.915129119797086, 40.883409753718261 ], [ -73.915121353598664, 40.883410283796898 ], [ -73.91511358892933, 40.883410545531021 ], [ -73.915107237197219, 40.883410005069742 ], [ -73.915099015810739, 40.883407418227513 ], [ -73.914904349100667, 40.883341217862828 ], [ -73.914904030199395, 40.883341013217233 ], [ -73.915015508510066, 40.882975172654966 ], [ -73.915237841321812, 40.882574480839843 ], [ -73.917093725177097, 40.880519590220267 ], [ -73.917400656681409, 40.880250521400377 ] ] ] } },
{ "type": "Feature", "properties": { "group_id": "N2-318", "n_parks": 2, "extent_km": 0.417, "max_walk_m": 360.2, "park_area_acres": 3.61, "hull_area_acres": 15.59, "boroughs": "X", "members": "Watson Gleason Playground; Justice Sotomayor Houses Playground" }, "geometry": { "type": "Polygon", "coordinates": [ [ [ -73.869099537093149, 40.827413869601862 ], [ -73.869553840807768, 40.829362093296169 ], [ -73.868815579707316, 40.829460501308816 ], [ -73.863958955377313, 40.827891095549852 ], [ -73.863895435408381, 40.827616432298953 ], [ -73.864243471934941, 40.827569990621051 ], [ -73.869099537093149, 40.827413869601862 ] ] ] } },
{ "type": "Feature", "properties": { "group_id": "N2-319", "n_parks": 2, "extent_km": 0.269, "max_walk_m": 268.0, "park_area_acres": 2.01, "hull_area_acres": 5.23, "boroughs": "X", "members": "Lozada Playground; Ranaqua Playground" }, "geometry": { "type": "Polygon", "coordinates": [ [ [ -73.922044278413438, 40.806326532689837 ], [ -73.922188340065475, 40.806387357841089 ], [ -73.922742969217111, 40.806621533610382 ], [ -73.925417641478347, 40.807835773851998 ], [ -73.925431186059981, 40.808047623048942 ], [ -73.925214739243472, 40.808347467648289 ], [ -73.924424345865049, 40.808015524711045 ], [ -73.92160950760659, 40.806776282751201 ], [ -73.921786595585473, 40.806533444915935 ], [ -73.922044278413438, 40.806326532689837 ] ] ] } },
{ "type": "Feature", "properties": { "group_id": "N2-320", "n_parks": 2, "extent_km": 0.052, "max_walk_m": 60.7, "park_area_acres": 0.07, "hull_area_acres": 1.5, "boroughs": "X", "members": "Park; Park" }, "geometry": { "type": "Polygon", "coordinates": [ [ [ -73.89380757357435, 40.843165594156993 ], [ -73.894389288330842, 40.843509755604131 ], [ -73.893480046722374, 40.84391120592143 ], [ -73.893154575204406, 40.843780126259389 ], [ -73.892881799980344, 40.843619305403088 ], [ -73.892892415119178, 40.843608192366581 ], [ -73.893296601701479, 40.84321589422786 ], [ -73.893308630731227, 40.843204411457023 ], [ -73.89380757357435, 40.843165594156993 ] ] ] } },
{ "type": "Feature", "properties": { "group_id": "N2-321", "n_parks": 2, "extent_km": 0.227, "max_walk_m": 239.8, "park_area_acres": 0.44, "hull_area_acres": 8.68, "boroughs": "X", "members": "Park; Van Cortlandt's Tail" }, "geometry": { "type": "Polygon", "coordinates": [ [ [ -73.89830616070094, 40.884363521365913 ], [ -73.898321421207712, 40.88437298812039 ], [ -73.900007489162675, 40.885903672874761 ], [ -73.899740305834854, 40.886261752758394 ], [ -73.899696272517588, 40.886308873875002 ], [ -73.899658215835828, 40.88633390133365 ], [ -73.899614679008522, 40.88635310687151 ], [ -73.899553123743345, 40.886368185993462 ], [ -73.899503008368768, 40.886371921711167 ], [ -73.899467083880737, 40.886370206517178 ], [ -73.899431783064003, 40.886364865596725 ], [ -73.896431605294055, 40.885790045244178 ], [ -73.89650663102536, 40.885548041045475 ], [ -73.898017965866302, 40.884539235698391 ], [ -73.89830616070094, 40.884363521365913 ] ] ] } },
{ "type": "Feature", "properties": { "group_id": "N2-322", "n_parks": 2, "extent_km": 0.196, "max_walk_m": 193.5, "park_area_acres": 2.28, "hull_area_acres": 6.66, "boroughs": "X", "members": "Caserta Playground; Castle Hill Playground" }, "geometry": { "type": "Polygon", "coordinates": [ [ [ -73.854478136964076, 40.8370906930244 ], [ -73.854553865854243, 40.837479088246873 ], [ -73.853744598504377, 40.839664949590393 ], [ -73.853013763770406, 40.839744262727578 ], [ -73.852815151677035, 40.838676500093392 ], [ -73.853506602787803, 40.83719626453501 ], [ -73.854478136964076, 40.8370906930244 ] ] ] } },
{ "type": "Feature", "properties": { "group_id": "N2-323", "n_parks": 2, "extent_km": 0.366, "max_walk_m": 355.0, "park_area_acres": 1.23, "hull_area_acres": 4.38, "boroughs": "X", "members": "Wishing Well Garden; Stebbins Playground" }, "geometry": { "type": "Polygon", "coordinates": [ [ [ -73.898823233746882, 40.819299893986347 ], [ -73.898810599538479, 40.822424853271151 ], [ -73.898791900380516, 40.823101858001181 ], [ -73.898221857525272, 40.823094787151589 ], [ -73.898222323365331, 40.822493378405383 ], [ -73.898443892524071, 40.819297326370325 ], [ -73.898823233746882, 40.819299893986347 ] ] ] } },
{ "type": "Feature", "properties": { "group_id": "N2-324", "n_parks": 2, "extent_km": 0.617, "max_walk_m": 332.2, "park_area_acres": 9.53, "hull_area_acres": 21.9, "boroughs": "X", "members": "Al Quiñones Playground; Bill Rainey Park" }, "geometry": { "type": "Polygon", "coordinates": [ [ [ -73.902127798972046, 40.814606160470049 ], [ -73.902380991377171, 40.815118873499884 ], [ -73.902446338958754, 40.815251202889876 ], [ -73.897146412265485, 40.820032180357089 ], [ -73.897124902097829, 40.820049549762558 ], [ -73.897099758851965, 40.82006382811808 ], [ -73.897071741820881, 40.820074584761201 ], [ -73.897041696668666, 40.820081493564423 ], [ -73.897010530515402, 40.820084347321711 ], [ -73.896979184671977, 40.820083058624505 ], [ -73.896948606179791, 40.820077667040337 ], [ -73.896919716994759, 40.820068336383933 ], [ -73.896893391478883, 40.820055345691976 ], [ -73.896870422023071, 40.8200390900925 ], [ -73.89685150485613, 40.820020059180152 ], [ -73.896837210426185, 40.819998827083701 ], [ -73.896234623748143, 40.818871693540466 ], [ -73.897427416745145, 40.817729559885251 ], [ -73.901427528308304, 40.81480343834955 ], [ -73.902127798972046, 40.814606160470049 ] ] ] } },
{ "type": "Feature", "properties": { "group_id": "N2-325", "n_parks": 2, "extent_km": 0.22, "max_walk_m": 232.4, "park_area_acres": 2.24, "hull_area_acres": 5.46, "boroughs": "X", "members": "Colgate Close; Watson Houses Playground" }, "geometry": { "type": "Polygon", "coordinates": [ [ [ -73.881694307487436, 40.823526879664584 ], [ -73.881984417952395, 40.824759806199701 ], [ -73.881387834602236, 40.82622725244142 ], [ -73.881027461923054, 40.826275211739208 ], [ -73.880794259423197, 40.826121327354564 ], [ -73.880763927160089, 40.825996890647012 ], [ -73.880988305757597, 40.823614907919968 ], [ -73.881694307487436, 40.823526879664584 ] ] ] } },
{ "type": "Feature", "properties": { "group_id": "N2-326", "n_parks": 2, "extent_km": 0.151, "max_walk_m": 51.1, "park_area_acres": 1.11, "hull_area_acres": 3.53, "boroughs": "X", "members": "Morgan Playground; Rev Lena Irons Unity Park" }, "geometry": { "type": "Polygon", "coordinates": [ [ [ -73.90653045219311, 40.830825751278908 ], [ -73.906954370479298, 40.830963246689997 ], [ -73.907852721354246, 40.831830735885411 ], [ -73.907302137814611, 40.832810404115747 ], [ -73.907017991908134, 40.83271828168084 ], [ -73.906360320101669, 40.831125229603266 ], [ -73.906497117845802, 40.830880876882958 ], [ -73.90653045219311, 40.830825751278908 ] ] ] } },
{ "type": "Feature", "properties": { "group_id": "N2-327", "n_parks": 2, "extent_km": 0.366, "max_walk_m": 335.8, "park_area_acres": 1.57, "hull_area_acres": 6.97, "boroughs": "X", "members": "Pontiac Playground; I-Am-Park" }, "geometry": { "type": "Polygon", "coordinates": [ [ [ -73.90999410591958, 40.811000310950881 ], [ -73.910552330371388, 40.811115245522842 ], [ -73.910426609700707, 40.811585621197594 ], [ -73.908469859486615, 40.814610299821553 ], [ -73.908089019281277, 40.814532181263097 ], [ -73.907786451867466, 40.814397454860448 ], [ -73.907957071030154, 40.813918484141233 ], [ -73.90999410591958, 40.811000310950881 ] ] ] } },
{ "type": "Feature", "properties": { "group_id": "N2-328", "n_parks": 2, "extent_km": 0.208, "max_walk_m": 125.2, "park_area_acres": 1.28, "hull_area_acres": 3.15, "boroughs": "X", "members": "Saw Mill Playground; Padre Plaza" }, "geometry": { "type": "Polygon", "coordinates": [ [ [ -73.91707514817962, 40.807620025576895 ], [ -73.917752205472681, 40.807904419746947 ], [ -73.91985539707477, 40.80879683157805 ], [ -73.919501701692894, 40.809284815491822 ], [ -73.918886450456924, 40.809025382057747 ], [ -73.917236999481489, 40.808017141929547 ], [ -73.916990196420443, 40.807751500250092 ], [ -73.91707514817962, 40.807620025576895 ] ] ] } },
{ "type": "Feature", "properties": { "group_id": "N2-329", "n_parks": 2, "extent_km": 0.187, "max_walk_m": 0.0, "park_area_acres": 1.47, "hull_area_acres": 4.32, "boroughs": "X", "members": "River Garden; West Farms Rapids" }, "geometry": { "type": "Polygon", "coordinates": [ [ [ -73.878345651058041, 40.840175653372768 ], [ -73.87861534306424, 40.840218729887006 ], [ -73.878331071487779, 40.840741675933515 ], [ -73.877165631463541, 40.842287730511131 ], [ -73.876998105144793, 40.84224999329242 ], [ -73.876239696259489, 40.841987869555275 ], [ -73.876410922967438, 40.841715002702699 ], [ -73.877841821105434, 40.840394546959466 ], [ -73.878345651058041, 40.840175653372768 ] ] ] } }
]
}
