{
"type": "FeatureCollection",
"name": "groups_D",
"crs": { "type": "name", "properties": { "name": "urn:ogc:def:crs:OGC:1.3:CRS84" } },
"features": [
{ "type": "Feature", "properties": { "group_id": "D-001", "n_parks": 16, "extent_km": 0.609, "max_walk_m": 716.0, "park_area_acres": 14.82, "hull_area_acres": 53.41, "boroughs": "M", "members": "Tompkins Square Park; Dry Dock Playground; 6th St and Ave B Community Garden; Firemen's Memorial Garden; Green Oasis and Gilbert's Garden; 9th St Community Garden Park; 6BC Botanical Garden; The Creative Little Garden; Earth People; La Plaza Cultural; La Casita Garden; Flower Door Garden; De Colores Cmty Yard and Center; Lower East Side Ecology Center; Sam and Sadie Koenig Garden; 11 BC Serenity Garden" }, "geometry": { "type": "Polygon", "coordinates": [ [ [ -73.980642710969406, 40.723669830455869 ], [ -73.982070898612236, 40.72404632149599 ], [ -73.982393093320454, 40.724181569170838 ], [ -73.982711844967312, 40.724549332302686 ], [ -73.983368826688576, 40.726071705471092 ], [ -73.982164493526696, 40.727723617754165 ], [ -73.978417020749845, 40.726938406167207 ], [ -73.97567162289063, 40.725928057788813 ], [ -73.974822712552694, 40.725569678905458 ], [ -73.975241068852469, 40.724993869732742 ], [ -73.977160751456623, 40.723762748125203 ], [ -73.980642710969406, 40.723669830455869 ] ] ] } },
{ "type": "Feature", "properties": { "group_id": "D-002", "n_parks": 15, "extent_km": 0.646, "max_walk_m": 637.9, "park_area_acres": 5.13, "hull_area_acres": 49.85, "boroughs": "B", "members": "La Guardia Playground; La Guardia Playground; Continental Army Plaza; Marcy Park South; Rodney Park South; Rodney Park Center; Rodney Park North; Strawberry Playground; Rodney Playground Center; Blue Playground; Marcy Green South; Marcy Green Center; Marcy Green North; Keap Fourth Community Garden; Hooper Grove" }, "geometry": { "type": "Polygon", "coordinates": [ [ [ -73.957181356713733, 40.707242617096213 ], [ -73.957932033673103, 40.70729441394063 ], [ -73.958341894289987, 40.707324223140034 ], [ -73.960734239878846, 40.710409401171695 ], [ -73.960776931150036, 40.710495785532267 ], [ -73.960563708861599, 40.710842242797106 ], [ -73.954824974121593, 40.711473102900285 ], [ -73.954681900152536, 40.7114202956394 ], [ -73.953505797807466, 40.708070834958718 ], [ -73.953649061988571, 40.707843517237748 ], [ -73.957181356713733, 40.707242617096213 ] ] ] } },
{ "type": "Feature", "properties": { "group_id": "D-003", "n_parks": 14, "extent_km": 0.741, "max_walk_m": 752.9, "park_area_acres": 13.52, "hull_area_acres": 91.17, "boroughs": "M", "members": "Downing Street Playground; Vesuvio Playground; Washington Square Park; William F. Passannante Ballfield; Playground of the Americas; Minetta Green; Minetta Playground; West 4th Street Courts; Minetta Triangle; Charlton Plaza; Father Demo Square; Father Fagan Park; Mercer Playground; Fiorello La Guardia Park" }, "geometry": { "type": "Polygon", "coordinates": [ [ [ -74.002639658501522, 40.724982313931243 ], [ -74.002866495221369, 40.725093554701111 ], [ -74.003603482535851, 40.726277285531523 ], [ -74.003573951215387, 40.727057158684367 ], [ -74.003535727684067, 40.727332771402111 ], [ -74.003525520449699, 40.727396660114564 ], [ -74.003019365429793, 40.730062208932296 ], [ -74.000858297884619, 40.73157470950342 ], [ -73.998594521645657, 40.732114762346562 ], [ -73.997279091918003, 40.731468213458939 ], [ -73.995728721691151, 40.73070320704678 ], [ -73.995766184970975, 40.728138663583266 ], [ -73.99668266149753, 40.727055281598382 ], [ -74.002639658501522, 40.724982313931243 ] ] ] } },
{ "type": "Feature", "properties": { "group_id": "D-004", "n_parks": 13, "extent_km": 0.505, "max_walk_m": 561.4, "park_area_acres": 6.47, "hull_area_acres": 45.05, "boroughs": "M", "members": "Hamilton Fish Park; ABC Playground; Nathan Straus Playground; Gustave Hartman Square; Brisas Del Caribe; Clinton Community Garden (LES); Kenkeleba House Garden; Peachtree Garden; Los Amigos Garden; Hope Garden; Allied Productions/Le Petit Versailles; Children's Magical Garden; Siempre Verde Garden" }, "geometry": { "type": "Polygon", "coordinates": [ [ [ -73.984118468640077, 40.718850534289466 ], [ -73.984374898646735, 40.718928914636038 ], [ -73.986680019105791, 40.720683007483565 ], [ -73.986388732902171, 40.721779609482184 ], [ -73.986257553479632, 40.722035316084771 ], [ -73.981976088571997, 40.722650859421222 ], [ -73.981899832000167, 40.722618705575798 ], [ -73.981343094034514, 40.722383949350956 ], [ -73.979745637408683, 40.720062664557339 ], [ -73.980344597608521, 40.718914670598217 ], [ -73.984118468640077, 40.718850534289466 ] ] ] } },
{ "type": "Feature", "properties": { "group_id": "D-005", "n_parks": 13, "extent_km": 0.484, "max_walk_m": 506.9, "park_area_acres": 4.48, "hull_area_acres": 29.11, "boroughs": "X", "members": "Flynn Playground; Rainbow Garden; Latinos Unidos Garden; Courtlandt Avenue Association Garden; Edith Garden; Vogue Garden; Jardin de la Roca; 811 Family and Friends Garden; Family Group Garden; Yolanda García Park; P.S. 29 Ballfield; Rainbow Garden of Life and Health; Centro Cultural Rincon Criollo" }, "geometry": { "type": "Polygon", "coordinates": [ [ [ -73.911970804555864, 40.820369117619656 ], [ -73.914018440413713, 40.820481505695057 ], [ -73.914164078989117, 40.820518750681714 ], [ -73.916651896090215, 40.821438898536151 ], [ -73.916914885596384, 40.823085567510354 ], [ -73.916878021902363, 40.82315669365007 ], [ -73.915044454181995, 40.823487263143193 ], [ -73.914067726605595, 40.823472985145081 ], [ -73.912991861000023, 40.823143220814188 ], [ -73.912653083521718, 40.823039377910334 ], [ -73.912218363535132, 40.822761643617866 ], [ -73.911478785253649, 40.821227160036891 ], [ -73.911970804555864, 40.820369117619656 ] ] ] } },
{ "type": "Feature", "properties": { "group_id": "D-006", "n_parks": 12, "extent_km": 0.533, "max_walk_m": 588.7, "park_area_acres": 2.38, "hull_area_acres": 24.99, "boroughs": "X", "members": "Goble Playground; Park; Park; Park; Park; Featherbenches; Inwood Park; Townsend Walk; Jennie Jerome Playground; Walton Walk; Jerome Playground South; Walton Slope" }, "geometry": { "type": "Polygon", "coordinates": [ [ [ -73.916901466458341, 40.843499342162708 ], [ -73.917344440538628, 40.843690066997063 ], [ -73.918308292991753, 40.844710388137727 ], [ -73.91820044273797, 40.845381689454427 ], [ -73.918200426013783, 40.845381789397251 ], [ -73.918200416457637, 40.845381846121526 ], [ -73.918200048553061, 40.845384023252208 ], [ -73.918198124232106, 40.845395401414947 ], [ -73.913292213900448, 40.846101801673385 ], [ -73.911597311183087, 40.845479222902533 ], [ -73.911260694136189, 40.845338036403483 ], [ -73.911612086533964, 40.844876662204996 ], [ -73.916901466458341, 40.843499342162708 ] ] ] } },
{ "type": "Feature", "properties": { "group_id": "D-007", "n_parks": 11, "extent_km": 0.589, "max_walk_m": 629.2, "park_area_acres": 4.2, "hull_area_acres": 51.95, "boroughs": "B", "members": "Harold Ickes Playground; Dimattina Playground; Dimattina Playground; Park; Mother Cabrini Park; Human Compass Garden; The Amazing Garden; The Backyard; Summit Street Community Garden; South Brooklyn Children's Garden; Pirate's Cove Garden" }, "geometry": { "type": "Polygon", "coordinates": [ [ [ -74.003350972939757, 40.678107317346551 ], [ -74.003572608526497, 40.678165553257564 ], [ -74.003887406671979, 40.67832662529139 ], [ -74.006099578333632, 40.68189294695533 ], [ -74.006542054728143, 40.682653895779964 ], [ -74.005270748672515, 40.684576841066814 ], [ -74.003038264126999, 40.685356631535385 ], [ -74.002709578169501, 40.685264826063516 ], [ -74.002284547452248, 40.684862260600902 ], [ -74.00178411679866, 40.680625296865806 ], [ -74.002335092803278, 40.678892689254106 ], [ -74.002361062513529, 40.678837378225111 ], [ -74.002441400746548, 40.678666272493878 ], [ -74.002452106960376, 40.678643471239312 ], [ -74.003350972939757, 40.678107317346551 ] ] ] } },
{ "type": "Feature", "properties": { "group_id": "D-008", "n_parks": 10, "extent_km": 0.916, "max_walk_m": 575.0, "park_area_acres": 28.91, "hull_area_acres": 261.38, "boroughs": "B", "members": "Van Voorhees Playground; Pierrepont Playground; Adam Yauch Park; Brooklyn Heights Promenade; Brooklyn Heights Promenade; Brooklyn Heights Promenade; Brooklyn Heights Promenade; Brooklyn Heights Promenade; Brooklyn Heights Promenade; Brooklyn Bridge Park" }, "geometry": { "type": "Polygon", "coordinates": [ [ [ -73.999159555478315, 40.68937476982294 ], [ -74.000289898912442, 40.689684190690883 ], [ -74.004003933657685, 40.693225185509171 ], [ -74.002955887718187, 40.694829963376414 ], [ -74.002767308386922, 40.695118707545191 ], [ -74.001420280899197, 40.697142730319136 ], [ -74.001182662514935, 40.697499393547055 ], [ -73.996205858887649, 40.703373457239188 ], [ -73.994340981018084, 40.704427122454319 ], [ -73.993863918092629, 40.704551811659243 ], [ -73.990402939000703, 40.705245539923681 ], [ -73.990179142884372, 40.705279453220072 ], [ -73.989963825157886, 40.705312080890387 ], [ -73.989453581217717, 40.705388122186775 ], [ -73.987397233494505, 40.704964477796146 ], [ -73.987423873338074, 40.704499792438654 ], [ -73.998539483268118, 40.689796903534983 ], [ -73.999159555478315, 40.68937476982294 ] ] ] } },
{ "type": "Feature", "properties": { "group_id": "D-009", "n_parks": 10, "extent_km": 0.396, "max_walk_m": 454.9, "park_area_acres": 3.04, "hull_area_acres": 27.49, "boroughs": "B", "members": "Sutter Ballfields; Clara's Garden; Concerned Residents of Barbey Street; East End Community Garden; Escape To Nature; Herbal Garden of East NY; Jerry and The Senior Gents; Jordan Magic Garden; Oriental Garden; Jerome-Glenmore Cornerstone Community Garden" }, "geometry": { "type": "Polygon", "coordinates": [ [ [ -73.887782618188481, 40.670568676061656 ], [ -73.889920667996748, 40.671536180405035 ], [ -73.890993265575716, 40.673491417442548 ], [ -73.891010487485886, 40.673558773425334 ], [ -73.890862119554015, 40.673864751393573 ], [ -73.889972044999681, 40.674318620830114 ], [ -73.889284744531068, 40.674475225748843 ], [ -73.889099253507069, 40.674503188215986 ], [ -73.889007224283034, 40.67451706016557 ], [ -73.887114915537509, 40.674429469267253 ], [ -73.887027712424967, 40.674086794175878 ], [ -73.886975463132146, 40.673881470294432 ], [ -73.886952992630384, 40.673793166154731 ], [ -73.887088242735175, 40.670670353827035 ], [ -73.887782618188481, 40.670568676061656 ] ] ] } },
{ "type": "Feature", "properties": { "group_id": "D-010", "n_parks": 10, "extent_km": 0.703, "max_walk_m": 752.3, "park_area_acres": 3.16, "hull_area_acres": 57.93, "boroughs": "M", "members": "Abingdon Square; Christopher Park; Jackson Square; McCarthy Square; Corporal John A. Seravalli Playground; Bleecker Playground; Jefferson Market Garden; Sheridan Square Viewing Garden; Jane Street Garden; NYC AIDS Memorial Park at St. Vincent’s Triangle" }, "geometry": { "type": "Polygon", "coordinates": [ [ [ -74.002104772290025, 40.732903783264028 ], [ -74.00575651497239, 40.736212139166319 ], [ -74.005244886049567, 40.73932265168564 ], [ -74.004302088764845, 40.739330252323498 ], [ -74.002795912468912, 40.739148941062311 ], [ -74.000861922381702, 40.737231129489963 ], [ -73.99946499396863, 40.734698707358383 ], [ -73.999254264155184, 40.734315359958082 ], [ -73.999339940002216, 40.734197717219629 ], [ -74.00192654219056, 40.732966207806463 ], [ -74.002104772290025, 40.732903783264028 ] ] ] } },
{ "type": "Feature", "properties": { "group_id": "D-011", "n_parks": 10, "extent_km": 0.682, "max_walk_m": 705.1, "park_area_acres": 7.7, "hull_area_acres": 62.0, "boroughs": "X", "members": "Crotona Parkway Malls (1/3); Crotona Parkway Malls (3/3); Mapes Pool; Vidalia Park; Mapes Park; Garden Of Happiness; Daly Ave Garden; Mohegan Triangle; Volky Garden & Flowers; Garden of Youth" }, "geometry": { "type": "Polygon", "coordinates": [ [ [ -73.88537442745212, 40.843107854228428 ], [ -73.885404038463733, 40.843112274174011 ], [ -73.886871568521499, 40.846704896579411 ], [ -73.885364366620323, 40.849281142078368 ], [ -73.885198430496501, 40.849438057181864 ], [ -73.882790312412638, 40.848807419482768 ], [ -73.88277693189147, 40.84880159500738 ], [ -73.880614624896879, 40.843867998169301 ], [ -73.880951935861532, 40.843493547892201 ], [ -73.881198861632086, 40.843219431998143 ], [ -73.88537442745212, 40.843107854228428 ] ] ] } },
{ "type": "Feature", "properties": { "group_id": "D-012", "n_parks": 9, "extent_km": 0.567, "max_walk_m": 718.9, "park_area_acres": 11.94, "hull_area_acres": 50.95, "boroughs": "B", "members": "Betsy Head Park; Amboy Neighborhood Center; Fantasy Garden; Jes Good Rewards Childeren's Garden; Hoparkinson R&L Block Association Garden; Isabahlia Community Garden; Brownsville Community Farm; Saratoga Blake Garden; MHBA Living Laboratory" }, "geometry": { "type": "Polygon", "coordinates": [ [ [ -73.914441233861069, 40.66183447151306 ], [ -73.917019829742699, 40.664162242675523 ], [ -73.91708866175108, 40.664428762325393 ], [ -73.916928307540744, 40.664930323425125 ], [ -73.916417534152941, 40.665847555270709 ], [ -73.913859693929041, 40.666966983124411 ], [ -73.913495274521281, 40.667018823447052 ], [ -73.911642248959268, 40.665244276926067 ], [ -73.910822903734967, 40.664330752435042 ], [ -73.910779480375993, 40.664161022731925 ], [ -73.911798086585648, 40.661866045564892 ], [ -73.912075593561752, 40.66182471267313 ], [ -73.914441233861069, 40.66183447151306 ] ] ] } },
{ "type": "Feature", "properties": { "group_id": "D-013", "n_parks": 9, "extent_km": 0.497, "max_walk_m": 329.7, "park_area_acres": 4.17, "hull_area_acres": 12.68, "boroughs": "B", "members": "Fort Stirling Park; Brooklyn Heights Promenade; Brooklyn Heights Promenade; Brooklyn Heights Promenade; Brooklyn Heights Promenade; Fruit Street Sitting Area; Squibb Park; Hillside Dog Park; Harry Chapin Playground" }, "geometry": { "type": "Polygon", "coordinates": [ [ [ -73.997662852457793, 40.696517533683107 ], [ -73.997729547272343, 40.6965414859487 ], [ -73.996325291938021, 40.699763445765583 ], [ -73.996244989642904, 40.699931900172061 ], [ -73.995641423305742, 40.701195435943582 ], [ -73.994559399389331, 40.70184885715814 ], [ -73.993493973796191, 40.701537973076974 ], [ -73.997662852457793, 40.696517533683107 ] ] ] } },
{ "type": "Feature", "properties": { "group_id": "D-014", "n_parks": 9, "extent_km": 0.832, "max_walk_m": 693.7, "park_area_acres": 9.55, "hull_area_acres": 91.02, "boroughs": "M", "members": "Johnny Hartman Square; Alexander Hamilton Playground; Montefiore Square; Riverside Park (1/4); Riverside Park (4/4); Broadway Malls (1/5); Broadway Malls (3/5); Broadway Malls (5/5); Frank White Memorial Garden" }, "geometry": { "type": "Polygon", "coordinates": [ [ [ -73.955000894151652, 40.820176176631065 ], [ -73.958416629404809, 40.820880113585972 ], [ -73.958271139742365, 40.821596837067929 ], [ -73.95790088298358, 40.822115968144814 ], [ -73.95782170025349, 40.822201966296319 ], [ -73.953553315606356, 40.826243941828047 ], [ -73.949143120978903, 40.828291489946764 ], [ -73.949070855607673, 40.828261019971507 ], [ -73.948550961328522, 40.824191591699638 ], [ -73.948550974843698, 40.82419097666704 ], [ -73.948551125859126, 40.824190373402232 ], [ -73.948551409620592, 40.824189798112066 ], [ -73.948630237868315, 40.824068697660678 ], [ -73.948631619226873, 40.824066720787236 ], [ -73.948633418881059, 40.824064949413163 ], [ -73.948635587004148, 40.82406343394404 ], [ -73.954974675180438, 40.820179876440932 ], [ -73.954986814567278, 40.820176107200353 ], [ -73.955000894151652, 40.820176176631065 ] ] ] } },
{ "type": "Feature", "properties": { "group_id": "D-015", "n_parks": 9, "extent_km": 0.839, "max_walk_m": 570.4, "park_area_acres": 4.3, "hull_area_acres": 50.48, "boroughs": "X", "members": "Featherbed Triangle; University Malls; Park; Park; Plimpton Playground; Bridge Playground; Park; Sedgwick Playground; Half-Nelson Playground" }, "geometry": { "type": "Polygon", "coordinates": [ [ [ -73.922658168242904, 40.843190249694636 ], [ -73.924130488532725, 40.844008735584588 ], [ -73.924738176262721, 40.844355755919736 ], [ -73.923839338583093, 40.846104832396854 ], [ -73.916446060007473, 40.849835729232176 ], [ -73.916439764172381, 40.84983854861526 ], [ -73.916433061152645, 40.84984076347277 ], [ -73.916426054160709, 40.849842341461802 ], [ -73.916418845213229, 40.849843258342844 ], [ -73.91641154342733, 40.849843501588076 ], [ -73.916404255537088, 40.849843067672829 ], [ -73.916397093008882, 40.84984196208088 ], [ -73.916390161365968, 40.849840201097557 ], [ -73.916383563745143, 40.849837812712941 ], [ -73.91637739853175, 40.849834831217059 ], [ -73.91637175816912, 40.849831300801171 ], [ -73.916366726788127, 40.84982727465534 ], [ -73.916362379024491, 40.849822812266282 ], [ -73.916358780015671, 40.849817982118616 ], [ -73.916355983038954, 40.849812853589029 ], [ -73.916354030686307, 40.849807505951695 ], [ -73.916352951322395, 40.849802015769093 ], [ -73.916352761444031, 40.849796466798971 ], [ -73.916353463317463, 40.849790942788758 ], [ -73.916355047353534, 40.849785524775697 ], [ -73.916357489733599, 40.849780292886415 ], [ -73.919684636087609, 40.844390250597634 ], [ -73.919693301005211, 40.844377164363756 ], [ -73.922658168242904, 40.843190249694636 ] ] ] } },
{ "type": "Feature", "properties": { "group_id": "D-016", "n_parks": 8, "extent_km": 0.823, "max_walk_m": 711.7, "park_area_acres": 24.56, "hull_area_acres": 108.32, "boroughs": "B", "members": "McLaughlin Park; Cadman Plaza Park; Korean War Veterans Plaza; Columbus Park; Walt Whitman Park; Anchorage Plaza; Clumber Corner; Park" }, "geometry": { "type": "Polygon", "coordinates": [ [ [ -73.989243479792805, 40.692434573107832 ], [ -73.989452354461349, 40.692440401650174 ], [ -73.989653863324961, 40.692446024734991 ], [ -73.990644142261729, 40.692591989897089 ], [ -73.990655385874305, 40.692595061559715 ], [ -73.990659964197633, 40.692596611714151 ], [ -73.99066588167193, 40.692598890491944 ], [ -73.990671379132095, 40.692601306113396 ], [ -73.990676974737156, 40.692604090952827 ], [ -73.990685486345228, 40.692609048065286 ], [ -73.990692917766481, 40.692614225715381 ], [ -73.990699512711615, 40.692619659043089 ], [ -73.990703309917222, 40.692623244291866 ], [ -73.990707497420743, 40.692627696765996 ], [ -73.990714160553679, 40.692636244072133 ], [ -73.990718739234183, 40.692643757420875 ], [ -73.990722442370185, 40.692651713751218 ], [ -73.990725344419459, 40.692660662382153 ], [ -73.992829012101197, 40.702350223186038 ], [ -73.992829910925565, 40.702354426831143 ], [ -73.992830680619491, 40.702360074889242 ], [ -73.992830934562619, 40.702364328922854 ], [ -73.992830860742558, 40.702368588339148 ], [ -73.992830528972775, 40.702372840535276 ], [ -73.992829874175683, 40.702377070198487 ], [ -73.992828573172602, 40.702382661395248 ], [ -73.992826763376613, 40.702388170613744 ], [ -73.992824453073524, 40.702393569938579 ], [ -73.99282241389065, 40.702397537466481 ], [ -73.992820076536731, 40.702401405919431 ], [ -73.992817506089708, 40.702405188809166 ], [ -73.992814650489763, 40.702408851912992 ], [ -73.992810478992112, 40.702413559528246 ], [ -73.992807085038066, 40.702416946141142 ], [ -73.992803437882699, 40.702420178750536 ], [ -73.992799597870032, 40.702423278072033 ], [ -73.99279552832347, 40.702426202679725 ], [ -73.992791286036649, 40.702428979592511 ], [ -73.992786837883031, 40.702431563782767 ], [ -73.992782235922292, 40.702433990373592 ], [ -73.992777458861624, 40.702436206233436 ], [ -73.992772550476872, 40.702438254589708 ], [ -73.992753563164641, 40.702444887466399 ], [ -73.992734294285981, 40.702451032244724 ], [ -73.992714768689709, 40.702456687125185 ], [ -73.992695004126162, 40.702461843103613 ], [ -73.992675025444711, 40.702466495678905 ], [ -73.992654855128634, 40.702470636747819 ], [ -73.992634513293936, 40.702474264510506 ], [ -73.992614024790058, 40.702477374465865 ], [ -73.992593409733502, 40.702479961212077 ], [ -73.992572692973098, 40.7024820256512 ], [ -73.992551032022433, 40.702483613654735 ], [ -73.992530179314457, 40.702484519118727 ], [ -73.991927691802431, 40.702362797684252 ], [ -73.99191343981434, 40.702359801581551 ], [ -73.991899328679921, 40.702356438078183 ], [ -73.991885378514439, 40.702352710777625 ], [ -73.9918716035165, 40.702348624183593 ], [ -73.991858019068232, 40.702344182799671 ], [ -73.988759299333481, 40.7012719219289 ], [ -73.985149104406275, 40.698319653811161 ], [ -73.985140607160488, 40.696725268523146 ], [ -73.985167941750149, 40.696240962917166 ], [ -73.989243479792805, 40.692434573107832 ] ] ] } },
{ "type": "Feature", "properties": { "group_id": "D-017", "n_parks": 8, "extent_km": 0.568, "max_walk_m": 567.5, "park_area_acres": 6.03, "hull_area_acres": 53.32, "boroughs": "B", "members": "Marcy Playground; Stockton Playground; Willoughby Playground; All People's Church of the Apostolic Faith Community Garden; American Heart; Hart to Hart; Red Gate Garden; Vernon Tandt Block Association" }, "geometry": { "type": "Polygon", "coordinates": [ [ [ -73.947510783210205, 40.692940797242777 ], [ -73.949351340428422, 40.69363993380103 ], [ -73.952369703832417, 40.695114196875593 ], [ -73.952450430102061, 40.695525464715168 ], [ -73.949132595874701, 40.697554581442994 ], [ -73.948444677615015, 40.697632395711032 ], [ -73.943854407040106, 40.695142787009708 ], [ -73.943813509054081, 40.694935837304335 ], [ -73.943799795946163, 40.694866445192623 ], [ -73.946618961189003, 40.693043220223345 ], [ -73.947182851218457, 40.692978459752034 ], [ -73.947412730332957, 40.692952058421419 ], [ -73.947510783210205, 40.692940797242777 ] ] ] } },
{ "type": "Feature", "properties": { "group_id": "D-018", "n_parks": 8, "extent_km": 0.471, "max_walk_m": 452.8, "park_area_acres": 8.01, "hull_area_acres": 29.72, "boroughs": "B", "members": "Bar and Grill Park; Park; Park; Susan Smith McKinney Steward Park; Bridge Park 3; Maritcha R. Lyons Park; Trinity Park; Vinegar Hill Community Garden" }, "geometry": { "type": "Polygon", "coordinates": [ [ [ -73.983326058513711, 40.698474383206239 ], [ -73.984981577603833, 40.698537394852963 ], [ -73.988555095970057, 40.701050846830917 ], [ -73.988530401652184, 40.701437114470956 ], [ -73.988524731671717, 40.701525799921953 ], [ -73.982724291328239, 40.70159468324259 ], [ -73.98253901693532, 40.701588275158116 ], [ -73.982547234925335, 40.701437772945368 ], [ -73.983147207899265, 40.698618110433131 ], [ -73.983326058513711, 40.698474383206239 ] ] ] } },
{ "type": "Feature", "properties": { "group_id": "D-019", "n_parks": 8, "extent_km": 0.648, "max_walk_m": 688.9, "park_area_acres": 4.26, "hull_area_acres": 31.13, "boroughs": "B", "members": "Jackie Robinson Park Playground; Woods Playground; A Better Community Garden; Seasons of Vision; Garden of Plenty; F.A.R.R. Community Garden; Kingsborough Houses Bergen Playground; Kingsborough Houses Pacific Playground" }, "geometry": { "type": "Polygon", "coordinates": [ [ [ -73.928865417862909, 40.674148236789534 ], [ -73.929449236700719, 40.674180891451243 ], [ -73.92941667955931, 40.674532297558962 ], [ -73.929383618910407, 40.674887514314044 ], [ -73.928432159520113, 40.680433837929165 ], [ -73.927393948041342, 40.68055383303372 ], [ -73.927256294046927, 40.68056974193118 ], [ -73.927000364956115, 40.680599319341191 ], [ -73.926955191497882, 40.680367795384406 ], [ -73.926600231082773, 40.678301505044892 ], [ -73.926648061242858, 40.676305589179549 ], [ -73.92667829589486, 40.675987140392934 ], [ -73.926807747771051, 40.674922225868563 ], [ -73.928865417862909, 40.674148236789534 ] ] ] } },
{ "type": "Feature", "properties": { "group_id": "D-020", "n_parks": 8, "extent_km": 0.658, "max_walk_m": 617.6, "park_area_acres": 10.59, "hull_area_acres": 93.56, "boroughs": "M", "members": "Allen Street Malls (2/3); Allen Street Malls (3/3); Schiff Mall; Sara D. Roosevelt Park; Peretz Square; First Park; Liz Christy Garden; First Street Garden" }, "geometry": { "type": "Polygon", "coordinates": [ [ [ -73.994351957989764, 40.71574525105968 ], [ -73.994773721224078, 40.715872760714227 ], [ -73.993922548721756, 40.720276375598857 ], [ -73.993921541085811, 40.720280894303279 ], [ -73.992298747901543, 40.724371435170703 ], [ -73.989570435917756, 40.724158833462141 ], [ -73.989497200333048, 40.724127980762105 ], [ -73.987396913119966, 40.722738332779791 ], [ -73.988301744367817, 40.718580528482399 ], [ -73.988304012699516, 40.718576788895263 ], [ -73.988304707642357, 40.718575643517283 ], [ -73.988309240097493, 40.718571907762048 ], [ -73.991568073433385, 40.716802013756684 ], [ -73.994351957989764, 40.71574525105968 ] ] ] } },
{ "type": "Feature", "properties": { "group_id": "D-021", "n_parks": 8, "extent_km": 0.717, "max_walk_m": 722.4, "park_area_acres": 16.41, "hull_area_acres": 85.43, "boroughs": "M", "members": "City Hall Park; Columbus Park; Thomas Paine Park; Playground One; Collect Pond Park; Kimlau Square; St. James Triangle; James Madison Plaza" }, "geometry": { "type": "Polygon", "coordinates": [ [ [ -74.000529139470615, 40.711198701849611 ], [ -74.007579419629437, 40.711772347243183 ], [ -74.00761987821636, 40.711779432492058 ], [ -74.007680823245693, 40.711798053704818 ], [ -74.007735310098653, 40.711824703372351 ], [ -74.007771639494308, 40.711849829676638 ], [ -74.007806421853246, 40.711882291634424 ], [ -74.007828454637774, 40.711910196964659 ], [ -74.007849559631907, 40.711948145749624 ], [ -74.007861796320228, 40.711988564336764 ], [ -74.007864684774489, 40.712006103386059 ], [ -74.007865949380587, 40.712022088264739 ], [ -74.007864903154925, 40.712051555747173 ], [ -74.007859893405069, 40.712079225180382 ], [ -74.007852894853883, 40.71210153130734 ], [ -74.007733648932827, 40.71226644629543 ], [ -74.00626408775797, 40.71399832008079 ], [ -74.001899752598419, 40.716725763861298 ], [ -74.000082144593762, 40.716101236993552 ], [ -73.999449671947374, 40.715881838103094 ], [ -73.997086878003799, 40.712448817296767 ], [ -73.99700430992884, 40.712150732646734 ], [ -74.000529139470615, 40.711198701849611 ] ] ] } },
{ "type": "Feature", "properties": { "group_id": "D-022", "n_parks": 8, "extent_km": 0.727, "max_walk_m": 695.9, "park_area_acres": 1.05, "hull_area_acres": 49.26, "boroughs": "M", "members": "A Philip Randolph Square; Adam Clayton Powell Jr. Malls (3/9); Adam Clayton Powell Jr. Malls (5/9); New 123rd St Block Association Garden; Joseph Daniel Wilson Garden; P.S. 76 Garden; Our Little Green Acre Garden; TRUCE Garden" }, "geometry": { "type": "Polygon", "coordinates": [ [ [ -73.952452637298251, 40.803307501264236 ], [ -73.952457979199977, 40.803307947413323 ], [ -73.952463137626765, 40.803309761344288 ], [ -73.952467944107198, 40.803313214938193 ], [ -73.952470714059203, 40.803317518663633 ], [ -73.953273992531933, 40.804597952822775 ], [ -73.952156199656244, 40.808138407061378 ], [ -73.952106885752343, 40.808206290447472 ], [ -73.952014394479193, 40.808333607633429 ], [ -73.947903176753812, 40.809576560839346 ], [ -73.947895106065886, 40.809577709829412 ], [ -73.947888351381494, 40.809576744144096 ], [ -73.947882051128758, 40.809573609364342 ], [ -73.947877275340446, 40.809568524794884 ], [ -73.947875826471048, 40.809564748351931 ], [ -73.947291679581525, 40.80674436928777 ], [ -73.947473409766445, 40.806496610766359 ], [ -73.952442307628147, 40.803310203002134 ], [ -73.952447044479968, 40.80330827338625 ], [ -73.952452637298251, 40.803307501264236 ] ] ] } },
{ "type": "Feature", "properties": { "group_id": "D-023", "n_parks": 8, "extent_km": 0.286, "max_walk_m": 335.6, "park_area_acres": 0.87, "hull_area_acres": 6.39, "boroughs": "M", "members": "Joseph C. Sauer Park; Children's Garden; Dias Y Flores; El Sol Brilliante Jr; Community Garden Association; Vamos Sembrar; Yu Suen Garden; Campos Garden" }, "geometry": { "type": "Polygon", "coordinates": [ [ [ -73.977583038898558, 40.727093166771098 ], [ -73.977740647504007, 40.727159252375209 ], [ -73.979615904212423, 40.727947301705704 ], [ -73.979805975916506, 40.728027574130245 ], [ -73.979866055964422, 40.728052947480556 ], [ -73.980104146772092, 40.728153500050993 ], [ -73.980109908240209, 40.728993201992367 ], [ -73.979923619059647, 40.729250584557107 ], [ -73.979842479577144, 40.729216306929352 ], [ -73.979766455624699, 40.729184189562908 ], [ -73.978200774610187, 40.728510172933028 ], [ -73.977402058081879, 40.727342516519919 ], [ -73.977583038898558, 40.727093166771098 ] ] ] } },
{ "type": "Feature", "properties": { "group_id": "D-024", "n_parks": 8, "extent_km": 0.736, "max_walk_m": 704.5, "park_area_acres": 3.64, "hull_area_acres": 65.33, "boroughs": "X", "members": "Aqueduct Walk (1/5); Bergen Triangle; Devanney Triangle; Grand Playground; Mount Hope Garden; Walton Park; Mabel Hampton Playground; Davidson Playground" }, "geometry": { "type": "Polygon", "coordinates": [ [ [ -73.905326021328705, 40.852331861291994 ], [ -73.905644724858064, 40.852503380634332 ], [ -73.910396805425165, 40.855366129734641 ], [ -73.909939917055837, 40.856228979854279 ], [ -73.909840137591914, 40.856384112379196 ], [ -73.909836946475053, 40.856389060785695 ], [ -73.909833747060617, 40.856394005583653 ], [ -73.909830536975406, 40.856398947671693 ], [ -73.909827317409039, 40.856403884349326 ], [ -73.909824088357837, 40.856408818317924 ], [ -73.909820848637082, 40.856413748676118 ], [ -73.909817600618695, 40.856418675425807 ], [ -73.909814341930741, 40.856423598565101 ], [ -73.909811073760466, 40.856428517194416 ], [ -73.909807794920553, 40.856433432213322 ], [ -73.909804507783022, 40.856438343623687 ], [ -73.909801209974759, 40.856443252324134 ], [ -73.909797902685256, 40.856448155614125 ], [ -73.909794585910959, 40.856453056195122 ], [ -73.909791258467081, 40.856457953165702 ], [ -73.909787921540811, 40.856462845626375 ], [ -73.90978457631816, 40.856467733577915 ], [ -73.909781219238681, 40.856472618818664 ], [ -73.909777853861598, 40.856477500450829 ], [ -73.909774479002166, 40.856482377573052 ], [ -73.909771093474319, 40.856487250184358 ], [ -73.909767699647645, 40.856492120087587 ], [ -73.909764293965296, 40.856496986379469 ], [ -73.909760881173852, 40.85650184726277 ], [ -73.909757457711564, 40.856506705436139 ], [ -73.909754023580845, 40.856511559098578 ], [ -73.909750581151329, 40.856516410052976 ], [ -73.9097471292406, 40.856521255596896 ], [ -73.909743666660248, 40.85652609753037 ], [ -73.909740194596296, 40.856530935854387 ], [ -73.909736713049952, 40.856535769668419 ], [ -73.909733223205961, 40.856540599873853 ], [ -73.909729722693555, 40.856545425568427 ], [ -73.909726212696299, 40.856550248553937 ], [ -73.909722692031878, 40.856555066128074 ], [ -73.909719163068615, 40.856559880994126 ], [ -73.909715625810122, 40.856564690450639 ], [ -73.909712076696039, 40.856569496295783 ], [ -73.90970851928428, 40.856574298532387 ], [ -73.909704951204134, 40.856579096258038 ], [ -73.909701374826298, 40.85658389037512 ], [ -73.909697788966142, 40.856588679982231 ], [ -73.909694192437485, 40.856593465078397 ], [ -73.909690587611237, 40.85659824656598 ], [ -73.909686972115281, 40.856603024443189 ], [ -73.90968334832418, 40.856607796910779 ], [ -73.909679715049407, 40.856612565768899 ], [ -73.909676071106233, 40.856617330116066 ], [ -73.909672418862925, 40.856622092655641 ], [ -73.909668757140878, 40.856626847983726 ], [ -73.909665084747942, 40.856631600601915 ], [ -73.909661404058639, 40.856636348710985 ], [ -73.909657713885636, 40.856641093210598 ], [ -73.909654014230171, 40.856645833200155 ], [ -73.909650305093521, 40.856650567779205 ], [ -73.909646585285955, 40.856655299648331 ], [ -73.909642858369253, 40.856660026108862 ], [ -73.909639119596804, 40.856664748957954 ], [ -73.909635374899963, 40.856669467299852 ], [ -73.909631618347433, 40.856674182030368 ], [ -73.909605282161635, 40.856707169800529 ], [ -73.909318098711537, 40.857031183353484 ], [ -73.908488794231118, 40.85792145842597 ], [ -73.901130207655441, 40.855103783050922 ], [ -73.901296938215864, 40.854541157356365 ], [ -73.903959590192628, 40.852359625008688 ], [ -73.903963652019925, 40.852357143933077 ], [ -73.903970040823026, 40.852355355471573 ], [ -73.905326021328705, 40.852331861291994 ] ] ] } },
{ "type": "Feature", "properties": { "group_id": "D-025", "n_parks": 8, "extent_km": 0.683, "max_walk_m": 680.0, "park_area_acres": 3.96, "hull_area_acres": 51.74, "boroughs": "X", "members": "Monsignor Raul Del Valle Square; Benjamin Gladstone Square; Lyons Square Playground; Bryant Triangle; Hoe Garden; Field Of Dreams Court; Printers Park; Longfellow Playground" }, "geometry": { "type": "Polygon", "coordinates": [ [ [ -73.890805153784228, 40.820519452698633 ], [ -73.890822693536137, 40.820521637703671 ], [ -73.89083952803378, 40.820525969723441 ], [ -73.890855203472213, 40.820532334866051 ], [ -73.890869299333659, 40.820540559838633 ], [ -73.890881435478548, 40.8205504245608 ], [ -73.891091092877787, 40.820751650591731 ], [ -73.891096987988803, 40.820764509851344 ], [ -73.892460565274931, 40.826482294696845 ], [ -73.892458424747801, 40.826688142472385 ], [ -73.888717523480139, 40.826676677816934 ], [ -73.888342708587004, 40.826673853555029 ], [ -73.887430558542505, 40.82587678326076 ], [ -73.887389101878796, 40.82532765894689 ], [ -73.887679654033676, 40.822611652554073 ], [ -73.890356521805813, 40.820785079675574 ], [ -73.890723327753975, 40.82054074487278 ], [ -73.890737386658984, 40.820532484430224 ], [ -73.890753034453567, 40.820526079614375 ], [ -73.890769850049423, 40.820521704722125 ], [ -73.89078737926485, 40.820519475486904 ], [ -73.890805153784228, 40.820519452698633 ] ] ] } },
{ "type": "Feature", "properties": { "group_id": "D-026", "n_parks": 8, "extent_km": 0.533, "max_walk_m": 694.4, "park_area_acres": 3.16, "hull_area_acres": 50.64, "boroughs": "X", "members": "Mount Eden Malls; Barry Plaza; Morris Mesa; Peace Park; Park; Cleopatra Playground; Garden Of Eden; Garden Of Life" }, "geometry": { "type": "Polygon", "coordinates": [ [ [ -73.907972843797097, 40.84273697390234 ], [ -73.907980117013352, 40.842737127385831 ], [ -73.909811044954807, 40.842800521144135 ], [ -73.911567510492219, 40.842886384327343 ], [ -73.911594215699765, 40.842889401639717 ], [ -73.911619826585223, 40.842895890409352 ], [ -73.91164356673923, 40.842905655535716 ], [ -73.912928908277209, 40.843565205935505 ], [ -73.9129341497311, 40.84356856512931 ], [ -73.912938042167156, 40.843571627042479 ], [ -73.91294095693523, 40.843575142066079 ], [ -73.912943094114553, 40.843579351683474 ], [ -73.912944703409892, 40.843584632489225 ], [ -73.912944978817706, 40.843589833044838 ], [ -73.912944276844243, 40.843594361094979 ], [ -73.912942381105182, 40.843598655016365 ], [ -73.912938757480347, 40.843603114224813 ], [ -73.912934088778655, 40.843606981920843 ], [ -73.910318497371804, 40.845440631179166 ], [ -73.904662700437001, 40.84578954601524 ], [ -73.904319459711772, 40.845771903918944 ], [ -73.903976880802972, 40.845754293769765 ], [ -73.903253970662647, 40.845123232109678 ], [ -73.903261332541149, 40.845110698919072 ], [ -73.904862486637953, 40.842857194872074 ], [ -73.90486972022839, 40.84285189513146 ], [ -73.904876755884501, 40.842849850510483 ], [ -73.904882293693518, 40.842849628152905 ], [ -73.907965570159803, 40.842737124784854 ], [ -73.907972843797097, 40.84273697390234 ] ] ] } },
{ "type": "Feature", "properties": { "group_id": "D-027", "n_parks": 7, "extent_km": 0.628, "max_walk_m": 618.1, "park_area_acres": 3.25, "hull_area_acres": 49.6, "boroughs": "B", "members": "Eastern Parkway Extension (1/6); Eastern Parkway Extension (4/6); Ocean Hill Playground; Hilltop Playground; Sh'ma Yisrael; Park; Park" }, "geometry": { "type": "Polygon", "coordinates": [ [ [ -73.914311077513062, 40.671560330630214 ], [ -73.914834362936389, 40.67158345090666 ], [ -73.914835823331728, 40.671583651001676 ], [ -73.914837217259517, 40.671584035653218 ], [ -73.91483850688671, 40.671584594027067 ], [ -73.914839653204538, 40.671585309885032 ], [ -73.914840625487741, 40.671586163393087 ], [ -73.914841394200835, 40.671587129314879 ], [ -73.914841936907749, 40.671588179717929 ], [ -73.916163076270294, 40.675432639179654 ], [ -73.916146540727254, 40.675611581120897 ], [ -73.916141472137141, 40.675666424207435 ], [ -73.916136507871201, 40.675720130018718 ], [ -73.908105711984717, 40.676026519936805 ], [ -73.908097783581283, 40.67602576887802 ], [ -73.908091964058841, 40.676021611953544 ], [ -73.908090023673267, 40.676016044318615 ], [ -73.908132799683287, 40.675549545819244 ], [ -73.908136778023447, 40.675534484274905 ], [ -73.908141399646283, 40.675519531305774 ], [ -73.908146657438564, 40.67550469861289 ], [ -73.90815255018866, 40.675490006907005 ], [ -73.908159069600472, 40.675475467888127 ], [ -73.908166208552288, 40.675461099560756 ], [ -73.908173959927154, 40.675446916327367 ], [ -73.90818522696793, 40.675431552621809 ], [ -73.908359057274751, 40.675259931414949 ], [ -73.908538906696791, 40.675118727833116 ], [ -73.908718511107082, 40.674980554008201 ], [ -73.910040405300833, 40.673968316318849 ], [ -73.910740845248171, 40.67343345407123 ], [ -73.910937755634862, 40.673283243153243 ], [ -73.911028694502122, 40.673213871094603 ], [ -73.911396317280875, 40.672995387151623 ], [ -73.914311077513062, 40.671560330630214 ] ] ] } },
{ "type": "Feature", "properties": { "group_id": "D-028", "n_parks": 7, "extent_km": 0.565, "max_walk_m": 570.1, "park_area_acres": 7.46, "hull_area_acres": 58.09, "boroughs": "B", "members": "Eastern Parkway Extension (3/6); Eastern Parkway Extension (5/6); Rudd Playground; Callahan-Kelly Playground; Thomas Boyland Park; Hull Street Garden; Granite St Block Association" }, "geometry": { "type": "Polygon", "coordinates": [ [ [ -73.908072526534482, 40.676351630763349 ], [ -73.908078563005617, 40.676353731085179 ], [ -73.908081892938029, 40.676357763551167 ], [ -73.908371465969594, 40.681837052464928 ], [ -73.90810057122637, 40.682115100848826 ], [ -73.907775045832096, 40.682449217678318 ], [ -73.907667646211081, 40.682559449985689 ], [ -73.905768183011688, 40.684053120803952 ], [ -73.905300484503755, 40.683772759707495 ], [ -73.904813226746057, 40.683318349788919 ], [ -73.904103297770646, 40.681422177057136 ], [ -73.90365221968662, 40.67837839037481 ], [ -73.904341588044332, 40.678023147747375 ], [ -73.908065409665852, 40.676352469760182 ], [ -73.908072526534482, 40.676351630763349 ] ] ] } },
{ "type": "Feature", "properties": { "group_id": "D-029", "n_parks": 7, "extent_km": 0.679, "max_walk_m": 689.8, "park_area_acres": 6.08, "hull_area_acres": 25.36, "boroughs": "B", "members": "Greenwood Playground; Thomas J. Cuite Park; Park; Seeley Park; Sitting Area; Captain John McKenna, IV Park; E 4th Street Garden" }, "geometry": { "type": "Polygon", "coordinates": [ [ [ -73.977275887204527, 40.648221047088533 ], [ -73.978953310090859, 40.654296146029814 ], [ -73.978955370865137, 40.654304149302419 ], [ -73.978956710977826, 40.654310231640146 ], [ -73.978957382120825, 40.654315451160031 ], [ -73.978957893548412, 40.654320957915722 ], [ -73.978958218067206, 40.65432674559846 ], [ -73.97895793138396, 40.654335957836004 ], [ -73.978957376945559, 40.654343105138828 ], [ -73.978956056013146, 40.654351184336583 ], [ -73.978955378541727, 40.654354780877924 ], [ -73.978954619759094, 40.654357505703807 ], [ -73.978952969700373, 40.654363157047221 ], [ -73.978950984937086, 40.654369071280335 ], [ -73.978948754394949, 40.654374471273137 ], [ -73.978945058075738, 40.654382322205166 ], [ -73.97894155852461, 40.654388623383127 ], [ -73.978937496053049, 40.654395220727992 ], [ -73.978934078578874, 40.654399963125648 ], [ -73.978928614839063, 40.654406918619401 ], [ -73.978923183310528, 40.654412964596496 ], [ -73.978785226890096, 40.65455089755082 ], [ -73.978575977321981, 40.654748226892444 ], [ -73.978428784065684, 40.654884823127041 ], [ -73.978370960327368, 40.654852047855677 ], [ -73.978315640720567, 40.654816500335187 ], [ -73.978269052341517, 40.654783914437466 ], [ -73.978218858259126, 40.654745823877732 ], [ -73.978182130152817, 40.654716765335671 ], [ -73.978147683139852, 40.654687138088384 ], [ -73.978127334094353, 40.654668235969268 ], [ -73.97809732706061, 40.654638695100111 ], [ -73.978065041638288, 40.654605277062537 ], [ -73.97681065454637, 40.65318903171417 ], [ -73.976043836880223, 40.651637393095669 ], [ -73.975924456683913, 40.651004368358727 ], [ -73.975685021355005, 40.649662413605412 ], [ -73.976930433848636, 40.648258363305679 ], [ -73.977275887204527, 40.648221047088533 ] ] ] } },
{ "type": "Feature", "properties": { "group_id": "D-030", "n_parks": 7, "extent_km": 0.505, "max_walk_m": 447.2, "park_area_acres": 8.59, "hull_area_acres": 49.25, "boroughs": "M", "members": "Ahearn Park; Corlears Hook Park; Luther Gulick Park; Vladeck Park; Sidney Hillman Playground; Henry M. Jackson Playground; Sol Lain Plgd" }, "geometry": { "type": "Polygon", "coordinates": [ [ [ -73.980439221371412, 40.711075446997931 ], [ -73.982008102586391, 40.711490281849301 ], [ -73.984280593033148, 40.713971506905338 ], [ -73.984333507850167, 40.71444592282478 ], [ -73.982499670925321, 40.716299007003727 ], [ -73.981017389373477, 40.715851736355596 ], [ -73.979439419481977, 40.715375560983681 ], [ -73.977985738604104, 40.712313045935652 ], [ -73.977993599273645, 40.712301409238677 ], [ -73.978023239857365, 40.712257531214824 ], [ -73.978043669366073, 40.712232745855161 ], [ -73.978147809189309, 40.712106403309186 ], [ -73.978287920152738, 40.711969124450931 ], [ -73.978446805887202, 40.711830976341467 ], [ -73.978542022746851, 40.711755271982888 ], [ -73.978704706504246, 40.711638499645368 ], [ -73.978785252747784, 40.711589916653494 ], [ -73.978852692336574, 40.711549241284494 ], [ -73.978966530291956, 40.711485883292468 ], [ -73.979194417695624, 40.711377130396535 ], [ -73.9792901620945, 40.711339356825512 ], [ -73.979403954517437, 40.711294463364901 ], [ -73.97949816414102, 40.711263235158896 ], [ -73.979573627642523, 40.71123822157795 ], [ -73.979793174362541, 40.71117799003779 ], [ -73.97997171728413, 40.711139005708489 ], [ -73.980148287378597, 40.711107522917501 ], [ -73.980304139290766, 40.711088042823334 ], [ -73.980439221371412, 40.711075446997931 ] ] ] } },
{ "type": "Feature", "properties": { "group_id": "D-031", "n_parks": 7, "extent_km": 0.689, "max_walk_m": 586.1, "park_area_acres": 19.88, "hull_area_acres": 111.81, "boroughs": "M", "members": "Jackie Robinson Park; Harlem River Park (7/15); Bushman Steps; Holcombe Rucker Park; Wright Brothers Playground; Bradhurst Ave Garden; Bradhurst Gardens Association" }, "geometry": { "type": "Polygon", "coordinates": [ [ [ -73.942921060928825, 40.823438760906896 ], [ -73.943645148549322, 40.82374379533762 ], [ -73.942237784489308, 40.831725611507842 ], [ -73.942062037180122, 40.831965182803295 ], [ -73.93829900199114, 40.833411677735334 ], [ -73.937971286567191, 40.833223531517405 ], [ -73.935536469842162, 40.830358250186862 ], [ -73.935499138939534, 40.830311347745862 ], [ -73.935468242156958, 40.830261818547079 ], [ -73.935444096712587, 40.830210171552885 ], [ -73.935426948672273, 40.830156933694781 ], [ -73.935416975318489, 40.830102652576102 ], [ -73.935190603266093, 40.828539565947729 ], [ -73.935230285064776, 40.828485315394296 ], [ -73.942921060928825, 40.823438760906896 ] ] ] } },
{ "type": "Feature", "properties": { "group_id": "D-032", "n_parks": 7, "extent_km": 0.385, "max_walk_m": 463.4, "park_area_acres": 1.49, "hull_area_acres": 14.38, "boroughs": "M", "members": "Carmansville Playground; Donnellan Square; Convent Garden; Sugar Hill Garden; Edgecombe Park; Harris Garden; Sugar Hill Hope Garden" }, "geometry": { "type": "Polygon", "coordinates": [ [ [ -73.942151604680873, 40.826166641804726 ], [ -73.942469647441129, 40.82630203732694 ], [ -73.94464071044186, 40.82902182224182 ], [ -73.944277586038496, 40.829525656235191 ], [ -73.941941961152892, 40.829887513392968 ], [ -73.941874035339737, 40.826546261894244 ], [ -73.942099673053093, 40.826237666639614 ], [ -73.942151604680873, 40.826166641804726 ] ] ] } },
{ "type": "Feature", "properties": { "group_id": "D-033", "n_parks": 7, "extent_km": 0.702, "max_walk_m": 571.9, "park_area_acres": 8.55, "hull_area_acres": 52.45, "boroughs": "M", "members": "Dante Park; Richard Tucker Park; Broadway Malls (2/11); Broadway Malls (5/11); Samuel N. Bennerson 2nd Playground; Damrosch Park; Lincoln Center Plaza" }, "geometry": { "type": "Polygon", "coordinates": [ [ [ -73.982084233896515, 40.76852780999517 ], [ -73.98209305430747, 40.768528075213858 ], [ -73.982098466939505, 40.768528941438923 ], [ -73.982104772326807, 40.76853095504385 ], [ -73.982109275014849, 40.768532933248878 ], [ -73.982113920767475, 40.768535850701149 ], [ -73.982117931531604, 40.768539259729636 ], [ -73.986010670841424, 40.772325875033566 ], [ -73.987381503200993, 40.77368199171687 ], [ -73.987020836395914, 40.774174112459747 ], [ -73.982158649068154, 40.776235841076002 ], [ -73.982151535255895, 40.776237560834602 ], [ -73.982144502405788, 40.776237745248579 ], [ -73.982138890152385, 40.776236827667248 ], [ -73.982132701210318, 40.776235174285695 ], [ -73.982126187955586, 40.776232553713811 ], [ -73.982124637585756, 40.776231681786868 ], [ -73.982120258886766, 40.776229219133697 ], [ -73.982120020835069, 40.776229043498759 ], [ -73.982116155165542, 40.776226172096912 ], [ -73.982112392774866, 40.776222478552135 ], [ -73.982108460185543, 40.776217373893402 ], [ -73.982108234050799, 40.776216933512565 ], [ -73.982106279349281, 40.776213117779939 ], [ -73.982105718384801, 40.776211174408424 ], [ -73.982104410651942, 40.776206641976209 ], [ -73.981783159603395, 40.773596154121691 ], [ -73.982042619977577, 40.768646427748301 ], [ -73.982048825973962, 40.768555820049677 ], [ -73.982049929057169, 40.768550036287266 ], [ -73.982053310056159, 40.768543331664596 ], [ -73.982058256587763, 40.76853769978527 ], [ -73.982063907406143, 40.768533742051552 ], [ -73.982074977107217, 40.768529426760239 ], [ -73.982084233896515, 40.76852780999517 ] ] ] } },
{ "type": "Feature", "properties": { "group_id": "D-034", "n_parks": 7, "extent_km": 0.631, "max_walk_m": 697.2, "park_area_acres": 5.87, "hull_area_acres": 40.68, "boroughs": "M", "members": "Brigadier General Charles Young Triangle; Adam Clayton Powell Jr. Malls (4/9); Adam Clayton Powell Jr. Malls (8/9); Bill Bojangles Robinson Playground; Percy E. Sutton Playground; Frederick Johnson Playground; Robert L. Clinkscales Playground and Community Garden" }, "geometry": { "type": "Polygon", "coordinates": [ [ [ -73.939150160726612, 40.821511359157007 ], [ -73.939170586393473, 40.821519970645745 ], [ -73.940466435548757, 40.822695452522467 ], [ -73.940452539844784, 40.822714512450986 ], [ -73.940288789981921, 40.822939116844196 ], [ -73.936229575397178, 40.827250878104714 ], [ -73.936224653881993, 40.827255202263473 ], [ -73.936214648024219, 40.827261809967752 ], [ -73.935990532339829, 40.827368489944959 ], [ -73.935472474068249, 40.827590027458221 ], [ -73.935465285584726, 40.827592159410706 ], [ -73.935036006199766, 40.827691211501822 ], [ -73.935016020288089, 40.827631501001264 ], [ -73.934859916056496, 40.827104071116402 ], [ -73.934858519953224, 40.827097619178446 ], [ -73.934773528134457, 40.826531870868727 ], [ -73.934664602504412, 40.825205197247513 ], [ -73.934623727217883, 40.824634501096106 ], [ -73.934630602676464, 40.824017935479525 ], [ -73.939150160726612, 40.821511359157007 ] ] ] } },
{ "type": "Feature", "properties": { "group_id": "D-035", "n_parks": 7, "extent_km": 0.724, "max_walk_m": 713.2, "park_area_acres": 3.13, "hull_area_acres": 49.56, "boroughs": "M", "members": "Sherman Square; Broadway Malls (10/11); Broadway Malls (4/11); Verdi Square; Tecumseh Playground; Matthew P. Sapolin Playground; Septuagesimo UNO" }, "geometry": { "type": "Polygon", "coordinates": [ [ [ -73.982129450727243, 40.776345596999533 ], [ -73.982136028534825, 40.77634607528578 ], [ -73.982141323273041, 40.776347211640122 ], [ -73.982148421730869, 40.776349787276629 ], [ -73.983660152262445, 40.776961173560707 ], [ -73.984455921574394, 40.777296418219251 ], [ -73.984466380903669, 40.778497437517984 ], [ -73.984275294304112, 40.778760197044967 ], [ -73.9804308917398, 40.783300586337681 ], [ -73.980363693032601, 40.783278508359082 ], [ -73.977965065358703, 40.7817831325154 ], [ -73.97819849309721, 40.781463695993153 ], [ -73.982096281271751, 40.776359620778898 ], [ -73.982099275565218, 40.776356362325615 ], [ -73.982103269643176, 40.776353086017465 ], [ -73.982107906802355, 40.776350337503452 ], [ -73.982114244955497, 40.77634778646339 ], [ -73.982120384994502, 40.776346315094713 ], [ -73.982129450727243, 40.776345596999533 ] ] ] } },
{ "type": "Feature", "properties": { "group_id": "D-036", "n_parks": 7, "extent_km": 0.395, "max_walk_m": 445.0, "park_area_acres": 8.76, "hull_area_acres": 30.57, "boroughs": "M", "members": "Louis Cuvillier Park; Triboro Plaza; Crack Is Wack Playground; Harlem River Park; Harlem River Park; Wagner Houses Pool; Detective Omar Edwards Park" }, "geometry": { "type": "Polygon", "coordinates": [ [ [ -73.930001605879298, 40.800229864111067 ], [ -73.931169967335777, 40.800446366047055 ], [ -73.931783925196356, 40.800711434596721 ], [ -73.935300400627014, 40.802688250303206 ], [ -73.935122244746665, 40.802931575768298 ], [ -73.9319261246103, 40.80491104723226 ], [ -73.931254456470796, 40.804507499855781 ], [ -73.931125117222962, 40.804354200980384 ], [ -73.930638748366334, 40.803604595248324 ], [ -73.930004173131124, 40.800282312556924 ], [ -73.930001299900354, 40.800242497031626 ], [ -73.930001605879298, 40.800229864111067 ] ] ] } },
{ "type": "Feature", "properties": { "group_id": "D-037", "n_parks": 7, "extent_km": 0.554, "max_walk_m": 402.4, "park_area_acres": 18.37, "hull_area_acres": 40.64, "boroughs": "X", "members": "Walter Gladwin Park; Park; Park; Park; Admiral Farragut Playground; Prospect Playground; Fairmount Playground" }, "geometry": { "type": "Polygon", "coordinates": [ [ [ -73.889207222697337, 40.842460033981958 ], [ -73.891515023293366, 40.842488612954149 ], [ -73.89380757357435, 40.843165594156993 ], [ -73.897208432982708, 40.844263456863686 ], [ -73.896093442444837, 40.846507890372393 ], [ -73.893893643000794, 40.846320166630768 ], [ -73.893812098629638, 40.846312153749061 ], [ -73.893730557660248, 40.846302023753971 ], [ -73.893654599034804, 40.84628925229908 ], [ -73.893493124007335, 40.846258625236487 ], [ -73.893412692205345, 40.846240899482282 ], [ -73.893318433497683, 40.846218926767364 ], [ -73.893153209309503, 40.846171275543782 ], [ -73.889058090763584, 40.842633495893573 ], [ -73.889207222697337, 40.842460033981958 ] ] ] } },
{ "type": "Feature", "properties": { "group_id": "D-038", "n_parks": 7, "extent_km": 0.66, "max_walk_m": 619.3, "park_area_acres": 60.72, "hull_area_acres": 126.07, "boroughs": "X", "members": "Macombs Dam Park; Rev. T. Wendell Foster Park and Recreation Center; Jerome Slope; Taqwa Community Farm; Sweetgum Community Garden; La Isla Garden; Woodycrest Community Garden" }, "geometry": { "type": "Polygon", "coordinates": [ [ [ -73.927232232047572, 40.825846975780472 ], [ -73.928025526616281, 40.826112240075766 ], [ -73.928162085309154, 40.826163061852682 ], [ -73.929549744531329, 40.826687673202088 ], [ -73.93052788220804, 40.827067551722415 ], [ -73.930568492683051, 40.827084976454493 ], [ -73.932012732180795, 40.82837733101848 ], [ -73.932125498551201, 40.828529157910182 ], [ -73.932211022500184, 40.828644933559474 ], [ -73.932262408093976, 40.828719570683369 ], [ -73.932293293438846, 40.828769136768699 ], [ -73.932331152460023, 40.828829894689932 ], [ -73.932351433172002, 40.828865820137935 ], [ -73.932403453331531, 40.828957971299076 ], [ -73.932451303036814, 40.829054761144661 ], [ -73.932505459393354, 40.829175340338786 ], [ -73.932561090365411, 40.829322010412561 ], [ -73.932587502037975, 40.829392668796153 ], [ -73.932625398028577, 40.829521731890402 ], [ -73.932656955526156, 40.829642250072339 ], [ -73.932678498978362, 40.829740538179792 ], [ -73.932695672530713, 40.829833079473417 ], [ -73.932714176496461, 40.829973484650935 ], [ -73.932720890732696, 40.830036214349747 ], [ -73.932726654201545, 40.830136450010237 ], [ -73.932728245058527, 40.830258522039152 ], [ -73.93272701844954, 40.830364810347319 ], [ -73.932721804324885, 40.830441158472247 ], [ -73.932701730972866, 40.830635573522983 ], [ -73.932693334816591, 40.830700189939513 ], [ -73.932684868896729, 40.830742344369078 ], [ -73.932668304022073, 40.830824825435066 ], [ -73.932639812071727, 40.830949909148487 ], [ -73.932601310972444, 40.831118932953203 ], [ -73.9325752548596, 40.83119743547023 ], [ -73.932546883773526, 40.831275473772102 ], [ -73.930639486260119, 40.833256782354887 ], [ -73.923978479858732, 40.834808373731732 ], [ -73.923313982636628, 40.834587651275733 ], [ -73.922401364238382, 40.834105176368162 ], [ -73.923662116514407, 40.831932535262155 ], [ -73.925897913929333, 40.828094837218025 ], [ -73.927232232047572, 40.825846975780472 ] ] ] } },
{ "type": "Feature", "properties": { "group_id": "D-039", "n_parks": 6, "extent_km": 0.429, "max_walk_m": 471.6, "park_area_acres": 7.03, "hull_area_acres": 36.15, "boroughs": "B", "members": "Orient Grove; Cooper Park; Memorial Gore; St Nicholas-olive St Garden; St Nicholas-powers St Garden; Red Shed Garden" }, "geometry": { "type": "Polygon", "coordinates": [ [ [ -73.939742981230836, 40.712581199933311 ], [ -73.942476195988064, 40.71479997689525 ], [ -73.942483195640648, 40.714821279267845 ], [ -73.942471021748986, 40.714841187975495 ], [ -73.94041220701115, 40.716261698267182 ], [ -73.936368135619816, 40.716657368751676 ], [ -73.9357602233205, 40.715284284013428 ], [ -73.939576622973419, 40.712622613677695 ], [ -73.939663194634704, 40.712601061233052 ], [ -73.939742981230836, 40.712581199933311 ] ] ] } },
{ "type": "Feature", "properties": { "group_id": "D-040", "n_parks": 6, "extent_km": 0.516, "max_walk_m": 417.3, "park_area_acres": 1.52, "hull_area_acres": 33.18, "boroughs": "B", "members": "Eastern Parkway Extension (2/6); Eastern Parkway Extension (6/6); Zion Triangle; Marcus Garvey Tenant's Assoc. Garden; Brownsville Green; Prospect Plaza Park" }, "geometry": { "type": "Polygon", "coordinates": [ [ [ -73.922429682133497, 40.668232576055296 ], [ -73.92246136705468, 40.668287129060353 ], [ -73.92251590684846, 40.668383421958204 ], [ -73.922516346566709, 40.668384637950922 ], [ -73.922516509497569, 40.668385893379906 ], [ -73.922516392135876, 40.66838715132166 ], [ -73.92247353348526, 40.668529912758395 ], [ -73.922472384652991, 40.668532352382421 ], [ -73.922470714477782, 40.668534611551841 ], [ -73.922468571522842, 40.668536626362851 ], [ -73.918690085260607, 40.671611275779689 ], [ -73.915164636854996, 40.671462521531254 ], [ -73.915162818200983, 40.671462241930854 ], [ -73.91516108736306, 40.671461730062099 ], [ -73.915159496359834, 40.67146100217267 ], [ -73.91515809010798, 40.671460079007588 ], [ -73.915156911150717, 40.671458987613633 ], [ -73.915155992563768, 40.671457759533297 ], [ -73.91515536150483, 40.671456429906776 ], [ -73.915155035664085, 40.67145503836975 ], [ -73.915155025634334, 40.671453625453196 ], [ -73.915155331365213, 40.671452230779863 ], [ -73.91598050092, 40.669273724095142 ], [ -73.918385687242491, 40.668663876433136 ], [ -73.919092831636476, 40.668554362592907 ], [ -73.922429682133497, 40.668232576055296 ] ] ] } },
{ "type": "Feature", "properties": { "group_id": "D-041", "n_parks": 6, "extent_km": 1.171, "max_walk_m": 320.0, "park_area_acres": 21.01, "hull_area_acres": 89.24, "boroughs": "B", "members": "Leif Ericson Park; Shore Park and Parkway (1/10); John Allen Payne Playground; 64th Street Community Garden; Park; Park" }, "geometry": { "type": "Polygon", "coordinates": [ [ [ -74.010736895341424, 40.629780470202597 ], [ -74.024906833461458, 40.637804246343684 ], [ -74.026132885557175, 40.639054245400729 ], [ -74.02598229731521, 40.639194298886856 ], [ -74.025613262887461, 40.639537513282214 ], [ -74.024377822628722, 40.640310333826285 ], [ -74.023891782174715, 40.640370980398316 ], [ -74.02144806523205, 40.639799113279807 ], [ -74.021444637517092, 40.639797047228953 ], [ -74.010217907148174, 40.630129759675917 ], [ -74.010736895341424, 40.629780470202597 ] ] ] } },
{ "type": "Feature", "properties": { "group_id": "D-042", "n_parks": 6, "extent_km": 0.421, "max_walk_m": 426.0, "park_area_acres": 2.73, "hull_area_acres": 13.87, "boroughs": "B", "members": "Martin Luther King Jr. Playground; Ps 149 Artsy Bloom Community Garden; Big Red Garden; Causa Festival Garden; First Temple Of David; Ps 53" }, "geometry": { "type": "Polygon", "coordinates": [ [ [ -73.890946429315576, 40.665979938184741 ], [ -73.892257840743653, 40.669645128159651 ], [ -73.892274119013663, 40.669708912553787 ], [ -73.891902591228671, 40.66976400343696 ], [ -73.889419181040054, 40.668788470614771 ], [ -73.889404565025899, 40.668731803284572 ], [ -73.889311782573188, 40.668349922154263 ], [ -73.889897002370915, 40.667065290165532 ], [ -73.890596987849065, 40.666029839005766 ], [ -73.890946429315576, 40.665979938184741 ] ] ] } },
{ "type": "Feature", "properties": { "group_id": "D-043", "n_parks": 6, "extent_km": 0.486, "max_walk_m": 492.3, "park_area_acres": 3.57, "hull_area_acres": 18.52, "boroughs": "B", "members": "Sperandeo Brothers Playground; PS 4K PARADISE GARDEN; Floral Vineyard; Gregory's Garden; Cleveland Street Vegetable Garden; Ashford Street Abundant Garden" }, "geometry": { "type": "Polygon", "coordinates": [ [ [ -73.886088477862742, 40.672532428745974 ], [ -73.886105258277965, 40.672597629203594 ], [ -73.886124195909829, 40.672671212894933 ], [ -73.885098927540284, 40.677436237471596 ], [ -73.884536230459659, 40.677820893935362 ], [ -73.883739494414257, 40.678048737888787 ], [ -73.883638159206782, 40.677652802212329 ], [ -73.883882892606181, 40.674134192967799 ], [ -73.884325169086566, 40.673705065440053 ], [ -73.885730250139801, 40.672585548840509 ], [ -73.886088477862742, 40.672532428745974 ] ] ] } },
{ "type": "Feature", "properties": { "group_id": "D-044", "n_parks": 6, "extent_km": 0.331, "max_walk_m": 427.4, "park_area_acres": 0.31, "hull_area_acres": 12.28, "boroughs": "B", "members": "Dan Ross Playground; Park; Park; Park; Park; Tom McDonald Triangle" }, "geometry": { "type": "Polygon", "coordinates": [ [ [ -74.022698965151463, 40.619546636716763 ], [ -74.023567859449699, 40.620063288592966 ], [ -74.023570681017176, 40.620065019715369 ], [ -74.022605785013738, 40.622004763317626 ], [ -74.021646087778052, 40.622903066586737 ], [ -74.021355317637472, 40.623096524789581 ], [ -74.021264589496369, 40.623045817105897 ], [ -74.020137412584134, 40.622343540454786 ], [ -74.022698965151463, 40.619546636716763 ] ] ] } },
{ "type": "Feature", "properties": { "group_id": "D-045", "n_parks": 6, "extent_km": 0.427, "max_walk_m": 298.8, "park_area_acres": 3.93, "hull_area_acres": 17.29, "boroughs": "B", "members": "Purple Playground; Park; Park; Detective Joseph Mayrose Park; Butterfly Gardens; Slope Park Playground" }, "geometry": { "type": "Polygon", "coordinates": [ [ [ -73.986267272702918, 40.659863692896586 ], [ -73.989582034389443, 40.660957738815512 ], [ -73.989890115177658, 40.66114434429479 ], [ -73.990692392067402, 40.663801936271732 ], [ -73.990656512713514, 40.663835971070284 ], [ -73.989553160837062, 40.663433509352515 ], [ -73.988497795546934, 40.662796018821034 ], [ -73.987574737162504, 40.661897746110498 ], [ -73.986040569288221, 40.66008162392054 ], [ -73.986267272702918, 40.659863692896586 ] ] ] } },
{ "type": "Feature", "properties": { "group_id": "D-046", "n_parks": 6, "extent_km": 0.513, "max_walk_m": 537.7, "park_area_acres": 5.35, "hull_area_acres": 29.73, "boroughs": "B", "members": "Newport Playground; Floyd Patterson Ballfields; Nehemiah Park; Gethsemane Garden; United Community Centers Youth Farm; Abib Newborn Garden" }, "geometry": { "type": "Polygon", "coordinates": [ [ [ -73.909644865485845, 40.65887649254455 ], [ -73.909713468220687, 40.659145952303696 ], [ -73.905820577446818, 40.662917741830405 ], [ -73.905301410153896, 40.662991825259674 ], [ -73.903900480161894, 40.661607596625885 ], [ -73.903553157970222, 40.660252751965515 ], [ -73.905713372043209, 40.659436019791471 ], [ -73.9060669089355, 40.659383429777286 ], [ -73.909644865485845, 40.65887649254455 ] ] ] } },
{ "type": "Feature", "properties": { "group_id": "D-047", "n_parks": 6, "extent_km": 0.58, "max_walk_m": 754.5, "park_area_acres": 2.73, "hull_area_acres": 47.12, "boroughs": "M", "members": "Adam Clayton Powell Jr. Malls (2/9); Adam Clayton Powell Jr. Malls (7/9); Fred Samuel Playground; Renaissance Playground; Abyssinian Tot Lot; Elizabeth Langley Memorial Garden" }, "geometry": { "type": "Polygon", "coordinates": [ [ [ -73.943276083759415, 40.815859082098108 ], [ -73.943307321904527, 40.815872261132476 ], [ -73.942188433459194, 40.821350049143788 ], [ -73.941837430480845, 40.821829347242719 ], [ -73.939170586393473, 40.821519970645745 ], [ -73.939150160726612, 40.821511359157007 ], [ -73.939149009433237, 40.82150941832586 ], [ -73.939148549593355, 40.821504138473706 ], [ -73.938810876874683, 40.817297866416617 ], [ -73.939175170589621, 40.816808457197951 ], [ -73.941053527189084, 40.815970632447332 ], [ -73.943276083759415, 40.815859082098108 ] ] ] } },
{ "type": "Feature", "properties": { "group_id": "D-048", "n_parks": 6, "extent_km": 0.373, "max_walk_m": 416.1, "park_area_acres": 0.94, "hull_area_acres": 13.31, "boroughs": "M", "members": "Adam Clayton Powell Jr. Malls (9/9); 132 St Block Association Park; Parks Council Success Garden; Margrichante Garden; Harlem Grown 134th Street Green House; Harlem Valley Garden" }, "geometry": { "type": "Polygon", "coordinates": [ [ [ -73.943118078126219, 40.812140263178584 ], [ -73.94550446270047, 40.81283115733595 ], [ -73.945509771045579, 40.812832932924458 ], [ -73.945514287484428, 40.812836373158319 ], [ -73.945517169541361, 40.812841211992719 ], [ -73.945517220898978, 40.812846523151123 ], [ -73.945515503818044, 40.812850490832147 ], [ -73.945060809791244, 40.813474692591434 ], [ -73.943621395565387, 40.81544507364638 ], [ -73.943621045506745, 40.815445550738708 ], [ -73.943378177709008, 40.815775888042438 ], [ -73.943307321904527, 40.815872261132476 ], [ -73.943276083759415, 40.815859082098108 ], [ -73.942554892644964, 40.81385056625394 ], [ -73.942939111259889, 40.812386393294794 ], [ -73.943118078126219, 40.812140263178584 ] ] ] } },
{ "type": "Feature", "properties": { "group_id": "D-049", "n_parks": 6, "extent_km": 0.351, "max_walk_m": 460.7, "park_area_acres": 1.88, "hull_area_acres": 15.52, "boroughs": "M", "members": "Courtney Callender Playground; Moore Playground; Unity Gardens; Collyer Brothers Park; Harlem Rose Garden; United Block Association Garden" }, "geometry": { "type": "Polygon", "coordinates": [ [ [ -73.93997386054491, 40.808370714799928 ], [ -73.94095712590331, 40.808467879333563 ], [ -73.942656903176953, 40.809184091204706 ], [ -73.942835517706101, 40.809259349880826 ], [ -73.942659046235818, 40.809502901884855 ], [ -73.941204124677341, 40.810840879866305 ], [ -73.93857703063081, 40.809739195388808 ], [ -73.938043861600192, 40.809514995865975 ], [ -73.938408345178885, 40.809014848331572 ], [ -73.93997386054491, 40.808370714799928 ] ] ] } },
{ "type": "Feature", "properties": { "group_id": "D-050", "n_parks": 6, "extent_km": 0.225, "max_walk_m": 226.3, "park_area_acres": 1.21, "hull_area_acres": 6.64, "boroughs": "M", "members": "Peter Minuit Playground; 110th Street Block Association Garden; Pueblo Unido Garden; Diversity Edible Farm; Mission Garden; Villa Santruce" }, "geometry": { "type": "Polygon", "coordinates": [ [ [ -73.947133320074585, 40.794406069451099 ], [ -73.947689901062517, 40.794642437220269 ], [ -73.947473144853731, 40.796183522747668 ], [ -73.946952142375864, 40.79689398922433 ], [ -73.945735722070026, 40.796643512679445 ], [ -73.945530897636914, 40.796556824908869 ], [ -73.945734653322319, 40.796277122203669 ], [ -73.947133320074585, 40.794406069451099 ] ] ] } },
{ "type": "Feature", "properties": { "group_id": "D-051", "n_parks": 6, "extent_km": 0.325, "max_walk_m": 258.1, "park_area_acres": 1.28, "hull_area_acres": 8.79, "boroughs": "M", "members": "El Jardin Del Paraiso Park; 5th St Slope Garden; Generation X; The Secret Garden; Orchard Alley Garden; Sage Garden" }, "geometry": { "type": "Polygon", "coordinates": [ [ [ -73.978363335527646, 40.721148669985737 ], [ -73.978437427632983, 40.721154716399546 ], [ -73.978615050152385, 40.721229663822456 ], [ -73.978703702389879, 40.721267070313445 ], [ -73.981574855440101, 40.722481438003889 ], [ -73.981014559118663, 40.723515120936369 ], [ -73.98084087648482, 40.723752822119181 ], [ -73.980775452849954, 40.723725423124591 ], [ -73.980707817318589, 40.723697097098096 ], [ -73.978755051593112, 40.722387940404111 ], [ -73.97820327222415, 40.721366417234108 ], [ -73.97833216604198, 40.72119107182283 ], [ -73.978363335527646, 40.721148669985737 ] ] ] } },
{ "type": "Feature", "properties": { "group_id": "D-052", "n_parks": 6, "extent_km": 0.692, "max_walk_m": 508.2, "park_area_acres": 41.56, "hull_area_acres": 126.04, "boroughs": "Q", "members": "Bayswater Park; Rockaway Freeway (13/16); Rockaway Freeway (2/16); Rockaway Freeway (9/16); Garden; Culinary Kids Garden" }, "geometry": { "type": "Polygon", "coordinates": [ [ [ -73.770199560579883, 40.594315336043792 ], [ -73.773242964040094, 40.598806675579276 ], [ -73.773262412596281, 40.598849846417259 ], [ -73.771751190614779, 40.603069057529076 ], [ -73.770682420665437, 40.6029345717008 ], [ -73.763520528961465, 40.598362114891806 ], [ -73.763374998586059, 40.598233100538565 ], [ -73.763360619231733, 40.598220353038904 ], [ -73.763451603272486, 40.595462905161199 ], [ -73.770199560579883, 40.594315336043792 ] ] ] } },
{ "type": "Feature", "properties": { "group_id": "D-053", "n_parks": 6, "extent_km": 0.41, "max_walk_m": 289.7, "park_area_acres": 4.04, "hull_area_acres": 10.5, "boroughs": "Q", "members": "Triborough Bridge Playground B; Triborough Bridge Playground C; Triborough Bridge Playground D; Triborough Bridge Playground E; Sitting Area; Chappetto Square" }, "geometry": { "type": "Polygon", "coordinates": [ [ [ -73.9207354517726, 40.772712791450402 ], [ -73.923715887296112, 40.774634430121871 ], [ -73.92354760509636, 40.776575238254594 ], [ -73.922600566486778, 40.775903097464131 ], [ -73.920482177903722, 40.772919902899361 ], [ -73.9207354517726, 40.772712791450402 ] ] ] } },
{ "type": "Feature", "properties": { "group_id": "D-054", "n_parks": 6, "extent_km": 0.56, "max_walk_m": 397.5, "park_area_acres": 7.95, "hull_area_acres": 31.78, "boroughs": "Q", "members": "Federalist Triangle; Frank Principe Park; Hull Triangle; Technical Sergeant Thomas J. Davey Triangle; Whitefish Triangle; Park Slope" }, "geometry": { "type": "Polygon", "coordinates": [ [ [ -73.898913049787907, 40.725012556452221 ], [ -73.903793694210805, 40.725319815255901 ], [ -73.904158721638851, 40.725344579317728 ], [ -73.906544326168699, 40.727743629809247 ], [ -73.906194397212886, 40.728012294966682 ], [ -73.905598953018341, 40.72846945073514 ], [ -73.900500562697189, 40.726832740774462 ], [ -73.898696102245523, 40.725265697168567 ], [ -73.898688043971674, 40.725127801333109 ], [ -73.898913049787907, 40.725012556452221 ] ] ] } },
{ "type": "Feature", "properties": { "group_id": "D-055", "n_parks": 6, "extent_km": 0.572, "max_walk_m": 481.3, "park_area_acres": 1.7, "hull_area_acres": 15.04, "boroughs": "Q", "members": "Peter Chahales Park; Frontera Park; Sitting Area 127 CXXVII; Sitting Area; Park; Park" }, "geometry": { "type": "Polygon", "coordinates": [ [ [ -73.895709690412744, 40.724173193462235 ], [ -73.895738737317146, 40.724281249431975 ], [ -73.89594012416643, 40.725030409921544 ], [ -73.890981423230997, 40.72635283530515 ], [ -73.890900540096879, 40.72637351544315 ], [ -73.890733835634677, 40.726416137879653 ], [ -73.890509409050622, 40.726473516783415 ], [ -73.888926320446942, 40.726381733442715 ], [ -73.888929773660649, 40.726250105672683 ], [ -73.889737465106563, 40.725662723051371 ], [ -73.892255981892603, 40.724924251615093 ], [ -73.895709690412744, 40.724173193462235 ] ] ] } },
{ "type": "Feature", "properties": { "group_id": "D-056", "n_parks": 6, "extent_km": 0.497, "max_walk_m": 491.1, "park_area_acres": 5.26, "hull_area_acres": 19.01, "boroughs": "Q", "members": "LaGuardia Landing Lights; LaGuardia Landing Lights; Laguardia Landing Lights; LaGuardia Landing Lights; Planeview Park; Park" }, "geometry": { "type": "Polygon", "coordinates": [ [ [ -73.888561506600112, 40.763301496738073 ], [ -73.888745165617948, 40.764310017287187 ], [ -73.888139614573035, 40.766204536764526 ], [ -73.88488433118431, 40.76736754392131 ], [ -73.883874836220983, 40.767685091525799 ], [ -73.883797088933136, 40.767259219509768 ], [ -73.888204219413339, 40.763340734082192 ], [ -73.888561506600112, 40.763301496738073 ] ] ] } },
{ "type": "Feature", "properties": { "group_id": "D-057", "n_parks": 6, "extent_km": 0.753, "max_walk_m": 582.2, "park_area_acres": 21.27, "hull_area_acres": 120.46, "boroughs": "X", "members": "Aqueduct Walk; Aqueduct Walk (3/5); Devoe Park; Muller Triangle; St. James Park; Davidson Ave. Community Gardeners Group" }, "geometry": { "type": "Polygon", "coordinates": [ [ [ -73.906094821806605, 40.860254575901386 ], [ -73.906279280557413, 40.860349026298337 ], [ -73.90875728332098, 40.862951790081439 ], [ -73.908773326272296, 40.862972014267491 ], [ -73.908780988594799, 40.862990168803115 ], [ -73.90878347042721, 40.863005388147513 ], [ -73.908782504550146, 40.86302122880582 ], [ -73.908777431056308, 40.863037999124415 ], [ -73.908770287049336, 40.863050981244768 ], [ -73.908752287759086, 40.863070822818464 ], [ -73.90868643483465, 40.863123234174573 ], [ -73.908604839590623, 40.863180840558329 ], [ -73.908516237197063, 40.863233700248109 ], [ -73.900109187835355, 40.867924380877106 ], [ -73.899970812841161, 40.867890851048237 ], [ -73.896112324812094, 40.865804078805631 ], [ -73.898062159555963, 40.862460152433286 ], [ -73.898065471114336, 40.86245631927023 ], [ -73.89806833078346, 40.862454021944366 ], [ -73.898076660739306, 40.8624509784418 ], [ -73.906094821806605, 40.860254575901386 ] ] ] } },
{ "type": "Feature", "properties": { "group_id": "D-058", "n_parks": 6, "extent_km": 0.532, "max_walk_m": 565.2, "park_area_acres": 1.91, "hull_area_acres": 31.28, "boroughs": "X", "members": "Crotona Parkway Malls (2/3); Park; Park; Park; Park; Miracle Garden" }, "geometry": { "type": "Polygon", "coordinates": [ [ [ -73.886313191102374, 40.839225864114923 ], [ -73.886321437769439, 40.839226461166191 ], [ -73.886327871626818, 40.8392276840747 ], [ -73.886333253040149, 40.839229336381869 ], [ -73.886448423810862, 40.839273354314265 ], [ -73.889219137949524, 40.842449572685972 ], [ -73.889207399359066, 40.842460043156592 ], [ -73.885412819414299, 40.84311156840198 ], [ -73.885406095017387, 40.843112218181481 ], [ -73.885404038463733, 40.843112274174011 ], [ -73.88537442745212, 40.843107854228428 ], [ -73.885371648296157, 40.843106886351222 ], [ -73.885366882747888, 40.843104802375741 ], [ -73.885361536451455, 40.843101870458497 ], [ -73.885355800507114, 40.843097979128103 ], [ -73.885352097947901, 40.843094891257721 ], [ -73.88534878592651, 40.843091558841181 ], [ -73.88534583707731, 40.843088035880903 ], [ -73.88534332610628, 40.843084320650192 ], [ -73.8832005050552, 40.839402689893923 ], [ -73.883342023510011, 40.839270406448463 ], [ -73.886313191102374, 40.839225864114923 ] ] ] } },
{ "type": "Feature", "properties": { "group_id": "D-059", "n_parks": 6, "extent_km": 0.323, "max_walk_m": 380.3, "park_area_acres": 1.9, "hull_area_acres": 13.92, "boroughs": "X", "members": "Hines Park; Youth Village; Estella Diggs Park; Garden; Genesis Community Garden; Jackson Forest Garden" }, "geometry": { "type": "Polygon", "coordinates": [ [ [ -73.90626014110309, 40.827976444702088 ], [ -73.90634323320991, 40.827994342026898 ], [ -73.906642651510793, 40.828911529659031 ], [ -73.90647249699758, 40.829342129354416 ], [ -73.904630173365575, 40.829741447200654 ], [ -73.902646032782243, 40.829082078265976 ], [ -73.902166590176662, 40.82812894376012 ], [ -73.902216979815933, 40.828007849126926 ], [ -73.90626014110309, 40.827976444702088 ] ] ] } },
{ "type": "Feature", "properties": { "group_id": "D-060", "n_parks": 6, "extent_km": 0.452, "max_walk_m": 568.3, "park_area_acres": 4.35, "hull_area_acres": 29.82, "boroughs": "X", "members": "Railroad Park; Triangle; O'Neill Triangle; Arcilla Playground; Melrose Commons Park; Little Green Garden" }, "geometry": { "type": "Polygon", "coordinates": [ [ [ -73.911326274369927, 40.823392966252129 ], [ -73.914933514781467, 40.823888891778601 ], [ -73.915100801114093, 40.823940128122466 ], [ -73.915957066679425, 40.824983586466317 ], [ -73.914955454387297, 40.826985088299658 ], [ -73.914659038502691, 40.827523655646452 ], [ -73.913630691221101, 40.827178038956987 ], [ -73.910740314559575, 40.824588834978556 ], [ -73.910890892559465, 40.824008440335369 ], [ -73.911104529372196, 40.823484919884145 ], [ -73.911326274369927, 40.823392966252129 ] ] ] } },
{ "type": "Feature", "properties": { "group_id": "D-061", "n_parks": 6, "extent_km": 1.069, "max_walk_m": 697.3, "park_area_acres": 52.5, "hull_area_acres": 134.87, "boroughs": "X", "members": "Mosholu Parkway (1/5); Mosholu Parkway (3/5); Mosholu Parkway (5/5); Williamsbridge Oval; Mosholu Playground; Valentine Varian House" }, "geometry": { "type": "Polygon", "coordinates": [ [ [ -73.881295406460907, 40.867726037581981 ], [ -73.883084369237807, 40.872089728907078 ], [ -73.884181678326073, 40.87746120533739 ], [ -73.883850405931923, 40.877561063039188 ], [ -73.882467460867147, 40.877977920001449 ], [ -73.877248946088216, 40.8790824591674 ], [ -73.877183196605344, 40.879096005494645 ], [ -73.877121770294551, 40.879106375864168 ], [ -73.877043162841616, 40.879116528889902 ], [ -73.876973814411258, 40.879122653044362 ], [ -73.876905182683274, 40.879126145795389 ], [ -73.876843841316955, 40.87912712762094 ], [ -73.876779945953288, 40.879126007649781 ], [ -73.876732922140945, 40.87912378365661 ], [ -73.876672485705143, 40.879119168924845 ], [ -73.876643430134393, 40.879116240102384 ], [ -73.876618001435673, 40.879113296239808 ], [ -73.876590721903924, 40.879109736259828 ], [ -73.876564330327867, 40.879105895370287 ], [ -73.876538394928801, 40.879101734389096 ], [ -73.876521320915984, 40.879098785034607 ], [ -73.876505588579079, 40.879095916356214 ], [ -73.876490736502561, 40.879093076532818 ], [ -73.876476706534092, 40.879090275407876 ], [ -73.876463825961764, 40.879087598878435 ], [ -73.876431014011885, 40.879080332833738 ], [ -73.876403686679865, 40.879073779536476 ], [ -73.876375590622175, 40.879066556346842 ], [ -73.876335334258201, 40.879055326457014 ], [ -73.876295510297425, 40.87904316951407 ], [ -73.876246308835022, 40.879026646842242 ], [ -73.876194470432623, 40.87900735502172 ], [ -73.876128410650963, 40.878979781435554 ], [ -73.876073730704917, 40.878954220915702 ], [ -73.87600311987444, 40.878917165635436 ], [ -73.875946544207366, 40.878885856104056 ], [ -73.875907627074383, 40.878862761774336 ], [ -73.875879204426724, 40.878844987995429 ], [ -73.87585858842499, 40.878831599878858 ], [ -73.875827144855904, 40.87880767340517 ], [ -73.875792576628115, 40.878780413555518 ], [ -73.875765702012018, 40.878757713043676 ], [ -73.875731469132589, 40.878724983072004 ], [ -73.87571831779033, 40.87871235037246 ], [ -73.875700944073813, 40.878695269215662 ], [ -73.875684023938632, 40.878677356493924 ], [ -73.875650794220093, 40.878639879305126 ], [ -73.87564024304298, 40.878626852282785 ], [ -73.875604404515343, 40.878576678990285 ], [ -73.875573680299112, 40.878531733130046 ], [ -73.875548150006736, 40.878491305207703 ], [ -73.875514927714391, 40.878430309040155 ], [ -73.875500020372215, 40.878400696619572 ], [ -73.875486759820816, 40.878371682997127 ], [ -73.875470804297109, 40.878332268529725 ], [ -73.875460219642903, 40.878302323084583 ], [ -73.875451924239087, 40.878275807366379 ], [ -73.875443979978769, 40.878246776963273 ], [ -73.875437845316981, 40.87822072732709 ], [ -73.875431187621587, 40.878184461088864 ], [ -73.875426843489294, 40.878152574619769 ], [ -73.875424457337672, 40.878124887438808 ], [ -73.875423145426609, 40.878096902455148 ], [ -73.875422959057275, 40.878067199654538 ], [ -73.875424024626795, 40.878037336117309 ], [ -73.875426358665308, 40.878007353283721 ], [ -73.875430278204149, 40.877975208288397 ], [ -73.875435064816131, 40.877946320393647 ], [ -73.875445692159275, 40.877898344852341 ], [ -73.875459125283996, 40.877852268765487 ], [ -73.87547290717329, 40.877810000316799 ], [ -73.875489824582999, 40.877762066676262 ], [ -73.875506307756453, 40.877721734485284 ], [ -73.879618779172958, 40.868639684354541 ], [ -73.879820138987441, 40.868501628573696 ], [ -73.881295406460907, 40.867726037581981 ] ] ] } },
{ "type": "Feature", "properties": { "group_id": "D-062", "n_parks": 6, "extent_km": 0.678, "max_walk_m": 697.3, "park_area_acres": 17.51, "hull_area_acres": 63.75, "boroughs": "X", "members": "Henry Hudson Park; Spuyten Duyvil Shorefront Park; Park; Henry Hudson Parkway (5/8); Phyllis Post Goodman Park; Park" }, "geometry": { "type": "Polygon", "coordinates": [ [ [ -73.919729573961874, 40.876771511325387 ], [ -73.920183442963165, 40.877164077673754 ], [ -73.922756641329372, 40.879640631141676 ], [ -73.922766145301949, 40.879657309123402 ], [ -73.922781372272979, 40.879684435685249 ], [ -73.922818181188717, 40.879757682527575 ], [ -73.922846238088894, 40.879818569722339 ], [ -73.922865856642545, 40.879862580642012 ], [ -73.922882870330696, 40.879907196745819 ], [ -73.922904293428687, 40.879965575236959 ], [ -73.92291893017854, 40.880011723276489 ], [ -73.922934944175068, 40.880065216606951 ], [ -73.922959110267158, 40.880154407987156 ], [ -73.922974566199429, 40.880225752195798 ], [ -73.922983041955717, 40.880265748487133 ], [ -73.922990519924028, 40.880307805326822 ], [ -73.923006720972111, 40.880417082146558 ], [ -73.923012450230615, 40.880471387143423 ], [ -73.921895382597015, 40.881144707895679 ], [ -73.918699226646595, 40.882693231934098 ], [ -73.915422823153776, 40.883831821209263 ], [ -73.915061114646619, 40.883891410935014 ], [ -73.914904030199395, 40.883341013217233 ], [ -73.915015508510066, 40.882975172654966 ], [ -73.915237841321812, 40.882574480839843 ], [ -73.918974960720277, 40.876904685711828 ], [ -73.919729573961874, 40.876771511325387 ] ] ] } },
{ "type": "Feature", "properties": { "group_id": "D-063", "n_parks": 6, "extent_km": 0.642, "max_walk_m": 717.2, "park_area_acres": 5.44, "hull_area_acres": 27.71, "boroughs": "X", "members": "People's Park; Alexander's Alley; Willis Playground; Saw Mill Playground; Brook Park; Padre Plaza" }, "geometry": { "type": "Polygon", "coordinates": [ [ [ -73.91707514817962, 40.807620025576895 ], [ -73.917752205472681, 40.807904419746947 ], [ -73.91985539707477, 40.80879683157805 ], [ -73.923922221826501, 40.810828734270281 ], [ -73.923743330324655, 40.811072243097136 ], [ -73.923204013073033, 40.811658096622921 ], [ -73.917326903499657, 40.809870483218432 ], [ -73.916751660486597, 40.809681249223601 ], [ -73.916308095391543, 40.809533966773742 ], [ -73.916428048787409, 40.809190927045535 ], [ -73.916990196420443, 40.807751500250092 ], [ -73.91707514817962, 40.807620025576895 ] ] ] } },
{ "type": "Feature", "properties": { "group_id": "D-064", "n_parks": 5, "extent_km": 0.431, "max_walk_m": 365.5, "park_area_acres": 5.4, "hull_area_acres": 24.77, "boroughs": "B", "members": "Sternberg Park; Lindsay Triangle; Harmony Triangle; De Hostos Playground; Project Roots" }, "geometry": { "type": "Polygon", "coordinates": [ [ [ -73.949360809676364, 40.702288891074481 ], [ -73.950388941632426, 40.703145107892844 ], [ -73.950400136175872, 40.703155188544599 ], [ -73.950510048326962, 40.703255214283715 ], [ -73.950527348161259, 40.703272272012093 ], [ -73.950530393566254, 40.703283898928973 ], [ -73.950527331481581, 40.703294747880129 ], [ -73.948070396759576, 40.706764788685852 ], [ -73.94661720301383, 40.706902446990341 ], [ -73.946417311273834, 40.705688962567521 ], [ -73.947800053026469, 40.702693382789668 ], [ -73.947868710067667, 40.702648904302414 ], [ -73.947936878082146, 40.702604742533019 ], [ -73.948003497516453, 40.702561584094319 ], [ -73.949360809676364, 40.702288891074481 ] ] ] } },
{ "type": "Feature", "properties": { "group_id": "D-065", "n_parks": 5, "extent_km": 0.626, "max_walk_m": 506.4, "park_area_acres": 38.37, "hull_area_acres": 75.68, "boroughs": "B", "members": "McCarren Park; Pvt. Sonsire Triangle; Father Giorgio Triangle; Badame Sessa Triangle; Ericsson Playground" }, "geometry": { "type": "Polygon", "coordinates": [ [ [ -73.95000994648484, 40.716186895805535 ], [ -73.950014162982541, 40.716187333483376 ], [ -73.95001758186018, 40.716187688868303 ], [ -73.950026262310089, 40.716190006948167 ], [ -73.95003291732273, 40.716192940997907 ], [ -73.950039335841936, 40.716197177983062 ], [ -73.952680686091853, 40.718435796977062 ], [ -73.952681944590466, 40.718436913226256 ], [ -73.955882246144753, 40.721399281960139 ], [ -73.954894703607252, 40.72231772889625 ], [ -73.953242434528946, 40.722861950963939 ], [ -73.952034922805453, 40.723259658650733 ], [ -73.951779740372359, 40.723299064615915 ], [ -73.951675331051959, 40.723313863938863 ], [ -73.949889233283301, 40.722051282155753 ], [ -73.948726845028702, 40.721050621997314 ], [ -73.947554885573197, 40.719981051184689 ], [ -73.948249127467278, 40.717100007816995 ], [ -73.948250462243664, 40.717095737296972 ], [ -73.948252621398666, 40.717090631473965 ], [ -73.948252639177369, 40.717090598163068 ], [ -73.948254590021889, 40.717087030317892 ], [ -73.94825719444114, 40.717083112467947 ], [ -73.948261228192663, 40.717078133558708 ], [ -73.948265507595607, 40.717073824739366 ], [ -73.94981110836278, 40.71621037024606 ], [ -73.949816329586085, 40.716207757440152 ], [ -73.949821022490084, 40.716205776561964 ], [ -73.949863069970704, 40.716201154551513 ], [ -73.94999483118221, 40.716187920325446 ], [ -73.950004556769969, 40.716186943893675 ], [ -73.95000994648484, 40.716186895805535 ] ] ] } },
{ "type": "Feature", "properties": { "group_id": "D-066", "n_parks": 5, "extent_km": 0.396, "max_walk_m": 340.6, "park_area_acres": 6.11, "hull_area_acres": 24.36, "boroughs": "B", "members": "Poseidon Playground; Nautilus Playground; Surf Playground; Surfside Multi-Cultural Garden Coalition; Garden" }, "geometry": { "type": "Polygon", "coordinates": [ [ [ -73.995880204527964, 40.571545198439885 ], [ -73.996924557933795, 40.571577390683785 ], [ -73.997370691003184, 40.571628253488896 ], [ -73.997384097406425, 40.571770350282492 ], [ -73.994952414050204, 40.573863548440308 ], [ -73.994545319778538, 40.573923820846524 ], [ -73.991967768669895, 40.574045120577011 ], [ -73.991509007641113, 40.571769715955973 ], [ -73.992380428614482, 40.57169540363094 ], [ -73.995880204527964, 40.571545198439885 ] ] ] } },
{ "type": "Feature", "properties": { "group_id": "D-067", "n_parks": 5, "extent_km": 0.157, "max_walk_m": 162.9, "park_area_acres": 1.9, "hull_area_acres": 5.26, "boroughs": "B", "members": "Sankofa Park; New Vision Garden; Victory Garden; United Community Center; East New York Farms Garden" }, "geometry": { "type": "Polygon", "coordinates": [ [ [ -73.886970619555768, 40.665087406728269 ], [ -73.887852270389814, 40.665302629508552 ], [ -73.887920343405924, 40.665572854449543 ], [ -73.887726306408709, 40.666580110965477 ], [ -73.887379427738026, 40.666630188221156 ], [ -73.885847193858481, 40.665888826171866 ], [ -73.885742760461412, 40.665481735793406 ], [ -73.886423330386933, 40.665186223495148 ], [ -73.886608472942058, 40.665136493199874 ], [ -73.886970619555768, 40.665087406728269 ] ] ] } },
{ "type": "Feature", "properties": { "group_id": "D-068", "n_parks": 5, "extent_km": 0.996, "max_walk_m": 599.0, "park_area_acres": 7.95, "hull_area_acres": 68.64, "boroughs": "M", "members": "Chelsea Park; Clement Clarke Moore Park; The High Line (1/4); The High Line (2/4); The High Line (3/4)" }, "geometry": { "type": "Polygon", "coordinates": [ [ [ -74.007445601129859, 40.742618221487099 ], [ -74.007643917234518, 40.742655980187607 ], [ -74.007625752416587, 40.74321251475854 ], [ -74.007059298972408, 40.744644075645219 ], [ -74.006987254790417, 40.74479502206237 ], [ -74.002370275136698, 40.752736879404488 ], [ -74.001009294296196, 40.752264709329879 ], [ -74.000773041007221, 40.752081382608111 ], [ -73.999242210288571, 40.74963037506275 ], [ -73.999593415601097, 40.749148317941192 ], [ -74.007286626226445, 40.742736617030701 ], [ -74.007445601129859, 40.742618221487099 ] ] ] } },
{ "type": "Feature", "properties": { "group_id": "D-069", "n_parks": 5, "extent_km": 0.454, "max_walk_m": 468.1, "park_area_acres": 6.17, "hull_area_acres": 30.58, "boroughs": "M", "members": "Coleman Playground; Sophie Irene Loeb; Catherine Slip Malls; Alfred E. Smith Playground; Tanahey Playground" }, "geometry": { "type": "Polygon", "coordinates": [ [ [ -73.996123716001875, 40.70927183896643 ], [ -73.996127457807702, 40.709272631542021 ], [ -73.99613012629996, 40.709273197152704 ], [ -73.996135492834711, 40.709274920010493 ], [ -73.998096220988074, 40.709937009487838 ], [ -73.99810411681365, 40.709970661711303 ], [ -73.998211536567212, 40.71042851018381 ], [ -73.997481528583009, 40.711224242818631 ], [ -73.994421254470041, 40.713605316732718 ], [ -73.994407646970444, 40.713606458820301 ], [ -73.992576246589849, 40.71167066901549 ], [ -73.992526643032051, 40.711357066542575 ], [ -73.992514138467939, 40.711277800071123 ], [ -73.992967581847381, 40.710823527272098 ], [ -73.994280248671018, 40.710133324183296 ], [ -73.996042460908868, 40.709281564421929 ], [ -73.996046465568952, 40.709279930132091 ], [ -73.996049104573544, 40.70927885411205 ], [ -73.996054615672008, 40.709277319830306 ], [ -73.996123716001875, 40.70927183896643 ] ] ] } },
{ "type": "Feature", "properties": { "group_id": "D-070", "n_parks": 5, "extent_km": 0.583, "max_walk_m": 449.4, "park_area_acres": 25.6, "hull_area_acres": 85.71, "boroughs": "M", "members": "Riverside Park (2/4); Riverside Park (3/4); Broadway Malls (2/5); Broadway Malls (4/5); Recreational Area" }, "geometry": { "type": "Polygon", "coordinates": [ [ [ -73.953049914786831, 40.825987391754431 ], [ -73.953553315606356, 40.826243941828047 ], [ -73.954435039104084, 40.827975670535594 ], [ -73.952648010667872, 40.830652956972301 ], [ -73.94998079132418, 40.834551431453662 ], [ -73.945374290137224, 40.833392064147944 ], [ -73.945372406839979, 40.833391328452457 ], [ -73.945367164661604, 40.833389279145528 ], [ -73.94536115771362, 40.833385865226951 ], [ -73.945356823605138, 40.833382484518481 ], [ -73.945352393438611, 40.833377691789089 ], [ -73.945351934039735, 40.833376949564013 ], [ -73.945349072270531, 40.833372324169147 ], [ -73.945348728906268, 40.833371768401385 ], [ -73.945348375265269, 40.83337073356568 ], [ -73.945346777381829, 40.833366050237508 ], [ -73.945346268236207, 40.83336091987951 ], [ -73.945545377720251, 40.833083590636676 ], [ -73.947587720244513, 40.830285441071368 ], [ -73.948049524615101, 40.829654036586518 ], [ -73.948503944363253, 40.829032843909118 ], [ -73.949070855607673, 40.828261019971507 ], [ -73.953049914786831, 40.825987391754431 ] ] ] } },
{ "type": "Feature", "properties": { "group_id": "D-071", "n_parks": 5, "extent_km": 0.681, "max_walk_m": 549.2, "park_area_acres": 7.77, "hull_area_acres": 51.15, "boroughs": "M", "members": "Park; East River Esplanade (2/8); Marx Brothers Playground; Stanley Isaacs Playground; Asphalt Green" }, "geometry": { "type": "Polygon", "coordinates": [ [ [ -73.942994893981137, 40.777634012232561 ], [ -73.945084757216563, 40.778516854917385 ], [ -73.946848062805373, 40.784305143762595 ], [ -73.946495882564477, 40.784790144893314 ], [ -73.942149391986277, 40.784162011429515 ], [ -73.942075676801196, 40.78411079471536 ], [ -73.942994893981137, 40.777634012232561 ] ] ] } },
{ "type": "Feature", "properties": { "group_id": "D-072", "n_parks": 5, "extent_km": 0.528, "max_walk_m": 200.0, "park_area_acres": 4.77, "hull_area_acres": 13.07, "boroughs": "M", "members": "Sutton Parks; Andrew Haswell Green Park; Sutton Place Park; East River Walk (1/6); East River Walk (5/6)" }, "geometry": { "type": "Polygon", "coordinates": [ [ [ -73.961768697625544, 40.754474641416955 ], [ -73.962581382014719, 40.754839571554932 ], [ -73.962584855106385, 40.754844038289406 ], [ -73.962585374324618, 40.754849397365803 ], [ -73.962582668860605, 40.754854986824711 ], [ -73.962579353003647, 40.754859418935737 ], [ -73.962126076591417, 40.755377906968086 ], [ -73.957952111970059, 40.759480371445306 ], [ -73.957848609819791, 40.759579864618573 ], [ -73.957758665653984, 40.759663330982576 ], [ -73.957636038605088, 40.759771207851891 ], [ -73.957488732266143, 40.759885987759468 ], [ -73.957339669421529, 40.759994762260717 ], [ -73.957208086049661, 40.760085229496397 ], [ -73.956551779433823, 40.7605226858729 ], [ -73.956371923782541, 40.760446109219657 ], [ -73.960465981836194, 40.755770116301342 ], [ -73.960625268267137, 40.755598069882637 ], [ -73.961595445916828, 40.754632090295956 ], [ -73.961679410797274, 40.754551673404762 ], [ -73.961768697625544, 40.754474641416955 ] ] ] } },
{ "type": "Feature", "properties": { "group_id": "D-073", "n_parks": 5, "extent_km": 0.183, "max_walk_m": 88.6, "park_area_acres": 1.84, "hull_area_acres": 7.34, "boroughs": "M", "members": "Robert Moses Playground; Trygve Lie Plaza; Ralph Bunche Park; Mary O'Connor Playground; Tudor Grove Playground" }, "geometry": { "type": "Polygon", "coordinates": [ [ [ -73.96886903124043, 40.747607718405021 ], [ -73.970034701988681, 40.74811231829414 ], [ -73.970582722019671, 40.748354046477353 ], [ -73.971380278791088, 40.749009783496192 ], [ -73.971057200035361, 40.749512479642888 ], [ -73.970895472886397, 40.749734102961945 ], [ -73.969715352530841, 40.749559388710338 ], [ -73.969557365078245, 40.749493069815436 ], [ -73.968617010981333, 40.748122305572949 ], [ -73.968599826117469, 40.748095590972937 ], [ -73.968586882331365, 40.748064441633062 ], [ -73.968581321868655, 40.748039478082475 ], [ -73.968581478569178, 40.7479934307365 ], [ -73.968593349499301, 40.747951896320529 ], [ -73.968611328265808, 40.747919502806099 ], [ -73.96886903124043, 40.747607718405021 ] ] ] } },
{ "type": "Feature", "properties": { "group_id": "D-074", "n_parks": 5, "extent_km": 0.398, "max_walk_m": 405.5, "park_area_acres": 1.2, "hull_area_acres": 23.98, "boroughs": "M", "members": "Peck Slip; Fishbridge Garden; Pearl St Playground; DeLury Square; Imagination Playground" }, "geometry": { "type": "Polygon", "coordinates": [ [ [ -74.003882845888185, 40.705878348724085 ], [ -74.004491144989061, 40.706420658670268 ], [ -74.005292501386052, 40.709104355055246 ], [ -74.005293829868137, 40.709113566321371 ], [ -74.00529310282478, 40.709122815503548 ], [ -74.005290341535073, 40.709131840551933 ], [ -74.005285624080798, 40.709140383016155 ], [ -74.00527908653072, 40.709148200652358 ], [ -74.005270914657231, 40.709155070124851 ], [ -74.005107159249278, 40.709271286651571 ], [ -74.001645915672896, 40.709326804724057 ], [ -74.00098833771662, 40.70879507039178 ], [ -74.001150163455975, 40.707462627583894 ], [ -74.003882845888185, 40.705878348724085 ] ] ] } },
{ "type": "Feature", "properties": { "group_id": "D-075", "n_parks": 5, "extent_km": 0.3, "max_walk_m": 282.3, "park_area_acres": 1.44, "hull_area_acres": 7.99, "boroughs": "M", "members": "Eugene McCabe Field; Dr. Ronald E. McNair Playground; Life Spire Garden; Jackie Robinson Community Garden; Carolina Garden" }, "geometry": { "type": "Polygon", "coordinates": [ [ [ -73.941559781584715, 40.802059356713229 ], [ -73.942064313344062, 40.802271769864461 ], [ -73.941725239378584, 40.802729183920782 ], [ -73.939724779925271, 40.803223860150716 ], [ -73.9381060532193, 40.802876200443258 ], [ -73.938030261393081, 40.802844220826657 ], [ -73.937785939803632, 40.802741129774269 ], [ -73.937781227488529, 40.802614972722864 ], [ -73.937875235569223, 40.802414406647891 ], [ -73.938030430617673, 40.802197840913522 ], [ -73.941559781584715, 40.802059356713229 ] ] ] } },
{ "type": "Feature", "properties": { "group_id": "D-076", "n_parks": 5, "extent_km": 0.465, "max_walk_m": 402.6, "park_area_acres": 3.09, "hull_area_acres": 18.76, "boroughs": "Q", "members": "McKenna Triangle; Rafferty Triangle; Short Triangle; Murray Playground; Court Square Park" }, "geometry": { "type": "Polygon", "coordinates": [ [ [ -73.945446484576763, 40.746045014650008 ], [ -73.94987431818015, 40.747149002752998 ], [ -73.94969886192257, 40.747679992735705 ], [ -73.943281043237462, 40.747580792956512 ], [ -73.943158071289332, 40.747408704980174 ], [ -73.943066775817755, 40.746304193993446 ], [ -73.943600815529862, 40.746091551749963 ], [ -73.945446484576763, 40.746045014650008 ] ] ] } },
{ "type": "Feature", "properties": { "group_id": "D-077", "n_parks": 5, "extent_km": 0.734, "max_walk_m": 498.3, "park_area_acres": 2.62, "hull_area_acres": 33.39, "boroughs": "Q", "members": "Mall Thirty Four XXXIV (4/7); Mall Thirty Four XXXIV (6/7); Junction Playground; Northern Playground; 97th Street Block Association" }, "geometry": { "type": "Polygon", "coordinates": [ [ [ -73.879986822366718, 40.754264964997205 ], [ -73.87999080044105, 40.754286458472258 ], [ -73.875018952528364, 40.75651219451639 ], [ -73.874282304446567, 40.756588389807206 ], [ -73.871261921040357, 40.756200910651714 ], [ -73.869498386821519, 40.755374961437809 ], [ -73.869495122348511, 40.755356916635307 ], [ -73.87186279350361, 40.754427410407821 ], [ -73.872211089098229, 40.754391816685818 ], [ -73.879986822366718, 40.754264964997205 ] ] ] } },
{ "type": "Feature", "properties": { "group_id": "D-078", "n_parks": 5, "extent_km": 0.306, "max_walk_m": 357.7, "park_area_acres": 0.89, "hull_area_acres": 8.15, "boroughs": "Q", "members": "Park; Sherry Dog Run; Spargo Park; Crosson Green; Crosson Park" }, "geometry": { "type": "Polygon", "coordinates": [ [ [ -73.896929652985818, 40.740750649293943 ], [ -73.899116352032451, 40.741156628936963 ], [ -73.898953696649258, 40.741578832544768 ], [ -73.89583979057268, 40.743098723980651 ], [ -73.895791621655377, 40.742846495981851 ], [ -73.895798449861317, 40.742831226850718 ], [ -73.896929652985818, 40.740750649293943 ] ] ] } },
{ "type": "Feature", "properties": { "group_id": "D-079", "n_parks": 5, "extent_km": 0.424, "max_walk_m": 406.9, "park_area_acres": 3.04, "hull_area_acres": 15.02, "boroughs": "X", "members": "Hugh J. Grant Circle; Wood Park; Park; Virginia Playground; Virginia Park" }, "geometry": { "type": "Polygon", "coordinates": [ [ [ -73.860970428472527, 40.832763657769249 ], [ -73.861037866423914, 40.83276941576959 ], [ -73.861104400881175, 40.832780897992528 ], [ -73.862579536046539, 40.833136071752904 ], [ -73.865699611511957, 40.834232081315371 ], [ -73.865730624784476, 40.834428197543907 ], [ -73.865672648497579, 40.835208630544088 ], [ -73.865144307076918, 40.835260420991141 ], [ -73.861930260025005, 40.83443550794015 ], [ -73.860567978110211, 40.83337555743163 ], [ -73.860547526569746, 40.833359205822461 ], [ -73.860511136863167, 40.833322636822281 ], [ -73.860482396154978, 40.833282329201921 ], [ -73.860461959333165, 40.833239197762239 ], [ -73.860450291447478, 40.833194223709839 ], [ -73.86044765472424, 40.833148428526407 ], [ -73.860451395306498, 40.833096962535109 ], [ -73.860464264271386, 40.833046353153058 ], [ -73.860486023717542, 40.832997530301391 ], [ -73.860516275763288, 40.832951390387322 ], [ -73.860554463765794, 40.832908780997904 ], [ -73.860599886581412, 40.832870485609455 ], [ -73.86065170927256, 40.832837206491646 ], [ -73.860708980910218, 40.832809555724779 ], [ -73.86077065001642, 40.832788040811479 ], [ -73.86083558117852, 40.832773056592579 ], [ -73.860902584700611, 40.832764878980377 ], [ -73.860970428472527, 40.832763657769249 ] ] ] } },
{ "type": "Feature", "properties": { "group_id": "D-080", "n_parks": 5, "extent_km": 0.469, "max_walk_m": 592.4, "park_area_acres": 2.31, "hull_area_acres": 14.14, "boroughs": "X", "members": "Park; Franklin Triangle; Charlton-Thompson Garden; Hilton White Playground; Dunbar Playground" }, "geometry": { "type": "Polygon", "coordinates": [ [ [ -73.907276172759651, 40.822560847690397 ], [ -73.907638250122091, 40.822646879936542 ], [ -73.908175768982787, 40.825020386796474 ], [ -73.908075102132301, 40.825291857459007 ], [ -73.907323171877977, 40.827190681350864 ], [ -73.907230478939582, 40.827156050298683 ], [ -73.905919126595194, 40.823253724089156 ], [ -73.906197285575942, 40.822584082280088 ], [ -73.907276172759651, 40.822560847690397 ] ] ] } },
{ "type": "Feature", "properties": { "group_id": "D-081", "n_parks": 5, "extent_km": 0.363, "max_walk_m": 355.0, "park_area_acres": 4.69, "hull_area_acres": 30.16, "boroughs": "X", "members": "Highbridge Park; Merriam Playground; Cpl Fischer Park; Mosaic Success Garden; Ogden Plimpton Playground" }, "geometry": { "type": "Polygon", "coordinates": [ [ [ -73.926265414468176, 40.838603921793364 ], [ -73.926966588429607, 40.838688722563433 ], [ -73.927300808245619, 40.840308258962409 ], [ -73.927377562313524, 40.841939222367408 ], [ -73.927343544150077, 40.842119826378166 ], [ -73.927240037436306, 40.842235351141909 ], [ -73.926080716759913, 40.842486479261076 ], [ -73.923817720714638, 40.842092965399495 ], [ -73.923486702554342, 40.841951544451028 ], [ -73.922510187272195, 40.840410215883402 ], [ -73.922517460661595, 40.840341821082468 ], [ -73.926265414468176, 40.838603921793364 ] ] ] } },
{ "type": "Feature", "properties": { "group_id": "D-082", "n_parks": 4, "extent_km": 0.499, "max_walk_m": 461.4, "park_area_acres": 12.15, "hull_area_acres": 26.28, "boroughs": "B", "members": "Commodore Barry Park; Arbor Place; Golconda Playground; Oxport Playground" }, "geometry": { "type": "Polygon", "coordinates": [ [ [ -73.980418734214595, 40.695883799397073 ], [ -73.980428634129183, 40.695885954206567 ], [ -73.98042871930997, 40.695885973131816 ], [ -73.980795222429037, 40.695994585359948 ], [ -73.980806630888509, 40.696000831417258 ], [ -73.982959918152602, 40.69761769651678 ], [ -73.982924920503152, 40.698095597736497 ], [ -73.982751928512386, 40.698260179289079 ], [ -73.975867585458843, 40.697947561648974 ], [ -73.975802782544022, 40.69762190385746 ], [ -73.976067542054281, 40.69711945257275 ], [ -73.977460174278335, 40.696464920676881 ], [ -73.980418734214595, 40.695883799397073 ] ] ] } },
{ "type": "Feature", "properties": { "group_id": "D-083", "n_parks": 4, "extent_km": 0.459, "max_walk_m": 336.3, "park_area_acres": 5.29, "hull_area_acres": 23.08, "boroughs": "B", "members": "Veterans Triangle; Brownsville Playground; Osborn Playground; Green Valley Garden" }, "geometry": { "type": "Polygon", "coordinates": [ [ [ -73.906152780334978, 40.655095222115001 ], [ -73.906212456256554, 40.655326295854316 ], [ -73.906463064593481, 40.656296670588496 ], [ -73.901873272724032, 40.658291859934906 ], [ -73.901541846138585, 40.658414801696402 ], [ -73.900979941712606, 40.658505220259478 ], [ -73.900733336073415, 40.658541175176254 ], [ -73.900935162692534, 40.657121043399798 ], [ -73.90140852694087, 40.656627718948421 ], [ -73.903083614615298, 40.655564238356519 ], [ -73.905206767299433, 40.6552278994413 ], [ -73.905566838712886, 40.655174553603516 ], [ -73.905953745481256, 40.655117231186665 ], [ -73.906152780334978, 40.655095222115001 ] ] ] } },
{ "type": "Feature", "properties": { "group_id": "D-084", "n_parks": 4, "extent_km": 0.645, "max_walk_m": 667.3, "park_area_acres": 24.95, "hull_area_acres": 65.77, "boroughs": "B", "members": "Eastern Parkway (10/10); Eastern Parkway (4/10); Lincoln Terrace / Arthur S. Somers Park; East Flatbush Children's Playground" }, "geometry": { "type": "Polygon", "coordinates": [ [ [ -73.927050179797519, 40.663102972494094 ], [ -73.931648523022758, 40.668534174131544 ], [ -73.931604183083778, 40.669002268474507 ], [ -73.931595497678359, 40.669093958969221 ], [ -73.928195566637257, 40.668927306822276 ], [ -73.925674263317333, 40.668789485381659 ], [ -73.922722985486857, 40.668604728860359 ], [ -73.922730855801703, 40.66851616210117 ], [ -73.922762048063291, 40.668165150221 ], [ -73.922771459236685, 40.668059246854732 ], [ -73.926775167249275, 40.663283323398041 ], [ -73.927050179797519, 40.663102972494094 ] ] ] } },
{ "type": "Feature", "properties": { "group_id": "D-085", "n_parks": 4, "extent_km": 0.735, "max_walk_m": 286.7, "park_area_acres": 7.28, "hull_area_acres": 28.6, "boroughs": "B", "members": "Eastern Parkway (3/10); Eastern Parkway (7/10); Dr. Ronald McNair Park; Eastern Parkway Coalition" }, "geometry": { "type": "Polygon", "coordinates": [ [ [ -73.962065377713287, 40.669741459114697 ], [ -73.963436158521716, 40.671595220268635 ], [ -73.963388181111043, 40.671707318756731 ], [ -73.963294146950687, 40.671927026954819 ], [ -73.963233049658669, 40.67206977823723 ], [ -73.954166505909839, 40.670344153724777 ], [ -73.954184314716201, 40.670235707178414 ], [ -73.954226658236792, 40.669977855214796 ], [ -73.954262147064654, 40.669761743428204 ], [ -73.962065377713287, 40.669741459114697 ] ] ] } },
{ "type": "Feature", "properties": { "group_id": "D-086", "n_parks": 4, "extent_km": 0.407, "max_walk_m": 425.7, "park_area_acres": 3.79, "hull_area_acres": 25.27, "boroughs": "B", "members": "Fulton Park; Elizabeth Stroud Playground; Harmony Park; Imani II Community Garden" }, "geometry": { "type": "Polygon", "coordinates": [ [ [ -73.932877496668041, 40.676396562759386 ], [ -73.933058543622451, 40.676406433422365 ], [ -73.935710840341741, 40.677872781163664 ], [ -73.935683581222747, 40.678146020842718 ], [ -73.934751553239934, 40.67969935312049 ], [ -73.934522799570658, 40.679728045044342 ], [ -73.931601441907347, 40.680060350007814 ], [ -73.930943490389112, 40.679856192162127 ], [ -73.930888450166165, 40.679582815997428 ], [ -73.930867492620663, 40.679478713816842 ], [ -73.932877496668041, 40.676396562759386 ] ] ] } },
{ "type": "Feature", "properties": { "group_id": "D-087", "n_parks": 4, "extent_km": 0.466, "max_walk_m": 292.9, "park_area_acres": 40.48, "hull_area_acres": 53.46, "boroughs": "B", "members": "Parade Ground; Machate Circle; Park; Park" }, "geometry": { "type": "Polygon", "coordinates": [ [ [ -73.971210855764426, 40.648441279185008 ], [ -73.973530682318582, 40.649892439848919 ], [ -73.973686550025334, 40.650122774877232 ], [ -73.974221375236922, 40.651044970084946 ], [ -73.972515379007447, 40.651626537142931 ], [ -73.972430955338083, 40.651648684974042 ], [ -73.96626647808317, 40.652999557950857 ], [ -73.964873797216086, 40.650947058230706 ], [ -73.971210855764426, 40.648441279185008 ] ] ] } },
{ "type": "Feature", "properties": { "group_id": "D-088", "n_parks": 4, "extent_km": 0.445, "max_walk_m": 439.9, "park_area_acres": 10.2, "hull_area_acres": 19.13, "boroughs": "B", "members": "Herbert Von King Park; Banneker Playground; Hattie Carthan Community Garden; Hattie Carthan Herban Farm" }, "geometry": { "type": "Polygon", "coordinates": [ [ [ -73.947795888519039, 40.688877213043654 ], [ -73.948833830625276, 40.689506585217899 ], [ -73.949752746061904, 40.690152046770528 ], [ -73.949807433942595, 40.690431033460001 ], [ -73.948879379767931, 40.690819615177887 ], [ -73.948429857249693, 40.690871391342625 ], [ -73.943497490865269, 40.690407152534497 ], [ -73.943443322400171, 40.690129951508283 ], [ -73.945186394076131, 40.689176981015727 ], [ -73.947795888519039, 40.688877213043654 ] ] ] } },
{ "type": "Feature", "properties": { "group_id": "D-089", "n_parks": 4, "extent_km": 0.428, "max_walk_m": 501.9, "park_area_acres": 1.07, "hull_area_acres": 12.89, "boroughs": "B", "members": "Crispus Attucks Playground; Lefferts Pl Block Association; Park; Brooklyn's Finest Garden" }, "geometry": { "type": "Polygon", "coordinates": [ [ [ -73.957642705472693, 40.680203389436215 ], [ -73.961953632655593, 40.681054780370332 ], [ -73.962012550843767, 40.681067099061174 ], [ -73.961958977158702, 40.682566013406017 ], [ -73.961775526044534, 40.682586463621682 ], [ -73.95869140419849, 40.681653450208962 ], [ -73.957527090717264, 40.680521417511521 ], [ -73.95762464940502, 40.68025305696446 ], [ -73.957642705472693, 40.680203389436215 ] ] ] } },
{ "type": "Feature", "properties": { "group_id": "D-090", "n_parks": 4, "extent_km": 0.381, "max_walk_m": 421.7, "park_area_acres": 2.41, "hull_area_acres": 10.84, "boroughs": "B", "members": "Lion's Pride Playground; Livonia Park; Powell Street Livonia Garden; Positive Seeds of Life Garden" }, "geometry": { "type": "Polygon", "coordinates": [ [ [ -73.899376115804031, 40.661162068443019 ], [ -73.902181868531059, 40.663172429488952 ], [ -73.902249745317263, 40.663439566933668 ], [ -73.902425350801806, 40.664155909518058 ], [ -73.901707020171699, 40.664261670598762 ], [ -73.899421515619068, 40.662912489611408 ], [ -73.899311437427059, 40.662481350139743 ], [ -73.899001039362631, 40.661217274609008 ], [ -73.899251111288862, 40.661180467350682 ], [ -73.899376115804031, 40.661162068443019 ] ] ] } },
{ "type": "Feature", "properties": { "group_id": "D-091", "n_parks": 4, "extent_km": 0.39, "max_walk_m": 359.4, "park_area_acres": 0.8, "hull_area_acres": 3.26, "boroughs": "B", "members": "Alben Square; Brizzi Playground; Park; Park" }, "geometry": { "type": "Polygon", "coordinates": [ [ [ -73.994545130849389, 40.639374241870613 ], [ -73.994613303800648, 40.63941797696846 ], [ -73.995061314078029, 40.642379351963847 ], [ -73.994611600716141, 40.642809575085934 ], [ -73.994476282182376, 40.642938956027123 ], [ -73.994415182134219, 40.642997241820161 ], [ -73.994412339757616, 40.642690879972328 ], [ -73.994417541924662, 40.640169859194856 ], [ -73.99441863084364, 40.640153892153982 ], [ -73.994545130849389, 40.639374241870613 ] ] ] } },
{ "type": "Feature", "properties": { "group_id": "D-092", "n_parks": 4, "extent_km": 0.584, "max_walk_m": 654.8, "park_area_acres": 3.33, "hull_area_acres": 20.47, "boroughs": "B", "members": "William Sheridan Playground; Berry Playground; Grand Ferry Park; Berry Street Garden" }, "geometry": { "type": "Polygon", "coordinates": [ [ [ -73.963347467695002, 40.712434620224023 ], [ -73.963833342157912, 40.712611393759396 ], [ -73.968176040867149, 40.71684722734399 ], [ -73.968174636250154, 40.71685173130755 ], [ -73.96814535380409, 40.716945605895106 ], [ -73.967875897525516, 40.717382835848859 ], [ -73.963613550284222, 40.715346742273994 ], [ -73.963270405360731, 40.713335257601841 ], [ -73.963192548516233, 40.712676957656498 ], [ -73.963347467695002, 40.712434620224023 ] ] ] } },
{ "type": "Feature", "properties": { "group_id": "D-093", "n_parks": 4, "extent_km": 0.447, "max_walk_m": 432.6, "park_area_acres": 0.86, "hull_area_acres": 6.54, "boroughs": "B", "members": "Sixteen Sycamores Playground; Bkln Bears Rockwell Pl Garden; Betty Carter Park; Fowler Square" }, "geometry": { "type": "Polygon", "coordinates": [ [ [ -73.980647394112111, 40.686510178255226 ], [ -73.980891698355634, 40.686603483478088 ], [ -73.981546332383473, 40.686853534176919 ], [ -73.981411076225271, 40.687060513466193 ], [ -73.977351853197106, 40.687363297049473 ], [ -73.975679392069367, 40.686975720488661 ], [ -73.975669250100509, 40.686927725472188 ], [ -73.980647394112111, 40.686510178255226 ] ] ] } },
{ "type": "Feature", "properties": { "group_id": "D-094", "n_parks": 4, "extent_km": 0.392, "max_walk_m": 404.9, "park_area_acres": 3.67, "hull_area_acres": 16.7, "boroughs": "B", "members": "Powell Playground; Howard Playground; Howard Pool; Houston Playground" }, "geometry": { "type": "Polygon", "coordinates": [ [ [ -73.905149389224405, 40.670916046974227 ], [ -73.908423552903471, 40.671450957743424 ], [ -73.908846346041571, 40.671666448329312 ], [ -73.909440653943832, 40.672756412859378 ], [ -73.908754630203958, 40.67305561104417 ], [ -73.904785615239916, 40.672531450987456 ], [ -73.904542129758255, 40.671619404094031 ], [ -73.904392393729282, 40.671029274397483 ], [ -73.905149389224405, 40.670916046974227 ] ] ] } },
{ "type": "Feature", "properties": { "group_id": "D-095", "n_parks": 4, "extent_km": 0.577, "max_walk_m": 313.3, "park_area_acres": 1.24, "hull_area_acres": 80.78, "boroughs": "B", "members": "Flatbush Malls; Flatbush Malls; Flatbush Mall; Hot Spot Tot Lot" }, "geometry": { "type": "Polygon", "coordinates": [ [ [ -73.960276975722635, 40.629481586542873 ], [ -73.960283173677595, 40.629482054252726 ], [ -73.960283493933133, 40.62948215071895 ], [ -73.960288070864081, 40.629483539100164 ], [ -73.966484681704671, 40.631930769550188 ], [ -73.966489812337414, 40.631934065145465 ], [ -73.966493032571265, 40.631937900495487 ], [ -73.966494865292276, 40.63194375800763 ], [ -73.966494110738395, 40.631949325699047 ], [ -73.966492098289805, 40.63195300823687 ], [ -73.966488885186166, 40.631956157317219 ], [ -73.961303411892288, 40.63479638324872 ], [ -73.961297177189465, 40.634799307837525 ], [ -73.961296958448713, 40.634799410423049 ], [ -73.961287433521989, 40.634801241574053 ], [ -73.961286477267322, 40.634801185419938 ], [ -73.961279568359359, 40.634800775158425 ], [ -73.954972070436426, 40.63321825418457 ], [ -73.954965655396492, 40.633214969279294 ], [ -73.954961372384645, 40.633210465905691 ], [ -73.954960719977549, 40.633208603376168 ], [ -73.954959934264565, 40.633206349969107 ], [ -73.954960110165175, 40.633201425097894 ], [ -73.954962085732603, 40.633197342917178 ], [ -73.956745092558407, 40.630681579090343 ], [ -73.960269767479033, 40.62948261244567 ], [ -73.960276674295997, 40.629481628763159 ], [ -73.960276975722635, 40.629481586542873 ] ] ] } },
{ "type": "Feature", "properties": { "group_id": "D-096", "n_parks": 4, "extent_km": 0.439, "max_walk_m": 406.0, "park_area_acres": 4.68, "hull_area_acres": 12.76, "boroughs": "B", "members": "Steuben Playground; Classon Playground; Classon Triangle; Penn Triangle" }, "geometry": { "type": "Polygon", "coordinates": [ [ [ -73.963595727173043, 40.696791638709776 ], [ -73.963636416146471, 40.696802297431908 ], [ -73.963827635256706, 40.697772142086279 ], [ -73.962156625751007, 40.70004388726624 ], [ -73.960867196561324, 40.700991230680039 ], [ -73.960854483014785, 40.7009967509983 ], [ -73.960836331386446, 40.700998128910484 ], [ -73.960818177462713, 40.700995358159979 ], [ -73.960794586420491, 40.700978770799161 ], [ -73.960620398833711, 40.700826731912535 ], [ -73.960611328346715, 40.700818439595153 ], [ -73.960611338142243, 40.700801860270523 ], [ -73.960711857049247, 40.699225963200284 ], [ -73.960714081348129, 40.699204085113486 ], [ -73.960733993527711, 40.699183894318736 ], [ -73.963595727173043, 40.696791638709776 ] ] ] } },
{ "type": "Feature", "properties": { "group_id": "D-097", "n_parks": 4, "extent_km": 0.5, "max_walk_m": 575.5, "park_area_acres": 4.04, "hull_area_acres": 27.96, "boroughs": "B", "members": "Dr. Green Playground; Chester Playground; Carter G. Woodson Children's Park; Student Farm Project" }, "geometry": { "type": "Polygon", "coordinates": [ [ [ -73.907220444714966, 40.666785094739247 ], [ -73.91062295979323, 40.667261526723472 ], [ -73.911856335827039, 40.66820334389859 ], [ -73.912312923102775, 40.668627722418101 ], [ -73.912398677164049, 40.668960513105198 ], [ -73.911998569178579, 40.669060902538895 ], [ -73.911638363050827, 40.669115938831879 ], [ -73.905789017093383, 40.669022626299046 ], [ -73.905514008321163, 40.667940254147624 ], [ -73.906347677860595, 40.666916637361254 ], [ -73.907179005007421, 40.666791340610544 ], [ -73.907220444714966, 40.666785094739247 ] ] ] } },
{ "type": "Feature", "properties": { "group_id": "D-098", "n_parks": 4, "extent_km": 0.419, "max_walk_m": 458.1, "park_area_acres": 3.51, "hull_area_acres": 15.65, "boroughs": "B", "members": "Sumner Playground; Pulaski Playground; Vernon/throop Av Block Association; Tranquility Farm (Willoughby Ave. Garden)" }, "geometry": { "type": "Polygon", "coordinates": [ [ [ -73.942205227558404, 40.693270618296651 ], [ -73.943143680788864, 40.694650990400412 ], [ -73.943242276320163, 40.695152653546337 ], [ -73.943253943503606, 40.695212041817001 ], [ -73.943538542462178, 40.697012802899522 ], [ -73.943321328026727, 40.697745921389547 ], [ -73.942922037082013, 40.697792273356754 ], [ -73.942176349504081, 40.697612630698664 ], [ -73.941208412282663, 40.693940038345325 ], [ -73.941101975709969, 40.693396835896216 ], [ -73.942205227558404, 40.693270618296651 ] ] ] } },
{ "type": "Feature", "properties": { "group_id": "D-099", "n_parks": 4, "extent_km": 0.103, "max_walk_m": 221.2, "park_area_acres": 0.54, "hull_area_acres": 2.15, "boroughs": "B", "members": "Atkins Gardeners; Concerned Residents of Montauk Avenue; Manley's Pl; Upon This Rock Comm Garden" }, "geometry": { "type": "Polygon", "coordinates": [ [ [ -73.878692911977538, 40.673732890969518 ], [ -73.878712087626496, 40.673809154264106 ], [ -73.87874408283713, 40.674731326105167 ], [ -73.878598495781716, 40.674863196294545 ], [ -73.878242641981956, 40.674913889406241 ], [ -73.877771320556846, 40.674453435903764 ], [ -73.87775059104743, 40.674380726042799 ], [ -73.87770626594677, 40.674203266509345 ], [ -73.877962804929041, 40.673832538978054 ], [ -73.878692911977538, 40.673732890969518 ] ] ] } },
{ "type": "Feature", "properties": { "group_id": "D-100", "n_parks": 4, "extent_km": 0.474, "max_walk_m": 645.3, "park_area_acres": 27.85, "hull_area_acres": 86.33, "boroughs": "M", "members": "Annunciation Playground; Dorrance Brooks Square; St. Nicholas Park; Jacob H. Schiff Playground" }, "geometry": { "type": "Polygon", "coordinates": [ [ [ -73.951109306067991, 40.812618267716218 ], [ -73.95169283252595, 40.812860998740774 ], [ -73.952630418831106, 40.818093286444864 ], [ -73.953002975438821, 40.820200078440067 ], [ -73.952197572515445, 40.821307077723667 ], [ -73.947382096156133, 40.821722875942605 ], [ -73.946279207977085, 40.821261708664743 ], [ -73.947156118261702, 40.818363217707969 ], [ -73.949170369303317, 40.815020619705869 ], [ -73.950437434570176, 40.813287259359512 ], [ -73.951109306067991, 40.812618267716218 ] ] ] } },
{ "type": "Feature", "properties": { "group_id": "D-101", "n_parks": 4, "extent_km": 0.31, "max_walk_m": 226.9, "park_area_acres": 4.17, "hull_area_acres": 21.67, "boroughs": "M", "members": "Allen Street Malls (1/3); Seward Park; Captain Jacob Joseph Playground; Straus Square" }, "geometry": { "type": "Polygon", "coordinates": [ [ [ -73.989944009731403, 40.713468163922357 ], [ -73.992645483559428, 40.713926989186341 ], [ -73.992652669367033, 40.713928676301315 ], [ -73.992661540224205, 40.713932213171645 ], [ -73.992662611190269, 40.713932839995216 ], [ -73.992667496215219, 40.713935703029186 ], [ -73.992671001320133, 40.71393857678121 ], [ -73.992672610686284, 40.713939897932498 ], [ -73.992673810574914, 40.713941209152111 ], [ -73.992676431633541, 40.71394407384259 ], [ -73.992679076239639, 40.713948049764475 ], [ -73.99268168274898, 40.713954086051714 ], [ -73.992686623751283, 40.713986097711143 ], [ -73.992754020659817, 40.714456457475059 ], [ -73.992758515817357, 40.714518820803704 ], [ -73.992760883118365, 40.714591856846816 ], [ -73.992758505259431, 40.714615999380321 ], [ -73.992744216891282, 40.714672738738415 ], [ -73.992735488153102, 40.714699899381515 ], [ -73.992720414055739, 40.714733700886676 ], [ -73.992696611448238, 40.714781383203338 ], [ -73.992497097249597, 40.715178452203332 ], [ -73.992193598726246, 40.715769442316045 ], [ -73.991649596493232, 40.716825304758409 ], [ -73.991568073433385, 40.716802013756684 ], [ -73.988247062745089, 40.715026634535072 ], [ -73.988365460975089, 40.714781594284283 ], [ -73.988619663306139, 40.714279809380834 ], [ -73.989660200215567, 40.713492505695164 ], [ -73.989944009731403, 40.713468163922357 ] ] ] } },
{ "type": "Feature", "properties": { "group_id": "D-102", "n_parks": 4, "extent_km": 0.281, "max_walk_m": 177.6, "park_area_acres": 1.23, "hull_area_acres": 6.67, "boroughs": "M", "members": "Tribeca Park; Albert Capsouto Park; Grand Canal Court; Duarte Square" }, "geometry": { "type": "Polygon", "coordinates": [ [ [ -74.005331173682933, 40.719973344230667 ], [ -74.006126182621571, 40.720313378561229 ], [ -74.006128806726608, 40.720314616622403 ], [ -74.006131111295772, 40.720316180684989 ], [ -74.006133027677208, 40.720318022125227 ], [ -74.00613449787059, 40.720320087816141 ], [ -74.006135479261502, 40.720322315624806 ], [ -74.006135941070667, 40.720324638915166 ], [ -74.006268776065767, 40.721881892897116 ], [ -74.006192721060899, 40.722288645433842 ], [ -74.005260520508145, 40.722958887818521 ], [ -74.00525554938676, 40.722960170370875 ], [ -74.005248270149863, 40.722960848786464 ], [ -74.005237939395641, 40.722959830780816 ], [ -74.005212720817397, 40.722956300127592 ], [ -74.005197935960325, 40.722953671308687 ], [ -74.005193355061124, 40.722950166732971 ], [ -74.005189857031112, 40.722944769237571 ], [ -74.004856669465426, 40.722363750795566 ], [ -74.005331173682933, 40.719973344230667 ] ] ] } },
{ "type": "Feature", "properties": { "group_id": "D-103", "n_parks": 4, "extent_km": 0.623, "max_walk_m": 509.4, "park_area_acres": 10.21, "hull_area_acres": 39.44, "boroughs": "M", "members": "Duane Park; Battery Park City (2/4); Washington Market Park; Tribeca Dog Run" }, "geometry": { "type": "Polygon", "coordinates": [ [ [ -74.014747350073264, 40.715456757232424 ], [ -74.016763926348276, 40.715538140322458 ], [ -74.017275039468657, 40.71565657957138 ], [ -74.016673358742963, 40.718805580548661 ], [ -74.014682690786216, 40.718533232166372 ], [ -74.013187913594507, 40.718328703776329 ], [ -74.009225014972628, 40.717222032247818 ], [ -74.009215422086385, 40.717218878529295 ], [ -74.00920401091706, 40.717212874841074 ], [ -74.009196261376161, 40.717205483173281 ], [ -74.009189913135586, 40.717198152627788 ], [ -74.009184442749586, 40.717188498695947 ], [ -74.009185543541193, 40.717180754221523 ], [ -74.009200446177488, 40.717075911146431 ], [ -74.009201579384509, 40.717071528273316 ], [ -74.009207028798841, 40.717066499389354 ], [ -74.009219717779615, 40.717061306933296 ], [ -74.01196564518311, 40.716083319094025 ], [ -74.014738551018112, 40.715457670576136 ], [ -74.014742901369587, 40.715456937003736 ], [ -74.014747350073264, 40.715456757232424 ] ] ] } },
{ "type": "Feature", "properties": { "group_id": "D-104", "n_parks": 4, "extent_km": 0.545, "max_walk_m": 669.4, "park_area_acres": 1.93, "hull_area_acres": 25.64, "boroughs": "M", "members": "Hancock Park; Roosevelt Triangle; Playground One Twenty Five CXXV; Old Croton Aqueduct Gatehouse" }, "geometry": { "type": "Polygon", "coordinates": [ [ [ -73.959609535423297, 40.80824692191193 ], [ -73.959774386989565, 40.808316206239148 ], [ -73.959555359792219, 40.808627989189205 ], [ -73.956396508702653, 40.811392555636935 ], [ -73.954584198027277, 40.811475133095485 ], [ -73.954231146970542, 40.811324193444577 ], [ -73.953206355344747, 40.80960644004162 ], [ -73.953191233744093, 40.809404324348222 ], [ -73.959609535423297, 40.80824692191193 ] ] ] } },
{ "type": "Feature", "properties": { "group_id": "D-105", "n_parks": 4, "extent_km": 0.975, "max_walk_m": 332.1, "park_area_acres": 2.53, "hull_area_acres": 32.55, "boroughs": "M", "members": "Mitchel Square; Broadway Malls; McKenna Square; Audubon Playground" }, "geometry": { "type": "Polygon", "coordinates": [ [ [ -73.945270327870318, 40.833493340291675 ], [ -73.945276126397545, 40.833493581674169 ], [ -73.945282310634937, 40.833494786768412 ], [ -73.945288126689306, 40.833496782321802 ], [ -73.945293274538983, 40.833499650136957 ], [ -73.945298684175441, 40.833504238920831 ], [ -73.945301867589876, 40.833508441237058 ], [ -73.945303596658476, 40.833512188113801 ], [ -73.945304668154463, 40.833518295774958 ], [ -73.945304014950892, 40.833523994694218 ], [ -73.945302592656446, 40.8335278157179 ], [ -73.94517210737159, 40.833716591933694 ], [ -73.944735551671357, 40.834319701260604 ], [ -73.940128293487561, 40.840625242843487 ], [ -73.939925485397808, 40.840898887363181 ], [ -73.939922879565387, 40.840902397929852 ], [ -73.939920147963136, 40.840906000281208 ], [ -73.93986347163731, 40.840980703585089 ], [ -73.938160914538798, 40.841839318752108 ], [ -73.937673042802743, 40.841635836460256 ], [ -73.939072905403307, 40.838327717600549 ], [ -73.939085485529574, 40.838301719787943 ], [ -73.939104814547406, 40.838274391906111 ], [ -73.939107370963868, 40.838271693575642 ], [ -73.945250915476194, 40.833498527831132 ], [ -73.945256330997083, 40.833495961291277 ], [ -73.945262869837336, 40.83349414899817 ], [ -73.945270327870318, 40.833493340291675 ] ] ] } },
{ "type": "Feature", "properties": { "group_id": "D-106", "n_parks": 4, "extent_km": 0.631, "max_walk_m": 640.0, "park_area_acres": 9.8, "hull_area_acres": 42.45, "boroughs": "M", "members": "Plaza Lafayette; Haven Avenue; Park; J. Hood Wright Park" }, "geometry": { "type": "Polygon", "coordinates": [ [ [ -73.943797032319466, 40.843145999545186 ], [ -73.943804860795382, 40.843169781775615 ], [ -73.943810051066606, 40.843192024678338 ], [ -73.943819628874408, 40.843247722129185 ], [ -73.943829473980699, 40.843335144073798 ], [ -73.94383097933779, 40.843386371146259 ], [ -73.943829892458297, 40.843446201165477 ], [ -73.943825485146235, 40.843492315961029 ], [ -73.943398093018516, 40.847269652716385 ], [ -73.943179922223152, 40.848866819558083 ], [ -73.942898999976705, 40.849517815802031 ], [ -73.941855536253499, 40.851723874044829 ], [ -73.94185118830525, 40.851729734954169 ], [ -73.941845979568569, 40.85173402497206 ], [ -73.941839031855778, 40.851737441536635 ], [ -73.941831245655052, 40.851739552865673 ], [ -73.941823011307761, 40.851740159246738 ], [ -73.941815393670026, 40.851739371977224 ], [ -73.941809792684879, 40.851737904952792 ], [ -73.941803231302714, 40.85173485978234 ], [ -73.941339144092169, 40.851419134786489 ], [ -73.94133622295422, 40.851412683979817 ], [ -73.940010690985247, 40.846992713481185 ], [ -73.94059870081793, 40.845499047635691 ], [ -73.943797032319466, 40.843145999545186 ] ] ] } },
{ "type": "Feature", "properties": { "group_id": "D-107", "n_parks": 4, "extent_km": 0.561, "max_walk_m": 527.3, "park_area_acres": 1.38, "hull_area_acres": 35.85, "boroughs": "M", "members": "Straus Park; Broadway Malls (7/11); Bloomingdale Playground; West 111th St. People's Garden" }, "geometry": { "type": "Polygon", "coordinates": [ [ [ -73.965755574416718, 40.798833016622105 ], [ -73.966463564406197, 40.799131209026527 ], [ -73.967961305311107, 40.800955651999622 ], [ -73.968305609654905, 40.801676621015524 ], [ -73.967584904405385, 40.803014211664731 ], [ -73.967320724804182, 40.803379514452303 ], [ -73.967217638167696, 40.8035213362459 ], [ -73.966848124290024, 40.804028256358869 ], [ -73.966799074438896, 40.804094713450844 ], [ -73.966794908691341, 40.804097562329225 ], [ -73.966788434351287, 40.804100573532608 ], [ -73.966777388197798, 40.804103229522227 ], [ -73.966767912425809, 40.804103175462572 ], [ -73.963647789830006, 40.804023028623597 ], [ -73.963382003448345, 40.803910611796603 ], [ -73.965546884233902, 40.799111843596265 ], [ -73.965755574416718, 40.798833016622105 ] ] ] } },
{ "type": "Feature", "properties": { "group_id": "D-108", "n_parks": 4, "extent_km": 0.408, "max_walk_m": 295.6, "park_area_acres": 4.4, "hull_area_acres": 32.34, "boroughs": "M", "members": "Broadway Malls (3/11); Broadway Malls (6/11); Frederick Douglass Playground; Happy Warrior Playground" }, "geometry": { "type": "Polygon", "coordinates": [ [ [ -73.971518809989419, 40.794925842719621 ], [ -73.971612272241217, 40.794965141551423 ], [ -73.967961305311107, 40.800955651999622 ], [ -73.967885650743952, 40.800942352534086 ], [ -73.966842756528379, 40.797482435754681 ], [ -73.967906019948686, 40.795649103165168 ], [ -73.967992486937419, 40.795528245909253 ], [ -73.968600757326698, 40.794952260771147 ], [ -73.971518809989419, 40.794925842719621 ] ] ] } },
{ "type": "Feature", "properties": { "group_id": "D-109", "n_parks": 4, "extent_km": 0.353, "max_walk_m": 546.4, "park_area_acres": 0.42, "hull_area_acres": 16.1, "boroughs": "M", "members": "Adam Clayton Powell Jr. Malls (1/9); Samuel Marx Triangle; Luigi's Garden of Love; Electric Ladybug Garden" }, "geometry": { "type": "Polygon", "coordinates": [ [ [ -73.95520443357691, 40.799545361045048 ], [ -73.955211141543373, 40.79954748072555 ], [ -73.955211482746634, 40.799547588918031 ], [ -73.956463362232554, 40.800796785446387 ], [ -73.956280344312745, 40.801044654210223 ], [ -73.954292232357162, 40.80349208847818 ], [ -73.952781268302175, 40.802899450119156 ], [ -73.952753930112806, 40.802888272731728 ], [ -73.952753716866596, 40.802888185295927 ], [ -73.952720662912796, 40.802622161667074 ], [ -73.952715076956835, 40.802498252524252 ], [ -73.9527158661502, 40.802494975932348 ], [ -73.952717352045056, 40.802491841905002 ], [ -73.95271949428988, 40.802488935072574 ], [ -73.955191468151995, 40.799547848587949 ], [ -73.955196024565168, 40.799545879165976 ], [ -73.95520443357691, 40.799545361045048 ] ] ] } },
{ "type": "Feature", "properties": { "group_id": "D-110", "n_parks": 4, "extent_km": 0.311, "max_walk_m": 343.5, "park_area_acres": 1.59, "hull_area_acres": 11.95, "boroughs": "M", "members": "Adam Clayton Powell Jr. Malls (6/9); St. Nicholas Playground South; Langston Hughes Playground; Harlem Grown 127th Street Learning Annex" }, "geometry": { "type": "Polygon", "coordinates": [ [ [ -73.946110210518327, 40.809326311357047 ], [ -73.947781310655913, 40.809715946910423 ], [ -73.947786910961824, 40.809718471741526 ], [ -73.947791043010568, 40.809722297127003 ], [ -73.947792912428625, 40.809726308791348 ], [ -73.947792865881226, 40.809731257006312 ], [ -73.94768522099038, 40.810551077295138 ], [ -73.947592494372017, 40.810894660631305 ], [ -73.947051010724479, 40.812170732681409 ], [ -73.946785336736198, 40.812530208749429 ], [ -73.945625179089205, 40.812694492697354 ], [ -73.945617956948766, 40.812695216893026 ], [ -73.945612175051053, 40.812694246130867 ], [ -73.94560754472343, 40.812692393424122 ], [ -73.94560317285837, 40.812688987480925 ], [ -73.945599947177087, 40.812684039526189 ], [ -73.945599392276392, 40.81267850570719 ], [ -73.945932058965582, 40.809569219218851 ], [ -73.946110210518327, 40.809326311357047 ] ] ] } },
{ "type": "Feature", "properties": { "group_id": "D-111", "n_parks": 4, "extent_km": 0.418, "max_walk_m": 425.3, "park_area_acres": 1.12, "hull_area_acres": 8.32, "boroughs": "M", "members": "Petrosino Square; DeSalvio Playground; Rapkin-Gayle Plaza; Park" }, "geometry": { "type": "Polygon", "coordinates": [ [ [ -73.999113452810022, 40.720165126032533 ], [ -73.999426702335725, 40.720316015621364 ], [ -73.999169979416166, 40.720619636198606 ], [ -73.997356997440832, 40.721886015272197 ], [ -73.997351763417782, 40.72188903996333 ], [ -73.995102713013878, 40.722341255249894 ], [ -73.99471336052811, 40.722406935596837 ], [ -73.994383871569212, 40.722339569094814 ], [ -73.994532173601684, 40.72196440598151 ], [ -73.999113452810022, 40.720165126032533 ] ] ] } },
{ "type": "Feature", "properties": { "group_id": "D-112", "n_parks": 4, "extent_km": 0.174, "max_walk_m": 124.2, "park_area_acres": 7.06, "hull_area_acres": 9.33, "boroughs": "M", "members": "Alice Kornegay Triangle; Park; Harlem River Park; Harlem River Park" }, "geometry": { "type": "Polygon", "coordinates": [ [ [ -73.933037420863172, 40.805179852209712 ], [ -73.93581772936048, 40.806349872893335 ], [ -73.935438181346825, 40.806945607234759 ], [ -73.935244476207615, 40.807209872313599 ], [ -73.934600875967263, 40.808026694120777 ], [ -73.932590416087166, 40.805569028548241 ], [ -73.933037420863172, 40.805179852209712 ] ] ] } },
{ "type": "Feature", "properties": { "group_id": "D-113", "n_parks": 4, "extent_km": 0.352, "max_walk_m": 313.3, "park_area_acres": 0.32, "hull_area_acres": 5.89, "boroughs": "M", "members": "117th St Community Garden; Peaceful Valley Garden; El Gallo Garden; Lydia's Magic Garden (El Girasol Magic Garden)" }, "geometry": { "type": "Polygon", "coordinates": [ [ [ -73.940617982963474, 40.79867844779276 ], [ -73.940727121622061, 40.798724512288089 ], [ -73.944324778611943, 40.800484686970172 ], [ -73.944280098502958, 40.800546457641744 ], [ -73.942306504110547, 40.800202631556466 ], [ -73.940600974728582, 40.799818249847455 ], [ -73.94038699642141, 40.79972792015208 ], [ -73.940438237382921, 40.798925763702961 ], [ -73.940617982963474, 40.79867844779276 ] ] ] } },
{ "type": "Feature", "properties": { "group_id": "D-114", "n_parks": 4, "extent_km": 0.226, "max_walk_m": 209.3, "park_area_acres": 3.15, "hull_area_acres": 7.08, "boroughs": "Q", "members": "Park Of The Americas; Veteran's Square; Corona Plaza; American Triangle" }, "geometry": { "type": "Polygon", "coordinates": [ [ [ -73.863333226328649, 40.747645132528 ], [ -73.863459963794426, 40.748451079294526 ], [ -73.863459711030913, 40.748452505398383 ], [ -73.863458317848995, 40.748460359772167 ], [ -73.863454234225841, 40.748467162766083 ], [ -73.86263972566465, 40.749746401248395 ], [ -73.862349574618619, 40.749762981701345 ], [ -73.861473417744989, 40.749193283559691 ], [ -73.861043723635305, 40.748332190813798 ], [ -73.863333226328649, 40.747645132528 ] ] ] } },
{ "type": "Feature", "properties": { "group_id": "D-115", "n_parks": 4, "extent_km": 0.444, "max_walk_m": 296.6, "park_area_acres": 5.18, "hull_area_acres": 18.34, "boroughs": "Q", "members": "Lawrence Virgilio Playground; Doughboy Park; Sohncke Square; Steinmann Triangle" }, "geometry": { "type": "Polygon", "coordinates": [ [ [ -73.909490778492966, 40.745056437807797 ], [ -73.912007539041653, 40.747354312382505 ], [ -73.911856052118523, 40.747914283822581 ], [ -73.910000203445378, 40.747710245446463 ], [ -73.906101440804619, 40.745487060196012 ], [ -73.906099096669578, 40.745473452523676 ], [ -73.909490778492966, 40.745056437807797 ] ] ] } },
{ "type": "Feature", "properties": { "group_id": "D-116", "n_parks": 4, "extent_km": 0.922, "max_walk_m": 554.0, "park_area_acres": 189.12, "hull_area_acres": 373.73, "boroughs": "Q", "members": "Rockaway Beach; Rockaway Freeway (3/16); Seaside Playground; Park at Beach 108 Street" }, "geometry": { "type": "Polygon", "coordinates": [ [ [ -73.842226016139449, 40.570884969971488 ], [ -73.844390862031972, 40.574824915357404 ], [ -73.83894395057159, 40.583518666272383 ], [ -73.831478713584346, 40.584922271116433 ], [ -73.827840577407954, 40.583281057942891 ], [ -73.827813041279811, 40.583227892984247 ], [ -73.827569776040491, 40.574964799322586 ], [ -73.842226016139449, 40.570884969971488 ] ] ] } },
{ "type": "Feature", "properties": { "group_id": "D-117", "n_parks": 4, "extent_km": 0.296, "max_walk_m": 419.8, "park_area_acres": 4.32, "hull_area_acres": 12.92, "boroughs": "Q", "members": "Vito Locascio Field; Rocket Playground; Park; Park" }, "geometry": { "type": "Polygon", "coordinates": [ [ [ -73.842722461942842, 40.669305911776718 ], [ -73.846763189066138, 40.669479794007671 ], [ -73.847186034160359, 40.669603613796276 ], [ -73.847185804358404, 40.669606352863276 ], [ -73.846898209306616, 40.670551001630905 ], [ -73.846591568830135, 40.670998047302781 ], [ -73.846409540040185, 40.671041181422538 ], [ -73.843041363002982, 40.6704532537196 ], [ -73.842722461942842, 40.669305911776718 ] ] ] } },
{ "type": "Feature", "properties": { "group_id": "D-118", "n_parks": 4, "extent_km": 0.637, "max_walk_m": 455.9, "park_area_acres": 36.7, "hull_area_acres": 77.6, "boroughs": "Q", "members": "Rockaway Freeway (5/16); Arverne Playground; Cardozo Playground; Arverne East Nature Preserve" }, "geometry": { "type": "Polygon", "coordinates": [ [ [ -73.785932683519647, 40.58978675376121 ], [ -73.786881778564592, 40.592652071748631 ], [ -73.786994427810441, 40.59382346359083 ], [ -73.786550573231821, 40.593934937320057 ], [ -73.78628879992371, 40.593953757146622 ], [ -73.775460568605993, 40.593114655312036 ], [ -73.775199517902081, 40.592733906880042 ], [ -73.775014684376629, 40.592083708538546 ], [ -73.774950080429548, 40.59156090235701 ], [ -73.785932683519647, 40.58978675376121 ] ] ] } },
{ "type": "Feature", "properties": { "group_id": "D-119", "n_parks": 4, "extent_km": 0.541, "max_walk_m": 759.7, "park_area_acres": 3.22, "hull_area_acres": 21.76, "boroughs": "Q", "members": "Park; Park; Park; Louis Pasteur Park" }, "geometry": { "type": "Polygon", "coordinates": [ [ [ -73.739398626963762, 40.757370202136876 ], [ -73.73940202308431, 40.757375117593597 ], [ -73.736192748487881, 40.76242477200821 ], [ -73.735210215823002, 40.762783373279319 ], [ -73.735208956400427, 40.762783491953307 ], [ -73.734535931608079, 40.76171141229608 ], [ -73.734889929026764, 40.759997590511212 ], [ -73.739398626963762, 40.757370202136876 ] ] ] } },
{ "type": "Feature", "properties": { "group_id": "D-120", "n_parks": 4, "extent_km": 0.59, "max_walk_m": 289.4, "park_area_acres": 30.88, "hull_area_acres": 59.53, "boroughs": "Q", "members": "Broad Channel Park; Broad Channel American Park; Sunset Cove Park; Park" }, "geometry": { "type": "Polygon", "coordinates": [ [ [ -73.823884289771811, 40.594141828077014 ], [ -73.824798739606067, 40.595309210679524 ], [ -73.823892105428413, 40.599785292027832 ], [ -73.822290292298334, 40.60213809554665 ], [ -73.821968340222611, 40.602109660313005 ], [ -73.81937749046989, 40.601516003163908 ], [ -73.819467493734763, 40.600941506660853 ], [ -73.819557936642838, 40.600364198410752 ], [ -73.821329407435456, 40.595777712328349 ], [ -73.823884289771811, 40.594141828077014 ] ] ] } },
{ "type": "Feature", "properties": { "group_id": "D-121", "n_parks": 4, "extent_km": 0.378, "max_walk_m": 361.4, "park_area_acres": 39.55, "hull_area_acres": 68.78, "boroughs": "X", "members": "Claremont Park; Michel Triangle; Little Claremont Playground; Jardin De La Familia" }, "geometry": { "type": "Polygon", "coordinates": [ [ [ -73.909145202691832, 40.83706457307408 ], [ -73.909182024955058, 40.837070243670311 ], [ -73.909196868323036, 40.837077082904003 ], [ -73.909225137622542, 40.837108571124013 ], [ -73.909232161635686, 40.837171004309617 ], [ -73.909501177241665, 40.842238092358755 ], [ -73.909469939000473, 40.842714505358487 ], [ -73.905373666442429, 40.843112725108284 ], [ -73.905097142780292, 40.843048024409804 ], [ -73.903452664235743, 40.83901853200652 ], [ -73.903248497469164, 40.83802580491362 ], [ -73.90338795241361, 40.837776971212051 ], [ -73.909145202691832, 40.83706457307408 ] ] ] } },
{ "type": "Feature", "properties": { "group_id": "D-122", "n_parks": 4, "extent_km": 0.382, "max_walk_m": 394.1, "park_area_acres": 2.61, "hull_area_acres": 19.14, "boroughs": "X", "members": "D'Auria-Murphy Triangle; Hutton Triangle; Whalen Grove; Belmont Playground" }, "geometry": { "type": "Polygon", "coordinates": [ [ [ -73.887468003336778, 40.849643055566851 ], [ -73.887844575468023, 40.84983810516384 ], [ -73.88827197352586, 40.850151657131711 ], [ -73.890292250706537, 40.852280876552001 ], [ -73.890295162314303, 40.852284375931347 ], [ -73.890297263408456, 40.852288194214559 ], [ -73.890298494866357, 40.852292225987888 ], [ -73.890298823669141, 40.852296357757979 ], [ -73.890298239336346, 40.852300472450878 ], [ -73.890296758659389, 40.852304455720095 ], [ -73.890294422145246, 40.852308195042482 ], [ -73.890291297563849, 40.85231158602555 ], [ -73.889363583687114, 40.853282537989998 ], [ -73.889354561699264, 40.853289259613788 ], [ -73.8893441897917, 40.853294743566686 ], [ -73.889332757592371, 40.85329883524161 ], [ -73.889320585495227, 40.853301421483621 ], [ -73.889307705357709, 40.85330402595531 ], [ -73.888852751686485, 40.853360276297423 ], [ -73.888845012360193, 40.853358053630785 ], [ -73.885745348504742, 40.851076191524193 ], [ -73.885739074882665, 40.851071465830621 ], [ -73.885733895887711, 40.851066028931498 ], [ -73.885729948837024, 40.851060025041775 ], [ -73.885727337814401, 40.851053614552377 ], [ -73.885726133682866, 40.851046966826082 ], [ -73.885726366972207, 40.851040258389659 ], [ -73.885728032630524, 40.851033668436138 ], [ -73.885731086478913, 40.851027371617079 ], [ -73.885735446403615, 40.851021534442232 ], [ -73.885740997102687, 40.851016313482809 ], [ -73.886966639932879, 40.850037094555795 ], [ -73.887468003336778, 40.849643055566851 ] ] ] } },
{ "type": "Feature", "properties": { "group_id": "D-123", "n_parks": 4, "extent_km": 0.831, "max_walk_m": 446.7, "park_area_acres": 24.72, "hull_area_acres": 94.27, "boroughs": "X", "members": "Freeman Triangle; Starlight Park; Daniel Boone Playground; Concrete Plant Park" }, "geometry": { "type": "Polygon", "coordinates": [ [ [ -73.885056457754047, 40.822973056398325 ], [ -73.887975351380064, 40.829227838259904 ], [ -73.887957396833443, 40.829389006827633 ], [ -73.881867659274761, 40.835210007130904 ], [ -73.880260845039402, 40.83465627745035 ], [ -73.88473385429694, 40.823021870871187 ], [ -73.885056457754047, 40.822973056398325 ] ] ] } },
{ "type": "Feature", "properties": { "group_id": "D-124", "n_parks": 4, "extent_km": 0.312, "max_walk_m": 330.0, "park_area_acres": 1.24, "hull_area_acres": 7.69, "boroughs": "X", "members": "Boone Slope; Eae J Mitchell Park; Rock Garden Park; Angie Lee Gonzales Garden" }, "geometry": { "type": "Polygon", "coordinates": [ [ [ -73.885209378143884, 40.834749313353562 ], [ -73.885545387276665, 40.834827800336981 ], [ -73.885729677226223, 40.835239084146849 ], [ -73.885690867885785, 40.835304841236024 ], [ -73.884805501176956, 40.836794613906399 ], [ -73.882480181363164, 40.837217673311869 ], [ -73.882272070089797, 40.83716596539719 ], [ -73.882277688286663, 40.837152922066238 ], [ -73.885209378143884, 40.834749313353562 ] ] ] } },
{ "type": "Feature", "properties": { "group_id": "D-125", "n_parks": 4, "extent_km": 0.71, "max_walk_m": 627.5, "park_area_acres": 4.97, "hull_area_acres": 11.24, "boroughs": "X", "members": "Crescent Park; Cooney Grauer Field; Bailey Playground; Park" }, "geometry": { "type": "Polygon", "coordinates": [ [ [ -73.902561467544359, 40.879517476665413 ], [ -73.898321421207712, 40.88437298812039 ], [ -73.898077462236785, 40.884595459712955 ], [ -73.896799547080505, 40.885560352728646 ], [ -73.896450727596687, 40.885793676053453 ], [ -73.896431605294055, 40.885790045244178 ], [ -73.89650663102536, 40.885548041045475 ], [ -73.901346181543872, 40.87983572287677 ], [ -73.902561467544359, 40.879517476665413 ] ] ] } },
{ "type": "Feature", "properties": { "group_id": "D-126", "n_parks": 4, "extent_km": 0.249, "max_walk_m": 195.1, "park_area_acres": 20.67, "hull_area_acres": 28.21, "boroughs": "X", "members": "Spuyten Duyvil Playground; Riverdale Playground; Seton Park; Raoul Wallenberg Forest" }, "geometry": { "type": "Polygon", "coordinates": [ [ [ -73.916022156627221, 40.885009790864515 ], [ -73.918555116795346, 40.885656045369053 ], [ -73.918567973036119, 40.88758151624662 ], [ -73.918566994427565, 40.887666512428027 ], [ -73.918566064340453, 40.887737081056187 ], [ -73.918561747426693, 40.887808930486415 ], [ -73.918556588031407, 40.887878854082174 ], [ -73.918543718036887, 40.887972267714403 ], [ -73.918530313580533, 40.888053479382336 ], [ -73.918511563016267, 40.888143889338771 ], [ -73.918504555047633, 40.888174952054889 ], [ -73.915533264284633, 40.888388775899969 ], [ -73.91491796452145, 40.888337883280315 ], [ -73.913884423677558, 40.887837492997896 ], [ -73.914096556838373, 40.887253598525731 ], [ -73.914566786313017, 40.886097903373908 ], [ -73.916022156627221, 40.885009790864515 ] ] ] } },
{ "type": "Feature", "properties": { "group_id": "D-127", "n_parks": 4, "extent_km": 0.243, "max_walk_m": 261.9, "park_area_acres": 2.69, "hull_area_acres": 9.26, "boroughs": "X", "members": "Pontiac Playground; Fountain Of Youth Playground; El Flamboyan Garden; Isla Verde Garden" }, "geometry": { "type": "Polygon", "coordinates": [ [ [ -73.905206161451673, 40.813348627388528 ], [ -73.905923633396029, 40.813496437425741 ], [ -73.908666962929757, 40.814061678494078 ], [ -73.908469859486615, 40.814610299821553 ], [ -73.906981505722328, 40.815046551455225 ], [ -73.906611052556642, 40.814972539067114 ], [ -73.904816910320832, 40.814437156078107 ], [ -73.905206161451673, 40.813348627388528 ] ] ] } },
{ "type": "Feature", "properties": { "group_id": "D-128", "n_parks": 3, "extent_km": 0.257, "max_walk_m": 302.2, "park_area_acres": 2.51, "hull_area_acres": 8.32, "boroughs": "B", "members": "Cuyler Gore Park; South Oxford Park; Brooklyn Bears Carlton Av Garden" }, "geometry": { "type": "Polygon", "coordinates": [ [ [ -73.972726458859938, 40.683296002108861 ], [ -73.972816308007836, 40.683753452061012 ], [ -73.972876669695694, 40.684060769392758 ], [ -73.972870746897527, 40.68580498765855 ], [ -73.97153804240898, 40.685959729708756 ], [ -73.970949931641954, 40.685814766626592 ], [ -73.970877380577235, 40.68575474525602 ], [ -73.970865424415479, 40.685695050774655 ], [ -73.970855699205643, 40.685646493510397 ], [ -73.972034930853596, 40.6835183585397 ], [ -73.972360548577612, 40.683338473091389 ], [ -73.972726458859938, 40.683296002108861 ] ] ] } },
{ "type": "Feature", "properties": { "group_id": "D-129", "n_parks": 3, "extent_km": 0.434, "max_walk_m": 107.8, "park_area_acres": 25.34, "hull_area_acres": 53.22, "boroughs": "B", "members": "Eastern Parkway (8/10); Grand Army Plaza; Mount Prospect Park" }, "geometry": { "type": "Polygon", "coordinates": [ [ [ -73.96600275871576, 40.670507149341852 ], [ -73.967654581422593, 40.670874220036261 ], [ -73.970642642280666, 40.672436225793774 ], [ -73.970738505197417, 40.672491793993686 ], [ -73.97082919645203, 40.672552185762683 ], [ -73.970914298667481, 40.672617122748051 ], [ -73.970993420490885, 40.672686304991963 ], [ -73.971066196592432, 40.672759413632335 ], [ -73.971132291212797, 40.672836112704736 ], [ -73.971273460012398, 40.673025769516883 ], [ -73.971347777376153, 40.673138643308384 ], [ -73.971414145747758, 40.673254352598725 ], [ -73.971472377175786, 40.673372574970465 ], [ -73.971522308546412, 40.673492978105472 ], [ -73.971563801582036, 40.673615224287133 ], [ -73.971596738110321, 40.673738971299571 ], [ -73.97162102716176, 40.673863871528852 ], [ -73.971634065504688, 40.673981440586367 ], [ -73.97163888830751, 40.674099370523344 ], [ -73.971635481475033, 40.674217329047408 ], [ -73.971623854566971, 40.674334983870132 ], [ -73.971604040799335, 40.674452001806607 ], [ -73.971576095859191, 40.674568055078971 ], [ -73.971540097908232, 40.674682815012815 ], [ -73.97149614876372, 40.674795957440338 ], [ -73.971444372715581, 40.674907164501676 ], [ -73.971384915345041, 40.675016121942846 ], [ -73.971317943523914, 40.675122522717999 ], [ -73.971243647780781, 40.675226066089792 ], [ -73.970999026631233, 40.67544168881485 ], [ -73.970922684943844, 40.675488403567755 ], [ -73.970841201561541, 40.675529778714569 ], [ -73.970755218889366, 40.67556548662035 ], [ -73.97066541361751, 40.675595247387484 ], [ -73.970572495539486, 40.675618825253686 ], [ -73.970477195721102, 40.675636033992561 ], [ -73.970380267681733, 40.675646738714903 ], [ -73.970282473200044, 40.675650854965063 ], [ -73.970184585860849, 40.675648349622108 ], [ -73.970087375677309, 40.675639242697464 ], [ -73.969991610272032, 40.675623607334671 ], [ -73.969898043051032, 40.675601564403422 ], [ -73.969807414381975, 40.675573289703628 ], [ -73.969494328922949, 40.675411037894129 ], [ -73.963233049658669, 40.67206977823723 ], [ -73.963257201964907, 40.672013347456961 ], [ -73.963323307728857, 40.671858893775919 ], [ -73.963436158521716, 40.671595220268635 ], [ -73.96600275871576, 40.670507149341852 ] ] ] } },
{ "type": "Feature", "properties": { "group_id": "D-130", "n_parks": 3, "extent_km": 0.391, "max_walk_m": 280.6, "park_area_acres": 32.43, "hull_area_acres": 53.96, "boroughs": "B", "members": "Fort Greene Park; Albert L. Parham Playground; Edmonds Playground" }, "geometry": { "type": "Polygon", "coordinates": [ [ [ -73.97152661374092, 40.688810504298488 ], [ -73.977115805265186, 40.689885072425703 ], [ -73.977595255310533, 40.691643979752968 ], [ -73.977599537184815, 40.691664069232083 ], [ -73.977630684306575, 40.691814312386917 ], [ -73.977689295233773, 40.693333503545112 ], [ -73.973954105277556, 40.69319111676969 ], [ -73.970556392742054, 40.690957546699515 ], [ -73.970370456456394, 40.690015192934887 ], [ -73.971134421281988, 40.68885560696107 ], [ -73.97152661374092, 40.688810504298488 ] ] ] } },
{ "type": "Feature", "properties": { "group_id": "D-131", "n_parks": 3, "extent_km": 0.546, "max_walk_m": 329.3, "park_area_acres": 25.87, "hull_area_acres": 75.25, "boroughs": "B", "members": "John Paul Jones Park; Shore Park and Parkway (4/10); John J Carty Park" }, "geometry": { "type": "Polygon", "coordinates": [ [ [ -74.036188539083355, 40.609504816112498 ], [ -74.038903767889579, 40.613082672048122 ], [ -74.037237679079141, 40.613803350294241 ], [ -74.02889052512802, 40.61529578099119 ], [ -74.028092739800243, 40.615386169504447 ], [ -74.027906135542693, 40.615291689976516 ], [ -74.028512604839591, 40.614586130650075 ], [ -74.031268804814957, 40.61141187201526 ], [ -74.031503305887412, 40.611175944340459 ], [ -74.034962024849833, 40.609888445965971 ], [ -74.035042407734409, 40.609860776379179 ], [ -74.036188539083355, 40.609504816112498 ] ] ] } },
{ "type": "Feature", "properties": { "group_id": "D-132", "n_parks": 3, "extent_km": 0.164, "max_walk_m": 96.2, "park_area_acres": 8.21, "hull_area_acres": 17.53, "boroughs": "B", "members": "Greenpoint Playground; Newtown Barge Playground; Greenpoint Landing" }, "geometry": { "type": "Polygon", "coordinates": [ [ [ -73.962175290725085, 40.734425400570977 ], [ -73.962792944750461, 40.735224767500455 ], [ -73.961201443083922, 40.736578087412909 ], [ -73.960639146297964, 40.73694762976973 ], [ -73.958623984286817, 40.737882701237119 ], [ -73.958515165066899, 40.737766124696194 ], [ -73.958663506431336, 40.735624621093912 ], [ -73.961715002658778, 40.734469137424647 ], [ -73.96201274024483, 40.73444030990612 ], [ -73.962175290725085, 40.734425400570977 ] ] ] } },
{ "type": "Feature", "properties": { "group_id": "D-133", "n_parks": 3, "extent_km": 0.533, "max_walk_m": 363.1, "park_area_acres": 3.4, "hull_area_acres": 10.27, "boroughs": "B", "members": "Saratoga Park; Welcome Home Garden; Halsey Ralph & Howard Community Garden" }, "geometry": { "type": "Polygon", "coordinates": [ [ [ -73.922915070147454, 40.684529196000568 ], [ -73.925328211226784, 40.684714580384579 ], [ -73.92538383288867, 40.684994085622584 ], [ -73.925313102162875, 40.685002286644853 ], [ -73.925293660202144, 40.685004540618422 ], [ -73.91780474918319, 40.685401473136253 ], [ -73.917705121222482, 40.684846803167126 ], [ -73.920187782164405, 40.684560198251646 ], [ -73.922915070147454, 40.684529196000568 ] ] ] } },
{ "type": "Feature", "properties": { "group_id": "D-134", "n_parks": 3, "extent_km": 0.523, "max_walk_m": 275.5, "park_area_acres": 16.87, "hull_area_acres": 53.11, "boroughs": "B", "members": "Shore Park and Parkway (8/10); Russell Pedersen Playground; Fort Hamilton Athletic Field" }, "geometry": { "type": "Polygon", "coordinates": [ [ [ -74.03619722311123, 40.625725692825604 ], [ -74.036642559327902, 40.625828632472782 ], [ -74.038612444564819, 40.626289895066982 ], [ -74.041510304636873, 40.627531340397894 ], [ -74.041463748757579, 40.627882706125163 ], [ -74.041405926403542, 40.628254905489015 ], [ -74.041119002600468, 40.630078092549461 ], [ -74.041103216814633, 40.630163675471032 ], [ -74.04107841880095, 40.630248008086618 ], [ -74.041044772485378, 40.630330542816012 ], [ -74.040027924010417, 40.632293517238047 ], [ -74.038456757199114, 40.63187128716033 ], [ -74.035716213337309, 40.626933707042745 ], [ -74.03619722311123, 40.625725692825604 ] ] ] } },
{ "type": "Feature", "properties": { "group_id": "D-135", "n_parks": 3, "extent_km": 0.198, "max_walk_m": 211.2, "park_area_acres": 4.56, "hull_area_acres": 8.27, "boroughs": "B", "members": "Police Officer John G. Scarangella Park; Lafayette Playground; Meucci Triangle" }, "geometry": { "type": "Polygon", "coordinates": [ [ [ -73.98452221318361, 40.593676627497615 ], [ -73.984922933198007, 40.593911569544758 ], [ -73.985847541393497, 40.59447187174807 ], [ -73.984883178013007, 40.595574653329599 ], [ -73.983414940735557, 40.595777917601062 ], [ -73.983200730516046, 40.595799360349261 ], [ -73.983169788443803, 40.595619744775327 ], [ -73.983795532336813, 40.593756607215738 ], [ -73.98452221318361, 40.593676627497615 ] ] ] } },
{ "type": "Feature", "properties": { "group_id": "D-136", "n_parks": 3, "extent_km": 0.162, "max_walk_m": 191.4, "park_area_acres": 1.55, "hull_area_acres": 5.32, "boroughs": "B", "members": "Cohn Triangle; Bedford Playground; Epiphany Playground" }, "geometry": { "type": "Polygon", "coordinates": [ [ [ -73.964585543977364, 40.707217060640914 ], [ -73.965823738758147, 40.708259223782157 ], [ -73.965717108060232, 40.708814096955933 ], [ -73.965188692150832, 40.70875417955088 ], [ -73.963487996927014, 40.708559574514823 ], [ -73.963514336929563, 40.708054768897938 ], [ -73.964585543977364, 40.707217060640914 ] ] ] } },
{ "type": "Feature", "properties": { "group_id": "D-137", "n_parks": 3, "extent_km": 0.296, "max_walk_m": 248.3, "park_area_acres": 6.93, "hull_area_acres": 21.46, "boroughs": "B", "members": "City Line Park; Crystal Wells Block Association; Green Gems" }, "geometry": { "type": "Polygon", "coordinates": [ [ [ -73.875505501668314, 40.676272576033256 ], [ -73.876193769041919, 40.67900903526354 ], [ -73.876449820426174, 40.680060790864921 ], [ -73.873967096986917, 40.680728123872434 ], [ -73.873177872571091, 40.678185425169133 ], [ -73.874859506011276, 40.676363565735009 ], [ -73.875216139276546, 40.676313333287546 ], [ -73.875505501668314, 40.676272576033256 ] ] ] } },
{ "type": "Feature", "properties": { "group_id": "D-138", "n_parks": 3, "extent_km": 0.141, "max_walk_m": 156.3, "park_area_acres": 0.61, "hull_area_acres": 3.01, "boroughs": "B", "members": "Lithuania Square; Ten Eyck Plaza; Ten Eyck Houses Garden" }, "geometry": { "type": "Polygon", "coordinates": [ [ [ -73.950958656574841, 40.708826482970053 ], [ -73.950964965355425, 40.70882779860294 ], [ -73.950965440998573, 40.708827897861781 ], [ -73.950972595009773, 40.708830412434672 ], [ -73.950979065596528, 40.708833767793529 ], [ -73.950983363672492, 40.708836901601757 ], [ -73.950987655128131, 40.708840992650394 ], [ -73.950990721937572, 40.708844885965483 ], [ -73.950993374957505, 40.708849857016268 ], [ -73.950995118530443, 40.708855666055761 ], [ -73.950995523896481, 40.708861217879814 ], [ -73.950994624992404, 40.708867030296879 ], [ -73.950981050931119, 40.708890589094196 ], [ -73.950975639706115, 40.708899770202876 ], [ -73.950964250892397, 40.708919092123153 ], [ -73.950956229511206, 40.708932589169585 ], [ -73.950250397658934, 40.709930471355094 ], [ -73.950160919661258, 40.709938986604868 ], [ -73.950074154172171, 40.709947243614344 ], [ -73.94920570561834, 40.709596012858228 ], [ -73.949115651657849, 40.709037103260016 ], [ -73.950893215090574, 40.70883094592083 ], [ -73.950919758571004, 40.708828785208155 ], [ -73.950958656574841, 40.708826482970053 ] ] ] } },
{ "type": "Feature", "properties": { "group_id": "D-139", "n_parks": 3, "extent_km": 0.356, "max_walk_m": 263.2, "park_area_acres": 1.53, "hull_area_acres": 9.01, "boroughs": "B", "members": "Jaime Campiz Playground; Macri Triangle; Mt. Carmel Triangle" }, "geometry": { "type": "Polygon", "coordinates": [ [ [ -73.954865169971072, 40.712882068636659 ], [ -73.954954871637682, 40.712913533395103 ], [ -73.954286245923242, 40.713964286402209 ], [ -73.951829910767643, 40.71592036510269 ], [ -73.95182145087638, 40.715923966305546 ], [ -73.951577213746447, 40.715947696742816 ], [ -73.951481282221437, 40.715956593017729 ], [ -73.951461705850377, 40.715955096222132 ], [ -73.951448985940019, 40.715951366347745 ], [ -73.951437242122779, 40.715943169451876 ], [ -73.951429420328367, 40.715933483864923 ], [ -73.951426490578896, 40.71592454596415 ], [ -73.951783837101516, 40.71418132145353 ], [ -73.954865169971072, 40.712882068636659 ] ] ] } },
{ "type": "Feature", "properties": { "group_id": "D-140", "n_parks": 3, "extent_km": 0.196, "max_walk_m": 119.8, "park_area_acres": 2.7, "hull_area_acres": 5.94, "boroughs": "B", "members": "P.O. Reinaldo Salgado Playground; Citizens For A Better Community; Patchen Community Square Garden" }, "geometry": { "type": "Polygon", "coordinates": [ [ [ -73.927237171571505, 40.686425138344077 ], [ -73.927264769489682, 40.686564799387199 ], [ -73.926972678207505, 40.688096143495827 ], [ -73.926526888224714, 40.688146790091508 ], [ -73.925025465432256, 40.688317353343088 ], [ -73.924956211803675, 40.688042153520648 ], [ -73.924900165307719, 40.687760003095903 ], [ -73.926884074409259, 40.686466154470025 ], [ -73.927237171571505, 40.686425138344077 ] ] ] } },
{ "type": "Feature", "properties": { "group_id": "D-141", "n_parks": 3, "extent_km": 0.519, "max_walk_m": 480.7, "park_area_acres": 3.41, "hull_area_acres": 20.03, "boroughs": "B", "members": "Sheepshead Playground; Playground 286; Yak Playground" }, "geometry": { "type": "Polygon", "coordinates": [ [ [ -73.940056961604512, 40.588010129889597 ], [ -73.940538966816675, 40.588448354439443 ], [ -73.940713915548571, 40.589366532088633 ], [ -73.938472022377837, 40.591755052406263 ], [ -73.937279135610538, 40.592288643773117 ], [ -73.935838277590094, 40.592494617410175 ], [ -73.935705909820044, 40.592509918957383 ], [ -73.935665518656975, 40.592298738974797 ], [ -73.939685416620065, 40.588046761468469 ], [ -73.940056961604512, 40.588010129889597 ] ] ] } },
{ "type": "Feature", "properties": { "group_id": "D-142", "n_parks": 3, "extent_km": 0.344, "max_walk_m": 405.9, "park_area_acres": 3.91, "hull_area_acres": 18.99, "boroughs": "B", "members": "Star Spangled Playground; Classon Playground; Lafayette Gardens Playground" }, "geometry": { "type": "Polygon", "coordinates": [ [ [ -73.960830465061306, 40.688958945020445 ], [ -73.960984001141739, 40.689735200997951 ], [ -73.958512104804157, 40.692333687585631 ], [ -73.957709892468131, 40.692426155640817 ], [ -73.957494470261778, 40.691343337123485 ], [ -73.9572250081211, 40.689616233813588 ], [ -73.957272743437827, 40.689490774011894 ], [ -73.957341690446924, 40.689309564064153 ], [ -73.95758253118079, 40.689281591289962 ], [ -73.960830465061306, 40.688958945020445 ] ] ] } },
{ "type": "Feature", "properties": { "group_id": "D-143", "n_parks": 3, "extent_km": 0.357, "max_walk_m": 298.4, "park_area_acres": 2.71, "hull_area_acres": 7.24, "boroughs": "B", "members": "Bushwick Playground; Garden Playground; Beaver Noll Park" }, "geometry": { "type": "Polygon", "coordinates": [ [ [ -73.935825815489437, 40.699311276798703 ], [ -73.939787995541792, 40.701330502223669 ], [ -73.939893346727956, 40.701977315888584 ], [ -73.939700304053829, 40.702147173962238 ], [ -73.939656438500037, 40.702158847724377 ], [ -73.939621504919216, 40.70216705288064 ], [ -73.939556766976764, 40.70217842929106 ], [ -73.939495868651903, 40.702185922874492 ], [ -73.939454454340392, 40.70218761747315 ], [ -73.939341375376912, 40.70218884026486 ], [ -73.939285193604022, 40.702187099670304 ], [ -73.939037213327993, 40.70205965960411 ], [ -73.93617222023839, 40.699937629891501 ], [ -73.936008309345993, 40.699670112824414 ], [ -73.935802695756749, 40.699334528643497 ], [ -73.935825815489437, 40.699311276798703 ] ] ] } },
{ "type": "Feature", "properties": { "group_id": "D-144", "n_parks": 3, "extent_km": 0.125, "max_walk_m": 0.0, "park_area_acres": 1.31, "hull_area_acres": 3.13, "boroughs": "B", "members": "Hattie Carthan Playground; Shiloh Garden; The Feeding Tree" }, "geometry": { "type": "Polygon", "coordinates": [ [ [ -73.946556854463282, 40.685273803253857 ], [ -73.946611203812751, 40.685550557307479 ], [ -73.946631586727989, 40.685832240299412 ], [ -73.945301437305645, 40.686395151872077 ], [ -73.945235482534926, 40.686402756859671 ], [ -73.945167463260802, 40.686410599461844 ], [ -73.944562860073503, 40.686011682923947 ], [ -73.944551887018164, 40.685957426179691 ], [ -73.945630339342685, 40.685380379990363 ], [ -73.946556854463282, 40.685273803253857 ] ] ] } },
{ "type": "Feature", "properties": { "group_id": "D-145", "n_parks": 3, "extent_km": 0.212, "max_walk_m": 273.1, "park_area_acres": 0.75, "hull_area_acres": 5.01, "boroughs": "B", "members": "Georgia Ave Garden; Prophecy Garden; Hands and Heart Garden" }, "geometry": { "type": "Polygon", "coordinates": [ [ [ -73.895166450683973, 40.659040171106419 ], [ -73.895202402891968, 40.659087752978081 ], [ -73.895238355149843, 40.659135335738753 ], [ -73.895808509740661, 40.660740937137966 ], [ -73.89589586289712, 40.661087020985228 ], [ -73.895923126633846, 40.661195041058491 ], [ -73.895203043866488, 40.661298451031271 ], [ -73.894480676042136, 40.661121857547897 ], [ -73.894332152253412, 40.660922189145431 ], [ -73.89485957920877, 40.659177247811044 ], [ -73.895166450683973, 40.659040171106419 ] ] ] } },
{ "type": "Feature", "properties": { "group_id": "D-146", "n_parks": 3, "extent_km": 0.353, "max_walk_m": 365.6, "park_area_acres": 0.32, "hull_area_acres": 7.73, "boroughs": "B", "members": "Clifton Pl Memorial Park and Garden; Greene Av United Neighbors Association *; Whole Neighborhood Garden" }, "geometry": { "type": "Polygon", "coordinates": [ [ [ -73.951292594012457, 40.688010796097849 ], [ -73.954781105835792, 40.688416727757868 ], [ -73.954803269205186, 40.688527197955523 ], [ -73.95482565430143, 40.688638780368557 ], [ -73.955041134711195, 40.689717710471648 ], [ -73.955062208907208, 40.689825352563687 ], [ -73.954694645119829, 40.689867569494758 ], [ -73.951270197181231, 40.688297585781179 ], [ -73.951215136303034, 40.688019573911909 ], [ -73.951292594012457, 40.688010796097849 ] ] ] } },
{ "type": "Feature", "properties": { "group_id": "D-147", "n_parks": 3, "extent_km": 0.244, "max_walk_m": 256.9, "park_area_acres": 0.39, "hull_area_acres": 5.72, "boroughs": "B", "members": "Preston Community Garden; St Mark's Block Association; Sterling Community Group" }, "geometry": { "type": "Polygon", "coordinates": [ [ [ -73.922061188038512, 40.671081066475232 ], [ -73.922249272386196, 40.671091147139286 ], [ -73.922056301988036, 40.673323005583988 ], [ -73.922031837706285, 40.673588424930564 ], [ -73.921689341204157, 40.673570021717431 ], [ -73.920627176121997, 40.672254416964002 ], [ -73.920660645405022, 40.671901015602842 ], [ -73.922061188038512, 40.671081066475232 ] ] ] } },
{ "type": "Feature", "properties": { "group_id": "D-148", "n_parks": 3, "extent_km": 0.49, "max_walk_m": 274.0, "park_area_acres": 28.36, "hull_area_acres": 67.63, "boroughs": "M", "members": "The Battery; Bowling Green; Battery Park City (3/4)" }, "geometry": { "type": "Polygon", "coordinates": [ [ [ -74.015149484794833, 40.700803560594522 ], [ -74.016142711164392, 40.701559824111065 ], [ -74.017028912907676, 40.702417273677518 ], [ -74.019263403550923, 40.705006977589214 ], [ -74.019440616825918, 40.705819288394153 ], [ -74.019140863739267, 40.707029681728109 ], [ -74.018243004412554, 40.707721778975781 ], [ -74.017558337240445, 40.707642345655941 ], [ -74.01337262356175, 40.705672172241115 ], [ -74.013370028260852, 40.705670747933517 ], [ -74.01336778079326, 40.705669013809477 ], [ -74.013365945068031, 40.705667019389821 ], [ -74.013364570795702, 40.705664820500473 ], [ -74.013363697037946, 40.705662478371657 ], [ -74.012653736889888, 40.7015453336723 ], [ -74.013855239137087, 40.701172219475588 ], [ -74.015149484794833, 40.700803560594522 ] ] ] } },
{ "type": "Feature", "properties": { "group_id": "D-149", "n_parks": 3, "extent_km": 0.425, "max_walk_m": 303.8, "park_area_acres": 16.44, "hull_area_acres": 62.29, "boroughs": "M", "members": "Thomas Jefferson Park; East River Esplanade (1/8); Pleasant Park Garden" }, "geometry": { "type": "Polygon", "coordinates": [ [ [ -73.938630604044064, 40.786614069833327 ], [ -73.938747892841945, 40.786672064329238 ], [ -73.937523779450956, 40.792823897256802 ], [ -73.936258641855588, 40.79455598054134 ], [ -73.930489649784789, 40.794556487611253 ], [ -73.930392373461984, 40.794494799694121 ], [ -73.938630604044064, 40.786614069833327 ] ] ] } },
{ "type": "Feature", "properties": { "group_id": "D-150", "n_parks": 3, "extent_km": 0.312, "max_walk_m": 230.6, "park_area_acres": 30.55, "hull_area_acres": 61.53, "boroughs": "M", "members": "Morningside Park; Lafayette Square; Garden Of Love" }, "geometry": { "type": "Polygon", "coordinates": [ [ [ -73.959674135868198, 40.801338688688261 ], [ -73.960889690236016, 40.80185198943331 ], [ -73.959675039475542, 40.805431856657947 ], [ -73.957154284600691, 40.810207102170239 ], [ -73.956773813247466, 40.810736585203827 ], [ -73.955164509309569, 40.810057024079896 ], [ -73.955925224306711, 40.804507816061836 ], [ -73.956108860886303, 40.804258341740514 ], [ -73.959674135868198, 40.801338688688261 ] ] ] } },
{ "type": "Feature", "properties": { "group_id": "D-151", "n_parks": 3, "extent_km": 0.326, "max_walk_m": 296.2, "park_area_acres": 2.43, "hull_area_acres": 11.55, "boroughs": "M", "members": "Lillian D Wald Playground; Little Flower Playground; Cherry Clinton Playground" }, "geometry": { "type": "Polygon", "coordinates": [ [ [ -73.986554993263354, 40.711127173786856 ], [ -73.988759038714917, 40.712143685094688 ], [ -73.988829878961909, 40.712638106551267 ], [ -73.987714667442603, 40.712730620361192 ], [ -73.98441469542125, 40.71237532065286 ], [ -73.983841134991579, 40.712090732431591 ], [ -73.983813944434331, 40.711895943645629 ], [ -73.985956385142075, 40.711185559874778 ], [ -73.986554993263354, 40.711127173786856 ] ] ] } },
{ "type": "Feature", "properties": { "group_id": "D-152", "n_parks": 3, "extent_km": 0.339, "max_walk_m": 223.0, "park_area_acres": 5.47, "hull_area_acres": 12.66, "boroughs": "M", "members": "Stuyvesant Square; Augustus St. Gaudens Playground; Peter's Field" }, "geometry": { "type": "Polygon", "coordinates": [ [ [ -73.983644428939002, 40.732779681110586 ], [ -73.984258458078358, 40.733036244913897 ], [ -73.985113935629272, 40.733408828644443 ], [ -73.98511740254763, 40.733410893957569 ], [ -73.98512059819538, 40.733413757986227 ], [ -73.98512332595385, 40.733417896173314 ], [ -73.985124563921516, 40.733424533077809 ], [ -73.985123435907752, 40.733429130025876 ], [ -73.984345833202568, 40.734493479652272 ], [ -73.984341929339976, 40.734496787587723 ], [ -73.981739966962195, 40.736471329742969 ], [ -73.981087560953199, 40.736194667719232 ], [ -73.981414331107402, 40.735748824590559 ], [ -73.983644428939002, 40.732779681110586 ] ] ] } },
{ "type": "Feature", "properties": { "group_id": "D-153", "n_parks": 3, "extent_km": 0.39, "max_walk_m": 276.2, "park_area_acres": 4.56, "hull_area_acres": 15.57, "boroughs": "M", "members": "Park; Park; East River Esplanade (8/8)" }, "geometry": { "type": "Polygon", "coordinates": [ [ [ -73.930392373461984, 40.794494799694121 ], [ -73.930489649784789, 40.794556487611253 ], [ -73.929927918830231, 40.801108180822659 ], [ -73.929926264038485, 40.801110918235061 ], [ -73.929923358874149, 40.801112703059594 ], [ -73.929919409247134, 40.801113803770178 ], [ -73.929915647819229, 40.801113986085682 ], [ -73.929911860112554, 40.801113240870883 ], [ -73.928996833276244, 40.80068231604961 ], [ -73.928963191643419, 40.800389607809031 ], [ -73.928910974429172, 40.79977388433349 ], [ -73.928918055242249, 40.799531502147175 ], [ -73.928960026446603, 40.798561979015389 ], [ -73.929006272522983, 40.797573938674311 ], [ -73.929026299796348, 40.797151217662716 ], [ -73.929045648991945, 40.796768555841844 ], [ -73.929281005044757, 40.79586033823108 ], [ -73.929526193218834, 40.795511506803862 ], [ -73.930201274510594, 40.794596289023133 ], [ -73.930392373461984, 40.794494799694121 ] ] ] } },
{ "type": "Feature", "properties": { "group_id": "D-154", "n_parks": 3, "extent_km": 0.18, "max_walk_m": 134.9, "park_area_acres": 2.0, "hull_area_acres": 5.53, "boroughs": "M", "members": "Booker T. Washington Playground; Anibal Aviles Playground; Mobilization For Change" }, "geometry": { "type": "Polygon", "coordinates": [ [ [ -73.962084507453639, 40.799623216493693 ], [ -73.962324721765427, 40.799724536590389 ], [ -73.964223510493682, 40.800777146144668 ], [ -73.964433009285116, 40.801191868297209 ], [ -73.964252496975618, 40.801439139927567 ], [ -73.963107693985464, 40.801458750498099 ], [ -73.962873100937401, 40.801359779673938 ], [ -73.962402524874292, 40.80116124720827 ], [ -73.962036928286608, 40.799688903964224 ], [ -73.962084507453639, 40.799623216493693 ] ] ] } },
{ "type": "Feature", "properties": { "group_id": "D-155", "n_parks": 3, "extent_km": 0.253, "max_walk_m": 198.2, "park_area_acres": 1.37, "hull_area_acres": 5.99, "boroughs": "M", "members": "Cherry Tree Park; Sunshine Playground; Maggie's Magic Garden" }, "geometry": { "type": "Polygon", "coordinates": [ [ [ -73.947062921818642, 40.786858849297658 ], [ -73.947704519136465, 40.787129240334778 ], [ -73.949528417164288, 40.788712093328307 ], [ -73.949346583469818, 40.788961089401312 ], [ -73.947914873695154, 40.788683776872844 ], [ -73.94775373924665, 40.788616117742983 ], [ -73.94759614055792, 40.788549942219262 ], [ -73.946706895852941, 40.787346646978008 ], [ -73.947062921818642, 40.786858849297658 ] ] ] } },
{ "type": "Feature", "properties": { "group_id": "D-156", "n_parks": 3, "extent_km": 0.315, "max_walk_m": 262.9, "park_area_acres": 1.8, "hull_area_acres": 6.63, "boroughs": "M", "members": "Poor Richard's Playground; Neighbors Of Vega Baja; Humacao Community Garden" }, "geometry": { "type": "Polygon", "coordinates": [ [ [ -73.939537809737615, 40.791194879033057 ], [ -73.941692191510072, 40.791920625465174 ], [ -73.943461053265693, 40.792670654674943 ], [ -73.943618488862953, 40.792737408446229 ], [ -73.943227007118921, 40.793273601112169 ], [ -73.943192978347781, 40.793317059600071 ], [ -73.94319197216295, 40.793317323851241 ], [ -73.940202113684549, 40.792122522356948 ], [ -73.940104384969118, 40.79208120707743 ], [ -73.939356846947405, 40.791443473412684 ], [ -73.939537809737615, 40.791194879033057 ] ] ] } },
{ "type": "Feature", "properties": { "group_id": "D-157", "n_parks": 3, "extent_km": 0.473, "max_walk_m": 77.8, "park_area_acres": 14.45, "hull_area_acres": 38.19, "boroughs": "M", "members": "Battery Park City (1/4); Battery Park City (4/4); Battery Park City" }, "geometry": { "type": "Polygon", "coordinates": [ [ [ -74.017558337240445, 40.707642345655941 ], [ -74.018243004412554, 40.707721778975781 ], [ -74.018899192012626, 40.70800552193333 ], [ -74.017275039468657, 40.71565657957138 ], [ -74.016763926348276, 40.715538140322458 ], [ -74.01616636970455, 40.715127663428007 ], [ -74.0161614668406, 40.715124085488384 ], [ -74.016157361515496, 40.715119968030926 ], [ -74.016154151982988, 40.715115412799584 ], [ -74.016151918747084, 40.715110531446477 ], [ -74.015621271561301, 40.713455498936412 ], [ -74.016016250762434, 40.709105297709591 ], [ -74.016107635462276, 40.708863196069849 ], [ -74.017558337240445, 40.707642345655941 ] ] ] } },
{ "type": "Feature", "properties": { "group_id": "D-158", "n_parks": 3, "extent_km": 0.08, "max_walk_m": 109.2, "park_area_acres": 0.19, "hull_area_acres": 0.73, "boroughs": "M", "members": "William B. Washington Memorial Garden; CEP Community Garden; St. Nicholas Miracle Garden" }, "geometry": { "type": "Polygon", "coordinates": [ [ [ -73.950783094506818, 40.810972466853862 ], [ -73.951110067754101, 40.811110256953221 ], [ -73.9515561700332, 40.811298247656438 ], [ -73.951715390313367, 40.811365343892696 ], [ -73.951589976973438, 40.811713176049849 ], [ -73.951547451152237, 40.811754889045957 ], [ -73.951276560403727, 40.81164073496543 ], [ -73.950735520245942, 40.811037515599558 ], [ -73.950783094506818, 40.810972466853862 ] ] ] } },
{ "type": "Feature", "properties": { "group_id": "D-159", "n_parks": 3, "extent_km": 0.45, "max_walk_m": 110.3, "park_area_acres": 13.04, "hull_area_acres": 23.83, "boroughs": "Q", "members": "Laurelton Parkway (3/8); Laurelton Parkway (5/8); Laurelton Playground" }, "geometry": { "type": "Polygon", "coordinates": [ [ [ -73.737418700523804, 40.668649613411944 ], [ -73.738147258665705, 40.668990713568441 ], [ -73.738207164498576, 40.669018760237407 ], [ -73.738390438374225, 40.669292741098261 ], [ -73.736188453749648, 40.672488328906191 ], [ -73.736145996101257, 40.672545096630103 ], [ -73.734944676563913, 40.674089412815889 ], [ -73.73435272564933, 40.674797510034317 ], [ -73.733650998178462, 40.674466735154098 ], [ -73.733041586635565, 40.674179469372191 ], [ -73.736091095779457, 40.669986531215315 ], [ -73.737129154719014, 40.668819122107557 ], [ -73.737418700523804, 40.668649613411944 ] ] ] } },
{ "type": "Feature", "properties": { "group_id": "D-160", "n_parks": 3, "extent_km": 0.573, "max_walk_m": 505.9, "park_area_acres": 13.61, "hull_area_acres": 15.93, "boroughs": "Q", "members": "Beach Channel Park; Tribute Park; Patricia A. Brackley Park" }, "geometry": { "type": "Polygon", "coordinates": [ [ [ -73.845873223069333, 40.581252639786939 ], [ -73.846017616797539, 40.58150926427183 ], [ -73.846272776121424, 40.582248811089237 ], [ -73.839132612992898, 40.582673255428119 ], [ -73.838641939454646, 40.581827328896374 ], [ -73.845873223069333, 40.581252639786939 ] ] ] } },
{ "type": "Feature", "properties": { "group_id": "D-161", "n_parks": 3, "extent_km": 0.532, "max_walk_m": 216.5, "park_area_acres": 5.05, "hull_area_acres": 25.39, "boroughs": "Q", "members": "Mall Thirty Four XXXIV (3/7); Hinton Park; Louis Armstrong Playground" }, "geometry": { "type": "Polygon", "coordinates": [ [ [ -73.855739902058389, 40.754513581430786 ], [ -73.862250746358129, 40.756118154333492 ], [ -73.862253681444827, 40.756133876876184 ], [ -73.855726789992801, 40.756970488776233 ], [ -73.855647508268476, 40.756979717800341 ], [ -73.855565301816299, 40.756986603587578 ], [ -73.855481327556362, 40.756991729310123 ], [ -73.855420756057654, 40.756994125194609 ], [ -73.855382604285822, 40.756994397885592 ], [ -73.855281490490441, 40.756993591021065 ], [ -73.855228621797337, 40.756992452088348 ], [ -73.855140614451386, 40.756990297303666 ], [ -73.855085379422334, 40.756986006259062 ], [ -73.855011130620852, 40.75697889068379 ], [ -73.854880655183024, 40.756745372787556 ], [ -73.853994688885166, 40.75503666251344 ], [ -73.853974567644386, 40.754997486584863 ], [ -73.854269301745788, 40.754909925363229 ], [ -73.855739902058389, 40.754513581430786 ] ] ] } },
{ "type": "Feature", "properties": { "group_id": "D-162", "n_parks": 3, "extent_km": 0.168, "max_walk_m": 73.9, "park_area_acres": 2.68, "hull_area_acres": 8.92, "boroughs": "Q", "members": "Mall Thirty Four XXXIV (7/7); Travers Park; Rory Staunton Field" }, "geometry": { "type": "Polygon", "coordinates": [ [ [ -73.889606934179497, 40.753363277171971 ], [ -73.889815078349528, 40.754533881435158 ], [ -73.889588729289827, 40.75455824401687 ], [ -73.889079360214396, 40.75457850502513 ], [ -73.88421940972691, 40.75382421615285 ], [ -73.884217589181262, 40.753823805493127 ], [ -73.884215889825015, 40.753823162624606 ], [ -73.884214360176273, 40.753822306506599 ], [ -73.884213047556585, 40.753821263301482 ], [ -73.884211989804683, 40.753820064564934 ], [ -73.88421122001786, 40.753818744549505 ], [ -73.884210760626473, 40.753817342899964 ], [ -73.884210624581272, 40.753815902853717 ], [ -73.884210817729524, 40.75381446674038 ], [ -73.884211331708443, 40.753813076875382 ], [ -73.884212153420179, 40.753811774668769 ], [ -73.884213257926547, 40.753810600618337 ], [ -73.884214610830313, 40.753809587107668 ], [ -73.88421617418004, 40.753808767417333 ], [ -73.884217898203033, 40.753808163109518 ], [ -73.88421973431214, 40.753807794846956 ], [ -73.884908618383534, 40.753734817479618 ], [ -73.886773156523404, 40.753538528727525 ], [ -73.887698401342789, 40.753441305415961 ], [ -73.88770086955877, 40.753441061083535 ], [ -73.889606934179497, 40.753363277171971 ] ] ] } },
{ "type": "Feature", "properties": { "group_id": "D-163", "n_parks": 3, "extent_km": 0.589, "max_walk_m": 203.2, "park_area_acres": 2.03, "hull_area_acres": 27.06, "boroughs": "Q", "members": "Elmjack Mall; Nine Heroes Plaza; Frank D. O'Connor Playground" }, "geometry": { "type": "Polygon", "coordinates": [ [ [ -73.889812165827706, 40.743383617789007 ], [ -73.889825059615404, 40.74338853518848 ], [ -73.890180208780663, 40.745215830108727 ], [ -73.890608120219838, 40.747419962908971 ], [ -73.890887892478005, 40.74889463904158 ], [ -73.890883406677077, 40.748901439922008 ], [ -73.890881452102974, 40.748901947757226 ], [ -73.89087516311406, 40.748903580721546 ], [ -73.890866688022186, 40.7489024929842 ], [ -73.89086057806341, 40.748897478576119 ], [ -73.886048545945371, 40.74426524001867 ], [ -73.885978368015586, 40.743898372251593 ], [ -73.889812165827706, 40.743383617789007 ] ] ] } },
{ "type": "Feature", "properties": { "group_id": "D-164", "n_parks": 3, "extent_km": 0.652, "max_walk_m": 409.0, "park_area_acres": 13.92, "hull_area_acres": 41.57, "boroughs": "Q", "members": "Tudor Park; Tudor Malls; Judge Angelo Graci Triangle" }, "geometry": { "type": "Polygon", "coordinates": [ [ [ -73.847951852121298, 40.670899595899392 ], [ -73.853053096933394, 40.672430955875257 ], [ -73.854924846449208, 40.67299812170608 ], [ -73.856358073730505, 40.673432383082854 ], [ -73.859116819153414, 40.674505268929771 ], [ -73.858464525850565, 40.674597325060923 ], [ -73.85635200131054, 40.674536791993958 ], [ -73.850489417129921, 40.674288784263624 ], [ -73.850486893762309, 40.674288495520827 ], [ -73.850484472840776, 40.674287881824725 ], [ -73.850482226475279, 40.674286960378858 ], [ -73.850480223207299, 40.674285757387253 ], [ -73.847633126892319, 40.672015254728244 ], [ -73.847701192291879, 40.671592723408537 ], [ -73.847951852121298, 40.670899595899392 ] ] ] } },
{ "type": "Feature", "properties": { "group_id": "D-165", "n_parks": 3, "extent_km": 0.417, "max_walk_m": 209.5, "park_area_acres": 8.84, "hull_area_acres": 15.95, "boroughs": "Q", "members": "Locust Grove Civic Triangle; Southern Fields; Lefferts Playground" }, "geometry": { "type": "Polygon", "coordinates": [ [ [ -73.820806710681836, 40.66515679558956 ], [ -73.826436098837959, 40.665365917151632 ], [ -73.828000595105266, 40.665446603004405 ], [ -73.828050619680823, 40.665452436598869 ], [ -73.828098820835962, 40.665464177544187 ], [ -73.828144003714073, 40.665481535891878 ], [ -73.828185047140877, 40.665504080424007 ], [ -73.828220933153247, 40.665531252204509 ], [ -73.828250770616449, 40.665562378121543 ], [ -73.828273821206196, 40.665596684433488 ], [ -73.828288689474306, 40.665631399969783 ], [ -73.828293945670453, 40.665654565526545 ], [ -73.828297453762715, 40.665671380725136 ], [ -73.828297450898575, 40.665709246586239 ], [ -73.828297450356516, 40.66570991657052 ], [ -73.828289501032458, 40.665747974087409 ], [ -73.828270091864198, 40.665788913262922 ], [ -73.828243660445452, 40.665827506007993 ], [ -73.828210680422856, 40.665863056024584 ], [ -73.828171748290217, 40.665894924830496 ], [ -73.828127562089961, 40.665922536230909 ], [ -73.828078918999893, 40.665945395225975 ], [ -73.8280266952234, 40.665963089782352 ], [ -73.823533304661765, 40.66648465536769 ], [ -73.822409451235359, 40.666192110937565 ], [ -73.8199158327253, 40.665449701744805 ], [ -73.819920912315979, 40.665188517201287 ], [ -73.820635671155244, 40.665162920908401 ], [ -73.820806710681836, 40.66515679558956 ] ] ] } },
{ "type": "Feature", "properties": { "group_id": "D-166", "n_parks": 3, "extent_km": 0.337, "max_walk_m": 312.2, "park_area_acres": 1.21, "hull_area_acres": 13.18, "boroughs": "Q", "members": "Flushing Greens; Daniel Carter Beard Mall; Lewis H Latimer House" }, "geometry": { "type": "Polygon", "coordinates": [ [ [ -73.831681104248148, 40.762907474595323 ], [ -73.831703917410366, 40.762907756463086 ], [ -73.831713033670127, 40.762908527105402 ], [ -73.831726459583535, 40.762911231124555 ], [ -73.831747081009027, 40.76291695334082 ], [ -73.83176567965765, 40.762925462366979 ], [ -73.83178784651831, 40.762940146866704 ], [ -73.83179674962652, 40.762949349528711 ], [ -73.831806921288717, 40.7629645991383 ], [ -73.831814300805974, 40.762980581284701 ], [ -73.831817376622396, 40.762995553984446 ], [ -73.831816658990675, 40.763008187034934 ], [ -73.831811345330294, 40.763031922016843 ], [ -73.830014942213808, 40.766187183529155 ], [ -73.829918805488575, 40.766214308956215 ], [ -73.829226928126403, 40.766191586021435 ], [ -73.828546891246418, 40.763844236338009 ], [ -73.828546111292994, 40.763840807851935 ], [ -73.828546179182752, 40.763836979001965 ], [ -73.828547833024899, 40.763831269554387 ], [ -73.828550729484348, 40.763826390421464 ], [ -73.828560952373437, 40.76382012190431 ], [ -73.829778757611805, 40.763440908308958 ], [ -73.831653936783994, 40.762911210721477 ], [ -73.831681104248148, 40.762907474595323 ] ] ] } },
{ "type": "Feature", "properties": { "group_id": "D-167", "n_parks": 3, "extent_km": 0.653, "max_walk_m": 483.8, "park_area_acres": 23.38, "hull_area_acres": 42.18, "boroughs": "Q", "members": "Rockaway Beach and Boardwalk; Beach 17 Playground; Beach 9 Playground" }, "geometry": { "type": "Polygon", "coordinates": [ [ [ -73.756909274068448, 40.592421899543091 ], [ -73.756944610134866, 40.592586939018702 ], [ -73.751131727101765, 40.594928769164632 ], [ -73.745235105130718, 40.595890555922587 ], [ -73.744992156204461, 40.595924875535275 ], [ -73.744787377296774, 40.595943756136286 ], [ -73.744582038360861, 40.595953664083332 ], [ -73.744373436567741, 40.595954578052037 ], [ -73.744113322308621, 40.595950467279323 ], [ -73.744101406956631, 40.59591223591098 ], [ -73.743783496993174, 40.594794672023852 ], [ -73.752785115511273, 40.592662621527339 ], [ -73.753149550138346, 40.592607042830153 ], [ -73.75345339632301, 40.592561495439718 ], [ -73.756909274068448, 40.592421899543091 ] ] ] } },
{ "type": "Feature", "properties": { "group_id": "D-168", "n_parks": 3, "extent_km": 0.324, "max_walk_m": 358.4, "park_area_acres": 1.74, "hull_area_acres": 10.97, "boroughs": "Q", "members": "Rockaway Freeway (1/16); Hammel Playground; Bay Beach 84 Garden" }, "geometry": { "type": "Polygon", "coordinates": [ [ [ -73.809805035333426, 40.587895341365844 ], [ -73.81123635952639, 40.588999768224802 ], [ -73.811388180458295, 40.589138657231281 ], [ -73.811390156163782, 40.589140551741139 ], [ -73.811391687104901, 40.589154125683287 ], [ -73.809993110768019, 40.591218059561839 ], [ -73.809616207758893, 40.591155479583087 ], [ -73.80884104438482, 40.588008623487724 ], [ -73.809805035333426, 40.587895341365844 ] ] ] } },
{ "type": "Feature", "properties": { "group_id": "D-169", "n_parks": 3, "extent_km": 0.387, "max_walk_m": 198.3, "park_area_acres": 2.48, "hull_area_acres": 23.24, "boroughs": "Q", "members": "Rockaway Freeway (12/16); Rockaway Freeway (8/16); Almeda Playground" }, "geometry": { "type": "Polygon", "coordinates": [ [ [ -73.797787745341154, 40.590920353291871 ], [ -73.797847092691995, 40.591166440008529 ], [ -73.795134832588673, 40.594036302663369 ], [ -73.794408147554165, 40.594078885638886 ], [ -73.791486503431884, 40.592158710784915 ], [ -73.791484985907772, 40.592143053295793 ], [ -73.794124916546735, 40.59147966130395 ], [ -73.794387573554744, 40.591416643642845 ], [ -73.794652370381939, 40.591359065678297 ], [ -73.794919112042365, 40.591306970272704 ], [ -73.79518760593416, 40.591260393990773 ], [ -73.795457653556539, 40.591219371587357 ], [ -73.796135452814937, 40.591122382806653 ], [ -73.797787745341154, 40.590920353291871 ] ] ] } },
{ "type": "Feature", "properties": { "group_id": "D-170", "n_parks": 3, "extent_km": 0.302, "max_walk_m": 353.4, "park_area_acres": 2.47, "hull_area_acres": 19.12, "boroughs": "Q", "members": "Park; Park; Lost Battalion Hall Recreation Center" }, "geometry": { "type": "Polygon", "coordinates": [ [ [ -73.865214107072759, 40.731450825267785 ], [ -73.865425299727235, 40.73152360920664 ], [ -73.865752856857625, 40.731636497583693 ], [ -73.865934436484125, 40.731748478548546 ], [ -73.868840153360296, 40.733553379906105 ], [ -73.86884253461217, 40.733559689783753 ], [ -73.868331549596448, 40.733882586620858 ], [ -73.86730311786269, 40.734179873544711 ], [ -73.86476670002564, 40.734293185780643 ], [ -73.864764333422073, 40.734288585002282 ], [ -73.863927568486488, 40.732652288186685 ], [ -73.863909271830465, 40.732616289419035 ], [ -73.865214107072759, 40.731450825267785 ] ] ] } },
{ "type": "Feature", "properties": { "group_id": "D-171", "n_parks": 3, "extent_km": 0.377, "max_walk_m": 203.0, "park_area_acres": 4.12, "hull_area_acres": 9.27, "boroughs": "Q", "members": "Real Good Playground; Barrier Playground; Playground Sixty Two LXII" }, "geometry": { "type": "Polygon", "coordinates": [ [ [ -73.858231111509326, 40.735112967922952 ], [ -73.858394359537897, 40.735424461237947 ], [ -73.855977172860236, 40.736150130229674 ], [ -73.855168486079918, 40.736386536106458 ], [ -73.854923330838531, 40.736428664009992 ], [ -73.854727143004652, 40.736459090725916 ], [ -73.854529887008795, 40.736485241042466 ], [ -73.854331738123065, 40.736507104369949 ], [ -73.854269362095323, 40.736512185369037 ], [ -73.854206982506469, 40.736517266329862 ], [ -73.854172376125248, 40.736519780859076 ], [ -73.853039180437065, 40.736486774783046 ], [ -73.852177768164182, 40.736460763303455 ], [ -73.852044169029242, 40.736190396714044 ], [ -73.852408090117834, 40.736081988556826 ], [ -73.853456385773583, 40.735769704328817 ], [ -73.858231111509326, 40.735112967922952 ] ] ] } },
{ "type": "Feature", "properties": { "group_id": "D-172", "n_parks": 3, "extent_km": 0.388, "max_walk_m": 273.3, "park_area_acres": 6.18, "hull_area_acres": 17.03, "boroughs": "Q", "members": "Quick Brown Fox Triangle; Sitting Area; Elmhurst Park" }, "geometry": { "type": "Polygon", "coordinates": [ [ [ -73.888816757737175, 40.727449929256863 ], [ -73.888908799025714, 40.727562872650104 ], [ -73.888909920419636, 40.727566879198399 ], [ -73.888909913742452, 40.727570884658277 ], [ -73.888908780900451, 40.727573745384589 ], [ -73.888906518804887, 40.727576604120841 ], [ -73.886009931962988, 40.730605738554111 ], [ -73.885004229555022, 40.731336373465595 ], [ -73.884613447912045, 40.730576178847663 ], [ -73.884102061168122, 40.728929614393692 ], [ -73.888816757737175, 40.727449929256863 ] ] ] } },
{ "type": "Feature", "properties": { "group_id": "D-173", "n_parks": 3, "extent_km": 0.261, "max_walk_m": 194.7, "park_area_acres": 4.72, "hull_area_acres": 16.21, "boroughs": "Q", "members": "Louis C. Moser Playground; LaGuardia Landing Lights; LaGuardia Landing Lights" }, "geometry": { "type": "Polygon", "coordinates": [ [ [ -73.890109164729765, 40.761497682355454 ], [ -73.890128399430665, 40.761500360793697 ], [ -73.892475322544243, 40.762541110561308 ], [ -73.892577931878421, 40.763640942525427 ], [ -73.889648220727835, 40.764088077500134 ], [ -73.889460172712432, 40.764108458453691 ], [ -73.888889760942988, 40.763895209600179 ], [ -73.888719424452773, 40.76294351405015 ], [ -73.889774550427205, 40.761533039803396 ], [ -73.889790352288443, 40.761531133243146 ], [ -73.890109164729765, 40.761497682355454 ] ] ] } },
{ "type": "Feature", "properties": { "group_id": "D-174", "n_parks": 3, "extent_km": 0.16, "max_walk_m": 126.5, "park_area_acres": 2.02, "hull_area_acres": 3.5, "boroughs": "Q", "members": "Sparrow's Nest Community Garden; Simeone Park; Corona Taxpayers Association" }, "geometry": { "type": "Polygon", "coordinates": [ [ [ -73.859165933001918, 40.74015635588534 ], [ -73.859634326378398, 40.740358992788252 ], [ -73.860648481947834, 40.741339238960329 ], [ -73.860429566108948, 40.741469546660397 ], [ -73.860212603014887, 40.741598691055593 ], [ -73.859917862169212, 40.741774130143973 ], [ -73.858522507297309, 40.740444798850227 ], [ -73.858932270718228, 40.740261105208916 ], [ -73.859165933001918, 40.74015635588534 ] ] ] } },
{ "type": "Feature", "properties": { "group_id": "D-175", "n_parks": 3, "extent_km": 0.247, "max_walk_m": 0.0, "park_area_acres": 14.9, "hull_area_acres": 20.75, "boroughs": "R", "members": "Midland Playground; Midland Field; Park" }, "geometry": { "type": "Polygon", "coordinates": [ [ [ -74.098799052345385, 40.574215872471477 ], [ -74.102093843130959, 40.575988655802362 ], [ -74.101102317739702, 40.577094627074317 ], [ -74.09934628209956, 40.577251847162721 ], [ -74.098420464383153, 40.576765041375992 ], [ -74.096812102514008, 40.575884451988443 ], [ -74.096975633083076, 40.575710112027991 ], [ -74.098799052345385, 40.574215872471477 ] ] ] } },
{ "type": "Feature", "properties": { "group_id": "D-176", "n_parks": 3, "extent_km": 0.326, "max_walk_m": 232.2, "park_area_acres": 10.42, "hull_area_acres": 23.0, "boroughs": "R", "members": "Forest Grove; Joseph Manna Park; Graniteville Swamp Park" }, "geometry": { "type": "Polygon", "coordinates": [ [ [ -74.173247608609771, 40.62374555418711 ], [ -74.174152956562722, 40.624175319240237 ], [ -74.175197426150461, 40.624676680051934 ], [ -74.176923800513549, 40.625531448291028 ], [ -74.177769101052192, 40.625982452118627 ], [ -74.177759075087991, 40.625990053615887 ], [ -74.174153115969105, 40.627318753852528 ], [ -74.173623852943962, 40.62727270650872 ], [ -74.172585765461918, 40.625571142723857 ], [ -74.172818469425295, 40.624037827777542 ], [ -74.172969006594329, 40.623908196400144 ], [ -74.173247608609771, 40.62374555418711 ] ] ] } },
{ "type": "Feature", "properties": { "group_id": "D-177", "n_parks": 3, "extent_km": 0.415, "max_walk_m": 375.0, "park_area_acres": 42.29, "hull_area_acres": 58.79, "boroughs": "R", "members": "Allison Pond Park; Goodhue Park; Snug Harbor Cemetery" }, "geometry": { "type": "Polygon", "coordinates": [ [ [ -74.099096645582648, 40.634812652215913 ], [ -74.10224110774449, 40.636462557053498 ], [ -74.102596774773247, 40.636980434281519 ], [ -74.102748481189394, 40.638384873109658 ], [ -74.10151325836577, 40.638543237786273 ], [ -74.099652644071412, 40.638557075419705 ], [ -74.094653115489322, 40.637182435124075 ], [ -74.092805922118856, 40.635839190730636 ], [ -74.092671619094972, 40.635703962683337 ], [ -74.092679755729094, 40.63562338935116 ], [ -74.092683092070544, 40.635616105962121 ], [ -74.0930555054439, 40.635194214373335 ], [ -74.093092869570015, 40.635157867978187 ], [ -74.093136086605895, 40.635125293609001 ], [ -74.093152187878246, 40.635116218638125 ], [ -74.093197801043559, 40.635090513268224 ], [ -74.093253741238996, 40.635067728895272 ], [ -74.093317572495565, 40.635049750467509 ], [ -74.093380911694751, 40.635039171972764 ], [ -74.093441221092576, 40.635035241739402 ], [ -74.099096645582648, 40.634812652215913 ] ] ] } },
{ "type": "Feature", "properties": { "group_id": "D-178", "n_parks": 3, "extent_km": 0.352, "max_walk_m": 297.4, "park_area_acres": 30.6, "hull_area_acres": 61.85, "boroughs": "R", "members": "E.M.T. Christopher J. Prescott Playground; Bunker Ponds Park; Kingdom Pond Park" }, "geometry": { "type": "Polygon", "coordinates": [ [ [ -74.182646047899425, 40.521367182605019 ], [ -74.186051470441029, 40.522117887945591 ], [ -74.186609032560384, 40.522898614395913 ], [ -74.18617210517121, 40.525786275082325 ], [ -74.185521545339242, 40.526022455804679 ], [ -74.184648002700513, 40.526330173206432 ], [ -74.180305738894717, 40.525926314129578 ], [ -74.17989987752452, 40.525289578282262 ], [ -74.180551596996253, 40.522123484392708 ], [ -74.181204085809426, 40.521886858613023 ], [ -74.182646047899425, 40.521367182605019 ] ] ] } },
{ "type": "Feature", "properties": { "group_id": "D-179", "n_parks": 3, "extent_km": 0.166, "max_walk_m": 164.7, "park_area_acres": 1.35, "hull_area_acres": 4.17, "boroughs": "X", "members": "Horseshoe Playground; Stebbins Playground; Schomberg Academy Garden" }, "geometry": { "type": "Polygon", "coordinates": [ [ [ -73.898810599538479, 40.822424853271151 ], [ -73.899101156698123, 40.823320513794904 ], [ -73.899018835238309, 40.823519345166957 ], [ -73.897817748734909, 40.824331609941432 ], [ -73.897803505264321, 40.82433891385093 ], [ -73.897787935978329, 40.824346545264596 ], [ -73.8977714542076, 40.824352438810045 ], [ -73.897755890136921, 40.824355900026056 ], [ -73.897737581149315, 40.824359011214199 ], [ -73.897716530031488, 40.824360730501581 ], [ -73.897692276189233, 40.824360708985971 ], [ -73.897663317764355, 40.824358124980478 ], [ -73.897644681294452, 40.824353723923799 ], [ -73.897610242911298, 40.824344028324582 ], [ -73.89757582105868, 40.824329760910395 ], [ -73.897533320319596, 40.824305621371224 ], [ -73.897502295324713, 40.824282517682342 ], [ -73.897482068787923, 40.824263013864119 ], [ -73.897461852535457, 40.824236843677767 ], [ -73.897446362982521, 40.824211190073882 ], [ -73.897436818173674, 40.824190266659151 ], [ -73.897429489666379, 40.824165021031938 ], [ -73.897425549965305, 40.824133067920535 ], [ -73.897426288663354, 40.824111419747176 ], [ -73.897429025416713, 40.824087833682022 ], [ -73.897433788450044, 40.82406476180136 ], [ -73.897443274988404, 40.824042720687224 ], [ -73.897452759941174, 40.824021704335614 ], [ -73.898222323365331, 40.822493378405383 ], [ -73.898514338210632, 40.822422037302118 ], [ -73.898810599538479, 40.822424853271151 ] ] ] } },
{ "type": "Feature", "properties": { "group_id": "D-180", "n_parks": 3, "extent_km": 0.317, "max_walk_m": 305.5, "park_area_acres": 1.15, "hull_area_acres": 6.01, "boroughs": "X", "members": "Drew Playground; McKinley Square; Beatty Plaza" }, "geometry": { "type": "Polygon", "coordinates": [ [ [ -73.900790394739289, 40.830973379433779 ], [ -73.900793581177183, 40.830973588388304 ], [ -73.900796675714545, 40.830974208789989 ], [ -73.900799583536013, 40.830975221646831 ], [ -73.901966352227689, 40.831486247204225 ], [ -73.901970949032673, 40.831488386185512 ], [ -73.901975016272786, 40.831491073117988 ], [ -73.903842093813282, 40.833020055511845 ], [ -73.903518801586316, 40.833505096378815 ], [ -73.902821723095315, 40.833270744474362 ], [ -73.90049938328319, 40.831171609565828 ], [ -73.90049733226779, 40.831169240394452 ], [ -73.900495845919735, 40.831166640282987 ], [ -73.900494967992515, 40.831163884010337 ], [ -73.900494726815353, 40.831161054446461 ], [ -73.900495127005073, 40.831158235341384 ], [ -73.900496158952024, 40.831155510432929 ], [ -73.900497790525051, 40.831152960737839 ], [ -73.900499973004912, 40.831150660955167 ], [ -73.900502643455184, 40.831148679468313 ], [ -73.900778566488725, 40.830976593931176 ], [ -73.900781204008936, 40.830975219343209 ], [ -73.90078411247903, 40.830974206987349 ], [ -73.900787206494201, 40.830973587406966 ], [ -73.900790394739289, 40.830973379433779 ] ] ] } },
{ "type": "Feature", "properties": { "group_id": "D-181", "n_parks": 3, "extent_km": 0.661, "max_walk_m": 392.2, "park_area_acres": 22.23, "hull_area_acres": 51.35, "boroughs": "X", "members": "Joyce Kilmer Park; Franz Sigel Park; River Avenue Parks" }, "geometry": { "type": "Polygon", "coordinates": [ [ [ -73.926458955915137, 40.820845652340154 ], [ -73.927249380314905, 40.821926753876483 ], [ -73.927722255792148, 40.822573513887114 ], [ -73.927298979865711, 40.825248428649139 ], [ -73.926851385804667, 40.826011840711992 ], [ -73.922366303091792, 40.829939757379215 ], [ -73.921507469658508, 40.829642485395127 ], [ -73.925090200049254, 40.822525935770599 ], [ -73.925473433166204, 40.821916831790475 ], [ -73.925595196579252, 40.821760391558968 ], [ -73.926458955915137, 40.820845652340154 ] ] ] } },
{ "type": "Feature", "properties": { "group_id": "D-182", "n_parks": 3, "extent_km": 0.462, "max_walk_m": 197.0, "park_area_acres": 24.32, "hull_area_acres": 35.35, "boroughs": "X", "members": "Mosholu Parkway (2/5); Mosholu Parkway (4/5); Risse Street Park" }, "geometry": { "type": "Polygon", "coordinates": [ [ [ -73.884181678326073, 40.87746120533739 ], [ -73.885370819174724, 40.877961815269167 ], [ -73.885378924602421, 40.877965228965031 ], [ -73.885382437737618, 40.877967148692527 ], [ -73.885386073536651, 40.87796948636813 ], [ -73.885389385158447, 40.87797199481443 ], [ -73.885392434228208, 40.877974712813561 ], [ -73.885397120820926, 40.877980003331878 ], [ -73.885401176376178, 40.877986601632394 ], [ -73.885403964855925, 40.877994586326523 ], [ -73.886969204214552, 40.882630702546571 ], [ -73.887023335392016, 40.882921295022619 ], [ -73.887040695026329, 40.883081004397894 ], [ -73.887047539446698, 40.883204125690725 ], [ -73.887044783143992, 40.883442323431332 ], [ -73.886969617496334, 40.884145540981763 ], [ -73.88695982972601, 40.884223216402255 ], [ -73.886955936591576, 40.884240801800033 ], [ -73.886946258463198, 40.884253984453856 ], [ -73.886928861353681, 40.884262761567115 ], [ -73.886913400839873, 40.88426860949037 ], [ -73.88606565742478, 40.883954635038165 ], [ -73.886055359032838, 40.883950273718767 ], [ -73.885660919585789, 40.88378320530407 ], [ -73.885540276416108, 40.883732101953164 ], [ -73.88542826420732, 40.883682907071048 ], [ -73.885372261724555, 40.883658309592576 ], [ -73.885316260469708, 40.883633712088034 ], [ -73.885269109699948, 40.8836129801402 ], [ -73.88525863768858, 40.883608219661042 ], [ -73.885252556574699, 40.883604312705586 ], [ -73.885246470542967, 40.883598443583701 ], [ -73.885243116859314, 40.883593336288776 ], [ -73.882467460867147, 40.877977920001449 ], [ -73.884181678326073, 40.87746120533739 ] ] ] } },
{ "type": "Feature", "properties": { "group_id": "D-183", "n_parks": 3, "extent_km": 0.405, "max_walk_m": 194.1, "park_area_acres": 7.1, "hull_area_acres": 19.83, "boroughs": "X", "members": "Murphy Triangle; Bathgate Playground; Quarry Ballfields" }, "geometry": { "type": "Polygon", "coordinates": [ [ [ -73.889940373059645, 40.849998983186559 ], [ -73.89351985806401, 40.85109027871507 ], [ -73.893526074780866, 40.851093116500891 ], [ -73.893531582315902, 40.851096701940882 ], [ -73.894956879445004, 40.852320682267923 ], [ -73.894150716162429, 40.85374527003578 ], [ -73.893685900399859, 40.853495598210763 ], [ -73.889469058656161, 40.850787950967003 ], [ -73.889940373059645, 40.849998983186559 ] ] ] } },
{ "type": "Feature", "properties": { "group_id": "D-184", "n_parks": 3, "extent_km": 0.298, "max_walk_m": 289.5, "park_area_acres": 3.29, "hull_area_acres": 13.85, "boroughs": "X", "members": "Ryan Triangle; Patterson Playground; Clark Playground" }, "geometry": { "type": "Polygon", "coordinates": [ [ [ -73.921035774422563, 40.813377210267447 ], [ -73.921852524196083, 40.813719535297125 ], [ -73.924338950313341, 40.815198130197402 ], [ -73.924346430240178, 40.815203592119225 ], [ -73.924591644469714, 40.815481319335092 ], [ -73.92459177821641, 40.815481486014534 ], [ -73.924593567792058, 40.81548687756154 ], [ -73.924594169578839, 40.815492399804249 ], [ -73.924593532759786, 40.815497920336398 ], [ -73.924591677664793, 40.815503279783265 ], [ -73.924588655435713, 40.815508323292725 ], [ -73.924584555131929, 40.815512905942832 ], [ -73.924579493059653, 40.815516895436502 ], [ -73.924573616322064, 40.815520177506684 ], [ -73.923457860499127, 40.815950704731733 ], [ -73.921936088647769, 40.816328256172049 ], [ -73.921366907261046, 40.816181951041855 ], [ -73.920829857981516, 40.81366714453705 ], [ -73.921030209941165, 40.813385043486818 ], [ -73.921035774422563, 40.813377210267447 ] ] ] } },
{ "type": "Feature", "properties": { "group_id": "D-185", "n_parks": 3, "extent_km": 0.709, "max_walk_m": 494.6, "park_area_acres": 5.14, "hull_area_acres": 23.53, "boroughs": "X", "members": "University Woods; Cedar Playground; Gasoline Alley" }, "geometry": { "type": "Polygon", "coordinates": [ [ [ -73.917541595379632, 40.854597415488669 ], [ -73.918147015403918, 40.854749507372198 ], [ -73.916440414101984, 40.858136286132343 ], [ -73.916161667526623, 40.858602735339396 ], [ -73.916065365955845, 40.858756821227644 ], [ -73.91600545298428, 40.858850791556463 ], [ -73.915957741000312, 40.858914480935859 ], [ -73.915917689844974, 40.858960147154242 ], [ -73.915871459530777, 40.85901222124695 ], [ -73.915822916782119, 40.859063018538848 ], [ -73.915756855536131, 40.859126377471348 ], [ -73.914837361487628, 40.859977132491359 ], [ -73.914362725379249, 40.86033235966044 ], [ -73.912553762700213, 40.861686169696142 ], [ -73.912535516960887, 40.861684408014646 ], [ -73.913343200658076, 40.859733742052413 ], [ -73.917043184279422, 40.854697212623996 ], [ -73.917076174018121, 40.854652800695064 ], [ -73.917541595379632, 40.854597415488669 ] ] ] } },
{ "type": "Feature", "properties": { "group_id": "D-186", "n_parks": 3, "extent_km": 0.298, "max_walk_m": 180.8, "park_area_acres": 3.28, "hull_area_acres": 25.61, "boroughs": "X", "members": "Henry Hudson Parkway (2/8); Henry Hudson Parkway (4/8); Bell Tower Park" }, "geometry": { "type": "Polygon", "coordinates": [ [ [ -73.914292148327007, 40.885061840586218 ], [ -73.911748933066292, 40.888034690220856 ], [ -73.908426911764437, 40.891904174401219 ], [ -73.908064258532917, 40.891874133756595 ], [ -73.908011338587102, 40.89186974999685 ], [ -73.908020275287271, 40.890810528850153 ], [ -73.908084821237239, 40.889015140537943 ], [ -73.913353866847842, 40.885401731018355 ], [ -73.914292148327007, 40.885061840586218 ] ] ] } },
{ "type": "Feature", "properties": { "group_id": "D-187", "n_parks": 3, "extent_km": 0.134, "max_walk_m": 0.0, "park_area_acres": 8.67, "hull_area_acres": 16.71, "boroughs": "X", "members": "Henry Hudson Parkway (8/8); Hackett Park; Vinmont Veteran Park" }, "geometry": { "type": "Polygon", "coordinates": [ [ [ -73.907075977129196, 40.899028585635584 ], [ -73.907510872831622, 40.899192558500772 ], [ -73.905295254623454, 40.90295189176976 ], [ -73.904846705326733, 40.903152330780962 ], [ -73.904382898257865, 40.903027356692142 ], [ -73.904018517572453, 40.902867616524162 ], [ -73.904061258621951, 40.900722422317934 ], [ -73.90584556682883, 40.899525229246109 ], [ -73.907075977129196, 40.899028585635584 ] ] ] } },
{ "type": "Feature", "properties": { "group_id": "D-188", "n_parks": 3, "extent_km": 0.464, "max_walk_m": 366.1, "park_area_acres": 3.34, "hull_area_acres": 12.33, "boroughs": "X", "members": "Noble Playground; Park; St. Lawrence Triangle" }, "geometry": { "type": "Polygon", "coordinates": [ [ [ -73.86792007827097, 40.834914177208582 ], [ -73.869847809544723, 40.835496463096462 ], [ -73.872814813321895, 40.836973849738229 ], [ -73.872907062312592, 40.837037588482673 ], [ -73.872975642165144, 40.837103220041271 ], [ -73.873027793929992, 40.837155675446787 ], [ -73.873061134581633, 40.837214726060154 ], [ -73.873093413164113, 40.837289199166023 ], [ -73.873111317021383, 40.837352400266099 ], [ -73.873121360318166, 40.837422881318801 ], [ -73.873124181101204, 40.837489356229142 ], [ -73.873120517083663, 40.837538637166091 ], [ -73.872522626954989, 40.837768210936808 ], [ -73.871813066464142, 40.838040656159791 ], [ -73.867568246670658, 40.83495746397044 ], [ -73.867566626450127, 40.834922060948735 ], [ -73.86792007827097, 40.834914177208582 ] ] ] } },
{ "type": "Feature", "properties": { "group_id": "D-189", "n_parks": 3, "extent_km": 0.475, "max_walk_m": 340.8, "park_area_acres": 1.52, "hull_area_acres": 13.51, "boroughs": "X", "members": "Park; River Garden; West Farms Rapids" }, "geometry": { "type": "Polygon", "coordinates": [ [ [ -73.878411002695742, 40.837094750348484 ], [ -73.878512707569413, 40.83713929062381 ], [ -73.878722580332266, 40.837231201650816 ], [ -73.878736516679055, 40.837261060493361 ], [ -73.878804660864802, 40.837407063556249 ], [ -73.878840973528199, 40.837484866610126 ], [ -73.87861534306424, 40.840218729887006 ], [ -73.878331071487779, 40.840741675933515 ], [ -73.877165631463541, 40.842287730511131 ], [ -73.876998105144793, 40.84224999329242 ], [ -73.876239696259489, 40.841987869555275 ], [ -73.878401126249884, 40.837101199183593 ], [ -73.878411002695742, 40.837094750348484 ] ] ] } },
{ "type": "Feature", "properties": { "group_id": "D-190", "n_parks": 3, "extent_km": 0.125, "max_walk_m": 177.5, "park_area_acres": 8.83, "hull_area_acres": 11.63, "boroughs": "X", "members": "Dawson Playground; Wishing Well Garden; Bill Rainey Park" }, "geometry": { "type": "Polygon", "coordinates": [ [ [ -73.897427416745145, 40.817729559885251 ], [ -73.898401047659533, 40.817790864181383 ], [ -73.899066166487088, 40.818191750830522 ], [ -73.898817436749212, 40.819814878584836 ], [ -73.898545938157667, 40.820010412544427 ], [ -73.898328400370147, 40.820036613598418 ], [ -73.897010530515402, 40.820084347321711 ], [ -73.896979184671977, 40.820083058624505 ], [ -73.896948606179791, 40.820077667040337 ], [ -73.896919716994759, 40.820068336383933 ], [ -73.896893391478883, 40.820055345691976 ], [ -73.896870422023071, 40.8200390900925 ], [ -73.89685150485613, 40.820020059180152 ], [ -73.896837210426185, 40.819998827083701 ], [ -73.896234623748143, 40.818871693540466 ], [ -73.897427416745145, 40.817729559885251 ] ] ] } },
{ "type": "Feature", "properties": { "group_id": "D-191", "n_parks": 3, "extent_km": 0.391, "max_walk_m": 341.6, "park_area_acres": 1.1, "hull_area_acres": 8.59, "boroughs": "X", "members": "Mount Hope Playground; 176th Street Community Garden; Townsend Garden" }, "geometry": { "type": "Polygon", "coordinates": [ [ [ -73.91091662492201, 40.846762989194502 ], [ -73.911236668693874, 40.84689578482228 ], [ -73.90977110486989, 40.850406468955896 ], [ -73.909458554405603, 40.850663540582168 ], [ -73.909067795953845, 40.850522498027139 ], [ -73.909388988053891, 40.848113163124331 ], [ -73.909492465714365, 40.847832371750549 ], [ -73.91091662492201, 40.846762989194502 ] ] ] } },
{ "type": "Feature", "properties": { "group_id": "D-192", "n_parks": 2, "extent_km": 0.141, "max_walk_m": 79.2, "park_area_acres": 0.94, "hull_area_acres": 2.04, "boroughs": "B", "members": "American Playground; 61 Franklin Street Garden" }, "geometry": { "type": "Polygon", "coordinates": [ [ [ -73.957581270256597, 40.727498143223514 ], [ -73.958195115186967, 40.728465673616959 ], [ -73.958282832982945, 40.729009578498683 ], [ -73.957583794329324, 40.729074532559096 ], [ -73.957322062190897, 40.727522649344643 ], [ -73.957581270256597, 40.727498143223514 ] ] ] } },
{ "type": "Feature", "properties": { "group_id": "D-193", "n_parks": 2, "extent_km": 0.297, "max_walk_m": 197.7, "park_area_acres": 7.24, "hull_area_acres": 13.86, "boroughs": "B", "members": "Brower Park; St. Mark's Playground" }, "geometry": { "type": "Polygon", "coordinates": [ [ [ -73.941986092633854, 40.673075187932106 ], [ -73.944474021958001, 40.673213961167065 ], [ -73.944341246648392, 40.674793635667456 ], [ -73.940349648931814, 40.674773998844728 ], [ -73.940057426906293, 40.674758082551016 ], [ -73.939870073623268, 40.674728206553517 ], [ -73.93988580396568, 40.674573899797878 ], [ -73.941986092633854, 40.673075187932106 ] ] ] } },
{ "type": "Feature", "properties": { "group_id": "D-194", "n_parks": 2, "extent_km": 0.15, "max_walk_m": 98.0, "park_area_acres": 3.0, "hull_area_acres": 5.67, "boroughs": "B", "members": "Bushwick Playground; Madison Square Garden Association" }, "geometry": { "type": "Polygon", "coordinates": [ [ [ -73.912911039901147, 40.694644855768381 ], [ -73.913199361616691, 40.69480970359502 ], [ -73.913216244349016, 40.695998972590282 ], [ -73.912752885042451, 40.696471034965469 ], [ -73.91204660623697, 40.696535978188216 ], [ -73.911103812956995, 40.696003726053029 ], [ -73.911650762457171, 40.6954494095774 ], [ -73.912911039901147, 40.694644855768381 ] ] ] } },
{ "type": "Feature", "properties": { "group_id": "D-195", "n_parks": 2, "extent_km": 0.313, "max_walk_m": 141.8, "park_area_acres": 9.06, "hull_area_acres": 12.99, "boroughs": "B", "members": "Fidelity Triangle; Msgr. McGolrick Park" }, "geometry": { "type": "Polygon", "coordinates": [ [ [ -73.941881466793646, 40.721829053895313 ], [ -73.943980313566712, 40.72319234913266 ], [ -73.94437218156979, 40.725528710779123 ], [ -73.942729093009362, 40.725691593503328 ], [ -73.941801926018556, 40.721887540543371 ], [ -73.941881466793646, 40.721829053895313 ] ] ] } },
{ "type": "Feature", "properties": { "group_id": "D-196", "n_parks": 2, "extent_km": 0.128, "max_walk_m": 164.8, "park_area_acres": 0.17, "hull_area_acres": 0.98, "boroughs": "B", "members": "Grant Gore; Walt L Shemal Garden" }, "geometry": { "type": "Polygon", "coordinates": [ [ [ -73.95280148319182, 40.676346266179635 ], [ -73.952862854412828, 40.676350438210072 ], [ -73.953806745754534, 40.677320240545164 ], [ -73.953707660626293, 40.67758544373855 ], [ -73.953621604090827, 40.67756747983421 ], [ -73.953585962653591, 40.677560039817621 ], [ -73.953481650855451, 40.677538264668648 ], [ -73.952777404921775, 40.676581890421012 ], [ -73.95280148319182, 40.676346266179635 ] ] ] } },
{ "type": "Feature", "properties": { "group_id": "D-197", "n_parks": 2, "extent_km": 0.149, "max_walk_m": 79.1, "park_area_acres": 1.39, "hull_area_acres": 3.19, "boroughs": "B", "members": "Heisser Triangle; Hope Ballfield" }, "geometry": { "type": "Polygon", "coordinates": [ [ [ -73.917167471235032, 40.696993485755193 ], [ -73.917745610814777, 40.697320893705175 ], [ -73.918038756953649, 40.698750709082752 ], [ -73.917779983090185, 40.698778223382284 ], [ -73.916525735168321, 40.697647226645465 ], [ -73.916899990925558, 40.697265970920832 ], [ -73.917113509775305, 40.697048456533452 ], [ -73.917167471235032, 40.696993485755193 ] ] ] } },
{ "type": "Feature", "properties": { "group_id": "D-198", "n_parks": 2, "extent_km": 0.09, "max_walk_m": 36.4, "park_area_acres": 4.94, "hull_area_acres": 6.13, "boroughs": "B", "members": "Kelly Park Playground; Kelly Park Playground" }, "geometry": { "type": "Polygon", "coordinates": [ [ [ -73.95812491904897, 40.603495372681259 ], [ -73.958355955542928, 40.604728583739032 ], [ -73.957164815403686, 40.60486657780919 ], [ -73.956713807749523, 40.604913303514117 ], [ -73.956130912416683, 40.604878583507748 ], [ -73.956026108190301, 40.604335118967512 ], [ -73.956313600251747, 40.603693039332022 ], [ -73.956925504084182, 40.603625717633726 ], [ -73.95812491904897, 40.603495372681259 ] ] ] } },
{ "type": "Feature", "properties": { "group_id": "D-199", "n_parks": 2, "extent_km": 0.082, "max_walk_m": 0.0, "park_area_acres": 0.92, "hull_area_acres": 1.17, "boroughs": "B", "members": "Milestone Park; Garibaldi Playground" }, "geometry": { "type": "Polygon", "coordinates": [ [ [ -74.000178257122869, 40.608673212550386 ], [ -74.000472313262321, 40.608851076418979 ], [ -73.999405942538317, 40.609820814970419 ], [ -73.999123645489121, 40.60965032195061 ], [ -73.999319043345352, 40.609416990970615 ], [ -73.999545563262487, 40.609199337858605 ], [ -74.000178257122869, 40.608673212550386 ] ] ] } },
{ "type": "Feature", "properties": { "group_id": "D-200", "n_parks": 2, "extent_km": 0.568, "max_walk_m": 0.0, "park_area_acres": 27.31, "hull_area_acres": 46.46, "boroughs": "B", "members": "Owl's Head Park; Shore Park and Parkway (10/10)" }, "geometry": { "type": "Polygon", "coordinates": [ [ [ -74.031013503121258, 40.638444623338906 ], [ -74.035388138823407, 40.639803890007791 ], [ -74.03529296414618, 40.639929393918969 ], [ -74.035190601042473, 40.640051570732339 ], [ -74.035081247964385, 40.640170180830388 ], [ -74.034965119924095, 40.640284993595124 ], [ -74.034842442581976, 40.640395784708694 ], [ -74.034713456975069, 40.640502336151989 ], [ -74.03457841479127, 40.640604440709083 ], [ -74.03443757955003, 40.64070189926516 ], [ -74.034291226601979, 40.640794520807134 ], [ -74.03413964312999, 40.640882123324083 ], [ -74.033983123421621, 40.640964537410994 ], [ -74.033821974777084, 40.641041599963685 ], [ -74.03365651278412, 40.64111316228486 ], [ -74.033487058950215, 40.641179082881003 ], [ -74.033300918324912, 40.641230678110013 ], [ -74.033111906246873, 40.64127581084314 ], [ -74.032920410474389, 40.64131439090356 ], [ -74.032726819956466, 40.641346338022075 ], [ -74.032531531928115, 40.641371588139073 ], [ -74.032334944814295, 40.641390088003313 ], [ -74.028898711242249, 40.641597302828025 ], [ -74.028631442601679, 40.641437080823316 ], [ -74.026458903780181, 40.640074797956451 ], [ -74.025613262887461, 40.639537513282214 ], [ -74.025883863449963, 40.639285846149498 ], [ -74.026132885557175, 40.639054245400729 ], [ -74.031013503121258, 40.638444623338906 ] ] ] } },
{ "type": "Feature", "properties": { "group_id": "D-201", "n_parks": 2, "extent_km": 0.437, "max_walk_m": 89.2, "park_area_acres": 23.31, "hull_area_acres": 51.51, "boroughs": "B", "members": "Asser Levy Park; Century Playground" }, "geometry": { "type": "Polygon", "coordinates": [ [ [ -73.977229786394375, 40.573559982705476 ], [ -73.977079319554306, 40.575197405248275 ], [ -73.976881123532081, 40.575755816725305 ], [ -73.971256304215032, 40.577283697704949 ], [ -73.970285081483368, 40.577502184340396 ], [ -73.969579576752025, 40.577412590245139 ], [ -73.967948749951518, 40.574955153488858 ], [ -73.969285887282965, 40.574693051905008 ], [ -73.973753657925542, 40.573936822032699 ], [ -73.977049423222425, 40.573579537725003 ], [ -73.977229786394375, 40.573559982705476 ] ] ] } },
{ "type": "Feature", "properties": { "group_id": "D-202", "n_parks": 2, "extent_km": 0.679, "max_walk_m": 0.0, "park_area_acres": 12.79, "hull_area_acres": 69.71, "boroughs": "B", "members": "Shore Park and Parkway (5/10); American Veterans Memorial Pier" }, "geometry": { "type": "Polygon", "coordinates": [ [ [ -74.037009409000987, 40.636378607348412 ], [ -74.037477080242397, 40.636510152784226 ], [ -74.037968153061527, 40.636648277974189 ], [ -74.038857498213034, 40.639623218291682 ], [ -74.038681818644733, 40.63989509547055 ], [ -74.038320885007778, 40.640417194716669 ], [ -74.030725539203573, 40.642692411401562 ], [ -74.028898711242249, 40.641597302828025 ], [ -74.029087200184094, 40.641351097743566 ], [ -74.02925152900302, 40.641136448956331 ], [ -74.029308049517695, 40.641062620626471 ], [ -74.037009409000987, 40.636378607348412 ] ] ] } },
{ "type": "Feature", "properties": { "group_id": "D-203", "n_parks": 2, "extent_km": 0.124, "max_walk_m": 7.9, "park_area_acres": 1.35, "hull_area_acres": 3.43, "boroughs": "B", "members": "Sobel Playground; Roebling Playground" }, "geometry": { "type": "Polygon", "coordinates": [ [ [ -73.962403264690721, 40.705835435214482 ], [ -73.962435593758997, 40.705836199497455 ], [ -73.962621886916153, 40.706003880448172 ], [ -73.961737163934487, 40.707487097618873 ], [ -73.961350393909015, 40.707447010018193 ], [ -73.960945257699905, 40.706471586149313 ], [ -73.961391459584917, 40.706184506845268 ], [ -73.962403264690721, 40.705835435214482 ] ] ] } },
{ "type": "Feature", "properties": { "group_id": "D-204", "n_parks": 2, "extent_km": 0.248, "max_walk_m": 156.7, "park_area_acres": 1.51, "hull_area_acres": 6.36, "boroughs": "B", "members": "Marion Hopkinson Playground; 700 Decatur St Block Association" }, "geometry": { "type": "Polygon", "coordinates": [ [ [ -73.914070359561748, 40.681510748079127 ], [ -73.91451319502859, 40.683718296560208 ], [ -73.914525449795732, 40.683779496514809 ], [ -73.914546002935808, 40.683882164111964 ], [ -73.914250122073753, 40.683916319335133 ], [ -73.912338635201536, 40.681996085303211 ], [ -73.912282903223414, 40.681716211524844 ], [ -73.912545758008847, 40.681685997624804 ], [ -73.913606904300153, 40.68156402308427 ], [ -73.914000427424583, 40.681518786956929 ], [ -73.914070359561748, 40.681510748079127 ] ] ] } },
{ "type": "Feature", "properties": { "group_id": "D-205", "n_parks": 2, "extent_km": 0.077, "max_walk_m": 0.0, "park_area_acres": 4.87, "hull_area_acres": 6.24, "boroughs": "B", "members": "Washington Park; Washington Skate Park" }, "geometry": { "type": "Polygon", "coordinates": [ [ [ -73.985348229312649, 40.672195300468942 ], [ -73.986153565326404, 40.672585358405946 ], [ -73.98607416960941, 40.673226421939823 ], [ -73.985980962717292, 40.673337719688007 ], [ -73.985581384300559, 40.673814846028783 ], [ -73.983446652715486, 40.672784563943104 ], [ -73.983849529504752, 40.672302090055375 ], [ -73.985348229312649, 40.672195300468942 ] ] ] } },
{ "type": "Feature", "properties": { "group_id": "D-206", "n_parks": 2, "extent_km": 0.077, "max_walk_m": 0.0, "park_area_acres": 0.7, "hull_area_acres": 0.8, "boroughs": "B", "members": "St. Mary's Park; St. Mary's Park" }, "geometry": { "type": "Polygon", "coordinates": [ [ [ -73.997530721594174, 40.675488257499566 ], [ -73.997793465883106, 40.675561895234743 ], [ -73.997549977895375, 40.676083349611254 ], [ -73.997217330873681, 40.67672690210707 ], [ -73.996973103947226, 40.676657441043041 ], [ -73.997221802842148, 40.676135753915545 ], [ -73.997530721594174, 40.675488257499566 ] ] ] } },
{ "type": "Feature", "properties": { "group_id": "D-207", "n_parks": 2, "extent_km": 0.356, "max_walk_m": 0.0, "park_area_acres": 117.0, "hull_area_acres": 157.61, "boroughs": "B", "members": "Calvert Vaux Park; Coney Island Boat Basin" }, "geometry": { "type": "Polygon", "coordinates": [ [ [ -73.988921060500402, 40.579195112216567 ], [ -74.000341265941543, 40.583067122360369 ], [ -74.000383439910138, 40.584301618614496 ], [ -73.997722467465167, 40.585737620182577 ], [ -73.997611200824409, 40.585789742024389 ], [ -73.995521188583169, 40.586714328046767 ], [ -73.992606512108225, 40.587944557143025 ], [ -73.990141916457588, 40.588336962463735 ], [ -73.989766008822414, 40.587873151089276 ], [ -73.988591590438247, 40.58369914465635 ], [ -73.987586203917843, 40.579768082740379 ], [ -73.987608612314702, 40.579731842670085 ], [ -73.988032966965449, 40.57929765406778 ], [ -73.988605402548799, 40.579228908628714 ], [ -73.988921060500402, 40.579195112216567 ] ] ] } },
{ "type": "Feature", "properties": { "group_id": "D-208", "n_parks": 2, "extent_km": 0.237, "max_walk_m": 0.0, "park_area_acres": 46.2, "hull_area_acres": 77.4, "boroughs": "B", "members": "Red Hook Recreation Area; Todd Triangle" }, "geometry": { "type": "Polygon", "coordinates": [ [ [ -74.006970890944004, 40.669547635462116 ], [ -74.009103781573728, 40.670142883854183 ], [ -74.010891491178768, 40.672315260390519 ], [ -74.010507553538233, 40.673110691405178 ], [ -74.005943904093499, 40.674044551020344 ], [ -74.004097754686939, 40.674172190433879 ], [ -74.002500367062652, 40.67373036343195 ], [ -74.001057366273727, 40.671944348173334 ], [ -74.001393612473791, 40.671225212017319 ], [ -74.001916252429595, 40.67014326591746 ], [ -74.006970890944004, 40.669547635462116 ] ] ] } },
{ "type": "Feature", "properties": { "group_id": "D-209", "n_parks": 2, "extent_km": 0.348, "max_walk_m": 0.0, "park_area_acres": 27.24, "hull_area_acres": 36.39, "boroughs": "B", "members": "Kaiser Park; West 23rd St. Garden" }, "geometry": { "type": "Polygon", "coordinates": [ [ [ -73.997343677521783, 40.577760679158423 ], [ -73.997382671040285, 40.577762483803319 ], [ -73.997421167212323, 40.57776755012231 ], [ -73.997467898643748, 40.577778381765945 ], [ -73.997515638476429, 40.577795453144276 ], [ -73.997566564465956, 40.577822031403855 ], [ -73.997604679574806, 40.577849756642124 ], [ -73.997633349834885, 40.577877389820138 ], [ -74.000205780301471, 40.581141910847542 ], [ -73.990788078173679, 40.579160575393693 ], [ -73.990656771863385, 40.578503327194198 ], [ -73.991614126551525, 40.578396649332483 ], [ -73.997270447392339, 40.577766200356606 ], [ -73.997343677521783, 40.577760679158423 ] ] ] } },
{ "type": "Feature", "properties": { "group_id": "D-210", "n_parks": 2, "extent_km": 0.236, "max_walk_m": 174.3, "park_area_acres": 1.69, "hull_area_acres": 4.23, "boroughs": "B", "members": "Quaker Parrot Park at the Dust Bowl; Park" }, "geometry": { "type": "Polygon", "coordinates": [ [ [ -74.013216644842046, 40.632154399823371 ], [ -74.0142299362616, 40.63276666801157 ], [ -74.015556072712002, 40.633711592946902 ], [ -74.015793988329023, 40.634436694531061 ], [ -74.012760379514461, 40.632594980895377 ], [ -74.013216644842046, 40.632154399823371 ] ] ] } },
{ "type": "Feature", "properties": { "group_id": "D-211", "n_parks": 2, "extent_km": 0.239, "max_walk_m": 173.8, "park_area_acres": 1.96, "hull_area_acres": 6.26, "boroughs": "B", "members": "Monsignor Crawford Field; Triangle" }, "geometry": { "type": "Polygon", "coordinates": [ [ [ -73.916810611610572, 40.613678720351125 ], [ -73.917308239486104, 40.614125755150489 ], [ -73.916775063235207, 40.616691614683113 ], [ -73.916658992074332, 40.616587976057829 ], [ -73.915559620144123, 40.614494716185874 ], [ -73.916281492872884, 40.614018346979648 ], [ -73.916810611610572, 40.613678720351125 ] ] ] } },
{ "type": "Feature", "properties": { "group_id": "D-212", "n_parks": 2, "extent_km": 0.204, "max_walk_m": 199.1, "park_area_acres": 2.46, "hull_area_acres": 5.65, "boroughs": "B", "members": "South Pacific Playground; Farmers Garden" }, "geometry": { "type": "Polygon", "coordinates": [ [ [ -73.918067939713467, 40.6744498004497 ], [ -73.918149783920228, 40.674454224402318 ], [ -73.918313574072869, 40.67446308121022 ], [ -73.918375906354939, 40.674466451952348 ], [ -73.921155506976092, 40.675400537119188 ], [ -73.921154810945822, 40.675408010017925 ], [ -73.921130150323819, 40.675672747284487 ], [ -73.921110421685668, 40.675884536727636 ], [ -73.921100556134675, 40.675990433246106 ], [ -73.921099942762552, 40.675997011989175 ], [ -73.919439708331566, 40.675905755946665 ], [ -73.918040445525719, 40.674746919406729 ], [ -73.918067939713467, 40.6744498004497 ] ] ] } },
{ "type": "Feature", "properties": { "group_id": "D-213", "n_parks": 2, "extent_km": 0.055, "max_walk_m": 0.0, "park_area_acres": 0.11, "hull_area_acres": 0.35, "boroughs": "B", "members": "Triangle; 400 Montauk Av Block Assn" }, "geometry": { "type": "Polygon", "coordinates": [ [ [ -73.876750151693912, 40.668506001469446 ], [ -73.877469501003603, 40.668687354057631 ], [ -73.877473760955183, 40.668688640930199 ], [ -73.877477700675612, 40.668690424546661 ], [ -73.877481218537142, 40.668692660673464 ], [ -73.877484227125521, 40.668695293385518 ], [ -73.877486649690198, 40.668698255963022 ], [ -73.877488426054427, 40.668701472698451 ], [ -73.877497509389414, 40.668722458100717 ], [ -73.877498790924733, 40.668726578427545 ], [ -73.877499129684267, 40.668730804011446 ], [ -73.877498516431473, 40.668735012372309 ], [ -73.877496967951757, 40.66873907925671 ], [ -73.877494529407571, 40.668742884043525 ], [ -73.877491274325749, 40.668746316947988 ], [ -73.877487296324858, 40.668749275410903 ], [ -73.877482713828229, 40.668751674009137 ], [ -73.877477660609003, 40.668753440843865 ], [ -73.87737655599976, 40.668766239323205 ], [ -73.876808946314128, 40.668808292176813 ], [ -73.876624619978401, 40.668560093314312 ], [ -73.876750151693912, 40.668506001469446 ] ] ] } },
{ "type": "Feature", "properties": { "group_id": "D-214", "n_parks": 2, "extent_km": 0.257, "max_walk_m": 0.0, "park_area_acres": 105.34, "hull_area_acres": 139.51, "boroughs": "B/Q", "members": "Spring Creek Park; Spring Creek Park Addition" }, "geometry": { "type": "Polygon", "coordinates": [ [ [ -73.86058848804106, 40.655299764691684 ], [ -73.862193116078487, 40.655478449405855 ], [ -73.862292244180495, 40.655492585594253 ], [ -73.862389572145375, 40.655512707088093 ], [ -73.862484478304836, 40.655538685275019 ], [ -73.862576356435227, 40.65557035464191 ], [ -73.863060048652898, 40.655755161312747 ], [ -73.863185066442753, 40.655806916974527 ], [ -73.863305344447909, 40.655864822808219 ], [ -73.86342036056628, 40.655928627864526 ], [ -73.863529616387467, 40.655998056909752 ], [ -73.863632639561459, 40.656072808627201 ], [ -73.863728983790921, 40.656152559218697 ], [ -73.863818231194074, 40.656236963307791 ], [ -73.863899995850517, 40.656325654843968 ], [ -73.863974040680816, 40.656421815993035 ], [ -73.866878469151459, 40.660338671339993 ], [ -73.86019453387199, 40.663199371721049 ], [ -73.859262887705853, 40.663390381751938 ], [ -73.856651014771373, 40.663712423475197 ], [ -73.855522090931515, 40.658982089891452 ], [ -73.855873310130207, 40.658702731509372 ], [ -73.856062725347243, 40.658552070715928 ], [ -73.857015668517377, 40.657798997171085 ], [ -73.857145280807856, 40.657696568514034 ], [ -73.857207007095795, 40.65764782718167 ], [ -73.857420963551306, 40.657481455351622 ], [ -73.857526451539712, 40.657401007716892 ], [ -73.858012870239293, 40.65704340295833 ], [ -73.858255179053558, 40.656865951272835 ], [ -73.858658247017431, 40.656578909178258 ], [ -73.859049053824648, 40.656301048532654 ], [ -73.859280234536158, 40.656141265415428 ], [ -73.859411841002114, 40.656055578164015 ], [ -73.859631606279677, 40.655912491298537 ], [ -73.860018256744183, 40.655660747206198 ], [ -73.86058848804106, 40.655299764691684 ] ] ] } },
{ "type": "Feature", "properties": { "group_id": "D-215", "n_parks": 2, "extent_km": 0.232, "max_walk_m": 168.8, "park_area_acres": 0.22, "hull_area_acres": 1.55, "boroughs": "B", "members": "Linden Sitting Area; Park" }, "geometry": { "type": "Polygon", "coordinates": [ [ [ -73.918466745873758, 40.653882373927345 ], [ -73.921200745848864, 40.654649691424453 ], [ -73.921201619325828, 40.654649967581214 ], [ -73.921202421735799, 40.654650347248747 ], [ -73.921203131804873, 40.654650822307886 ], [ -73.921203731813918, 40.654651378338173 ], [ -73.921204204042724, 40.65465200181972 ], [ -73.921204536688421, 40.654652674734102 ], [ -73.92120472267564, 40.654653380867167 ], [ -73.921204753750956, 40.654654100401913 ], [ -73.921204631120119, 40.654654813527657 ], [ -73.921204358351687, 40.654655502236622 ], [ -73.921203941378977, 40.654656148522456 ], [ -73.921031273455526, 40.654769146795203 ], [ -73.921027211500018, 40.654771448430353 ], [ -73.92102271150182, 40.654773214857208 ], [ -73.921017892939119, 40.654774400231375 ], [ -73.921012887099579, 40.654774971323945 ], [ -73.921007824064816, 40.654774914716334 ], [ -73.921002842177529, 40.654774230503605 ], [ -73.91813861019304, 40.654098983664689 ], [ -73.918466745873758, 40.653882373927345 ] ] ] } },
{ "type": "Feature", "properties": { "group_id": "D-216", "n_parks": 2, "extent_km": 0.054, "max_walk_m": 0.0, "park_area_acres": 0.26, "hull_area_acres": 0.65, "boroughs": "B", "members": "Howard Malls; Howard Av Block Association" }, "geometry": { "type": "Polygon", "coordinates": [ [ [ -73.919593899558336, 40.663502965518163 ], [ -73.919873335913934, 40.663735453228412 ], [ -73.919961260589389, 40.664033829425208 ], [ -73.91979846532999, 40.66405367418637 ], [ -73.919115944618866, 40.663752953317726 ], [ -73.919093472121375, 40.663665235313694 ], [ -73.919071911859376, 40.663581074986269 ], [ -73.919593899558336, 40.663502965518163 ] ] ] } },
{ "type": "Feature", "properties": { "group_id": "D-217", "n_parks": 2, "extent_km": 0.195, "max_walk_m": 114.6, "park_area_acres": 0.67, "hull_area_acres": 2.11, "boroughs": "B", "members": "Pfc Norton Playground; Aimee Triangle" }, "geometry": { "type": "Polygon", "coordinates": [ [ [ -73.944039631914066, 40.612853661610046 ], [ -73.944045700560537, 40.61285416615474 ], [ -73.944053605672295, 40.612855906207635 ], [ -73.944059794467776, 40.612858276690218 ], [ -73.94406427801357, 40.612860762509818 ], [ -73.944068264879448, 40.612863699248827 ], [ -73.944072045428513, 40.612867478775144 ], [ -73.944075035111112, 40.612871649643388 ], [ -73.945054398444825, 40.614259832379069 ], [ -73.945095257833728, 40.61447409669136 ], [ -73.945148646289198, 40.614754065382449 ], [ -73.944787902203629, 40.614991185392114 ], [ -73.943865596758044, 40.612976880629184 ], [ -73.943863800760127, 40.612972489710799 ], [ -73.943862677242407, 40.61296797124681 ], [ -73.943862333967303, 40.612963051531338 ], [ -73.943863024563356, 40.612956838271685 ], [ -73.943864648933214, 40.612951731308236 ], [ -73.943867180644162, 40.612946843614495 ], [ -73.943870569987652, 40.612942267919877 ], [ -73.943874176012059, 40.612938580244936 ], [ -73.943877735255768, 40.612935719225604 ], [ -73.943882317940336, 40.612932725428678 ], [ -73.9439129693979, 40.612915823195877 ], [ -73.943971268221176, 40.612883703917838 ], [ -73.944017096882462, 40.612858531462336 ], [ -73.944023423277415, 40.612856046403003 ], [ -73.944032534438435, 40.612854080499012 ], [ -73.944039631914066, 40.612853661610046 ] ] ] } },
{ "type": "Feature", "properties": { "group_id": "D-218", "n_parks": 2, "extent_km": 0.309, "max_walk_m": 198.2, "park_area_acres": 9.91, "hull_area_acres": 22.02, "boroughs": "B", "members": "Linden Park; Ethan Allen Playground" }, "geometry": { "type": "Polygon", "coordinates": [ [ [ -73.88698795780455, 40.655288735635231 ], [ -73.887360971248754, 40.655790272950782 ], [ -73.888683886696981, 40.659127008275242 ], [ -73.886624660478688, 40.66001140951974 ], [ -73.885583151498523, 40.659589032526263 ], [ -73.885117070024194, 40.658965493722746 ], [ -73.886497577844622, 40.655714776679076 ], [ -73.886768443096699, 40.655383428006836 ], [ -73.88698795780455, 40.655288735635231 ] ] ] } },
{ "type": "Feature", "properties": { "group_id": "D-219", "n_parks": 2, "extent_km": 0.229, "max_walk_m": 137.3, "park_area_acres": 3.53, "hull_area_acres": 6.82, "boroughs": "B", "members": "St. Andrew's Playground; Her-King Alagantic Block Association Garden" }, "geometry": { "type": "Polygon", "coordinates": [ [ [ -73.941483036661111, 40.67816967074328 ], [ -73.943073882417735, 40.67825964409122 ], [ -73.942985759293293, 40.67919887598314 ], [ -73.939677234800754, 40.67946091551471 ], [ -73.939609794205495, 40.679457273577142 ], [ -73.939635907278046, 40.679179773885011 ], [ -73.941483036661111, 40.67816967074328 ] ] ] } },
{ "type": "Feature", "properties": { "group_id": "D-220", "n_parks": 2, "extent_km": 0.208, "max_walk_m": 172.8, "park_area_acres": 1.96, "hull_area_acres": 5.14, "boroughs": "B", "members": "Nicholas Naquan Heyward Jr. Park; Boerum Park" }, "geometry": { "type": "Polygon", "coordinates": [ [ [ -73.987480802704795, 40.684212010294701 ], [ -73.990180357006963, 40.684280552895096 ], [ -73.990809956184364, 40.684525125931131 ], [ -73.990468309040551, 40.685024598745237 ], [ -73.988252755462142, 40.684956096227573 ], [ -73.987242772236939, 40.684564203940859 ], [ -73.987480802704795, 40.684212010294701 ] ] ] } },
{ "type": "Feature", "properties": { "group_id": "D-221", "n_parks": 2, "extent_km": 0.299, "max_walk_m": 0.0, "park_area_acres": 6.49, "hull_area_acres": 7.34, "boroughs": "B", "members": "Tucker Place; Sheepshead Bay Piers" }, "geometry": { "type": "Polygon", "coordinates": [ [ [ -73.942153321070023, 40.583104137224801 ], [ -73.948332635812534, 40.5831904301861 ], [ -73.948386707961561, 40.583495587093317 ], [ -73.94821497173001, 40.583511003330187 ], [ -73.947779447522052, 40.583524543698339 ], [ -73.946720552650589, 40.583557457073468 ], [ -73.94654116278447, 40.583563031737711 ], [ -73.946305608783618, 40.583570351218604 ], [ -73.941338407557851, 40.583646856125121 ], [ -73.941248338398452, 40.583314031404271 ], [ -73.941277979135776, 40.583096656481686 ], [ -73.942153321070023, 40.583104137224801 ] ] ] } },
{ "type": "Feature", "properties": { "group_id": "D-222", "n_parks": 2, "extent_km": 0.193, "max_walk_m": 112.6, "park_area_acres": 9.11, "hull_area_acres": 11.28, "boroughs": "B", "members": "St. John's Park; Neighborhood Community Garden" }, "geometry": { "type": "Polygon", "coordinates": [ [ [ -73.933629787349332, 40.673515418231489 ], [ -73.933816773192703, 40.673525545080402 ], [ -73.936110981980818, 40.673649773092151 ], [ -73.935958447161596, 40.675213196080598 ], [ -73.933477188684506, 40.67507891269431 ], [ -73.932505256688813, 40.674698722753782 ], [ -73.932540712853466, 40.674344097246227 ], [ -73.933629787349332, 40.673515418231489 ] ] ] } },
{ "type": "Feature", "properties": { "group_id": "D-223", "n_parks": 2, "extent_km": 0.982, "max_walk_m": 0.0, "park_area_acres": 92.88, "hull_area_acres": 148.04, "boroughs": "B", "members": "Breukelen Ballfields; Fresh Creek Nature Preserve" }, "geometry": { "type": "Polygon", "coordinates": [ [ [ -73.879295817165172, 40.63842977811899 ], [ -73.885093244134154, 40.642348835680224 ], [ -73.887068850638073, 40.644108712021755 ], [ -73.888419801130922, 40.645323975081283 ], [ -73.889733981757914, 40.64650610445787 ], [ -73.889951104926183, 40.646701407078318 ], [ -73.891650943095073, 40.649000678564818 ], [ -73.894421006629997, 40.653640841725576 ], [ -73.894335278491724, 40.654749286837159 ], [ -73.893622579566056, 40.655057393089109 ], [ -73.87867114189784, 40.641038640464899 ], [ -73.878720109018815, 40.639571745183957 ], [ -73.878937871538042, 40.63912838326911 ], [ -73.879144792686759, 40.638721307670068 ], [ -73.879295583789926, 40.638430052532492 ], [ -73.879295817165172, 40.63842977811899 ] ] ] } },
{ "type": "Feature", "properties": { "group_id": "D-224", "n_parks": 2, "extent_km": 0.186, "max_walk_m": 87.7, "park_area_acres": 0.12, "hull_area_acres": 1.85, "boroughs": "B", "members": "Park; Park" }, "geometry": { "type": "Polygon", "coordinates": [ [ [ -73.990894344556494, 40.663935726800887 ], [ -73.992299070829944, 40.664419587540131 ], [ -73.992386000253902, 40.664472114122759 ], [ -73.992479067025712, 40.664528350266238 ], [ -73.99482967698151, 40.666273699596985 ], [ -73.994829257120543, 40.666274104810249 ], [ -73.994740922309603, 40.666247934517372 ], [ -73.993213354608415, 40.665341704133397 ], [ -73.990893941244863, 40.663936113990871 ], [ -73.990894344556494, 40.663935726800887 ] ] ] } },
{ "type": "Feature", "properties": { "group_id": "D-225", "n_parks": 2, "extent_km": 0.192, "max_walk_m": 118.8, "park_area_acres": 2.45, "hull_area_acres": 5.98, "boroughs": "B", "members": "Brevoort Playground; Carver Playground" }, "geometry": { "type": "Polygon", "coordinates": [ [ [ -73.922682056292302, 40.679916846011544 ], [ -73.922715787028224, 40.679919671974744 ], [ -73.922748360545583, 40.679926913275239 ], [ -73.922778788232591, 40.67993835042541 ], [ -73.922806144315302, 40.679953636107669 ], [ -73.923015377794556, 40.680093456923565 ], [ -73.923147908751105, 40.680750957228327 ], [ -73.923098679661351, 40.680879323310776 ], [ -73.923085134164026, 40.680906301778826 ], [ -73.923066046828282, 40.680931263889811 ], [ -73.923041919947579, 40.68095355350188 ], [ -73.923013384668963, 40.680972586600205 ], [ -73.922981189146356, 40.68098786659823 ], [ -73.922946177241812, 40.680998990627486 ], [ -73.922909266029151, 40.681005667533128 ], [ -73.922579520661429, 40.681044175468898 ], [ -73.920210960337556, 40.680619833338689 ], [ -73.920156224944563, 40.680346410825422 ], [ -73.920101907422307, 40.680075070556846 ], [ -73.920851459043377, 40.679989001404628 ], [ -73.922682056292302, 40.679916846011544 ] ] ] } },
{ "type": "Feature", "properties": { "group_id": "D-226", "n_parks": 2, "extent_km": 0.252, "max_walk_m": 156.5, "park_area_acres": 2.16, "hull_area_acres": 5.2, "boroughs": "B", "members": "Underwood Park; Greene Playground" }, "geometry": { "type": "Polygon", "coordinates": [ [ [ -73.966306606286622, 40.686039835863745 ], [ -73.966744938606894, 40.688196715995957 ], [ -73.966876566715698, 40.688869089012329 ], [ -73.96609707580896, 40.688958741351399 ], [ -73.965960415739843, 40.688286416389104 ], [ -73.96554766120758, 40.686118762697184 ], [ -73.966306606286622, 40.686039835863745 ] ] ] } },
{ "type": "Feature", "properties": { "group_id": "D-227", "n_parks": 2, "extent_km": 0.156, "max_walk_m": 198.1, "park_area_acres": 1.4, "hull_area_acres": 3.27, "boroughs": "B", "members": "Potomac Playground; Hancock T and T" }, "geometry": { "type": "Polygon", "coordinates": [ [ [ -73.944761497650433, 40.681736909279486 ], [ -73.944868910962882, 40.682281186610496 ], [ -73.943146774549831, 40.683237734809119 ], [ -73.943026805214927, 40.683251571305931 ], [ -73.942970979826271, 40.682970607538856 ], [ -73.943738428381721, 40.681853868579793 ], [ -73.944761497650433, 40.681736909279486 ] ] ] } },
{ "type": "Feature", "properties": { "group_id": "D-228", "n_parks": 2, "extent_km": 0.237, "max_walk_m": 193.0, "park_area_acres": 3.56, "hull_area_acres": 8.71, "boroughs": "B", "members": "Harry Maze Playground; Fidler-Wyckoff House Park" }, "geometry": { "type": "Polygon", "coordinates": [ [ [ -73.923454659987982, 40.642632780495191 ], [ -73.923605031573018, 40.644062468970183 ], [ -73.921005835834791, 40.644841430916763 ], [ -73.920875684264288, 40.644849445207484 ], [ -73.920126948858524, 40.644895545655444 ], [ -73.920106397657889, 40.644649963607939 ], [ -73.920114039578465, 40.644643094358955 ], [ -73.92011433897602, 40.644642850526409 ], [ -73.920206335397964, 40.644568074108626 ], [ -73.920345225463123, 40.644455181443853 ], [ -73.920441103224647, 40.644380899208478 ], [ -73.920489043208605, 40.644343757160897 ], [ -73.920920493553552, 40.644009491329143 ], [ -73.92097003736292, 40.643971282167811 ], [ -73.922746823230284, 40.642835329081372 ], [ -73.922782961443161, 40.642818453320182 ], [ -73.922836437400377, 40.642795812355658 ], [ -73.922893541464617, 40.642773202615651 ], [ -73.922951587222883, 40.642752034307868 ], [ -73.923010519093935, 40.642732325404211 ], [ -73.923071367912172, 40.64271309232597 ], [ -73.923129981387987, 40.642696733977765 ], [ -73.923191654624873, 40.642681181806495 ], [ -73.92325340730325, 40.642667456807366 ], [ -73.92330551523726, 40.642657103188476 ], [ -73.923362499948652, 40.642646560085154 ], [ -73.923426684636695, 40.64263670163961 ], [ -73.923454659987982, 40.642632780495191 ] ] ] } },
{ "type": "Feature", "properties": { "group_id": "D-229", "n_parks": 2, "extent_km": 0.241, "max_walk_m": 177.9, "park_area_acres": 2.0, "hull_area_acres": 6.4, "boroughs": "B", "members": "Tiger Playground; Evergreen Playground" }, "geometry": { "type": "Polygon", "coordinates": [ [ [ -73.910631946673021, 40.685757001746616 ], [ -73.910980611333997, 40.685870413499622 ], [ -73.91127066710753, 40.686036193442298 ], [ -73.911533823216999, 40.688155852137513 ], [ -73.911015463169903, 40.688683742540064 ], [ -73.910424295524464, 40.688347382319677 ], [ -73.910253751262474, 40.686143171163529 ], [ -73.910631946673021, 40.685757001746616 ] ] ] } },
{ "type": "Feature", "properties": { "group_id": "D-230", "n_parks": 2, "extent_km": 0.172, "max_walk_m": 0.0, "park_area_acres": 1.19, "hull_area_acres": 2.78, "boroughs": "B", "members": "Fish Playground; Saratoga Farm" }, "geometry": { "type": "Polygon", "coordinates": [ [ [ -73.914061371811414, 40.677793398208244 ], [ -73.914241583558521, 40.677803262734088 ], [ -73.915435762799731, 40.678141405683512 ], [ -73.916214208620232, 40.678677356518008 ], [ -73.916257144935642, 40.678829602708234 ], [ -73.915882213943632, 40.678872529616974 ], [ -73.915811034389193, 40.678880678546413 ], [ -73.914009874325657, 40.678341754449285 ], [ -73.914061371811414, 40.677793398208244 ] ] ] } },
{ "type": "Feature", "properties": { "group_id": "D-231", "n_parks": 2, "extent_km": 0.094, "max_walk_m": 0.0, "park_area_acres": 0.31, "hull_area_acres": 1.03, "boroughs": "B", "members": "Duke Park; St John Cantius Parish" }, "geometry": { "type": "Polygon", "coordinates": [ [ [ -73.893398567201132, 40.666716017978629 ], [ -73.894157966226985, 40.667331764670557 ], [ -73.894172236264907, 40.667388208656917 ], [ -73.894212876960353, 40.667548969294501 ], [ -73.893862015346116, 40.667601066077687 ], [ -73.893096715023418, 40.666926792808965 ], [ -73.893068865201016, 40.666819117389991 ], [ -73.893055776580255, 40.66676851240841 ], [ -73.893398567201132, 40.666716017978629 ] ] ] } },
{ "type": "Feature", "properties": { "group_id": "D-232", "n_parks": 2, "extent_km": 1.006, "max_walk_m": 156.0, "park_area_acres": 43.86, "hull_area_acres": 196.03, "boroughs": "B", "members": "Spring Creek Park; Park" }, "geometry": { "type": "Polygon", "coordinates": [ [ [ -73.873627448116295, 40.647219501365576 ], [ -73.879754725610567, 40.655376671488753 ], [ -73.879212695987803, 40.655617331566127 ], [ -73.878083157758155, 40.65609481457961 ], [ -73.862878928210748, 40.655381808674051 ], [ -73.861245051038594, 40.655184375571501 ], [ -73.86114873200269, 40.65517131168594 ], [ -73.861053949575833, 40.655152848268223 ], [ -73.860979224012894, 40.65505240783515 ], [ -73.873627448116295, 40.647219501365576 ] ] ] } },
{ "type": "Feature", "properties": { "group_id": "D-233", "n_parks": 2, "extent_km": 0.157, "max_walk_m": 95.1, "park_area_acres": 3.01, "hull_area_acres": 4.76, "boroughs": "B", "members": "Roberto Clemente Ballfield; Jacob's Ladder Playground" }, "geometry": { "type": "Polygon", "coordinates": [ [ [ -73.967209245831668, 40.704407303814975 ], [ -73.967304845264906, 40.704487251416751 ], [ -73.967820253366483, 40.705674439288757 ], [ -73.968268166521682, 40.706730467311502 ], [ -73.967441523968702, 40.70687921526229 ], [ -73.967389576731435, 40.706888562273299 ], [ -73.966534960055782, 40.704846613449881 ], [ -73.967209245831668, 40.704407303814975 ] ] ] } },
{ "type": "Feature", "properties": { "group_id": "D-234", "n_parks": 2, "extent_km": 0.221, "max_walk_m": 163.7, "park_area_acres": 5.54, "hull_area_acres": 24.06, "boroughs": "B/Q", "members": "George Walker Jr. Park; Jackie Robinson Parkway (2/17)" }, "geometry": { "type": "Polygon", "coordinates": [ [ [ -73.897738440763348, 40.678312523202024 ], [ -73.897870961222679, 40.678379327653886 ], [ -73.900024602746939, 40.679619606489737 ], [ -73.900024615509722, 40.679694729260291 ], [ -73.896983057670909, 40.681595852447877 ], [ -73.896777915684737, 40.681544505359909 ], [ -73.896316181751544, 40.681428931631103 ], [ -73.894783864522083, 40.678842175441488 ], [ -73.894695662408566, 40.678505040940934 ], [ -73.89507279816732, 40.678448505343404 ], [ -73.895442781372267, 40.678393040827643 ], [ -73.897738440763348, 40.678312523202024 ] ] ] } },
{ "type": "Feature", "properties": { "group_id": "D-235", "n_parks": 2, "extent_km": 0.218, "max_walk_m": 173.7, "park_area_acres": 0.32, "hull_area_acres": 2.56, "boroughs": "B", "members": "Jerome Gardens; Nehemiah Ten Garden" }, "geometry": { "type": "Polygon", "coordinates": [ [ [ -73.886351802157122, 40.668547632440834 ], [ -73.886393222699112, 40.668709271007806 ], [ -73.885972641705408, 40.670651877155699 ], [ -73.885690462549832, 40.67069364492874 ], [ -73.885675837382919, 40.670635641660489 ], [ -73.885641849570703, 40.668654265948135 ], [ -73.886351802157122, 40.668547632440834 ] ] ] } },
{ "type": "Feature", "properties": { "group_id": "D-236", "n_parks": 2, "extent_km": 0.045, "max_walk_m": 0.0, "park_area_acres": 0.63, "hull_area_acres": 1.45, "boroughs": "B", "members": "Phoenix Community Garden; Garden" }, "geometry": { "type": "Polygon", "coordinates": [ [ [ -73.911133623272363, 40.678399974568677 ], [ -73.911488121281593, 40.67841850756141 ], [ -73.912717377173038, 40.678482767233369 ], [ -73.911773071297887, 40.679069953599296 ], [ -73.911538468769976, 40.679096999637956 ], [ -73.911187175489943, 40.678661552478808 ], [ -73.911133623272363, 40.678399974568677 ] ] ] } },
{ "type": "Feature", "properties": { "group_id": "D-237", "n_parks": 2, "extent_km": 0.532, "max_walk_m": 179.2, "park_area_acres": 39.59, "hull_area_acres": 64.73, "boroughs": "B", "members": "Bushwick Inlet Park; North 5th Street Pier and Park" }, "geometry": { "type": "Polygon", "coordinates": [ [ [ -73.965172139732715, 40.719271319636007 ], [ -73.965273792210525, 40.719368718872261 ], [ -73.965385389289168, 40.719564086573733 ], [ -73.9656805367853, 40.720665594742563 ], [ -73.9639131080624, 40.723545927537153 ], [ -73.962567650063775, 40.725457336760982 ], [ -73.961570304510062, 40.725819196576566 ], [ -73.96020678673797, 40.725919530102658 ], [ -73.958210700441811, 40.725701621956105 ], [ -73.957658422570745, 40.725322804717671 ], [ -73.95786879602916, 40.724015301023201 ], [ -73.960008413453934, 40.722027270937716 ], [ -73.960594439909997, 40.721483368889871 ], [ -73.965172139732715, 40.719271319636007 ] ] ] } },
{ "type": "Feature", "properties": { "group_id": "D-238", "n_parks": 2, "extent_km": 0.334, "max_walk_m": 138.6, "park_area_acres": 5.91, "hull_area_acres": 11.08, "boroughs": "M", "members": "De Witt Clinton Park; Oasis Garden" }, "geometry": { "type": "Polygon", "coordinates": [ [ [ -73.991202627730303, 40.766158201035786 ], [ -73.991376211081473, 40.76623120629948 ], [ -73.995556011795401, 40.767999567081858 ], [ -73.994741720858869, 40.769109768094218 ], [ -73.993022955812975, 40.768382997524483 ], [ -73.991106225383248, 40.766432643788747 ], [ -73.991071646522315, 40.766338365568529 ], [ -73.991202627730303, 40.766158201035786 ] ] ] } },
{ "type": "Feature", "properties": { "group_id": "D-239", "n_parks": 2, "extent_km": 0.56, "max_walk_m": 0.0, "park_area_acres": 71.24, "hull_area_acres": 115.62, "boroughs": "M", "members": "Fort Tryon Park; Bennett Rest" }, "geometry": { "type": "Polygon", "coordinates": [ [ [ -73.939346768985743, 40.855086843239086 ], [ -73.939590394716376, 40.855195037198442 ], [ -73.932087977016465, 40.866364610613033 ], [ -73.932065870264367, 40.866395929226258 ], [ -73.932042337120677, 40.866426658975506 ], [ -73.93201742863296, 40.866456757566937 ], [ -73.931991169767883, 40.866486168283608 ], [ -73.931963581887643, 40.866514879430831 ], [ -73.93192552284691, 40.866551248458848 ], [ -73.931916951770916, 40.866559100171251 ], [ -73.931899342503087, 40.866574563788291 ], [ -73.931884512662904, 40.866586345141599 ], [ -73.931868825341681, 40.866597996316202 ], [ -73.93185263073282, 40.866609253675264 ], [ -73.931835966830135, 40.866620082121877 ], [ -73.931818827698223, 40.866630486154776 ], [ -73.93180124420185, 40.866640442379307 ], [ -73.931783224646338, 40.866649948999218 ], [ -73.931764796322426, 40.866658997925974 ], [ -73.931745990094939, 40.866667565764928 ], [ -73.931726807146759, 40.866675656118616 ], [ -73.931707285451637, 40.866683253700991 ], [ -73.931687432136243, 40.866690349511146 ], [ -73.93166727448407, 40.866696942664639 ], [ -73.931646855214709, 40.86670301697778 ], [ -73.93162616484743, 40.866708564340456 ], [ -73.931605237773582, 40.866713592877311 ], [ -73.931584117906539, 40.866718079201412 ], [ -73.931562785072316, 40.866722032305752 ], [ -73.931541312823114, 40.86672544412933 ], [ -73.931519703545717, 40.86672830116617 ], [ -73.931497964346576, 40.866730614226348 ], [ -73.931476145057132, 40.866732372533399 ], [ -73.931454268217124, 40.866733574299772 ], [ -73.931431492802034, 40.866734239736928 ], [ -73.931405807667304, 40.866734915146289 ], [ -73.93138098914163, 40.86673491659873 ], [ -73.931356181970187, 40.866734260695452 ], [ -73.93133140986248, 40.866732961858332 ], [ -73.931306722645388, 40.866731013813677 ], [ -73.931282141662535, 40.866728424678598 ], [ -73.931257691833849, 40.866725185463139 ], [ -73.931233390937805, 40.866721310585852 ], [ -73.931209284044456, 40.866716805476571 ], [ -73.931161768508687, 40.866705910034817 ], [ -73.931138403738544, 40.866699536838063 ], [ -73.931115350381376, 40.866692556892779 ], [ -73.931092617922488, 40.866684974707105 ], [ -73.931070277511779, 40.866676811035113 ], [ -73.928081577120963, 40.865475923162613 ], [ -73.927940060560331, 40.865321935805987 ], [ -73.931437827130267, 40.859450355561066 ], [ -73.933535153538898, 40.857278472950654 ], [ -73.939346768985743, 40.855086843239086 ] ] ] } },
{ "type": "Feature", "properties": { "group_id": "D-240", "n_parks": 2, "extent_km": 0.173, "max_walk_m": 84.4, "park_area_acres": 0.36, "hull_area_acres": 1.29, "boroughs": "M", "members": "Greeley Square Park; Herald Square" }, "geometry": { "type": "Polygon", "coordinates": [ [ [ -73.988275062639772, 40.748403638179134 ], [ -73.988498326529339, 40.748497657325501 ], [ -73.987694106030574, 40.750500439224524 ], [ -73.987692486804207, 40.750503377402353 ], [ -73.987690430632895, 40.750506352454131 ], [ -73.987688027539789, 40.750509198696477 ], [ -73.987685327265353, 40.750511874711414 ], [ -73.987682330998638, 40.750514353483766 ], [ -73.987679056501719, 40.750516633214524 ], [ -73.987675535750697, 40.750518686891859 ], [ -73.987673687181839, 40.750519588100474 ], [ -73.987671805454923, 40.75052050461408 ], [ -73.987667877458833, 40.750522068372369 ], [ -73.987665287648042, 40.750522895660026 ], [ -73.987663784918752, 40.750523372767226 ], [ -73.987659566912285, 40.750524407897167 ], [ -73.987655244756894, 40.750525155754438 ], [ -73.987650850423378, 40.75052561814347 ], [ -73.987646412330619, 40.750525794166684 ], [ -73.987641993238114, 40.750525676626893 ], [ -73.987637586041615, 40.750525263722281 ], [ -73.987633246391312, 40.750524572568416 ], [ -73.987629220575201, 40.750523645515543 ], [ -73.987511680440619, 40.750474309421577 ], [ -73.987495559134913, 40.750465886141249 ], [ -73.987484596878232, 40.750458183824065 ], [ -73.987473359294853, 40.750447454875534 ], [ -73.987463939786764, 40.750434288454208 ], [ -73.987458348776357, 40.750426037410307 ], [ -73.987454075782622, 40.75040468955158 ], [ -73.987456670299323, 40.750385147955051 ], [ -73.988275062639772, 40.748403638179134 ] ] ] } },
{ "type": "Feature", "properties": { "group_id": "D-241", "n_parks": 2, "extent_km": 0.165, "max_walk_m": 0.0, "park_area_acres": 18.0, "hull_area_acres": 22.59, "boroughs": "M", "members": "Harlem River Park (1/15); Sherman Creek" }, "geometry": { "type": "Polygon", "coordinates": [ [ [ -73.92219564229157, 40.855747318283214 ], [ -73.922490015318914, 40.855887638251026 ], [ -73.923013199609201, 40.85629353051619 ], [ -73.923103562684844, 40.858747481946189 ], [ -73.921587689942314, 40.860558448493748 ], [ -73.921418159679419, 40.860487173703213 ], [ -73.921398140350277, 40.86047781297647 ], [ -73.919491494295727, 40.858773295195711 ], [ -73.92219564229157, 40.855747318283214 ] ] ] } },
{ "type": "Feature", "properties": { "group_id": "D-242", "n_parks": 2, "extent_km": 0.2, "max_walk_m": 0.0, "park_area_acres": 8.04, "hull_area_acres": 14.48, "boroughs": "M", "members": "Harlem River Park (6/15); Brigadier General Charles Young Playground" }, "geometry": { "type": "Polygon", "coordinates": [ [ [ -73.933922133496438, 40.81673632685807 ], [ -73.936929823870358, 40.819149227767603 ], [ -73.936477568969082, 40.819769697192697 ], [ -73.936134812101386, 40.820239929926487 ], [ -73.934252285878571, 40.819827134268245 ], [ -73.933849548997699, 40.819660982032843 ], [ -73.933846161207825, 40.819614554088467 ], [ -73.933831750718696, 40.819403812510338 ], [ -73.933802274013942, 40.818493097199358 ], [ -73.933799475263413, 40.816856113879616 ], [ -73.933803429359116, 40.816735912726557 ], [ -73.933922133496438, 40.81673632685807 ] ] ] } },
{ "type": "Feature", "properties": { "group_id": "D-243", "n_parks": 2, "extent_km": 0.222, "max_walk_m": 184.8, "park_area_acres": 0.95, "hull_area_acres": 4.56, "boroughs": "M", "members": "Vietnam Veterans Plaza; The Queen Elizabeth II September 11th Garden" }, "geometry": { "type": "Polygon", "coordinates": [ [ [ -74.009989031193584, 40.702164974148623 ], [ -74.010285516146681, 40.703171200614065 ], [ -74.00956352870962, 40.704735963962221 ], [ -74.009557996912449, 40.704745154141953 ], [ -74.009551832875431, 40.704751863464608 ], [ -74.009543788459467, 40.70475779039834 ], [ -74.00953082593665, 40.704761584426961 ], [ -74.009009012299316, 40.704873648284114 ], [ -74.009000487981638, 40.704875124889348 ], [ -74.008996909582919, 40.704874462392645 ], [ -74.008994419617252, 40.704872272543177 ], [ -74.008994108065068, 40.704869726821471 ], [ -74.009404215080679, 40.702421471173686 ], [ -74.009989031193584, 40.702164974148623 ] ] ] } },
{ "type": "Feature", "properties": { "group_id": "D-244", "n_parks": 2, "extent_km": 0.105, "max_walk_m": 0.0, "park_area_acres": 6.5, "hull_area_acres": 7.78, "boroughs": "M", "members": "Madison Square Park; Worth Square" }, "geometry": { "type": "Polygon", "coordinates": [ [ [ -73.988010092310176, 40.741042032947533 ], [ -73.9889474119814, 40.741431321379508 ], [ -73.989135035002533, 40.742493234201199 ], [ -73.989135123622816, 40.742494322922425 ], [ -73.989135116385995, 40.742495138781059 ], [ -73.989135038101708, 40.742496010464379 ], [ -73.989074474474421, 40.742943237888753 ], [ -73.989073931937185, 40.742944912780096 ], [ -73.98907324736588, 40.7429463220084 ], [ -73.989072295208132, 40.742947774435684 ], [ -73.989071520730874, 40.742948717192903 ], [ -73.989070350766468, 40.742949891342846 ], [ -73.989069340693746, 40.742950733220916 ], [ -73.989067186801464, 40.742952155817363 ], [ -73.989065736304084, 40.74295290129934 ], [ -73.989064019417611, 40.742953608034206 ], [ -73.98810810401082, 40.743310928973784 ], [ -73.986777821875648, 40.742758442738122 ], [ -73.988010092310176, 40.741042032947533 ] ] ] } },
{ "type": "Feature", "properties": { "group_id": "D-245", "n_parks": 2, "extent_km": 0.314, "max_walk_m": 79.4, "park_area_acres": 19.7, "hull_area_acres": 26.43, "boroughs": "M", "members": "Marcus Garvey Park; W 124th Street Community Garden" }, "geometry": { "type": "Polygon", "coordinates": [ [ [ -73.943131339336858, 40.802730471482725 ], [ -73.945911648483715, 40.803907277534634 ], [ -73.945392225499617, 40.806940645711855 ], [ -73.94521179755705, 40.807187846850958 ], [ -73.945150093141635, 40.807161752586239 ], [ -73.941427272731616, 40.805063722846569 ], [ -73.943131339336858, 40.802730471482725 ] ] ] } },
{ "type": "Feature", "properties": { "group_id": "D-246", "n_parks": 2, "extent_km": 0.161, "max_walk_m": 0.0, "park_area_acres": 0.78, "hull_area_acres": 0.96, "boroughs": "M", "members": "Park Avenue Malls; Park Avenue Malls (2/8)" }, "geometry": { "type": "Polygon", "coordinates": [ [ [ -73.970677000383745, 40.761681045622417 ], [ -73.97068804215904, 40.76168276209237 ], [ -73.970697983064326, 40.761685942501572 ], [ -73.97070719663688, 40.7616921925448 ], [ -73.970716204059087, 40.761704015757161 ], [ -73.970717999522336, 40.761717383302113 ], [ -73.970715291892986, 40.761726122009883 ], [ -73.970345414466223, 40.762233673271503 ], [ -73.969628822065047, 40.763216208792052 ], [ -73.968419346518971, 40.764873081449942 ], [ -73.967688677611861, 40.765870172360103 ], [ -73.967615662150564, 40.765839365470818 ], [ -73.969357015040046, 40.76345010133555 ], [ -73.970636268269701, 40.76169996565303 ], [ -73.970641615978863, 40.761693375323119 ], [ -73.970649729979641, 40.76168737913018 ], [ -73.970660549452617, 40.761682927990883 ], [ -73.970677000383745, 40.761681045622417 ] ] ] } },
{ "type": "Feature", "properties": { "group_id": "D-247", "n_parks": 2, "extent_km": 0.209, "max_walk_m": 145.6, "park_area_acres": 1.44, "hull_area_acres": 12.08, "boroughs": "M", "members": "Park Avenue Malls (8/8); Samuel Seabury Playground" }, "geometry": { "type": "Polygon", "coordinates": [ [ [ -73.954112359121297, 40.78434332791732 ], [ -73.954185346940974, 40.784374096453192 ], [ -73.95219545029461, 40.787210448243385 ], [ -73.952193396327033, 40.787213166004214 ], [ -73.952190783360919, 40.787215589069277 ], [ -73.952187682528148, 40.787217653532423 ], [ -73.95218417680249, 40.78721930359702 ], [ -73.952180362183682, 40.787220492476756 ], [ -73.95217634295328, 40.787221189597872 ], [ -73.952172228124127, 40.787221375194584 ], [ -73.952168127882885, 40.787221044810003 ], [ -73.95216415477654, 40.787220206595457 ], [ -73.952160417786999, 40.787218884009214 ], [ -73.952025084315707, 40.787161210990995 ], [ -73.952020124627794, 40.787158280496676 ], [ -73.952015884519284, 40.787154758672557 ], [ -73.950377582458628, 40.785478707579323 ], [ -73.95073679357202, 40.784988276636014 ], [ -73.954112359121297, 40.78434332791732 ] ] ] } },
{ "type": "Feature", "properties": { "group_id": "D-248", "n_parks": 2, "extent_km": 0.122, "max_walk_m": 0.0, "park_area_acres": 1.91, "hull_area_acres": 3.59, "boroughs": "M", "members": "Queensboro Oval; Twenty-Four Sycamores Park" }, "geometry": { "type": "Polygon", "coordinates": [ [ [ -73.959826129724092, 40.758799643484991 ], [ -73.960680126153989, 40.759157642990175 ], [ -73.960324236796808, 40.759649236230231 ], [ -73.958714545995733, 40.759790043550574 ], [ -73.95827002036043, 40.759601934525541 ], [ -73.958619900934195, 40.759122605838634 ], [ -73.959826129724092, 40.758799643484991 ] ] ] } },
{ "type": "Feature", "properties": { "group_id": "D-249", "n_parks": 2, "extent_km": 0.14, "max_walk_m": 56.9, "park_area_acres": 1.66, "hull_area_acres": 3.67, "boroughs": "M", "members": "Roger Morris Park; Morris-Jumel Ecological Education Garden" }, "geometry": { "type": "Polygon", "coordinates": [ [ [ -73.938537339787857, 40.833962835176614 ], [ -73.939086403336603, 40.834192704812075 ], [ -73.939277779319141, 40.835654771610216 ], [ -73.939074948971253, 40.835927899765558 ], [ -73.939008603969398, 40.835899941279287 ], [ -73.938954884695789, 40.835877302353062 ], [ -73.937924960410399, 40.834839069076025 ], [ -73.938110976441152, 40.834418319442079 ], [ -73.938146490864554, 40.83435249074796 ], [ -73.938187666075393, 40.834290928916928 ], [ -73.938224293985186, 40.834245155703698 ], [ -73.938263956264038, 40.834200164831373 ], [ -73.93831667659839, 40.834150189489591 ], [ -73.938537339787857, 40.833962835176614 ] ] ] } },
{ "type": "Feature", "properties": { "group_id": "D-250", "n_parks": 2, "extent_km": 0.416, "max_walk_m": 0.0, "park_area_acres": 15.14, "hull_area_acres": 33.65, "boroughs": "M", "members": "Carl Schurz Park; East River Esplanade (5/8)" }, "geometry": { "type": "Polygon", "coordinates": [ [ [ -73.944275197456918, 40.773121380670617 ], [ -73.945444482135471, 40.773605569795102 ], [ -73.943927394517459, 40.780820858898707 ], [ -73.94377238924281, 40.780827060251134 ], [ -73.942015902275628, 40.777210567643706 ], [ -73.941980906583566, 40.776999121032155 ], [ -73.941947207945987, 40.776603205294165 ], [ -73.942015347136135, 40.776203384904569 ], [ -73.942348963567596, 40.775489432021651 ], [ -73.942570104517714, 40.775144111376157 ], [ -73.942815718742665, 40.774800993360913 ], [ -73.943282528498131, 40.774162308259484 ], [ -73.943800568491952, 40.773578048297658 ], [ -73.944275197456918, 40.773121380670617 ] ] ] } },
{ "type": "Feature", "properties": { "group_id": "D-251", "n_parks": 2, "extent_km": 0.184, "max_walk_m": 85.1, "park_area_acres": 3.38, "hull_area_acres": 25.46, "boroughs": "M", "members": "Sakura Park; Broadway Malls" }, "geometry": { "type": "Polygon", "coordinates": [ [ [ -73.966628517644878, 40.804237992068344 ], [ -73.966637519012764, 40.804238834838941 ], [ -73.966647494538506, 40.80424198226666 ], [ -73.966658100171912, 40.804248195173116 ], [ -73.966664893536048, 40.804256576277375 ], [ -73.966667281930441, 40.804262721070103 ], [ -73.966668196583626, 40.804270262109981 ], [ -73.966664516224938, 40.804281155278034 ], [ -73.962789761669683, 40.812659559468266 ], [ -73.961998886102194, 40.813744721377731 ], [ -73.961367323394086, 40.813478851281502 ], [ -73.961099716718991, 40.811744614869681 ], [ -73.961099905837514, 40.81173941095809 ], [ -73.96110101437101, 40.811734725142806 ], [ -73.961102839714798, 40.811730445693762 ], [ -73.966603889998936, 40.804244131739985 ], [ -73.966610504300291, 40.804240919776369 ], [ -73.966621901260254, 40.804238271108375 ], [ -73.966628517644878, 40.804237992068344 ] ] ] } },
{ "type": "Feature", "properties": { "group_id": "D-252", "n_parks": 2, "extent_km": 0.267, "max_walk_m": 194.5, "park_area_acres": 2.43, "hull_area_acres": 6.41, "boroughs": "M", "members": "Playground 103 CIII; East River Playground" }, "geometry": { "type": "Polygon", "coordinates": [ [ [ -73.93932006777483, 40.786459964773186 ], [ -73.939455395525172, 40.78647639805429 ], [ -73.939591034526359, 40.786810585816887 ], [ -73.938820437114572, 40.789251321573374 ], [ -73.938457312964204, 40.789745774274635 ], [ -73.937674705532828, 40.789415409306734 ], [ -73.937628188298007, 40.789395771232932 ], [ -73.938557912630699, 40.787329985460921 ], [ -73.938637861886406, 40.787236301191427 ], [ -73.93932006777483, 40.786459964773186 ] ] ] } },
{ "type": "Feature", "properties": { "group_id": "D-253", "n_parks": 2, "extent_km": 0.134, "max_walk_m": 45.8, "park_area_acres": 0.9, "hull_area_acres": 1.91, "boroughs": "M", "members": "Peter Detmold Park; MacArthur Playground" }, "geometry": { "type": "Polygon", "coordinates": [ [ [ -73.965326811817249, 40.751972644506971 ], [ -73.965369779394621, 40.751977445422042 ], [ -73.965401812488494, 40.751984794170177 ], [ -73.96543281489177, 40.751995379918377 ], [ -73.965469963949417, 40.752010977014542 ], [ -73.965469921289085, 40.752011037335663 ], [ -73.96525789607621, 40.752306361082368 ], [ -73.965150992821634, 40.752455260730798 ], [ -73.965139505774189, 40.752470377646489 ], [ -73.963812907024547, 40.753634992308086 ], [ -73.963337229956636, 40.753916298506105 ], [ -73.963210025982292, 40.753862587819427 ], [ -73.963423112113787, 40.753616721305981 ], [ -73.963546692887221, 40.753480969641451 ], [ -73.963588372195105, 40.753441631629727 ], [ -73.964152118277497, 40.752911123372066 ], [ -73.96416835532176, 40.75289592248533 ], [ -73.96460400130853, 40.75249559419094 ], [ -73.965112366043954, 40.752041207301581 ], [ -73.965135391554611, 40.752023328427398 ], [ -73.965153029194354, 40.75201227645411 ], [ -73.965175087377148, 40.752000933150249 ], [ -73.965198055141855, 40.751991531607445 ], [ -73.96521869581467, 40.751984876800528 ], [ -73.96524745738175, 40.751978096568479 ], [ -73.965292012258033, 40.751972744788766 ], [ -73.965326811817249, 40.751972644506971 ] ] ] } },
{ "type": "Feature", "properties": { "group_id": "D-254", "n_parks": 2, "extent_km": 1.073, "max_walk_m": 0.0, "park_area_acres": 52.56, "hull_area_acres": 158.88, "boroughs": "M", "members": "John V. Lindsay East River Park; Pier 42" }, "geometry": { "type": "Polygon", "coordinates": [ [ [ -73.983474739626416, 40.709394776077076 ], [ -73.984503742736123, 40.710350905219663 ], [ -73.984505145940616, 40.710352232761601 ], [ -73.984506486416279, 40.71035359721602 ], [ -73.984507765347473, 40.710354994981039 ], [ -73.984508980367337, 40.710356426056372 ], [ -73.984510129109694, 40.710357887740116 ], [ -73.984511210391361, 40.710359379131638 ], [ -73.984512225396202, 40.710360898430054 ], [ -73.984513169391334, 40.710362442032718 ], [ -73.984514043559997, 40.710364010840316 ], [ -73.984514845536324, 40.710365601250409 ], [ -73.984515575320557, 40.710367211462057 ], [ -73.984516231729799, 40.710368839674032 ], [ -73.984516814764262, 40.710370484985845 ], [ -73.984517322057911, 40.710372143795126 ], [ -73.984517753611073, 40.710373815201343 ], [ -73.984518109424044, 40.710375497403547 ], [ -73.984518389497694, 40.710377186799661 ], [ -73.984518592648669, 40.710378883389495 ], [ -73.984518717694044, 40.710380584471352 ], [ -73.98451852812282, 40.710386657491298 ], [ -73.972016163985586, 40.725859804490455 ], [ -73.971842525059685, 40.725785961839534 ], [ -73.971949126581421, 40.725167821680948 ], [ -73.972815799206487, 40.721546471794568 ], [ -73.973315477306159, 40.719562141776599 ], [ -73.973323111346389, 40.719538357479443 ], [ -73.973539227542204, 40.718865063713331 ], [ -73.974584749832673, 40.716025446214012 ], [ -73.976315157255684, 40.711740582972681 ], [ -73.977909891025121, 40.710513357915055 ], [ -73.978623870053781, 40.710270514158118 ], [ -73.980287499302619, 40.709783539191093 ], [ -73.980287687468575, 40.709783515810003 ], [ -73.98317011429306, 40.709431936555283 ], [ -73.983474739626416, 40.709394776077076 ] ] ] } },
{ "type": "Feature", "properties": { "group_id": "D-255", "n_parks": 2, "extent_km": 0.239, "max_walk_m": 164.2, "park_area_acres": 2.84, "hull_area_acres": 6.92, "boroughs": "M", "members": "Baruch Playground; Wald Playground" }, "geometry": { "type": "Polygon", "coordinates": [ [ [ -73.976746280098112, 40.716619081778191 ], [ -73.977496628715983, 40.716840727570947 ], [ -73.977213380864413, 40.719476792334135 ], [ -73.976923900864847, 40.720032600454061 ], [ -73.976621962185177, 40.719904010683138 ], [ -73.976611716049007, 40.719893804025489 ], [ -73.976601404130847, 40.719882188055784 ], [ -73.976154003983709, 40.717771987253592 ], [ -73.976569266548182, 40.716963653108316 ], [ -73.976741558229136, 40.716628272331519 ], [ -73.976746280098112, 40.716619081778191 ] ] ] } },
{ "type": "Feature", "properties": { "group_id": "D-256", "n_parks": 2, "extent_km": 0.181, "max_walk_m": 122.3, "park_area_acres": 0.68, "hull_area_acres": 2.23, "boroughs": "M", "members": "Honey Locust Park; Tramway Plaza" }, "geometry": { "type": "Polygon", "coordinates": [ [ [ -73.962593320977888, 40.759953406939211 ], [ -73.963182013595215, 40.760201414588288 ], [ -73.963385928298734, 40.760288415202808 ], [ -73.96467115326675, 40.760848381999764 ], [ -73.964318467172276, 40.761330009041231 ], [ -73.964081929920638, 40.761229865165973 ], [ -73.962459314148589, 40.760137266227183 ], [ -73.962593320977888, 40.759953406939211 ] ] ] } },
{ "type": "Feature", "properties": { "group_id": "D-257", "n_parks": 2, "extent_km": 0.071, "max_walk_m": 0.0, "park_area_acres": 0.15, "hull_area_acres": 0.36, "boroughs": "M", "members": "Abe Lebewohl Park; Abe Lebewohl Triangle" }, "geometry": { "type": "Polygon", "coordinates": [ [ [ -73.986919066914382, 40.729906682898203 ], [ -73.987856285671285, 40.730059202920309 ], [ -73.987858583338436, 40.73013062879479 ], [ -73.98676157203775, 40.73012511025231 ], [ -73.986919066914382, 40.729906682898203 ] ] ] } },
{ "type": "Feature", "properties": { "group_id": "D-258", "n_parks": 2, "extent_km": 0.207, "max_walk_m": 107.9, "park_area_acres": 2.42, "hull_area_acres": 5.72, "boroughs": "M", "members": "Abraham Lincoln Playground; Howard Bennett Playground" }, "geometry": { "type": "Polygon", "coordinates": [ [ [ -73.93683948686855, 40.81184464169327 ], [ -73.936859767153479, 40.811845644249537 ], [ -73.936876329186262, 40.811848173811597 ], [ -73.937807798685157, 40.812241489718588 ], [ -73.93936043324473, 40.813630513850406 ], [ -73.939183438425559, 40.813879308197713 ], [ -73.938997928023724, 40.81413267588723 ], [ -73.937989574647574, 40.813715898367043 ], [ -73.936562924643752, 40.812146033203334 ], [ -73.93675228301538, 40.811887035243956 ], [ -73.936770739554561, 40.811866540134673 ], [ -73.93678551568965, 40.811857622504249 ], [ -73.936803321870002, 40.811850502125282 ], [ -73.936826937073349, 40.811845526310151 ], [ -73.93683948686855, 40.81184464169327 ] ] ] } },
{ "type": "Feature", "properties": { "group_id": "D-259", "n_parks": 2, "extent_km": 0.211, "max_walk_m": 198.0, "park_area_acres": 1.8, "hull_area_acres": 6.44, "boroughs": "M", "members": "Blake Hobbs Playground; Harlem RBI" }, "geometry": { "type": "Polygon", "coordinates": [ [ [ -73.943781297033951, 40.786307647284467 ], [ -73.944310492723417, 40.786530644102434 ], [ -73.944754311001361, 40.788347254908373 ], [ -73.944396912182526, 40.788831827204113 ], [ -73.944347898512262, 40.788898272221694 ], [ -73.943974158535738, 40.789404351843409 ], [ -73.94364304666648, 40.78926447950343 ], [ -73.943396421148421, 40.786771828481619 ], [ -73.94357114246192, 40.786532609561192 ], [ -73.943781297033951, 40.786307647284467 ] ] ] } },
{ "type": "Feature", "properties": { "group_id": "D-260", "n_parks": 2, "extent_km": 0.1, "max_walk_m": 71.1, "park_area_acres": 1.04, "hull_area_acres": 1.79, "boroughs": "M", "members": "P.S. 155 Playground; Diamante Garden" }, "geometry": { "type": "Polygon", "coordinates": [ [ [ -73.935334460024009, 40.796952495035377 ], [ -73.935907566282509, 40.79719332512358 ], [ -73.936578305423467, 40.797795251576808 ], [ -73.936398938949111, 40.798039355659348 ], [ -73.934977796612372, 40.797440097842184 ], [ -73.935133269968489, 40.797227546821858 ], [ -73.935334460024009, 40.796952495035377 ] ] ] } },
{ "type": "Feature", "properties": { "group_id": "D-261", "n_parks": 2, "extent_km": 0.228, "max_walk_m": 161.7, "park_area_acres": 1.95, "hull_area_acres": 5.88, "boroughs": "M", "members": "Bellevue South Park; Vincent F. Albano Jr. Playground" }, "geometry": { "type": "Polygon", "coordinates": [ [ [ -73.978203475992956, 40.739392171852664 ], [ -73.978692974978614, 40.739598020377102 ], [ -73.978828267048073, 40.742006132075502 ], [ -73.978703909497696, 40.742272869938745 ], [ -73.978414389627105, 40.742150871184236 ], [ -73.978131320970121, 40.741953361808974 ], [ -73.97742211525204, 40.740467092842415 ], [ -73.978203475992956, 40.739392171852664 ] ] ] } },
{ "type": "Feature", "properties": { "group_id": "D-262", "n_parks": 2, "extent_km": 0.098, "max_walk_m": 21.5, "park_area_acres": 0.67, "hull_area_acres": 1.62, "boroughs": "M", "members": "Playground Eighty Nine LXXXIX; St. Gregory's Playground" }, "geometry": { "type": "Polygon", "coordinates": [ [ [ -73.97170273649769, 40.78840436586529 ], [ -73.971756195250691, 40.78842685998206 ], [ -73.971925599405438, 40.788498141794697 ], [ -73.972229032378678, 40.788625820778769 ], [ -73.972259113709598, 40.788638479159147 ], [ -73.972283014823418, 40.789451696527998 ], [ -73.9720889375361, 40.789717462184889 ], [ -73.971770398506237, 40.789583661154168 ], [ -73.971523118048935, 40.788650560875801 ], [ -73.97170273649769, 40.78840436586529 ] ] ] } },
{ "type": "Feature", "properties": { "group_id": "D-263", "n_parks": 2, "extent_km": 0.074, "max_walk_m": 0.0, "park_area_acres": 0.96, "hull_area_acres": 1.49, "boroughs": "M", "members": "Hell's Kitchen Park; Clinton Community Garden" }, "geometry": { "type": "Polygon", "coordinates": [ [ [ -73.9915836963971, 40.762559421647488 ], [ -73.992561915918969, 40.762633684209966 ], [ -73.992966699391616, 40.762803882433886 ], [ -73.992604832800296, 40.763302673397497 ], [ -73.992200046036615, 40.763132473914553 ], [ -73.991409204362299, 40.762799944275585 ], [ -73.9915836963971, 40.762559421647488 ] ] ] } },
{ "type": "Feature", "properties": { "group_id": "D-264", "n_parks": 2, "extent_km": 0.207, "max_walk_m": 188.7, "park_area_acres": 0.49, "hull_area_acres": 2.43, "boroughs": "M", "members": "Pleasant Village Community Garden; St. Mark's Garden" }, "geometry": { "type": "Polygon", "coordinates": [ [ [ -73.931709865202379, 40.796328445533128 ], [ -73.934041053508366, 40.796400260011225 ], [ -73.934170151127731, 40.796454750123232 ], [ -73.933988983563452, 40.796700745033839 ], [ -73.931689261448184, 40.796794005294942 ], [ -73.931396642901646, 40.796757778193161 ], [ -73.93123108111989, 40.79668783226083 ], [ -73.931413743343157, 40.796437450829593 ], [ -73.931709865202379, 40.796328445533128 ] ] ] } },
{ "type": "Feature", "properties": { "group_id": "D-265", "n_parks": 2, "extent_km": 0.016, "max_walk_m": 0.0, "park_area_acres": 0.3, "hull_area_acres": 0.3, "boroughs": "M", "members": "Merchant's House Museum; Manuel Plaza" }, "geometry": { "type": "Polygon", "coordinates": [ [ [ -73.992140626534706, 40.727462708001404 ], [ -73.992438202699049, 40.727608949846363 ], [ -73.992180688298461, 40.727912653545687 ], [ -73.99187934177678, 40.727771615716172 ], [ -73.992140626534706, 40.727462708001404 ] ] ] } },
{ "type": "Feature", "properties": { "group_id": "D-266", "n_parks": 2, "extent_km": 0.777, "max_walk_m": 0.0, "park_area_acres": 61.92, "hull_area_acres": 98.0, "boroughs": "Q", "members": "Astoria Park; Ralph Demarco Park" }, "geometry": { "type": "Polygon", "coordinates": [ [ [ -73.924013723482403, 40.774737775934085 ], [ -73.925257596479966, 40.775422826760945 ], [ -73.928154332605999, 40.777100951626068 ], [ -73.91575669224153, 40.786266126131522 ], [ -73.915430499328551, 40.786033198534135 ], [ -73.918159963546529, 40.781238334389371 ], [ -73.923236783476924, 40.775378289421845 ], [ -73.923637350385903, 40.775048061982538 ], [ -73.924013723482403, 40.774737775934085 ] ] ] } },
{ "type": "Feature", "properties": { "group_id": "D-267", "n_parks": 2, "extent_km": 0.656, "max_walk_m": 0.0, "park_area_acres": 116.95, "hull_area_acres": 293.4, "boroughs": "Q", "members": "Little Bay Park; Fort Totten Park" }, "geometry": { "type": "Polygon", "coordinates": [ [ [ -73.794663207884412, 40.787586005984707 ], [ -73.794701181134329, 40.787596387999891 ], [ -73.794728658931277, 40.787613917515536 ], [ -73.794754554768645, 40.787642304278137 ], [ -73.794844357382203, 40.788029867015773 ], [ -73.794853566182496, 40.78813462635172 ], [ -73.794837012669575, 40.78823679410479 ], [ -73.794814955259397, 40.788315672244359 ], [ -73.794793742430869, 40.788377291936349 ], [ -73.794722638369208, 40.788521787938969 ], [ -73.794594641245567, 40.788663609774765 ], [ -73.794541806273671, 40.788720876754375 ], [ -73.793945344698358, 40.789219854137848 ], [ -73.780533777159405, 40.796412885118642 ], [ -73.77929363724239, 40.796598994188642 ], [ -73.777668053764813, 40.796559517732135 ], [ -73.776285520046144, 40.796138613280178 ], [ -73.774335443300131, 40.794371414875869 ], [ -73.774095783994213, 40.794122639819754 ], [ -73.77231885899063, 40.791344892908256 ], [ -73.772295911569898, 40.790507059648014 ], [ -73.775908933670237, 40.78783420624157 ], [ -73.794663207884412, 40.787586005984707 ] ] ] } },
{ "type": "Feature", "properties": { "group_id": "D-268", "n_parks": 2, "extent_km": 0.277, "max_walk_m": 0.0, "park_area_acres": 56.55, "hull_area_acres": 69.56, "boroughs": "Q", "members": "Crocheron Park; John Golden Park" }, "geometry": { "type": "Polygon", "coordinates": [ [ [ -73.770570130937088, 40.769739474202915 ], [ -73.771741358581195, 40.770765686091018 ], [ -73.771907217031611, 40.771436389208112 ], [ -73.770438856767711, 40.774414555059508 ], [ -73.767666103931504, 40.775182319673696 ], [ -73.76710943008122, 40.775307206389193 ], [ -73.763123336635786, 40.771012374412855 ], [ -73.763426064571917, 40.770937298002053 ], [ -73.763830787090967, 40.770836925756434 ], [ -73.770570130937088, 40.769739474202915 ] ] ] } },
{ "type": "Feature", "properties": { "group_id": "D-269", "n_parks": 2, "extent_km": 0.208, "max_walk_m": 104.4, "park_area_acres": 9.4, "hull_area_acres": 22.58, "boroughs": "Q", "members": "Laurelton Parkway (4/8); Delphin H. Greene Playground" }, "geometry": { "type": "Polygon", "coordinates": [ [ [ -73.725948428993249, 40.683276387250686 ], [ -73.72684576945808, 40.683471713142616 ], [ -73.727153671884523, 40.683538733016903 ], [ -73.729475625016349, 40.684433257272751 ], [ -73.729597849885351, 40.685220787379933 ], [ -73.729359274811486, 40.685666827626648 ], [ -73.726701214027131, 40.687008339988147 ], [ -73.726468703207374, 40.687015429750026 ], [ -73.726011342205041, 40.687029374311919 ], [ -73.725964257520673, 40.686544867378601 ], [ -73.725894958222071, 40.685767880323297 ], [ -73.725817937842265, 40.684646025801129 ], [ -73.725803085899017, 40.684429686828523 ], [ -73.725803621806776, 40.684247285427716 ], [ -73.725834939880315, 40.683713361696718 ], [ -73.725853452639569, 40.683397748904945 ], [ -73.725937299257424, 40.683289935959706 ], [ -73.725948428993249, 40.683276387250686 ] ] ] } },
{ "type": "Feature", "properties": { "group_id": "D-270", "n_parks": 2, "extent_km": 0.251, "max_walk_m": 165.0, "park_area_acres": 0.75, "hull_area_acres": 6.03, "boroughs": "Q", "members": "Sabba Park; John Vincent Daniels Jr. Square" }, "geometry": { "type": "Polygon", "coordinates": [ [ [ -73.915102773602712, 40.742728651550713 ], [ -73.915761243397384, 40.742735004556764 ], [ -73.91603307143167, 40.742765925663932 ], [ -73.916285487045457, 40.742796046778288 ], [ -73.916494730854154, 40.742821015761059 ], [ -73.916484913716957, 40.742855638551283 ], [ -73.913749351697945, 40.744643574096727 ], [ -73.912940119683654, 40.744167049030331 ], [ -73.912933555766969, 40.744159656307744 ], [ -73.912930455455154, 40.744151052319587 ], [ -73.912931146710477, 40.744142146826313 ], [ -73.912935557261633, 40.744133880803197 ], [ -73.912943219471245, 40.744127126487768 ], [ -73.915090603805538, 40.742733065871221 ], [ -73.915094306275563, 40.74273106947453 ], [ -73.915098403542387, 40.742729583956397 ], [ -73.915102773602712, 40.742728651550713 ] ] ] } },
{ "type": "Feature", "properties": { "group_id": "D-271", "n_parks": 2, "extent_km": 0.262, "max_walk_m": 186.5, "park_area_acres": 0.75, "hull_area_acres": 2.43, "boroughs": "Q", "members": "Newtown Playground; Horsebrook Island" }, "geometry": { "type": "Polygon", "coordinates": [ [ [ -73.87258653125383, 40.735857088522508 ], [ -73.87262207656687, 40.735940033179311 ], [ -73.869400564779184, 40.736583131455539 ], [ -73.869098043593922, 40.736329616264264 ], [ -73.86905959520432, 40.736250730314012 ], [ -73.869033369582709, 40.736196283649882 ], [ -73.869799209882856, 40.736042645472899 ], [ -73.87258653125383, 40.735857088522508 ] ] ] } },
{ "type": "Feature", "properties": { "group_id": "D-272", "n_parks": 2, "extent_km": 0.249, "max_walk_m": 193.5, "park_area_acres": 0.72, "hull_area_acres": 2.82, "boroughs": "Q", "members": "Poppenhusen Park; College Point Park" }, "geometry": { "type": "Polygon", "coordinates": [ [ [ -73.846727205981296, 40.785340301878868 ], [ -73.846761935780023, 40.785887805898895 ], [ -73.845933932926926, 40.787968573475474 ], [ -73.845757023717155, 40.787962408842724 ], [ -73.845772564696574, 40.787651355629556 ], [ -73.846208124202022, 40.785360617276496 ], [ -73.846727205981296, 40.785340301878868 ] ] ] } },
{ "type": "Feature", "properties": { "group_id": "D-273", "n_parks": 2, "extent_km": 0.156, "max_walk_m": 183.9, "park_area_acres": 1.17, "hull_area_acres": 3.33, "boroughs": "Q", "members": "Proctor-Hopson Circle; Latimer Playground" }, "geometry": { "type": "Polygon", "coordinates": [ [ [ -73.786424302648456, 40.696207282055106 ], [ -73.786434613979523, 40.696207603762709 ], [ -73.786443388450778, 40.696208277420638 ], [ -73.786454005404693, 40.696209592061358 ], [ -73.786464573253667, 40.696211462227843 ], [ -73.786475302361495, 40.696213962152655 ], [ -73.78648536161694, 40.696216890379496 ], [ -73.786495580810126, 40.696220491587042 ], [ -73.786507816770637, 40.696225730069344 ], [ -73.786517906666973, 40.696230914140735 ], [ -73.786526477600844, 40.696236034158801 ], [ -73.786534111184082, 40.696241246091262 ], [ -73.786544597832119, 40.69624963402871 ], [ -73.786554354501931, 40.696259122842008 ], [ -73.786559865426923, 40.696265469987715 ], [ -73.786565355472149, 40.696272795954499 ], [ -73.786569914912093, 40.696279954500412 ], [ -73.786573109591018, 40.696285817375539 ], [ -73.786798677571781, 40.696745101955131 ], [ -73.78653382685556, 40.698008092192168 ], [ -73.786532452676468, 40.698013791704355 ], [ -73.786530115805249, 40.698018251222877 ], [ -73.786526404135401, 40.698022691081611 ], [ -73.786521965197792, 40.69802626959946 ], [ -73.786518288046878, 40.698028427616968 ], [ -73.7865132135708, 40.698030580340941 ], [ -73.786508161607571, 40.698031983877968 ], [ -73.786501129319916, 40.698032915473476 ], [ -73.7864973287693, 40.698032965155839 ], [ -73.786493112893467, 40.698032653861638 ], [ -73.786490768921112, 40.698032310019201 ], [ -73.786487985544809, 40.698031734829819 ], [ -73.78648496757252, 40.69803089175214 ], [ -73.785998914175963, 40.697854960427925 ], [ -73.785995722032027, 40.697853460538049 ], [ -73.785992759061983, 40.697851705328006 ], [ -73.785990001697684, 40.697849665036905 ], [ -73.785987474860988, 40.697847316297768 ], [ -73.785984735979213, 40.697843941477657 ], [ -73.785982579756535, 40.697840031934511 ], [ -73.785981208567932, 40.697835571835398 ], [ -73.785634952236933, 40.696411271581844 ], [ -73.785761123936283, 40.69637743642479 ], [ -73.786203523187098, 40.696258799447037 ], [ -73.786363839874397, 40.696215807579051 ], [ -73.786379476224923, 40.696211808598399 ], [ -73.786392575326744, 40.696209463655507 ], [ -73.78640482786443, 40.696208047372259 ], [ -73.786415563493776, 40.696207402715665 ], [ -73.786424302648456, 40.696207282055106 ] ] ] } },
{ "type": "Feature", "properties": { "group_id": "D-274", "n_parks": 2, "extent_km": 0.133, "max_walk_m": 116.3, "park_area_acres": 0.67, "hull_area_acres": 2.24, "boroughs": "Q", "members": "Andrews Grove; Vernon Mall" }, "geometry": { "type": "Polygon", "coordinates": [ [ [ -73.954218228519977, 40.742028725997685 ], [ -73.954223890169359, 40.74202881829882 ], [ -73.954229463743317, 40.742029583243529 ], [ -73.954260874715516, 40.742035864152427 ], [ -73.954266221704785, 40.742037282773538 ], [ -73.954271211896739, 40.74203931990106 ], [ -73.954275721009381, 40.742041925957892 ], [ -73.954279638977923, 40.742045036964349 ], [ -73.954282868770662, 40.742048575438396 ], [ -73.955257337077569, 40.743321657314624 ], [ -73.955164847304928, 40.743596584832687 ], [ -73.95437824599685, 40.743442945721014 ], [ -73.954056924768878, 40.742635654861175 ], [ -73.954026539195183, 40.74251563666494 ], [ -73.954185385535268, 40.742049156249912 ], [ -73.954187249523287, 40.742045088500291 ], [ -73.954189927890795, 40.742041293027675 ], [ -73.954193353088058, 40.742037862557424 ], [ -73.954197442178739, 40.742034882604678 ], [ -73.954202094476486, 40.742032425169818 ], [ -73.954207193910221, 40.742030552341724 ], [ -73.954212616132949, 40.742029309096189 ], [ -73.954218228519977, 40.742028725997685 ] ] ] } },
{ "type": "Feature", "properties": { "group_id": "D-275", "n_parks": 2, "extent_km": 0.397, "max_walk_m": 188.3, "park_area_acres": 11.36, "hull_area_acres": 29.27, "boroughs": "Q", "members": "Archie Spigner Park; Brinkerhoff Mall" }, "geometry": { "type": "Polygon", "coordinates": [ [ [ -73.781113912695886, 40.6917101249079 ], [ -73.781535976247085, 40.692285034535061 ], [ -73.782529574342902, 40.69599260355541 ], [ -73.782288411591097, 40.69609594010511 ], [ -73.777920132728539, 40.694322220561595 ], [ -73.777892034317929, 40.694210141291677 ], [ -73.777535795822956, 40.692789121091394 ], [ -73.778369151503227, 40.692529117443911 ], [ -73.779418033686895, 40.692201859011774 ], [ -73.78048883687012, 40.691869734034675 ], [ -73.781113912695886, 40.6917101249079 ] ] ] } },
{ "type": "Feature", "properties": { "group_id": "D-276", "n_parks": 2, "extent_km": 0.063, "max_walk_m": 32.1, "park_area_acres": 0.02, "hull_area_acres": 0.15, "boroughs": "Q", "members": "Clemens Triangle; Myrtle Avenue Clemens Triangle" }, "geometry": { "type": "Polygon", "coordinates": [ [ [ -73.905890646620946, 40.700034858567946 ], [ -73.906714452367751, 40.700150981221775 ], [ -73.906632047705145, 40.700231584121539 ], [ -73.905830032936635, 40.700092506634434 ], [ -73.905890646620946, 40.700034858567946 ] ] ] } },
{ "type": "Feature", "properties": { "group_id": "D-277", "n_parks": 2, "extent_km": 0.152, "max_walk_m": 109.1, "park_area_acres": 0.04, "hull_area_acres": 0.35, "boroughs": "Q", "members": "Dunningham Triangle; Manuel De Dios Unanue Triangle" }, "geometry": { "type": "Polygon", "coordinates": [ [ [ -73.883603838248774, 40.746296985638821 ], [ -73.8836208922461, 40.746372068254452 ], [ -73.882875334479365, 40.747652382095595 ], [ -73.882702849650116, 40.74766640756652 ], [ -73.883603838248774, 40.746296985638821 ] ] ] } },
{ "type": "Feature", "properties": { "group_id": "D-278", "n_parks": 2, "extent_km": 0.058, "max_walk_m": 0.0, "park_area_acres": 1.68, "hull_area_acres": 2.07, "boroughs": "Q", "members": "Luke J. Lang Square; Reiff Playground" }, "geometry": { "type": "Polygon", "coordinates": [ [ [ -73.901981281936102, 40.718083487812564 ], [ -73.902446804769014, 40.718578065351252 ], [ -73.902215339480975, 40.718919375865219 ], [ -73.901909508754045, 40.719156964815632 ], [ -73.901558977374819, 40.71921190383943 ], [ -73.901244643441402, 40.718087841719317 ], [ -73.901981281936102, 40.718083487812564 ] ] ] } },
{ "type": "Feature", "properties": { "group_id": "D-279", "n_parks": 2, "extent_km": 0.165, "max_walk_m": 61.6, "park_area_acres": 2.4, "hull_area_acres": 4.82, "boroughs": "Q", "members": "Hoyt Playground; Columbus Square" }, "geometry": { "type": "Polygon", "coordinates": [ [ [ -73.917419467197391, 40.769999652478148 ], [ -73.917424040274412, 40.769999754811103 ], [ -73.917496178500883, 40.770014246066133 ], [ -73.917828820669399, 40.770081085932674 ], [ -73.918022577597696, 40.771534865512294 ], [ -73.91722220984586, 40.772191063798211 ], [ -73.916722411966703, 40.771879819241406 ], [ -73.916394218727277, 40.771649162536413 ], [ -73.917397338747335, 40.77001043905873 ], [ -73.917399815528867, 40.770007515097745 ], [ -73.91740291251601, 40.770004955384813 ], [ -73.917406538412664, 40.770002834596234 ], [ -73.917410586540356, 40.770001214790298 ], [ -73.917414938394003, 40.770000143608669 ], [ -73.917419467197391, 40.769999652478148 ] ] ] } },
{ "type": "Feature", "properties": { "group_id": "D-280", "n_parks": 2, "extent_km": 0.064, "max_walk_m": 0.0, "park_area_acres": 1.01, "hull_area_acres": 1.2, "boroughs": "Q", "members": "Pigeon Paradise; General Hart Playground" }, "geometry": { "type": "Polygon", "coordinates": [ [ [ -73.897453105361848, 40.748466797089435 ], [ -73.897782060547186, 40.748556028942069 ], [ -73.89751604683498, 40.749149900076766 ], [ -73.896949391040778, 40.748908635025721 ], [ -73.896500160192502, 40.748711465206945 ], [ -73.896437517288376, 40.748579053315787 ], [ -73.896628324877483, 40.748556839018789 ], [ -73.896881696075042, 40.748528168869257 ], [ -73.897453105361848, 40.748466797089435 ] ] ] } },
{ "type": "Feature", "properties": { "group_id": "D-281", "n_parks": 2, "extent_km": 0.194, "max_walk_m": 166.4, "park_area_acres": 8.49, "hull_area_acres": 27.8, "boroughs": "Q", "members": "Flushing Fields; Hart Playground" }, "geometry": { "type": "Polygon", "coordinates": [ [ [ -73.817162532136265, 40.771583216830138 ], [ -73.819546663571529, 40.773867864157474 ], [ -73.819546788442977, 40.774399669098436 ], [ -73.81750123548737, 40.776273186319322 ], [ -73.815867312667464, 40.7759587161488 ], [ -73.81601990310142, 40.771614123264904 ], [ -73.817162532136265, 40.771583216830138 ] ] ] } },
{ "type": "Feature", "properties": { "group_id": "D-282", "n_parks": 2, "extent_km": 0.625, "max_walk_m": 0.0, "park_area_acres": 26.84, "hull_area_acres": 39.19, "boroughs": "Q", "members": "Springfield Park; Springfield Park North" }, "geometry": { "type": "Polygon", "coordinates": [ [ [ -73.761664512970015, 40.658358328791032 ], [ -73.764033739778725, 40.658616054298925 ], [ -73.763773031187839, 40.65960808566944 ], [ -73.762735452958779, 40.663428845995227 ], [ -73.762376093618599, 40.664294393982559 ], [ -73.760004069093711, 40.664470377757176 ], [ -73.759240007943049, 40.664229162857275 ], [ -73.761664512970015, 40.658358328791032 ] ] ] } },
{ "type": "Feature", "properties": { "group_id": "D-283", "n_parks": 2, "extent_km": 0.143, "max_walk_m": 119.6, "park_area_acres": 0.14, "hull_area_acres": 1.11, "boroughs": "Q", "members": "One Room Schoolhouse Park; O'Sullivan Plaza" }, "geometry": { "type": "Polygon", "coordinates": [ [ [ -73.879569297732061, 40.7630856296838 ], [ -73.881051258310592, 40.763709636210407 ], [ -73.88106079681846, 40.763768135658715 ], [ -73.87943418905914, 40.76353277104257 ], [ -73.879342358105689, 40.763517231242808 ], [ -73.879300424186837, 40.763281830413028 ], [ -73.879535886333741, 40.76310986966871 ], [ -73.879569297732061, 40.7630856296838 ] ] ] } },
{ "type": "Feature", "properties": { "group_id": "D-284", "n_parks": 2, "extent_km": 0.151, "max_walk_m": 0.0, "park_area_acres": 8.28, "hull_area_acres": 9.76, "boroughs": "Q", "members": "Detective Keith L Williams Park; William Simmons Community Garden Club" }, "geometry": { "type": "Polygon", "coordinates": [ [ [ -73.782981948280238, 40.701311713566859 ], [ -73.783291239518618, 40.701339131652858 ], [ -73.784275305931317, 40.701451359025739 ], [ -73.785805627506321, 40.704113684775578 ], [ -73.784886943146319, 40.70443535704748 ], [ -73.782917246579402, 40.702018345175297 ], [ -73.782725092169173, 40.701736828428764 ], [ -73.782773943470616, 40.701655975173608 ], [ -73.78290961961585, 40.701431421266882 ], [ -73.7829791894778, 40.701316278477222 ], [ -73.782981948280238, 40.701311713566859 ] ] ] } },
{ "type": "Feature", "properties": { "group_id": "D-285", "n_parks": 2, "extent_km": 0.173, "max_walk_m": 54.8, "park_area_acres": 4.71, "hull_area_acres": 7.02, "boroughs": "Q", "members": "Marconi Park; George Washington Carver Botanical Garden" }, "geometry": { "type": "Polygon", "coordinates": [ [ [ -73.794717137457511, 40.692379901967485 ], [ -73.795958203672527, 40.692613148879857 ], [ -73.795965065008986, 40.692614884631098 ], [ -73.795972371962904, 40.692617913411461 ], [ -73.795978593809465, 40.692621785851635 ], [ -73.79598168209202, 40.69262435509377 ], [ -73.796128990812491, 40.69282209646093 ], [ -73.79637086944004, 40.693172654053846 ], [ -73.796363658363418, 40.694305738905257 ], [ -73.795575540730127, 40.694640132105015 ], [ -73.795566609976092, 40.69464223335256 ], [ -73.795559563453438, 40.694642563931694 ], [ -73.795554000641602, 40.694642099289709 ], [ -73.795549094815584, 40.694641134227609 ], [ -73.795543446485922, 40.69463923491255 ], [ -73.795539004629688, 40.69463705227728 ], [ -73.79553469871405, 40.694634136864025 ], [ -73.795530179730733, 40.69462971270918 ], [ -73.794518700550839, 40.693246876523908 ], [ -73.794515708866129, 40.693242147979355 ], [ -73.79451368907651, 40.693236083004265 ], [ -73.794394287035274, 40.692516734373413 ], [ -73.794717137457511, 40.692379901967485 ] ] ] } },
{ "type": "Feature", "properties": { "group_id": "D-286", "n_parks": 2, "extent_km": 0.331, "max_walk_m": 197.9, "park_area_acres": 14.97, "hull_area_acres": 71.53, "boroughs": "Q", "members": "Motor Parkway; Telephone Playground" }, "geometry": { "type": "Polygon", "coordinates": [ [ [ -73.762557107152745, 40.735162622070717 ], [ -73.762599872660658, 40.735454947718402 ], [ -73.762602904493946, 40.735476548225215 ], [ -73.762603468934486, 40.735498550676525 ], [ -73.762602729964044, 40.735520550440796 ], [ -73.762600691293216, 40.735542502500088 ], [ -73.762597355442495, 40.73556436363512 ], [ -73.762592728496628, 40.735586087031578 ], [ -73.762586822440468, 40.735607631290605 ], [ -73.762579645726547, 40.735628949602898 ], [ -73.762571216255793, 40.735650001482028 ], [ -73.762561548387353, 40.735670743732868 ], [ -73.762550662396308, 40.735691134072901 ], [ -73.762538582106387, 40.735711131127346 ], [ -73.762525331341251, 40.735730693521447 ], [ -73.762510935098959, 40.735749782584456 ], [ -73.762495424300056, 40.735768358757198 ], [ -73.762478829849215, 40.73578638698303 ], [ -73.762461185034965, 40.735803827707642 ], [ -73.762442526678271, 40.735820646787126 ], [ -73.762414267749392, 40.735843295776988 ], [ -73.757076574578576, 40.738675025542136 ], [ -73.756396844228945, 40.738861901873321 ], [ -73.743647279149357, 40.738943899871671 ], [ -73.743564342529396, 40.738842370792035 ], [ -73.743466452836969, 40.738722533367351 ], [ -73.743506027695616, 40.738709227310558 ], [ -73.743541771146909, 40.73869814237402 ], [ -73.743578316010257, 40.738687694071253 ], [ -73.743616598359722, 40.738677678268367 ], [ -73.743655923440002, 40.73866835096333 ], [ -73.743694760262713, 40.738660070753376 ], [ -73.756417456206606, 40.736029241182123 ], [ -73.756445468248913, 40.736023866744176 ], [ -73.756473619568808, 40.73601892934191 ], [ -73.756501897134626, 40.736014431649238 ], [ -73.756530291476082, 40.736010373645911 ], [ -73.762557107152745, 40.735162622070717 ] ] ] } },
{ "type": "Feature", "properties": { "group_id": "D-287", "n_parks": 2, "extent_km": 0.079, "max_walk_m": 153.2, "park_area_acres": 2.21, "hull_area_acres": 2.68, "boroughs": "Q", "members": "Hempstead Ballfield; Hempstead Bench Spread" }, "geometry": { "type": "Polygon", "coordinates": [ [ [ -73.729194665118868, 40.710241021063865 ], [ -73.729834649625829, 40.71039852017725 ], [ -73.729840030663894, 40.710400542755821 ], [ -73.729844870501651, 40.710403243952904 ], [ -73.729849022726569, 40.710406542378735 ], [ -73.72985236112406, 40.710410336879434 ], [ -73.72985478674498, 40.710414514658439 ], [ -73.729856224366472, 40.710418948566712 ], [ -73.729856631926182, 40.710423505229272 ], [ -73.729855996964915, 40.710428046838111 ], [ -73.72985433779175, 40.710432435657331 ], [ -73.729680603683107, 40.710798759002166 ], [ -73.729077696552238, 40.711129576796722 ], [ -73.729059966400428, 40.711138931042512 ], [ -73.729041820422054, 40.711147811536343 ], [ -73.729023282333145, 40.711156206627251 ], [ -73.729004371079398, 40.711164113658008 ], [ -73.728985116315997, 40.711171515588504 ], [ -73.728965533453135, 40.711178406151284 ], [ -73.728945652098417, 40.711184780012694 ], [ -73.7289254924288, 40.711190622811955 ], [ -73.728905079292602, 40.711195935507895 ], [ -73.728884434039259, 40.711200706443982 ], [ -73.728863587456203, 40.711204931190039 ], [ -73.728842560859917, 40.711208606194113 ], [ -73.728821377952102, 40.711211723407303 ], [ -73.728807171124444, 40.711213432436246 ], [ -73.728800068303912, 40.711214286501217 ], [ -73.728778654455482, 40.711216282021141 ], [ -73.728757163607554, 40.711217714533745 ], [ -73.728745629273789, 40.711218179036671 ], [ -73.728735618256465, 40.711218581390455 ], [ -73.72871404681554, 40.71121887995659 ], [ -73.72870478345385, 40.711218766273483 ], [ -73.728692476489215, 40.711218613898396 ], [ -73.728670926234443, 40.711217777857357 ], [ -73.728631220543491, 40.711214174056558 ], [ -73.728346026187396, 40.711110320381671 ], [ -73.728342072832362, 40.71110207944367 ], [ -73.728235193608683, 40.710778698028562 ], [ -73.728231015771968, 40.710764279922905 ], [ -73.728227505805307, 40.710749758033543 ], [ -73.728224655340028, 40.710735153052632 ], [ -73.728222480873555, 40.710720482128991 ], [ -73.728220977609453, 40.710705760560025 ], [ -73.728220149005622, 40.710691010866825 ], [ -73.728219996190091, 40.710676246559821 ], [ -73.728220516714657, 40.710661487444575 ], [ -73.728221718793023, 40.710646750650227 ], [ -73.728223590509955, 40.710632055959962 ], [ -73.728226134169418, 40.710617418687995 ], [ -73.728229347330682, 40.710602856838754 ], [ -73.728233223988212, 40.710588392010436 ], [ -73.728237762910496, 40.710574035906696 ], [ -73.728242954545479, 40.710559809216853 ], [ -73.728248794074787, 40.710545732641208 ], [ -73.728255275548008, 40.710531814270254 ], [ -73.728262389394772, 40.710518079295788 ], [ -73.72827013084077, 40.710504537612024 ], [ -73.728278483215377, 40.710491214393969 ], [ -73.728287444122174, 40.710478116839909 ], [ -73.728296996912505, 40.710465264721769 ], [ -73.72830713323269, 40.710452675129474 ], [ -73.728317838826698, 40.710440361536939 ], [ -73.728329102974016, 40.710428341028496 ], [ -73.728340906692438, 40.710416625265928 ], [ -73.728353245196914, 40.710405226844919 ], [ -73.728366095918403, 40.71039416642396 ], [ -73.728379444623101, 40.710383452073877 ], [ -73.728393274692067, 40.710373096362545 ], [ -73.728407571854774, 40.710363116365897 ], [ -73.728422319518202, 40.710353518348178 ], [ -73.728437492768592, 40.710344317559297 ], [ -73.728453083263688, 40.710335528387567 ], [ -73.728470083511169, 40.710326660592131 ], [ -73.728485418839895, 40.710319211681252 ], [ -73.728502128342626, 40.7103117029733 ], [ -73.728519170904576, 40.710304646206538 ], [ -73.728536521660146, 40.710298044924137 ], [ -73.728556189256153, 40.710293251933805 ], [ -73.728576059468097, 40.71028897721412 ], [ -73.728596107434043, 40.710285223407823 ], [ -73.728616316572285, 40.710281994077917 ], [ -73.728636658463444, 40.710279293659788 ], [ -73.728657107058837, 40.710277125694077 ], [ -73.728677646963618, 40.710275492846002 ], [ -73.729194665118868, 40.710241021063865 ] ] ] } },
{ "type": "Feature", "properties": { "group_id": "D-288", "n_parks": 2, "extent_km": 0.318, "max_walk_m": 34.1, "park_area_acres": 8.38, "hull_area_acres": 12.43, "boroughs": "Q", "members": "Beach 30th Street Playground; Park" }, "geometry": { "type": "Polygon", "coordinates": [ [ [ -73.763760233171936, 40.591821343318074 ], [ -73.764037316832045, 40.593195868860306 ], [ -73.762997740016033, 40.593300873162718 ], [ -73.758982000158923, 40.592892529380606 ], [ -73.75886307297111, 40.592292520336585 ], [ -73.759961650817118, 40.59218683922326 ], [ -73.763760233171936, 40.591821343318074 ] ] ] } },
{ "type": "Feature", "properties": { "group_id": "D-289", "n_parks": 2, "extent_km": 0.13, "max_walk_m": 49.7, "park_area_acres": 1.71, "hull_area_acres": 8.26, "boroughs": "Q", "members": "Mall Forty Two XLII (1/3); Francis Lewis Playground" }, "geometry": { "type": "Polygon", "coordinates": [ [ [ -73.784033781585265, 40.759468781970547 ], [ -73.784039575045611, 40.759469153934859 ], [ -73.784045218238802, 40.759470214505434 ], [ -73.784050572696003, 40.759471935506909 ], [ -73.784055504726268, 40.75947427616601 ], [ -73.784062145465072, 40.759481063131553 ], [ -73.784067471955652, 40.759488488794638 ], [ -73.784650215639729, 40.760631336518792 ], [ -73.784542338222678, 40.760660186077949 ], [ -73.783848309318046, 40.760845785373078 ], [ -73.779661815151158, 40.760702086630012 ], [ -73.779656893609925, 40.760701606251565 ], [ -73.779652119541865, 40.760700580447399 ], [ -73.779647594718796, 40.76069903282557 ], [ -73.779642120686589, 40.760694440573339 ], [ -73.77963773000144, 40.760689219137369 ], [ -73.779634544162548, 40.760683514632447 ], [ -73.779632653835662, 40.760677485721345 ], [ -73.779632111753514, 40.7606713018005 ], [ -73.779631998016768, 40.760667735573485 ], [ -73.779632683557153, 40.760664206895754 ], [ -73.779634147904844, 40.760660817485402 ], [ -73.779636346913279, 40.760657666313719 ], [ -73.779639219876728, 40.760654846016912 ], [ -73.779642680073792, 40.76065243747464 ], [ -73.782299081443767, 40.759934712793545 ], [ -73.784022325289214, 40.759470120259238 ], [ -73.784027983499399, 40.759469106089583 ], [ -73.784033781585265, 40.759468781970547 ] ] ] } },
{ "type": "Feature", "properties": { "group_id": "D-290", "n_parks": 2, "extent_km": 0.236, "max_walk_m": 142.2, "park_area_acres": 1.51, "hull_area_acres": 9.18, "boroughs": "Q", "members": "Rockaway Freeway (10/16); Grassmere Playground" }, "geometry": { "type": "Polygon", "coordinates": [ [ [ -73.758766472937864, 40.598762040926786 ], [ -73.76143137165225, 40.599856981586775 ], [ -73.761461719489461, 40.599894344353054 ], [ -73.761529691956682, 40.600122183318867 ], [ -73.761362375265392, 40.600311141798031 ], [ -73.761188277097858, 40.600496506351291 ], [ -73.7610075314293, 40.600678137645204 ], [ -73.760820276966172, 40.600855896355803 ], [ -73.760626653585405, 40.601029647664099 ], [ -73.760426810617759, 40.601199257671098 ], [ -73.760220899742933, 40.601364597885919 ], [ -73.760191193842928, 40.60134292058995 ], [ -73.760025157558843, 40.601221395693109 ], [ -73.758361599239635, 40.599247082530091 ], [ -73.758400412114881, 40.599086020449178 ], [ -73.758406335018506, 40.599065345122021 ], [ -73.758419596086426, 40.599032507410392 ], [ -73.758433377310183, 40.599007086620396 ], [ -73.758446975359419, 40.598986576010759 ], [ -73.758459196858766, 40.598970685805668 ], [ -73.75848245628454, 40.598945045390607 ], [ -73.758508498998012, 40.598921404583628 ], [ -73.758527290469374, 40.598906802420998 ], [ -73.75854208705843, 40.59889657472079 ], [ -73.758643313042015, 40.598830905792774 ], [ -73.758664263929646, 40.598817660732628 ], [ -73.758683958589472, 40.598805823254132 ], [ -73.758699520818794, 40.598796869584312 ], [ -73.758715367108493, 40.598788098415049 ], [ -73.758730113738025, 40.598780238068088 ], [ -73.758745814504152, 40.598772176203411 ], [ -73.758766472937864, 40.598762040926786 ] ] ] } },
{ "type": "Feature", "properties": { "group_id": "D-291", "n_parks": 2, "extent_km": 0.237, "max_walk_m": 193.9, "park_area_acres": 1.44, "hull_area_acres": 5.19, "boroughs": "Q", "members": "Rockaway Freeway (16/16); Bayside Playground" }, "geometry": { "type": "Polygon", "coordinates": [ [ [ -73.827813041279811, 40.583227892984247 ], [ -73.827840577407954, 40.583281057942891 ], [ -73.825704498875353, 40.584979282700793 ], [ -73.825492721467896, 40.585041162333553 ], [ -73.825319538805402, 40.585091764445721 ], [ -73.824727160527871, 40.585264848318509 ], [ -73.824598666962459, 40.584817582814118 ], [ -73.825628844439962, 40.583822892398388 ], [ -73.825655360277949, 40.583815668998838 ], [ -73.82624896222633, 40.583653970235659 ], [ -73.827813041279811, 40.583227892984247 ] ] ] } },
{ "type": "Feature", "properties": { "group_id": "D-292", "n_parks": 2, "extent_km": 0.182, "max_walk_m": 155.5, "park_area_acres": 1.52, "hull_area_acres": 9.25, "boroughs": "Q", "members": "Rockaway Freeway (6/16); Beach Channel Playground" }, "geometry": { "type": "Polygon", "coordinates": [ [ [ -73.806293680853472, 40.588633287904926 ], [ -73.807130616900167, 40.590793091076534 ], [ -73.807120858111247, 40.590841756244494 ], [ -73.806524855178992, 40.590919479999165 ], [ -73.804509135132761, 40.590598414360606 ], [ -73.804511316249275, 40.590406581859781 ], [ -73.804531663138135, 40.590242545256828 ], [ -73.805317430155611, 40.588744748483208 ], [ -73.805885831238498, 40.588660331304347 ], [ -73.806293680853472, 40.588633287904926 ] ] ] } },
{ "type": "Feature", "properties": { "group_id": "D-293", "n_parks": 2, "extent_km": 0.284, "max_walk_m": 156.9, "park_area_acres": 1.45, "hull_area_acres": 3.39, "boroughs": "Q", "members": "Foch Sitting Area; Playground One Forty" }, "geometry": { "type": "Polygon", "coordinates": [ [ [ -73.800827380453413, 40.674442463285715 ], [ -73.801162562791291, 40.674474421570345 ], [ -73.801219653545417, 40.67458918218405 ], [ -73.801761910261135, 40.675679182544748 ], [ -73.802475121916672, 40.677772287644061 ], [ -73.802359107944369, 40.677804246778443 ], [ -73.801039215822797, 40.675575343665194 ], [ -73.800827380453413, 40.674442463285715 ] ] ] } },
{ "type": "Feature", "properties": { "group_id": "D-294", "n_parks": 2, "extent_km": 0.277, "max_walk_m": 178.1, "park_area_acres": 7.08, "hull_area_acres": 15.9, "boroughs": "Q", "members": "Maple Grove Park; Hoover - Manton Playgrounds" }, "geometry": { "type": "Polygon", "coordinates": [ [ [ -73.819989788544888, 40.709899993566935 ], [ -73.82506880535567, 40.712055287029926 ], [ -73.824441590731851, 40.712396239690527 ], [ -73.823217156231607, 40.712637987828657 ], [ -73.821175456653918, 40.712444865872165 ], [ -73.819594570319609, 40.710347221499376 ], [ -73.819989788544888, 40.709899993566935 ] ] ] } },
{ "type": "Feature", "properties": { "group_id": "D-295", "n_parks": 2, "extent_km": 0.471, "max_walk_m": 13.2, "park_area_acres": 6.62, "hull_area_acres": 25.38, "boroughs": "Q", "members": "Hallets Cove Playground; Two Coves Community Garden" }, "geometry": { "type": "Polygon", "coordinates": [ [ [ -73.934241098064419, 40.77142687662846 ], [ -73.934931349202486, 40.771540718415871 ], [ -73.937525174048531, 40.772485736477449 ], [ -73.937901831207, 40.773593441888892 ], [ -73.937903365674202, 40.774214075705522 ], [ -73.937785836077907, 40.77477825214617 ], [ -73.937725241375944, 40.774760998196058 ], [ -73.937011113095238, 40.774543285356813 ], [ -73.936870495445874, 40.77450030934245 ], [ -73.931122953108172, 40.772159121793365 ], [ -73.931124903129501, 40.772134746334181 ], [ -73.934241098064419, 40.77142687662846 ] ] ] } },
{ "type": "Feature", "properties": { "group_id": "D-296", "n_parks": 2, "extent_km": 0.076, "max_walk_m": 44.5, "park_area_acres": 0.15, "hull_area_acres": 0.43, "boroughs": "Q", "members": "Corporal Frank F. Fagan Sq.; Woodside Houses Park" }, "geometry": { "type": "Polygon", "coordinates": [ [ [ -73.911614407426839, 40.755625267378413 ], [ -73.911624015632725, 40.755626489532311 ], [ -73.911633256430122, 40.755628834334217 ], [ -73.911791776292858, 40.755702358747499 ], [ -73.91246066227626, 40.75601881050261 ], [ -73.912430163594735, 40.756056103374839 ], [ -73.911599372846737, 40.755932156280267 ], [ -73.911437813989281, 40.755854161859979 ], [ -73.911432186900583, 40.755851283119597 ], [ -73.911427297315399, 40.755847708855136 ], [ -73.911423294302878, 40.755843545440996 ], [ -73.911420297300126, 40.755838919039867 ], [ -73.911418397307941, 40.755833967499179 ], [ -73.911417650966754, 40.755828842147466 ], [ -73.911418079391012, 40.755823694286057 ], [ -73.911419671712878, 40.755818681494866 ], [ -73.911422379182099, 40.755813952319976 ], [ -73.911562083410587, 40.755641245414949 ], [ -73.911569056959891, 40.755636072860803 ], [ -73.911577005112647, 40.755631789853439 ], [ -73.911585733520909, 40.755628500702208 ], [ -73.911595030105971, 40.755626285389113 ], [ -73.911604666243889, 40.755625198669442 ], [ -73.911614407426839, 40.755625267378413 ] ] ] } },
{ "type": "Feature", "properties": { "group_id": "D-297", "n_parks": 2, "extent_km": 1.369, "max_walk_m": 99.8, "park_area_acres": 44.36, "hull_area_acres": 205.33, "boroughs": "Q", "members": "Alameda Malls; Udalls Park Preserve" }, "geometry": { "type": "Polygon", "coordinates": [ [ [ -73.743877151283343, 40.763938413416582 ], [ -73.743911664066374, 40.763938873754064 ], [ -73.743938873144543, 40.763939582597637 ], [ -73.743946143810007, 40.76393991843743 ], [ -73.74398055936264, 40.763941949024094 ], [ -73.74401485520346, 40.763944928469847 ], [ -73.74402439462817, 40.763946003259726 ], [ -73.744047694883349, 40.76394867730621 ], [ -73.744051217976292, 40.763949082257234 ], [ -73.744053428004761, 40.763949386135714 ], [ -73.744088236830152, 40.763954175819833 ], [ -73.74412722878354, 40.763960514652602 ], [ -73.744165938835621, 40.763967786672971 ], [ -73.744204326740771, 40.763975986388793 ], [ -73.74422044404777, 40.763979850232062 ], [ -73.744240119445337, 40.763984567548945 ], [ -73.744249599056985, 40.763987033472191 ], [ -73.744279588740071, 40.763995838571418 ], [ -73.744292587130218, 40.763999835060432 ], [ -73.74431799945188, 40.764007669148043 ], [ -73.744549878840971, 40.764096687246365 ], [ -73.744564908316264, 40.764102570269579 ], [ -73.744605282481331, 40.764126223369445 ], [ -73.745588397812568, 40.764728727519532 ], [ -73.745645100284563, 40.764772898357414 ], [ -73.745651094498243, 40.764786206688491 ], [ -73.74885817816012, 40.779513608921675 ], [ -73.747863296430708, 40.781019560064905 ], [ -73.743406034392422, 40.778257835018543 ], [ -73.739625039513385, 40.76623196531343 ], [ -73.739623851591261, 40.766228019305039 ], [ -73.739624081963271, 40.766223321876446 ], [ -73.739627626387929, 40.766204055417397 ], [ -73.739655349576722, 40.766077107741665 ], [ -73.739801548725907, 40.765478750667661 ], [ -73.739808658772972, 40.765450206216286 ], [ -73.739840086532695, 40.765324044888516 ], [ -73.739863282753916, 40.765230929814855 ], [ -73.739873063537416, 40.765201169399582 ], [ -73.739884156736821, 40.765171678496777 ], [ -73.739896549199358, 40.765142488594243 ], [ -73.739910226587938, 40.765113631176952 ], [ -73.739925173367297, 40.765085141329173 ], [ -73.739941371650843, 40.765057049627259 ], [ -73.739958805921091, 40.765029386653026 ], [ -73.739977453536682, 40.765002187474622 ], [ -73.740000113699963, 40.764973498002711 ], [ -73.740000874274656, 40.764972535275092 ], [ -73.740138184308464, 40.764831544558497 ], [ -73.740166027612915, 40.764806078856182 ], [ -73.740193609010106, 40.764783685089753 ], [ -73.740222152886702, 40.764762000385687 ], [ -73.740251633084782, 40.764741050799046 ], [ -73.740282013982423, 40.764720859661978 ], [ -73.74031326115599, 40.764701446707392 ], [ -73.740345342533374, 40.764682836176029 ], [ -73.740378218936385, 40.764665052292614 ], [ -73.740411860707397, 40.764648107596791 ], [ -73.740446221572896, 40.764632023595766 ], [ -73.740483340633702, 40.764615987220935 ], [ -73.740516962924218, 40.764602509406288 ], [ -73.740553263923161, 40.764589114157459 ], [ -73.740590206272387, 40.764576775736579 ], [ -73.740604768425513, 40.764572128584213 ], [ -73.740627523791659, 40.764565112629022 ], [ -73.740665402011743, 40.76455453588369 ], [ -73.74070372060639, 40.764544922760052 ], [ -73.740746833831381, 40.764536140775839 ], [ -73.742326887971444, 40.764219287461181 ], [ -73.743009290398163, 40.764083353640366 ], [ -73.743637798753767, 40.763960195645488 ], [ -73.743650130074187, 40.763958097885705 ], [ -73.743671528187249, 40.763954630813792 ], [ -73.743705402460989, 40.763949589489592 ], [ -73.74373697750633, 40.76394587939501 ], [ -73.743738239415265, 40.76394573181711 ], [ -73.743743950112503, 40.763945188005508 ], [ -73.743747954708041, 40.763944806992811 ], [ -73.743767202574006, 40.763943042483689 ], [ -73.743773796582843, 40.763942555566153 ], [ -73.74380820195411, 40.763940458253003 ], [ -73.743843790067316, 40.763938780494513 ], [ -73.743844363336578, 40.763938770062538 ], [ -73.743854712938273, 40.763938592260182 ], [ -73.743867035711588, 40.763938406236612 ], [ -73.743877151283343, 40.763938413416582 ] ] ] } },
{ "type": "Feature", "properties": { "group_id": "D-298", "n_parks": 2, "extent_km": 0.322, "max_walk_m": 177.7, "park_area_acres": 1.84, "hull_area_acres": 31.0, "boroughs": "Q", "members": "Bell Malls; Captain Dermody Triangle" }, "geometry": { "type": "Polygon", "coordinates": [ [ [ -73.761629532502951, 40.747848097491293 ], [ -73.76163403150602, 40.747848558857832 ], [ -73.76163837105706, 40.747849571006149 ], [ -73.761642436392265, 40.747851108484397 ], [ -73.761646117542213, 40.747853129641641 ], [ -73.766341598847688, 40.753916904637201 ], [ -73.766455178300561, 40.754073248050574 ], [ -73.766560561691108, 40.754232876903089 ], [ -73.76657158145747, 40.754250521287574 ], [ -73.766647208978668, 40.754384168613797 ], [ -73.766753563958702, 40.754594977852221 ], [ -73.766899751353705, 40.754938052340854 ], [ -73.7670516450371, 40.755311804979108 ], [ -73.767131803813186, 40.755511310804891 ], [ -73.767131849866786, 40.755516767979096 ], [ -73.767130696563001, 40.755522155190597 ], [ -73.767128377591305, 40.755527320321576 ], [ -73.767124956223867, 40.75553211761747 ], [ -73.767120530030809, 40.755536414000268 ], [ -73.767115222596956, 40.755540087250445 ], [ -73.76710918348715, 40.755543035912879 ], [ -73.767102581153708, 40.755545175680226 ], [ -73.767095601720783, 40.755546448395627 ], [ -73.764777683401419, 40.755869034706869 ], [ -73.764715509251701, 40.755875232003881 ], [ -73.764672604427503, 40.755879471305981 ], [ -73.764375705943763, 40.755908801801837 ], [ -73.761615978185077, 40.747951411017326 ], [ -73.761607712116842, 40.747920984601542 ], [ -73.761603513256929, 40.747891905660921 ], [ -73.761601685415883, 40.747862685745062 ], [ -73.761603429119688, 40.74785949794817 ], [ -73.761605833792515, 40.747856569065043 ], [ -73.761608834027385, 40.747853978205107 ], [ -73.761612349063171, 40.747851793639867 ], [ -73.761616286333577, 40.747850073710865 ], [ -73.761620539102168, 40.747848865924105 ], [ -73.761624994773712, 40.74784820066386 ], [ -73.761629532502951, 40.747848097491293 ] ] ] } },
{ "type": "Feature", "properties": { "group_id": "D-299", "n_parks": 2, "extent_km": 0.196, "max_walk_m": 98.5, "park_area_acres": 4.55, "hull_area_acres": 10.86, "boroughs": "Q", "members": "South Gate Mall; Montbellier Park" }, "geometry": { "type": "Polygon", "coordinates": [ [ [ -73.758631687049487, 40.672823262723441 ], [ -73.758638472567782, 40.672823549816044 ], [ -73.758644494745766, 40.672824621459519 ], [ -73.758649612353281, 40.672826284646845 ], [ -73.758654832105492, 40.672828809844418 ], [ -73.758658986322288, 40.672831630878299 ], [ -73.758684003328398, 40.67288074540496 ], [ -73.75870483493479, 40.67292291625467 ], [ -73.758748019286998, 40.673010839792227 ], [ -73.758748625392812, 40.673016575565143 ], [ -73.758747320889256, 40.673023097986835 ], [ -73.758701598186747, 40.673193155973166 ], [ -73.758697486807193, 40.673206601997137 ], [ -73.75869279036533, 40.673219937831064 ], [ -73.75868751128489, 40.673233147270601 ], [ -73.758681654355243, 40.673246214116482 ], [ -73.758675227907233, 40.673259123977793 ], [ -73.758668237906548, 40.67327186245852 ], [ -73.758660693857195, 40.673284417871969 ], [ -73.756845359840582, 40.676067926015143 ], [ -73.756811743426312, 40.676066668983751 ], [ -73.755970925645244, 40.675789183327254 ], [ -73.756357106252551, 40.673462872173722 ], [ -73.758623773257611, 40.672824266407943 ], [ -73.758631687049487, 40.672823262723441 ] ] ] } },
{ "type": "Feature", "properties": { "group_id": "D-300", "n_parks": 2, "extent_km": 0.518, "max_walk_m": 0.0, "park_area_acres": 46.25, "hull_area_acres": 234.35, "boroughs": "Q", "members": "Kissena Corridor Park; Holy Cow Playground" }, "geometry": { "type": "Polygon", "coordinates": [ [ [ -73.771454381041949, 40.731731543386786 ], [ -73.79446106613247, 40.746284739275531 ], [ -73.794532200035405, 40.746895863273096 ], [ -73.792194539447522, 40.746652216867368 ], [ -73.778442949602749, 40.742507827482839 ], [ -73.775065581117232, 40.741475772000783 ], [ -73.774995845175255, 40.741371202730676 ], [ -73.770413411687471, 40.731926458604853 ], [ -73.770416736867944, 40.731896245874417 ], [ -73.770434568504896, 40.731874181975343 ], [ -73.770448883045347, 40.731860381358679 ], [ -73.770454181603967, 40.731857652565431 ], [ -73.770546815163001, 40.731840150240892 ], [ -73.771454381041949, 40.731731543386786 ] ] ] } },
{ "type": "Feature", "properties": { "group_id": "D-301", "n_parks": 2, "extent_km": 0.163, "max_walk_m": 57.5, "park_area_acres": 2.76, "hull_area_acres": 5.97, "boroughs": "Q", "members": "Jamaica Playground; Discovery Garden" }, "geometry": { "type": "Polygon", "coordinates": [ [ [ -73.790925136585727, 40.692652208235721 ], [ -73.791835806676588, 40.693893324850123 ], [ -73.791528254128266, 40.694621803719599 ], [ -73.791120909417089, 40.694913221090495 ], [ -73.790770965227352, 40.695061137122089 ], [ -73.790755451276212, 40.69503987746949 ], [ -73.790663129992197, 40.694913360990441 ], [ -73.790629424515188, 40.694867169883807 ], [ -73.78999743106786, 40.693042814290273 ], [ -73.790925136585727, 40.692652208235721 ] ] ] } },
{ "type": "Feature", "properties": { "group_id": "D-302", "n_parks": 2, "extent_km": 0.145, "max_walk_m": 80.8, "park_area_acres": 1.85, "hull_area_acres": 3.22, "boroughs": "Q", "members": "Woodtree Playground; Steinway Playground" }, "geometry": { "type": "Polygon", "coordinates": [ [ [ -73.903562416323226, 40.776144413091821 ], [ -73.903831695384753, 40.776330517273458 ], [ -73.903985352201659, 40.776619002676007 ], [ -73.90373935743348, 40.776820027435207 ], [ -73.902359003341928, 40.777938380256259 ], [ -73.901826411233287, 40.777566898058893 ], [ -73.902944817717724, 40.776650133941793 ], [ -73.903562416323226, 40.776144413091821 ] ] ] } },
{ "type": "Feature", "properties": { "group_id": "D-303", "n_parks": 2, "extent_km": 0.274, "max_walk_m": 190.7, "park_area_acres": 1.7, "hull_area_acres": 3.87, "boroughs": "Q", "members": "Crowley Playground; Park" }, "geometry": { "type": "Polygon", "coordinates": [ [ [ -73.880376367490584, 40.729101987924651 ], [ -73.880410260862874, 40.729140524411754 ], [ -73.880523669449133, 40.729269469919046 ], [ -73.879307213185086, 40.73017344647905 ], [ -73.879302006073786, 40.73017724567309 ], [ -73.876836173290187, 40.731105430766171 ], [ -73.876829211508024, 40.7311028847842 ], [ -73.878847188332131, 40.729612429626215 ], [ -73.879261098437723, 40.729446534882989 ], [ -73.879477818381105, 40.72936630770721 ], [ -73.879697954652755, 40.729291658746391 ], [ -73.879921259745089, 40.729222671470346 ], [ -73.880147482611193, 40.729159424844319 ], [ -73.880376367490584, 40.729101987924651 ] ] ] } },
{ "type": "Feature", "properties": { "group_id": "D-304", "n_parks": 2, "extent_km": 0.156, "max_walk_m": 0.0, "park_area_acres": 0.01, "hull_area_acres": 0.33, "boroughs": "Q", "members": "Park; Park" }, "geometry": { "type": "Polygon", "coordinates": [ [ [ -73.876690790962527, 40.72976201241601 ], [ -73.876695800368353, 40.729765963812575 ], [ -73.876571949747955, 40.729858610608893 ], [ -73.874919462829737, 40.730403145797624 ], [ -73.874914110252661, 40.730398531176427 ], [ -73.875945124906295, 40.729928880043701 ], [ -73.876690790962527, 40.72976201241601 ] ] ] } },
{ "type": "Feature", "properties": { "group_id": "D-305", "n_parks": 2, "extent_km": 0.491, "max_walk_m": 193.5, "park_area_acres": 56.89, "hull_area_acres": 93.31, "boroughs": "Q", "members": "Roy Wilkins Recreation Center; Locust Manor Civic Association" }, "geometry": { "type": "Polygon", "coordinates": [ [ [ -73.773992089038714, 40.683425062633695 ], [ -73.774087458559165, 40.683587194376962 ], [ -73.775613063235895, 40.687745106636328 ], [ -73.775543479656321, 40.688211968838878 ], [ -73.774437419357966, 40.690964959964241 ], [ -73.772275613979431, 40.691695231847682 ], [ -73.768112907802887, 40.686795150088756 ], [ -73.769841169355402, 40.684074278027545 ], [ -73.769847196431371, 40.684066393449015 ], [ -73.769854854148491, 40.684059376627879 ], [ -73.769863933636429, 40.684053422558293 ], [ -73.769874182359402, 40.684048696429933 ], [ -73.769885318336136, 40.684045326452555 ], [ -73.769897033676145, 40.684043407465076 ], [ -73.773992089038714, 40.683425062633695 ] ] ] } },
{ "type": "Feature", "properties": { "group_id": "D-306", "n_parks": 2, "extent_km": 0.217, "max_walk_m": 149.7, "park_area_acres": 1.21, "hull_area_acres": 4.29, "boroughs": "R", "members": "Staats Circle; Arrochar Playground" }, "geometry": { "type": "Polygon", "coordinates": [ [ [ -74.07090104369, 40.597426594507979 ], [ -74.071560218043956, 40.597813040611435 ], [ -74.072729883397344, 40.599279240696745 ], [ -74.072168826942914, 40.599661662733823 ], [ -74.072161879835804, 40.599662528896374 ], [ -74.070762601419077, 40.598077644330552 ], [ -74.070591709324773, 40.597856571139495 ], [ -74.070432232652379, 40.597583572855136 ], [ -74.07090104369, 40.597426594507979 ] ] ] } },
{ "type": "Feature", "properties": { "group_id": "D-307", "n_parks": 2, "extent_km": 0.299, "max_walk_m": 129.6, "park_area_acres": 3.51, "hull_area_acres": 10.52, "boroughs": "R", "members": "Hero Park; Forest Mall" }, "geometry": { "type": "Polygon", "coordinates": [ [ [ -74.089019655274228, 40.629646763660645 ], [ -74.092640708504902, 40.631156663110708 ], [ -74.092644091796771, 40.631161220617386 ], [ -74.092643058055287, 40.631166693909726 ], [ -74.092639260684578, 40.631169526402893 ], [ -74.092633692364117, 40.631170426906536 ], [ -74.088036714578308, 40.630979014859605 ], [ -74.086943601782863, 40.630305564372648 ], [ -74.087488494707046, 40.629854240892229 ], [ -74.089019655274228, 40.629646763660645 ] ] ] } },
{ "type": "Feature", "properties": { "group_id": "D-308", "n_parks": 2, "extent_km": 0.394, "max_walk_m": 147.9, "park_area_acres": 14.85, "hull_area_acres": 39.68, "boroughs": "R", "members": "John E. White Park; Von Briesen Park" }, "geometry": { "type": "Polygon", "coordinates": [ [ [ -74.065746862668135, 40.604518975844591 ], [ -74.065767200214992, 40.60452013218584 ], [ -74.065714748727501, 40.604635320056204 ], [ -74.065654911659351, 40.604741240344886 ], [ -74.063625526686877, 40.607676677579121 ], [ -74.062998854129745, 40.607959771315763 ], [ -74.056420112702071, 40.609273859538455 ], [ -74.055683013595385, 40.608350713312369 ], [ -74.056792950421269, 40.60787505046121 ], [ -74.060326551239086, 40.606444223703342 ], [ -74.065746862668135, 40.604518975844591 ] ] ] } },
{ "type": "Feature", "properties": { "group_id": "D-309", "n_parks": 2, "extent_km": 0.553, "max_walk_m": 137.1, "park_area_acres": 89.4, "hull_area_acres": 133.67, "boroughs": "R", "members": "Walker Park; Snug Harbor Cultural Center" }, "geometry": { "type": "Polygon", "coordinates": [ [ [ -74.10534695929374, 40.638998418573202 ], [ -74.110350137038139, 40.642661129157744 ], [ -74.110552259946175, 40.643764753299074 ], [ -74.10747184445998, 40.645837967680507 ], [ -74.106263509146444, 40.645909301271097 ], [ -74.100360247286488, 40.645871739720398 ], [ -74.099912139157126, 40.645829530870841 ], [ -74.099695690855498, 40.645582194983071 ], [ -74.09965494861305, 40.64511474769003 ], [ -74.099675029608051, 40.643228433593663 ], [ -74.099919880932873, 40.640238801706168 ], [ -74.104935743725704, 40.639043454017198 ], [ -74.10534695929374, 40.638998418573202 ] ] ] } },
{ "type": "Feature", "properties": { "group_id": "D-310", "n_parks": 2, "extent_km": 0.215, "max_walk_m": 38.4, "park_area_acres": 3.04, "hull_area_acres": 7.78, "boroughs": "R", "members": "Egbert Triangle; Markham Playground" }, "geometry": { "type": "Polygon", "coordinates": [ [ [ -74.146956454077142, 40.622226343169295 ], [ -74.145671241369385, 40.624814868786395 ], [ -74.144899874326455, 40.625086530351133 ], [ -74.144893343209048, 40.625088167625343 ], [ -74.14427511711466, 40.625225165154788 ], [ -74.14426625221364, 40.625226479333392 ], [ -74.144258884323122, 40.625227039697663 ], [ -74.144249856129122, 40.625227171695556 ], [ -74.144242471949937, 40.625226757715325 ], [ -74.144233526283188, 40.625225700920474 ], [ -74.144226365770848, 40.625224326702984 ], [ -74.144217795810889, 40.625222113166387 ], [ -74.144211779195913, 40.625220110750362 ], [ -74.144211746075783, 40.62522009818462 ], [ -74.144205949820758, 40.625217792916736 ], [ -74.144200340803593, 40.625215171330787 ], [ -74.14419499118587, 40.625212263953969 ], [ -74.144189315021833, 40.625208650077397 ], [ -74.14418286918611, 40.625203821462158 ], [ -74.144178587249982, 40.625200019428569 ], [ -74.144173302756755, 40.625194431117571 ], [ -74.144157461112087, 40.625162896720241 ], [ -74.14414743740906, 40.625124005872706 ], [ -74.144146211425706, 40.62511836564461 ], [ -74.144145762682356, 40.625113614156938 ], [ -74.144146007997577, 40.625107901843435 ], [ -74.144147196897265, 40.62510129683092 ], [ -74.144149070062113, 40.625095763481092 ], [ -74.144151185415538, 40.625091278934811 ], [ -74.145177175671336, 40.623041480250926 ], [ -74.146956454077142, 40.622226343169295 ] ] ] } },
{ "type": "Feature", "properties": { "group_id": "D-311", "n_parks": 2, "extent_km": 0.122, "max_walk_m": 16.3, "park_area_acres": 3.04, "hull_area_acres": 4.72, "boroughs": "R", "members": "Mahoney Playground; Davis Playground" }, "geometry": { "type": "Polygon", "coordinates": [ [ [ -74.086057993179438, 40.64195822958812 ], [ -74.086196061418903, 40.641981484737549 ], [ -74.086349660737199, 40.642738740874478 ], [ -74.086382675131091, 40.643539770644459 ], [ -74.085774367042987, 40.644003322154965 ], [ -74.085764774363312, 40.644010593792636 ], [ -74.085742031614515, 40.643980923356175 ], [ -74.085569835139694, 40.643756270472494 ], [ -74.085119061043187, 40.643168165624807 ], [ -74.085009803754289, 40.642340576126003 ], [ -74.085382302210988, 40.642061159162651 ], [ -74.086057993179438, 40.64195822958812 ] ] ] } },
{ "type": "Feature", "properties": { "group_id": "D-312", "n_parks": 2, "extent_km": 0.27, "max_walk_m": 83.8, "park_area_acres": 23.19, "hull_area_acres": 35.52, "boroughs": "R", "members": "Long Pond Park (3/4); Aesop Park" }, "geometry": { "type": "Polygon", "coordinates": [ [ [ -74.227525133152611, 40.508357115359466 ], [ -74.230438505841036, 40.509279681983195 ], [ -74.230544009643495, 40.509582051635519 ], [ -74.229616087252097, 40.510972775171531 ], [ -74.228923711185345, 40.511123049042055 ], [ -74.227019081345802, 40.511536406503765 ], [ -74.225604074512503, 40.511843478496488 ], [ -74.224018580750823, 40.509060778762688 ], [ -74.223870679931423, 40.508732901753582 ], [ -74.225632080250392, 40.508550000564249 ], [ -74.227525133152611, 40.508357115359466 ] ] ] } },
{ "type": "Feature", "properties": { "group_id": "D-313", "n_parks": 2, "extent_km": 0.403, "max_walk_m": 138.3, "park_area_acres": 6.39, "hull_area_acres": 26.0, "boroughs": "R", "members": "Tappen Park; Stapleton Esplanade" }, "geometry": { "type": "Polygon", "coordinates": [ [ [ -74.077904236991259, 40.626533509361579 ], [ -74.077909547415516, 40.626533578705207 ], [ -74.077914768789114, 40.626534311792327 ], [ -74.077919761624344, 40.626535689806545 ], [ -74.077924389955882, 40.626537674117714 ], [ -74.077928526075155, 40.626540211681657 ], [ -74.077932057619435, 40.626543233234699 ], [ -74.077934888755834, 40.626546655093328 ], [ -74.077936943735608, 40.626550386356506 ], [ -74.077938163343092, 40.626554324405035 ], [ -74.077938517903974, 40.626558361196693 ], [ -74.077937995471842, 40.626562387776602 ], [ -74.077936611281984, 40.626566293370487 ], [ -74.07783351958625, 40.626783929784331 ], [ -74.077815123081137, 40.6268225097147 ], [ -74.077798141961608, 40.626845422335023 ], [ -74.077782649612857, 40.626861874514425 ], [ -74.07776425076888, 40.626879217471085 ], [ -74.077740407994796, 40.626897582594225 ], [ -74.073328206582445, 40.630151042340628 ], [ -74.07329015361573, 40.630164724787242 ], [ -74.073249938856563, 40.630174157244475 ], [ -74.073208374123368, 40.630179150084153 ], [ -74.073178227431754, 40.630177790579616 ], [ -74.073148810533411, 40.630172583582308 ], [ -74.0731209651656, 40.630163678043722 ], [ -74.073095484718593, 40.630151328307726 ], [ -74.073073096496984, 40.630135886016902 ], [ -74.072913958261381, 40.630000481329191 ], [ -74.072439570239567, 40.627677101197165 ], [ -74.072341357047904, 40.6271479652194 ], [ -74.072579877138963, 40.626678820416899 ], [ -74.073124525428966, 40.62662227383133 ], [ -74.073940169982691, 40.626575817529059 ], [ -74.077904236991259, 40.626533509361579 ] ] ] } },
{ "type": "Feature", "properties": { "group_id": "D-314", "n_parks": 2, "extent_km": 0.269, "max_walk_m": 157.9, "park_area_acres": 2.66, "hull_area_acres": 7.22, "boroughs": "R", "members": "Austin J. McDonald Playground; Prall Playground" }, "geometry": { "type": "Polygon", "coordinates": [ [ [ -74.118329071760698, 40.628168940995664 ], [ -74.118869548244874, 40.62865498061371 ], [ -74.118403715513253, 40.628838062521751 ], [ -74.115890992745094, 40.629822500619355 ], [ -74.114811522445862, 40.62996072475476 ], [ -74.114735148684844, 40.629555554252569 ], [ -74.114854312728809, 40.629195155999177 ], [ -74.118329071760698, 40.628168940995664 ] ] ] } },
{ "type": "Feature", "properties": { "group_id": "D-315", "n_parks": 2, "extent_km": 0.242, "max_walk_m": 41.8, "park_area_acres": 19.14, "hull_area_acres": 30.17, "boroughs": "R", "members": "Jones Woods Park; Cottages Hill New Brighton Park" }, "geometry": { "type": "Polygon", "coordinates": [ [ [ -74.091910437713125, 40.635646205563326 ], [ -74.092347898469924, 40.635723288024863 ], [ -74.092408236341612, 40.635743698451414 ], [ -74.092437374364138, 40.63575720533558 ], [ -74.092466767118211, 40.63577539110657 ], [ -74.092489669620093, 40.635793957607291 ], [ -74.092581117896842, 40.635876806545205 ], [ -74.093219108628915, 40.636542362077243 ], [ -74.093320444127542, 40.636705958281169 ], [ -74.090202908503613, 40.639845756767279 ], [ -74.089395863640817, 40.639977242316689 ], [ -74.088583852920848, 40.639454221604488 ], [ -74.088551760591372, 40.639381560027154 ], [ -74.08847351729014, 40.639204394501341 ], [ -74.088827283152298, 40.636784469043121 ], [ -74.08931149683427, 40.6361200942316 ], [ -74.091910437713125, 40.635646205563326 ] ] ] } },
{ "type": "Feature", "properties": { "group_id": "D-316", "n_parks": 2, "extent_km": 0.193, "max_walk_m": 103.9, "park_area_acres": 3.46, "hull_area_acres": 4.51, "boroughs": "R", "members": "Harris Brothers Park; Park" }, "geometry": { "type": "Polygon", "coordinates": [ [ [ -74.203013803943293, 40.532579917315914 ], [ -74.20326143122108, 40.533103487671056 ], [ -74.200809275070071, 40.533791197939138 ], [ -74.199052192122451, 40.534260644857802 ], [ -74.199876011437397, 40.533709694979613 ], [ -74.199931500318385, 40.533673586173663 ], [ -74.199987817596238, 40.533638234143808 ], [ -74.200044949140675, 40.533603649719886 ], [ -74.200102874922848, 40.533569844642408 ], [ -74.200161576086373, 40.533536827948453 ], [ -74.200221037318343, 40.533504609569256 ], [ -74.200281237410096, 40.533473201247602 ], [ -74.200342156327963, 40.533442612923103 ], [ -74.200403778754065, 40.533412852726173 ], [ -74.200466082297183, 40.533383931501085 ], [ -74.200529048101515, 40.533355858284949 ], [ -74.200592669092515, 40.533328634890196 ], [ -74.201353526095644, 40.533039113609199 ], [ -74.201590273707168, 40.532973635760428 ], [ -74.203013803943293, 40.532579917315914 ] ] ] } },
{ "type": "Feature", "properties": { "group_id": "D-317", "n_parks": 2, "extent_km": 0.137, "max_walk_m": 73.0, "park_area_acres": 0.18, "hull_area_acres": 28.44, "boroughs": "R", "members": "Park; Park" }, "geometry": { "type": "Polygon", "coordinates": [ [ [ -74.112526742982084, 40.609631438028408 ], [ -74.116579195396668, 40.610479647106999 ], [ -74.116712072969662, 40.61153176240888 ], [ -74.116712647897046, 40.611537538673957 ], [ -74.116698831271549, 40.611541151188455 ], [ -74.11597958632251, 40.611729199452697 ], [ -74.115690416713846, 40.611804801519035 ], [ -74.113090856418111, 40.61232483477351 ], [ -74.112106787745972, 40.612139565422623 ], [ -74.111568500820312, 40.612038218518414 ], [ -74.111400780209394, 40.6120066395941 ], [ -74.109630049640828, 40.61151918129044 ], [ -74.109623446316434, 40.611516140222051 ], [ -74.109701540849883, 40.611183518264802 ], [ -74.112518983495775, 40.609633651903948 ], [ -74.112526742982084, 40.609631438028408 ] ] ] } },
{ "type": "Feature", "properties": { "group_id": "D-318", "n_parks": 2, "extent_km": 0.231, "max_walk_m": 162.8, "park_area_acres": 0.81, "hull_area_acres": 2.49, "boroughs": "R", "members": "Park; Park" }, "geometry": { "type": "Polygon", "coordinates": [ [ [ -74.191283653131975, 40.536791054178977 ], [ -74.191448225498704, 40.537128143421818 ], [ -74.189128485206453, 40.53854876652214 ], [ -74.188568078526202, 40.538704953016484 ], [ -74.189004679716433, 40.538302599986665 ], [ -74.190409244211651, 40.537277720991852 ], [ -74.190415295205426, 40.537273366802914 ], [ -74.190761731766784, 40.537067884368682 ], [ -74.191283653131975, 40.536791054178977 ] ] ] } },
{ "type": "Feature", "properties": { "group_id": "D-319", "n_parks": 2, "extent_km": 0.328, "max_walk_m": 0.0, "park_area_acres": 7.44, "hull_area_acres": 17.51, "boroughs": "R", "members": "Ida Court; Park" }, "geometry": { "type": "Polygon", "coordinates": [ [ [ -74.192016837902699, 40.533670184257055 ], [ -74.192364841514404, 40.534411023980212 ], [ -74.186693938011743, 40.539127827980252 ], [ -74.185991102872805, 40.538538002662172 ], [ -74.18582434822126, 40.538298025879946 ], [ -74.192016837902699, 40.533670184257055 ] ] ] } },
{ "type": "Feature", "properties": { "group_id": "D-320", "n_parks": 2, "extent_km": 0.131, "max_walk_m": 0.0, "park_area_acres": 0.01, "hull_area_acres": 1.58, "boroughs": "R", "members": "Park; Park" }, "geometry": { "type": "Polygon", "coordinates": [ [ [ -74.1828843215375, 40.543329280420934 ], [ -74.18288735577913, 40.543330756057507 ], [ -74.183013247988455, 40.543391988648445 ], [ -74.184174682434772, 40.543983150561068 ], [ -74.1839990483831, 40.544186875088506 ], [ -74.183858336795609, 40.544350088978028 ], [ -74.183813563721657, 40.544328035568199 ], [ -74.18372173627327, 40.544282802182607 ], [ -74.182568655375761, 40.543688432746656 ], [ -74.1828843215375, 40.543329280420934 ] ] ] } },
{ "type": "Feature", "properties": { "group_id": "D-321", "n_parks": 2, "extent_km": 0.371, "max_walk_m": 0.0, "park_area_acres": 20.63, "hull_area_acres": 67.74, "boroughs": "R", "members": "Meredith Woods (18/25); Meredith Woods" }, "geometry": { "type": "Polygon", "coordinates": [ [ [ -74.192883134903511, 40.593874530860568 ], [ -74.192889969542037, 40.593876115004832 ], [ -74.19691082762786, 40.596814576672053 ], [ -74.197275574700114, 40.597173518055321 ], [ -74.197322995714543, 40.597379301110912 ], [ -74.197295107379446, 40.59768950503414 ], [ -74.1971852557147, 40.598288064343365 ], [ -74.196797108590289, 40.598745174126002 ], [ -74.190024325110642, 40.602251568838327 ], [ -74.190016675490568, 40.602251748083177 ], [ -74.19015065595103, 40.601468033485943 ], [ -74.190169868108995, 40.601365653511635 ], [ -74.190198698768668, 40.601226436978116 ], [ -74.190227014942565, 40.601115683257767 ], [ -74.190267099888587, 40.600971035022752 ], [ -74.190306735535174, 40.600839176761802 ], [ -74.190346613041172, 40.600715542573433 ], [ -74.190392462052927, 40.600582577149225 ], [ -74.191567804014298, 40.597215262981329 ], [ -74.1927565095056, 40.594188232272764 ], [ -74.192883134903511, 40.593874530860568 ] ] ] } },
{ "type": "Feature", "properties": { "group_id": "D-322", "n_parks": 2, "extent_km": 0.133, "max_walk_m": 0.0, "park_area_acres": 17.21, "hull_area_acres": 20.97, "boroughs": "R", "members": "Bayview Terrace Park; Garden" }, "geometry": { "type": "Polygon", "coordinates": [ [ [ -74.165268269370088, 40.524023227456169 ], [ -74.165270230366019, 40.524025955039178 ], [ -74.166006289014206, 40.525049768768262 ], [ -74.166161655482412, 40.525447070222334 ], [ -74.165577763413452, 40.526163281167925 ], [ -74.163953236967487, 40.526851769560821 ], [ -74.163284896497572, 40.527131773733913 ], [ -74.163032575574903, 40.527237482599375 ], [ -74.162082221167324, 40.527283965574064 ], [ -74.160947920911298, 40.52602683552945 ], [ -74.165268269370088, 40.524023227456169 ] ] ] } },
{ "type": "Feature", "properties": { "group_id": "D-323", "n_parks": 2, "extent_km": 0.405, "max_walk_m": 260.3, "park_area_acres": 2.32, "hull_area_acres": 10.44, "boroughs": "X", "members": "Aqueduct Walk (4/5); Galileo Playground" }, "geometry": { "type": "Polygon", "coordinates": [ [ [ -73.91559651268048, 40.848265640147673 ], [ -73.916003951987108, 40.848341859853264 ], [ -73.915969604998494, 40.848912484017447 ], [ -73.915018540697218, 40.850631228418578 ], [ -73.914762130483112, 40.850923927865821 ], [ -73.914316944255944, 40.85142917025393 ], [ -73.914261149342295, 40.851468862103552 ], [ -73.914141620641502, 40.851553890399394 ], [ -73.912236662289061, 40.852797982769694 ], [ -73.912059450637543, 40.852685044300337 ], [ -73.915339190847078, 40.848500178423272 ], [ -73.91559651268048, 40.848265640147673 ] ] ] } },
{ "type": "Feature", "properties": { "group_id": "D-324", "n_parks": 2, "extent_km": 0.567, "max_walk_m": 486.5, "park_area_acres": 2.35, "hull_area_acres": 16.75, "boroughs": "X", "members": "Barnhill Square; Poe Park" }, "geometry": { "type": "Polygon", "coordinates": [ [ [ -73.894680617230378, 40.86407746915377 ], [ -73.895405732137746, 40.86421940302602 ], [ -73.899801143789929, 40.868072075015377 ], [ -73.899803865511174, 40.868075639714768 ], [ -73.899805893972797, 40.86808033302583 ], [ -73.899806719257853, 40.868086053651048 ], [ -73.899806062431267, 40.86809055642815 ], [ -73.899803403990745, 40.868096165069183 ], [ -73.899725808573876, 40.868204448149598 ], [ -73.899722386312561, 40.868207623903096 ], [ -73.899716717356824, 40.868211593736575 ], [ -73.899710917159723, 40.868214492773888 ], [ -73.899704573626224, 40.868216639430017 ], [ -73.899697877734724, 40.868218034771353 ], [ -73.899692515268029, 40.868218561398706 ], [ -73.899686339932472, 40.868218510105521 ], [ -73.899678728261819, 40.868217562476786 ], [ -73.899672853956901, 40.868216115686053 ], [ -73.899667334131649, 40.86821401364692 ], [ -73.894218721743414, 40.865775121265266 ], [ -73.894123236787024, 40.865726495486733 ], [ -73.894119132439144, 40.865723648874145 ], [ -73.894115251903543, 40.865720291889083 ], [ -73.894097748336378, 40.865704218290766 ], [ -73.894085332451368, 40.865688758091004 ], [ -73.894076904797075, 40.865674575744208 ], [ -73.894070641841665, 40.865659683997045 ], [ -73.894068582812153, 40.865652886109878 ], [ -73.894066690071369, 40.865644457588154 ], [ -73.894063845455733, 40.865624474007191 ], [ -73.894058840497948, 40.865582366108185 ], [ -73.894055708724565, 40.865536393225035 ], [ -73.894056594421599, 40.865469613709053 ], [ -73.894061040347339, 40.865398013536698 ], [ -73.894065836917591, 40.865339353725084 ], [ -73.894075829154147, 40.865273802730684 ], [ -73.89408477732249, 40.865229249300739 ], [ -73.894103403504005, 40.865155536982947 ], [ -73.894412313402142, 40.864420153974145 ], [ -73.894680617230378, 40.86407746915377 ] ] ] } },
{ "type": "Feature", "properties": { "group_id": "D-325", "n_parks": 2, "extent_km": 0.176, "max_walk_m": 0.0, "park_area_acres": 4.64, "hull_area_acres": 6.53, "boroughs": "X", "members": "Richman (Echo) Park; O'Brien Oval" }, "geometry": { "type": "Polygon", "coordinates": [ [ [ -73.901136368147036, 40.847726298469468 ], [ -73.901143211494656, 40.847726409691951 ], [ -73.901149945719467, 40.847727335766244 ], [ -73.901521651217848, 40.847801875889928 ], [ -73.901528667416827, 40.847803785520746 ], [ -73.901535148676956, 40.847806578978222 ], [ -73.901540905384394, 40.84781017415586 ], [ -73.901545765749049, 40.847814464648934 ], [ -73.902387571361061, 40.848636139260094 ], [ -73.902310881569065, 40.849329034758242 ], [ -73.902217579158815, 40.849595401481963 ], [ -73.902123998526051, 40.849862559415151 ], [ -73.901329669013492, 40.850422137481253 ], [ -73.901324312707104, 40.850425882549239 ], [ -73.901318726632326, 40.850429428411587 ], [ -73.901312925026588, 40.850432770578074 ], [ -73.901306918584268, 40.850435894649941 ], [ -73.90130072390788, 40.850438800641307 ], [ -73.901294354056958, 40.850441478657963 ], [ -73.901287822087156, 40.850443921507058 ], [ -73.901281144606259, 40.850446125600818 ], [ -73.90127433585306, 40.8504480855485 ], [ -73.901267412436823, 40.850449796861803 ], [ -73.901260388595034, 40.850451255050423 ], [ -73.901253283306048, 40.850452457429107 ], [ -73.901246107248269, 40.850453400405037 ], [ -73.901238881769174, 40.850454083095997 ], [ -73.901231621103662, 40.850454502812639 ], [ -73.901224343040099, 40.850454659570211 ], [ -73.901217062999265, 40.850454550680418 ], [ -73.901209798762864, 40.850454180660975 ], [ -73.90120256575166, 40.85045354682363 ], [ -73.901195379378322, 40.850452651883046 ], [ -73.901188259800406, 40.850451497657424 ], [ -73.901181218871585, 40.850450087759022 ], [ -73.901174275564813, 40.850448423104503 ], [ -73.90116744410291, 40.850446509109041 ], [ -73.901160741083046, 40.850444349388873 ], [ -73.901154180725257, 40.850441951160136 ], [ -73.901147779629483, 40.85043931623801 ], [ -73.901141550828498, 40.850436452738215 ], [ -73.901135508543732, 40.850433366976318 ], [ -73.901129668180999, 40.850430066169551 ], [ -73.901124039216853, 40.850426557529957 ], [ -73.901118640614754, 40.85042284827783 ], [ -73.901113441414537, 40.850419023933327 ], [ -73.901108298014677, 40.850415157313364 ], [ -73.901103210415243, 40.850411248417799 ], [ -73.901098179803512, 40.850407296347221 ], [ -73.901093206176739, 40.850403302902684 ], [ -73.901088289534968, 40.850399268084139 ], [ -73.901083432247248, 40.850395193694631 ], [ -73.901078634314985, 40.850391078833674 ], [ -73.90107389455089, 40.850386924400702 ], [ -73.901069217698549, 40.850382730399851 ], [ -73.901064597827173, 40.850378497726481 ], [ -73.901060042050716, 40.850374227287261 ], [ -73.90105554799743, 40.850369919080123 ], [ -73.901051115666007, 40.850365574005522 ], [ -73.901046743870481, 40.850361192062543 ], [ -73.901042440910828, 40.850356774158726 ], [ -73.901038197298504, 40.850352321186485 ], [ -73.901034018964296, 40.85034783225035 ], [ -73.901029905905531, 40.850343309151434 ], [ -73.901025858120875, 40.85033875279008 ], [ -73.901021876796221, 40.850334163167425 ], [ -73.901017960745634, 40.850329540282409 ], [ -73.901014113525477, 40.85032488503861 ], [ -73.901010332762581, 40.850320198334501 ], [ -73.901006618456961, 40.850315480170025 ], [ -73.901002974163603, 40.850310732349307 ], [ -73.900999397513374, 40.850305953069267 ], [ -73.900995890872736, 40.850301145933926 ], [ -73.90099245187119, 40.850296310040775 ], [ -73.900989084069082, 40.850291443591921 ], [ -73.900985786273779, 40.850286551088764 ], [ -73.90098255848666, 40.8502816316308 ], [ -73.900979403079504, 40.850276685220123 ], [ -73.900976318865006, 40.850271712756239 ], [ -73.900973305843237, 40.850266714239076 ], [ -73.900970365195931, 40.850261692371106 ], [ -73.900967498110447, 40.850256646252987 ], [ -73.900964703400746, 40.850251575883611 ], [ -73.900961981064242, 40.850246483063991 ], [ -73.90095933347267, 40.850241367796194 ], [ -73.90095675825286, 40.850236230978631 ], [ -73.900954258962471, 40.850231072614349 ], [ -73.900951833225733, 40.850225895402851 ], [ -73.900949482232505, 40.850220696643717 ], [ -73.900947207164592, 40.850215479039271 ], [ -73.900945005650328, 40.850210242587707 ], [ -73.900942880060029, 40.850204988191379 ], [ -73.900940831578254, 40.850199716751909 ], [ -73.900938859017728, 40.85019442916871 ], [ -73.900936961193949, 40.850189124540279 ], [ -73.900935141661847, 40.850183804670706 ], [ -73.900933398048338, 40.850178470458403 ], [ -73.900931732725027, 40.850173121905442 ], [ -73.900930143320352, 40.850167759009764 ], [ -73.900928631015915, 40.850162384473862 ], [ -73.90092719581321, 40.850156997397271 ], [ -73.90092584008265, 40.850151598682537 ], [ -73.900924562638238, 40.850146188328587 ], [ -73.900923361105527, 40.850140768134402 ], [ -73.900922237856292, 40.850135338102078 ], [ -73.900921194073732, 40.850129900033458 ], [ -73.900920228574606, 40.850124452126707 ], [ -73.900919341353529, 40.850118997983685 ], [ -73.900918532413129, 40.850113535803516 ], [ -73.900917802936618, 40.850108067388135 ], [ -73.900917151736849, 40.850102593637011 ], [ -73.900916579999503, 40.850097114551154 ], [ -73.900916087724724, 40.850091630130578 ], [ -73.900915672536598, 40.850086143074762 ], [ -73.900915337991421, 40.850080654287183 ], [ -73.900915081722829, 40.850075160163911 ], [ -73.900914906095849, 40.850069665209389 ], [ -73.900914808737326, 40.850064170322092 ], [ -73.900914789649903, 40.850058673701042 ], [ -73.900914851202728, 40.850053177149256 ], [ -73.900914991021224, 40.850047682465672 ], [ -73.900915210294016, 40.850042187850278 ], [ -73.900915507829808, 40.85003669690412 ], [ -73.900915886003062, 40.850031207828231 ], [ -73.901086565622037, 40.847784107923516 ], [ -73.901090766237417, 40.847764733825095 ], [ -73.901099046196506, 40.847746132244616 ], [ -73.901102245324822, 40.84774153707216 ], [ -73.901106355713324, 40.847737382121174 ], [ -73.901111276414014, 40.847733769060774 ], [ -73.90111688396253, 40.847730789635193 ], [ -73.901123038320918, 40.847728516664283 ], [ -73.901129587617007, 40.847727006748784 ], [ -73.901136368147036, 40.847726298469468 ] ] ] } },
{ "type": "Feature", "properties": { "group_id": "D-326", "n_parks": 2, "extent_km": 0.192, "max_walk_m": 0.0, "park_area_acres": 35.85, "hull_area_acres": 37.97, "boroughs": "X", "members": "St. Mary's Park; I-Am-Park" }, "geometry": { "type": "Polygon", "coordinates": [ [ [ -73.910755520857805, 40.808927763310017 ], [ -73.912596872069372, 40.809484429350157 ], [ -73.913144781190027, 40.80969359242814 ], [ -73.914980415931595, 40.810482207714116 ], [ -73.91306176950286, 40.813809356413607 ], [ -73.912890128064817, 40.814106983592445 ], [ -73.911080239302365, 40.813511045701873 ], [ -73.911058959294081, 40.813495299394667 ], [ -73.911039372882385, 40.813480525126742 ], [ -73.911014853103296, 40.813461639878064 ], [ -73.91098469588762, 40.813437793932543 ], [ -73.910952826506787, 40.813411820581599 ], [ -73.910921157160473, 40.813385181908508 ], [ -73.910884924152285, 40.813353636489268 ], [ -73.910862057695326, 40.813333106375751 ], [ -73.910832921598399, 40.813306217497093 ], [ -73.910789955343276, 40.813264970280649 ], [ -73.910759676562648, 40.813234680219672 ], [ -73.910723388027279, 40.813196934778972 ], [ -73.910674666139158, 40.813143547053883 ], [ -73.91063143071878, 40.813091947446559 ], [ -73.910595011455186, 40.813044871805964 ], [ -73.910560371914144, 40.81299643328007 ], [ -73.910531360821267, 40.81295257994325 ], [ -73.910505244712766, 40.812910022861253 ], [ -73.910479733991522, 40.812865042103134 ], [ -73.910456016112676, 40.81281950352227 ], [ -73.910438476550794, 40.81278298011658 ], [ -73.909828391019218, 40.811462453019821 ], [ -73.90999410591958, 40.811000310950881 ], [ -73.910486351008529, 40.809627510156069 ], [ -73.910553378054402, 40.809440577316806 ], [ -73.910696526028943, 40.809046304252831 ], [ -73.910755520857805, 40.808927763310017 ] ] ] } },
{ "type": "Feature", "properties": { "group_id": "D-327", "n_parks": 2, "extent_km": 0.205, "max_walk_m": 0.0, "park_area_acres": 37.62, "hull_area_acres": 47.47, "boroughs": "X", "members": "Seton Falls Park; Stars & Stripes Playground" }, "geometry": { "type": "Polygon", "coordinates": [ [ [ -73.840295778301567, 40.884877620354821 ], [ -73.841691453603829, 40.888309174773525 ], [ -73.840001085290069, 40.888571589008933 ], [ -73.839841516115783, 40.888584780465202 ], [ -73.836504029096645, 40.888758695837865 ], [ -73.835487489997945, 40.887725760657474 ], [ -73.835335119889351, 40.887324478096076 ], [ -73.835080047351298, 40.886652652970504 ], [ -73.835422326451237, 40.885873328428197 ], [ -73.835932018967284, 40.884902777389016 ], [ -73.835935062758054, 40.884897810123505 ], [ -73.835938680259176, 40.884893069695764 ], [ -73.835942841712438, 40.884888594784435 ], [ -73.835947514993151, 40.884884421363289 ], [ -73.835952662055419, 40.884880580895299 ], [ -73.835958242475854, 40.884877106640943 ], [ -73.835964208729806, 40.884874024646805 ], [ -73.835970515665736, 40.884871360962784 ], [ -73.835977111026423, 40.884869136225767 ], [ -73.835983942559039, 40.884867369271689 ], [ -73.835990956839979, 40.884866072631411 ], [ -73.835998093324235, 40.884865259726226 ], [ -73.836005298610331, 40.884864934082138 ], [ -73.840295778301567, 40.884877620354821 ] ] ] } },
{ "type": "Feature", "properties": { "group_id": "D-328", "n_parks": 2, "extent_km": 0.194, "max_walk_m": 153.7, "park_area_acres": 0.42, "hull_area_acres": 2.34, "boroughs": "X", "members": "Schneider Sampson Square; Miele Park" }, "geometry": { "type": "Polygon", "coordinates": [ [ [ -73.826172901198476, 40.834520042304256 ], [ -73.826324542950502, 40.834717282133802 ], [ -73.82604153873848, 40.836894390072878 ], [ -73.825921899350433, 40.836943255949038 ], [ -73.825894267732835, 40.83694912149145 ], [ -73.82566950303567, 40.836239684068573 ], [ -73.825668705497321, 40.836236364536816 ], [ -73.825668669282166, 40.836232991225586 ], [ -73.825721918565549, 40.835007413329365 ], [ -73.82583768834121, 40.834853914100883 ], [ -73.825953895833848, 40.834729130424201 ], [ -73.826065952531351, 40.834620492562387 ], [ -73.826172901198476, 40.834520042304256 ] ] ] } },
{ "type": "Feature", "properties": { "group_id": "D-329", "n_parks": 2, "extent_km": 0.228, "max_walk_m": 148.5, "park_area_acres": 0.88, "hull_area_acres": 2.4, "boroughs": "X", "members": "Flood Triangle; Webster Playground" }, "geometry": { "type": "Polygon", "coordinates": [ [ [ -73.890956616612598, 40.85816904357651 ], [ -73.893377085391336, 40.859385963695914 ], [ -73.893149103153291, 40.859740478637491 ], [ -73.892397794724928, 40.859376973537771 ], [ -73.890760308113329, 40.858391510593115 ], [ -73.890956616612598, 40.85816904357651 ] ] ] } },
{ "type": "Feature", "properties": { "group_id": "D-330", "n_parks": 2, "extent_km": 0.598, "max_walk_m": 138.0, "park_area_acres": 68.0, "hull_area_acres": 124.99, "boroughs": "X", "members": "Woodrow Wilson Triangle; Pugsley Creek Park" }, "geometry": { "type": "Polygon", "coordinates": [ [ [ -73.849689637888517, 40.808028835885587 ], [ -73.858138831614511, 40.813402543114044 ], [ -73.858170264391731, 40.813553652097319 ], [ -73.856016948572645, 40.817756493885945 ], [ -73.85534846302302, 40.817847184682201 ], [ -73.854226540777972, 40.817999381351726 ], [ -73.851707168802477, 40.816248647917568 ], [ -73.848878550441583, 40.811963835322878 ], [ -73.848871125170987, 40.811950758452127 ], [ -73.848866103236148, 40.81193988825185 ], [ -73.847876610644931, 40.809561297540121 ], [ -73.847838802659226, 40.809464353937493 ], [ -73.847815463730271, 40.809402447132634 ], [ -73.847787748676012, 40.809312277780982 ], [ -73.847775608595995, 40.809268954044761 ], [ -73.847754460195034, 40.809193477793805 ], [ -73.847739362277423, 40.809114286865302 ], [ -73.847634010720213, 40.808289261528842 ], [ -73.849689637888517, 40.808028835885587 ] ] ] } },
{ "type": "Feature", "properties": { "group_id": "D-331", "n_parks": 2, "extent_km": 0.405, "max_walk_m": 186.4, "park_area_acres": 4.61, "hull_area_acres": 11.78, "boroughs": "X", "members": "Heath Triangle; Fordham Landing Playground" }, "geometry": { "type": "Polygon", "coordinates": [ [ [ -73.910578441638847, 40.862337240076286 ], [ -73.910651153656744, 40.862349462928961 ], [ -73.91099668874169, 40.862942438000481 ], [ -73.910930044957766, 40.863222770366185 ], [ -73.908126453937442, 40.868337043597627 ], [ -73.907606099442461, 40.868902898966034 ], [ -73.907602516286758, 40.868906009088029 ], [ -73.907598408188932, 40.868908719872863 ], [ -73.907593244651324, 40.868911215495956 ], [ -73.907587652547022, 40.868913102044885 ], [ -73.907581734016432, 40.868914289552549 ], [ -73.907573269677698, 40.868914748326006 ], [ -73.907563227626028, 40.868913526422695 ], [ -73.907382426640183, 40.868825265880545 ], [ -73.90737681880502, 40.868821414489645 ], [ -73.907372956227803, 40.868816477608902 ], [ -73.907370804298509, 40.868810605592522 ], [ -73.907371120013934, 40.868804514937054 ], [ -73.908608093157511, 40.865822763345058 ], [ -73.909734089461182, 40.863541677898262 ], [ -73.910437711469129, 40.862537988859643 ], [ -73.910578441638847, 40.862337240076286 ] ] ] } },
{ "type": "Feature", "properties": { "group_id": "D-332", "n_parks": 2, "extent_km": 0.257, "max_walk_m": 130.3, "park_area_acres": 1.6, "hull_area_acres": 3.62, "boroughs": "X", "members": "D'Onofrio Square; Marcus Garvey Square" }, "geometry": { "type": "Polygon", "coordinates": [ [ [ -73.866894428980316, 40.876546090828505 ], [ -73.866913292450405, 40.876550065727862 ], [ -73.866923682371507, 40.876561437371045 ], [ -73.866930161067472, 40.876576265080587 ], [ -73.866938745532522, 40.876674691162393 ], [ -73.866963136124198, 40.877009012098242 ], [ -73.866966300182995, 40.877053474658084 ], [ -73.866965777470696, 40.877184274493558 ], [ -73.866961135516505, 40.877204275292321 ], [ -73.866955806064297, 40.877224568857486 ], [ -73.866946916208576, 40.877244318024559 ], [ -73.866938033861814, 40.877259719641813 ], [ -73.864898385279716, 40.880540420634944 ], [ -73.86489484928569, 40.880545302542643 ], [ -73.86489048242457, 40.880549780059091 ], [ -73.864885364349846, 40.880553773133919 ], [ -73.864879585378262, 40.88055720893329 ], [ -73.864873253601218, 40.880560025450038 ], [ -73.864866479461071, 40.880562171485522 ], [ -73.864859387611588, 40.880563608464662 ], [ -73.864852106238573, 40.880564311323838 ], [ -73.864844765880576, 40.880564264907598 ], [ -73.864661969907161, 40.880521758386358 ], [ -73.864655939610529, 40.880518681551749 ], [ -73.86465069624758, 40.880514860035795 ], [ -73.864646403308953, 40.880510410193203 ], [ -73.864643186288191, 40.880505463642507 ], [ -73.864641142166136, 40.88050017087901 ], [ -73.864640333504141, 40.880494688661038 ], [ -73.86464078369309, 40.880489182705851 ], [ -73.864642478156412, 40.88048381958653 ], [ -73.865759427014353, 40.878430341998957 ], [ -73.866265985992527, 40.877519745862564 ], [ -73.866851015771985, 40.876567788445826 ], [ -73.866860564206675, 40.876557413227978 ], [ -73.866874502141869, 40.876550014684753 ], [ -73.866894428980316, 40.876546090828505 ] ] ] } },
{ "type": "Feature", "properties": { "group_id": "D-333", "n_parks": 2, "extent_km": 0.055, "max_walk_m": 0.0, "park_area_acres": 2.51, "hull_area_acres": 2.72, "boroughs": "X", "members": "Samuel H. Young Park; Pelham Bay Little League" }, "geometry": { "type": "Polygon", "coordinates": [ [ [ -73.838739689599137, 40.840892187112615 ], [ -73.839094648100428, 40.84095495203217 ], [ -73.839467056195716, 40.84113819750354 ], [ -73.839884451472287, 40.841613242830711 ], [ -73.838628071270875, 40.842279494943106 ], [ -73.838592687104523, 40.842292779955407 ], [ -73.838576574125042, 40.842297106794824 ], [ -73.838548712367597, 40.842300607643189 ], [ -73.838523038526063, 40.842300602321089 ], [ -73.838522967390062, 40.842300598619524 ], [ -73.838517122064701, 40.842299936677328 ], [ -73.838500745435937, 40.842298081242959 ], [ -73.838500675505401, 40.842298069438627 ], [ -73.838490148103361, 40.842295757537165 ], [ -73.838480345995762, 40.842293604236907 ], [ -73.838480277268445, 40.84229358523028 ], [ -73.838476166043534, 40.842292215224226 ], [ -73.838460100286895, 40.842286858196644 ], [ -73.838460036317869, 40.842286832893166 ], [ -73.838442512717947, 40.842278776840679 ], [ -73.838432962510325, 40.84227299309574 ], [ -73.838425415645602, 40.842268422420773 ], [ -73.838410444686559, 40.84225657885753 ], [ -73.838398151923116, 40.842243930400635 ], [ -73.83839435717357, 40.842238706718902 ], [ -73.838387281760021, 40.842228966062954 ], [ -73.838382058258006, 40.842218343715885 ], [ -73.838378326182948, 40.8422107509206 ], [ -73.838377301006759, 40.842207130397036 ], [ -73.83837367526975, 40.842194325688844 ], [ -73.838372025991859, 40.842179644418181 ], [ -73.838372342390159, 40.842168012274513 ], [ -73.83837334527847, 40.842160308148941 ], [ -73.838374817228484, 40.842153295359878 ], [ -73.838382281339022, 40.842127496747629 ], [ -73.838739689599137, 40.840892187112615 ] ] ] } },
{ "type": "Feature", "properties": { "group_id": "D-334", "n_parks": 2, "extent_km": 0.26, "max_walk_m": 148.5, "park_area_acres": 3.34, "hull_area_acres": 13.16, "boroughs": "X", "members": "Harding Park Beautification Project; Harding Park" }, "geometry": { "type": "Polygon", "coordinates": [ [ [ -73.85841062073132, 40.8068478234823 ], [ -73.85842206835126, 40.806861485509678 ], [ -73.858462746732002, 40.808406742629899 ], [ -73.857106846752856, 40.810757230988585 ], [ -73.856774658328547, 40.810830185129483 ], [ -73.856398661665878, 40.809245571411239 ], [ -73.856081881567832, 40.807777645533882 ], [ -73.858214468015689, 40.80687579234759 ], [ -73.85841062073132, 40.8068478234823 ] ] ] } },
{ "type": "Feature", "properties": { "group_id": "D-335", "n_parks": 2, "extent_km": 0.339, "max_walk_m": 0.0, "park_area_acres": 18.86, "hull_area_acres": 39.49, "boroughs": "X", "members": "Harris Park; Jerome Park" }, "geometry": { "type": "Polygon", "coordinates": [ [ [ -73.891690808544197, 40.874698028251714 ], [ -73.893806708414147, 40.875656907601403 ], [ -73.894158917216146, 40.876744985712691 ], [ -73.891910997325326, 40.879155790105486 ], [ -73.891808876057269, 40.879262351779602 ], [ -73.891706761274776, 40.879364730602575 ], [ -73.888937060539959, 40.88212820955151 ], [ -73.888936733177104, 40.882128149804338 ], [ -73.888936065404806, 40.882128027596004 ], [ -73.888763930473687, 40.882093925160838 ], [ -73.88995334913588, 40.876922288823302 ], [ -73.891690808544197, 40.874698028251714 ] ] ] } },
{ "type": "Feature", "properties": { "group_id": "D-336", "n_parks": 2, "extent_km": 0.196, "max_walk_m": 193.5, "park_area_acres": 2.28, "hull_area_acres": 6.66, "boroughs": "X", "members": "Caserta Playground; Castle Hill Playground" }, "geometry": { "type": "Polygon", "coordinates": [ [ [ -73.854478136964076, 40.8370906930244 ], [ -73.854553865854243, 40.837479088246873 ], [ -73.853744598504377, 40.839664949590393 ], [ -73.853013763770406, 40.839744262727578 ], [ -73.852815151677035, 40.838676500093392 ], [ -73.853506602787803, 40.83719626453501 ], [ -73.854478136964076, 40.8370906930244 ] ] ] } },
{ "type": "Feature", "properties": { "group_id": "D-337", "n_parks": 2, "extent_km": 0.149, "max_walk_m": 120.1, "park_area_acres": 1.46, "hull_area_acres": 3.14, "boroughs": "X", "members": "Nelson Playground; Las Casitas Community Garden" }, "geometry": { "type": "Polygon", "coordinates": [ [ [ -73.9268152422122, 40.834322074105742 ], [ -73.927133408475086, 40.834425453309898 ], [ -73.927399306892966, 40.834586458298674 ], [ -73.926950939188941, 40.835243509924524 ], [ -73.925487935382321, 40.835742375341283 ], [ -73.925169993699981, 40.835599383530294 ], [ -73.925319829714851, 40.835405205317912 ], [ -73.9268152422122, 40.834322074105742 ] ] ] } },
{ "type": "Feature", "properties": { "group_id": "D-338", "n_parks": 2, "extent_km": 0.156, "max_walk_m": 75.6, "park_area_acres": 1.37, "hull_area_acres": 3.46, "boroughs": "X", "members": "Millbrook Playground; United We Stand Garden" }, "geometry": { "type": "Polygon", "coordinates": [ [ [ -73.916324708533224, 40.803981825021062 ], [ -73.917212075131758, 40.80435526957384 ], [ -73.917138498469697, 40.804679146884105 ], [ -73.915676543970221, 40.805588933260822 ], [ -73.915449174113377, 40.805492863604549 ], [ -73.915204238321806, 40.805389342458248 ], [ -73.915382773440129, 40.805143232237768 ], [ -73.916324708533224, 40.803981825021062 ] ] ] } },
{ "type": "Feature", "properties": { "group_id": "D-339", "n_parks": 2, "extent_km": 0.194, "max_walk_m": 195.3, "park_area_acres": 1.74, "hull_area_acres": 4.64, "boroughs": "X", "members": "Captain Rivera Playground; Abigail Playground" }, "geometry": { "type": "Polygon", "coordinates": [ [ [ -73.904288090540788, 40.81699987165112 ], [ -73.904932934600879, 40.817034274634949 ], [ -73.907405453710084, 40.817752453912405 ], [ -73.90718339207173, 40.818289235458892 ], [ -73.904467754901518, 40.817663390810722 ], [ -73.904199650784236, 40.817260855047543 ], [ -73.904288090540788, 40.81699987165112 ] ] ] } },
{ "type": "Feature", "properties": { "group_id": "D-340", "n_parks": 2, "extent_km": 0.1, "max_walk_m": 0.0, "park_area_acres": 1.18, "hull_area_acres": 2.06, "boroughs": "X", "members": "FDNY-EMT Yadira Arroyo Playground; Haviland Playground" }, "geometry": { "type": "Polygon", "coordinates": [ [ [ -73.85803475406469, 40.828100660960118 ], [ -73.858906316685108, 40.828720672228464 ], [ -73.858969559436375, 40.8290056044168 ], [ -73.858948208726844, 40.829302383603697 ], [ -73.858373957373743, 40.829379628543897 ], [ -73.857903575987777, 40.828696561234764 ], [ -73.857779193157441, 40.828134455066149 ], [ -73.85803475406469, 40.828100660960118 ] ] ] } },
{ "type": "Feature", "properties": { "group_id": "D-341", "n_parks": 2, "extent_km": 0.151, "max_walk_m": 51.1, "park_area_acres": 1.11, "hull_area_acres": 3.53, "boroughs": "X", "members": "Morgan Playground; Rev Lena Irons Unity Park" }, "geometry": { "type": "Polygon", "coordinates": [ [ [ -73.90653045219311, 40.830825751278908 ], [ -73.906954370479298, 40.830963246689997 ], [ -73.907852721354246, 40.831830735885411 ], [ -73.907302137814611, 40.832810404115747 ], [ -73.907017991908134, 40.83271828168084 ], [ -73.906360320101669, 40.831125229603266 ], [ -73.906497117845802, 40.830880876882958 ], [ -73.90653045219311, 40.830825751278908 ] ] ] } },
{ "type": "Feature", "properties": { "group_id": "D-342", "n_parks": 2, "extent_km": 0.101, "max_walk_m": 65.2, "park_area_acres": 1.42, "hull_area_acres": 2.44, "boroughs": "X", "members": "Grove Hill Playground; El Batey Borincano Garden" }, "geometry": { "type": "Polygon", "coordinates": [ [ [ -73.908554077900632, 40.819479579124206 ], [ -73.909375426457416, 40.819675170736112 ], [ -73.90953685282669, 40.820647323359182 ], [ -73.90952653859496, 40.820672023994042 ], [ -73.909454041457721, 40.820845633264497 ], [ -73.909094382768629, 40.820758600939577 ], [ -73.908305492028092, 40.820065087327464 ], [ -73.908554077900632, 40.819479579124206 ] ] ] } },
{ "type": "Feature", "properties": { "group_id": "D-343", "n_parks": 2, "extent_km": 0.037, "max_walk_m": 0.0, "park_area_acres": 0.38, "hull_area_acres": 0.48, "boroughs": "X", "members": "Freeman Garden; Synergi Urban Garden UCFP" }, "geometry": { "type": "Polygon", "coordinates": [ [ [ -73.891298402924591, 40.829021066947035 ], [ -73.89132114171565, 40.829157835836654 ], [ -73.891315266891169, 40.829573347759904 ], [ -73.891238876635754, 40.829638602188616 ], [ -73.891226956435318, 40.829639184372645 ], [ -73.890971854200217, 40.829636412185835 ], [ -73.890973027735157, 40.829501922488781 ], [ -73.890976022583629, 40.829158838315166 ], [ -73.890977198900615, 40.829024087466237 ], [ -73.891298402924591, 40.829021066947035 ] ] ] } },
{ "type": "Feature", "properties": { "group_id": "D-344", "n_parks": 2, "extent_km": 0.294, "max_walk_m": 127.7, "park_area_acres": 5.16, "hull_area_acres": 11.78, "boroughs": "X", "members": "Grant Park; College Avenue Garden" }, "geometry": { "type": "Polygon", "coordinates": [ [ [ -73.913833067148857, 40.835716011893567 ], [ -73.914240718334085, 40.835873886926699 ], [ -73.912918795088316, 40.837615526432671 ], [ -73.91257644499953, 40.837842023549086 ], [ -73.912260652925823, 40.838005521478529 ], [ -73.910016770838311, 40.838291681531452 ], [ -73.909600994358982, 40.838149366517079 ], [ -73.909619754712736, 40.838117495627458 ], [ -73.909822253869507, 40.83777351322945 ], [ -73.913151731090053, 40.835816046445245 ], [ -73.913833067148857, 40.835716011893567 ] ] ] } },
{ "type": "Feature", "properties": { "group_id": "D-345", "n_parks": 2, "extent_km": 0.173, "max_walk_m": 115.4, "park_area_acres": 0.41, "hull_area_acres": 2.03, "boroughs": "X", "members": "Granja Farm OTF; St. Ann's Block Association Garden" }, "geometry": { "type": "Polygon", "coordinates": [ [ [ -73.91132586194594, 40.815501601849782 ], [ -73.911644472407744, 40.815564865954002 ], [ -73.911750699333595, 40.815585958613433 ], [ -73.912014319594476, 40.815645819836256 ], [ -73.911278867121112, 40.817275349868417 ], [ -73.911102732503622, 40.817232647705112 ], [ -73.911050703645785, 40.817190109517895 ], [ -73.911202767563452, 40.815846605616187 ], [ -73.91132586194594, 40.815501601849782 ] ] ] } },
{ "type": "Feature", "properties": { "group_id": "D-346", "n_parks": 2, "extent_km": 0.114, "max_walk_m": 74.9, "park_area_acres": 0.74, "hull_area_acres": 1.84, "boroughs": "X", "members": "Washington Park; Thorpe Family Playground" }, "geometry": { "type": "Polygon", "coordinates": [ [ [ -73.893512186229913, 40.855486005375944 ], [ -73.893616972180951, 40.855529295021888 ], [ -73.893728110955976, 40.855575209053434 ], [ -73.893839248698413, 40.855621122976459 ], [ -73.894061523456216, 40.855712951399596 ], [ -73.895104988421693, 40.856163562520329 ], [ -73.894954932314192, 40.856403336693923 ], [ -73.893307546572231, 40.856045271828002 ], [ -73.893152348393585, 40.85598044860285 ], [ -73.893333852988917, 40.855731048960934 ], [ -73.893512186229913, 40.855486005375944 ] ] ] } },
{ "type": "Feature", "properties": { "group_id": "D-347", "n_parks": 2, "extent_km": 0.363, "max_walk_m": 359.5, "park_area_acres": 0.44, "hull_area_acres": 3.67, "boroughs": "X", "members": "Stop & Go Playground; El Batey de Doña Provi Garden" }, "geometry": { "type": "Polygon", "coordinates": [ [ [ -73.89888750043292, 40.844671269533755 ], [ -73.898947144043987, 40.844691101131247 ], [ -73.899057186859821, 40.844727690865525 ], [ -73.899009547977172, 40.845104747748927 ], [ -73.89890648277337, 40.845287553905713 ], [ -73.896456695964105, 40.8479521751254 ], [ -73.896139693548164, 40.847849632906076 ], [ -73.896214044978279, 40.847698401749405 ], [ -73.89861644513006, 40.844975563970586 ], [ -73.89888750043292, 40.844671269533755 ] ] ] } },
{ "type": "Feature", "properties": { "group_id": "D-348", "n_parks": 2, "extent_km": 0.202, "max_walk_m": 0.0, "park_area_acres": 16.98, "hull_area_acres": 19.73, "boroughs": "X", "members": "Tiffany Street Pier; Barretto Point Park" }, "geometry": { "type": "Polygon", "coordinates": [ [ [ -73.888293373024979, 40.803695808028088 ], [ -73.891840310514183, 40.805308941793747 ], [ -73.892028681515797, 40.80604840106561 ], [ -73.887309552088652, 40.806264650968835 ], [ -73.886919005546218, 40.804664051871754 ], [ -73.887229543123965, 40.804269741978928 ], [ -73.888293373024979, 40.803695808028088 ] ] ] } },
{ "type": "Feature", "properties": { "group_id": "D-349", "n_parks": 2, "extent_km": 0.081, "max_walk_m": 0.0, "park_area_acres": 0.43, "hull_area_acres": 0.85, "boroughs": "X", "members": "CS 134 Community Improvement Garden; Model T Senior Citizen's Garden" }, "geometry": { "type": "Polygon", "coordinates": [ [ [ -73.893700936838428, 40.830787081706887 ], [ -73.895198618920332, 40.830883886928042 ], [ -73.895232091247891, 40.831072339668644 ], [ -73.894854663911545, 40.83111113890488 ], [ -73.894405333865976, 40.83113415655081 ], [ -73.89365609249225, 40.830934677466836 ], [ -73.893700936838428, 40.830787081706887 ] ] ] } }
]
}
