{
"type": "FeatureCollection",
"name": "groups_N1rel",
"crs": { "type": "name", "properties": { "name": "urn:ogc:def:crs:OGC:1.3:CRS84" } },
"features": [
{ "type": "Feature", "properties": { "group_id": "N1rel-001", "n_parks": 17, "extent_km": 0.552, "max_walk_m": 673.5, "park_area_acres": 6.67, "hull_area_acres": 49.43, "boroughs": "X", "members": "Triangle; O'Neill Triangle; Flynn Playground; Rainbow Garden; Latinos Unidos Garden; Courtlandt Avenue Association Garden; Edith Garden; Vogue Garden; Jardin de la Roca; Melrose Commons Park; 811 Family and Friends Garden; Family Group Garden; Yolanda García Park; P.S. 29 Ballfield; Little Green Garden; Rainbow Garden of Life and Health; Centro Cultural Rincon Criollo" }, "geometry": { "type": "Polygon", "coordinates": [ [ [ -73.911970804555864, 40.820369117619656 ], [ -73.914018440413713, 40.820481505695057 ], [ -73.914164078989117, 40.820518750681714 ], [ -73.916651896090215, 40.821438898536151 ], [ -73.916914885596384, 40.823085567510354 ], [ -73.916878021902363, 40.82315669365007 ], [ -73.913078663594348, 40.825344824456508 ], [ -73.910740314559575, 40.824588834978556 ], [ -73.911478785253649, 40.821227160036891 ], [ -73.911970804555864, 40.820369117619656 ] ] ] } },
{ "type": "Feature", "properties": { "group_id": "N1rel-002", "n_parks": 14, "extent_km": 0.798, "max_walk_m": 749.2, "park_area_acres": 4.77, "hull_area_acres": 51.66, "boroughs": "B", "members": "Sobel Playground; Marcy Park South; Rodney Park South; Rodney Park Center; Rodney Park North; Strawberry Playground; Rodney Playground Center; Blue Playground; Marcy Green South; Marcy Green Center; Marcy Green North; Roebling Playground; Keap Fourth Community Garden; Hooper Grove" }, "geometry": { "type": "Polygon", "coordinates": [ [ [ -73.962403264690721, 40.705835435214482 ], [ -73.962435593758997, 40.705836199497455 ], [ -73.962621886916153, 40.706003880448172 ], [ -73.961737163934487, 40.707487097618873 ], [ -73.954824974121593, 40.711473102900285 ], [ -73.954681900152536, 40.7114202956394 ], [ -73.953505797807466, 40.708070834958718 ], [ -73.953649061988571, 40.707843517237748 ], [ -73.962403264690721, 40.705835435214482 ] ] ] } },
{ "type": "Feature", "properties": { "group_id": "N1rel-003", "n_parks": 13, "extent_km": 0.661, "max_walk_m": 798.2, "park_area_acres": 4.93, "hull_area_acres": 59.01, "boroughs": "B", "members": "Martin Luther King Jr. Playground; Sankofa Park; Big Red Garden; Causa Festival Garden; New Vision Garden; First Temple Of David; Jerome Gardens; Ps 53; Victory Garden; Nehemiah Ten Garden; United Community Center; East New York Farms Garden; Warwick Street Greenery Glow Garden" }, "geometry": { "type": "Polygon", "coordinates": [ [ [ -73.886970619555768, 40.665087406728269 ], [ -73.890946429315576, 40.665979938184741 ], [ -73.891127754476415, 40.666688756097308 ], [ -73.890957363663787, 40.668309386444363 ], [ -73.885972641705408, 40.670651877155699 ], [ -73.885690462549832, 40.67069364492874 ], [ -73.884233052304808, 40.668719642802792 ], [ -73.884219940975242, 40.668668733324282 ], [ -73.885742760461412, 40.665481735793406 ], [ -73.886423330386933, 40.665186223495148 ], [ -73.886608472942058, 40.665136493199874 ], [ -73.886970619555768, 40.665087406728269 ] ] ] } },
{ "type": "Feature", "properties": { "group_id": "N1rel-004", "n_parks": 12, "extent_km": 0.666, "max_walk_m": 730.2, "park_area_acres": 4.48, "hull_area_acres": 49.88, "boroughs": "M", "members": "Downing Street Playground; James J Walker Park; Vesuvio Playground; William F. Passannante Ballfield; Playground of the Americas; Minetta Green; Minetta Playground; West 4th Street Courts; Minetta Triangle; Charlton Plaza; Father Demo Square; Father Fagan Park" }, "geometry": { "type": "Polygon", "coordinates": [ [ [ -74.002639658501522, 40.724982313931243 ], [ -74.002866495221369, 40.725093554701111 ], [ -74.00682758969505, 40.729569137454988 ], [ -74.006724022348322, 40.730138123552528 ], [ -74.000858297884619, 40.73157470950342 ], [ -74.00067655636208, 40.731485530675442 ], [ -74.000725212218313, 40.731186832666353 ], [ -74.002152538565596, 40.725571557775574 ], [ -74.002639658501522, 40.724982313931243 ] ] ] } },
{ "type": "Feature", "properties": { "group_id": "N1rel-005", "n_parks": 12, "extent_km": 0.564, "max_walk_m": 594.0, "park_area_acres": 2.34, "hull_area_acres": 25.85, "boroughs": "M", "members": "Wald Playground; Gustave Hartman Square; El Jardin Del Paraiso Park; Generation X; The Secret Garden; Brisas Del Caribe; Kenkeleba House Garden; Peachtree Garden; Orchard Alley Garden; Los Amigos Garden; Allied Productions/Le Petit Versailles; Sage Garden" }, "geometry": { "type": "Polygon", "coordinates": [ [ [ -73.976795317749293, 40.719396339231658 ], [ -73.977213380864413, 40.719476792334135 ], [ -73.981888061450022, 40.721070621606707 ], [ -73.982868444920925, 40.721863604588734 ], [ -73.982876114128146, 40.722225068437773 ], [ -73.982696068934274, 40.722471793716608 ], [ -73.98082609012458, 40.722955907618591 ], [ -73.979390073251039, 40.722657271228549 ], [ -73.979070161132725, 40.722521591395122 ], [ -73.978991383037467, 40.722488178953469 ], [ -73.978755051593112, 40.722387940404111 ], [ -73.976601404130847, 40.719882188055784 ], [ -73.976598683167595, 40.719868523167555 ], [ -73.976600707496203, 40.71985382906059 ], [ -73.976757678038439, 40.719413589910012 ], [ -73.976759866857904, 40.719409007657376 ], [ -73.976763560895691, 40.719405203748998 ], [ -73.976770855014863, 40.719402293872605 ], [ -73.976795317749293, 40.719396339231658 ] ] ] } },
{ "type": "Feature", "properties": { "group_id": "N1rel-006", "n_parks": 11, "extent_km": 0.589, "max_walk_m": 629.2, "park_area_acres": 4.2, "hull_area_acres": 51.95, "boroughs": "B", "members": "Harold Ickes Playground; Dimattina Playground; Dimattina Playground; Park; Mother Cabrini Park; Human Compass Garden; The Amazing Garden; The Backyard; Summit Street Community Garden; South Brooklyn Children's Garden; Pirate's Cove Garden" }, "geometry": { "type": "Polygon", "coordinates": [ [ [ -74.003350972939757, 40.678107317346551 ], [ -74.003572608526497, 40.678165553257564 ], [ -74.003887406671979, 40.67832662529139 ], [ -74.006099578333632, 40.68189294695533 ], [ -74.006542054728143, 40.682653895779964 ], [ -74.005270748672515, 40.684576841066814 ], [ -74.003038264126999, 40.685356631535385 ], [ -74.002709578169501, 40.685264826063516 ], [ -74.002284547452248, 40.684862260600902 ], [ -74.00178411679866, 40.680625296865806 ], [ -74.002335092803278, 40.678892689254106 ], [ -74.002361062513529, 40.678837378225111 ], [ -74.002441400746548, 40.678666272493878 ], [ -74.002452106960376, 40.678643471239312 ], [ -74.003350972939757, 40.678107317346551 ] ] ] } },
{ "type": "Feature", "properties": { "group_id": "N1rel-007", "n_parks": 11, "extent_km": 0.364, "max_walk_m": 458.3, "park_area_acres": 3.58, "hull_area_acres": 21.29, "boroughs": "M", "members": "Dry Dock Playground; Firemen's Memorial Garden; Green Oasis and Gilbert's Garden; 9th St Community Garden Park; Earth People; La Plaza Cultural; La Casita Garden; Flower Door Garden; Lower East Side Ecology Center; Sam and Sadie Koenig Garden; 11 BC Serenity Garden" }, "geometry": { "type": "Polygon", "coordinates": [ [ [ -73.977160751456623, 40.723762748125203 ], [ -73.978408405700236, 40.723975881854045 ], [ -73.979617597774165, 40.724484639633438 ], [ -73.979826897509298, 40.72457275529824 ], [ -73.978586039457525, 40.726706136141111 ], [ -73.978417020749845, 40.726938406167207 ], [ -73.97567162289063, 40.725928057788813 ], [ -73.974822712552694, 40.725569678905458 ], [ -73.975241068852469, 40.724993869732742 ], [ -73.977160751456623, 40.723762748125203 ] ] ] } },
{ "type": "Feature", "properties": { "group_id": "N1rel-008", "n_parks": 10, "extent_km": 0.396, "max_walk_m": 454.9, "park_area_acres": 3.04, "hull_area_acres": 27.49, "boroughs": "B", "members": "Sutter Ballfields; Clara's Garden; Concerned Residents of Barbey Street; East End Community Garden; Escape To Nature; Herbal Garden of East NY; Jerry and The Senior Gents; Jordan Magic Garden; Oriental Garden; Jerome-Glenmore Cornerstone Community Garden" }, "geometry": { "type": "Polygon", "coordinates": [ [ [ -73.887782618188481, 40.670568676061656 ], [ -73.889920667996748, 40.671536180405035 ], [ -73.890993265575716, 40.673491417442548 ], [ -73.891010487485886, 40.673558773425334 ], [ -73.890862119554015, 40.673864751393573 ], [ -73.889972044999681, 40.674318620830114 ], [ -73.889284744531068, 40.674475225748843 ], [ -73.889099253507069, 40.674503188215986 ], [ -73.889007224283034, 40.67451706016557 ], [ -73.887114915537509, 40.674429469267253 ], [ -73.887027712424967, 40.674086794175878 ], [ -73.886975463132146, 40.673881470294432 ], [ -73.886952992630384, 40.673793166154731 ], [ -73.887088242735175, 40.670670353827035 ], [ -73.887782618188481, 40.670568676061656 ] ] ] } },
{ "type": "Feature", "properties": { "group_id": "N1rel-009", "n_parks": 10, "extent_km": 0.703, "max_walk_m": 752.3, "park_area_acres": 3.16, "hull_area_acres": 57.93, "boroughs": "M", "members": "Abingdon Square; Christopher Park; Jackson Square; McCarthy Square; Corporal John A. Seravalli Playground; Bleecker Playground; Jefferson Market Garden; Sheridan Square Viewing Garden; Jane Street Garden; NYC AIDS Memorial Park at St. Vincent’s Triangle" }, "geometry": { "type": "Polygon", "coordinates": [ [ [ -74.002104772290025, 40.732903783264028 ], [ -74.00575651497239, 40.736212139166319 ], [ -74.005244886049567, 40.73932265168564 ], [ -74.004302088764845, 40.739330252323498 ], [ -74.002795912468912, 40.739148941062311 ], [ -74.000861922381702, 40.737231129489963 ], [ -73.99946499396863, 40.734698707358383 ], [ -73.999254264155184, 40.734315359958082 ], [ -73.999339940002216, 40.734197717219629 ], [ -74.00192654219056, 40.732966207806463 ], [ -74.002104772290025, 40.732903783264028 ] ] ] } },
{ "type": "Feature", "properties": { "group_id": "N1rel-010", "n_parks": 10, "extent_km": 0.682, "max_walk_m": 705.1, "park_area_acres": 7.7, "hull_area_acres": 62.0, "boroughs": "X", "members": "Crotona Parkway Malls (1/3); Crotona Parkway Malls (3/3); Mapes Pool; Vidalia Park; Mapes Park; Garden Of Happiness; Daly Ave Garden; Mohegan Triangle; Volky Garden & Flowers; Garden of Youth" }, "geometry": { "type": "Polygon", "coordinates": [ [ [ -73.88537442745212, 40.843107854228428 ], [ -73.885404038463733, 40.843112274174011 ], [ -73.886871568521499, 40.846704896579411 ], [ -73.885364366620323, 40.849281142078368 ], [ -73.885198430496501, 40.849438057181864 ], [ -73.882790312412638, 40.848807419482768 ], [ -73.88277693189147, 40.84880159500738 ], [ -73.880614624896879, 40.843867998169301 ], [ -73.880951935861532, 40.843493547892201 ], [ -73.881198861632086, 40.843219431998143 ], [ -73.88537442745212, 40.843107854228428 ] ] ] } },
{ "type": "Feature", "properties": { "group_id": "N1rel-011", "n_parks": 10, "extent_km": 0.603, "max_walk_m": 658.8, "park_area_acres": 2.53, "hull_area_acres": 39.47, "boroughs": "X", "members": "Hines Park; Park; Franklin Triangle; Charlton-Thompson Garden; Youth Village; Estella Diggs Park; Garden; Genesis Community Garden; Franklin Memorial Garden; Jackson Forest Garden" }, "geometry": { "type": "Polygon", "coordinates": [ [ [ -73.907036599974546, 40.824383858922253 ], [ -73.907381288814591, 40.824466173281159 ], [ -73.908175768982787, 40.825020386796474 ], [ -73.908075102132301, 40.825291857459007 ], [ -73.90647249699758, 40.829342129354416 ], [ -73.904630173365575, 40.829741447200654 ], [ -73.902646032782243, 40.829082078265976 ], [ -73.902166590176662, 40.82812894376012 ], [ -73.902216979815933, 40.828007849126926 ], [ -73.907036599974546, 40.824383858922253 ] ] ] } },
{ "type": "Feature", "properties": { "group_id": "N1rel-012", "n_parks": 10, "extent_km": 0.57, "max_walk_m": 557.2, "park_area_acres": 3.73, "hull_area_acres": 54.62, "boroughs": "X", "members": "Mount Eden Malls; Featherbenches; Townsend Walk; Jennie Jerome Playground; Walton Walk; Jerome Playground South; Walton Slope; Morris Mesa; 176th Street Community Garden; Townsend Garden" }, "geometry": { "type": "Polygon", "coordinates": [ [ [ -73.907972843797097, 40.84273697390234 ], [ -73.907980117013352, 40.842737127385831 ], [ -73.909811044954807, 40.842800521144135 ], [ -73.911567510492219, 40.842886384327343 ], [ -73.911594215699765, 40.842889401639717 ], [ -73.911619826585223, 40.842895890409352 ], [ -73.91164356673923, 40.842905655535716 ], [ -73.912928908277209, 40.843565205935505 ], [ -73.9129341497311, 40.84356856512931 ], [ -73.912938042167156, 40.843571627042479 ], [ -73.915247745411548, 40.845510012198829 ], [ -73.915239076059663, 40.845522053522025 ], [ -73.909679139315017, 40.848171274324649 ], [ -73.909388988053891, 40.848113163124331 ], [ -73.907843577763273, 40.842856542654665 ], [ -73.907842355678042, 40.842851095494879 ], [ -73.907841533254242, 40.842845604530183 ], [ -73.907841110465483, 40.842840088671025 ], [ -73.907841088474981, 40.842834564127095 ], [ -73.907841468447273, 40.842829046207825 ], [ -73.90784224917148, 40.842823552921956 ], [ -73.907843428253543, 40.842818100476649 ], [ -73.907845002113646, 40.842812705077762 ], [ -73.907846965983751, 40.842807384731373 ], [ -73.907849311542236, 40.842802154739232 ], [ -73.907852035209331, 40.842797031307292 ], [ -73.907855128663428, 40.842792029737289 ], [ -73.907858578841243, 40.842787164426639 ], [ -73.907862377419946, 40.842782451577548 ], [ -73.907866513706466, 40.842777906489843 ], [ -73.907870972269734, 40.842773540857586 ], [ -73.907875743605032, 40.842769368180456 ], [ -73.907880809906061, 40.84276540285223 ], [ -73.907886156929919, 40.842761654766768 ], [ -73.907891768056231, 40.842758138318764 ], [ -73.907897626673133, 40.842754861599332 ], [ -73.90790371379488, 40.842751834498671 ], [ -73.907910012807235, 40.842749066908951 ], [ -73.90791650235164, 40.84274656961896 ], [ -73.907923163449951, 40.842744347116003 ], [ -73.90792997593185, 40.842742408388908 ], [ -73.907936919634622, 40.842740757023492 ], [ -73.907943972020192, 40.842739399305259 ], [ -73.907951112925971, 40.842738338819991 ], [ -73.907958319816416, 40.842737580052159 ], [ -73.907965570159803, 40.842737124784854 ], [ -73.907972843797097, 40.84273697390234 ] ] ] } },
{ "type": "Feature", "properties": { "group_id": "N1rel-013", "n_parks": 9, "extent_km": 0.497, "max_walk_m": 329.7, "park_area_acres": 4.17, "hull_area_acres": 12.68, "boroughs": "B", "members": "Fort Stirling Park; Brooklyn Heights Promenade; Brooklyn Heights Promenade; Brooklyn Heights Promenade; Brooklyn Heights Promenade; Fruit Street Sitting Area; Squibb Park; Hillside Dog Park; Harry Chapin Playground" }, "geometry": { "type": "Polygon", "coordinates": [ [ [ -73.997662852457793, 40.696517533683107 ], [ -73.997729547272343, 40.6965414859487 ], [ -73.996325291938021, 40.699763445765583 ], [ -73.996244989642904, 40.699931900172061 ], [ -73.995641423305742, 40.701195435943582 ], [ -73.994559399389331, 40.70184885715814 ], [ -73.993493973796191, 40.701537973076974 ], [ -73.997662852457793, 40.696517533683107 ] ] ] } },
{ "type": "Feature", "properties": { "group_id": "N1rel-014", "n_parks": 9, "extent_km": 0.568, "max_walk_m": 567.5, "park_area_acres": 6.19, "hull_area_acres": 53.47, "boroughs": "B", "members": "Marcy Playground; Stockton Playground; Willoughby Playground; All People's Church of the Apostolic Faith Community Garden; American Heart; Hart to Hart; Red Gate Garden; Vernon Tandt Block Association; Vernon Cases Community Garden" }, "geometry": { "type": "Polygon", "coordinates": [ [ [ -73.947510783210205, 40.692940797242777 ], [ -73.949351340428422, 40.69363993380103 ], [ -73.950403005486706, 40.694108781921749 ], [ -73.952369703832417, 40.695114196875593 ], [ -73.952450430102061, 40.695525464715168 ], [ -73.949132595874701, 40.697554581442994 ], [ -73.948444677615015, 40.697632395711032 ], [ -73.943854407040106, 40.695142787009708 ], [ -73.943813509054081, 40.694935837304335 ], [ -73.943799795946163, 40.694866445192623 ], [ -73.946618961189003, 40.693043220223345 ], [ -73.947182851218457, 40.692978459752034 ], [ -73.947412730332957, 40.692952058421419 ], [ -73.947510783210205, 40.692940797242777 ] ] ] } },
{ "type": "Feature", "properties": { "group_id": "N1rel-015", "n_parks": 9, "extent_km": 0.596, "max_walk_m": 552.8, "park_area_acres": 7.31, "hull_area_acres": 54.78, "boroughs": "M", "members": "Coleman Playground; Sophie Irene Loeb; Catherine Slip Malls; Alfred E. Smith Playground; Playground One; Tanahey Playground; Kimlau Square; St. James Triangle; James Madison Plaza" }, "geometry": { "type": "Polygon", "coordinates": [ [ [ -73.996123716001875, 40.70927183896643 ], [ -73.996127457807702, 40.709272631542021 ], [ -73.99613012629996, 40.709273197152704 ], [ -73.996135492834711, 40.709274920010493 ], [ -73.998096220988074, 40.709937009487838 ], [ -74.000529139470615, 40.711198701849611 ], [ -74.000562091951977, 40.711231238048143 ], [ -74.00060647758859, 40.711278495727477 ], [ -74.000656681184111, 40.711347463770217 ], [ -74.000679922707434, 40.711384005461184 ], [ -74.00070494308298, 40.711434469032632 ], [ -74.000729800338277, 40.711498987770931 ], [ -74.000743481286037, 40.711552959794304 ], [ -74.000750293537934, 40.711595208111575 ], [ -73.998277005261755, 40.713475250407917 ], [ -73.998087803649014, 40.713562435747718 ], [ -73.998071502550957, 40.713567747587213 ], [ -73.998054137596526, 40.713570500155555 ], [ -73.994407646970444, 40.713606458820301 ], [ -73.992576246589849, 40.71167066901549 ], [ -73.992526643032051, 40.711357066542575 ], [ -73.992514138467939, 40.711277800071123 ], [ -73.992967581847381, 40.710823527272098 ], [ -73.994280248671018, 40.710133324183296 ], [ -73.996042460908868, 40.709281564421929 ], [ -73.996046465568952, 40.709279930132091 ], [ -73.996049104573544, 40.70927885411205 ], [ -73.996054615672008, 40.709277319830306 ], [ -73.996123716001875, 40.70927183896643 ] ] ] } },
{ "type": "Feature", "properties": { "group_id": "N1rel-016", "n_parks": 9, "extent_km": 0.832, "max_walk_m": 693.7, "park_area_acres": 9.55, "hull_area_acres": 91.02, "boroughs": "M", "members": "Johnny Hartman Square; Alexander Hamilton Playground; Montefiore Square; Riverside Park (1/4); Riverside Park (4/4); Broadway Malls (1/5); Broadway Malls (3/5); Broadway Malls (5/5); Frank White Memorial Garden" }, "geometry": { "type": "Polygon", "coordinates": [ [ [ -73.955000894151652, 40.820176176631065 ], [ -73.958416629404809, 40.820880113585972 ], [ -73.958271139742365, 40.821596837067929 ], [ -73.95790088298358, 40.822115968144814 ], [ -73.95782170025349, 40.822201966296319 ], [ -73.953553315606356, 40.826243941828047 ], [ -73.949143120978903, 40.828291489946764 ], [ -73.949070855607673, 40.828261019971507 ], [ -73.948550961328522, 40.824191591699638 ], [ -73.948550974843698, 40.82419097666704 ], [ -73.948551125859126, 40.824190373402232 ], [ -73.948551409620592, 40.824189798112066 ], [ -73.948630237868315, 40.824068697660678 ], [ -73.948631619226873, 40.824066720787236 ], [ -73.948633418881059, 40.824064949413163 ], [ -73.948635587004148, 40.82406343394404 ], [ -73.954974675180438, 40.820179876440932 ], [ -73.954986814567278, 40.820176107200353 ], [ -73.955000894151652, 40.820176176631065 ] ] ] } },
{ "type": "Feature", "properties": { "group_id": "N1rel-017", "n_parks": 9, "extent_km": 0.763, "max_walk_m": 760.4, "park_area_acres": 2.76, "hull_area_acres": 53.96, "boroughs": "M", "members": "Adam Clayton Powell Jr. Malls (6/9); Moore Playground; St. Nicholas Playground South; Langston Hughes Playground; Unity Gardens; Collyer Brothers Park; Edward P. Bowman Park; Harlem Rose Garden; Harlem Grown 127th Street Learning Annex" }, "geometry": { "type": "Polygon", "coordinates": [ [ [ -73.93997386054491, 40.808370714799928 ], [ -73.94095712590331, 40.808467879333563 ], [ -73.946110210518327, 40.809326311357047 ], [ -73.947781310655913, 40.809715946910423 ], [ -73.947786910961824, 40.809718471741526 ], [ -73.947791043010568, 40.809722297127003 ], [ -73.947792912428625, 40.809726308791348 ], [ -73.947792865881226, 40.809731257006312 ], [ -73.94768522099038, 40.810551077295138 ], [ -73.947592494372017, 40.810894660631305 ], [ -73.947051010724479, 40.812170732681409 ], [ -73.946785336736198, 40.812530208749429 ], [ -73.945625179089205, 40.812694492697354 ], [ -73.945617956948766, 40.812695216893026 ], [ -73.945612175051053, 40.812694246130867 ], [ -73.94560754472343, 40.812692393424122 ], [ -73.93857703063081, 40.809739195388808 ], [ -73.938043861600192, 40.809514995865975 ], [ -73.938408345178885, 40.809014848331572 ], [ -73.93997386054491, 40.808370714799928 ] ] ] } },
{ "type": "Feature", "properties": { "group_id": "N1rel-018", "n_parks": 9, "extent_km": 0.518, "max_walk_m": 508.2, "park_area_acres": 1.7, "hull_area_acres": 13.95, "boroughs": "M", "members": "Joseph C. Sauer Park; Children's Garden; Lower East Side Playground; Dias Y Flores; El Sol Brilliante Jr; Community Garden Association; Vamos Sembrar; Yu Suen Garden; Campos Garden" }, "geometry": { "type": "Polygon", "coordinates": [ [ [ -73.977583038898558, 40.727093166771098 ], [ -73.982932650910683, 40.7290175706895 ], [ -73.983474934158323, 40.729245859386495 ], [ -73.983339163658457, 40.729433323009758 ], [ -73.983249988844179, 40.729556449217185 ], [ -73.983205137839036, 40.729618376061282 ], [ -73.983108917966135, 40.72975122662092 ], [ -73.979923619059647, 40.729250584557107 ], [ -73.979842479577144, 40.729216306929352 ], [ -73.979766455624699, 40.729184189562908 ], [ -73.978200774610187, 40.728510172933028 ], [ -73.977402058081879, 40.727342516519919 ], [ -73.977583038898558, 40.727093166771098 ] ] ] } },
{ "type": "Feature", "properties": { "group_id": "N1rel-019", "n_parks": 9, "extent_km": 0.574, "max_walk_m": 776.2, "park_area_acres": 2.91, "hull_area_acres": 47.37, "boroughs": "M", "members": "White Playground; Peter Minuit Playground; Mae Grant Playground; Family Community Garden; 110th Street Block Association Garden; Pueblo Unido Garden; Diversity Edible Farm; Mission Garden; Villa Santruce" }, "geometry": { "type": "Polygon", "coordinates": [ [ [ -73.945913250866198, 40.791293175166174 ], [ -73.949432815163831, 40.792009556139021 ], [ -73.949923045291726, 40.792216064918662 ], [ -73.947473144853731, 40.796183522747668 ], [ -73.946952142375864, 40.79689398922433 ], [ -73.945735722070026, 40.796643512679445 ], [ -73.945530897636914, 40.796556824908869 ], [ -73.943663360495307, 40.795231597135668 ], [ -73.945470378839573, 40.791753600429857 ], [ -73.945648747148994, 40.791509595908281 ], [ -73.945913250866198, 40.791293175166174 ] ] ] } },
{ "type": "Feature", "properties": { "group_id": "N1rel-020", "n_parks": 9, "extent_km": 0.777, "max_walk_m": 754.4, "park_area_acres": 8.27, "hull_area_acres": 83.46, "boroughs": "Q", "members": "Gorman Playground; One Room Schoolhouse Park; O'Sullivan Plaza; LaGuardia Landing Lights; LaGuardia Landing Lights; Laguardia Landing Lights; LaGuardia Landing Lights; Planeview Park; Park" }, "geometry": { "type": "Polygon", "coordinates": [ [ [ -73.884461453081343, 40.761527818510487 ], [ -73.888561506600112, 40.763301496738073 ], [ -73.888745165617948, 40.764310017287187 ], [ -73.888139614573035, 40.766204536764526 ], [ -73.88488433118431, 40.76736754392131 ], [ -73.883874836220983, 40.767685091525799 ], [ -73.879342358105689, 40.763517231242808 ], [ -73.879300424186837, 40.763281830413028 ], [ -73.879535886333741, 40.76310986966871 ], [ -73.879569297732061, 40.7630856296838 ], [ -73.883717462003233, 40.761609165421433 ], [ -73.884461453081343, 40.761527818510487 ] ] ] } },
{ "type": "Feature", "properties": { "group_id": "N1rel-021", "n_parks": 9, "extent_km": 0.839, "max_walk_m": 570.4, "park_area_acres": 4.3, "hull_area_acres": 50.48, "boroughs": "X", "members": "Featherbed Triangle; University Malls; Park; Park; Plimpton Playground; Bridge Playground; Park; Sedgwick Playground; Half-Nelson Playground" }, "geometry": { "type": "Polygon", "coordinates": [ [ [ -73.922658168242904, 40.843190249694636 ], [ -73.924130488532725, 40.844008735584588 ], [ -73.924738176262721, 40.844355755919736 ], [ -73.923839338583093, 40.846104832396854 ], [ -73.916446060007473, 40.849835729232176 ], [ -73.916439764172381, 40.84983854861526 ], [ -73.916433061152645, 40.84984076347277 ], [ -73.916426054160709, 40.849842341461802 ], [ -73.916418845213229, 40.849843258342844 ], [ -73.91641154342733, 40.849843501588076 ], [ -73.916404255537088, 40.849843067672829 ], [ -73.916397093008882, 40.84984196208088 ], [ -73.916390161365968, 40.849840201097557 ], [ -73.916383563745143, 40.849837812712941 ], [ -73.91637739853175, 40.849834831217059 ], [ -73.91637175816912, 40.849831300801171 ], [ -73.916366726788127, 40.84982727465534 ], [ -73.916362379024491, 40.849822812266282 ], [ -73.916358780015671, 40.849817982118616 ], [ -73.916355983038954, 40.849812853589029 ], [ -73.916354030686307, 40.849807505951695 ], [ -73.916352951322395, 40.849802015769093 ], [ -73.916352761444031, 40.849796466798971 ], [ -73.916353463317463, 40.849790942788758 ], [ -73.916355047353534, 40.849785524775697 ], [ -73.916357489733599, 40.849780292886415 ], [ -73.919684636087609, 40.844390250597634 ], [ -73.919693301005211, 40.844377164363756 ], [ -73.922658168242904, 40.843190249694636 ] ] ] } },
{ "type": "Feature", "properties": { "group_id": "N1rel-022", "n_parks": 8, "extent_km": 0.747, "max_walk_m": 709.8, "park_area_acres": 12.95, "hull_area_acres": 64.79, "boroughs": "B", "members": "Betsy Head Park; P.S. 125 Playground; Chester Playground; Amboy Neighborhood Center; Jes Good Rewards Childeren's Garden; Hoparkinson R&L Block Association Garden; Student Farm Project; MHBA Living Laboratory" }, "geometry": { "type": "Polygon", "coordinates": [ [ [ -73.914441233861069, 40.66183447151306 ], [ -73.914781185567222, 40.663174101001147 ], [ -73.914342439499492, 40.6651775287596 ], [ -73.913859693929041, 40.666966983124411 ], [ -73.912398677164049, 40.668960513105198 ], [ -73.911998569178579, 40.669060902538895 ], [ -73.911638363050827, 40.669115938831879 ], [ -73.910321224614307, 40.667516336996798 ], [ -73.908763668724973, 40.665262112340208 ], [ -73.908729531659716, 40.665127357196766 ], [ -73.911798086585648, 40.661866045564892 ], [ -73.912075593561752, 40.66182471267313 ], [ -73.914441233861069, 40.66183447151306 ] ] ] } },
{ "type": "Feature", "properties": { "group_id": "N1rel-023", "n_parks": 8, "extent_km": 0.859, "max_walk_m": 751.7, "park_area_acres": 39.89, "hull_area_acres": 131.05, "boroughs": "B", "members": "McCarren Park; Pvt. Sonsire Triangle; Macri Triangle; Father Giorgio Triangle; Lentol Garden; Badame Sessa Triangle; Mt. Carmel Triangle; Ericsson Playground" }, "geometry": { "type": "Polygon", "coordinates": [ [ [ -73.952605405774861, 40.714171397697079 ], [ -73.955882246144753, 40.721399281960139 ], [ -73.954894703607252, 40.72231772889625 ], [ -73.953242434528946, 40.722861950963939 ], [ -73.952034922805453, 40.723259658650733 ], [ -73.951779740372359, 40.723299064615915 ], [ -73.951675331051959, 40.723313863938863 ], [ -73.945057861048454, 40.720647951510365 ], [ -73.944963335283532, 40.720540509760532 ], [ -73.944945980687166, 40.720515834697892 ], [ -73.944929786345782, 40.72048645952615 ], [ -73.944917315933679, 40.720458066788915 ], [ -73.944782394920196, 40.720103743380037 ], [ -73.948265507595607, 40.717073824739366 ], [ -73.951783837101516, 40.71418132145353 ], [ -73.952605405774861, 40.714171397697079 ] ] ] } },
{ "type": "Feature", "properties": { "group_id": "N1rel-024", "n_parks": 8, "extent_km": 0.755, "max_walk_m": 682.1, "park_area_acres": 16.89, "hull_area_acres": 80.33, "boroughs": "B", "members": "Cadman Plaza Park; Anchorage Plaza; Clumber Corner; Bar and Grill Park; Susan Smith McKinney Steward Park; Bridge Park 3; Maritcha R. Lyons Park; Vinegar Hill Community Garden" }, "geometry": { "type": "Polygon", "coordinates": [ [ [ -73.990134146807534, 40.696457122599085 ], [ -73.991082778446909, 40.696491642810223 ], [ -73.99282779379233, 40.702346064546539 ], [ -73.992829012101197, 40.702350223186038 ], [ -73.992829910925565, 40.702354426831143 ], [ -73.992830680619491, 40.702360074889242 ], [ -73.992830934562619, 40.702364328922854 ], [ -73.992830860742558, 40.702368588339148 ], [ -73.992830528972775, 40.702372840535276 ], [ -73.992829874175683, 40.702377070198487 ], [ -73.992828573172602, 40.702382661395248 ], [ -73.992826763376613, 40.702388170613744 ], [ -73.992824453073524, 40.702393569938579 ], [ -73.99282241389065, 40.702397537466481 ], [ -73.992820076536731, 40.702401405919431 ], [ -73.992817506089708, 40.702405188809166 ], [ -73.992814650489763, 40.702408851912992 ], [ -73.992810478992112, 40.702413559528246 ], [ -73.992807085038066, 40.702416946141142 ], [ -73.992803437882699, 40.702420178750536 ], [ -73.992799597870032, 40.702423278072033 ], [ -73.99279552832347, 40.702426202679725 ], [ -73.992791286036649, 40.702428979592511 ], [ -73.992786837883031, 40.702431563782767 ], [ -73.992782235922292, 40.702433990373592 ], [ -73.992777458861624, 40.702436206233436 ], [ -73.992772550476872, 40.702438254589708 ], [ -73.992753563164641, 40.702444887466399 ], [ -73.992734294285981, 40.702451032244724 ], [ -73.992714768689709, 40.702456687125185 ], [ -73.992695004126162, 40.702461843103613 ], [ -73.992675025444711, 40.702466495678905 ], [ -73.992654855128634, 40.702470636747819 ], [ -73.992634513293936, 40.702474264510506 ], [ -73.992614024790058, 40.702477374465865 ], [ -73.992593409733502, 40.702479961212077 ], [ -73.992572692973098, 40.7024820256512 ], [ -73.992551032022433, 40.702483613654735 ], [ -73.992530179314457, 40.702484519118727 ], [ -73.98253901693532, 40.701588275158116 ], [ -73.982547234925335, 40.701437772945368 ], [ -73.984358519894641, 40.699919439585393 ], [ -73.990134146807534, 40.696457122599085 ] ] ] } },
{ "type": "Feature", "properties": { "group_id": "N1rel-025", "n_parks": 8, "extent_km": 0.684, "max_walk_m": 667.8, "park_area_acres": 0.85, "hull_area_acres": 43.27, "boroughs": "B", "members": "Triangle; Atkins Gardeners; Concerned Residents of Montauk Avenue; Good Shepherds Garden; Manley's Pl; Upon This Rock Comm Garden; 400 Montauk Av Block Assn; Linwood Street Garden (Pagan's Garden)" }, "geometry": { "type": "Polygon", "coordinates": [ [ [ -73.876750151693912, 40.668506001469446 ], [ -73.877469501003603, 40.668687354057631 ], [ -73.877473760955183, 40.668688640930199 ], [ -73.877477700675612, 40.668690424546661 ], [ -73.882248435702863, 40.670934001709419 ], [ -73.882262677270944, 40.670990582206194 ], [ -73.882071773199186, 40.671242313269133 ], [ -73.87874408283713, 40.674731326105167 ], [ -73.878598495781716, 40.674863196294545 ], [ -73.878242641981956, 40.674913889406241 ], [ -73.877771320556846, 40.674453435903764 ], [ -73.87775059104743, 40.674380726042799 ], [ -73.87770626594677, 40.674203266509345 ], [ -73.876624619978401, 40.668560093314312 ], [ -73.876750151693912, 40.668506001469446 ] ] ] } },
{ "type": "Feature", "properties": { "group_id": "N1rel-026", "n_parks": 8, "extent_km": 0.667, "max_walk_m": 185.9, "park_area_acres": 23.52, "hull_area_acres": 189.24, "boroughs": "B", "members": "Pierrepont Playground; Brooklyn Heights Promenade; Brooklyn Heights Promenade; Brooklyn Heights Promenade; Brooklyn Heights Promenade; Brooklyn Heights Promenade; Brooklyn Heights Promenade; Brooklyn Bridge Park" }, "geometry": { "type": "Polygon", "coordinates": [ [ [ -74.000208557188998, 40.691994351047867 ], [ -74.001735845502779, 40.692416997513945 ], [ -74.002291466584737, 40.692609755194773 ], [ -74.004003933657685, 40.693225185509171 ], [ -74.002955887718187, 40.694829963376414 ], [ -74.002767308386922, 40.695118707545191 ], [ -74.001420280899197, 40.697142730319136 ], [ -74.001182662514935, 40.697499393547055 ], [ -73.996205858887649, 40.703373457239188 ], [ -73.994340981018084, 40.704427122454319 ], [ -73.993863918092629, 40.704551811659243 ], [ -73.990402939000703, 40.705245539923681 ], [ -73.990179142884372, 40.705279453220072 ], [ -73.989963825157886, 40.705312080890387 ], [ -73.989453581217717, 40.705388122186775 ], [ -73.987397233494505, 40.704964477796146 ], [ -73.987423873338074, 40.704499792438654 ], [ -74.000208557188998, 40.691994351047867 ] ] ] } },
{ "type": "Feature", "properties": { "group_id": "N1rel-027", "n_parks": 8, "extent_km": 0.727, "max_walk_m": 695.9, "park_area_acres": 1.05, "hull_area_acres": 49.26, "boroughs": "M", "members": "A Philip Randolph Square; Adam Clayton Powell Jr. Malls (3/9); Adam Clayton Powell Jr. Malls (5/9); New 123rd St Block Association Garden; Joseph Daniel Wilson Garden; P.S. 76 Garden; Our Little Green Acre Garden; TRUCE Garden" }, "geometry": { "type": "Polygon", "coordinates": [ [ [ -73.952452637298251, 40.803307501264236 ], [ -73.952457979199977, 40.803307947413323 ], [ -73.952463137626765, 40.803309761344288 ], [ -73.952467944107198, 40.803313214938193 ], [ -73.952470714059203, 40.803317518663633 ], [ -73.953273992531933, 40.804597952822775 ], [ -73.952156199656244, 40.808138407061378 ], [ -73.952106885752343, 40.808206290447472 ], [ -73.952014394479193, 40.808333607633429 ], [ -73.947903176753812, 40.809576560839346 ], [ -73.947895106065886, 40.809577709829412 ], [ -73.947888351381494, 40.809576744144096 ], [ -73.947882051128758, 40.809573609364342 ], [ -73.947877275340446, 40.809568524794884 ], [ -73.947875826471048, 40.809564748351931 ], [ -73.947291679581525, 40.80674436928777 ], [ -73.947473409766445, 40.806496610766359 ], [ -73.952442307628147, 40.803310203002134 ], [ -73.952447044479968, 40.80330827338625 ], [ -73.952452637298251, 40.803307501264236 ] ] ] } },
{ "type": "Feature", "properties": { "group_id": "N1rel-028", "n_parks": 8, "extent_km": 0.554, "max_walk_m": 540.1, "park_area_acres": 8.44, "hull_area_acres": 48.68, "boroughs": "M", "members": "Brigadier General Charles Young Triangle; Adam Clayton Powell Jr. Malls (4/9); Bill Bojangles Robinson Playground; Percy E. Sutton Playground; Frederick Johnson Playground; Holcombe Rucker Park; Bradhurst Ave Garden; Bradhurst Gardens Association" }, "geometry": { "type": "Polygon", "coordinates": [ [ [ -73.937370589796288, 40.823941166612549 ], [ -73.937405493059558, 40.823955887569213 ], [ -73.939523991596829, 40.827684335886275 ], [ -73.939451961983195, 40.82778267450152 ], [ -73.936065455835902, 40.830461722471277 ], [ -73.936022071584574, 40.830485883003682 ], [ -73.935973864404389, 40.830504017431686 ], [ -73.935922270510602, 40.830515586250378 ], [ -73.935868826706781, 40.830520244519782 ], [ -73.935815122949492, 40.830517853545516 ], [ -73.935762760848036, 40.830508485358429 ], [ -73.93571329913155, 40.830492418181642 ], [ -73.935668210973461, 40.830470130102945 ], [ -73.935628840137838, 40.830442285542162 ], [ -73.935579851225185, 40.830402045685766 ], [ -73.935536469842162, 40.830358250186862 ], [ -73.935499138939534, 40.830311347745862 ], [ -73.935468242156958, 40.830261818547079 ], [ -73.935444096712587, 40.830210171552885 ], [ -73.935426948672273, 40.830156933694781 ], [ -73.934858519953224, 40.827097619178446 ], [ -73.934773528134457, 40.826531870868727 ], [ -73.934664602504412, 40.825205197247513 ], [ -73.934623727217883, 40.824634501096106 ], [ -73.934630602676464, 40.824017935479525 ], [ -73.937370589796288, 40.823941166612549 ] ] ] } },
{ "type": "Feature", "properties": { "group_id": "N1rel-029", "n_parks": 8, "extent_km": 0.965, "max_walk_m": 739.6, "park_area_acres": 32.06, "hull_area_acres": 162.84, "boroughs": "M", "members": "Morningside Park; Lafayette Square; Adam Clayton Powell Jr. Malls (1/9); Samuel Marx Triangle; Martin Luther King, Jr. Playground; Garden Of Love; Luigi's Garden of Love; Electric Ladybug Garden" }, "geometry": { "type": "Polygon", "coordinates": [ [ [ -73.95520443357691, 40.799545361045048 ], [ -73.955211141543373, 40.79954748072555 ], [ -73.955211482746634, 40.799547588918031 ], [ -73.959674135868198, 40.801338688688261 ], [ -73.960889690236016, 40.80185198943331 ], [ -73.959675039475542, 40.805431856657947 ], [ -73.957154284600691, 40.810207102170239 ], [ -73.956773813247466, 40.810736585203827 ], [ -73.955164509309569, 40.810057024079896 ], [ -73.949877601642967, 40.800452774863636 ], [ -73.950391713136369, 40.799749264266204 ], [ -73.95520443357691, 40.799545361045048 ] ] ] } },
{ "type": "Feature", "properties": { "group_id": "N1rel-030", "n_parks": 8, "extent_km": 0.53, "max_walk_m": 651.6, "park_area_acres": 11.97, "hull_area_acres": 49.7, "boroughs": "M", "members": "Tompkins Square Park; McKinley Playground; 6th St and Ave B Community Garden; 6BC Botanical Garden; Miracle Garden; The Creative Little Garden; De Colores Cmty Yard and Center; Hope Garden" }, "geometry": { "type": "Polygon", "coordinates": [ [ [ -73.984252155646487, 40.721935560163374 ], [ -73.984309873196722, 40.721959955641566 ], [ -73.986145193550371, 40.724102144495603 ], [ -73.985975047254342, 40.724337100970651 ], [ -73.985803367660978, 40.72457417229392 ], [ -73.982164493526696, 40.727723617754165 ], [ -73.980059298489309, 40.726830996020944 ], [ -73.979612638287279, 40.725509926040132 ], [ -73.980465553594499, 40.72391227886898 ], [ -73.980642710969406, 40.723669830455869 ], [ -73.984252155646487, 40.721935560163374 ] ] ] } },
{ "type": "Feature", "properties": { "group_id": "N1rel-031", "n_parks": 8, "extent_km": 0.684, "max_walk_m": 533.4, "park_area_acres": 1.71, "hull_area_acres": 32.28, "boroughs": "M", "members": "Adam Clayton Powell Jr. Malls (9/9); Courtney Callender Playground; 132 St Block Association Park; Parks Council Success Garden; Margrichante Garden; United Block Association Garden; Harlem Grown 134th Street Green House; Harlem Valley Garden" }, "geometry": { "type": "Polygon", "coordinates": [ [ [ -73.940049959359627, 40.809713299769463 ], [ -73.940563282084952, 40.80992893764985 ], [ -73.945509771045579, 40.812832932924458 ], [ -73.945514287484428, 40.812836373158319 ], [ -73.945517169541361, 40.812841211992719 ], [ -73.945517220898978, 40.812846523151123 ], [ -73.945515503818044, 40.812850490832147 ], [ -73.945060809791244, 40.813474692591434 ], [ -73.943621395565387, 40.81544507364638 ], [ -73.943621045506745, 40.815445550738708 ], [ -73.943378177709008, 40.815775888042438 ], [ -73.943307321904527, 40.815872261132476 ], [ -73.943276083759415, 40.815859082098108 ], [ -73.939690526531422, 40.810205054330162 ], [ -73.940049959359627, 40.809713299769463 ] ] ] } },
{ "type": "Feature", "properties": { "group_id": "N1rel-032", "n_parks": 8, "extent_km": 0.583, "max_walk_m": 611.2, "park_area_acres": 10.03, "hull_area_acres": 49.71, "boroughs": "M", "members": "Louis Cuvillier Park; Triboro Plaza; Crack Is Wack Playground; Harlem River Park; Harlem River Park; Wagner Playground; Wagner Houses Pool; Detective Omar Edwards Park" }, "geometry": { "type": "Polygon", "coordinates": [ [ [ -73.934793863250462, 40.79931843619952 ], [ -73.935244509322033, 40.799508867628262 ], [ -73.935257759000748, 40.799514597744924 ], [ -73.935271591718561, 40.799521522249812 ], [ -73.935280095371795, 40.799526198815848 ], [ -73.935290478132202, 40.799532384772796 ], [ -73.93530345963903, 40.799540937799499 ], [ -73.935316042283446, 40.799550221806477 ], [ -73.935325385596244, 40.799557855180133 ], [ -73.935336467341372, 40.799567872249831 ], [ -73.935344270016671, 40.799575669549029 ], [ -73.9353518991567, 40.799584011552582 ], [ -73.935357741498549, 40.799590967585445 ], [ -73.935364902784045, 40.799600311581592 ], [ -73.935370186370349, 40.799607915660133 ], [ -73.935376085595621, 40.799617312977915 ], [ -73.935380251969733, 40.79962468139928 ], [ -73.935385454685516, 40.799635031054542 ], [ -73.935389051490702, 40.799643199700256 ], [ -73.935392261860557, 40.799651502303718 ], [ -73.935395072789774, 40.799659908240614 ], [ -73.935397360298452, 40.799667959987801 ], [ -73.935398918210637, 40.799674423745465 ], [ -73.935400150662119, 40.799680464086009 ], [ -73.935401029697104, 40.79968558211705 ], [ -73.935402794276484, 40.799701322035396 ], [ -73.935403193787749, 40.799714579412161 ], [ -73.935300400627014, 40.802688250303206 ], [ -73.935122244746665, 40.802931575768298 ], [ -73.9319261246103, 40.80491104723226 ], [ -73.931254456470796, 40.804507499855781 ], [ -73.931125117222962, 40.804354200980384 ], [ -73.930638748366334, 40.803604595248324 ], [ -73.930004173131124, 40.800282312556924 ], [ -73.930001299900354, 40.800242497031626 ], [ -73.930001605879298, 40.800229864111067 ], [ -73.934793863250462, 40.79931843619952 ] ] ] } },
{ "type": "Feature", "properties": { "group_id": "N1rel-033", "n_parks": 8, "extent_km": 0.683, "max_walk_m": 720.4, "park_area_acres": 3.88, "hull_area_acres": 48.02, "boroughs": "X", "members": "Monsignor Raul Del Valle Square; Benjamin Gladstone Square; Lyons Square Playground; Bryant Triangle; Hoe Garden; Printers Park; Longfellow Playground; Black Joy Farm" }, "geometry": { "type": "Polygon", "coordinates": [ [ [ -73.890805153784228, 40.820519452698633 ], [ -73.890822693536137, 40.820521637703671 ], [ -73.89083952803378, 40.820525969723441 ], [ -73.890855203472213, 40.820532334866051 ], [ -73.890869299333659, 40.820540559838633 ], [ -73.892767609486569, 40.821919311112758 ], [ -73.892772121598838, 40.822033003008684 ], [ -73.891229335315586, 40.825178739863382 ], [ -73.891228826315583, 40.825179737133027 ], [ -73.890924509337125, 40.82552720779244 ], [ -73.890921645881292, 40.825529739980531 ], [ -73.890919812653266, 40.825530781921422 ], [ -73.888717523480139, 40.826676677816934 ], [ -73.888342708587004, 40.826673853555029 ], [ -73.887430558542505, 40.82587678326076 ], [ -73.887389101878796, 40.82532765894689 ], [ -73.887679654033676, 40.822611652554073 ], [ -73.890356521805813, 40.820785079675574 ], [ -73.890723327753975, 40.82054074487278 ], [ -73.890737386658984, 40.820532484430224 ], [ -73.890753034453567, 40.820526079614375 ], [ -73.890769850049423, 40.820521704722125 ], [ -73.89078737926485, 40.820519475486904 ], [ -73.890805153784228, 40.820519452698633 ] ] ] } },
{ "type": "Feature", "properties": { "group_id": "N1rel-034", "n_parks": 7, "extent_km": 0.668, "max_walk_m": 754.1, "park_area_acres": 7.78, "hull_area_acres": 54.88, "boroughs": "B", "members": "Orient Grove; Cooper Park; Memorial Gore; Frost Playground; St Nicholas-olive St Garden; St Nicholas-powers St Garden; Red Shed Garden" }, "geometry": { "type": "Polygon", "coordinates": [ [ [ -73.939742981230836, 40.712581199933311 ], [ -73.942476195988064, 40.71479997689525 ], [ -73.942483195640648, 40.714821279267845 ], [ -73.942471021748986, 40.714841187975495 ], [ -73.939478666342964, 40.718817193419753 ], [ -73.938711646203203, 40.719015074573932 ], [ -73.936368135619816, 40.716657368751676 ], [ -73.9357602233205, 40.715284284013428 ], [ -73.939576622973419, 40.712622613677695 ], [ -73.939663194634704, 40.712601061233052 ], [ -73.939742981230836, 40.712581199933311 ] ] ] } },
{ "type": "Feature", "properties": { "group_id": "N1rel-035", "n_parks": 7, "extent_km": 0.875, "max_walk_m": 795.4, "park_area_acres": 22.97, "hull_area_acres": 89.19, "boroughs": "B", "members": "Eastern Parkway (4/10); Eastern Parkway Extension (6/6); Lincoln Terrace / Arthur S. Somers Park; Preston Community Garden; St Mark's Block Association; Sterling Community Group; Brownsville Green" }, "geometry": { "type": "Polygon", "coordinates": [ [ [ -73.928366684329092, 40.664846145930724 ], [ -73.928483438442811, 40.664893393920678 ], [ -73.928512428114828, 40.664923605349628 ], [ -73.928537837960164, 40.664988162939203 ], [ -73.928537459026913, 40.665014020127735 ], [ -73.928247973846709, 40.668121710990924 ], [ -73.928243625878409, 40.66816838472117 ], [ -73.928228957130045, 40.668325841585251 ], [ -73.922031837706285, 40.673588424930564 ], [ -73.921689341204157, 40.673570021717431 ], [ -73.920627176121997, 40.672254416964002 ], [ -73.919182880470103, 40.669802782262593 ], [ -73.919181870587707, 40.669800724775016 ], [ -73.919181338631603, 40.669798565864845 ], [ -73.919181297532688, 40.669796370378386 ], [ -73.919181748398245, 40.669794200451982 ], [ -73.919182680504534, 40.669792121815682 ], [ -73.91918406421135, 40.669790194783296 ], [ -73.919185859238823, 40.669788476059026 ], [ -73.919186382472319, 40.669788072995495 ], [ -73.924540608319958, 40.666435166816107 ], [ -73.925426613205062, 40.666046970139284 ], [ -73.928224934590247, 40.664868610105103 ], [ -73.928290942141089, 40.664847817826463 ], [ -73.928366684329092, 40.664846145930724 ] ] ] } },
{ "type": "Feature", "properties": { "group_id": "N1rel-036", "n_parks": 7, "extent_km": 0.72, "max_walk_m": 789.4, "park_area_acres": 10.42, "hull_area_acres": 57.86, "boroughs": "B", "members": "Herbert Von King Park; Banneker Playground; Hattie Carthan Community Garden; Clifton Pl Memorial Park and Garden; Greene Av United Neighbors Association *; Spencer St Block Association; Whole Neighborhood Garden" }, "geometry": { "type": "Polygon", "coordinates": [ [ [ -73.951292594012457, 40.688010796097849 ], [ -73.954781105835792, 40.688416727757868 ], [ -73.954803269205186, 40.688527197955523 ], [ -73.95482565430143, 40.688638780368557 ], [ -73.955041134711195, 40.689717710471648 ], [ -73.955062208907208, 40.689825352563687 ], [ -73.955009051708132, 40.691452151347377 ], [ -73.954639848490928, 40.691494607894441 ], [ -73.948429857249693, 40.690871391342625 ], [ -73.945445345141337, 40.690466862614301 ], [ -73.945186394076131, 40.689176981015727 ], [ -73.951215136303034, 40.688019573911909 ], [ -73.951292594012457, 40.688010796097849 ] ] ] } },
{ "type": "Feature", "properties": { "group_id": "N1rel-037", "n_parks": 7, "extent_km": 0.596, "max_walk_m": 595.7, "park_area_acres": 2.8, "hull_area_acres": 39.6, "boroughs": "B", "members": "La Guardia Playground; La Guardia Playground; Continental Army Plaza; Jaime Campiz Playground; Earth Spirit Garden; Grand Street Community Garden; Ascenzi Square" }, "geometry": { "type": "Polygon", "coordinates": [ [ [ -73.958929960136601, 40.709639903584375 ], [ -73.9589365858577, 40.709640014909944 ], [ -73.958941739200299, 40.709640521934773 ], [ -73.958943656172607, 40.70964071082534 ], [ -73.958970733925057, 40.709645422047892 ], [ -73.958995928670078, 40.709650524315663 ], [ -73.959004019538881, 40.709652377747574 ], [ -73.959020894644752, 40.709656245147528 ], [ -73.959070027878553, 40.709669518150541 ], [ -73.959094143077564, 40.709677057696403 ], [ -73.959117926570883, 40.709685187854546 ], [ -73.959482675622738, 40.709813337967432 ], [ -73.959952814781204, 40.710011694153984 ], [ -73.960734239878846, 40.710409401171695 ], [ -73.960776931150036, 40.710495785532267 ], [ -73.9590490218458, 40.713683360242811 ], [ -73.958975595177449, 40.713789255755479 ], [ -73.958879506865429, 40.713924654659408 ], [ -73.957031449074904, 40.714527510871989 ], [ -73.957029100617262, 40.714528198885937 ], [ -73.957026622080136, 40.714528727460937 ], [ -73.957023867896794, 40.714529095642114 ], [ -73.957021343451444, 40.714529240582401 ], [ -73.957018937465648, 40.714529211768351 ], [ -73.957015852326862, 40.714528932358697 ], [ -73.953777180933017, 40.713962509939613 ], [ -73.954865169971072, 40.712882068636659 ], [ -73.958892427326376, 40.70965026857737 ], [ -73.958897582743418, 40.709647412196148 ], [ -73.958905364295305, 40.709644236170341 ], [ -73.958911522610805, 40.709642375211267 ], [ -73.9589168390943, 40.709641232559228 ], [ -73.958923354212985, 40.709640311860369 ], [ -73.958929960136601, 40.709639903584375 ] ] ] } },
{ "type": "Feature", "properties": { "group_id": "N1rel-038", "n_parks": 7, "extent_km": 0.855, "max_walk_m": 722.2, "park_area_acres": 9.56, "hull_area_acres": 73.17, "boroughs": "B", "members": "Dr. Green Playground; Van Dyke Playground; Livonia Park; Floyd Patterson Ballfields; Nehemiah Park; Carter G. Woodson Children's Park; Powell Street Livonia Garden" }, "geometry": { "type": "Polygon", "coordinates": [ [ [ -73.904275990242681, 40.660144644449254 ], [ -73.905657958975624, 40.66152888833561 ], [ -73.908050732234074, 40.667101874093703 ], [ -73.908110096262519, 40.667331546859785 ], [ -73.90614986614284, 40.66896931802053 ], [ -73.906061398435369, 40.668982387947565 ], [ -73.905789017093383, 40.669022626299046 ], [ -73.901707020171699, 40.664261670598762 ], [ -73.901510166384767, 40.663551074738272 ], [ -73.901442090008842, 40.663284085272473 ], [ -73.903553157970222, 40.660252751965515 ], [ -73.904275990242681, 40.660144644449254 ] ] ] } },
{ "type": "Feature", "properties": { "group_id": "N1rel-039", "n_parks": 7, "extent_km": 0.741, "max_walk_m": 610.0, "park_area_acres": 2.2, "hull_area_acres": 42.98, "boroughs": "B", "members": "Harmony Park; A Better Community Garden; Seasons of Vision; Garden of Plenty; F.A.R.R. Community Garden; Imani II Community Garden; Kingsborough Houses Pacific Playground" }, "geometry": { "type": "Polygon", "coordinates": [ [ [ -73.92667829589486, 40.675987140392934 ], [ -73.927126744314592, 40.676011818455642 ], [ -73.933058543622451, 40.676406433422365 ], [ -73.935710840341741, 40.677872781163664 ], [ -73.935683581222747, 40.678146020842718 ], [ -73.927268698693879, 40.678844307805967 ], [ -73.927106253257705, 40.678835513238681 ], [ -73.92696757683909, 40.678828005058229 ], [ -73.926898170633052, 40.67882424635954 ], [ -73.926600231082773, 40.678301505044892 ], [ -73.926648061242858, 40.676305589179549 ], [ -73.92667829589486, 40.675987140392934 ] ] ] } },
{ "type": "Feature", "properties": { "group_id": "N1rel-040", "n_parks": 7, "extent_km": 0.505, "max_walk_m": 447.2, "park_area_acres": 8.59, "hull_area_acres": 49.25, "boroughs": "M", "members": "Ahearn Park; Corlears Hook Park; Luther Gulick Park; Vladeck Park; Sidney Hillman Playground; Henry M. Jackson Playground; Sol Lain Plgd" }, "geometry": { "type": "Polygon", "coordinates": [ [ [ -73.980439221371412, 40.711075446997931 ], [ -73.982008102586391, 40.711490281849301 ], [ -73.984280593033148, 40.713971506905338 ], [ -73.984333507850167, 40.71444592282478 ], [ -73.982499670925321, 40.716299007003727 ], [ -73.981017389373477, 40.715851736355596 ], [ -73.979439419481977, 40.715375560983681 ], [ -73.977985738604104, 40.712313045935652 ], [ -73.977993599273645, 40.712301409238677 ], [ -73.978023239857365, 40.712257531214824 ], [ -73.978043669366073, 40.712232745855161 ], [ -73.978147809189309, 40.712106403309186 ], [ -73.978287920152738, 40.711969124450931 ], [ -73.978446805887202, 40.711830976341467 ], [ -73.978542022746851, 40.711755271982888 ], [ -73.978704706504246, 40.711638499645368 ], [ -73.978785252747784, 40.711589916653494 ], [ -73.978852692336574, 40.711549241284494 ], [ -73.978966530291956, 40.711485883292468 ], [ -73.979194417695624, 40.711377130396535 ], [ -73.9792901620945, 40.711339356825512 ], [ -73.979403954517437, 40.711294463364901 ], [ -73.97949816414102, 40.711263235158896 ], [ -73.979573627642523, 40.71123822157795 ], [ -73.979793174362541, 40.71117799003779 ], [ -73.97997171728413, 40.711139005708489 ], [ -73.980148287378597, 40.711107522917501 ], [ -73.980304139290766, 40.711088042823334 ], [ -73.980439221371412, 40.711075446997931 ] ] ] } },
{ "type": "Feature", "properties": { "group_id": "N1rel-041", "n_parks": 7, "extent_km": 0.385, "max_walk_m": 463.4, "park_area_acres": 1.49, "hull_area_acres": 14.38, "boroughs": "M", "members": "Carmansville Playground; Donnellan Square; Convent Garden; Sugar Hill Garden; Edgecombe Park; Harris Garden; Sugar Hill Hope Garden" }, "geometry": { "type": "Polygon", "coordinates": [ [ [ -73.942151604680873, 40.826166641804726 ], [ -73.942469647441129, 40.82630203732694 ], [ -73.94464071044186, 40.82902182224182 ], [ -73.944277586038496, 40.829525656235191 ], [ -73.941941961152892, 40.829887513392968 ], [ -73.941874035339737, 40.826546261894244 ], [ -73.942099673053093, 40.826237666639614 ], [ -73.942151604680873, 40.826166641804726 ] ] ] } },
{ "type": "Feature", "properties": { "group_id": "N1rel-042", "n_parks": 7, "extent_km": 0.643, "max_walk_m": 665.5, "park_area_acres": 15.02, "hull_area_acres": 68.4, "boroughs": "M", "members": "Thomas Jefferson Park; Park; P.S. 155 Playground; Pleasant Village Community Garden; Diamante Garden; Pleasant Park Garden; St. Mark's Garden" }, "geometry": { "type": "Polygon", "coordinates": [ [ [ -73.93540894066804, 40.791930713731283 ], [ -73.937523779450956, 40.792823897256802 ], [ -73.936578305423467, 40.797795251576808 ], [ -73.936398938949111, 40.798039355659348 ], [ -73.929395519948685, 40.797255202707667 ], [ -73.929395009554199, 40.797152119474994 ], [ -73.929398611623014, 40.797028253421416 ], [ -73.929401926108454, 40.796958787288325 ], [ -73.929402855792034, 40.796944728352926 ], [ -73.929404376729323, 40.796930698595624 ], [ -73.929406485349915, 40.796916712422146 ], [ -73.92940918282298, 40.796902784241226 ], [ -73.929412465577244, 40.796888929359135 ], [ -73.929416327672385, 40.79687516218015 ], [ -73.929420769095557, 40.796861494410784 ], [ -73.929425780348808, 40.796847943154553 ], [ -73.92943136142037, 40.796834519217441 ], [ -73.929437502814281, 40.796821237901995 ], [ -73.929466331080533, 40.796764289021155 ], [ -73.933323809230956, 40.793321862171027 ], [ -73.93540894066804, 40.791930713731283 ] ] ] } },
{ "type": "Feature", "properties": { "group_id": "N1rel-043", "n_parks": 7, "extent_km": 0.607, "max_walk_m": 580.6, "park_area_acres": 3.37, "hull_area_acres": 55.63, "boroughs": "M", "members": "Straus Park; Broadway Malls (7/11); Booker T. Washington Playground; Anibal Aviles Playground; Bloomingdale Playground; Mobilization For Change; West 111th St. People's Garden" }, "geometry": { "type": "Polygon", "coordinates": [ [ [ -73.965755574416718, 40.798833016622105 ], [ -73.966463564406197, 40.799131209026527 ], [ -73.967961305311107, 40.800955651999622 ], [ -73.968305609654905, 40.801676621015524 ], [ -73.967584904405385, 40.803014211664731 ], [ -73.967320724804182, 40.803379514452303 ], [ -73.967217638167696, 40.8035213362459 ], [ -73.966848124290024, 40.804028256358869 ], [ -73.966799074438896, 40.804094713450844 ], [ -73.966794908691341, 40.804097562329225 ], [ -73.966788434351287, 40.804100573532608 ], [ -73.966777388197798, 40.804103229522227 ], [ -73.966767912425809, 40.804103175462572 ], [ -73.963647789830006, 40.804023028623597 ], [ -73.963382003448345, 40.803910611796603 ], [ -73.962402524874292, 40.80116124720827 ], [ -73.962036928286608, 40.799688903964224 ], [ -73.962084507453639, 40.799623216493693 ], [ -73.965755574416718, 40.798833016622105 ] ] ] } },
{ "type": "Feature", "properties": { "group_id": "N1rel-044", "n_parks": 7, "extent_km": 0.777, "max_walk_m": 788.1, "park_area_acres": 2.77, "hull_area_acres": 60.54, "boroughs": "M", "members": "Father Duffy Square; Mathews-Palmer Playground; McCaffrey Playground; Gutenberg Playground; Hell's Kitchen Park; Clinton Community Garden; Ramon Aponte Park" }, "geometry": { "type": "Polygon", "coordinates": [ [ [ -73.991072291901375, 40.758740615179462 ], [ -73.991682692693786, 40.758997500148688 ], [ -73.993075201118984, 40.761217719847565 ], [ -73.992966699391616, 40.762803882433886 ], [ -73.992604832800296, 40.763302673397497 ], [ -73.990406385059984, 40.763762146656937 ], [ -73.989705665205449, 40.763467392577859 ], [ -73.984831187174933, 40.759182045474681 ], [ -73.985090277317752, 40.758829728877679 ], [ -73.991072291901375, 40.758740615179462 ] ] ] } },
{ "type": "Feature", "properties": { "group_id": "N1rel-045", "n_parks": 7, "extent_km": 0.616, "max_walk_m": 679.6, "park_area_acres": 3.74, "hull_area_acres": 45.12, "boroughs": "M", "members": "Robert Moses Playground; Trygve Lie Plaza; Ralph Bunche Park; Dag Hammarskjold Plaza; Mary O'Connor Playground; Tudor Grove Playground; MacArthur Playground" }, "geometry": { "type": "Polygon", "coordinates": [ [ [ -73.96886903124043, 40.747607718405021 ], [ -73.970034701988681, 40.74811231829414 ], [ -73.970582722019671, 40.748354046477353 ], [ -73.971380278791088, 40.749009783496192 ], [ -73.969977196494952, 40.752628554189485 ], [ -73.969781576240223, 40.752893898265086 ], [ -73.965139505774189, 40.752470377646489 ], [ -73.964972462569818, 40.752400679157539 ], [ -73.96495221783843, 40.75239045856312 ], [ -73.964934514392411, 40.752377800169192 ], [ -73.964919854121277, 40.752363063431652 ], [ -73.964908651255456, 40.75234666631242 ], [ -73.964901222900593, 40.752329071769111 ], [ -73.964897779569185, 40.75231077874674 ], [ -73.964898420452954, 40.752292305967259 ], [ -73.964903126326476, 40.752274176618563 ], [ -73.964911763107338, 40.752256904848039 ], [ -73.96492705722271, 40.752234988494415 ], [ -73.96886903124043, 40.747607718405021 ] ] ] } },
{ "type": "Feature", "properties": { "group_id": "N1rel-046", "n_parks": 7, "extent_km": 0.554, "max_walk_m": 402.4, "park_area_acres": 18.37, "hull_area_acres": 40.64, "boroughs": "X", "members": "Walter Gladwin Park; Park; Park; Park; Admiral Farragut Playground; Prospect Playground; Fairmount Playground" }, "geometry": { "type": "Polygon", "coordinates": [ [ [ -73.889207222697337, 40.842460033981958 ], [ -73.891515023293366, 40.842488612954149 ], [ -73.89380757357435, 40.843165594156993 ], [ -73.897208432982708, 40.844263456863686 ], [ -73.896093442444837, 40.846507890372393 ], [ -73.893893643000794, 40.846320166630768 ], [ -73.893812098629638, 40.846312153749061 ], [ -73.893730557660248, 40.846302023753971 ], [ -73.893654599034804, 40.84628925229908 ], [ -73.893493124007335, 40.846258625236487 ], [ -73.893412692205345, 40.846240899482282 ], [ -73.893318433497683, 40.846218926767364 ], [ -73.893153209309503, 40.846171275543782 ], [ -73.889058090763584, 40.842633495893573 ], [ -73.889207222697337, 40.842460033981958 ] ] ] } },
{ "type": "Feature", "properties": { "group_id": "N1rel-047", "n_parks": 7, "extent_km": 0.663, "max_walk_m": 767.5, "park_area_acres": 2.1, "hull_area_acres": 58.24, "boroughs": "X", "members": "Crotona Parkway Malls (2/3); Park; Park; Park; Park; Seabury Playground; Miracle Garden" }, "geometry": { "type": "Polygon", "coordinates": [ [ [ -73.887795175439535, 40.836288885323007 ], [ -73.887882907548004, 40.836318103439616 ], [ -73.888101711483927, 40.836469190184985 ], [ -73.889219137949524, 40.842449572685972 ], [ -73.889207399359066, 40.842460043156592 ], [ -73.885412819414299, 40.84311156840198 ], [ -73.885406095017387, 40.843112218181481 ], [ -73.885404038463733, 40.843112274174011 ], [ -73.88537442745212, 40.843107854228428 ], [ -73.885371648296157, 40.843106886351222 ], [ -73.885366882747888, 40.843104802375741 ], [ -73.885361536451455, 40.843101870458497 ], [ -73.885355800507114, 40.843097979128103 ], [ -73.885352097947901, 40.843094891257721 ], [ -73.88534878592651, 40.843091558841181 ], [ -73.88534583707731, 40.843088035880903 ], [ -73.88534332610628, 40.843084320650192 ], [ -73.8832005050552, 40.839402689893923 ], [ -73.883342023510011, 40.839270406448463 ], [ -73.887795175439535, 40.836288885323007 ] ] ] } },
{ "type": "Feature", "properties": { "group_id": "N1rel-048", "n_parks": 7, "extent_km": 0.779, "max_walk_m": 756.3, "park_area_acres": 3.16, "hull_area_acres": 21.2, "boroughs": "X", "members": "Hugh J. Grant Circle; Park; St. Lawrence Triangle; Wood Park; Park; Virginia Playground; Virginia Park" }, "geometry": { "type": "Polygon", "coordinates": [ [ [ -73.860970428472527, 40.832763657769249 ], [ -73.861037866423914, 40.83276941576959 ], [ -73.861104400881175, 40.832780897992528 ], [ -73.862579536046539, 40.833136071752904 ], [ -73.869847809544723, 40.835496463096462 ], [ -73.869844786521753, 40.835565385366309 ], [ -73.865144307076918, 40.835260420991141 ], [ -73.861930260025005, 40.83443550794015 ], [ -73.860567978110211, 40.83337555743163 ], [ -73.860547526569746, 40.833359205822461 ], [ -73.860511136863167, 40.833322636822281 ], [ -73.860482396154978, 40.833282329201921 ], [ -73.860461959333165, 40.833239197762239 ], [ -73.860450291447478, 40.833194223709839 ], [ -73.86044765472424, 40.833148428526407 ], [ -73.860451395306498, 40.833096962535109 ], [ -73.860464264271386, 40.833046353153058 ], [ -73.860486023717542, 40.832997530301391 ], [ -73.860516275763288, 40.832951390387322 ], [ -73.860554463765794, 40.832908780997904 ], [ -73.860599886581412, 40.832870485609455 ], [ -73.86065170927256, 40.832837206491646 ], [ -73.860708980910218, 40.832809555724779 ], [ -73.86077065001642, 40.832788040811479 ], [ -73.86083558117852, 40.832773056592579 ], [ -73.860902584700611, 40.832764878980377 ], [ -73.860970428472527, 40.832763657769249 ] ] ] } },
{ "type": "Feature", "properties": { "group_id": "N1rel-049", "n_parks": 7, "extent_km": 0.66, "max_walk_m": 619.3, "park_area_acres": 60.72, "hull_area_acres": 126.07, "boroughs": "X", "members": "Macombs Dam Park; Rev. T. Wendell Foster Park and Recreation Center; Jerome Slope; Taqwa Community Farm; Sweetgum Community Garden; La Isla Garden; Woodycrest Community Garden" }, "geometry": { "type": "Polygon", "coordinates": [ [ [ -73.927232232047572, 40.825846975780472 ], [ -73.928025526616281, 40.826112240075766 ], [ -73.928162085309154, 40.826163061852682 ], [ -73.929549744531329, 40.826687673202088 ], [ -73.93052788220804, 40.827067551722415 ], [ -73.930568492683051, 40.827084976454493 ], [ -73.932012732180795, 40.82837733101848 ], [ -73.932125498551201, 40.828529157910182 ], [ -73.932211022500184, 40.828644933559474 ], [ -73.932262408093976, 40.828719570683369 ], [ -73.932293293438846, 40.828769136768699 ], [ -73.932331152460023, 40.828829894689932 ], [ -73.932351433172002, 40.828865820137935 ], [ -73.932403453331531, 40.828957971299076 ], [ -73.932451303036814, 40.829054761144661 ], [ -73.932505459393354, 40.829175340338786 ], [ -73.932561090365411, 40.829322010412561 ], [ -73.932587502037975, 40.829392668796153 ], [ -73.932625398028577, 40.829521731890402 ], [ -73.932656955526156, 40.829642250072339 ], [ -73.932678498978362, 40.829740538179792 ], [ -73.932695672530713, 40.829833079473417 ], [ -73.932714176496461, 40.829973484650935 ], [ -73.932720890732696, 40.830036214349747 ], [ -73.932726654201545, 40.830136450010237 ], [ -73.932728245058527, 40.830258522039152 ], [ -73.93272701844954, 40.830364810347319 ], [ -73.932721804324885, 40.830441158472247 ], [ -73.932701730972866, 40.830635573522983 ], [ -73.932693334816591, 40.830700189939513 ], [ -73.932684868896729, 40.830742344369078 ], [ -73.932668304022073, 40.830824825435066 ], [ -73.932639812071727, 40.830949909148487 ], [ -73.932601310972444, 40.831118932953203 ], [ -73.9325752548596, 40.83119743547023 ], [ -73.932546883773526, 40.831275473772102 ], [ -73.930639486260119, 40.833256782354887 ], [ -73.923978479858732, 40.834808373731732 ], [ -73.923313982636628, 40.834587651275733 ], [ -73.922401364238382, 40.834105176368162 ], [ -73.923662116514407, 40.831932535262155 ], [ -73.925897913929333, 40.828094837218025 ], [ -73.927232232047572, 40.825846975780472 ] ] ] } },
{ "type": "Feature", "properties": { "group_id": "N1rel-050", "n_parks": 6, "extent_km": 0.84, "max_walk_m": 699.6, "park_area_acres": 17.37, "hull_area_acres": 75.01, "boroughs": "B", "members": "Greenpoint Playground; Newtown Barge Playground; WNYC Transmitter Park; Java Street Community Garden; Greenpoint Public Park; Greenpoint Landing" }, "geometry": { "type": "Polygon", "coordinates": [ [ [ -73.963493388121179, 40.729203941043799 ], [ -73.963569604087738, 40.729944510158361 ], [ -73.963586512936502, 40.730108811494468 ], [ -73.963599993701735, 40.732102161422802 ], [ -73.962792944750461, 40.735224767500455 ], [ -73.961201443083922, 40.736578087412909 ], [ -73.960639146297964, 40.73694762976973 ], [ -73.958623984286817, 40.737882701237119 ], [ -73.958515165066899, 40.737766124696194 ], [ -73.958740774454483, 40.731289567367384 ], [ -73.960280998082695, 40.729514994982395 ], [ -73.96221369036806, 40.729327864150918 ], [ -73.963493388121179, 40.729203941043799 ] ] ] } },
{ "type": "Feature", "properties": { "group_id": "N1rel-051", "n_parks": 6, "extent_km": 1.171, "max_walk_m": 320.0, "park_area_acres": 21.01, "hull_area_acres": 89.24, "boroughs": "B", "members": "Leif Ericson Park; Shore Park and Parkway (1/10); John Allen Payne Playground; 64th Street Community Garden; Park; Park" }, "geometry": { "type": "Polygon", "coordinates": [ [ [ -74.010736895341424, 40.629780470202597 ], [ -74.024906833461458, 40.637804246343684 ], [ -74.026132885557175, 40.639054245400729 ], [ -74.02598229731521, 40.639194298886856 ], [ -74.025613262887461, 40.639537513282214 ], [ -74.024377822628722, 40.640310333826285 ], [ -74.023891782174715, 40.640370980398316 ], [ -74.02144806523205, 40.639799113279807 ], [ -74.021444637517092, 40.639797047228953 ], [ -74.010217907148174, 40.630129759675917 ], [ -74.010736895341424, 40.629780470202597 ] ] ] } },
{ "type": "Feature", "properties": { "group_id": "N1rel-052", "n_parks": 6, "extent_km": 0.676, "max_walk_m": 594.1, "park_area_acres": 2.7, "hull_area_acres": 45.17, "boroughs": "B", "members": "Lion's Pride Playground; Success Garden; Georgia Ave Garden; Prophecy Garden; Hands and Heart Garden; Positive Seeds of Life Garden" }, "geometry": { "type": "Polygon", "coordinates": [ [ [ -73.895166450683973, 40.659040171106419 ], [ -73.899376115804031, 40.661162068443019 ], [ -73.900020529654526, 40.662375817507488 ], [ -73.900180170254487, 40.6630199580283 ], [ -73.897895727744114, 40.665126444366905 ], [ -73.897524697422085, 40.665180674046084 ], [ -73.897033816718277, 40.66469344256565 ], [ -73.894332152253412, 40.660922189145431 ], [ -73.89485957920877, 40.659177247811044 ], [ -73.895166450683973, 40.659040171106419 ] ] ] } },
{ "type": "Feature", "properties": { "group_id": "N1rel-053", "n_parks": 6, "extent_km": 0.486, "max_walk_m": 492.3, "park_area_acres": 3.57, "hull_area_acres": 18.52, "boroughs": "B", "members": "Sperandeo Brothers Playground; PS 4K PARADISE GARDEN; Floral Vineyard; Gregory's Garden; Cleveland Street Vegetable Garden; Ashford Street Abundant Garden" }, "geometry": { "type": "Polygon", "coordinates": [ [ [ -73.886088477862742, 40.672532428745974 ], [ -73.886105258277965, 40.672597629203594 ], [ -73.886124195909829, 40.672671212894933 ], [ -73.885098927540284, 40.677436237471596 ], [ -73.884536230459659, 40.677820893935362 ], [ -73.883739494414257, 40.678048737888787 ], [ -73.883638159206782, 40.677652802212329 ], [ -73.883882892606181, 40.674134192967799 ], [ -73.884325169086566, 40.673705065440053 ], [ -73.885730250139801, 40.672585548840509 ], [ -73.886088477862742, 40.672532428745974 ] ] ] } },
{ "type": "Feature", "properties": { "group_id": "N1rel-054", "n_parks": 6, "extent_km": 0.506, "max_walk_m": 541.8, "park_area_acres": 0.78, "hull_area_acres": 17.93, "boroughs": "B", "members": "Howard Malls; Fantasy Garden; Howard Av Block Association; Isabahlia Community Garden; Brownsville Community Farm; Saratoga Blake Garden" }, "geometry": { "type": "Polygon", "coordinates": [ [ [ -73.919593899558336, 40.663502965518163 ], [ -73.919873335913934, 40.663735453228412 ], [ -73.919961260589389, 40.664033829425208 ], [ -73.916417534152941, 40.665847555270709 ], [ -73.916068099673438, 40.665900168363059 ], [ -73.913732587893463, 40.66428624887245 ], [ -73.913697278746568, 40.664149717597049 ], [ -73.914080455542376, 40.664093477208901 ], [ -73.919593899558336, 40.663502965518163 ] ] ] } },
{ "type": "Feature", "properties": { "group_id": "N1rel-055", "n_parks": 6, "extent_km": 0.331, "max_walk_m": 427.4, "park_area_acres": 0.31, "hull_area_acres": 12.28, "boroughs": "B", "members": "Dan Ross Playground; Park; Park; Park; Park; Tom McDonald Triangle" }, "geometry": { "type": "Polygon", "coordinates": [ [ [ -74.022698965151463, 40.619546636716763 ], [ -74.023567859449699, 40.620063288592966 ], [ -74.023570681017176, 40.620065019715369 ], [ -74.022605785013738, 40.622004763317626 ], [ -74.021646087778052, 40.622903066586737 ], [ -74.021355317637472, 40.623096524789581 ], [ -74.021264589496369, 40.623045817105897 ], [ -74.020137412584134, 40.622343540454786 ], [ -74.022698965151463, 40.619546636716763 ] ] ] } },
{ "type": "Feature", "properties": { "group_id": "N1rel-056", "n_parks": 6, "extent_km": 0.556, "max_walk_m": 653.5, "park_area_acres": 3.59, "hull_area_acres": 48.93, "boroughs": "B", "members": "Raymond Bush Playground; Hattie Carthan Playground; First Quincy St Block Association; Shiloh Garden; The Feeding Tree; Hattie Carthan Herban Farm" }, "geometry": { "type": "Polygon", "coordinates": [ [ [ -73.946556854463282, 40.685273803253857 ], [ -73.946611203812751, 40.685550557307479 ], [ -73.946631586727989, 40.685832240299412 ], [ -73.943711382997293, 40.690382360859857 ], [ -73.943708621496853, 40.69038268099235 ], [ -73.943640085637398, 40.690390625095766 ], [ -73.943562782525902, 40.690399585140689 ], [ -73.943497490865269, 40.690407152534497 ], [ -73.938903859504379, 40.686718526892747 ], [ -73.93879492875358, 40.686171473483135 ], [ -73.945630339342685, 40.685380379990363 ], [ -73.946556854463282, 40.685273803253857 ] ] ] } },
{ "type": "Feature", "properties": { "group_id": "N1rel-057", "n_parks": 6, "extent_km": 0.427, "max_walk_m": 298.8, "park_area_acres": 3.93, "hull_area_acres": 17.29, "boroughs": "B", "members": "Purple Playground; Park; Park; Detective Joseph Mayrose Park; Butterfly Gardens; Slope Park Playground" }, "geometry": { "type": "Polygon", "coordinates": [ [ [ -73.986267272702918, 40.659863692896586 ], [ -73.989582034389443, 40.660957738815512 ], [ -73.989890115177658, 40.66114434429479 ], [ -73.990692392067402, 40.663801936271732 ], [ -73.990656512713514, 40.663835971070284 ], [ -73.989553160837062, 40.663433509352515 ], [ -73.988497795546934, 40.662796018821034 ], [ -73.987574737162504, 40.661897746110498 ], [ -73.986040569288221, 40.66008162392054 ], [ -73.986267272702918, 40.659863692896586 ] ] ] } },
{ "type": "Feature", "properties": { "group_id": "N1rel-058", "n_parks": 6, "extent_km": 0.655, "max_walk_m": 556.0, "park_area_acres": 5.06, "hull_area_acres": 68.06, "boroughs": "M", "members": "Allen Street Malls (1/3); Allen Street Malls (3/3); Schiff Mall; Seward Park; Captain Jacob Joseph Playground; Straus Square" }, "geometry": { "type": "Polygon", "coordinates": [ [ [ -73.989944009731403, 40.713468163922357 ], [ -73.992645483559428, 40.713926989186341 ], [ -73.992652669367033, 40.713928676301315 ], [ -73.992661540224205, 40.713932213171645 ], [ -73.992662611190269, 40.713932839995216 ], [ -73.992667496215219, 40.713935703029186 ], [ -73.992671001320133, 40.71393857678121 ], [ -73.992672610686284, 40.713939897932498 ], [ -73.992673810574914, 40.713941209152111 ], [ -73.992676431633541, 40.71394407384259 ], [ -73.992679076239639, 40.713948049764475 ], [ -73.99268168274898, 40.713954086051714 ], [ -73.99392215258861, 40.720272371911854 ], [ -73.993922548721756, 40.720276375598857 ], [ -73.993921541085811, 40.720280894303279 ], [ -73.99391841839379, 40.720285456120465 ], [ -73.993913397308276, 40.720289311837568 ], [ -73.993906584421012, 40.720291696927397 ], [ -73.993899501837149, 40.720292339516234 ], [ -73.993894310734831, 40.720291611629214 ], [ -73.990159581812108, 40.71972948451311 ], [ -73.99007730677036, 40.719705614550868 ], [ -73.988309422373746, 40.718598840230598 ], [ -73.988304217917189, 40.718594377675487 ], [ -73.988301624348338, 40.718590013541004 ], [ -73.988300817898121, 40.718585862108426 ], [ -73.988247062745089, 40.715026634535072 ], [ -73.988365460975089, 40.714781594284283 ], [ -73.988619663306139, 40.714279809380834 ], [ -73.989660200215567, 40.713492505695164 ], [ -73.989944009731403, 40.713468163922357 ] ] ] } },
{ "type": "Feature", "properties": { "group_id": "N1rel-059", "n_parks": 6, "extent_km": 0.378, "max_walk_m": 240.7, "park_area_acres": 9.71, "hull_area_acres": 64.19, "boroughs": "M", "members": "Allen Street Malls (2/3); Sara D. Roosevelt Park; Peretz Square; First Park; Liz Christy Garden; First Street Garden" }, "geometry": { "type": "Polygon", "coordinates": [ [ [ -73.994351957989764, 40.71574525105968 ], [ -73.994773721224078, 40.715872760714227 ], [ -73.992346281034642, 40.724236265605612 ], [ -73.992298747901543, 40.724371435170703 ], [ -73.989570435917756, 40.724158833462141 ], [ -73.989497200333048, 40.724127980762105 ], [ -73.987396913119966, 40.722738332779791 ], [ -73.99007730677036, 40.719705614550868 ], [ -73.994351957989764, 40.71574525105968 ] ] ] } },
{ "type": "Feature", "properties": { "group_id": "N1rel-060", "n_parks": 6, "extent_km": 0.622, "max_walk_m": 368.7, "park_area_acres": 7.81, "hull_area_acres": 38.83, "boroughs": "M", "members": "Dante Park; Richard Tucker Park; Broadway Malls (2/11); Broadway Malls (5/11); Damrosch Park; Lincoln Center Plaza" }, "geometry": { "type": "Polygon", "coordinates": [ [ [ -73.982084233896515, 40.76852780999517 ], [ -73.98209305430747, 40.768528075213858 ], [ -73.982098466939505, 40.768528941438923 ], [ -73.982104772326807, 40.76853095504385 ], [ -73.982109275014849, 40.768532933248878 ], [ -73.982113920767475, 40.768535850701149 ], [ -73.982117931531604, 40.768539259729636 ], [ -73.986010670841424, 40.772325875033566 ], [ -73.985618724916748, 40.772842321077569 ], [ -73.982169527557033, 40.776229289803126 ], [ -73.982164438819694, 40.776233036907009 ], [ -73.982162314607407, 40.776234066753076 ], [ -73.982158649068154, 40.776235841076002 ], [ -73.982151535255895, 40.776237560834602 ], [ -73.982144502405788, 40.776237745248579 ], [ -73.982138890152385, 40.776236827667248 ], [ -73.982132701210318, 40.776235174285695 ], [ -73.982126187955586, 40.776232553713811 ], [ -73.982124637585756, 40.776231681786868 ], [ -73.982120258886766, 40.776229219133697 ], [ -73.982120020835069, 40.776229043498759 ], [ -73.982116155165542, 40.776226172096912 ], [ -73.982112392774866, 40.776222478552135 ], [ -73.982108460185543, 40.776217373893402 ], [ -73.982108234050799, 40.776216933512565 ], [ -73.982106279349281, 40.776213117779939 ], [ -73.982105718384801, 40.776211174408424 ], [ -73.982104410651942, 40.776206641976209 ], [ -73.981783159603395, 40.773596154121691 ], [ -73.982042619977577, 40.768646427748301 ], [ -73.982048825973962, 40.768555820049677 ], [ -73.982049929057169, 40.768550036287266 ], [ -73.982053310056159, 40.768543331664596 ], [ -73.982058256587763, 40.76853769978527 ], [ -73.982063907406143, 40.768533742051552 ], [ -73.982074977107217, 40.768529426760239 ], [ -73.982084233896515, 40.76852780999517 ] ] ] } },
{ "type": "Feature", "properties": { "group_id": "N1rel-061", "n_parks": 6, "extent_km": 0.505, "max_walk_m": 454.6, "park_area_acres": 5.8, "hull_area_acres": 29.42, "boroughs": "M", "members": "Hamilton Fish Park; ABC Playground; Nathan Straus Playground; Clinton Community Garden (LES); Children's Magical Garden; Siempre Verde Garden" }, "geometry": { "type": "Polygon", "coordinates": [ [ [ -73.984118468640077, 40.718850534289466 ], [ -73.984374898646735, 40.718928914636038 ], [ -73.986680019105791, 40.720683007483565 ], [ -73.986388732902171, 40.721779609482184 ], [ -73.986257553479632, 40.722035316084771 ], [ -73.979745637408683, 40.720062664557339 ], [ -73.980344597608521, 40.718914670598217 ], [ -73.984118468640077, 40.718850534289466 ] ] ] } },
{ "type": "Feature", "properties": { "group_id": "N1rel-062", "n_parks": 6, "extent_km": 0.391, "max_walk_m": 372.5, "park_area_acres": 1.96, "hull_area_acres": 18.49, "boroughs": "M", "members": "Hancock Park; Roosevelt Triangle; Playground One Twenty Five CXXV; William B. Washington Memorial Garden; CEP Community Garden; St. Nicholas Miracle Garden" }, "geometry": { "type": "Polygon", "coordinates": [ [ [ -73.953191233744093, 40.809404324348222 ], [ -73.953404641946094, 40.809494536232407 ], [ -73.95569146788938, 40.810463475682937 ], [ -73.956570029971616, 40.811154479126508 ], [ -73.956396508702653, 40.811392555636935 ], [ -73.951547451152237, 40.811754889045957 ], [ -73.951276560403727, 40.81164073496543 ], [ -73.950735520245942, 40.811037515599558 ], [ -73.950783094506818, 40.810972466853862 ], [ -73.953191233744093, 40.809404324348222 ] ] ] } },
{ "type": "Feature", "properties": { "group_id": "N1rel-063", "n_parks": 6, "extent_km": 0.502, "max_walk_m": 598.8, "park_area_acres": 1.85, "hull_area_acres": 42.7, "boroughs": "M", "members": "Adam Clayton Powell Jr. Malls (2/9); Adam Clayton Powell Jr. Malls (7/9); William McCray Playground; Fred Samuel Playground; Abyssinian Tot Lot; Elizabeth Langley Memorial Garden" }, "geometry": { "type": "Polygon", "coordinates": [ [ [ -73.937508305133335, 40.815294723555049 ], [ -73.943276083759415, 40.815859082098108 ], [ -73.943307321904527, 40.815872261132476 ], [ -73.942711893021766, 40.816690028028297 ], [ -73.942255047958184, 40.817316184873832 ], [ -73.941343458110779, 40.818564915449443 ], [ -73.9395272934308, 40.821049853650379 ], [ -73.93939755272568, 40.821225191408971 ], [ -73.939320779027142, 40.821328630663174 ], [ -73.939181782756293, 40.821515899378298 ], [ -73.939174771580198, 40.821519425625461 ], [ -73.939170586393473, 40.821519970645745 ], [ -73.939150160726612, 40.821511359157007 ], [ -73.939149009433237, 40.82150941832586 ], [ -73.937329492811543, 40.815534491028437 ], [ -73.937508305133335, 40.815294723555049 ] ] ] } },
{ "type": "Feature", "properties": { "group_id": "N1rel-064", "n_parks": 6, "extent_km": 0.681, "max_walk_m": 706.7, "park_area_acres": 8.77, "hull_area_acres": 85.14, "boroughs": "M", "members": "Park; East River Esplanade (2/8); Marx Brothers Playground; Stanley Isaacs Playground; Asphalt Green; Ruppert Park" }, "geometry": { "type": "Polygon", "coordinates": [ [ [ -73.942994893981137, 40.777634012232561 ], [ -73.950644522096198, 40.780850693852237 ], [ -73.95028751171013, 40.781346813329868 ], [ -73.946495882564477, 40.784790144893314 ], [ -73.942149391986277, 40.784162011429515 ], [ -73.942075676801196, 40.78411079471536 ], [ -73.942994893981137, 40.777634012232561 ] ] ] } },
{ "type": "Feature", "properties": { "group_id": "N1rel-065", "n_parks": 6, "extent_km": 0.414, "max_walk_m": 468.8, "park_area_acres": 1.42, "hull_area_acres": 23.18, "boroughs": "M", "members": "James Weldon Johnson Playground; 117th St Community Garden; Peaceful Valley Garden; La Cuevita Garden; El Gallo Garden; Lydia's Magic Garden (El Girasol Magic Garden)" }, "geometry": { "type": "Polygon", "coordinates": [ [ [ -73.941173598467799, 40.79667202043187 ], [ -73.941538622838067, 40.796794450798338 ], [ -73.942118777253654, 40.797038913204794 ], [ -73.942465470006795, 40.79725404237297 ], [ -73.944422541468029, 40.799008495982001 ], [ -73.944324778611943, 40.800484686970172 ], [ -73.944280098502958, 40.800546457641744 ], [ -73.942306504110547, 40.800202631556466 ], [ -73.940600974728582, 40.799818249847455 ], [ -73.94038699642141, 40.79972792015208 ], [ -73.940438237382921, 40.798925763702961 ], [ -73.941127603031063, 40.796734771692968 ], [ -73.941173598467799, 40.79667202043187 ] ] ] } },
{ "type": "Feature", "properties": { "group_id": "N1rel-066", "n_parks": 6, "extent_km": 0.3, "max_walk_m": 282.3, "park_area_acres": 1.8, "hull_area_acres": 13.78, "boroughs": "M", "members": "Harlem Art Park; Eugene McCabe Field; Dr. Ronald E. McNair Playground; Life Spire Garden; Jackie Robinson Community Garden; Carolina Garden" }, "geometry": { "type": "Polygon", "coordinates": [ [ [ -73.938650040588385, 40.80081340632438 ], [ -73.93888743401736, 40.800913467130329 ], [ -73.939127043279356, 40.801014461532731 ], [ -73.942064313344062, 40.802271769864461 ], [ -73.941725239378584, 40.802729183920782 ], [ -73.939724779925271, 40.803223860150716 ], [ -73.9381060532193, 40.802876200443258 ], [ -73.938030261393081, 40.802844220826657 ], [ -73.937785939803632, 40.802741129774269 ], [ -73.937781227488529, 40.802614972722864 ], [ -73.938470033712619, 40.801057469047834 ], [ -73.938650040588385, 40.80081340632438 ] ] ] } },
{ "type": "Feature", "properties": { "group_id": "N1rel-067", "n_parks": 6, "extent_km": 0.868, "max_walk_m": 793.0, "park_area_acres": 5.94, "hull_area_acres": 56.59, "boroughs": "Q", "members": "Lawrence Virgilio Playground; Doughboy Park; Sabba Park; Sohncke Square; Steinmann Triangle; John Vincent Daniels Jr. Square" }, "geometry": { "type": "Polygon", "coordinates": [ [ [ -73.915102773602712, 40.742728651550713 ], [ -73.915761243397384, 40.742735004556764 ], [ -73.91603307143167, 40.742765925663932 ], [ -73.916285487045457, 40.742796046778288 ], [ -73.916494730854154, 40.742821015761059 ], [ -73.916484913716957, 40.742855638551283 ], [ -73.911856052118523, 40.747914283822581 ], [ -73.910000203445378, 40.747710245446463 ], [ -73.906101440804619, 40.745487060196012 ], [ -73.906099096669578, 40.745473452523676 ], [ -73.915098403542387, 40.742729583956397 ], [ -73.915102773602712, 40.742728651550713 ] ] ] } },
{ "type": "Feature", "properties": { "group_id": "N1rel-068", "n_parks": 6, "extent_km": 0.41, "max_walk_m": 289.7, "park_area_acres": 4.04, "hull_area_acres": 10.5, "boroughs": "Q", "members": "Triborough Bridge Playground B; Triborough Bridge Playground C; Triborough Bridge Playground D; Triborough Bridge Playground E; Sitting Area; Chappetto Square" }, "geometry": { "type": "Polygon", "coordinates": [ [ [ -73.9207354517726, 40.772712791450402 ], [ -73.923715887296112, 40.774634430121871 ], [ -73.92354760509636, 40.776575238254594 ], [ -73.922600566486778, 40.775903097464131 ], [ -73.920482177903722, 40.772919902899361 ], [ -73.9207354517726, 40.772712791450402 ] ] ] } },
{ "type": "Feature", "properties": { "group_id": "N1rel-069", "n_parks": 6, "extent_km": 0.783, "max_walk_m": 689.2, "park_area_acres": 7.96, "hull_area_acres": 62.44, "boroughs": "Q", "members": "Federalist Triangle; Frank Principe Park; Hull Triangle; Technical Sergeant Thomas J. Davey Triangle; Whitefish Triangle; Park" }, "geometry": { "type": "Polygon", "coordinates": [ [ [ -73.898913049787907, 40.725012556452221 ], [ -73.901710256935445, 40.725232172185677 ], [ -73.905446280825814, 40.727168248033109 ], [ -73.905601063729932, 40.727249344332229 ], [ -73.906544326168699, 40.727743629809247 ], [ -73.906194397212886, 40.728012294966682 ], [ -73.905598953018341, 40.72846945073514 ], [ -73.895769469463303, 40.729185410769972 ], [ -73.89576166921205, 40.72918580443563 ], [ -73.895753893025145, 40.729185192253738 ], [ -73.895746363418297, 40.729183591535424 ], [ -73.895739296944612, 40.729181047502273 ], [ -73.895732895908736, 40.72917763327883 ], [ -73.895727342452361, 40.729173447185609 ], [ -73.895722797377204, 40.729168608235646 ], [ -73.895717680254862, 40.729103449056367 ], [ -73.898688043971674, 40.725127801333109 ], [ -73.898913049787907, 40.725012556452221 ] ] ] } },
{ "type": "Feature", "properties": { "group_id": "N1rel-070", "n_parks": 6, "extent_km": 0.572, "max_walk_m": 481.3, "park_area_acres": 1.7, "hull_area_acres": 15.04, "boroughs": "Q", "members": "Peter Chahales Park; Frontera Park; Sitting Area 127 CXXVII; Sitting Area; Park; Park" }, "geometry": { "type": "Polygon", "coordinates": [ [ [ -73.895709690412744, 40.724173193462235 ], [ -73.895738737317146, 40.724281249431975 ], [ -73.89594012416643, 40.725030409921544 ], [ -73.890981423230997, 40.72635283530515 ], [ -73.890900540096879, 40.72637351544315 ], [ -73.890733835634677, 40.726416137879653 ], [ -73.890509409050622, 40.726473516783415 ], [ -73.888926320446942, 40.726381733442715 ], [ -73.888929773660649, 40.726250105672683 ], [ -73.889737465106563, 40.725662723051371 ], [ -73.892255981892603, 40.724924251615093 ], [ -73.895709690412744, 40.724173193462235 ] ] ] } },
{ "type": "Feature", "properties": { "group_id": "N1rel-071", "n_parks": 6, "extent_km": 0.753, "max_walk_m": 582.2, "park_area_acres": 21.27, "hull_area_acres": 120.46, "boroughs": "X", "members": "Aqueduct Walk; Aqueduct Walk (3/5); Devoe Park; Muller Triangle; St. James Park; Davidson Ave. Community Gardeners Group" }, "geometry": { "type": "Polygon", "coordinates": [ [ [ -73.906094821806605, 40.860254575901386 ], [ -73.906279280557413, 40.860349026298337 ], [ -73.90875728332098, 40.862951790081439 ], [ -73.908773326272296, 40.862972014267491 ], [ -73.908780988594799, 40.862990168803115 ], [ -73.90878347042721, 40.863005388147513 ], [ -73.908782504550146, 40.86302122880582 ], [ -73.908777431056308, 40.863037999124415 ], [ -73.908770287049336, 40.863050981244768 ], [ -73.908752287759086, 40.863070822818464 ], [ -73.90868643483465, 40.863123234174573 ], [ -73.908604839590623, 40.863180840558329 ], [ -73.908516237197063, 40.863233700248109 ], [ -73.900109187835355, 40.867924380877106 ], [ -73.899970812841161, 40.867890851048237 ], [ -73.896112324812094, 40.865804078805631 ], [ -73.898062159555963, 40.862460152433286 ], [ -73.898065471114336, 40.86245631927023 ], [ -73.89806833078346, 40.862454021944366 ], [ -73.898076660739306, 40.8624509784418 ], [ -73.906094821806605, 40.860254575901386 ] ] ] } },
{ "type": "Feature", "properties": { "group_id": "N1rel-072", "n_parks": 6, "extent_km": 0.92, "max_walk_m": 789.4, "park_area_acres": 3.78, "hull_area_acres": 44.98, "boroughs": "X", "members": "Aqueduct Walk (1/5); Aqueduct Walk (5/5); Grand Playground; Davidson Playground; Jardin De Las Rosas; Leave it Better Kids' Garden" }, "geometry": { "type": "Polygon", "coordinates": [ [ [ -73.910580134355214, 40.852070833425167 ], [ -73.910587166263454, 40.852071289121426 ], [ -73.910594120471984, 40.85207220220687 ], [ -73.910600947182033, 40.852073565439007 ], [ -73.910607594226335, 40.852075368872029 ], [ -73.910614010627469, 40.852077599859555 ], [ -73.910620152530612, 40.852080240357822 ], [ -73.910625972523121, 40.852083272320321 ], [ -73.9106314279434, 40.85208667230129 ], [ -73.910636479688748, 40.852090415957136 ], [ -73.910641087476463, 40.852094474441039 ], [ -73.910645218138299, 40.852098819812035 ], [ -73.910648845629808, 40.85210341783143 ], [ -73.910651936789975, 40.852108235155278 ], [ -73.910654471503989, 40.852113237549446 ], [ -73.910656432036035, 40.852118385378496 ], [ -73.910657801831562, 40.852123642610053 ], [ -73.910658599231951, 40.852130363598008 ], [ -73.910659130728959, 40.852156699793056 ], [ -73.910658644592871, 40.852184883909651 ], [ -73.910655913444614, 40.852227235525788 ], [ -73.910396805425165, 40.855366129734641 ], [ -73.909939917055837, 40.856228979854279 ], [ -73.909840137591914, 40.856384112379196 ], [ -73.909836946475053, 40.856389060785695 ], [ -73.909833747060617, 40.856394005583653 ], [ -73.909830536975406, 40.856398947671693 ], [ -73.909827317409039, 40.856403884349326 ], [ -73.909824088357837, 40.856408818317924 ], [ -73.909820848637082, 40.856413748676118 ], [ -73.909817600618695, 40.856418675425807 ], [ -73.909814341930741, 40.856423598565101 ], [ -73.909811073760466, 40.856428517194416 ], [ -73.909807794920553, 40.856433432213322 ], [ -73.909804507783022, 40.856438343623687 ], [ -73.909801209974759, 40.856443252324134 ], [ -73.909797902685256, 40.856448155614125 ], [ -73.909794585910959, 40.856453056195122 ], [ -73.909791258467081, 40.856457953165702 ], [ -73.909787921540811, 40.856462845626375 ], [ -73.90978457631816, 40.856467733577915 ], [ -73.909781219238681, 40.856472618818664 ], [ -73.909777853861598, 40.856477500450829 ], [ -73.909774479002166, 40.856482377573052 ], [ -73.909771093474319, 40.856487250184358 ], [ -73.909767699647645, 40.856492120087587 ], [ -73.909764293965296, 40.856496986379469 ], [ -73.909760881173852, 40.85650184726277 ], [ -73.909757457711564, 40.856506705436139 ], [ -73.909754023580845, 40.856511559098578 ], [ -73.909750581151329, 40.856516410052976 ], [ -73.9097471292406, 40.856521255596896 ], [ -73.909743666660248, 40.85652609753037 ], [ -73.909740194596296, 40.856530935854387 ], [ -73.909736713049952, 40.856535769668419 ], [ -73.909733223205961, 40.856540599873853 ], [ -73.909729722693555, 40.856545425568427 ], [ -73.909726212696299, 40.856550248553937 ], [ -73.909722692031878, 40.856555066128074 ], [ -73.909719163068615, 40.856559880994126 ], [ -73.909715625810122, 40.856564690450639 ], [ -73.909712076696039, 40.856569496295783 ], [ -73.90970851928428, 40.856574298532387 ], [ -73.909704951204134, 40.856579096258038 ], [ -73.909701374826298, 40.85658389037512 ], [ -73.909697788966142, 40.856588679982231 ], [ -73.909694192437485, 40.856593465078397 ], [ -73.909690587611237, 40.85659824656598 ], [ -73.909686972115281, 40.856603024443189 ], [ -73.90968334832418, 40.856607796910779 ], [ -73.909679715049407, 40.856612565768899 ], [ -73.909676071106233, 40.856617330116066 ], [ -73.909672418862925, 40.856622092655641 ], [ -73.909668757140878, 40.856626847983726 ], [ -73.909665084747942, 40.856631600601915 ], [ -73.909661404058639, 40.856636348710985 ], [ -73.909657713885636, 40.856641093210598 ], [ -73.909654014230171, 40.856645833200155 ], [ -73.909650305093521, 40.856650567779205 ], [ -73.909646585285955, 40.856655299648331 ], [ -73.909642858369253, 40.856660026108862 ], [ -73.909639119596804, 40.856664748957954 ], [ -73.909635374899963, 40.856669467299852 ], [ -73.909631618347433, 40.856674182030368 ], [ -73.909605282161635, 40.856707169800529 ], [ -73.909318098711537, 40.857031183353484 ], [ -73.906279280557413, 40.860349026298337 ], [ -73.906094821806605, 40.860254575901386 ], [ -73.904673452347666, 40.858228071047101 ], [ -73.904827475596747, 40.857975878844478 ], [ -73.907675491020839, 40.85487400098728 ], [ -73.910562226213003, 40.852071362539419 ], [ -73.910568054219112, 40.852071077999696 ], [ -73.910575031307886, 40.852070850180901 ], [ -73.910580134355214, 40.852070833425167 ] ] ] } },
{ "type": "Feature", "properties": { "group_id": "N1rel-073", "n_parks": 6, "extent_km": 0.689, "max_walk_m": 719.2, "park_area_acres": 3.65, "hull_area_acres": 65.43, "boroughs": "X", "members": "Rev J Polite Playground; Tiffany Playground; Field Of Dreams Court; Freeman Garden; CS 134 Community Improvement Garden; Synergi Urban Garden UCFP" }, "geometry": { "type": "Polygon", "coordinates": [ [ [ -73.894373847816766, 40.824376564494294 ], [ -73.894714433507275, 40.824578090945536 ], [ -73.897993704218663, 40.82673734363496 ], [ -73.895232091247891, 40.831072339668644 ], [ -73.894854663911545, 40.83111113890488 ], [ -73.890971854200217, 40.829636412185835 ], [ -73.890973027735157, 40.829501922488781 ], [ -73.890976022583629, 40.829158838315166 ], [ -73.890977198900615, 40.829024087466237 ], [ -73.892084605504763, 40.826479884950636 ], [ -73.894026946676561, 40.824375505108435 ], [ -73.894373847816766, 40.824376564494294 ] ] ] } },
{ "type": "Feature", "properties": { "group_id": "N1rel-074", "n_parks": 5, "extent_km": 0.654, "max_walk_m": 578.1, "park_area_acres": 16.26, "hull_area_acres": 48.43, "boroughs": "B", "members": "Commodore Barry Park; Trinity Park; Arbor Place; Golconda Playground; Oxport Playground" }, "geometry": { "type": "Polygon", "coordinates": [ [ [ -73.980418734214595, 40.695883799397073 ], [ -73.980428634129183, 40.695885954206567 ], [ -73.98042871930997, 40.695885973131816 ], [ -73.980795222429037, 40.695994585359948 ], [ -73.980806630888509, 40.696000831417258 ], [ -73.984981577603833, 40.698537394852963 ], [ -73.986112920529195, 40.699812213727775 ], [ -73.986032512084961, 40.699810411978845 ], [ -73.983115351213158, 40.699680263506728 ], [ -73.975867585458843, 40.697947561648974 ], [ -73.975802782544022, 40.69762190385746 ], [ -73.976067542054281, 40.69711945257275 ], [ -73.977460174278335, 40.696464920676881 ], [ -73.980418734214595, 40.695883799397073 ] ] ] } },
{ "type": "Feature", "properties": { "group_id": "N1rel-075", "n_parks": 5, "extent_km": 0.754, "max_walk_m": 743.5, "park_area_acres": 15.7, "hull_area_acres": 126.96, "boroughs": "B", "members": "Eastern Parkway (10/10); Eastern Parkway (2/10); St. John's Park; Woods Playground; Neighborhood Community Garden" }, "geometry": { "type": "Polygon", "coordinates": [ [ [ -73.927139129678991, 40.668266415815289 ], [ -73.928228957130045, 40.668325841585251 ], [ -73.936235348279979, 40.668792620934518 ], [ -73.936110981980818, 40.673649773092151 ], [ -73.935958447161596, 40.675213196080598 ], [ -73.929383618910407, 40.674887514314044 ], [ -73.928386473367951, 40.674831739618149 ], [ -73.927084801380161, 40.66886659615713 ], [ -73.927088660273469, 40.668823966253811 ], [ -73.92712689934929, 40.668401528844811 ], [ -73.927139129678991, 40.668266415815289 ] ] ] } },
{ "type": "Feature", "properties": { "group_id": "N1rel-076", "n_parks": 5, "extent_km": 0.52, "max_walk_m": 538.7, "park_area_acres": 1.88, "hull_area_acres": 20.92, "boroughs": "B", "members": "Eastern Parkway Extension (4/6); Howard Playground; Howard Pool; Park; Park" }, "geometry": { "type": "Polygon", "coordinates": [ [ [ -73.908423552903471, 40.671450957743424 ], [ -73.914311077513062, 40.671560330630214 ], [ -73.914834362936389, 40.67158345090666 ], [ -73.914835823331728, 40.671583651001676 ], [ -73.914837217259517, 40.671584035653218 ], [ -73.91483850688671, 40.671584594027067 ], [ -73.914839653204538, 40.671585309885032 ], [ -73.914840625487741, 40.671586163393087 ], [ -73.914841394200835, 40.671587129314879 ], [ -73.914841936907749, 40.671588179717929 ], [ -73.914842239452867, 40.671589285775113 ], [ -73.914842292416964, 40.671590414160434 ], [ -73.914842093474874, 40.671591533354182 ], [ -73.914841649764185, 40.671592610943044 ], [ -73.914840974333856, 40.671593616319115 ], [ -73.91484008496252, 40.67159451977853 ], [ -73.91396488466674, 40.672254234755599 ], [ -73.910953963144749, 40.673298584052297 ], [ -73.908754630203958, 40.67305561104417 ], [ -73.907602730498965, 40.671992004895884 ], [ -73.907499744357054, 40.671591735647681 ], [ -73.908423552903471, 40.671450957743424 ] ] ] } },
{ "type": "Feature", "properties": { "group_id": "N1rel-077", "n_parks": 5, "extent_km": 0.517, "max_walk_m": 579.6, "park_area_acres": 5.07, "hull_area_acres": 44.61, "boroughs": "B", "members": "Fulton Park; Elizabeth Stroud Playground; Jackie Robinson Park Playground; El Shabazz Playground; Bed-Stuy Farm" }, "geometry": { "type": "Polygon", "coordinates": [ [ [ -73.930867492620663, 40.679478713816842 ], [ -73.931254371478275, 40.67949979793287 ], [ -73.934255888057365, 40.679665378220044 ], [ -73.934751553239934, 40.67969935312049 ], [ -73.931099286734977, 40.683120688284603 ], [ -73.931010162197779, 40.683130951175343 ], [ -73.929841911377636, 40.682990371528355 ], [ -73.926765811519516, 40.682125944912336 ], [ -73.926709475502832, 40.681843242964369 ], [ -73.926955191497882, 40.680367795384406 ], [ -73.927142508274059, 40.680008316139535 ], [ -73.930867492620663, 40.679478713816842 ] ] ] } },
{ "type": "Feature", "properties": { "group_id": "N1rel-078", "n_parks": 5, "extent_km": 0.431, "max_walk_m": 365.5, "park_area_acres": 5.4, "hull_area_acres": 24.77, "boroughs": "B", "members": "Sternberg Park; Lindsay Triangle; Harmony Triangle; De Hostos Playground; Project Roots" }, "geometry": { "type": "Polygon", "coordinates": [ [ [ -73.949360809676364, 40.702288891074481 ], [ -73.950388941632426, 40.703145107892844 ], [ -73.950400136175872, 40.703155188544599 ], [ -73.950510048326962, 40.703255214283715 ], [ -73.950527348161259, 40.703272272012093 ], [ -73.950530393566254, 40.703283898928973 ], [ -73.950527331481581, 40.703294747880129 ], [ -73.948070396759576, 40.706764788685852 ], [ -73.94661720301383, 40.706902446990341 ], [ -73.946417311273834, 40.705688962567521 ], [ -73.947800053026469, 40.702693382789668 ], [ -73.947868710067667, 40.702648904302414 ], [ -73.947936878082146, 40.702604742533019 ], [ -73.948003497516453, 40.702561584094319 ], [ -73.949360809676364, 40.702288891074481 ] ] ] } },
{ "type": "Feature", "properties": { "group_id": "N1rel-079", "n_parks": 5, "extent_km": 0.583, "max_walk_m": 775.8, "park_area_acres": 1.18, "hull_area_acres": 24.42, "boroughs": "B", "members": "Lowry Triangle; Crispus Attucks Playground; Lefferts Pl Block Association; Park; Brooklyn's Finest Garden" }, "geometry": { "type": "Polygon", "coordinates": [ [ [ -73.957642705472693, 40.680203389436215 ], [ -73.964416286334952, 40.680396326069449 ], [ -73.964634610070732, 40.680437935908593 ], [ -73.964490547902443, 40.68085420022198 ], [ -73.961958977158702, 40.682566013406017 ], [ -73.961775526044534, 40.682586463621682 ], [ -73.95869140419849, 40.681653450208962 ], [ -73.957527090717264, 40.680521417511521 ], [ -73.95762464940502, 40.68025305696446 ], [ -73.957642705472693, 40.680203389436215 ] ] ] } },
{ "type": "Feature", "properties": { "group_id": "N1rel-080", "n_parks": 5, "extent_km": 0.788, "max_walk_m": 757.0, "park_area_acres": 5.69, "hull_area_acres": 49.84, "boroughs": "B", "members": "Police Officer John G. Scarangella Park; Lafayette Playground; Meucci Triangle; Marlboro Playground; Cutinella Triangle" }, "geometry": { "type": "Polygon", "coordinates": [ [ [ -73.981023219342362, 40.59076493100396 ], [ -73.985847541393497, 40.59447187174807 ], [ -73.984883178013007, 40.595574653329599 ], [ -73.983414940735557, 40.595777917601062 ], [ -73.983200730516046, 40.595799360349261 ], [ -73.976757420663944, 40.591920244237663 ], [ -73.976753374378376, 40.591917790394454 ], [ -73.976752806340343, 40.591917307599211 ], [ -73.976749515027862, 40.591914506306765 ], [ -73.976747082696178, 40.591911204497244 ], [ -73.976746678882009, 40.59191065599699 ], [ -73.976744437356444, 40.591905584698324 ], [ -73.976714775858269, 40.591757095954229 ], [ -73.976714562499211, 40.59175240058395 ], [ -73.976715998316891, 40.59174746510822 ], [ -73.976718806680111, 40.591742882915568 ], [ -73.976722377741794, 40.591739505777205 ], [ -73.976726479315019, 40.591735816264631 ], [ -73.976731309555532, 40.591732681621679 ], [ -73.976736743216634, 40.591730185571514 ], [ -73.976742633795126, 40.591728392021501 ], [ -73.980538869063679, 40.590818088018437 ], [ -73.981023219342362, 40.59076493100396 ] ] ] } },
{ "type": "Feature", "properties": { "group_id": "N1rel-081", "n_parks": 5, "extent_km": 0.635, "max_walk_m": 711.2, "park_area_acres": 3.17, "hull_area_acres": 44.3, "boroughs": "B", "members": "Marion Hopkinson Playground; Fish Playground; 700 Decatur St Block Association; Phoenix Community Garden; Saratoga Farm" }, "geometry": { "type": "Polygon", "coordinates": [ [ [ -73.914061371811414, 40.677793398208244 ], [ -73.914241583558521, 40.677803262734088 ], [ -73.915435762799731, 40.678141405683512 ], [ -73.916214208620232, 40.678677356518008 ], [ -73.916257144935642, 40.678829602708234 ], [ -73.914546002935808, 40.683882164111964 ], [ -73.914250122073753, 40.683916319335133 ], [ -73.912338635201536, 40.681996085303211 ], [ -73.911187175489943, 40.678661552478808 ], [ -73.911133623272363, 40.678399974568677 ], [ -73.914061371811414, 40.677793398208244 ] ] ] } },
{ "type": "Feature", "properties": { "group_id": "N1rel-082", "n_parks": 5, "extent_km": 0.466, "max_walk_m": 430.7, "park_area_acres": 4.57, "hull_area_acres": 24.44, "boroughs": "B", "members": "Cohn Triangle; Bedford Playground; Roberto Clemente Ballfield; Jacob's Ladder Playground; Epiphany Playground" }, "geometry": { "type": "Polygon", "coordinates": [ [ [ -73.967209245831668, 40.704407303814975 ], [ -73.967304845264906, 40.704487251416751 ], [ -73.967820253366483, 40.705674439288757 ], [ -73.968268166521682, 40.706730467311502 ], [ -73.965717108060232, 40.708814096955933 ], [ -73.965188692150832, 40.70875417955088 ], [ -73.963487996927014, 40.708559574514823 ], [ -73.963514336929563, 40.708054768897938 ], [ -73.966534960055782, 40.704846613449881 ], [ -73.967209245831668, 40.704407303814975 ] ] ] } },
{ "type": "Feature", "properties": { "group_id": "N1rel-083", "n_parks": 5, "extent_km": 0.649, "max_walk_m": 597.3, "park_area_acres": 1.98, "hull_area_acres": 39.09, "boroughs": "B", "members": "Sixteen Sycamores Playground; University Place; Bkln Bears Rockwell Pl Garden; Betty Carter Park; Fowler Square" }, "geometry": { "type": "Polygon", "coordinates": [ [ [ -73.980647394112111, 40.686510178255226 ], [ -73.980891698355634, 40.686603483478088 ], [ -73.981546332383473, 40.686853534176919 ], [ -73.981948668454464, 40.691315873071161 ], [ -73.981674544050847, 40.69164910603525 ], [ -73.981520171385426, 40.691836760876718 ], [ -73.975679392069367, 40.686975720488661 ], [ -73.975669250100509, 40.686927725472188 ], [ -73.980647394112111, 40.686510178255226 ] ] ] } },
{ "type": "Feature", "properties": { "group_id": "N1rel-084", "n_parks": 5, "extent_km": 0.699, "max_walk_m": 535.9, "park_area_acres": 5.31, "hull_area_acres": 25.92, "boroughs": "B", "members": "Ocean Hill Playground; South Pacific Playground; Hilltop Playground; Farmers Garden; Sh'ma Yisrael" }, "geometry": { "type": "Polygon", "coordinates": [ [ [ -73.911629489232908, 40.674098817749368 ], [ -73.912797382946522, 40.67416248019844 ], [ -73.918375906354939, 40.674466451952348 ], [ -73.921155506976092, 40.675400537119188 ], [ -73.921154810945822, 40.675408010017925 ], [ -73.921130150323819, 40.675672747284487 ], [ -73.921110421685668, 40.675884536727636 ], [ -73.921100556134675, 40.675990433246106 ], [ -73.921099942762552, 40.675997011989175 ], [ -73.919439708331566, 40.675905755946665 ], [ -73.913913166379942, 40.675599763113816 ], [ -73.911574506613036, 40.674693649682702 ], [ -73.911629489232908, 40.674098817749368 ] ] ] } },
{ "type": "Feature", "properties": { "group_id": "N1rel-085", "n_parks": 5, "extent_km": 0.396, "max_walk_m": 340.6, "park_area_acres": 6.11, "hull_area_acres": 24.36, "boroughs": "B", "members": "Poseidon Playground; Nautilus Playground; Surf Playground; Surfside Multi-Cultural Garden Coalition; Garden" }, "geometry": { "type": "Polygon", "coordinates": [ [ [ -73.995880204527964, 40.571545198439885 ], [ -73.996924557933795, 40.571577390683785 ], [ -73.997370691003184, 40.571628253488896 ], [ -73.997384097406425, 40.571770350282492 ], [ -73.994952414050204, 40.573863548440308 ], [ -73.994545319778538, 40.573923820846524 ], [ -73.991967768669895, 40.574045120577011 ], [ -73.991509007641113, 40.571769715955973 ], [ -73.992380428614482, 40.57169540363094 ], [ -73.995880204527964, 40.571545198439885 ] ] ] } },
{ "type": "Feature", "properties": { "group_id": "N1rel-086", "n_parks": 5, "extent_km": 0.412, "max_walk_m": 449.5, "park_area_acres": 2.8, "hull_area_acres": 18.87, "boroughs": "B", "members": "P.O. Reinaldo Salgado Playground; Citizens For A Better Community; Patrick Van Doren Pocket Park; Victory Garden's Group; Patchen Community Square Garden" }, "geometry": { "type": "Polygon", "coordinates": [ [ [ -73.927237171571505, 40.686425138344077 ], [ -73.930211708345993, 40.689399351497684 ], [ -73.930223532007858, 40.689458819578952 ], [ -73.929931408853264, 40.689492491488203 ], [ -73.927626151550498, 40.689229882522881 ], [ -73.925025465432256, 40.688317353343088 ], [ -73.924956211803675, 40.688042153520648 ], [ -73.924900165307719, 40.687760003095903 ], [ -73.926884074409259, 40.686466154470025 ], [ -73.927237171571505, 40.686425138344077 ] ] ] } },
{ "type": "Feature", "properties": { "group_id": "N1rel-087", "n_parks": 5, "extent_km": 0.461, "max_walk_m": 464.3, "park_area_acres": 3.68, "hull_area_acres": 35.61, "boroughs": "B", "members": "Sumner Playground; Pulaski Playground; Lewis Playground; Vernon/throop Av Block Association; Tranquility Farm (Willoughby Ave. Garden)" }, "geometry": { "type": "Polygon", "coordinates": [ [ [ -73.942205227558404, 40.693270618296651 ], [ -73.943143680788864, 40.694650990400412 ], [ -73.943242276320163, 40.695152653546337 ], [ -73.943253943503606, 40.695212041817001 ], [ -73.943538542462178, 40.697012802899522 ], [ -73.943321328026727, 40.697745921389547 ], [ -73.942922037082013, 40.697792273356754 ], [ -73.942176349504081, 40.697612630698664 ], [ -73.93778577310168, 40.695562026789531 ], [ -73.937729924011975, 40.695281045584828 ], [ -73.941101975709969, 40.693396835896216 ], [ -73.942205227558404, 40.693270618296651 ] ] ] } },
{ "type": "Feature", "properties": { "group_id": "N1rel-088", "n_parks": 5, "extent_km": 0.737, "max_walk_m": 657.0, "park_area_acres": 1.9, "hull_area_acres": 27.91, "boroughs": "M", "members": "Tribeca Park; Albert Capsouto Park; Grand Canal Court; Duarte Square; Canal Park" }, "geometry": { "type": "Polygon", "coordinates": [ [ [ -74.005331173682933, 40.719973344230667 ], [ -74.006126182621571, 40.720313378561229 ], [ -74.006128806726608, 40.720314616622403 ], [ -74.006131111295772, 40.720316180684989 ], [ -74.006133027677208, 40.720318022125227 ], [ -74.010953949973441, 40.72520283418546 ], [ -74.010961071568374, 40.725214107881555 ], [ -74.010963937988961, 40.725225976318519 ], [ -74.010868010896061, 40.725708968045069 ], [ -74.010865249005917, 40.725721154894437 ], [ -74.010862628670637, 40.725723104743714 ], [ -74.010859017537271, 40.725724666567032 ], [ -74.01085253595717, 40.72572599452841 ], [ -74.010844720132283, 40.725725820566055 ], [ -74.010836165385484, 40.725723742096157 ], [ -74.010831542836712, 40.725721873974841 ], [ -74.005197935960325, 40.722953671308687 ], [ -74.005193355061124, 40.722950166732971 ], [ -74.005189857031112, 40.722944769237571 ], [ -74.004856669465426, 40.722363750795566 ], [ -74.005331173682933, 40.719973344230667 ] ] ] } },
{ "type": "Feature", "properties": { "group_id": "N1rel-089", "n_parks": 5, "extent_km": 0.666, "max_walk_m": 552.6, "park_area_acres": 6.98, "hull_area_acres": 65.11, "boroughs": "M", "members": "Chelsea Park; Penn South Playground; Clement Clarke Moore Park; The High Line (1/4); The High Line (3/4)" }, "geometry": { "type": "Polygon", "coordinates": [ [ [ -74.005978958491866, 40.746091332687939 ], [ -74.00607584593125, 40.746124466839298 ], [ -74.002370275136698, 40.752736879404488 ], [ -74.001009294296196, 40.752264709329879 ], [ -74.000773041007221, 40.752081382608111 ], [ -73.999242210288571, 40.74963037506275 ], [ -73.998268715046152, 40.747605817811163 ], [ -73.99863254037065, 40.747102138909725 ], [ -74.005978958491866, 40.746091332687939 ] ] ] } },
{ "type": "Feature", "properties": { "group_id": "N1rel-090", "n_parks": 5, "extent_km": 1.219, "max_walk_m": 672.0, "park_area_acres": 24.73, "hull_area_acres": 103.7, "boroughs": "M", "members": "Jackie Robinson Park; Harlem River Park (2/15); Harlem River Park (7/15); Bushman Steps; Wright Brothers Playground" }, "geometry": { "type": "Polygon", "coordinates": [ [ [ -73.942921060928825, 40.823438760906896 ], [ -73.943645148549322, 40.82374379533762 ], [ -73.942237784489308, 40.831725611507842 ], [ -73.942062037180122, 40.831965182803295 ], [ -73.933807303173225, 40.838423608141916 ], [ -73.933308444572262, 40.838258819348724 ], [ -73.934557754548635, 40.835789766580604 ], [ -73.939410947236198, 40.828249163539134 ], [ -73.942921060928825, 40.823438760906896 ] ] ] } },
{ "type": "Feature", "properties": { "group_id": "N1rel-091", "n_parks": 5, "extent_km": 0.511, "max_walk_m": 605.9, "park_area_acres": 0.62, "hull_area_acres": 8.72, "boroughs": "M", "members": "Cooper Triangle; Abe Lebewohl Park; Abe Lebewohl Triangle; Merchant's House Museum; Manuel Plaza" }, "geometry": { "type": "Polygon", "coordinates": [ [ [ -73.992140626534706, 40.727462708001404 ], [ -73.992438202699049, 40.727608949846363 ], [ -73.992180688298461, 40.727912653545687 ], [ -73.990788302534924, 40.729010555229173 ], [ -73.987858583338436, 40.73013062879479 ], [ -73.98676157203775, 40.73012511025231 ], [ -73.986919066914382, 40.729906682898203 ], [ -73.992140626534706, 40.727462708001404 ] ] ] } },
{ "type": "Feature", "properties": { "group_id": "N1rel-092", "n_parks": 5, "extent_km": 0.789, "max_walk_m": 689.8, "park_area_acres": 14.49, "hull_area_acres": 82.96, "boroughs": "M", "members": "Harlem River Park (3/15); Harlem River Park (6/15); Brigadier General Charles Young Playground; Abraham Lincoln Playground; Howard Bennett Playground" }, "geometry": { "type": "Polygon", "coordinates": [ [ [ -73.934268117887356, 40.810908492821518 ], [ -73.934592139347927, 40.810919994367772 ], [ -73.934710230993574, 40.810964944351021 ], [ -73.936876329186262, 40.811848173811597 ], [ -73.937807798685157, 40.812241489718588 ], [ -73.93936043324473, 40.813630513850406 ], [ -73.936929823870358, 40.819149227767603 ], [ -73.936477568969082, 40.819769697192697 ], [ -73.936134812101386, 40.820239929926487 ], [ -73.934252285878571, 40.819827134268245 ], [ -73.933849548997699, 40.819660982032843 ], [ -73.933846161207825, 40.819614554088467 ], [ -73.933831750718696, 40.819403812510338 ], [ -73.933802274013942, 40.818493097199358 ], [ -73.933682544178595, 40.81433863032872 ], [ -73.933697894743759, 40.81406103022713 ], [ -73.934268117887356, 40.810908492821518 ] ] ] } },
{ "type": "Feature", "properties": { "group_id": "N1rel-093", "n_parks": 5, "extent_km": 0.787, "max_walk_m": 512.5, "park_area_acres": 73.57, "hull_area_acres": 173.71, "boroughs": "M", "members": "Sherman Square; Broadway Malls (10/11); Matthew P. Sapolin Playground; Septuagesimo UNO; Riverside Park South" }, "geometry": { "type": "Polygon", "coordinates": [ [ [ -73.993564907410331, 40.773022024618264 ], [ -73.995512625500638, 40.773847685353083 ], [ -73.996132050054996, 40.774112148560235 ], [ -73.991161587272217, 40.780822384471364 ], [ -73.989948305713028, 40.781954076192882 ], [ -73.981608757565709, 40.779826028191685 ], [ -73.981588564804866, 40.779384116314169 ], [ -73.982093965658052, 40.7763631792049 ], [ -73.982096281271751, 40.776359620778898 ], [ -73.982099275565218, 40.776356362325615 ], [ -73.982103269643176, 40.776353086017465 ], [ -73.982107906802355, 40.776350337503452 ], [ -73.982114244955497, 40.77634778646339 ], [ -73.993564907410331, 40.773022024618264 ] ] ] } },
{ "type": "Feature", "properties": { "group_id": "N1rel-094", "n_parks": 5, "extent_km": 0.521, "max_walk_m": 567.1, "park_area_acres": 3.17, "hull_area_acres": 30.0, "boroughs": "M", "members": "Blake Hobbs Playground; Cherry Tree Park; Harlem RBI; Sunshine Playground; Maggie's Magic Garden" }, "geometry": { "type": "Polygon", "coordinates": [ [ [ -73.943781297033951, 40.786307647284467 ], [ -73.947062921818642, 40.786858849297658 ], [ -73.947704519136465, 40.787129240334778 ], [ -73.949528417164288, 40.788712093328307 ], [ -73.949346583469818, 40.788961089401312 ], [ -73.943974158535738, 40.789404351843409 ], [ -73.94364304666648, 40.78926447950343 ], [ -73.943396421148421, 40.786771828481619 ], [ -73.94357114246192, 40.786532609561192 ], [ -73.943781297033951, 40.786307647284467 ] ] ] } },
{ "type": "Feature", "properties": { "group_id": "N1rel-095", "n_parks": 5, "extent_km": 0.692, "max_walk_m": 508.2, "park_area_acres": 41.27, "hull_area_acres": 108.85, "boroughs": "Q", "members": "Bayswater Park; Rockaway Freeway (13/16); Rockaway Freeway (9/16); Garden; Culinary Kids Garden" }, "geometry": { "type": "Polygon", "coordinates": [ [ [ -73.770199560579883, 40.594315336043792 ], [ -73.773242964040094, 40.598806675579276 ], [ -73.773262412596281, 40.598849846417259 ], [ -73.771751190614779, 40.603069057529076 ], [ -73.770682420665437, 40.6029345717008 ], [ -73.76835000131571, 40.601137246458762 ], [ -73.766953084763117, 40.599704669759497 ], [ -73.766914932594617, 40.599662988108534 ], [ -73.763500024681576, 40.59573489431753 ], [ -73.763451603272486, 40.595462905161199 ], [ -73.770199560579883, 40.594315336043792 ] ] ] } },
{ "type": "Feature", "properties": { "group_id": "N1rel-096", "n_parks": 5, "extent_km": 1.162, "max_walk_m": 736.7, "park_area_acres": 26.35, "hull_area_acres": 88.49, "boroughs": "Q", "members": "Laurelton Parkway (2/8); Laurelton Parkway (4/8); Laurelton Parkway (6/8); Laurelton Parkway (7/8); Delphin H. Greene Playground" }, "geometry": { "type": "Polygon", "coordinates": [ [ [ -73.730597275735562, 40.677041258871832 ], [ -73.73102719623806, 40.677275171450191 ], [ -73.731713444475432, 40.677648541019998 ], [ -73.729597849885351, 40.685220787379933 ], [ -73.727225466289127, 40.69065416361412 ], [ -73.727157492246903, 40.690651933086599 ], [ -73.726932008097151, 40.690623493032454 ], [ -73.726852997072783, 40.690610359684619 ], [ -73.726447295097742, 40.690542919818697 ], [ -73.726258486213254, 40.690503837750434 ], [ -73.725894958222071, 40.685767880323297 ], [ -73.725817937842265, 40.684646025801129 ], [ -73.725803085899017, 40.684429686828523 ], [ -73.725803621806776, 40.684247285427716 ], [ -73.725834939880315, 40.683713361696718 ], [ -73.725853452639569, 40.683397748904945 ], [ -73.729233222590096, 40.67849569125989 ], [ -73.729673053309028, 40.67800263780024 ], [ -73.729831746935091, 40.67783150672124 ], [ -73.730597275735562, 40.677041258871832 ] ] ] } },
{ "type": "Feature", "properties": { "group_id": "N1rel-097", "n_parks": 5, "extent_km": 0.465, "max_walk_m": 402.6, "park_area_acres": 3.09, "hull_area_acres": 18.76, "boroughs": "Q", "members": "McKenna Triangle; Rafferty Triangle; Short Triangle; Murray Playground; Court Square Park" }, "geometry": { "type": "Polygon", "coordinates": [ [ [ -73.945446484576763, 40.746045014650008 ], [ -73.94987431818015, 40.747149002752998 ], [ -73.94969886192257, 40.747679992735705 ], [ -73.943281043237462, 40.747580792956512 ], [ -73.943158071289332, 40.747408704980174 ], [ -73.943066775817755, 40.746304193993446 ], [ -73.943600815529862, 40.746091551749963 ], [ -73.945446484576763, 40.746045014650008 ] ] ] } },
{ "type": "Feature", "properties": { "group_id": "N1rel-098", "n_parks": 5, "extent_km": 0.464, "max_walk_m": 477.4, "park_area_acres": 0.94, "hull_area_acres": 26.72, "boroughs": "Q", "members": "Mall Thirty Four XXXIV (1/7); Mall Thirty Four XXXIV (6/7); Junction Playground; Private William Gray Playground; 97th Street Block Association" }, "geometry": { "type": "Polygon", "coordinates": [ [ [ -73.872211089098229, 40.754391816685818 ], [ -73.872482390592936, 40.754896507134198 ], [ -73.872557290186677, 40.755052810752012 ], [ -73.871027511618792, 40.757894940627928 ], [ -73.870659270557795, 40.757933772715873 ], [ -73.866120433393007, 40.755724398899602 ], [ -73.866118024144043, 40.755711142526245 ], [ -73.87186279350361, 40.754427410407821 ], [ -73.872211089098229, 40.754391816685818 ] ] ] } },
{ "type": "Feature", "properties": { "group_id": "N1rel-099", "n_parks": 5, "extent_km": 0.806, "max_walk_m": 751.2, "park_area_acres": 2.96, "hull_area_acres": 21.57, "boroughs": "Q", "members": "Mall Thirty Four XXXIV (2/7); Mall Thirty Four XXXIV (4/7); Mall Thirty Four XXXIV (7/7); Travers Park; Rory Staunton Field" }, "geometry": { "type": "Polygon", "coordinates": [ [ [ -73.889606934179497, 40.753363277171971 ], [ -73.889815078349528, 40.754533881435158 ], [ -73.889588729289827, 40.75455824401687 ], [ -73.889079360214396, 40.75457850502513 ], [ -73.875816322192591, 40.754708246237861 ], [ -73.875810955764109, 40.754704263816834 ], [ -73.875809364592882, 40.754698978831144 ], [ -73.875810850992124, 40.7546944031603 ], [ -73.875814406926665, 40.754691327262478 ], [ -73.886773156523404, 40.753538528727525 ], [ -73.887698401342789, 40.753441305415961 ], [ -73.88770086955877, 40.753441061083535 ], [ -73.889606934179497, 40.753363277171971 ] ] ] } },
{ "type": "Feature", "properties": { "group_id": "N1rel-100", "n_parks": 5, "extent_km": 0.676, "max_walk_m": 677.0, "park_area_acres": 2.07, "hull_area_acres": 66.96, "boroughs": "Q", "members": "Elmjack Mall; Dunningham Triangle; Nine Heroes Plaza; Frank D. O'Connor Playground; Manuel De Dios Unanue Triangle" }, "geometry": { "type": "Polygon", "coordinates": [ [ [ -73.889812165827706, 40.743383617789007 ], [ -73.889825059615404, 40.74338853518848 ], [ -73.890180208780663, 40.745215830108727 ], [ -73.890608120219838, 40.747419962908971 ], [ -73.890887892478005, 40.74889463904158 ], [ -73.890883406677077, 40.748901439922008 ], [ -73.890881452102974, 40.748901947757226 ], [ -73.89087516311406, 40.748903580721546 ], [ -73.890866688022186, 40.7489024929842 ], [ -73.882702849650116, 40.74766640756652 ], [ -73.883603838248774, 40.746296985638821 ], [ -73.885978368015586, 40.743898372251593 ], [ -73.889812165827706, 40.743383617789007 ] ] ] } },
{ "type": "Feature", "properties": { "group_id": "N1rel-101", "n_parks": 5, "extent_km": 0.746, "max_walk_m": 742.0, "park_area_acres": 3.22, "hull_area_acres": 44.1, "boroughs": "Q", "members": "Newtown Playground; Horsebrook Island; Park; Park; Lost Battalion Hall Recreation Center" }, "geometry": { "type": "Polygon", "coordinates": [ [ [ -73.865214107072759, 40.731450825267785 ], [ -73.865425299727235, 40.73152360920664 ], [ -73.865752856857625, 40.731636497583693 ], [ -73.865934436484125, 40.731748478548546 ], [ -73.87258653125383, 40.735857088522508 ], [ -73.87262207656687, 40.735940033179311 ], [ -73.869400564779184, 40.736583131455539 ], [ -73.86476670002564, 40.734293185780643 ], [ -73.864764333422073, 40.734288585002282 ], [ -73.863927568486488, 40.732652288186685 ], [ -73.863909271830465, 40.732616289419035 ], [ -73.865214107072759, 40.731450825267785 ] ] ] } },
{ "type": "Feature", "properties": { "group_id": "N1rel-102", "n_parks": 5, "extent_km": 0.826, "max_walk_m": 589.0, "park_area_acres": 8.8, "hull_area_acres": 55.2, "boroughs": "Q", "members": "Rockaway Freeway (1/16); Rockaway Freeway (14/16); Rockaway Freeway (15/16); Rockaway Freeway (6/16); Bay Breeze Park" }, "geometry": { "type": "Polygon", "coordinates": [ [ [ -73.813051094051801, 40.588192747723312 ], [ -73.814977362728513, 40.589792565326206 ], [ -73.815408256784295, 40.590381492171673 ], [ -73.815558781783253, 40.590799495575617 ], [ -73.81409793633955, 40.591523145657234 ], [ -73.809203416798383, 40.591768011118873 ], [ -73.804509135132761, 40.590598414360606 ], [ -73.804511316249275, 40.590406581859781 ], [ -73.804531663138135, 40.590242545256828 ], [ -73.813051094051801, 40.588192747723312 ] ] ] } },
{ "type": "Feature", "properties": { "group_id": "N1rel-103", "n_parks": 5, "extent_km": 1.022, "max_walk_m": 712.7, "park_area_acres": 8.01, "hull_area_acres": 54.91, "boroughs": "R", "members": "Ida Court; Park; Park; Park; Park" }, "geometry": { "type": "Polygon", "coordinates": [ [ [ -74.192016837902699, 40.533670184257055 ], [ -74.192364841514404, 40.534411023980212 ], [ -74.184174682434772, 40.543983150561068 ], [ -74.1839990483831, 40.544186875088506 ], [ -74.183858336795609, 40.544350088978028 ], [ -74.183813563721657, 40.544328035568199 ], [ -74.18372173627327, 40.544282802182607 ], [ -74.182568655375761, 40.543688432746656 ], [ -74.18582434822126, 40.538298025879946 ], [ -74.192016837902699, 40.533670184257055 ] ] ] } },
{ "type": "Feature", "properties": { "group_id": "N1rel-104", "n_parks": 5, "extent_km": 0.428, "max_walk_m": 405.5, "park_area_acres": 1.49, "hull_area_acres": 22.57, "boroughs": "X", "members": "Bergen Triangle; Devanney Triangle; Mount Hope Garden; Walton Park; Mabel Hampton Playground" }, "geometry": { "type": "Polygon", "coordinates": [ [ [ -73.905326021328705, 40.852331861291994 ], [ -73.905644724858064, 40.852503380634332 ], [ -73.905482796036324, 40.855167801822141 ], [ -73.905175765922763, 40.855507626742686 ], [ -73.901130207655441, 40.855103783050922 ], [ -73.901296938215864, 40.854541157356365 ], [ -73.903959590192628, 40.852359625008688 ], [ -73.903963652019925, 40.852357143933077 ], [ -73.903970040823026, 40.852355355471573 ], [ -73.905326021328705, 40.852331861291994 ] ] ] } },
{ "type": "Feature", "properties": { "group_id": "N1rel-105", "n_parks": 5, "extent_km": 0.677, "max_walk_m": 609.0, "park_area_acres": 44.03, "hull_area_acres": 105.45, "boroughs": "X", "members": "Claremont Park; Michel Triangle; Grant Park; Claremont Neighborhood Garden; College Avenue Garden" }, "geometry": { "type": "Polygon", "coordinates": [ [ [ -73.910096860792379, 40.833975876532762 ], [ -73.910427277777501, 40.834087028637477 ], [ -73.914240718334085, 40.835873886926699 ], [ -73.909469939000473, 40.842714505358487 ], [ -73.905373666442429, 40.843112725108284 ], [ -73.905097142780292, 40.843048024409804 ], [ -73.905134372382804, 40.84259385790903 ], [ -73.905291655546492, 40.840892248072159 ], [ -73.905307346357972, 40.840733880334056 ], [ -73.905355164661685, 40.840506787164813 ], [ -73.905687912960857, 40.839374685215908 ], [ -73.906074245558955, 40.838554505537445 ], [ -73.906097032196797, 40.838512357560568 ], [ -73.910096860792379, 40.833975876532762 ] ] ] } },
{ "type": "Feature", "properties": { "group_id": "N1rel-106", "n_parks": 5, "extent_km": 0.915, "max_walk_m": 637.5, "park_area_acres": 35.87, "hull_area_acres": 60.11, "boroughs": "X", "members": "Mosholu Parkway (1/5); Mosholu Parkway (2/5); Mosholu Parkway (5/5); Mosholu Playground; Risse Street Park" }, "geometry": { "type": "Polygon", "coordinates": [ [ [ -73.882130384689276, 40.871129652205511 ], [ -73.883084369237807, 40.872089728907078 ], [ -73.885401176376178, 40.877986601632394 ], [ -73.885403964855925, 40.877994586326523 ], [ -73.885734331191657, 40.879797977734519 ], [ -73.885836370599677, 40.88039334514685 ], [ -73.885836939288055, 40.880398645979106 ], [ -73.88583727777889, 40.880403964593441 ], [ -73.885837381358868, 40.880409282074922 ], [ -73.885837252388484, 40.880414605629788 ], [ -73.885836895645795, 40.880419916352487 ], [ -73.885836301634711, 40.880425216935123 ], [ -73.885835477487674, 40.880430499280351 ], [ -73.885834431504961, 40.880435766097811 ], [ -73.885833148306261, 40.880440992158753 ], [ -73.885831248597526, 40.880447347721599 ], [ -73.88582990936797, 40.880451348163469 ], [ -73.885828391063527, 40.88045530430427 ], [ -73.885825766695788, 40.880461514171628 ], [ -73.885800778159094, 40.880505007310084 ], [ -73.885774704359406, 40.880550366079333 ], [ -73.885770577233899, 40.880555618140299 ], [ -73.88559887396238, 40.88076112815687 ], [ -73.884298673032731, 40.881162731040504 ], [ -73.883742203476544, 40.880215801840983 ], [ -73.881795980751221, 40.876802681252819 ], [ -73.881783638867844, 40.876780071760123 ], [ -73.881732991957264, 40.876683280420011 ], [ -73.88168062196128, 40.876573513955222 ], [ -73.881657621271827, 40.876518599309563 ], [ -73.881636850701696, 40.876463170966261 ], [ -73.881618318444509, 40.876407288367147 ], [ -73.881602052872836, 40.876351004671179 ], [ -73.880331300851878, 40.871438868757778 ], [ -73.881439164921588, 40.871248458901746 ], [ -73.882130384689276, 40.871129652205511 ] ] ] } },
{ "type": "Feature", "properties": { "group_id": "N1rel-107", "n_parks": 5, "extent_km": 0.719, "max_walk_m": 698.9, "park_area_acres": 7.83, "hull_area_acres": 44.83, "boroughs": "X", "members": "Murphy Triangle; Bathgate Playground; Quarry Ballfields; Washington Park; Thorpe Family Playground" }, "geometry": { "type": "Polygon", "coordinates": [ [ [ -73.889940373059645, 40.849998983186559 ], [ -73.89351985806401, 40.85109027871507 ], [ -73.893526074780866, 40.851093116500891 ], [ -73.893531582315902, 40.851096701940882 ], [ -73.894956879445004, 40.852320682267923 ], [ -73.895104988421693, 40.856163562520329 ], [ -73.894954932314192, 40.856403336693923 ], [ -73.893307546572231, 40.856045271828002 ], [ -73.893152348393585, 40.85598044860285 ], [ -73.889469058656161, 40.850787950967003 ], [ -73.889940373059645, 40.849998983186559 ] ] ] } },
{ "type": "Feature", "properties": { "group_id": "N1rel-108", "n_parks": 5, "extent_km": 0.692, "max_walk_m": 798.0, "park_area_acres": 4.79, "hull_area_acres": 75.78, "boroughs": "X", "members": "Young Park; Noble Playground; Park; River Garden; West Farms Rapids" }, "geometry": { "type": "Polygon", "coordinates": [ [ [ -73.871495644946137, 40.836686647035165 ], [ -73.878411002695742, 40.837094750348484 ], [ -73.878512707569413, 40.83713929062381 ], [ -73.878722580332266, 40.837231201650816 ], [ -73.878736516679055, 40.837261060493361 ], [ -73.878804660864802, 40.837407063556249 ], [ -73.878840973528199, 40.837484866610126 ], [ -73.87861534306424, 40.840218729887006 ], [ -73.878331071487779, 40.840741675933515 ], [ -73.877165631463541, 40.842287730511131 ], [ -73.876998105144793, 40.84224999329242 ], [ -73.876239696259489, 40.841987869555275 ], [ -73.870939373410422, 40.839929325127052 ], [ -73.87087723116737, 40.839902721614067 ], [ -73.870703207562997, 40.839828219683724 ], [ -73.871495644946137, 40.836686647035165 ] ] ] } },
{ "type": "Feature", "properties": { "group_id": "N1rel-109", "n_parks": 5, "extent_km": 1.098, "max_walk_m": 727.9, "park_area_acres": 10.8, "hull_area_acres": 51.16, "boroughs": "X", "members": "Henry Hudson Parkway (1/8); Henry Hudson Parkway (7/8); Henry Hudson Parkway (8/8); Hackett Park; Vinmont Veteran Park" }, "geometry": { "type": "Polygon", "coordinates": [ [ [ -73.908011338587102, 40.89186974999685 ], [ -73.90834038445432, 40.891897006954352 ], [ -73.908426911764437, 40.891904174401219 ], [ -73.90842705658811, 40.891918683511243 ], [ -73.908434228877965, 40.892939309121438 ], [ -73.908436397721104, 40.893332401429696 ], [ -73.908433102783434, 40.893848107523979 ], [ -73.908430077084375, 40.8940012190955 ], [ -73.90842879293082, 40.894040110024449 ], [ -73.908421218085863, 40.894231559731395 ], [ -73.908410333680635, 40.894422915856282 ], [ -73.908396142104792, 40.894614145982551 ], [ -73.908141476961603, 40.897550726673934 ], [ -73.908132375764907, 40.897655575438151 ], [ -73.908119059601319, 40.897760167808876 ], [ -73.908105137371123, 40.897843012095684 ], [ -73.908101536897604, 40.897864402937188 ], [ -73.9080787359851, 40.897976019630796 ], [ -73.908050874381289, 40.898088739882709 ], [ -73.908019453357824, 40.898197370891815 ], [ -73.907983040734578, 40.898306885789253 ], [ -73.907955037937768, 40.898380803130756 ], [ -73.907924327772236, 40.898454101473554 ], [ -73.907890950667905, 40.898526716913231 ], [ -73.907854913801359, 40.898598603528661 ], [ -73.90778444145451, 40.8987264844557 ], [ -73.907737451031849, 40.898811741676248 ], [ -73.90758957930673, 40.89906659099924 ], [ -73.905295254623454, 40.90295189176976 ], [ -73.904846705326733, 40.903152330780962 ], [ -73.904382898257865, 40.903027356692142 ], [ -73.904018517572453, 40.902867616524162 ], [ -73.904061258621951, 40.900722422317934 ], [ -73.908011338587102, 40.89186974999685 ] ] ] } },
{ "type": "Feature", "properties": { "group_id": "N1rel-110", "n_parks": 5, "extent_km": 0.363, "max_walk_m": 355.0, "park_area_acres": 4.69, "hull_area_acres": 30.16, "boroughs": "X", "members": "Highbridge Park; Merriam Playground; Cpl Fischer Park; Mosaic Success Garden; Ogden Plimpton Playground" }, "geometry": { "type": "Polygon", "coordinates": [ [ [ -73.926265414468176, 40.838603921793364 ], [ -73.926966588429607, 40.838688722563433 ], [ -73.927300808245619, 40.840308258962409 ], [ -73.927377562313524, 40.841939222367408 ], [ -73.927343544150077, 40.842119826378166 ], [ -73.927240037436306, 40.842235351141909 ], [ -73.926080716759913, 40.842486479261076 ], [ -73.923817720714638, 40.842092965399495 ], [ -73.923486702554342, 40.841951544451028 ], [ -73.922510187272195, 40.840410215883402 ], [ -73.922517460661595, 40.840341821082468 ], [ -73.926265414468176, 40.838603921793364 ] ] ] } },
{ "type": "Feature", "properties": { "group_id": "N1rel-111", "n_parks": 5, "extent_km": 0.404, "max_walk_m": 596.5, "park_area_acres": 3.79, "hull_area_acres": 23.72, "boroughs": "X", "members": "Playground One Thirty Four CXXXIV; Gouverneur Morris Triangle; Millbrook Playground; St. Luke's Park; United We Stand Garden" }, "geometry": { "type": "Polygon", "coordinates": [ [ [ -73.916787208764958, 40.802383667611764 ], [ -73.917498346453101, 40.802682612297822 ], [ -73.918710701032367, 40.803398459079226 ], [ -73.918376932255569, 40.803854868998158 ], [ -73.915564799006134, 40.805885120964803 ], [ -73.91270145696501, 40.804720665736319 ], [ -73.912667897206589, 40.804704936516565 ], [ -73.912663782583493, 40.804701346712136 ], [ -73.912660482709214, 40.804697300071382 ], [ -73.912658081584695, 40.804692902916898 ], [ -73.912656644239007, 40.804688269661291 ], [ -73.912656206065932, 40.804683520998424 ], [ -73.912656778754098, 40.804678780305409 ], [ -73.912658349104433, 40.804674171841107 ], [ -73.912660874296762, 40.80466981533943 ], [ -73.912664289002876, 40.804665824213629 ], [ -73.912668504206124, 40.80466230195357 ], [ -73.912673410756398, 40.804659342128502 ], [ -73.916787208764958, 40.802383667611764 ] ] ] } },
{ "type": "Feature", "properties": { "group_id": "N1rel-112", "n_parks": 5, "extent_km": 0.638, "max_walk_m": 671.8, "park_area_acres": 2.27, "hull_area_acres": 35.46, "boroughs": "X", "members": "Boone Slope; Captain William Harry Thompson Playground; Eae J Mitchell Park; Rock Garden Park; Angie Lee Gonzales Garden" }, "geometry": { "type": "Polygon", "coordinates": [ [ [ -73.87765767045228, 40.833975171950286 ], [ -73.885209378143884, 40.834749313353562 ], [ -73.885545387276665, 40.834827800336981 ], [ -73.885729677226223, 40.835239084146849 ], [ -73.885690867885785, 40.835304841236024 ], [ -73.884805501176956, 40.836794613906399 ], [ -73.882480181363164, 40.837217673311869 ], [ -73.882272070089797, 40.83716596539719 ], [ -73.877823826914621, 40.834760648137554 ], [ -73.877229760164369, 40.834435087198337 ], [ -73.87765767045228, 40.833975171950286 ] ] ] } },
{ "type": "Feature", "properties": { "group_id": "N1rel-113", "n_parks": 5, "extent_km": 0.617, "max_walk_m": 585.0, "park_area_acres": 11.58, "hull_area_acres": 47.72, "boroughs": "X", "members": "Dawson Playground; Wishing Well Garden; Al Quiñones Playground; Fox Park; Bill Rainey Park" }, "geometry": { "type": "Polygon", "coordinates": [ [ [ -73.898834474491466, 40.814493567886039 ], [ -73.902127798972046, 40.814606160470049 ], [ -73.902380991377171, 40.815118873499884 ], [ -73.902446338958754, 40.815251202889876 ], [ -73.898817436749212, 40.819814878584836 ], [ -73.898545938157667, 40.820010412544427 ], [ -73.898328400370147, 40.820036613598418 ], [ -73.897010530515402, 40.820084347321711 ], [ -73.896979184671977, 40.820083058624505 ], [ -73.896948606179791, 40.820077667040337 ], [ -73.896919716994759, 40.820068336383933 ], [ -73.896893391478883, 40.820055345691976 ], [ -73.896870422023071, 40.8200390900925 ], [ -73.89685150485613, 40.820020059180152 ], [ -73.896837210426185, 40.819998827083701 ], [ -73.896234623748143, 40.818871693540466 ], [ -73.897839627872031, 40.814938863853079 ], [ -73.898057168095676, 40.814726994612791 ], [ -73.898834474491466, 40.814493567886039 ] ] ] } },
{ "type": "Feature", "properties": { "group_id": "N1rel-114", "n_parks": 5, "extent_km": 0.487, "max_walk_m": 581.4, "park_area_acres": 4.28, "hull_area_acres": 34.58, "boroughs": "X", "members": "Captain Rivera Playground; Pontiac Playground; Abigail Playground; Fountain Of Youth Playground; El Flamboyan Garden" }, "geometry": { "type": "Polygon", "coordinates": [ [ [ -73.905206161451673, 40.813348627388528 ], [ -73.905923633396029, 40.813496437425741 ], [ -73.908666962929757, 40.814061678494078 ], [ -73.907405453710084, 40.817752453912405 ], [ -73.90718339207173, 40.818289235458892 ], [ -73.904467754901518, 40.817663390810722 ], [ -73.904199650784236, 40.817260855047543 ], [ -73.904816910320832, 40.814437156078107 ], [ -73.905206161451673, 40.813348627388528 ] ] ] } },
{ "type": "Feature", "properties": { "group_id": "N1rel-115", "n_parks": 4, "extent_km": 0.662, "max_walk_m": 779.8, "park_area_acres": 2.88, "hull_area_acres": 45.84, "boroughs": "B", "members": "Beattie Square; Lafayette Playground; Freedom Triangle; Jesse Owens Playground" }, "geometry": { "type": "Polygon", "coordinates": [ [ [ -73.933075284856855, 40.690853557277123 ], [ -73.934600464246827, 40.696395375678364 ], [ -73.934621030371673, 40.696488918218904 ], [ -73.931816603334369, 40.697270870301772 ], [ -73.931703104976464, 40.697292179376632 ], [ -73.929692549486518, 40.692742394988215 ], [ -73.929634880629166, 40.69246363108887 ], [ -73.931783868299121, 40.691002539986854 ], [ -73.933075284856855, 40.690853557277123 ] ] ] } },
{ "type": "Feature", "properties": { "group_id": "N1rel-116", "n_parks": 4, "extent_km": 0.699, "max_walk_m": 715.0, "park_area_acres": 7.99, "hull_area_acres": 54.58, "boroughs": "B", "members": "Maria Hernandez Park; Fermi Playground; Know Waste Lands; EL Garden" }, "geometry": { "type": "Polygon", "coordinates": [ [ [ -73.925866823979192, 40.697684735154724 ], [ -73.930512943601698, 40.6993807137451 ], [ -73.93080554067329, 40.699548632975493 ], [ -73.930695731696446, 40.699660242153342 ], [ -73.923813528222567, 40.704255330446024 ], [ -73.922512206503441, 40.703513396226249 ], [ -73.925784626446486, 40.697768631574014 ], [ -73.925831355865412, 40.69772093452552 ], [ -73.925866823979192, 40.697684735154724 ] ] ] } },
{ "type": "Feature", "properties": { "group_id": "N1rel-117", "n_parks": 4, "extent_km": 0.586, "max_walk_m": 485.0, "park_area_acres": 4.59, "hull_area_acres": 28.12, "boroughs": "B", "members": "Sarah J.S. Tompkins Garnet Playground; Classon Playground; Classon Triangle; Penn Triangle" }, "geometry": { "type": "Polygon", "coordinates": [ [ [ -73.962734339255988, 40.698159309886151 ], [ -73.962235532440687, 40.699786490970716 ], [ -73.962156625751007, 40.70004388726624 ], [ -73.960867196561324, 40.700991230680039 ], [ -73.960854483014785, 40.7009967509983 ], [ -73.960836331386446, 40.700998128910484 ], [ -73.955329232536442, 40.701103192399067 ], [ -73.954857647754991, 40.700683731774127 ], [ -73.95551272358999, 40.700259977088287 ], [ -73.961982805777595, 40.6982811969892 ], [ -73.962734339255988, 40.698159309886151 ] ] ] } },
{ "type": "Feature", "properties": { "group_id": "N1rel-118", "n_parks": 4, "extent_km": 0.352, "max_walk_m": 487.5, "park_area_acres": 2.59, "hull_area_acres": 18.96, "boroughs": "B", "members": "Cuyler Gore Park; Gateway Triangle; South Oxford Park; Brooklyn Bears Carlton Av Garden" }, "geometry": { "type": "Polygon", "coordinates": [ [ [ -73.972726458859938, 40.683296002108861 ], [ -73.972816308007836, 40.683753452061012 ], [ -73.972876669695694, 40.684060769392758 ], [ -73.972870746897527, 40.68580498765855 ], [ -73.97153804240898, 40.685959729708756 ], [ -73.970949931641954, 40.685814766626592 ], [ -73.968171819196471, 40.684095566764888 ], [ -73.968135829840534, 40.683901950806025 ], [ -73.972360548577612, 40.683338473091389 ], [ -73.972726458859938, 40.683296002108861 ] ] ] } },
{ "type": "Feature", "properties": { "group_id": "N1rel-119", "n_parks": 4, "extent_km": 0.459, "max_walk_m": 336.3, "park_area_acres": 5.29, "hull_area_acres": 23.08, "boroughs": "B", "members": "Veterans Triangle; Brownsville Playground; Osborn Playground; Green Valley Garden" }, "geometry": { "type": "Polygon", "coordinates": [ [ [ -73.906152780334978, 40.655095222115001 ], [ -73.906212456256554, 40.655326295854316 ], [ -73.906463064593481, 40.656296670588496 ], [ -73.901873272724032, 40.658291859934906 ], [ -73.901541846138585, 40.658414801696402 ], [ -73.900979941712606, 40.658505220259478 ], [ -73.900733336073415, 40.658541175176254 ], [ -73.900935162692534, 40.657121043399798 ], [ -73.90140852694087, 40.656627718948421 ], [ -73.903083614615298, 40.655564238356519 ], [ -73.905206767299433, 40.6552278994413 ], [ -73.905566838712886, 40.655174553603516 ], [ -73.905953745481256, 40.655117231186665 ], [ -73.906152780334978, 40.655095222115001 ] ] ] } },
{ "type": "Feature", "properties": { "group_id": "N1rel-120", "n_parks": 4, "extent_km": 0.79, "max_walk_m": 377.2, "park_area_acres": 7.57, "hull_area_acres": 35.18, "boroughs": "B", "members": "Eastern Parkway (3/10); Eastern Parkway (8/10); Dr. Ronald McNair Park; Eastern Parkway Coalition" }, "geometry": { "type": "Polygon", "coordinates": [ [ [ -73.962065377713287, 40.669741459114697 ], [ -73.968813694088979, 40.672722655909418 ], [ -73.968648483446458, 40.673227124629108 ], [ -73.968563045465871, 40.67322766323683 ], [ -73.968465004513774, 40.673227508532761 ], [ -73.968370066752129, 40.673225544562918 ], [ -73.96827163048043, 40.673223507508752 ], [ -73.968139353689352, 40.673218820693592 ], [ -73.968054613977458, 40.673213492260949 ], [ -73.967971596705169, 40.673207425823023 ], [ -73.967876867767245, 40.673199266860607 ], [ -73.967811101360837, 40.673192060567374 ], [ -73.967725870678876, 40.673182241786719 ], [ -73.967657357725727, 40.673173122841426 ], [ -73.967287893705006, 40.673121265779933 ], [ -73.967188179200946, 40.673102150065809 ], [ -73.967001280295818, 40.673066320044548 ], [ -73.966822118701856, 40.673031222268847 ], [ -73.966672574332748, 40.673000660587441 ], [ -73.96654332081367, 40.672973112334546 ], [ -73.966405780059617, 40.672943025666065 ], [ -73.966323453108345, 40.672924654501188 ], [ -73.966247836554061, 40.672907258703091 ], [ -73.966140642687421, 40.672881859693064 ], [ -73.958425159968954, 40.671052669209523 ], [ -73.958462665816299, 40.670946150277999 ], [ -73.958551846385646, 40.670692870470603 ], [ -73.95862300270133, 40.670490779479834 ], [ -73.959126510544721, 40.670049076305006 ], [ -73.962065377713287, 40.669741459114697 ] ] ] } },
{ "type": "Feature", "properties": { "group_id": "N1rel-121", "n_parks": 4, "extent_km": 0.571, "max_walk_m": 587.1, "park_area_acres": 4.13, "hull_area_acres": 43.76, "boroughs": "B", "members": "Eastern Parkway Extension (1/6); Eastern Parkway Extension (3/6); Callahan-Kelly Playground; Hull Street Garden" }, "geometry": { "type": "Polygon", "coordinates": [ [ [ -73.910937755634862, 40.673283243153243 ], [ -73.910953963144749, 40.673298584052297 ], [ -73.907927106738853, 40.680253741457356 ], [ -73.907750956769405, 40.680274095184586 ], [ -73.907435765487705, 40.680310512819787 ], [ -73.903830321199464, 40.67872135824728 ], [ -73.90381300833927, 40.678713721816351 ], [ -73.903790505538893, 40.67870173875982 ], [ -73.90377125390269, 40.678689261333659 ], [ -73.903753494585715, 40.678675443385202 ], [ -73.903737698955325, 40.6786606905412 ], [ -73.903726097297977, 40.67864783948999 ], [ -73.903717646190628, 40.67863699832202 ], [ -73.903709710944966, 40.678625239960326 ], [ -73.903702746161343, 40.678613113199084 ], [ -73.903697973316255, 40.678603348521946 ], [ -73.903693251454101, 40.678591863003007 ], [ -73.903689655816649, 40.678581084430377 ], [ -73.903687870802429, 40.678574610034111 ], [ -73.90365221968662, 40.67837839037481 ], [ -73.910937755634862, 40.673283243153243 ] ] ] } },
{ "type": "Feature", "properties": { "group_id": "N1rel-122", "n_parks": 4, "extent_km": 0.281, "max_walk_m": 373.8, "park_area_acres": 1.23, "hull_area_acres": 20.06, "boroughs": "B", "members": "Eastern Parkway Extension (2/6); Zion Triangle; Marcus Garvey Tenant's Assoc. Garden; Prospect Plaza Park" }, "geometry": { "type": "Polygon", "coordinates": [ [ [ -73.919092831636476, 40.668554362592907 ], [ -73.919102430148342, 40.668585526294855 ], [ -73.918690085260607, 40.671611275779689 ], [ -73.915164636854996, 40.671462521531254 ], [ -73.915162818200983, 40.671462241930854 ], [ -73.91516108736306, 40.671461730062099 ], [ -73.915159496359834, 40.67146100217267 ], [ -73.91515809010798, 40.671460079007588 ], [ -73.915156911150717, 40.671458987613633 ], [ -73.915155992563768, 40.671457759533297 ], [ -73.91515536150483, 40.671456429906776 ], [ -73.915155035664085, 40.67145503836975 ], [ -73.915155025634334, 40.671453625453196 ], [ -73.915155331365213, 40.671452230779863 ], [ -73.91598050092, 40.669273724095142 ], [ -73.918385687242491, 40.668663876433136 ], [ -73.919092831636476, 40.668554362592907 ] ] ] } },
{ "type": "Feature", "properties": { "group_id": "N1rel-123", "n_parks": 4, "extent_km": 0.308, "max_walk_m": 330.4, "park_area_acres": 3.51, "hull_area_acres": 25.56, "boroughs": "B", "members": "Eastern Parkway Extension (5/6); Rudd Playground; Thomas Boyland Park; Granite St Block Association" }, "geometry": { "type": "Polygon", "coordinates": [ [ [ -73.90627702670858, 40.679409086962579 ], [ -73.906283726754694, 40.67940966424689 ], [ -73.90628958847266, 40.679412543464686 ], [ -73.908371465969594, 40.681837052464928 ], [ -73.90810057122637, 40.682115100848826 ], [ -73.907775045832096, 40.682449217678318 ], [ -73.907667646211081, 40.682559449985689 ], [ -73.905768183011688, 40.684053120803952 ], [ -73.905300484503755, 40.683772759707495 ], [ -73.904813226746057, 40.683318349788919 ], [ -73.904103297770646, 40.681422177057136 ], [ -73.904232327024062, 40.681283082952504 ], [ -73.904249360279962, 40.681265163376871 ], [ -73.904446051180628, 40.681058245413183 ], [ -73.905147703188121, 40.680333979984461 ], [ -73.905251078075992, 40.680233754105885 ], [ -73.90535866941336, 40.680136136791184 ], [ -73.905426042544903, 40.680078934751194 ], [ -73.905531025869848, 40.679994179885639 ], [ -73.906078316397654, 40.679563220058242 ], [ -73.90627702670858, 40.679409086962579 ] ] ] } },
{ "type": "Feature", "properties": { "group_id": "N1rel-124", "n_parks": 4, "extent_km": 0.513, "max_walk_m": 460.2, "park_area_acres": 33.13, "hull_area_acres": 69.78, "boroughs": "B", "members": "Fort Greene Park; Albert L. Parham Playground; Oracle Playground; Edmonds Playground" }, "geometry": { "type": "Polygon", "coordinates": [ [ [ -73.97152661374092, 40.688810504298488 ], [ -73.977115805265186, 40.689885072425703 ], [ -73.977595255310533, 40.691643979752968 ], [ -73.977599537184815, 40.691664069232083 ], [ -73.977630684306575, 40.691814312386917 ], [ -73.977689295233773, 40.693333503545112 ], [ -73.971925366693256, 40.694092648361284 ], [ -73.971199049245669, 40.694175375501679 ], [ -73.971160446531584, 40.693984111321335 ], [ -73.971115441793984, 40.693761124951614 ], [ -73.970556392742054, 40.690957546699515 ], [ -73.970370456456394, 40.690015192934887 ], [ -73.971134421281988, 40.68885560696107 ], [ -73.97152661374092, 40.688810504298488 ] ] ] } },
{ "type": "Feature", "properties": { "group_id": "N1rel-125", "n_parks": 4, "extent_km": 0.535, "max_walk_m": 669.1, "park_area_acres": 5.2, "hull_area_acres": 49.3, "boroughs": "B", "members": "Kelly Park Playground; Sgt. Joyce Kilmer Square; Kelly Park Playground; Avenue R Mall" }, "geometry": { "type": "Polygon", "coordinates": [ [ [ -73.95812491904897, 40.603495372681259 ], [ -73.965295144625642, 40.604948346612993 ], [ -73.965309388666682, 40.604951607200441 ], [ -73.965319352903279, 40.604966809216222 ], [ -73.96531649684411, 40.604978748374251 ], [ -73.960840701618764, 40.607857026143677 ], [ -73.960821838327831, 40.607857855399459 ], [ -73.960789358114482, 40.607859279755026 ], [ -73.956130912416683, 40.604878583507748 ], [ -73.956026108190301, 40.604335118967512 ], [ -73.956313600251747, 40.603693039332022 ], [ -73.956925504084182, 40.603625717633726 ], [ -73.95812491904897, 40.603495372681259 ] ] ] } },
{ "type": "Feature", "properties": { "group_id": "N1rel-126", "n_parks": 4, "extent_km": 0.592, "max_walk_m": 531.5, "park_area_acres": 8.94, "hull_area_acres": 46.94, "boroughs": "B", "members": "McLaughlin Park; Korean War Veterans Plaza; Columbus Park; Park" }, "geometry": { "type": "Polygon", "coordinates": [ [ [ -73.989243479792805, 40.692434573107832 ], [ -73.989452354461349, 40.692440401650174 ], [ -73.989653863324961, 40.692446024734991 ], [ -73.990644142261729, 40.692591989897089 ], [ -73.990655385874305, 40.692595061559715 ], [ -73.990659964197633, 40.692596611714151 ], [ -73.99066588167193, 40.692598890491944 ], [ -73.990671379132095, 40.692601306113396 ], [ -73.990676974737156, 40.692604090952827 ], [ -73.990685486345228, 40.692609048065286 ], [ -73.990692917766481, 40.692614225715381 ], [ -73.990699512711615, 40.692619659043089 ], [ -73.990703309917222, 40.692623244291866 ], [ -73.990707497420743, 40.692627696765996 ], [ -73.990714160553679, 40.692636244072133 ], [ -73.990718739234183, 40.692643757420875 ], [ -73.990722442370185, 40.692651713751218 ], [ -73.990725344419459, 40.692660662382153 ], [ -73.990726906138846, 40.692668844568502 ], [ -73.990727467970146, 40.692678321611815 ], [ -73.990907629597245, 40.695957909741274 ], [ -73.990907827610897, 40.695963444307047 ], [ -73.990907638736033, 40.695968978842288 ], [ -73.99090706652413, 40.695974498038524 ], [ -73.990906112160374, 40.695979986587105 ], [ -73.99090477682978, 40.695985429179466 ], [ -73.990903065267204, 40.695990809606734 ], [ -73.990900982206867, 40.695996114361478 ], [ -73.990898532383454, 40.696001328135452 ], [ -73.990895725264224, 40.69600643472009 ], [ -73.990892566766476, 40.696011421508679 ], [ -73.990889065174159, 40.696016274994172 ], [ -73.990885231137597, 40.696020979868656 ], [ -73.990881076489842, 40.696025523525876 ], [ -73.99087661069764, 40.696029895160365 ], [ -73.99087184796069, 40.696034079464525 ], [ -73.990866801295169, 40.696038065633189 ], [ -73.990861483716813, 40.696041844662233 ], [ -73.99085591179167, 40.696045403045247 ], [ -73.990850100901611, 40.696048732678825 ], [ -73.990844065246065, 40.696051822757887 ], [ -73.986158097563091, 40.698349657678342 ], [ -73.985336714634258, 40.698327917553506 ], [ -73.985149104406275, 40.698319653811161 ], [ -73.985140607160488, 40.696725268523146 ], [ -73.985167941750149, 40.696240962917166 ], [ -73.989243479792805, 40.692434573107832 ] ] ] } },
{ "type": "Feature", "properties": { "group_id": "N1rel-127", "n_parks": 4, "extent_km": 0.517, "max_walk_m": 399.1, "park_area_acres": 3.1, "hull_area_acres": 23.97, "boroughs": "B", "members": "Grace Playground; Duke Park; Ps 149 Artsy Bloom Community Garden; St John Cantius Parish" }, "geometry": { "type": "Polygon", "coordinates": [ [ [ -73.893398567201132, 40.666716017978629 ], [ -73.894157966226985, 40.667331764670557 ], [ -73.895103068061928, 40.670774359019326 ], [ -73.895188700747383, 40.671110438485485 ], [ -73.894885424728542, 40.671925212441884 ], [ -73.894036258679122, 40.67205138729036 ], [ -73.891902591228671, 40.66976400343696 ], [ -73.891886618867218, 40.669701409760236 ], [ -73.893055776580255, 40.66676851240841 ], [ -73.893398567201132, 40.666716017978629 ] ] ] } },
{ "type": "Feature", "properties": { "group_id": "N1rel-128", "n_parks": 4, "extent_km": 0.598, "max_walk_m": 567.3, "park_area_acres": 4.88, "hull_area_acres": 53.21, "boroughs": "B", "members": "Saratoga Park; Brevoort Playground; Welcome Home Garden; Halsey Ralph & Howard Community Garden" }, "geometry": { "type": "Polygon", "coordinates": [ [ [ -73.922682056292302, 40.679916846011544 ], [ -73.922715787028224, 40.679919671974744 ], [ -73.922748360545583, 40.679926913275239 ], [ -73.922778788232591, 40.67993835042541 ], [ -73.922806144315302, 40.679953636107669 ], [ -73.923015377794556, 40.680093456923565 ], [ -73.925328211226784, 40.684714580384579 ], [ -73.92538383288867, 40.684994085622584 ], [ -73.925313102162875, 40.685002286644853 ], [ -73.925293660202144, 40.685004540618422 ], [ -73.91780474918319, 40.685401473136253 ], [ -73.917705121222482, 40.684846803167126 ], [ -73.922359534088841, 40.679952227982866 ], [ -73.922648193770684, 40.679918522523366 ], [ -73.922682056292302, 40.679916846011544 ] ] ] } },
{ "type": "Feature", "properties": { "group_id": "N1rel-129", "n_parks": 4, "extent_km": 0.781, "max_walk_m": 554.0, "park_area_acres": 22.12, "hull_area_acres": 89.01, "boroughs": "B", "members": "Shore Park and Parkway (2/10); Shore Park and Parkway (9/10); Russell Pedersen Playground; Fort Hamilton Athletic Field" }, "geometry": { "type": "Polygon", "coordinates": [ [ [ -74.040892399738297, 40.617768798252015 ], [ -74.041605923467017, 40.620515854151925 ], [ -74.041628116902515, 40.620628079788659 ], [ -74.041641743951047, 40.620741095578076 ], [ -74.041886832540442, 40.62405889985331 ], [ -74.04189781647527, 40.624212693889064 ], [ -74.041900072441493, 40.624366704525855 ], [ -74.04189359429084, 40.62452064720209 ], [ -74.041878393599632, 40.624674231944518 ], [ -74.041513158220923, 40.627509803747685 ], [ -74.041510304636873, 40.627531340397894 ], [ -74.038126783913512, 40.627496829441867 ], [ -74.035716213337309, 40.626933707042745 ], [ -74.03619722311123, 40.625725692825604 ], [ -74.03963208670271, 40.617987919987705 ], [ -74.040435884178393, 40.617848171152453 ], [ -74.040751695773409, 40.617793262213652 ], [ -74.040892399738297, 40.617768798252015 ] ] ] } },
{ "type": "Feature", "properties": { "group_id": "N1rel-130", "n_parks": 4, "extent_km": 0.427, "max_walk_m": 564.7, "park_area_acres": 1.36, "hull_area_acres": 23.86, "boroughs": "B", "members": "Weeksville Playground; Carver Playground; Louis Pl Friends; Sumpter Community Garden" }, "geometry": { "type": "Polygon", "coordinates": [ [ [ -73.919326928348127, 40.677048637716688 ], [ -73.919656731991012, 40.677066708591127 ], [ -73.920851459043377, 40.679989001404628 ], [ -73.920959429478671, 40.680533949140617 ], [ -73.920210960337556, 40.680619833338689 ], [ -73.917512789326167, 40.680186636388555 ], [ -73.916870350055817, 40.67743386557968 ], [ -73.916871276667024, 40.677424002908033 ], [ -73.916874981885798, 40.677384584638922 ], [ -73.919326928348127, 40.677048637716688 ] ] ] } },
{ "type": "Feature", "properties": { "group_id": "N1rel-131", "n_parks": 4, "extent_km": 0.696, "max_walk_m": 799.7, "park_area_acres": 1.0, "hull_area_acres": 34.5, "boroughs": "B", "members": "Ennis Playground; Triangle Three Sixteen; Park; Park" }, "geometry": { "type": "Polygon", "coordinates": [ [ [ -73.990894344556494, 40.663935726800887 ], [ -73.992299070829944, 40.664419587540131 ], [ -73.992386000253902, 40.664472114122759 ], [ -73.992479067025712, 40.664528350266238 ], [ -73.99482967698151, 40.666273699596985 ], [ -73.995361260730519, 40.667528238871725 ], [ -73.99536268761409, 40.667536348973591 ], [ -73.995362098279969, 40.667541798870815 ], [ -73.99536031330689, 40.667547086626996 ], [ -73.994248203913941, 40.670575864555687 ], [ -73.993849293710326, 40.671053128758949 ], [ -73.993367472910236, 40.67082023863184 ], [ -73.990893941244863, 40.663936113990871 ], [ -73.990894344556494, 40.663935726800887 ] ] ] } },
{ "type": "Feature", "properties": { "group_id": "N1rel-132", "n_parks": 4, "extent_km": 0.326, "max_walk_m": 337.6, "park_area_acres": 1.01, "hull_area_acres": 16.02, "boroughs": "B", "members": "St. Mary's Park; St. Mary's Park; Cough Triangle; Admiral Triangle" }, "geometry": { "type": "Polygon", "coordinates": [ [ [ -73.99987558764154, 40.674382057212675 ], [ -74.000002412885507, 40.674585038751516 ], [ -74.001372397370559, 40.677159186323323 ], [ -73.997217330873681, 40.67672690210707 ], [ -73.996973103947226, 40.676657441043041 ], [ -73.997221802842148, 40.676135753915545 ], [ -73.997530721594174, 40.675488257499566 ], [ -73.99987558764154, 40.674382057212675 ] ] ] } },
{ "type": "Feature", "properties": { "group_id": "N1rel-133", "n_parks": 4, "extent_km": 0.584, "max_walk_m": 654.8, "park_area_acres": 3.33, "hull_area_acres": 20.47, "boroughs": "B", "members": "William Sheridan Playground; Berry Playground; Grand Ferry Park; Berry Street Garden" }, "geometry": { "type": "Polygon", "coordinates": [ [ [ -73.963347467695002, 40.712434620224023 ], [ -73.963833342157912, 40.712611393759396 ], [ -73.968176040867149, 40.71684722734399 ], [ -73.968174636250154, 40.71685173130755 ], [ -73.96814535380409, 40.716945605895106 ], [ -73.967875897525516, 40.717382835848859 ], [ -73.963613550284222, 40.715346742273994 ], [ -73.963270405360731, 40.713335257601841 ], [ -73.963192548516233, 40.712676957656498 ], [ -73.963347467695002, 40.712434620224023 ] ] ] } },
{ "type": "Feature", "properties": { "group_id": "N1rel-134", "n_parks": 4, "extent_km": 0.663, "max_walk_m": 763.0, "park_area_acres": 2.63, "hull_area_acres": 59.62, "boroughs": "B", "members": "Martinez Playground; Ten Eyck Playground; Sunshine Community Garden; Oko Farms Aquaponics Education Garden" }, "geometry": { "type": "Polygon", "coordinates": [ [ [ -73.941336294929329, 40.703527036404836 ], [ -73.944074996320438, 40.705142713755507 ], [ -73.945033663371916, 40.708727169704602 ], [ -73.945135309925163, 40.709341534334605 ], [ -73.944343078128924, 40.709416147689865 ], [ -73.938453187695643, 40.709179336038787 ], [ -73.938357848493283, 40.708621601097256 ], [ -73.941247638649571, 40.703535357841901 ], [ -73.941336294929329, 40.703527036404836 ] ] ] } },
{ "type": "Feature", "properties": { "group_id": "N1rel-135", "n_parks": 4, "extent_km": 0.298, "max_walk_m": 469.8, "park_area_acres": 7.1, "hull_area_acres": 34.65, "boroughs": "B", "members": "City Line Park; Crystal Wells Block Association; Green Gems; Shield Of Faith" }, "geometry": { "type": "Polygon", "coordinates": [ [ [ -73.875505501668314, 40.676272576033256 ], [ -73.878646169104613, 40.677399297614663 ], [ -73.878671602465076, 40.6775017859893 ], [ -73.878683917594017, 40.677551411974562 ], [ -73.878695831159135, 40.677599420209091 ], [ -73.876449820426174, 40.680060790864921 ], [ -73.873967096986917, 40.680728123872434 ], [ -73.873177872571091, 40.678185425169133 ], [ -73.874859506011276, 40.676363565735009 ], [ -73.875216139276546, 40.676313333287546 ], [ -73.875505501668314, 40.676272576033256 ] ] ] } },
{ "type": "Feature", "properties": { "group_id": "N1rel-136", "n_parks": 4, "extent_km": 0.369, "max_walk_m": 444.3, "park_area_acres": 1.71, "hull_area_acres": 8.52, "boroughs": "B", "members": "Elton Playground; Linwood Playground; Elton St Block Association; Family Community Garden" }, "geometry": { "type": "Polygon", "coordinates": [ [ [ -73.881394924658537, 40.665153607603905 ], [ -73.881608520071225, 40.665440021756488 ], [ -73.882017777191336, 40.668707368607038 ], [ -73.881699172690219, 40.668753979936838 ], [ -73.879901092060379, 40.665713086879961 ], [ -73.880149389589548, 40.665604954236642 ], [ -73.88052936451615, 40.665440165895028 ], [ -73.881394924658537, 40.665153607603905 ] ] ] } },
{ "type": "Feature", "properties": { "group_id": "N1rel-137", "n_parks": 4, "extent_km": 0.577, "max_walk_m": 313.3, "park_area_acres": 1.24, "hull_area_acres": 80.78, "boroughs": "B", "members": "Flatbush Malls; Flatbush Malls; Flatbush Mall; Hot Spot Tot Lot" }, "geometry": { "type": "Polygon", "coordinates": [ [ [ -73.960276975722635, 40.629481586542873 ], [ -73.960283173677595, 40.629482054252726 ], [ -73.960283493933133, 40.62948215071895 ], [ -73.960288070864081, 40.629483539100164 ], [ -73.966484681704671, 40.631930769550188 ], [ -73.966489812337414, 40.631934065145465 ], [ -73.966493032571265, 40.631937900495487 ], [ -73.966494865292276, 40.63194375800763 ], [ -73.966494110738395, 40.631949325699047 ], [ -73.966492098289805, 40.63195300823687 ], [ -73.966488885186166, 40.631956157317219 ], [ -73.961303411892288, 40.63479638324872 ], [ -73.961297177189465, 40.634799307837525 ], [ -73.961296958448713, 40.634799410423049 ], [ -73.961287433521989, 40.634801241574053 ], [ -73.961286477267322, 40.634801185419938 ], [ -73.961279568359359, 40.634800775158425 ], [ -73.954972070436426, 40.63321825418457 ], [ -73.954965655396492, 40.633214969279294 ], [ -73.954961372384645, 40.633210465905691 ], [ -73.954960719977549, 40.633208603376168 ], [ -73.954959934264565, 40.633206349969107 ], [ -73.954960110165175, 40.633201425097894 ], [ -73.954962085732603, 40.633197342917178 ], [ -73.956745092558407, 40.630681579090343 ], [ -73.960269767479033, 40.62948261244567 ], [ -73.960276674295997, 40.629481628763159 ], [ -73.960276975722635, 40.629481586542873 ] ] ] } },
{ "type": "Feature", "properties": { "group_id": "N1rel-138", "n_parks": 4, "extent_km": 0.741, "max_walk_m": 734.8, "park_area_acres": 2.33, "hull_area_acres": 37.39, "boroughs": "B", "members": "Decatur Playground; Potomac Playground; Hancock T and T; Halsey Garden" }, "geometry": { "type": "Polygon", "coordinates": [ [ [ -73.936813599377302, 40.681147468728284 ], [ -73.944761497650433, 40.681736909279486 ], [ -73.944868910962882, 40.682281186610496 ], [ -73.943146774549831, 40.683237734809119 ], [ -73.943026805214927, 40.683251571305931 ], [ -73.935596802629235, 40.683357972837122 ], [ -73.935538880592546, 40.683073123962117 ], [ -73.936125490337147, 40.681226717693981 ], [ -73.936813599377302, 40.681147468728284 ] ] ] } },
{ "type": "Feature", "properties": { "group_id": "N1rel-139", "n_parks": 4, "extent_km": 0.651, "max_walk_m": 424.6, "park_area_acres": 1.88, "hull_area_acres": 13.34, "boroughs": "B", "members": "Thomas J. Cuite Park; Park; Sitting Area; Park" }, "geometry": { "type": "Polygon", "coordinates": [ [ [ -73.975924456683913, 40.651004368358727 ], [ -73.982007568954643, 40.65698988366244 ], [ -73.981944937819748, 40.657051401659821 ], [ -73.981702601185603, 40.656907540922859 ], [ -73.978370960327368, 40.654852047855677 ], [ -73.978315640720567, 40.654816500335187 ], [ -73.978269052341517, 40.654783914437466 ], [ -73.978218858259126, 40.654745823877732 ], [ -73.978182130152817, 40.654716765335671 ], [ -73.978147683139852, 40.654687138088384 ], [ -73.978127334094353, 40.654668235969268 ], [ -73.97809732706061, 40.654638695100111 ], [ -73.978065041638288, 40.654605277062537 ], [ -73.97681065454637, 40.65318903171417 ], [ -73.976043836880223, 40.651637393095669 ], [ -73.975924456683913, 40.651004368358727 ] ] ] } },
{ "type": "Feature", "properties": { "group_id": "N1rel-140", "n_parks": 4, "extent_km": 0.473, "max_walk_m": 448.9, "park_area_acres": 2.47, "hull_area_acres": 22.67, "boroughs": "B", "members": "Classon Playground; Lafayette Gardens Playground; Cedar Tree Garden; 100 Quincy Street Community Garden" }, "geometry": { "type": "Polygon", "coordinates": [ [ [ -73.957252898185828, 40.685823973427425 ], [ -73.960830465061306, 40.688958945020445 ], [ -73.960984001141739, 40.689735200997951 ], [ -73.960691993672796, 40.689918124658845 ], [ -73.960335504382542, 40.689959407042217 ], [ -73.957378436027597, 40.690170839466106 ], [ -73.957336591558075, 40.690171239097431 ], [ -73.957241707779701, 40.689699299771135 ], [ -73.9572250081211, 40.689616233813588 ], [ -73.957163765806541, 40.685834221448182 ], [ -73.957252898185828, 40.685823973427425 ] ] ] } },
{ "type": "Feature", "properties": { "group_id": "N1rel-141", "n_parks": 4, "extent_km": 0.519, "max_walk_m": 649.9, "park_area_acres": 2.2, "hull_area_acres": 9.91, "boroughs": "B", "members": "Tiger Playground; Evergreen Playground; Cooper St Block Buster Bl Association; Moffat Garden" }, "geometry": { "type": "Polygon", "coordinates": [ [ [ -73.910517222123559, 40.683478696960911 ], [ -73.910818505406326, 40.683649730527215 ], [ -73.91127066710753, 40.686036193442298 ], [ -73.911533823216999, 40.688155852137513 ], [ -73.911015463169903, 40.688683742540064 ], [ -73.910424295524464, 40.688347382319677 ], [ -73.910253751262474, 40.686143171163529 ], [ -73.910482889265353, 40.683513694864956 ], [ -73.910517222123559, 40.683478696960911 ] ] ] } },
{ "type": "Feature", "properties": { "group_id": "N1rel-142", "n_parks": 4, "extent_km": 0.32, "max_walk_m": 290.0, "park_area_acres": 1.34, "hull_area_acres": 11.23, "boroughs": "B", "members": "Newport Playground; Gethsemane Garden; United Community Centers Youth Farm; Abib Newborn Garden" }, "geometry": { "type": "Polygon", "coordinates": [ [ [ -73.909644865485845, 40.65887649254455 ], [ -73.909713468220687, 40.659145952303696 ], [ -73.907453961914911, 40.661075009963071 ], [ -73.906746968334133, 40.661181374463766 ], [ -73.905788494091155, 40.659729686824292 ], [ -73.905713372043209, 40.659436019791471 ], [ -73.9060669089355, 40.659383429777286 ], [ -73.909644865485845, 40.65887649254455 ] ] ] } },
{ "type": "Feature", "properties": { "group_id": "N1rel-143", "n_parks": 4, "extent_km": 0.746, "max_walk_m": 714.1, "park_area_acres": 8.98, "hull_area_acres": 60.32, "boroughs": "B/Q", "members": "George Walker Jr. Park; Jackie Robinson Parkway (11/17); Jackie Robinson Parkway (2/17); Jackie Robinson Parkway (9/17)" }, "geometry": { "type": "Polygon", "coordinates": [ [ [ -73.897738440763348, 40.678312523202024 ], [ -73.897870961222679, 40.678379327653886 ], [ -73.900024602746939, 40.679619606489737 ], [ -73.900024615509722, 40.679694729260291 ], [ -73.8953962419791, 40.684347222408462 ], [ -73.894909370661807, 40.684832410941958 ], [ -73.894583309658117, 40.685153536920019 ], [ -73.892923430820076, 40.686779392620231 ], [ -73.892864819955477, 40.686751174800641 ], [ -73.894695662408566, 40.678505040940934 ], [ -73.89507279816732, 40.678448505343404 ], [ -73.895442781372267, 40.678393040827643 ], [ -73.897738440763348, 40.678312523202024 ] ] ] } },
{ "type": "Feature", "properties": { "group_id": "N1rel-144", "n_parks": 4, "extent_km": 0.474, "max_walk_m": 645.3, "park_area_acres": 27.85, "hull_area_acres": 86.33, "boroughs": "M", "members": "Annunciation Playground; Dorrance Brooks Square; St. Nicholas Park; Jacob H. Schiff Playground" }, "geometry": { "type": "Polygon", "coordinates": [ [ [ -73.951109306067991, 40.812618267716218 ], [ -73.95169283252595, 40.812860998740774 ], [ -73.952630418831106, 40.818093286444864 ], [ -73.953002975438821, 40.820200078440067 ], [ -73.952197572515445, 40.821307077723667 ], [ -73.947382096156133, 40.821722875942605 ], [ -73.946279207977085, 40.821261708664743 ], [ -73.947156118261702, 40.818363217707969 ], [ -73.949170369303317, 40.815020619705869 ], [ -73.950437434570176, 40.813287259359512 ], [ -73.951109306067991, 40.812618267716218 ] ] ] } },
{ "type": "Feature", "properties": { "group_id": "N1rel-145", "n_parks": 4, "extent_km": 0.695, "max_walk_m": 662.5, "park_area_acres": 10.59, "hull_area_acres": 100.71, "boroughs": "M", "members": "Bryant Park; Greeley Square Park; Herald Square; Park Avenue Malls" }, "geometry": { "type": "Polygon", "coordinates": [ [ [ -73.981276712252736, 40.747139646863047 ], [ -73.981282845469536, 40.747140298925999 ], [ -73.988275062639772, 40.748403638179134 ], [ -73.988498326529339, 40.748497657325501 ], [ -73.987694106030574, 40.750500439224524 ], [ -73.987692486804207, 40.750503377402353 ], [ -73.987690430632895, 40.750506352454131 ], [ -73.987688027539789, 40.750509198696477 ], [ -73.98401125288062, 40.754644582147598 ], [ -73.982615810235103, 40.754058117660399 ], [ -73.981087467558822, 40.753415767819561 ], [ -73.979065374020792, 40.750169318131249 ], [ -73.979062358437346, 40.750164471059982 ], [ -73.979060412199942, 40.750159317110501 ], [ -73.979059504476496, 40.750154000358215 ], [ -73.979059640963271, 40.750149233104416 ], [ -73.979060458110879, 40.750145105333594 ], [ -73.979062296135496, 40.750140415832604 ], [ -73.979063245141191, 40.750138711347283 ], [ -73.979086323928414, 40.750106834026305 ], [ -73.981035360282348, 40.747427744190738 ], [ -73.981201710956043, 40.747201742569764 ], [ -73.981235921893884, 40.747155385578679 ], [ -73.9812395793234, 40.747151586938131 ], [ -73.981243894968401, 40.747148208040656 ], [ -73.981248134605138, 40.747145640486828 ], [ -73.981253468258643, 40.747143246908657 ], [ -73.981260644244529, 40.747141049940382 ], [ -73.981268982709253, 40.747139784284279 ], [ -73.981276712252736, 40.747139646863047 ] ] ] } },
{ "type": "Feature", "properties": { "group_id": "N1rel-146", "n_parks": 4, "extent_km": 0.532, "max_walk_m": 413.2, "park_area_acres": 15.27, "hull_area_acres": 45.39, "boroughs": "M", "members": "City Hall Park; Columbus Park; Thomas Paine Park; Collect Pond Park" }, "geometry": { "type": "Polygon", "coordinates": [ [ [ -74.007531729540943, 40.711768837480975 ], [ -74.007579419629437, 40.711772347243183 ], [ -74.00761987821636, 40.711779432492058 ], [ -74.007680823245693, 40.711798053704818 ], [ -74.007735310098653, 40.711824703372351 ], [ -74.007771639494308, 40.711849829676638 ], [ -74.007806421853246, 40.711882291634424 ], [ -74.007828454637774, 40.711910196964659 ], [ -74.007849559631907, 40.711948145749624 ], [ -74.007861796320228, 40.711988564336764 ], [ -74.007864684774489, 40.712006103386059 ], [ -74.007865949380587, 40.712022088264739 ], [ -74.007864903154925, 40.712051555747173 ], [ -74.007859893405069, 40.712079225180382 ], [ -74.007852894853883, 40.71210153130734 ], [ -74.007733648932827, 40.71226644629543 ], [ -74.00626408775797, 40.71399832008079 ], [ -74.001899752598419, 40.716725763861298 ], [ -74.000082144593762, 40.716101236993552 ], [ -73.999449671947374, 40.715881838103094 ], [ -73.999642883133575, 40.71406182014757 ], [ -74.005310443864147, 40.712314044995672 ], [ -74.005407990910257, 40.712285084534663 ], [ -74.00740671058, 40.711783970570487 ], [ -74.007443266866787, 40.711775685315125 ], [ -74.007490793776185, 40.711769852325979 ], [ -74.007531729540943, 40.711768837480975 ] ] ] } },
{ "type": "Feature", "properties": { "group_id": "N1rel-147", "n_parks": 4, "extent_km": 0.623, "max_walk_m": 509.4, "park_area_acres": 10.21, "hull_area_acres": 39.44, "boroughs": "M", "members": "Duane Park; Battery Park City (2/4); Washington Market Park; Tribeca Dog Run" }, "geometry": { "type": "Polygon", "coordinates": [ [ [ -74.014747350073264, 40.715456757232424 ], [ -74.016763926348276, 40.715538140322458 ], [ -74.017275039468657, 40.71565657957138 ], [ -74.016673358742963, 40.718805580548661 ], [ -74.014682690786216, 40.718533232166372 ], [ -74.013187913594507, 40.718328703776329 ], [ -74.009225014972628, 40.717222032247818 ], [ -74.009215422086385, 40.717218878529295 ], [ -74.00920401091706, 40.717212874841074 ], [ -74.009196261376161, 40.717205483173281 ], [ -74.009189913135586, 40.717198152627788 ], [ -74.009184442749586, 40.717188498695947 ], [ -74.009185543541193, 40.717180754221523 ], [ -74.009200446177488, 40.717075911146431 ], [ -74.009201579384509, 40.717071528273316 ], [ -74.009207028798841, 40.717066499389354 ], [ -74.009219717779615, 40.717061306933296 ], [ -74.01196564518311, 40.716083319094025 ], [ -74.014738551018112, 40.715457670576136 ], [ -74.014742901369587, 40.715456937003736 ], [ -74.014747350073264, 40.715456757232424 ] ] ] } },
{ "type": "Feature", "properties": { "group_id": "N1rel-148", "n_parks": 4, "extent_km": 0.782, "max_walk_m": 792.9, "park_area_acres": 13.25, "hull_area_acres": 104.18, "boroughs": "M", "members": "Madison Square Park; Union Square Park; Worth Square; Chelsea Green" }, "geometry": { "type": "Polygon", "coordinates": [ [ [ -73.990023043802637, 40.734559046180905 ], [ -73.990026654461261, 40.734559208585097 ], [ -73.990030229568632, 40.734559614123263 ], [ -73.990033745450745, 40.734560245683646 ], [ -73.990559725440022, 40.734781994152783 ], [ -73.991446500439721, 40.735159034043242 ], [ -73.991619801915974, 40.735233095545816 ], [ -73.99162472635291, 40.73523586136367 ], [ -73.991629005525269, 40.735239190852312 ], [ -73.991632529346404, 40.735242998455632 ], [ -73.996309665419119, 40.741549161991237 ], [ -73.996151011591422, 40.741780646539915 ], [ -73.98810810401082, 40.743310928973784 ], [ -73.986777821875648, 40.742758442738122 ], [ -73.989982068040234, 40.734581591342248 ], [ -73.989983287774493, 40.734579006990572 ], [ -73.98998479161591, 40.734576503709334 ], [ -73.989986567722056, 40.734574108512653 ], [ -73.989988616090187, 40.734571839410769 ], [ -73.989990913040927, 40.734569714411705 ], [ -73.989993434896405, 40.734567742518514 ], [ -73.989996169814134, 40.734565950745349 ], [ -73.98999909411765, 40.734564339090142 ], [ -73.990002195965815, 40.734562925562017 ], [ -73.990005451680801, 40.734561719163978 ], [ -73.990008813909313, 40.734560719891931 ], [ -73.990012294485709, 40.734559954762133 ], [ -73.99001583421979, 40.73455941476432 ], [ -73.990019433108912, 40.734559117908674 ], [ -73.990023043802637, 40.734559046180905 ] ] ] } },
{ "type": "Feature", "properties": { "group_id": "N1rel-149", "n_parks": 4, "extent_km": 0.975, "max_walk_m": 332.1, "park_area_acres": 2.53, "hull_area_acres": 32.55, "boroughs": "M", "members": "Mitchel Square; Broadway Malls; McKenna Square; Audubon Playground" }, "geometry": { "type": "Polygon", "coordinates": [ [ [ -73.945270327870318, 40.833493340291675 ], [ -73.945276126397545, 40.833493581674169 ], [ -73.945282310634937, 40.833494786768412 ], [ -73.945288126689306, 40.833496782321802 ], [ -73.945293274538983, 40.833499650136957 ], [ -73.945298684175441, 40.833504238920831 ], [ -73.945301867589876, 40.833508441237058 ], [ -73.945303596658476, 40.833512188113801 ], [ -73.945304668154463, 40.833518295774958 ], [ -73.945304014950892, 40.833523994694218 ], [ -73.945302592656446, 40.8335278157179 ], [ -73.94517210737159, 40.833716591933694 ], [ -73.944735551671357, 40.834319701260604 ], [ -73.940128293487561, 40.840625242843487 ], [ -73.939925485397808, 40.840898887363181 ], [ -73.939922879565387, 40.840902397929852 ], [ -73.939920147963136, 40.840906000281208 ], [ -73.93986347163731, 40.840980703585089 ], [ -73.938160914538798, 40.841839318752108 ], [ -73.937673042802743, 40.841635836460256 ], [ -73.939072905403307, 40.838327717600549 ], [ -73.939085485529574, 40.838301719787943 ], [ -73.939104814547406, 40.838274391906111 ], [ -73.939107370963868, 40.838271693575642 ], [ -73.945250915476194, 40.833498527831132 ], [ -73.945256330997083, 40.833495961291277 ], [ -73.945262869837336, 40.83349414899817 ], [ -73.945270327870318, 40.833493340291675 ] ] ] } },
{ "type": "Feature", "properties": { "group_id": "N1rel-150", "n_parks": 4, "extent_km": 0.583, "max_walk_m": 449.4, "park_area_acres": 7.42, "hull_area_acres": 49.28, "boroughs": "M", "members": "Riverside Park (2/4); Riverside Park (3/4); Broadway Malls (2/5); Broadway Malls (4/5)" }, "geometry": { "type": "Polygon", "coordinates": [ [ [ -73.953049914786831, 40.825987391754431 ], [ -73.953553315606356, 40.826243941828047 ], [ -73.949895615157772, 40.832444424954261 ], [ -73.945402483432716, 40.833393529095083 ], [ -73.945395603882275, 40.833394456949343 ], [ -73.945389187511111, 40.833394410687539 ], [ -73.945387463674564, 40.833394398164806 ], [ -73.945386938462406, 40.833394393413634 ], [ -73.945380241783809, 40.8333935221657 ], [ -73.94537816267804, 40.833393013302171 ], [ -73.945374290137224, 40.833392064147944 ], [ -73.945372406839979, 40.833391328452457 ], [ -73.945367164661604, 40.833389279145528 ], [ -73.94536115771362, 40.833385865226951 ], [ -73.945356823605138, 40.833382484518481 ], [ -73.945352393438611, 40.833377691789089 ], [ -73.945351934039735, 40.833376949564013 ], [ -73.945349072270531, 40.833372324169147 ], [ -73.945348728906268, 40.833371768401385 ], [ -73.945348375265269, 40.83337073356568 ], [ -73.945346777381829, 40.833366050237508 ], [ -73.945346268236207, 40.83336091987951 ], [ -73.945545377720251, 40.833083590636676 ], [ -73.947587720244513, 40.830285441071368 ], [ -73.948049524615101, 40.829654036586518 ], [ -73.948503944363253, 40.829032843909118 ], [ -73.949070855607673, 40.828261019971507 ], [ -73.953049914786831, 40.825987391754431 ] ] ] } },
{ "type": "Feature", "properties": { "group_id": "N1rel-151", "n_parks": 4, "extent_km": 0.676, "max_walk_m": 722.8, "park_area_acres": 5.04, "hull_area_acres": 57.47, "boroughs": "M", "members": "St. Vartan Park; Bellevue South Park; Vincent F. Albano Jr. Playground; Park" }, "geometry": { "type": "Polygon", "coordinates": [ [ [ -73.978203475992956, 40.739392171852664 ], [ -73.978692974978614, 40.739598020377102 ], [ -73.978828267048073, 40.742006132075502 ], [ -73.978703909497696, 40.742272869938745 ], [ -73.974846072013094, 40.745929153497713 ], [ -73.974287050726289, 40.745694077091144 ], [ -73.972783083921058, 40.74506161460021 ], [ -73.971642122600159, 40.743127816214049 ], [ -73.971894771607424, 40.742726216937982 ], [ -73.978203475992956, 40.739392171852664 ] ] ] } },
{ "type": "Feature", "properties": { "group_id": "N1rel-152", "n_parks": 4, "extent_km": 0.408, "max_walk_m": 295.6, "park_area_acres": 4.4, "hull_area_acres": 32.34, "boroughs": "M", "members": "Broadway Malls (3/11); Broadway Malls (6/11); Frederick Douglass Playground; Happy Warrior Playground" }, "geometry": { "type": "Polygon", "coordinates": [ [ [ -73.971518809989419, 40.794925842719621 ], [ -73.971612272241217, 40.794965141551423 ], [ -73.967961305311107, 40.800955651999622 ], [ -73.967885650743952, 40.800942352534086 ], [ -73.966842756528379, 40.797482435754681 ], [ -73.967906019948686, 40.795649103165168 ], [ -73.967992486937419, 40.795528245909253 ], [ -73.968600757326698, 40.794952260771147 ], [ -73.971518809989419, 40.794925842719621 ] ] ] } },
{ "type": "Feature", "properties": { "group_id": "N1rel-153", "n_parks": 4, "extent_km": 0.398, "max_walk_m": 405.5, "park_area_acres": 0.99, "hull_area_acres": 15.87, "boroughs": "M", "members": "Peck Slip; Fishbridge Garden; Pearl St Playground; Imagination Playground" }, "geometry": { "type": "Polygon", "coordinates": [ [ [ -74.003882845888185, 40.705878348724085 ], [ -74.004491144989061, 40.706420658670268 ], [ -74.004261808350677, 40.707900819725197 ], [ -74.001645915672896, 40.709326804724057 ], [ -74.00098833771662, 40.70879507039178 ], [ -74.001150163455975, 40.707462627583894 ], [ -74.003882845888185, 40.705878348724085 ] ] ] } },
{ "type": "Feature", "properties": { "group_id": "N1rel-154", "n_parks": 4, "extent_km": 0.418, "max_walk_m": 425.3, "park_area_acres": 1.12, "hull_area_acres": 8.32, "boroughs": "M", "members": "Petrosino Square; DeSalvio Playground; Rapkin-Gayle Plaza; Park" }, "geometry": { "type": "Polygon", "coordinates": [ [ [ -73.999113452810022, 40.720165126032533 ], [ -73.999426702335725, 40.720316015621364 ], [ -73.999169979416166, 40.720619636198606 ], [ -73.997356997440832, 40.721886015272197 ], [ -73.997351763417782, 40.72188903996333 ], [ -73.995102713013878, 40.722341255249894 ], [ -73.99471336052811, 40.722406935596837 ], [ -73.994383871569212, 40.722339569094814 ], [ -73.994532173601684, 40.72196440598151 ], [ -73.999113452810022, 40.720165126032533 ] ] ] } },
{ "type": "Feature", "properties": { "group_id": "N1rel-155", "n_parks": 4, "extent_km": 0.174, "max_walk_m": 124.2, "park_area_acres": 7.06, "hull_area_acres": 9.33, "boroughs": "M", "members": "Alice Kornegay Triangle; Park; Harlem River Park; Harlem River Park" }, "geometry": { "type": "Polygon", "coordinates": [ [ [ -73.933037420863172, 40.805179852209712 ], [ -73.93581772936048, 40.806349872893335 ], [ -73.935438181346825, 40.806945607234759 ], [ -73.935244476207615, 40.807209872313599 ], [ -73.934600875967263, 40.808026694120777 ], [ -73.932590416087166, 40.805569028548241 ], [ -73.933037420863172, 40.805179852209712 ] ] ] } },
{ "type": "Feature", "properties": { "group_id": "N1rel-156", "n_parks": 4, "extent_km": 0.335, "max_walk_m": 592.8, "park_area_acres": 1.63, "hull_area_acres": 15.97, "boroughs": "M", "members": "Sol Bloom Playground; Playground Eighty Nine LXXXIX; St. Gregory's Playground; W 87th Street Garden" }, "geometry": { "type": "Polygon", "coordinates": [ [ [ -73.970954606649229, 40.786938374013275 ], [ -73.971081857559469, 40.7869920605674 ], [ -73.972259113709598, 40.788638479159147 ], [ -73.972283014823418, 40.789451696527998 ], [ -73.9720889375361, 40.789717462184889 ], [ -73.968888781126196, 40.78999632206915 ], [ -73.968305870547738, 40.789752244634059 ], [ -73.968661266143769, 40.789262687354451 ], [ -73.970954606649229, 40.786938374013275 ] ] ] } },
{ "type": "Feature", "properties": { "group_id": "N1rel-157", "n_parks": 4, "extent_km": 0.509, "max_walk_m": 399.6, "park_area_acres": 6.19, "hull_area_acres": 28.73, "boroughs": "Q", "members": "Garlinge Triangle; Quick Brown Fox Triangle; Sitting Area; Elmhurst Park" }, "geometry": { "type": "Polygon", "coordinates": [ [ [ -73.888816757737175, 40.727449929256863 ], [ -73.890948734607662, 40.728328277304676 ], [ -73.890873815258416, 40.728404471368201 ], [ -73.885004229555022, 40.731336373465595 ], [ -73.884613447912045, 40.730576178847663 ], [ -73.884102061168122, 40.728929614393692 ], [ -73.888816757737175, 40.727449929256863 ] ] ] } },
{ "type": "Feature", "properties": { "group_id": "N1rel-158", "n_parks": 4, "extent_km": 0.226, "max_walk_m": 209.3, "park_area_acres": 3.15, "hull_area_acres": 7.08, "boroughs": "Q", "members": "Park Of The Americas; Veteran's Square; Corona Plaza; American Triangle" }, "geometry": { "type": "Polygon", "coordinates": [ [ [ -73.863333226328649, 40.747645132528 ], [ -73.863459963794426, 40.748451079294526 ], [ -73.863459711030913, 40.748452505398383 ], [ -73.863458317848995, 40.748460359772167 ], [ -73.863454234225841, 40.748467162766083 ], [ -73.86263972566465, 40.749746401248395 ], [ -73.862349574618619, 40.749762981701345 ], [ -73.861473417744989, 40.749193283559691 ], [ -73.861043723635305, 40.748332190813798 ], [ -73.863333226328649, 40.747645132528 ] ] ] } },
{ "type": "Feature", "properties": { "group_id": "N1rel-159", "n_parks": 4, "extent_km": 0.769, "max_walk_m": 499.1, "park_area_acres": 21.07, "hull_area_acres": 38.04, "boroughs": "Q", "members": "Laurelton Parkway (1/8); Laurelton Parkway (3/8); Laurelton Parkway (5/8); Laurelton Playground" }, "geometry": { "type": "Polygon", "coordinates": [ [ [ -73.737418700523804, 40.668649613411944 ], [ -73.738147258665705, 40.668990713568441 ], [ -73.738207164498576, 40.669018760237407 ], [ -73.738390438374225, 40.669292741098261 ], [ -73.736188453749648, 40.672488328906191 ], [ -73.736145996101257, 40.672545096630103 ], [ -73.734944676563913, 40.674089412815889 ], [ -73.733747828408411, 40.675612560848428 ], [ -73.733588301302021, 40.675806091315785 ], [ -73.733423147074447, 40.675996866441821 ], [ -73.733179887326472, 40.676262035798914 ], [ -73.733021879068829, 40.676425187288245 ], [ -73.732859661807979, 40.676585927102799 ], [ -73.732693300837639, 40.676744192340259 ], [ -73.731713444475432, 40.677648541019998 ], [ -73.731354563337902, 40.677453284277554 ], [ -73.730597275735562, 40.677041258871832 ], [ -73.736091095779457, 40.669986531215315 ], [ -73.737129154719014, 40.668819122107557 ], [ -73.737418700523804, 40.668649613411944 ] ] ] } },
{ "type": "Feature", "properties": { "group_id": "N1rel-160", "n_parks": 4, "extent_km": 0.523, "max_walk_m": 460.5, "park_area_acres": 0.88, "hull_area_acres": 22.76, "boroughs": "Q", "members": "William F Moore Park; Josephine Caminiti Playground; Corona Taxpayers Association; Corona Health Sanctuary" }, "geometry": { "type": "Polygon", "coordinates": [ [ [ -73.860041640090856, 40.74143389033388 ], [ -73.860212603014887, 40.741598691055593 ], [ -73.861741930861129, 40.743799899203459 ], [ -73.861691182325103, 40.744174652156865 ], [ -73.855360960876496, 40.743820071016948 ], [ -73.855186715595437, 40.74348127995961 ], [ -73.860041640090856, 40.74143389033388 ] ] ] } },
{ "type": "Feature", "properties": { "group_id": "N1rel-161", "n_parks": 4, "extent_km": 0.759, "max_walk_m": 609.4, "park_area_acres": 5.17, "hull_area_acres": 36.43, "boroughs": "Q", "members": "Mall Thirty Four XXXIV (3/7); Mall Thirty Four XXXIV (5/7); Hinton Park; Louis Armstrong Playground" }, "geometry": { "type": "Polygon", "coordinates": [ [ [ -73.855739902058389, 40.754513581430786 ], [ -73.866118024144043, 40.755711142526245 ], [ -73.866120433393007, 40.755724398899602 ], [ -73.855726789992801, 40.756970488776233 ], [ -73.855647508268476, 40.756979717800341 ], [ -73.855565301816299, 40.756986603587578 ], [ -73.855481327556362, 40.756991729310123 ], [ -73.855420756057654, 40.756994125194609 ], [ -73.855382604285822, 40.756994397885592 ], [ -73.855281490490441, 40.756993591021065 ], [ -73.855228621797337, 40.756992452088348 ], [ -73.855140614451386, 40.756990297303666 ], [ -73.855085379422334, 40.756986006259062 ], [ -73.855011130620852, 40.75697889068379 ], [ -73.854880655183024, 40.756745372787556 ], [ -73.853994688885166, 40.75503666251344 ], [ -73.853974567644386, 40.754997486584863 ], [ -73.854269301745788, 40.754909925363229 ], [ -73.855739902058389, 40.754513581430786 ] ] ] } },
{ "type": "Feature", "properties": { "group_id": "N1rel-162", "n_parks": 4, "extent_km": 0.823, "max_walk_m": 629.4, "park_area_acres": 12.54, "hull_area_acres": 59.12, "boroughs": "Q", "members": "Proctor-Hopson Circle; Archie Spigner Park; Latimer Playground; Brinkerhoff Mall" }, "geometry": { "type": "Polygon", "coordinates": [ [ [ -73.781113912695886, 40.6917101249079 ], [ -73.786544597832119, 40.69624963402871 ], [ -73.786554354501931, 40.696259122842008 ], [ -73.786559865426923, 40.696265469987715 ], [ -73.786565355472149, 40.696272795954499 ], [ -73.786569914912093, 40.696279954500412 ], [ -73.786573109591018, 40.696285817375539 ], [ -73.786798677571781, 40.696745101955131 ], [ -73.78653382685556, 40.698008092192168 ], [ -73.786532452676468, 40.698013791704355 ], [ -73.786530115805249, 40.698018251222877 ], [ -73.786526404135401, 40.698022691081611 ], [ -73.786521965197792, 40.69802626959946 ], [ -73.786518288046878, 40.698028427616968 ], [ -73.7865132135708, 40.698030580340941 ], [ -73.786508161607571, 40.698031983877968 ], [ -73.786501129319916, 40.698032915473476 ], [ -73.7864973287693, 40.698032965155839 ], [ -73.786493112893467, 40.698032653861638 ], [ -73.786490768921112, 40.698032310019201 ], [ -73.786487985544809, 40.698031734829819 ], [ -73.78648496757252, 40.69803089175214 ], [ -73.785998914175963, 40.697854960427925 ], [ -73.777920132728539, 40.694322220561595 ], [ -73.777892034317929, 40.694210141291677 ], [ -73.777535795822956, 40.692789121091394 ], [ -73.778369151503227, 40.692529117443911 ], [ -73.779418033686895, 40.692201859011774 ], [ -73.78048883687012, 40.691869734034675 ], [ -73.781113912695886, 40.6917101249079 ] ] ] } },
{ "type": "Feature", "properties": { "group_id": "N1rel-163", "n_parks": 4, "extent_km": 0.791, "max_walk_m": 630.4, "park_area_acres": 8.91, "hull_area_acres": 29.3, "boroughs": "Q", "members": "Jackie Robinson Parkway (13/17); Jackie Robinson Parkway (16/17); Jackie Robinson Parkway (3/17); Jackie Robinson Parkway (7/17)" }, "geometry": { "type": "Polygon", "coordinates": [ [ [ -73.866738063039236, 40.70237977212183 ], [ -73.866833759747237, 40.702501823788509 ], [ -73.86672035659376, 40.702555728836352 ], [ -73.865541224883231, 40.703100803932116 ], [ -73.854244180922691, 40.704314532869212 ], [ -73.854181192629682, 40.704235696939413 ], [ -73.854168031391367, 40.704219224293844 ], [ -73.853937284187296, 40.703930417300697 ], [ -73.853948473726575, 40.703924849219881 ], [ -73.858136721014674, 40.702467272583569 ], [ -73.858787094448729, 40.702373189785568 ], [ -73.866738063039236, 40.70237977212183 ] ] ] } },
{ "type": "Feature", "properties": { "group_id": "N1rel-164", "n_parks": 4, "extent_km": 0.712, "max_walk_m": 458.7, "park_area_acres": 24.68, "hull_area_acres": 88.14, "boroughs": "Q", "members": "Tudor Park; Gemini Fields; Tudor Malls; Judge Angelo Graci Triangle" }, "geometry": { "type": "Polygon", "coordinates": [ [ [ -73.852503098016683, 40.669997659634952 ], [ -73.852828814241434, 40.670003688788213 ], [ -73.853081935999569, 40.67001242404195 ], [ -73.853331776738699, 40.670024527891258 ], [ -73.85353750941357, 40.670037100054131 ], [ -73.853789803072729, 40.670055744682898 ], [ -73.854053494879778, 40.670079048983908 ], [ -73.855761027520259, 40.670238109410001 ], [ -73.859116819153414, 40.674505268929771 ], [ -73.858464525850565, 40.674597325060923 ], [ -73.85635200131054, 40.674536791993958 ], [ -73.850489417129921, 40.674288784263624 ], [ -73.850486893762309, 40.674288495520827 ], [ -73.850484472840776, 40.674287881824725 ], [ -73.850482226475279, 40.674286960378858 ], [ -73.850480223207299, 40.674285757387253 ], [ -73.847633126892319, 40.672015254728244 ], [ -73.847701192291879, 40.671592723408537 ], [ -73.847951852121298, 40.670899595899392 ], [ -73.84899506084102, 40.670163456618717 ], [ -73.851265562876918, 40.670028174283495 ], [ -73.851502036737656, 40.670015792382422 ], [ -73.851740779266891, 40.670006438655236 ], [ -73.851982689197328, 40.670000176379716 ], [ -73.852260197070066, 40.669996974245592 ], [ -73.852503098016683, 40.669997659634952 ] ] ] } },
{ "type": "Feature", "properties": { "group_id": "N1rel-165", "n_parks": 4, "extent_km": 0.412, "max_walk_m": 429.1, "park_area_acres": 7.47, "hull_area_acres": 31.51, "boroughs": "Q", "members": "Marconi Park; Jamaica Playground; George Washington Carver Botanical Garden; Discovery Garden" }, "geometry": { "type": "Polygon", "coordinates": [ [ [ -73.794717137457511, 40.692379901967485 ], [ -73.795958203672527, 40.692613148879857 ], [ -73.795965065008986, 40.692614884631098 ], [ -73.795972371962904, 40.692617913411461 ], [ -73.795978593809465, 40.692621785851635 ], [ -73.79598168209202, 40.69262435509377 ], [ -73.796128990812491, 40.69282209646093 ], [ -73.79637086944004, 40.693172654053846 ], [ -73.796363658363418, 40.694305738905257 ], [ -73.795575540730127, 40.694640132105015 ], [ -73.795566609976092, 40.69464223335256 ], [ -73.790770965227352, 40.695061137122089 ], [ -73.790755451276212, 40.69503987746949 ], [ -73.790663129992197, 40.694913360990441 ], [ -73.790629424515188, 40.694867169883807 ], [ -73.78999743106786, 40.693042814290273 ], [ -73.790925136585727, 40.692652208235721 ], [ -73.794717137457511, 40.692379901967485 ] ] ] } },
{ "type": "Feature", "properties": { "group_id": "N1rel-166", "n_parks": 4, "extent_km": 0.603, "max_walk_m": 649.5, "park_area_acres": 36.8, "hull_area_acres": 97.15, "boroughs": "Q", "members": "Beach 59th St Playground; Arverne Playground; Cardozo Playground; Arverne East Nature Preserve" }, "geometry": { "type": "Polygon", "coordinates": [ [ [ -73.789238253660983, 40.588755649613269 ], [ -73.789299800939531, 40.589345476329363 ], [ -73.786994427810441, 40.59382346359083 ], [ -73.786550573231821, 40.593934937320057 ], [ -73.78628879992371, 40.593953757146622 ], [ -73.775199517902081, 40.592733906880042 ], [ -73.775014684376629, 40.592083708538546 ], [ -73.774950080429548, 40.59156090235701 ], [ -73.789238253660983, 40.588755649613269 ] ] ] } },
{ "type": "Feature", "properties": { "group_id": "N1rel-167", "n_parks": 4, "extent_km": 0.609, "max_walk_m": 419.6, "park_area_acres": 2.58, "hull_area_acres": 32.58, "boroughs": "Q", "members": "Rockaway Freeway (12/16); Rockaway Freeway (4/16); Rockaway Freeway (8/16); Almeda Playground" }, "geometry": { "type": "Polygon", "coordinates": [ [ [ -73.800935807482119, 40.590539388958305 ], [ -73.800937866772315, 40.590552359191307 ], [ -73.795134832588673, 40.594036302663369 ], [ -73.794408147554165, 40.594078885638886 ], [ -73.791486503431884, 40.592158710784915 ], [ -73.791484985907772, 40.592143053295793 ], [ -73.794124916546735, 40.59147966130395 ], [ -73.794387573554744, 40.591416643642845 ], [ -73.794652370381939, 40.591359065678297 ], [ -73.794919112042365, 40.591306970272704 ], [ -73.79518760593416, 40.591260393990773 ], [ -73.795457653556539, 40.591219371587357 ], [ -73.796135452814937, 40.591122382806653 ], [ -73.797823643789528, 40.590915963631254 ], [ -73.800935807482119, 40.590539388958305 ] ] ] } },
{ "type": "Feature", "properties": { "group_id": "N1rel-168", "n_parks": 4, "extent_km": 0.306, "max_walk_m": 357.7, "park_area_acres": 0.54, "hull_area_acres": 3.37, "boroughs": "Q", "members": "Park; Sherry Dog Run; Crosson Green; Crosson Park" }, "geometry": { "type": "Polygon", "coordinates": [ [ [ -73.898971986203719, 40.741139376532089 ], [ -73.899116352032451, 40.741156628936963 ], [ -73.898953696649258, 40.741578832544768 ], [ -73.89583979057268, 40.743098723980651 ], [ -73.895791621655377, 40.742846495981851 ], [ -73.895798449861317, 40.742831226850718 ], [ -73.896633837058587, 40.742213510148126 ], [ -73.897034188952617, 40.742020158778544 ], [ -73.898856775511121, 40.741185068927834 ], [ -73.898883006732333, 40.741173599682298 ], [ -73.898906408113831, 40.74116459893996 ], [ -73.898950982550929, 40.741147454570168 ], [ -73.898971986203719, 40.741139376532089 ] ] ] } },
{ "type": "Feature", "properties": { "group_id": "N1rel-169", "n_parks": 4, "extent_km": 0.59, "max_walk_m": 289.4, "park_area_acres": 30.88, "hull_area_acres": 59.53, "boroughs": "Q", "members": "Broad Channel Park; Broad Channel American Park; Sunset Cove Park; Park" }, "geometry": { "type": "Polygon", "coordinates": [ [ [ -73.823884289771811, 40.594141828077014 ], [ -73.824798739606067, 40.595309210679524 ], [ -73.823892105428413, 40.599785292027832 ], [ -73.822290292298334, 40.60213809554665 ], [ -73.821968340222611, 40.602109660313005 ], [ -73.81937749046989, 40.601516003163908 ], [ -73.819467493734763, 40.600941506660853 ], [ -73.819557936642838, 40.600364198410752 ], [ -73.821329407435456, 40.595777712328349 ], [ -73.823884289771811, 40.594141828077014 ] ] ] } },
{ "type": "Feature", "properties": { "group_id": "N1rel-170", "n_parks": 4, "extent_km": 0.783, "max_walk_m": 762.1, "park_area_acres": 3.22, "hull_area_acres": 39.19, "boroughs": "R", "members": "Maple Woods; Lopez Playground; Sobel Court Park; Targee Street Triangle" }, "geometry": { "type": "Polygon", "coordinates": [ [ [ -74.087229375536793, 40.608364180930089 ], [ -74.088202710773942, 40.608742588484986 ], [ -74.088592165447324, 40.611115011830435 ], [ -74.088511265525497, 40.611232664282937 ], [ -74.088341443869979, 40.611479631530671 ], [ -74.084563815561836, 40.615125132675786 ], [ -74.084258953061152, 40.615346490360878 ], [ -74.083731182279124, 40.615251734130844 ], [ -74.083073548826121, 40.614915973729765 ], [ -74.084868130580688, 40.611253164808652 ], [ -74.087229375536793, 40.608364180930089 ] ] ] } },
{ "type": "Feature", "properties": { "group_id": "N1rel-171", "n_parks": 4, "extent_km": 0.71, "max_walk_m": 749.7, "park_area_acres": 3.31, "hull_area_acres": 62.41, "boroughs": "R", "members": "Christopher J. Igneri Playground; Clove's Tail; Park; Park" }, "geometry": { "type": "Polygon", "coordinates": [ [ [ -74.119485527739187, 40.608400987622872 ], [ -74.119534699599626, 40.608402860010848 ], [ -74.119583531146276, 40.608408680621821 ], [ -74.119629533059836, 40.608417953157904 ], [ -74.119669589313446, 40.608429266146111 ], [ -74.119705735293508, 40.608442339211507 ], [ -74.120320539687228, 40.608681821547442 ], [ -74.120214077088406, 40.608833128845149 ], [ -74.114362990751431, 40.613575372665494 ], [ -74.113492393995713, 40.613643321714157 ], [ -74.109623446316434, 40.611516140222051 ], [ -74.109701540849883, 40.611183518264802 ], [ -74.112518983495775, 40.609633651903948 ], [ -74.112526742982084, 40.609631438028408 ], [ -74.11936580892673, 40.608413070952835 ], [ -74.119423649901577, 40.608404234378227 ], [ -74.119485527739187, 40.608400987622872 ] ] ] } },
{ "type": "Feature", "properties": { "group_id": "N1rel-172", "n_parks": 4, "extent_km": 0.688, "max_walk_m": 461.5, "park_area_acres": 53.14, "hull_area_acres": 193.9, "boroughs": "R", "members": "Meredith Woods (18/25); Meredith Woods (24/25); Meredith Woods (7/25); Meredith Woods" }, "geometry": { "type": "Polygon", "coordinates": [ [ [ -74.194101213073353, 40.590186018820845 ], [ -74.19410806817362, 40.590187702029588 ], [ -74.197275574700114, 40.597173518055321 ], [ -74.197322995714543, 40.597379301110912 ], [ -74.197295107379446, 40.59768950503414 ], [ -74.1971852557147, 40.598288064343365 ], [ -74.196797108590289, 40.598745174126002 ], [ -74.190024325110642, 40.602251568838327 ], [ -74.190016675490568, 40.602251748083177 ], [ -74.186203826944137, 40.601693747454433 ], [ -74.184847221932415, 40.59829821429711 ], [ -74.194101213073353, 40.590186018820845 ] ] ] } },
{ "type": "Feature", "properties": { "group_id": "N1rel-173", "n_parks": 4, "extent_km": 0.537, "max_walk_m": 507.0, "park_area_acres": 5.08, "hull_area_acres": 41.8, "boroughs": "X", "members": "Richman (Echo) Park; O'Brien Oval; Stop & Go Playground; El Batey de Doña Provi Garden" }, "geometry": { "type": "Polygon", "coordinates": [ [ [ -73.89888750043292, 40.844671269533755 ], [ -73.898947144043987, 40.844691101131247 ], [ -73.899057186859821, 40.844727690865525 ], [ -73.902387571361061, 40.848636139260094 ], [ -73.902310881569065, 40.849329034758242 ], [ -73.902217579158815, 40.849595401481963 ], [ -73.902123998526051, 40.849862559415151 ], [ -73.901329669013492, 40.850422137481253 ], [ -73.901324312707104, 40.850425882549239 ], [ -73.901318726632326, 40.850429428411587 ], [ -73.901312925026588, 40.850432770578074 ], [ -73.901306918584268, 40.850435894649941 ], [ -73.90130072390788, 40.850438800641307 ], [ -73.901294354056958, 40.850441478657963 ], [ -73.901287822087156, 40.850443921507058 ], [ -73.901281144606259, 40.850446125600818 ], [ -73.90127433585306, 40.8504480855485 ], [ -73.901267412436823, 40.850449796861803 ], [ -73.901260388595034, 40.850451255050423 ], [ -73.901253283306048, 40.850452457429107 ], [ -73.901246107248269, 40.850453400405037 ], [ -73.901238881769174, 40.850454083095997 ], [ -73.901231621103662, 40.850454502812639 ], [ -73.901224343040099, 40.850454659570211 ], [ -73.901217062999265, 40.850454550680418 ], [ -73.901209798762864, 40.850454180660975 ], [ -73.90120256575166, 40.85045354682363 ], [ -73.901195379378322, 40.850452651883046 ], [ -73.901188259800406, 40.850451497657424 ], [ -73.901181218871585, 40.850450087759022 ], [ -73.901174275564813, 40.850448423104503 ], [ -73.90116744410291, 40.850446509109041 ], [ -73.901160741083046, 40.850444349388873 ], [ -73.901154180725257, 40.850441951160136 ], [ -73.901147779629483, 40.85043931623801 ], [ -73.901141550828498, 40.850436452738215 ], [ -73.901135508543732, 40.850433366976318 ], [ -73.896139693548164, 40.847849632906076 ], [ -73.896214044978279, 40.847698401749405 ], [ -73.89861644513006, 40.844975563970586 ], [ -73.89888750043292, 40.844671269533755 ] ] ] } },
{ "type": "Feature", "properties": { "group_id": "N1rel-174", "n_parks": 4, "extent_km": 0.555, "max_walk_m": 548.8, "park_area_acres": 3.11, "hull_area_acres": 31.73, "boroughs": "X", "members": "Drew Playground; Morgan Playground; Gouverneur Playground; Rev Lena Irons Unity Park" }, "geometry": { "type": "Polygon", "coordinates": [ [ [ -73.90653045219311, 40.830825751278908 ], [ -73.906954370479298, 40.830963246689997 ], [ -73.907852721354246, 40.831830735885411 ], [ -73.907302137814611, 40.832810404115747 ], [ -73.903390852949727, 40.836283333762175 ], [ -73.902919563637127, 40.836134151147157 ], [ -73.902821723095315, 40.833270744474362 ], [ -73.903147884202397, 40.832786937123714 ], [ -73.90653045219311, 40.830825751278908 ] ] ] } },
{ "type": "Feature", "properties": { "group_id": "N1rel-175", "n_parks": 4, "extent_km": 0.502, "max_walk_m": 458.3, "park_area_acres": 1.27, "hull_area_acres": 16.55, "boroughs": "X", "members": "Keltch Park; Goble Playground; Park; Inwood Park" }, "geometry": { "type": "Polygon", "coordinates": [ [ [ -73.918205676836436, 40.839777715816233 ], [ -73.918261224563224, 40.839795169841238 ], [ -73.918262176160198, 40.83979559554863 ], [ -73.917281025228903, 40.844833564768713 ], [ -73.915690539469765, 40.844940193243751 ], [ -73.915013741449044, 40.844858029986817 ], [ -73.914663510211426, 40.844715593490356 ], [ -73.917731852573112, 40.84040048979471 ], [ -73.918205676836436, 40.839777715816233 ] ] ] } },
{ "type": "Feature", "properties": { "group_id": "N1rel-176", "n_parks": 4, "extent_km": 0.382, "max_walk_m": 394.1, "park_area_acres": 2.61, "hull_area_acres": 19.14, "boroughs": "X", "members": "D'Auria-Murphy Triangle; Hutton Triangle; Whalen Grove; Belmont Playground" }, "geometry": { "type": "Polygon", "coordinates": [ [ [ -73.887468003336778, 40.849643055566851 ], [ -73.887844575468023, 40.84983810516384 ], [ -73.88827197352586, 40.850151657131711 ], [ -73.890292250706537, 40.852280876552001 ], [ -73.890295162314303, 40.852284375931347 ], [ -73.890297263408456, 40.852288194214559 ], [ -73.890298494866357, 40.852292225987888 ], [ -73.890298823669141, 40.852296357757979 ], [ -73.890298239336346, 40.852300472450878 ], [ -73.890296758659389, 40.852304455720095 ], [ -73.890294422145246, 40.852308195042482 ], [ -73.890291297563849, 40.85231158602555 ], [ -73.889363583687114, 40.853282537989998 ], [ -73.889354561699264, 40.853289259613788 ], [ -73.8893441897917, 40.853294743566686 ], [ -73.889332757592371, 40.85329883524161 ], [ -73.889320585495227, 40.853301421483621 ], [ -73.889307705357709, 40.85330402595531 ], [ -73.888852751686485, 40.853360276297423 ], [ -73.888845012360193, 40.853358053630785 ], [ -73.885745348504742, 40.851076191524193 ], [ -73.885739074882665, 40.851071465830621 ], [ -73.885733895887711, 40.851066028931498 ], [ -73.885729948837024, 40.851060025041775 ], [ -73.885727337814401, 40.851053614552377 ], [ -73.885726133682866, 40.851046966826082 ], [ -73.885726366972207, 40.851040258389659 ], [ -73.885728032630524, 40.851033668436138 ], [ -73.885731086478913, 40.851027371617079 ], [ -73.885735446403615, 40.851021534442232 ], [ -73.885740997102687, 40.851016313482809 ], [ -73.886966639932879, 40.850037094555795 ], [ -73.887468003336778, 40.849643055566851 ] ] ] } },
{ "type": "Feature", "properties": { "group_id": "N1rel-177", "n_parks": 4, "extent_km": 0.403, "max_walk_m": 412.0, "park_area_acres": 3.2, "hull_area_acres": 14.37, "boroughs": "X", "members": "Hilton White Playground; Dunbar Playground; Grove Hill Playground; El Batey Borincano Garden" }, "geometry": { "type": "Polygon", "coordinates": [ [ [ -73.908554077900632, 40.819479579124206 ], [ -73.909375426457416, 40.819675170736112 ], [ -73.90953685282669, 40.820647323359182 ], [ -73.90952653859496, 40.820672023994042 ], [ -73.909454041457721, 40.820845633264497 ], [ -73.907422666287232, 40.823165074163775 ], [ -73.906692581981062, 40.823436549949172 ], [ -73.905919126595194, 40.823253724089156 ], [ -73.906197285575942, 40.822584082280088 ], [ -73.908554077900632, 40.819479579124206 ] ] ] } },
{ "type": "Feature", "properties": { "group_id": "N1rel-178", "n_parks": 4, "extent_km": 0.831, "max_walk_m": 446.7, "park_area_acres": 24.72, "hull_area_acres": 94.27, "boroughs": "X", "members": "Freeman Triangle; Starlight Park; Daniel Boone Playground; Concrete Plant Park" }, "geometry": { "type": "Polygon", "coordinates": [ [ [ -73.885056457754047, 40.822973056398325 ], [ -73.887975351380064, 40.829227838259904 ], [ -73.887957396833443, 40.829389006827633 ], [ -73.881867659274761, 40.835210007130904 ], [ -73.880260845039402, 40.83465627745035 ], [ -73.88473385429694, 40.823021870871187 ], [ -73.885056457754047, 40.822973056398325 ] ] ] } },
{ "type": "Feature", "properties": { "group_id": "N1rel-179", "n_parks": 4, "extent_km": 0.659, "max_walk_m": 661.8, "park_area_acres": 4.98, "hull_area_acres": 33.36, "boroughs": "X", "members": "Cooney Grauer Field; Bailey Playground; Park; Van Cortlandt's Tail" }, "geometry": { "type": "Polygon", "coordinates": [ [ [ -73.901372916427832, 40.879829228898878 ], [ -73.901412877338529, 40.879844440757246 ], [ -73.902020065289534, 40.880100899771051 ], [ -73.900007489162675, 40.885903672874761 ], [ -73.899740305834854, 40.886261752758394 ], [ -73.899696272517588, 40.886308873875002 ], [ -73.899658215835828, 40.88633390133365 ], [ -73.899614679008522, 40.88635310687151 ], [ -73.899553123743345, 40.886368185993462 ], [ -73.899503008368768, 40.886371921711167 ], [ -73.899467083880737, 40.886370206517178 ], [ -73.899431783064003, 40.886364865596725 ], [ -73.896431605294055, 40.885790045244178 ], [ -73.89650663102536, 40.885548041045475 ], [ -73.901346181543872, 40.87983572287677 ], [ -73.901372916427832, 40.879829228898878 ] ] ] } },
{ "type": "Feature", "properties": { "group_id": "N1rel-180", "n_parks": 3, "extent_km": 0.75, "max_walk_m": 599.1, "park_area_acres": 11.93, "hull_area_acres": 72.95, "boroughs": "B", "members": "Brower Park; Eastern Parkway (5/10); Eastern Parkway (6/10)" }, "geometry": { "type": "Polygon", "coordinates": [ [ [ -73.936235348279979, 40.668792620934518 ], [ -73.942335380067476, 40.669119459248151 ], [ -73.944132251871082, 40.669217051362921 ], [ -73.9448746319663, 40.669257363563723 ], [ -73.945334584325764, 40.669290448816469 ], [ -73.945282430487438, 40.669848672463011 ], [ -73.944341246648392, 40.674793635667456 ], [ -73.942902880997806, 40.674715374883277 ], [ -73.936182419853338, 40.669345464229295 ], [ -73.936184710685609, 40.669321536444009 ], [ -73.936235348279979, 40.668792620934518 ] ] ] } },
{ "type": "Feature", "properties": { "group_id": "N1rel-181", "n_parks": 3, "extent_km": 0.468, "max_walk_m": 494.2, "park_area_acres": 5.85, "hull_area_acres": 27.18, "boroughs": "B", "members": "Bushwick Playground; Irving Square Park; Madison Square Garden Association" }, "geometry": { "type": "Polygon", "coordinates": [ [ [ -73.909541294963617, 40.691612422584264 ], [ -73.910134129198511, 40.691954940793458 ], [ -73.913199361616691, 40.69480970359502 ], [ -73.913216244349016, 40.695998972590282 ], [ -73.912752885042451, 40.696471034965469 ], [ -73.91204660623697, 40.696535978188216 ], [ -73.911103812956995, 40.696003726053029 ], [ -73.908234757192375, 40.692930635009077 ], [ -73.909541294963617, 40.691612422584264 ] ] ] } },
{ "type": "Feature", "properties": { "group_id": "N1rel-182", "n_parks": 3, "extent_km": 0.7, "max_walk_m": 433.5, "park_area_acres": 7.91, "hull_area_acres": 23.4, "boroughs": "B", "members": "Eastern Parkway (1/10); Eastern Parkway (7/10); Eastern Parkway (9/10)" }, "geometry": { "type": "Polygon", "coordinates": [ [ [ -73.945334584325764, 40.669290448816469 ], [ -73.947879142859193, 40.669422601114832 ], [ -73.949464208727747, 40.669506262911156 ], [ -73.949833702895404, 40.669525762731439 ], [ -73.950406076254694, 40.669555967017502 ], [ -73.953415916322243, 40.669715871676956 ], [ -73.954471900254802, 40.669773112452013 ], [ -73.955227974732551, 40.669814090869778 ], [ -73.955521270014628, 40.66984107962422 ], [ -73.955637575476615, 40.669865190809873 ], [ -73.957967480575263, 40.670348178247636 ], [ -73.95862300270133, 40.670490779479834 ], [ -73.958585012773554, 40.670598674803998 ], [ -73.958442977682836, 40.671002065842927 ], [ -73.958425159968954, 40.671052669209523 ], [ -73.945282430487438, 40.669848672463011 ], [ -73.945285231358426, 40.669818693872784 ], [ -73.94532498179278, 40.669393229400256 ], [ -73.945334584325764, 40.669290448816469 ] ] ] } },
{ "type": "Feature", "properties": { "group_id": "N1rel-183", "n_parks": 3, "extent_km": 0.543, "max_walk_m": 462.8, "park_area_acres": 9.49, "hull_area_acres": 39.22, "boroughs": "B", "members": "Fidelity Triangle; Sgt. William Dougherty Playground; Msgr. McGolrick Park" }, "geometry": { "type": "Polygon", "coordinates": [ [ [ -73.941881466793646, 40.721829053895313 ], [ -73.943980313566712, 40.72319234913266 ], [ -73.94437218156979, 40.725528710779123 ], [ -73.942729093009362, 40.725691593503328 ], [ -73.936844973742893, 40.723855890705842 ], [ -73.936707855403924, 40.723547510675211 ], [ -73.941881466793646, 40.721829053895313 ] ] ] } },
{ "type": "Feature", "properties": { "group_id": "N1rel-184", "n_parks": 3, "extent_km": 0.447, "max_walk_m": 419.2, "park_area_acres": 8.64, "hull_area_acres": 29.74, "boroughs": "B", "members": "Fort Hamilton Triangle; Park; John J Carty Park" }, "geometry": { "type": "Polygon", "coordinates": [ [ [ -74.031503305887412, 40.611175944340459 ], [ -74.032247822942935, 40.611400045127183 ], [ -74.030934076157948, 40.616165041650618 ], [ -74.030744983472516, 40.616569584732929 ], [ -74.026911532900868, 40.616484483328016 ], [ -74.026908531859831, 40.616482964851912 ], [ -74.027906135542693, 40.615291689976516 ], [ -74.028512604839591, 40.614586130650075 ], [ -74.031268804814957, 40.61141187201526 ], [ -74.031503305887412, 40.611175944340459 ] ] ] } },
{ "type": "Feature", "properties": { "group_id": "N1rel-185", "n_parks": 3, "extent_km": 0.398, "max_walk_m": 540.3, "park_area_acres": 2.63, "hull_area_acres": 11.72, "boroughs": "B", "members": "Heisser Triangle; Heckscher Playground; Hope Ballfield" }, "geometry": { "type": "Polygon", "coordinates": [ [ [ -73.918317826897692, 40.694653819818093 ], [ -73.918462013819607, 40.694736222654903 ], [ -73.918894352083996, 40.694983302945687 ], [ -73.918038756953649, 40.698750709082752 ], [ -73.917779983090185, 40.698778223382284 ], [ -73.916525735168321, 40.697647226645465 ], [ -73.91761203826853, 40.695372301662921 ], [ -73.918317826897692, 40.694653819818093 ] ] ] } },
{ "type": "Feature", "properties": { "group_id": "N1rel-186", "n_parks": 3, "extent_km": 0.494, "max_walk_m": 531.7, "park_area_acres": 5.98, "hull_area_acres": 23.74, "boroughs": "B", "members": "Van Voorhees Playground; Adam Yauch Park; Cobble Hill Park" }, "geometry": { "type": "Polygon", "coordinates": [ [ [ -73.995599165465435, 40.687944406044821 ], [ -73.996567862977273, 40.688259589000872 ], [ -74.000289898912442, 40.689684190690883 ], [ -73.999863999168653, 40.692248637113366 ], [ -73.999858461121335, 40.692273789334486 ], [ -73.999844329104604, 40.692329404096562 ], [ -73.999823813173947, 40.692378084897165 ], [ -73.999603338517247, 40.69282846778713 ], [ -73.999322754524883, 40.692839577006247 ], [ -73.998941488390784, 40.692621604078667 ], [ -73.998493800108946, 40.692059251257803 ], [ -73.995479775287507, 40.688193804919464 ], [ -73.995599165465435, 40.687944406044821 ] ] ] } },
{ "type": "Feature", "properties": { "group_id": "N1rel-187", "n_parks": 3, "extent_km": 0.749, "max_walk_m": 649.0, "park_area_acres": 9.93, "hull_area_acres": 56.18, "boroughs": "B", "members": "McKinley Park; Quaker Parrot Park at the Dust Bowl; Park" }, "geometry": { "type": "Polygon", "coordinates": [ [ [ -74.018503119764262, 40.624592816448555 ], [ -74.015793988329023, 40.634436694531061 ], [ -74.012760379514461, 40.632594980895377 ], [ -74.015240186237534, 40.62677547751278 ], [ -74.016763914818171, 40.625755264578501 ], [ -74.018503119764262, 40.624592816448555 ] ] ] } },
{ "type": "Feature", "properties": { "group_id": "N1rel-188", "n_parks": 3, "extent_km": 0.79, "max_walk_m": 459.3, "park_area_acres": 24.53, "hull_area_acres": 66.66, "boroughs": "B", "members": "Asser Levy Park; Brighton Playground; Century Playground" }, "geometry": { "type": "Polygon", "coordinates": [ [ [ -73.977229786394375, 40.573559982705476 ], [ -73.977079319554306, 40.575197405248275 ], [ -73.976881123532081, 40.575755816725305 ], [ -73.971256304215032, 40.577283697704949 ], [ -73.970285081483368, 40.577502184340396 ], [ -73.969579576752025, 40.577412590245139 ], [ -73.96496505294931, 40.575472967270628 ], [ -73.964869389778102, 40.574920790496684 ], [ -73.973753657925542, 40.573936822032699 ], [ -73.977049423222425, 40.573579537725003 ], [ -73.977229786394375, 40.573559982705476 ] ] ] } },
{ "type": "Feature", "properties": { "group_id": "N1rel-189", "n_parks": 3, "extent_km": 0.722, "max_walk_m": 510.7, "park_area_acres": 25.34, "hull_area_acres": 85.56, "boroughs": "B", "members": "Sunset Park; Gonzalo Plasencia Playground; Pena Herrera Playground" }, "geometry": { "type": "Polygon", "coordinates": [ [ [ -74.002482643368438, 40.645987247152256 ], [ -74.01183130322481, 40.64885583480828 ], [ -74.012510104246573, 40.649267359863806 ], [ -74.008566083504306, 40.653060647430316 ], [ -74.007978770993134, 40.652706760286314 ], [ -74.000905951326303, 40.647499056146636 ], [ -74.002482643368438, 40.645987247152256 ] ] ] } },
{ "type": "Feature", "properties": { "group_id": "N1rel-190", "n_parks": 3, "extent_km": 0.45, "max_walk_m": 517.6, "park_area_acres": 4.44, "hull_area_acres": 33.35, "boroughs": "B", "members": "Taaffe Playground; Star Spangled Playground; Pratt Playground" }, "geometry": { "type": "Polygon", "coordinates": [ [ [ -73.957849554689957, 40.691302475465278 ], [ -73.962829426489719, 40.692324319926257 ], [ -73.962935484784168, 40.692867305847521 ], [ -73.96111180025909, 40.696176495641055 ], [ -73.960688870117878, 40.696225493833097 ], [ -73.957709892468131, 40.692426155640817 ], [ -73.957494470261778, 40.691343337123485 ], [ -73.957849554689957, 40.691302475465278 ] ] ] } },
{ "type": "Feature", "properties": { "group_id": "N1rel-191", "n_parks": 3, "extent_km": 0.643, "max_walk_m": 564.4, "park_area_acres": 1.23, "hull_area_acres": 15.03, "boroughs": "B", "members": "Alben Square; Rappaport Playground; Park" }, "geometry": { "type": "Polygon", "coordinates": [ [ [ -74.000579520888863, 40.636591262642014 ], [ -74.001382122064456, 40.637075004609997 ], [ -74.001153294739055, 40.637294802160234 ], [ -73.994466611375316, 40.640420146274671 ], [ -73.994466203523316, 40.640420227301725 ], [ -73.994457132657928, 40.640422023399239 ], [ -73.99444665875896, 40.640421520404608 ], [ -73.994446623294451, 40.640421516800821 ], [ -73.994438743199581, 40.640419284935184 ], [ -73.994438473673426, 40.640419208378084 ], [ -73.99443770648702, 40.640418780594693 ], [ -73.994431844426941, 40.640415510528371 ], [ -73.994431622197069, 40.640415316005587 ], [ -73.994427335997955, 40.640411557033815 ], [ -73.994427097219102, 40.640411347201415 ], [ -73.994426325360777, 40.640410243128365 ], [ -73.994424201272935, 40.640407203775482 ], [ -73.994424088981177, 40.64040704257723 ], [ -73.9944228846134, 40.640404011373583 ], [ -73.994422235744139, 40.640402376901079 ], [ -73.994421603640959, 40.640398161543381 ], [ -73.994418214569478, 40.640212278151836 ], [ -73.994417541924662, 40.640169859194856 ], [ -73.99441863084364, 40.640153892153982 ], [ -73.994545130849389, 40.639374241870613 ], [ -74.000579520888863, 40.636591262642014 ] ] ] } },
{ "type": "Feature", "properties": { "group_id": "N1rel-192", "n_parks": 3, "extent_km": 0.735, "max_walk_m": 649.7, "park_area_acres": 2.66, "hull_area_acres": 39.17, "boroughs": "B", "members": "Colonel David Marcus Playground; Dahill Triangle; Samuel Goldberg Triangle" }, "geometry": { "type": "Polygon", "coordinates": [ [ [ -73.97033875259099, 40.609246523414619 ], [ -73.977268472161029, 40.611068075441111 ], [ -73.977292014294633, 40.611188752650762 ], [ -73.974996838890263, 40.612999242491505 ], [ -73.974993002445245, 40.613001187683132 ], [ -73.974990380993106, 40.61300251538146 ], [ -73.974984155115607, 40.613004688785239 ], [ -73.974983516969715, 40.613004799410447 ], [ -73.974977374224892, 40.613005863389915 ], [ -73.974970287648858, 40.613006054558554 ], [ -73.974968484500877, 40.613005820030402 ], [ -73.974964892384776, 40.613005351877604 ], [ -73.974959621371951, 40.61300418185305 ], [ -73.968275644509404, 40.610586261782849 ], [ -73.968189787146954, 40.610132403182966 ], [ -73.969175601006015, 40.609374330057584 ], [ -73.970099893242946, 40.60927196429531 ], [ -73.97033875259099, 40.609246523414619 ] ] ] } },
{ "type": "Feature", "properties": { "group_id": "N1rel-193", "n_parks": 3, "extent_km": 0.335, "max_walk_m": 133.0, "park_area_acres": 4.07, "hull_area_acres": 7.0, "boroughs": "B", "members": "Greenwood Playground; Seeley Park; Captain John McKenna, IV Park" }, "geometry": { "type": "Polygon", "coordinates": [ [ [ -73.976500673159578, 40.649271105638746 ], [ -73.977633850036185, 40.652081033483405 ], [ -73.978104703802728, 40.653512041511604 ], [ -73.978108101106614, 40.653759782538124 ], [ -73.978022855825486, 40.653793265519681 ], [ -73.977939167892643, 40.653686643574687 ], [ -73.977790032461598, 40.653490982918342 ], [ -73.977743506186258, 40.653424641827968 ], [ -73.977642547303489, 40.653253083624925 ], [ -73.976875604663263, 40.651942668527695 ], [ -73.975849484681731, 40.650048733374113 ], [ -73.975685021355005, 40.649662413605412 ], [ -73.975806525863931, 40.649582493078405 ], [ -73.975853277467735, 40.64955254178259 ], [ -73.975908472492492, 40.649521194633316 ], [ -73.975984950202403, 40.649480617095413 ], [ -73.976025510948432, 40.649460750233594 ], [ -73.9760616253118, 40.649443209369558 ], [ -73.976117316819654, 40.649418196463955 ], [ -73.976500673159578, 40.649271105638746 ] ] ] } },
{ "type": "Feature", "properties": { "group_id": "N1rel-194", "n_parks": 3, "extent_km": 0.658, "max_walk_m": 588.2, "park_area_acres": 8.47, "hull_area_acres": 35.93, "boroughs": "B", "members": "Monsignor Crawford Field; Triangle; Lindower Park" }, "geometry": { "type": "Polygon", "coordinates": [ [ [ -73.910603952028239, 40.611102471021859 ], [ -73.912673526992066, 40.611655051592962 ], [ -73.916810611610572, 40.613678720351125 ], [ -73.917308239486104, 40.614125755150489 ], [ -73.916775063235207, 40.616691614683113 ], [ -73.911860628033835, 40.613412427601013 ], [ -73.910996478887981, 40.612639569898647 ], [ -73.910917102006991, 40.612559461943938 ], [ -73.910880566345355, 40.612518507617281 ], [ -73.9108118654744, 40.612432672443376 ], [ -73.910780648774207, 40.612388949505196 ], [ -73.91075119883709, 40.61234424185897 ], [ -73.910723696104569, 40.612298811697947 ], [ -73.910698177123109, 40.612252720287394 ], [ -73.910674673733951, 40.612206012679415 ], [ -73.910653190613175, 40.612158723999308 ], [ -73.910628707788717, 40.612098705009601 ], [ -73.910606811230124, 40.612038123398577 ], [ -73.910587522136808, 40.611977026911845 ], [ -73.910570839234779, 40.611915479486775 ], [ -73.910556864882977, 40.611853808093528 ], [ -73.910536736259488, 40.61172883333856 ], [ -73.910527343638364, 40.611603387858331 ], [ -73.910528668030338, 40.611497766698513 ], [ -73.910539266756743, 40.611392449928317 ], [ -73.910559141843876, 40.611287656373598 ], [ -73.910569216901152, 40.611236234516362 ], [ -73.910582798067409, 40.611182907179931 ], [ -73.910603952028239, 40.611102471021859 ] ] ] } },
{ "type": "Feature", "properties": { "group_id": "N1rel-195", "n_parks": 3, "extent_km": 0.392, "max_walk_m": 383.7, "park_area_acres": 2.18, "hull_area_acres": 11.56, "boroughs": "B", "members": "Powell Playground; Houston Playground; TLC Sculpture Park Garden" }, "geometry": { "type": "Polygon", "coordinates": [ [ [ -73.905149389224405, 40.670916046974227 ], [ -73.905264061952892, 40.671360437961006 ], [ -73.905495810270736, 40.672424711289011 ], [ -73.904785615239916, 40.672531450987456 ], [ -73.900548655141279, 40.672873703239517 ], [ -73.900479779570745, 40.672604278719447 ], [ -73.904392393729282, 40.671029274397483 ], [ -73.905149389224405, 40.670916046974227 ] ] ] } },
{ "type": "Feature", "properties": { "group_id": "N1rel-196", "n_parks": 3, "extent_km": 0.385, "max_walk_m": 338.4, "park_area_acres": 0.72, "hull_area_acres": 3.78, "boroughs": "B", "members": "Brizzi Playground; Heffernan Triangle; Park" }, "geometry": { "type": "Polygon", "coordinates": [ [ [ -73.994429571028576, 40.641988631427814 ], [ -73.995061314078029, 40.642379351963847 ], [ -73.99487745088534, 40.645951239103816 ], [ -73.994775143679533, 40.646047976241682 ], [ -73.994731527146484, 40.645860876342688 ], [ -73.994415182134219, 40.642997241820161 ], [ -73.994412339757616, 40.642690879972328 ], [ -73.994429571028576, 40.641988631427814 ] ] ] } },
{ "type": "Feature", "properties": { "group_id": "N1rel-197", "n_parks": 3, "extent_km": 0.594, "max_walk_m": 600.8, "park_area_acres": 1.0, "hull_area_acres": 19.5, "boroughs": "B", "members": "Linden Sitting Area; Park; Kennedy King Playground" }, "geometry": { "type": "Polygon", "coordinates": [ [ [ -73.918466745873758, 40.653882373927345 ], [ -73.921200745848864, 40.654649691424453 ], [ -73.921201619325828, 40.654649967581214 ], [ -73.921202421735799, 40.654650347248747 ], [ -73.921203131804873, 40.654650822307886 ], [ -73.921203731813918, 40.654651378338173 ], [ -73.921204204042724, 40.65465200181972 ], [ -73.921204536688421, 40.654652674734102 ], [ -73.922506902926372, 40.658597329585639 ], [ -73.921956577588972, 40.658952238473745 ], [ -73.921558283508674, 40.658594057074666 ], [ -73.91813861019304, 40.654098983664689 ], [ -73.918466745873758, 40.653882373927345 ] ] ] } },
{ "type": "Feature", "properties": { "group_id": "N1rel-198", "n_parks": 3, "extent_km": 0.491, "max_walk_m": 377.2, "park_area_acres": 3.79, "hull_area_acres": 28.52, "boroughs": "B", "members": "Barone Triangle; Hickman Playground; Bergen Beach Playground" }, "geometry": { "type": "Polygon", "coordinates": [ [ [ -73.91328715322598, 40.619891133619667 ], [ -73.914214689743702, 40.620721065143677 ], [ -73.913863631500419, 40.62094894688601 ], [ -73.909359057892289, 40.622820127256269 ], [ -73.909135343753718, 40.622624453017728 ], [ -73.908997592513586, 40.622495313851147 ], [ -73.907233269482276, 40.620130298564519 ], [ -73.907230610694413, 40.620126706041944 ], [ -73.907228112734288, 40.620123039806401 ], [ -73.907225776774936, 40.620119306162394 ], [ -73.907223615794877, 40.620115520429415 ], [ -73.907221701698575, 40.620111815942515 ], [ -73.907221652198146, 40.620111718646257 ], [ -73.907220313177831, 40.620107495923421 ], [ -73.907220213336942, 40.620107055488084 ], [ -73.907219441699809, 40.620103597765379 ], [ -73.907218889609439, 40.620099482839628 ], [ -73.90721870981362, 40.620095348402792 ], [ -73.907218970363303, 40.620090699223454 ], [ -73.907220022442829, 40.620084548613917 ], [ -73.907221895715068, 40.6200785121328 ], [ -73.907224298702403, 40.62007313255895 ], [ -73.907226788758479, 40.62006887960699 ], [ -73.907230362371081, 40.620063887301178 ], [ -73.907233352397853, 40.620060434415173 ], [ -73.907234910983618, 40.620058884075242 ], [ -73.907236828150005, 40.620056977418372 ], [ -73.907240229913157, 40.620054036360322 ], [ -73.907241155042286, 40.620053344606163 ], [ -73.907244533768989, 40.620050822271658 ], [ -73.90725324916761, 40.620045140712563 ], [ -73.907286196372297, 40.620024014952499 ], [ -73.907327928484406, 40.619997340050801 ], [ -73.907398238159075, 40.619952402178818 ], [ -73.907402479846482, 40.619949693226395 ], [ -73.907412556497363, 40.619943269821903 ], [ -73.907417403193719, 40.619940611785388 ], [ -73.907421066630178, 40.619939007305739 ], [ -73.907423438757377, 40.619937969114368 ], [ -73.907423810006463, 40.619937850544581 ], [ -73.907429875297211, 40.619935928313936 ], [ -73.907436569857225, 40.619934459551708 ], [ -73.907443450237977, 40.619933642015383 ], [ -73.907451798686807, 40.619933478538272 ], [ -73.91328715322598, 40.619891133619667 ] ] ] } },
{ "type": "Feature", "properties": { "group_id": "N1rel-199", "n_parks": 3, "extent_km": 0.141, "max_walk_m": 156.3, "park_area_acres": 0.61, "hull_area_acres": 3.01, "boroughs": "B", "members": "Lithuania Square; Ten Eyck Plaza; Ten Eyck Houses Garden" }, "geometry": { "type": "Polygon", "coordinates": [ [ [ -73.950958656574841, 40.708826482970053 ], [ -73.950964965355425, 40.70882779860294 ], [ -73.950965440998573, 40.708827897861781 ], [ -73.950972595009773, 40.708830412434672 ], [ -73.950979065596528, 40.708833767793529 ], [ -73.950983363672492, 40.708836901601757 ], [ -73.950987655128131, 40.708840992650394 ], [ -73.950990721937572, 40.708844885965483 ], [ -73.950993374957505, 40.708849857016268 ], [ -73.950995118530443, 40.708855666055761 ], [ -73.950995523896481, 40.708861217879814 ], [ -73.950994624992404, 40.708867030296879 ], [ -73.950981050931119, 40.708890589094196 ], [ -73.950975639706115, 40.708899770202876 ], [ -73.950964250892397, 40.708919092123153 ], [ -73.950956229511206, 40.708932589169585 ], [ -73.950250397658934, 40.709930471355094 ], [ -73.950160919661258, 40.709938986604868 ], [ -73.950074154172171, 40.709947243614344 ], [ -73.94920570561834, 40.709596012858228 ], [ -73.949115651657849, 40.709037103260016 ], [ -73.950893215090574, 40.70883094592083 ], [ -73.950919758571004, 40.708828785208155 ], [ -73.950958656574841, 40.708826482970053 ] ] ] } },
{ "type": "Feature", "properties": { "group_id": "N1rel-200", "n_parks": 3, "extent_km": 0.66, "max_walk_m": 787.1, "park_area_acres": 3.59, "hull_area_acres": 41.78, "boroughs": "B", "members": "Lady Moody Triangle; Gravesend Triangle; McDonald Playground" }, "geometry": { "type": "Polygon", "coordinates": [ [ [ -73.969248593399584, 40.594922958599255 ], [ -73.969562779060254, 40.59495235246149 ], [ -73.974634737967079, 40.596716692058905 ], [ -73.972437889577563, 40.601464057218401 ], [ -73.971827110492313, 40.601486736452571 ], [ -73.971404389364892, 40.601117650280472 ], [ -73.969292703700077, 40.595136850854445 ], [ -73.969248593399584, 40.594922958599255 ] ] ] } },
{ "type": "Feature", "properties": { "group_id": "N1rel-201", "n_parks": 3, "extent_km": 0.723, "max_walk_m": 632.0, "park_area_acres": 10.61, "hull_area_acres": 55.87, "boroughs": "B", "members": "Linden Park; Jerome Playground; Ethan Allen Playground" }, "geometry": { "type": "Polygon", "coordinates": [ [ [ -73.88698795780455, 40.655288735635231 ], [ -73.887360971248754, 40.655790272950782 ], [ -73.888683886696981, 40.659127008275242 ], [ -73.886624660478688, 40.66001140951974 ], [ -73.879413106762428, 40.659241692079007 ], [ -73.879143516798379, 40.658878806786944 ], [ -73.886768443096699, 40.655383428006836 ], [ -73.88698795780455, 40.655288735635231 ] ] ] } },
{ "type": "Feature", "properties": { "group_id": "N1rel-202", "n_parks": 3, "extent_km": 0.771, "max_walk_m": 786.9, "park_area_acres": 3.83, "hull_area_acres": 68.74, "boroughs": "B", "members": "Glenwood Playground; Bildersee Playground; Curtis Playground" }, "geometry": { "type": "Polygon", "coordinates": [ [ [ -73.911193815188142, 40.634931411834749 ], [ -73.920106510792877, 40.636261727819317 ], [ -73.920476246487951, 40.636673289081031 ], [ -73.917962665909613, 40.641027952469052 ], [ -73.917356157415469, 40.641330587791195 ], [ -73.916887323260852, 40.640911479830031 ], [ -73.911363199088242, 40.635954800964072 ], [ -73.910930869567139, 40.635126460886951 ], [ -73.910931539602089, 40.635098267942325 ], [ -73.911193815188142, 40.634931411834749 ] ] ] } },
{ "type": "Feature", "properties": { "group_id": "N1rel-203", "n_parks": 3, "extent_km": 0.421, "max_walk_m": 316.6, "park_area_acres": 1.67, "hull_area_acres": 17.76, "boroughs": "B", "members": "John Hancock Playground; Madison Street Block Association; Stars Of Hope" }, "geometry": { "type": "Polygon", "coordinates": [ [ [ -73.955481582419196, 40.681996884417877 ], [ -73.955533955823867, 40.682258510354281 ], [ -73.955581201759756, 40.68405446621302 ], [ -73.950746753916548, 40.685036105585944 ], [ -73.950682305968357, 40.685043520730247 ], [ -73.950634938684317, 40.684800006853479 ], [ -73.9538214823354, 40.682188789818952 ], [ -73.955481582419196, 40.681996884417877 ] ] ] } },
{ "type": "Feature", "properties": { "group_id": "N1rel-204", "n_parks": 3, "extent_km": 0.519, "max_walk_m": 480.7, "park_area_acres": 3.41, "hull_area_acres": 20.03, "boroughs": "B", "members": "Sheepshead Playground; Playground 286; Yak Playground" }, "geometry": { "type": "Polygon", "coordinates": [ [ [ -73.940056961604512, 40.588010129889597 ], [ -73.940538966816675, 40.588448354439443 ], [ -73.940713915548571, 40.589366532088633 ], [ -73.938472022377837, 40.591755052406263 ], [ -73.937279135610538, 40.592288643773117 ], [ -73.935838277590094, 40.592494617410175 ], [ -73.935705909820044, 40.592509918957383 ], [ -73.935665518656975, 40.592298738974797 ], [ -73.939685416620065, 40.588046761468469 ], [ -73.940056961604512, 40.588010129889597 ] ] ] } },
{ "type": "Feature", "properties": { "group_id": "N1rel-205", "n_parks": 3, "extent_km": 0.565, "max_walk_m": 645.0, "park_area_acres": 1.45, "hull_area_acres": 13.24, "boroughs": "B", "members": "Winthrop Playground; Lincoln Rd Block Association; Maple Street Community Garden" }, "geometry": { "type": "Polygon", "coordinates": [ [ [ -73.954988584373254, 40.65602926858115 ], [ -73.955061804529862, 40.656722480065326 ], [ -73.95290696769122, 40.661042726842901 ], [ -73.952314179768436, 40.661379463104851 ], [ -73.952223723924277, 40.661385015076512 ], [ -73.952190756958487, 40.661086845771749 ], [ -73.953591173631565, 40.656467083116823 ], [ -73.954923920124415, 40.65603323074712 ], [ -73.954988584373254, 40.65602926858115 ] ] ] } },
{ "type": "Feature", "properties": { "group_id": "N1rel-206", "n_parks": 3, "extent_km": 0.439, "max_walk_m": 417.0, "park_area_acres": 3.57, "hull_area_acres": 22.75, "boroughs": "B", "members": "Belmont Playground; Public Place; Robert E. Venable Park" }, "geometry": { "type": "Polygon", "coordinates": [ [ [ -73.865674875293493, 40.673787165015256 ], [ -73.865943201506624, 40.67486293994304 ], [ -73.86526275360464, 40.678871076419078 ], [ -73.865234438553429, 40.678874661529719 ], [ -73.86254501122616, 40.675687240186761 ], [ -73.862462028729226, 40.675356569720897 ], [ -73.86440939414156, 40.673970580847211 ], [ -73.864763474082622, 40.673918996390128 ], [ -73.865674875293493, 40.673787165015256 ] ] ] } },
{ "type": "Feature", "properties": { "group_id": "N1rel-207", "n_parks": 3, "extent_km": 0.357, "max_walk_m": 298.4, "park_area_acres": 2.71, "hull_area_acres": 7.24, "boroughs": "B", "members": "Bushwick Playground; Garden Playground; Beaver Noll Park" }, "geometry": { "type": "Polygon", "coordinates": [ [ [ -73.935825815489437, 40.699311276798703 ], [ -73.939787995541792, 40.701330502223669 ], [ -73.939893346727956, 40.701977315888584 ], [ -73.939700304053829, 40.702147173962238 ], [ -73.939656438500037, 40.702158847724377 ], [ -73.939621504919216, 40.70216705288064 ], [ -73.939556766976764, 40.70217842929106 ], [ -73.939495868651903, 40.702185922874492 ], [ -73.939454454340392, 40.70218761747315 ], [ -73.939341375376912, 40.70218884026486 ], [ -73.939285193604022, 40.702187099670304 ], [ -73.939037213327993, 40.70205965960411 ], [ -73.93617222023839, 40.699937629891501 ], [ -73.936008309345993, 40.699670112824414 ], [ -73.935802695756749, 40.699334528643497 ], [ -73.935825815489437, 40.699311276798703 ] ] ] } },
{ "type": "Feature", "properties": { "group_id": "N1rel-208", "n_parks": 3, "extent_km": 0.511, "max_walk_m": 521.2, "park_area_acres": 0.63, "hull_area_acres": 14.72, "boroughs": "B", "members": "Umoja Garden; Goodwin Gardens; Madison Community Greenthumb" }, "geometry": { "type": "Polygon", "coordinates": [ [ [ -73.91970657077384, 40.687614157677217 ], [ -73.921889470946681, 40.687644399979042 ], [ -73.92386727528978, 40.691092902480314 ], [ -73.923595338069191, 40.691369959725947 ], [ -73.923474092787444, 40.691301018705481 ], [ -73.923075993010158, 40.691074652378788 ], [ -73.919101158776044, 40.687683392912753 ], [ -73.919400046869711, 40.687649212019572 ], [ -73.919501329042305, 40.687637629363756 ], [ -73.91970657077384, 40.687614157677217 ] ] ] } },
{ "type": "Feature", "properties": { "group_id": "N1rel-209", "n_parks": 3, "extent_km": 0.587, "max_walk_m": 395.7, "park_area_acres": 22.86, "hull_area_acres": 59.29, "boroughs": "M", "members": "The Battery; Vietnam Veterans Plaza; The Queen Elizabeth II September 11th Garden" }, "geometry": { "type": "Polygon", "coordinates": [ [ [ -74.015149484794833, 40.700803560594522 ], [ -74.016142711164392, 40.701559824111065 ], [ -74.017028912907676, 40.702417273677518 ], [ -74.017252593214749, 40.702702445063672 ], [ -74.017286690734437, 40.702750242715481 ], [ -74.017351972028862, 40.702847743009627 ], [ -74.017427393082755, 40.702972919860159 ], [ -74.017452525486704, 40.70301719331475 ], [ -74.01750872970436, 40.70312554245708 ], [ -74.017570176971248, 40.703259988500641 ], [ -74.017637150549419, 40.703435289878627 ], [ -74.017682730976716, 40.703593560423137 ], [ -74.017696255961468, 40.703669668691489 ], [ -74.017699729864461, 40.703708977293061 ], [ -74.017700638504039, 40.703730801954187 ], [ -74.017700845575433, 40.703748615844219 ], [ -74.017698533513013, 40.703802375845704 ], [ -74.017693715561734, 40.703843940602596 ], [ -74.017685102986235, 40.703890641560108 ], [ -74.01767343213335, 40.703939344823738 ], [ -74.017587478769954, 40.704152365911618 ], [ -74.01681124950349, 40.70462099196574 ], [ -74.009000487981638, 40.704875124889348 ], [ -74.008996909582919, 40.704874462392645 ], [ -74.008994419617252, 40.704872272543177 ], [ -74.008994108065068, 40.704869726821471 ], [ -74.009404215080679, 40.702421471173686 ], [ -74.009989031193584, 40.702164974148623 ], [ -74.015149484794833, 40.700803560594522 ] ] ] } },
{ "type": "Feature", "properties": { "group_id": "N1rel-210", "n_parks": 3, "extent_km": 0.874, "max_walk_m": 737.9, "park_area_acres": 20.68, "hull_area_acres": 75.35, "boroughs": "M", "members": "Dyckman House Museum; Isham Park; Lt. Wm. Tighe Triangle" }, "geometry": { "type": "Polygon", "coordinates": [ [ [ -73.927749143637698, 40.865686529083291 ], [ -73.927756037210131, 40.865686915207121 ], [ -73.928173329251052, 40.865736037179758 ], [ -73.928179792428836, 40.865737358618944 ], [ -73.928185862101245, 40.865739499258247 ], [ -73.92819136159784, 40.865742395953568 ], [ -73.928196128505547, 40.865745963957899 ], [ -73.928200020599263, 40.865750096925069 ], [ -73.92820292650957, 40.865754674120318 ], [ -73.928204758604934, 40.865759561316175 ], [ -73.928205463663289, 40.865764614401371 ], [ -73.928205021679872, 40.865769684782599 ], [ -73.928203443491441, 40.865774622985377 ], [ -73.928203064387972, 40.865775286410233 ], [ -73.928200777886943, 40.865779284061226 ], [ -73.928042379546199, 40.865982079172511 ], [ -73.928039925116295, 40.865984496356518 ], [ -73.920740278140514, 40.872815534606424 ], [ -73.92038690887621, 40.872890865750527 ], [ -73.919071062092542, 40.873161048789868 ], [ -73.918632543095939, 40.872960505129498 ], [ -73.917438575313298, 40.869982310230945 ], [ -73.917363554014756, 40.869158376667912 ], [ -73.917686888046333, 40.868994087516306 ], [ -73.919025889211497, 40.868441179180877 ], [ -73.927735609756198, 40.865688470167854 ], [ -73.927742265683349, 40.865687052463201 ], [ -73.927749143637698, 40.865686529083291 ] ] ] } },
{ "type": "Feature", "properties": { "group_id": "N1rel-211", "n_parks": 3, "extent_km": 0.644, "max_walk_m": 274.0, "park_area_acres": 2.63, "hull_area_acres": 40.96, "boroughs": "M", "members": "Joan Of Arc Park; Broadway Malls (11/11); Broadway Malls (8/11)" }, "geometry": { "type": "Polygon", "coordinates": [ [ [ -73.975681206195787, 40.789245133291267 ], [ -73.975752570137828, 40.789277247404321 ], [ -73.976882974677892, 40.792975266076716 ], [ -73.976884459886705, 40.792983868852922 ], [ -73.976831231970777, 40.79370572879543 ], [ -73.976801760355812, 40.793960861553082 ], [ -73.97675025802414, 40.794188295873617 ], [ -73.976688360529536, 40.794381115542926 ], [ -73.976634580330455, 40.794516772180287 ], [ -73.97656415571538, 40.794672393092632 ], [ -73.976522060023413, 40.794749010767994 ], [ -73.976451611255399, 40.794870981719974 ], [ -73.976381664580245, 40.794983070643433 ], [ -73.976315357833428, 40.795074812574882 ], [ -73.976231234661412, 40.795179721505576 ], [ -73.976069667838374, 40.795347296315462 ], [ -73.975991936331454, 40.795416648356493 ], [ -73.975977029556617, 40.795428086101246 ], [ -73.97596307402587, 40.795433614061935 ], [ -73.971612272241217, 40.794965141551423 ], [ -73.971518809989419, 40.794925842719621 ], [ -73.971561577097233, 40.794862167967295 ], [ -73.972144087053152, 40.79401582760832 ], [ -73.975671556660529, 40.789257814787078 ], [ -73.975681206195787, 40.789245133291267 ] ] ] } },
{ "type": "Feature", "properties": { "group_id": "N1rel-212", "n_parks": 3, "extent_km": 0.447, "max_walk_m": 622.6, "park_area_acres": 19.75, "hull_area_acres": 29.38, "boroughs": "M", "members": "Marcus Garvey Park; W 124th Street Community Garden; Walter Miller III Memorial Garden (La Casa Frela)" }, "geometry": { "type": "Polygon", "coordinates": [ [ [ -73.943131339336858, 40.802730471482725 ], [ -73.945592024421771, 40.802920488356939 ], [ -73.94563462515282, 40.802938518433983 ], [ -73.94576242511225, 40.802992611270675 ], [ -73.945805024749788, 40.803010642184454 ], [ -73.945911648483715, 40.803907277534634 ], [ -73.945392225499617, 40.806940645711855 ], [ -73.94521179755705, 40.807187846850958 ], [ -73.945150093141635, 40.807161752586239 ], [ -73.941427272731616, 40.805063722846569 ], [ -73.943131339336858, 40.802730471482725 ] ] ] } },
{ "type": "Feature", "properties": { "group_id": "N1rel-213", "n_parks": 3, "extent_km": 0.354, "max_walk_m": 290.9, "park_area_acres": 1.46, "hull_area_acres": 27.17, "boroughs": "M", "members": "Park Avenue Malls; Park Avenue Malls (2/8); Grand Army Plaza" }, "geometry": { "type": "Polygon", "coordinates": [ [ [ -73.970677000383745, 40.761681045622417 ], [ -73.97068804215904, 40.76168276209237 ], [ -73.970697983064326, 40.761685942501572 ], [ -73.97070719663688, 40.7616921925448 ], [ -73.973803462507576, 40.763888075114167 ], [ -73.973833622392917, 40.763914274933313 ], [ -73.973857301552158, 40.763940402134182 ], [ -73.973871621430149, 40.763967907680772 ], [ -73.973882919707549, 40.763999264897429 ], [ -73.973889321689072, 40.764031095568946 ], [ -73.973885518851745, 40.764064004532216 ], [ -73.973878182636412, 40.764085960762564 ], [ -73.973867233076106, 40.764110605978743 ], [ -73.973632311983224, 40.764444113592177 ], [ -73.973621173331466, 40.76445838313203 ], [ -73.973611749061774, 40.764462133374494 ], [ -73.967688677611861, 40.765870172360103 ], [ -73.967615662150564, 40.765839365470818 ], [ -73.969357015040046, 40.76345010133555 ], [ -73.970636268269701, 40.76169996565303 ], [ -73.970641615978863, 40.761693375323119 ], [ -73.970649729979641, 40.76168737913018 ], [ -73.970660549452617, 40.761682927990883 ], [ -73.970677000383745, 40.761681045622417 ] ] ] } },
{ "type": "Feature", "properties": { "group_id": "N1rel-214", "n_parks": 3, "extent_km": 0.776, "max_walk_m": 415.2, "park_area_acres": 1.77, "hull_area_acres": 2.25, "boroughs": "M", "members": "Park Avenue Malls (1/8); Park Avenue Malls (5/8); Park Avenue Malls (6/8)" }, "geometry": { "type": "Polygon", "coordinates": [ [ [ -73.963248169687702, 40.771832619589361 ], [ -73.963317118440898, 40.771861705813599 ], [ -73.963316538875588, 40.771865131202283 ], [ -73.963314414457386, 40.771870558758977 ], [ -73.961187099675271, 40.774787932667607 ], [ -73.959540846159811, 40.777044115112581 ], [ -73.957157195771487, 40.780307600329813 ], [ -73.956694609525314, 40.780940508237798 ], [ -73.956517179708044, 40.78118247023 ], [ -73.956393047794634, 40.781350918538571 ], [ -73.956321402100556, 40.781320672351164 ], [ -73.956720841048394, 40.780765994508876 ], [ -73.962411021209462, 40.772967964638639 ], [ -73.963241234492045, 40.771837585125013 ], [ -73.963244844042308, 40.771834715472416 ], [ -73.963248169687702, 40.771832619589361 ] ] ] } },
{ "type": "Feature", "properties": { "group_id": "N1rel-215", "n_parks": 3, "extent_km": 0.56, "max_walk_m": 343.2, "park_area_acres": 2.0, "hull_area_acres": 23.19, "boroughs": "M", "members": "Park Avenue Malls (3/8); Park Avenue Malls (8/8); Samuel Seabury Playground" }, "geometry": { "type": "Polygon", "coordinates": [ [ [ -73.956321402100556, 40.781320672351164 ], [ -73.956393047794634, 40.781350918538571 ], [ -73.956235943081751, 40.78157124280861 ], [ -73.95219545029461, 40.787210448243385 ], [ -73.952193396327033, 40.787213166004214 ], [ -73.952190783360919, 40.787215589069277 ], [ -73.952187682528148, 40.787217653532423 ], [ -73.95218417680249, 40.78721930359702 ], [ -73.952180362183682, 40.787220492476756 ], [ -73.95217634295328, 40.787221189597872 ], [ -73.952172228124127, 40.787221375194584 ], [ -73.952168127882885, 40.787221044810003 ], [ -73.95216415477654, 40.787220206595457 ], [ -73.952160417786999, 40.787218884009214 ], [ -73.952025084315707, 40.787161210990995 ], [ -73.952020124627794, 40.787158280496676 ], [ -73.952015884519284, 40.787154758672557 ], [ -73.950377582458628, 40.785478707579323 ], [ -73.95073679357202, 40.784988276636014 ], [ -73.956321402100556, 40.781320672351164 ] ] ] } },
{ "type": "Feature", "properties": { "group_id": "N1rel-216", "n_parks": 3, "extent_km": 0.735, "max_walk_m": 672.3, "park_area_acres": 2.51, "hull_area_acres": 76.3, "boroughs": "M", "members": "Park Avenue Malls (4/8); Park Avenue Malls (7/8); St. Catherine's Park" }, "geometry": { "type": "Polygon", "coordinates": [ [ [ -73.958419581659186, 40.764748243808633 ], [ -73.967615662150564, 40.765839365470818 ], [ -73.967688677611861, 40.765870172360103 ], [ -73.967505398619153, 40.766125004218139 ], [ -73.966237687945707, 40.767864528302191 ], [ -73.963954030862524, 40.770994489960174 ], [ -73.963412472621158, 40.771735021888048 ], [ -73.963317118440898, 40.771861705813599 ], [ -73.963248169687702, 40.771832619589361 ], [ -73.958064888964842, 40.765236660338623 ], [ -73.958419581659186, 40.764748243808633 ] ] ] } },
{ "type": "Feature", "properties": { "group_id": "N1rel-217", "n_parks": 3, "extent_km": 0.326, "max_walk_m": 296.2, "park_area_acres": 2.43, "hull_area_acres": 11.55, "boroughs": "M", "members": "Lillian D Wald Playground; Little Flower Playground; Cherry Clinton Playground" }, "geometry": { "type": "Polygon", "coordinates": [ [ [ -73.986554993263354, 40.711127173786856 ], [ -73.988759038714917, 40.712143685094688 ], [ -73.988829878961909, 40.712638106551267 ], [ -73.987714667442603, 40.712730620361192 ], [ -73.98441469542125, 40.71237532065286 ], [ -73.983841134991579, 40.712090732431591 ], [ -73.983813944434331, 40.711895943645629 ], [ -73.985956385142075, 40.711185559874778 ], [ -73.986554993263354, 40.711127173786856 ] ] ] } },
{ "type": "Feature", "properties": { "group_id": "N1rel-218", "n_parks": 3, "extent_km": 0.519, "max_walk_m": 599.9, "park_area_acres": 3.58, "hull_area_acres": 54.55, "boroughs": "M", "members": "Dr. Gertrude B. Kelly Playground; The High Line (2/4); The High Line (4/4)" }, "geometry": { "type": "Polygon", "coordinates": [ [ [ -74.008320080722243, 40.739427177967777 ], [ -74.008255387652341, 40.740294322494364 ], [ -74.0077987899475, 40.742438836278218 ], [ -74.007625752416587, 40.74321251475854 ], [ -74.007059298972408, 40.744644075645219 ], [ -74.006987254790417, 40.74479502206237 ], [ -74.006481943215888, 40.74554990125862 ], [ -74.00607584593125, 40.746124466839298 ], [ -74.005978958491866, 40.746091332687939 ], [ -74.001650110097231, 40.741806712882266 ], [ -74.001897257503671, 40.741455304214085 ], [ -74.001977565308053, 40.741344803441756 ], [ -74.008137893615611, 40.739426822678155 ], [ -74.008320080722243, 40.739427177967777 ] ] ] } },
{ "type": "Feature", "properties": { "group_id": "N1rel-219", "n_parks": 3, "extent_km": 0.344, "max_walk_m": 352.5, "park_area_acres": 2.25, "hull_area_acres": 7.78, "boroughs": "M", "members": "Queensboro Oval; Twenty-Four Sycamores Park; Honey Locust Park" }, "geometry": { "type": "Polygon", "coordinates": [ [ [ -73.959826129724092, 40.758799643484991 ], [ -73.962593320977888, 40.759953406939211 ], [ -73.963182013595215, 40.760201414588288 ], [ -73.963385928298734, 40.760288415202808 ], [ -73.963376963359423, 40.760303274282784 ], [ -73.963365022994367, 40.760316869908259 ], [ -73.963350408200327, 40.760328859081817 ], [ -73.963333483902929, 40.760338942050552 ], [ -73.963314676586862, 40.760346864106367 ], [ -73.963294458894197, 40.760352426387456 ], [ -73.963273340147865, 40.76035548947722 ], [ -73.963251849770032, 40.760355976100634 ], [ -73.962864523716178, 40.760312730329417 ], [ -73.958714545995733, 40.759790043550574 ], [ -73.95827002036043, 40.759601934525541 ], [ -73.958619900934195, 40.759122605838634 ], [ -73.959826129724092, 40.758799643484991 ] ] ] } },
{ "type": "Feature", "properties": { "group_id": "N1rel-220", "n_parks": 3, "extent_km": 0.333, "max_walk_m": 515.4, "park_area_acres": 1.7, "hull_area_acres": 11.56, "boroughs": "M", "members": "Roger Morris Park; Morris-Jumel Ecological Education Garden; Dorothy K. McGowan Memorial Garden" }, "geometry": { "type": "Polygon", "coordinates": [ [ [ -73.942324790779097, 40.833890125114607 ], [ -73.942382124458518, 40.833914161852057 ], [ -73.942202166439088, 40.834160690191624 ], [ -73.939074948971253, 40.835927899765558 ], [ -73.939008603969398, 40.835899941279287 ], [ -73.938954884695789, 40.835877302353062 ], [ -73.937924960410399, 40.834839069076025 ], [ -73.938110976441152, 40.834418319442079 ], [ -73.938146490864554, 40.83435249074796 ], [ -73.938187666075393, 40.834290928916928 ], [ -73.938224293985186, 40.834245155703698 ], [ -73.938263956264038, 40.834200164831373 ], [ -73.93831667659839, 40.834150189489591 ], [ -73.938537339787857, 40.833962835176614 ], [ -73.942324790779097, 40.833890125114607 ] ] ] } },
{ "type": "Feature", "properties": { "group_id": "N1rel-221", "n_parks": 3, "extent_km": 0.339, "max_walk_m": 223.0, "park_area_acres": 5.47, "hull_area_acres": 12.66, "boroughs": "M", "members": "Stuyvesant Square; Augustus St. Gaudens Playground; Peter's Field" }, "geometry": { "type": "Polygon", "coordinates": [ [ [ -73.983644428939002, 40.732779681110586 ], [ -73.984258458078358, 40.733036244913897 ], [ -73.985113935629272, 40.733408828644443 ], [ -73.98511740254763, 40.733410893957569 ], [ -73.98512059819538, 40.733413757986227 ], [ -73.98512332595385, 40.733417896173314 ], [ -73.985124563921516, 40.733424533077809 ], [ -73.985123435907752, 40.733429130025876 ], [ -73.984345833202568, 40.734493479652272 ], [ -73.984341929339976, 40.734496787587723 ], [ -73.981739966962195, 40.736471329742969 ], [ -73.981087560953199, 40.736194667719232 ], [ -73.981414331107402, 40.735748824590559 ], [ -73.983644428939002, 40.732779681110586 ] ] ] } },
{ "type": "Feature", "properties": { "group_id": "N1rel-222", "n_parks": 3, "extent_km": 0.556, "max_walk_m": 599.9, "park_area_acres": 3.53, "hull_area_acres": 64.5, "boroughs": "M", "members": "Sakura Park; Broadway Malls; Old Croton Aqueduct Gatehouse" }, "geometry": { "type": "Polygon", "coordinates": [ [ [ -73.966628517644878, 40.804237992068344 ], [ -73.966637519012764, 40.804238834838941 ], [ -73.966647494538506, 40.80424198226666 ], [ -73.966658100171912, 40.804248195173116 ], [ -73.966664893536048, 40.804256576277375 ], [ -73.966667281930441, 40.804262721070103 ], [ -73.966668196583626, 40.804270262109981 ], [ -73.966664516224938, 40.804281155278034 ], [ -73.962789761669683, 40.812659559468266 ], [ -73.961998886102194, 40.813744721377731 ], [ -73.961367323394086, 40.813478851281502 ], [ -73.95938348156362, 40.808555751145121 ], [ -73.959609535423297, 40.80824692191193 ], [ -73.966603889998936, 40.804244131739985 ], [ -73.966610504300291, 40.804240919776369 ], [ -73.966621901260254, 40.804238271108375 ], [ -73.966628517644878, 40.804237992068344 ] ] ] } },
{ "type": "Feature", "properties": { "group_id": "N1rel-223", "n_parks": 3, "extent_km": 0.472, "max_walk_m": 323.0, "park_area_acres": 1.45, "hull_area_acres": 17.53, "boroughs": "M", "members": "Broadway Malls (4/11); Verdi Square; Tecumseh Playground" }, "geometry": { "type": "Polygon", "coordinates": [ [ [ -73.981632814745936, 40.778896810357494 ], [ -73.981683856835133, 40.779836520270891 ], [ -73.981373410289407, 40.780959902543842 ], [ -73.981323910629712, 40.781107788453056 ], [ -73.981074197555301, 40.781829478283093 ], [ -73.980872788235033, 40.782410488347111 ], [ -73.98082032312054, 40.782555545940149 ], [ -73.98081931420289, 40.782558155425953 ], [ -73.980818695337234, 40.782559754613899 ], [ -73.98054583860926, 40.783104209774756 ], [ -73.98047242923424, 40.783245031299437 ], [ -73.9804308917398, 40.783300586337681 ], [ -73.980363693032601, 40.783278508359082 ], [ -73.977965065358703, 40.7817831325154 ], [ -73.97819849309721, 40.781463695993153 ], [ -73.981632814745936, 40.778896810357494 ] ] ] } },
{ "type": "Feature", "properties": { "group_id": "N1rel-224", "n_parks": 3, "extent_km": 0.259, "max_walk_m": 436.4, "park_area_acres": 1.96, "hull_area_acres": 13.88, "boroughs": "M", "members": "Adam Clayton Powell Jr. Malls (8/9); Renaissance Playground; Robert L. Clinkscales Playground and Community Garden" }, "geometry": { "type": "Polygon", "coordinates": [ [ [ -73.940993522121431, 40.820845039876517 ], [ -73.941871249450259, 40.821215998496903 ], [ -73.942188433459194, 40.821350049143788 ], [ -73.941837430480845, 40.821829347242719 ], [ -73.940288789981921, 40.822939116844196 ], [ -73.937405493059558, 40.823955887569213 ], [ -73.937370589796288, 40.823941166612549 ], [ -73.937596261655244, 40.823630834438305 ], [ -73.937715402253531, 40.823467007688073 ], [ -73.938168492478241, 40.822846260476723 ], [ -73.938625122560325, 40.822222466931436 ], [ -73.93882744125294, 40.82194669843517 ], [ -73.939150160726612, 40.821511359157007 ], [ -73.940993522121431, 40.820845039876517 ] ] ] } },
{ "type": "Feature", "properties": { "group_id": "N1rel-225", "n_parks": 3, "extent_km": 0.394, "max_walk_m": 199.6, "park_area_acres": 10.71, "hull_area_acres": 30.36, "boroughs": "M", "members": "Washington Square Park; Mercer Playground; Fiorello La Guardia Park" }, "geometry": { "type": "Polygon", "coordinates": [ [ [ -73.99668266149753, 40.727055281598382 ], [ -73.998657754497984, 40.728016665135158 ], [ -73.998809330145178, 40.72809108124229 ], [ -73.999474392569667, 40.731077669624923 ], [ -73.998594521645657, 40.732114762346562 ], [ -73.997279091918003, 40.731468213458939 ], [ -73.995728721691151, 40.73070320704678 ], [ -73.995766184970975, 40.728138663583266 ], [ -73.99668266149753, 40.727055281598382 ] ] ] } },
{ "type": "Feature", "properties": { "group_id": "N1rel-226", "n_parks": 3, "extent_km": 0.598, "max_walk_m": 674.8, "park_area_acres": 1.46, "hull_area_acres": 37.3, "boroughs": "M", "members": "Sutton Parks; Sutton Place Park; Tramway Plaza" }, "geometry": { "type": "Polygon", "coordinates": [ [ [ -73.962524719056105, 40.754834329302916 ], [ -73.962574836241842, 40.754836689612091 ], [ -73.962581382014719, 40.754839571554932 ], [ -73.962584855106385, 40.754844038289406 ], [ -73.96467115326675, 40.760848381999764 ], [ -73.964318467172276, 40.761330009041231 ], [ -73.964081929920638, 40.761229865165973 ], [ -73.959285314906793, 40.757744598472918 ], [ -73.960384516379946, 40.756258403509889 ], [ -73.960800231427356, 40.755798453265477 ], [ -73.960944479004695, 40.755684703604324 ], [ -73.962382149009002, 40.754883562091528 ], [ -73.962393075284339, 40.754877733986042 ], [ -73.962404263098932, 40.754872198629144 ], [ -73.962415693504184, 40.754866958716093 ], [ -73.962427354652206, 40.754862025049022 ], [ -73.962440836048501, 40.754856829026672 ], [ -73.962442435028393, 40.754856258627576 ], [ -73.962451320617149, 40.754853090844726 ], [ -73.962463593454586, 40.754849102003519 ], [ -73.962476040182892, 40.754845439200601 ], [ -73.962488646590046, 40.754842106033351 ], [ -73.96250139609549, 40.754839106098316 ], [ -73.962524719056105, 40.754834329302916 ] ] ] } },
{ "type": "Feature", "properties": { "group_id": "N1rel-227", "n_parks": 3, "extent_km": 0.536, "max_walk_m": 439.6, "park_area_acres": 3.01, "hull_area_acres": 18.05, "boroughs": "M", "members": "Poor Richard's Playground; East River Playground; Neighbors Of Vega Baja" }, "geometry": { "type": "Polygon", "coordinates": [ [ [ -73.937873923489519, 40.788851763662301 ], [ -73.938820437114572, 40.789251321573374 ], [ -73.943618488862953, 40.792737408446229 ], [ -73.943227007118921, 40.793273601112169 ], [ -73.943192978347781, 40.793317059600071 ], [ -73.94319197216295, 40.793317323851241 ], [ -73.940202113684549, 40.792122522356948 ], [ -73.940104384969118, 40.79208120707743 ], [ -73.937628188298007, 40.789395771232932 ], [ -73.937873923489519, 40.788851763662301 ] ] ] } },
{ "type": "Feature", "properties": { "group_id": "N1rel-228", "n_parks": 3, "extent_km": 0.849, "max_walk_m": 789.0, "park_area_acres": 30.51, "hull_area_acres": 122.48, "boroughs": "Q", "members": "Hermon A. MacNeil Park; Poppenhusen Park; Playground 115" }, "geometry": { "type": "Polygon", "coordinates": [ [ [ -73.852780208790762, 40.785049714410476 ], [ -73.854099183011243, 40.793307497964726 ], [ -73.853983053356345, 40.794153968914387 ], [ -73.852789668868965, 40.794689497245429 ], [ -73.849034357913766, 40.794158270759475 ], [ -73.845757023717155, 40.787962408842724 ], [ -73.845772564696574, 40.787651355629556 ], [ -73.852418712080393, 40.785062580389912 ], [ -73.852780208790762, 40.785049714410476 ] ] ] } },
{ "type": "Feature", "properties": { "group_id": "N1rel-229", "n_parks": 3, "extent_km": 0.63, "max_walk_m": 668.7, "park_area_acres": 2.69, "hull_area_acres": 20.6, "boroughs": "Q", "members": "Veterans Grove; Middleburgh Triangle; Moore Homestead Playground" }, "geometry": { "type": "Polygon", "coordinates": [ [ [ -73.875100206389334, 40.741306905518883 ], [ -73.882853567363512, 40.741716963136454 ], [ -73.883011945086864, 40.742525663944122 ], [ -73.882819698361132, 40.74275200742975 ], [ -73.877630507901145, 40.742955563760098 ], [ -73.877624928810121, 40.742953724398475 ], [ -73.876975998100306, 40.742664713877659 ], [ -73.875043523808316, 40.741340842712624 ], [ -73.875020532873222, 40.741318628348125 ], [ -73.875100206389334, 40.741306905518883 ] ] ] } },
{ "type": "Feature", "properties": { "group_id": "N1rel-230", "n_parks": 3, "extent_km": 0.798, "max_walk_m": 418.4, "park_area_acres": 27.27, "hull_area_acres": 46.05, "boroughs": "Q", "members": "Beach Channel Park; Tribute Park; Park at Beach 108 Street" }, "geometry": { "type": "Polygon", "coordinates": [ [ [ -73.844971540100687, 40.581538514995856 ], [ -73.845927155151131, 40.581704206668654 ], [ -73.846272776121424, 40.582248811089237 ], [ -73.831478713584346, 40.584922271116433 ], [ -73.831058903569314, 40.584168062638483 ], [ -73.831152497076431, 40.584012872209385 ], [ -73.832229396791931, 40.583694326502403 ], [ -73.838641939454646, 40.581827328896374 ], [ -73.839465750014199, 40.581789758538179 ], [ -73.844971540100687, 40.581538514995856 ] ] ] } },
{ "type": "Feature", "properties": { "group_id": "N1rel-231", "n_parks": 3, "extent_km": 0.551, "max_walk_m": 566.7, "park_area_acres": 2.05, "hull_area_acres": 12.52, "boroughs": "Q", "members": "Clemens Triangle; Myrtle Avenue Clemens Triangle; Rosemary's Playground" }, "geometry": { "type": "Polygon", "coordinates": [ [ [ -73.905890646620946, 40.700034858567946 ], [ -73.906714452367751, 40.700150981221775 ], [ -73.904720233599193, 40.704420048196781 ], [ -73.903755221683355, 40.705375527922257 ], [ -73.903179825553792, 40.705037117429143 ], [ -73.905830032936635, 40.700092506634434 ], [ -73.905890646620946, 40.700034858567946 ] ] ] } },
{ "type": "Feature", "properties": { "group_id": "N1rel-232", "n_parks": 3, "extent_km": 0.596, "max_walk_m": 542.6, "park_area_acres": 3.32, "hull_area_acres": 19.72, "boroughs": "Q", "members": "Hoyt Playground; Columbus Square; Athens Square" }, "geometry": { "type": "Polygon", "coordinates": [ [ [ -73.922311768686669, 40.767428417267645 ], [ -73.922952046012952, 40.767727160783942 ], [ -73.922814745947065, 40.76788221851605 ], [ -73.91722220984586, 40.772191063798211 ], [ -73.916722411966703, 40.771879819241406 ], [ -73.916394218727277, 40.771649162536413 ], [ -73.917397338747335, 40.77001043905873 ], [ -73.917399815528867, 40.770007515097745 ], [ -73.91740291251601, 40.770004955384813 ], [ -73.917406538412664, 40.770002834596234 ], [ -73.922311768686669, 40.767428417267645 ] ] ] } },
{ "type": "Feature", "properties": { "group_id": "N1rel-233", "n_parks": 3, "extent_km": 0.637, "max_walk_m": 586.3, "park_area_acres": 1.13, "hull_area_acres": 8.31, "boroughs": "Q", "members": "Pigeon Paradise; General Hart Playground; Sergeant Collins Triangle" }, "geometry": { "type": "Polygon", "coordinates": [ [ [ -73.897453105361848, 40.748466797089435 ], [ -73.897782060547186, 40.748556028942069 ], [ -73.90319059292662, 40.751827742004679 ], [ -73.902707584558769, 40.751876944839367 ], [ -73.896500160192502, 40.748711465206945 ], [ -73.896437517288376, 40.748579053315787 ], [ -73.896628324877483, 40.748556839018789 ], [ -73.896881696075042, 40.748528168869257 ], [ -73.897453105361848, 40.748466797089435 ] ] ] } },
{ "type": "Feature", "properties": { "group_id": "N1rel-234", "n_parks": 3, "extent_km": 0.616, "max_walk_m": 657.5, "park_area_acres": 2.17, "hull_area_acres": 36.15, "boroughs": "Q", "members": "Glendale Veterans Triangle; Pinocchio Playground; \"Uncle\" Vito F. Maranzano Glendale Playground" }, "geometry": { "type": "Polygon", "coordinates": [ [ [ -73.880873628577902, 40.70181571883758 ], [ -73.880894833951331, 40.701862546731618 ], [ -73.882236650259216, 40.70517741625288 ], [ -73.881545640887865, 40.705341374896953 ], [ -73.875029507099427, 40.705957265636322 ], [ -73.874905634280097, 40.705652129358199 ], [ -73.874985895102043, 40.705105121966653 ], [ -73.880873628577902, 40.70181571883758 ] ] ] } },
{ "type": "Feature", "properties": { "group_id": "N1rel-235", "n_parks": 3, "extent_km": 0.367, "max_walk_m": 355.1, "park_area_acres": 3.07, "hull_area_acres": 22.57, "boroughs": "Q", "members": "Veterans Plaza; Playground Ninety; Northern Playground" }, "geometry": { "type": "Polygon", "coordinates": [ [ [ -73.874839809278782, 40.755525907111021 ], [ -73.878875988088765, 40.75690929361302 ], [ -73.879008760452251, 40.757646563839998 ], [ -73.874877306590832, 40.758814533449659 ], [ -73.874689228125817, 40.758864142293071 ], [ -73.874659947389219, 40.758705451232224 ], [ -73.87410292087398, 40.755595821763315 ], [ -73.874766567388775, 40.755532855959885 ], [ -73.874839809278782, 40.755525907111021 ] ] ] } },
{ "type": "Feature", "properties": { "group_id": "N1rel-236", "n_parks": 3, "extent_km": 0.725, "max_walk_m": 416.2, "park_area_acres": 9.44, "hull_area_acres": 26.76, "boroughs": "Q", "members": "Jackie Robinson Parkway (10/17); Jackie Robinson Parkway (14/17); Jackie Robinson Parkway (5/17)" }, "geometry": { "type": "Polygon", "coordinates": [ [ [ -73.851062071051118, 40.707054284769512 ], [ -73.851109728915191, 40.70706440514855 ], [ -73.851073824698219, 40.707096885215812 ], [ -73.850902051297666, 40.707245685972211 ], [ -73.849810784033437, 40.708162683817832 ], [ -73.849296414446783, 40.708281223195961 ], [ -73.849179811364465, 40.708306398293949 ], [ -73.841308333566772, 40.709878577637099 ], [ -73.841208151777522, 40.709725761195685 ], [ -73.841180385788419, 40.70968340705722 ], [ -73.840689010832463, 40.708933855654088 ], [ -73.840824764594743, 40.70874024548435 ], [ -73.840908040407527, 40.708668095374378 ], [ -73.841109809307795, 40.708508597910757 ], [ -73.84117201024408, 40.708468591129595 ], [ -73.84123953179612, 40.708433937996155 ], [ -73.841311582513612, 40.708405045342317 ], [ -73.841434650948315, 40.708367011587782 ], [ -73.841483838551298, 40.708355667136765 ], [ -73.841534326559781, 40.708348346144092 ], [ -73.851062071051118, 40.707054284769512 ] ] ] } },
{ "type": "Feature", "properties": { "group_id": "N1rel-237", "n_parks": 3, "extent_km": 0.295, "max_walk_m": 419.8, "park_area_acres": 4.31, "hull_area_acres": 12.71, "boroughs": "Q", "members": "Vito Locascio Field; Rocket Playground; Park" }, "geometry": { "type": "Polygon", "coordinates": [ [ [ -73.842722461942842, 40.669305911776718 ], [ -73.846763189066138, 40.669479794007671 ], [ -73.847186034160359, 40.669603613796276 ], [ -73.847185804358404, 40.669606352863276 ], [ -73.846816499350851, 40.670526215102285 ], [ -73.846519793357842, 40.670958779995573 ], [ -73.84651608971609, 40.670964179055382 ], [ -73.846409540040185, 40.671041181422538 ], [ -73.843041363002982, 40.6704532537196 ], [ -73.842722461942842, 40.669305911776718 ] ] ] } },
{ "type": "Feature", "properties": { "group_id": "N1rel-238", "n_parks": 3, "extent_km": 0.417, "max_walk_m": 209.5, "park_area_acres": 8.84, "hull_area_acres": 15.95, "boroughs": "Q", "members": "Locust Grove Civic Triangle; Southern Fields; Lefferts Playground" }, "geometry": { "type": "Polygon", "coordinates": [ [ [ -73.820806710681836, 40.66515679558956 ], [ -73.826436098837959, 40.665365917151632 ], [ -73.828000595105266, 40.665446603004405 ], [ -73.828050619680823, 40.665452436598869 ], [ -73.828098820835962, 40.665464177544187 ], [ -73.828144003714073, 40.665481535891878 ], [ -73.828185047140877, 40.665504080424007 ], [ -73.828220933153247, 40.665531252204509 ], [ -73.828250770616449, 40.665562378121543 ], [ -73.828273821206196, 40.665596684433488 ], [ -73.828288689474306, 40.665631399969783 ], [ -73.828293945670453, 40.665654565526545 ], [ -73.828297453762715, 40.665671380725136 ], [ -73.828297450898575, 40.665709246586239 ], [ -73.828297450356516, 40.66570991657052 ], [ -73.828289501032458, 40.665747974087409 ], [ -73.828270091864198, 40.665788913262922 ], [ -73.828243660445452, 40.665827506007993 ], [ -73.828210680422856, 40.665863056024584 ], [ -73.828171748290217, 40.665894924830496 ], [ -73.828127562089961, 40.665922536230909 ], [ -73.828078918999893, 40.665945395225975 ], [ -73.8280266952234, 40.665963089782352 ], [ -73.823533304661765, 40.66648465536769 ], [ -73.822409451235359, 40.666192110937565 ], [ -73.8199158327253, 40.665449701744805 ], [ -73.819920912315979, 40.665188517201287 ], [ -73.820635671155244, 40.665162920908401 ], [ -73.820806710681836, 40.66515679558956 ] ] ] } },
{ "type": "Feature", "properties": { "group_id": "N1rel-239", "n_parks": 3, "extent_km": 0.337, "max_walk_m": 312.2, "park_area_acres": 1.21, "hull_area_acres": 13.18, "boroughs": "Q", "members": "Flushing Greens; Daniel Carter Beard Mall; Lewis H Latimer House" }, "geometry": { "type": "Polygon", "coordinates": [ [ [ -73.831681104248148, 40.762907474595323 ], [ -73.831703917410366, 40.762907756463086 ], [ -73.831713033670127, 40.762908527105402 ], [ -73.831726459583535, 40.762911231124555 ], [ -73.831747081009027, 40.76291695334082 ], [ -73.83176567965765, 40.762925462366979 ], [ -73.83178784651831, 40.762940146866704 ], [ -73.83179674962652, 40.762949349528711 ], [ -73.831806921288717, 40.7629645991383 ], [ -73.831814300805974, 40.762980581284701 ], [ -73.831817376622396, 40.762995553984446 ], [ -73.831816658990675, 40.763008187034934 ], [ -73.831811345330294, 40.763031922016843 ], [ -73.830014942213808, 40.766187183529155 ], [ -73.829918805488575, 40.766214308956215 ], [ -73.829226928126403, 40.766191586021435 ], [ -73.828546891246418, 40.763844236338009 ], [ -73.828546111292994, 40.763840807851935 ], [ -73.828546179182752, 40.763836979001965 ], [ -73.828547833024899, 40.763831269554387 ], [ -73.828550729484348, 40.763826390421464 ], [ -73.828560952373437, 40.76382012190431 ], [ -73.829778757611805, 40.763440908308958 ], [ -73.831653936783994, 40.762911210721477 ], [ -73.831681104248148, 40.762907474595323 ] ] ] } },
{ "type": "Feature", "properties": { "group_id": "N1rel-240", "n_parks": 3, "extent_km": 0.625, "max_walk_m": 520.3, "park_area_acres": 26.9, "hull_area_acres": 59.6, "boroughs": "Q", "members": "Springfield Park; Springfield Park North; Laurelton Community Garden of Resilience" }, "geometry": { "type": "Polygon", "coordinates": [ [ [ -73.761664512970015, 40.658358328791032 ], [ -73.764033739778725, 40.658616054298925 ], [ -73.765694135448285, 40.663459501820391 ], [ -73.765579321950483, 40.663723616256661 ], [ -73.762376093618599, 40.664294393982559 ], [ -73.760004069093711, 40.664470377757176 ], [ -73.759240007943049, 40.664229162857275 ], [ -73.761664512970015, 40.658358328791032 ] ] ] } },
{ "type": "Feature", "properties": { "group_id": "N1rel-241", "n_parks": 3, "extent_km": 0.489, "max_walk_m": 610.7, "park_area_acres": 2.02, "hull_area_acres": 31.92, "boroughs": "Q", "members": "Astoria Health Playground; Van Alst Playground; Two Coves Community Garden" }, "geometry": { "type": "Polygon", "coordinates": [ [ [ -73.932578704551005, 40.767760467104509 ], [ -73.932886096333647, 40.767915425180107 ], [ -73.93291484546522, 40.767929918423334 ], [ -73.932635272915803, 40.772489573075141 ], [ -73.932630461262391, 40.772523720046927 ], [ -73.932619062305932, 40.772556951857105 ], [ -73.932601326708706, 40.772588536541207 ], [ -73.932491697253226, 40.772556782752943 ], [ -73.931122953108172, 40.772159121793365 ], [ -73.928464095814505, 40.770960485046714 ], [ -73.927502349733203, 40.770510872149671 ], [ -73.927593071787427, 40.77039762153376 ], [ -73.932578704551005, 40.767760467104509 ] ] ] } },
{ "type": "Feature", "properties": { "group_id": "N1rel-242", "n_parks": 3, "extent_km": 0.738, "max_walk_m": 421.2, "park_area_acres": 2.07, "hull_area_acres": 15.47, "boroughs": "Q", "members": "Mall Forty Two XLII (1/3); Mall Forty Two XLII (3/3); Francis Lewis Playground" }, "geometry": { "type": "Polygon", "coordinates": [ [ [ -73.784033781585265, 40.759468781970547 ], [ -73.784039575045611, 40.759469153934859 ], [ -73.784045218238802, 40.759470214505434 ], [ -73.784050572696003, 40.759471935506909 ], [ -73.784055504726268, 40.75947427616601 ], [ -73.784062145465072, 40.759481063131553 ], [ -73.784067471955652, 40.759488488794638 ], [ -73.784650215639729, 40.760631336518792 ], [ -73.784542338222678, 40.760660186077949 ], [ -73.783848309318046, 40.760845785373078 ], [ -73.775203541182705, 40.761902719362915 ], [ -73.775181742034079, 40.761849311121367 ], [ -73.775199534277618, 40.761842137614082 ], [ -73.784022325289214, 40.759470120259238 ], [ -73.784027983499399, 40.759469106089583 ], [ -73.784033781585265, 40.759468781970547 ] ] ] } },
{ "type": "Feature", "properties": { "group_id": "N1rel-243", "n_parks": 3, "extent_km": 0.571, "max_walk_m": 577.3, "park_area_acres": 6.94, "hull_area_acres": 56.14, "boroughs": "Q", "members": "Jackson Mill Green; Overlook Park; Helen Marshall Playground" }, "geometry": { "type": "Polygon", "coordinates": [ [ [ -73.871001283608138, 40.764817905372659 ], [ -73.875755903580213, 40.766139534820297 ], [ -73.875888452440364, 40.766867959960315 ], [ -73.873870933777425, 40.770507367495014 ], [ -73.872868819810165, 40.770794444594813 ], [ -73.872819424733521, 40.770805642783216 ], [ -73.872769534681723, 40.770815521165346 ], [ -73.872719227830942, 40.770824080727287 ], [ -73.872668557518125, 40.770831304417918 ], [ -73.872617597204297, 40.770837181511965 ], [ -73.872566384793856, 40.770841712951395 ], [ -73.872515003215184, 40.770844892524174 ], [ -73.872463505798493, 40.770846706781484 ], [ -73.872411964774088, 40.770847169310706 ], [ -73.872360422806878, 40.770846269353051 ], [ -73.872308956911567, 40.770843996187772 ], [ -73.872257633366573, 40.770840378704619 ], [ -73.872206500772975, 40.77083539894754 ], [ -73.872155619509272, 40.770829074093399 ], [ -73.872105064182946, 40.770821413230337 ], [ -73.872054885712089, 40.770812425420381 ], [ -73.872005152795438, 40.770802112541361 ], [ -73.871955928186921, 40.770790488171173 ], [ -73.871907243831856, 40.770777572156966 ], [ -73.871859188535268, 40.770763381707795 ], [ -73.871811821485011, 40.770747936701433 ], [ -73.871765172282991, 40.770731243475097 ], [ -73.871719324976709, 40.770713329138452 ], [ -73.871674325726019, 40.770694212654419 ], [ -73.871630221871527, 40.770673914788219 ], [ -73.871587064263693, 40.770652478821866 ], [ -73.871544928716887, 40.770629901238848 ], [ -73.871503837641527, 40.770606231593021 ], [ -73.870941997365762, 40.770270648485557 ], [ -73.870212105217803, 40.766263069645298 ], [ -73.869972217839148, 40.764923556550173 ], [ -73.871001283608138, 40.764817905372659 ] ] ] } },
{ "type": "Feature", "properties": { "group_id": "N1rel-244", "n_parks": 3, "extent_km": 0.567, "max_walk_m": 458.9, "park_area_acres": 1.51, "hull_area_acres": 24.1, "boroughs": "Q", "members": "Leonard Square; Travis Triangle; Murray Hill Playground" }, "geometry": { "type": "Polygon", "coordinates": [ [ [ -73.81216436354697, 40.761261375393815 ], [ -73.813068771654699, 40.766312217096768 ], [ -73.813214824867771, 40.767177811243357 ], [ -73.813214761065566, 40.767182401017742 ], [ -73.813213761752976, 40.767186928041085 ], [ -73.813211849744192, 40.767191281588175 ], [ -73.813209071523957, 40.767195357275526 ], [ -73.813205493701858, 40.767199054354649 ], [ -73.813201205353408, 40.76720228562062 ], [ -73.813196308564969, 40.767204970193461 ], [ -73.81319092313872, 40.767207045231949 ], [ -73.813185179506064, 40.767208458718144 ], [ -73.813095072920035, 40.767203379608688 ], [ -73.813088088782607, 40.7672028333781 ], [ -73.813081317891175, 40.767201424808583 ], [ -73.81307494135666, 40.767199191114713 ], [ -73.813069133117992, 40.7671961929126 ], [ -73.813064049287021, 40.767192512401671 ], [ -73.809544016929451, 40.764074996495125 ], [ -73.811347371387043, 40.761459496324285 ], [ -73.81216436354697, 40.761261375393815 ] ] ] } },
{ "type": "Feature", "properties": { "group_id": "N1rel-245", "n_parks": 3, "extent_km": 0.659, "max_walk_m": 793.1, "park_area_acres": 1.45, "hull_area_acres": 44.85, "boroughs": "Q", "members": "Norelli-Hargreaves Playground; Norelli-Hargreaves Memorial Triangle; Block Association #81" }, "geometry": { "type": "Polygon", "coordinates": [ [ [ -73.808655820885164, 40.689566879406591 ], [ -73.809415066815177, 40.690883748092453 ], [ -73.805511218670659, 40.695664307171043 ], [ -73.805209911621418, 40.69575003179898 ], [ -73.8035519852166, 40.690720850855342 ], [ -73.803795919485154, 40.690514556390497 ], [ -73.808655820885164, 40.689566879406591 ] ] ] } },
{ "type": "Feature", "properties": { "group_id": "N1rel-246", "n_parks": 3, "extent_km": 0.404, "max_walk_m": 539.0, "park_area_acres": 1.5, "hull_area_acres": 20.3, "boroughs": "Q", "members": "Foch Sitting Area; Playground One Forty; Sergeant Colyer Square" }, "geometry": { "type": "Polygon", "coordinates": [ [ [ -73.800827380453413, 40.674442463285715 ], [ -73.805842233663611, 40.674872871869617 ], [ -73.805841393482666, 40.674891702065622 ], [ -73.802475121916672, 40.677772287644061 ], [ -73.802359107944369, 40.677804246778443 ], [ -73.801039215822797, 40.675575343665194 ], [ -73.800827380453413, 40.674442463285715 ] ] ] } },
{ "type": "Feature", "properties": { "group_id": "N1rel-247", "n_parks": 3, "extent_km": 0.367, "max_walk_m": 410.3, "park_area_acres": 0.15, "hull_area_acres": 4.13, "boroughs": "Q", "members": "Dwyer Square; Corporal Frank F. Fagan Sq.; Woodside Houses Park" }, "geometry": { "type": "Polygon", "coordinates": [ [ [ -73.915158216198563, 40.753904779929705 ], [ -73.915249212877526, 40.753917851120967 ], [ -73.915237839334935, 40.753940756124543 ], [ -73.912430163594735, 40.756056103374839 ], [ -73.911599372846737, 40.755932156280267 ], [ -73.911437813989281, 40.755854161859979 ], [ -73.911432186900583, 40.755851283119597 ], [ -73.911427297315399, 40.755847708855136 ], [ -73.911423294302878, 40.755843545440996 ], [ -73.911420297300126, 40.755838919039867 ], [ -73.911418397307941, 40.755833967499179 ], [ -73.911417650966754, 40.755828842147466 ], [ -73.911418079391012, 40.755823694286057 ], [ -73.911419671712878, 40.755818681494866 ], [ -73.911422379182099, 40.755813952319976 ], [ -73.911562083410587, 40.755641245414949 ], [ -73.911569056959891, 40.755636072860803 ], [ -73.911577005112647, 40.755631789853439 ], [ -73.915158216198563, 40.753904779929705 ] ] ] } },
{ "type": "Feature", "properties": { "group_id": "N1rel-248", "n_parks": 3, "extent_km": 0.511, "max_walk_m": 509.3, "park_area_acres": 3.86, "hull_area_acres": 42.7, "boroughs": "Q", "members": "Sixteen Oaks Grove; Ravenswood Playground; Spirit Playground" }, "geometry": { "type": "Polygon", "coordinates": [ [ [ -73.938545973183594, 40.758217529400888 ], [ -73.938552439112442, 40.758217619298485 ], [ -73.938558860757979, 40.758218214355495 ], [ -73.938566201858862, 40.758219577132884 ], [ -73.938574312728875, 40.758222218136943 ], [ -73.938580977261466, 40.758225257293148 ], [ -73.938587058551249, 40.758228938198158 ], [ -73.938591866928903, 40.758232448228839 ], [ -73.941952572346096, 40.760988529922649 ], [ -73.941600570530383, 40.761555026118636 ], [ -73.935401772458647, 40.763335848069374 ], [ -73.934253012742502, 40.762798158942857 ], [ -73.938125878766627, 40.758623194595252 ], [ -73.938130696332323, 40.758618092219457 ], [ -73.938302385171426, 40.758438038258085 ], [ -73.938437339169852, 40.758298554679101 ], [ -73.938496547471317, 40.758237836429132 ], [ -73.938499823750121, 40.758234579250235 ], [ -73.938503476396733, 40.758231564508044 ], [ -73.938508272106944, 40.758228266716785 ], [ -73.938513489050024, 40.758225359068845 ], [ -73.938519070352058, 40.758222873952086 ], [ -73.938523951071744, 40.75822113588039 ], [ -73.938530058565931, 40.758219516429293 ], [ -73.938538464524242, 40.758218078305198 ], [ -73.938545973183594, 40.758217529400888 ] ] ] } },
{ "type": "Feature", "properties": { "group_id": "N1rel-249", "n_parks": 3, "extent_km": 0.771, "max_walk_m": 773.5, "park_area_acres": 2.84, "hull_area_acres": 16.16, "boroughs": "Q", "members": "Woodtree Playground; Ditmars Playground; Steinway Playground" }, "geometry": { "type": "Polygon", "coordinates": [ [ [ -73.907507456048876, 40.771103541691943 ], [ -73.907791367917198, 40.771305343392505 ], [ -73.903985352201659, 40.776619002676007 ], [ -73.90373935743348, 40.776820027435207 ], [ -73.902359003341928, 40.777938380256259 ], [ -73.901826411233287, 40.777566898058893 ], [ -73.906521233576754, 40.771907796945712 ], [ -73.907507456048876, 40.771103541691943 ] ] ] } },
{ "type": "Feature", "properties": { "group_id": "N1rel-250", "n_parks": 3, "extent_km": 0.377, "max_walk_m": 203.0, "park_area_acres": 4.12, "hull_area_acres": 9.27, "boroughs": "Q", "members": "Real Good Playground; Barrier Playground; Playground Sixty Two LXII" }, "geometry": { "type": "Polygon", "coordinates": [ [ [ -73.858231111509326, 40.735112967922952 ], [ -73.858394359537897, 40.735424461237947 ], [ -73.855977172860236, 40.736150130229674 ], [ -73.855168486079918, 40.736386536106458 ], [ -73.854923330838531, 40.736428664009992 ], [ -73.854727143004652, 40.736459090725916 ], [ -73.854529887008795, 40.736485241042466 ], [ -73.854331738123065, 40.736507104369949 ], [ -73.854269362095323, 40.736512185369037 ], [ -73.854206982506469, 40.736517266329862 ], [ -73.854172376125248, 40.736519780859076 ], [ -73.853039180437065, 40.736486774783046 ], [ -73.852177768164182, 40.736460763303455 ], [ -73.852044169029242, 40.736190396714044 ], [ -73.852408090117834, 40.736081988556826 ], [ -73.853456385773583, 40.735769704328817 ], [ -73.858231111509326, 40.735112967922952 ] ] ] } },
{ "type": "Feature", "properties": { "group_id": "N1rel-251", "n_parks": 3, "extent_km": 0.328, "max_walk_m": 0.0, "park_area_acres": 0.07, "hull_area_acres": 0.72, "boroughs": "Q", "members": "Park; Park; Park" }, "geometry": { "type": "Polygon", "coordinates": [ [ [ -73.739398626963762, 40.757370202136876 ], [ -73.73940202308431, 40.757375117593597 ], [ -73.736400663298255, 40.759234590059023 ], [ -73.736171764085583, 40.759369208131027 ], [ -73.736024572650024, 40.759449900529553 ], [ -73.735832803468099, 40.759554759239776 ], [ -73.735647193469887, 40.759649685644469 ], [ -73.735482589677076, 40.759730319382328 ], [ -73.735447474322996, 40.75974735832024 ], [ -73.735325736843009, 40.75980642852663 ], [ -73.735127783302474, 40.75989616221699 ], [ -73.734893335879448, 40.760002437685486 ], [ -73.734889929026764, 40.759997590511212 ], [ -73.739398626963762, 40.757370202136876 ] ] ] } },
{ "type": "Feature", "properties": { "group_id": "N1rel-252", "n_parks": 3, "extent_km": 0.892, "max_walk_m": 667.8, "park_area_acres": 23.4, "hull_area_acres": 90.93, "boroughs": "Q", "members": "Notorious LIC Park; Vernon Mall; Hunter's Point South Park" }, "geometry": { "type": "Polygon", "coordinates": [ [ [ -73.960706095611243, 40.738103755869588 ], [ -73.963034647900983, 40.738412132104564 ], [ -73.963291878834113, 40.739825281646837 ], [ -73.962689508181526, 40.741348761653398 ], [ -73.962676791552937, 40.741367441255463 ], [ -73.962633272713603, 40.741431364052175 ], [ -73.962388818213768, 40.741790421128968 ], [ -73.960894407786697, 40.743978220175435 ], [ -73.95406856131909, 40.742645303032333 ], [ -73.951449839944701, 40.742133313592355 ], [ -73.951066102847733, 40.742055604918704 ], [ -73.951135711845211, 40.74185675837235 ], [ -73.95139649191465, 40.74174182262778 ], [ -73.960015503771231, 40.738361344289984 ], [ -73.960151247849225, 40.73831071257591 ], [ -73.960706095611243, 40.738103755869588 ] ] ] } },
{ "type": "Feature", "properties": { "group_id": "N1rel-253", "n_parks": 3, "extent_km": 0.261, "max_walk_m": 194.7, "park_area_acres": 4.72, "hull_area_acres": 16.21, "boroughs": "Q", "members": "Louis C. Moser Playground; LaGuardia Landing Lights; LaGuardia Landing Lights" }, "geometry": { "type": "Polygon", "coordinates": [ [ [ -73.890109164729765, 40.761497682355454 ], [ -73.890128399430665, 40.761500360793697 ], [ -73.892475322544243, 40.762541110561308 ], [ -73.892577931878421, 40.763640942525427 ], [ -73.889648220727835, 40.764088077500134 ], [ -73.889460172712432, 40.764108458453691 ], [ -73.888889760942988, 40.763895209600179 ], [ -73.888719424452773, 40.76294351405015 ], [ -73.889774550427205, 40.761533039803396 ], [ -73.889790352288443, 40.761531133243146 ], [ -73.890109164729765, 40.761497682355454 ] ] ] } },
{ "type": "Feature", "properties": { "group_id": "N1rel-254", "n_parks": 3, "extent_km": 0.392, "max_walk_m": 386.9, "park_area_acres": 1.57, "hull_area_acres": 16.0, "boroughs": "R", "members": "Barrett Triangle; St. George Park; Lt. Lia Playground" }, "geometry": { "type": "Polygon", "coordinates": [ [ [ -74.075902164532067, 40.641536638939762 ], [ -74.07989008691861, 40.643089279214287 ], [ -74.080415441625263, 40.643755620070401 ], [ -74.079798675815113, 40.644047805991505 ], [ -74.077796099846609, 40.644662112424285 ], [ -74.07558072633239, 40.641976242537275 ], [ -74.075578456032801, 40.641970584269579 ], [ -74.075588962161433, 40.641955993464457 ], [ -74.075894872411183, 40.641538338528846 ], [ -74.075902164532067, 40.641536638939762 ] ] ] } },
{ "type": "Feature", "properties": { "group_id": "N1rel-255", "n_parks": 3, "extent_km": 0.326, "max_walk_m": 232.2, "park_area_acres": 10.42, "hull_area_acres": 23.0, "boroughs": "R", "members": "Forest Grove; Joseph Manna Park; Graniteville Swamp Park" }, "geometry": { "type": "Polygon", "coordinates": [ [ [ -74.173247608609771, 40.62374555418711 ], [ -74.174152956562722, 40.624175319240237 ], [ -74.175197426150461, 40.624676680051934 ], [ -74.176923800513549, 40.625531448291028 ], [ -74.177769101052192, 40.625982452118627 ], [ -74.177759075087991, 40.625990053615887 ], [ -74.174153115969105, 40.627318753852528 ], [ -74.173623852943962, 40.62727270650872 ], [ -74.172585765461918, 40.625571142723857 ], [ -74.172818469425295, 40.624037827777542 ], [ -74.172969006594329, 40.623908196400144 ], [ -74.173247608609771, 40.62374555418711 ] ] ] } },
{ "type": "Feature", "properties": { "group_id": "N1rel-256", "n_parks": 3, "extent_km": 0.654, "max_walk_m": 592.0, "park_area_acres": 4.98, "hull_area_acres": 65.15, "boroughs": "X", "members": "Barnhill Square; Washington's Walk; Major General John R Brown Triangle" }, "geometry": { "type": "Polygon", "coordinates": [ [ [ -73.899597675667877, 40.868016440616138 ], [ -73.899603793487941, 40.868016861965245 ], [ -73.899750198139344, 40.868054233493559 ], [ -73.899789084675461, 40.868064285215503 ], [ -73.904371127043859, 40.86948967408108 ], [ -73.904373466251798, 40.86949052968329 ], [ -73.904376889885668, 40.869492890000899 ], [ -73.904379631823701, 40.869495805355314 ], [ -73.904381160763208, 40.869498360409338 ], [ -73.904382075791403, 40.86950052774435 ], [ -73.90438246720575, 40.8695030323289 ], [ -73.904382555072701, 40.869504622665467 ], [ -73.904382384671266, 40.869505983163307 ], [ -73.904381874394744, 40.869506944462877 ], [ -73.90109376838528, 40.87494634312376 ], [ -73.901026748965407, 40.875052368584413 ], [ -73.900985253142807, 40.875113899369865 ], [ -73.900905576519492, 40.875224598236514 ], [ -73.90084347413908, 40.875304999013188 ], [ -73.900765400940685, 40.875399827152471 ], [ -73.900719847849331, 40.875452301742435 ], [ -73.900659336095543, 40.875519083001386 ], [ -73.900553015112351, 40.875630870781578 ], [ -73.90054451771789, 40.87563775489469 ], [ -73.900533835554498, 40.875644320152297 ], [ -73.90052526256531, 40.875647808458019 ], [ -73.90051733636929, 40.875650345504667 ], [ -73.900508025389186, 40.875652304144012 ], [ -73.900499979718077, 40.875653023901364 ], [ -73.900491855431156, 40.875653162775535 ], [ -73.900482233786519, 40.875652637598627 ], [ -73.90047119556597, 40.87565058217033 ], [ -73.900459131725469, 40.875647356122201 ], [ -73.900447585675934, 40.875642181863164 ], [ -73.900436938835142, 40.875635450534197 ], [ -73.900428175404272, 40.875627471852226 ], [ -73.89867494713576, 40.873766719288177 ], [ -73.898652551062753, 40.873740859204176 ], [ -73.898630783001025, 40.873712378345402 ], [ -73.898403176122045, 40.873391273796948 ], [ -73.898381871501371, 40.873352334122657 ], [ -73.898358671190479, 40.873307189308782 ], [ -73.8983312185307, 40.873249298830302 ], [ -73.898307809031053, 40.873195153437692 ], [ -73.898279512829632, 40.873121867449392 ], [ -73.898255004506652, 40.873048601001678 ], [ -73.898238815088732, 40.872992805959946 ], [ -73.898222425005329, 40.872927072045421 ], [ -73.89820648248525, 40.87284796986831 ], [ -73.898002153489699, 40.871795860133176 ], [ -73.89790407229485, 40.871187826354763 ], [ -73.897903189811387, 40.871182355103883 ], [ -73.897902399867647, 40.871176876730971 ], [ -73.897901704837366, 40.871171390337551 ], [ -73.897901102345273, 40.871165897722634 ], [ -73.897900593577702, 40.871160398887142 ], [ -73.897900179716615, 40.871154896533703 ], [ -73.89789985838955, 40.871149390660143 ], [ -73.897899630782661, 40.871143881267585 ], [ -73.897899496893231, 40.871138370156935 ], [ -73.897899455533548, 40.871132858227689 ], [ -73.897899511445956, 40.871127347284975 ], [ -73.897899659886676, 40.871121836424116 ], [ -73.897899902039228, 40.871116327447169 ], [ -73.897900236715856, 40.871110821253474 ], [ -73.897900666286446, 40.871105319646269 ], [ -73.897901189564607, 40.87109982262433 ], [ -73.897901806550323, 40.871094330187816 ], [ -73.897902517238052, 40.871088845938566 ], [ -73.897903320445693, 40.87108336717403 ], [ -73.897904216167646, 40.871077897496313 ], [ -73.897905206776429, 40.871072436907383 ], [ -73.897906288710516, 40.871066987205104 ], [ -73.897907464342325, 40.871061548391587 ], [ -73.897908732485604, 40.871056120465781 ], [ -73.897910093134826, 40.871050707029582 ], [ -73.897911546291311, 40.871045307182548 ], [ -73.897913091955104, 40.871039920924645 ], [ -73.897914726563187, 40.871034550954228 ], [ -73.897916453674313, 40.871029197274389 ], [ -73.897918272099531, 40.871023861685103 ], [ -73.89792018065522, 40.871018542384277 ], [ -73.89792218051798, 40.871013245676416 ], [ -73.897924269323582, 40.871007966156533 ], [ -73.89792644943762, 40.87100270832908 ], [ -73.899554783503305, 40.868038496795002 ], [ -73.89955695159999, 40.868034762551744 ], [ -73.899560585758252, 40.868030302889565 ], [ -73.899565054305768, 40.868026306805085 ], [ -73.899569682770448, 40.868023241965702 ], [ -73.899574824083942, 40.868020692652351 ], [ -73.899582565555477, 40.868018148303037 ], [ -73.899590019364311, 40.868016786945972 ], [ -73.899597675667877, 40.868016440616138 ] ] ] } },
{ "type": "Feature", "properties": { "group_id": "N1rel-257", "n_parks": 3, "extent_km": 0.891, "max_walk_m": 735.7, "park_area_acres": 3.35, "hull_area_acres": 32.6, "boroughs": "X", "members": "Bryan Park; Poe Park; Slattery Playground" }, "geometry": { "type": "Polygon", "coordinates": [ [ [ -73.898250770671581, 40.856933584829363 ], [ -73.898937172104255, 40.857167187530727 ], [ -73.898734656037476, 40.857653701086832 ], [ -73.895405732137746, 40.86421940302602 ], [ -73.894218721743414, 40.865775121265266 ], [ -73.894123236787024, 40.865726495486733 ], [ -73.894119132439144, 40.865723648874145 ], [ -73.894115251903543, 40.865720291889083 ], [ -73.894097748336378, 40.865704218290766 ], [ -73.894085332451368, 40.865688758091004 ], [ -73.894076904797075, 40.865674575744208 ], [ -73.894070641841665, 40.865659683997045 ], [ -73.894068582812153, 40.865652886109878 ], [ -73.894066690071369, 40.865644457588154 ], [ -73.894063845455733, 40.865624474007191 ], [ -73.894058840497948, 40.865582366108185 ], [ -73.894055708724565, 40.865536393225035 ], [ -73.89393136441889, 40.86208502442409 ], [ -73.893931483412359, 40.862079578367414 ], [ -73.893933017227155, 40.862074256077989 ], [ -73.893935905034354, 40.86206926911521 ], [ -73.898250770671581, 40.856933584829363 ] ] ] } },
{ "type": "Feature", "properties": { "group_id": "N1rel-258", "n_parks": 3, "extent_km": 0.981, "max_walk_m": 651.1, "park_area_acres": 9.7, "hull_area_acres": 100.03, "boroughs": "X", "members": "Castle Hill Park; Randall Playground; Havemeyer Garden Association" }, "geometry": { "type": "Polygon", "coordinates": [ [ [ -73.846297909588685, 40.810409235170496 ], [ -73.847143700356696, 40.810497877357456 ], [ -73.850590666781372, 40.81362366863695 ], [ -73.84998447614997, 40.819306884002053 ], [ -73.849647073056829, 40.819718580701121 ], [ -73.849395747367197, 40.819752141139645 ], [ -73.843796525174255, 40.817717813487079 ], [ -73.845254491048934, 40.81173058952897 ], [ -73.84534148426691, 40.811509080874892 ], [ -73.845745811335547, 40.810667158047856 ], [ -73.846297909588685, 40.810409235170496 ] ] ] } },
{ "type": "Feature", "properties": { "group_id": "N1rel-259", "n_parks": 3, "extent_km": 0.615, "max_walk_m": 543.9, "park_area_acres": 1.02, "hull_area_acres": 13.32, "boroughs": "X", "members": "Church Triangle; Chief Dennis L. Devlin Park; Havemeyer Playground" }, "geometry": { "type": "Polygon", "coordinates": [ [ [ -73.847513955406654, 40.829667832792076 ], [ -73.850421624903447, 40.829824907922678 ], [ -73.85531628055648, 40.832017919361377 ], [ -73.854373044709476, 40.832150362131735 ], [ -73.847592536430511, 40.83008304197466 ], [ -73.847497586463263, 40.829680424397004 ], [ -73.847513955406654, 40.829667832792076 ] ] ] } },
{ "type": "Feature", "properties": { "group_id": "N1rel-260", "n_parks": 3, "extent_km": 0.362, "max_walk_m": 265.6, "park_area_acres": 3.93, "hull_area_acres": 13.27, "boroughs": "X", "members": "Owen F. Dolen Park; Samuel H. Young Park; Pelham Bay Little League" }, "geometry": { "type": "Polygon", "coordinates": [ [ [ -73.843048273037951, 40.839987854644001 ], [ -73.843077143021446, 40.839990720578122 ], [ -73.843106035630356, 40.839999076851797 ], [ -73.843131193374617, 40.840012917454224 ], [ -73.843156379045922, 40.840029501896389 ], [ -73.84317071748174, 40.840048761362148 ], [ -73.843184978247962, 40.840070793343592 ], [ -73.843192942286805, 40.840463326178941 ], [ -73.843192880837421, 40.840474304925586 ], [ -73.843189114062952, 40.840999363774358 ], [ -73.843170833166695, 40.841026758077369 ], [ -73.843156266989538, 40.841043151584785 ], [ -73.843112688840534, 40.841070429531563 ], [ -73.843087334250711, 40.841078546318471 ], [ -73.838592687104523, 40.842292779955407 ], [ -73.838576574125042, 40.842297106794824 ], [ -73.838548712367597, 40.842300607643189 ], [ -73.838523038526063, 40.842300602321089 ], [ -73.838522967390062, 40.842300598619524 ], [ -73.838517122064701, 40.842299936677328 ], [ -73.838500745435937, 40.842298081242959 ], [ -73.838500675505401, 40.842298069438627 ], [ -73.838490148103361, 40.842295757537165 ], [ -73.838480345995762, 40.842293604236907 ], [ -73.838480277268445, 40.84229358523028 ], [ -73.838476166043534, 40.842292215224226 ], [ -73.838460100286895, 40.842286858196644 ], [ -73.838460036317869, 40.842286832893166 ], [ -73.838442512717947, 40.842278776840679 ], [ -73.838432962510325, 40.84227299309574 ], [ -73.838425415645602, 40.842268422420773 ], [ -73.838410444686559, 40.84225657885753 ], [ -73.838398151923116, 40.842243930400635 ], [ -73.83839435717357, 40.842238706718902 ], [ -73.838387281760021, 40.842228966062954 ], [ -73.838382058258006, 40.842218343715885 ], [ -73.838378326182948, 40.8422107509206 ], [ -73.838377301006759, 40.842207130397036 ], [ -73.83837367526975, 40.842194325688844 ], [ -73.838372025991859, 40.842179644418181 ], [ -73.838372342390159, 40.842168012274513 ], [ -73.83837334527847, 40.842160308148941 ], [ -73.838374817228484, 40.842153295359878 ], [ -73.838382281339022, 40.842127496747629 ], [ -73.838739689599137, 40.840892187112615 ], [ -73.843012090905617, 40.839990468166128 ], [ -73.843048273037951, 40.839987854644001 ] ] ] } },
{ "type": "Feature", "properties": { "group_id": "N1rel-261", "n_parks": 3, "extent_km": 0.863, "max_walk_m": 682.3, "park_area_acres": 10.03, "hull_area_acres": 50.91, "boroughs": "X", "members": "Ewen Park; Henry Hudson Parkway (4/8); Bell Tower Park" }, "geometry": { "type": "Polygon", "coordinates": [ [ [ -73.910128922440961, 40.880989775656033 ], [ -73.911224327670908, 40.881448354543188 ], [ -73.910609033075673, 40.888499187820301 ], [ -73.908426911764437, 40.891904174401219 ], [ -73.908064258532917, 40.891874133756595 ], [ -73.908011338587102, 40.89186974999685 ], [ -73.908020275287271, 40.890810528850153 ], [ -73.908084821237239, 40.889015140537943 ], [ -73.908771326770534, 40.882473834311625 ], [ -73.909385672964333, 40.88162465566112 ], [ -73.909429891059688, 40.881568696281782 ], [ -73.909454038418687, 40.881543750124678 ], [ -73.909510394881849, 40.881486965484456 ], [ -73.909569270741073, 40.881433179611328 ], [ -73.909602446048609, 40.881404461151597 ], [ -73.909656444704993, 40.881359970743574 ], [ -73.910128922440961, 40.880989775656033 ] ] ] } },
{ "type": "Feature", "properties": { "group_id": "N1rel-262", "n_parks": 3, "extent_km": 0.661, "max_walk_m": 392.2, "park_area_acres": 22.23, "hull_area_acres": 51.35, "boroughs": "X", "members": "Joyce Kilmer Park; Franz Sigel Park; River Avenue Parks" }, "geometry": { "type": "Polygon", "coordinates": [ [ [ -73.926458955915137, 40.820845652340154 ], [ -73.927249380314905, 40.821926753876483 ], [ -73.927722255792148, 40.822573513887114 ], [ -73.927298979865711, 40.825248428649139 ], [ -73.926851385804667, 40.826011840711992 ], [ -73.922366303091792, 40.829939757379215 ], [ -73.921507469658508, 40.829642485395127 ], [ -73.925090200049254, 40.822525935770599 ], [ -73.925473433166204, 40.821916831790475 ], [ -73.925595196579252, 40.821760391558968 ], [ -73.926458955915137, 40.820845652340154 ] ] ] } },
{ "type": "Feature", "properties": { "group_id": "N1rel-263", "n_parks": 3, "extent_km": 0.297, "max_walk_m": 335.3, "park_area_acres": 0.26, "hull_area_acres": 4.23, "boroughs": "X", "members": "McKinley Square; Beatty Plaza; P.S. 186 Day Treatment Program" }, "geometry": { "type": "Polygon", "coordinates": [ [ [ -73.900790394739289, 40.830973379433779 ], [ -73.900793581177183, 40.830973588388304 ], [ -73.900796675714545, 40.830974208789989 ], [ -73.900799583536013, 40.830975221646831 ], [ -73.901966352227689, 40.831486247204225 ], [ -73.901970949032673, 40.831488386185512 ], [ -73.901975016272786, 40.831491073117988 ], [ -73.90197844498708, 40.831494233168065 ], [ -73.901981138087478, 40.83149777980568 ], [ -73.90198302339833, 40.831501615716157 ], [ -73.901984048910379, 40.831505635497329 ], [ -73.901984186333252, 40.831509728364288 ], [ -73.901983431089135, 40.831513782651804 ], [ -73.901981804683615, 40.831517685816195 ], [ -73.90197935113865, 40.831521331636523 ], [ -73.901976139363583, 40.8315246202162 ], [ -73.901882809669914, 40.831605229713446 ], [ -73.901873652050426, 40.831611911699952 ], [ -73.901863149493522, 40.831617333649135 ], [ -73.901851599798761, 40.831621343630466 ], [ -73.901839329163479, 40.831623827558332 ], [ -73.8983250239922, 40.832093870512232 ], [ -73.898224430613226, 40.832016639074077 ], [ -73.898202790628517, 40.831896441704394 ], [ -73.900781204008936, 40.830975219343209 ], [ -73.90078411247903, 40.830974206987349 ], [ -73.900787206494201, 40.830973587406966 ], [ -73.900790394739289, 40.830973379433779 ] ] ] } },
{ "type": "Feature", "properties": { "group_id": "N1rel-264", "n_parks": 3, "extent_km": 0.689, "max_walk_m": 701.1, "park_area_acres": 3.12, "hull_area_acres": 22.48, "boroughs": "X", "members": "Railroad Park; Mott Playground; Arcilla Playground" }, "geometry": { "type": "Polygon", "coordinates": [ [ [ -73.915461597771795, 40.824830674884815 ], [ -73.915957066679425, 40.824983586466317 ], [ -73.915203875455276, 40.831118186356029 ], [ -73.914878056993402, 40.831665811972726 ], [ -73.914261692248587, 40.831450398243241 ], [ -73.913630691221101, 40.827178038956987 ], [ -73.913773123503788, 40.826921465567239 ], [ -73.914873594975319, 40.825207778837367 ], [ -73.915461597771795, 40.824830674884815 ] ] ] } },
{ "type": "Feature", "properties": { "group_id": "N1rel-265", "n_parks": 3, "extent_km": 0.298, "max_walk_m": 401.9, "park_area_acres": 3.46, "hull_area_acres": 18.77, "boroughs": "X", "members": "Pulaski Park; Lozada Playground; Ranaqua Playground" }, "geometry": { "type": "Polygon", "coordinates": [ [ [ -73.923995432062256, 40.804802976991887 ], [ -73.92400259454709, 40.804803099679255 ], [ -73.924009742543646, 40.804803456486319 ], [ -73.924016864203367, 40.804804045604286 ], [ -73.924023945305294, 40.804804867023748 ], [ -73.924030974001866, 40.804805918035477 ], [ -73.924037936072111, 40.80480719863003 ], [ -73.92404481967155, 40.804808703396674 ], [ -73.924051612948375, 40.804810433228127 ], [ -73.924058300501812, 40.804812383611747 ], [ -73.924064872858366, 40.804814548237808 ], [ -73.924071314613158, 40.804816926195663 ], [ -73.924077618661926, 40.804819512077714 ], [ -73.925431083218683, 40.805401755706725 ], [ -73.925431186059981, 40.808047623048942 ], [ -73.925214739243472, 40.808347467648289 ], [ -73.924424345865049, 40.808015524711045 ], [ -73.92160950760659, 40.806776282751201 ], [ -73.921786595585473, 40.806533444915935 ], [ -73.923873882614984, 40.804842796991807 ], [ -73.923878904684472, 40.804838917357202 ], [ -73.923884142249477, 40.80483520265593 ], [ -73.923889584630899, 40.804831664587425 ], [ -73.923895223530124, 40.804828305847607 ], [ -73.923901044715819, 40.804825135432161 ], [ -73.923907041073505, 40.804822156938272 ], [ -73.923913200744195, 40.804819377562062 ], [ -73.923919510686801, 40.80481680179745 ], [ -73.923925961416685, 40.804814433240132 ], [ -73.923932539888781, 40.804812279985953 ], [ -73.923939233068239, 40.804810341125808 ], [ -73.92394603028221, 40.804808622956088 ], [ -73.923952918490755, 40.80480712907022 ], [ -73.923959883471952, 40.804805860359345 ], [ -73.923966915741175, 40.804804820419037 ], [ -73.923973998706316, 40.80480401013893 ], [ -73.923981122883688, 40.804803432214293 ], [ -73.923988270495173, 40.804803088434369 ], [ -73.923995432062256, 40.804802976991887 ] ] ] } },
{ "type": "Feature", "properties": { "group_id": "N1rel-266", "n_parks": 3, "extent_km": 0.472, "max_walk_m": 352.9, "park_area_acres": 1.62, "hull_area_acres": 16.92, "boroughs": "X", "members": "Rose Hill Park; Flood Triangle; Webster Playground" }, "geometry": { "type": "Polygon", "coordinates": [ [ [ -73.890956616612598, 40.85816904357651 ], [ -73.893377085391336, 40.859385963695914 ], [ -73.893149103153291, 40.859740478637491 ], [ -73.890852977925533, 40.861863291006998 ], [ -73.890824906791167, 40.861888435859839 ], [ -73.889574772606011, 40.862809207918481 ], [ -73.890760308113329, 40.858391510593115 ], [ -73.890956616612598, 40.85816904357651 ] ] ] } },
{ "type": "Feature", "properties": { "group_id": "N1rel-267", "n_parks": 3, "extent_km": 0.557, "max_walk_m": 497.4, "park_area_acres": 3.27, "hull_area_acres": 20.28, "boroughs": "X", "members": "Ryan Triangle; Evelina Antonetty Playground; Patterson Playground" }, "geometry": { "type": "Polygon", "coordinates": [ [ [ -73.924300755740475, 40.815187180293819 ], [ -73.924311059379122, 40.815188109167458 ], [ -73.924321029723814, 40.815190286811159 ], [ -73.924330408451894, 40.815193656324148 ], [ -73.92865567153612, 40.817313955291056 ], [ -73.928440091503518, 40.817944010141964 ], [ -73.921936088647769, 40.816328256172049 ], [ -73.921366907261046, 40.816181951041855 ], [ -73.921609820553257, 40.815635353449366 ], [ -73.922343425191741, 40.815255477130037 ], [ -73.924290391389306, 40.815187525583113 ], [ -73.924300755740475, 40.815187180293819 ] ] ] } },
{ "type": "Feature", "properties": { "group_id": "N1rel-268", "n_parks": 3, "extent_km": 0.794, "max_walk_m": 734.6, "park_area_acres": 35.89, "hull_area_acres": 75.02, "boroughs": "X", "members": "St. Mary's Park; Martin Luther King Triangle; I-Am-Park" }, "geometry": { "type": "Polygon", "coordinates": [ [ [ -73.910755520857805, 40.808927763310017 ], [ -73.912596872069372, 40.809484429350157 ], [ -73.913144781190027, 40.80969359242814 ], [ -73.914980415931595, 40.810482207714116 ], [ -73.91306176950286, 40.813809356413607 ], [ -73.912890128064817, 40.814106983592445 ], [ -73.903129458427983, 40.811094656829354 ], [ -73.902948701064901, 40.810945982953406 ], [ -73.903093029286353, 40.810900030370469 ], [ -73.910755520857805, 40.808927763310017 ] ] ] } },
{ "type": "Feature", "properties": { "group_id": "N1rel-269", "n_parks": 3, "extent_km": 0.636, "max_walk_m": 412.4, "park_area_acres": 39.96, "hull_area_acres": 80.26, "boroughs": "X", "members": "Seton Falls Park; Edenwald Playground; Stars & Stripes Playground" }, "geometry": { "type": "Polygon", "coordinates": [ [ [ -73.845363393742588, 40.883640815337991 ], [ -73.845986420458743, 40.883906093682548 ], [ -73.841691453603829, 40.888309174773525 ], [ -73.840001085290069, 40.888571589008933 ], [ -73.839841516115783, 40.888584780465202 ], [ -73.836504029096645, 40.888758695837865 ], [ -73.835487489997945, 40.887725760657474 ], [ -73.835335119889351, 40.887324478096076 ], [ -73.835080047351298, 40.886652652970504 ], [ -73.835422326451237, 40.885873328428197 ], [ -73.835932018967284, 40.884902777389016 ], [ -73.835935062758054, 40.884897810123505 ], [ -73.835938680259176, 40.884893069695764 ], [ -73.835942841712438, 40.884888594784435 ], [ -73.835947514993151, 40.884884421363289 ], [ -73.835952662055419, 40.884880580895299 ], [ -73.835958242475854, 40.884877106640943 ], [ -73.835964208729806, 40.884874024646805 ], [ -73.835970515665736, 40.884871360962784 ], [ -73.835977111026423, 40.884869136225767 ], [ -73.835983942559039, 40.884867369271689 ], [ -73.835990956839979, 40.884866072631411 ], [ -73.845363393742588, 40.883640815337991 ] ] ] } },
{ "type": "Feature", "properties": { "group_id": "N1rel-270", "n_parks": 3, "extent_km": 0.99, "max_walk_m": 533.6, "park_area_acres": 68.14, "hull_area_acres": 150.24, "boroughs": "X", "members": "Woodrow Wilson Triangle; Pugsley Creek Park; Taylor-Soundview Block Assoc. Garden" }, "geometry": { "type": "Polygon", "coordinates": [ [ [ -73.849689637888517, 40.808028835885587 ], [ -73.858138831614511, 40.813402543114044 ], [ -73.861413107572261, 40.817103610261825 ], [ -73.861123048694594, 40.817144169075171 ], [ -73.854226540777972, 40.817999381351726 ], [ -73.851707168802477, 40.816248647917568 ], [ -73.848878550441583, 40.811963835322878 ], [ -73.848871125170987, 40.811950758452127 ], [ -73.848866103236148, 40.81193988825185 ], [ -73.847876610644931, 40.809561297540121 ], [ -73.847838802659226, 40.809464353937493 ], [ -73.847815463730271, 40.809402447132634 ], [ -73.847787748676012, 40.809312277780982 ], [ -73.847775608595995, 40.809268954044761 ], [ -73.847754460195034, 40.809193477793805 ], [ -73.847739362277423, 40.809114286865302 ], [ -73.847634010720213, 40.808289261528842 ], [ -73.849689637888517, 40.808028835885587 ] ] ] } },
{ "type": "Feature", "properties": { "group_id": "N1rel-271", "n_parks": 3, "extent_km": 0.488, "max_walk_m": 464.3, "park_area_acres": 1.56, "hull_area_acres": 8.45, "boroughs": "X", "members": "Martin Luther King Triangle; Nelson Playground; Las Casitas Community Garden" }, "geometry": { "type": "Polygon", "coordinates": [ [ [ -73.9268152422122, 40.834322074105742 ], [ -73.927133408475086, 40.834425453309898 ], [ -73.927399306892966, 40.834586458298674 ], [ -73.926950939188941, 40.835243509924524 ], [ -73.923537698808403, 40.838259464635783 ], [ -73.923397381649124, 40.838353762193343 ], [ -73.923214410014964, 40.838476177925244 ], [ -73.92320701514663, 40.838481124817434 ], [ -73.923206305643745, 40.838481528666762 ], [ -73.92320562348003, 40.838481873101713 ], [ -73.923204784791096, 40.838482230939796 ], [ -73.923203997168471, 40.838482517672936 ], [ -73.923203181141531, 40.838482759362456 ], [ -73.923202284516421, 40.838482976684922 ], [ -73.92320189552423, 40.838483053868394 ], [ -73.92320097883406, 40.838483191934031 ], [ -73.923199682756703, 40.838483303632771 ], [ -73.9231983180253, 40.838483315330961 ], [ -73.923196964095951, 40.838483213574058 ], [ -73.923195630443814, 40.838483007373419 ], [ -73.923194845724794, 40.838482833055586 ], [ -73.92319391526803, 40.838482571292758 ], [ -73.92319232715748, 40.838481964202863 ], [ -73.923190985760783, 40.838481277133319 ], [ -73.923190191941018, 40.838480769626649 ], [ -73.923189566447178, 40.838480297351374 ], [ -73.923188946942034, 40.838479772851422 ], [ -73.923188422278756, 40.838479259220527 ], [ -73.92318790719348, 40.838478665452058 ], [ -73.923187280975597, 40.838477793357036 ], [ -73.923186903489437, 40.838477147451563 ], [ -73.92318661370399, 40.838476535823268 ], [ -73.92318636667062, 40.838475865691343 ], [ -73.923186188384747, 40.838475214515626 ], [ -73.923186064683847, 40.838474525555448 ], [ -73.923185997108035, 40.838473491743535 ], [ -73.923186072944318, 40.83847250575333 ], [ -73.923186193476681, 40.838471831363741 ], [ -73.923186399433035, 40.838471109304884 ], [ -73.923290302800666, 40.838215183368206 ], [ -73.923290684385435, 40.838214330854306 ], [ -73.923291103893121, 40.838213494574525 ], [ -73.923291563706442, 40.838212664625026 ], [ -73.923292068570163, 40.838211839207901 ], [ -73.923292607810154, 40.838211021017599 ], [ -73.923293169539534, 40.838210236160577 ], [ -73.925169993699981, 40.835599383530294 ], [ -73.925319829714851, 40.835405205317912 ], [ -73.9268152422122, 40.834322074105742 ] ] ] } },
{ "type": "Feature", "properties": { "group_id": "N1rel-272", "n_parks": 3, "extent_km": 0.801, "max_walk_m": 543.7, "park_area_acres": 5.25, "hull_area_acres": 19.27, "boroughs": "X", "members": "Heath Triangle; Fordham Landing Playground; Riverbend Playground" }, "geometry": { "type": "Polygon", "coordinates": [ [ [ -73.910578441638847, 40.862337240076286 ], [ -73.910651153656744, 40.862349462928961 ], [ -73.91099668874169, 40.862942438000481 ], [ -73.910930044957766, 40.863222770366185 ], [ -73.906059989648327, 40.872128169106766 ], [ -73.905557650509792, 40.872542733062822 ], [ -73.905240444308291, 40.872409525787042 ], [ -73.909734089461182, 40.863541677898262 ], [ -73.910437711469129, 40.862537988859643 ], [ -73.910578441638847, 40.862337240076286 ] ] ] } },
{ "type": "Feature", "properties": { "group_id": "N1rel-273", "n_parks": 3, "extent_km": 0.431, "max_walk_m": 447.2, "park_area_acres": 2.9, "hull_area_acres": 22.14, "boroughs": "X", "members": "D'Onofrio Square; Marcus Garvey Square; Agnes Haywood Playground" }, "geometry": { "type": "Polygon", "coordinates": [ [ [ -73.866894428980316, 40.876546090828505 ], [ -73.866913292450405, 40.876550065727862 ], [ -73.866923682371507, 40.876561437371045 ], [ -73.866930161067472, 40.876576265080587 ], [ -73.866938745532522, 40.876674691162393 ], [ -73.866963136124198, 40.877009012098242 ], [ -73.866966300182995, 40.877053474658084 ], [ -73.866965777470696, 40.877184274493558 ], [ -73.866961135516505, 40.877204275292321 ], [ -73.866955806064297, 40.877224568857486 ], [ -73.866946916208576, 40.877244318024559 ], [ -73.866938033861814, 40.877259719641813 ], [ -73.864898385279716, 40.880540420634944 ], [ -73.86489484928569, 40.880545302542643 ], [ -73.86489048242457, 40.880549780059091 ], [ -73.864885364349846, 40.880553773133919 ], [ -73.864879585378262, 40.88055720893329 ], [ -73.864873253601218, 40.880560025450038 ], [ -73.864866479461071, 40.880562171485522 ], [ -73.864859387611588, 40.880563608464662 ], [ -73.864852106238573, 40.880564311323838 ], [ -73.861893501591354, 40.880722556327989 ], [ -73.86124510785281, 40.880514570056583 ], [ -73.861566996220915, 40.879934408417519 ], [ -73.866860564206675, 40.876557413227978 ], [ -73.866874502141869, 40.876550014684753 ], [ -73.866894428980316, 40.876546090828505 ] ] ] } },
{ "type": "Feature", "properties": { "group_id": "N1rel-274", "n_parks": 3, "extent_km": 0.217, "max_walk_m": 209.4, "park_area_acres": 2.57, "hull_area_acres": 9.36, "boroughs": "X", "members": "People's Park; Brook Park; Padre Plaza" }, "geometry": { "type": "Polygon", "coordinates": [ [ [ -73.91707514817962, 40.807620025576895 ], [ -73.917752205472681, 40.807904419746947 ], [ -73.919090870250969, 40.809284201922132 ], [ -73.919197387045841, 40.80965277399023 ], [ -73.919018016921598, 40.809896201364623 ], [ -73.917326903499657, 40.809870483218432 ], [ -73.916751660486597, 40.809681249223601 ], [ -73.916308095391543, 40.809533966773742 ], [ -73.916428048787409, 40.809190927045535 ], [ -73.916990196420443, 40.807751500250092 ], [ -73.91707514817962, 40.807620025576895 ] ] ] } },
{ "type": "Feature", "properties": { "group_id": "N1rel-275", "n_parks": 3, "extent_km": 0.713, "max_walk_m": 580.2, "park_area_acres": 5.49, "hull_area_acres": 46.97, "boroughs": "X", "members": "Hunts Point Playground; Julio Carballo Fields; Hunts Point Riverside Park" }, "geometry": { "type": "Polygon", "coordinates": [ [ [ -73.886197363221299, 40.813849282822517 ], [ -73.886197422480208, 40.813849284682028 ], [ -73.886197480549285, 40.813849289241801 ], [ -73.886197539798971, 40.813849296504294 ], [ -73.886197596673512, 40.81384930646589 ], [ -73.886197653543448, 40.813849319128991 ], [ -73.889487489504106, 40.814689135907699 ], [ -73.889894621898605, 40.816295183837624 ], [ -73.889894631306404, 40.816295228871475 ], [ -73.889894637159784, 40.816295273001451 ], [ -73.889894639455889, 40.816295318028544 ], [ -73.889894637010798, 40.816295363051083 ], [ -73.88989463101143, 40.816295407169697 ], [ -73.889894621454616, 40.816295452185443 ], [ -73.889894608345003, 40.816295495396851 ], [ -73.889894591679536, 40.816295538604763 ], [ -73.889894570274379, 40.816295580907713 ], [ -73.889894545316409, 40.816295621406297 ], [ -73.889894517989319, 40.816295661002087 ], [ -73.889894487109359, 40.81629569879351 ], [ -73.889894452675108, 40.816295735681003 ], [ -73.889894414689394, 40.816295769863622 ], [ -73.889894374334631, 40.816295803143483 ], [ -73.889894330428504, 40.816295833718506 ], [ -73.889894285340006, 40.816295862491351 ], [ -73.889894236700201, 40.816295888559353 ], [ -73.88971194538324, 40.816385504744019 ], [ -73.889711895562499, 40.816385528109294 ], [ -73.889711843375579, 40.816385548770832 ], [ -73.889711790006444, 40.816385567630228 ], [ -73.889711734271188, 40.816385583785888 ], [ -73.889711677356587, 40.816385596338414 ], [ -73.881406513419037, 40.818107542844324 ], [ -73.881014530251861, 40.817942333582572 ], [ -73.881014480510615, 40.817942310118319 ], [ -73.881014431959457, 40.817942283953819 ], [ -73.881014386969113, 40.817942255091474 ], [ -73.881014358557039, 40.817942235251166 ], [ -73.880951282274197, 40.817896378049817 ], [ -73.880607240823053, 40.817646254051454 ], [ -73.88060719348023, 40.817646215281023 ], [ -73.880607155611756, 40.817646181022937 ], [ -73.880607121304067, 40.817646144067027 ], [ -73.880607090553966, 40.817646106214269 ], [ -73.880607063362987, 40.817646066564222 ], [ -73.880607038544198, 40.817646026016114 ], [ -73.880607017284618, 40.817645983670729 ], [ -73.880607000767867, 40.817645940429784 ], [ -73.880606987807042, 40.817645897192435 ], [ -73.880606978405339, 40.817645852157845 ], [ -73.880606972557985, 40.817645808027464 ], [ -73.880606970268133, 40.817645763000186 ], [ -73.880606972719534, 40.817645717977868 ], [ -73.880606978725211, 40.817645673859708 ], [ -73.880606988288477, 40.817645628844708 ], [ -73.880607001404385, 40.817645585634445 ], [ -73.880607018076233, 40.817645542427805 ], [ -73.880607039487671, 40.817645500126616 ], [ -73.880607064451866, 40.8176454596301 ], [ -73.880607091785023, 40.817645420036492 ], [ -73.880607122670824, 40.817645382247576 ], [ -73.880607157111001, 40.817645345362855 ], [ -73.880607195102243, 40.817645311183291 ], [ -73.880607235462463, 40.817645277906671 ], [ -73.885478572489859, 40.813962708312523 ], [ -73.885478616396483, 40.813962677739219 ], [ -73.885478661485251, 40.813962648968044 ], [ -73.885478710125128, 40.813962622901954 ], [ -73.885478759945556, 40.813962599538478 ], [ -73.885478812131879, 40.813962578878865 ], [ -73.885478865500275, 40.813962560021437 ], [ -73.885478921234522, 40.813962543867788 ], [ -73.885478978147873, 40.81396253131738 ], [ -73.885479026758276, 40.813962522360683 ], [ -73.886197181854953, 40.813849297051469 ], [ -73.886197245871756, 40.813849289010172 ], [ -73.886197303956251, 40.81384928456503 ], [ -73.886197363221299, 40.813849282822517 ] ] ] } },
{ "type": "Feature", "properties": { "group_id": "N1rel-276", "n_parks": 3, "extent_km": 0.332, "max_walk_m": 321.4, "park_area_acres": 2.71, "hull_area_acres": 11.76, "boroughs": "X", "members": "Alexander's Alley; Clark Playground; Willis Playground" }, "geometry": { "type": "Polygon", "coordinates": [ [ [ -73.923039165010408, 40.810455361828012 ], [ -73.923922221826501, 40.810828734270281 ], [ -73.921852524196083, 40.813719535297125 ], [ -73.92118033534949, 40.814063376650871 ], [ -73.921052826371181, 40.814009678293367 ], [ -73.920829857981516, 40.81366714453705 ], [ -73.922016582141922, 40.810599424328444 ], [ -73.922059535480329, 40.810540793134031 ], [ -73.923039165010408, 40.810455361828012 ] ] ] } },
{ "type": "Feature", "properties": { "group_id": "N1rel-277", "n_parks": 3, "extent_km": 0.268, "max_walk_m": 232.8, "park_area_acres": 0.5, "hull_area_acres": 2.84, "boroughs": "X", "members": "Barry Plaza; Garden Of Eden; Garden Of Life" }, "geometry": { "type": "Polygon", "coordinates": [ [ [ -73.904882293693518, 40.842849628152905 ], [ -73.904887355688231, 40.84285046258185 ], [ -73.908135556731224, 40.843402503282455 ], [ -73.90811569862781, 40.843632608498304 ], [ -73.907771721852455, 40.843614419568745 ], [ -73.907557629955363, 40.843603041552342 ], [ -73.907205603272857, 40.843584008824926 ], [ -73.904828120941033, 40.843293188973909 ], [ -73.904724800611049, 40.843267370283591 ], [ -73.904718497688535, 40.843263634333738 ], [ -73.904714508911496, 40.843260226273756 ], [ -73.904711310499962, 40.843256367719455 ], [ -73.90470811175372, 40.843250259732635 ], [ -73.904706818364218, 40.843244269483421 ], [ -73.904706964349387, 40.843239207931411 ], [ -73.904708326780963, 40.843234250040538 ], [ -73.90470917044523, 40.843232185906444 ], [ -73.904714347848412, 40.84321952204423 ], [ -73.904862486637953, 40.842857194872074 ], [ -73.90486972022839, 40.84285189513146 ], [ -73.904876755884501, 40.842849850510483 ], [ -73.904882293693518, 40.842849628152905 ] ] ] } },
{ "type": "Feature", "properties": { "group_id": "N1rel-278", "n_parks": 3, "extent_km": 0.37, "max_walk_m": 329.4, "park_area_acres": 4.23, "hull_area_acres": 14.51, "boroughs": "X", "members": "Behagen Playground; Stebbins Playground; Schomberg Academy Garden" }, "geometry": { "type": "Polygon", "coordinates": [ [ [ -73.898810599538479, 40.822424853271151 ], [ -73.902161451658671, 40.824702836323866 ], [ -73.901570251068335, 40.826121627486593 ], [ -73.900655526894639, 40.825905226544805 ], [ -73.898221857525272, 40.823094787151589 ], [ -73.898222323365331, 40.822493378405383 ], [ -73.898514338210632, 40.822422037302118 ], [ -73.898810599538479, 40.822424853271151 ] ] ] } },
{ "type": "Feature", "properties": { "group_id": "N1rel-279", "n_parks": 3, "extent_km": 0.301, "max_walk_m": 311.7, "park_area_acres": 1.19, "hull_area_acres": 7.66, "boroughs": "X", "members": "Park; FDNY-EMT Yadira Arroyo Playground; Haviland Playground" }, "geometry": { "type": "Polygon", "coordinates": [ [ [ -73.856172362346058, 40.825619858345298 ], [ -73.858906316685108, 40.828720672228464 ], [ -73.858969559436375, 40.8290056044168 ], [ -73.858948208726844, 40.829302383603697 ], [ -73.858373957373743, 40.829379628543897 ], [ -73.856384285921294, 40.827158168706625 ], [ -73.856383652780323, 40.827155466428962 ], [ -73.85603237715867, 40.825641174917585 ], [ -73.856031757090292, 40.825638470852596 ], [ -73.856172362346058, 40.825619858345298 ] ] ] } },
{ "type": "Feature", "properties": { "group_id": "N1rel-280", "n_parks": 2, "extent_km": 0.141, "max_walk_m": 79.2, "park_area_acres": 0.94, "hull_area_acres": 2.04, "boroughs": "B", "members": "American Playground; 61 Franklin Street Garden" }, "geometry": { "type": "Polygon", "coordinates": [ [ [ -73.957581270256597, 40.727498143223514 ], [ -73.958195115186967, 40.728465673616959 ], [ -73.958282832982945, 40.729009578498683 ], [ -73.957583794329324, 40.729074532559096 ], [ -73.957322062190897, 40.727522649344643 ], [ -73.957581270256597, 40.727498143223514 ] ] ] } },
{ "type": "Feature", "properties": { "group_id": "N1rel-281", "n_parks": 2, "extent_km": 0.39, "max_walk_m": 450.9, "park_area_acres": 3.59, "hull_area_acres": 14.9, "boroughs": "B", "members": "Amersfort Park; East 43rd Street Community Garden" }, "geometry": { "type": "Polygon", "coordinates": [ [ [ -73.939248592631898, 40.627574777893123 ], [ -73.939481870607977, 40.629694377946215 ], [ -73.938772441782532, 40.62973497419123 ], [ -73.934236768620039, 40.628592932638227 ], [ -73.934231228110363, 40.628540874015961 ], [ -73.934225077483489, 40.628483062522939 ], [ -73.93854175927676, 40.627617927057436 ], [ -73.939248592631898, 40.627574777893123 ] ] ] } },
{ "type": "Feature", "properties": { "group_id": "N1rel-282", "n_parks": 2, "extent_km": 0.583, "max_walk_m": 563.4, "park_area_acres": 18.22, "hull_area_acres": 52.34, "boroughs": "B", "members": "Bensonhurst Park; Benson Playground" }, "geometry": { "type": "Polygon", "coordinates": [ [ [ -74.002072752842352, 40.594224288320305 ], [ -74.003612932993278, 40.596039570701066 ], [ -74.002675167983313, 40.602514577980799 ], [ -74.002319630667529, 40.60285316758327 ], [ -74.001770943708578, 40.602518457810319 ], [ -73.998871836968164, 40.597295442998323 ], [ -73.999672687189218, 40.596527092518933 ], [ -74.000829990650246, 40.595416713172391 ], [ -74.002072752842352, 40.594224288320305 ] ] ] } },
{ "type": "Feature", "properties": { "group_id": "N1rel-283", "n_parks": 2, "extent_km": 0.638, "max_walk_m": 575.5, "park_area_acres": 1.95, "hull_area_acres": 12.97, "boroughs": "B", "members": "Carroll Park; Park" }, "geometry": { "type": "Polygon", "coordinates": [ [ [ -73.992595447819141, 40.676097942795714 ], [ -73.992670305354579, 40.676110837557324 ], [ -73.996373914746442, 40.681100765607518 ], [ -73.996131294033944, 40.681608683731341 ], [ -73.994486989080215, 40.680974882530734 ], [ -73.992465621951709, 40.676246027622398 ], [ -73.992595447819141, 40.676097942795714 ] ] ] } },
{ "type": "Feature", "properties": { "group_id": "N1rel-284", "n_parks": 2, "extent_km": 0.27, "max_walk_m": 6.8, "park_area_acres": 17.31, "hull_area_acres": 29.48, "boroughs": "B", "members": "John Paul Jones Park; Shore Park and Parkway (4/10)" }, "geometry": { "type": "Polygon", "coordinates": [ [ [ -74.036188539083355, 40.609504816112498 ], [ -74.038903767889579, 40.613082672048122 ], [ -74.037237679079141, 40.613803350294241 ], [ -74.03276488049238, 40.61106009438307 ], [ -74.032763077831788, 40.61105634422551 ], [ -74.033099850165812, 40.610634694778014 ], [ -74.034962024849833, 40.609888445965971 ], [ -74.035042407734409, 40.609860776379179 ], [ -74.036188539083355, 40.609504816112498 ] ] ] } },
{ "type": "Feature", "properties": { "group_id": "N1rel-285", "n_parks": 2, "extent_km": 0.808, "max_walk_m": 709.2, "park_area_acres": 15.5, "hull_area_acres": 45.58, "boroughs": "B", "members": "Grand Army Plaza; Dean Playground" }, "geometry": { "type": "Polygon", "coordinates": [ [ [ -73.969904940672222, 40.672236883543228 ], [ -73.969997358935601, 40.672239104038027 ], [ -73.970089152295088, 40.672247561264598 ], [ -73.970179598161565, 40.672262187498589 ], [ -73.970267983427206, 40.672282868193371 ], [ -73.970353608013383, 40.672309439279474 ], [ -73.970642642280666, 40.672436225793774 ], [ -73.970738505197417, 40.672491793993686 ], [ -73.97082919645203, 40.672552185762683 ], [ -73.970914298667481, 40.672617122748051 ], [ -73.970993420490885, 40.672686304991963 ], [ -73.971066196592432, 40.672759413632335 ], [ -73.971132291212797, 40.672836112704736 ], [ -73.971273460012398, 40.673025769516883 ], [ -73.971347777376153, 40.673138643308384 ], [ -73.971414145747758, 40.673254352598725 ], [ -73.971472377175786, 40.673372574970465 ], [ -73.971522308546412, 40.673492978105472 ], [ -73.971563801582036, 40.673615224287133 ], [ -73.973786527971015, 40.680967699004 ], [ -73.973667064678125, 40.681299182542396 ], [ -73.972729083306618, 40.681101664988539 ], [ -73.968949015076248, 40.674849464182117 ], [ -73.968897505010105, 40.674761561809198 ], [ -73.968791938129286, 40.674556837162108 ], [ -73.968739378846124, 40.674439802770124 ], [ -73.968694551143983, 40.674320918097109 ], [ -73.968657568391336, 40.674200478551754 ], [ -73.968628521479019, 40.674078784938345 ], [ -73.968607483553626, 40.673956139855974 ], [ -73.968591385584844, 40.673834510997075 ], [ -73.968582574810199, 40.673727502185642 ], [ -73.96858305702024, 40.673620284289143 ], [ -73.968592829584978, 40.673513323773534 ], [ -73.968627995182047, 40.673316849974171 ], [ -73.968648483446458, 40.673227124629108 ], [ -73.968754196098075, 40.673039530155791 ], [ -73.968809405988566, 40.672949224366292 ], [ -73.968871781823992, 40.672861665258736 ], [ -73.968941091614411, 40.672777182347389 ], [ -73.969223788567433, 40.67243908784274 ], [ -73.969269824524361, 40.67240946689391 ], [ -73.969340794471051, 40.672370027052224 ], [ -73.969415880430915, 40.67233528624881 ], [ -73.969494547709033, 40.672305490174566 ], [ -73.969576234426015, 40.672280852996181 ], [ -73.96964868288083, 40.672263879409222 ], [ -73.969722561735097, 40.672250965675794 ], [ -73.969797478306063, 40.672242180129153 ], [ -73.969873036373428, 40.672237569490413 ], [ -73.969904940672222, 40.672236883543228 ] ] ] } },
{ "type": "Feature", "properties": { "group_id": "N1rel-286", "n_parks": 2, "extent_km": 0.128, "max_walk_m": 164.8, "park_area_acres": 0.17, "hull_area_acres": 0.98, "boroughs": "B", "members": "Grant Gore; Walt L Shemal Garden" }, "geometry": { "type": "Polygon", "coordinates": [ [ [ -73.95280148319182, 40.676346266179635 ], [ -73.952862854412828, 40.676350438210072 ], [ -73.953806745754534, 40.677320240545164 ], [ -73.953707660626293, 40.67758544373855 ], [ -73.953621604090827, 40.67756747983421 ], [ -73.953585962653591, 40.677560039817621 ], [ -73.953481650855451, 40.677538264668648 ], [ -73.952777404921775, 40.676581890421012 ], [ -73.95280148319182, 40.676346266179635 ] ] ] } },
{ "type": "Feature", "properties": { "group_id": "N1rel-287", "n_parks": 2, "extent_km": 0.554, "max_walk_m": 544.4, "park_area_acres": 0.44, "hull_area_acres": 3.39, "boroughs": "B", "members": "Highland Park Childrens Garden; Sam Leggio Triangle" }, "geometry": { "type": "Polygon", "coordinates": [ [ [ -73.888140753815705, 40.682681105240611 ], [ -73.888301104883226, 40.682885632835863 ], [ -73.887617569995811, 40.68318804092231 ], [ -73.882008522297909, 40.685145868699188 ], [ -73.88187538473619, 40.685049483305036 ], [ -73.888140753815705, 40.682681105240611 ] ] ] } },
{ "type": "Feature", "properties": { "group_id": "N1rel-288", "n_parks": 2, "extent_km": 0.082, "max_walk_m": 0.0, "park_area_acres": 0.92, "hull_area_acres": 1.17, "boroughs": "B", "members": "Milestone Park; Garibaldi Playground" }, "geometry": { "type": "Polygon", "coordinates": [ [ [ -74.000178257122869, 40.608673212550386 ], [ -74.000472313262321, 40.608851076418979 ], [ -73.999405942538317, 40.609820814970419 ], [ -73.999123645489121, 40.60965032195061 ], [ -73.999319043345352, 40.609416990970615 ], [ -73.999545563262487, 40.609199337858605 ], [ -74.000178257122869, 40.608673212550386 ] ] ] } },
{ "type": "Feature", "properties": { "group_id": "N1rel-289", "n_parks": 2, "extent_km": 0.568, "max_walk_m": 0.0, "park_area_acres": 27.31, "hull_area_acres": 46.46, "boroughs": "B", "members": "Owl's Head Park; Shore Park and Parkway (10/10)" }, "geometry": { "type": "Polygon", "coordinates": [ [ [ -74.031013503121258, 40.638444623338906 ], [ -74.035388138823407, 40.639803890007791 ], [ -74.03529296414618, 40.639929393918969 ], [ -74.035190601042473, 40.640051570732339 ], [ -74.035081247964385, 40.640170180830388 ], [ -74.034965119924095, 40.640284993595124 ], [ -74.034842442581976, 40.640395784708694 ], [ -74.034713456975069, 40.640502336151989 ], [ -74.03457841479127, 40.640604440709083 ], [ -74.03443757955003, 40.64070189926516 ], [ -74.034291226601979, 40.640794520807134 ], [ -74.03413964312999, 40.640882123324083 ], [ -74.033983123421621, 40.640964537410994 ], [ -74.033821974777084, 40.641041599963685 ], [ -74.03365651278412, 40.64111316228486 ], [ -74.033487058950215, 40.641179082881003 ], [ -74.033300918324912, 40.641230678110013 ], [ -74.033111906246873, 40.64127581084314 ], [ -74.032920410474389, 40.64131439090356 ], [ -74.032726819956466, 40.641346338022075 ], [ -74.032531531928115, 40.641371588139073 ], [ -74.032334944814295, 40.641390088003313 ], [ -74.028898711242249, 40.641597302828025 ], [ -74.028631442601679, 40.641437080823316 ], [ -74.026458903780181, 40.640074797956451 ], [ -74.025613262887461, 40.639537513282214 ], [ -74.025883863449963, 40.639285846149498 ], [ -74.026132885557175, 40.639054245400729 ], [ -74.031013503121258, 40.638444623338906 ] ] ] } },
{ "type": "Feature", "properties": { "group_id": "N1rel-290", "n_parks": 2, "extent_km": 0.432, "max_walk_m": 153.6, "park_area_acres": 35.95, "hull_area_acres": 42.22, "boroughs": "B", "members": "Parade Ground; Park" }, "geometry": { "type": "Polygon", "coordinates": [ [ [ -73.971210855764426, 40.648441279185008 ], [ -73.973530682318582, 40.649892439848919 ], [ -73.973686550025334, 40.650122774877232 ], [ -73.973514559149763, 40.650189667265678 ], [ -73.96626647808317, 40.652999557950857 ], [ -73.964873797216086, 40.650947058230706 ], [ -73.971210855764426, 40.648441279185008 ] ] ] } },
{ "type": "Feature", "properties": { "group_id": "N1rel-291", "n_parks": 2, "extent_km": 0.723, "max_walk_m": 427.7, "park_area_acres": 54.34, "hull_area_acres": 133.54, "boroughs": "B", "members": "Coffey Park; Red Hook Recreation Area" }, "geometry": { "type": "Polygon", "coordinates": [ [ [ -74.006970890944004, 40.669547635462116 ], [ -74.009103781573728, 40.670142883854183 ], [ -74.010891491178768, 40.672315260390519 ], [ -74.009994784185182, 40.677382984941339 ], [ -74.008267950104468, 40.678859525501807 ], [ -74.006932301711899, 40.677948432611608 ], [ -74.002500367062652, 40.67373036343195 ], [ -74.001057366273727, 40.671944348173334 ], [ -74.001393612473791, 40.671225212017319 ], [ -74.001916252429595, 40.67014326591746 ], [ -74.006970890944004, 40.669547635462116 ] ] ] } },
{ "type": "Feature", "properties": { "group_id": "N1rel-292", "n_parks": 2, "extent_km": 0.54, "max_walk_m": 43.0, "park_area_acres": 23.22, "hull_area_acres": 39.96, "boroughs": "B", "members": "Shore Park and Parkway (3/10); Shore Park and Parkway (8/10)" }, "geometry": { "type": "Polygon", "coordinates": [ [ [ -74.040472305697349, 40.627429360191705 ], [ -74.041510304636873, 40.627531340397894 ], [ -74.041463748757579, 40.627882706125163 ], [ -74.041405926403542, 40.628254905489015 ], [ -74.041119002600468, 40.630078092549461 ], [ -74.041103216814633, 40.630163675471032 ], [ -74.04107841880095, 40.630248008086618 ], [ -74.041044772485378, 40.630330542816012 ], [ -74.037968153061527, 40.636648277974189 ], [ -74.037755539073913, 40.636588475870198 ], [ -74.037009409000987, 40.636378607348412 ], [ -74.036914222473555, 40.634204357431393 ], [ -74.036915914756321, 40.634145915895004 ], [ -74.036925308139118, 40.634068353863015 ], [ -74.03694272331515, 40.633991599719813 ], [ -74.036968050594496, 40.633916136175316 ], [ -74.037001131819125, 40.633842434246851 ], [ -74.037062141543586, 40.633726978840471 ], [ -74.040137768767607, 40.627982999302688 ], [ -74.040262460474679, 40.627756669486011 ], [ -74.040349730988325, 40.627611826298853 ], [ -74.0404435859394, 40.62746939321967 ], [ -74.040472305697349, 40.627429360191705 ] ] ] } },
{ "type": "Feature", "properties": { "group_id": "N1rel-293", "n_parks": 2, "extent_km": 0.679, "max_walk_m": 0.0, "park_area_acres": 12.79, "hull_area_acres": 69.71, "boroughs": "B", "members": "Shore Park and Parkway (5/10); American Veterans Memorial Pier" }, "geometry": { "type": "Polygon", "coordinates": [ [ [ -74.037009409000987, 40.636378607348412 ], [ -74.037477080242397, 40.636510152784226 ], [ -74.037968153061527, 40.636648277974189 ], [ -74.038857498213034, 40.639623218291682 ], [ -74.038681818644733, 40.63989509547055 ], [ -74.038320885007778, 40.640417194716669 ], [ -74.030725539203573, 40.642692411401562 ], [ -74.028898711242249, 40.641597302828025 ], [ -74.029087200184094, 40.641351097743566 ], [ -74.02925152900302, 40.641136448956331 ], [ -74.029308049517695, 40.641062620626471 ], [ -74.037009409000987, 40.636378607348412 ] ] ] } },
{ "type": "Feature", "properties": { "group_id": "N1rel-294", "n_parks": 2, "extent_km": 0.462, "max_walk_m": 403.6, "park_area_acres": 4.92, "hull_area_acres": 19.24, "boroughs": "B", "members": "Seth Low Playground/ Bealin Square; Ketchum Triangle" }, "geometry": { "type": "Polygon", "coordinates": [ [ [ -73.982212366050959, 40.605477732803614 ], [ -73.982434655069056, 40.605501388578638 ], [ -73.988014376083385, 40.607299267162979 ], [ -73.987156116734099, 40.608132194754042 ], [ -73.986729632868744, 40.608542833654418 ], [ -73.985839957628585, 40.609399433200664 ], [ -73.982222746907652, 40.605531611728544 ], [ -73.982212366050959, 40.605477732803614 ] ] ] } },
{ "type": "Feature", "properties": { "group_id": "N1rel-295", "n_parks": 2, "extent_km": 0.36, "max_walk_m": 248.9, "park_area_acres": 5.11, "hull_area_acres": 11.52, "boroughs": "B", "members": "Cypress Hills Playground; Euclid Garden" }, "geometry": { "type": "Polygon", "coordinates": [ [ [ -73.87229209815051, 40.669671107114226 ], [ -73.872620303936799, 40.670993120096099 ], [ -73.872172814772711, 40.673671507083974 ], [ -73.87210299778539, 40.673694525927168 ], [ -73.871806366194207, 40.673792318717851 ], [ -73.871611369712042, 40.67375520714215 ], [ -73.871574702437925, 40.673608803552099 ], [ -73.870742094638715, 40.669894265624052 ], [ -73.87229209815051, 40.669671107114226 ] ] ] } },
{ "type": "Feature", "properties": { "group_id": "N1rel-296", "n_parks": 2, "extent_km": 0.413, "max_walk_m": 351.7, "park_area_acres": 3.31, "hull_area_acres": 10.0, "boroughs": "B", "members": "Bill Brown Playground; Jerzee Triangle" }, "geometry": { "type": "Polygon", "coordinates": [ [ [ -73.947220921701287, 40.588620741675328 ], [ -73.94722601137893, 40.588654006646614 ], [ -73.946205759922393, 40.59308134234 ], [ -73.945477895563144, 40.593161871668137 ], [ -73.94511518047662, 40.591252019936825 ], [ -73.947017629472825, 40.588677583710023 ], [ -73.947220921701287, 40.588620741675328 ] ] ] } },
{ "type": "Feature", "properties": { "group_id": "N1rel-297", "n_parks": 2, "extent_km": 0.077, "max_walk_m": 0.0, "park_area_acres": 4.87, "hull_area_acres": 6.24, "boroughs": "B", "members": "Washington Park; Washington Skate Park" }, "geometry": { "type": "Polygon", "coordinates": [ [ [ -73.985348229312649, 40.672195300468942 ], [ -73.986153565326404, 40.672585358405946 ], [ -73.98607416960941, 40.673226421939823 ], [ -73.985980962717292, 40.673337719688007 ], [ -73.985581384300559, 40.673814846028783 ], [ -73.983446652715486, 40.672784563943104 ], [ -73.983849529504752, 40.672302090055375 ], [ -73.985348229312649, 40.672195300468942 ] ] ] } },
{ "type": "Feature", "properties": { "group_id": "N1rel-298", "n_parks": 2, "extent_km": 0.284, "max_walk_m": 311.1, "park_area_acres": 1.43, "hull_area_acres": 5.83, "boroughs": "B", "members": "Dodger Playground; Marc And Jason's Playground" }, "geometry": { "type": "Polygon", "coordinates": [ [ [ -73.950118579230164, 40.66327000900764 ], [ -73.952555967923274, 40.664693967361572 ], [ -73.952526880329117, 40.664997217669224 ], [ -73.952521485516257, 40.665053439164936 ], [ -73.952453019995602, 40.665050466199503 ], [ -73.952182756207108, 40.665035845061084 ], [ -73.952161142717273, 40.66503303727098 ], [ -73.948774276133094, 40.663635630283316 ], [ -73.948724621442295, 40.663402909353003 ], [ -73.94871885812087, 40.663357631526523 ], [ -73.950118579230164, 40.66327000900764 ] ] ] } },
{ "type": "Feature", "properties": { "group_id": "N1rel-299", "n_parks": 2, "extent_km": 0.348, "max_walk_m": 0.0, "park_area_acres": 27.24, "hull_area_acres": 36.39, "boroughs": "B", "members": "Kaiser Park; West 23rd St. Garden" }, "geometry": { "type": "Polygon", "coordinates": [ [ [ -73.997343677521783, 40.577760679158423 ], [ -73.997382671040285, 40.577762483803319 ], [ -73.997421167212323, 40.57776755012231 ], [ -73.997467898643748, 40.577778381765945 ], [ -73.997515638476429, 40.577795453144276 ], [ -73.997566564465956, 40.577822031403855 ], [ -73.997604679574806, 40.577849756642124 ], [ -73.997633349834885, 40.577877389820138 ], [ -74.000205780301471, 40.581141910847542 ], [ -73.990788078173679, 40.579160575393693 ], [ -73.990656771863385, 40.578503327194198 ], [ -73.991614126551525, 40.578396649332483 ], [ -73.997270447392339, 40.577766200356606 ], [ -73.997343677521783, 40.577760679158423 ] ] ] } },
{ "type": "Feature", "properties": { "group_id": "N1rel-300", "n_parks": 2, "extent_km": 0.475, "max_walk_m": 371.5, "park_area_acres": 3.81, "hull_area_acres": 16.84, "boroughs": "B", "members": "Gilbert Ramirez Park; Green Central Knoll" }, "geometry": { "type": "Polygon", "coordinates": [ [ [ -73.933021079063835, 40.701126214758681 ], [ -73.933164671061078, 40.701141303463693 ], [ -73.935253094415998, 40.705665023047061 ], [ -73.935349917584006, 40.705953613109614 ], [ -73.933664993711602, 40.706277061956769 ], [ -73.932189848417138, 40.701970225662166 ], [ -73.932361292497419, 40.701796147680263 ], [ -73.933021079063835, 40.701126214758681 ] ] ] } },
{ "type": "Feature", "properties": { "group_id": "N1rel-301", "n_parks": 2, "extent_km": 0.256, "max_walk_m": 331.0, "park_area_acres": 2.59, "hull_area_acres": 7.69, "boroughs": "B", "members": "Thomas Greene Playground; Dolly's Park" }, "geometry": { "type": "Polygon", "coordinates": [ [ [ -73.986403429270283, 40.678002597481274 ], [ -73.986471411610154, 40.678028952749976 ], [ -73.986403083897187, 40.680415963530528 ], [ -73.986070804464916, 40.680906769805816 ], [ -73.984300204221952, 40.680217471905273 ], [ -73.984632294229513, 40.679727978222132 ], [ -73.986403429270283, 40.678002597481274 ] ] ] } },
{ "type": "Feature", "properties": { "group_id": "N1rel-302", "n_parks": 2, "extent_km": 0.633, "max_walk_m": 602.4, "park_area_acres": 2.05, "hull_area_acres": 12.27, "boroughs": "B", "members": "Dome Playground; DiGilio Playground" }, "geometry": { "type": "Polygon", "coordinates": [ [ [ -73.977263947061289, 40.632202649003062 ], [ -73.980844926649212, 40.638352481904285 ], [ -73.98050534893531, 40.638679113206841 ], [ -73.97975987534619, 40.638231770611711 ], [ -73.976920352653593, 40.632843047876797 ], [ -73.976847603219724, 40.632462755666808 ], [ -73.976807332875268, 40.632252241257298 ], [ -73.977263947061289, 40.632202649003062 ] ] ] } },
{ "type": "Feature", "properties": { "group_id": "N1rel-303", "n_parks": 2, "extent_km": 0.397, "max_walk_m": 305.9, "park_area_acres": 1.81, "hull_area_acres": 7.98, "boroughs": "B", "members": "James Forten Playground; Stroud Playground" }, "geometry": { "type": "Polygon", "coordinates": [ [ [ -73.961526272370151, 40.674331263284088 ], [ -73.961696212485734, 40.674366694919208 ], [ -73.966075058100969, 40.676491969846943 ], [ -73.965906920464917, 40.676952945888026 ], [ -73.965364879635004, 40.676839343451988 ], [ -73.961287035301922, 40.675034064717124 ], [ -73.961526272370151, 40.674331263284088 ] ] ] } },
{ "type": "Feature", "properties": { "group_id": "N1rel-304", "n_parks": 2, "extent_km": 0.756, "max_walk_m": 43.4, "park_area_acres": 97.44, "hull_area_acres": 387.65, "boroughs": "B", "members": "Spring Creek Park; Spring Creek Park" }, "geometry": { "type": "Polygon", "coordinates": [ [ [ -73.873627448116295, 40.647219501365576 ], [ -73.879754725610567, 40.655376671488753 ], [ -73.879212695987803, 40.655617331566127 ], [ -73.878083157758155, 40.65609481457961 ], [ -73.86019453387199, 40.663199371721049 ], [ -73.859262887705853, 40.663390381751938 ], [ -73.858417627820089, 40.663455479409457 ], [ -73.858092848529125, 40.662166685594144 ], [ -73.857728873123691, 40.660119257840783 ], [ -73.860979224012894, 40.65505240783515 ], [ -73.873627448116295, 40.647219501365576 ] ] ] } },
{ "type": "Feature", "properties": { "group_id": "N1rel-305", "n_parks": 2, "extent_km": 0.45, "max_walk_m": 609.3, "park_area_acres": 2.46, "hull_area_acres": 12.03, "boroughs": "B", "members": "Homecrest Playground; Sixteen Lindens Triangle" }, "geometry": { "type": "Polygon", "coordinates": [ [ [ -73.952586433217263, 40.584240488463834 ], [ -73.957524299997871, 40.585405197831072 ], [ -73.957770864462887, 40.586720215236518 ], [ -73.957068004391019, 40.586799278281504 ], [ -73.951922699906433, 40.584308692076767 ], [ -73.952586433217263, 40.584240488463834 ] ] ] } },
{ "type": "Feature", "properties": { "group_id": "N1rel-306", "n_parks": 2, "extent_km": 0.308, "max_walk_m": 233.8, "park_area_acres": 1.12, "hull_area_acres": 5.74, "boroughs": "B", "members": "Fraser Square; Sarsfield Playground" }, "geometry": { "type": "Polygon", "coordinates": [ [ [ -73.941410871143887, 40.619681734642633 ], [ -73.941444305664092, 40.619685313237255 ], [ -73.941474392985967, 40.619697392834397 ], [ -73.941498985771517, 40.619715308603759 ], [ -73.941514554387453, 40.619738622000646 ], [ -73.941523189440289, 40.619765964400166 ], [ -73.941525062524775, 40.619797060331841 ], [ -73.941522740505746, 40.619829196932379 ], [ -73.941517626070961, 40.619861137599777 ], [ -73.941509712228466, 40.619892765262421 ], [ -73.941499074749757, 40.619923919665588 ], [ -73.941485949318988, 40.619954019192129 ], [ -73.941469734540831, 40.619984248620248 ], [ -73.941451178569139, 40.620013170198199 ], [ -73.94143014523749, 40.620041077425128 ], [ -73.941384491513915, 40.620094476642997 ], [ -73.941361910344554, 40.620117920988228 ], [ -73.941337299900894, 40.620140140485915 ], [ -73.941310777262274, 40.620161042440905 ], [ -73.941282448877629, 40.620180527848994 ], [ -73.941252466097097, 40.62019850673417 ], [ -73.941220929438799, 40.620214906204254 ], [ -73.941188033985412, 40.620229630902678 ], [ -73.941153902699057, 40.620242620556361 ], [ -73.941118690440874, 40.620253826615382 ], [ -73.941083533300414, 40.620261486441592 ], [ -73.941050461999509, 40.620263834254956 ], [ -73.93667884669938, 40.620486393739903 ], [ -73.936822245073529, 40.620392533024116 ], [ -73.93773458783194, 40.619830869063058 ], [ -73.941376519234765, 40.619682558216091 ], [ -73.941410871143887, 40.619681734642633 ] ] ] } },
{ "type": "Feature", "properties": { "group_id": "N1rel-307", "n_parks": 2, "extent_km": 0.286, "max_walk_m": 282.2, "park_area_acres": 2.42, "hull_area_acres": 7.71, "boroughs": "B", "members": "Trust Triangle; Power Playground" }, "geometry": { "type": "Polygon", "coordinates": [ [ [ -73.929523751871585, 40.616102244850424 ], [ -73.929531591747988, 40.616104219096435 ], [ -73.929546952428367, 40.616117131178363 ], [ -73.929556681993631, 40.616125729913513 ], [ -73.92969324798419, 40.616246437421843 ], [ -73.929699272756736, 40.61625176318622 ], [ -73.9297347884131, 40.616283328353703 ], [ -73.929737654771117, 40.61628719694329 ], [ -73.929740131553672, 40.616291811826699 ], [ -73.929741301210584, 40.616295426332741 ], [ -73.929742020908122, 40.61629765105971 ], [ -73.929741984132193, 40.616303399963869 ], [ -73.929740984454568, 40.616307825413969 ], [ -73.929738731868738, 40.616312507647329 ], [ -73.929735903379765, 40.616316445698224 ], [ -73.927760559648746, 40.618788639973914 ], [ -73.927026670226539, 40.618831519419246 ], [ -73.926880979643386, 40.61747305224187 ], [ -73.929517336418115, 40.616103213479775 ], [ -73.929523751871585, 40.616102244850424 ] ] ] } },
{ "type": "Feature", "properties": { "group_id": "N1rel-308", "n_parks": 2, "extent_km": 0.509, "max_walk_m": 482.8, "park_area_acres": 8.0, "hull_area_acres": 30.55, "boroughs": "B", "members": "Hamilton Metz Field; Wingate Park" }, "geometry": { "type": "Polygon", "coordinates": [ [ [ -73.944599850763282, 40.657567916638264 ], [ -73.945113240513493, 40.658947193549729 ], [ -73.945130612241371, 40.659111348033804 ], [ -73.945185622685116, 40.659631171428998 ], [ -73.941825921918777, 40.662812488079112 ], [ -73.940167292900171, 40.662915299367128 ], [ -73.940098362068113, 40.662322097827285 ], [ -73.943273880627629, 40.65766043783362 ], [ -73.944599850763282, 40.657567916638264 ] ] ] } },
{ "type": "Feature", "properties": { "group_id": "N1rel-309", "n_parks": 2, "extent_km": 0.478, "max_walk_m": 406.9, "park_area_acres": 2.46, "hull_area_acres": 13.04, "boroughs": "B", "members": "Sunners Playground; Fox Playground" }, "geometry": { "type": "Polygon", "coordinates": [ [ [ -73.923943956724727, 40.631564520798257 ], [ -73.929898863072381, 40.632367581635421 ], [ -73.929615639326073, 40.632654870659906 ], [ -73.9294676455049, 40.632668096854168 ], [ -73.924369926506927, 40.632983707318424 ], [ -73.923648073350662, 40.633027995071423 ], [ -73.923493805449809, 40.631592755116785 ], [ -73.923943956724727, 40.631564520798257 ] ] ] } },
{ "type": "Feature", "properties": { "group_id": "N1rel-310", "n_parks": 2, "extent_km": 0.195, "max_walk_m": 114.6, "park_area_acres": 0.67, "hull_area_acres": 2.11, "boroughs": "B", "members": "Pfc Norton Playground; Aimee Triangle" }, "geometry": { "type": "Polygon", "coordinates": [ [ [ -73.944039631914066, 40.612853661610046 ], [ -73.944045700560537, 40.61285416615474 ], [ -73.944053605672295, 40.612855906207635 ], [ -73.944059794467776, 40.612858276690218 ], [ -73.94406427801357, 40.612860762509818 ], [ -73.944068264879448, 40.612863699248827 ], [ -73.944072045428513, 40.612867478775144 ], [ -73.944075035111112, 40.612871649643388 ], [ -73.945054398444825, 40.614259832379069 ], [ -73.945095257833728, 40.61447409669136 ], [ -73.945148646289198, 40.614754065382449 ], [ -73.944787902203629, 40.614991185392114 ], [ -73.943865596758044, 40.612976880629184 ], [ -73.943863800760127, 40.612972489710799 ], [ -73.943862677242407, 40.61296797124681 ], [ -73.943862333967303, 40.612963051531338 ], [ -73.943863024563356, 40.612956838271685 ], [ -73.943864648933214, 40.612951731308236 ], [ -73.943867180644162, 40.612946843614495 ], [ -73.943870569987652, 40.612942267919877 ], [ -73.943874176012059, 40.612938580244936 ], [ -73.943877735255768, 40.612935719225604 ], [ -73.943882317940336, 40.612932725428678 ], [ -73.9439129693979, 40.612915823195877 ], [ -73.943971268221176, 40.612883703917838 ], [ -73.944017096882462, 40.612858531462336 ], [ -73.944023423277415, 40.612856046403003 ], [ -73.944032534438435, 40.612854080499012 ], [ -73.944039631914066, 40.612853661610046 ] ] ] } },
{ "type": "Feature", "properties": { "group_id": "N1rel-311", "n_parks": 2, "extent_km": 0.558, "max_walk_m": 457.3, "park_area_acres": 2.46, "hull_area_acres": 10.51, "boroughs": "B", "members": "Galapo Playground; Herman Dolgon Playground" }, "geometry": { "type": "Polygon", "coordinates": [ [ [ -73.947112251193545, 40.597787193956783 ], [ -73.947152954050139, 40.598003776665095 ], [ -73.94644496958864, 40.598283596990669 ], [ -73.939275395190194, 40.598440256787221 ], [ -73.939192076030906, 40.598000158832399 ], [ -73.939753522928868, 40.597784424555009 ], [ -73.939824862024921, 40.597763549994575 ], [ -73.939898809950947, 40.597748868748241 ], [ -73.939974443882164, 40.597740565836553 ], [ -73.94005081980616, 40.597738742522878 ], [ -73.947112251193545, 40.597787193956783 ] ] ] } },
{ "type": "Feature", "properties": { "group_id": "N1rel-312", "n_parks": 2, "extent_km": 0.422, "max_walk_m": 317.3, "park_area_acres": 3.78, "hull_area_acres": 16.46, "boroughs": "B", "members": "Paerdegat Park; Chiarantano Playground" }, "geometry": { "type": "Polygon", "coordinates": [ [ [ -73.933527873525492, 40.636785753069489 ], [ -73.938380641659663, 40.636982275583868 ], [ -73.938610447514506, 40.639096291070594 ], [ -73.937885981986724, 40.639140588470099 ], [ -73.933225722078149, 40.637076906735999 ], [ -73.93319466418113, 40.636798785888487 ], [ -73.933527873525492, 40.636785753069489 ] ] ] } },
{ "type": "Feature", "properties": { "group_id": "N1rel-313", "n_parks": 2, "extent_km": 0.356, "max_walk_m": 293.7, "park_area_acres": 2.1, "hull_area_acres": 9.3, "boroughs": "B", "members": "Washington Hall Park; Steuben Playground" }, "geometry": { "type": "Polygon", "coordinates": [ [ [ -73.967081733656585, 40.695035931624915 ], [ -73.967199613343382, 40.695623071636092 ], [ -73.963827635256706, 40.697772142086279 ], [ -73.963018058485545, 40.697903473076678 ], [ -73.963170769972535, 40.697411452333235 ], [ -73.963183926736306, 40.697370919073414 ], [ -73.963201465415423, 40.697327056217404 ], [ -73.963221259583548, 40.697282481773875 ], [ -73.963240619486228, 40.697242228747399 ], [ -73.963272143915432, 40.697184053998399 ], [ -73.963322527364127, 40.697105444518741 ], [ -73.963354294771975, 40.697061307913167 ], [ -73.963391600973011, 40.697012051845839 ], [ -73.963444111765128, 40.696952337541539 ], [ -73.963595727173043, 40.696791638709776 ], [ -73.966355573642161, 40.695121373900989 ], [ -73.966719349603238, 40.695078571140087 ], [ -73.967081733656585, 40.695035931624915 ] ] ] } },
{ "type": "Feature", "properties": { "group_id": "N1rel-314", "n_parks": 2, "extent_km": 0.229, "max_walk_m": 137.3, "park_area_acres": 3.53, "hull_area_acres": 6.82, "boroughs": "B", "members": "St. Andrew's Playground; Her-King Alagantic Block Association Garden" }, "geometry": { "type": "Polygon", "coordinates": [ [ [ -73.941483036661111, 40.67816967074328 ], [ -73.943073882417735, 40.67825964409122 ], [ -73.942985759293293, 40.67919887598314 ], [ -73.939677234800754, 40.67946091551471 ], [ -73.939609794205495, 40.679457273577142 ], [ -73.939635907278046, 40.679179773885011 ], [ -73.941483036661111, 40.67816967074328 ] ] ] } },
{ "type": "Feature", "properties": { "group_id": "N1rel-315", "n_parks": 2, "extent_km": 0.208, "max_walk_m": 172.8, "park_area_acres": 1.96, "hull_area_acres": 5.14, "boroughs": "B", "members": "Nicholas Naquan Heyward Jr. Park; Boerum Park" }, "geometry": { "type": "Polygon", "coordinates": [ [ [ -73.987480802704795, 40.684212010294701 ], [ -73.990180357006963, 40.684280552895096 ], [ -73.990809956184364, 40.684525125931131 ], [ -73.990468309040551, 40.685024598745237 ], [ -73.988252755462142, 40.684956096227573 ], [ -73.987242772236939, 40.684564203940859 ], [ -73.987480802704795, 40.684212010294701 ] ] ] } },
{ "type": "Feature", "properties": { "group_id": "N1rel-316", "n_parks": 2, "extent_km": 0.299, "max_walk_m": 0.0, "park_area_acres": 6.49, "hull_area_acres": 7.34, "boroughs": "B", "members": "Tucker Place; Sheepshead Bay Piers" }, "geometry": { "type": "Polygon", "coordinates": [ [ [ -73.942153321070023, 40.583104137224801 ], [ -73.948332635812534, 40.5831904301861 ], [ -73.948386707961561, 40.583495587093317 ], [ -73.94821497173001, 40.583511003330187 ], [ -73.947779447522052, 40.583524543698339 ], [ -73.946720552650589, 40.583557457073468 ], [ -73.94654116278447, 40.583563031737711 ], [ -73.946305608783618, 40.583570351218604 ], [ -73.941338407557851, 40.583646856125121 ], [ -73.941248338398452, 40.583314031404271 ], [ -73.941277979135776, 40.583096656481686 ], [ -73.942153321070023, 40.583104137224801 ] ] ] } },
{ "type": "Feature", "properties": { "group_id": "N1rel-317", "n_parks": 2, "extent_km": 0.982, "max_walk_m": 0.0, "park_area_acres": 92.88, "hull_area_acres": 148.04, "boroughs": "B", "members": "Breukelen Ballfields; Fresh Creek Nature Preserve" }, "geometry": { "type": "Polygon", "coordinates": [ [ [ -73.879295817165172, 40.63842977811899 ], [ -73.885093244134154, 40.642348835680224 ], [ -73.887068850638073, 40.644108712021755 ], [ -73.888419801130922, 40.645323975081283 ], [ -73.889733981757914, 40.64650610445787 ], [ -73.889951104926183, 40.646701407078318 ], [ -73.891650943095073, 40.649000678564818 ], [ -73.894421006629997, 40.653640841725576 ], [ -73.894335278491724, 40.654749286837159 ], [ -73.893622579566056, 40.655057393089109 ], [ -73.87867114189784, 40.641038640464899 ], [ -73.878720109018815, 40.639571745183957 ], [ -73.878937871538042, 40.63912838326911 ], [ -73.879144792686759, 40.638721307670068 ], [ -73.879295583789926, 40.638430052532492 ], [ -73.879295817165172, 40.63842977811899 ] ] ] } },
{ "type": "Feature", "properties": { "group_id": "N1rel-318", "n_parks": 2, "extent_km": 0.615, "max_walk_m": 655.3, "park_area_acres": 5.77, "hull_area_acres": 26.74, "boroughs": "B", "members": "West Playground; Grady Playground" }, "geometry": { "type": "Polygon", "coordinates": [ [ [ -73.964495362491249, 40.582245040230681 ], [ -73.964604928666489, 40.582247705367749 ], [ -73.964817177500777, 40.582252868424831 ], [ -73.964992242478331, 40.58225712734685 ], [ -73.970265446225326, 40.586323941658485 ], [ -73.970572425183136, 40.587959767477109 ], [ -73.970501541886478, 40.587967661299714 ], [ -73.97035866955531, 40.587983570999683 ], [ -73.970220497513552, 40.587998956735127 ], [ -73.964357583401608, 40.583858820873417 ], [ -73.964091890798827, 40.58253467189919 ], [ -73.964495362491249, 40.582245040230681 ] ] ] } },
{ "type": "Feature", "properties": { "group_id": "N1rel-319", "n_parks": 2, "extent_km": 0.252, "max_walk_m": 156.5, "park_area_acres": 2.16, "hull_area_acres": 5.2, "boroughs": "B", "members": "Underwood Park; Greene Playground" }, "geometry": { "type": "Polygon", "coordinates": [ [ [ -73.966306606286622, 40.686039835863745 ], [ -73.966744938606894, 40.688196715995957 ], [ -73.966876566715698, 40.688869089012329 ], [ -73.96609707580896, 40.688958741351399 ], [ -73.965960415739843, 40.688286416389104 ], [ -73.96554766120758, 40.686118762697184 ], [ -73.966306606286622, 40.686039835863745 ] ] ] } },
{ "type": "Feature", "properties": { "group_id": "N1rel-320", "n_parks": 2, "extent_km": 0.224, "max_walk_m": 249.3, "park_area_acres": 1.84, "hull_area_acres": 7.23, "boroughs": "B", "members": "Wilson Playground; P.S. 279 Playground" }, "geometry": { "type": "Polygon", "coordinates": [ [ [ -73.894674375361063, 40.642017054770264 ], [ -73.895230147448203, 40.642516995670206 ], [ -73.895571833898956, 40.643316687160159 ], [ -73.895350366945877, 40.643459613399294 ], [ -73.893098625497032, 40.64483661202987 ], [ -73.892984616175511, 40.644734189957688 ], [ -73.894133372879878, 40.642365438850163 ], [ -73.894674375361063, 40.642017054770264 ] ] ] } },
{ "type": "Feature", "properties": { "group_id": "N1rel-321", "n_parks": 2, "extent_km": 0.187, "max_walk_m": 316.2, "park_area_acres": 2.35, "hull_area_acres": 5.93, "boroughs": "B", "members": "Bartlett Playground; Charlie's Place" }, "geometry": { "type": "Polygon", "coordinates": [ [ [ -73.946316050335312, 40.698804505694142 ], [ -73.946549766267097, 40.699063689178281 ], [ -73.946604379763912, 40.699339303723768 ], [ -73.946696702671474, 40.700862391875248 ], [ -73.946013809760359, 40.701303464119292 ], [ -73.945529702193326, 40.700875096546937 ], [ -73.945426005840758, 40.698906699595142 ], [ -73.946316050335312, 40.698804505694142 ] ] ] } },
{ "type": "Feature", "properties": { "group_id": "N1rel-322", "n_parks": 2, "extent_km": 0.396, "max_walk_m": 495.8, "park_area_acres": 0.73, "hull_area_acres": 5.37, "boroughs": "B", "members": "Albemarle Playground; E 4th Street Garden" }, "geometry": { "type": "Polygon", "coordinates": [ [ [ -73.980909006421214, 40.645730765333475 ], [ -73.980967365722492, 40.64603860536392 ], [ -73.977316331706035, 40.648435383693332 ], [ -73.976963826002134, 40.648551475007039 ], [ -73.976942948193354, 40.648440534246276 ], [ -73.976935126263371, 40.648398963879721 ], [ -73.976930433848636, 40.648258363305679 ], [ -73.980183206911121, 40.645796143532998 ], [ -73.980549161717335, 40.645757624218454 ], [ -73.980909006421214, 40.645730765333475 ] ] ] } },
{ "type": "Feature", "properties": { "group_id": "N1rel-323", "n_parks": 2, "extent_km": 0.336, "max_walk_m": 228.4, "park_area_acres": 1.53, "hull_area_acres": 6.7, "boroughs": "B", "members": "Pink Playground; Woodruff Playground" }, "geometry": { "type": "Polygon", "coordinates": [ [ [ -73.865786603103771, 40.665045587756168 ], [ -73.866420830067355, 40.665259568386595 ], [ -73.866483941035526, 40.665512909348237 ], [ -73.863130707462787, 40.666748716577167 ], [ -73.862334583629334, 40.666863735189743 ], [ -73.862204689014646, 40.666342414520273 ], [ -73.865638755077313, 40.665066527787729 ], [ -73.865786603103771, 40.665045587756168 ] ] ] } },
{ "type": "Feature", "properties": { "group_id": "N1rel-324", "n_parks": 2, "extent_km": 0.324, "max_walk_m": 317.2, "park_area_acres": 1.24, "hull_area_acres": 6.2, "boroughs": "B", "members": "Park Slope Playground; Gardens Of Union" }, "geometry": { "type": "Polygon", "coordinates": [ [ [ -73.97818582767178, 40.676409538183393 ], [ -73.982354132176269, 40.676734718335361 ], [ -73.982402643501757, 40.676753406942979 ], [ -73.982579748270751, 40.676821637077147 ], [ -73.982704368045546, 40.676869647007976 ], [ -73.982545160372837, 40.677102963431295 ], [ -73.978731575287952, 40.677259663215523 ], [ -73.978383129428124, 40.677123671890747 ], [ -73.978186175146647, 40.677046803705906 ], [ -73.978036883097786, 40.676630744709755 ], [ -73.97818582767178, 40.676409538183393 ] ] ] } },
{ "type": "Feature", "properties": { "group_id": "N1rel-325", "n_parks": 2, "extent_km": 0.359, "max_walk_m": 373.3, "park_area_acres": 1.79, "hull_area_acres": 7.76, "boroughs": "B", "members": "100% Playground; Ponderosa Garden" }, "geometry": { "type": "Polygon", "coordinates": [ [ [ -73.898998524303934, 40.6458945846272 ], [ -73.899814821035719, 40.646630299130706 ], [ -73.897223615400605, 40.649224955367401 ], [ -73.896950303198452, 40.649404516371597 ], [ -73.896802266792818, 40.649271798536411 ], [ -73.896755600416398, 40.64922996090089 ], [ -73.898451275320454, 40.646248436031073 ], [ -73.898998524303934, 40.6458945846272 ] ] ] } },
{ "type": "Feature", "properties": { "group_id": "N1rel-326", "n_parks": 2, "extent_km": 0.325, "max_walk_m": 276.6, "park_area_acres": 1.35, "hull_area_acres": 4.61, "boroughs": "B", "members": "Eleanor Roosevelt Playground; Kosciuszko Street Garden" }, "geometry": { "type": "Polygon", "coordinates": [ [ [ -73.939364654769449, 40.692085793317958 ], [ -73.939419567743116, 40.692370436635478 ], [ -73.93601273981028, 40.693048292078181 ], [ -73.935491161155994, 40.693108151573519 ], [ -73.935007895097328, 40.692942097006693 ], [ -73.934941455780674, 40.692604250865266 ], [ -73.939077975855298, 40.692118727670902 ], [ -73.939364654769449, 40.692085793317958 ] ] ] } },
{ "type": "Feature", "properties": { "group_id": "N1rel-327", "n_parks": 2, "extent_km": 0.403, "max_walk_m": 330.8, "park_area_acres": 10.15, "hull_area_acres": 23.06, "boroughs": "B", "members": "Steeplechase Park; Santos White Garden" }, "geometry": { "type": "Polygon", "coordinates": [ [ [ -73.984638225780017, 40.57272648363616 ], [ -73.988354005019644, 40.575906078836063 ], [ -73.988397379854689, 40.576132921698104 ], [ -73.988179910419504, 40.576156750815599 ], [ -73.988115773718931, 40.576163777293559 ], [ -73.983254141687439, 40.575307225813248 ], [ -73.983154434731048, 40.574737368396882 ], [ -73.98300444528752, 40.573880101046178 ], [ -73.9829726381667, 40.573698302050737 ], [ -73.982841151976416, 40.572937725570732 ], [ -73.984636112981391, 40.572726731898449 ], [ -73.984638225780017, 40.57272648363616 ] ] ] } },
{ "type": "Feature", "properties": { "group_id": "N1rel-328", "n_parks": 2, "extent_km": 0.532, "max_walk_m": 179.2, "park_area_acres": 39.59, "hull_area_acres": 64.73, "boroughs": "B", "members": "Bushwick Inlet Park; North 5th Street Pier and Park" }, "geometry": { "type": "Polygon", "coordinates": [ [ [ -73.965172139732715, 40.719271319636007 ], [ -73.965273792210525, 40.719368718872261 ], [ -73.965385389289168, 40.719564086573733 ], [ -73.9656805367853, 40.720665594742563 ], [ -73.9639131080624, 40.723545927537153 ], [ -73.962567650063775, 40.725457336760982 ], [ -73.961570304510062, 40.725819196576566 ], [ -73.96020678673797, 40.725919530102658 ], [ -73.958210700441811, 40.725701621956105 ], [ -73.957658422570745, 40.725322804717671 ], [ -73.95786879602916, 40.724015301023201 ], [ -73.960008413453934, 40.722027270937716 ], [ -73.960594439909997, 40.721483368889871 ], [ -73.965172139732715, 40.719271319636007 ] ] ] } },
{ "type": "Feature", "properties": { "group_id": "N1rel-329", "n_parks": 2, "extent_km": 0.57, "max_walk_m": 483.0, "park_area_acres": 2.33, "hull_area_acres": 11.64, "boroughs": "B", "members": "Berriman Playground; Park" }, "geometry": { "type": "Polygon", "coordinates": [ [ [ -73.87555075383348, 40.653859726653579 ], [ -73.875874859661934, 40.654295987931825 ], [ -73.875930073072368, 40.654482428609498 ], [ -73.869401542264598, 40.657242746516275 ], [ -73.868983558424148, 40.65668265158245 ], [ -73.869545898924812, 40.656436304815685 ], [ -73.87555075383348, 40.653859726653579 ] ] ] } },
{ "type": "Feature", "properties": { "group_id": "N1rel-330", "n_parks": 2, "extent_km": 0.76, "max_walk_m": 606.3, "park_area_acres": 8.52, "hull_area_acres": 29.56, "boroughs": "M", "members": "Bennett Park; J. Hood Wright Park" }, "geometry": { "type": "Polygon", "coordinates": [ [ [ -73.94059870081793, 40.845499047635691 ], [ -73.942503904615478, 40.846301084838245 ], [ -73.942503881384511, 40.846327961824741 ], [ -73.942501809163574, 40.846354714422333 ], [ -73.942497686360412, 40.846381809985672 ], [ -73.942493154828099, 40.846409834653208 ], [ -73.942488212968271, 40.846437893334588 ], [ -73.942482451921038, 40.846461583318366 ], [ -73.942472579312167, 40.846495230697514 ], [ -73.942463117042664, 40.846523331247056 ], [ -73.942452433301071, 40.846552878277663 ], [ -73.942138158838318, 40.847406641746957 ], [ -73.938300488037655, 40.853443871666066 ], [ -73.937598616788293, 40.853318209693242 ], [ -73.937929996818823, 40.852238148091011 ], [ -73.94059870081793, 40.845499047635691 ] ] ] } },
{ "type": "Feature", "properties": { "group_id": "N1rel-331", "n_parks": 2, "extent_km": 0.334, "max_walk_m": 138.6, "park_area_acres": 5.91, "hull_area_acres": 11.08, "boroughs": "M", "members": "De Witt Clinton Park; Oasis Garden" }, "geometry": { "type": "Polygon", "coordinates": [ [ [ -73.991202627730303, 40.766158201035786 ], [ -73.991376211081473, 40.76623120629948 ], [ -73.995556011795401, 40.767999567081858 ], [ -73.994741720858869, 40.769109768094218 ], [ -73.993022955812975, 40.768382997524483 ], [ -73.991106225383248, 40.766432643788747 ], [ -73.991071646522315, 40.766338365568529 ], [ -73.991202627730303, 40.766158201035786 ] ] ] } },
{ "type": "Feature", "properties": { "group_id": "N1rel-332", "n_parks": 2, "extent_km": 0.699, "max_walk_m": 229.0, "park_area_acres": 68.94, "hull_area_acres": 116.42, "boroughs": "M", "members": "Fort Tryon Park; Amelia Gorman Park" }, "geometry": { "type": "Polygon", "coordinates": [ [ [ -73.932177234956114, 40.855189676451261 ], [ -73.933061866036226, 40.855562565994283 ], [ -73.936369434012022, 40.859052821812504 ], [ -73.932748068180089, 40.865298284648837 ], [ -73.932704704755068, 40.865368469633282 ], [ -73.93210864194252, 40.866332718435842 ], [ -73.932087977016465, 40.866364610613033 ], [ -73.932065870264367, 40.866395929226258 ], [ -73.932042337120677, 40.866426658975506 ], [ -73.93201742863296, 40.866456757566937 ], [ -73.931991169767883, 40.866486168283608 ], [ -73.931963581887643, 40.866514879430831 ], [ -73.93192552284691, 40.866551248458848 ], [ -73.931916951770916, 40.866559100171251 ], [ -73.931899342503087, 40.866574563788291 ], [ -73.931884512662904, 40.866586345141599 ], [ -73.931868825341681, 40.866597996316202 ], [ -73.93185263073282, 40.866609253675264 ], [ -73.931835966830135, 40.866620082121877 ], [ -73.931818827698223, 40.866630486154776 ], [ -73.93180124420185, 40.866640442379307 ], [ -73.931783224646338, 40.866649948999218 ], [ -73.931764796322426, 40.866658997925974 ], [ -73.931745990094939, 40.866667565764928 ], [ -73.931726807146759, 40.866675656118616 ], [ -73.931707285451637, 40.866683253700991 ], [ -73.931687432136243, 40.866690349511146 ], [ -73.93166727448407, 40.866696942664639 ], [ -73.931646855214709, 40.86670301697778 ], [ -73.93162616484743, 40.866708564340456 ], [ -73.931605237773582, 40.866713592877311 ], [ -73.931584117906539, 40.866718079201412 ], [ -73.931562785072316, 40.866722032305752 ], [ -73.931541312823114, 40.86672544412933 ], [ -73.931519703545717, 40.86672830116617 ], [ -73.931497964346576, 40.866730614226348 ], [ -73.931476145057132, 40.866732372533399 ], [ -73.931454268217124, 40.866733574299772 ], [ -73.931431492802034, 40.866734239736928 ], [ -73.931405807667304, 40.866734915146289 ], [ -73.93138098914163, 40.86673491659873 ], [ -73.931356181970187, 40.866734260695452 ], [ -73.93133140986248, 40.866732961858332 ], [ -73.931306722645388, 40.866731013813677 ], [ -73.931282141662535, 40.866728424678598 ], [ -73.931257691833849, 40.866725185463139 ], [ -73.931233390937805, 40.866721310585852 ], [ -73.931209284044456, 40.866716805476571 ], [ -73.931161768508687, 40.866705910034817 ], [ -73.931138403738544, 40.866699536838063 ], [ -73.931115350381376, 40.866692556892779 ], [ -73.931092617922488, 40.866684974707105 ], [ -73.931070277511779, 40.866676811035113 ], [ -73.928081577120963, 40.865475923162613 ], [ -73.927940060560331, 40.865321935805987 ], [ -73.931717147636519, 40.855812557496378 ], [ -73.932177234956114, 40.855189676451261 ] ] ] } },
{ "type": "Feature", "properties": { "group_id": "N1rel-333", "n_parks": 2, "extent_km": 0.863, "max_walk_m": 533.9, "park_area_acres": 17.28, "hull_area_acres": 39.84, "boroughs": "M", "members": "John Jay Park; Carl Schurz Park" }, "geometry": { "type": "Polygon", "coordinates": [ [ [ -73.949407809168605, 40.768495407098385 ], [ -73.950469720767572, 40.768947330593981 ], [ -73.950114823355605, 40.769433720469046 ], [ -73.942626202289119, 40.777456936343043 ], [ -73.942537806953865, 40.777422378737576 ], [ -73.942015902275628, 40.777210567643706 ], [ -73.941980906583566, 40.776999121032155 ], [ -73.941947207945987, 40.776603205294165 ], [ -73.942015347136135, 40.776203384904569 ], [ -73.942348963567596, 40.775489432021651 ], [ -73.942570104517714, 40.775144111376157 ], [ -73.942815718742665, 40.774800993360913 ], [ -73.943282528498131, 40.774162308259484 ], [ -73.943800568491952, 40.773578048297658 ], [ -73.944275197456918, 40.773121380670617 ], [ -73.949407809168605, 40.768495407098385 ] ] ] } },
{ "type": "Feature", "properties": { "group_id": "N1rel-334", "n_parks": 2, "extent_km": 0.714, "max_walk_m": 522.4, "park_area_acres": 4.0, "hull_area_acres": 24.97, "boroughs": "M", "members": "Murphy Brothers Playground; Asser Levy Playground" }, "geometry": { "type": "Polygon", "coordinates": [ [ [ -73.972438849295102, 40.729647910294979 ], [ -73.974129088063265, 40.730361003628801 ], [ -73.976403411341593, 40.736133640268086 ], [ -73.975592254464559, 40.737244117775845 ], [ -73.974984732120134, 40.736972512273859 ], [ -73.972438849295102, 40.729647910294979 ] ] ] } },
{ "type": "Feature", "properties": { "group_id": "N1rel-335", "n_parks": 2, "extent_km": 0.344, "max_walk_m": 7.3, "park_area_acres": 1.02, "hull_area_acres": 2.25, "boroughs": "M", "members": "Broadway Malls (1/11); Broadway Malls (9/11)" }, "geometry": { "type": "Polygon", "coordinates": [ [ [ -73.980363693032601, 40.783278508359082 ], [ -73.9804308917398, 40.783300586337681 ], [ -73.97994330419624, 40.783959075932252 ], [ -73.978220259363937, 40.786268492253676 ], [ -73.978141905890297, 40.786373262431766 ], [ -73.978052091880841, 40.78649291565609 ], [ -73.977782410310269, 40.786850282764107 ], [ -73.977777787707439, 40.786856388170499 ], [ -73.977771192792588, 40.786865098345849 ], [ -73.977770902400621, 40.786865474699269 ], [ -73.977663458380462, 40.78700456242526 ], [ -73.977566002278365, 40.787123713099518 ], [ -73.975752570137828, 40.789277247404321 ], [ -73.975681206195787, 40.789245133291267 ], [ -73.975856611578209, 40.789014613144083 ], [ -73.975963583102882, 40.788877898964962 ], [ -73.980363693032601, 40.783278508359082 ] ] ] } },
{ "type": "Feature", "properties": { "group_id": "N1rel-336", "n_parks": 2, "extent_km": 0.678, "max_walk_m": 540.5, "park_area_acres": 6.17, "hull_area_acres": 55.14, "boroughs": "M", "members": "Sheltering Arms Playground; West Harlem Piers" }, "geometry": { "type": "Polygon", "coordinates": [ [ [ -73.955753246916757, 40.814344084365715 ], [ -73.962155932822824, 40.818021553599593 ], [ -73.962536949860549, 40.818706199502735 ], [ -73.962482759260979, 40.819172602145713 ], [ -73.962482433052983, 40.819175131534145 ], [ -73.962481540299166, 40.819177581494515 ], [ -73.962480110656799, 40.819179909713185 ], [ -73.962432316265364, 40.819233220650602 ], [ -73.962429820995254, 40.819235561128366 ], [ -73.959077482683227, 40.82165153762908 ], [ -73.958761307331358, 40.821500653121483 ], [ -73.955197988230424, 40.81510638661296 ], [ -73.955753246916757, 40.814344084365715 ] ] ] } },
{ "type": "Feature", "properties": { "group_id": "N1rel-337", "n_parks": 2, "extent_km": 0.467, "max_walk_m": 201.5, "park_area_acres": 16.44, "hull_area_acres": 30.32, "boroughs": "M", "members": "Monsignor Kett Playground; Sherman Creek" }, "geometry": { "type": "Polygon", "coordinates": [ [ [ -73.92219564229157, 40.855747318283214 ], [ -73.922490015318914, 40.855887638251026 ], [ -73.922590956914036, 40.857703877422814 ], [ -73.92244112504855, 40.859381329705641 ], [ -73.921437864638719, 40.862619155331757 ], [ -73.92064214897637, 40.862911692381701 ], [ -73.920473767353201, 40.862647387983721 ], [ -73.919491494295727, 40.858773295195711 ], [ -73.92219564229157, 40.855747318283214 ] ] ] } },
{ "type": "Feature", "properties": { "group_id": "N1rel-338", "n_parks": 2, "extent_km": 0.651, "max_walk_m": 477.1, "park_area_acres": 6.84, "hull_area_acres": 34.63, "boroughs": "M", "members": "Battery Park City (3/4); Battery Park City" }, "geometry": { "type": "Polygon", "coordinates": [ [ [ -74.018170347655712, 40.704569457185336 ], [ -74.01897238594222, 40.704669712309773 ], [ -74.019263403550923, 40.705006977589214 ], [ -74.019440616825918, 40.705819288394153 ], [ -74.019140863739267, 40.707029681728109 ], [ -74.017720170275325, 40.71222180074669 ], [ -74.016811851827285, 40.712076779161599 ], [ -74.016363835281737, 40.711998576731816 ], [ -74.015970654061974, 40.711827023426359 ], [ -74.017456203642382, 40.704835884991638 ], [ -74.017506806811241, 40.704706793478323 ], [ -74.018170347655712, 40.704569457185336 ] ] ] } },
{ "type": "Feature", "properties": { "group_id": "N1rel-339", "n_parks": 2, "extent_km": 0.196, "max_walk_m": 215.1, "park_area_acres": 0.36, "hull_area_acres": 2.07, "boroughs": "M", "members": "W 104th Street Garden; La Perla Garden" }, "geometry": { "type": "Polygon", "coordinates": [ [ [ -73.961758906072475, 40.796656910356106 ], [ -73.961841336309234, 40.796691630326393 ], [ -73.9619761424252, 40.79674841356109 ], [ -73.962212168000335, 40.796847832505733 ], [ -73.962275744906719, 40.796874612579551 ], [ -73.963301940031755, 40.798112247425145 ], [ -73.963114735406734, 40.798374896694028 ], [ -73.963054956054833, 40.798349662663647 ], [ -73.961579411357022, 40.79690258082843 ], [ -73.961758906072475, 40.796656910356106 ] ] ] } },
{ "type": "Feature", "properties": { "group_id": "N1rel-340", "n_parks": 2, "extent_km": 0.583, "max_walk_m": 599.5, "park_area_acres": 6.01, "hull_area_acres": 24.49, "boroughs": "Q", "members": "Grover Cleveland Playground; Starr Playground" }, "geometry": { "type": "Polygon", "coordinates": [ [ [ -73.917735864602292, 40.709408074215574 ], [ -73.918306240291912, 40.709741336425857 ], [ -73.917873078789, 40.710165273496862 ], [ -73.91089812657377, 40.711957745123946 ], [ -73.910412023073832, 40.711677963548595 ], [ -73.910386665761493, 40.711657770560286 ], [ -73.910369191891334, 40.711639742229998 ], [ -73.910350544914934, 40.711614049633155 ], [ -73.91033710506747, 40.711586558265658 ], [ -73.91012972047173, 40.711057543412693 ], [ -73.910568367939092, 40.710629024629029 ], [ -73.911316687544101, 40.709897968702421 ], [ -73.917735864602292, 40.709408074215574 ] ] ] } },
{ "type": "Feature", "properties": { "group_id": "N1rel-341", "n_parks": 2, "extent_km": 0.777, "max_walk_m": 0.0, "park_area_acres": 61.92, "hull_area_acres": 98.0, "boroughs": "Q", "members": "Astoria Park; Ralph Demarco Park" }, "geometry": { "type": "Polygon", "coordinates": [ [ [ -73.924013723482403, 40.774737775934085 ], [ -73.925257596479966, 40.775422826760945 ], [ -73.928154332605999, 40.777100951626068 ], [ -73.91575669224153, 40.786266126131522 ], [ -73.915430499328551, 40.786033198534135 ], [ -73.918159963546529, 40.781238334389371 ], [ -73.923236783476924, 40.775378289421845 ], [ -73.923637350385903, 40.775048061982538 ], [ -73.924013723482403, 40.774737775934085 ] ] ] } },
{ "type": "Feature", "properties": { "group_id": "N1rel-342", "n_parks": 2, "extent_km": 0.783, "max_walk_m": 296.2, "park_area_acres": 94.84, "hull_area_acres": 134.62, "boroughs": "Q", "members": "Brookville Park; Laurelton Parkway (8/8)" }, "geometry": { "type": "Polygon", "coordinates": [ [ [ -73.748313420634716, 40.652849789462586 ], [ -73.74851278232606, 40.65286304806942 ], [ -73.748637931599333, 40.652878515236907 ], [ -73.748684995327565, 40.652886666039258 ], [ -73.748859383720259, 40.652920734543734 ], [ -73.748913159150064, 40.652932858597666 ], [ -73.749077204223781, 40.652979509682162 ], [ -73.749330917299957, 40.653072063732161 ], [ -73.749562317828705, 40.653160301069832 ], [ -73.74983312496893, 40.65326356510058 ], [ -73.750034573018795, 40.65334144427807 ], [ -73.750137670678768, 40.653382488905009 ], [ -73.750201824705115, 40.653410056319871 ], [ -73.750379582695743, 40.653489314363703 ], [ -73.750560431029612, 40.653577342701801 ], [ -73.750833431113207, 40.653724003416841 ], [ -73.751553222117963, 40.654167301930102 ], [ -73.746865622789301, 40.660810220888052 ], [ -73.745809097997068, 40.662166649823206 ], [ -73.744498354854485, 40.663849365388508 ], [ -73.738616352029197, 40.669053771342881 ], [ -73.738207164498576, 40.669018760237407 ], [ -73.737741176071566, 40.668800592687525 ], [ -73.737418700523804, 40.668649613411944 ], [ -73.737452248162356, 40.66859255525965 ], [ -73.737503306142941, 40.668505715795796 ], [ -73.742259809700428, 40.661203937627633 ], [ -73.748313420634716, 40.652849789462586 ] ] ] } },
{ "type": "Feature", "properties": { "group_id": "N1rel-343", "n_parks": 2, "extent_km": 0.74, "max_walk_m": 708.9, "park_area_acres": 28.05, "hull_area_acres": 68.04, "boroughs": "Q", "members": "Poppenhusen Playground; College Point Fields" }, "geometry": { "type": "Polygon", "coordinates": [ [ [ -73.837895736569138, 40.774500591571758 ], [ -73.844957898322932, 40.780911088811564 ], [ -73.844919231070676, 40.781604913223994 ], [ -73.844196071544047, 40.781607359693147 ], [ -73.83642108783836, 40.77855458025558 ], [ -73.835414797394648, 40.776036681066344 ], [ -73.834812405238864, 40.774529302546746 ], [ -73.837895736569138, 40.774500591571758 ] ] ] } },
{ "type": "Feature", "properties": { "group_id": "N1rel-344", "n_parks": 2, "extent_km": 1.017, "max_walk_m": 605.6, "park_area_acres": 44.91, "hull_area_acres": 100.66, "boroughs": "Q", "members": "Crocheron Park; Raymond O’Connor Park" }, "geometry": { "type": "Polygon", "coordinates": [ [ [ -73.770570130937088, 40.769739474202915 ], [ -73.779604300960827, 40.770735335491892 ], [ -73.780377675826443, 40.772243836857449 ], [ -73.778926260785781, 40.772676853838036 ], [ -73.765840257979804, 40.77340522404964 ], [ -73.765791753835742, 40.773362508118396 ], [ -73.763123336635786, 40.771012374412855 ], [ -73.763426064571917, 40.770937298002053 ], [ -73.763830787090967, 40.770836925756434 ], [ -73.770570130937088, 40.769739474202915 ] ] ] } },
{ "type": "Feature", "properties": { "group_id": "N1rel-345", "n_parks": 2, "extent_km": 0.497, "max_walk_m": 513.6, "park_area_acres": 2.41, "hull_area_acres": 13.03, "boroughs": "Q", "members": "Astoria Heights Playground; Strippoli Square" }, "geometry": { "type": "Polygon", "coordinates": [ [ [ -73.907679662157548, 40.757071748493757 ], [ -73.912554660029215, 40.759915973804574 ], [ -73.911482835237905, 40.761243836922461 ], [ -73.907540400000329, 40.757360196595812 ], [ -73.907485567317877, 40.757089178752707 ], [ -73.907679662157548, 40.757071748493757 ] ] ] } },
{ "type": "Feature", "properties": { "group_id": "N1rel-346", "n_parks": 2, "extent_km": 0.577, "max_walk_m": 615.1, "park_area_acres": 3.36, "hull_area_acres": 19.81, "boroughs": "Q", "members": "The Olde Towne of Flushing Burial Ground; Plaut Triangle" }, "geometry": { "type": "Polygon", "coordinates": [ [ [ -73.801939267630715, 40.753796668393214 ], [ -73.802882122561357, 40.753816177879976 ], [ -73.802691457011221, 40.755232311284338 ], [ -73.802293820985554, 40.755714391606318 ], [ -73.797517768454654, 40.758562333144575 ], [ -73.796826358469033, 40.758311837370989 ], [ -73.796836826472102, 40.758250370994574 ], [ -73.801939267630715, 40.753796668393214 ] ] ] } },
{ "type": "Feature", "properties": { "group_id": "N1rel-347", "n_parks": 2, "extent_km": 0.345, "max_walk_m": 289.3, "park_area_acres": 0.23, "hull_area_acres": 2.07, "boroughs": "Q", "members": "Gordon Triangle; LIC Pier" }, "geometry": { "type": "Polygon", "coordinates": [ [ [ -73.952026299125279, 40.748618978268759 ], [ -73.95208815204731, 40.748630351293713 ], [ -73.956203855884795, 40.749679766527848 ], [ -73.956098496079392, 40.749771147600796 ], [ -73.955596273566471, 40.749679228634029 ], [ -73.951824173751817, 40.748858677112089 ], [ -73.952026299125279, 40.748618978268759 ] ] ] } },
{ "type": "Feature", "properties": { "group_id": "N1rel-348", "n_parks": 2, "extent_km": 0.725, "max_walk_m": 682.1, "park_area_acres": 2.81, "hull_area_acres": 20.61, "boroughs": "Q", "members": "Seven Gables Playground; Tall Oak Playground" }, "geometry": { "type": "Polygon", "coordinates": [ [ [ -73.766052323713907, 40.743646250767533 ], [ -73.7660926715713, 40.743650401221963 ], [ -73.766122596320571, 40.74365837387365 ], [ -73.766196863152516, 40.743695973268657 ], [ -73.766245644396008, 40.743723146117439 ], [ -73.76629029295664, 40.743749806273904 ], [ -73.76631070921762, 40.743763141929506 ], [ -73.766350427800376, 40.743789086959872 ], [ -73.766439652081331, 40.74384737063636 ], [ -73.766470612655581, 40.743871305936075 ], [ -73.76652316302426, 40.743911932723094 ], [ -73.7665556456639, 40.743940099879815 ], [ -73.766597738090766, 40.743976601810822 ], [ -73.766628304847401, 40.744006524660477 ], [ -73.766676406980494, 40.744053614327861 ], [ -73.766691365566103, 40.744070551704347 ], [ -73.766702284958697, 40.744082916212335 ], [ -73.766761065064387, 40.744149475785136 ], [ -73.766797532535733, 40.744196122201046 ], [ -73.76683154252315, 40.74424331294086 ], [ -73.766881820768646, 40.744321311524573 ], [ -73.76692521288372, 40.744399324065945 ], [ -73.76694538836685, 40.744441982422842 ], [ -73.76694957484527, 40.744450834801469 ], [ -73.766264212561126, 40.74463988489034 ], [ -73.758059443971959, 40.74659855449535 ], [ -73.757643010472393, 40.745721372989813 ], [ -73.765992405992421, 40.743653109796348 ], [ -73.766009881608653, 40.743649449608796 ], [ -73.766027715916138, 40.743647154419875 ], [ -73.766046418363956, 40.743646467501556 ], [ -73.766052323713907, 40.743646250767533 ] ] ] } },
{ "type": "Feature", "properties": { "group_id": "N1rel-349", "n_parks": 2, "extent_km": 0.61, "max_walk_m": 481.0, "park_area_acres": 2.74, "hull_area_acres": 79.07, "boroughs": "Q", "members": "Major Mark Park; Midland Malls" }, "geometry": { "type": "Polygon", "coordinates": [ [ [ -73.788187361197387, 40.711419821131699 ], [ -73.788232261813249, 40.711420451251229 ], [ -73.788278431469465, 40.711422442561897 ], [ -73.788326745267796, 40.711425994784278 ], [ -73.78837675891053, 40.711431270992342 ], [ -73.788433779121505, 40.711439311124153 ], [ -73.788485599175118, 40.711448535753846 ], [ -73.788542970034072, 40.711460949368629 ], [ -73.788590219121971, 40.71147297965895 ], [ -73.7886433622743, 40.711488554366028 ], [ -73.788677928446035, 40.711499899456186 ], [ -73.788727858687679, 40.711518073411206 ], [ -73.788774901784805, 40.711537246119349 ], [ -73.788827501254431, 40.711561223334044 ], [ -73.78886814254092, 40.711581744035321 ], [ -73.788911725096511, 40.711605865865273 ], [ -73.788950418779379, 40.711629293425069 ], [ -73.788990545312231, 40.711655808756852 ], [ -73.789022182281812, 40.711678485836707 ], [ -73.789057685530778, 40.711706024659811 ], [ -73.789092743080872, 40.711735673458428 ], [ -73.789127007151038, 40.711767386570251 ], [ -73.789157860821632, 40.711798658477555 ], [ -73.789184363382319, 40.711827953886186 ], [ -73.789211400871309, 40.711860619088313 ], [ -73.789236807536383, 40.711894433054638 ], [ -73.784481669602343, 40.721792232642848 ], [ -73.784480849681373, 40.721793598085611 ], [ -73.784479736638104, 40.721794836007447 ], [ -73.784478362537541, 40.72179591314945 ], [ -73.784476768916278, 40.721796795369833 ], [ -73.784474999643265, 40.721797459337488 ], [ -73.784473108047536, 40.721797884440328 ], [ -73.784471149799074, 40.721798058175487 ], [ -73.784469180541734, 40.721797976144529 ], [ -73.784304068013242, 40.721763017028593 ], [ -73.784302965688269, 40.721762770924627 ], [ -73.784301934825166, 40.721762387176177 ], [ -73.784301003801218, 40.721761874841519 ], [ -73.784300200967422, 40.721761251083507 ], [ -73.784299547576154, 40.721760532151166 ], [ -73.78429906486511, 40.721759738796045 ], [ -73.784298765775276, 40.721758895356295 ], [ -73.782409935128939, 40.71319609039076 ], [ -73.78240897614242, 40.71319113395392 ], [ -73.782409159356078, 40.713186126545693 ], [ -73.782410480728316, 40.713181218544086 ], [ -73.782412898353286, 40.71317655845467 ], [ -73.782416339578958, 40.713172287520578 ], [ -73.782420702205471, 40.713168535222508 ], [ -73.782425853316369, 40.713165414773805 ], [ -73.782431635204674, 40.713163020430194 ], [ -73.787846467960279, 40.711457735364078 ], [ -73.787888229574477, 40.711448880128295 ], [ -73.787934049754554, 40.71144057446309 ], [ -73.787979390604079, 40.711433767251627 ], [ -73.788026681555991, 40.711428129778049 ], [ -73.788081103114564, 40.711423454553113 ], [ -73.788131037651937, 40.711420847628197 ], [ -73.788187361197387, 40.711419821131699 ] ] ] } },
{ "type": "Feature", "properties": { "group_id": "N1rel-350", "n_parks": 2, "extent_km": 0.701, "max_walk_m": 597.8, "park_area_acres": 3.15, "hull_area_acres": 22.6, "boroughs": "Q", "members": "L/CPL Thomas P. Noonan Jr. Playground; Torsney Playground" }, "geometry": { "type": "Polygon", "coordinates": [ [ [ -73.922888671347962, 40.740603275031049 ], [ -73.922865639922961, 40.747221116884731 ], [ -73.922808131503388, 40.747512362544306 ], [ -73.921096942673827, 40.747859501876832 ], [ -73.920747279493625, 40.747821526084138 ], [ -73.92091175079527, 40.746993935729229 ], [ -73.922041378302552, 40.741404050898765 ], [ -73.922137907190987, 40.740933928839368 ], [ -73.922888671347962, 40.740603275031049 ] ] ] } },
{ "type": "Feature", "properties": { "group_id": "N1rel-351", "n_parks": 2, "extent_km": 0.799, "max_walk_m": 736.8, "park_area_acres": 0.32, "hull_area_acres": 3.67, "boroughs": "Q", "members": "Queens Village Veterans Plaza; Litchhult Square" }, "geometry": { "type": "Polygon", "coordinates": [ [ [ -73.744786663174722, 40.715895259422993 ], [ -73.745010567513646, 40.715955073325524 ], [ -73.744805698723539, 40.716013938040021 ], [ -73.735645473009825, 40.718217761699989 ], [ -73.735623021012458, 40.718218094663797 ], [ -73.735600791781124, 40.718215677064443 ], [ -73.735579361460537, 40.718210570559734 ], [ -73.735559289336152, 40.718202909710826 ], [ -73.735541097749461, 40.718192892930809 ], [ -73.735525259086174, 40.718180780653846 ], [ -73.735523661121945, 40.718179334359434 ], [ -73.735511249232545, 40.718165926908696 ], [ -73.735501884468746, 40.718151155874743 ], [ -73.735495818529202, 40.718135418963286 ], [ -73.735493215430424, 40.718119138892753 ], [ -73.735494143257952, 40.718102754370221 ], [ -73.735498578957973, 40.718086705693949 ], [ -73.735506402459563, 40.718071424834378 ], [ -73.735517403829434, 40.718057321943128 ], [ -73.735531285675407, 40.718044776352968 ], [ -73.735543244404255, 40.718036668579444 ], [ -73.736155478653657, 40.717884888645941 ], [ -73.744786663174722, 40.715895259422993 ] ] ] } },
{ "type": "Feature", "properties": { "group_id": "N1rel-352", "n_parks": 2, "extent_km": 0.446, "max_walk_m": 202.3, "park_area_acres": 15.99, "hull_area_acres": 31.76, "boroughs": "Q", "members": "Rainey Park; Socrates Sculpture Park" }, "geometry": { "type": "Polygon", "coordinates": [ [ [ -73.940703149132801, 40.765071640837029 ], [ -73.942549406833493, 40.765731969533363 ], [ -73.941773034839144, 40.766644429727769 ], [ -73.94066361610831, 40.767473677175914 ], [ -73.935607816820109, 40.770087342767908 ], [ -73.935006811133405, 40.769836126822497 ], [ -73.936065938408902, 40.767849253641756 ], [ -73.940703149132801, 40.765071640837029 ] ] ] } },
{ "type": "Feature", "properties": { "group_id": "N1rel-353", "n_parks": 2, "extent_km": 0.697, "max_walk_m": 0.0, "park_area_acres": 174.86, "hull_area_acres": 206.67, "boroughs": "Q", "members": "Rockaway Beach; Seaside Playground" }, "geometry": { "type": "Polygon", "coordinates": [ [ [ -73.842226016139449, 40.570884969971488 ], [ -73.844390862031972, 40.574824915357404 ], [ -73.831157592574769, 40.581389085392424 ], [ -73.83079868563938, 40.581492400590051 ], [ -73.830338770577939, 40.580619745228987 ], [ -73.827569776040491, 40.574964799322586 ], [ -73.842226016139449, 40.570884969971488 ] ] ] } },
{ "type": "Feature", "properties": { "group_id": "N1rel-354", "n_parks": 2, "extent_km": 0.467, "max_walk_m": 418.2, "park_area_acres": 0.11, "hull_area_acres": 1.68, "boroughs": "Q", "members": "Trolley Car Triangle; Barclay Triangle" }, "geometry": { "type": "Polygon", "coordinates": [ [ [ -73.867147021152206, 40.761308408465418 ], [ -73.867150907414668, 40.761308726322895 ], [ -73.872435481969859, 40.76221384020824 ], [ -73.87253199186037, 40.762352160188357 ], [ -73.86690294006533, 40.76140565328248 ], [ -73.866877540471762, 40.761400772011449 ], [ -73.866871612020418, 40.761399487343454 ], [ -73.866866045050983, 40.76139747638495 ], [ -73.866860989862417, 40.761394793339967 ], [ -73.866856588423929, 40.761391512214196 ], [ -73.866852960170462, 40.761387723196215 ], [ -73.866847586949902, 40.761381212634596 ], [ -73.866843666839586, 40.761374128329294 ], [ -73.866841304873304, 40.76136665500546 ], [ -73.866840562241919, 40.761358989044076 ], [ -73.866841457488746, 40.761351333080391 ], [ -73.866843968894244, 40.761343887901951 ], [ -73.866849660914752, 40.76133962248263 ], [ -73.866856227716426, 40.761336160424399 ], [ -73.866863476055926, 40.76133360236048 ], [ -73.867147021152206, 40.761308408465418 ] ] ] } },
{ "type": "Feature", "properties": { "group_id": "N1rel-355", "n_parks": 2, "extent_km": 0.237, "max_walk_m": 243.7, "park_area_acres": 0.5, "hull_area_acres": 2.38, "boroughs": "Q", "members": "Wellbrock Triangle; Al Stabile Playground" }, "geometry": { "type": "Polygon", "coordinates": [ [ [ -73.835883893138671, 40.677081242262012 ], [ -73.835879536969315, 40.677137905535304 ], [ -73.835784062921348, 40.67750238742542 ], [ -73.833657777486593, 40.67887388992726 ], [ -73.833552787329936, 40.678903165160442 ], [ -73.833525950495712, 40.67884459098795 ], [ -73.835318115700986, 40.677088623148713 ], [ -73.835883893138671, 40.677081242262012 ] ] ] } },
{ "type": "Feature", "properties": { "group_id": "N1rel-356", "n_parks": 2, "extent_km": 0.419, "max_walk_m": 319.7, "park_area_acres": 2.85, "hull_area_acres": 14.5, "boroughs": "Q", "members": "Wayanda Park; Nakks Malls" }, "geometry": { "type": "Polygon", "coordinates": [ [ [ -73.744044191525234, 40.70789574526782 ], [ -73.744048624607757, 40.707895999164542 ], [ -73.744052939571205, 40.707896812918769 ], [ -73.744057015793302, 40.707898165550517 ], [ -73.744060736277916, 40.707900016276483 ], [ -73.744063998263513, 40.707902315339886 ], [ -73.744066708517849, 40.707904996795911 ], [ -73.744068791593193, 40.70790798573401 ], [ -73.744070188646944, 40.707911197375118 ], [ -73.744070860974162, 40.707914541581651 ], [ -73.744070787633845, 40.707917924653472 ], [ -73.74406997372941, 40.70792125024682 ], [ -73.744068439733667, 40.70792442565422 ], [ -73.74406622859307, 40.707927360919491 ], [ -73.74406340452316, 40.707929974238702 ], [ -73.739890644439541, 40.710904909472177 ], [ -73.738925513689935, 40.711188849740296 ], [ -73.73839268935312, 40.711345601205188 ], [ -73.738229169120572, 40.711050764746709 ], [ -73.738392393856074, 40.710427654440522 ], [ -73.74067345827028, 40.708650362615145 ], [ -73.74067682449882, 40.708647746998345 ], [ -73.740680730848084, 40.708645610771661 ], [ -73.740685063462891, 40.708644018515706 ], [ -73.743130928871295, 40.708094909419081 ], [ -73.744044191525234, 40.70789574526782 ] ] ] } },
{ "type": "Feature", "properties": { "group_id": "N1rel-357", "n_parks": 2, "extent_km": 0.525, "max_walk_m": 118.3, "park_area_acres": 4.34, "hull_area_acres": 21.62, "boroughs": "Q", "members": "Jackie Robinson Parkway (12/17); Jackie Robinson Parkway (4/17)" }, "geometry": { "type": "Polygon", "coordinates": [ [ [ -73.890691594081559, 40.689462640703525 ], [ -73.890783883477255, 40.689507327733239 ], [ -73.890912979690768, 40.691371786074548 ], [ -73.890898618855289, 40.691430114946954 ], [ -73.882936382402846, 40.692140106855575 ], [ -73.882524342883215, 40.692071246139356 ], [ -73.882515789180829, 40.692064562799224 ], [ -73.882508850974517, 40.6920568707313 ], [ -73.882503730177959, 40.692048392568843 ], [ -73.882500576604585, 40.692039376106408 ], [ -73.882499480888711, 40.692030083486216 ], [ -73.882500474499466, 40.692020783093568 ], [ -73.882503528563063, 40.692011746854085 ], [ -73.882508555069407, 40.692003236727309 ], [ -73.882515408061863, 40.69199550110573 ], [ -73.882523887207185, 40.691988763112015 ], [ -73.882533747263111, 40.691983218807458 ], [ -73.882544701639006, 40.691979030892234 ], [ -73.882932261734311, 40.691835544391971 ], [ -73.884589837624901, 40.691316327197789 ], [ -73.890691594081559, 40.689462640703525 ] ] ] } },
{ "type": "Feature", "properties": { "group_id": "N1rel-358", "n_parks": 2, "extent_km": 0.829, "max_walk_m": 718.0, "park_area_acres": 4.13, "hull_area_acres": 19.47, "boroughs": "Q", "members": "Tepper Triangle; Joseph Austin Playground" }, "geometry": { "type": "Polygon", "coordinates": [ [ [ -73.801482447845629, 40.715295441663208 ], [ -73.801533371448258, 40.715493263116926 ], [ -73.801705417178283, 40.716161607506287 ], [ -73.791883439266002, 40.718831425610276 ], [ -73.791851291706081, 40.71883744235037 ], [ -73.791751693307589, 40.718851809116103 ], [ -73.791650977355829, 40.718860571685646 ], [ -73.791549687276415, 40.718863682412255 ], [ -73.791448369950771, 40.718861124274788 ], [ -73.791347574526, 40.718852912676553 ], [ -73.79124784296269, 40.718839090025142 ], [ -73.791245221466582, 40.718837931715463 ], [ -73.791242905174698, 40.718836444371533 ], [ -73.791240962591772, 40.71883467314327 ], [ -73.791239453906741, 40.718832673071098 ], [ -73.791238423908126, 40.71883050367007 ], [ -73.791237905526614, 40.718828231637787 ], [ -73.79123791275309, 40.718825924538066 ], [ -73.79123844536187, 40.718823654411516 ], [ -73.791239488938842, 40.718821488770395 ], [ -73.791241010135792, 40.718819494192161 ], [ -73.791242963791845, 40.718817730028697 ], [ -73.791733191720184, 40.718458743397477 ], [ -73.799367933136793, 40.715650153019148 ], [ -73.799419565311211, 40.715631762669403 ], [ -73.799463185911904, 40.715617456574194 ], [ -73.799501015563635, 40.715605931065753 ], [ -73.799550875743705, 40.715591945580279 ], [ -73.799586589375863, 40.715582747786577 ], [ -73.799622902622019, 40.7155740796263 ], [ -73.79965783536386, 40.715566378003764 ], [ -73.799703525692507, 40.715557229052969 ], [ -73.799752929770762, 40.715548489973479 ], [ -73.79979287008868, 40.715542286467944 ], [ -73.801482447845629, 40.715295441663208 ] ] ] } },
{ "type": "Feature", "properties": { "group_id": "N1rel-359", "n_parks": 2, "extent_km": 0.194, "max_walk_m": 166.4, "park_area_acres": 8.49, "hull_area_acres": 27.8, "boroughs": "Q", "members": "Flushing Fields; Hart Playground" }, "geometry": { "type": "Polygon", "coordinates": [ [ [ -73.817162532136265, 40.771583216830138 ], [ -73.819546663571529, 40.773867864157474 ], [ -73.819546788442977, 40.774399669098436 ], [ -73.81750123548737, 40.776273186319322 ], [ -73.815867312667464, 40.7759587161488 ], [ -73.81601990310142, 40.771614123264904 ], [ -73.817162532136265, 40.771583216830138 ] ] ] } },
{ "type": "Feature", "properties": { "group_id": "N1rel-360", "n_parks": 2, "extent_km": 0.738, "max_walk_m": 625.1, "park_area_acres": 9.19, "hull_area_acres": 35.83, "boroughs": "Q", "members": "Harvey Park; McKee Triangle" }, "geometry": { "type": "Polygon", "coordinates": [ [ [ -73.824431542093365, 40.781831102146498 ], [ -73.823664711057162, 40.785298082011792 ], [ -73.81603225350716, 40.787347423281929 ], [ -73.815673977622765, 40.787194980101255 ], [ -73.823913888090772, 40.781827197494337 ], [ -73.824431542093365, 40.781831102146498 ] ] ] } },
{ "type": "Feature", "properties": { "group_id": "N1rel-361", "n_parks": 2, "extent_km": 0.268, "max_walk_m": 315.8, "park_area_acres": 2.27, "hull_area_acres": 7.86, "boroughs": "Q", "members": "Howard Von Dohlen Playground; Gateway Park" }, "geometry": { "type": "Polygon", "coordinates": [ [ [ -73.812690260783484, 40.696574440540509 ], [ -73.812951095044752, 40.696903866827256 ], [ -73.812958877536246, 40.696913696884252 ], [ -73.813505150068337, 40.699731738851796 ], [ -73.812837578947793, 40.699924836699324 ], [ -73.812451539215715, 40.699148628737809 ], [ -73.811585050497399, 40.696892356099475 ], [ -73.812690260783484, 40.696574440540509 ] ] ] } },
{ "type": "Feature", "properties": { "group_id": "N1rel-362", "n_parks": 2, "extent_km": 0.441, "max_walk_m": 389.6, "park_area_acres": 1.25, "hull_area_acres": 7.86, "boroughs": "Q", "members": "Police Officer Nicholas Demutiis Park; Corporal Ruoff Square" }, "geometry": { "type": "Polygon", "coordinates": [ [ [ -73.844888335095391, 40.68037791338179 ], [ -73.845013841734357, 40.680628096278213 ], [ -73.839125169976739, 40.68221506392171 ], [ -73.838783754909301, 40.681517170020356 ], [ -73.838937074037716, 40.681482433016065 ], [ -73.844309704837585, 40.680414211534888 ], [ -73.844888335095391, 40.68037791338179 ] ] ] } },
{ "type": "Feature", "properties": { "group_id": "N1rel-363", "n_parks": 2, "extent_km": 0.484, "max_walk_m": 439.5, "park_area_acres": 8.63, "hull_area_acres": 28.34, "boroughs": "Q", "members": "Frederick B. Judge Playground; Dr. Charles R. Drew Park" }, "geometry": { "type": "Polygon", "coordinates": [ [ [ -73.803432633284856, 40.679724618724528 ], [ -73.807980661911131, 40.68242256601269 ], [ -73.808742598235568, 40.683976437365082 ], [ -73.808061486704915, 40.684163792985544 ], [ -73.802633132249539, 40.681720600314371 ], [ -73.801872524020894, 40.680170017487434 ], [ -73.803432633284856, 40.679724618724528 ] ] ] } },
{ "type": "Feature", "properties": { "group_id": "N1rel-364", "n_parks": 2, "extent_km": 0.151, "max_walk_m": 0.0, "park_area_acres": 8.28, "hull_area_acres": 9.76, "boroughs": "Q", "members": "Detective Keith L Williams Park; William Simmons Community Garden Club" }, "geometry": { "type": "Polygon", "coordinates": [ [ [ -73.782981948280238, 40.701311713566859 ], [ -73.783291239518618, 40.701339131652858 ], [ -73.784275305931317, 40.701451359025739 ], [ -73.785805627506321, 40.704113684775578 ], [ -73.784886943146319, 40.70443535704748 ], [ -73.782917246579402, 40.702018345175297 ], [ -73.782725092169173, 40.701736828428764 ], [ -73.782773943470616, 40.701655975173608 ], [ -73.78290961961585, 40.701431421266882 ], [ -73.7829791894778, 40.701316278477222 ], [ -73.782981948280238, 40.701311713566859 ] ] ] } },
{ "type": "Feature", "properties": { "group_id": "N1rel-365", "n_parks": 2, "extent_km": 0.44, "max_walk_m": 479.4, "park_area_acres": 1.88, "hull_area_acres": 10.29, "boroughs": "Q", "members": "London Planetree Playground; Lt. Clinton L .Whiting Square" }, "geometry": { "type": "Polygon", "coordinates": [ [ [ -73.85332345333525, 40.68553505532298 ], [ -73.858207601468635, 40.687067358063352 ], [ -73.858215884231527, 40.687070386794275 ], [ -73.858223379327129, 40.687074433036351 ], [ -73.858229874061252, 40.687079382162274 ], [ -73.858235183007551, 40.687085091662482 ], [ -73.858239153903469, 40.687091400157456 ], [ -73.85831924370126, 40.687421447383493 ], [ -73.858318134530023, 40.68742623315395 ], [ -73.858315983586365, 40.687430808722382 ], [ -73.85831285266319, 40.687435043590156 ], [ -73.858308829558169, 40.687438817196217 ], [ -73.858304030432294, 40.687442022522454 ], [ -73.858298592709701, 40.687444566984766 ], [ -73.858292669147772, 40.687446379630671 ], [ -73.858286429027444, 40.687447407538137 ], [ -73.858280051040182, 40.687447623011188 ], [ -73.858273717384293, 40.687447018169593 ], [ -73.853165820075759, 40.686749200465883 ], [ -73.852654557851196, 40.685717250254704 ], [ -73.852778807231942, 40.68568340493772 ], [ -73.85332345333525, 40.68553505532298 ] ] ] } },
{ "type": "Feature", "properties": { "group_id": "N1rel-366", "n_parks": 2, "extent_km": 0.491, "max_walk_m": 364.1, "park_area_acres": 5.49, "hull_area_acres": 14.92, "boroughs": "Q", "members": "Phil \"Scooter\" Rizzuto Park; Lt. Frank McConnell Park" }, "geometry": { "type": "Polygon", "coordinates": [ [ [ -73.827683577834819, 40.693834154351308 ], [ -73.827749091604687, 40.693856495133957 ], [ -73.827774025580737, 40.693909193639243 ], [ -73.827737537781957, 40.693959360724726 ], [ -73.821125559815457, 40.69565782110859 ], [ -73.820507930758893, 40.694399759222918 ], [ -73.820493304793445, 40.69436996539774 ], [ -73.821297855070469, 40.694141042338671 ], [ -73.822048440913449, 40.69392746865082 ], [ -73.827683577834819, 40.693834154351308 ] ] ] } },
{ "type": "Feature", "properties": { "group_id": "N1rel-367", "n_parks": 2, "extent_km": 0.331, "max_walk_m": 197.9, "park_area_acres": 14.97, "hull_area_acres": 71.53, "boroughs": "Q", "members": "Motor Parkway; Telephone Playground" }, "geometry": { "type": "Polygon", "coordinates": [ [ [ -73.762557107152745, 40.735162622070717 ], [ -73.762599872660658, 40.735454947718402 ], [ -73.762602904493946, 40.735476548225215 ], [ -73.762603468934486, 40.735498550676525 ], [ -73.762602729964044, 40.735520550440796 ], [ -73.762600691293216, 40.735542502500088 ], [ -73.762597355442495, 40.73556436363512 ], [ -73.762592728496628, 40.735586087031578 ], [ -73.762586822440468, 40.735607631290605 ], [ -73.762579645726547, 40.735628949602898 ], [ -73.762571216255793, 40.735650001482028 ], [ -73.762561548387353, 40.735670743732868 ], [ -73.762550662396308, 40.735691134072901 ], [ -73.762538582106387, 40.735711131127346 ], [ -73.762525331341251, 40.735730693521447 ], [ -73.762510935098959, 40.735749782584456 ], [ -73.762495424300056, 40.735768358757198 ], [ -73.762478829849215, 40.73578638698303 ], [ -73.762461185034965, 40.735803827707642 ], [ -73.762442526678271, 40.735820646787126 ], [ -73.762414267749392, 40.735843295776988 ], [ -73.757076574578576, 40.738675025542136 ], [ -73.756396844228945, 40.738861901873321 ], [ -73.743647279149357, 40.738943899871671 ], [ -73.743564342529396, 40.738842370792035 ], [ -73.743466452836969, 40.738722533367351 ], [ -73.743506027695616, 40.738709227310558 ], [ -73.743541771146909, 40.73869814237402 ], [ -73.743578316010257, 40.738687694071253 ], [ -73.743616598359722, 40.738677678268367 ], [ -73.743655923440002, 40.73866835096333 ], [ -73.743694760262713, 40.738660070753376 ], [ -73.756417456206606, 40.736029241182123 ], [ -73.756445468248913, 40.736023866744176 ], [ -73.756473619568808, 40.73601892934191 ], [ -73.756501897134626, 40.736014431649238 ], [ -73.756530291476082, 40.736010373645911 ], [ -73.762557107152745, 40.735162622070717 ] ] ] } },
{ "type": "Feature", "properties": { "group_id": "N1rel-368", "n_parks": 2, "extent_km": 0.697, "max_walk_m": 655.4, "park_area_acres": 3.76, "hull_area_acres": 20.75, "boroughs": "Q", "members": "Jack Breininger Park; Father Reilly Square" }, "geometry": { "type": "Polygon", "coordinates": [ [ [ -73.736274576232148, 40.722663642381917 ], [ -73.736276126274504, 40.722663770203212 ], [ -73.736277625824656, 40.72266409512131 ], [ -73.736279031121001, 40.722664608931282 ], [ -73.736280301981324, 40.7226652962324 ], [ -73.736281400608291, 40.722666137126851 ], [ -73.736282297507813, 40.7226671072332 ], [ -73.736282965563646, 40.722668179473864 ], [ -73.736283384782681, 40.722669321384629 ], [ -73.736283543453396, 40.722670501420751 ], [ -73.736283438163994, 40.722671684454291 ], [ -73.736283071413453, 40.722672837172041 ], [ -73.736282452802556, 40.72267392627694 ], [ -73.736281600213786, 40.722674919391501 ], [ -73.736280539797164, 40.722675788659657 ], [ -73.729835944939879, 40.726716783797997 ], [ -73.728579709727811, 40.726386698161413 ], [ -73.728146393315455, 40.725244681374186 ], [ -73.736030048647763, 40.722717488343406 ], [ -73.736032847020866, 40.722716819374 ], [ -73.736271503350309, 40.722663990145584 ], [ -73.736273020653599, 40.722663717163428 ], [ -73.736274576232148, 40.722663642381917 ] ] ] } },
{ "type": "Feature", "properties": { "group_id": "N1rel-369", "n_parks": 2, "extent_km": 0.783, "max_walk_m": 744.1, "park_area_acres": 0.04, "hull_area_acres": 2.39, "boroughs": "Q", "members": "Jacob Riis Triangle; Metro Triangle" }, "geometry": { "type": "Polygon", "coordinates": [ [ [ -73.834854132109086, 40.701897232147253 ], [ -73.83506275882155, 40.701985089119233 ], [ -73.826302454854257, 40.704445880498845 ], [ -73.826141364064483, 40.704402379334574 ], [ -73.834854132109086, 40.701897232147253 ] ] ] } },
{ "type": "Feature", "properties": { "group_id": "N1rel-370", "n_parks": 2, "extent_km": 0.356, "max_walk_m": 314.7, "park_area_acres": 1.32, "hull_area_acres": 8.09, "boroughs": "Q", "members": "Ruoff Triangle; Ampere Playground" }, "geometry": { "type": "Polygon", "coordinates": [ [ [ -73.857008339540968, 40.681245638923308 ], [ -73.857215184960495, 40.681665447701192 ], [ -73.857499422196213, 40.682242320773305 ], [ -73.857585724194038, 40.682417473380312 ], [ -73.856880384706329, 40.682557838659065 ], [ -73.852861720383117, 40.682607570047061 ], [ -73.852526813945019, 40.682522971941111 ], [ -73.852783791387736, 40.682449535290559 ], [ -73.857008339540968, 40.681245638923308 ] ] ] } },
{ "type": "Feature", "properties": { "group_id": "N1rel-371", "n_parks": 2, "extent_km": 0.38, "max_walk_m": 350.0, "park_area_acres": 0.06, "hull_area_acres": 0.95, "boroughs": "Q", "members": "Catholic War Veterans Square; David J O'Connell Square" }, "geometry": { "type": "Polygon", "coordinates": [ [ [ -73.816153068588719, 40.675837022978136 ], [ -73.816282279674439, 40.67585138099362 ], [ -73.820459150911844, 40.676498959772239 ], [ -73.820823188409562, 40.67655952418167 ], [ -73.820528793942117, 40.676642383843451 ], [ -73.816173507169651, 40.67588080814339 ], [ -73.816153068588719, 40.675837022978136 ] ] ] } },
{ "type": "Feature", "properties": { "group_id": "N1rel-372", "n_parks": 2, "extent_km": 0.644, "max_walk_m": 710.3, "park_area_acres": 0.51, "hull_area_acres": 12.31, "boroughs": "Q", "members": "Grand Slope; Long Island Mews" }, "geometry": { "type": "Polygon", "coordinates": [ [ [ -73.883366544119085, 40.734155321212349 ], [ -73.890889128816937, 40.736035396661393 ], [ -73.8908864096923, 40.736064194146081 ], [ -73.88999669273457, 40.736219930816318 ], [ -73.88223700674277, 40.734940843483386 ], [ -73.883366544119085, 40.734155321212349 ] ] ] } },
{ "type": "Feature", "properties": { "group_id": "N1rel-373", "n_parks": 2, "extent_km": 0.318, "max_walk_m": 34.1, "park_area_acres": 8.38, "hull_area_acres": 12.43, "boroughs": "Q", "members": "Beach 30th Street Playground; Park" }, "geometry": { "type": "Polygon", "coordinates": [ [ [ -73.763760233171936, 40.591821343318074 ], [ -73.764037316832045, 40.593195868860306 ], [ -73.762997740016033, 40.593300873162718 ], [ -73.758982000158923, 40.592892529380606 ], [ -73.75886307297111, 40.592292520336585 ], [ -73.759961650817118, 40.59218683922326 ], [ -73.763760233171936, 40.591821343318074 ] ] ] } },
{ "type": "Feature", "properties": { "group_id": "N1rel-374", "n_parks": 2, "extent_km": 0.311, "max_walk_m": 0.0, "park_area_acres": 17.77, "hull_area_acres": 32.36, "boroughs": "Q", "members": "Rockaway Beach and Boardwalk; Beach 17 Playground" }, "geometry": { "type": "Polygon", "coordinates": [ [ [ -73.756909274068448, 40.592421899543091 ], [ -73.756944610134866, 40.592586939018702 ], [ -73.751131727101765, 40.594928769164632 ], [ -73.746111394529251, 40.595652377115549 ], [ -73.745960759576477, 40.594956325377872 ], [ -73.746257108204446, 40.594516212924383 ], [ -73.747033326558892, 40.594293874185539 ], [ -73.748398088878801, 40.593902938708474 ], [ -73.752785115511273, 40.592662621527339 ], [ -73.753149550138346, 40.592607042830153 ], [ -73.75345339632301, 40.592561495439718 ], [ -73.756909274068448, 40.592421899543091 ] ] ] } },
{ "type": "Feature", "properties": { "group_id": "N1rel-375", "n_parks": 2, "extent_km": 0.405, "max_walk_m": 299.6, "park_area_acres": 10.92, "hull_area_acres": 25.18, "boroughs": "Q", "members": "Beach 9 Playground; Seagirt Ave Wetlands" }, "geometry": { "type": "Polygon", "coordinates": [ [ [ -73.746257108204446, 40.594516212924383 ], [ -73.74627447349566, 40.594783121400532 ], [ -73.746280052618118, 40.594916613358777 ], [ -73.746111394529251, 40.595652377115549 ], [ -73.74582076477374, 40.595751133854435 ], [ -73.739018588684459, 40.59771386926186 ], [ -73.73876653738354, 40.59777425051324 ], [ -73.738741315317441, 40.597778209524016 ], [ -73.738706904911652, 40.59778259970237 ], [ -73.738668269448894, 40.59778616798765 ], [ -73.738636690137298, 40.597788030501484 ], [ -73.738604633635802, 40.597788961677345 ], [ -73.738566078891324, 40.59778880913646 ], [ -73.73853173213935, 40.597787499074613 ], [ -73.738514753640374, 40.597784294192245 ], [ -73.738493142115388, 40.597779462319679 ], [ -73.738476118770095, 40.597775039817783 ], [ -73.738453968389607, 40.597768433574885 ], [ -73.738441218754659, 40.597764173883775 ], [ -73.738442183202224, 40.59735360263349 ], [ -73.738444471135239, 40.597259920663582 ], [ -73.738451366262126, 40.596981121633405 ], [ -73.738483688067078, 40.596950058585932 ], [ -73.7397301138584, 40.596041439248957 ], [ -73.743783496993174, 40.594794672023852 ], [ -73.746257108204446, 40.594516212924383 ] ] ] } },
{ "type": "Feature", "properties": { "group_id": "N1rel-376", "n_parks": 2, "extent_km": 0.562, "max_walk_m": 641.6, "park_area_acres": 1.66, "hull_area_acres": 9.68, "boroughs": "Q", "members": "Alexander Grey Triangle; Whitestone Playground" }, "geometry": { "type": "Polygon", "coordinates": [ [ [ -73.807942460461788, 40.791653566974091 ], [ -73.809154614566793, 40.791749204803686 ], [ -73.813759432129586, 40.795110284054267 ], [ -73.813804887235506, 40.795218036805188 ], [ -73.813687207206755, 40.795211444978193 ], [ -73.807869812440444, 40.792282623368493 ], [ -73.807884483983372, 40.792109141716232 ], [ -73.807895865378782, 40.791974576091555 ], [ -73.807909084825695, 40.791869441047076 ], [ -73.807942460461788, 40.791653566974091 ] ] ] } },
{ "type": "Feature", "properties": { "group_id": "N1rel-377", "n_parks": 2, "extent_km": 0.283, "max_walk_m": 238.9, "park_area_acres": 2.27, "hull_area_acres": 8.01, "boroughs": "Q", "members": "Maple Playground; Bowne Playground" }, "geometry": { "type": "Polygon", "coordinates": [ [ [ -73.826330087301116, 40.755481920484534 ], [ -73.826628981300118, 40.755924791603746 ], [ -73.825422552302541, 40.758450395955812 ], [ -73.82488070831846, 40.758595895974722 ], [ -73.824465068944804, 40.758438021422819 ], [ -73.824265813194359, 40.758002066896594 ], [ -73.825486000524364, 40.75595016737519 ], [ -73.825849071979533, 40.755666603279444 ], [ -73.826330087301116, 40.755481920484534 ] ] ] } },
{ "type": "Feature", "properties": { "group_id": "N1rel-378", "n_parks": 2, "extent_km": 0.467, "max_walk_m": 435.9, "park_area_acres": 2.79, "hull_area_acres": 9.91, "boroughs": "Q", "members": "Dutch Kills Playground; Windmill Community Garden" }, "geometry": { "type": "Polygon", "coordinates": [ [ [ -73.93509000564336, 40.752995871000394 ], [ -73.935385510577106, 40.753153995765253 ], [ -73.933707566834627, 40.757744917162157 ], [ -73.933328552274844, 40.758140078741675 ], [ -73.932780126067669, 40.757884328134764 ], [ -73.932537544650572, 40.757389145280506 ], [ -73.935038017214396, 40.753052056669411 ], [ -73.93509000564336, 40.752995871000394 ] ] ] } },
{ "type": "Feature", "properties": { "group_id": "N1rel-379", "n_parks": 2, "extent_km": 0.245, "max_walk_m": 7.4, "park_area_acres": 0.53, "hull_area_acres": 3.51, "boroughs": "Q", "members": "Rockaway Freeway (10/16); Rockaway Freeway (7/16)" }, "geometry": { "type": "Polygon", "coordinates": [ [ [ -73.763360619231733, 40.598220353038904 ], [ -73.763494963713256, 40.598339451053647 ], [ -73.763520528961465, 40.598362114891806 ], [ -73.760820276966172, 40.600855896355803 ], [ -73.760626653585405, 40.601029647664099 ], [ -73.760426810617759, 40.601199257671098 ], [ -73.760220899742933, 40.601364597885919 ], [ -73.760191193842928, 40.60134292058995 ], [ -73.760025157558843, 40.601221395693109 ], [ -73.76214250424475, 40.599082971574035 ], [ -73.762249691868107, 40.598978190279304 ], [ -73.762362483297835, 40.598876884794414 ], [ -73.762480685333429, 40.598779229405537 ], [ -73.762604095352557, 40.598685391175415 ], [ -73.762732500123761, 40.598595531741786 ], [ -73.763360619231733, 40.598220353038904 ] ] ] } },
{ "type": "Feature", "properties": { "group_id": "N1rel-380", "n_parks": 2, "extent_km": 0.944, "max_walk_m": 246.0, "park_area_acres": 47.54, "hull_area_acres": 254.63, "boroughs": "Q", "members": "Farm Playground; Kissena Corridor Park" }, "geometry": { "type": "Polygon", "coordinates": [ [ [ -73.771454381041949, 40.731731543386786 ], [ -73.77770877388987, 40.734927565867444 ], [ -73.79446106613247, 40.746284739275531 ], [ -73.794532200035405, 40.746895863273096 ], [ -73.792194539447522, 40.746652216867368 ], [ -73.778442949602749, 40.742507827482839 ], [ -73.775065581117232, 40.741475772000783 ], [ -73.774995845175255, 40.741371202730676 ], [ -73.770413411687471, 40.731926458604853 ], [ -73.770416736867944, 40.731896245874417 ], [ -73.770434568504896, 40.731874181975343 ], [ -73.770448883045347, 40.731860381358679 ], [ -73.770454181603967, 40.731857652565431 ], [ -73.770546815163001, 40.731840150240892 ], [ -73.771454381041949, 40.731731543386786 ] ] ] } },
{ "type": "Feature", "properties": { "group_id": "N1rel-381", "n_parks": 2, "extent_km": 0.554, "max_walk_m": 454.9, "park_area_acres": 0.88, "hull_area_acres": 7.71, "boroughs": "Q", "members": "Broad Channel Veteran's Park; Gene Gray Playground" }, "geometry": { "type": "Polygon", "coordinates": [ [ [ -73.819271198516063, 40.606097027821569 ], [ -73.819282908118652, 40.606098192600427 ], [ -73.819382160385047, 40.606108068869588 ], [ -73.819455582228485, 40.61228173113836 ], [ -73.8188284579997, 40.611280980007777 ], [ -73.818780580836219, 40.611200590473295 ], [ -73.818739922725186, 40.611117924072907 ], [ -73.818706668138745, 40.611033357523972 ], [ -73.818680968440631, 40.610947274694553 ], [ -73.818669994021491, 40.610852630401851 ], [ -73.818667563824874, 40.61075763577535 ], [ -73.818673688417462, 40.610662737491964 ], [ -73.81902027295223, 40.606112243555479 ], [ -73.819094341250974, 40.606104343700977 ], [ -73.819271198516063, 40.606097027821569 ] ] ] } },
{ "type": "Feature", "properties": { "group_id": "N1rel-382", "n_parks": 2, "extent_km": 0.497, "max_walk_m": 544.9, "park_area_acres": 0.3, "hull_area_acres": 5.27, "boroughs": "Q", "members": "Memorial Circle; Patricia A. Brackley Park" }, "geometry": { "type": "Polygon", "coordinates": [ [ [ -73.841011436789543, 40.57835339639314 ], [ -73.841053121762485, 40.578358641100067 ], [ -73.841093129290741, 40.578368993053935 ], [ -73.841130389995271, 40.578384176117332 ], [ -73.845873223069333, 40.581252639786939 ], [ -73.846017616797539, 40.58150926427183 ], [ -73.846017321121494, 40.581510460673606 ], [ -73.846016779891769, 40.581511605416352 ], [ -73.846016009706162, 40.581512671506516 ], [ -73.846015025983576, 40.581513631048509 ], [ -73.84601385712682, 40.581514459766197 ], [ -73.846012530349313, 40.581515136983974 ], [ -73.846011079942869, 40.581515645637815 ], [ -73.846009542553276, 40.581515972268981 ], [ -73.846007955990785, 40.581516110624399 ], [ -73.846006361606854, 40.581516055356417 ], [ -73.846004798374224, 40.581515808318258 ], [ -73.845431294793755, 40.581410835709839 ], [ -73.840857546244266, 40.578712395776932 ], [ -73.840855627092694, 40.578710872130742 ], [ -73.840854076974537, 40.578709122063373 ], [ -73.840737094532571, 40.578516373553242 ], [ -73.840736051181693, 40.57851458906616 ], [ -73.840746973474978, 40.578483471236162 ], [ -73.840764398022472, 40.57845412564663 ], [ -73.840787859971329, 40.578427336008282 ], [ -73.840816734004264, 40.578403820070392 ], [ -73.840850246212867, 40.578384203522667 ], [ -73.840887501279298, 40.578369012829143 ], [ -73.840927504969656, 40.57835865274658 ], [ -73.840969188948691, 40.578353400956182 ], [ -73.841011436789543, 40.57835339639314 ] ] ] } },
{ "type": "Feature", "properties": { "group_id": "N1rel-383", "n_parks": 2, "extent_km": 1.369, "max_walk_m": 99.8, "park_area_acres": 44.36, "hull_area_acres": 205.33, "boroughs": "Q", "members": "Alameda Malls; Udalls Park Preserve" }, "geometry": { "type": "Polygon", "coordinates": [ [ [ -73.743877151283343, 40.763938413416582 ], [ -73.743911664066374, 40.763938873754064 ], [ -73.743938873144543, 40.763939582597637 ], [ -73.743946143810007, 40.76393991843743 ], [ -73.74398055936264, 40.763941949024094 ], [ -73.74401485520346, 40.763944928469847 ], [ -73.74402439462817, 40.763946003259726 ], [ -73.744047694883349, 40.76394867730621 ], [ -73.744051217976292, 40.763949082257234 ], [ -73.744053428004761, 40.763949386135714 ], [ -73.744088236830152, 40.763954175819833 ], [ -73.74412722878354, 40.763960514652602 ], [ -73.744165938835621, 40.763967786672971 ], [ -73.744204326740771, 40.763975986388793 ], [ -73.74422044404777, 40.763979850232062 ], [ -73.744240119445337, 40.763984567548945 ], [ -73.744249599056985, 40.763987033472191 ], [ -73.744279588740071, 40.763995838571418 ], [ -73.744292587130218, 40.763999835060432 ], [ -73.74431799945188, 40.764007669148043 ], [ -73.744549878840971, 40.764096687246365 ], [ -73.744564908316264, 40.764102570269579 ], [ -73.744605282481331, 40.764126223369445 ], [ -73.745588397812568, 40.764728727519532 ], [ -73.745645100284563, 40.764772898357414 ], [ -73.745651094498243, 40.764786206688491 ], [ -73.74885817816012, 40.779513608921675 ], [ -73.747863296430708, 40.781019560064905 ], [ -73.743406034392422, 40.778257835018543 ], [ -73.739625039513385, 40.76623196531343 ], [ -73.739623851591261, 40.766228019305039 ], [ -73.739624081963271, 40.766223321876446 ], [ -73.739627626387929, 40.766204055417397 ], [ -73.739655349576722, 40.766077107741665 ], [ -73.739801548725907, 40.765478750667661 ], [ -73.739808658772972, 40.765450206216286 ], [ -73.739840086532695, 40.765324044888516 ], [ -73.739863282753916, 40.765230929814855 ], [ -73.739873063537416, 40.765201169399582 ], [ -73.739884156736821, 40.765171678496777 ], [ -73.739896549199358, 40.765142488594243 ], [ -73.739910226587938, 40.765113631176952 ], [ -73.739925173367297, 40.765085141329173 ], [ -73.739941371650843, 40.765057049627259 ], [ -73.739958805921091, 40.765029386653026 ], [ -73.739977453536682, 40.765002187474622 ], [ -73.740000113699963, 40.764973498002711 ], [ -73.740000874274656, 40.764972535275092 ], [ -73.740138184308464, 40.764831544558497 ], [ -73.740166027612915, 40.764806078856182 ], [ -73.740193609010106, 40.764783685089753 ], [ -73.740222152886702, 40.764762000385687 ], [ -73.740251633084782, 40.764741050799046 ], [ -73.740282013982423, 40.764720859661978 ], [ -73.74031326115599, 40.764701446707392 ], [ -73.740345342533374, 40.764682836176029 ], [ -73.740378218936385, 40.764665052292614 ], [ -73.740411860707397, 40.764648107596791 ], [ -73.740446221572896, 40.764632023595766 ], [ -73.740483340633702, 40.764615987220935 ], [ -73.740516962924218, 40.764602509406288 ], [ -73.740553263923161, 40.764589114157459 ], [ -73.740590206272387, 40.764576775736579 ], [ -73.740604768425513, 40.764572128584213 ], [ -73.740627523791659, 40.764565112629022 ], [ -73.740665402011743, 40.76455453588369 ], [ -73.74070372060639, 40.764544922760052 ], [ -73.740746833831381, 40.764536140775839 ], [ -73.742326887971444, 40.764219287461181 ], [ -73.743009290398163, 40.764083353640366 ], [ -73.743637798753767, 40.763960195645488 ], [ -73.743650130074187, 40.763958097885705 ], [ -73.743671528187249, 40.763954630813792 ], [ -73.743705402460989, 40.763949589489592 ], [ -73.74373697750633, 40.76394587939501 ], [ -73.743738239415265, 40.76394573181711 ], [ -73.743743950112503, 40.763945188005508 ], [ -73.743747954708041, 40.763944806992811 ], [ -73.743767202574006, 40.763943042483689 ], [ -73.743773796582843, 40.763942555566153 ], [ -73.74380820195411, 40.763940458253003 ], [ -73.743843790067316, 40.763938780494513 ], [ -73.743844363336578, 40.763938770062538 ], [ -73.743854712938273, 40.763938592260182 ], [ -73.743867035711588, 40.763938406236612 ], [ -73.743877151283343, 40.763938413416582 ] ] ] } },
{ "type": "Feature", "properties": { "group_id": "N1rel-384", "n_parks": 2, "extent_km": 0.322, "max_walk_m": 177.7, "park_area_acres": 1.84, "hull_area_acres": 31.0, "boroughs": "Q", "members": "Bell Malls; Captain Dermody Triangle" }, "geometry": { "type": "Polygon", "coordinates": [ [ [ -73.761629532502951, 40.747848097491293 ], [ -73.76163403150602, 40.747848558857832 ], [ -73.76163837105706, 40.747849571006149 ], [ -73.761642436392265, 40.747851108484397 ], [ -73.761646117542213, 40.747853129641641 ], [ -73.766341598847688, 40.753916904637201 ], [ -73.766455178300561, 40.754073248050574 ], [ -73.766560561691108, 40.754232876903089 ], [ -73.76657158145747, 40.754250521287574 ], [ -73.766647208978668, 40.754384168613797 ], [ -73.766753563958702, 40.754594977852221 ], [ -73.766899751353705, 40.754938052340854 ], [ -73.7670516450371, 40.755311804979108 ], [ -73.767131803813186, 40.755511310804891 ], [ -73.767131849866786, 40.755516767979096 ], [ -73.767130696563001, 40.755522155190597 ], [ -73.767128377591305, 40.755527320321576 ], [ -73.767124956223867, 40.75553211761747 ], [ -73.767120530030809, 40.755536414000268 ], [ -73.767115222596956, 40.755540087250445 ], [ -73.76710918348715, 40.755543035912879 ], [ -73.767102581153708, 40.755545175680226 ], [ -73.767095601720783, 40.755546448395627 ], [ -73.764777683401419, 40.755869034706869 ], [ -73.764715509251701, 40.755875232003881 ], [ -73.764672604427503, 40.755879471305981 ], [ -73.764375705943763, 40.755908801801837 ], [ -73.761615978185077, 40.747951411017326 ], [ -73.761607712116842, 40.747920984601542 ], [ -73.761603513256929, 40.747891905660921 ], [ -73.761601685415883, 40.747862685745062 ], [ -73.761603429119688, 40.74785949794817 ], [ -73.761605833792515, 40.747856569065043 ], [ -73.761608834027385, 40.747853978205107 ], [ -73.761612349063171, 40.747851793639867 ], [ -73.761616286333577, 40.747850073710865 ], [ -73.761620539102168, 40.747848865924105 ], [ -73.761624994773712, 40.74784820066386 ], [ -73.761629532502951, 40.747848097491293 ] ] ] } },
{ "type": "Feature", "properties": { "group_id": "N1rel-385", "n_parks": 2, "extent_km": 0.88, "max_walk_m": 784.1, "park_area_acres": 5.14, "hull_area_acres": 106.02, "boroughs": "Q", "members": "225 Street Malls; Montbellier Park" }, "geometry": { "type": "Polygon", "coordinates": [ [ [ -73.749857415228647, 40.669499971232767 ], [ -73.749894345587862, 40.66951196269217 ], [ -73.757082703432872, 40.673498968381828 ], [ -73.756845359840582, 40.676067926015143 ], [ -73.745846092376439, 40.675970986679957 ], [ -73.745842014989989, 40.675970752543385 ], [ -73.745838046000074, 40.675970008052126 ], [ -73.745834291778593, 40.675968774153041 ], [ -73.74583085983555, 40.675967083502364 ], [ -73.745827841063488, 40.675964984028354 ], [ -73.745825321589649, 40.675962532654054 ], [ -73.745823369754717, 40.67595979796981 ], [ -73.74582203850251, 40.675956853935105 ], [ -73.745821366545684, 40.675953784383879 ], [ -73.745821370130798, 40.675950671299077 ], [ -73.745822051290531, 40.675947602035535 ], [ -73.745823390777545, 40.675944661199466 ], [ -73.746722234584752, 40.674503268718652 ], [ -73.747925903509426, 40.672575900538263 ], [ -73.74882792671734, 40.671135106939253 ], [ -73.749857415228647, 40.669499971232767 ] ] ] } },
{ "type": "Feature", "properties": { "group_id": "N1rel-386", "n_parks": 2, "extent_km": 0.618, "max_walk_m": 730.1, "park_area_acres": 1.54, "hull_area_acres": 17.53, "boroughs": "Q", "members": "Saul Weprin Playground; Park" }, "geometry": { "type": "Polygon", "coordinates": [ [ [ -73.776545359523794, 40.747539453245757 ], [ -73.776953566908702, 40.748403850747621 ], [ -73.776259592470922, 40.756050975618344 ], [ -73.77625611353389, 40.756051946813052 ], [ -73.775448607066011, 40.75343908245901 ], [ -73.77587394026898, 40.747722801720556 ], [ -73.776545359523794, 40.747539453245757 ] ] ] } },
{ "type": "Feature", "properties": { "group_id": "N1rel-387", "n_parks": 2, "extent_km": 0.492, "max_walk_m": 382.4, "park_area_acres": 4.48, "hull_area_acres": 19.51, "boroughs": "Q", "members": "Utopia Playground; Fresh Meadows Playground" }, "geometry": { "type": "Polygon", "coordinates": [ [ [ -73.793403589559091, 40.730180167558082 ], [ -73.796590324745551, 40.733744710499003 ], [ -73.796539635329282, 40.734515286766921 ], [ -73.79577536207546, 40.734487929870781 ], [ -73.791182989134754, 40.730748575462322 ], [ -73.7911723222023, 40.730723649785901 ], [ -73.791207047245692, 40.730715191219879 ], [ -73.793403589559091, 40.730180167558082 ] ] ] } },
{ "type": "Feature", "properties": { "group_id": "N1rel-388", "n_parks": 2, "extent_km": 0.714, "max_walk_m": 732.8, "park_area_acres": 0.8, "hull_area_acres": 6.91, "boroughs": "Q", "members": "Playground Thirty Five XXXV; Sean's Place" }, "geometry": { "type": "Polygon", "coordinates": [ [ [ -73.921972804545874, 40.7546205936371 ], [ -73.922265477799385, 40.754756454498143 ], [ -73.918736718218312, 40.760509092193665 ], [ -73.918212602928762, 40.761155019095547 ], [ -73.91790338018626, 40.761012703979333 ], [ -73.921783542556028, 40.754854917347387 ], [ -73.921972804545874, 40.7546205936371 ] ] ] } },
{ "type": "Feature", "properties": { "group_id": "N1rel-389", "n_parks": 2, "extent_km": 0.399, "max_walk_m": 425.7, "park_area_acres": 1.39, "hull_area_acres": 6.2, "boroughs": "Q", "members": "Paul Raimonda Playground; Carlos R. Lillo Park" }, "geometry": { "type": "Polygon", "coordinates": [ [ [ -73.893667405979315, 40.770536810001801 ], [ -73.89751696527901, 40.772334456581895 ], [ -73.89806128302736, 40.77271000097754 ], [ -73.89737251602898, 40.773272379879202 ], [ -73.893714894486521, 40.770799841479253 ], [ -73.89338129903841, 40.770563673289537 ], [ -73.893667405979315, 40.770536810001801 ] ] ] } },
{ "type": "Feature", "properties": { "group_id": "N1rel-390", "n_parks": 2, "extent_km": 0.494, "max_walk_m": 528.7, "park_area_acres": 2.5, "hull_area_acres": 16.17, "boroughs": "Q", "members": "Playground Eighty LXXX; Hillside Playground" }, "geometry": { "type": "Polygon", "coordinates": [ [ [ -73.713298488733571, 40.740544290494405 ], [ -73.713647062762419, 40.741478172724044 ], [ -73.710065579979371, 40.74497062523993 ], [ -73.709580655113825, 40.745075011895409 ], [ -73.709374636871999, 40.745119359315915 ], [ -73.709214352727329, 40.74468920451266 ], [ -73.709052060091068, 40.744253653017708 ], [ -73.712601931466011, 40.740693805256171 ], [ -73.713298488733571, 40.740544290494405 ] ] ] } },
{ "type": "Feature", "properties": { "group_id": "N1rel-391", "n_parks": 2, "extent_km": 0.633, "max_walk_m": 502.0, "park_area_acres": 1.48, "hull_area_acres": 11.16, "boroughs": "Q", "members": "Annadale Playground; Underbridge Dog Run" }, "geometry": { "type": "Polygon", "coordinates": [ [ [ -73.852049214711485, 40.730768087910825 ], [ -73.852302034311862, 40.731285345528775 ], [ -73.84552471025188, 40.734066692026296 ], [ -73.845187453268707, 40.734168026401385 ], [ -73.844905462754568, 40.733665928134087 ], [ -73.851309873458959, 40.730988614155493 ], [ -73.852049214711485, 40.730768087910825 ] ] ] } },
{ "type": "Feature", "properties": { "group_id": "N1rel-392", "n_parks": 2, "extent_km": 0.371, "max_walk_m": 332.5, "park_area_acres": 2.53, "hull_area_acres": 6.55, "boroughs": "Q", "members": "Vleigh Playground; Legacy Park" }, "geometry": { "type": "Polygon", "coordinates": [ [ [ -73.81736854552932, 40.729390130683065 ], [ -73.817450017535734, 40.729671928754676 ], [ -73.817319837764458, 40.729967154575284 ], [ -73.815696277623744, 40.730253910432943 ], [ -73.812301252106323, 40.730779507928069 ], [ -73.811984554903503, 40.730764240005726 ], [ -73.812010334956071, 40.730397921106288 ], [ -73.812010821591443, 40.730393685899209 ], [ -73.812012231216784, 40.730389571966917 ], [ -73.812014525624008, 40.730385695412757 ], [ -73.812017639399244, 40.730382165091726 ], [ -73.812021484665237, 40.730379079916446 ], [ -73.812025953453954, 40.730376527060102 ], [ -73.812030920084325, 40.730374578358251 ], [ -73.812036245902434, 40.730373288515736 ], [ -73.815603179748351, 40.729705118164148 ], [ -73.81736854552932, 40.729390130683065 ] ] ] } },
{ "type": "Feature", "properties": { "group_id": "N1rel-393", "n_parks": 2, "extent_km": 0.729, "max_walk_m": 704.8, "park_area_acres": 5.32, "hull_area_acres": 26.35, "boroughs": "Q", "members": "Pomonok Playground; Electric Playground" }, "geometry": { "type": "Polygon", "coordinates": [ [ [ -73.813865702997589, 40.735433610030505 ], [ -73.813899757782337, 40.735434812318623 ], [ -73.814545909707519, 40.735460684464613 ], [ -73.814479862863337, 40.736578058473391 ], [ -73.814464843605919, 40.736832128392017 ], [ -73.813747476726505, 40.736806258629002 ], [ -73.813568496731264, 40.736799803232365 ], [ -73.813459123835287, 40.736795857486499 ], [ -73.804967313880852, 40.736441979953568 ], [ -73.805032784252575, 40.735455124664497 ], [ -73.813830041926281, 40.735433609117152 ], [ -73.813865702997589, 40.735433610030505 ] ] ] } },
{ "type": "Feature", "properties": { "group_id": "N1rel-394", "n_parks": 2, "extent_km": 0.65, "max_walk_m": 554.2, "park_area_acres": 2.53, "hull_area_acres": 18.52, "boroughs": "Q", "members": "Playground Twenty One; Willets Point Playground" }, "geometry": { "type": "Polygon", "coordinates": [ [ [ -73.797929327500668, 40.777985361780424 ], [ -73.799173993789637, 40.778087107376088 ], [ -73.799102678787847, 40.778578849467294 ], [ -73.796830482208748, 40.784124165282194 ], [ -73.796174714559911, 40.784072145071185 ], [ -73.795755355106309, 40.783764436147884 ], [ -73.795792950598965, 40.783505256700231 ], [ -73.797929327500668, 40.777985361780424 ] ] ] } },
{ "type": "Feature", "properties": { "group_id": "N1rel-395", "n_parks": 2, "extent_km": 0.554, "max_walk_m": 533.5, "park_area_acres": 2.01, "hull_area_acres": 12.43, "boroughs": "Q", "members": "Emerald Playground; Playground Seventy Five" }, "geometry": { "type": "Polygon", "coordinates": [ [ [ -73.808480758147567, 40.726127011552613 ], [ -73.808588264193759, 40.726642020615607 ], [ -73.806199647058889, 40.731601604622313 ], [ -73.805875268719589, 40.731588973387815 ], [ -73.805680495988852, 40.731341545684003 ], [ -73.805616216132279, 40.731007032593674 ], [ -73.805654101272694, 40.730561048418018 ], [ -73.807733672665506, 40.726207451850897 ], [ -73.808480758147567, 40.726127011552613 ] ] ] } },
{ "type": "Feature", "properties": { "group_id": "N1rel-396", "n_parks": 2, "extent_km": 0.225, "max_walk_m": 239.1, "park_area_acres": 1.67, "hull_area_acres": 4.02, "boroughs": "Q", "members": "Nassau Mall; Nassau Mall South" }, "geometry": { "type": "Polygon", "coordinates": [ [ [ -73.726456047233441, 40.762736973789387 ], [ -73.726463661501597, 40.762737798724118 ], [ -73.726470982822718, 40.762739590109121 ], [ -73.726477799406126, 40.76274229791369 ], [ -73.726483916160106, 40.762745843330471 ], [ -73.726489155853741, 40.762750124181274 ], [ -73.726493367399911, 40.762755016737906 ], [ -73.726595418219262, 40.763120562911958 ], [ -73.726596212428205, 40.763127028647709 ], [ -73.726595654059238, 40.763133508283246 ], [ -73.726593759170001, 40.76313984066563 ], [ -73.726590574607073, 40.763145865615371 ], [ -73.726586180334124, 40.763151433837763 ], [ -73.725281326462124, 40.764580221205058 ], [ -73.725260887992619, 40.764600844540148 ], [ -73.725197245855426, 40.76466342127592 ], [ -73.724988905230546, 40.764868272494162 ], [ -73.724924401598898, 40.764931695300518 ], [ -73.724815608152738, 40.765038665338089 ], [ -73.72473889574465, 40.765114091471652 ], [ -73.724725086617596, 40.765127667861933 ], [ -73.724695618597224, 40.765156192194169 ], [ -73.724689652010426, 40.765159839403651 ], [ -73.724682194999019, 40.765163314656114 ], [ -73.724675213866192, 40.765165702330641 ], [ -73.724667888564355, 40.765167399392823 ], [ -73.724660357519738, 40.765168441293149 ], [ -73.724653806564802, 40.765168763327644 ], [ -73.72464615906587, 40.7651684658927 ], [ -73.724637549936517, 40.765167288163219 ], [ -73.724629239419897, 40.765165215140883 ], [ -73.724622327061496, 40.765162713215872 ], [ -73.724616763133113, 40.765160065029058 ], [ -73.724612413868329, 40.76515754041359 ], [ -73.724607515618217, 40.765154019423875 ], [ -73.724602644340223, 40.765149704249964 ], [ -73.724598288884337, 40.765144667200644 ], [ -73.72459457019022, 40.765138876146686 ], [ -73.724592376032632, 40.765134172949153 ], [ -73.724387095434082, 40.764636544640496 ], [ -73.724385140112886, 40.764631661007741 ], [ -73.72438416495379, 40.764626611324672 ], [ -73.724384224491814, 40.764620237667906 ], [ -73.724385868524422, 40.764613338302688 ], [ -73.724388163550699, 40.764608541381158 ], [ -73.724391771878231, 40.764603498160447 ], [ -73.725449397617496, 40.76339343279291 ], [ -73.725458249969208, 40.763384110210936 ], [ -73.725695052449467, 40.763219268845802 ], [ -73.725935498340363, 40.763057505494068 ], [ -73.726179518765235, 40.762898866795886 ], [ -73.726427042484644, 40.762743398485533 ], [ -73.72643364563632, 40.762740400162855 ], [ -73.726440819527312, 40.762738293798101 ], [ -73.726448360198845, 40.76273714104196 ], [ -73.726456047233441, 40.762736973789387 ] ] ] } },
{ "type": "Feature", "properties": { "group_id": "N1rel-397", "n_parks": 2, "extent_km": 0.095, "max_walk_m": 232.4, "park_area_acres": 1.71, "hull_area_acres": 4.65, "boroughs": "Q", "members": "Park; Crowley Playground" }, "geometry": { "type": "Polygon", "coordinates": [ [ [ -73.879735598145501, 40.728565225554931 ], [ -73.879740626607472, 40.728569162431327 ], [ -73.880376367490584, 40.729101987924651 ], [ -73.880410260862874, 40.729140524411754 ], [ -73.880523669449133, 40.729269469919046 ], [ -73.879307213185086, 40.73017344647905 ], [ -73.879302006073786, 40.73017724567309 ], [ -73.878527287194473, 40.729970410689432 ], [ -73.878522271737751, 40.729966463868962 ], [ -73.878799930317427, 40.728771870480564 ], [ -73.878804977374131, 40.728768164793145 ], [ -73.879735598145501, 40.728565225554931 ] ] ] } },
{ "type": "Feature", "properties": { "group_id": "N1rel-398", "n_parks": 2, "extent_km": 0.498, "max_walk_m": 277.3, "park_area_acres": 8.17, "hull_area_acres": 23.09, "boroughs": "Q", "members": "Bayside Fields; Clearview Park" }, "geometry": { "type": "Polygon", "coordinates": [ [ [ -73.786518364168487, 40.772406633896381 ], [ -73.786526096764703, 40.772421741598443 ], [ -73.786536873584836, 40.77244496759532 ], [ -73.786541740225957, 40.772455840311565 ], [ -73.786549867359255, 40.772474986610234 ], [ -73.78655703847194, 40.772494172560556 ], [ -73.786563347872999, 40.772513538816256 ], [ -73.786568754231297, 40.772533045678792 ], [ -73.786579586207722, 40.772592294701063 ], [ -73.786582284812937, 40.772632121860205 ], [ -73.78658132549846, 40.772671996274262 ], [ -73.786432752168054, 40.778519602060832 ], [ -73.785050553351851, 40.778962925176721 ], [ -73.785013682434681, 40.778826648735588 ], [ -73.78472799933617, 40.772949114669778 ], [ -73.786518364168487, 40.772406633896381 ] ] ] } },
{ "type": "Feature", "properties": { "group_id": "N1rel-399", "n_parks": 2, "extent_km": 0.364, "max_walk_m": 218.2, "park_area_acres": 3.05, "hull_area_acres": 10.73, "boroughs": "Q", "members": "Conch Playground; Edgemere Urban Renewal Park" }, "geometry": { "type": "Polygon", "coordinates": [ [ [ -73.776871747609235, 40.594664080470757 ], [ -73.780758193542169, 40.595445120574716 ], [ -73.781352476598457, 40.59583093210388 ], [ -73.781384468986658, 40.596226530752553 ], [ -73.781278206858403, 40.596400849474911 ], [ -73.780508963748161, 40.596440331491493 ], [ -73.780313741328769, 40.596448128919398 ], [ -73.780299632965551, 40.596447847999528 ], [ -73.78028575576613, 40.596445889841057 ], [ -73.77662981769727, 40.595507526348946 ], [ -73.776531124910647, 40.594687530155113 ], [ -73.776871747609235, 40.594664080470757 ] ] ] } },
{ "type": "Feature", "properties": { "group_id": "N1rel-400", "n_parks": 2, "extent_km": 0.655, "max_walk_m": 239.7, "park_area_acres": 71.0, "hull_area_acres": 129.21, "boroughs": "Q", "members": "Frank Golden Park; Powell's Cove Park" }, "geometry": { "type": "Polygon", "coordinates": [ [ [ -73.836220637471641, 40.784297302446546 ], [ -73.838135188866218, 40.787882912095043 ], [ -73.838367590604079, 40.792713466532625 ], [ -73.838096907225619, 40.792860853554672 ], [ -73.836938779663157, 40.793232712119718 ], [ -73.835211698055076, 40.793653231381107 ], [ -73.834029416169329, 40.792985663505476 ], [ -73.831741345435162, 40.790546282825609 ], [ -73.831092722169686, 40.789221268868729 ], [ -73.831062346122891, 40.789149372362999 ], [ -73.83103645652541, 40.789034240301064 ], [ -73.830965260571887, 40.78868053652026 ], [ -73.830961708341221, 40.788662888666479 ], [ -73.830924848802823, 40.788479762449619 ], [ -73.830923217493748, 40.788466174175696 ], [ -73.830714188949173, 40.784556477831906 ], [ -73.83071363761232, 40.784369333581118 ], [ -73.836220637471641, 40.784297302446546 ] ] ] } },
{ "type": "Feature", "properties": { "group_id": "N1rel-401", "n_parks": 2, "extent_km": 1.014, "max_walk_m": 780.7, "park_area_acres": 56.9, "hull_area_acres": 145.14, "boroughs": "Q", "members": "Roy Wilkins Recreation Center; Garden" }, "geometry": { "type": "Polygon", "coordinates": [ [ [ -73.769909005256935, 40.684042991951593 ], [ -73.769920900632698, 40.684044091854624 ], [ -73.770586822153874, 40.684425495416491 ], [ -73.772099842985327, 40.685292041784017 ], [ -73.77560792215354, 40.687741517058726 ], [ -73.775613063235895, 40.687745106636328 ], [ -73.775543479656321, 40.688211968838878 ], [ -73.774437419357966, 40.690964959964241 ], [ -73.772275613979431, 40.691695231847682 ], [ -73.761818556643746, 40.691685255134601 ], [ -73.761711629516853, 40.691460741266795 ], [ -73.769854854148491, 40.684059376627879 ], [ -73.769863933636429, 40.684053422558293 ], [ -73.769874182359402, 40.684048696429933 ], [ -73.769885318336136, 40.684045326452555 ], [ -73.769897033676145, 40.684043407465076 ], [ -73.769909005256935, 40.684042991951593 ] ] ] } },
{ "type": "Feature", "properties": { "group_id": "N1rel-402", "n_parks": 2, "extent_km": 1.241, "max_walk_m": 542.6, "park_area_acres": 72.95, "hull_area_acres": 148.97, "boroughs": "Q", "members": "Dubos Point Wildlife Sanctuary; Brant Point Wildlife Sanctuary" }, "geometry": { "type": "Polygon", "coordinates": [ [ [ -73.805151320301405, 40.597242544082093 ], [ -73.805578465957893, 40.598022264617832 ], [ -73.804320095540319, 40.599358825325929 ], [ -73.803483361792615, 40.599709391006478 ], [ -73.787155568009211, 40.604229325114396 ], [ -73.7860226939776, 40.603271266901686 ], [ -73.78601882308412, 40.603000030666102 ], [ -73.786126655476906, 40.602698965347614 ], [ -73.787627886007343, 40.600958231543125 ], [ -73.790387511331588, 40.59865716095107 ], [ -73.801252507400463, 40.597476106678641 ], [ -73.803949675672754, 40.597313017826608 ], [ -73.805151320301405, 40.597242544082093 ] ] ] } },
{ "type": "Feature", "properties": { "group_id": "N1rel-403", "n_parks": 2, "extent_km": 0.38, "max_walk_m": 311.6, "park_area_acres": 0.56, "hull_area_acres": 2.93, "boroughs": "Q", "members": "Edgemere Coalition; Beach 43rd Street Waterfront Park" }, "geometry": { "type": "Polygon", "coordinates": [ [ [ -73.774935393999073, 40.5980111635782 ], [ -73.775327387520193, 40.601346479297213 ], [ -73.77533367166032, 40.601402339448015 ], [ -73.775353970677955, 40.601582791227685 ], [ -73.775021528875754, 40.601725932267691 ], [ -73.774996310875736, 40.601508369165337 ], [ -73.774619048412475, 40.598253276620667 ], [ -73.774593874407842, 40.598036056537417 ], [ -73.774935393999073, 40.5980111635782 ] ] ] } },
{ "type": "Feature", "properties": { "group_id": "N1rel-404", "n_parks": 2, "extent_km": 0.299, "max_walk_m": 129.6, "park_area_acres": 3.51, "hull_area_acres": 10.52, "boroughs": "R", "members": "Hero Park; Forest Mall" }, "geometry": { "type": "Polygon", "coordinates": [ [ [ -74.089019655274228, 40.629646763660645 ], [ -74.092640708504902, 40.631156663110708 ], [ -74.092644091796771, 40.631161220617386 ], [ -74.092643058055287, 40.631166693909726 ], [ -74.092639260684578, 40.631169526402893 ], [ -74.092633692364117, 40.631170426906536 ], [ -74.088036714578308, 40.630979014859605 ], [ -74.086943601782863, 40.630305564372648 ], [ -74.087488494707046, 40.629854240892229 ], [ -74.089019655274228, 40.629646763660645 ] ] ] } },
{ "type": "Feature", "properties": { "group_id": "N1rel-405", "n_parks": 2, "extent_km": 0.394, "max_walk_m": 147.9, "park_area_acres": 14.85, "hull_area_acres": 39.68, "boroughs": "R", "members": "John E. White Park; Von Briesen Park" }, "geometry": { "type": "Polygon", "coordinates": [ [ [ -74.065746862668135, 40.604518975844591 ], [ -74.065767200214992, 40.60452013218584 ], [ -74.065714748727501, 40.604635320056204 ], [ -74.065654911659351, 40.604741240344886 ], [ -74.063625526686877, 40.607676677579121 ], [ -74.062998854129745, 40.607959771315763 ], [ -74.056420112702071, 40.609273859538455 ], [ -74.055683013595385, 40.608350713312369 ], [ -74.056792950421269, 40.60787505046121 ], [ -74.060326551239086, 40.606444223703342 ], [ -74.065746862668135, 40.604518975844591 ] ] ] } },
{ "type": "Feature", "properties": { "group_id": "N1rel-406", "n_parks": 2, "extent_km": 0.215, "max_walk_m": 38.4, "park_area_acres": 3.04, "hull_area_acres": 7.78, "boroughs": "R", "members": "Egbert Triangle; Markham Playground" }, "geometry": { "type": "Polygon", "coordinates": [ [ [ -74.146956454077142, 40.622226343169295 ], [ -74.145671241369385, 40.624814868786395 ], [ -74.144899874326455, 40.625086530351133 ], [ -74.144893343209048, 40.625088167625343 ], [ -74.14427511711466, 40.625225165154788 ], [ -74.14426625221364, 40.625226479333392 ], [ -74.144258884323122, 40.625227039697663 ], [ -74.144249856129122, 40.625227171695556 ], [ -74.144242471949937, 40.625226757715325 ], [ -74.144233526283188, 40.625225700920474 ], [ -74.144226365770848, 40.625224326702984 ], [ -74.144217795810889, 40.625222113166387 ], [ -74.144211779195913, 40.625220110750362 ], [ -74.144211746075783, 40.62522009818462 ], [ -74.144205949820758, 40.625217792916736 ], [ -74.144200340803593, 40.625215171330787 ], [ -74.14419499118587, 40.625212263953969 ], [ -74.144189315021833, 40.625208650077397 ], [ -74.14418286918611, 40.625203821462158 ], [ -74.144178587249982, 40.625200019428569 ], [ -74.144173302756755, 40.625194431117571 ], [ -74.144157461112087, 40.625162896720241 ], [ -74.14414743740906, 40.625124005872706 ], [ -74.144146211425706, 40.62511836564461 ], [ -74.144145762682356, 40.625113614156938 ], [ -74.144146007997577, 40.625107901843435 ], [ -74.144147196897265, 40.62510129683092 ], [ -74.144149070062113, 40.625095763481092 ], [ -74.144151185415538, 40.625091278934811 ], [ -74.145177175671336, 40.623041480250926 ], [ -74.146956454077142, 40.622226343169295 ] ] ] } },
{ "type": "Feature", "properties": { "group_id": "N1rel-407", "n_parks": 2, "extent_km": 0.122, "max_walk_m": 16.3, "park_area_acres": 3.04, "hull_area_acres": 4.72, "boroughs": "R", "members": "Mahoney Playground; Davis Playground" }, "geometry": { "type": "Polygon", "coordinates": [ [ [ -74.086057993179438, 40.64195822958812 ], [ -74.086196061418903, 40.641981484737549 ], [ -74.086349660737199, 40.642738740874478 ], [ -74.086382675131091, 40.643539770644459 ], [ -74.085774367042987, 40.644003322154965 ], [ -74.085764774363312, 40.644010593792636 ], [ -74.085742031614515, 40.643980923356175 ], [ -74.085569835139694, 40.643756270472494 ], [ -74.085119061043187, 40.643168165624807 ], [ -74.085009803754289, 40.642340576126003 ], [ -74.085382302210988, 40.642061159162651 ], [ -74.086057993179438, 40.64195822958812 ] ] ] } },
{ "type": "Feature", "properties": { "group_id": "N1rel-408", "n_parks": 2, "extent_km": 0.622, "max_walk_m": 489.6, "park_area_acres": 19.3, "hull_area_acres": 52.68, "boroughs": "R", "members": "Long Pond Park (4/4); Aesop Park" }, "geometry": { "type": "Polygon", "coordinates": [ [ [ -74.230438505841036, 40.509279681983195 ], [ -74.230544009643495, 40.509582051635519 ], [ -74.231534101770464, 40.512668172017044 ], [ -74.232645007591032, 40.516333194822757 ], [ -74.232293752314902, 40.516664131274702 ], [ -74.232022052109258, 40.516920111277088 ], [ -74.231976767362539, 40.516962775450715 ], [ -74.230778235424054, 40.517201136102791 ], [ -74.230366237328852, 40.516913306754958 ], [ -74.228186966208895, 40.515390763257329 ], [ -74.227768761367983, 40.515098572735013 ], [ -74.229248900463617, 40.50952810782838 ], [ -74.230438505841036, 40.509279681983195 ] ] ] } },
{ "type": "Feature", "properties": { "group_id": "N1rel-409", "n_parks": 2, "extent_km": 0.628, "max_walk_m": 602.6, "park_area_acres": 0.93, "hull_area_acres": 9.53, "boroughs": "R", "members": "Levy Playground; Joe Holzka Community Garden" }, "geometry": { "type": "Polygon", "coordinates": [ [ [ -74.129205723305375, 40.633679485418718 ], [ -74.129297857813285, 40.633710107596521 ], [ -74.128986604149489, 40.63419051814131 ], [ -74.121986957016588, 40.634789401693659 ], [ -74.121944432231558, 40.63479257340569 ], [ -74.12158675820055, 40.634819245555391 ], [ -74.121381815001826, 40.634696632970474 ], [ -74.121322546930102, 40.634279440511555 ], [ -74.129205723305375, 40.633679485418718 ] ] ] } },
{ "type": "Feature", "properties": { "group_id": "N1rel-410", "n_parks": 2, "extent_km": 0.269, "max_walk_m": 157.9, "park_area_acres": 2.66, "hull_area_acres": 7.22, "boroughs": "R", "members": "Austin J. McDonald Playground; Prall Playground" }, "geometry": { "type": "Polygon", "coordinates": [ [ [ -74.118329071760698, 40.628168940995664 ], [ -74.118869548244874, 40.62865498061371 ], [ -74.118403715513253, 40.628838062521751 ], [ -74.115890992745094, 40.629822500619355 ], [ -74.114811522445862, 40.62996072475476 ], [ -74.114735148684844, 40.629555554252569 ], [ -74.114854312728809, 40.629195155999177 ], [ -74.118329071760698, 40.628168940995664 ] ] ] } },
{ "type": "Feature", "properties": { "group_id": "N1rel-411", "n_parks": 2, "extent_km": 0.547, "max_walk_m": 104.3, "park_area_acres": 93.51, "hull_area_acres": 139.93, "boroughs": "R", "members": "Allison Pond Park; Snug Harbor Cultural Center" }, "geometry": { "type": "Polygon", "coordinates": [ [ [ -74.099627353769691, 40.635893624855292 ], [ -74.10224110774449, 40.636462557053498 ], [ -74.10534695929374, 40.638998418573202 ], [ -74.107460559080081, 40.645028573143485 ], [ -74.107477735484096, 40.645297681604518 ], [ -74.107477501724603, 40.645319168198569 ], [ -74.107474755583056, 40.645571055739666 ], [ -74.10747184445998, 40.645837967680507 ], [ -74.106263509146444, 40.645909301271097 ], [ -74.100360247286488, 40.645871739720398 ], [ -74.099912139157126, 40.645829530870841 ], [ -74.099695690855498, 40.645582194983071 ], [ -74.09965494861305, 40.64511474769003 ], [ -74.099272091498804, 40.635920858550719 ], [ -74.099627353769691, 40.635893624855292 ] ] ] } },
{ "type": "Feature", "properties": { "group_id": "N1rel-412", "n_parks": 2, "extent_km": 0.193, "max_walk_m": 103.9, "park_area_acres": 3.46, "hull_area_acres": 4.51, "boroughs": "R", "members": "Harris Brothers Park; Park" }, "geometry": { "type": "Polygon", "coordinates": [ [ [ -74.203013803943293, 40.532579917315914 ], [ -74.20326143122108, 40.533103487671056 ], [ -74.200809275070071, 40.533791197939138 ], [ -74.199052192122451, 40.534260644857802 ], [ -74.199876011437397, 40.533709694979613 ], [ -74.199931500318385, 40.533673586173663 ], [ -74.199987817596238, 40.533638234143808 ], [ -74.200044949140675, 40.533603649719886 ], [ -74.200102874922848, 40.533569844642408 ], [ -74.200161576086373, 40.533536827948453 ], [ -74.200221037318343, 40.533504609569256 ], [ -74.200281237410096, 40.533473201247602 ], [ -74.200342156327963, 40.533442612923103 ], [ -74.200403778754065, 40.533412852726173 ], [ -74.200466082297183, 40.533383931501085 ], [ -74.200529048101515, 40.533355858284949 ], [ -74.200592669092515, 40.533328634890196 ], [ -74.201353526095644, 40.533039113609199 ], [ -74.201590273707168, 40.532973635760428 ], [ -74.203013803943293, 40.532579917315914 ] ] ] } },
{ "type": "Feature", "properties": { "group_id": "N1rel-413", "n_parks": 2, "extent_km": 0.124, "max_walk_m": 392.3, "park_area_acres": 9.11, "hull_area_acres": 18.39, "boroughs": "R", "members": "Gen. Douglas MacArthur Park; Last Chance Pond Park" }, "geometry": { "type": "Polygon", "coordinates": [ [ [ -74.098927195921618, 40.584244052967442 ], [ -74.101495344814566, 40.585134428847603 ], [ -74.100594724016076, 40.587081607293321 ], [ -74.100580853142361, 40.587107592348943 ], [ -74.100563515101427, 40.587138880921479 ], [ -74.100541141054862, 40.587171436432712 ], [ -74.100493166077641, 40.587238299081449 ], [ -74.100463527741255, 40.587274968220122 ], [ -74.100163942034769, 40.58761920200191 ], [ -74.099176675017375, 40.587190252726074 ], [ -74.098870018774647, 40.587033056789544 ], [ -74.09738777210076, 40.585475354407791 ], [ -74.097932731814709, 40.585032817621077 ], [ -74.09827638489017, 40.584753748937331 ], [ -74.098519293246071, 40.584556490014606 ], [ -74.098927195921618, 40.584244052967442 ] ] ] } },
{ "type": "Feature", "properties": { "group_id": "N1rel-414", "n_parks": 2, "extent_km": 0.55, "max_walk_m": 407.0, "park_area_acres": 10.33, "hull_area_acres": 32.61, "boroughs": "R", "members": "Westwood Park; Ingram Woods" }, "geometry": { "type": "Polygon", "coordinates": [ [ [ -74.142853710891842, 40.605635240473148 ], [ -74.142788674122357, 40.607111495350658 ], [ -74.13720445919914, 40.609924461599519 ], [ -74.13615870506878, 40.609980667644727 ], [ -74.136023203495654, 40.608429866224171 ], [ -74.140837365759722, 40.605742050935675 ], [ -74.142853710891842, 40.605635240473148 ] ] ] } },
{ "type": "Feature", "properties": { "group_id": "N1rel-415", "n_parks": 2, "extent_km": 0.231, "max_walk_m": 162.8, "park_area_acres": 0.81, "hull_area_acres": 2.49, "boroughs": "R", "members": "Park; Park" }, "geometry": { "type": "Polygon", "coordinates": [ [ [ -74.191283653131975, 40.536791054178977 ], [ -74.191448225498704, 40.537128143421818 ], [ -74.189128485206453, 40.53854876652214 ], [ -74.188568078526202, 40.538704953016484 ], [ -74.189004679716433, 40.538302599986665 ], [ -74.190409244211651, 40.537277720991852 ], [ -74.190415295205426, 40.537273366802914 ], [ -74.190761731766784, 40.537067884368682 ], [ -74.191283653131975, 40.536791054178977 ] ] ] } },
{ "type": "Feature", "properties": { "group_id": "N1rel-416", "n_parks": 2, "extent_km": 0.474, "max_walk_m": 439.0, "park_area_acres": 1.96, "hull_area_acres": 14.64, "boroughs": "R", "members": "Drumgoole Tot Lot; Carlton Park" }, "geometry": { "type": "Polygon", "coordinates": [ [ [ -74.179929255487963, 40.548953883650455 ], [ -74.180313509565025, 40.549140172984956 ], [ -74.185092218072867, 40.551538400836662 ], [ -74.184246909349241, 40.552498688482871 ], [ -74.184160112430547, 40.552455481681939 ], [ -74.18385503428442, 40.552303611946193 ], [ -74.179506578085977, 40.549837197033582 ], [ -74.179743755712565, 40.549341544503598 ], [ -74.179929255487963, 40.548953883650455 ] ] ] } },
{ "type": "Feature", "properties": { "group_id": "N1rel-417", "n_parks": 2, "extent_km": 0.53, "max_walk_m": 400.3, "park_area_acres": 5.68, "hull_area_acres": 24.79, "boroughs": "R", "members": "Wegener Park; Laredo Avenue Parcel" }, "geometry": { "type": "Polygon", "coordinates": [ [ [ -74.174151430113469, 40.547752781191363 ], [ -74.17420263284157, 40.547767683815927 ], [ -74.174247213734247, 40.547780660329984 ], [ -74.174332496857176, 40.547810420324488 ], [ -74.174529481597546, 40.547879160106902 ], [ -74.174551522030498, 40.547886851338276 ], [ -74.174859093785457, 40.548069096090529 ], [ -74.177002499075556, 40.551877477918872 ], [ -74.175920814978525, 40.553908956109133 ], [ -74.17301951119687, 40.548763029819533 ], [ -74.173027196516841, 40.548504075858972 ], [ -74.174151430113469, 40.547752781191363 ] ] ] } },
{ "type": "Feature", "properties": { "group_id": "N1rel-418", "n_parks": 2, "extent_km": 0.188, "max_walk_m": 0.0, "park_area_acres": 29.47, "hull_area_acres": 54.19, "boroughs": "R", "members": "Bunker Ponds Park; Kingdom Pond Park" }, "geometry": { "type": "Polygon", "coordinates": [ [ [ -74.182646047899425, 40.521367182605019 ], [ -74.184533901196758, 40.52204844647818 ], [ -74.18488013142354, 40.522537478868436 ], [ -74.185082605120755, 40.522830073474594 ], [ -74.185838156075221, 40.523921896581619 ], [ -74.18617210517121, 40.525786275082325 ], [ -74.185521545339242, 40.526022455804679 ], [ -74.184648002700513, 40.526330173206432 ], [ -74.180305738894717, 40.525926314129578 ], [ -74.17989987752452, 40.525289578282262 ], [ -74.180551596996253, 40.522123484392708 ], [ -74.181204085809426, 40.521886858613023 ], [ -74.182646047899425, 40.521367182605019 ] ] ] } },
{ "type": "Feature", "properties": { "group_id": "N1rel-419", "n_parks": 2, "extent_km": 0.405, "max_walk_m": 260.3, "park_area_acres": 2.32, "hull_area_acres": 10.44, "boroughs": "X", "members": "Aqueduct Walk (4/5); Galileo Playground" }, "geometry": { "type": "Polygon", "coordinates": [ [ [ -73.91559651268048, 40.848265640147673 ], [ -73.916003951987108, 40.848341859853264 ], [ -73.915969604998494, 40.848912484017447 ], [ -73.915018540697218, 40.850631228418578 ], [ -73.914762130483112, 40.850923927865821 ], [ -73.914316944255944, 40.85142917025393 ], [ -73.914261149342295, 40.851468862103552 ], [ -73.914141620641502, 40.851553890399394 ], [ -73.912236662289061, 40.852797982769694 ], [ -73.912059450637543, 40.852685044300337 ], [ -73.915339190847078, 40.848500178423272 ], [ -73.91559651268048, 40.848265640147673 ] ] ] } },
{ "type": "Feature", "properties": { "group_id": "N1rel-420", "n_parks": 2, "extent_km": 0.762, "max_walk_m": 700.4, "park_area_acres": 14.75, "hull_area_acres": 45.21, "boroughs": "X", "members": "Joseph Rodman Drake Park & Enslaved African Burial Ground; Barretto Point Park" }, "geometry": { "type": "Polygon", "coordinates": [ [ [ -73.888293373024979, 40.803695808028088 ], [ -73.89017158953105, 40.804587678845152 ], [ -73.889168692563686, 40.805826536129963 ], [ -73.889020158982945, 40.80600872628019 ], [ -73.883410332168822, 40.810496164925617 ], [ -73.883410288263519, 40.81049619549816 ], [ -73.883410243176243, 40.810496224268512 ], [ -73.883410194538044, 40.810496250333799 ], [ -73.883410144719505, 40.810496273696394 ], [ -73.883410092535314, 40.810496294355055 ], [ -73.88341003916905, 40.810496313211587 ], [ -73.88340998343719, 40.81049632936417 ], [ -73.883409926526483, 40.810496341913598 ], [ -73.883409871990835, 40.810496351763945 ], [ -73.882073939129526, 40.810700484072591 ], [ -73.882073878672415, 40.810700491214781 ], [ -73.882073820590421, 40.810700495657841 ], [ -73.882073761328058, 40.810700497398223 ], [ -73.882073702072049, 40.810700495536622 ], [ -73.882073644005999, 40.810700490974732 ], [ -73.882073584759581, 40.810700483710129 ], [ -73.882073527888338, 40.8107004737465 ], [ -73.882073471021883, 40.810700461081346 ], [ -73.882073415346923, 40.81070044481546 ], [ -73.88207336204718, 40.810700425850456 ], [ -73.882073309935805, 40.810700405085662 ], [ -73.882073260199547, 40.810700381621871 ], [ -73.882073211653307, 40.810700355457726 ], [ -73.882073166667354, 40.810700326595764 ], [ -73.882073122869798, 40.810700295934033 ], [ -73.882073082632601, 40.810700262574436 ], [ -73.88207305186728, 40.810700234627525 ], [ -73.881447591719024, 40.810093216395757 ], [ -73.881447553865698, 40.81009317583441 ], [ -73.881447523118567, 40.810093137981859 ], [ -73.881447495930161, 40.810093098331947 ], [ -73.881447471113731, 40.810093057784044 ], [ -73.881447449855969, 40.810093015438738 ], [ -73.88144743334054, 40.810092972197801 ], [ -73.881447420380653, 40.810092928960557 ], [ -73.881447410979433, 40.810092883925954 ], [ -73.881447405132192, 40.810092839795523 ], [ -73.881447402842028, 40.810092794768231 ], [ -73.88144740529259, 40.810092749745827 ], [ -73.881447411297017, 40.810092705627561 ], [ -73.881447420858649, 40.81009266061249 ], [ -73.881447433972525, 40.810092617402034 ], [ -73.881447450641929, 40.810092574195274 ], [ -73.881447472050453, 40.810092531893858 ], [ -73.881447497011251, 40.810092491397057 ], [ -73.8814475243408, 40.810092451803229 ], [ -73.881447555222678, 40.810092414014044 ], [ -73.881447589658421, 40.810092377129017 ], [ -73.887229543123965, 40.804269741978928 ], [ -73.888293373024979, 40.803695808028088 ] ] ] } },
{ "type": "Feature", "properties": { "group_id": "N1rel-421", "n_parks": 2, "extent_km": 0.288, "max_walk_m": 287.1, "park_area_acres": 0.76, "hull_area_acres": 3.54, "boroughs": "X", "members": "Echo Triangle; Mount Hope Playground" }, "geometry": { "type": "Polygon", "coordinates": [ [ [ -73.906116767217156, 40.849794172669192 ], [ -73.90924940844036, 40.85000026465989 ], [ -73.909873497962934, 40.850123235268065 ], [ -73.90977110486989, 40.850406468955896 ], [ -73.909458554405603, 40.850663540582168 ], [ -73.906328720774056, 40.850004928674586 ], [ -73.90600133139877, 40.849934093499186 ], [ -73.906116767217156, 40.849794172669192 ] ] ] } },
{ "type": "Feature", "properties": { "group_id": "N1rel-422", "n_parks": 2, "extent_km": 0.312, "max_walk_m": 281.2, "park_area_acres": 0.38, "hull_area_acres": 5.13, "boroughs": "X", "members": "Graham Triangle; La Finca del Sur Community Garden" }, "geometry": { "type": "Polygon", "coordinates": [ [ [ -73.927683824510552, 40.810444705511628 ], [ -73.927695909343754, 40.810446214221386 ], [ -73.92770787916578, 40.810448859286161 ], [ -73.927716486640008, 40.810452587341715 ], [ -73.927724762564978, 40.81045822154293 ], [ -73.93041954736043, 40.812397972189665 ], [ -73.930394519224961, 40.81253164136097 ], [ -73.930376241796367, 40.812629253273109 ], [ -73.930110858120727, 40.812967840994446 ], [ -73.929784962520955, 40.812781407473764 ], [ -73.927287548249339, 40.810849758680313 ], [ -73.927286004228364, 40.81084841866614 ], [ -73.927283862521733, 40.810845230453232 ], [ -73.927282481211378, 40.810842494769851 ], [ -73.927282041724226, 40.810840126183152 ], [ -73.927282205160751, 40.810838065947003 ], [ -73.927282954240823, 40.810835858398633 ], [ -73.927284321577545, 40.810832942548288 ], [ -73.927376246196118, 40.81068604823416 ], [ -73.927638408062677, 40.81045808633025 ], [ -73.927646322774052, 40.810452567643118 ], [ -73.927655218915547, 40.810449136025049 ], [ -73.927662859577694, 40.810447137211376 ], [ -73.927672936873265, 40.810445228174657 ], [ -73.927683824510552, 40.810444705511628 ] ] ] } },
{ "type": "Feature", "properties": { "group_id": "N1rel-423", "n_parks": 2, "extent_km": 0.194, "max_walk_m": 153.7, "park_area_acres": 0.42, "hull_area_acres": 2.34, "boroughs": "X", "members": "Schneider Sampson Square; Miele Park" }, "geometry": { "type": "Polygon", "coordinates": [ [ [ -73.826172901198476, 40.834520042304256 ], [ -73.826324542950502, 40.834717282133802 ], [ -73.82604153873848, 40.836894390072878 ], [ -73.825921899350433, 40.836943255949038 ], [ -73.825894267732835, 40.83694912149145 ], [ -73.82566950303567, 40.836239684068573 ], [ -73.825668705497321, 40.836236364536816 ], [ -73.825668669282166, 40.836232991225586 ], [ -73.825721918565549, 40.835007413329365 ], [ -73.82583768834121, 40.834853914100883 ], [ -73.825953895833848, 40.834729130424201 ], [ -73.826065952531351, 40.834620492562387 ], [ -73.826172901198476, 40.834520042304256 ] ] ] } },
{ "type": "Feature", "properties": { "group_id": "N1rel-424", "n_parks": 2, "extent_km": 0.509, "max_walk_m": 512.5, "park_area_acres": 0.92, "hull_area_acres": 7.55, "boroughs": "X", "members": "Sergeant Johnson Triangle; Ciccarone Park" }, "geometry": { "type": "Polygon", "coordinates": [ [ [ -73.886629129945305, 40.855606490008334 ], [ -73.887165959021146, 40.855870257876752 ], [ -73.886777431964433, 40.856325233258936 ], [ -73.881267900098464, 40.85810256680243 ], [ -73.881204492943439, 40.858086399848403 ], [ -73.881157222696004, 40.857792265130549 ], [ -73.886629129945305, 40.855606490008334 ] ] ] } },
{ "type": "Feature", "properties": { "group_id": "N1rel-425", "n_parks": 2, "extent_km": 0.468, "max_walk_m": 474.6, "park_area_acres": 4.74, "hull_area_acres": 23.87, "boroughs": "X", "members": "Sheridan Triangle; Henry Hudson Parkway (6/8)" }, "geometry": { "type": "Polygon", "coordinates": [ [ [ -73.897276499210804, 40.899793454515844 ], [ -73.898167361266147, 40.899889971526505 ], [ -73.898457555694989, 40.899963500427766 ], [ -73.900471032384743, 40.900700000069087 ], [ -73.900405943982392, 40.900992930254255 ], [ -73.900359446311711, 40.901202191204327 ], [ -73.900329287571665, 40.901337918679879 ], [ -73.896811218730235, 40.904966108758735 ], [ -73.896805105595718, 40.904970427415677 ], [ -73.896796660202227, 40.904974023600914 ], [ -73.896711348805368, 40.904987392427472 ], [ -73.896674652485899, 40.904991701722913 ], [ -73.896608094591585, 40.904999057618724 ], [ -73.896596457586483, 40.904758618156279 ], [ -73.897091569166946, 40.900913929633184 ], [ -73.897276499210804, 40.899793454515844 ] ] ] } },
{ "type": "Feature", "properties": { "group_id": "N1rel-426", "n_parks": 2, "extent_km": 0.273, "max_walk_m": 209.4, "park_area_acres": 1.76, "hull_area_acres": 4.72, "boroughs": "X", "members": "Zimmerman Playground; Parkside Playground" }, "geometry": { "type": "Polygon", "coordinates": [ [ [ -73.868756448425145, 40.86578579307087 ], [ -73.869020718979073, 40.865789674604216 ], [ -73.869048844114417, 40.8665270161287 ], [ -73.868237849691852, 40.868752246192912 ], [ -73.867765305581173, 40.868754040614711 ], [ -73.867823938738994, 40.868003565769179 ], [ -73.868454731642828, 40.865790370676635 ], [ -73.868756448425145, 40.86578579307087 ] ] ] } },
{ "type": "Feature", "properties": { "group_id": "N1rel-427", "n_parks": 2, "extent_km": 0.403, "max_walk_m": 238.9, "park_area_acres": 15.14, "hull_area_acres": 23.97, "boroughs": "X", "members": "Waterfront Garden; Clason Point Park" }, "geometry": { "type": "Polygon", "coordinates": [ [ [ -73.848993601980339, 40.804678981822825 ], [ -73.850172307041817, 40.807745072080635 ], [ -73.85072699247489, 40.809569712287107 ], [ -73.850789898979286, 40.809847149234834 ], [ -73.850240147507051, 40.809928385436905 ], [ -73.847634009535085, 40.808289261527278 ], [ -73.847540170296753, 40.80755437769384 ], [ -73.84747773140937, 40.806104851032082 ], [ -73.847440184753026, 40.80523317615782 ], [ -73.848092210779086, 40.804700662148598 ], [ -73.848738786514616, 40.804685110643092 ], [ -73.848993601980339, 40.804678981822825 ] ] ] } },
{ "type": "Feature", "properties": { "group_id": "N1rel-428", "n_parks": 2, "extent_km": 0.484, "max_walk_m": 497.2, "park_area_acres": 1.3, "hull_area_acres": 8.87, "boroughs": "X", "members": "Van Nest Park; Taylor Playground" }, "geometry": { "type": "Polygon", "coordinates": [ [ [ -73.866095453968384, 40.83859499780111 ], [ -73.866492221655193, 40.83883419684534 ], [ -73.866552026670362, 40.839183470590122 ], [ -73.866134808867471, 40.843541350508467 ], [ -73.86606943787325, 40.84358346996013 ], [ -73.865755634401694, 40.843647894799787 ], [ -73.865477060852683, 40.843072590572255 ], [ -73.865476169996029, 40.843070417542172 ], [ -73.865434587977774, 40.842941886580128 ], [ -73.865433632592527, 40.842938788667219 ], [ -73.865433026273607, 40.842936053160116 ], [ -73.865432626389435, 40.842933848284659 ], [ -73.865432534851365, 40.842932205677108 ], [ -73.86543242987122, 40.842929587819079 ], [ -73.865432571242721, 40.84292652540443 ], [ -73.865736798455103, 40.838628782539949 ], [ -73.866095453968384, 40.83859499780111 ] ] ] } },
{ "type": "Feature", "properties": { "group_id": "N1rel-429", "n_parks": 2, "extent_km": 0.34, "max_walk_m": 277.1, "park_area_acres": 6.2, "hull_area_acres": 18.23, "boroughs": "X", "members": "Hawkins Park; Ambrosini Field" }, "geometry": { "type": "Polygon", "coordinates": [ [ [ -73.783777878931105, 40.843717372038235 ], [ -73.785142109568937, 40.844010165300141 ], [ -73.786589469855556, 40.846450832795853 ], [ -73.786682477534711, 40.846697894411001 ], [ -73.786449356452238, 40.846751088445728 ], [ -73.781852555803709, 40.84531419275902 ], [ -73.782438451768272, 40.844088983209708 ], [ -73.783236244081436, 40.843838715679155 ], [ -73.783777878931105, 40.843717372038235 ] ] ] } },
{ "type": "Feature", "properties": { "group_id": "N1rel-430", "n_parks": 2, "extent_km": 0.424, "max_walk_m": 223.6, "park_area_acres": 2.68, "hull_area_acres": 24.08, "boroughs": "X", "members": "Henry Hudson Parkway (2/8); Spuyten Duyvil Playground" }, "geometry": { "type": "Polygon", "coordinates": [ [ [ -73.914292148327007, 40.885061840586218 ], [ -73.916600027684566, 40.88702599790259 ], [ -73.916611765335588, 40.887038026071501 ], [ -73.91662575389482, 40.887057602839043 ], [ -73.916634615871743, 40.887076797698086 ], [ -73.916639566110831, 40.887097643023843 ], [ -73.916681335727588, 40.887402815491534 ], [ -73.916680546181809, 40.887419299218941 ], [ -73.916675145336683, 40.887432277627347 ], [ -73.916665510577673, 40.887444539793854 ], [ -73.916653373284163, 40.887454033859427 ], [ -73.916632757511323, 40.887462072918275 ], [ -73.910609033075673, 40.888499187820301 ], [ -73.910583687854782, 40.888482761281146 ], [ -73.910660443355155, 40.888155542739973 ], [ -73.912775017819911, 40.885916845985939 ], [ -73.912964261753373, 40.885742755542644 ], [ -73.91315722845917, 40.885571034963938 ], [ -73.913353866847842, 40.885401731018355 ], [ -73.914292148327007, 40.885061840586218 ] ] ] } },
{ "type": "Feature", "properties": { "group_id": "N1rel-431", "n_parks": 2, "extent_km": 0.709, "max_walk_m": 494.6, "park_area_acres": 1.89, "hull_area_acres": 16.79, "boroughs": "X", "members": "Cedar Playground; Gasoline Alley" }, "geometry": { "type": "Polygon", "coordinates": [ [ [ -73.917541595379632, 40.854597415488669 ], [ -73.918147015403918, 40.854749507372198 ], [ -73.914837361487628, 40.859977132491359 ], [ -73.914362725379249, 40.86033235966044 ], [ -73.912553762700213, 40.861686169696142 ], [ -73.912535516960887, 40.861684408014646 ], [ -73.917043184279422, 40.854697212623996 ], [ -73.917076174018121, 40.854652800695064 ], [ -73.917541595379632, 40.854597415488669 ] ] ] } },
{ "type": "Feature", "properties": { "group_id": "N1rel-432", "n_parks": 2, "extent_km": 0.26, "max_walk_m": 148.5, "park_area_acres": 3.34, "hull_area_acres": 13.16, "boroughs": "X", "members": "Harding Park Beautification Project; Harding Park" }, "geometry": { "type": "Polygon", "coordinates": [ [ [ -73.85841062073132, 40.8068478234823 ], [ -73.85842206835126, 40.806861485509678 ], [ -73.858462746732002, 40.808406742629899 ], [ -73.857106846752856, 40.810757230988585 ], [ -73.856774658328547, 40.810830185129483 ], [ -73.856398661665878, 40.809245571411239 ], [ -73.856081881567832, 40.807777645533882 ], [ -73.858214468015689, 40.80687579234759 ], [ -73.85841062073132, 40.8068478234823 ] ] ] } },
{ "type": "Feature", "properties": { "group_id": "N1rel-433", "n_parks": 2, "extent_km": 0.417, "max_walk_m": 360.2, "park_area_acres": 3.61, "hull_area_acres": 15.59, "boroughs": "X", "members": "Watson Gleason Playground; Justice Sotomayor Houses Playground" }, "geometry": { "type": "Polygon", "coordinates": [ [ [ -73.869099537093149, 40.827413869601862 ], [ -73.869553840807768, 40.829362093296169 ], [ -73.868815579707316, 40.829460501308816 ], [ -73.863958955377313, 40.827891095549852 ], [ -73.863895435408381, 40.827616432298953 ], [ -73.864243471934941, 40.827569990621051 ], [ -73.869099537093149, 40.827413869601862 ] ] ] } },
{ "type": "Feature", "properties": { "group_id": "N1rel-434", "n_parks": 2, "extent_km": 0.339, "max_walk_m": 0.0, "park_area_acres": 18.86, "hull_area_acres": 39.49, "boroughs": "X", "members": "Harris Park; Jerome Park" }, "geometry": { "type": "Polygon", "coordinates": [ [ [ -73.891690808544197, 40.874698028251714 ], [ -73.893806708414147, 40.875656907601403 ], [ -73.894158917216146, 40.876744985712691 ], [ -73.891910997325326, 40.879155790105486 ], [ -73.891808876057269, 40.879262351779602 ], [ -73.891706761274776, 40.879364730602575 ], [ -73.888937060539959, 40.88212820955151 ], [ -73.888936733177104, 40.882128149804338 ], [ -73.888936065404806, 40.882128027596004 ], [ -73.888763930473687, 40.882093925160838 ], [ -73.88995334913588, 40.876922288823302 ], [ -73.891690808544197, 40.874698028251714 ] ] ] } },
{ "type": "Feature", "properties": { "group_id": "N1rel-435", "n_parks": 2, "extent_km": 0.136, "max_walk_m": 208.0, "park_area_acres": 0.16, "hull_area_acres": 0.46, "boroughs": "X", "members": "Peace Park; Park" }, "geometry": { "type": "Polygon", "coordinates": [ [ [ -73.904925754800047, 40.845115812615866 ], [ -73.905622236442213, 40.845149773944314 ], [ -73.905618931748123, 40.84518729298081 ], [ -73.905263303490571, 40.845266215118031 ], [ -73.904914291939207, 40.845249195890986 ], [ -73.903253970662647, 40.845123232109678 ], [ -73.903261332541149, 40.845110698919072 ], [ -73.904925754800047, 40.845115812615866 ] ] ] } },
{ "type": "Feature", "properties": { "group_id": "N1rel-436", "n_parks": 2, "extent_km": 0.372, "max_walk_m": 329.3, "park_area_acres": 2.13, "hull_area_acres": 11.67, "boroughs": "X", "members": "Siren Slope; Marble Hill Playground" }, "geometry": { "type": "Polygon", "coordinates": [ [ [ -73.90397941402091, 40.876446765560488 ], [ -73.903985865289656, 40.876446864578675 ], [ -73.903992365834043, 40.876447345444404 ], [ -73.908470923542282, 40.876904710448883 ], [ -73.90888383948429, 40.877236975016238 ], [ -73.908045703852707, 40.878113507769783 ], [ -73.903769558127081, 40.877248392410642 ], [ -73.903759425048378, 40.877233831176689 ], [ -73.903626901657432, 40.876815421448981 ], [ -73.90390988743728, 40.876476391377416 ], [ -73.903913369018582, 40.876472549192599 ], [ -73.90391971484722, 40.876466802158703 ], [ -73.903926171825006, 40.876462130399673 ], [ -73.903934376360453, 40.876457421373999 ], [ -73.90394307671869, 40.876453584432817 ], [ -73.90395172939408, 40.876450726281675 ], [ -73.903958281603366, 40.876449113557783 ], [ -73.903965948589033, 40.876447777310467 ], [ -73.903972677453169, 40.876447063419768 ], [ -73.90397941402091, 40.876446765560488 ] ] ] } },
{ "type": "Feature", "properties": { "group_id": "N1rel-437", "n_parks": 2, "extent_km": 0.457, "max_walk_m": 443.0, "park_area_acres": 2.7, "hull_area_acres": 12.51, "boroughs": "X", "members": "Eastchester Playground; Allerton Playground" }, "geometry": { "type": "Polygon", "coordinates": [ [ [ -73.850371449789677, 40.86547787139245 ], [ -73.850905518456088, 40.865483660391845 ], [ -73.853351515255369, 40.869574945564359 ], [ -73.853329423011601, 40.869754476954924 ], [ -73.85331575897068, 40.869803301252247 ], [ -73.853294408474156, 40.869850329203963 ], [ -73.853265306542653, 40.869894897062288 ], [ -73.853228930465477, 40.86993627152934 ], [ -73.853185878417762, 40.869973771688606 ], [ -73.853136858757324, 40.870006781598768 ], [ -73.853082676959986, 40.870034757481498 ], [ -73.853024224913668, 40.870057241215846 ], [ -73.852962463122196, 40.870073861216483 ], [ -73.852898407627663, 40.870084345024416 ], [ -73.852833111027721, 40.870088520183813 ], [ -73.852767647044843, 40.870086317824303 ], [ -73.852703093915565, 40.87007777354053 ], [ -73.852640510657992, 40.8700630300632 ], [ -73.85258092760256, 40.870042327341544 ], [ -73.85252532502831, 40.870016007018052 ], [ -73.85247759710019, 40.869989007860312 ], [ -73.852434242187954, 40.869958047617402 ], [ -73.852395828788431, 40.869923532241856 ], [ -73.852362858863273, 40.869885913526119 ], [ -73.852335761924238, 40.869845681890851 ], [ -73.850145622378889, 40.866470541052529 ], [ -73.850169435584704, 40.865724260808818 ], [ -73.850371449789677, 40.86547787139245 ] ] ] } },
{ "type": "Feature", "properties": { "group_id": "N1rel-438", "n_parks": 2, "extent_km": 0.441, "max_walk_m": 458.6, "park_area_acres": 1.56, "hull_area_acres": 8.57, "boroughs": "X", "members": "Mazzei Playground; Boston Garden" }, "geometry": { "type": "Polygon", "coordinates": [ [ [ -73.858718735195012, 40.861989435621638 ], [ -73.858906671302691, 40.86199293527563 ], [ -73.861901368215328, 40.865678334985795 ], [ -73.861727084682684, 40.86580790312734 ], [ -73.858166596761947, 40.862940085414358 ], [ -73.857896678610558, 40.862391355270113 ], [ -73.857872030655471, 40.862222381108992 ], [ -73.858718735195012, 40.861989435621638 ] ] ] } },
{ "type": "Feature", "properties": { "group_id": "N1rel-439", "n_parks": 2, "extent_km": 0.196, "max_walk_m": 193.5, "park_area_acres": 2.28, "hull_area_acres": 6.66, "boroughs": "X", "members": "Caserta Playground; Castle Hill Playground" }, "geometry": { "type": "Polygon", "coordinates": [ [ [ -73.854478136964076, 40.8370906930244 ], [ -73.854553865854243, 40.837479088246873 ], [ -73.853744598504377, 40.839664949590393 ], [ -73.853013763770406, 40.839744262727578 ], [ -73.852815151677035, 40.838676500093392 ], [ -73.853506602787803, 40.83719626453501 ], [ -73.854478136964076, 40.8370906930244 ] ] ] } },
{ "type": "Feature", "properties": { "group_id": "N1rel-440", "n_parks": 2, "extent_km": 0.235, "max_walk_m": 278.3, "park_area_acres": 1.58, "hull_area_acres": 5.64, "boroughs": "X", "members": "Gun Hill Playground; Magenta Playground" }, "geometry": { "type": "Polygon", "coordinates": [ [ [ -73.867656057916534, 40.87331019968309 ], [ -73.868106929357722, 40.873315818943922 ], [ -73.868074308603724, 40.874182104209389 ], [ -73.86584917957758, 40.874927295021784 ], [ -73.865091377444315, 40.874841337047187 ], [ -73.865163750632107, 40.874465191105877 ], [ -73.867656057916534, 40.87331019968309 ] ] ] } },
{ "type": "Feature", "properties": { "group_id": "N1rel-441", "n_parks": 2, "extent_km": 0.607, "max_walk_m": 587.6, "park_area_acres": 10.76, "hull_area_acres": 41.66, "boroughs": "X", "members": "Givan Square; Haffen Park" }, "geometry": { "type": "Polygon", "coordinates": [ [ [ -73.843014002553076, 40.867618091784259 ], [ -73.843021240016967, 40.867618403294706 ], [ -73.843028406281491, 40.867619228887804 ], [ -73.843035439683803, 40.867620560375308 ], [ -73.843042278569285, 40.867622385966982 ], [ -73.843048861294164, 40.867624689370167 ], [ -73.843055129779472, 40.867627451595652 ], [ -73.843061031894308, 40.867630646458352 ], [ -73.843066513135099, 40.867634247769914 ], [ -73.843071526132803, 40.86763822214796 ], [ -73.843076025890412, 40.867642536213125 ], [ -73.843079974540942, 40.867647151192941 ], [ -73.843083336594049, 40.867652026517092 ], [ -73.843086081308357, 40.867657119820784 ], [ -73.843088186254306, 40.867662385148577 ], [ -73.843089632556797, 40.867667778350821 ], [ -73.843090406100146, 40.86767324898085 ], [ -73.843183025894177, 40.869063085203635 ], [ -73.843182342465283, 40.869077238178015 ], [ -73.843177053739325, 40.869092047654398 ], [ -73.840699892740489, 40.87406559818691 ], [ -73.838401621509291, 40.874784869843509 ], [ -73.837632900693933, 40.873313712216522 ], [ -73.841701913230963, 40.867890257227451 ], [ -73.842992505889313, 40.867620239922111 ], [ -73.842999572611419, 40.867619014064616 ], [ -73.843006757940188, 40.867618296244601 ], [ -73.843014002553076, 40.867618091784259 ] ] ] } },
{ "type": "Feature", "properties": { "group_id": "N1rel-442", "n_parks": 2, "extent_km": 0.22, "max_walk_m": 232.4, "park_area_acres": 2.24, "hull_area_acres": 5.46, "boroughs": "X", "members": "Colgate Close; Watson Houses Playground" }, "geometry": { "type": "Polygon", "coordinates": [ [ [ -73.881694307487436, 40.823526879664584 ], [ -73.881984417952395, 40.824759806199701 ], [ -73.881387834602236, 40.82622725244142 ], [ -73.881027461923054, 40.826275211739208 ], [ -73.880794259423197, 40.826121327354564 ], [ -73.880763927160089, 40.825996890647012 ], [ -73.880988305757597, 40.823614907919968 ], [ -73.881694307487436, 40.823526879664584 ] ] ] } },
{ "type": "Feature", "properties": { "group_id": "N1rel-443", "n_parks": 2, "extent_km": 0.387, "max_walk_m": 326.6, "park_area_acres": 2.25, "hull_area_acres": 30.36, "boroughs": "X", "members": "Park; Castle Hill Little League Field" }, "geometry": { "type": "Polygon", "coordinates": [ [ [ -73.843560032899703, 40.827551752685956 ], [ -73.843560766279083, 40.827554459672996 ], [ -73.843907610580501, 40.829011172895392 ], [ -73.844755875999155, 40.832691328717821 ], [ -73.843465942771061, 40.832864267799863 ], [ -73.839945579737631, 40.828017851545468 ], [ -73.841126983209364, 40.82783886357322 ], [ -73.841940177869787, 40.827715886287102 ], [ -73.842470771545635, 40.82763657797328 ], [ -73.842757247842812, 40.827607703711031 ], [ -73.843044477435967, 40.827583532155657 ], [ -73.843302056881328, 40.82756578696624 ], [ -73.843560032899703, 40.827551752685956 ] ] ] } },
{ "type": "Feature", "properties": { "group_id": "N1rel-444", "n_parks": 2, "extent_km": 0.259, "max_walk_m": 278.9, "park_area_acres": 3.5, "hull_area_acres": 10.05, "boroughs": "X", "members": "Story Playground; Space Time Playground" }, "geometry": { "type": "Polygon", "coordinates": [ [ [ -73.860137029381207, 40.821891521922701 ], [ -73.863067258274896, 40.822234477610678 ], [ -73.863358110855259, 40.823496348582843 ], [ -73.862621631180815, 40.823593789771657 ], [ -73.859610813452434, 40.822756590619548 ], [ -73.859442598716043, 40.821997475594721 ], [ -73.859441919460821, 40.821990193347077 ], [ -73.860137029381207, 40.821891521922701 ] ] ] } },
{ "type": "Feature", "properties": { "group_id": "N1rel-445", "n_parks": 2, "extent_km": 0.173, "max_walk_m": 115.4, "park_area_acres": 0.41, "hull_area_acres": 2.03, "boroughs": "X", "members": "Granja Farm OTF; St. Ann's Block Association Garden" }, "geometry": { "type": "Polygon", "coordinates": [ [ [ -73.91132586194594, 40.815501601849782 ], [ -73.911644472407744, 40.815564865954002 ], [ -73.911750699333595, 40.815585958613433 ], [ -73.912014319594476, 40.815645819836256 ], [ -73.911278867121112, 40.817275349868417 ], [ -73.911102732503622, 40.817232647705112 ], [ -73.911050703645785, 40.817190109517895 ], [ -73.911202767563452, 40.815846605616187 ], [ -73.91132586194594, 40.815501601849782 ] ] ] } },
{ "type": "Feature", "properties": { "group_id": "N1rel-446", "n_parks": 2, "extent_km": 0.095, "max_walk_m": 121.9, "park_area_acres": 0.88, "hull_area_acres": 1.74, "boroughs": "X", "members": "Little Claremont Playground; Jardin De La Familia" }, "geometry": { "type": "Polygon", "coordinates": [ [ [ -73.90338795241361, 40.837776971212051 ], [ -73.903869074506389, 40.837931640463651 ], [ -73.904087943265822, 40.838595414741825 ], [ -73.903787786457158, 40.839128402148681 ], [ -73.903452664235743, 40.83901853200652 ], [ -73.903248497469164, 40.83802580491362 ], [ -73.90338795241361, 40.837776971212051 ] ] ] } },
{ "type": "Feature", "properties": { "group_id": "N1rel-447", "n_parks": 2, "extent_km": 0.337, "max_walk_m": 477.9, "park_area_acres": 1.42, "hull_area_acres": 8.14, "boroughs": "X", "members": "Garrison Park; Bryant Hill Garden" }, "geometry": { "type": "Polygon", "coordinates": [ [ [ -73.887365787872795, 40.819704621896051 ], [ -73.887365847136948, 40.819704623754923 ], [ -73.887365905211198, 40.819704628314156 ], [ -73.887365964466227, 40.819704635575988 ], [ -73.887366021345983, 40.819704645537072 ], [ -73.887366078221106, 40.819704658199562 ], [ -73.887366133904919, 40.819704674462905 ], [ -73.88736618721336, 40.819704693425386 ], [ -73.887366239333446, 40.819704714187729 ], [ -73.887366289078287, 40.819704737649246 ], [ -73.887366337633182, 40.819704763811103 ], [ -73.887366382627519, 40.819704792670954 ], [ -73.887366426433431, 40.819704823330682 ], [ -73.887366466678728, 40.819704856688375 ], [ -73.887366504551792, 40.81970489094423 ], [ -73.887366538864327, 40.819704927898123 ], [ -73.88736656961926, 40.819704965749054 ], [ -73.887366596815113, 40.819705005397502 ], [ -73.887366621638733, 40.819705045944104 ], [ -73.887366642903274, 40.819705088288238 ], [ -73.887366659424984, 40.819705131528238 ], [ -73.88736667239516, 40.819705172063287 ], [ -73.887455427422168, 40.820037472786765 ], [ -73.887474286693802, 40.820108084753308 ], [ -73.887474296098929, 40.820108130687821 ], [ -73.887474301951087, 40.820108174817882 ], [ -73.887474304245686, 40.820108219844983 ], [ -73.887474301798818, 40.820108264867436 ], [ -73.887474295797432, 40.820108308985944 ], [ -73.887474286238501, 40.820108354001441 ], [ -73.887474273126571, 40.820108397212508 ], [ -73.887474256458574, 40.820108440420086 ], [ -73.887474235050647, 40.820108482722574 ], [ -73.887474210089763, 40.820108523220561 ], [ -73.887474182759675, 40.820108562815776 ], [ -73.887474151876603, 40.82010860060651 ], [ -73.887474117438956, 40.82010863749327 ], [ -73.884818960136926, 40.822507060049126 ], [ -73.884818922145072, 40.822507094230069 ], [ -73.884818881784, 40.822507127508153 ], [ -73.884818837871435, 40.822507158081166 ], [ -73.884818792776599, 40.822507186852008 ], [ -73.884818744130229, 40.822507212917799 ], [ -73.884818694303149, 40.822507236280948 ], [ -73.884818642109991, 40.822507256940234 ], [ -73.88481858873449, 40.822507275797342 ], [ -73.884818532992909, 40.822507291950636 ], [ -73.884818476072212, 40.822507304500725 ], [ -73.884818410855246, 40.822507316142008 ], [ -73.884447746382961, 40.822558173652908 ], [ -73.884447702515516, 40.8225581781114 ], [ -73.884447644423332, 40.822558182555682 ], [ -73.88444758515044, 40.82255818429725 ], [ -73.884447525883829, 40.8225581824369 ], [ -73.884447467807334, 40.822558177876203 ], [ -73.884447408550102, 40.822558170612865 ], [ -73.8844473516683, 40.822558160650395 ], [ -73.884447294791258, 40.822558147986435 ], [ -73.884447239105839, 40.822558131721721 ], [ -73.884447185795878, 40.822558112757868 ], [ -73.88444713367447, 40.822558091994217 ], [ -73.884447083928578, 40.822558068531414 ], [ -73.884447035372688, 40.82255804236835 ], [ -73.884446990377754, 40.822558013507411 ], [ -73.88444694657133, 40.822557982846618 ], [ -73.884446906325749, 40.822557949487916 ], [ -73.884446868452514, 40.822557915231066 ], [ -73.884446834140149, 40.822557878276356 ], [ -73.8844468033856, 40.822557840424651 ], [ -73.884446771458073, 40.822557795367814 ], [ -73.883882580662927, 40.821640656214022 ], [ -73.883882564117911, 40.821640627381448 ], [ -73.88388254285492, 40.821640585036697 ], [ -73.883882526335057, 40.821640541796228 ], [ -73.883882513371333, 40.821640498559304 ], [ -73.883882503966845, 40.821640453524999 ], [ -73.883882498116961, 40.821640409394789 ], [ -73.88388249582475, 40.821640364367632 ], [ -73.88388249827409, 40.821640319345278 ], [ -73.883882504277949, 40.821640275226962 ], [ -73.883882513839595, 40.821640230211742 ], [ -73.883882526954167, 40.821640187001108 ], [ -73.883882543624878, 40.821640143794028 ], [ -73.883882565035563, 40.82164010149225 ], [ -73.883882589999217, 40.821640060995051 ], [ -73.883882617332063, 40.821640021400718 ], [ -73.883882648217906, 40.821639983610957 ], [ -73.883882682658282, 40.821639946725263 ], [ -73.883882720650121, 40.821639912544647 ], [ -73.883882761011151, 40.82163987926689 ], [ -73.883882804923545, 40.821639848694218 ], [ -73.883882850018253, 40.82163981992371 ], [ -73.887004889852193, 40.819760719155113 ], [ -73.887004938495679, 40.819760693088391 ], [ -73.887004988319944, 40.819760669724296 ], [ -73.887005040510289, 40.819760649064015 ], [ -73.887005093882905, 40.819760630205892 ], [ -73.8870051496217, 40.819760614051532 ], [ -73.887005206539655, 40.81976060150037 ], [ -73.887005257524791, 40.819760592545336 ], [ -73.88736560767606, 40.819704636127994 ], [ -73.88736567051302, 40.819704628084899 ], [ -73.887365728602532, 40.819704623639154 ], [ -73.887365787872795, 40.819704621896051 ] ] ] } }
]
}
