{
"type": "FeatureCollection",
"name": "groups_N1_g4",
"crs": { "type": "name", "properties": { "name": "urn:ogc:def:crs:OGC:1.3:CRS84" } },
"features": [
{ "type": "Feature", "properties": { "group_id": "N1g4-001", "n_parks": 15, "extent_km": 0.798, "max_walk_m": 749.2, "park_area_acres": 5.54, "hull_area_acres": 63.63, "boroughs": "B", "members": "Sobel Playground; La Guardia Playground; Marcy Park South; Rodney Park South; Rodney Park Center; Rodney Park North; Strawberry Playground; Rodney Playground Center; Blue Playground; Marcy Green South; Marcy Green Center; Marcy Green North; Roebling Playground; Keap Fourth Community Garden; Hooper Grove" }, "geometry": { "type": "Polygon", "coordinates": [ [ [ -73.962403264690721, 40.705835435214482 ], [ -73.962435593758997, 40.705836199497455 ], [ -73.962621886916153, 40.706003880448172 ], [ -73.961737163934487, 40.707487097618873 ], [ -73.959952814781204, 40.710011694153984 ], [ -73.954824974121593, 40.711473102900285 ], [ -73.954681900152536, 40.7114202956394 ], [ -73.953505797807466, 40.708070834958718 ], [ -73.953649061988571, 40.707843517237748 ], [ -73.962403264690721, 40.705835435214482 ] ] ] } },
{ "type": "Feature", "properties": { "group_id": "N1g4-002", "n_parks": 13, "extent_km": 0.609, "max_walk_m": 716.0, "park_area_acres": 13.75, "hull_area_acres": 53.41, "boroughs": "M", "members": "Tompkins Square Park; Dry Dock Playground; 6th St and Ave B Community Garden; Firemen's Memorial Garden; Green Oasis and Gilbert's Garden; 6BC Botanical Garden; The Creative Little Garden; Earth People; La Casita Garden; De Colores Cmty Yard and Center; Lower East Side Ecology Center; Sam and Sadie Koenig Garden; 11 BC Serenity Garden" }, "geometry": { "type": "Polygon", "coordinates": [ [ [ -73.980642710969406, 40.723669830455869 ], [ -73.982070898612236, 40.72404632149599 ], [ -73.982393093320454, 40.724181569170838 ], [ -73.982711844967312, 40.724549332302686 ], [ -73.983368826688576, 40.726071705471092 ], [ -73.982164493526696, 40.727723617754165 ], [ -73.978417020749845, 40.726938406167207 ], [ -73.97567162289063, 40.725928057788813 ], [ -73.974822712552694, 40.725569678905458 ], [ -73.975241068852469, 40.724993869732742 ], [ -73.977160751456623, 40.723762748125203 ], [ -73.980642710969406, 40.723669830455869 ] ] ] } },
{ "type": "Feature", "properties": { "group_id": "N1g4-003", "n_parks": 13, "extent_km": 0.594, "max_walk_m": 623.2, "park_area_acres": 2.86, "hull_area_acres": 41.0, "boroughs": "M", "members": "Gustave Hartman Square; El Jardin Del Paraiso Park; 9th St Community Garden Park; 5th St Slope Garden; La Plaza Cultural; Flower Door Garden; Generation X; The Secret Garden; Kenkeleba House Garden; Peachtree Garden; Orchard Alley Garden; Allied Productions/Le Petit Versailles; Sage Garden" }, "geometry": { "type": "Polygon", "coordinates": [ [ [ -73.98024719483584, 40.720567771950918 ], [ -73.981120846105412, 40.720832053315021 ], [ -73.981888061450022, 40.721070621606707 ], [ -73.982868444920925, 40.721863604588734 ], [ -73.982876114128146, 40.722225068437773 ], [ -73.982696068934274, 40.722471793716608 ], [ -73.978971787095091, 40.725620456334852 ], [ -73.977522314925039, 40.72569023309628 ], [ -73.977329137101009, 40.725610291252487 ], [ -73.977327558308446, 40.725609629067478 ], [ -73.977258174485357, 40.725580020153693 ], [ -73.977122807233997, 40.725304954448667 ], [ -73.97820327222415, 40.721366417234108 ], [ -73.97833216604198, 40.72119107182283 ], [ -73.978363335527646, 40.721148669985737 ], [ -73.98024719483584, 40.720567771950918 ] ] ] } },
{ "type": "Feature", "properties": { "group_id": "N1g4-004", "n_parks": 11, "extent_km": 0.53, "max_walk_m": 601.6, "park_area_acres": 3.36, "hull_area_acres": 39.65, "boroughs": "B", "members": "PS 4K PARADISE GARDEN; Sutter Ballfields; Clara's Garden; Concerned Residents of Barbey Street; East End Community Garden; Escape To Nature; Herbal Garden of East NY; Jerry and The Senior Gents; Jordan Magic Garden; Oriental Garden; Jerome-Glenmore Cornerstone Community Garden" }, "geometry": { "type": "Polygon", "coordinates": [ [ [ -73.887782618188481, 40.670568676061656 ], [ -73.889920667996748, 40.671536180405035 ], [ -73.890993265575716, 40.673491417442548 ], [ -73.891010487485886, 40.673558773425334 ], [ -73.890862119554015, 40.673864751393573 ], [ -73.889972044999681, 40.674318620830114 ], [ -73.889284744531068, 40.674475225748843 ], [ -73.889099253507069, 40.674503188215986 ], [ -73.889007224283034, 40.67451706016557 ], [ -73.88460802431949, 40.674804157898556 ], [ -73.884555562910037, 40.674600310462637 ], [ -73.887088242735175, 40.670670353827035 ], [ -73.887782618188481, 40.670568676061656 ] ] ] } },
{ "type": "Feature", "properties": { "group_id": "N1g4-005", "n_parks": 11, "extent_km": 0.563, "max_walk_m": 526.9, "park_area_acres": 3.84, "hull_area_acres": 38.61, "boroughs": "M", "members": "Downing Street Playground; James J Walker Park; William F. Passannante Ballfield; Playground of the Americas; Minetta Green; Minetta Playground; West 4th Street Courts; Minetta Triangle; Charlton Plaza; Father Demo Square; Father Fagan Park" }, "geometry": { "type": "Polygon", "coordinates": [ [ [ -74.003603482535851, 40.726277285531523 ], [ -74.00682758969505, 40.729569137454988 ], [ -74.006724022348322, 40.730138123552528 ], [ -74.000858297884619, 40.73157470950342 ], [ -74.00067655636208, 40.731485530675442 ], [ -74.000725212218313, 40.731186832666353 ], [ -74.001871407746705, 40.728496707238747 ], [ -74.003133342493825, 40.726832126245149 ], [ -74.003603482535851, 40.726277285531523 ] ] ] } },
{ "type": "Feature", "properties": { "group_id": "N1g4-006", "n_parks": 10, "extent_km": 0.67, "max_walk_m": 729.2, "park_area_acres": 6.74, "hull_area_acres": 65.27, "boroughs": "B", "members": "Fort Stirling Park; Walt Whitman Park; Brooklyn Heights Promenade; Brooklyn Heights Promenade; Brooklyn Heights Promenade; Brooklyn Heights Promenade; Fruit Street Sitting Area; Squibb Park; Hillside Dog Park; Harry Chapin Playground" }, "geometry": { "type": "Polygon", "coordinates": [ [ [ -73.997662852457793, 40.696517533683107 ], [ -73.997729547272343, 40.6965414859487 ], [ -73.996325291938021, 40.699763445765583 ], [ -73.996244989642904, 40.699931900172061 ], [ -73.995641423305742, 40.701195435943582 ], [ -73.994559399389331, 40.70184885715814 ], [ -73.993493973796191, 40.701537973076974 ], [ -73.988905326724364, 40.698860038747803 ], [ -73.988976881779237, 40.697564431752085 ], [ -73.997662852457793, 40.696517533683107 ] ] ] } },
{ "type": "Feature", "properties": { "group_id": "N1g4-007", "n_parks": 10, "extent_km": 0.767, "max_walk_m": 780.6, "park_area_acres": 14.21, "hull_area_acres": 110.6, "boroughs": "M", "members": "Annunciation Playground; Johnny Hartman Square; Alexander Hamilton Playground; Montefiore Square; Riverside Park (1/4); Riverside Park (4/4); Broadway Malls (1/5); Broadway Malls (3/5); Jacob H. Schiff Playground; Frank White Memorial Garden" }, "geometry": { "type": "Polygon", "coordinates": [ [ [ -73.95197915025247, 40.817820488928824 ], [ -73.952630418831106, 40.818093286444864 ], [ -73.958416629404809, 40.820880113585972 ], [ -73.958271139742365, 40.821596837067929 ], [ -73.95790088298358, 40.822115968144814 ], [ -73.95782170025349, 40.822201966296319 ], [ -73.953553315606356, 40.826243941828047 ], [ -73.951065104178824, 40.825651726980517 ], [ -73.950996023506065, 40.825622700874227 ], [ -73.948552837015512, 40.824194212979194 ], [ -73.948552233950991, 40.824193802984581 ], [ -73.948551731703319, 40.824193320995271 ], [ -73.948551345672527, 40.824192780525571 ], [ -73.948551086514286, 40.824192198689659 ], [ -73.948550961328522, 40.824191591699638 ], [ -73.948550974843698, 40.82419097666704 ], [ -73.948551125859126, 40.824190373402232 ], [ -73.948551409620592, 40.824189798112066 ], [ -73.95158743575908, 40.818141155885378 ], [ -73.95197915025247, 40.817820488928824 ] ] ] } },
{ "type": "Feature", "properties": { "group_id": "N1g4-008", "n_parks": 10, "extent_km": 0.684, "max_walk_m": 638.3, "park_area_acres": 4.13, "hull_area_acres": 68.42, "boroughs": "M", "members": "Adam Clayton Powell Jr. Malls (9/9); Courtney Callender Playground; Abraham Lincoln Playground; Howard Bennett Playground; 132 St Block Association Park; Parks Council Success Garden; Margrichante Garden; United Block Association Garden; Harlem Grown 134th Street Green House; Harlem Valley Garden" }, "geometry": { "type": "Polygon", "coordinates": [ [ [ -73.940049959359627, 40.809713299769463 ], [ -73.940563282084952, 40.80992893764985 ], [ -73.945509771045579, 40.812832932924458 ], [ -73.945514287484428, 40.812836373158319 ], [ -73.945517169541361, 40.812841211992719 ], [ -73.945517220898978, 40.812846523151123 ], [ -73.945515503818044, 40.812850490832147 ], [ -73.945060809791244, 40.813474692591434 ], [ -73.943621395565387, 40.81544507364638 ], [ -73.943621045506745, 40.815445550738708 ], [ -73.943378177709008, 40.815775888042438 ], [ -73.943307321904527, 40.815872261132476 ], [ -73.938997928023724, 40.81413267588723 ], [ -73.937989574647574, 40.813715898367043 ], [ -73.936562924643752, 40.812146033203334 ], [ -73.93675228301538, 40.811887035243956 ], [ -73.936770739554561, 40.811866540134673 ], [ -73.940049959359627, 40.809713299769463 ] ] ] } },
{ "type": "Feature", "properties": { "group_id": "N1g4-009", "n_parks": 10, "extent_km": 0.682, "max_walk_m": 705.1, "park_area_acres": 7.7, "hull_area_acres": 62.0, "boroughs": "X", "members": "Crotona Parkway Malls (1/3); Crotona Parkway Malls (3/3); Mapes Pool; Vidalia Park; Mapes Park; Garden Of Happiness; Daly Ave Garden; Mohegan Triangle; Volky Garden & Flowers; Garden of Youth" }, "geometry": { "type": "Polygon", "coordinates": [ [ [ -73.88537442745212, 40.843107854228428 ], [ -73.885404038463733, 40.843112274174011 ], [ -73.886871568521499, 40.846704896579411 ], [ -73.885364366620323, 40.849281142078368 ], [ -73.885198430496501, 40.849438057181864 ], [ -73.882790312412638, 40.848807419482768 ], [ -73.88277693189147, 40.84880159500738 ], [ -73.880614624896879, 40.843867998169301 ], [ -73.880951935861532, 40.843493547892201 ], [ -73.881198861632086, 40.843219431998143 ], [ -73.88537442745212, 40.843107854228428 ] ] ] } },
{ "type": "Feature", "properties": { "group_id": "N1g4-010", "n_parks": 10, "extent_km": 0.398, "max_walk_m": 473.3, "park_area_acres": 4.63, "hull_area_acres": 28.45, "boroughs": "X", "members": "Railroad Park; Triangle; O'Neill Triangle; Rainbow Garden; Edith Garden; Jardin de la Roca; Melrose Commons Park; Family Group Garden; Yolanda García Park; Little Green Garden" }, "geometry": { "type": "Polygon", "coordinates": [ [ [ -73.914070905512304, 40.821693314161266 ], [ -73.914225317515417, 40.821740592626469 ], [ -73.915180682062527, 40.823230423052678 ], [ -73.915957066679425, 40.824983586466317 ], [ -73.915178470573636, 40.82548055568072 ], [ -73.913078663594348, 40.825344824456508 ], [ -73.910740314559575, 40.824588834978556 ], [ -73.910890892559465, 40.824008440335369 ], [ -73.911104529372196, 40.823484919884145 ], [ -73.912285080318895, 40.822635675332542 ], [ -73.914070905512304, 40.821693314161266 ] ] ] } },
{ "type": "Feature", "properties": { "group_id": "N1g4-011", "n_parks": 9, "extent_km": 0.667, "max_walk_m": 386.5, "park_area_acres": 24.88, "hull_area_acres": 222.17, "boroughs": "B", "members": "Pierrepont Playground; Adam Yauch Park; Brooklyn Heights Promenade; Brooklyn Heights Promenade; Brooklyn Heights Promenade; Brooklyn Heights Promenade; Brooklyn Heights Promenade; Brooklyn Heights Promenade; Brooklyn Bridge Park" }, "geometry": { "type": "Polygon", "coordinates": [ [ [ -73.998441897419227, 40.691500966710045 ], [ -74.001735845502779, 40.692416997513945 ], [ -74.002291466584737, 40.692609755194773 ], [ -74.004003933657685, 40.693225185509171 ], [ -74.002955887718187, 40.694829963376414 ], [ -74.002767308386922, 40.695118707545191 ], [ -74.001420280899197, 40.697142730319136 ], [ -74.001182662514935, 40.697499393547055 ], [ -73.996205858887649, 40.703373457239188 ], [ -73.994340981018084, 40.704427122454319 ], [ -73.993863918092629, 40.704551811659243 ], [ -73.990402939000703, 40.705245539923681 ], [ -73.990179142884372, 40.705279453220072 ], [ -73.989963825157886, 40.705312080890387 ], [ -73.989453581217717, 40.705388122186775 ], [ -73.987397233494505, 40.704964477796146 ], [ -73.987423873338074, 40.704499792438654 ], [ -73.998441897419227, 40.691500966710045 ] ] ] } },
{ "type": "Feature", "properties": { "group_id": "N1g4-012", "n_parks": 9, "extent_km": 0.689, "max_walk_m": 562.7, "park_area_acres": 18.0, "hull_area_acres": 80.63, "boroughs": "M", "members": "Jackie Robinson Park; Carmansville Playground; Donnellan Square; Harlem River Park (7/15); Bushman Steps; Wright Brothers Playground; Convent Garden; Harris Garden; Sugar Hill Hope Garden" }, "geometry": { "type": "Polygon", "coordinates": [ [ [ -73.942921060928825, 40.823438760906896 ], [ -73.943645148549322, 40.82374379533762 ], [ -73.94464071044186, 40.82902182224182 ], [ -73.944277586038496, 40.829525656235191 ], [ -73.942062037180122, 40.831965182803295 ], [ -73.93829900199114, 40.833411677735334 ], [ -73.937971286567191, 40.833223531517405 ], [ -73.938805730265273, 40.829654487160006 ], [ -73.939410947236198, 40.828249163539134 ], [ -73.942921060928825, 40.823438760906896 ] ] ] } },
{ "type": "Feature", "properties": { "group_id": "N1g4-013", "n_parks": 9, "extent_km": 0.518, "max_walk_m": 508.2, "park_area_acres": 1.7, "hull_area_acres": 13.95, "boroughs": "M", "members": "Joseph C. Sauer Park; Children's Garden; Lower East Side Playground; Dias Y Flores; El Sol Brilliante Jr; Community Garden Association; Vamos Sembrar; Yu Suen Garden; Campos Garden" }, "geometry": { "type": "Polygon", "coordinates": [ [ [ -73.977583038898558, 40.727093166771098 ], [ -73.982932650910683, 40.7290175706895 ], [ -73.983474934158323, 40.729245859386495 ], [ -73.983339163658457, 40.729433323009758 ], [ -73.983249988844179, 40.729556449217185 ], [ -73.983205137839036, 40.729618376061282 ], [ -73.983108917966135, 40.72975122662092 ], [ -73.979923619059647, 40.729250584557107 ], [ -73.979842479577144, 40.729216306929352 ], [ -73.979766455624699, 40.729184189562908 ], [ -73.978200774610187, 40.728510172933028 ], [ -73.977402058081879, 40.727342516519919 ], [ -73.977583038898558, 40.727093166771098 ] ] ] } },
{ "type": "Feature", "properties": { "group_id": "N1g4-014", "n_parks": 9, "extent_km": 0.553, "max_walk_m": 610.6, "park_area_acres": 3.86, "hull_area_acres": 31.26, "boroughs": "X", "members": "Flynn Playground; Melrose Playground; Latinos Unidos Garden; Courtlandt Avenue Association Garden; Vogue Garden; 811 Family and Friends Garden; P.S. 29 Ballfield; Rainbow Garden of Life and Health; Centro Cultural Rincon Criollo" }, "geometry": { "type": "Polygon", "coordinates": [ [ [ -73.918294497446155, 40.820138341579089 ], [ -73.918929091153259, 40.820297463305309 ], [ -73.918690415642828, 40.82084500967192 ], [ -73.916878021902363, 40.82315669365007 ], [ -73.916540822040631, 40.823053769209217 ], [ -73.911478785253649, 40.821227160036891 ], [ -73.911970804555864, 40.820369117619656 ], [ -73.918294497446155, 40.820138341579089 ] ] ] } },
{ "type": "Feature", "properties": { "group_id": "N1g4-015", "n_parks": 9, "extent_km": 0.71, "max_walk_m": 713.4, "park_area_acres": 2.54, "hull_area_acres": 37.26, "boroughs": "X", "members": "Featherbenches; Townsend Walk; Jennie Jerome Playground; Walton Walk; Jerome Playground South; Walton Slope; Mount Hope Playground; 176th Street Community Garden; Townsend Garden" }, "geometry": { "type": "Polygon", "coordinates": [ [ [ -73.913917034771714, 40.844636481626338 ], [ -73.914245259781097, 40.844770224183371 ], [ -73.915247745411548, 40.845510012198829 ], [ -73.915239076059663, 40.845522053522025 ], [ -73.90977110486989, 40.850406468955896 ], [ -73.909458554405603, 40.850663540582168 ], [ -73.909067795953845, 40.850522498027139 ], [ -73.909388988053891, 40.848113163124331 ], [ -73.909492465714365, 40.847832371750549 ], [ -73.911260694136189, 40.845338036403483 ], [ -73.911612086533964, 40.844876662204996 ], [ -73.913917034771714, 40.844636481626338 ] ] ] } },
{ "type": "Feature", "properties": { "group_id": "N1g4-016", "n_parks": 8, "extent_km": 0.658, "max_walk_m": 617.6, "park_area_acres": 10.59, "hull_area_acres": 93.56, "boroughs": "M", "members": "Allen Street Malls (2/3); Allen Street Malls (3/3); Schiff Mall; Sara D. Roosevelt Park; Peretz Square; First Park; Liz Christy Garden; First Street Garden" }, "geometry": { "type": "Polygon", "coordinates": [ [ [ -73.994351957989764, 40.71574525105968 ], [ -73.994773721224078, 40.715872760714227 ], [ -73.993922548721756, 40.720276375598857 ], [ -73.993921541085811, 40.720280894303279 ], [ -73.992298747901543, 40.724371435170703 ], [ -73.989570435917756, 40.724158833462141 ], [ -73.989497200333048, 40.724127980762105 ], [ -73.987396913119966, 40.722738332779791 ], [ -73.988301744367817, 40.718580528482399 ], [ -73.988304012699516, 40.718576788895263 ], [ -73.988304707642357, 40.718575643517283 ], [ -73.988309240097493, 40.718571907762048 ], [ -73.991568073433385, 40.716802013756684 ], [ -73.994351957989764, 40.71574525105968 ] ] ] } },
{ "type": "Feature", "properties": { "group_id": "N1g4-017", "n_parks": 8, "extent_km": 0.727, "max_walk_m": 695.9, "park_area_acres": 1.05, "hull_area_acres": 49.26, "boroughs": "M", "members": "A Philip Randolph Square; Adam Clayton Powell Jr. Malls (3/9); Adam Clayton Powell Jr. Malls (5/9); New 123rd St Block Association Garden; Joseph Daniel Wilson Garden; P.S. 76 Garden; Our Little Green Acre Garden; TRUCE Garden" }, "geometry": { "type": "Polygon", "coordinates": [ [ [ -73.952452637298251, 40.803307501264236 ], [ -73.952457979199977, 40.803307947413323 ], [ -73.952463137626765, 40.803309761344288 ], [ -73.952467944107198, 40.803313214938193 ], [ -73.952470714059203, 40.803317518663633 ], [ -73.953273992531933, 40.804597952822775 ], [ -73.952156199656244, 40.808138407061378 ], [ -73.952106885752343, 40.808206290447472 ], [ -73.952014394479193, 40.808333607633429 ], [ -73.947903176753812, 40.809576560839346 ], [ -73.947895106065886, 40.809577709829412 ], [ -73.947888351381494, 40.809576744144096 ], [ -73.947882051128758, 40.809573609364342 ], [ -73.947877275340446, 40.809568524794884 ], [ -73.947875826471048, 40.809564748351931 ], [ -73.947291679581525, 40.80674436928777 ], [ -73.947473409766445, 40.806496610766359 ], [ -73.952442307628147, 40.803310203002134 ], [ -73.952447044479968, 40.80330827338625 ], [ -73.952452637298251, 40.803307501264236 ] ] ] } },
{ "type": "Feature", "properties": { "group_id": "N1g4-018", "n_parks": 8, "extent_km": 0.777, "max_walk_m": 754.4, "park_area_acres": 8.02, "hull_area_acres": 83.46, "boroughs": "Q", "members": "Gorman Playground; One Room Schoolhouse Park; O'Sullivan Plaza; LaGuardia Landing Lights; Laguardia Landing Lights; LaGuardia Landing Lights; Planeview Park; Park" }, "geometry": { "type": "Polygon", "coordinates": [ [ [ -73.884461453081343, 40.761527818510487 ], [ -73.888561506600112, 40.763301496738073 ], [ -73.888745165617948, 40.764310017287187 ], [ -73.888139614573035, 40.766204536764526 ], [ -73.88488433118431, 40.76736754392131 ], [ -73.883874836220983, 40.767685091525799 ], [ -73.879342358105689, 40.763517231242808 ], [ -73.879300424186837, 40.763281830413028 ], [ -73.879535886333741, 40.76310986966871 ], [ -73.879569297732061, 40.7630856296838 ], [ -73.883717462003233, 40.761609165421433 ], [ -73.884461453081343, 40.761527818510487 ] ] ] } },
{ "type": "Feature", "properties": { "group_id": "N1g4-019", "n_parks": 8, "extent_km": 0.63, "max_walk_m": 618.4, "park_area_acres": 5.12, "hull_area_acres": 43.04, "boroughs": "X", "members": "Crotona Parkway Malls (2/3); Admiral Farragut Playground; Prospect Playground; Fairmount Playground; Park; Park; Park; Miracle Garden" }, "geometry": { "type": "Polygon", "coordinates": [ [ [ -73.886313191102374, 40.839225864114923 ], [ -73.886321437769439, 40.839226461166191 ], [ -73.886327871626818, 40.8392276840747 ], [ -73.886333253040149, 40.839229336381869 ], [ -73.886448423810862, 40.839273354314265 ], [ -73.8919221760856, 40.842728775880417 ], [ -73.892814973018034, 40.843307519535045 ], [ -73.890959239592789, 40.843737440704679 ], [ -73.885404038463733, 40.843112274174011 ], [ -73.88537442745212, 40.843107854228428 ], [ -73.885371648296157, 40.843106886351222 ], [ -73.885366882747888, 40.843104802375741 ], [ -73.885361536451455, 40.843101870458497 ], [ -73.885355800507114, 40.843097979128103 ], [ -73.885352097947901, 40.843094891257721 ], [ -73.88534878592651, 40.843091558841181 ], [ -73.88534583707731, 40.843088035880903 ], [ -73.88534332610628, 40.843084320650192 ], [ -73.885340535902927, 40.843078877094754 ], [ -73.885338586762799, 40.843073226361348 ], [ -73.885337591221173, 40.843067433397373 ], [ -73.88504032192651, 40.840107242433234 ], [ -73.88505957597917, 40.840080189170514 ], [ -73.886283837231773, 40.839233286766941 ], [ -73.886290824367848, 40.839229911399578 ], [ -73.886297688575723, 40.839227698448511 ], [ -73.886304933092489, 40.83922635394827 ], [ -73.886313191102374, 40.839225864114923 ] ] ] } },
{ "type": "Feature", "properties": { "group_id": "N1g4-020", "n_parks": 7, "extent_km": 0.568, "max_walk_m": 541.1, "park_area_acres": 11.53, "hull_area_acres": 54.15, "boroughs": "B", "members": "Betsy Head Park; Howard Malls; Amboy Neighborhood Center; Fantasy Garden; Isabahlia Community Garden; Brownsville Community Farm; Saratoga Blake Garden" }, "geometry": { "type": "Polygon", "coordinates": [ [ [ -73.914441233861069, 40.66183447151306 ], [ -73.919873335913934, 40.663735453228412 ], [ -73.919961260589389, 40.664033829425208 ], [ -73.916417534152941, 40.665847555270709 ], [ -73.916068099673438, 40.665900168363059 ], [ -73.911642248959268, 40.665244276926067 ], [ -73.911292774052569, 40.66389157271351 ], [ -73.911890561371891, 40.66222141080727 ], [ -73.914441233861069, 40.66183447151306 ] ] ] } },
{ "type": "Feature", "properties": { "group_id": "N1g4-021", "n_parks": 7, "extent_km": 0.486, "max_walk_m": 321.2, "park_area_acres": 16.82, "hull_area_acres": 70.33, "boroughs": "B", "members": "Cadman Plaza Park; Anchorage Plaza; Clumber Corner; Bar and Grill Park; Susan Smith McKinney Steward Park; Bridge Park 3; Maritcha R. Lyons Park" }, "geometry": { "type": "Polygon", "coordinates": [ [ [ -73.990134146807534, 40.696457122599085 ], [ -73.991082778446909, 40.696491642810223 ], [ -73.99282779379233, 40.702346064546539 ], [ -73.992829012101197, 40.702350223186038 ], [ -73.992829910925565, 40.702354426831143 ], [ -73.992830680619491, 40.702360074889242 ], [ -73.992830934562619, 40.702364328922854 ], [ -73.992830860742558, 40.702368588339148 ], [ -73.992830528972775, 40.702372840535276 ], [ -73.992829874175683, 40.702377070198487 ], [ -73.992828573172602, 40.702382661395248 ], [ -73.992826763376613, 40.702388170613744 ], [ -73.992824453073524, 40.702393569938579 ], [ -73.99282241389065, 40.702397537466481 ], [ -73.992820076536731, 40.702401405919431 ], [ -73.992817506089708, 40.702405188809166 ], [ -73.992814650489763, 40.702408851912992 ], [ -73.992810478992112, 40.702413559528246 ], [ -73.992807085038066, 40.702416946141142 ], [ -73.992803437882699, 40.702420178750536 ], [ -73.992799597870032, 40.702423278072033 ], [ -73.99279552832347, 40.702426202679725 ], [ -73.992791286036649, 40.702428979592511 ], [ -73.992786837883031, 40.702431563782767 ], [ -73.992782235922292, 40.702433990373592 ], [ -73.992777458861624, 40.702436206233436 ], [ -73.992772550476872, 40.702438254589708 ], [ -73.992753563164641, 40.702444887466399 ], [ -73.992734294285981, 40.702451032244724 ], [ -73.992714768689709, 40.702456687125185 ], [ -73.992695004126162, 40.702461843103613 ], [ -73.992675025444711, 40.702466495678905 ], [ -73.992654855128634, 40.702470636747819 ], [ -73.992634513293936, 40.702474264510506 ], [ -73.992614024790058, 40.702477374465865 ], [ -73.992593409733502, 40.702479961212077 ], [ -73.992572692973098, 40.7024820256512 ], [ -73.992551032022433, 40.702483613654735 ], [ -73.992530179314457, 40.702484519118727 ], [ -73.98559911557679, 40.701435503616288 ], [ -73.984334577653726, 40.700477852873334 ], [ -73.98434758032559, 40.700174584692533 ], [ -73.984358519894641, 40.699919439585393 ], [ -73.990134146807534, 40.696457122599085 ] ] ] } },
{ "type": "Feature", "properties": { "group_id": "N1g4-022", "n_parks": 7, "extent_km": 0.444, "max_walk_m": 422.6, "park_area_acres": 1.7, "hull_area_acres": 23.4, "boroughs": "B", "members": "Harold Ickes Playground; Park; Human Compass Garden; The Amazing Garden; Summit Street Community Garden; South Brooklyn Children's Garden; Pirate's Cove Garden" }, "geometry": { "type": "Polygon", "coordinates": [ [ [ -74.00407763452769, 40.681325770982092 ], [ -74.00432756028215, 40.681395592226934 ], [ -74.006099578333632, 40.68189294695533 ], [ -74.006542054728143, 40.682653895779964 ], [ -74.006037459731331, 40.683081614394403 ], [ -74.003038264126999, 40.685356631535385 ], [ -74.002709578169501, 40.685264826063516 ], [ -74.002284547452248, 40.684862260600902 ], [ -74.002540297881467, 40.682362188097471 ], [ -74.002541548112688, 40.682359612599605 ], [ -74.002699056888872, 40.682106548342688 ], [ -74.00407763452769, 40.681325770982092 ] ] ] } },
{ "type": "Feature", "properties": { "group_id": "N1g4-023", "n_parks": 7, "extent_km": 0.618, "max_walk_m": 666.7, "park_area_acres": 1.62, "hull_area_acres": 12.28, "boroughs": "B", "members": "Willoughby Playground; All People's Church of the Apostolic Faith Community Garden; Red Gate Garden; Vernon Tandt Block Association; Vernon/throop Av Block Association; Vernon Cases Community Garden; Tranquility Farm (Willoughby Ave. Garden)" }, "geometry": { "type": "Polygon", "coordinates": [ [ [ -73.949351340428422, 40.69363993380103 ], [ -73.950403005486706, 40.694108781921749 ], [ -73.95045707323311, 40.694383303150786 ], [ -73.947283796844687, 40.69475234275275 ], [ -73.946814473732957, 40.694806169299781 ], [ -73.942940574111617, 40.695248333335215 ], [ -73.942928906017087, 40.695188945933005 ], [ -73.942980970109886, 40.694669707208348 ], [ -73.948990058318259, 40.693681645387535 ], [ -73.949351340428422, 40.69363993380103 ] ] ] } },
{ "type": "Feature", "properties": { "group_id": "N1g4-024", "n_parks": 7, "extent_km": 0.567, "max_walk_m": 533.5, "park_area_acres": 7.96, "hull_area_acres": 49.03, "boroughs": "M", "members": "Ahearn Park; Corlears Hook Park; Lillian D Wald Playground; Cherry Clinton Playground; Vladeck Park; Henry M. Jackson Playground; Sol Lain Plgd" }, "geometry": { "type": "Polygon", "coordinates": [ [ [ -73.986554993263354, 40.711127173786856 ], [ -73.986602537808736, 40.71144076599824 ], [ -73.984333507850167, 40.71444592282478 ], [ -73.98368415810306, 40.714887741884937 ], [ -73.981002550691144, 40.714145095710371 ], [ -73.977985738604104, 40.712313045935652 ], [ -73.977993599273645, 40.712301409238677 ], [ -73.978023239857365, 40.712257531214824 ], [ -73.978043669366073, 40.712232745855161 ], [ -73.978147809189309, 40.712106403309186 ], [ -73.978287920152738, 40.711969124450931 ], [ -73.978446805887202, 40.711830976341467 ], [ -73.978542022746851, 40.711755271982888 ], [ -73.978704706504246, 40.711638499645368 ], [ -73.978785252747784, 40.711589916653494 ], [ -73.978852692336574, 40.711549241284494 ], [ -73.978966530291956, 40.711485883292468 ], [ -73.979194417695624, 40.711377130396535 ], [ -73.9792901620945, 40.711339356825512 ], [ -73.979403954517437, 40.711294463364901 ], [ -73.97949816414102, 40.711263235158896 ], [ -73.979573627642523, 40.71123822157795 ], [ -73.979793174362541, 40.71117799003779 ], [ -73.97997171728413, 40.711139005708489 ], [ -73.980148287378597, 40.711107522917501 ], [ -73.980304139290766, 40.711088042823334 ], [ -73.980439221371412, 40.711075446997931 ], [ -73.986554993263354, 40.711127173786856 ] ] ] } },
{ "type": "Feature", "properties": { "group_id": "N1g4-025", "n_parks": 7, "extent_km": 0.554, "max_walk_m": 540.1, "park_area_acres": 8.35, "hull_area_acres": 45.55, "boroughs": "M", "members": "Brigadier General Charles Young Triangle; Adam Clayton Powell Jr. Malls (4/9); Bill Bojangles Robinson Playground; Percy E. Sutton Playground; Frederick Johnson Playground; Holcombe Rucker Park; Bradhurst Gardens Association" }, "geometry": { "type": "Polygon", "coordinates": [ [ [ -73.937370589796288, 40.823941166612549 ], [ -73.937405493059558, 40.823955887569213 ], [ -73.939202767794157, 40.827294384869639 ], [ -73.939160012221166, 40.827352759445787 ], [ -73.936065455835902, 40.830461722471277 ], [ -73.936022071584574, 40.830485883003682 ], [ -73.935973864404389, 40.830504017431686 ], [ -73.935922270510602, 40.830515586250378 ], [ -73.935868826706781, 40.830520244519782 ], [ -73.935815122949492, 40.830517853545516 ], [ -73.935762760848036, 40.830508485358429 ], [ -73.93571329913155, 40.830492418181642 ], [ -73.935668210973461, 40.830470130102945 ], [ -73.935628840137838, 40.830442285542162 ], [ -73.935579851225185, 40.830402045685766 ], [ -73.935536469842162, 40.830358250186862 ], [ -73.935499138939534, 40.830311347745862 ], [ -73.935468242156958, 40.830261818547079 ], [ -73.935444096712587, 40.830210171552885 ], [ -73.935426948672273, 40.830156933694781 ], [ -73.934858519953224, 40.827097619178446 ], [ -73.934773528134457, 40.826531870868727 ], [ -73.934664602504412, 40.825205197247513 ], [ -73.934623727217883, 40.824634501096106 ], [ -73.934630602676464, 40.824017935479525 ], [ -73.937370589796288, 40.823941166612549 ] ] ] } },
{ "type": "Feature", "properties": { "group_id": "N1g4-026", "n_parks": 7, "extent_km": 0.659, "max_walk_m": 646.5, "park_area_acres": 30.97, "hull_area_acres": 125.25, "boroughs": "M", "members": "Morningside Park; Lafayette Square; Adam Clayton Powell Jr. Malls (1/9); Samuel Marx Triangle; Garden Of Love; Luigi's Garden of Love; Electric Ladybug Garden" }, "geometry": { "type": "Polygon", "coordinates": [ [ [ -73.95520443357691, 40.799545361045048 ], [ -73.955211141543373, 40.79954748072555 ], [ -73.955211482746634, 40.799547588918031 ], [ -73.959674135868198, 40.801338688688261 ], [ -73.960889690236016, 40.80185198943331 ], [ -73.959675039475542, 40.805431856657947 ], [ -73.957154284600691, 40.810207102170239 ], [ -73.956773813247466, 40.810736585203827 ], [ -73.955164509309569, 40.810057024079896 ], [ -73.952753716866596, 40.802888185295927 ], [ -73.952720662912796, 40.802622161667074 ], [ -73.952715076956835, 40.802498252524252 ], [ -73.9527158661502, 40.802494975932348 ], [ -73.952717352045056, 40.802491841905002 ], [ -73.95271949428988, 40.802488935072574 ], [ -73.955191468151995, 40.799547848587949 ], [ -73.955196024565168, 40.799545879165976 ], [ -73.95520443357691, 40.799545361045048 ] ] ] } },
{ "type": "Feature", "properties": { "group_id": "N1g4-027", "n_parks": 7, "extent_km": 0.321, "max_walk_m": 426.2, "park_area_acres": 1.25, "hull_area_acres": 14.56, "boroughs": "M", "members": "Peter Minuit Playground; Family Community Garden; 110th Street Block Association Garden; Pueblo Unido Garden; Diversity Edible Farm; Mission Garden; Villa Santruce" }, "geometry": { "type": "Polygon", "coordinates": [ [ [ -73.947133320074585, 40.794406069451099 ], [ -73.947689901062517, 40.794642437220269 ], [ -73.947473144853731, 40.796183522747668 ], [ -73.946952142375864, 40.79689398922433 ], [ -73.945735722070026, 40.796643512679445 ], [ -73.945530897636914, 40.796556824908869 ], [ -73.943663360495307, 40.795231597135668 ], [ -73.943843762121006, 40.794983997227682 ], [ -73.947133320074585, 40.794406069451099 ] ] ] } },
{ "type": "Feature", "properties": { "group_id": "N1g4-028", "n_parks": 7, "extent_km": 0.928, "max_walk_m": 765.2, "park_area_acres": 9.54, "hull_area_acres": 41.08, "boroughs": "Q", "members": "Federalist Triangle; Frank Principe Park; Hull Triangle; Technical Sergeant Thomas J. Davey Triangle; Whitefish Triangle; Peter Chahales Park; Frontera Park" }, "geometry": { "type": "Polygon", "coordinates": [ [ [ -73.895709690412744, 40.724173193462235 ], [ -73.901710256935445, 40.725232172185677 ], [ -73.905446280825814, 40.727168248033109 ], [ -73.905601063729932, 40.727249344332229 ], [ -73.906544326168699, 40.727743629809247 ], [ -73.906194397212886, 40.728012294966682 ], [ -73.905598953018341, 40.72846945073514 ], [ -73.894086396429245, 40.724908588065688 ], [ -73.895709690412744, 40.724173193462235 ] ] ] } },
{ "type": "Feature", "properties": { "group_id": "N1g4-029", "n_parks": 7, "extent_km": 0.643, "max_walk_m": 525.7, "park_area_acres": 40.78, "hull_area_acres": 106.61, "boroughs": "X", "members": "Claremont Park; Mount Eden Malls; Barry Plaza; Morris Mesa; Peace Park; Garden Of Eden; Garden Of Life" }, "geometry": { "type": "Polygon", "coordinates": [ [ [ -73.909145202691832, 40.83706457307408 ], [ -73.909182024955058, 40.837070243670311 ], [ -73.909196868323036, 40.837077082904003 ], [ -73.909225137622542, 40.837108571124013 ], [ -73.91294095693523, 40.843575142066079 ], [ -73.912943094114553, 40.843579351683474 ], [ -73.912944703409892, 40.843584632489225 ], [ -73.912944978817706, 40.843589833044838 ], [ -73.912944276844243, 40.843594361094979 ], [ -73.912942381105182, 40.843598655016365 ], [ -73.912938757480347, 40.843603114224813 ], [ -73.912934088778655, 40.843606981920843 ], [ -73.910318497371804, 40.845440631179166 ], [ -73.905263303490571, 40.845266215118031 ], [ -73.904914291939207, 40.845249195890986 ], [ -73.904706818364218, 40.843244269483421 ], [ -73.904706964349387, 40.843239207931411 ], [ -73.905355164661685, 40.840506787164813 ], [ -73.90540271192053, 40.840365845778763 ], [ -73.905489398072447, 40.840178204424369 ], [ -73.905581687080314, 40.84000999483807 ], [ -73.905667258272331, 40.839867941725053 ], [ -73.905781768083784, 40.839694397606621 ], [ -73.90591866072495, 40.83950673927913 ], [ -73.906006587671939, 40.839397445089418 ], [ -73.906050139646965, 40.839346123607577 ], [ -73.906901516892447, 40.83834446336391 ], [ -73.906956957588108, 40.838283722054499 ], [ -73.907019233065739, 40.838223365335971 ], [ -73.907924182375041, 40.837395751138075 ], [ -73.90802168249148, 40.837323962297283 ], [ -73.908107896082882, 40.837279665472771 ], [ -73.908268203738132, 40.837229327589789 ], [ -73.909145202691832, 40.83706457307408 ] ] ] } },
{ "type": "Feature", "properties": { "group_id": "N1g4-030", "n_parks": 7, "extent_km": 0.544, "max_walk_m": 569.8, "park_area_acres": 3.56, "hull_area_acres": 39.13, "boroughs": "X", "members": "Benjamin Gladstone Square; Lyons Square Playground; Bryant Triangle; Hoe Garden; Field Of Dreams Court; Printers Park; Longfellow Playground" }, "geometry": { "type": "Polygon", "coordinates": [ [ [ -73.888338503515911, 40.822183913578975 ], [ -73.890265482477872, 40.822501483890278 ], [ -73.89091508828686, 40.823196779290562 ], [ -73.891252583348304, 40.82388596701972 ], [ -73.892460565274931, 40.826482294696845 ], [ -73.892458424747801, 40.826688142472385 ], [ -73.888717523480139, 40.826676677816934 ], [ -73.888342708587004, 40.826673853555029 ], [ -73.887430558542505, 40.82587678326076 ], [ -73.887389101878796, 40.82532765894689 ], [ -73.887679654033676, 40.822611652554073 ], [ -73.888338503515911, 40.822183913578975 ] ] ] } },
{ "type": "Feature", "properties": { "group_id": "N1g4-031", "n_parks": 7, "extent_km": 0.591, "max_walk_m": 658.8, "park_area_acres": 1.97, "hull_area_acres": 19.2, "boroughs": "X", "members": "Hines Park; Park; Franklin Triangle; Charlton-Thompson Garden; Estella Diggs Park; Garden; Genesis Community Garden" }, "geometry": { "type": "Polygon", "coordinates": [ [ [ -73.907036599974546, 40.824383858922253 ], [ -73.907381288814591, 40.824466173281159 ], [ -73.908175768982787, 40.825020386796474 ], [ -73.908075102132301, 40.825291857459007 ], [ -73.90647249699758, 40.829342129354416 ], [ -73.904630173365575, 40.829741447200654 ], [ -73.904409192676155, 40.829597917992352 ], [ -73.907036599974546, 40.824383858922253 ] ] ] } },
{ "type": "Feature", "properties": { "group_id": "N1g4-032", "n_parks": 7, "extent_km": 0.939, "max_walk_m": 618.5, "park_area_acres": 62.0, "hull_area_acres": 133.57, "boroughs": "X", "members": "Macombs Dam Park; Rev. T. Wendell Foster Park and Recreation Center; Jerome Slope; Nelson Playground; Taqwa Community Farm; Las Casitas Community Garden; Woodycrest Community Garden" }, "geometry": { "type": "Polygon", "coordinates": [ [ [ -73.927232232047572, 40.825846975780472 ], [ -73.928025526616281, 40.826112240075766 ], [ -73.928162085309154, 40.826163061852682 ], [ -73.929549744531329, 40.826687673202088 ], [ -73.93052788220804, 40.827067551722415 ], [ -73.930568492683051, 40.827084976454493 ], [ -73.932012732180795, 40.82837733101848 ], [ -73.932125498551201, 40.828529157910182 ], [ -73.932211022500184, 40.828644933559474 ], [ -73.932262408093976, 40.828719570683369 ], [ -73.932293293438846, 40.828769136768699 ], [ -73.932331152460023, 40.828829894689932 ], [ -73.932351433172002, 40.828865820137935 ], [ -73.932403453331531, 40.828957971299076 ], [ -73.932451303036814, 40.829054761144661 ], [ -73.932505459393354, 40.829175340338786 ], [ -73.932561090365411, 40.829322010412561 ], [ -73.932587502037975, 40.829392668796153 ], [ -73.932625398028577, 40.829521731890402 ], [ -73.932656955526156, 40.829642250072339 ], [ -73.932678498978362, 40.829740538179792 ], [ -73.932695672530713, 40.829833079473417 ], [ -73.932714176496461, 40.829973484650935 ], [ -73.932720890732696, 40.830036214349747 ], [ -73.932726654201545, 40.830136450010237 ], [ -73.932728245058527, 40.830258522039152 ], [ -73.93272701844954, 40.830364810347319 ], [ -73.932721804324885, 40.830441158472247 ], [ -73.932701730972866, 40.830635573522983 ], [ -73.932693334816591, 40.830700189939513 ], [ -73.932684868896729, 40.830742344369078 ], [ -73.932668304022073, 40.830824825435066 ], [ -73.932639812071727, 40.830949909148487 ], [ -73.932601310972444, 40.831118932953203 ], [ -73.9325752548596, 40.83119743547023 ], [ -73.932546883773526, 40.831275473772102 ], [ -73.926950939188941, 40.835243509924524 ], [ -73.925487935382321, 40.835742375341283 ], [ -73.925169993699981, 40.835599383530294 ], [ -73.922401364238382, 40.834105176368162 ], [ -73.923662116514407, 40.831932535262155 ], [ -73.925897913929333, 40.828094837218025 ], [ -73.927232232047572, 40.825846975780472 ] ] ] } },
{ "type": "Feature", "properties": { "group_id": "N1g4-033", "n_parks": 6, "extent_km": 0.565, "max_walk_m": 570.1, "park_area_acres": 7.29, "hull_area_acres": 57.95, "boroughs": "B", "members": "Eastern Parkway Extension (3/6); Eastern Parkway Extension (5/6); Rudd Playground; Callahan-Kelly Playground; Thomas Boyland Park; Hull Street Garden" }, "geometry": { "type": "Polygon", "coordinates": [ [ [ -73.908072526534482, 40.676351630763349 ], [ -73.908078563005617, 40.676353731085179 ], [ -73.908081892938029, 40.676357763551167 ], [ -73.908371465969594, 40.681837052464928 ], [ -73.90810057122637, 40.682115100848826 ], [ -73.907937004606666, 40.68228298450876 ], [ -73.905768183011688, 40.684053120803952 ], [ -73.905300484503755, 40.683772759707495 ], [ -73.904813226746057, 40.683318349788919 ], [ -73.904103297770646, 40.681422177057136 ], [ -73.90365221968662, 40.67837839037481 ], [ -73.904341588044332, 40.678023147747375 ], [ -73.908065409665852, 40.676352469760182 ], [ -73.908072526534482, 40.676351630763349 ] ] ] } },
{ "type": "Feature", "properties": { "group_id": "N1g4-034", "n_parks": 6, "extent_km": 0.856, "max_walk_m": 770.7, "park_area_acres": 32.03, "hull_area_acres": 138.8, "boroughs": "B", "members": "Kaiser Park; Poseidon Playground; Nautilus Playground; Surf Playground; Surfside Multi-Cultural Garden Coalition; Garden" }, "geometry": { "type": "Polygon", "coordinates": [ [ [ -73.995880204527964, 40.571545198439885 ], [ -73.996924557933795, 40.571577390683785 ], [ -73.997370691003184, 40.571628253488896 ], [ -74.000205780301471, 40.581141910847542 ], [ -73.993192221755422, 40.579570869570702 ], [ -73.991751171466731, 40.579082561437154 ], [ -73.991745667520632, 40.579055009508181 ], [ -73.991509007641113, 40.571769715955973 ], [ -73.992380428614482, 40.57169540363094 ], [ -73.995880204527964, 40.571545198439885 ] ] ] } },
{ "type": "Feature", "properties": { "group_id": "N1g4-035", "n_parks": 6, "extent_km": 0.772, "max_walk_m": 783.4, "park_area_acres": 12.34, "hull_area_acres": 80.36, "boroughs": "B", "members": "St. John's Park; Woods Playground; Harmony Park; Garden of Plenty; Neighborhood Community Garden; Kingsborough Houses Bergen Playground" }, "geometry": { "type": "Polygon", "coordinates": [ [ [ -73.933629787349332, 40.673515418231489 ], [ -73.933816773192703, 40.673525545080402 ], [ -73.936110981980818, 40.673649773092151 ], [ -73.935710840341741, 40.677872781163664 ], [ -73.935683581222747, 40.678146020842718 ], [ -73.933857439099057, 40.678046059510507 ], [ -73.93314833813713, 40.678005288619232 ], [ -73.92791819959001, 40.677648120517837 ], [ -73.926776793017254, 40.675250104466222 ], [ -73.926807747771051, 40.674922225868563 ], [ -73.928865417862909, 40.674148236789534 ], [ -73.933629787349332, 40.673515418231489 ] ] ] } },
{ "type": "Feature", "properties": { "group_id": "N1g4-036", "n_parks": 6, "extent_km": 0.553, "max_walk_m": 486.6, "park_area_acres": 3.59, "hull_area_acres": 46.15, "boroughs": "M", "members": "Abingdon Square; Jackson Square; Corporal John A. Seravalli Playground; Bleecker Playground; The High Line (4/4); Jane Street Garden" }, "geometry": { "type": "Polygon", "coordinates": [ [ [ -74.005419492758222, 40.735996145325707 ], [ -74.00575651497239, 40.736212139166319 ], [ -74.008320080722243, 40.739427177967777 ], [ -74.008255387652341, 40.740294322494364 ], [ -74.0077987899475, 40.742438836278218 ], [ -74.007643917234518, 40.742655980187607 ], [ -74.007445601129859, 40.742618221487099 ], [ -74.002795912468912, 40.739148941062311 ], [ -74.002573863804415, 40.73881065533493 ], [ -74.005237578710364, 40.736021606594555 ], [ -74.005419492758222, 40.735996145325707 ] ] ] } },
{ "type": "Feature", "properties": { "group_id": "N1g4-037", "n_parks": 6, "extent_km": 0.505, "max_walk_m": 454.6, "park_area_acres": 5.8, "hull_area_acres": 29.42, "boroughs": "M", "members": "Hamilton Fish Park; ABC Playground; Nathan Straus Playground; Clinton Community Garden (LES); Children's Magical Garden; Siempre Verde Garden" }, "geometry": { "type": "Polygon", "coordinates": [ [ [ -73.984118468640077, 40.718850534289466 ], [ -73.984374898646735, 40.718928914636038 ], [ -73.986680019105791, 40.720683007483565 ], [ -73.986388732902171, 40.721779609482184 ], [ -73.986257553479632, 40.722035316084771 ], [ -73.979745637408683, 40.720062664557339 ], [ -73.980344597608521, 40.718914670598217 ], [ -73.984118468640077, 40.718850534289466 ] ] ] } },
{ "type": "Feature", "properties": { "group_id": "N1g4-038", "n_parks": 6, "extent_km": 0.559, "max_walk_m": 663.0, "park_area_acres": 2.03, "hull_area_acres": 23.2, "boroughs": "M", "members": "Harlem Art Park; Eugene McCabe Field; Dr. Ronald E. McNair Playground; Detective Omar Edwards Park; Jackie Robinson Community Garden; Carolina Garden" }, "geometry": { "type": "Polygon", "coordinates": [ [ [ -73.938650040588385, 40.80081340632438 ], [ -73.93888743401736, 40.800913467130329 ], [ -73.939127043279356, 40.801014461532731 ], [ -73.942064313344062, 40.802271769864461 ], [ -73.941725239378584, 40.802729183920782 ], [ -73.939724779925271, 40.803223860150716 ], [ -73.935122244746665, 40.802931575768298 ], [ -73.934901681051471, 40.802838699126731 ], [ -73.934801241316535, 40.802796404457261 ], [ -73.934773073769847, 40.802784542458141 ], [ -73.93495122934803, 40.802541217526347 ], [ -73.938650040588385, 40.80081340632438 ] ] ] } },
{ "type": "Feature", "properties": { "group_id": "N1g4-039", "n_parks": 5, "extent_km": 0.654, "max_walk_m": 578.1, "park_area_acres": 16.26, "hull_area_acres": 48.43, "boroughs": "B", "members": "Commodore Barry Park; Trinity Park; Arbor Place; Golconda Playground; Oxport Playground" }, "geometry": { "type": "Polygon", "coordinates": [ [ [ -73.980418734214595, 40.695883799397073 ], [ -73.980428634129183, 40.695885954206567 ], [ -73.98042871930997, 40.695885973131816 ], [ -73.980795222429037, 40.695994585359948 ], [ -73.980806630888509, 40.696000831417258 ], [ -73.984981577603833, 40.698537394852963 ], [ -73.986112920529195, 40.699812213727775 ], [ -73.986032512084961, 40.699810411978845 ], [ -73.983115351213158, 40.699680263506728 ], [ -73.975867585458843, 40.697947561648974 ], [ -73.975802782544022, 40.69762190385746 ], [ -73.976067542054281, 40.69711945257275 ], [ -73.977460174278335, 40.696464920676881 ], [ -73.980418734214595, 40.695883799397073 ] ] ] } },
{ "type": "Feature", "properties": { "group_id": "N1g4-040", "n_parks": 5, "extent_km": 0.429, "max_walk_m": 369.9, "park_area_acres": 6.92, "hull_area_acres": 31.7, "boroughs": "B", "members": "Orient Grove; Cooper Park; Memorial Gore; St Nicholas-olive St Garden; Red Shed Garden" }, "geometry": { "type": "Polygon", "coordinates": [ [ [ -73.939116954168995, 40.713190258808787 ], [ -73.942476195988064, 40.71479997689525 ], [ -73.942483195640648, 40.714821279267845 ], [ -73.942471021748986, 40.714841187975495 ], [ -73.94041220701115, 40.716261698267182 ], [ -73.936368135619816, 40.716657368751676 ], [ -73.9357602233205, 40.715284284013428 ], [ -73.938935396173321, 40.713234188616781 ], [ -73.939116954168995, 40.713190258808787 ] ] ] } },
{ "type": "Feature", "properties": { "group_id": "N1g4-041", "n_parks": 5, "extent_km": 0.893, "max_walk_m": 759.5, "park_area_acres": 27.7, "hull_area_acres": 103.73, "boroughs": "B", "members": "Eastern Parkway (10/10); Eastern Parkway (2/10); Eastern Parkway (4/10); Eastern Parkway Extension (6/6); Lincoln Terrace / Arthur S. Somers Park" }, "geometry": { "type": "Polygon", "coordinates": [ [ [ -73.928366684329092, 40.664846145930724 ], [ -73.928483438442811, 40.664893393920678 ], [ -73.936235348279979, 40.668792620934518 ], [ -73.936231719054831, 40.668830528921461 ], [ -73.936200173201414, 40.669160029678842 ], [ -73.936182419853338, 40.669345464229295 ], [ -73.919199319191293, 40.669810072678871 ], [ -73.919196434664642, 40.669810044537925 ], [ -73.919193599081751, 40.669809641816727 ], [ -73.91919089521619, 40.669808876280094 ], [ -73.919188402279062, 40.66980777139711 ], [ -73.91918619474238, 40.669806357837594 ], [ -73.919184335235769, 40.669804678870371 ], [ -73.919182880470103, 40.669802782262593 ], [ -73.919181870587707, 40.669800724775016 ], [ -73.919181338631603, 40.669798565864845 ], [ -73.919181297532688, 40.669796370378386 ], [ -73.919181748398245, 40.669794200451982 ], [ -73.919182680504534, 40.669792121815682 ], [ -73.91918406421135, 40.669790194783296 ], [ -73.919185859238823, 40.669788476059026 ], [ -73.919186382472319, 40.669788072995495 ], [ -73.924540608319958, 40.666435166816107 ], [ -73.925426613205062, 40.666046970139284 ], [ -73.928224934590247, 40.664868610105103 ], [ -73.928290942141089, 40.664847817826463 ], [ -73.928366684329092, 40.664846145930724 ] ] ] } },
{ "type": "Feature", "properties": { "group_id": "N1g4-042", "n_parks": 5, "extent_km": 0.949, "max_walk_m": 422.4, "park_area_acres": 0.53, "hull_area_acres": 18.62, "boroughs": "B", "members": "Eastern Parkway Extension (1/6); Eastern Parkway Extension (2/6); Eastern Parkway Extension (4/6); Park; Park" }, "geometry": { "type": "Polygon", "coordinates": [ [ [ -73.918571818210694, 40.670044193908282 ], [ -73.918574241426441, 40.670044282072922 ], [ -73.918576609864971, 40.670044676374111 ], [ -73.918578858490633, 40.670045366860165 ], [ -73.918580924645411, 40.670046333675366 ], [ -73.918582749228037, 40.670047549762494 ], [ -73.918584281423733, 40.670048981766399 ], [ -73.918585477524758, 40.670050587332049 ], [ -73.918586303286105, 40.670052323210385 ], [ -73.918586737479828, 40.670054139858053 ], [ -73.918586767157876, 40.670055986836942 ], [ -73.91858639002082, 40.670057810114635 ], [ -73.918585619137531, 40.670059561072335 ], [ -73.918584473493596, 40.670061188394186 ], [ -73.908113896235122, 40.676022714592094 ], [ -73.908105711984717, 40.676026519936805 ], [ -73.908097783581283, 40.67602576887802 ], [ -73.908091964058841, 40.676021611953544 ], [ -73.908090023673267, 40.676016044318615 ], [ -73.908132799683287, 40.675549545819244 ], [ -73.908136778023447, 40.675534484274905 ], [ -73.908141399646283, 40.675519531305774 ], [ -73.908146657438564, 40.67550469861289 ], [ -73.90815255018866, 40.675490006907005 ], [ -73.908159069600472, 40.675475467888127 ], [ -73.908166208552288, 40.675461099560756 ], [ -73.908173959927154, 40.675446916327367 ], [ -73.90818522696793, 40.675431552621809 ], [ -73.908359057274751, 40.675259931414949 ], [ -73.908538906696791, 40.675118727833116 ], [ -73.908718511107082, 40.674980554008201 ], [ -73.910040405300833, 40.673968316318849 ], [ -73.910740845248171, 40.67343345407123 ], [ -73.910937755634862, 40.673283243153243 ], [ -73.911028694502122, 40.673213871094603 ], [ -73.911396317280875, 40.672995387151623 ], [ -73.914311077513062, 40.671560330630214 ], [ -73.918567086554276, 40.670044941589339 ], [ -73.918569411173223, 40.670044416433029 ], [ -73.918571818210694, 40.670044193908282 ] ] ] } },
{ "type": "Feature", "properties": { "group_id": "N1g4-043", "n_parks": 5, "extent_km": 0.626, "max_walk_m": 506.4, "park_area_acres": 38.37, "hull_area_acres": 75.68, "boroughs": "B", "members": "McCarren Park; Pvt. Sonsire Triangle; Father Giorgio Triangle; Badame Sessa Triangle; Ericsson Playground" }, "geometry": { "type": "Polygon", "coordinates": [ [ [ -73.95000994648484, 40.716186895805535 ], [ -73.950014162982541, 40.716187333483376 ], [ -73.95001758186018, 40.716187688868303 ], [ -73.950026262310089, 40.716190006948167 ], [ -73.95003291732273, 40.716192940997907 ], [ -73.950039335841936, 40.716197177983062 ], [ -73.952680686091853, 40.718435796977062 ], [ -73.952681944590466, 40.718436913226256 ], [ -73.955882246144753, 40.721399281960139 ], [ -73.954894703607252, 40.72231772889625 ], [ -73.953242434528946, 40.722861950963939 ], [ -73.952034922805453, 40.723259658650733 ], [ -73.951779740372359, 40.723299064615915 ], [ -73.951675331051959, 40.723313863938863 ], [ -73.949889233283301, 40.722051282155753 ], [ -73.948726845028702, 40.721050621997314 ], [ -73.947554885573197, 40.719981051184689 ], [ -73.948249127467278, 40.717100007816995 ], [ -73.948250462243664, 40.717095737296972 ], [ -73.948252621398666, 40.717090631473965 ], [ -73.948252639177369, 40.717090598163068 ], [ -73.948254590021889, 40.717087030317892 ], [ -73.94825719444114, 40.717083112467947 ], [ -73.948261228192663, 40.717078133558708 ], [ -73.948265507595607, 40.717073824739366 ], [ -73.94981110836278, 40.71621037024606 ], [ -73.949816329586085, 40.716207757440152 ], [ -73.949821022490084, 40.716205776561964 ], [ -73.949863069970704, 40.716201154551513 ], [ -73.94999483118221, 40.716187920325446 ], [ -73.950004556769969, 40.716186943893675 ], [ -73.95000994648484, 40.716186895805535 ] ] ] } },
{ "type": "Feature", "properties": { "group_id": "N1g4-044", "n_parks": 5, "extent_km": 0.692, "max_walk_m": 677.7, "park_area_acres": 10.25, "hull_area_acres": 28.87, "boroughs": "B", "members": "Herbert Von King Park; Banneker Playground; Hattie Carthan Community Garden; Greene Av United Neighbors Association *; Hattie Carthan Herban Farm" }, "geometry": { "type": "Polygon", "coordinates": [ [ [ -73.951292594012457, 40.688010796097849 ], [ -73.951348045631448, 40.688288763970277 ], [ -73.949807433942595, 40.690431033460001 ], [ -73.948879379767931, 40.690819615177887 ], [ -73.948429857249693, 40.690871391342625 ], [ -73.943497490865269, 40.690407152534497 ], [ -73.943443322400171, 40.690129951508283 ], [ -73.945186394076131, 40.689176981015727 ], [ -73.951215136303034, 40.688019573911909 ], [ -73.951292594012457, 40.688010796097849 ] ] ] } },
{ "type": "Feature", "properties": { "group_id": "N1g4-045", "n_parks": 5, "extent_km": 0.466, "max_walk_m": 430.7, "park_area_acres": 4.57, "hull_area_acres": 24.44, "boroughs": "B", "members": "Cohn Triangle; Bedford Playground; Roberto Clemente Ballfield; Jacob's Ladder Playground; Epiphany Playground" }, "geometry": { "type": "Polygon", "coordinates": [ [ [ -73.967209245831668, 40.704407303814975 ], [ -73.967304845264906, 40.704487251416751 ], [ -73.967820253366483, 40.705674439288757 ], [ -73.968268166521682, 40.706730467311502 ], [ -73.965717108060232, 40.708814096955933 ], [ -73.965188692150832, 40.70875417955088 ], [ -73.963487996927014, 40.708559574514823 ], [ -73.963514336929563, 40.708054768897938 ], [ -73.966534960055782, 40.704846613449881 ], [ -73.967209245831668, 40.704407303814975 ] ] ] } },
{ "type": "Feature", "properties": { "group_id": "N1g4-046", "n_parks": 5, "extent_km": 0.863, "max_walk_m": 786.8, "park_area_acres": 1.92, "hull_area_acres": 34.99, "boroughs": "B", "members": "Alben Square; Rappaport Playground; Brizzi Playground; Park; Park" }, "geometry": { "type": "Polygon", "coordinates": [ [ [ -74.000579520888863, 40.636591262642014 ], [ -74.001382122064456, 40.637075004609997 ], [ -74.001153294739055, 40.637294802160234 ], [ -73.994415182134219, 40.642997241820161 ], [ -73.994412339757616, 40.642690879972328 ], [ -73.994417541924662, 40.640169859194856 ], [ -73.99441863084364, 40.640153892153982 ], [ -73.994545130849389, 40.639374241870613 ], [ -74.000579520888863, 40.636591262642014 ] ] ] } },
{ "type": "Feature", "properties": { "group_id": "N1g4-047", "n_parks": 5, "extent_km": 0.699, "max_walk_m": 535.9, "park_area_acres": 5.31, "hull_area_acres": 25.92, "boroughs": "B", "members": "Ocean Hill Playground; South Pacific Playground; Hilltop Playground; Farmers Garden; Sh'ma Yisrael" }, "geometry": { "type": "Polygon", "coordinates": [ [ [ -73.911629489232908, 40.674098817749368 ], [ -73.912797382946522, 40.67416248019844 ], [ -73.918375906354939, 40.674466451952348 ], [ -73.921155506976092, 40.675400537119188 ], [ -73.921154810945822, 40.675408010017925 ], [ -73.921130150323819, 40.675672747284487 ], [ -73.921110421685668, 40.675884536727636 ], [ -73.921100556134675, 40.675990433246106 ], [ -73.921099942762552, 40.675997011989175 ], [ -73.919439708331566, 40.675905755946665 ], [ -73.913913166379942, 40.675599763113816 ], [ -73.911574506613036, 40.674693649682702 ], [ -73.911629489232908, 40.674098817749368 ] ] ] } },
{ "type": "Feature", "properties": { "group_id": "N1g4-048", "n_parks": 5, "extent_km": 0.662, "max_walk_m": 585.3, "park_area_acres": 2.97, "hull_area_acres": 19.69, "boroughs": "B", "members": "P.O. Reinaldo Salgado Playground; Citizens For A Better Community; Umoja Garden; Madison Community Greenthumb; Patchen Community Square Garden" }, "geometry": { "type": "Polygon", "coordinates": [ [ [ -73.927237171571505, 40.686425138344077 ], [ -73.927264769489682, 40.686564799387199 ], [ -73.926972678207505, 40.688096143495827 ], [ -73.926526888224714, 40.688146790091508 ], [ -73.925025465432256, 40.688317353343088 ], [ -73.919460923065543, 40.687887949347662 ], [ -73.919217657138645, 40.687749632804909 ], [ -73.919101158776044, 40.687683392912753 ], [ -73.926884074409259, 40.686466154470025 ], [ -73.927237171571505, 40.686425138344077 ] ] ] } },
{ "type": "Feature", "properties": { "group_id": "N1g4-049", "n_parks": 5, "extent_km": 0.245, "max_walk_m": 120.9, "park_area_acres": 3.46, "hull_area_acres": 14.4, "boroughs": "B", "members": "Purple Playground; Park; Park; Detective Joseph Mayrose Park; Slope Park Playground" }, "geometry": { "type": "Polygon", "coordinates": [ [ [ -73.987212640351331, 40.660592066658104 ], [ -73.989582034389443, 40.660957738815512 ], [ -73.989890115177658, 40.66114434429479 ], [ -73.990692392067402, 40.663801936271732 ], [ -73.990656512713514, 40.663835971070284 ], [ -73.989553160837062, 40.663433509352515 ], [ -73.988497795546934, 40.662796018821034 ], [ -73.987574737162504, 40.661897746110498 ], [ -73.986849925221023, 40.66094129916177 ], [ -73.987212640351331, 40.660592066658104 ] ] ] } },
{ "type": "Feature", "properties": { "group_id": "N1g4-050", "n_parks": 5, "extent_km": 0.157, "max_walk_m": 162.9, "park_area_acres": 1.9, "hull_area_acres": 5.26, "boroughs": "B", "members": "Sankofa Park; New Vision Garden; Victory Garden; United Community Center; East New York Farms Garden" }, "geometry": { "type": "Polygon", "coordinates": [ [ [ -73.886970619555768, 40.665087406728269 ], [ -73.887852270389814, 40.665302629508552 ], [ -73.887920343405924, 40.665572854449543 ], [ -73.887726306408709, 40.666580110965477 ], [ -73.887379427738026, 40.666630188221156 ], [ -73.885847193858481, 40.665888826171866 ], [ -73.885742760461412, 40.665481735793406 ], [ -73.886423330386933, 40.665186223495148 ], [ -73.886608472942058, 40.665136493199874 ], [ -73.886970619555768, 40.665087406728269 ] ] ] } },
{ "type": "Feature", "properties": { "group_id": "N1g4-051", "n_parks": 5, "extent_km": 0.51, "max_walk_m": 505.3, "park_area_acres": 2.68, "hull_area_acres": 28.73, "boroughs": "B", "members": "Classon Playground; Lafayette Gardens Playground; Cedar Tree Garden; Clifton Pl Memorial Park and Garden; Whole Neighborhood Garden" }, "geometry": { "type": "Polygon", "coordinates": [ [ [ -73.959185686317298, 40.687565142132541 ], [ -73.960830465061306, 40.688958945020445 ], [ -73.960984001141739, 40.689735200997951 ], [ -73.960691993672796, 40.689918124658845 ], [ -73.960335504382542, 40.689959407042217 ], [ -73.957378436027597, 40.690170839466106 ], [ -73.957336591558075, 40.690171239097431 ], [ -73.954694645119829, 40.689867569494758 ], [ -73.954673571505069, 40.689759925534958 ], [ -73.954451327344685, 40.688454628187976 ], [ -73.958972211348268, 40.687589717780334 ], [ -73.959043076679521, 40.687581559156449 ], [ -73.959185686317298, 40.687565142132541 ] ] ] } },
{ "type": "Feature", "properties": { "group_id": "N1g4-052", "n_parks": 5, "extent_km": 0.473, "max_walk_m": 397.3, "park_area_acres": 4.31, "hull_area_acres": 30.5, "boroughs": "M", "members": "Allen Street Malls (1/3); Sophie Irene Loeb; Seward Park; Captain Jacob Joseph Playground; Straus Square" }, "geometry": { "type": "Polygon", "coordinates": [ [ [ -73.994354028786589, 40.713108451372847 ], [ -73.994421254470041, 40.713605316732718 ], [ -73.991649596493232, 40.716825304758409 ], [ -73.991568073433385, 40.716802013756684 ], [ -73.988247062745089, 40.715026634535072 ], [ -73.988365460975089, 40.714781594284283 ], [ -73.988619663306139, 40.714279809380834 ], [ -73.989660200215567, 40.713492505695164 ], [ -73.989944009731403, 40.713468163922357 ], [ -73.994354028786589, 40.713108451372847 ] ] ] } },
{ "type": "Feature", "properties": { "group_id": "N1g4-053", "n_parks": 5, "extent_km": 0.451, "max_walk_m": 450.5, "park_area_acres": 1.08, "hull_area_acres": 19.76, "boroughs": "M", "members": "Christopher Park; McCarthy Square; Jefferson Market Garden; Sheridan Square Viewing Garden; NYC AIDS Memorial Park at St. Vincent’s Triangle" }, "geometry": { "type": "Polygon", "coordinates": [ [ [ -74.002104772290025, 40.732903783264028 ], [ -74.002319231532255, 40.733160767052446 ], [ -74.002577863663973, 40.733471854678292 ], [ -74.002655082662301, 40.733565512065603 ], [ -74.002657105930183, 40.733568816883526 ], [ -74.002657957179778, 40.733571025810136 ], [ -74.002658072025568, 40.733571425633045 ], [ -74.002658537365321, 40.733573963253995 ], [ -74.002658580087925, 40.733576603542645 ], [ -74.002658447546835, 40.733577756196006 ], [ -74.002657997794898, 40.733580188478648 ], [ -74.001535839563502, 40.73751311011852 ], [ -74.000861922381702, 40.737231129489963 ], [ -73.99946499396863, 40.734698707358383 ], [ -73.999254264155184, 40.734315359958082 ], [ -73.999339940002216, 40.734197717219629 ], [ -74.00192654219056, 40.732966207806463 ], [ -74.002104772290025, 40.732903783264028 ] ] ] } },
{ "type": "Feature", "properties": { "group_id": "N1g4-054", "n_parks": 5, "extent_km": 0.519, "max_walk_m": 481.2, "park_area_acres": 14.71, "hull_area_acres": 54.59, "boroughs": "M", "members": "Thomas Jefferson Park; P.S. 155 Playground; Pleasant Village Community Garden; Diamante Garden; St. Mark's Garden" }, "geometry": { "type": "Polygon", "coordinates": [ [ [ -73.93540894066804, 40.791930713731283 ], [ -73.937523779450956, 40.792823897256802 ], [ -73.936578305423467, 40.797795251576808 ], [ -73.936398938949111, 40.798039355659348 ], [ -73.931396642901646, 40.796757778193161 ], [ -73.93123108111989, 40.79668783226083 ], [ -73.933323809230956, 40.793321862171027 ], [ -73.93540894066804, 40.791930713731283 ] ] ] } },
{ "type": "Feature", "properties": { "group_id": "N1g4-055", "n_parks": 5, "extent_km": 0.57, "max_walk_m": 591.3, "park_area_acres": 3.43, "hull_area_acres": 52.37, "boroughs": "M", "members": "Queensboro Oval; Sutton Parks; Twenty-Four Sycamores Park; Honey Locust Park; Tramway Plaza" }, "geometry": { "type": "Polygon", "coordinates": [ [ [ -73.962524719056105, 40.754834329302916 ], [ -73.962574836241842, 40.754836689612091 ], [ -73.962581382014719, 40.754839571554932 ], [ -73.962584855106385, 40.754844038289406 ], [ -73.96467115326675, 40.760848381999764 ], [ -73.964318467172276, 40.761330009041231 ], [ -73.958714545995733, 40.759790043550574 ], [ -73.95827002036043, 40.759601934525541 ], [ -73.959285314906793, 40.757744598472918 ], [ -73.960384516379946, 40.756258403509889 ], [ -73.960800231427356, 40.755798453265477 ], [ -73.960944479004695, 40.755684703604324 ], [ -73.962382149009002, 40.754883562091528 ], [ -73.962393075284339, 40.754877733986042 ], [ -73.962404263098932, 40.754872198629144 ], [ -73.962415693504184, 40.754866958716093 ], [ -73.962427354652206, 40.754862025049022 ], [ -73.962440836048501, 40.754856829026672 ], [ -73.962442435028393, 40.754856258627576 ], [ -73.962451320617149, 40.754853090844726 ], [ -73.962463593454586, 40.754849102003519 ], [ -73.962476040182892, 40.754845439200601 ], [ -73.962488646590046, 40.754842106033351 ], [ -73.96250139609549, 40.754839106098316 ], [ -73.962524719056105, 40.754834329302916 ] ] ] } },
{ "type": "Feature", "properties": { "group_id": "N1g4-056", "n_parks": 5, "extent_km": 0.787, "max_walk_m": 512.5, "park_area_acres": 73.57, "hull_area_acres": 173.71, "boroughs": "M", "members": "Sherman Square; Broadway Malls (10/11); Matthew P. Sapolin Playground; Septuagesimo UNO; Riverside Park South" }, "geometry": { "type": "Polygon", "coordinates": [ [ [ -73.993564907410331, 40.773022024618264 ], [ -73.995512625500638, 40.773847685353083 ], [ -73.996132050054996, 40.774112148560235 ], [ -73.991161587272217, 40.780822384471364 ], [ -73.989948305713028, 40.781954076192882 ], [ -73.981608757565709, 40.779826028191685 ], [ -73.981588564804866, 40.779384116314169 ], [ -73.982093965658052, 40.7763631792049 ], [ -73.982096281271751, 40.776359620778898 ], [ -73.982099275565218, 40.776356362325615 ], [ -73.982103269643176, 40.776353086017465 ], [ -73.982107906802355, 40.776350337503452 ], [ -73.982114244955497, 40.77634778646339 ], [ -73.993564907410331, 40.773022024618264 ] ] ] } },
{ "type": "Feature", "properties": { "group_id": "N1g4-057", "n_parks": 5, "extent_km": 0.819, "max_walk_m": 758.4, "park_area_acres": 12.11, "hull_area_acres": 99.58, "boroughs": "M", "members": "Stuyvesant Square; Union Square Park; Abe Lebewohl Park; Augustus St. Gaudens Playground; Peter's Field" }, "geometry": { "type": "Polygon", "coordinates": [ [ [ -73.986919066914382, 40.729906682898203 ], [ -73.98734638696817, 40.730086902589704 ], [ -73.991632529346404, 40.735242998455632 ], [ -73.991635205488905, 40.735247186011534 ], [ -73.9916369653033, 40.735251645454191 ], [ -73.99163776500167, 40.735256261515481 ], [ -73.99163758210571, 40.735260916227269 ], [ -73.991636422549647, 40.735265488021412 ], [ -73.991634315943983, 40.735269859833956 ], [ -73.990352066215891, 40.737049920157553 ], [ -73.990312474722444, 40.737052359010541 ], [ -73.981739966962195, 40.736471329742969 ], [ -73.981087560953199, 40.736194667719232 ], [ -73.981414331107402, 40.735748824590559 ], [ -73.983644428939002, 40.732779681110586 ], [ -73.986919066914382, 40.729906682898203 ] ] ] } },
{ "type": "Feature", "properties": { "group_id": "N1g4-058", "n_parks": 5, "extent_km": 0.43, "max_walk_m": 402.5, "park_area_acres": 1.64, "hull_area_acres": 25.11, "boroughs": "M", "members": "Adam Clayton Powell Jr. Malls (2/9); William McCray Playground; Fred Samuel Playground; Abyssinian Tot Lot; Elizabeth Langley Memorial Garden" }, "geometry": { "type": "Polygon", "coordinates": [ [ [ -73.937508305133335, 40.815294723555049 ], [ -73.943276083759415, 40.815859082098108 ], [ -73.943307321904527, 40.815872261132476 ], [ -73.942711893021766, 40.816690028028297 ], [ -73.942255047958184, 40.817316184873832 ], [ -73.941343458110779, 40.818564915449443 ], [ -73.941177586150857, 40.818790524609753 ], [ -73.941143865695736, 40.818776309987399 ], [ -73.938810876874683, 40.817297866416617 ], [ -73.937329492811543, 40.815534491028437 ], [ -73.937508305133335, 40.815294723555049 ] ] ] } },
{ "type": "Feature", "properties": { "group_id": "N1g4-059", "n_parks": 5, "extent_km": 0.515, "max_walk_m": 559.3, "park_area_acres": 1.1, "hull_area_acres": 26.14, "boroughs": "M", "members": "Adam Clayton Powell Jr. Malls (6/9); St. Nicholas Playground South; William B. Washington Memorial Garden; CEP Community Garden; Harlem Grown 127th Street Learning Annex" }, "geometry": { "type": "Polygon", "coordinates": [ [ [ -73.946110210518327, 40.809326311357047 ], [ -73.947781310655913, 40.809715946910423 ], [ -73.950783094506818, 40.810972466853862 ], [ -73.951110067754101, 40.811110256953221 ], [ -73.9515561700332, 40.811298247656438 ], [ -73.951715390313367, 40.811365343892696 ], [ -73.95158263117753, 40.81154687176582 ], [ -73.945625179089205, 40.812694492697354 ], [ -73.945617956948766, 40.812695216893026 ], [ -73.945612175051053, 40.812694246130867 ], [ -73.94560754472343, 40.812692393424122 ], [ -73.94560317285837, 40.812688987480925 ], [ -73.945599947177087, 40.812684039526189 ], [ -73.945599392276392, 40.81267850570719 ], [ -73.945932058965582, 40.809569219218851 ], [ -73.946110210518327, 40.809326311357047 ] ] ] } },
{ "type": "Feature", "properties": { "group_id": "N1g4-060", "n_parks": 5, "extent_km": 0.665, "max_walk_m": 675.5, "park_area_acres": 1.28, "hull_area_acres": 39.13, "boroughs": "M", "members": "James Weldon Johnson Playground; 117th St Community Garden; Life Spire Garden; Peaceful Valley Garden; El Gallo Garden" }, "geometry": { "type": "Polygon", "coordinates": [ [ [ -73.941173598467799, 40.79667202043187 ], [ -73.941538622838067, 40.796794450798338 ], [ -73.942118777253654, 40.797038913204794 ], [ -73.942465470006795, 40.79725404237297 ], [ -73.944324778611943, 40.800484686970172 ], [ -73.944280098502958, 40.800546457641744 ], [ -73.938537428307072, 40.802639348774122 ], [ -73.938336616233869, 40.802554565807725 ], [ -73.941127603031063, 40.796734771692968 ], [ -73.941173598467799, 40.79667202043187 ] ] ] } },
{ "type": "Feature", "properties": { "group_id": "N1g4-061", "n_parks": 5, "extent_km": 0.183, "max_walk_m": 88.6, "park_area_acres": 1.84, "hull_area_acres": 7.34, "boroughs": "M", "members": "Robert Moses Playground; Trygve Lie Plaza; Ralph Bunche Park; Mary O'Connor Playground; Tudor Grove Playground" }, "geometry": { "type": "Polygon", "coordinates": [ [ [ -73.96886903124043, 40.747607718405021 ], [ -73.970034701988681, 40.74811231829414 ], [ -73.970582722019671, 40.748354046477353 ], [ -73.971380278791088, 40.749009783496192 ], [ -73.971057200035361, 40.749512479642888 ], [ -73.970895472886397, 40.749734102961945 ], [ -73.969715352530841, 40.749559388710338 ], [ -73.969557365078245, 40.749493069815436 ], [ -73.968617010981333, 40.748122305572949 ], [ -73.968599826117469, 40.748095590972937 ], [ -73.968586882331365, 40.748064441633062 ], [ -73.968581321868655, 40.748039478082475 ], [ -73.968581478569178, 40.7479934307365 ], [ -73.968593349499301, 40.747951896320529 ], [ -73.968611328265808, 40.747919502806099 ], [ -73.96886903124043, 40.747607718405021 ] ] ] } },
{ "type": "Feature", "properties": { "group_id": "N1g4-062", "n_parks": 5, "extent_km": 0.374, "max_walk_m": 405.3, "park_area_acres": 1.16, "hull_area_acres": 11.81, "boroughs": "M", "members": "Moore Playground; Unity Gardens; Collyer Brothers Park; Edward P. Bowman Park; Harlem Rose Garden" }, "geometry": { "type": "Polygon", "coordinates": [ [ [ -73.93997386054491, 40.808370714799928 ], [ -73.94095712590331, 40.808467879333563 ], [ -73.942656903176953, 40.809184091204706 ], [ -73.942835517706101, 40.809259349880826 ], [ -73.943027132240744, 40.809635551226108 ], [ -73.943020047255914, 40.80965500478419 ], [ -73.942841386164218, 40.809901593349274 ], [ -73.93857703063081, 40.809739195388808 ], [ -73.938043861600192, 40.809514995865975 ], [ -73.938408345178885, 40.809014848331572 ], [ -73.93997386054491, 40.808370714799928 ] ] ] } },
{ "type": "Feature", "properties": { "group_id": "N1g4-063", "n_parks": 5, "extent_km": 0.438, "max_walk_m": 546.3, "park_area_acres": 8.41, "hull_area_acres": 16.18, "boroughs": "M", "members": "Alice Kornegay Triangle; Park; Harlem River Park; Harlem River Park; Crack Is Wack Playground" }, "geometry": { "type": "Polygon", "coordinates": [ [ [ -73.93164124848002, 40.804022695082438 ], [ -73.931977450261243, 40.804056645552755 ], [ -73.932008886163032, 40.804060484914451 ], [ -73.932034791929354, 40.804066088686554 ], [ -73.932056515689837, 40.804071602639716 ], [ -73.932076376368599, 40.804077273078349 ], [ -73.932091934486365, 40.804082536655116 ], [ -73.932122970980416, 40.804094568488914 ], [ -73.932168250175451, 40.804117693836595 ], [ -73.93581772936048, 40.806349872893335 ], [ -73.935438181346825, 40.806945607234759 ], [ -73.935244476207615, 40.807209872313599 ], [ -73.934600875967263, 40.808026694120777 ], [ -73.931254456470796, 40.804507499855781 ], [ -73.931125117222962, 40.804354200980384 ], [ -73.931111933702084, 40.804332051638049 ], [ -73.931104879682977, 40.804307318824321 ], [ -73.93110717023059, 40.804282317843281 ], [ -73.931110775639453, 40.8042647332557 ], [ -73.931119677997231, 40.804249741667711 ], [ -73.931144556766071, 40.804218241772567 ], [ -73.931170591879095, 40.804195015445124 ], [ -73.931200673138164, 40.804176047284152 ], [ -73.931231240076329, 40.804158402237817 ], [ -73.931286249998649, 40.804128342169903 ], [ -73.931328652465922, 40.804106958977023 ], [ -73.931370004162588, 40.804089774169128 ], [ -73.931413491343747, 40.804074875182472 ], [ -73.931453123111282, 40.804061487625546 ], [ -73.931500832002939, 40.804048366899877 ], [ -73.931551092661721, 40.80403722246362 ], [ -73.931595088067098, 40.804029334093805 ], [ -73.93164124848002, 40.804022695082438 ] ] ] } },
{ "type": "Feature", "properties": { "group_id": "N1g4-064", "n_parks": 5, "extent_km": 0.868, "max_walk_m": 793.0, "park_area_acres": 2.75, "hull_area_acres": 37.57, "boroughs": "Q", "members": "Doughboy Park; Sabba Park; Sohncke Square; Steinmann Triangle; John Vincent Daniels Jr. Square" }, "geometry": { "type": "Polygon", "coordinates": [ [ [ -73.915102773602712, 40.742728651550713 ], [ -73.915761243397384, 40.742735004556764 ], [ -73.91603307143167, 40.742765925663932 ], [ -73.916285487045457, 40.742796046778288 ], [ -73.916494730854154, 40.742821015761059 ], [ -73.916484913716957, 40.742855638551283 ], [ -73.913749351697945, 40.744643574096727 ], [ -73.909442311528764, 40.747196064550572 ], [ -73.906101440804619, 40.745487060196012 ], [ -73.906099096669578, 40.745473452523676 ], [ -73.915098403542387, 40.742729583956397 ], [ -73.915102773602712, 40.742728651550713 ] ] ] } },
{ "type": "Feature", "properties": { "group_id": "N1g4-065", "n_parks": 5, "extent_km": 0.464, "max_walk_m": 477.4, "park_area_acres": 0.94, "hull_area_acres": 26.72, "boroughs": "Q", "members": "Mall Thirty Four XXXIV (1/7); Mall Thirty Four XXXIV (6/7); Junction Playground; Private William Gray Playground; 97th Street Block Association" }, "geometry": { "type": "Polygon", "coordinates": [ [ [ -73.872211089098229, 40.754391816685818 ], [ -73.872482390592936, 40.754896507134198 ], [ -73.872557290186677, 40.755052810752012 ], [ -73.871027511618792, 40.757894940627928 ], [ -73.870659270557795, 40.757933772715873 ], [ -73.866120433393007, 40.755724398899602 ], [ -73.866118024144043, 40.755711142526245 ], [ -73.87186279350361, 40.754427410407821 ], [ -73.872211089098229, 40.754391816685818 ] ] ] } },
{ "type": "Feature", "properties": { "group_id": "N1g4-066", "n_parks": 5, "extent_km": 0.666, "max_walk_m": 713.2, "park_area_acres": 4.91, "hull_area_acres": 52.26, "boroughs": "X", "members": "Martin Luther King Triangle; Highbridge Park; Bridge Playground; Merriam Playground; Cpl Fischer Park" }, "geometry": { "type": "Polygon", "coordinates": [ [ [ -73.923320709023812, 40.838197033421856 ], [ -73.923532492001272, 40.838222766059793 ], [ -73.926966588429607, 40.838688722563433 ], [ -73.927300808245619, 40.840308258962409 ], [ -73.927377562313524, 40.841939222367408 ], [ -73.927343544150077, 40.842119826378166 ], [ -73.927240037436306, 40.842235351141909 ], [ -73.924738176262721, 40.844355755919736 ], [ -73.923778033921977, 40.844541427534367 ], [ -73.923618698583212, 40.844429716850705 ], [ -73.922510187272195, 40.840410215883402 ], [ -73.922517460661595, 40.840341821082468 ], [ -73.923186399433035, 40.838471109304884 ], [ -73.923290302800666, 40.838215183368206 ], [ -73.923290684385435, 40.838214330854306 ], [ -73.923291103893121, 40.838213494574525 ], [ -73.923291563706442, 40.838212664625026 ], [ -73.923292068570163, 40.838211839207901 ], [ -73.923292607810154, 40.838211021017599 ], [ -73.923293169539534, 40.838210236160577 ], [ -73.92329441745251, 40.838208702548968 ], [ -73.923295792143307, 40.838207246464144 ], [ -73.92329731735451, 40.838205842708035 ], [ -73.923298126761992, 40.838205168776426 ], [ -73.923299834413243, 40.838203898414704 ], [ -73.923301603590758, 40.838202739755097 ], [ -73.923303532758496, 40.838201646937947 ], [ -73.92330551395672, 40.838200674821522 ], [ -73.923307607682844, 40.838199799132695 ], [ -73.923309768858402, 40.838199039652416 ], [ -73.923311974954657, 40.838198397266133 ], [ -73.923314236652914, 40.838197862976045 ], [ -73.923316562235399, 40.838197452096111 ], [ -73.923318912576903, 40.838197162799197 ], [ -73.923320709023812, 40.838197033421856 ] ] ] } },
{ "type": "Feature", "properties": { "group_id": "N1g4-067", "n_parks": 4, "extent_km": 0.718, "max_walk_m": 733.5, "park_area_acres": 2.17, "hull_area_acres": 20.62, "boroughs": "B", "members": "Sarah J.S. Tompkins Garnet Playground; Lindsay Triangle; Harmony Triangle; De Hostos Playground" }, "geometry": { "type": "Polygon", "coordinates": [ [ [ -73.95551272358999, 40.700259977088287 ], [ -73.955983997306859, 40.700679156674369 ], [ -73.955329232536442, 40.701103192399067 ], [ -73.948451025055448, 40.704313807725782 ], [ -73.948077080032476, 40.704095795950074 ], [ -73.948803643085554, 40.702649639128978 ], [ -73.949360809676364, 40.702288891074481 ], [ -73.95551272358999, 40.700259977088287 ] ] ] } },
{ "type": "Feature", "properties": { "group_id": "N1g4-068", "n_parks": 4, "extent_km": 0.459, "max_walk_m": 336.3, "park_area_acres": 5.29, "hull_area_acres": 23.08, "boroughs": "B", "members": "Veterans Triangle; Brownsville Playground; Osborn Playground; Green Valley Garden" }, "geometry": { "type": "Polygon", "coordinates": [ [ [ -73.906152780334978, 40.655095222115001 ], [ -73.906212456256554, 40.655326295854316 ], [ -73.906463064593481, 40.656296670588496 ], [ -73.901873272724032, 40.658291859934906 ], [ -73.901541846138585, 40.658414801696402 ], [ -73.900979941712606, 40.658505220259478 ], [ -73.900733336073415, 40.658541175176254 ], [ -73.900935162692534, 40.657121043399798 ], [ -73.90140852694087, 40.656627718948421 ], [ -73.903083614615298, 40.655564238356519 ], [ -73.905206767299433, 40.6552278994413 ], [ -73.905566838712886, 40.655174553603516 ], [ -73.905953745481256, 40.655117231186665 ], [ -73.906152780334978, 40.655095222115001 ] ] ] } },
{ "type": "Feature", "properties": { "group_id": "N1g4-069", "n_parks": 4, "extent_km": 0.513, "max_walk_m": 460.2, "park_area_acres": 33.13, "hull_area_acres": 69.78, "boroughs": "B", "members": "Fort Greene Park; Albert L. Parham Playground; Oracle Playground; Edmonds Playground" }, "geometry": { "type": "Polygon", "coordinates": [ [ [ -73.97152661374092, 40.688810504298488 ], [ -73.977115805265186, 40.689885072425703 ], [ -73.977595255310533, 40.691643979752968 ], [ -73.977599537184815, 40.691664069232083 ], [ -73.977630684306575, 40.691814312386917 ], [ -73.977689295233773, 40.693333503545112 ], [ -73.971925366693256, 40.694092648361284 ], [ -73.971199049245669, 40.694175375501679 ], [ -73.971160446531584, 40.693984111321335 ], [ -73.971115441793984, 40.693761124951614 ], [ -73.970556392742054, 40.690957546699515 ], [ -73.970370456456394, 40.690015192934887 ], [ -73.971134421281988, 40.68885560696107 ], [ -73.97152661374092, 40.688810504298488 ] ] ] } },
{ "type": "Feature", "properties": { "group_id": "N1g4-070", "n_parks": 4, "extent_km": 0.739, "max_walk_m": 725.5, "park_area_acres": 3.89, "hull_area_acres": 60.42, "boroughs": "B", "members": "Freedom Triangle; Fermi Playground; Green Central Knoll; Know Waste Lands" }, "geometry": { "type": "Polygon", "coordinates": [ [ [ -73.931769367472498, 40.697245647764866 ], [ -73.931816603334369, 40.697270870301772 ], [ -73.933820125046111, 40.702632791602198 ], [ -73.933743683725851, 40.702662664436389 ], [ -73.933489031991144, 40.702710325752953 ], [ -73.92802495564824, 40.701197781190828 ], [ -73.927756683916598, 40.701044570160455 ], [ -73.925784626446486, 40.697768631574014 ], [ -73.925831355865412, 40.69772093452552 ], [ -73.925866823979192, 40.697684735154724 ], [ -73.931769367472498, 40.697245647764866 ] ] ] } },
{ "type": "Feature", "properties": { "group_id": "N1g4-071", "n_parks": 4, "extent_km": 0.749, "max_walk_m": 649.0, "park_area_acres": 23.41, "hull_area_acres": 166.38, "boroughs": "B", "members": "Leif Ericson Park; McKinley Park; Quaker Parrot Park at the Dust Bowl; Park" }, "geometry": { "type": "Polygon", "coordinates": [ [ [ -74.018503119764262, 40.624592816448555 ], [ -74.022277597693432, 40.636929005119264 ], [ -74.021869601504676, 40.637308913280854 ], [ -74.015793988329023, 40.634436694531061 ], [ -74.012760379514461, 40.632594980895377 ], [ -74.010217907148174, 40.630129759675917 ], [ -74.010736895341424, 40.629780470202597 ], [ -74.018503119764262, 40.624592816448555 ] ] ] } },
{ "type": "Feature", "properties": { "group_id": "N1g4-072", "n_parks": 4, "extent_km": 0.598, "max_walk_m": 567.3, "park_area_acres": 4.88, "hull_area_acres": 53.21, "boroughs": "B", "members": "Saratoga Park; Brevoort Playground; Welcome Home Garden; Halsey Ralph & Howard Community Garden" }, "geometry": { "type": "Polygon", "coordinates": [ [ [ -73.922682056292302, 40.679916846011544 ], [ -73.922715787028224, 40.679919671974744 ], [ -73.922748360545583, 40.679926913275239 ], [ -73.922778788232591, 40.67993835042541 ], [ -73.922806144315302, 40.679953636107669 ], [ -73.923015377794556, 40.680093456923565 ], [ -73.925328211226784, 40.684714580384579 ], [ -73.92538383288867, 40.684994085622584 ], [ -73.925313102162875, 40.685002286644853 ], [ -73.925293660202144, 40.685004540618422 ], [ -73.91780474918319, 40.685401473136253 ], [ -73.917705121222482, 40.684846803167126 ], [ -73.922359534088841, 40.679952227982866 ], [ -73.922648193770684, 40.679918522523366 ], [ -73.922682056292302, 40.679916846011544 ] ] ] } },
{ "type": "Feature", "properties": { "group_id": "N1g4-073", "n_parks": 4, "extent_km": 0.879, "max_walk_m": 796.1, "park_area_acres": 3.43, "hull_area_acres": 76.02, "boroughs": "B", "members": "Police Officer John G. Scarangella Park; Lady Moody Triangle; Meucci Triangle; Cutinella Triangle" }, "geometry": { "type": "Polygon", "coordinates": [ [ [ -73.976755163099838, 40.591727086997281 ], [ -73.976761469870127, 40.591727608775194 ], [ -73.976767582639056, 40.591728902261771 ], [ -73.98452221318361, 40.593676627497615 ], [ -73.984883178013007, 40.595574653329599 ], [ -73.983414940735557, 40.595777917601062 ], [ -73.97420991818656, 40.596763188743481 ], [ -73.974221017983268, 40.596681915467364 ], [ -73.976715998316891, 40.59174746510822 ], [ -73.976718806680111, 40.591742882915568 ], [ -73.976722377741794, 40.591739505777205 ], [ -73.976726479315019, 40.591735816264631 ], [ -73.976731309555532, 40.591732681621679 ], [ -73.976736743216634, 40.591730185571514 ], [ -73.976742633795126, 40.591728392021501 ], [ -73.976748828886414, 40.591727350469533 ], [ -73.976755163099838, 40.591727086997281 ] ] ] } },
{ "type": "Feature", "properties": { "group_id": "N1g4-074", "n_parks": 4, "extent_km": 0.989, "max_walk_m": 528.6, "park_area_acres": 47.79, "hull_area_acres": 166.58, "boroughs": "B", "members": "Red Hook Recreation Area; Cough Triangle; Admiral Triangle; Dimattina Playground" }, "geometry": { "type": "Polygon", "coordinates": [ [ [ -74.006970890944004, 40.669547635462116 ], [ -74.009103781573728, 40.670142883854183 ], [ -74.010891491178768, 40.672315260390519 ], [ -74.010507553538233, 40.673110691405178 ], [ -74.002843887197926, 40.680462199620756 ], [ -74.002045852300881, 40.680239802151767 ], [ -73.999805092210948, 40.674529730760071 ], [ -73.99987558764154, 40.674382057212675 ], [ -74.001393612473791, 40.671225212017319 ], [ -74.001916252429595, 40.67014326591746 ], [ -74.006970890944004, 40.669547635462116 ] ] ] } },
{ "type": "Feature", "properties": { "group_id": "N1g4-075", "n_parks": 4, "extent_km": 0.648, "max_walk_m": 559.6, "park_area_acres": 3.18, "hull_area_acres": 18.8, "boroughs": "B", "members": "Powell Playground; Howard Playground; Houston Playground; TLC Sculpture Park Garden" }, "geometry": { "type": "Polygon", "coordinates": [ [ [ -73.905149389224405, 40.670916046974227 ], [ -73.908423552903471, 40.671450957743424 ], [ -73.908846346041571, 40.671666448329312 ], [ -73.908880029501177, 40.671797357769272 ], [ -73.905495810270736, 40.672424711289011 ], [ -73.904785615239916, 40.672531450987456 ], [ -73.900548655141279, 40.672873703239517 ], [ -73.900479779570745, 40.672604278719447 ], [ -73.904392393729282, 40.671029274397483 ], [ -73.905149389224405, 40.670916046974227 ] ] ] } },
{ "type": "Feature", "properties": { "group_id": "N1g4-076", "n_parks": 4, "extent_km": 0.577, "max_walk_m": 313.3, "park_area_acres": 1.24, "hull_area_acres": 80.78, "boroughs": "B", "members": "Flatbush Malls; Flatbush Malls; Flatbush Mall; Hot Spot Tot Lot" }, "geometry": { "type": "Polygon", "coordinates": [ [ [ -73.960276975722635, 40.629481586542873 ], [ -73.960283173677595, 40.629482054252726 ], [ -73.960283493933133, 40.62948215071895 ], [ -73.960288070864081, 40.629483539100164 ], [ -73.966484681704671, 40.631930769550188 ], [ -73.966489812337414, 40.631934065145465 ], [ -73.966493032571265, 40.631937900495487 ], [ -73.966494865292276, 40.63194375800763 ], [ -73.966494110738395, 40.631949325699047 ], [ -73.966492098289805, 40.63195300823687 ], [ -73.966488885186166, 40.631956157317219 ], [ -73.961303411892288, 40.63479638324872 ], [ -73.961297177189465, 40.634799307837525 ], [ -73.961296958448713, 40.634799410423049 ], [ -73.961287433521989, 40.634801241574053 ], [ -73.961286477267322, 40.634801185419938 ], [ -73.961279568359359, 40.634800775158425 ], [ -73.954972070436426, 40.63321825418457 ], [ -73.954965655396492, 40.633214969279294 ], [ -73.954961372384645, 40.633210465905691 ], [ -73.954960719977549, 40.633208603376168 ], [ -73.954959934264565, 40.633206349969107 ], [ -73.954960110165175, 40.633201425097894 ], [ -73.954962085732603, 40.633197342917178 ], [ -73.956745092558407, 40.630681579090343 ], [ -73.960269767479033, 40.62948261244567 ], [ -73.960276674295997, 40.629481628763159 ], [ -73.960276975722635, 40.629481586542873 ] ] ] } },
{ "type": "Feature", "properties": { "group_id": "N1g4-077", "n_parks": 4, "extent_km": 0.473, "max_walk_m": 516.6, "park_area_acres": 4.34, "hull_area_acres": 38.0, "boroughs": "B", "members": "P.S. 125 Playground; Dr. Green Playground; Van Dyke Playground; Carter G. Woodson Children's Park" }, "geometry": { "type": "Polygon", "coordinates": [ [ [ -73.904347879936893, 40.664022205348523 ], [ -73.909372438634634, 40.665031521933173 ], [ -73.909406578132277, 40.66516627688835 ], [ -73.908110096262519, 40.667331546859785 ], [ -73.90614986614284, 40.66896931802053 ], [ -73.906061398435369, 40.668982387947565 ], [ -73.905789017093383, 40.669022626299046 ], [ -73.903672655658156, 40.664840197964324 ], [ -73.903495951723912, 40.664148385604513 ], [ -73.904347879936893, 40.664022205348523 ] ] ] } },
{ "type": "Feature", "properties": { "group_id": "N1g4-078", "n_parks": 4, "extent_km": 0.475, "max_walk_m": 528.3, "park_area_acres": 2.63, "hull_area_acres": 17.27, "boroughs": "B", "members": "Potomac Playground; Hattie Carthan Playground; Shiloh Garden; The Feeding Tree" }, "geometry": { "type": "Polygon", "coordinates": [ [ [ -73.944761497650433, 40.681736909279486 ], [ -73.946556854463282, 40.685273803253857 ], [ -73.946611203812751, 40.685550557307479 ], [ -73.946631586727989, 40.685832240299412 ], [ -73.945301437305645, 40.686395151872077 ], [ -73.945235482534926, 40.686402756859671 ], [ -73.945167463260802, 40.686410599461844 ], [ -73.944562860073503, 40.686011682923947 ], [ -73.944551887018164, 40.685957426179691 ], [ -73.943845976051094, 40.682398874543047 ], [ -73.943738428381721, 40.681853868579793 ], [ -73.944761497650433, 40.681736909279486 ] ] ] } },
{ "type": "Feature", "properties": { "group_id": "N1g4-079", "n_parks": 4, "extent_km": 0.373, "max_walk_m": 257.8, "park_area_acres": 1.82, "hull_area_acres": 10.15, "boroughs": "B", "members": "Fish Playground; Phoenix Community Garden; Saratoga Farm; Garden" }, "geometry": { "type": "Polygon", "coordinates": [ [ [ -73.914061371811414, 40.677793398208244 ], [ -73.914241583558521, 40.677803262734088 ], [ -73.915435762799731, 40.678141405683512 ], [ -73.916214208620232, 40.678677356518008 ], [ -73.916257144935642, 40.678829602708234 ], [ -73.915882213943632, 40.678872529616974 ], [ -73.915811034389193, 40.678880678546413 ], [ -73.911538468769976, 40.679096999637956 ], [ -73.911187175489943, 40.678661552478808 ], [ -73.911133623272363, 40.678399974568677 ], [ -73.914061371811414, 40.677793398208244 ] ] ] } },
{ "type": "Feature", "properties": { "group_id": "N1g4-080", "n_parks": 4, "extent_km": 0.32, "max_walk_m": 290.0, "park_area_acres": 1.34, "hull_area_acres": 11.23, "boroughs": "B", "members": "Newport Playground; Gethsemane Garden; United Community Centers Youth Farm; Abib Newborn Garden" }, "geometry": { "type": "Polygon", "coordinates": [ [ [ -73.909644865485845, 40.65887649254455 ], [ -73.909713468220687, 40.659145952303696 ], [ -73.907453961914911, 40.661075009963071 ], [ -73.906746968334133, 40.661181374463766 ], [ -73.905788494091155, 40.659729686824292 ], [ -73.905713372043209, 40.659436019791471 ], [ -73.9060669089355, 40.659383429777286 ], [ -73.909644865485845, 40.65887649254455 ] ] ] } },
{ "type": "Feature", "properties": { "group_id": "N1g4-081", "n_parks": 4, "extent_km": 0.383, "max_walk_m": 322.9, "park_area_acres": 5.43, "hull_area_acres": 24.93, "boroughs": "B", "members": "Livonia Park; Floyd Patterson Ballfields; Nehemiah Park; Powell Street Livonia Garden" }, "geometry": { "type": "Polygon", "coordinates": [ [ [ -73.904275990242681, 40.660144644449254 ], [ -73.905657958975624, 40.66152888833561 ], [ -73.905956398926406, 40.662688918187911 ], [ -73.905820577446818, 40.662917741830405 ], [ -73.902425350801806, 40.664155909518058 ], [ -73.901707020171699, 40.664261670598762 ], [ -73.901510166384767, 40.663551074738272 ], [ -73.901442090008842, 40.663284085272473 ], [ -73.903553157970222, 40.660252751965515 ], [ -73.904275990242681, 40.660144644449254 ] ] ] } },
{ "type": "Feature", "properties": { "group_id": "N1g4-082", "n_parks": 4, "extent_km": 0.408, "max_walk_m": 461.0, "park_area_acres": 0.64, "hull_area_acres": 6.06, "boroughs": "B", "members": "Concerned Residents of Montauk Avenue; Manley's Pl; Shield Of Faith; Upon This Rock Comm Garden" }, "geometry": { "type": "Polygon", "coordinates": [ [ [ -73.878331279506696, 40.673782249101379 ], [ -73.87869378785922, 40.674533027237722 ], [ -73.87874408283713, 40.674731326105167 ], [ -73.878695831159135, 40.677599420209091 ], [ -73.878340807264181, 40.677651467072145 ], [ -73.878324650734129, 40.677586192332882 ], [ -73.878291269283579, 40.677451325545015 ], [ -73.87770626594677, 40.674203266509345 ], [ -73.877962804929041, 40.673832538978054 ], [ -73.878331279506696, 40.673782249101379 ] ] ] } },
{ "type": "Feature", "properties": { "group_id": "N1g4-083", "n_parks": 4, "extent_km": 0.695, "max_walk_m": 662.5, "park_area_acres": 10.59, "hull_area_acres": 100.71, "boroughs": "M", "members": "Bryant Park; Greeley Square Park; Herald Square; Park Avenue Malls" }, "geometry": { "type": "Polygon", "coordinates": [ [ [ -73.981276712252736, 40.747139646863047 ], [ -73.981282845469536, 40.747140298925999 ], [ -73.988275062639772, 40.748403638179134 ], [ -73.988498326529339, 40.748497657325501 ], [ -73.987694106030574, 40.750500439224524 ], [ -73.987692486804207, 40.750503377402353 ], [ -73.987690430632895, 40.750506352454131 ], [ -73.987688027539789, 40.750509198696477 ], [ -73.98401125288062, 40.754644582147598 ], [ -73.982615810235103, 40.754058117660399 ], [ -73.981087467558822, 40.753415767819561 ], [ -73.979065374020792, 40.750169318131249 ], [ -73.979062358437346, 40.750164471059982 ], [ -73.979060412199942, 40.750159317110501 ], [ -73.979059504476496, 40.750154000358215 ], [ -73.979059640963271, 40.750149233104416 ], [ -73.979060458110879, 40.750145105333594 ], [ -73.979062296135496, 40.750140415832604 ], [ -73.979063245141191, 40.750138711347283 ], [ -73.979086323928414, 40.750106834026305 ], [ -73.981035360282348, 40.747427744190738 ], [ -73.981201710956043, 40.747201742569764 ], [ -73.981235921893884, 40.747155385578679 ], [ -73.9812395793234, 40.747151586938131 ], [ -73.981243894968401, 40.747148208040656 ], [ -73.981248134605138, 40.747145640486828 ], [ -73.981253468258643, 40.747143246908657 ], [ -73.981260644244529, 40.747141049940382 ], [ -73.981268982709253, 40.747139784284279 ], [ -73.981276712252736, 40.747139646863047 ] ] ] } },
{ "type": "Feature", "properties": { "group_id": "N1g4-084", "n_parks": 4, "extent_km": 0.564, "max_walk_m": 525.7, "park_area_acres": 6.49, "hull_area_acres": 65.11, "boroughs": "M", "members": "Chelsea Park; Penn South Playground; The High Line (1/4); The High Line (3/4)" }, "geometry": { "type": "Polygon", "coordinates": [ [ [ -74.005978958491866, 40.746091332687939 ], [ -74.00607584593125, 40.746124466839298 ], [ -74.002370275136698, 40.752736879404488 ], [ -74.001009294296196, 40.752264709329879 ], [ -74.000773041007221, 40.752081382608111 ], [ -73.999242210288571, 40.74963037506275 ], [ -73.998268715046152, 40.747605817811163 ], [ -73.99863254037065, 40.747102138909725 ], [ -74.005978958491866, 40.746091332687939 ] ] ] } },
{ "type": "Feature", "properties": { "group_id": "N1g4-085", "n_parks": 4, "extent_km": 1.029, "max_walk_m": 696.1, "park_area_acres": 19.52, "hull_area_acres": 101.59, "boroughs": "M", "members": "City Hall Park; Battery Park City (2/4); Washington Market Park; Tribeca Dog Run" }, "geometry": { "type": "Polygon", "coordinates": [ [ [ -74.007531729540943, 40.711768837480975 ], [ -74.007579419629437, 40.711772347243183 ], [ -74.00761987821636, 40.711779432492058 ], [ -74.007680823245693, 40.711798053704818 ], [ -74.017275039468657, 40.71565657957138 ], [ -74.016673358742963, 40.718805580548661 ], [ -74.014682690786216, 40.718533232166372 ], [ -74.013187913594507, 40.718328703776329 ], [ -74.010880846818196, 40.717438173965078 ], [ -74.004305485498577, 40.713095403280839 ], [ -74.004770235482866, 40.712615728901589 ], [ -74.004906395793768, 40.712512958708693 ], [ -74.004995317579144, 40.71245715474371 ], [ -74.005054714034657, 40.712422063754339 ], [ -74.005131383865873, 40.712386925138986 ], [ -74.005229196476023, 40.712346575159359 ], [ -74.005310443864147, 40.712314044995672 ], [ -74.005407990910257, 40.712285084534663 ], [ -74.00740671058, 40.711783970570487 ], [ -74.007443266866787, 40.711775685315125 ], [ -74.007490793776185, 40.711769852325979 ], [ -74.007531729540943, 40.711768837480975 ] ] ] } },
{ "type": "Feature", "properties": { "group_id": "N1g4-086", "n_parks": 4, "extent_km": 0.534, "max_walk_m": 368.7, "park_area_acres": 7.16, "hull_area_acres": 28.69, "boroughs": "M", "members": "Richard Tucker Park; Broadway Malls (5/11); Damrosch Park; Lincoln Center Plaza" }, "geometry": { "type": "Polygon", "coordinates": [ [ [ -73.982084233896515, 40.76852780999517 ], [ -73.98209305430747, 40.768528075213858 ], [ -73.982098466939505, 40.768528941438923 ], [ -73.982104772326807, 40.76853095504385 ], [ -73.982109275014849, 40.768532933248878 ], [ -73.982113920767475, 40.768535850701149 ], [ -73.982117931531604, 40.768539259729636 ], [ -73.986010670841424, 40.772325875033566 ], [ -73.985618724916748, 40.772842321077569 ], [ -73.983898272794931, 40.773609742514168 ], [ -73.981948030139961, 40.773665585426457 ], [ -73.981783159603395, 40.773596154121691 ], [ -73.982042619977577, 40.768646427748301 ], [ -73.982048825973962, 40.768555820049677 ], [ -73.982049929057169, 40.768550036287266 ], [ -73.982053310056159, 40.768543331664596 ], [ -73.982058256587763, 40.76853769978527 ], [ -73.982063907406143, 40.768533742051552 ], [ -73.982074977107217, 40.768529426760239 ], [ -73.982084233896515, 40.76852780999517 ] ] ] } },
{ "type": "Feature", "properties": { "group_id": "N1g4-087", "n_parks": 4, "extent_km": 0.51, "max_walk_m": 178.9, "park_area_acres": 7.44, "hull_area_acres": 44.59, "boroughs": "M", "members": "Riverside Park (2/4); Riverside Park (3/4); Broadway Malls (2/5); Broadway Malls (5/5)" }, "geometry": { "type": "Polygon", "coordinates": [ [ [ -73.950996023506065, 40.825622700874227 ], [ -73.953049914786831, 40.825987391754431 ], [ -73.953553315606356, 40.826243941828047 ], [ -73.949895615157772, 40.832444424954261 ], [ -73.947255511719661, 40.830800655413974 ], [ -73.947244048353994, 40.830790630364987 ], [ -73.947239489682232, 40.830781987131452 ], [ -73.947238101092566, 40.830771924367269 ], [ -73.947240697351262, 40.830763053880247 ], [ -73.947587720244513, 40.830285441071368 ], [ -73.949518876129275, 40.827637548571204 ], [ -73.950490466509763, 40.826307336619287 ], [ -73.950996023506065, 40.825622700874227 ] ] ] } },
{ "type": "Feature", "properties": { "group_id": "N1g4-088", "n_parks": 4, "extent_km": 0.579, "max_walk_m": 625.7, "park_area_acres": 1.35, "hull_area_acres": 31.88, "boroughs": "M", "members": "Straus Park; Broadway Malls (3/11); Bloomingdale Playground; La Perla Garden" }, "geometry": { "type": "Polygon", "coordinates": [ [ [ -73.969407076676475, 40.797886206667584 ], [ -73.969415383157553, 40.797886349349817 ], [ -73.969420486466021, 40.797887002665426 ], [ -73.969426551530447, 40.797888590053951 ], [ -73.969433104294595, 40.797891272578845 ], [ -73.96943824200342, 40.79789442839099 ], [ -73.969443189516568, 40.797898897981241 ], [ -73.969446686575793, 40.797903513968308 ], [ -73.969449154600255, 40.797909203077879 ], [ -73.969450091146911, 40.797916011102458 ], [ -73.969449036785846, 40.797923210316675 ], [ -73.968305609654905, 40.801676621015524 ], [ -73.968098074777387, 40.801964288495249 ], [ -73.963054956054833, 40.798349662663647 ], [ -73.963242141871447, 40.798087038698689 ], [ -73.969407076676475, 40.797886206667584 ] ] ] } },
{ "type": "Feature", "properties": { "group_id": "N1g4-089", "n_parks": 4, "extent_km": 0.607, "max_walk_m": 510.3, "park_area_acres": 2.46, "hull_area_acres": 31.89, "boroughs": "M", "members": "Broadway Malls (7/11); Booker T. Washington Playground; Anibal Aviles Playground; Mobilization For Change" }, "geometry": { "type": "Polygon", "coordinates": [ [ [ -73.962084507453639, 40.799623216493693 ], [ -73.967961305311107, 40.800955651999622 ], [ -73.967864433003399, 40.802045722355068 ], [ -73.967863140333492, 40.802060038126697 ], [ -73.967861252797391, 40.80207431230955 ], [ -73.967824172766043, 40.802283528385772 ], [ -73.967781368790824, 40.802482896788902 ], [ -73.967780703670357, 40.802485993418628 ], [ -73.967771067556114, 40.802526321367701 ], [ -73.967764578932417, 40.80254944616518 ], [ -73.967759818707449, 40.802566408431495 ], [ -73.967746942925771, 40.802606203277143 ], [ -73.967716434678252, 40.802685543093581 ], [ -73.967714983564107, 40.802689269851903 ], [ -73.967647212225643, 40.802862293407969 ], [ -73.967643168577126, 40.802872608387503 ], [ -73.967587117815185, 40.803009878186387 ], [ -73.967584904405385, 40.803014211664731 ], [ -73.967320724804182, 40.803379514452303 ], [ -73.967217638167696, 40.8035213362459 ], [ -73.966848124290024, 40.804028256358869 ], [ -73.966799074438896, 40.804094713450844 ], [ -73.966794908691341, 40.804097562329225 ], [ -73.966788434351287, 40.804100573532608 ], [ -73.966777388197798, 40.804103229522227 ], [ -73.966767912425809, 40.804103175462572 ], [ -73.966758717059136, 40.804101660874167 ], [ -73.966750648230871, 40.804098696807159 ], [ -73.966744436791757, 40.804094956145114 ], [ -73.962402524874292, 40.80116124720827 ], [ -73.962036928286608, 40.799688903964224 ], [ -73.962084507453639, 40.799623216493693 ] ] ] } },
{ "type": "Feature", "properties": { "group_id": "N1g4-090", "n_parks": 4, "extent_km": 0.304, "max_walk_m": 221.5, "park_area_acres": 1.14, "hull_area_acres": 9.35, "boroughs": "M", "members": "Playground One; Kimlau Square; St. James Triangle; James Madison Plaza" }, "geometry": { "type": "Polygon", "coordinates": [ [ [ -74.000529139470615, 40.711198701849611 ], [ -74.000562091951977, 40.711231238048143 ], [ -74.00060647758859, 40.711278495727477 ], [ -74.000656681184111, 40.711347463770217 ], [ -74.000679922707434, 40.711384005461184 ], [ -74.00070494308298, 40.711434469032632 ], [ -74.000729800338277, 40.711498987770931 ], [ -74.000743481286037, 40.711552959794304 ], [ -74.000750293537934, 40.711595208111575 ], [ -73.998277005261755, 40.713475250407917 ], [ -73.998087803649014, 40.713562435747718 ], [ -73.998071502550957, 40.713567747587213 ], [ -73.998054137596526, 40.713570500155555 ], [ -73.998039786986439, 40.713570571052436 ], [ -73.99803640466385, 40.713570587203975 ], [ -73.998018994894409, 40.71356800514215 ], [ -73.998002604160305, 40.713562853938896 ], [ -73.99798787389085, 40.713555339822783 ], [ -73.997971878648286, 40.713543244785662 ], [ -73.9977746983526, 40.713394135514079 ], [ -73.997086878003799, 40.712448817296767 ], [ -73.99700430992884, 40.712150732646734 ], [ -74.000529139470615, 40.711198701849611 ] ] ] } },
{ "type": "Feature", "properties": { "group_id": "N1g4-091", "n_parks": 4, "extent_km": 0.226, "max_walk_m": 209.3, "park_area_acres": 3.15, "hull_area_acres": 7.08, "boroughs": "Q", "members": "Park Of The Americas; Veteran's Square; Corona Plaza; American Triangle" }, "geometry": { "type": "Polygon", "coordinates": [ [ [ -73.863333226328649, 40.747645132528 ], [ -73.863459963794426, 40.748451079294526 ], [ -73.863459711030913, 40.748452505398383 ], [ -73.863458317848995, 40.748460359772167 ], [ -73.863454234225841, 40.748467162766083 ], [ -73.86263972566465, 40.749746401248395 ], [ -73.862349574618619, 40.749762981701345 ], [ -73.861473417744989, 40.749193283559691 ], [ -73.861043723635305, 40.748332190813798 ], [ -73.863333226328649, 40.747645132528 ] ] ] } },
{ "type": "Feature", "properties": { "group_id": "N1g4-092", "n_parks": 4, "extent_km": 0.462, "max_walk_m": 332.2, "park_area_acres": 3.03, "hull_area_acres": 11.17, "boroughs": "Q", "members": "McKenna Triangle; Short Triangle; Murray Playground; Court Square Park" }, "geometry": { "type": "Polygon", "coordinates": [ [ [ -73.945446484576763, 40.746045014650008 ], [ -73.94987431818015, 40.747149002752998 ], [ -73.94969886192257, 40.747679992735705 ], [ -73.943322029905616, 40.746620060915397 ], [ -73.943066775817755, 40.746304193993446 ], [ -73.943600815529862, 40.746091551749963 ], [ -73.945446484576763, 40.746045014650008 ] ] ] } },
{ "type": "Feature", "properties": { "group_id": "N1g4-093", "n_parks": 4, "extent_km": 1.069, "max_walk_m": 278.0, "park_area_acres": 17.85, "hull_area_acres": 38.56, "boroughs": "Q", "members": "Tudor Park; Vito Locascio Field; Rocket Playground; Park" }, "geometry": { "type": "Polygon", "coordinates": [ [ [ -73.842722461942842, 40.669305911776718 ], [ -73.84602114824672, 40.6702849413943 ], [ -73.846819866507815, 40.670527235368503 ], [ -73.846894859879384, 40.670549984992668 ], [ -73.846898209306616, 40.670551001630905 ], [ -73.856358073730505, 40.673432383082854 ], [ -73.856355600417473, 40.673882226581455 ], [ -73.85635200131054, 40.674536791993958 ], [ -73.855439667890039, 40.674469336182916 ], [ -73.848760276672493, 40.672390685063696 ], [ -73.848013125277888, 40.672147420985198 ], [ -73.843041363002982, 40.6704532537196 ], [ -73.842722461942842, 40.669305911776718 ] ] ] } },
{ "type": "Feature", "properties": { "group_id": "N1g4-094", "n_parks": 4, "extent_km": 0.412, "max_walk_m": 429.1, "park_area_acres": 7.47, "hull_area_acres": 31.51, "boroughs": "Q", "members": "Marconi Park; Jamaica Playground; George Washington Carver Botanical Garden; Discovery Garden" }, "geometry": { "type": "Polygon", "coordinates": [ [ [ -73.794717137457511, 40.692379901967485 ], [ -73.795958203672527, 40.692613148879857 ], [ -73.795965065008986, 40.692614884631098 ], [ -73.795972371962904, 40.692617913411461 ], [ -73.795978593809465, 40.692621785851635 ], [ -73.79598168209202, 40.69262435509377 ], [ -73.796128990812491, 40.69282209646093 ], [ -73.79637086944004, 40.693172654053846 ], [ -73.796363658363418, 40.694305738905257 ], [ -73.795575540730127, 40.694640132105015 ], [ -73.795566609976092, 40.69464223335256 ], [ -73.790770965227352, 40.695061137122089 ], [ -73.790755451276212, 40.69503987746949 ], [ -73.790663129992197, 40.694913360990441 ], [ -73.790629424515188, 40.694867169883807 ], [ -73.78999743106786, 40.693042814290273 ], [ -73.790925136585727, 40.692652208235721 ], [ -73.794717137457511, 40.692379901967485 ] ] ] } },
{ "type": "Feature", "properties": { "group_id": "N1g4-095", "n_parks": 4, "extent_km": 1.022, "max_walk_m": 646.5, "park_area_acres": 8.0, "hull_area_acres": 35.62, "boroughs": "R", "members": "Ida Court; Park; Park; Park" }, "geometry": { "type": "Polygon", "coordinates": [ [ [ -74.192016837902699, 40.533670184257055 ], [ -74.192364841514404, 40.534411023980212 ], [ -74.182701134770767, 40.543753506766606 ], [ -74.182568655375761, 40.543688432746656 ], [ -74.18582434822126, 40.538298025879946 ], [ -74.192016837902699, 40.533670184257055 ] ] ] } },
{ "type": "Feature", "properties": { "group_id": "N1g4-096", "n_parks": 4, "extent_km": 0.478, "max_walk_m": 379.2, "park_area_acres": 9.61, "hull_area_acres": 65.99, "boroughs": "X", "members": "Aqueduct Walk; Aqueduct Walk (3/5); Devoe Park; Davidson Ave. Community Gardeners Group" }, "geometry": { "type": "Polygon", "coordinates": [ [ [ -73.906094821806605, 40.860254575901386 ], [ -73.906279280557413, 40.860349026298337 ], [ -73.90875728332098, 40.862951790081439 ], [ -73.908773326272296, 40.862972014267491 ], [ -73.908780988594799, 40.862990168803115 ], [ -73.90878347042721, 40.863005388147513 ], [ -73.908782504550146, 40.86302122880582 ], [ -73.908777431056308, 40.863037999124415 ], [ -73.908770287049336, 40.863050981244768 ], [ -73.908752287759086, 40.863070822818464 ], [ -73.90868643483465, 40.863123234174573 ], [ -73.908604839590623, 40.863180840558329 ], [ -73.908516237197063, 40.863233700248109 ], [ -73.900109187835355, 40.867924380877106 ], [ -73.899970812841161, 40.867890851048237 ], [ -73.900649516358484, 40.864195093735631 ], [ -73.90073404137982, 40.864082539496501 ], [ -73.906094821806605, 40.860254575901386 ] ] ] } },
{ "type": "Feature", "properties": { "group_id": "N1g4-097", "n_parks": 4, "extent_km": 0.405, "max_walk_m": 382.8, "park_area_acres": 7.21, "hull_area_acres": 26.72, "boroughs": "X", "members": "Murphy Triangle; Hutton Triangle; Bathgate Playground; Quarry Ballfields" }, "geometry": { "type": "Polygon", "coordinates": [ [ [ -73.889940373059645, 40.849998983186559 ], [ -73.89351985806401, 40.85109027871507 ], [ -73.893526074780866, 40.851093116500891 ], [ -73.893531582315902, 40.851096701940882 ], [ -73.894956879445004, 40.852320682267923 ], [ -73.894150716162429, 40.85374527003578 ], [ -73.890024464541369, 40.852450376034675 ], [ -73.890019708544429, 40.852448477766004 ], [ -73.890015429045931, 40.852446010840502 ], [ -73.890011742156446, 40.852443042005291 ], [ -73.890008749730384, 40.852439653302355 ], [ -73.890006532258866, 40.852435936658594 ], [ -73.890005151243244, 40.85243199298781 ], [ -73.889469058656161, 40.850787950967003 ], [ -73.889940373059645, 40.849998983186559 ] ] ] } },
{ "type": "Feature", "properties": { "group_id": "N1g4-098", "n_parks": 4, "extent_km": 0.664, "max_walk_m": 764.7, "park_area_acres": 36.79, "hull_area_acres": 73.48, "boroughs": "X", "members": "St. Mary's Park; Pontiac Playground; I-Am-Park; St. Ann's Block Association Garden" }, "geometry": { "type": "Polygon", "coordinates": [ [ [ -73.910755520857805, 40.808927763310017 ], [ -73.912596872069372, 40.809484429350157 ], [ -73.913144781190027, 40.80969359242814 ], [ -73.914980415931595, 40.810482207714116 ], [ -73.911278867121112, 40.817275349868417 ], [ -73.911102732503622, 40.817232647705112 ], [ -73.911050703645785, 40.817190109517895 ], [ -73.907786451867466, 40.814397454860448 ], [ -73.907957071030154, 40.813918484141233 ], [ -73.910755520857805, 40.808927763310017 ] ] ] } },
{ "type": "Feature", "properties": { "group_id": "N1g4-099", "n_parks": 4, "extent_km": 0.581, "max_walk_m": 467.0, "park_area_acres": 4.15, "hull_area_acres": 17.28, "boroughs": "X", "members": "People's Park; Alexander's Alley; Willis Playground; Brook Park" }, "geometry": { "type": "Polygon", "coordinates": [ [ [ -73.916666989544453, 40.809083195100634 ], [ -73.918854039532818, 40.809184224248469 ], [ -73.923039165010408, 40.810455361828012 ], [ -73.923922221826501, 40.810828734270281 ], [ -73.923743330324655, 40.811072243097136 ], [ -73.923204013073033, 40.811658096622921 ], [ -73.917326903499657, 40.809870483218432 ], [ -73.916751660486597, 40.809681249223601 ], [ -73.916308095391543, 40.809533966773742 ], [ -73.916428048787409, 40.809190927045535 ], [ -73.916485810547442, 40.809091199999138 ], [ -73.916666989544453, 40.809083195100634 ] ] ] } },
{ "type": "Feature", "properties": { "group_id": "N1g4-100", "n_parks": 4, "extent_km": 0.558, "max_walk_m": 361.8, "park_area_acres": 10.14, "hull_area_acres": 42.07, "boroughs": "X", "members": "Henry Hudson Parkway (2/8); Spuyten Duyvil Playground; Riverdale Playground; Raoul Wallenberg Forest" }, "geometry": { "type": "Polygon", "coordinates": [ [ [ -73.914292148327007, 40.885061840586218 ], [ -73.9184735679098, 40.886582343198803 ], [ -73.918553832916814, 40.88738776220363 ], [ -73.918563829030248, 40.887512227229131 ], [ -73.918567973036119, 40.88758151624662 ], [ -73.918566994427565, 40.887666512428027 ], [ -73.918566064340453, 40.887737081056187 ], [ -73.918561747426693, 40.887808930486415 ], [ -73.918556588031407, 40.887878854082174 ], [ -73.918543718036887, 40.887972267714403 ], [ -73.918530313580533, 40.888053479382336 ], [ -73.918511563016267, 40.888143889338771 ], [ -73.918504555047633, 40.888174952054889 ], [ -73.915533264284633, 40.888388775899969 ], [ -73.910609033075673, 40.888499187820301 ], [ -73.910583687854782, 40.888482761281146 ], [ -73.910660443355155, 40.888155542739973 ], [ -73.912775017819911, 40.885916845985939 ], [ -73.912964261753373, 40.885742755542644 ], [ -73.91315722845917, 40.885571034963938 ], [ -73.913353866847842, 40.885401731018355 ], [ -73.914292148327007, 40.885061840586218 ] ] ] } },
{ "type": "Feature", "properties": { "group_id": "N1g4-101", "n_parks": 4, "extent_km": 0.857, "max_walk_m": 771.9, "park_area_acres": 6.31, "hull_area_acres": 57.33, "boroughs": "X", "members": "Mott Playground; Grant Park; Claremont Neighborhood Garden; College Avenue Garden" }, "geometry": { "type": "Polygon", "coordinates": [ [ [ -73.914588888119809, 40.830892202652869 ], [ -73.914900105135857, 40.83100097118998 ], [ -73.915203875455276, 40.831118186356029 ], [ -73.914240718334085, 40.835873886926699 ], [ -73.912918795088316, 40.837615526432671 ], [ -73.91257644499953, 40.837842023549086 ], [ -73.912260652925823, 40.838005521478529 ], [ -73.910016770838311, 40.838291681531452 ], [ -73.909600994358982, 40.838149366517079 ], [ -73.909971370910384, 40.834188821259652 ], [ -73.910096860792379, 40.833975876532762 ], [ -73.914588888119809, 40.830892202652869 ] ] ] } },
{ "type": "Feature", "properties": { "group_id": "N1g4-102", "n_parks": 4, "extent_km": 0.937, "max_walk_m": 757.3, "park_area_acres": 4.75, "hull_area_acres": 64.34, "boroughs": "X", "members": "Noble Playground; Wood Park; Virginia Playground; Taylor Playground" }, "geometry": { "type": "Polygon", "coordinates": [ [ [ -73.861842125106151, 40.833919514975555 ], [ -73.872596657606579, 40.836874223170824 ], [ -73.87270025023615, 40.83691707503165 ], [ -73.872814813321895, 40.836973849738229 ], [ -73.872907062312592, 40.837037588482673 ], [ -73.872975642165144, 40.837103220041271 ], [ -73.873027793929992, 40.837155675446787 ], [ -73.873061134581633, 40.837214726060154 ], [ -73.873093413164113, 40.837289199166023 ], [ -73.873111317021383, 40.837352400266099 ], [ -73.873121360318166, 40.837422881318801 ], [ -73.873124181101204, 40.837489356229142 ], [ -73.873120517083663, 40.837538637166091 ], [ -73.872522626954989, 40.837768210936808 ], [ -73.871813066464142, 40.838040656159791 ], [ -73.865865589507109, 40.839379892523183 ], [ -73.861930260025005, 40.83443550794015 ], [ -73.861842125106151, 40.833919514975555 ] ] ] } },
{ "type": "Feature", "properties": { "group_id": "N1g4-103", "n_parks": 4, "extent_km": 0.732, "max_walk_m": 737.3, "park_area_acres": 1.76, "hull_area_acres": 15.65, "boroughs": "X", "members": "Gouverneur Morris Triangle; Saw Mill Playground; St. Luke's Park; Padre Plaza" }, "geometry": { "type": "Polygon", "coordinates": [ [ [ -73.912829316822481, 40.804589065420423 ], [ -73.912832769660469, 40.804589428230855 ], [ -73.912836090376118, 40.804590233086316 ], [ -73.915204238321806, 40.805389342458248 ], [ -73.915755466968321, 40.805622280601277 ], [ -73.91985539707477, 40.80879683157805 ], [ -73.919501701692894, 40.809284815491822 ], [ -73.918886450456924, 40.809025382057747 ], [ -73.917236999481489, 40.808017141929547 ], [ -73.912667897206589, 40.804704936516565 ], [ -73.912663782583493, 40.804701346712136 ], [ -73.912660482709214, 40.804697300071382 ], [ -73.912658081584695, 40.804692902916898 ], [ -73.912656644239007, 40.804688269661291 ], [ -73.912656206065932, 40.804683520998424 ], [ -73.912656778754098, 40.804678780305409 ], [ -73.912658349104433, 40.804674171841107 ], [ -73.912660874296762, 40.80466981533943 ], [ -73.912664289002876, 40.804665824213629 ], [ -73.912668504206124, 40.80466230195357 ], [ -73.912673410756398, 40.804659342128502 ], [ -73.91274394349071, 40.804624639879371 ], [ -73.91281917875915, 40.804590671448047 ], [ -73.912822420036179, 40.804589695957354 ], [ -73.912825832579387, 40.804589155537073 ], [ -73.912829316822481, 40.804589065420423 ] ] ] } },
{ "type": "Feature", "properties": { "group_id": "N1g4-104", "n_parks": 4, "extent_km": 0.626, "max_walk_m": 585.1, "park_area_acres": 19.4, "hull_area_acres": 89.32, "boroughs": "X", "members": "Starlight Park; Captain William Harry Thompson Playground; Eae J Mitchell Park; Rock Garden Park" }, "geometry": { "type": "Polygon", "coordinates": [ [ [ -73.884779002871269, 40.828324114971828 ], [ -73.885729677226223, 40.835239084146849 ], [ -73.885690867885785, 40.835304841236024 ], [ -73.884501505402184, 40.83661413173639 ], [ -73.877823826914621, 40.834760648137554 ], [ -73.877229760164369, 40.834435087198337 ], [ -73.87765767045228, 40.833975171950286 ], [ -73.882776726520461, 40.829369414118865 ], [ -73.884029168885775, 40.828359863148933 ], [ -73.884779002871269, 40.828324114971828 ] ] ] } },
{ "type": "Feature", "properties": { "group_id": "N1g4-105", "n_parks": 4, "extent_km": 0.773, "max_walk_m": 766.1, "park_area_acres": 2.84, "hull_area_acres": 23.35, "boroughs": "X", "members": "Dunbar Playground; Grove Hill Playground; El Batey Borincano Garden; Franklin Memorial Garden" }, "geometry": { "type": "Polygon", "coordinates": [ [ [ -73.908554077900632, 40.819479579124206 ], [ -73.909375426457416, 40.819675170736112 ], [ -73.90953685282669, 40.820647323359182 ], [ -73.90952653859496, 40.820672023994042 ], [ -73.909454041457721, 40.820845633264497 ], [ -73.905470085892674, 40.826388385251995 ], [ -73.905033339577813, 40.826284350523323 ], [ -73.905919126595194, 40.823253724089156 ], [ -73.906197285575942, 40.822584082280088 ], [ -73.908554077900632, 40.819479579124206 ] ] ] } },
{ "type": "Feature", "properties": { "group_id": "N1g4-106", "n_parks": 4, "extent_km": 0.487, "max_walk_m": 581.4, "park_area_acres": 3.38, "hull_area_acres": 22.04, "boroughs": "X", "members": "Captain Rivera Playground; Abigail Playground; Fountain Of Youth Playground; El Flamboyan Garden" }, "geometry": { "type": "Polygon", "coordinates": [ [ [ -73.905206161451673, 40.813348627388528 ], [ -73.905923633396029, 40.813496437425741 ], [ -73.907405453710084, 40.817752453912405 ], [ -73.90718339207173, 40.818289235458892 ], [ -73.904467754901518, 40.817663390810722 ], [ -73.904199650784236, 40.817260855047543 ], [ -73.904816910320832, 40.814437156078107 ], [ -73.905206161451673, 40.813348627388528 ] ] ] } },
{ "type": "Feature", "properties": { "group_id": "N1g4-107", "n_parks": 3, "extent_km": 0.75, "max_walk_m": 599.1, "park_area_acres": 11.93, "hull_area_acres": 72.95, "boroughs": "B", "members": "Brower Park; Eastern Parkway (5/10); Eastern Parkway (6/10)" }, "geometry": { "type": "Polygon", "coordinates": [ [ [ -73.936235348279979, 40.668792620934518 ], [ -73.942335380067476, 40.669119459248151 ], [ -73.944132251871082, 40.669217051362921 ], [ -73.9448746319663, 40.669257363563723 ], [ -73.945334584325764, 40.669290448816469 ], [ -73.945282430487438, 40.669848672463011 ], [ -73.944341246648392, 40.674793635667456 ], [ -73.942902880997806, 40.674715374883277 ], [ -73.936182419853338, 40.669345464229295 ], [ -73.936184710685609, 40.669321536444009 ], [ -73.936235348279979, 40.668792620934518 ] ] ] } },
{ "type": "Feature", "properties": { "group_id": "N1g4-108", "n_parks": 3, "extent_km": 0.849, "max_walk_m": 706.9, "park_area_acres": 8.11, "hull_area_acres": 37.78, "boroughs": "B", "members": "Maria Hernandez Park; Heisser Triangle; Hope Ballfield" }, "geometry": { "type": "Polygon", "coordinates": [ [ [ -73.917167471235032, 40.696993485755193 ], [ -73.917745610814777, 40.697320893705175 ], [ -73.925217743672107, 40.702830653464801 ], [ -73.923813528222567, 40.704255330446024 ], [ -73.922512206503441, 40.703513396226249 ], [ -73.916525735168321, 40.697647226645465 ], [ -73.916899990925558, 40.697265970920832 ], [ -73.917113509775305, 40.697048456533452 ], [ -73.917167471235032, 40.696993485755193 ] ] ] } },
{ "type": "Feature", "properties": { "group_id": "N1g4-109", "n_parks": 3, "extent_km": 0.634, "max_walk_m": 536.8, "park_area_acres": 2.61, "hull_area_acres": 15.4, "boroughs": "B", "members": "Carroll Park; St. Mary's Park; St. Mary's Park" }, "geometry": { "type": "Polygon", "coordinates": [ [ [ -73.997530721594174, 40.675488257499566 ], [ -73.997793465883106, 40.675561895234743 ], [ -73.996373914746442, 40.681100765607518 ], [ -73.996131294033944, 40.681608683731341 ], [ -73.994486989080215, 40.680974882530734 ], [ -73.997530721594174, 40.675488257499566 ] ] ] } },
{ "type": "Feature", "properties": { "group_id": "N1g4-110", "n_parks": 3, "extent_km": 0.757, "max_walk_m": 684.7, "park_area_acres": 5.24, "hull_area_acres": 76.69, "boroughs": "B", "members": "Eastern Parkway (7/10); Eastern Parkway (9/10); Grant Gore" }, "geometry": { "type": "Polygon", "coordinates": [ [ [ -73.949833702895404, 40.669525762731439 ], [ -73.950406076254694, 40.669555967017502 ], [ -73.953415916322243, 40.669715871676956 ], [ -73.954471900254802, 40.669773112452013 ], [ -73.955227974732551, 40.669814090869778 ], [ -73.955521270014628, 40.66984107962422 ], [ -73.955637575476615, 40.669865190809873 ], [ -73.957967480575263, 40.670348178247636 ], [ -73.95862300270133, 40.670490779479834 ], [ -73.958585012773554, 40.670598674803998 ], [ -73.958442977682836, 40.671002065842927 ], [ -73.958425159968954, 40.671052669209523 ], [ -73.952777404921775, 40.676581890421012 ], [ -73.949779590434872, 40.670104692172643 ], [ -73.949833702895404, 40.669525762731439 ] ] ] } },
{ "type": "Feature", "properties": { "group_id": "N1g4-111", "n_parks": 3, "extent_km": 0.546, "max_walk_m": 329.3, "park_area_acres": 25.87, "hull_area_acres": 75.25, "boroughs": "B", "members": "John Paul Jones Park; Shore Park and Parkway (4/10); John J Carty Park" }, "geometry": { "type": "Polygon", "coordinates": [ [ [ -74.036188539083355, 40.609504816112498 ], [ -74.038903767889579, 40.613082672048122 ], [ -74.037237679079141, 40.613803350294241 ], [ -74.02889052512802, 40.61529578099119 ], [ -74.028092739800243, 40.615386169504447 ], [ -74.027906135542693, 40.615291689976516 ], [ -74.028512604839591, 40.614586130650075 ], [ -74.031268804814957, 40.61141187201526 ], [ -74.031503305887412, 40.611175944340459 ], [ -74.034962024849833, 40.609888445965971 ], [ -74.035042407734409, 40.609860776379179 ], [ -74.036188539083355, 40.609504816112498 ] ] ] } },
{ "type": "Feature", "properties": { "group_id": "N1g4-112", "n_parks": 3, "extent_km": 0.577, "max_walk_m": 508.9, "park_area_acres": 2.77, "hull_area_acres": 28.36, "boroughs": "B", "members": "Dr. Ronald McNair Park; Jackie Robinson Playground; Eastern Parkway Coalition" }, "geometry": { "type": "Polygon", "coordinates": [ [ [ -73.958975263932317, 40.665438260166141 ], [ -73.959699079513541, 40.665584178082753 ], [ -73.962065377713287, 40.669741459114697 ], [ -73.962328729250771, 40.671093093293997 ], [ -73.962361928562217, 40.671263519492584 ], [ -73.959323857965515, 40.670637054990678 ], [ -73.958979912610047, 40.670565270750004 ], [ -73.95877550406918, 40.665993713463422 ], [ -73.958975263932317, 40.665438260166141 ] ] ] } },
{ "type": "Feature", "properties": { "group_id": "N1g4-113", "n_parks": 3, "extent_km": 0.818, "max_walk_m": 789.2, "park_area_acres": 6.03, "hull_area_acres": 30.3, "boroughs": "B", "members": "Kelly Park Playground; Kelly Park Playground; Mellett Playground" }, "geometry": { "type": "Polygon", "coordinates": [ [ [ -73.957777317262355, 40.596626014035806 ], [ -73.95788124235996, 40.597175035092903 ], [ -73.958355955542928, 40.604728583739032 ], [ -73.957164815403686, 40.60486657780919 ], [ -73.956713807749523, 40.604913303514117 ], [ -73.956130912416683, 40.604878583507748 ], [ -73.956026108190301, 40.604335118967512 ], [ -73.957040553163807, 40.59670553538821 ], [ -73.957777317262355, 40.596626014035806 ] ] ] } },
{ "type": "Feature", "properties": { "group_id": "N1g4-114", "n_parks": 3, "extent_km": 0.455, "max_walk_m": 295.0, "park_area_acres": 8.63, "hull_area_acres": 35.37, "boroughs": "B", "members": "McLaughlin Park; Korean War Veterans Plaza; Columbus Park" }, "geometry": { "type": "Polygon", "coordinates": [ [ [ -73.989243479792805, 40.692434573107832 ], [ -73.989452354461349, 40.692440401650174 ], [ -73.989653863324961, 40.692446024734991 ], [ -73.990644142261729, 40.692591989897089 ], [ -73.990655385874305, 40.692595061559715 ], [ -73.990659964197633, 40.692596611714151 ], [ -73.99066588167193, 40.692598890491944 ], [ -73.990671379132095, 40.692601306113396 ], [ -73.990676974737156, 40.692604090952827 ], [ -73.990685486345228, 40.692609048065286 ], [ -73.990692917766481, 40.692614225715381 ], [ -73.990699512711615, 40.692619659043089 ], [ -73.990703309917222, 40.692623244291866 ], [ -73.990707497420743, 40.692627696765996 ], [ -73.990714160553679, 40.692636244072133 ], [ -73.990718739234183, 40.692643757420875 ], [ -73.990722442370185, 40.692651713751218 ], [ -73.990725344419459, 40.692660662382153 ], [ -73.990726906138846, 40.692668844568502 ], [ -73.990727467970146, 40.692678321611815 ], [ -73.990907629597245, 40.695957909741274 ], [ -73.990907827610897, 40.695963444307047 ], [ -73.990907638736033, 40.695968978842288 ], [ -73.99090706652413, 40.695974498038524 ], [ -73.990906112160374, 40.695979986587105 ], [ -73.99090477682978, 40.695985429179466 ], [ -73.990903065267204, 40.695990809606734 ], [ -73.990900982206867, 40.695996114361478 ], [ -73.990898532383454, 40.696001328135452 ], [ -73.990895725264224, 40.69600643472009 ], [ -73.990892566766476, 40.696011421508679 ], [ -73.990889065174159, 40.696016274994172 ], [ -73.990885231137597, 40.696020979868656 ], [ -73.990881076489842, 40.696025523525876 ], [ -73.99087661069764, 40.696029895160365 ], [ -73.99087184796069, 40.696034079464525 ], [ -73.990866801295169, 40.696038065633189 ], [ -73.990861483716813, 40.696041844662233 ], [ -73.99085591179167, 40.696045403045247 ], [ -73.990850100901611, 40.696048732678825 ], [ -73.990844065246065, 40.696051822757887 ], [ -73.990837823756294, 40.696054666079753 ], [ -73.990831392997521, 40.696057254541216 ], [ -73.99082479190136, 40.696059580039083 ], [ -73.990818038215764, 40.696061636271075 ], [ -73.990811150872062, 40.696063417835759 ], [ -73.99080414998437, 40.696064920232004 ], [ -73.986934712346581, 40.696785556660373 ], [ -73.985140607160488, 40.696725268523146 ], [ -73.985167941750149, 40.696240962917166 ], [ -73.989243479792805, 40.692434573107832 ] ] ] } },
{ "type": "Feature", "properties": { "group_id": "N1g4-115", "n_parks": 3, "extent_km": 0.517, "max_walk_m": 399.1, "park_area_acres": 3.04, "hull_area_acres": 13.81, "boroughs": "B", "members": "Grace Playground; Duke Park; St John Cantius Parish" }, "geometry": { "type": "Polygon", "coordinates": [ [ [ -73.893398567201132, 40.666716017978629 ], [ -73.894157966226985, 40.667331764670557 ], [ -73.895103068061928, 40.670774359019326 ], [ -73.895188700747383, 40.671110438485485 ], [ -73.894885424728542, 40.671925212441884 ], [ -73.894036258679122, 40.67205138729036 ], [ -73.893864589504005, 40.671376201426007 ], [ -73.89376176197311, 40.670971766745225 ], [ -73.893055776580255, 40.66676851240841 ], [ -73.893398567201132, 40.666716017978629 ] ] ] } },
{ "type": "Feature", "properties": { "group_id": "N1g4-116", "n_parks": 3, "extent_km": 0.523, "max_walk_m": 275.5, "park_area_acres": 16.87, "hull_area_acres": 53.11, "boroughs": "B", "members": "Shore Park and Parkway (8/10); Russell Pedersen Playground; Fort Hamilton Athletic Field" }, "geometry": { "type": "Polygon", "coordinates": [ [ [ -74.03619722311123, 40.625725692825604 ], [ -74.036642559327902, 40.625828632472782 ], [ -74.038612444564819, 40.626289895066982 ], [ -74.041510304636873, 40.627531340397894 ], [ -74.041463748757579, 40.627882706125163 ], [ -74.041405926403542, 40.628254905489015 ], [ -74.041119002600468, 40.630078092549461 ], [ -74.041103216814633, 40.630163675471032 ], [ -74.04107841880095, 40.630248008086618 ], [ -74.041044772485378, 40.630330542816012 ], [ -74.040027924010417, 40.632293517238047 ], [ -74.038456757199114, 40.63187128716033 ], [ -74.035716213337309, 40.626933707042745 ], [ -74.03619722311123, 40.625725692825604 ] ] ] } },
{ "type": "Feature", "properties": { "group_id": "N1g4-117", "n_parks": 3, "extent_km": 0.722, "max_walk_m": 510.7, "park_area_acres": 25.34, "hull_area_acres": 85.56, "boroughs": "B", "members": "Sunset Park; Gonzalo Plasencia Playground; Pena Herrera Playground" }, "geometry": { "type": "Polygon", "coordinates": [ [ [ -74.002482643368438, 40.645987247152256 ], [ -74.01183130322481, 40.64885583480828 ], [ -74.012510104246573, 40.649267359863806 ], [ -74.008566083504306, 40.653060647430316 ], [ -74.007978770993134, 40.652706760286314 ], [ -74.000905951326303, 40.647499056146636 ], [ -74.002482643368438, 40.645987247152256 ] ] ] } },
{ "type": "Feature", "properties": { "group_id": "N1g4-118", "n_parks": 3, "extent_km": 0.851, "max_walk_m": 756.6, "park_area_acres": 6.76, "hull_area_acres": 77.46, "boroughs": "B", "members": "Taaffe Playground; Marcy Playground; Star Spangled Playground" }, "geometry": { "type": "Polygon", "coordinates": [ [ [ -73.957849554689957, 40.691302475465278 ], [ -73.958160869721553, 40.691390462944611 ], [ -73.960680298550585, 40.694146490674456 ], [ -73.960719964871316, 40.694333101285707 ], [ -73.961052434445946, 40.695897213092124 ], [ -73.96111180025909, 40.696176495641055 ], [ -73.960688870117878, 40.696225493833097 ], [ -73.950766697849005, 40.695927231014061 ], [ -73.949447083038123, 40.695871416991757 ], [ -73.94936547916322, 40.695460250228763 ], [ -73.957494470261778, 40.691343337123485 ], [ -73.957849554689957, 40.691302475465278 ] ] ] } },
{ "type": "Feature", "properties": { "group_id": "N1g4-119", "n_parks": 3, "extent_km": 0.817, "max_walk_m": 649.7, "park_area_acres": 4.62, "hull_area_acres": 44.83, "boroughs": "B", "members": "Bill Brown Playground; Playground 286; Yak Playground" }, "geometry": { "type": "Polygon", "coordinates": [ [ [ -73.938539150773821, 40.590534584836902 ], [ -73.945846183599159, 40.591171027909347 ], [ -73.946205759922393, 40.59308134234 ], [ -73.945477895563144, 40.593161871668137 ], [ -73.935705909820044, 40.592509918957383 ], [ -73.935665518656975, 40.592298738974797 ], [ -73.938129352099509, 40.590579765699147 ], [ -73.938539150773821, 40.590534584836902 ] ] ] } },
{ "type": "Feature", "properties": { "group_id": "N1g4-120", "n_parks": 3, "extent_km": 0.809, "max_walk_m": 703.5, "park_area_acres": 2.91, "hull_area_acres": 16.57, "boroughs": "B", "members": "William Sheridan Playground; Grand Ferry Park; Grand Street Community Garden" }, "geometry": { "type": "Polygon", "coordinates": [ [ [ -73.958982228733902, 40.713656148248255 ], [ -73.963988645136041, 40.714819314215845 ], [ -73.964293691740849, 40.714932153136068 ], [ -73.964680796723798, 40.715075345640123 ], [ -73.968176040867149, 40.71684722734399 ], [ -73.968174636250154, 40.71685173130755 ], [ -73.96814535380409, 40.716945605895106 ], [ -73.967875897525516, 40.717382835848859 ], [ -73.958879506865429, 40.713924654659408 ], [ -73.95881924222185, 40.713894466014082 ], [ -73.958982228733902, 40.713656148248255 ] ] ] } },
{ "type": "Feature", "properties": { "group_id": "N1g4-121", "n_parks": 3, "extent_km": 0.296, "max_walk_m": 248.3, "park_area_acres": 6.93, "hull_area_acres": 21.46, "boroughs": "B", "members": "City Line Park; Crystal Wells Block Association; Green Gems" }, "geometry": { "type": "Polygon", "coordinates": [ [ [ -73.875505501668314, 40.676272576033256 ], [ -73.876193769041919, 40.67900903526354 ], [ -73.876449820426174, 40.680060790864921 ], [ -73.873967096986917, 40.680728123872434 ], [ -73.873177872571091, 40.678185425169133 ], [ -73.874859506011276, 40.676363565735009 ], [ -73.875216139276546, 40.676313333287546 ], [ -73.875505501668314, 40.676272576033256 ] ] ] } },
{ "type": "Feature", "properties": { "group_id": "N1g4-122", "n_parks": 3, "extent_km": 0.589, "max_walk_m": 593.8, "park_area_acres": 0.18, "hull_area_acres": 7.34, "boroughs": "B", "members": "Triangle; Atkins Gardeners; 400 Montauk Av Block Assn" }, "geometry": { "type": "Polygon", "coordinates": [ [ [ -73.876750151693912, 40.668506001469446 ], [ -73.877469501003603, 40.668687354057631 ], [ -73.877473760955183, 40.668688640930199 ], [ -73.877477700675612, 40.668690424546661 ], [ -73.877481218537142, 40.668692660673464 ], [ -73.877484227125521, 40.668695293385518 ], [ -73.877486649690198, 40.668698255963022 ], [ -73.877488426054427, 40.668701472698451 ], [ -73.877497509389414, 40.668722458100717 ], [ -73.877498790924733, 40.668726578427545 ], [ -73.878712087626496, 40.673809154264106 ], [ -73.878350462983036, 40.673858541280971 ], [ -73.876624619978401, 40.668560093314312 ], [ -73.876750151693912, 40.668506001469446 ] ] ] } },
{ "type": "Feature", "properties": { "group_id": "N1g4-123", "n_parks": 3, "extent_km": 0.346, "max_walk_m": 205.8, "park_area_acres": 3.0, "hull_area_acres": 10.42, "boroughs": "B", "members": "Sperandeo Brothers Playground; Floral Vineyard; Cleveland Street Vegetable Garden" }, "geometry": { "type": "Polygon", "coordinates": [ [ [ -73.884601180663793, 40.673664737457486 ], [ -73.884644650828562, 40.673834702079503 ], [ -73.885098927540284, 40.677436237471596 ], [ -73.884536230459659, 40.677820893935362 ], [ -73.883739494414257, 40.678048737888787 ], [ -73.883638159206782, 40.677652802212329 ], [ -73.883882892606181, 40.674134192967799 ], [ -73.884325169086566, 40.673705065440053 ], [ -73.884395700218917, 40.673694759687983 ], [ -73.884601180663793, 40.673664737457486 ] ] ] } },
{ "type": "Feature", "properties": { "group_id": "N1g4-124", "n_parks": 3, "extent_km": 0.87, "max_walk_m": 569.6, "park_area_acres": 25.79, "hull_area_acres": 103.65, "boroughs": "B", "members": "Linden Park; Breukelen Ballfields; Ethan Allen Playground" }, "geometry": { "type": "Polygon", "coordinates": [ [ [ -73.891268207759268, 40.650203791562539 ], [ -73.892445266306169, 40.651257266331235 ], [ -73.892542137563666, 40.651343966006209 ], [ -73.892715224563929, 40.651500016273253 ], [ -73.893058802165143, 40.651812850224893 ], [ -73.893073805299892, 40.651826786182419 ], [ -73.893084339320708, 40.651839850784739 ], [ -73.893101630814044, 40.651862346488372 ], [ -73.894421006629997, 40.653640841725576 ], [ -73.894335278491724, 40.654749286837159 ], [ -73.888683886696981, 40.659127008275242 ], [ -73.886624660478688, 40.66001140951974 ], [ -73.885583151498523, 40.659589032526263 ], [ -73.885117070024194, 40.658965493722746 ], [ -73.886497577844622, 40.655714776679076 ], [ -73.890213366500589, 40.651152325535065 ], [ -73.891268207759268, 40.650203791562539 ] ] ] } },
{ "type": "Feature", "properties": { "group_id": "N1g4-125", "n_parks": 3, "extent_km": 0.356, "max_walk_m": 263.2, "park_area_acres": 1.53, "hull_area_acres": 9.01, "boroughs": "B", "members": "Jaime Campiz Playground; Macri Triangle; Mt. Carmel Triangle" }, "geometry": { "type": "Polygon", "coordinates": [ [ [ -73.954865169971072, 40.712882068636659 ], [ -73.954954871637682, 40.712913533395103 ], [ -73.954286245923242, 40.713964286402209 ], [ -73.951829910767643, 40.71592036510269 ], [ -73.95182145087638, 40.715923966305546 ], [ -73.951577213746447, 40.715947696742816 ], [ -73.951481282221437, 40.715956593017729 ], [ -73.951461705850377, 40.715955096222132 ], [ -73.951448985940019, 40.715951366347745 ], [ -73.951437242122779, 40.715943169451876 ], [ -73.951429420328367, 40.715933483864923 ], [ -73.951426490578896, 40.71592454596415 ], [ -73.951783837101516, 40.71418132145353 ], [ -73.954865169971072, 40.712882068636659 ] ] ] } },
{ "type": "Feature", "properties": { "group_id": "N1g4-126", "n_parks": 3, "extent_km": 0.242, "max_walk_m": 29.8, "park_area_acres": 1.82, "hull_area_acres": 7.33, "boroughs": "B", "members": "Thomas J. Cuite Park; Park; Sitting Area" }, "geometry": { "type": "Polygon", "coordinates": [ [ [ -73.975924456683913, 40.651004368358727 ], [ -73.978769389057732, 40.654014103584494 ], [ -73.978933765098304, 40.654258122619389 ], [ -73.978945401138986, 40.654276895128611 ], [ -73.978948682590612, 40.654283517231576 ], [ -73.978950796158074, 40.65428908551565 ], [ -73.978953310090859, 40.654296146029814 ], [ -73.978955370865137, 40.654304149302419 ], [ -73.978956710977826, 40.654310231640146 ], [ -73.978957382120825, 40.654315451160031 ], [ -73.978957893548412, 40.654320957915722 ], [ -73.978958218067206, 40.65432674559846 ], [ -73.97895793138396, 40.654335957836004 ], [ -73.978957376945559, 40.654343105138828 ], [ -73.978956056013146, 40.654351184336583 ], [ -73.978955378541727, 40.654354780877924 ], [ -73.978954619759094, 40.654357505703807 ], [ -73.978952969700373, 40.654363157047221 ], [ -73.978950984937086, 40.654369071280335 ], [ -73.978948754394949, 40.654374471273137 ], [ -73.978945058075738, 40.654382322205166 ], [ -73.97894155852461, 40.654388623383127 ], [ -73.978937496053049, 40.654395220727992 ], [ -73.978934078578874, 40.654399963125648 ], [ -73.978928614839063, 40.654406918619401 ], [ -73.978923183310528, 40.654412964596496 ], [ -73.978785226890096, 40.65455089755082 ], [ -73.978575977321981, 40.654748226892444 ], [ -73.978428784065684, 40.654884823127041 ], [ -73.978370960327368, 40.654852047855677 ], [ -73.978315640720567, 40.654816500335187 ], [ -73.978269052341517, 40.654783914437466 ], [ -73.978218858259126, 40.654745823877732 ], [ -73.978182130152817, 40.654716765335671 ], [ -73.978147683139852, 40.654687138088384 ], [ -73.978127334094353, 40.654668235969268 ], [ -73.97809732706061, 40.654638695100111 ], [ -73.978065041638288, 40.654605277062537 ], [ -73.97681065454637, 40.65318903171417 ], [ -73.976043836880223, 40.651637393095669 ], [ -73.975924456683913, 40.651004368358727 ] ] ] } },
{ "type": "Feature", "properties": { "group_id": "N1g4-127", "n_parks": 3, "extent_km": 0.705, "max_walk_m": 710.8, "park_area_acres": 3.32, "hull_area_acres": 47.09, "boroughs": "B/Q", "members": "Public Place; Robert E. Venable Park; Judge Angelo Graci Triangle" }, "geometry": { "type": "Polygon", "coordinates": [ [ [ -73.865674875293493, 40.673787165015256 ], [ -73.865943201506624, 40.67486293994304 ], [ -73.86526275360464, 40.678871076419078 ], [ -73.865234438553429, 40.678874661529719 ], [ -73.858464525850565, 40.674597325060923 ], [ -73.858386976494884, 40.67428149427338 ], [ -73.865674875293493, 40.673787165015256 ] ] ] } },
{ "type": "Feature", "properties": { "group_id": "N1g4-128", "n_parks": 3, "extent_km": 0.357, "max_walk_m": 298.4, "park_area_acres": 2.71, "hull_area_acres": 7.24, "boroughs": "B", "members": "Bushwick Playground; Garden Playground; Beaver Noll Park" }, "geometry": { "type": "Polygon", "coordinates": [ [ [ -73.935825815489437, 40.699311276798703 ], [ -73.939787995541792, 40.701330502223669 ], [ -73.939893346727956, 40.701977315888584 ], [ -73.939700304053829, 40.702147173962238 ], [ -73.939656438500037, 40.702158847724377 ], [ -73.939621504919216, 40.70216705288064 ], [ -73.939556766976764, 40.70217842929106 ], [ -73.939495868651903, 40.702185922874492 ], [ -73.939454454340392, 40.70218761747315 ], [ -73.939341375376912, 40.70218884026486 ], [ -73.939285193604022, 40.702187099670304 ], [ -73.939037213327993, 40.70205965960411 ], [ -73.93617222023839, 40.699937629891501 ], [ -73.936008309345993, 40.699670112824414 ], [ -73.935802695756749, 40.699334528643497 ], [ -73.935825815489437, 40.699311276798703 ] ] ] } },
{ "type": "Feature", "properties": { "group_id": "N1g4-129", "n_parks": 3, "extent_km": 0.274, "max_walk_m": 253.8, "park_area_acres": 1.54, "hull_area_acres": 10.87, "boroughs": "B", "members": "Chester Playground; Jes Good Rewards Childeren's Garden; Student Farm Project" }, "geometry": { "type": "Polygon", "coordinates": [ [ [ -73.913796222784285, 40.666717555628686 ], [ -73.913859693929041, 40.666966983124411 ], [ -73.912398677164049, 40.668960513105198 ], [ -73.911998569178579, 40.669060902538895 ], [ -73.911638363050827, 40.669115938831879 ], [ -73.910321224614307, 40.667516336996798 ], [ -73.910269223640356, 40.667314322376377 ], [ -73.913432410652575, 40.666771777172677 ], [ -73.913796222784285, 40.666717555628686 ] ] ] } },
{ "type": "Feature", "properties": { "group_id": "N1g4-130", "n_parks": 3, "extent_km": 0.302, "max_walk_m": 278.7, "park_area_acres": 0.32, "hull_area_acres": 2.72, "boroughs": "B", "members": "Bkln Bears Rockwell Pl Garden; Betty Carter Park; Fowler Square" }, "geometry": { "type": "Polygon", "coordinates": [ [ [ -73.979254687887021, 40.686810162349182 ], [ -73.979410247294112, 40.687022375605636 ], [ -73.979201933243218, 40.68706655336149 ], [ -73.977351853197106, 40.687363297049473 ], [ -73.975679392069367, 40.686975720488661 ], [ -73.975669250100509, 40.686927725472188 ], [ -73.979254687887021, 40.686810162349182 ] ] ] } },
{ "type": "Feature", "properties": { "group_id": "N1g4-131", "n_parks": 3, "extent_km": 0.258, "max_walk_m": 283.4, "park_area_acres": 0.31, "hull_area_acres": 3.15, "boroughs": "B", "members": "Ps 149 Artsy Bloom Community Garden; Big Red Garden; Causa Festival Garden" }, "geometry": { "type": "Polygon", "coordinates": [ [ [ -73.889695767499887, 40.668216855158136 ], [ -73.892257840743653, 40.669645128159651 ], [ -73.892274119013663, 40.669708912553787 ], [ -73.891902591228671, 40.66976400343696 ], [ -73.889419181040054, 40.668788470614771 ], [ -73.889404565025899, 40.668731803284572 ], [ -73.889311782573188, 40.668349922154263 ], [ -73.889625691028485, 40.66822727085691 ], [ -73.889695767499887, 40.668216855158136 ] ] ] } },
{ "type": "Feature", "properties": { "group_id": "N1g4-132", "n_parks": 3, "extent_km": 0.435, "max_walk_m": 531.3, "park_area_acres": 0.4, "hull_area_acres": 12.65, "boroughs": "B", "members": "Jerome Gardens; Nehemiah Ten Garden; Linwood Street Garden (Pagan's Garden)" }, "geometry": { "type": "Polygon", "coordinates": [ [ [ -73.886351802157122, 40.668547632440834 ], [ -73.886393222699112, 40.668709271007806 ], [ -73.885972641705408, 40.670651877155699 ], [ -73.882071773199186, 40.671242313269133 ], [ -73.881997755130243, 40.671253389365212 ], [ -73.881928486765574, 40.670981877521818 ], [ -73.885641849570703, 40.668654265948135 ], [ -73.886351802157122, 40.668547632440834 ] ] ] } },
{ "type": "Feature", "properties": { "group_id": "N1g4-133", "n_parks": 3, "extent_km": 0.228, "max_walk_m": 110.7, "park_area_acres": 5.85, "hull_area_acres": 17.49, "boroughs": "M", "members": "Columbus Park; Thomas Paine Park; Collect Pond Park" }, "geometry": { "type": "Polygon", "coordinates": [ [ [ -73.999642883133575, 40.71406182014757 ], [ -74.003066428571387, 40.714104061528516 ], [ -74.00310807253895, 40.714106737629265 ], [ -74.003148519092676, 40.714114741167364 ], [ -74.003186600148226, 40.71412784074527 ], [ -74.003221215069473, 40.714145659082206 ], [ -74.003251364988685, 40.714167680217052 ], [ -74.002891668866397, 40.715452843247412 ], [ -74.002334714398515, 40.716230030430275 ], [ -74.001899752598419, 40.716725763861298 ], [ -74.000082144593762, 40.716101236993552 ], [ -73.999449671947374, 40.715881838103094 ], [ -73.999642883133575, 40.71406182014757 ] ] ] } },
{ "type": "Feature", "properties": { "group_id": "N1g4-134", "n_parks": 3, "extent_km": 0.341, "max_walk_m": 205.3, "park_area_acres": 4.68, "hull_area_acres": 18.67, "boroughs": "M", "members": "Coleman Playground; Catherine Slip Malls; Alfred E. Smith Playground" }, "geometry": { "type": "Polygon", "coordinates": [ [ [ -73.996123716001875, 40.70927183896643 ], [ -73.996127457807702, 40.709272631542021 ], [ -73.99613012629996, 40.709273197152704 ], [ -73.996135492834711, 40.709274920010493 ], [ -73.998096220988074, 40.709937009487838 ], [ -73.99810411681365, 40.709970661711303 ], [ -73.998211536567212, 40.71042851018381 ], [ -73.997481528583009, 40.711224242818631 ], [ -73.996930100183633, 40.711308084096153 ], [ -73.992576246589849, 40.71167066901549 ], [ -73.992526643032051, 40.711357066542575 ], [ -73.992514138467939, 40.711277800071123 ], [ -73.992967581847381, 40.710823527272098 ], [ -73.996042460908868, 40.709281564421929 ], [ -73.996046465568952, 40.709279930132091 ], [ -73.996049104573544, 40.70927885411205 ], [ -73.996054615672008, 40.709277319830306 ], [ -73.996123716001875, 40.70927183896643 ] ] ] } },
{ "type": "Feature", "properties": { "group_id": "N1g4-135", "n_parks": 3, "extent_km": 1.405, "max_walk_m": 794.9, "park_area_acres": 87.67, "hull_area_acres": 269.66, "boroughs": "M", "members": "Dyckman House Museum; Fort Tryon Park; Isham Park" }, "geometry": { "type": "Polygon", "coordinates": [ [ [ -73.933535153538898, 40.857278472950654 ], [ -73.934104985209459, 40.857352669778166 ], [ -73.934223832934947, 40.857386867097631 ], [ -73.936369434012022, 40.859052821812504 ], [ -73.932748068180089, 40.865298284648837 ], [ -73.932704704755068, 40.865368469633282 ], [ -73.93210864194252, 40.866332718435842 ], [ -73.932087977016465, 40.866364610613033 ], [ -73.932065870264367, 40.866395929226258 ], [ -73.932042337120677, 40.866426658975506 ], [ -73.93201742863296, 40.866456757566937 ], [ -73.931991169767883, 40.866486168283608 ], [ -73.931963581887643, 40.866514879430831 ], [ -73.93192552284691, 40.866551248458848 ], [ -73.931916951770916, 40.866559100171251 ], [ -73.931899342503087, 40.866574563788291 ], [ -73.931884512662904, 40.866586345141599 ], [ -73.931868825341681, 40.866597996316202 ], [ -73.93185263073282, 40.866609253675264 ], [ -73.931835966830135, 40.866620082121877 ], [ -73.931818827698223, 40.866630486154776 ], [ -73.93180124420185, 40.866640442379307 ], [ -73.920740278140514, 40.872815534606424 ], [ -73.92038690887621, 40.872890865750527 ], [ -73.919071062092542, 40.873161048789868 ], [ -73.918632543095939, 40.872960505129498 ], [ -73.917438575313298, 40.869982310230945 ], [ -73.917363554014756, 40.869158376667912 ], [ -73.933535153538898, 40.857278472950654 ] ] ] } },
{ "type": "Feature", "properties": { "group_id": "N1g4-136", "n_parks": 3, "extent_km": 0.242, "max_walk_m": 201.2, "park_area_acres": 1.77, "hull_area_acres": 7.49, "boroughs": "M", "members": "Hancock Park; Roosevelt Triangle; Playground One Twenty Five CXXV" }, "geometry": { "type": "Polygon", "coordinates": [ [ [ -73.953191233744093, 40.809404324348222 ], [ -73.953404641946094, 40.809494536232407 ], [ -73.95569146788938, 40.810463475682937 ], [ -73.956570029971616, 40.811154479126508 ], [ -73.956396508702653, 40.811392555636935 ], [ -73.954584198027277, 40.811475133095485 ], [ -73.954231146970542, 40.811324193444577 ], [ -73.953206355344747, 40.80960644004162 ], [ -73.953191233744093, 40.809404324348222 ] ] ] } },
{ "type": "Feature", "properties": { "group_id": "N1g4-137", "n_parks": 3, "extent_km": 0.644, "max_walk_m": 274.0, "park_area_acres": 2.63, "hull_area_acres": 40.96, "boroughs": "M", "members": "Joan Of Arc Park; Broadway Malls (11/11); Broadway Malls (8/11)" }, "geometry": { "type": "Polygon", "coordinates": [ [ [ -73.975681206195787, 40.789245133291267 ], [ -73.975752570137828, 40.789277247404321 ], [ -73.976882974677892, 40.792975266076716 ], [ -73.976884459886705, 40.792983868852922 ], [ -73.976831231970777, 40.79370572879543 ], [ -73.976801760355812, 40.793960861553082 ], [ -73.97675025802414, 40.794188295873617 ], [ -73.976688360529536, 40.794381115542926 ], [ -73.976634580330455, 40.794516772180287 ], [ -73.97656415571538, 40.794672393092632 ], [ -73.976522060023413, 40.794749010767994 ], [ -73.976451611255399, 40.794870981719974 ], [ -73.976381664580245, 40.794983070643433 ], [ -73.976315357833428, 40.795074812574882 ], [ -73.976231234661412, 40.795179721505576 ], [ -73.976069667838374, 40.795347296315462 ], [ -73.975991936331454, 40.795416648356493 ], [ -73.975977029556617, 40.795428086101246 ], [ -73.97596307402587, 40.795433614061935 ], [ -73.971612272241217, 40.794965141551423 ], [ -73.971518809989419, 40.794925842719621 ], [ -73.971561577097233, 40.794862167967295 ], [ -73.972144087053152, 40.79401582760832 ], [ -73.975671556660529, 40.789257814787078 ], [ -73.975681206195787, 40.789245133291267 ] ] ] } },
{ "type": "Feature", "properties": { "group_id": "N1g4-138", "n_parks": 3, "extent_km": 0.447, "max_walk_m": 622.6, "park_area_acres": 19.75, "hull_area_acres": 29.38, "boroughs": "M", "members": "Marcus Garvey Park; W 124th Street Community Garden; Walter Miller III Memorial Garden (La Casa Frela)" }, "geometry": { "type": "Polygon", "coordinates": [ [ [ -73.943131339336858, 40.802730471482725 ], [ -73.945592024421771, 40.802920488356939 ], [ -73.94563462515282, 40.802938518433983 ], [ -73.94576242511225, 40.802992611270675 ], [ -73.945805024749788, 40.803010642184454 ], [ -73.945911648483715, 40.803907277534634 ], [ -73.945392225499617, 40.806940645711855 ], [ -73.94521179755705, 40.807187846850958 ], [ -73.945150093141635, 40.807161752586239 ], [ -73.941427272731616, 40.805063722846569 ], [ -73.943131339336858, 40.802730471482725 ] ] ] } },
{ "type": "Feature", "properties": { "group_id": "N1g4-139", "n_parks": 3, "extent_km": 0.354, "max_walk_m": 290.9, "park_area_acres": 1.46, "hull_area_acres": 27.17, "boroughs": "M", "members": "Park Avenue Malls; Park Avenue Malls (2/8); Grand Army Plaza" }, "geometry": { "type": "Polygon", "coordinates": [ [ [ -73.970677000383745, 40.761681045622417 ], [ -73.97068804215904, 40.76168276209237 ], [ -73.970697983064326, 40.761685942501572 ], [ -73.97070719663688, 40.7616921925448 ], [ -73.973803462507576, 40.763888075114167 ], [ -73.973833622392917, 40.763914274933313 ], [ -73.973857301552158, 40.763940402134182 ], [ -73.973871621430149, 40.763967907680772 ], [ -73.973882919707549, 40.763999264897429 ], [ -73.973889321689072, 40.764031095568946 ], [ -73.973885518851745, 40.764064004532216 ], [ -73.973878182636412, 40.764085960762564 ], [ -73.973867233076106, 40.764110605978743 ], [ -73.973632311983224, 40.764444113592177 ], [ -73.973621173331466, 40.76445838313203 ], [ -73.973611749061774, 40.764462133374494 ], [ -73.967688677611861, 40.765870172360103 ], [ -73.967615662150564, 40.765839365470818 ], [ -73.969357015040046, 40.76345010133555 ], [ -73.970636268269701, 40.76169996565303 ], [ -73.970641615978863, 40.761693375323119 ], [ -73.970649729979641, 40.76168737913018 ], [ -73.970660549452617, 40.761682927990883 ], [ -73.970677000383745, 40.761681045622417 ] ] ] } },
{ "type": "Feature", "properties": { "group_id": "N1g4-140", "n_parks": 3, "extent_km": 0.591, "max_walk_m": 750.1, "park_area_acres": 2.56, "hull_area_acres": 45.38, "boroughs": "M", "members": "Dr. Gertrude B. Kelly Playground; Clement Clarke Moore Park; The High Line (2/4)" }, "geometry": { "type": "Polygon", "coordinates": [ [ [ -74.001977565308053, 40.741344803441756 ], [ -74.007643917234518, 40.742655980187607 ], [ -74.007625752416587, 40.74321251475854 ], [ -74.007059298972408, 40.744644075645219 ], [ -74.006987254790417, 40.74479502206237 ], [ -74.006481943215888, 40.74554990125862 ], [ -74.00607584593125, 40.746124466839298 ], [ -74.004554120079305, 40.746891291680278 ], [ -74.003877018982806, 40.746607184184562 ], [ -74.001650110097231, 40.741806712882266 ], [ -74.001897257503671, 40.741455304214085 ], [ -74.001977565308053, 40.741344803441756 ] ] ] } },
{ "type": "Feature", "properties": { "group_id": "N1g4-141", "n_parks": 3, "extent_km": 0.402, "max_walk_m": 325.7, "park_area_acres": 1.2, "hull_area_acres": 7.26, "boroughs": "M", "members": "Vesuvio Playground; Grand Canal Court; Duarte Square" }, "geometry": { "type": "Polygon", "coordinates": [ [ [ -74.005513543395111, 40.722108681628427 ], [ -74.005520274723878, 40.722110403079967 ], [ -74.005780322565471, 40.722294530994063 ], [ -74.00578922744829, 40.722301036727373 ], [ -74.00579214888954, 40.722304316235856 ], [ -74.005794841959414, 40.72230835038264 ], [ -74.005790359935432, 40.7223256322848 ], [ -74.005260520508145, 40.722958887818521 ], [ -74.002961233900635, 40.725642387365951 ], [ -74.002458867462693, 40.725721782662852 ], [ -74.002152538565596, 40.725571557775574 ], [ -74.002639658501522, 40.724982313931243 ], [ -74.004856669465426, 40.722363750795566 ], [ -74.005060679095322, 40.722124415413901 ], [ -74.005506751863521, 40.722108907080816 ], [ -74.005513543395111, 40.722108681628427 ] ] ] } },
{ "type": "Feature", "properties": { "group_id": "N1g4-142", "n_parks": 3, "extent_km": 0.643, "max_walk_m": 486.9, "park_area_acres": 24.18, "hull_area_acres": 100.47, "boroughs": "M", "members": "St. Nicholas Park; Sheltering Arms Playground; St. Nicholas Miracle Garden" }, "geometry": { "type": "Polygon", "coordinates": [ [ [ -73.951309897921178, 40.811595149650572 ], [ -73.951589976973438, 40.811713176049849 ], [ -73.955753246916757, 40.814344084365715 ], [ -73.955823004700093, 40.814422792958077 ], [ -73.956553472713452, 40.815246989378828 ], [ -73.956261564373889, 40.815549771099413 ], [ -73.947382096156133, 40.821722875942605 ], [ -73.946279207977085, 40.821261708664743 ], [ -73.949170369303317, 40.815020619705869 ], [ -73.951276560403727, 40.81164073496543 ], [ -73.951309897921178, 40.811595149650572 ] ] ] } },
{ "type": "Feature", "properties": { "group_id": "N1g4-143", "n_parks": 3, "extent_km": 0.777, "max_walk_m": 651.3, "park_area_acres": 0.86, "hull_area_acres": 11.28, "boroughs": "M", "members": "Father Duffy Square; Hell's Kitchen Park; Ramon Aponte Park" }, "geometry": { "type": "Polygon", "coordinates": [ [ [ -73.985090277317752, 40.758829728877679 ], [ -73.985106755883336, 40.758836984575623 ], [ -73.992966699391616, 40.762803882433886 ], [ -73.992604832800296, 40.763302673397497 ], [ -73.992200046036615, 40.763132473914553 ], [ -73.989142085111453, 40.761522747647909 ], [ -73.984831187174933, 40.759182045474681 ], [ -73.985090277317752, 40.758829728877679 ] ] ] } },
{ "type": "Feature", "properties": { "group_id": "N1g4-144", "n_parks": 3, "extent_km": 0.472, "max_walk_m": 323.0, "park_area_acres": 1.45, "hull_area_acres": 17.53, "boroughs": "M", "members": "Broadway Malls (4/11); Verdi Square; Tecumseh Playground" }, "geometry": { "type": "Polygon", "coordinates": [ [ [ -73.981632814745936, 40.778896810357494 ], [ -73.981683856835133, 40.779836520270891 ], [ -73.981373410289407, 40.780959902543842 ], [ -73.981323910629712, 40.781107788453056 ], [ -73.981074197555301, 40.781829478283093 ], [ -73.980872788235033, 40.782410488347111 ], [ -73.98082032312054, 40.782555545940149 ], [ -73.98081931420289, 40.782558155425953 ], [ -73.980818695337234, 40.782559754613899 ], [ -73.98054583860926, 40.783104209774756 ], [ -73.98047242923424, 40.783245031299437 ], [ -73.9804308917398, 40.783300586337681 ], [ -73.980363693032601, 40.783278508359082 ], [ -73.977965065358703, 40.7817831325154 ], [ -73.97819849309721, 40.781463695993153 ], [ -73.981632814745936, 40.778896810357494 ] ] ] } },
{ "type": "Feature", "properties": { "group_id": "N1g4-145", "n_parks": 3, "extent_km": 0.512, "max_walk_m": 284.6, "park_area_acres": 1.68, "hull_area_acres": 33.4, "boroughs": "M", "members": "Broadway Malls (4/5); Broadway Malls; Dorothy K. McGowan Memorial Garden" }, "geometry": { "type": "Polygon", "coordinates": [ [ [ -73.947184197028037, 40.830882213007065 ], [ -73.947206422058059, 40.830887165098709 ], [ -73.947220994052415, 40.830898534211698 ], [ -73.947227164277407, 40.830909672553801 ], [ -73.947222067991959, 40.830927138019362 ], [ -73.940128293487561, 40.840625242843487 ], [ -73.939925485397808, 40.840898887363181 ], [ -73.939922879565387, 40.840902397929852 ], [ -73.939920147963136, 40.840906000281208 ], [ -73.93986347163731, 40.840980703585089 ], [ -73.939861631841083, 40.840981519373301 ], [ -73.939856175322433, 40.840983937054197 ], [ -73.939849243623186, 40.840985196831632 ], [ -73.939842248010905, 40.840985016686567 ], [ -73.939838028849678, 40.840984095982854 ], [ -73.939835392319011, 40.840983520092891 ], [ -73.939834981051121, 40.840983322670375 ], [ -73.939830158440614, 40.840980997782538 ], [ -73.939828993382221, 40.840980435266914 ], [ -73.939824358244636, 40.840976657980967 ], [ -73.939823515815633, 40.840975971365559 ], [ -73.939821502606151, 40.840973183288483 ], [ -73.939821005226918, 40.840972492350609 ], [ -73.939819488909606, 40.84096831237013 ], [ -73.93981940329509, 40.840967269554206 ], [ -73.939819289540907, 40.840965875531253 ], [ -73.939819055019228, 40.840962975820446 ], [ -73.942144832612229, 40.834136653365768 ], [ -73.942324790779097, 40.833890125114607 ], [ -73.947163039097603, 40.830886084447947 ], [ -73.947184197028037, 40.830882213007065 ] ] ] } },
{ "type": "Feature", "properties": { "group_id": "N1g4-146", "n_parks": 3, "extent_km": 0.558, "max_walk_m": 414.7, "park_area_acres": 8.2, "hull_area_acres": 41.5, "boroughs": "M", "members": "Adam Clayton Powell Jr. Malls (7/9); Brigadier General Charles Young Playground; Renaissance Playground" }, "geometry": { "type": "Polygon", "coordinates": [ [ [ -73.934375898353736, 40.818066511290723 ], [ -73.941143865695736, 40.818776309987399 ], [ -73.941177586150857, 40.818790524609753 ], [ -73.942188433459194, 40.821350049143788 ], [ -73.941837430480845, 40.821829347242719 ], [ -73.939170586393473, 40.821519970645745 ], [ -73.939150160726612, 40.821511359157007 ], [ -73.936134812101386, 40.820239929926487 ], [ -73.934627446624347, 40.819600902409526 ], [ -73.934375898353736, 40.818066511290723 ] ] ] } },
{ "type": "Feature", "properties": { "group_id": "N1g4-147", "n_parks": 3, "extent_km": 0.394, "max_walk_m": 199.6, "park_area_acres": 10.71, "hull_area_acres": 30.36, "boroughs": "M", "members": "Washington Square Park; Mercer Playground; Fiorello La Guardia Park" }, "geometry": { "type": "Polygon", "coordinates": [ [ [ -73.99668266149753, 40.727055281598382 ], [ -73.998657754497984, 40.728016665135158 ], [ -73.998809330145178, 40.72809108124229 ], [ -73.999474392569667, 40.731077669624923 ], [ -73.998594521645657, 40.732114762346562 ], [ -73.997279091918003, 40.731468213458939 ], [ -73.995728721691151, 40.73070320704678 ], [ -73.995766184970975, 40.728138663583266 ], [ -73.99668266149753, 40.727055281598382 ] ] ] } },
{ "type": "Feature", "properties": { "group_id": "N1g4-148", "n_parks": 3, "extent_km": 0.288, "max_walk_m": 199.3, "park_area_acres": 3.51, "hull_area_acres": 22.13, "boroughs": "M", "members": "East River Esplanade (2/8); Marx Brothers Playground; Stanley Isaacs Playground" }, "geometry": { "type": "Polygon", "coordinates": [ [ [ -73.943927394517459, 40.780820858898707 ], [ -73.946848062805373, 40.784305143762595 ], [ -73.946495882564477, 40.784790144893314 ], [ -73.942149391986277, 40.784162011429515 ], [ -73.942075676801196, 40.78411079471536 ], [ -73.94377238924281, 40.780827060251134 ], [ -73.943927394517459, 40.780820858898707 ] ] ] } },
{ "type": "Feature", "properties": { "group_id": "N1g4-149", "n_parks": 3, "extent_km": 0.285, "max_walk_m": 366.4, "park_area_acres": 1.53, "hull_area_acres": 9.16, "boroughs": "M", "members": "Sol Bloom Playground; Playground Eighty Nine LXXXIX; St. Gregory's Playground" }, "geometry": { "type": "Polygon", "coordinates": [ [ [ -73.97170273649769, 40.78840436586529 ], [ -73.971756195250691, 40.78842685998206 ], [ -73.971925599405438, 40.788498141794697 ], [ -73.972229032378678, 40.788625820778769 ], [ -73.972259113709598, 40.788638479159147 ], [ -73.972283014823418, 40.789451696527998 ], [ -73.9720889375361, 40.789717462184889 ], [ -73.968888781126196, 40.78999632206915 ], [ -73.968305870547738, 40.789752244634059 ], [ -73.968661266143769, 40.789262687354451 ], [ -73.97170273649769, 40.78840436586529 ] ] ] } },
{ "type": "Feature", "properties": { "group_id": "N1g4-150", "n_parks": 3, "extent_km": 0.304, "max_walk_m": 330.4, "park_area_acres": 0.65, "hull_area_acres": 10.03, "boroughs": "M", "members": "Fishbridge Garden; Pearl St Playground; DeLury Square" }, "geometry": { "type": "Polygon", "coordinates": [ [ [ -74.004043430290793, 40.707624920882715 ], [ -74.00528389093958, 40.709087089952902 ], [ -74.005289157635104, 40.709095445552833 ], [ -74.005292501386052, 40.709104355055246 ], [ -74.005293829868137, 40.709113566321371 ], [ -74.00529310282478, 40.709122815503548 ], [ -74.005290341535073, 40.709131840551933 ], [ -74.005285624080798, 40.709140383016155 ], [ -74.00527908653072, 40.709148200652358 ], [ -74.005270914657231, 40.709155070124851 ], [ -74.005107159249278, 40.709271286651571 ], [ -74.001645915672896, 40.709326804724057 ], [ -74.00098833771662, 40.70879507039178 ], [ -74.001011710340435, 40.708783567060458 ], [ -74.004043430290793, 40.707624920882715 ] ] ] } },
{ "type": "Feature", "properties": { "group_id": "N1g4-151", "n_parks": 3, "extent_km": 0.509, "max_walk_m": 399.6, "park_area_acres": 6.14, "hull_area_acres": 22.88, "boroughs": "Q", "members": "Garlinge Triangle; Sitting Area; Elmhurst Park" }, "geometry": { "type": "Polygon", "coordinates": [ [ [ -73.890948734607662, 40.728328277304676 ], [ -73.890873815258416, 40.728404471368201 ], [ -73.885004229555022, 40.731336373465595 ], [ -73.884613447912045, 40.730576178847663 ], [ -73.884102061168122, 40.728929614393692 ], [ -73.887013053371149, 40.728346652342331 ], [ -73.887048025911398, 40.728344153520545 ], [ -73.890948734607662, 40.728328277304676 ] ] ] } },
{ "type": "Feature", "properties": { "group_id": "N1g4-152", "n_parks": 3, "extent_km": 0.421, "max_walk_m": 302.1, "park_area_acres": 13.64, "hull_area_acres": 41.81, "boroughs": "Q", "members": "Laurelton Parkway (4/8); Laurelton Parkway (6/8); Delphin H. Greene Playground" }, "geometry": { "type": "Polygon", "coordinates": [ [ [ -73.725948428993249, 40.683276387250686 ], [ -73.72684576945808, 40.683471713142616 ], [ -73.727153671884523, 40.683538733016903 ], [ -73.729475625016349, 40.684433257272751 ], [ -73.729597849885351, 40.685220787379933 ], [ -73.727225466289127, 40.69065416361412 ], [ -73.727157492246903, 40.690651933086599 ], [ -73.726932008097151, 40.690623493032454 ], [ -73.726852997072783, 40.690610359684619 ], [ -73.726447295097742, 40.690542919818697 ], [ -73.726258486213254, 40.690503837750434 ], [ -73.725894958222071, 40.685767880323297 ], [ -73.725817937842265, 40.684646025801129 ], [ -73.725803085899017, 40.684429686828523 ], [ -73.725803621806776, 40.684247285427716 ], [ -73.725834939880315, 40.683713361696718 ], [ -73.725853452639569, 40.683397748904945 ], [ -73.725937299257424, 40.683289935959706 ], [ -73.725948428993249, 40.683276387250686 ] ] ] } },
{ "type": "Feature", "properties": { "group_id": "N1g4-153", "n_parks": 3, "extent_km": 0.974, "max_walk_m": 492.6, "park_area_acres": 186.45, "hull_area_acres": 332.9, "boroughs": "Q", "members": "Beach Channel Park; Rockaway Beach; Memorial Circle" }, "geometry": { "type": "Polygon", "coordinates": [ [ [ -73.842226016139449, 40.570884969971488 ], [ -73.844390862031972, 40.574824915357404 ], [ -73.846272776121424, 40.582248811089237 ], [ -73.839132612992898, 40.582673255428119 ], [ -73.83025587785562, 40.579788549274575 ], [ -73.827569776040491, 40.574964799322586 ], [ -73.842226016139449, 40.570884969971488 ] ] ] } },
{ "type": "Feature", "properties": { "group_id": "N1g4-154", "n_parks": 3, "extent_km": 0.363, "max_walk_m": 458.9, "park_area_acres": 1.53, "hull_area_acres": 34.13, "boroughs": "Q", "members": "Mall Thirty Four XXXIV (2/7); Mall Thirty Four XXXIV (4/7); Playground Ninety" }, "geometry": { "type": "Polygon", "coordinates": [ [ [ -73.883994149351551, 40.753831532159872 ], [ -73.883996635979329, 40.753831611207083 ], [ -73.883999068762677, 40.753832009879766 ], [ -73.884001377854318, 40.753832717301478 ], [ -73.8840034946099, 40.753833711790939 ], [ -73.884005358683794, 40.753834966272223 ], [ -73.884006914484104, 40.753836443768606 ], [ -73.884008118273385, 40.753838100111317 ], [ -73.88400893460792, 40.75383988843825 ], [ -73.88400933871263, 40.753841755594621 ], [ -73.884009320022486, 40.753843648439933 ], [ -73.884008878634575, 40.753845511142949 ], [ -73.884008027668855, 40.753847289686419 ], [ -73.884006790899747, 40.753848931864965 ], [ -73.884005206300642, 40.753850391791005 ], [ -73.879008760452251, 40.757646563839998 ], [ -73.878289487060187, 40.757723890809629 ], [ -73.875810955764109, 40.754704263816834 ], [ -73.875809364592882, 40.754698978831144 ], [ -73.875810850992124, 40.7546944031603 ], [ -73.875814406926665, 40.754691327262478 ], [ -73.883066425455567, 40.753928969945342 ], [ -73.883991681107588, 40.753831776412873 ], [ -73.883994149351551, 40.753831532159872 ] ] ] } },
{ "type": "Feature", "properties": { "group_id": "N1g4-155", "n_parks": 3, "extent_km": 0.759, "max_walk_m": 553.3, "park_area_acres": 4.09, "hull_area_acres": 31.02, "boroughs": "Q", "members": "Mall Thirty Four XXXIV (3/7); Mall Thirty Four XXXIV (5/7); Hinton Park" }, "geometry": { "type": "Polygon", "coordinates": [ [ [ -73.854751604546976, 40.754841127070769 ], [ -73.866118024144043, 40.755711142526245 ], [ -73.866120433393007, 40.755724398899602 ], [ -73.855726789992801, 40.756970488776233 ], [ -73.855647508268476, 40.756979717800341 ], [ -73.855565301816299, 40.756986603587578 ], [ -73.855481327556362, 40.756991729310123 ], [ -73.855420756057654, 40.756994125194609 ], [ -73.855382604285822, 40.756994397885592 ], [ -73.855281490490441, 40.756993591021065 ], [ -73.855228621797337, 40.756992452088348 ], [ -73.855140614451386, 40.756990297303666 ], [ -73.855085379422334, 40.756986006259062 ], [ -73.855011130620852, 40.75697889068379 ], [ -73.854880655183024, 40.756745372787556 ], [ -73.853994688885166, 40.75503666251344 ], [ -73.853974567644386, 40.754997486584863 ], [ -73.854269301745788, 40.754909925363229 ], [ -73.854751604546976, 40.754841127070769 ] ] ] } },
{ "type": "Feature", "properties": { "group_id": "N1g4-156", "n_parks": 3, "extent_km": 0.168, "max_walk_m": 73.9, "park_area_acres": 2.68, "hull_area_acres": 8.92, "boroughs": "Q", "members": "Mall Thirty Four XXXIV (7/7); Travers Park; Rory Staunton Field" }, "geometry": { "type": "Polygon", "coordinates": [ [ [ -73.889606934179497, 40.753363277171971 ], [ -73.889815078349528, 40.754533881435158 ], [ -73.889588729289827, 40.75455824401687 ], [ -73.889079360214396, 40.75457850502513 ], [ -73.88421940972691, 40.75382421615285 ], [ -73.884217589181262, 40.753823805493127 ], [ -73.884215889825015, 40.753823162624606 ], [ -73.884214360176273, 40.753822306506599 ], [ -73.884213047556585, 40.753821263301482 ], [ -73.884211989804683, 40.753820064564934 ], [ -73.88421122001786, 40.753818744549505 ], [ -73.884210760626473, 40.753817342899964 ], [ -73.884210624581272, 40.753815902853717 ], [ -73.884210817729524, 40.75381446674038 ], [ -73.884211331708443, 40.753813076875382 ], [ -73.884212153420179, 40.753811774668769 ], [ -73.884213257926547, 40.753810600618337 ], [ -73.884214610830313, 40.753809587107668 ], [ -73.88421617418004, 40.753808767417333 ], [ -73.884217898203033, 40.753808163109518 ], [ -73.88421973431214, 40.753807794846956 ], [ -73.884908618383534, 40.753734817479618 ], [ -73.886773156523404, 40.753538528727525 ], [ -73.887698401342789, 40.753441305415961 ], [ -73.88770086955877, 40.753441061083535 ], [ -73.889606934179497, 40.753363277171971 ] ] ] } },
{ "type": "Feature", "properties": { "group_id": "N1g4-157", "n_parks": 3, "extent_km": 0.589, "max_walk_m": 203.2, "park_area_acres": 2.03, "hull_area_acres": 27.06, "boroughs": "Q", "members": "Elmjack Mall; Nine Heroes Plaza; Frank D. O'Connor Playground" }, "geometry": { "type": "Polygon", "coordinates": [ [ [ -73.889812165827706, 40.743383617789007 ], [ -73.889825059615404, 40.74338853518848 ], [ -73.890180208780663, 40.745215830108727 ], [ -73.890608120219838, 40.747419962908971 ], [ -73.890887892478005, 40.74889463904158 ], [ -73.890883406677077, 40.748901439922008 ], [ -73.890881452102974, 40.748901947757226 ], [ -73.89087516311406, 40.748903580721546 ], [ -73.890866688022186, 40.7489024929842 ], [ -73.89086057806341, 40.748897478576119 ], [ -73.886048545945371, 40.74426524001867 ], [ -73.885978368015586, 40.743898372251593 ], [ -73.889812165827706, 40.743383617789007 ] ] ] } },
{ "type": "Feature", "properties": { "group_id": "N1g4-158", "n_parks": 3, "extent_km": 0.45, "max_walk_m": 461.8, "park_area_acres": 0.78, "hull_area_acres": 20.13, "boroughs": "Q", "members": "Newtown Playground; Horsebrook Island; Park" }, "geometry": { "type": "Polygon", "coordinates": [ [ [ -73.868840153360296, 40.733553379906105 ], [ -73.87258653125383, 40.735857088522508 ], [ -73.87262207656687, 40.735940033179311 ], [ -73.869400564779184, 40.736583131455539 ], [ -73.869098043593922, 40.736329616264264 ], [ -73.8666520822037, 40.734203202017952 ], [ -73.866649251238414, 40.734197505721689 ], [ -73.868840153360296, 40.733553379906105 ] ] ] } },
{ "type": "Feature", "properties": { "group_id": "N1g4-159", "n_parks": 3, "extent_km": 0.294, "max_walk_m": 460.5, "park_area_acres": 0.69, "hull_area_acres": 12.25, "boroughs": "Q", "members": "Josephine Caminiti Playground; Corona Taxpayers Association; Corona Health Sanctuary" }, "geometry": { "type": "Polygon", "coordinates": [ [ [ -73.860041640090856, 40.74143389033388 ], [ -73.860212603014887, 40.741598691055593 ], [ -73.861741930861129, 40.743799899203459 ], [ -73.861691182325103, 40.744174652156865 ], [ -73.861329556434441, 40.744144814843175 ], [ -73.858229593858383, 40.743886926420657 ], [ -73.858264204211096, 40.743643844479863 ], [ -73.859749670283804, 40.741611998767709 ], [ -73.860041640090856, 40.74143389033388 ] ] ] } },
{ "type": "Feature", "properties": { "group_id": "N1g4-160", "n_parks": 3, "extent_km": 0.637, "max_walk_m": 586.3, "park_area_acres": 1.13, "hull_area_acres": 8.31, "boroughs": "Q", "members": "Pigeon Paradise; General Hart Playground; Sergeant Collins Triangle" }, "geometry": { "type": "Polygon", "coordinates": [ [ [ -73.897453105361848, 40.748466797089435 ], [ -73.897782060547186, 40.748556028942069 ], [ -73.90319059292662, 40.751827742004679 ], [ -73.902707584558769, 40.751876944839367 ], [ -73.896500160192502, 40.748711465206945 ], [ -73.896437517288376, 40.748579053315787 ], [ -73.896628324877483, 40.748556839018789 ], [ -73.896881696075042, 40.748528168869257 ], [ -73.897453105361848, 40.748466797089435 ] ] ] } },
{ "type": "Feature", "properties": { "group_id": "N1g4-161", "n_parks": 3, "extent_km": 0.936, "max_walk_m": 300.8, "park_area_acres": 12.19, "hull_area_acres": 36.01, "boroughs": "Q", "members": "Beach 30th Street Playground; Park; Rockaway Beach and Boardwalk" }, "geometry": { "type": "Polygon", "coordinates": [ [ [ -73.763760233171936, 40.591821343318074 ], [ -73.764037316832045, 40.593195868860306 ], [ -73.762997740016033, 40.593300873162718 ], [ -73.751325757429328, 40.593807974414872 ], [ -73.751308283129774, 40.593282363238593 ], [ -73.752785115511273, 40.592662621527339 ], [ -73.753149550138346, 40.592607042830153 ], [ -73.75345339632301, 40.592561495439718 ], [ -73.763760233171936, 40.591821343318074 ] ] ] } },
{ "type": "Feature", "properties": { "group_id": "N1g4-162", "n_parks": 3, "extent_km": 0.639, "max_walk_m": 566.4, "park_area_acres": 5.81, "hull_area_acres": 53.27, "boroughs": "Q", "members": "Dutch Kills Playground; Sixteen Oaks Grove; Ravenswood Playground" }, "geometry": { "type": "Polygon", "coordinates": [ [ [ -73.933360516599521, 40.756373749820376 ], [ -73.938574312728875, 40.758222218136943 ], [ -73.938580977261466, 40.758225257293148 ], [ -73.938587058551249, 40.758228938198158 ], [ -73.938591866928903, 40.758232448228839 ], [ -73.938596825754757, 40.758237191131023 ], [ -73.938602269249145, 40.758244168444499 ], [ -73.938606010743996, 40.758251396091609 ], [ -73.938608094241317, 40.758258673283244 ], [ -73.938608704861508, 40.758263020346824 ], [ -73.938608658741686, 40.758268088365064 ], [ -73.938608000386935, 40.758273130842781 ], [ -73.938606584192357, 40.758278084667197 ], [ -73.93860457361518, 40.758282916606575 ], [ -73.938334970004647, 40.758716846672343 ], [ -73.936295832605566, 40.761931499376182 ], [ -73.935401772458647, 40.763335848069374 ], [ -73.934253012742502, 40.762798158942857 ], [ -73.932537544650572, 40.757389145280506 ], [ -73.933360516599521, 40.756373749820376 ] ] ] } },
{ "type": "Feature", "properties": { "group_id": "N1g4-163", "n_parks": 3, "extent_km": 0.827, "max_walk_m": 410.8, "park_area_acres": 7.65, "hull_area_acres": 37.71, "boroughs": "Q", "members": "Hallets Cove Playground; Van Alst Playground; Two Coves Community Garden" }, "geometry": { "type": "Polygon", "coordinates": [ [ [ -73.928269772950415, 40.770217985506491 ], [ -73.934931349202486, 40.771540718415871 ], [ -73.937525174048531, 40.772485736477449 ], [ -73.937901831207, 40.773593441888892 ], [ -73.937903365674202, 40.774214075705522 ], [ -73.937785836077907, 40.77477825214617 ], [ -73.937725241375944, 40.774760998196058 ], [ -73.937011113095238, 40.774543285356813 ], [ -73.936870495445874, 40.77450030934245 ], [ -73.931122953108172, 40.772159121793365 ], [ -73.928464095814505, 40.770960485046714 ], [ -73.927502349733203, 40.770510872149671 ], [ -73.927593071787427, 40.77039762153376 ], [ -73.928269772950415, 40.770217985506491 ] ] ] } },
{ "type": "Feature", "properties": { "group_id": "N1g4-164", "n_parks": 3, "extent_km": 0.669, "max_walk_m": 661.7, "park_area_acres": 3.15, "hull_area_acres": 27.76, "boroughs": "Q", "members": "Paul Raimonda Playground; Woodtree Playground; Steinway Playground" }, "geometry": { "type": "Polygon", "coordinates": [ [ [ -73.89751696527901, 40.772334456581895 ], [ -73.903562416323226, 40.776144413091821 ], [ -73.903831695384753, 40.776330517273458 ], [ -73.903985352201659, 40.776619002676007 ], [ -73.90373935743348, 40.776820027435207 ], [ -73.902359003341928, 40.777938380256259 ], [ -73.901826411233287, 40.777566898058893 ], [ -73.896832559582109, 40.772891832969478 ], [ -73.89751696527901, 40.772334456581895 ] ] ] } },
{ "type": "Feature", "properties": { "group_id": "N1g4-165", "n_parks": 3, "extent_km": 0.377, "max_walk_m": 203.0, "park_area_acres": 4.12, "hull_area_acres": 9.27, "boroughs": "Q", "members": "Real Good Playground; Barrier Playground; Playground Sixty Two LXII" }, "geometry": { "type": "Polygon", "coordinates": [ [ [ -73.858231111509326, 40.735112967922952 ], [ -73.858394359537897, 40.735424461237947 ], [ -73.855977172860236, 40.736150130229674 ], [ -73.855168486079918, 40.736386536106458 ], [ -73.854923330838531, 40.736428664009992 ], [ -73.854727143004652, 40.736459090725916 ], [ -73.854529887008795, 40.736485241042466 ], [ -73.854331738123065, 40.736507104369949 ], [ -73.854269362095323, 40.736512185369037 ], [ -73.854206982506469, 40.736517266329862 ], [ -73.854172376125248, 40.736519780859076 ], [ -73.853039180437065, 40.736486774783046 ], [ -73.852177768164182, 40.736460763303455 ], [ -73.852044169029242, 40.736190396714044 ], [ -73.852408090117834, 40.736081988556826 ], [ -73.853456385773583, 40.735769704328817 ], [ -73.858231111509326, 40.735112967922952 ] ] ] } },
{ "type": "Feature", "properties": { "group_id": "N1g4-166", "n_parks": 3, "extent_km": 0.312, "max_walk_m": 237.3, "park_area_acres": 0.1, "hull_area_acres": 2.02, "boroughs": "Q", "members": "Sitting Area 127 CXXVII; Sitting Area; Park" }, "geometry": { "type": "Polygon", "coordinates": [ [ [ -73.892255981892603, 40.724924251615093 ], [ -73.892331216491613, 40.725020244295429 ], [ -73.888926320446942, 40.726381733442715 ], [ -73.888929773660649, 40.726250105672683 ], [ -73.889737465106563, 40.725662723051371 ], [ -73.892255981892603, 40.724924251615093 ] ] ] } },
{ "type": "Feature", "properties": { "group_id": "N1g4-167", "n_parks": 3, "extent_km": 0.892, "max_walk_m": 667.8, "park_area_acres": 23.4, "hull_area_acres": 90.93, "boroughs": "Q", "members": "Notorious LIC Park; Vernon Mall; Hunter's Point South Park" }, "geometry": { "type": "Polygon", "coordinates": [ [ [ -73.960706095611243, 40.738103755869588 ], [ -73.963034647900983, 40.738412132104564 ], [ -73.963291878834113, 40.739825281646837 ], [ -73.962689508181526, 40.741348761653398 ], [ -73.962676791552937, 40.741367441255463 ], [ -73.962633272713603, 40.741431364052175 ], [ -73.962388818213768, 40.741790421128968 ], [ -73.960894407786697, 40.743978220175435 ], [ -73.95406856131909, 40.742645303032333 ], [ -73.951449839944701, 40.742133313592355 ], [ -73.951066102847733, 40.742055604918704 ], [ -73.951135711845211, 40.74185675837235 ], [ -73.95139649191465, 40.74174182262778 ], [ -73.960015503771231, 40.738361344289984 ], [ -73.960151247849225, 40.73831071257591 ], [ -73.960706095611243, 40.738103755869588 ] ] ] } },
{ "type": "Feature", "properties": { "group_id": "N1g4-168", "n_parks": 3, "extent_km": 0.261, "max_walk_m": 194.7, "park_area_acres": 4.72, "hull_area_acres": 16.21, "boroughs": "Q", "members": "Louis C. Moser Playground; LaGuardia Landing Lights; LaGuardia Landing Lights" }, "geometry": { "type": "Polygon", "coordinates": [ [ [ -73.890109164729765, 40.761497682355454 ], [ -73.890128399430665, 40.761500360793697 ], [ -73.892475322544243, 40.762541110561308 ], [ -73.892577931878421, 40.763640942525427 ], [ -73.889648220727835, 40.764088077500134 ], [ -73.889460172712432, 40.764108458453691 ], [ -73.888889760942988, 40.763895209600179 ], [ -73.888719424452773, 40.76294351405015 ], [ -73.889774550427205, 40.761533039803396 ], [ -73.889790352288443, 40.761531133243146 ], [ -73.890109164729765, 40.761497682355454 ] ] ] } },
{ "type": "Feature", "properties": { "group_id": "N1g4-169", "n_parks": 3, "extent_km": 0.691, "max_walk_m": 648.9, "park_area_acres": 2.99, "hull_area_acres": 32.93, "boroughs": "Q", "members": "Gene Gray Playground; Broad Channel Park; Park" }, "geometry": { "type": "Polygon", "coordinates": [ [ [ -73.821436858786925, 40.599669380022412 ], [ -73.821666267720531, 40.599688763416054 ], [ -73.823134140384056, 40.60052546737456 ], [ -73.823092525436479, 40.600794984202217 ], [ -73.822290292298334, 40.60213809554665 ], [ -73.819339366397273, 40.606394658094274 ], [ -73.81904517805765, 40.60640682694067 ], [ -73.81902027295223, 40.606112243555479 ], [ -73.81937749046989, 40.601516003163908 ], [ -73.819467493734763, 40.600941506660853 ], [ -73.819557936642838, 40.600364198410752 ], [ -73.821436858786925, 40.599669380022412 ] ] ] } },
{ "type": "Feature", "properties": { "group_id": "N1g4-170", "n_parks": 3, "extent_km": 0.326, "max_walk_m": 232.2, "park_area_acres": 10.42, "hull_area_acres": 23.0, "boroughs": "R", "members": "Forest Grove; Joseph Manna Park; Graniteville Swamp Park" }, "geometry": { "type": "Polygon", "coordinates": [ [ [ -74.173247608609771, 40.62374555418711 ], [ -74.174152956562722, 40.624175319240237 ], [ -74.175197426150461, 40.624676680051934 ], [ -74.176923800513549, 40.625531448291028 ], [ -74.177769101052192, 40.625982452118627 ], [ -74.177759075087991, 40.625990053615887 ], [ -74.174153115969105, 40.627318753852528 ], [ -74.173623852943962, 40.62727270650872 ], [ -74.172585765461918, 40.625571142723857 ], [ -74.172818469425295, 40.624037827777542 ], [ -74.172969006594329, 40.623908196400144 ], [ -74.173247608609771, 40.62374555418711 ] ] ] } },
{ "type": "Feature", "properties": { "group_id": "N1g4-171", "n_parks": 3, "extent_km": 0.492, "max_walk_m": 407.8, "park_area_acres": 2.18, "hull_area_acres": 23.2, "boroughs": "X", "members": "Aqueduct Walk (1/5); Grand Playground; Leave it Better Kids' Garden" }, "geometry": { "type": "Polygon", "coordinates": [ [ [ -73.910580134355214, 40.852070833425167 ], [ -73.910587166263454, 40.852071289121426 ], [ -73.910594120471984, 40.85207220220687 ], [ -73.910600947182033, 40.852073565439007 ], [ -73.910607594226335, 40.852075368872029 ], [ -73.910614010627469, 40.852077599859555 ], [ -73.910620152530612, 40.852080240357822 ], [ -73.910625972523121, 40.852083272320321 ], [ -73.9106314279434, 40.85208667230129 ], [ -73.910636479688748, 40.852090415957136 ], [ -73.910641087476463, 40.852094474441039 ], [ -73.910645218138299, 40.852098819812035 ], [ -73.910648845629808, 40.85210341783143 ], [ -73.910651936789975, 40.852108235155278 ], [ -73.910654471503989, 40.852113237549446 ], [ -73.910656432036035, 40.852118385378496 ], [ -73.910657801831562, 40.852123642610053 ], [ -73.910658599231951, 40.852130363598008 ], [ -73.910659130728959, 40.852156699793056 ], [ -73.910658644592871, 40.852184883909651 ], [ -73.910655913444614, 40.852227235525788 ], [ -73.910396805425165, 40.855366129734641 ], [ -73.909939917055837, 40.856228979854279 ], [ -73.909840137591914, 40.856384112379196 ], [ -73.909836946475053, 40.856389060785695 ], [ -73.909833747060617, 40.856394005583653 ], [ -73.909830536975406, 40.856398947671693 ], [ -73.909827317409039, 40.856403884349326 ], [ -73.909824088357837, 40.856408818317924 ], [ -73.909820848637082, 40.856413748676118 ], [ -73.909817600618695, 40.856418675425807 ], [ -73.909814341930741, 40.856423598565101 ], [ -73.909811073760466, 40.856428517194416 ], [ -73.909807794920553, 40.856433432213322 ], [ -73.909804507783022, 40.856438343623687 ], [ -73.909801209974759, 40.856443252324134 ], [ -73.909797902685256, 40.856448155614125 ], [ -73.909794585910959, 40.856453056195122 ], [ -73.909791258467081, 40.856457953165702 ], [ -73.909787921540811, 40.856462845626375 ], [ -73.90978457631816, 40.856467733577915 ], [ -73.909781219238681, 40.856472618818664 ], [ -73.909777853861598, 40.856477500450829 ], [ -73.909774479002166, 40.856482377573052 ], [ -73.909771093474319, 40.856487250184358 ], [ -73.909767699647645, 40.856492120087587 ], [ -73.909764293965296, 40.856496986379469 ], [ -73.909760881173852, 40.85650184726277 ], [ -73.909757457711564, 40.856506705436139 ], [ -73.909754023580845, 40.856511559098578 ], [ -73.909750581151329, 40.856516410052976 ], [ -73.9097471292406, 40.856521255596896 ], [ -73.909743666660248, 40.85652609753037 ], [ -73.909740194596296, 40.856530935854387 ], [ -73.909736713049952, 40.856535769668419 ], [ -73.909733223205961, 40.856540599873853 ], [ -73.909729722693555, 40.856545425568427 ], [ -73.909726212696299, 40.856550248553937 ], [ -73.909722692031878, 40.856555066128074 ], [ -73.909719163068615, 40.856559880994126 ], [ -73.909715625810122, 40.856564690450639 ], [ -73.909712076696039, 40.856569496295783 ], [ -73.90970851928428, 40.856574298532387 ], [ -73.909704951204134, 40.856579096258038 ], [ -73.909701374826298, 40.85658389037512 ], [ -73.909697788966142, 40.856588679982231 ], [ -73.909694192437485, 40.856593465078397 ], [ -73.909690587611237, 40.85659824656598 ], [ -73.909686972115281, 40.856603024443189 ], [ -73.90968334832418, 40.856607796910779 ], [ -73.909679715049407, 40.856612565768899 ], [ -73.909676071106233, 40.856617330116066 ], [ -73.909672418862925, 40.856622092655641 ], [ -73.909668757140878, 40.856626847983726 ], [ -73.909665084747942, 40.856631600601915 ], [ -73.909661404058639, 40.856636348710985 ], [ -73.909657713885636, 40.856641093210598 ], [ -73.909654014230171, 40.856645833200155 ], [ -73.909650305093521, 40.856650567779205 ], [ -73.909646585285955, 40.856655299648331 ], [ -73.909642858369253, 40.856660026108862 ], [ -73.909639119596804, 40.856664748957954 ], [ -73.909635374899963, 40.856669467299852 ], [ -73.909631618347433, 40.856674182030368 ], [ -73.909605282161635, 40.856707169800529 ], [ -73.909318098711537, 40.857031183353484 ], [ -73.908488794231118, 40.85792145842597 ], [ -73.908312356121513, 40.857832974324111 ], [ -73.906921898601439, 40.856179476165288 ], [ -73.906998590132687, 40.856053737588027 ], [ -73.907069882231553, 40.855936851840085 ], [ -73.910260067602422, 40.852403449884648 ], [ -73.910562226213003, 40.852071362539419 ], [ -73.910568054219112, 40.852071077999696 ], [ -73.910575031307886, 40.852070850180901 ], [ -73.910580134355214, 40.852070833425167 ] ] ] } },
{ "type": "Feature", "properties": { "group_id": "N1g4-172", "n_parks": 3, "extent_km": 0.333, "max_walk_m": 277.1, "park_area_acres": 0.98, "hull_area_acres": 8.54, "boroughs": "X", "members": "Bergen Triangle; Walton Park; Mabel Hampton Playground" }, "geometry": { "type": "Polygon", "coordinates": [ [ [ -73.904195855043753, 40.854202585873828 ], [ -73.904471790723306, 40.854256677591337 ], [ -73.905482796036324, 40.855167801822141 ], [ -73.905175765922763, 40.855507626742686 ], [ -73.901130207655441, 40.855103783050922 ], [ -73.901296938215864, 40.854541157356365 ], [ -73.904195855043753, 40.854202585873828 ] ] ] } },
{ "type": "Feature", "properties": { "group_id": "N1g4-173", "n_parks": 3, "extent_km": 0.363, "max_walk_m": 359.5, "park_area_acres": 15.46, "hull_area_acres": 32.29, "boroughs": "X", "members": "Walter Gladwin Park; Stop & Go Playground; El Batey de Doña Provi Garden" }, "geometry": { "type": "Polygon", "coordinates": [ [ [ -73.894812693851733, 40.844000074780027 ], [ -73.897208432982708, 40.844263456863686 ], [ -73.89888750043292, 40.844671269533755 ], [ -73.898947144043987, 40.844691101131247 ], [ -73.899057186859821, 40.844727690865525 ], [ -73.899009547977172, 40.845104747748927 ], [ -73.89890648277337, 40.845287553905713 ], [ -73.896456695964105, 40.8479521751254 ], [ -73.896139693548164, 40.847849632906076 ], [ -73.893153209309503, 40.846171275543782 ], [ -73.893768097925701, 40.845161758635754 ], [ -73.894812693851733, 40.844000074780027 ] ] ] } },
{ "type": "Feature", "properties": { "group_id": "N1g4-174", "n_parks": 3, "extent_km": 0.583, "max_walk_m": 625.9, "park_area_acres": 2.52, "hull_area_acres": 12.23, "boroughs": "X", "members": "Hugh J. Grant Circle; FDNY-EMT Yadira Arroyo Playground; Haviland Playground" }, "geometry": { "type": "Polygon", "coordinates": [ [ [ -73.85803475406469, 40.828100660960118 ], [ -73.858906316685108, 40.828720672228464 ], [ -73.861408131275681, 40.832976538526246 ], [ -73.861433912625571, 40.833024519985884 ], [ -73.861450816460248, 40.833074727605435 ], [ -73.861458525800955, 40.833126219089827 ], [ -73.861457553281667, 40.833157127426347 ], [ -73.861456895626318, 40.833178028035071 ], [ -73.861440471066601, 40.833228427040716 ], [ -73.861420169291648, 40.833269870460654 ], [ -73.861392193310934, 40.833310109696534 ], [ -73.861378174655599, 40.833325593975033 ], [ -73.861352619790821, 40.833350380908932 ], [ -73.861308545991051, 40.833385404011764 ], [ -73.861259290466108, 40.833416188535942 ], [ -73.861245713355302, 40.833423446403586 ], [ -73.861225309728084, 40.833433488491828 ], [ -73.861169701403213, 40.833455906034743 ], [ -73.861103607033328, 40.833475218621516 ], [ -73.86103483252127, 40.833488038071053 ], [ -73.860976654415694, 40.833493101679807 ], [ -73.86091237999274, 40.833493057501563 ], [ -73.860848576655414, 40.833487150730633 ], [ -73.860786168998999, 40.833475468931283 ], [ -73.860726060107027, 40.833458180688552 ], [ -73.860669118510458, 40.833435534691361 ], [ -73.860616169886015, 40.833407860623105 ], [ -73.860567978110211, 40.83337555743163 ], [ -73.860547526569746, 40.833359205822461 ], [ -73.860511136863167, 40.833322636822281 ], [ -73.860482396154978, 40.833282329201921 ], [ -73.857903575987777, 40.828696561234764 ], [ -73.857779193157441, 40.828134455066149 ], [ -73.85803475406469, 40.828100660960118 ] ] ] } },
{ "type": "Feature", "properties": { "group_id": "N1g4-175", "n_parks": 3, "extent_km": 0.661, "max_walk_m": 392.2, "park_area_acres": 22.23, "hull_area_acres": 51.35, "boroughs": "X", "members": "Joyce Kilmer Park; Franz Sigel Park; River Avenue Parks" }, "geometry": { "type": "Polygon", "coordinates": [ [ [ -73.926458955915137, 40.820845652340154 ], [ -73.927249380314905, 40.821926753876483 ], [ -73.927722255792148, 40.822573513887114 ], [ -73.927298979865711, 40.825248428649139 ], [ -73.926851385804667, 40.826011840711992 ], [ -73.922366303091792, 40.829939757379215 ], [ -73.921507469658508, 40.829642485395127 ], [ -73.925090200049254, 40.822525935770599 ], [ -73.925473433166204, 40.821916831790475 ], [ -73.925595196579252, 40.821760391558968 ], [ -73.926458955915137, 40.820845652340154 ] ] ] } },
{ "type": "Feature", "properties": { "group_id": "N1g4-176", "n_parks": 3, "extent_km": 0.927, "max_walk_m": 716.1, "park_area_acres": 23.65, "hull_area_acres": 142.41, "boroughs": "X", "members": "Washington's Walk; Harris Park; Jerome Park" }, "geometry": { "type": "Polygon", "coordinates": [ [ [ -73.89792644943762, 40.87100270832908 ], [ -73.898093313833712, 40.871076844481102 ], [ -73.901437393860931, 40.874162815162194 ], [ -73.901356650265029, 40.874401453031197 ], [ -73.901337722586504, 40.874451772348046 ], [ -73.901307817674109, 40.874526177540815 ], [ -73.901267942636309, 40.874617486266473 ], [ -73.90121261246054, 40.874732458286744 ], [ -73.901160232481573, 40.874831477053313 ], [ -73.90109376838528, 40.87494634312376 ], [ -73.901026748965407, 40.875052368584413 ], [ -73.900985253142807, 40.875113899369865 ], [ -73.900905576519492, 40.875224598236514 ], [ -73.90084347413908, 40.875304999013188 ], [ -73.900765400940685, 40.875399827152471 ], [ -73.900719847849331, 40.875452301742435 ], [ -73.900659336095543, 40.875519083001386 ], [ -73.900553015112351, 40.875630870781578 ], [ -73.90054451771789, 40.87563775489469 ], [ -73.900533835554498, 40.875644320152297 ], [ -73.888937060539959, 40.88212820955151 ], [ -73.888936733177104, 40.882128149804338 ], [ -73.888936065404806, 40.882128027596004 ], [ -73.888763930473687, 40.882093925160838 ], [ -73.88995334913588, 40.876922288823302 ], [ -73.891690808544197, 40.874698028251714 ], [ -73.89792644943762, 40.87100270832908 ] ] ] } },
{ "type": "Feature", "properties": { "group_id": "N1g4-177", "n_parks": 3, "extent_km": 0.58, "max_walk_m": 755.1, "park_area_acres": 1.06, "hull_area_acres": 26.82, "boroughs": "X", "members": "Flood Triangle; D'Auria-Murphy Triangle; Ciccarone Park" }, "geometry": { "type": "Polygon", "coordinates": [ [ [ -73.888974259584458, 40.853091343429924 ], [ -73.889268436278883, 40.853175844672464 ], [ -73.889359083026292, 40.853204115238263 ], [ -73.889367363080325, 40.85321136583525 ], [ -73.889373932614475, 40.853219564810345 ], [ -73.889378608192203, 40.853228480561476 ], [ -73.890956616612598, 40.85816904357651 ], [ -73.890966687754201, 40.85850149818539 ], [ -73.886244237324973, 40.856064056102461 ], [ -73.886629129945305, 40.855606490008334 ], [ -73.888974259584458, 40.853091343429924 ] ] ] } },
{ "type": "Feature", "properties": { "group_id": "N1g4-178", "n_parks": 3, "extent_km": 0.99, "max_walk_m": 533.6, "park_area_acres": 68.14, "hull_area_acres": 150.24, "boroughs": "X", "members": "Woodrow Wilson Triangle; Pugsley Creek Park; Taylor-Soundview Block Assoc. Garden" }, "geometry": { "type": "Polygon", "coordinates": [ [ [ -73.849689637888517, 40.808028835885587 ], [ -73.858138831614511, 40.813402543114044 ], [ -73.861413107572261, 40.817103610261825 ], [ -73.861123048694594, 40.817144169075171 ], [ -73.854226540777972, 40.817999381351726 ], [ -73.851707168802477, 40.816248647917568 ], [ -73.848878550441583, 40.811963835322878 ], [ -73.848871125170987, 40.811950758452127 ], [ -73.848866103236148, 40.81193988825185 ], [ -73.847876610644931, 40.809561297540121 ], [ -73.847838802659226, 40.809464353937493 ], [ -73.847815463730271, 40.809402447132634 ], [ -73.847787748676012, 40.809312277780982 ], [ -73.847775608595995, 40.809268954044761 ], [ -73.847754460195034, 40.809193477793805 ], [ -73.847739362277423, 40.809114286865302 ], [ -73.847634010720213, 40.808289261528842 ], [ -73.849689637888517, 40.808028835885587 ] ] ] } },
{ "type": "Feature", "properties": { "group_id": "N1g4-179", "n_parks": 3, "extent_km": 0.801, "max_walk_m": 543.7, "park_area_acres": 5.25, "hull_area_acres": 19.27, "boroughs": "X", "members": "Heath Triangle; Fordham Landing Playground; Riverbend Playground" }, "geometry": { "type": "Polygon", "coordinates": [ [ [ -73.910578441638847, 40.862337240076286 ], [ -73.910651153656744, 40.862349462928961 ], [ -73.91099668874169, 40.862942438000481 ], [ -73.910930044957766, 40.863222770366185 ], [ -73.906059989648327, 40.872128169106766 ], [ -73.905557650509792, 40.872542733062822 ], [ -73.905240444308291, 40.872409525787042 ], [ -73.909734089461182, 40.863541677898262 ], [ -73.910437711469129, 40.862537988859643 ], [ -73.910578441638847, 40.862337240076286 ] ] ] } },
{ "type": "Feature", "properties": { "group_id": "N1g4-180", "n_parks": 3, "extent_km": 0.612, "max_walk_m": 554.8, "park_area_acres": 1.53, "hull_area_acres": 20.88, "boroughs": "X", "members": "Young Park; River Garden; West Farms Rapids" }, "geometry": { "type": "Polygon", "coordinates": [ [ [ -73.87073339882815, 40.839789341366789 ], [ -73.878345651058041, 40.840175653372768 ], [ -73.87861534306424, 40.840218729887006 ], [ -73.878331071487779, 40.840741675933515 ], [ -73.877165631463541, 40.842287730511131 ], [ -73.876998105144793, 40.84224999329242 ], [ -73.876239696259489, 40.841987869555275 ], [ -73.870939373410422, 40.839929325127052 ], [ -73.87087723116737, 40.839902721614067 ], [ -73.870703207562997, 40.839828219683724 ], [ -73.870717317190952, 40.839810050018478 ], [ -73.87073339882815, 40.839789341366789 ] ] ] } },
{ "type": "Feature", "properties": { "group_id": "N1g4-181", "n_parks": 3, "extent_km": 0.627, "max_walk_m": 172.4, "park_area_acres": 1.02, "hull_area_acres": 8.03, "boroughs": "X", "members": "Featherbed Triangle; University Malls; Park" }, "geometry": { "type": "Polygon", "coordinates": [ [ [ -73.921376808272797, 40.84518339086685 ], [ -73.921458468641291, 40.845186169587812 ], [ -73.921573987477359, 40.845191693465672 ], [ -73.921653533354828, 40.84519567276876 ], [ -73.921973725922328, 40.845220502968516 ], [ -73.922107242133535, 40.845232790379576 ], [ -73.922052017706861, 40.845367817985284 ], [ -73.922044645425942, 40.845378059710349 ], [ -73.92203665944173, 40.845387836365909 ], [ -73.921142283519529, 40.846309441885005 ], [ -73.92049793331438, 40.846963854002574 ], [ -73.91721537457245, 40.849306514441359 ], [ -73.916680859559165, 40.849674211193914 ], [ -73.916446060007473, 40.849835729232176 ], [ -73.916439764172381, 40.84983854861526 ], [ -73.916433061152645, 40.84984076347277 ], [ -73.916426054160709, 40.849842341461802 ], [ -73.916418845213229, 40.849843258342844 ], [ -73.91641154342733, 40.849843501588076 ], [ -73.916404255537088, 40.849843067672829 ], [ -73.916397093008882, 40.84984196208088 ], [ -73.916390161365968, 40.849840201097557 ], [ -73.916383563745143, 40.849837812712941 ], [ -73.91637739853175, 40.849834831217059 ], [ -73.91637175816912, 40.849831300801171 ], [ -73.916366726788127, 40.84982727465534 ], [ -73.916362379024491, 40.849822812266282 ], [ -73.916358780015671, 40.849817982118616 ], [ -73.916355983038954, 40.849812853589029 ], [ -73.916354030686307, 40.849807505951695 ], [ -73.916352951322395, 40.849802015769093 ], [ -73.916352761444031, 40.849796466798971 ], [ -73.916353463317463, 40.849790942788758 ], [ -73.916355047353534, 40.849785524775697 ], [ -73.916357489733599, 40.849780292886415 ], [ -73.916360753595512, 40.849775326337323 ], [ -73.916364790225259, 40.849770698933433 ], [ -73.921376808272797, 40.84518339086685 ] ] ] } },
{ "type": "Feature", "properties": { "group_id": "N1g4-182", "n_parks": 3, "extent_km": 0.431, "max_walk_m": 447.2, "park_area_acres": 2.9, "hull_area_acres": 22.14, "boroughs": "X", "members": "D'Onofrio Square; Marcus Garvey Square; Agnes Haywood Playground" }, "geometry": { "type": "Polygon", "coordinates": [ [ [ -73.866894428980316, 40.876546090828505 ], [ -73.866913292450405, 40.876550065727862 ], [ -73.866923682371507, 40.876561437371045 ], [ -73.866930161067472, 40.876576265080587 ], [ -73.866938745532522, 40.876674691162393 ], [ -73.866963136124198, 40.877009012098242 ], [ -73.866966300182995, 40.877053474658084 ], [ -73.866965777470696, 40.877184274493558 ], [ -73.866961135516505, 40.877204275292321 ], [ -73.866955806064297, 40.877224568857486 ], [ -73.866946916208576, 40.877244318024559 ], [ -73.866938033861814, 40.877259719641813 ], [ -73.864898385279716, 40.880540420634944 ], [ -73.86489484928569, 40.880545302542643 ], [ -73.86489048242457, 40.880549780059091 ], [ -73.864885364349846, 40.880553773133919 ], [ -73.864879585378262, 40.88055720893329 ], [ -73.864873253601218, 40.880560025450038 ], [ -73.864866479461071, 40.880562171485522 ], [ -73.864859387611588, 40.880563608464662 ], [ -73.864852106238573, 40.880564311323838 ], [ -73.861893501591354, 40.880722556327989 ], [ -73.86124510785281, 40.880514570056583 ], [ -73.861566996220915, 40.879934408417519 ], [ -73.866860564206675, 40.876557413227978 ], [ -73.866874502141869, 40.876550014684753 ], [ -73.866894428980316, 40.876546090828505 ] ] ] } },
{ "type": "Feature", "properties": { "group_id": "N1g4-183", "n_parks": 3, "extent_km": 0.49, "max_walk_m": 347.6, "park_area_acres": 7.47, "hull_area_acres": 33.62, "boroughs": "X", "members": "Freeman Triangle; Daniel Boone Playground; Concrete Plant Park" }, "geometry": { "type": "Polygon", "coordinates": [ [ [ -73.885056457754047, 40.822973056398325 ], [ -73.887975351380064, 40.829227838259904 ], [ -73.887957396833443, 40.829389006827633 ], [ -73.885666396461019, 40.830356831473935 ], [ -73.885604548984418, 40.830346743124458 ], [ -73.884226755909509, 40.828081381639031 ], [ -73.88473385429694, 40.823021870871187 ], [ -73.885056457754047, 40.822973056398325 ] ] ] } },
{ "type": "Feature", "properties": { "group_id": "N1g4-184", "n_parks": 3, "extent_km": 0.361, "max_walk_m": 327.6, "park_area_acres": 0.23, "hull_area_acres": 1.69, "boroughs": "X", "members": "Park; St. Lawrence Triangle; Park" }, "geometry": { "type": "Polygon", "coordinates": [ [ [ -73.865699611511957, 40.834232081315371 ], [ -73.869847809544723, 40.835496463096462 ], [ -73.869844786521753, 40.835565385366309 ], [ -73.869778836552896, 40.835560814751439 ], [ -73.869757340460282, 40.835559324472975 ], [ -73.869672575499919, 40.835552465102509 ], [ -73.869605052689877, 40.835545843084489 ], [ -73.869494289810959, 40.835530865041356 ], [ -73.869366006058357, 40.835506681999711 ], [ -73.865730624784476, 40.834428197543907 ], [ -73.865366912449844, 40.834319582646309 ], [ -73.86535730474067, 40.834264876254352 ], [ -73.865699611511957, 40.834232081315371 ] ] ] } },
{ "type": "Feature", "properties": { "group_id": "N1g4-185", "n_parks": 3, "extent_km": 0.425, "max_walk_m": 406.1, "park_area_acres": 1.54, "hull_area_acres": 13.1, "boroughs": "X", "members": "Webster Playground; Washington Park; Thorpe Family Playground" }, "geometry": { "type": "Polygon", "coordinates": [ [ [ -73.893512186229913, 40.855486005375944 ], [ -73.893616972180951, 40.855529295021888 ], [ -73.893728110955976, 40.855575209053434 ], [ -73.893839248698413, 40.855621122976459 ], [ -73.894061523456216, 40.855712951399596 ], [ -73.895104988421693, 40.856163562520329 ], [ -73.893377085391336, 40.859385963695914 ], [ -73.893149103153291, 40.859740478637491 ], [ -73.892397794724928, 40.859376973537771 ], [ -73.893152348393585, 40.85598044860285 ], [ -73.893333852988917, 40.855731048960934 ], [ -73.893512186229913, 40.855486005375944 ] ] ] } },
{ "type": "Feature", "properties": { "group_id": "N1g4-186", "n_parks": 2, "extent_km": 0.141, "max_walk_m": 79.2, "park_area_acres": 0.94, "hull_area_acres": 2.04, "boroughs": "B", "members": "American Playground; 61 Franklin Street Garden" }, "geometry": { "type": "Polygon", "coordinates": [ [ [ -73.957581270256597, 40.727498143223514 ], [ -73.958195115186967, 40.728465673616959 ], [ -73.958282832982945, 40.729009578498683 ], [ -73.957583794329324, 40.729074532559096 ], [ -73.957322062190897, 40.727522649344643 ], [ -73.957581270256597, 40.727498143223514 ] ] ] } },
{ "type": "Feature", "properties": { "group_id": "N1g4-187", "n_parks": 2, "extent_km": 0.302, "max_walk_m": 287.0, "park_area_acres": 0.18, "hull_area_acres": 1.9, "boroughs": "B", "members": "Beattie Square; Lewis Playground" }, "geometry": { "type": "Polygon", "coordinates": [ [ [ -73.937979622720405, 40.695252224425019 ], [ -73.938035509341461, 40.695533392835969 ], [ -73.934621030371673, 40.696488918218904 ], [ -73.93448055059585, 40.696410920565988 ], [ -73.937729924011975, 40.695281045584828 ], [ -73.937979622720405, 40.695252224425019 ] ] ] } },
{ "type": "Feature", "properties": { "group_id": "N1g4-188", "n_parks": 2, "extent_km": 0.468, "max_walk_m": 355.2, "park_area_acres": 5.69, "hull_area_acres": 23.01, "boroughs": "B", "members": "Bushwick Playground; Irving Square Park" }, "geometry": { "type": "Polygon", "coordinates": [ [ [ -73.909541294963617, 40.691612422584264 ], [ -73.910134129198511, 40.691954940793458 ], [ -73.913216244349016, 40.695998972590282 ], [ -73.912752885042451, 40.696471034965469 ], [ -73.91204660623697, 40.696535978188216 ], [ -73.911103812956995, 40.696003726053029 ], [ -73.908234757192375, 40.692930635009077 ], [ -73.909541294963617, 40.691612422584264 ] ] ] } },
{ "type": "Feature", "properties": { "group_id": "N1g4-189", "n_parks": 2, "extent_km": 0.241, "max_walk_m": 231.6, "park_area_acres": 2.86, "hull_area_acres": 7.06, "boroughs": "B", "members": "Lafayette Playground; Jesse Owens Playground" }, "geometry": { "type": "Polygon", "coordinates": [ [ [ -73.933075284856855, 40.690853557277123 ], [ -73.933131667598971, 40.691131246242499 ], [ -73.932989085809055, 40.691450863554721 ], [ -73.932653357245911, 40.691942247880583 ], [ -73.930497419025443, 40.692649025193781 ], [ -73.929692549486518, 40.692742394988215 ], [ -73.929634880629166, 40.69246363108887 ], [ -73.931783868299121, 40.691002539986854 ], [ -73.933075284856855, 40.690853557277123 ] ] ] } },
{ "type": "Feature", "properties": { "group_id": "N1g4-190", "n_parks": 2, "extent_km": 0.339, "max_walk_m": 255.6, "park_area_acres": 1.27, "hull_area_acres": 4.47, "boroughs": "B", "members": "Cuyler Gore Park; Gateway Triangle" }, "geometry": { "type": "Polygon", "coordinates": [ [ [ -73.968135829840534, 40.683901950806025 ], [ -73.971388392918655, 40.685208286797312 ], [ -73.972870746897527, 40.68580498765855 ], [ -73.97153804240898, 40.685959729708756 ], [ -73.968171819196471, 40.684095566764888 ], [ -73.968135829840534, 40.683901950806025 ] ] ] } },
{ "type": "Feature", "properties": { "group_id": "N1g4-191", "n_parks": 2, "extent_km": 0.313, "max_walk_m": 141.8, "park_area_acres": 9.06, "hull_area_acres": 12.99, "boroughs": "B", "members": "Fidelity Triangle; Msgr. McGolrick Park" }, "geometry": { "type": "Polygon", "coordinates": [ [ [ -73.941881466793646, 40.721829053895313 ], [ -73.943980313566712, 40.72319234913266 ], [ -73.94437218156979, 40.725528710779123 ], [ -73.942729093009362, 40.725691593503328 ], [ -73.941801926018556, 40.721887540543371 ], [ -73.941881466793646, 40.721829053895313 ] ] ] } },
{ "type": "Feature", "properties": { "group_id": "N1g4-192", "n_parks": 2, "extent_km": 0.378, "max_walk_m": 242.7, "park_area_acres": 3.78, "hull_area_acres": 8.07, "boroughs": "B", "members": "Fulton Park; Jackie Robinson Park Playground" }, "geometry": { "type": "Polygon", "coordinates": [ [ [ -73.931489685345682, 40.679516530267591 ], [ -73.934255888057365, 40.679665378220044 ], [ -73.934751553239934, 40.67969935312049 ], [ -73.934522799570658, 40.679728045044342 ], [ -73.928432159520113, 40.680433837929165 ], [ -73.927393948041342, 40.68055383303372 ], [ -73.927256294046927, 40.68056974193118 ], [ -73.927000364956115, 40.680599319341191 ], [ -73.926955191497882, 40.680367795384406 ], [ -73.927142508274059, 40.680008316139535 ], [ -73.927599470918835, 40.679955662423744 ], [ -73.928315628527017, 40.679873139202698 ], [ -73.928479291532369, 40.67985427981256 ], [ -73.931489685345682, 40.679516530267591 ] ] ] } },
{ "type": "Feature", "properties": { "group_id": "N1g4-193", "n_parks": 2, "extent_km": 0.347, "max_walk_m": 257.1, "park_area_acres": 4.61, "hull_area_acres": 16.23, "boroughs": "B", "members": "Van Voorhees Playground; Cobble Hill Park" }, "geometry": { "type": "Polygon", "coordinates": [ [ [ -73.995599165465435, 40.687944406044821 ], [ -73.996567862977273, 40.688259589000872 ], [ -74.000289898912442, 40.689684190690883 ], [ -73.999980056276399, 40.690298940817797 ], [ -73.999374214928778, 40.691500935033091 ], [ -73.999354397444534, 40.691495365250368 ], [ -73.998470448262992, 40.691246918847689 ], [ -73.998327633638397, 40.691206777390484 ], [ -73.995479775287507, 40.688193804919464 ], [ -73.995599165465435, 40.687944406044821 ] ] ] } },
{ "type": "Feature", "properties": { "group_id": "N1g4-194", "n_parks": 2, "extent_km": 0.185, "max_walk_m": 82.2, "park_area_acres": 2.37, "hull_area_acres": 4.43, "boroughs": "B", "members": "Martin Luther King Jr. Playground; Ps 53" }, "geometry": { "type": "Polygon", "coordinates": [ [ [ -73.890946429315576, 40.665979938184741 ], [ -73.890965243919595, 40.666053490399598 ], [ -73.890957363663787, 40.668309386444363 ], [ -73.890247133093339, 40.668414194839208 ], [ -73.889897002370915, 40.667065290165532 ], [ -73.890596987849065, 40.666029839005766 ], [ -73.890946429315576, 40.665979938184741 ] ] ] } },
{ "type": "Feature", "properties": { "group_id": "N1g4-195", "n_parks": 2, "extent_km": 0.788, "max_walk_m": 353.2, "park_area_acres": 30.34, "hull_area_acres": 61.63, "boroughs": "B", "members": "Owl's Head Park; Shore Park and Parkway (1/10)" }, "geometry": { "type": "Polygon", "coordinates": [ [ [ -74.022721663077874, 40.636923881627069 ], [ -74.031013503121258, 40.638444623338906 ], [ -74.035388138823407, 40.639803890007791 ], [ -74.03529296414618, 40.639929393918969 ], [ -74.035190601042473, 40.640051570732339 ], [ -74.035081247964385, 40.640170180830388 ], [ -74.034965119924095, 40.640284993595124 ], [ -74.034842442581976, 40.640395784708694 ], [ -74.034713456975069, 40.640502336151989 ], [ -74.03457841479127, 40.640604440709083 ], [ -74.03443757955003, 40.64070189926516 ], [ -74.034291226601979, 40.640794520807134 ], [ -74.03413964312999, 40.640882123324083 ], [ -74.033983123421621, 40.640964537410994 ], [ -74.033821974777084, 40.641041599963685 ], [ -74.03365651278412, 40.64111316228486 ], [ -74.033487058950215, 40.641179082881003 ], [ -74.033300918324912, 40.641230678110013 ], [ -74.033111906246873, 40.64127581084314 ], [ -74.032920410474389, 40.64131439090356 ], [ -74.032726819956466, 40.641346338022075 ], [ -74.032531531928115, 40.641371588139073 ], [ -74.032334944814295, 40.641390088003313 ], [ -74.032137461778319, 40.641401800574208 ], [ -74.031939484809271, 40.641406702322165 ], [ -74.031741419449403, 40.641404782326433 ], [ -74.031543670066824, 40.641396045878814 ], [ -74.031346642216349, 40.641380509079639 ], [ -74.031150736731206, 40.641358205143256 ], [ -74.030956355630821, 40.641329178993104 ], [ -74.030763895028173, 40.641293489965022 ], [ -74.030573748675891, 40.641251211806456 ], [ -74.030386305600175, 40.641202429975266 ], [ -74.03020194891927, 40.641147244341518 ], [ -74.030021054659883, 40.641085767386571 ], [ -74.025613262887461, 40.639537513282214 ], [ -74.02216753320684, 40.637468463285053 ], [ -74.022367347675214, 40.637272091678213 ], [ -74.022721663077874, 40.636923881627069 ] ] ] } },
{ "type": "Feature", "properties": { "group_id": "N1g4-196", "n_parks": 2, "extent_km": 0.651, "max_walk_m": 276.7, "park_area_acres": 35.94, "hull_area_acres": 49.71, "boroughs": "B", "members": "Parade Ground; Umma Park" }, "geometry": { "type": "Polygon", "coordinates": [ [ [ -73.971210855764426, 40.648441279185008 ], [ -73.971773587205021, 40.650379879220914 ], [ -73.971779651174501, 40.650405594986935 ], [ -73.971304017559405, 40.651033729631102 ], [ -73.96626647808317, 40.652999557950857 ], [ -73.961902530870262, 40.653922572593231 ], [ -73.961815679047618, 40.653476062848405 ], [ -73.964873797216086, 40.650947058230706 ], [ -73.971210855764426, 40.648441279185008 ] ] ] } },
{ "type": "Feature", "properties": { "group_id": "N1g4-197", "n_parks": 2, "extent_km": 0.437, "max_walk_m": 89.2, "park_area_acres": 23.31, "hull_area_acres": 51.51, "boroughs": "B", "members": "Asser Levy Park; Century Playground" }, "geometry": { "type": "Polygon", "coordinates": [ [ [ -73.977229786394375, 40.573559982705476 ], [ -73.977079319554306, 40.575197405248275 ], [ -73.976881123532081, 40.575755816725305 ], [ -73.971256304215032, 40.577283697704949 ], [ -73.970285081483368, 40.577502184340396 ], [ -73.969579576752025, 40.577412590245139 ], [ -73.967948749951518, 40.574955153488858 ], [ -73.969285887282965, 40.574693051905008 ], [ -73.973753657925542, 40.573936822032699 ], [ -73.977049423222425, 40.573579537725003 ], [ -73.977229786394375, 40.573559982705476 ] ] ] } },
{ "type": "Feature", "properties": { "group_id": "N1g4-198", "n_parks": 2, "extent_km": 0.454, "max_walk_m": 370.5, "park_area_acres": 0.74, "hull_area_acres": 4.07, "boroughs": "B", "members": "Lowry Triangle; James Forten Playground" }, "geometry": { "type": "Polygon", "coordinates": [ [ [ -73.965532938999573, 40.676378597803492 ], [ -73.966075058100969, 40.676491969846943 ], [ -73.964490547902443, 40.68085420022198 ], [ -73.964416286334952, 40.680396326069449 ], [ -73.965364879635004, 40.676839343451988 ], [ -73.965532938999573, 40.676378597803492 ] ] ] } },
{ "type": "Feature", "properties": { "group_id": "N1g4-199", "n_parks": 2, "extent_km": 0.248, "max_walk_m": 186.1, "park_area_acres": 0.94, "hull_area_acres": 2.34, "boroughs": "B", "members": "Crispus Attucks Playground; Park" }, "geometry": { "type": "Polygon", "coordinates": [ [ [ -73.958765242567281, 40.681255670907639 ], [ -73.959279473807342, 40.681363072873253 ], [ -73.959835421547908, 40.68160157226815 ], [ -73.961958977158702, 40.682566013406017 ], [ -73.961775526044534, 40.682586463621682 ], [ -73.95869140419849, 40.681653450208962 ], [ -73.958616899363136, 40.681278614985757 ], [ -73.958765242567281, 40.681255670907639 ] ] ] } },
{ "type": "Feature", "properties": { "group_id": "N1g4-200", "n_parks": 2, "extent_km": 0.164, "max_walk_m": 82.8, "park_area_acres": 1.0, "hull_area_acres": 2.64, "boroughs": "B", "members": "Lion's Pride Playground; Positive Seeds of Life Garden" }, "geometry": { "type": "Polygon", "coordinates": [ [ [ -73.899376115804031, 40.661162068443019 ], [ -73.900020529654526, 40.662375817507488 ], [ -73.900180170254487, 40.6630199580283 ], [ -73.899859746268035, 40.663067647360172 ], [ -73.899421515619068, 40.662912489611408 ], [ -73.899311437427059, 40.662481350139743 ], [ -73.899001039362631, 40.661217274609008 ], [ -73.899251111288862, 40.661180467350682 ], [ -73.899376115804031, 40.661162068443019 ] ] ] } },
{ "type": "Feature", "properties": { "group_id": "N1g4-201", "n_parks": 2, "extent_km": 0.248, "max_walk_m": 156.7, "park_area_acres": 1.51, "hull_area_acres": 6.36, "boroughs": "B", "members": "Marion Hopkinson Playground; 700 Decatur St Block Association" }, "geometry": { "type": "Polygon", "coordinates": [ [ [ -73.914070359561748, 40.681510748079127 ], [ -73.91451319502859, 40.683718296560208 ], [ -73.914525449795732, 40.683779496514809 ], [ -73.914546002935808, 40.683882164111964 ], [ -73.914250122073753, 40.683916319335133 ], [ -73.912338635201536, 40.681996085303211 ], [ -73.912282903223414, 40.681716211524844 ], [ -73.912545758008847, 40.681685997624804 ], [ -73.913606904300153, 40.68156402308427 ], [ -73.914000427424583, 40.681518786956929 ], [ -73.914070359561748, 40.681510748079127 ] ] ] } },
{ "type": "Feature", "properties": { "group_id": "N1g4-202", "n_parks": 2, "extent_km": 0.21, "max_walk_m": 196.4, "park_area_acres": 0.44, "hull_area_acres": 1.75, "boroughs": "B", "members": "Zion Triangle; Marcus Garvey Tenant's Assoc. Garden" }, "geometry": { "type": "Polygon", "coordinates": [ [ [ -73.919092831636476, 40.668554362592907 ], [ -73.919102430148342, 40.668585526294855 ], [ -73.918438634225751, 40.668873410914209 ], [ -73.916414295976779, 40.669486742846409 ], [ -73.916050495161556, 40.669540464778954 ], [ -73.91598050092, 40.669273724095142 ], [ -73.918385687242491, 40.668663876433136 ], [ -73.919092831636476, 40.668554362592907 ] ] ] } },
{ "type": "Feature", "properties": { "group_id": "N1g4-203", "n_parks": 2, "extent_km": 0.484, "max_walk_m": 390.6, "park_area_acres": 2.46, "hull_area_acres": 10.46, "boroughs": "B", "members": "Martinez Playground; Ten Eyck Playground" }, "geometry": { "type": "Polygon", "coordinates": [ [ [ -73.939138937190378, 40.708544568242459 ], [ -73.945033663371916, 40.708727169704602 ], [ -73.945135309925163, 40.709341534334605 ], [ -73.944343078128924, 40.709416147689865 ], [ -73.938453187695643, 40.709179336038787 ], [ -73.938357848493283, 40.708621601097256 ], [ -73.939138937190378, 40.708544568242459 ] ] ] } },
{ "type": "Feature", "properties": { "group_id": "N1g4-204", "n_parks": 2, "extent_km": 0.232, "max_walk_m": 74.9, "park_area_acres": 3.73, "hull_area_acres": 5.96, "boroughs": "B", "members": "Greenwood Playground; Captain John McKenna, IV Park" }, "geometry": { "type": "Polygon", "coordinates": [ [ [ -73.976500673159578, 40.649271105638746 ], [ -73.977633850036185, 40.652081033483405 ], [ -73.977652799683227, 40.652180313799626 ], [ -73.977698007592863, 40.652417173036667 ], [ -73.977711746366353, 40.6524891549481 ], [ -73.977774063406599, 40.652815654049199 ], [ -73.97776422828673, 40.652819450529982 ], [ -73.977739280154509, 40.652826276127506 ], [ -73.977717908792471, 40.652829337349964 ], [ -73.977695937568754, 40.652830037295828 ], [ -73.977678078124015, 40.652828814530707 ], [ -73.977663074491034, 40.652826508094691 ], [ -73.977647824181233, 40.652822889555175 ], [ -73.977634744927997, 40.652818659084055 ], [ -73.977623548132215, 40.652814110194534 ], [ -73.977609594874366, 40.652807039319086 ], [ -73.977596539474447, 40.65279869168333 ], [ -73.977582833546251, 40.65278748837904 ], [ -73.977572033994036, 40.65277603799764 ], [ -73.976989777242821, 40.652117757401115 ], [ -73.976929101927709, 40.652031570239267 ], [ -73.976875604663263, 40.651942668527695 ], [ -73.975849484681731, 40.650048733374113 ], [ -73.975685021355005, 40.649662413605412 ], [ -73.975806525863931, 40.649582493078405 ], [ -73.975853277467735, 40.64955254178259 ], [ -73.975908472492492, 40.649521194633316 ], [ -73.975984950202403, 40.649480617095413 ], [ -73.976025510948432, 40.649460750233594 ], [ -73.9760616253118, 40.649443209369558 ], [ -73.976117316819654, 40.649418196463955 ], [ -73.976500673159578, 40.649271105638746 ] ] ] } },
{ "type": "Feature", "properties": { "group_id": "N1g4-205", "n_parks": 2, "extent_km": 0.686, "max_walk_m": 585.0, "park_area_acres": 3.58, "hull_area_acres": 14.59, "boroughs": "B", "members": "Thomas Greene Playground; Park Slope Playground" }, "geometry": { "type": "Polygon", "coordinates": [ [ [ -73.97818582767178, 40.676409538183393 ], [ -73.978721989474522, 40.676619232495653 ], [ -73.979070281919874, 40.676755448804172 ], [ -73.986403083897187, 40.680415963530528 ], [ -73.986070804464916, 40.680906769805816 ], [ -73.984300204221952, 40.680217471905273 ], [ -73.978186175146647, 40.677046803705906 ], [ -73.978036883097786, 40.676630744709755 ], [ -73.97818582767178, 40.676409538183393 ] ] ] } },
{ "type": "Feature", "properties": { "group_id": "N1g4-206", "n_parks": 2, "extent_km": 0.756, "max_walk_m": 43.4, "park_area_acres": 97.44, "hull_area_acres": 387.65, "boroughs": "B", "members": "Spring Creek Park; Spring Creek Park" }, "geometry": { "type": "Polygon", "coordinates": [ [ [ -73.873627448116295, 40.647219501365576 ], [ -73.879754725610567, 40.655376671488753 ], [ -73.879212695987803, 40.655617331566127 ], [ -73.878083157758155, 40.65609481457961 ], [ -73.86019453387199, 40.663199371721049 ], [ -73.859262887705853, 40.663390381751938 ], [ -73.858417627820089, 40.663455479409457 ], [ -73.858092848529125, 40.662166685594144 ], [ -73.857728873123691, 40.660119257840783 ], [ -73.860979224012894, 40.65505240783515 ], [ -73.873627448116295, 40.647219501365576 ] ] ] } },
{ "type": "Feature", "properties": { "group_id": "N1g4-207", "n_parks": 2, "extent_km": 0.616, "max_walk_m": 561.1, "park_area_acres": 2.47, "hull_area_acres": 10.27, "boroughs": "B", "members": "Linden Sitting Area; Railroad Playground" }, "geometry": { "type": "Polygon", "coordinates": [ [ [ -73.913977947814729, 40.64873581569411 ], [ -73.915138855932938, 40.649780891832073 ], [ -73.918730011023612, 40.654118894763116 ], [ -73.91813861019304, 40.654098983664689 ], [ -73.913420677031667, 40.649096037902346 ], [ -73.913977947814729, 40.64873581569411 ] ] ] } },
{ "type": "Feature", "properties": { "group_id": "N1g4-208", "n_parks": 2, "extent_km": 0.308, "max_walk_m": 233.8, "park_area_acres": 1.12, "hull_area_acres": 5.74, "boroughs": "B", "members": "Fraser Square; Sarsfield Playground" }, "geometry": { "type": "Polygon", "coordinates": [ [ [ -73.941410871143887, 40.619681734642633 ], [ -73.941444305664092, 40.619685313237255 ], [ -73.941474392985967, 40.619697392834397 ], [ -73.941498985771517, 40.619715308603759 ], [ -73.941514554387453, 40.619738622000646 ], [ -73.941523189440289, 40.619765964400166 ], [ -73.941525062524775, 40.619797060331841 ], [ -73.941522740505746, 40.619829196932379 ], [ -73.941517626070961, 40.619861137599777 ], [ -73.941509712228466, 40.619892765262421 ], [ -73.941499074749757, 40.619923919665588 ], [ -73.941485949318988, 40.619954019192129 ], [ -73.941469734540831, 40.619984248620248 ], [ -73.941451178569139, 40.620013170198199 ], [ -73.94143014523749, 40.620041077425128 ], [ -73.941384491513915, 40.620094476642997 ], [ -73.941361910344554, 40.620117920988228 ], [ -73.941337299900894, 40.620140140485915 ], [ -73.941310777262274, 40.620161042440905 ], [ -73.941282448877629, 40.620180527848994 ], [ -73.941252466097097, 40.62019850673417 ], [ -73.941220929438799, 40.620214906204254 ], [ -73.941188033985412, 40.620229630902678 ], [ -73.941153902699057, 40.620242620556361 ], [ -73.941118690440874, 40.620253826615382 ], [ -73.941083533300414, 40.620261486441592 ], [ -73.941050461999509, 40.620263834254956 ], [ -73.93667884669938, 40.620486393739903 ], [ -73.936822245073529, 40.620392533024116 ], [ -73.93773458783194, 40.619830869063058 ], [ -73.941376519234765, 40.619682558216091 ], [ -73.941410871143887, 40.619681734642633 ] ] ] } },
{ "type": "Feature", "properties": { "group_id": "N1g4-209", "n_parks": 2, "extent_km": 0.272, "max_walk_m": 251.8, "park_area_acres": 0.08, "hull_area_acres": 1.18, "boroughs": "B", "members": "Dahill Triangle; Samuel Goldberg Triangle" }, "geometry": { "type": "Polygon", "coordinates": [ [ [ -73.977268472161029, 40.611068075441111 ], [ -73.977292014294633, 40.611188752650762 ], [ -73.974996838890263, 40.612999242491505 ], [ -73.974993002445245, 40.613001187683132 ], [ -73.974990380993106, 40.61300251538146 ], [ -73.974984155115607, 40.613004688785239 ], [ -73.974983516969715, 40.613004799410447 ], [ -73.974977374224892, 40.613005863389915 ], [ -73.974970287648858, 40.613006054558554 ], [ -73.974968484500877, 40.613005820030402 ], [ -73.974964892384776, 40.613005351877604 ], [ -73.974959621371951, 40.61300418185305 ], [ -73.974952864378494, 40.613001503131528 ], [ -73.974950835918079, 40.613000236556758 ], [ -73.97494649428117, 40.612997524141413 ], [ -73.974942554797678, 40.612993789722069 ], [ -73.974938713873968, 40.61298877568354 ], [ -73.974936388456186, 40.612985314473768 ], [ -73.974934210768936, 40.612981797463846 ], [ -73.974932191445916, 40.612978228258214 ], [ -73.974930322213964, 40.612974610457101 ], [ -73.974928612525829, 40.612970945863708 ], [ -73.974926401313027, 40.612965453102916 ], [ -73.974925103013632, 40.612961347343791 ], [ -73.974924586055749, 40.61295970918308 ], [ -73.974923624425699, 40.612955890763665 ], [ -73.974922745517404, 40.612952060655509 ], [ -73.974913215257672, 40.612908196892512 ], [ -73.974912332893538, 40.612904132648005 ], [ -73.974902579037732, 40.612857853637337 ], [ -73.974893931077048, 40.612815149936196 ], [ -73.97489404860336, 40.612810569911254 ], [ -73.974894965909073, 40.612806553787259 ], [ -73.974896600437617, 40.612802674699111 ], [ -73.974899056219314, 40.612798817402748 ], [ -73.974903700756499, 40.612794160020975 ], [ -73.977169628117593, 40.611126252940778 ], [ -73.977268472161029, 40.611068075441111 ] ] ] } },
{ "type": "Feature", "properties": { "group_id": "N1g4-210", "n_parks": 2, "extent_km": 0.319, "max_walk_m": 287.7, "park_area_acres": 1.08, "hull_area_acres": 5.04, "boroughs": "B", "members": "Barone Triangle; Bergen Beach Playground" }, "geometry": { "type": "Polygon", "coordinates": [ [ [ -73.907451798686807, 40.619933478538272 ], [ -73.907452910626532, 40.619933573988106 ], [ -73.907459317572346, 40.61993412486158 ], [ -73.9074670350345, 40.61993559892295 ], [ -73.907475738649197, 40.619938393941339 ], [ -73.907482643034129, 40.619941573834474 ], [ -73.907490133638248, 40.619946425565956 ], [ -73.907507057125883, 40.619960826806803 ], [ -73.907532656179285, 40.619982925472783 ], [ -73.907654664621887, 40.620088347576086 ], [ -73.907659616067093, 40.620092836147762 ], [ -73.910073404392449, 40.622358583361859 ], [ -73.909359057892289, 40.622820127256269 ], [ -73.909135343753718, 40.622624453017728 ], [ -73.908997592513586, 40.622495313851147 ], [ -73.907233269482276, 40.620130298564519 ], [ -73.907230610694413, 40.620126706041944 ], [ -73.907228112734288, 40.620123039806401 ], [ -73.907225776774936, 40.620119306162394 ], [ -73.907223615794877, 40.620115520429415 ], [ -73.907221701698575, 40.620111815942515 ], [ -73.907221652198146, 40.620111718646257 ], [ -73.907220313177831, 40.620107495923421 ], [ -73.907220213336942, 40.620107055488084 ], [ -73.907219441699809, 40.620103597765379 ], [ -73.907218889609439, 40.620099482839628 ], [ -73.90721870981362, 40.620095348402792 ], [ -73.907218970363303, 40.620090699223454 ], [ -73.907220022442829, 40.620084548613917 ], [ -73.907221895715068, 40.6200785121328 ], [ -73.907224298702403, 40.62007313255895 ], [ -73.907226788758479, 40.62006887960699 ], [ -73.907230362371081, 40.620063887301178 ], [ -73.907233352397853, 40.620060434415173 ], [ -73.907234910983618, 40.620058884075242 ], [ -73.907236828150005, 40.620056977418372 ], [ -73.907240229913157, 40.620054036360322 ], [ -73.907241155042286, 40.620053344606163 ], [ -73.907244533768989, 40.620050822271658 ], [ -73.90725324916761, 40.620045140712563 ], [ -73.907286196372297, 40.620024014952499 ], [ -73.907327928484406, 40.619997340050801 ], [ -73.907398238159075, 40.619952402178818 ], [ -73.907402479846482, 40.619949693226395 ], [ -73.907412556497363, 40.619943269821903 ], [ -73.907417403193719, 40.619940611785388 ], [ -73.907421066630178, 40.619939007305739 ], [ -73.907423438757377, 40.619937969114368 ], [ -73.907423810006463, 40.619937850544581 ], [ -73.907429875297211, 40.619935928313936 ], [ -73.907436569857225, 40.619934459551708 ], [ -73.907443450237977, 40.619933642015383 ], [ -73.907451798686807, 40.619933478538272 ] ] ] } },
{ "type": "Feature", "properties": { "group_id": "N1g4-211", "n_parks": 2, "extent_km": 0.141, "max_walk_m": 117.3, "park_area_acres": 0.5, "hull_area_acres": 1.66, "boroughs": "B", "members": "Lithuania Square; Ten Eyck Plaza" }, "geometry": { "type": "Polygon", "coordinates": [ [ [ -73.950958656574841, 40.708826482970053 ], [ -73.950964965355425, 40.70882779860294 ], [ -73.950965440998573, 40.708827897861781 ], [ -73.950972595009773, 40.708830412434672 ], [ -73.950979065596528, 40.708833767793529 ], [ -73.950983363672492, 40.708836901601757 ], [ -73.950987655128131, 40.708840992650394 ], [ -73.950990721937572, 40.708844885965483 ], [ -73.950993374957505, 40.708849857016268 ], [ -73.950995118530443, 40.708855666055761 ], [ -73.950995523896481, 40.708861217879814 ], [ -73.950994624992404, 40.708867030296879 ], [ -73.950981050931119, 40.708890589094196 ], [ -73.950975639706115, 40.708899770202876 ], [ -73.950964250892397, 40.708919092123153 ], [ -73.950956229511206, 40.708932589169585 ], [ -73.950952761242618, 40.708937135273345 ], [ -73.950948496857521, 40.708941279409778 ], [ -73.950944130153076, 40.708944560812768 ], [ -73.950939373324061, 40.708947312548709 ], [ -73.950934168286921, 40.708949667868502 ], [ -73.949561154285021, 40.70956246842394 ], [ -73.94920570561834, 40.709596012858228 ], [ -73.949115651657849, 40.709037103260016 ], [ -73.950893215090574, 40.70883094592083 ], [ -73.950919758571004, 40.708828785208155 ], [ -73.950958656574841, 40.708826482970053 ] ] ] } },
{ "type": "Feature", "properties": { "group_id": "N1g4-212", "n_parks": 2, "extent_km": 0.478, "max_walk_m": 406.9, "park_area_acres": 2.46, "hull_area_acres": 13.04, "boroughs": "B", "members": "Sunners Playground; Fox Playground" }, "geometry": { "type": "Polygon", "coordinates": [ [ [ -73.923943956724727, 40.631564520798257 ], [ -73.929898863072381, 40.632367581635421 ], [ -73.929615639326073, 40.632654870659906 ], [ -73.9294676455049, 40.632668096854168 ], [ -73.924369926506927, 40.632983707318424 ], [ -73.923648073350662, 40.633027995071423 ], [ -73.923493805449809, 40.631592755116785 ], [ -73.923943956724727, 40.631564520798257 ] ] ] } },
{ "type": "Feature", "properties": { "group_id": "N1g4-213", "n_parks": 2, "extent_km": 0.195, "max_walk_m": 114.6, "park_area_acres": 0.67, "hull_area_acres": 2.11, "boroughs": "B", "members": "Pfc Norton Playground; Aimee Triangle" }, "geometry": { "type": "Polygon", "coordinates": [ [ [ -73.944039631914066, 40.612853661610046 ], [ -73.944045700560537, 40.61285416615474 ], [ -73.944053605672295, 40.612855906207635 ], [ -73.944059794467776, 40.612858276690218 ], [ -73.94406427801357, 40.612860762509818 ], [ -73.944068264879448, 40.612863699248827 ], [ -73.944072045428513, 40.612867478775144 ], [ -73.944075035111112, 40.612871649643388 ], [ -73.945054398444825, 40.614259832379069 ], [ -73.945095257833728, 40.61447409669136 ], [ -73.945148646289198, 40.614754065382449 ], [ -73.944787902203629, 40.614991185392114 ], [ -73.943865596758044, 40.612976880629184 ], [ -73.943863800760127, 40.612972489710799 ], [ -73.943862677242407, 40.61296797124681 ], [ -73.943862333967303, 40.612963051531338 ], [ -73.943863024563356, 40.612956838271685 ], [ -73.943864648933214, 40.612951731308236 ], [ -73.943867180644162, 40.612946843614495 ], [ -73.943870569987652, 40.612942267919877 ], [ -73.943874176012059, 40.612938580244936 ], [ -73.943877735255768, 40.612935719225604 ], [ -73.943882317940336, 40.612932725428678 ], [ -73.9439129693979, 40.612915823195877 ], [ -73.943971268221176, 40.612883703917838 ], [ -73.944017096882462, 40.612858531462336 ], [ -73.944023423277415, 40.612856046403003 ], [ -73.944032534438435, 40.612854080499012 ], [ -73.944039631914066, 40.612853661610046 ] ] ] } },
{ "type": "Feature", "properties": { "group_id": "N1g4-214", "n_parks": 2, "extent_km": 0.558, "max_walk_m": 457.3, "park_area_acres": 2.46, "hull_area_acres": 10.51, "boroughs": "B", "members": "Galapo Playground; Herman Dolgon Playground" }, "geometry": { "type": "Polygon", "coordinates": [ [ [ -73.947112251193545, 40.597787193956783 ], [ -73.947152954050139, 40.598003776665095 ], [ -73.94644496958864, 40.598283596990669 ], [ -73.939275395190194, 40.598440256787221 ], [ -73.939192076030906, 40.598000158832399 ], [ -73.939753522928868, 40.597784424555009 ], [ -73.939824862024921, 40.597763549994575 ], [ -73.939898809950947, 40.597748868748241 ], [ -73.939974443882164, 40.597740565836553 ], [ -73.94005081980616, 40.597738742522878 ], [ -73.947112251193545, 40.597787193956783 ] ] ] } },
{ "type": "Feature", "properties": { "group_id": "N1g4-215", "n_parks": 2, "extent_km": 0.222, "max_walk_m": 132.8, "park_area_acres": 1.36, "hull_area_acres": 4.24, "boroughs": "B", "members": "John Allen Payne Playground; Park" }, "geometry": { "type": "Polygon", "coordinates": [ [ [ -74.021413209617634, 40.638229980436854 ], [ -74.02370643749569, 40.639539664522793 ], [ -74.024525407631813, 40.640032682483323 ], [ -74.024612219435895, 40.640084942639788 ], [ -74.024377822628722, 40.640310333826285 ], [ -74.023891782174715, 40.640370980398316 ], [ -74.023415290117811, 40.640084026420254 ], [ -74.023239823964772, 40.639978355545487 ], [ -74.021956607328434, 40.639196627991211 ], [ -74.021953450376301, 40.639194677170117 ], [ -74.021410672389848, 40.638232433922326 ], [ -74.021413209617634, 40.638229980436854 ] ] ] } },
{ "type": "Feature", "properties": { "group_id": "N1g4-216", "n_parks": 2, "extent_km": 0.659, "max_walk_m": 612.8, "park_area_acres": 1.23, "hull_area_acres": 10.86, "boroughs": "B", "members": "Park; Patrick O'Rourke Playground" }, "geometry": { "type": "Polygon", "coordinates": [ [ [ -74.013803155248098, 40.61871793660093 ], [ -74.020608281310572, 40.621926173924443 ], [ -74.020611122964283, 40.621927882602527 ], [ -74.020282253965632, 40.622319462996821 ], [ -74.020141072233713, 40.622345768601313 ], [ -74.013889969242655, 40.619488132363998 ], [ -74.013341481737626, 40.619156858003898 ], [ -74.013803155248098, 40.61871793660093 ] ] ] } },
{ "type": "Feature", "properties": { "group_id": "N1g4-217", "n_parks": 2, "extent_km": 0.091, "max_walk_m": 87.1, "park_area_acres": 0.01, "hull_area_acres": 1.41, "boroughs": "B", "members": "Park; Park" }, "geometry": { "type": "Polygon", "coordinates": [ [ [ -74.022698965151463, 40.619546636716763 ], [ -74.023567859449699, 40.620063288592966 ], [ -74.023570681017176, 40.620065019715369 ], [ -74.023306546355471, 40.620406780561467 ], [ -74.023191827174145, 40.620542547312787 ], [ -74.022336697063736, 40.620028096221091 ], [ -74.022333842442734, 40.620026374980547 ], [ -74.022632517846361, 40.619633941774701 ], [ -74.022698965151463, 40.619546636716763 ] ] ] } },
{ "type": "Feature", "properties": { "group_id": "N1g4-218", "n_parks": 2, "extent_km": 0.826, "max_walk_m": 749.4, "park_area_acres": 0.86, "hull_area_acres": 10.2, "boroughs": "B", "members": "Decatur Playground; Bed-Stuy Farm" }, "geometry": { "type": "Polygon", "coordinates": [ [ [ -73.936813599377302, 40.681147468728284 ], [ -73.936885787495754, 40.68141707284019 ], [ -73.93693896617971, 40.681678915753743 ], [ -73.936401727110649, 40.681741206718947 ], [ -73.926765811519516, 40.682125944912336 ], [ -73.926709475502832, 40.681843242964369 ], [ -73.926799301770089, 40.681832846971957 ], [ -73.936813599377302, 40.681147468728284 ] ] ] } },
{ "type": "Feature", "properties": { "group_id": "N1g4-219", "n_parks": 2, "extent_km": 0.482, "max_walk_m": 449.5, "park_area_acres": 2.14, "hull_area_acres": 11.56, "boroughs": "B", "members": "Raymond Bush Playground; Halsey Garden" }, "geometry": { "type": "Polygon", "coordinates": [ [ [ -73.935726999313815, 40.683051586233269 ], [ -73.940347139920107, 40.68599197961057 ], [ -73.940456279438877, 40.686539084794845 ], [ -73.940309455466092, 40.686556057256432 ], [ -73.939952865072954, 40.68659727646024 ], [ -73.938903859504379, 40.686718526892747 ], [ -73.935596802629235, 40.683357972837122 ], [ -73.935538880592546, 40.683073123962117 ], [ -73.935726999313815, 40.683051586233269 ] ] ] } },
{ "type": "Feature", "properties": { "group_id": "N1g4-220", "n_parks": 2, "extent_km": 0.422, "max_walk_m": 317.3, "park_area_acres": 3.78, "hull_area_acres": 16.46, "boroughs": "B", "members": "Paerdegat Park; Chiarantano Playground" }, "geometry": { "type": "Polygon", "coordinates": [ [ [ -73.933527873525492, 40.636785753069489 ], [ -73.938380641659663, 40.636982275583868 ], [ -73.938610447514506, 40.639096291070594 ], [ -73.937885981986724, 40.639140588470099 ], [ -73.933225722078149, 40.637076906735999 ], [ -73.93319466418113, 40.636798785888487 ], [ -73.933527873525492, 40.636785753069489 ] ] ] } },
{ "type": "Feature", "properties": { "group_id": "N1g4-221", "n_parks": 2, "extent_km": 0.229, "max_walk_m": 11.0, "park_area_acres": 4.16, "hull_area_acres": 7.9, "boroughs": "B", "members": "Steuben Playground; Classon Playground" }, "geometry": { "type": "Polygon", "coordinates": [ [ [ -73.963595727173043, 40.696791638709776 ], [ -73.963636416146471, 40.696802297431908 ], [ -73.963827635256706, 40.697772142086279 ], [ -73.962156625751007, 40.70004388726624 ], [ -73.961238624575529, 40.699450586381346 ], [ -73.961982805777595, 40.6982811969892 ], [ -73.963595727173043, 40.696791638709776 ] ] ] } },
{ "type": "Feature", "properties": { "group_id": "N1g4-222", "n_parks": 2, "extent_km": 0.229, "max_walk_m": 137.3, "park_area_acres": 3.53, "hull_area_acres": 6.82, "boroughs": "B", "members": "St. Andrew's Playground; Her-King Alagantic Block Association Garden" }, "geometry": { "type": "Polygon", "coordinates": [ [ [ -73.941483036661111, 40.67816967074328 ], [ -73.943073882417735, 40.67825964409122 ], [ -73.942985759293293, 40.67919887598314 ], [ -73.939677234800754, 40.67946091551471 ], [ -73.939609794205495, 40.679457273577142 ], [ -73.939635907278046, 40.679179773885011 ], [ -73.941483036661111, 40.67816967074328 ] ] ] } },
{ "type": "Feature", "properties": { "group_id": "N1g4-223", "n_parks": 2, "extent_km": 0.589, "max_walk_m": 524.4, "park_area_acres": 2.09, "hull_area_acres": 12.98, "boroughs": "B", "members": "Sheepshead Playground; Jerzee Triangle" }, "geometry": { "type": "Polygon", "coordinates": [ [ [ -73.940056961604512, 40.588010129889597 ], [ -73.947220921701287, 40.588620741675328 ], [ -73.94722601137893, 40.588654006646614 ], [ -73.947017629472825, 40.588677583710023 ], [ -73.939953662724818, 40.589452657803584 ], [ -73.939685416620065, 40.588046761468469 ], [ -73.940056961604512, 40.588010129889597 ] ] ] } },
{ "type": "Feature", "properties": { "group_id": "N1g4-224", "n_parks": 2, "extent_km": 0.252, "max_walk_m": 156.5, "park_area_acres": 2.16, "hull_area_acres": 5.2, "boroughs": "B", "members": "Underwood Park; Greene Playground" }, "geometry": { "type": "Polygon", "coordinates": [ [ [ -73.966306606286622, 40.686039835863745 ], [ -73.966744938606894, 40.688196715995957 ], [ -73.966876566715698, 40.688869089012329 ], [ -73.96609707580896, 40.688958741351399 ], [ -73.965960415739843, 40.688286416389104 ], [ -73.96554766120758, 40.686118762697184 ], [ -73.966306606286622, 40.686039835863745 ] ] ] } },
{ "type": "Feature", "properties": { "group_id": "N1g4-225", "n_parks": 2, "extent_km": 0.521, "max_walk_m": 448.4, "park_area_acres": 3.21, "hull_area_acres": 10.02, "boroughs": "B", "members": "Wilson Playground; 100% Playground" }, "geometry": { "type": "Polygon", "coordinates": [ [ [ -73.894674375361063, 40.642017054770264 ], [ -73.898998524303934, 40.6458945846272 ], [ -73.899814821035719, 40.646630299130706 ], [ -73.899271306159719, 40.64698349307934 ], [ -73.898853535633293, 40.646609016828691 ], [ -73.898451275320454, 40.646248436031073 ], [ -73.894133372879878, 40.642365438850163 ], [ -73.894674375361063, 40.642017054770264 ] ] ] } },
{ "type": "Feature", "properties": { "group_id": "N1g4-226", "n_parks": 2, "extent_km": 0.336, "max_walk_m": 228.4, "park_area_acres": 1.53, "hull_area_acres": 6.7, "boroughs": "B", "members": "Pink Playground; Woodruff Playground" }, "geometry": { "type": "Polygon", "coordinates": [ [ [ -73.865786603103771, 40.665045587756168 ], [ -73.866420830067355, 40.665259568386595 ], [ -73.866483941035526, 40.665512909348237 ], [ -73.863130707462787, 40.666748716577167 ], [ -73.862334583629334, 40.666863735189743 ], [ -73.862204689014646, 40.666342414520273 ], [ -73.865638755077313, 40.665066527787729 ], [ -73.865786603103771, 40.665045587756168 ] ] ] } },
{ "type": "Feature", "properties": { "group_id": "N1g4-227", "n_parks": 2, "extent_km": 0.771, "max_walk_m": 602.6, "park_area_acres": 2.42, "hull_area_acres": 13.09, "boroughs": "B", "members": "Bildersee Playground; Curtis Playground" }, "geometry": { "type": "Polygon", "coordinates": [ [ [ -73.911193815188142, 40.634931411834749 ], [ -73.917962665909613, 40.641027952469052 ], [ -73.917356157415469, 40.641330587791195 ], [ -73.916887323260852, 40.640911479830031 ], [ -73.911363199088242, 40.635954800964072 ], [ -73.910930869567139, 40.635126460886951 ], [ -73.910931539602089, 40.635098267942325 ], [ -73.911193815188142, 40.634931411834749 ] ] ] } },
{ "type": "Feature", "properties": { "group_id": "N1g4-228", "n_parks": 2, "extent_km": 0.325, "max_walk_m": 276.6, "park_area_acres": 1.35, "hull_area_acres": 4.61, "boroughs": "B", "members": "Eleanor Roosevelt Playground; Kosciuszko Street Garden" }, "geometry": { "type": "Polygon", "coordinates": [ [ [ -73.939364654769449, 40.692085793317958 ], [ -73.939419567743116, 40.692370436635478 ], [ -73.93601273981028, 40.693048292078181 ], [ -73.935491161155994, 40.693108151573519 ], [ -73.935007895097328, 40.692942097006693 ], [ -73.934941455780674, 40.692604250865266 ], [ -73.939077975855298, 40.692118727670902 ], [ -73.939364654769449, 40.692085793317958 ] ] ] } },
{ "type": "Feature", "properties": { "group_id": "N1g4-229", "n_parks": 2, "extent_km": 0.136, "max_walk_m": 96.5, "park_area_acres": 0.68, "hull_area_acres": 2.41, "boroughs": "B", "members": "Mother Cabrini Park; The Backyard" }, "geometry": { "type": "Polygon", "coordinates": [ [ [ -74.005625746448473, 40.683063567346927 ], [ -74.005653581887017, 40.683108200859706 ], [ -74.005839010064506, 40.683405529610468 ], [ -74.005270748672515, 40.684576841066814 ], [ -74.004944809325224, 40.68455199234765 ], [ -74.004897752081376, 40.68453883425088 ], [ -74.004477900174649, 40.684421431553609 ], [ -74.00460268957211, 40.684161954364953 ], [ -74.005330723583043, 40.683167226051332 ], [ -74.005625746448473, 40.683063567346927 ] ] ] } },
{ "type": "Feature", "properties": { "group_id": "N1g4-230", "n_parks": 2, "extent_km": 0.221, "max_walk_m": 163.7, "park_area_acres": 5.54, "hull_area_acres": 24.06, "boroughs": "B/Q", "members": "George Walker Jr. Park; Jackie Robinson Parkway (2/17)" }, "geometry": { "type": "Polygon", "coordinates": [ [ [ -73.897738440763348, 40.678312523202024 ], [ -73.897870961222679, 40.678379327653886 ], [ -73.900024602746939, 40.679619606489737 ], [ -73.900024615509722, 40.679694729260291 ], [ -73.896983057670909, 40.681595852447877 ], [ -73.896777915684737, 40.681544505359909 ], [ -73.896316181751544, 40.681428931631103 ], [ -73.894783864522083, 40.678842175441488 ], [ -73.894695662408566, 40.678505040940934 ], [ -73.89507279816732, 40.678448505343404 ], [ -73.895442781372267, 40.678393040827643 ], [ -73.897738440763348, 40.678312523202024 ] ] ] } },
{ "type": "Feature", "properties": { "group_id": "N1g4-231", "n_parks": 2, "extent_km": 0.093, "max_walk_m": 15.9, "park_area_acres": 0.66, "hull_area_acres": 1.39, "boroughs": "B", "members": "Georgia Ave Garden; Hands and Heart Garden" }, "geometry": { "type": "Polygon", "coordinates": [ [ [ -73.895808509740661, 40.660740937137966 ], [ -73.89589586289712, 40.661087020985228 ], [ -73.895923126633846, 40.661195041058491 ], [ -73.895203043866488, 40.661298451031271 ], [ -73.894480676042136, 40.661121857547897 ], [ -73.894332152253412, 40.660922189145431 ], [ -73.894401151237332, 40.660892396766187 ], [ -73.895808509740661, 40.660740937137966 ] ] ] } },
{ "type": "Feature", "properties": { "group_id": "N1g4-232", "n_parks": 2, "extent_km": 0.421, "max_walk_m": 248.9, "park_area_acres": 0.12, "hull_area_acres": 3.18, "boroughs": "B", "members": "Madison Street Block Association; Stars Of Hope" }, "geometry": { "type": "Polygon", "coordinates": [ [ [ -73.955525249735203, 40.683776645930031 ], [ -73.955581201759756, 40.68405446621302 ], [ -73.950746753916548, 40.685036105585944 ], [ -73.950682305968357, 40.685043520730247 ], [ -73.950634938684317, 40.684800006853479 ], [ -73.955402957429811, 40.683790666428813 ], [ -73.955525249735203, 40.683776645930031 ] ] ] } },
{ "type": "Feature", "properties": { "group_id": "N1g4-233", "n_parks": 2, "extent_km": 0.376, "max_walk_m": 467.3, "park_area_acres": 0.09, "hull_area_acres": 0.87, "boroughs": "B", "members": "Preston Community Garden; Brownsville Green" }, "geometry": { "type": "Polygon", "coordinates": [ [ [ -73.92116844329027, 40.668642957339465 ], [ -73.921244841172864, 40.668645668888317 ], [ -73.921264840636866, 40.668775348767049 ], [ -73.920699373227407, 40.672258379490543 ], [ -73.920627176121997, 40.672254416964002 ], [ -73.920660645405022, 40.671901015602842 ], [ -73.92116844329027, 40.668642957339465 ] ] ] } },
{ "type": "Feature", "properties": { "group_id": "N1g4-234", "n_parks": 2, "extent_km": 0.244, "max_walk_m": 198.6, "park_area_acres": 0.33, "hull_area_acres": 1.59, "boroughs": "B", "members": "St Mark's Block Association; Sterling Community Group" }, "geometry": { "type": "Polygon", "coordinates": [ [ [ -73.922061188038512, 40.671081066475232 ], [ -73.922249272386196, 40.671091147139286 ], [ -73.922056301988036, 40.673323005583988 ], [ -73.922031837706285, 40.673588424930564 ], [ -73.921689341204157, 40.673570021717431 ], [ -73.921715926458717, 40.673304483216256 ], [ -73.922061188038512, 40.671081066475232 ] ] ] } },
{ "type": "Feature", "properties": { "group_id": "N1g4-235", "n_parks": 2, "extent_km": 0.126, "max_walk_m": 87.8, "park_area_acres": 0.24, "hull_area_acres": 1.4, "boroughs": "B", "members": "A Better Community Garden; F.A.R.R. Community Garden" }, "geometry": { "type": "Polygon", "coordinates": [ [ [ -73.927956997508787, 40.677933696287582 ], [ -73.928265373786914, 40.677951824515816 ], [ -73.92828201214229, 40.678028143616999 ], [ -73.928301052841263, 40.678115482911842 ], [ -73.928363491891389, 40.67840189632706 ], [ -73.928270934688442, 40.678396809288202 ], [ -73.928203717031977, 40.678393114876435 ], [ -73.926600231082773, 40.678301505044892 ], [ -73.926620694832934, 40.678082596632372 ], [ -73.927956997508787, 40.677933696287582 ] ] ] } },
{ "type": "Feature", "properties": { "group_id": "N1g4-236", "n_parks": 2, "extent_km": 0.57, "max_walk_m": 483.0, "park_area_acres": 2.33, "hull_area_acres": 11.64, "boroughs": "B", "members": "Berriman Playground; Park" }, "geometry": { "type": "Polygon", "coordinates": [ [ [ -73.87555075383348, 40.653859726653579 ], [ -73.875874859661934, 40.654295987931825 ], [ -73.875930073072368, 40.654482428609498 ], [ -73.869401542264598, 40.657242746516275 ], [ -73.868983558424148, 40.65668265158245 ], [ -73.869545898924812, 40.656436304815685 ], [ -73.87555075383348, 40.653859726653579 ] ] ] } },
{ "type": "Feature", "properties": { "group_id": "N1g4-237", "n_parks": 2, "extent_km": 0.518, "max_walk_m": 413.6, "park_area_acres": 0.4, "hull_area_acres": 4.22, "boroughs": "B", "members": "Imani II Community Garden; Kingsborough Houses Pacific Playground" }, "geometry": { "type": "Polygon", "coordinates": [ [ [ -73.92667829589486, 40.675987140392934 ], [ -73.927126744314592, 40.676011818455642 ], [ -73.933058543622451, 40.676406433422365 ], [ -73.933037679072129, 40.676650266330867 ], [ -73.927096511791689, 40.676330268259655 ], [ -73.926648061242858, 40.676305589179549 ], [ -73.92667829589486, 40.675987140392934 ] ] ] } },
{ "type": "Feature", "properties": { "group_id": "N1g4-238", "n_parks": 2, "extent_km": 0.76, "max_walk_m": 606.3, "park_area_acres": 8.52, "hull_area_acres": 29.56, "boroughs": "M", "members": "Bennett Park; J. Hood Wright Park" }, "geometry": { "type": "Polygon", "coordinates": [ [ [ -73.94059870081793, 40.845499047635691 ], [ -73.942503904615478, 40.846301084838245 ], [ -73.942503881384511, 40.846327961824741 ], [ -73.942501809163574, 40.846354714422333 ], [ -73.942497686360412, 40.846381809985672 ], [ -73.942493154828099, 40.846409834653208 ], [ -73.942488212968271, 40.846437893334588 ], [ -73.942482451921038, 40.846461583318366 ], [ -73.942472579312167, 40.846495230697514 ], [ -73.942463117042664, 40.846523331247056 ], [ -73.942452433301071, 40.846552878277663 ], [ -73.942138158838318, 40.847406641746957 ], [ -73.938300488037655, 40.853443871666066 ], [ -73.937598616788293, 40.853318209693242 ], [ -73.937929996818823, 40.852238148091011 ], [ -73.94059870081793, 40.845499047635691 ] ] ] } },
{ "type": "Feature", "properties": { "group_id": "N1g4-239", "n_parks": 2, "extent_km": 0.295, "max_walk_m": 253.1, "park_area_acres": 0.18, "hull_area_acres": 2.22, "boroughs": "M", "members": "Cooper Triangle; Abe Lebewohl Triangle" }, "geometry": { "type": "Polygon", "coordinates": [ [ [ -73.990891465574961, 40.728476397009288 ], [ -73.990917818502055, 40.728487174577829 ], [ -73.990788302534924, 40.729010555229173 ], [ -73.987858583338436, 40.73013062879479 ], [ -73.987703899203069, 40.7300650409545 ], [ -73.990891465574961, 40.728476397009288 ] ] ] } },
{ "type": "Feature", "properties": { "group_id": "N1g4-240", "n_parks": 2, "extent_km": 0.264, "max_walk_m": 25.3, "park_area_acres": 0.66, "hull_area_acres": 3.19, "boroughs": "M", "members": "Dante Park; Broadway Malls (2/11)" }, "geometry": { "type": "Polygon", "coordinates": [ [ [ -73.982437567798527, 40.7716023403785 ], [ -73.982732969121002, 40.771724032191287 ], [ -73.982177428970957, 40.776214803741233 ], [ -73.982176679312175, 40.776218576730756 ], [ -73.982176657961475, 40.776218682986752 ], [ -73.982174091944842, 40.77622398835058 ], [ -73.982169527557033, 40.776229289803126 ], [ -73.982164438819694, 40.776233036907009 ], [ -73.982162314607407, 40.776234066753076 ], [ -73.982158649068154, 40.776235841076002 ], [ -73.982151535255895, 40.776237560834602 ], [ -73.982144502405788, 40.776237745248579 ], [ -73.982138890152385, 40.776236827667248 ], [ -73.982132701210318, 40.776235174285695 ], [ -73.982126187955586, 40.776232553713811 ], [ -73.982124637585756, 40.776231681786868 ], [ -73.982120258886766, 40.776229219133697 ], [ -73.982120020835069, 40.776229043498759 ], [ -73.982116155165542, 40.776226172096912 ], [ -73.982112392774866, 40.776222478552135 ], [ -73.982108460185543, 40.776217373893402 ], [ -73.982108234050799, 40.776216933512565 ], [ -73.982106279349281, 40.776213117779939 ], [ -73.982105718384801, 40.776211174408424 ], [ -73.982104410651942, 40.776206641976209 ], [ -73.982103939677572, 40.776200430236791 ], [ -73.982152986113149, 40.772485252308861 ], [ -73.982437567798527, 40.7716023403785 ] ] ] } },
{ "type": "Feature", "properties": { "group_id": "N1g4-241", "n_parks": 2, "extent_km": 0.334, "max_walk_m": 138.6, "park_area_acres": 5.91, "hull_area_acres": 11.08, "boroughs": "M", "members": "De Witt Clinton Park; Oasis Garden" }, "geometry": { "type": "Polygon", "coordinates": [ [ [ -73.991202627730303, 40.766158201035786 ], [ -73.991376211081473, 40.76623120629948 ], [ -73.995556011795401, 40.767999567081858 ], [ -73.994741720858869, 40.769109768094218 ], [ -73.993022955812975, 40.768382997524483 ], [ -73.991106225383248, 40.766432643788747 ], [ -73.991071646522315, 40.766338365568529 ], [ -73.991202627730303, 40.766158201035786 ] ] ] } },
{ "type": "Feature", "properties": { "group_id": "N1g4-242", "n_parks": 2, "extent_km": 0.487, "max_walk_m": 406.1, "park_area_acres": 1.56, "hull_area_acres": 28.73, "boroughs": "M", "members": "Park Avenue Malls (3/8); Ruppert Park" }, "geometry": { "type": "Polygon", "coordinates": [ [ [ -73.949977340226809, 40.780570429290165 ], [ -73.956321402100556, 40.781320672351164 ], [ -73.956393047794634, 40.781350918538571 ], [ -73.956235943081751, 40.78157124280861 ], [ -73.954510513334014, 40.783934438447638 ], [ -73.954185346940974, 40.784374096453192 ], [ -73.954112359121297, 40.78434332791732 ], [ -73.94961646122033, 40.78106290610377 ], [ -73.949977340226809, 40.780570429290165 ] ] ] } },
{ "type": "Feature", "properties": { "group_id": "N1g4-243", "n_parks": 2, "extent_km": 0.695, "max_walk_m": 627.3, "park_area_acres": 1.96, "hull_area_acres": 40.32, "boroughs": "M", "members": "Park Avenue Malls (7/8); St. Catherine's Park" }, "geometry": { "type": "Polygon", "coordinates": [ [ [ -73.958419581659186, 40.764748243808633 ], [ -73.967615662150564, 40.765839365470818 ], [ -73.967688677611861, 40.765870172360103 ], [ -73.967505398619153, 40.766125004218139 ], [ -73.966237687945707, 40.767864528302191 ], [ -73.965678201814399, 40.768630710496758 ], [ -73.965546116610668, 40.768810808848038 ], [ -73.965471564674928, 40.768779407068877 ], [ -73.958064888964842, 40.765236660338623 ], [ -73.958419581659186, 40.764748243808633 ] ] ] } },
{ "type": "Feature", "properties": { "group_id": "N1g4-244", "n_parks": 2, "extent_km": 0.209, "max_walk_m": 145.6, "park_area_acres": 1.44, "hull_area_acres": 12.08, "boroughs": "M", "members": "Park Avenue Malls (8/8); Samuel Seabury Playground" }, "geometry": { "type": "Polygon", "coordinates": [ [ [ -73.954112359121297, 40.78434332791732 ], [ -73.954185346940974, 40.784374096453192 ], [ -73.95219545029461, 40.787210448243385 ], [ -73.952193396327033, 40.787213166004214 ], [ -73.952190783360919, 40.787215589069277 ], [ -73.952187682528148, 40.787217653532423 ], [ -73.95218417680249, 40.78721930359702 ], [ -73.952180362183682, 40.787220492476756 ], [ -73.95217634295328, 40.787221189597872 ], [ -73.952172228124127, 40.787221375194584 ], [ -73.952168127882885, 40.787221044810003 ], [ -73.95216415477654, 40.787220206595457 ], [ -73.952160417786999, 40.787218884009214 ], [ -73.952025084315707, 40.787161210990995 ], [ -73.952020124627794, 40.787158280496676 ], [ -73.952015884519284, 40.787154758672557 ], [ -73.950377582458628, 40.785478707579323 ], [ -73.95073679357202, 40.784988276636014 ], [ -73.954112359121297, 40.78434332791732 ] ] ] } },
{ "type": "Feature", "properties": { "group_id": "N1g4-245", "n_parks": 2, "extent_km": 0.2, "max_walk_m": 112.1, "park_area_acres": 1.76, "hull_area_acres": 3.15, "boroughs": "M", "members": "Luther Gulick Park; Sidney Hillman Playground" }, "geometry": { "type": "Polygon", "coordinates": [ [ [ -73.979639187411152, 40.714989486477066 ], [ -73.979875031621233, 40.715060923108595 ], [ -73.98121798902919, 40.715468637259825 ], [ -73.982697546499622, 40.715918897335193 ], [ -73.982499670925321, 40.716299007003727 ], [ -73.981017389373477, 40.715851736355596 ], [ -73.979439419481977, 40.715375560983681 ], [ -73.979639187411152, 40.714989486477066 ] ] ] } },
{ "type": "Feature", "properties": { "group_id": "N1g4-246", "n_parks": 2, "extent_km": 0.14, "max_walk_m": 56.9, "park_area_acres": 1.66, "hull_area_acres": 3.67, "boroughs": "M", "members": "Roger Morris Park; Morris-Jumel Ecological Education Garden" }, "geometry": { "type": "Polygon", "coordinates": [ [ [ -73.938537339787857, 40.833962835176614 ], [ -73.939086403336603, 40.834192704812075 ], [ -73.939277779319141, 40.835654771610216 ], [ -73.939074948971253, 40.835927899765558 ], [ -73.939008603969398, 40.835899941279287 ], [ -73.938954884695789, 40.835877302353062 ], [ -73.937924960410399, 40.834839069076025 ], [ -73.938110976441152, 40.834418319442079 ], [ -73.938146490864554, 40.83435249074796 ], [ -73.938187666075393, 40.834290928916928 ], [ -73.938224293985186, 40.834245155703698 ], [ -73.938263956264038, 40.834200164831373 ], [ -73.93831667659839, 40.834150189489591 ], [ -73.938537339787857, 40.833962835176614 ] ] ] } },
{ "type": "Feature", "properties": { "group_id": "N1g4-247", "n_parks": 2, "extent_km": 0.535, "max_walk_m": 439.6, "park_area_acres": 3.14, "hull_area_acres": 19.38, "boroughs": "M", "members": "St. Vartan Park; Vincent F. Albano Jr. Playground" }, "geometry": { "type": "Polygon", "coordinates": [ [ [ -73.978266510097484, 40.741769413811731 ], [ -73.978828267048073, 40.742006132075502 ], [ -73.978703909497696, 40.742272869938745 ], [ -73.974846072013094, 40.745929153497713 ], [ -73.974287050726289, 40.745694077091144 ], [ -73.972783083921058, 40.74506161460021 ], [ -73.973129156702996, 40.744586144588418 ], [ -73.978266510097484, 40.741769413811731 ] ] ] } },
{ "type": "Feature", "properties": { "group_id": "N1g4-248", "n_parks": 2, "extent_km": 0.184, "max_walk_m": 85.1, "park_area_acres": 3.38, "hull_area_acres": 25.46, "boroughs": "M", "members": "Sakura Park; Broadway Malls" }, "geometry": { "type": "Polygon", "coordinates": [ [ [ -73.966628517644878, 40.804237992068344 ], [ -73.966637519012764, 40.804238834838941 ], [ -73.966647494538506, 40.80424198226666 ], [ -73.966658100171912, 40.804248195173116 ], [ -73.966664893536048, 40.804256576277375 ], [ -73.966667281930441, 40.804262721070103 ], [ -73.966668196583626, 40.804270262109981 ], [ -73.966664516224938, 40.804281155278034 ], [ -73.962789761669683, 40.812659559468266 ], [ -73.961998886102194, 40.813744721377731 ], [ -73.961367323394086, 40.813478851281502 ], [ -73.961099716718991, 40.811744614869681 ], [ -73.961099905837514, 40.81173941095809 ], [ -73.96110101437101, 40.811734725142806 ], [ -73.961102839714798, 40.811730445693762 ], [ -73.966603889998936, 40.804244131739985 ], [ -73.966610504300291, 40.804240919776369 ], [ -73.966621901260254, 40.804238271108375 ], [ -73.966628517644878, 40.804237992068344 ] ] ] } },
{ "type": "Feature", "properties": { "group_id": "N1g4-249", "n_parks": 2, "extent_km": 0.477, "max_walk_m": 535.3, "park_area_acres": 0.61, "hull_area_acres": 24.04, "boroughs": "M", "members": "Broadway Malls (1/11); W 87th Street Garden" }, "geometry": { "type": "Polygon", "coordinates": [ [ [ -73.978016597308496, 40.786455050023733 ], [ -73.97802459990065, 40.786456310450482 ], [ -73.978032585435315, 40.786458999068145 ], [ -73.978038404003357, 40.786461849362553 ], [ -73.978042612454729, 40.786464812813094 ], [ -73.978045894390448, 40.786467894052599 ], [ -73.978047328522891, 40.786469725945004 ], [ -73.978049044507713, 40.786471918992063 ], [ -73.978051347255814, 40.786476765027039 ], [ -73.978052119179608, 40.786478389678059 ], [ -73.978053278335139, 40.786484163011338 ], [ -73.978053203320258, 40.786488896030818 ], [ -73.978053202111468, 40.786488968971199 ], [ -73.978052091880841, 40.78649291565609 ], [ -73.977782410310269, 40.786850282764107 ], [ -73.977777787707439, 40.786856388170499 ], [ -73.977771192792588, 40.786865098345849 ], [ -73.977770902400621, 40.786865474699269 ], [ -73.977663458380462, 40.78700456242526 ], [ -73.977566002278365, 40.787123713099518 ], [ -73.975752570137828, 40.789277247404321 ], [ -73.97089786617407, 40.78724434004603 ], [ -73.970776275881136, 40.787193039253118 ], [ -73.970770617300303, 40.787190651490455 ], [ -73.970954606649229, 40.786938374013275 ], [ -73.978009653487149, 40.786454997370413 ], [ -73.978016597308496, 40.786455050023733 ] ] ] } },
{ "type": "Feature", "properties": { "group_id": "N1g4-250", "n_parks": 2, "extent_km": 0.132, "max_walk_m": 127.1, "park_area_acres": 0.61, "hull_area_acres": 6.88, "boroughs": "M", "members": "Adam Clayton Powell Jr. Malls (8/9); Robert L. Clinkscales Playground and Community Garden" }, "geometry": { "type": "Polygon", "coordinates": [ [ [ -73.939150160726612, 40.821511359157007 ], [ -73.939170586393473, 40.821519970645745 ], [ -73.940466435548757, 40.822695452522467 ], [ -73.940452539844784, 40.822714512450986 ], [ -73.940288789981921, 40.822939116844196 ], [ -73.937405493059558, 40.823955887569213 ], [ -73.937370589796288, 40.823941166612549 ], [ -73.937596261655244, 40.823630834438305 ], [ -73.937715402253531, 40.823467007688073 ], [ -73.938168492478241, 40.822846260476723 ], [ -73.938625122560325, 40.822222466931436 ], [ -73.93882744125294, 40.82194669843517 ], [ -73.939150160726612, 40.821511359157007 ] ] ] } },
{ "type": "Feature", "properties": { "group_id": "N1g4-251", "n_parks": 2, "extent_km": 0.695, "max_walk_m": 651.8, "park_area_acres": 2.02, "hull_area_acres": 13.39, "boroughs": "M", "members": "White Playground; East River Playground" }, "geometry": { "type": "Polygon", "coordinates": [ [ [ -73.937873923489519, 40.788851763662301 ], [ -73.945913250866198, 40.791293175166174 ], [ -73.94630016458683, 40.791456678970093 ], [ -73.946160647735056, 40.791788378986737 ], [ -73.946017844453436, 40.791984951781352 ], [ -73.938457312964204, 40.789745774274635 ], [ -73.937674705532828, 40.789415409306734 ], [ -73.937628188298007, 40.789395771232932 ], [ -73.937873923489519, 40.788851763662301 ] ] ] } },
{ "type": "Feature", "properties": { "group_id": "N1g4-252", "n_parks": 2, "extent_km": 0.275, "max_walk_m": 242.4, "park_area_acres": 0.56, "hull_area_acres": 4.57, "boroughs": "M", "members": "Peck Slip; Imagination Playground" }, "geometry": { "type": "Polygon", "coordinates": [ [ [ -74.003882845888185, 40.705878348724085 ], [ -74.004491144989061, 40.706420658670268 ], [ -74.004324001828039, 40.706529233418102 ], [ -74.001465795775616, 40.707782712503466 ], [ -74.001150163455975, 40.707462627583894 ], [ -74.003882845888185, 40.705878348724085 ] ] ] } },
{ "type": "Feature", "properties": { "group_id": "N1g4-253", "n_parks": 2, "extent_km": 0.211, "max_walk_m": 129.1, "park_area_acres": 0.36, "hull_area_acres": 1.63, "boroughs": "M", "members": "Petrosino Square; Rapkin-Gayle Plaza" }, "geometry": { "type": "Polygon", "coordinates": [ [ [ -73.999113452810022, 40.720165126032533 ], [ -73.999426702335725, 40.720316015621364 ], [ -73.999169979416166, 40.720619636198606 ], [ -73.997356997440832, 40.721886015272197 ], [ -73.997351763417782, 40.72188903996333 ], [ -73.997344703248388, 40.721888113176412 ], [ -73.997340870933073, 40.721883126066395 ], [ -73.99734095395543, 40.72187886575793 ], [ -73.997436360940327, 40.721598874300859 ], [ -73.997442139493501, 40.721593227334168 ], [ -73.999113452810022, 40.720165126032533 ] ] ] } },
{ "type": "Feature", "properties": { "group_id": "N1g4-254", "n_parks": 2, "extent_km": 0.467, "max_walk_m": 201.5, "park_area_acres": 16.44, "hull_area_acres": 30.32, "boroughs": "M", "members": "Monsignor Kett Playground; Sherman Creek" }, "geometry": { "type": "Polygon", "coordinates": [ [ [ -73.92219564229157, 40.855747318283214 ], [ -73.922490015318914, 40.855887638251026 ], [ -73.922590956914036, 40.857703877422814 ], [ -73.92244112504855, 40.859381329705641 ], [ -73.921437864638719, 40.862619155331757 ], [ -73.92064214897637, 40.862911692381701 ], [ -73.920473767353201, 40.862647387983721 ], [ -73.919491494295727, 40.858773295195711 ], [ -73.92219564229157, 40.855747318283214 ] ] ] } },
{ "type": "Feature", "properties": { "group_id": "N1g4-255", "n_parks": 2, "extent_km": 0.275, "max_walk_m": 330.7, "park_area_acres": 1.95, "hull_area_acres": 7.52, "boroughs": "M", "members": "Blake Hobbs Playground; Cherry Tree Park" }, "geometry": { "type": "Polygon", "coordinates": [ [ [ -73.947062921818642, 40.786858849297658 ], [ -73.947704519136465, 40.787129240334778 ], [ -73.947346663964098, 40.787619550637068 ], [ -73.943974158535738, 40.789404351843409 ], [ -73.94364304666648, 40.78926447950343 ], [ -73.944066165717047, 40.788690887348054 ], [ -73.944422605371855, 40.788207680763527 ], [ -73.947062921818642, 40.786858849297658 ] ] ] } },
{ "type": "Feature", "properties": { "group_id": "N1g4-256", "n_parks": 2, "extent_km": 0.195, "max_walk_m": 92.4, "park_area_acres": 3.4, "hull_area_acres": 5.62, "boroughs": "M", "members": "Frederick Douglass Playground; Happy Warrior Playground" }, "geometry": { "type": "Polygon", "coordinates": [ [ [ -73.968600757326698, 40.794952260771147 ], [ -73.968986180750889, 40.795114913462854 ], [ -73.96921347103364, 40.795375907748223 ], [ -73.968899764064417, 40.795805242192884 ], [ -73.967465817721745, 40.797745680738416 ], [ -73.966842756528379, 40.797482435754681 ], [ -73.967906019948686, 40.795649103165168 ], [ -73.967992486937419, 40.795528245909253 ], [ -73.968600757326698, 40.794952260771147 ] ] ] } },
{ "type": "Feature", "properties": { "group_id": "N1g4-257", "n_parks": 2, "extent_km": 0.232, "max_walk_m": 190.7, "park_area_acres": 1.68, "hull_area_acres": 4.96, "boroughs": "M", "members": "Poor Richard's Playground; Neighbors Of Vega Baja" }, "geometry": { "type": "Polygon", "coordinates": [ [ [ -73.94029353926409, 40.791842605946037 ], [ -73.941692191510072, 40.791920625465174 ], [ -73.943461053265693, 40.792670654674943 ], [ -73.943618488862953, 40.792737408446229 ], [ -73.943227007118921, 40.793273601112169 ], [ -73.943192978347781, 40.793317059600071 ], [ -73.94319197216295, 40.793317323851241 ], [ -73.940202113684549, 40.792122522356948 ], [ -73.940104384969118, 40.79208120707743 ], [ -73.940264220879556, 40.791861619231284 ], [ -73.94029353926409, 40.791842605946037 ] ] ] } },
{ "type": "Feature", "properties": { "group_id": "N1g4-258", "n_parks": 2, "extent_km": 0.277, "max_walk_m": 300.3, "park_area_acres": 0.61, "hull_area_acres": 3.79, "boroughs": "M", "members": "McKinley Playground; Hope Garden" }, "geometry": { "type": "Polygon", "coordinates": [ [ [ -73.984252155646487, 40.721935560163374 ], [ -73.984309873196722, 40.721959955641566 ], [ -73.986145193550371, 40.724102144495603 ], [ -73.985975047254342, 40.724337100970651 ], [ -73.985803367660978, 40.72457417229392 ], [ -73.985408945762231, 40.724407824154099 ], [ -73.984060151657928, 40.722195256886238 ], [ -73.984252155646487, 40.721935560163374 ] ] ] } },
{ "type": "Feature", "properties": { "group_id": "N1g4-259", "n_parks": 2, "extent_km": 0.291, "max_walk_m": 77.8, "park_area_acres": 5.44, "hull_area_acres": 22.31, "boroughs": "M", "members": "Battery Park City (4/4); Battery Park City" }, "geometry": { "type": "Polygon", "coordinates": [ [ [ -74.017558337240445, 40.707642345655941 ], [ -74.018243004412554, 40.707721778975781 ], [ -74.018899192012626, 40.70800552193333 ], [ -74.018049662538019, 40.711521473629894 ], [ -74.017720170275325, 40.71222180074669 ], [ -74.016811851827285, 40.712076779161599 ], [ -74.016363835281737, 40.711998576731816 ], [ -74.015970654061974, 40.711827023426359 ], [ -74.016016250762434, 40.709105297709591 ], [ -74.016107635462276, 40.708863196069849 ], [ -74.017558337240445, 40.707642345655941 ] ] ] } },
{ "type": "Feature", "properties": { "group_id": "N1g4-260", "n_parks": 2, "extent_km": 0.016, "max_walk_m": 0.0, "park_area_acres": 0.3, "hull_area_acres": 0.3, "boroughs": "M", "members": "Merchant's House Museum; Manuel Plaza" }, "geometry": { "type": "Polygon", "coordinates": [ [ [ -73.992140626534706, 40.727462708001404 ], [ -73.992438202699049, 40.727608949846363 ], [ -73.992180688298461, 40.727912653545687 ], [ -73.99187934177678, 40.727771615716172 ], [ -73.992140626534706, 40.727462708001404 ] ] ] } },
{ "type": "Feature", "properties": { "group_id": "N1g4-261", "n_parks": 2, "extent_km": 0.607, "max_walk_m": 587.8, "park_area_acres": 0.27, "hull_area_acres": 3.64, "boroughs": "M", "members": "Old Croton Aqueduct Gatehouse; West 111th St. People's Garden" }, "geometry": { "type": "Polygon", "coordinates": [ [ [ -73.9634957798296, 40.803755808931903 ], [ -73.963703019388731, 40.803843462276696 ], [ -73.963647789830006, 40.804023028623597 ], [ -73.959555359792219, 40.808627989189205 ], [ -73.95938348156362, 40.808555751145121 ], [ -73.959609535423297, 40.80824692191193 ], [ -73.9634957798296, 40.803755808931903 ] ] ] } },
{ "type": "Feature", "properties": { "group_id": "N1g4-262", "n_parks": 2, "extent_km": 0.914, "max_walk_m": 785.3, "park_area_acres": 7.14, "hull_area_acres": 43.13, "boroughs": "Q", "members": "Grover Cleveland Playground; Rosemary's Playground" }, "geometry": { "type": "Polygon", "coordinates": [ [ [ -73.904147364029939, 40.704084629784631 ], [ -73.904339051062721, 40.704196797653275 ], [ -73.904720233599193, 40.704420048196781 ], [ -73.912277989274529, 40.710463012504448 ], [ -73.912264178815803, 40.710524260161961 ], [ -73.91089812657377, 40.711957745123946 ], [ -73.910412023073832, 40.711677963548595 ], [ -73.910386665761493, 40.711657770560286 ], [ -73.903179825553792, 40.705037117429143 ], [ -73.903934338225866, 40.704294344461537 ], [ -73.904147364029939, 40.704084629784631 ] ] ] } },
{ "type": "Feature", "properties": { "group_id": "N1g4-263", "n_parks": 2, "extent_km": 0.735, "max_walk_m": 608.4, "park_area_acres": 11.85, "hull_area_acres": 39.05, "boroughs": "Q", "members": "Bowne Park; Leonard Square" }, "geometry": { "type": "Polygon", "coordinates": [ [ [ -73.809992680176009, 40.764058787094079 ], [ -73.809988910488698, 40.764215667973112 ], [ -73.80896328634573, 40.771485844936109 ], [ -73.805479897790065, 40.771010440219143 ], [ -73.805667529483614, 40.769659035943363 ], [ -73.809544016929451, 40.764074996495125 ], [ -73.809992680176009, 40.764058787094079 ] ] ] } },
{ "type": "Feature", "properties": { "group_id": "N1g4-264", "n_parks": 2, "extent_km": 0.326, "max_walk_m": 71.8, "park_area_acres": 40.21, "hull_area_acres": 63.2, "boroughs": "Q", "members": "Bayswater Park; Garden" }, "geometry": { "type": "Polygon", "coordinates": [ [ [ -73.7676109756285, 40.596630864645952 ], [ -73.77113225982589, 40.597422493745817 ], [ -73.773242964040094, 40.598806675579276 ], [ -73.773262412596281, 40.598849846417259 ], [ -73.771751190614779, 40.603069057529076 ], [ -73.770682420665437, 40.6029345717008 ], [ -73.76835000131571, 40.601137246458762 ], [ -73.766953084763117, 40.599704669759497 ], [ -73.766914932594617, 40.599662988108534 ], [ -73.766877848366121, 40.599614914879972 ], [ -73.766833239796838, 40.599556971922645 ], [ -73.766206314719142, 40.59874261281918 ], [ -73.767495287633167, 40.596687994130086 ], [ -73.767530294472166, 40.5966350924257 ], [ -73.7676109756285, 40.596630864645952 ] ] ] } },
{ "type": "Feature", "properties": { "group_id": "N1g4-265", "n_parks": 2, "extent_km": 0.345, "max_walk_m": 289.3, "park_area_acres": 0.23, "hull_area_acres": 2.07, "boroughs": "Q", "members": "Gordon Triangle; LIC Pier" }, "geometry": { "type": "Polygon", "coordinates": [ [ [ -73.952026299125279, 40.748618978268759 ], [ -73.95208815204731, 40.748630351293713 ], [ -73.956203855884795, 40.749679766527848 ], [ -73.956098496079392, 40.749771147600796 ], [ -73.955596273566471, 40.749679228634029 ], [ -73.951824173751817, 40.748858677112089 ], [ -73.952026299125279, 40.748618978268759 ] ] ] } },
{ "type": "Feature", "properties": { "group_id": "N1g4-266", "n_parks": 2, "extent_km": 0.45, "max_walk_m": 110.3, "park_area_acres": 8.71, "hull_area_acres": 18.49, "boroughs": "Q", "members": "Laurelton Parkway (5/8); Laurelton Playground" }, "geometry": { "type": "Polygon", "coordinates": [ [ [ -73.73697849124305, 40.66906647826881 ], [ -73.737349456043646, 40.669196727762852 ], [ -73.736188453749648, 40.672488328906191 ], [ -73.736145996101257, 40.672545096630103 ], [ -73.734944676563913, 40.674089412815889 ], [ -73.73435272564933, 40.674797510034317 ], [ -73.733650998178462, 40.674466735154098 ], [ -73.733041586635565, 40.674179469372191 ], [ -73.736091095779457, 40.669986531215315 ], [ -73.73697849124305, 40.66906647826881 ] ] ] } },
{ "type": "Feature", "properties": { "group_id": "N1g4-267", "n_parks": 2, "extent_km": 1.098, "max_walk_m": 783.6, "park_area_acres": 20.91, "hull_area_acres": 79.62, "boroughs": "Q", "members": "Rafferty Triangle; Queensbridge Park" }, "geometry": { "type": "Polygon", "coordinates": [ [ [ -73.943158071289332, 40.747408704980174 ], [ -73.943527364941275, 40.747482923578133 ], [ -73.950667693202789, 40.755478969402013 ], [ -73.948374266360418, 40.758290025206939 ], [ -73.946525509299533, 40.757291896755383 ], [ -73.943794963358997, 40.752785702856805 ], [ -73.943158071289332, 40.747408704980174 ] ] ] } },
{ "type": "Feature", "properties": { "group_id": "N1g4-268", "n_parks": 2, "extent_km": 0.886, "max_walk_m": 619.4, "park_area_acres": 59.66, "hull_area_acres": 124.38, "boroughs": "Q", "members": "Poppenhusen Park; Powell's Cove Park" }, "geometry": { "type": "Polygon", "coordinates": [ [ [ -73.845772564696574, 40.787651355629556 ], [ -73.845933932926926, 40.787968573475474 ], [ -73.838367590604079, 40.792713466532625 ], [ -73.838096907225619, 40.792860853554672 ], [ -73.836938779663157, 40.793232712119718 ], [ -73.835211698055076, 40.793653231381107 ], [ -73.834029416169329, 40.792985663505476 ], [ -73.831741345435162, 40.790546282825609 ], [ -73.831092722169686, 40.789221268868729 ], [ -73.831062346122891, 40.789149372362999 ], [ -73.83103645652541, 40.789034240301064 ], [ -73.830965260571887, 40.78868053652026 ], [ -73.830961708341221, 40.788662888666479 ], [ -73.830924848802823, 40.788479762449619 ], [ -73.830923217493748, 40.788466174175696 ], [ -73.830925144352122, 40.788455290827976 ], [ -73.830930477413418, 40.788443968529371 ], [ -73.830938294051151, 40.788434411256532 ], [ -73.830949315636659, 40.788425751082102 ], [ -73.83096157746381, 40.788419515077393 ], [ -73.831509814739405, 40.788233019656452 ], [ -73.832360916271057, 40.788098326320572 ], [ -73.833913322128225, 40.78785263047623 ], [ -73.834544571318304, 40.787752718177238 ], [ -73.845772564696574, 40.787651355629556 ] ] ] } },
{ "type": "Feature", "properties": { "group_id": "N1g4-269", "n_parks": 2, "extent_km": 0.701, "max_walk_m": 597.8, "park_area_acres": 3.15, "hull_area_acres": 22.6, "boroughs": "Q", "members": "L/CPL Thomas P. Noonan Jr. Playground; Torsney Playground" }, "geometry": { "type": "Polygon", "coordinates": [ [ [ -73.922888671347962, 40.740603275031049 ], [ -73.922865639922961, 40.747221116884731 ], [ -73.922808131503388, 40.747512362544306 ], [ -73.921096942673827, 40.747859501876832 ], [ -73.920747279493625, 40.747821526084138 ], [ -73.92091175079527, 40.746993935729229 ], [ -73.922041378302552, 40.741404050898765 ], [ -73.922137907190987, 40.740933928839368 ], [ -73.922888671347962, 40.740603275031049 ] ] ] } },
{ "type": "Feature", "properties": { "group_id": "N1g4-270", "n_parks": 2, "extent_km": 0.446, "max_walk_m": 202.3, "park_area_acres": 15.99, "hull_area_acres": 31.76, "boroughs": "Q", "members": "Rainey Park; Socrates Sculpture Park" }, "geometry": { "type": "Polygon", "coordinates": [ [ [ -73.940703149132801, 40.765071640837029 ], [ -73.942549406833493, 40.765731969533363 ], [ -73.941773034839144, 40.766644429727769 ], [ -73.94066361610831, 40.767473677175914 ], [ -73.935607816820109, 40.770087342767908 ], [ -73.935006811133405, 40.769836126822497 ], [ -73.936065938408902, 40.767849253641756 ], [ -73.940703149132801, 40.765071640837029 ] ] ] } },
{ "type": "Feature", "properties": { "group_id": "N1g4-271", "n_parks": 2, "extent_km": 0.397, "max_walk_m": 188.3, "park_area_acres": 11.36, "hull_area_acres": 29.27, "boroughs": "Q", "members": "Archie Spigner Park; Brinkerhoff Mall" }, "geometry": { "type": "Polygon", "coordinates": [ [ [ -73.781113912695886, 40.6917101249079 ], [ -73.781535976247085, 40.692285034535061 ], [ -73.782529574342902, 40.69599260355541 ], [ -73.782288411591097, 40.69609594010511 ], [ -73.777920132728539, 40.694322220561595 ], [ -73.777892034317929, 40.694210141291677 ], [ -73.777535795822956, 40.692789121091394 ], [ -73.778369151503227, 40.692529117443911 ], [ -73.779418033686895, 40.692201859011774 ], [ -73.78048883687012, 40.691869734034675 ], [ -73.781113912695886, 40.6917101249079 ] ] ] } },
{ "type": "Feature", "properties": { "group_id": "N1g4-272", "n_parks": 2, "extent_km": 0.063, "max_walk_m": 32.1, "park_area_acres": 0.02, "hull_area_acres": 0.15, "boroughs": "Q", "members": "Clemens Triangle; Myrtle Avenue Clemens Triangle" }, "geometry": { "type": "Polygon", "coordinates": [ [ [ -73.905890646620946, 40.700034858567946 ], [ -73.906714452367751, 40.700150981221775 ], [ -73.906632047705145, 40.700231584121539 ], [ -73.905830032936635, 40.700092506634434 ], [ -73.905890646620946, 40.700034858567946 ] ] ] } },
{ "type": "Feature", "properties": { "group_id": "N1g4-273", "n_parks": 2, "extent_km": 0.152, "max_walk_m": 109.1, "park_area_acres": 0.04, "hull_area_acres": 0.35, "boroughs": "Q", "members": "Dunningham Triangle; Manuel De Dios Unanue Triangle" }, "geometry": { "type": "Polygon", "coordinates": [ [ [ -73.883603838248774, 40.746296985638821 ], [ -73.8836208922461, 40.746372068254452 ], [ -73.882875334479365, 40.747652382095595 ], [ -73.882702849650116, 40.74766640756652 ], [ -73.883603838248774, 40.746296985638821 ] ] ] } },
{ "type": "Feature", "properties": { "group_id": "N1g4-274", "n_parks": 2, "extent_km": 0.15, "max_walk_m": 37.3, "park_area_acres": 1.96, "hull_area_acres": 4.77, "boroughs": "Q", "members": "Triborough Bridge Playground B; Sitting Area" }, "geometry": { "type": "Polygon", "coordinates": [ [ [ -73.922820495946723, 40.77414159906948 ], [ -73.923715887296112, 40.774634430121871 ], [ -73.92354760509636, 40.776575238254594 ], [ -73.922600566486778, 40.775903097464131 ], [ -73.922509560216284, 40.774416564320205 ], [ -73.922820495946723, 40.77414159906948 ] ] ] } },
{ "type": "Feature", "properties": { "group_id": "N1g4-275", "n_parks": 2, "extent_km": 0.126, "max_walk_m": 9.3, "park_area_acres": 1.13, "hull_area_acres": 2.53, "boroughs": "Q", "members": "Triborough Bridge Playground C; Chappetto Square" }, "geometry": { "type": "Polygon", "coordinates": [ [ [ -73.922106517093525, 40.773689463167976 ], [ -73.922623065688484, 40.774062361062782 ], [ -73.922851187221781, 40.77535016043295 ], [ -73.922725995977601, 40.775449393016046 ], [ -73.92192580261036, 40.774877246739337 ], [ -73.921849280281137, 40.773887540163841 ], [ -73.922106517093525, 40.773689463167976 ] ] ] } },
{ "type": "Feature", "properties": { "group_id": "N1g4-276", "n_parks": 2, "extent_km": 0.165, "max_walk_m": 61.6, "park_area_acres": 2.4, "hull_area_acres": 4.82, "boroughs": "Q", "members": "Hoyt Playground; Columbus Square" }, "geometry": { "type": "Polygon", "coordinates": [ [ [ -73.917419467197391, 40.769999652478148 ], [ -73.917424040274412, 40.769999754811103 ], [ -73.917496178500883, 40.770014246066133 ], [ -73.917828820669399, 40.770081085932674 ], [ -73.918022577597696, 40.771534865512294 ], [ -73.91722220984586, 40.772191063798211 ], [ -73.916722411966703, 40.771879819241406 ], [ -73.916394218727277, 40.771649162536413 ], [ -73.917397338747335, 40.77001043905873 ], [ -73.917399815528867, 40.770007515097745 ], [ -73.91740291251601, 40.770004955384813 ], [ -73.917406538412664, 40.770002834596234 ], [ -73.917410586540356, 40.770001214790298 ], [ -73.917414938394003, 40.770000143608669 ], [ -73.917419467197391, 40.769999652478148 ] ] ] } },
{ "type": "Feature", "properties": { "group_id": "N1g4-277", "n_parks": 2, "extent_km": 0.352, "max_walk_m": 279.3, "park_area_acres": 1.16, "hull_area_acres": 3.88, "boroughs": "Q", "members": "Glendale Veterans Triangle; \"Uncle\" Vito F. Maranzano Glendale Playground" }, "geometry": { "type": "Polygon", "coordinates": [ [ [ -73.880873628577902, 40.70181571883758 ], [ -73.880894833951331, 40.701862546731618 ], [ -73.882236650259216, 40.70517741625288 ], [ -73.881545640887865, 40.705341374896953 ], [ -73.881277752056334, 40.704686167993927 ], [ -73.88077891196528, 40.701870527730271 ], [ -73.880873628577902, 40.70181571883758 ] ] ] } },
{ "type": "Feature", "properties": { "group_id": "N1g4-278", "n_parks": 2, "extent_km": 0.866, "max_walk_m": 790.5, "park_area_acres": 0.23, "hull_area_acres": 6.27, "boroughs": "Q", "members": "Veterans Plaza; Jackson Mill Green" }, "geometry": { "type": "Polygon", "coordinates": [ [ [ -73.874659947389219, 40.758705451232224 ], [ -73.875166211024819, 40.758721656239707 ], [ -73.875888452440364, 40.766867959960315 ], [ -73.875866599764123, 40.766870709071782 ], [ -73.875626963831991, 40.766179922016661 ], [ -73.874659947389219, 40.758705451232224 ] ] ] } },
{ "type": "Feature", "properties": { "group_id": "N1g4-279", "n_parks": 2, "extent_km": 0.194, "max_walk_m": 166.4, "park_area_acres": 8.49, "hull_area_acres": 27.8, "boroughs": "Q", "members": "Flushing Fields; Hart Playground" }, "geometry": { "type": "Polygon", "coordinates": [ [ [ -73.817162532136265, 40.771583216830138 ], [ -73.819546663571529, 40.773867864157474 ], [ -73.819546788442977, 40.774399669098436 ], [ -73.81750123548737, 40.776273186319322 ], [ -73.815867312667464, 40.7759587161488 ], [ -73.81601990310142, 40.771614123264904 ], [ -73.817162532136265, 40.771583216830138 ] ] ] } },
{ "type": "Feature", "properties": { "group_id": "N1g4-280", "n_parks": 2, "extent_km": 0.441, "max_walk_m": 209.7, "park_area_acres": 10.76, "hull_area_acres": 24.15, "boroughs": "Q", "members": "Gemini Fields; Park" }, "geometry": { "type": "Polygon", "coordinates": [ [ [ -73.846763189066138, 40.669479794007671 ], [ -73.853789803072729, 40.670055744682898 ], [ -73.854053494879778, 40.670079048983908 ], [ -73.855761027520259, 40.670238109410001 ], [ -73.855759559579369, 40.672142459574289 ], [ -73.855677871237987, 40.672172496513866 ], [ -73.855592614296739, 40.672196091124398 ], [ -73.855504659784955, 40.672213002253017 ], [ -73.855414911705722, 40.672223056329479 ], [ -73.855324288103205, 40.672226150944603 ], [ -73.855233717516896, 40.672222253045042 ], [ -73.855144128324255, 40.672211404323093 ], [ -73.855056439290848, 40.672193714900949 ], [ -73.854971547736241, 40.672169366017265 ], [ -73.849547047821432, 40.670493815762747 ], [ -73.846714766262167, 40.669568504252062 ], [ -73.846763146309883, 40.669479872295689 ], [ -73.846763189066138, 40.669479794007671 ] ] ] } },
{ "type": "Feature", "properties": { "group_id": "N1g4-281", "n_parks": 2, "extent_km": 0.25, "max_walk_m": 82.6, "park_area_acres": 5.91, "hull_area_acres": 9.89, "boroughs": "Q", "members": "Locust Grove Civic Triangle; Southern Fields" }, "geometry": { "type": "Polygon", "coordinates": [ [ [ -73.824368452220924, 40.665336021889019 ], [ -73.826436098837959, 40.665365917151632 ], [ -73.828000595105266, 40.665446603004405 ], [ -73.828050619680823, 40.665452436598869 ], [ -73.828098820835962, 40.665464177544187 ], [ -73.828144003714073, 40.665481535891878 ], [ -73.828185047140877, 40.665504080424007 ], [ -73.828220933153247, 40.665531252204509 ], [ -73.828250770616449, 40.665562378121543 ], [ -73.828273821206196, 40.665596684433488 ], [ -73.828288689474306, 40.665631399969783 ], [ -73.828293945670453, 40.665654565526545 ], [ -73.828297453762715, 40.665671380725136 ], [ -73.828297450898575, 40.665709246586239 ], [ -73.828297450356516, 40.66570991657052 ], [ -73.828289501032458, 40.665747974087409 ], [ -73.828270091864198, 40.665788913262922 ], [ -73.828243660445452, 40.665827506007993 ], [ -73.828210680422856, 40.665863056024584 ], [ -73.828171748290217, 40.665894924830496 ], [ -73.828127562089961, 40.665922536230909 ], [ -73.828078918999893, 40.665945395225975 ], [ -73.8280266952234, 40.665963089782352 ], [ -73.823533304661765, 40.66648465536769 ], [ -73.822409451235359, 40.666192110937565 ], [ -73.822414120054589, 40.666162410966976 ], [ -73.824368452220924, 40.665336021889019 ] ] ] } },
{ "type": "Feature", "properties": { "group_id": "N1g4-282", "n_parks": 2, "extent_km": 0.491, "max_walk_m": 364.1, "park_area_acres": 5.49, "hull_area_acres": 14.92, "boroughs": "Q", "members": "Phil \"Scooter\" Rizzuto Park; Lt. Frank McConnell Park" }, "geometry": { "type": "Polygon", "coordinates": [ [ [ -73.827683577834819, 40.693834154351308 ], [ -73.827749091604687, 40.693856495133957 ], [ -73.827774025580737, 40.693909193639243 ], [ -73.827737537781957, 40.693959360724726 ], [ -73.821125559815457, 40.69565782110859 ], [ -73.820507930758893, 40.694399759222918 ], [ -73.820493304793445, 40.69436996539774 ], [ -73.821297855070469, 40.694141042338671 ], [ -73.822048440913449, 40.69392746865082 ], [ -73.827683577834819, 40.693834154351308 ] ] ] } },
{ "type": "Feature", "properties": { "group_id": "N1g4-283", "n_parks": 2, "extent_km": 0.331, "max_walk_m": 197.9, "park_area_acres": 14.97, "hull_area_acres": 71.53, "boroughs": "Q", "members": "Motor Parkway; Telephone Playground" }, "geometry": { "type": "Polygon", "coordinates": [ [ [ -73.762557107152745, 40.735162622070717 ], [ -73.762599872660658, 40.735454947718402 ], [ -73.762602904493946, 40.735476548225215 ], [ -73.762603468934486, 40.735498550676525 ], [ -73.762602729964044, 40.735520550440796 ], [ -73.762600691293216, 40.735542502500088 ], [ -73.762597355442495, 40.73556436363512 ], [ -73.762592728496628, 40.735586087031578 ], [ -73.762586822440468, 40.735607631290605 ], [ -73.762579645726547, 40.735628949602898 ], [ -73.762571216255793, 40.735650001482028 ], [ -73.762561548387353, 40.735670743732868 ], [ -73.762550662396308, 40.735691134072901 ], [ -73.762538582106387, 40.735711131127346 ], [ -73.762525331341251, 40.735730693521447 ], [ -73.762510935098959, 40.735749782584456 ], [ -73.762495424300056, 40.735768358757198 ], [ -73.762478829849215, 40.73578638698303 ], [ -73.762461185034965, 40.735803827707642 ], [ -73.762442526678271, 40.735820646787126 ], [ -73.762414267749392, 40.735843295776988 ], [ -73.757076574578576, 40.738675025542136 ], [ -73.756396844228945, 40.738861901873321 ], [ -73.743647279149357, 40.738943899871671 ], [ -73.743564342529396, 40.738842370792035 ], [ -73.743466452836969, 40.738722533367351 ], [ -73.743506027695616, 40.738709227310558 ], [ -73.743541771146909, 40.73869814237402 ], [ -73.743578316010257, 40.738687694071253 ], [ -73.743616598359722, 40.738677678268367 ], [ -73.743655923440002, 40.73866835096333 ], [ -73.743694760262713, 40.738660070753376 ], [ -73.756417456206606, 40.736029241182123 ], [ -73.756445468248913, 40.736023866744176 ], [ -73.756473619568808, 40.73601892934191 ], [ -73.756501897134626, 40.736014431649238 ], [ -73.756530291476082, 40.736010373645911 ], [ -73.762557107152745, 40.735162622070717 ] ] ] } },
{ "type": "Feature", "properties": { "group_id": "N1g4-284", "n_parks": 2, "extent_km": 0.783, "max_walk_m": 744.1, "park_area_acres": 0.04, "hull_area_acres": 2.39, "boroughs": "Q", "members": "Jacob Riis Triangle; Metro Triangle" }, "geometry": { "type": "Polygon", "coordinates": [ [ [ -73.834854132109086, 40.701897232147253 ], [ -73.83506275882155, 40.701985089119233 ], [ -73.826302454854257, 40.704445880498845 ], [ -73.826141364064483, 40.704402379334574 ], [ -73.834854132109086, 40.701897232147253 ] ] ] } },
{ "type": "Feature", "properties": { "group_id": "N1g4-285", "n_parks": 2, "extent_km": 0.356, "max_walk_m": 314.7, "park_area_acres": 1.32, "hull_area_acres": 8.09, "boroughs": "Q", "members": "Ruoff Triangle; Ampere Playground" }, "geometry": { "type": "Polygon", "coordinates": [ [ [ -73.857008339540968, 40.681245638923308 ], [ -73.857215184960495, 40.681665447701192 ], [ -73.857499422196213, 40.682242320773305 ], [ -73.857585724194038, 40.682417473380312 ], [ -73.856880384706329, 40.682557838659065 ], [ -73.852861720383117, 40.682607570047061 ], [ -73.852526813945019, 40.682522971941111 ], [ -73.852783791387736, 40.682449535290559 ], [ -73.857008339540968, 40.681245638923308 ] ] ] } },
{ "type": "Feature", "properties": { "group_id": "N1g4-286", "n_parks": 2, "extent_km": 0.38, "max_walk_m": 350.0, "park_area_acres": 0.06, "hull_area_acres": 0.95, "boroughs": "Q", "members": "Catholic War Veterans Square; David J O'Connell Square" }, "geometry": { "type": "Polygon", "coordinates": [ [ [ -73.816153068588719, 40.675837022978136 ], [ -73.816282279674439, 40.67585138099362 ], [ -73.820459150911844, 40.676498959772239 ], [ -73.820823188409562, 40.67655952418167 ], [ -73.820528793942117, 40.676642383843451 ], [ -73.816173507169651, 40.67588080814339 ], [ -73.816153068588719, 40.675837022978136 ] ] ] } },
{ "type": "Feature", "properties": { "group_id": "N1g4-287", "n_parks": 2, "extent_km": 0.603, "max_walk_m": 243.0, "park_area_acres": 33.5, "hull_area_acres": 60.97, "boroughs": "Q", "members": "Beach 59th St Playground; Arverne East Nature Preserve" }, "geometry": { "type": "Polygon", "coordinates": [ [ [ -73.789238253660983, 40.588755649613269 ], [ -73.789299800939531, 40.589345476329363 ], [ -73.785991081106488, 40.592018848031266 ], [ -73.775199517902081, 40.592733906880042 ], [ -73.775014684376629, 40.592083708538546 ], [ -73.774950080429548, 40.59156090235701 ], [ -73.789238253660983, 40.588755649613269 ] ] ] } },
{ "type": "Feature", "properties": { "group_id": "N1g4-288", "n_parks": 2, "extent_km": 0.405, "max_walk_m": 299.6, "park_area_acres": 10.92, "hull_area_acres": 25.18, "boroughs": "Q", "members": "Beach 9 Playground; Seagirt Ave Wetlands" }, "geometry": { "type": "Polygon", "coordinates": [ [ [ -73.746257108204446, 40.594516212924383 ], [ -73.74627447349566, 40.594783121400532 ], [ -73.746280052618118, 40.594916613358777 ], [ -73.746111394529251, 40.595652377115549 ], [ -73.74582076477374, 40.595751133854435 ], [ -73.739018588684459, 40.59771386926186 ], [ -73.73876653738354, 40.59777425051324 ], [ -73.738741315317441, 40.597778209524016 ], [ -73.738706904911652, 40.59778259970237 ], [ -73.738668269448894, 40.59778616798765 ], [ -73.738636690137298, 40.597788030501484 ], [ -73.738604633635802, 40.597788961677345 ], [ -73.738566078891324, 40.59778880913646 ], [ -73.73853173213935, 40.597787499074613 ], [ -73.738514753640374, 40.597784294192245 ], [ -73.738493142115388, 40.597779462319679 ], [ -73.738476118770095, 40.597775039817783 ], [ -73.738453968389607, 40.597768433574885 ], [ -73.738441218754659, 40.597764173883775 ], [ -73.738442183202224, 40.59735360263349 ], [ -73.738444471135239, 40.597259920663582 ], [ -73.738451366262126, 40.596981121633405 ], [ -73.738483688067078, 40.596950058585932 ], [ -73.7397301138584, 40.596041439248957 ], [ -73.743783496993174, 40.594794672023852 ], [ -73.746257108204446, 40.594516212924383 ] ] ] } },
{ "type": "Feature", "properties": { "group_id": "N1g4-289", "n_parks": 2, "extent_km": 0.13, "max_walk_m": 49.7, "park_area_acres": 1.71, "hull_area_acres": 8.26, "boroughs": "Q", "members": "Mall Forty Two XLII (1/3); Francis Lewis Playground" }, "geometry": { "type": "Polygon", "coordinates": [ [ [ -73.784033781585265, 40.759468781970547 ], [ -73.784039575045611, 40.759469153934859 ], [ -73.784045218238802, 40.759470214505434 ], [ -73.784050572696003, 40.759471935506909 ], [ -73.784055504726268, 40.75947427616601 ], [ -73.784062145465072, 40.759481063131553 ], [ -73.784067471955652, 40.759488488794638 ], [ -73.784650215639729, 40.760631336518792 ], [ -73.784542338222678, 40.760660186077949 ], [ -73.783848309318046, 40.760845785373078 ], [ -73.779661815151158, 40.760702086630012 ], [ -73.779656893609925, 40.760701606251565 ], [ -73.779652119541865, 40.760700580447399 ], [ -73.779647594718796, 40.76069903282557 ], [ -73.779642120686589, 40.760694440573339 ], [ -73.77963773000144, 40.760689219137369 ], [ -73.779634544162548, 40.760683514632447 ], [ -73.779632653835662, 40.760677485721345 ], [ -73.779632111753514, 40.7606713018005 ], [ -73.779631998016768, 40.760667735573485 ], [ -73.779632683557153, 40.760664206895754 ], [ -73.779634147904844, 40.760660817485402 ], [ -73.779636346913279, 40.760657666313719 ], [ -73.779639219876728, 40.760654846016912 ], [ -73.779642680073792, 40.76065243747464 ], [ -73.782299081443767, 40.759934712793545 ], [ -73.784022325289214, 40.759470120259238 ], [ -73.784027983499399, 40.759469106089583 ], [ -73.784033781585265, 40.759468781970547 ] ] ] } },
{ "type": "Feature", "properties": { "group_id": "N1g4-290", "n_parks": 2, "extent_km": 0.182, "max_walk_m": 155.5, "park_area_acres": 1.52, "hull_area_acres": 9.25, "boroughs": "Q", "members": "Rockaway Freeway (6/16); Beach Channel Playground" }, "geometry": { "type": "Polygon", "coordinates": [ [ [ -73.806293680853472, 40.588633287904926 ], [ -73.807130616900167, 40.590793091076534 ], [ -73.807120858111247, 40.590841756244494 ], [ -73.806524855178992, 40.590919479999165 ], [ -73.804509135132761, 40.590598414360606 ], [ -73.804511316249275, 40.590406581859781 ], [ -73.804531663138135, 40.590242545256828 ], [ -73.805317430155611, 40.588744748483208 ], [ -73.805885831238498, 40.588660331304347 ], [ -73.806293680853472, 40.588633287904926 ] ] ] } },
{ "type": "Feature", "properties": { "group_id": "N1g4-291", "n_parks": 2, "extent_km": 0.354, "max_walk_m": 211.5, "park_area_acres": 6.46, "hull_area_acres": 11.23, "boroughs": "Q", "members": "Dr. Charles R. Drew Park; Foch Sitting Area" }, "geometry": { "type": "Polygon", "coordinates": [ [ [ -73.802284504971865, 40.677386447160941 ], [ -73.802475121916672, 40.677772287644061 ], [ -73.804194592989774, 40.681276339026581 ], [ -73.802633132249539, 40.681720600314371 ], [ -73.801872524020894, 40.680170017487434 ], [ -73.802284504971865, 40.677386447160941 ] ] ] } },
{ "type": "Feature", "properties": { "group_id": "N1g4-292", "n_parks": 2, "extent_km": 0.277, "max_walk_m": 178.1, "park_area_acres": 7.08, "hull_area_acres": 15.9, "boroughs": "Q", "members": "Maple Grove Park; Hoover - Manton Playgrounds" }, "geometry": { "type": "Polygon", "coordinates": [ [ [ -73.819989788544888, 40.709899993566935 ], [ -73.82506880535567, 40.712055287029926 ], [ -73.824441590731851, 40.712396239690527 ], [ -73.823217156231607, 40.712637987828657 ], [ -73.821175456653918, 40.712444865872165 ], [ -73.819594570319609, 40.710347221499376 ], [ -73.819989788544888, 40.709899993566935 ] ] ] } },
{ "type": "Feature", "properties": { "group_id": "N1g4-293", "n_parks": 2, "extent_km": 0.944, "max_walk_m": 246.0, "park_area_acres": 47.54, "hull_area_acres": 254.63, "boroughs": "Q", "members": "Farm Playground; Kissena Corridor Park" }, "geometry": { "type": "Polygon", "coordinates": [ [ [ -73.771454381041949, 40.731731543386786 ], [ -73.77770877388987, 40.734927565867444 ], [ -73.79446106613247, 40.746284739275531 ], [ -73.794532200035405, 40.746895863273096 ], [ -73.792194539447522, 40.746652216867368 ], [ -73.778442949602749, 40.742507827482839 ], [ -73.775065581117232, 40.741475772000783 ], [ -73.774995845175255, 40.741371202730676 ], [ -73.770413411687471, 40.731926458604853 ], [ -73.770416736867944, 40.731896245874417 ], [ -73.770434568504896, 40.731874181975343 ], [ -73.770448883045347, 40.731860381358679 ], [ -73.770454181603967, 40.731857652565431 ], [ -73.770546815163001, 40.731840150240892 ], [ -73.771454381041949, 40.731731543386786 ] ] ] } },
{ "type": "Feature", "properties": { "group_id": "N1g4-294", "n_parks": 2, "extent_km": 0.567, "max_walk_m": 458.9, "park_area_acres": 1.43, "hull_area_acres": 7.4, "boroughs": "Q", "members": "Travis Triangle; Murray Hill Playground" }, "geometry": { "type": "Polygon", "coordinates": [ [ [ -73.81216436354697, 40.761261375393815 ], [ -73.813068771654699, 40.766312217096768 ], [ -73.813214824867771, 40.767177811243357 ], [ -73.813214761065566, 40.767182401017742 ], [ -73.813213761752976, 40.767186928041085 ], [ -73.813211849744192, 40.767191281588175 ], [ -73.813209071523957, 40.767195357275526 ], [ -73.813205493701858, 40.767199054354649 ], [ -73.813201205353408, 40.76720228562062 ], [ -73.813196308564969, 40.767204970193461 ], [ -73.81319092313872, 40.767207045231949 ], [ -73.813185179506064, 40.767208458718144 ], [ -73.813095072920035, 40.767203379608688 ], [ -73.813088088782607, 40.7672028333781 ], [ -73.813081317891175, 40.767201424808583 ], [ -73.81307494135666, 40.767199191114713 ], [ -73.813069133117992, 40.7671961929126 ], [ -73.813064049287021, 40.767192512401671 ], [ -73.813059826982169, 40.76718824705921 ], [ -73.813056581946753, 40.767183514138694 ], [ -73.813054400285893, 40.767178440751358 ], [ -73.811392874826282, 40.761833875374201 ], [ -73.811364004421876, 40.761621964135308 ], [ -73.811347371387043, 40.761459496324285 ], [ -73.81216436354697, 40.761261375393815 ] ] ] } },
{ "type": "Feature", "properties": { "group_id": "N1g4-295", "n_parks": 2, "extent_km": 0.076, "max_walk_m": 44.5, "park_area_acres": 0.15, "hull_area_acres": 0.43, "boroughs": "Q", "members": "Corporal Frank F. Fagan Sq.; Woodside Houses Park" }, "geometry": { "type": "Polygon", "coordinates": [ [ [ -73.911614407426839, 40.755625267378413 ], [ -73.911624015632725, 40.755626489532311 ], [ -73.911633256430122, 40.755628834334217 ], [ -73.911791776292858, 40.755702358747499 ], [ -73.91246066227626, 40.75601881050261 ], [ -73.912430163594735, 40.756056103374839 ], [ -73.911599372846737, 40.755932156280267 ], [ -73.911437813989281, 40.755854161859979 ], [ -73.911432186900583, 40.755851283119597 ], [ -73.911427297315399, 40.755847708855136 ], [ -73.911423294302878, 40.755843545440996 ], [ -73.911420297300126, 40.755838919039867 ], [ -73.911418397307941, 40.755833967499179 ], [ -73.911417650966754, 40.755828842147466 ], [ -73.911418079391012, 40.755823694286057 ], [ -73.911419671712878, 40.755818681494866 ], [ -73.911422379182099, 40.755813952319976 ], [ -73.911562083410587, 40.755641245414949 ], [ -73.911569056959891, 40.755636072860803 ], [ -73.911577005112647, 40.755631789853439 ], [ -73.911585733520909, 40.755628500702208 ], [ -73.911595030105971, 40.755626285389113 ], [ -73.911604666243889, 40.755625198669442 ], [ -73.911614407426839, 40.755625267378413 ] ] ] } },
{ "type": "Feature", "properties": { "group_id": "N1g4-296", "n_parks": 2, "extent_km": 0.571, "max_walk_m": 397.1, "park_area_acres": 6.8, "hull_area_acres": 30.83, "boroughs": "Q", "members": "Overlook Park; Helen Marshall Playground" }, "geometry": { "type": "Polygon", "coordinates": [ [ [ -73.871001283608138, 40.764817905372659 ], [ -73.87180955940245, 40.765359202370234 ], [ -73.873827502268867, 40.770250689750576 ], [ -73.873870933777425, 40.770507367495014 ], [ -73.872868819810165, 40.770794444594813 ], [ -73.872819424733521, 40.770805642783216 ], [ -73.872769534681723, 40.770815521165346 ], [ -73.872719227830942, 40.770824080727287 ], [ -73.872668557518125, 40.770831304417918 ], [ -73.872617597204297, 40.770837181511965 ], [ -73.872566384793856, 40.770841712951395 ], [ -73.872515003215184, 40.770844892524174 ], [ -73.872463505798493, 40.770846706781484 ], [ -73.872411964774088, 40.770847169310706 ], [ -73.872360422806878, 40.770846269353051 ], [ -73.872308956911567, 40.770843996187772 ], [ -73.872257633366573, 40.770840378704619 ], [ -73.872206500772975, 40.77083539894754 ], [ -73.872155619509272, 40.770829074093399 ], [ -73.872105064182946, 40.770821413230337 ], [ -73.872054885712089, 40.770812425420381 ], [ -73.872005152795438, 40.770802112541361 ], [ -73.871955928186921, 40.770790488171173 ], [ -73.871907243831856, 40.770777572156966 ], [ -73.871859188535268, 40.770763381707795 ], [ -73.871811821485011, 40.770747936701433 ], [ -73.871765172282991, 40.770731243475097 ], [ -73.871719324976709, 40.770713329138452 ], [ -73.871674325726019, 40.770694212654419 ], [ -73.871630221871527, 40.770673914788219 ], [ -73.871587064263693, 40.770652478821866 ], [ -73.871544928716887, 40.770629901238848 ], [ -73.871503837641527, 40.770606231593021 ], [ -73.870941997365762, 40.770270648485557 ], [ -73.870212105217803, 40.766263069645298 ], [ -73.869972217839148, 40.764923556550173 ], [ -73.871001283608138, 40.764817905372659 ] ] ] } },
{ "type": "Feature", "properties": { "group_id": "N1g4-297", "n_parks": 2, "extent_km": 0.124, "max_walk_m": 20.9, "park_area_acres": 3.29, "hull_area_acres": 5.51, "boroughs": "Q", "members": "Arverne Playground; Cardozo Playground" }, "geometry": { "type": "Polygon", "coordinates": [ [ [ -73.785081381963778, 40.592496554034817 ], [ -73.785215734154889, 40.592502062505801 ], [ -73.786155307076484, 40.592570116060806 ], [ -73.786748811987266, 40.592616857657838 ], [ -73.786881778564592, 40.592652071748631 ], [ -73.786994427810441, 40.59382346359083 ], [ -73.786550573231821, 40.593934937320057 ], [ -73.78628879992371, 40.593953757146622 ], [ -73.784870065466805, 40.593224174133375 ], [ -73.784867718991961, 40.593201917753369 ], [ -73.784800388979107, 40.592553544718584 ], [ -73.784795335596982, 40.592502504267678 ], [ -73.784883948886048, 40.592497965842874 ], [ -73.78499121695306, 40.592495797319231 ], [ -73.785081381963778, 40.592496554034817 ] ] ] } },
{ "type": "Feature", "properties": { "group_id": "N1g4-298", "n_parks": 2, "extent_km": 0.633, "max_walk_m": 502.0, "park_area_acres": 1.48, "hull_area_acres": 11.16, "boroughs": "Q", "members": "Annadale Playground; Underbridge Dog Run" }, "geometry": { "type": "Polygon", "coordinates": [ [ [ -73.852049214711485, 40.730768087910825 ], [ -73.852302034311862, 40.731285345528775 ], [ -73.84552471025188, 40.734066692026296 ], [ -73.845187453268707, 40.734168026401385 ], [ -73.844905462754568, 40.733665928134087 ], [ -73.851309873458959, 40.730988614155493 ], [ -73.852049214711485, 40.730768087910825 ] ] ] } },
{ "type": "Feature", "properties": { "group_id": "N1g4-299", "n_parks": 2, "extent_km": 0.65, "max_walk_m": 554.2, "park_area_acres": 2.53, "hull_area_acres": 18.52, "boroughs": "Q", "members": "Playground Twenty One; Willets Point Playground" }, "geometry": { "type": "Polygon", "coordinates": [ [ [ -73.797929327500668, 40.777985361780424 ], [ -73.799173993789637, 40.778087107376088 ], [ -73.799102678787847, 40.778578849467294 ], [ -73.796830482208748, 40.784124165282194 ], [ -73.796174714559911, 40.784072145071185 ], [ -73.795755355106309, 40.783764436147884 ], [ -73.795792950598965, 40.783505256700231 ], [ -73.797929327500668, 40.777985361780424 ] ] ] } },
{ "type": "Feature", "properties": { "group_id": "N1g4-300", "n_parks": 2, "extent_km": 0.526, "max_walk_m": 473.9, "park_area_acres": 1.56, "hull_area_acres": 11.7, "boroughs": "Q", "members": "Emerald Playground; Legacy Park" }, "geometry": { "type": "Polygon", "coordinates": [ [ [ -73.812308336825041, 40.730361377334205 ], [ -73.812311676077897, 40.730361843838431 ], [ -73.812314880473537, 40.7303626982428 ], [ -73.812317877891857, 40.730363908911862 ], [ -73.81232059855482, 40.730365453219214 ], [ -73.812322979830114, 40.730367293241279 ], [ -73.812324966197892, 40.730369387464179 ], [ -73.812326510447576, 40.730371686282886 ], [ -73.812301252106323, 40.730779507928069 ], [ -73.806199647058889, 40.731601604622313 ], [ -73.805875268719589, 40.731588973387815 ], [ -73.805680495988852, 40.731341545684003 ], [ -73.805616216132279, 40.731007032593674 ], [ -73.805654101272694, 40.730561048418018 ], [ -73.812308336825041, 40.730361377334205 ] ] ] } },
{ "type": "Feature", "properties": { "group_id": "N1g4-301", "n_parks": 2, "extent_km": 0.209, "max_walk_m": 185.4, "park_area_acres": 2.43, "hull_area_acres": 10.74, "boroughs": "Q", "members": "Park; Lost Battalion Hall Recreation Center" }, "geometry": { "type": "Polygon", "coordinates": [ [ [ -73.865214107072759, 40.731450825267785 ], [ -73.865425299727235, 40.73152360920664 ], [ -73.865752856857625, 40.731636497583693 ], [ -73.865934436484125, 40.731748478548546 ], [ -73.866374736360768, 40.734105399523521 ], [ -73.86636859102579, 40.73410722312731 ], [ -73.86476670002564, 40.734293185780643 ], [ -73.864764333422073, 40.734288585002282 ], [ -73.863927568486488, 40.732652288186685 ], [ -73.863909271830465, 40.732616289419035 ], [ -73.865214107072759, 40.731450825267785 ] ] ] } },
{ "type": "Feature", "properties": { "group_id": "N1g4-302", "n_parks": 2, "extent_km": 0.264, "max_walk_m": 113.0, "park_area_acres": 3.17, "hull_area_acres": 9.64, "boroughs": "Q", "members": "Park; Louis Pasteur Park" }, "geometry": { "type": "Polygon", "coordinates": [ [ [ -73.736167228684579, 40.759364926630759 ], [ -73.736171764085583, 40.759369208131027 ], [ -73.736192748487881, 40.76242477200821 ], [ -73.735210215823002, 40.762783373279319 ], [ -73.735208956400427, 40.762783491953307 ], [ -73.734535931608079, 40.76171141229608 ], [ -73.734889929026764, 40.759997590511212 ], [ -73.736167228684579, 40.759364926630759 ] ] ] } },
{ "type": "Feature", "properties": { "group_id": "N1g4-303", "n_parks": 2, "extent_km": 0.222, "max_walk_m": 179.5, "park_area_acres": 0.05, "hull_area_acres": 0.85, "boroughs": "Q", "members": "Quick Brown Fox Triangle; Park" }, "geometry": { "type": "Polygon", "coordinates": [ [ [ -73.890931810339481, 40.726232712562563 ], [ -73.890981423230997, 40.72635283530515 ], [ -73.888906518804887, 40.727576604120841 ], [ -73.888902754833751, 40.727578603222447 ], [ -73.888898616352208, 40.727579457414961 ], [ -73.888888460387562, 40.72758002033931 ], [ -73.888618423438501, 40.727583643343188 ], [ -73.888816757737175, 40.727449929256863 ], [ -73.890509212696102, 40.72647055121849 ], [ -73.890928537664919, 40.726234030510177 ], [ -73.890931810339481, 40.726232712562563 ] ] ] } },
{ "type": "Feature", "properties": { "group_id": "N1g4-304", "n_parks": 2, "extent_km": 0.498, "max_walk_m": 277.3, "park_area_acres": 8.17, "hull_area_acres": 23.09, "boroughs": "Q", "members": "Bayside Fields; Clearview Park" }, "geometry": { "type": "Polygon", "coordinates": [ [ [ -73.786518364168487, 40.772406633896381 ], [ -73.786526096764703, 40.772421741598443 ], [ -73.786536873584836, 40.77244496759532 ], [ -73.786541740225957, 40.772455840311565 ], [ -73.786549867359255, 40.772474986610234 ], [ -73.78655703847194, 40.772494172560556 ], [ -73.786563347872999, 40.772513538816256 ], [ -73.786568754231297, 40.772533045678792 ], [ -73.786579586207722, 40.772592294701063 ], [ -73.786582284812937, 40.772632121860205 ], [ -73.78658132549846, 40.772671996274262 ], [ -73.786432752168054, 40.778519602060832 ], [ -73.785050553351851, 40.778962925176721 ], [ -73.785013682434681, 40.778826648735588 ], [ -73.78472799933617, 40.772949114669778 ], [ -73.786518364168487, 40.772406633896381 ] ] ] } },
{ "type": "Feature", "properties": { "group_id": "N1g4-305", "n_parks": 2, "extent_km": 0.364, "max_walk_m": 218.2, "park_area_acres": 3.05, "hull_area_acres": 10.73, "boroughs": "Q", "members": "Conch Playground; Edgemere Urban Renewal Park" }, "geometry": { "type": "Polygon", "coordinates": [ [ [ -73.776871747609235, 40.594664080470757 ], [ -73.780758193542169, 40.595445120574716 ], [ -73.781352476598457, 40.59583093210388 ], [ -73.781384468986658, 40.596226530752553 ], [ -73.781278206858403, 40.596400849474911 ], [ -73.780508963748161, 40.596440331491493 ], [ -73.780313741328769, 40.596448128919398 ], [ -73.780299632965551, 40.596447847999528 ], [ -73.78028575576613, 40.596445889841057 ], [ -73.77662981769727, 40.595507526348946 ], [ -73.776531124910647, 40.594687530155113 ], [ -73.776871747609235, 40.594664080470757 ] ] ] } },
{ "type": "Feature", "properties": { "group_id": "N1g4-306", "n_parks": 2, "extent_km": 0.991, "max_walk_m": 491.9, "park_area_acres": 54.72, "hull_area_acres": 151.89, "boroughs": "Q", "members": "Almeda Playground; Dubos Point Wildlife Sanctuary" }, "geometry": { "type": "Polygon", "coordinates": [ [ [ -73.79503049474188, 40.59301891294011 ], [ -73.798824561337256, 40.599275795251565 ], [ -73.798886302105387, 40.599941361335468 ], [ -73.787155568009211, 40.604229325114396 ], [ -73.7860226939776, 40.603271266901686 ], [ -73.78601882308412, 40.603000030666102 ], [ -73.786126655476906, 40.602698965347614 ], [ -73.794305748647687, 40.593063408725349 ], [ -73.79503049474188, 40.59301891294011 ] ] ] } },
{ "type": "Feature", "properties": { "group_id": "N1g4-307", "n_parks": 2, "extent_km": 0.38, "max_walk_m": 311.6, "park_area_acres": 0.56, "hull_area_acres": 2.93, "boroughs": "Q", "members": "Edgemere Coalition; Beach 43rd Street Waterfront Park" }, "geometry": { "type": "Polygon", "coordinates": [ [ [ -73.774935393999073, 40.5980111635782 ], [ -73.775327387520193, 40.601346479297213 ], [ -73.77533367166032, 40.601402339448015 ], [ -73.775353970677955, 40.601582791227685 ], [ -73.775021528875754, 40.601725932267691 ], [ -73.774996310875736, 40.601508369165337 ], [ -73.774619048412475, 40.598253276620667 ], [ -73.774593874407842, 40.598036056537417 ], [ -73.774935393999073, 40.5980111635782 ] ] ] } },
{ "type": "Feature", "properties": { "group_id": "N1g4-308", "n_parks": 2, "extent_km": 0.353, "max_walk_m": 337.0, "park_area_acres": 0.25, "hull_area_acres": 3.23, "boroughs": "R", "members": "Barrett Triangle; St. George Park" }, "geometry": { "type": "Polygon", "coordinates": [ [ [ -74.075902164532067, 40.641536638939762 ], [ -74.07591015432007, 40.6415402942744 ], [ -74.078029671300214, 40.644558536843618 ], [ -74.077796099846609, 40.644662112424285 ], [ -74.07558072633239, 40.641976242537275 ], [ -74.075578456032801, 40.641970584269579 ], [ -74.075588962161433, 40.641955993464457 ], [ -74.075894872411183, 40.641538338528846 ], [ -74.075902164532067, 40.641536638939762 ] ] ] } },
{ "type": "Feature", "properties": { "group_id": "N1g4-309", "n_parks": 2, "extent_km": 0.215, "max_walk_m": 38.4, "park_area_acres": 3.04, "hull_area_acres": 7.78, "boroughs": "R", "members": "Egbert Triangle; Markham Playground" }, "geometry": { "type": "Polygon", "coordinates": [ [ [ -74.146956454077142, 40.622226343169295 ], [ -74.145671241369385, 40.624814868786395 ], [ -74.144899874326455, 40.625086530351133 ], [ -74.144893343209048, 40.625088167625343 ], [ -74.14427511711466, 40.625225165154788 ], [ -74.14426625221364, 40.625226479333392 ], [ -74.144258884323122, 40.625227039697663 ], [ -74.144249856129122, 40.625227171695556 ], [ -74.144242471949937, 40.625226757715325 ], [ -74.144233526283188, 40.625225700920474 ], [ -74.144226365770848, 40.625224326702984 ], [ -74.144217795810889, 40.625222113166387 ], [ -74.144211779195913, 40.625220110750362 ], [ -74.144211746075783, 40.62522009818462 ], [ -74.144205949820758, 40.625217792916736 ], [ -74.144200340803593, 40.625215171330787 ], [ -74.14419499118587, 40.625212263953969 ], [ -74.144189315021833, 40.625208650077397 ], [ -74.14418286918611, 40.625203821462158 ], [ -74.144178587249982, 40.625200019428569 ], [ -74.144173302756755, 40.625194431117571 ], [ -74.144157461112087, 40.625162896720241 ], [ -74.14414743740906, 40.625124005872706 ], [ -74.144146211425706, 40.62511836564461 ], [ -74.144145762682356, 40.625113614156938 ], [ -74.144146007997577, 40.625107901843435 ], [ -74.144147196897265, 40.62510129683092 ], [ -74.144149070062113, 40.625095763481092 ], [ -74.144151185415538, 40.625091278934811 ], [ -74.145177175671336, 40.623041480250926 ], [ -74.146956454077142, 40.622226343169295 ] ] ] } },
{ "type": "Feature", "properties": { "group_id": "N1g4-310", "n_parks": 2, "extent_km": 0.122, "max_walk_m": 16.3, "park_area_acres": 3.04, "hull_area_acres": 4.72, "boroughs": "R", "members": "Mahoney Playground; Davis Playground" }, "geometry": { "type": "Polygon", "coordinates": [ [ [ -74.086057993179438, 40.64195822958812 ], [ -74.086196061418903, 40.641981484737549 ], [ -74.086349660737199, 40.642738740874478 ], [ -74.086382675131091, 40.643539770644459 ], [ -74.085774367042987, 40.644003322154965 ], [ -74.085764774363312, 40.644010593792636 ], [ -74.085742031614515, 40.643980923356175 ], [ -74.085569835139694, 40.643756270472494 ], [ -74.085119061043187, 40.643168165624807 ], [ -74.085009803754289, 40.642340576126003 ], [ -74.085382302210988, 40.642061159162651 ], [ -74.086057993179438, 40.64195822958812 ] ] ] } },
{ "type": "Feature", "properties": { "group_id": "N1g4-311", "n_parks": 2, "extent_km": 0.27, "max_walk_m": 83.8, "park_area_acres": 23.19, "hull_area_acres": 35.52, "boroughs": "R", "members": "Long Pond Park (3/4); Aesop Park" }, "geometry": { "type": "Polygon", "coordinates": [ [ [ -74.227525133152611, 40.508357115359466 ], [ -74.230438505841036, 40.509279681983195 ], [ -74.230544009643495, 40.509582051635519 ], [ -74.229616087252097, 40.510972775171531 ], [ -74.228923711185345, 40.511123049042055 ], [ -74.227019081345802, 40.511536406503765 ], [ -74.225604074512503, 40.511843478496488 ], [ -74.224018580750823, 40.509060778762688 ], [ -74.223870679931423, 40.508732901753582 ], [ -74.225632080250392, 40.508550000564249 ], [ -74.227525133152611, 40.508357115359466 ] ] ] } },
{ "type": "Feature", "properties": { "group_id": "N1g4-312", "n_parks": 2, "extent_km": 0.403, "max_walk_m": 138.3, "park_area_acres": 6.39, "hull_area_acres": 26.0, "boroughs": "R", "members": "Tappen Park; Stapleton Esplanade" }, "geometry": { "type": "Polygon", "coordinates": [ [ [ -74.077904236991259, 40.626533509361579 ], [ -74.077909547415516, 40.626533578705207 ], [ -74.077914768789114, 40.626534311792327 ], [ -74.077919761624344, 40.626535689806545 ], [ -74.077924389955882, 40.626537674117714 ], [ -74.077928526075155, 40.626540211681657 ], [ -74.077932057619435, 40.626543233234699 ], [ -74.077934888755834, 40.626546655093328 ], [ -74.077936943735608, 40.626550386356506 ], [ -74.077938163343092, 40.626554324405035 ], [ -74.077938517903974, 40.626558361196693 ], [ -74.077937995471842, 40.626562387776602 ], [ -74.077936611281984, 40.626566293370487 ], [ -74.07783351958625, 40.626783929784331 ], [ -74.077815123081137, 40.6268225097147 ], [ -74.077798141961608, 40.626845422335023 ], [ -74.077782649612857, 40.626861874514425 ], [ -74.07776425076888, 40.626879217471085 ], [ -74.077740407994796, 40.626897582594225 ], [ -74.073328206582445, 40.630151042340628 ], [ -74.07329015361573, 40.630164724787242 ], [ -74.073249938856563, 40.630174157244475 ], [ -74.073208374123368, 40.630179150084153 ], [ -74.073178227431754, 40.630177790579616 ], [ -74.073148810533411, 40.630172583582308 ], [ -74.0731209651656, 40.630163678043722 ], [ -74.073095484718593, 40.630151328307726 ], [ -74.073073096496984, 40.630135886016902 ], [ -74.072913958261381, 40.630000481329191 ], [ -74.072439570239567, 40.627677101197165 ], [ -74.072341357047904, 40.6271479652194 ], [ -74.072579877138963, 40.626678820416899 ], [ -74.073124525428966, 40.62662227383133 ], [ -74.073940169982691, 40.626575817529059 ], [ -74.077904236991259, 40.626533509361579 ] ] ] } },
{ "type": "Feature", "properties": { "group_id": "N1g4-313", "n_parks": 2, "extent_km": 0.628, "max_walk_m": 602.6, "park_area_acres": 0.93, "hull_area_acres": 9.53, "boroughs": "R", "members": "Levy Playground; Joe Holzka Community Garden" }, "geometry": { "type": "Polygon", "coordinates": [ [ [ -74.129205723305375, 40.633679485418718 ], [ -74.129297857813285, 40.633710107596521 ], [ -74.128986604149489, 40.63419051814131 ], [ -74.121986957016588, 40.634789401693659 ], [ -74.121944432231558, 40.63479257340569 ], [ -74.12158675820055, 40.634819245555391 ], [ -74.121381815001826, 40.634696632970474 ], [ -74.121322546930102, 40.634279440511555 ], [ -74.129205723305375, 40.633679485418718 ] ] ] } },
{ "type": "Feature", "properties": { "group_id": "N1g4-314", "n_parks": 2, "extent_km": 0.269, "max_walk_m": 157.9, "park_area_acres": 2.66, "hull_area_acres": 7.22, "boroughs": "R", "members": "Austin J. McDonald Playground; Prall Playground" }, "geometry": { "type": "Polygon", "coordinates": [ [ [ -74.118329071760698, 40.628168940995664 ], [ -74.118869548244874, 40.62865498061371 ], [ -74.118403715513253, 40.628838062521751 ], [ -74.115890992745094, 40.629822500619355 ], [ -74.114811522445862, 40.62996072475476 ], [ -74.114735148684844, 40.629555554252569 ], [ -74.114854312728809, 40.629195155999177 ], [ -74.118329071760698, 40.628168940995664 ] ] ] } },
{ "type": "Feature", "properties": { "group_id": "N1g4-315", "n_parks": 2, "extent_km": 0.547, "max_walk_m": 104.3, "park_area_acres": 93.51, "hull_area_acres": 139.93, "boroughs": "R", "members": "Allison Pond Park; Snug Harbor Cultural Center" }, "geometry": { "type": "Polygon", "coordinates": [ [ [ -74.099627353769691, 40.635893624855292 ], [ -74.10224110774449, 40.636462557053498 ], [ -74.10534695929374, 40.638998418573202 ], [ -74.107460559080081, 40.645028573143485 ], [ -74.107477735484096, 40.645297681604518 ], [ -74.107477501724603, 40.645319168198569 ], [ -74.107474755583056, 40.645571055739666 ], [ -74.10747184445998, 40.645837967680507 ], [ -74.106263509146444, 40.645909301271097 ], [ -74.100360247286488, 40.645871739720398 ], [ -74.099912139157126, 40.645829530870841 ], [ -74.099695690855498, 40.645582194983071 ], [ -74.09965494861305, 40.64511474769003 ], [ -74.099272091498804, 40.635920858550719 ], [ -74.099627353769691, 40.635893624855292 ] ] ] } },
{ "type": "Feature", "properties": { "group_id": "N1g4-316", "n_parks": 2, "extent_km": 0.193, "max_walk_m": 103.9, "park_area_acres": 3.46, "hull_area_acres": 4.51, "boroughs": "R", "members": "Harris Brothers Park; Park" }, "geometry": { "type": "Polygon", "coordinates": [ [ [ -74.203013803943293, 40.532579917315914 ], [ -74.20326143122108, 40.533103487671056 ], [ -74.200809275070071, 40.533791197939138 ], [ -74.199052192122451, 40.534260644857802 ], [ -74.199876011437397, 40.533709694979613 ], [ -74.199931500318385, 40.533673586173663 ], [ -74.199987817596238, 40.533638234143808 ], [ -74.200044949140675, 40.533603649719886 ], [ -74.200102874922848, 40.533569844642408 ], [ -74.200161576086373, 40.533536827948453 ], [ -74.200221037318343, 40.533504609569256 ], [ -74.200281237410096, 40.533473201247602 ], [ -74.200342156327963, 40.533442612923103 ], [ -74.200403778754065, 40.533412852726173 ], [ -74.200466082297183, 40.533383931501085 ], [ -74.200529048101515, 40.533355858284949 ], [ -74.200592669092515, 40.533328634890196 ], [ -74.201353526095644, 40.533039113609199 ], [ -74.201590273707168, 40.532973635760428 ], [ -74.203013803943293, 40.532579917315914 ] ] ] } },
{ "type": "Feature", "properties": { "group_id": "N1g4-317", "n_parks": 2, "extent_km": 0.137, "max_walk_m": 73.0, "park_area_acres": 0.18, "hull_area_acres": 28.44, "boroughs": "R", "members": "Park; Park" }, "geometry": { "type": "Polygon", "coordinates": [ [ [ -74.112526742982084, 40.609631438028408 ], [ -74.116579195396668, 40.610479647106999 ], [ -74.116712072969662, 40.61153176240888 ], [ -74.116712647897046, 40.611537538673957 ], [ -74.116698831271549, 40.611541151188455 ], [ -74.11597958632251, 40.611729199452697 ], [ -74.115690416713846, 40.611804801519035 ], [ -74.113090856418111, 40.61232483477351 ], [ -74.112106787745972, 40.612139565422623 ], [ -74.111568500820312, 40.612038218518414 ], [ -74.111400780209394, 40.6120066395941 ], [ -74.109630049640828, 40.61151918129044 ], [ -74.109623446316434, 40.611516140222051 ], [ -74.109701540849883, 40.611183518264802 ], [ -74.112518983495775, 40.609633651903948 ], [ -74.112526742982084, 40.609631438028408 ] ] ] } },
{ "type": "Feature", "properties": { "group_id": "N1g4-318", "n_parks": 2, "extent_km": 0.231, "max_walk_m": 162.8, "park_area_acres": 0.81, "hull_area_acres": 2.49, "boroughs": "R", "members": "Park; Park" }, "geometry": { "type": "Polygon", "coordinates": [ [ [ -74.191283653131975, 40.536791054178977 ], [ -74.191448225498704, 40.537128143421818 ], [ -74.189128485206453, 40.53854876652214 ], [ -74.188568078526202, 40.538704953016484 ], [ -74.189004679716433, 40.538302599986665 ], [ -74.190409244211651, 40.537277720991852 ], [ -74.190415295205426, 40.537273366802914 ], [ -74.190761731766784, 40.537067884368682 ], [ -74.191283653131975, 40.536791054178977 ] ] ] } },
{ "type": "Feature", "properties": { "group_id": "N1g4-319", "n_parks": 2, "extent_km": 0.474, "max_walk_m": 439.0, "park_area_acres": 1.96, "hull_area_acres": 14.64, "boroughs": "R", "members": "Drumgoole Tot Lot; Carlton Park" }, "geometry": { "type": "Polygon", "coordinates": [ [ [ -74.179929255487963, 40.548953883650455 ], [ -74.180313509565025, 40.549140172984956 ], [ -74.185092218072867, 40.551538400836662 ], [ -74.184246909349241, 40.552498688482871 ], [ -74.184160112430547, 40.552455481681939 ], [ -74.18385503428442, 40.552303611946193 ], [ -74.179506578085977, 40.549837197033582 ], [ -74.179743755712565, 40.549341544503598 ], [ -74.179929255487963, 40.548953883650455 ] ] ] } },
{ "type": "Feature", "properties": { "group_id": "N1g4-320", "n_parks": 2, "extent_km": 0.392, "max_walk_m": 329.5, "park_area_acres": 1.32, "hull_area_acres": 8.43, "boroughs": "R", "members": "Lopez Playground; Targee Street Triangle" }, "geometry": { "type": "Polygon", "coordinates": [ [ [ -74.087229375536793, 40.608364180930089 ], [ -74.088202710773942, 40.608742588484986 ], [ -74.085174867409236, 40.611980847584242 ], [ -74.084605061396218, 40.611825878895083 ], [ -74.084868130580688, 40.611253164808652 ], [ -74.087229375536793, 40.608364180930089 ] ] ] } },
{ "type": "Feature", "properties": { "group_id": "N1g4-321", "n_parks": 2, "extent_km": 0.523, "max_walk_m": 447.5, "park_area_acres": 3.27, "hull_area_acres": 13.86, "boroughs": "X", "members": "Joseph Rodman Drake Park & Enslaved African Burial Ground; Hunts Point Playground" }, "geometry": { "type": "Polygon", "coordinates": [ [ [ -73.883230355206479, 40.809822626021834 ], [ -73.883230414461721, 40.809822627882831 ], [ -73.883230472527075, 40.809822632444146 ], [ -73.883230531772853, 40.809822639708116 ], [ -73.883230588643514, 40.80982264967124 ], [ -73.883230645509499, 40.809822662335819 ], [ -73.883230701183962, 40.809822678601151 ], [ -73.883230754483321, 40.809822697565593 ], [ -73.883230806594369, 40.809822718329841 ], [ -73.883230856330371, 40.809822741793191 ], [ -73.883230904876442, 40.809822767956831 ], [ -73.883230949862295, 40.80982279681831 ], [ -73.883230993659808, 40.809822827479671 ], [ -73.883231033897047, 40.809822860838857 ], [ -73.883231071762424, 40.809822895096147 ], [ -73.883231106067484, 40.809822932051325 ], [ -73.88323113681551, 40.809822969903415 ], [ -73.886198144892958, 40.813849626683755 ], [ -73.886198172085713, 40.813849666332537 ], [ -73.886198196906449, 40.813849706879409 ], [ -73.886198218168374, 40.81384974922382 ], [ -73.886198234687882, 40.813849792463991 ], [ -73.886198247651592, 40.813849835700722 ], [ -73.886338771219215, 40.814388318963886 ], [ -73.8863387806243, 40.814388363998056 ], [ -73.886338786475207, 40.814388408128174 ], [ -73.886338788768782, 40.814388453155338 ], [ -73.886338786321417, 40.814388498177813 ], [ -73.88633878031979, 40.814388542296307 ], [ -73.886338770760929, 40.814388587311775 ], [ -73.886338757649312, 40.81438863052275 ], [ -73.886338740982012, 40.8143886737302 ], [ -73.886338719575249, 40.814388716032525 ], [ -73.886338694615816, 40.814388756530306 ], [ -73.886338667287419, 40.814388796125286 ], [ -73.886338636406322, 40.814388833915743 ], [ -73.886338601971019, 40.814388870802169 ], [ -73.886338563984623, 40.814388904983687 ], [ -73.886338523629206, 40.814388938262304 ], [ -73.886338479722696, 40.814388968835942 ], [ -73.886338434634013, 40.814388997607431 ], [ -73.886338385994193, 40.814389023673904 ], [ -73.886338336173708, 40.814389047037757 ], [ -73.886338283987371, 40.814389067697761 ], [ -73.886338230618819, 40.814389086555593 ], [ -73.886338174884429, 40.814389102709626 ], [ -73.886338117970936, 40.814389115260461 ], [ -73.886338069360349, 40.814389124217534 ], [ -73.885955364414343, 40.814449463271977 ], [ -73.885955301583763, 40.814449470413848 ], [ -73.885955243498756, 40.814449474858847 ], [ -73.88595518423314, 40.814449476601247 ], [ -73.885955124973691, 40.814449474741608 ], [ -73.885955066904117, 40.814449470181685 ], [ -73.885955007653934, 40.8144494629191 ], [ -73.885954950778896, 40.814449452957376 ], [ -73.885954893908448, 40.814449440294155 ], [ -73.885954838229452, 40.814449424030123 ], [ -73.885954784925602, 40.814449405066938 ], [ -73.885954732810092, 40.814449384303906 ], [ -73.88595468306967, 40.814449360841763 ], [ -73.885954634519166, 40.814449334679317 ], [ -73.885954589528978, 40.814449305818883 ], [ -73.885954545727188, 40.814449275158665 ], [ -73.88595450548577, 40.814449241800425 ], [ -73.885954474717096, 40.814449213854523 ], [ -73.88207305186728, 40.810700234627525 ], [ -73.881447591719024, 40.810093216395757 ], [ -73.881447553865698, 40.81009317583441 ], [ -73.881447523118567, 40.810093137981859 ], [ -73.881447495930161, 40.810093098331947 ], [ -73.881447471113731, 40.810093057784044 ], [ -73.881447449855969, 40.810093015438738 ], [ -73.88144743334054, 40.810092972197801 ], [ -73.881447420380653, 40.810092928960557 ], [ -73.881447410979433, 40.810092883925954 ], [ -73.881447405132192, 40.810092839795523 ], [ -73.881447402842028, 40.810092794768231 ], [ -73.88144740529259, 40.810092749745827 ], [ -73.881447411297017, 40.810092705627561 ], [ -73.881447420858649, 40.81009266061249 ], [ -73.881447433972525, 40.810092617402034 ], [ -73.881447450641929, 40.810092574195274 ], [ -73.881447472050453, 40.810092531893858 ], [ -73.881447497011251, 40.810092491397057 ], [ -73.8814475243408, 40.810092451803229 ], [ -73.881447555222678, 40.810092414014044 ], [ -73.881447589658421, 40.810092377129017 ], [ -73.881447627644931, 40.810092342949133 ], [ -73.881447668000135, 40.810092309672207 ], [ -73.881447711906063, 40.810092279100388 ], [ -73.881447756993992, 40.810092250330818 ], [ -73.88144780563259, 40.81009222426637 ], [ -73.881447855451569, 40.810092200904613 ], [ -73.881447907636058, 40.810092180246812 ], [ -73.881447961002493, 40.810092161391211 ], [ -73.881448016734481, 40.81009214523958 ], [ -73.881448073645274, 40.810092132691139 ], [ -73.881448129366035, 40.810092122842924 ], [ -73.883230177407555, 40.809822639349221 ], [ -73.883230237863827, 40.809822632206476 ], [ -73.883230295944912, 40.809822627762792 ], [ -73.883230355206479, 40.809822626021834 ] ] ] } },
{ "type": "Feature", "properties": { "group_id": "N1g4-322", "n_parks": 2, "extent_km": 0.324, "max_walk_m": 300.0, "park_area_acres": 0.26, "hull_area_acres": 4.47, "boroughs": "X", "members": "Echo Triangle; Devanney Triangle" }, "geometry": { "type": "Polygon", "coordinates": [ [ [ -73.906116767217156, 40.849794172669192 ], [ -73.906328720774056, 40.850004928674586 ], [ -73.904880155692226, 40.852601971653755 ], [ -73.904877101381601, 40.852606492305668 ], [ -73.904810861327604, 40.852684255468112 ], [ -73.904806306030622, 40.852688486722244 ], [ -73.904799996925831, 40.852691757505177 ], [ -73.904794066110739, 40.852693387003406 ], [ -73.90478868490149, 40.852693825604348 ], [ -73.904781984087251, 40.852693198734563 ], [ -73.904774011408776, 40.852690466365267 ], [ -73.904495576761619, 40.852585536017102 ], [ -73.904035064022395, 40.852408806044217 ], [ -73.903960251609575, 40.852379566050743 ], [ -73.903956463608381, 40.85237556111143 ], [ -73.903954724007022, 40.852369704665179 ], [ -73.903956376890321, 40.852363342265363 ], [ -73.906116767217156, 40.849794172669192 ] ] ] } },
{ "type": "Feature", "properties": { "group_id": "N1g4-323", "n_parks": 2, "extent_km": 0.259, "max_walk_m": 297.3, "park_area_acres": 1.99, "hull_area_acres": 7.23, "boroughs": "X", "members": "Drew Playground; Gouverneur Playground" }, "geometry": { "type": "Polygon", "coordinates": [ [ [ -73.903147884202397, 40.832786937123714 ], [ -73.903842093813282, 40.833020055511845 ], [ -73.903930592699567, 40.835228046745655 ], [ -73.903390852949727, 40.836283333762175 ], [ -73.902919563637127, 40.836134151147157 ], [ -73.902821723095315, 40.833270744474362 ], [ -73.903147884202397, 40.832786937123714 ] ] ] } },
{ "type": "Feature", "properties": { "group_id": "N1g4-324", "n_parks": 2, "extent_km": 0.312, "max_walk_m": 281.2, "park_area_acres": 0.38, "hull_area_acres": 5.13, "boroughs": "X", "members": "Graham Triangle; La Finca del Sur Community Garden" }, "geometry": { "type": "Polygon", "coordinates": [ [ [ -73.927683824510552, 40.810444705511628 ], [ -73.927695909343754, 40.810446214221386 ], [ -73.92770787916578, 40.810448859286161 ], [ -73.927716486640008, 40.810452587341715 ], [ -73.927724762564978, 40.81045822154293 ], [ -73.93041954736043, 40.812397972189665 ], [ -73.930394519224961, 40.81253164136097 ], [ -73.930376241796367, 40.812629253273109 ], [ -73.930110858120727, 40.812967840994446 ], [ -73.929784962520955, 40.812781407473764 ], [ -73.927287548249339, 40.810849758680313 ], [ -73.927286004228364, 40.81084841866614 ], [ -73.927283862521733, 40.810845230453232 ], [ -73.927282481211378, 40.810842494769851 ], [ -73.927282041724226, 40.810840126183152 ], [ -73.927282205160751, 40.810838065947003 ], [ -73.927282954240823, 40.810835858398633 ], [ -73.927284321577545, 40.810832942548288 ], [ -73.927376246196118, 40.81068604823416 ], [ -73.927638408062677, 40.81045808633025 ], [ -73.927646322774052, 40.810452567643118 ], [ -73.927655218915547, 40.810449136025049 ], [ -73.927662859577694, 40.810447137211376 ], [ -73.927672936873265, 40.810445228174657 ], [ -73.927683824510552, 40.810444705511628 ] ] ] } },
{ "type": "Feature", "properties": { "group_id": "N1g4-325", "n_parks": 2, "extent_km": 0.314, "max_walk_m": 252.3, "park_area_acres": 0.37, "hull_area_acres": 2.53, "boroughs": "X", "members": "McKinley Square; Youth Village" }, "geometry": { "type": "Polygon", "coordinates": [ [ [ -73.902892095989813, 40.828472500795996 ], [ -73.903244588844672, 40.828557820965138 ], [ -73.900836238821157, 40.83120871644833 ], [ -73.90083374025356, 40.831210717901591 ], [ -73.90083083555642, 40.831212374115957 ], [ -73.900827608973529, 40.831213638338049 ], [ -73.9008241494722, 40.831214476425536 ], [ -73.900820554303721, 40.83121486414867 ], [ -73.90081692425602, 40.831214790788209 ], [ -73.900511816821364, 40.831177502326831 ], [ -73.900508250750562, 40.831176666292457 ], [ -73.900504924838117, 40.831175377516033 ], [ -73.900501939796328, 40.831173675706395 ], [ -73.90049938328319, 40.831171609565828 ], [ -73.90049733226779, 40.831169240394452 ], [ -73.900495845919735, 40.831166640282987 ], [ -73.900494967992515, 40.831163884010337 ], [ -73.900494726815353, 40.831161054446461 ], [ -73.900495127005073, 40.831158235341384 ], [ -73.900496158952024, 40.831155510432929 ], [ -73.900497790525051, 40.831152960737839 ], [ -73.902892095989813, 40.828472500795996 ] ] ] } },
{ "type": "Feature", "properties": { "group_id": "N1g4-326", "n_parks": 2, "extent_km": 0.477, "max_walk_m": 141.6, "park_area_acres": 10.59, "hull_area_acres": 21.84, "boroughs": "X", "members": "Mosholu Parkway (3/5); Mosholu Playground" }, "geometry": { "type": "Polygon", "coordinates": [ [ [ -73.881295406460907, 40.867726037581981 ], [ -73.883084369237807, 40.872089728907078 ], [ -73.883119660499162, 40.872827022829327 ], [ -73.882967767439183, 40.872932212572572 ], [ -73.880331300851878, 40.871438868757778 ], [ -73.879960934452043, 40.870131336848878 ], [ -73.879821411562872, 40.869638572619863 ], [ -73.879820508934188, 40.86963458071078 ], [ -73.879618779172958, 40.868639684354541 ], [ -73.879820138987441, 40.868501628573696 ], [ -73.881295406460907, 40.867726037581981 ] ] ] } },
{ "type": "Feature", "properties": { "group_id": "N1g4-327", "n_parks": 2, "extent_km": 0.27, "max_walk_m": 206.1, "park_area_acres": 12.5, "hull_area_acres": 26.46, "boroughs": "X", "members": "Mosholu Parkway (5/5); Risse Street Park" }, "geometry": { "type": "Polygon", "coordinates": [ [ [ -73.883383791488654, 40.874216031601087 ], [ -73.885401176376178, 40.877986601632394 ], [ -73.885403964855925, 40.877994586326523 ], [ -73.885405711245042, 40.878004894145256 ], [ -73.885541730775572, 40.878830949409974 ], [ -73.885232009658267, 40.879099371700136 ], [ -73.882467460867147, 40.877977920001449 ], [ -73.882444256303941, 40.877937394722991 ], [ -73.882314272102633, 40.877710384288555 ], [ -73.881850870102852, 40.876898909598786 ], [ -73.881795980751221, 40.876802681252819 ], [ -73.881783638867844, 40.876780071760123 ], [ -73.881732991957264, 40.876683280420011 ], [ -73.88168062196128, 40.876573513955222 ], [ -73.881657621271827, 40.876518599309563 ], [ -73.881636850701696, 40.876463170966261 ], [ -73.881618318444509, 40.876407288367147 ], [ -73.881602052872836, 40.876351004671179 ], [ -73.881588059826441, 40.876294368511665 ], [ -73.881586517902292, 40.876286851454317 ], [ -73.881541750364264, 40.876067351107622 ], [ -73.881540411442316, 40.876057765836009 ], [ -73.881530936626149, 40.875955574997057 ], [ -73.88152893102081, 40.875921997329669 ], [ -73.881528094016133, 40.875888393846999 ], [ -73.881534514671003, 40.875165201983457 ], [ -73.881542646996465, 40.874549948771659 ], [ -73.883383791488654, 40.874216031601087 ] ] ] } },
{ "type": "Feature", "properties": { "group_id": "N1g4-328", "n_parks": 2, "extent_km": 0.3, "max_walk_m": 116.2, "park_area_acres": 11.66, "hull_area_acres": 16.41, "boroughs": "X", "members": "Muller Triangle; St. James Park" }, "geometry": { "type": "Polygon", "coordinates": [ [ [ -73.89816709077212, 40.862436271337288 ], [ -73.898173974532824, 40.862436537654183 ], [ -73.89817898466012, 40.862437306591914 ], [ -73.898184331779973, 40.862438760199389 ], [ -73.898190533409021, 40.862441429322061 ], [ -73.89819592248611, 40.862444918074182 ], [ -73.898200400640462, 40.862449176842034 ], [ -73.899527856884689, 40.864494376471782 ], [ -73.898487799025204, 40.865832653079629 ], [ -73.897872500684741, 40.866591698417224 ], [ -73.896112324812094, 40.865804078805631 ], [ -73.898062159555963, 40.862460152433286 ], [ -73.898065471114336, 40.86245631927023 ], [ -73.89806833078346, 40.862454021944366 ], [ -73.898076660739306, 40.8624509784418 ], [ -73.89815448321751, 40.862438092707229 ], [ -73.89816709077212, 40.862436271337288 ] ] ] } },
{ "type": "Feature", "properties": { "group_id": "N1g4-329", "n_parks": 2, "extent_km": 0.2, "max_walk_m": 28.3, "park_area_acres": 2.56, "hull_area_acres": 5.1, "boroughs": "X", "members": "Ryan Triangle; Patterson Playground" }, "geometry": { "type": "Polygon", "coordinates": [ [ [ -73.924300755740475, 40.815187180293819 ], [ -73.924311059379122, 40.815188109167458 ], [ -73.924321029723814, 40.815190286811159 ], [ -73.924330408451894, 40.815193656324148 ], [ -73.924338950313341, 40.815198130197402 ], [ -73.924346430240178, 40.815203592119225 ], [ -73.924591644469714, 40.815481319335092 ], [ -73.92459177821641, 40.815481486014534 ], [ -73.924593567792058, 40.81548687756154 ], [ -73.924594169578839, 40.815492399804249 ], [ -73.924593532759786, 40.815497920336398 ], [ -73.924591677664793, 40.815503279783265 ], [ -73.924588655435713, 40.815508323292725 ], [ -73.924584555131929, 40.815512905942832 ], [ -73.924579493059653, 40.815516895436502 ], [ -73.924573616322064, 40.815520177506684 ], [ -73.923457860499127, 40.815950704731733 ], [ -73.921936088647769, 40.816328256172049 ], [ -73.921366907261046, 40.816181951041855 ], [ -73.921609820553257, 40.815635353449366 ], [ -73.922343425191741, 40.815255477130037 ], [ -73.924290391389306, 40.815187525583113 ], [ -73.924300755740475, 40.815187180293819 ] ] ] } },
{ "type": "Feature", "properties": { "group_id": "N1g4-330", "n_parks": 2, "extent_km": 0.175, "max_walk_m": 107.6, "park_area_acres": 2.32, "hull_area_acres": 5.08, "boroughs": "X", "members": "Whalen Grove; Belmont Playground" }, "geometry": { "type": "Polygon", "coordinates": [ [ [ -73.887468003336778, 40.849643055566851 ], [ -73.887844575468023, 40.84983810516384 ], [ -73.88827197352586, 40.850151657131711 ], [ -73.88836904055951, 40.85064365945442 ], [ -73.888223687411099, 40.850870935335863 ], [ -73.886126622931954, 40.851184270987503 ], [ -73.886118118244994, 40.851184590371396 ], [ -73.886109660443324, 40.851183846319593 ], [ -73.886101477185605, 40.851182059768206 ], [ -73.885760487884014, 40.851083030447846 ], [ -73.885752549756589, 40.851080080678386 ], [ -73.885745348504742, 40.851076191524193 ], [ -73.885739074882665, 40.851071465830621 ], [ -73.885733895887711, 40.851066028931498 ], [ -73.885729948837024, 40.851060025041775 ], [ -73.885727337814401, 40.851053614552377 ], [ -73.885726133682866, 40.851046966826082 ], [ -73.885726366972207, 40.851040258389659 ], [ -73.885728032630524, 40.851033668436138 ], [ -73.885731086478913, 40.851027371617079 ], [ -73.885735446403615, 40.851021534442232 ], [ -73.885740997102687, 40.851016313482809 ], [ -73.886966639932879, 40.850037094555795 ], [ -73.887468003336778, 40.849643055566851 ] ] ] } },
{ "type": "Feature", "properties": { "group_id": "N1g4-331", "n_parks": 2, "extent_km": 0.273, "max_walk_m": 209.4, "park_area_acres": 1.76, "hull_area_acres": 4.72, "boroughs": "X", "members": "Zimmerman Playground; Parkside Playground" }, "geometry": { "type": "Polygon", "coordinates": [ [ [ -73.868756448425145, 40.86578579307087 ], [ -73.869020718979073, 40.865789674604216 ], [ -73.869048844114417, 40.8665270161287 ], [ -73.868237849691852, 40.868752246192912 ], [ -73.867765305581173, 40.868754040614711 ], [ -73.867823938738994, 40.868003565769179 ], [ -73.868454731642828, 40.865790370676635 ], [ -73.868756448425145, 40.86578579307087 ] ] ] } },
{ "type": "Feature", "properties": { "group_id": "N1g4-332", "n_parks": 2, "extent_km": 0.521, "max_walk_m": 492.3, "park_area_acres": 2.52, "hull_area_acres": 26.59, "boroughs": "X", "members": "Waterfront Garden; Harding Park" }, "geometry": { "type": "Polygon", "coordinates": [ [ [ -73.856429707402555, 40.807730043890544 ], [ -73.856675971976188, 40.808794019043845 ], [ -73.857058477890703, 40.810474219888377 ], [ -73.857106846752856, 40.810757230988585 ], [ -73.856774658328547, 40.810830185129483 ], [ -73.850240147507051, 40.809928385436905 ], [ -73.85023623379071, 40.809911126791164 ], [ -73.85041393347035, 40.809615973084753 ], [ -73.856081881567832, 40.807777645533882 ], [ -73.856429707402555, 40.807730043890544 ] ] ] } },
{ "type": "Feature", "properties": { "group_id": "N1g4-333", "n_parks": 2, "extent_km": 0.496, "max_walk_m": 287.2, "park_area_acres": 1.9, "hull_area_acres": 14.67, "boroughs": "X", "members": "Henry Hudson Parkway (1/8); Hackett Park" }, "geometry": { "type": "Polygon", "coordinates": [ [ [ -73.90794196774678, 40.895624572084472 ], [ -73.907973363133891, 40.895626205506915 ], [ -73.908227437138038, 40.895639424016352 ], [ -73.908272928196936, 40.895641790684508 ], [ -73.908169848356863, 40.897144326394496 ], [ -73.908141476961603, 40.897550726673934 ], [ -73.908132375764907, 40.897655575438151 ], [ -73.908119059601319, 40.897760167808876 ], [ -73.908105137371123, 40.897843012095684 ], [ -73.908101536897604, 40.897864402937188 ], [ -73.9080787359851, 40.897976019630796 ], [ -73.908050874381289, 40.898088739882709 ], [ -73.908019453357824, 40.898197370891815 ], [ -73.907983040734578, 40.898306885789253 ], [ -73.907955037937768, 40.898380803130756 ], [ -73.907924327772236, 40.898454101473554 ], [ -73.907890950667905, 40.898526716913231 ], [ -73.907854913801359, 40.898598603528661 ], [ -73.90778444145451, 40.8987264844557 ], [ -73.907737451031849, 40.898811741676248 ], [ -73.90758957930673, 40.89906659099924 ], [ -73.907522369914801, 40.899175446237152 ], [ -73.907510872831622, 40.899192558500772 ], [ -73.905868597165707, 40.901575833637914 ], [ -73.90586564740309, 40.901579573643303 ], [ -73.905864635880192, 40.901580668707282 ], [ -73.905862207514062, 40.901583296139762 ], [ -73.905859243174959, 40.901585596259572 ], [ -73.905857680808595, 40.9015868079372 ], [ -73.905853429100276, 40.901589722937956 ], [ -73.905850206547385, 40.901591662653459 ], [ -73.905844940198051, 40.901594521896946 ], [ -73.905839112415137, 40.901596595460468 ], [ -73.905833906369423, 40.901597936537037 ], [ -73.905828981086913, 40.901598799685509 ], [ -73.905824008625544, 40.901599455684071 ], [ -73.905819472991297, 40.901600053507259 ], [ -73.905818068887385, 40.901600132504889 ], [ -73.905396355891043, 40.90162371446327 ], [ -73.905179567146305, 40.901635836323457 ], [ -73.905167439384599, 40.901636514331763 ], [ -73.905167175118862, 40.901636239467116 ], [ -73.905130954516537, 40.901598299342986 ], [ -73.905102344109508, 40.901556785139356 ], [ -73.905081944353853, 40.901512568123401 ], [ -73.905070184717758, 40.901466577951695 ], [ -73.905067311845627, 40.901419781048865 ], [ -73.905073387214927, 40.901373160794385 ], [ -73.90508828123464, 40.901327695906261 ], [ -73.90794196774678, 40.895624572084472 ] ] ] } },
{ "type": "Feature", "properties": { "group_id": "N1g4-334", "n_parks": 2, "extent_km": 0.181, "max_walk_m": 161.0, "park_area_acres": 0.82, "hull_area_acres": 3.76, "boroughs": "X", "members": "Goble Playground; Inwood Park" }, "geometry": { "type": "Polygon", "coordinates": [ [ [ -73.916901466458341, 40.843499342162708 ], [ -73.917344440538628, 40.843690066997063 ], [ -73.917291444150678, 40.844057757045668 ], [ -73.915690539469765, 40.844940193243751 ], [ -73.915013741449044, 40.844858029986817 ], [ -73.914663510211426, 40.844715593490356 ], [ -73.914672825894669, 40.844702568448092 ], [ -73.916901466458341, 40.843499342162708 ] ] ] } },
{ "type": "Feature", "properties": { "group_id": "N1g4-335", "n_parks": 2, "extent_km": 0.417, "max_walk_m": 360.2, "park_area_acres": 3.61, "hull_area_acres": 15.59, "boroughs": "X", "members": "Watson Gleason Playground; Justice Sotomayor Houses Playground" }, "geometry": { "type": "Polygon", "coordinates": [ [ [ -73.869099537093149, 40.827413869601862 ], [ -73.869553840807768, 40.829362093296169 ], [ -73.868815579707316, 40.829460501308816 ], [ -73.863958955377313, 40.827891095549852 ], [ -73.863895435408381, 40.827616432298953 ], [ -73.864243471934941, 40.827569990621051 ], [ -73.869099537093149, 40.827413869601862 ] ] ] } },
{ "type": "Feature", "properties": { "group_id": "N1g4-336", "n_parks": 2, "extent_km": 0.093, "max_walk_m": 0.0, "park_area_acres": 0.05, "hull_area_acres": 0.67, "boroughs": "X", "members": "Park; Park" }, "geometry": { "type": "Polygon", "coordinates": [ [ [ -73.921325202633611, 40.844299780379636 ], [ -73.921341161532126, 40.844306276613466 ], [ -73.921248140113875, 40.844455706673678 ], [ -73.92051825274261, 40.844596717612802 ], [ -73.920096808638945, 40.844536827324866 ], [ -73.919684636087609, 40.844390250597634 ], [ -73.919693301005211, 40.844377164363756 ], [ -73.921325202633611, 40.844299780379636 ] ] ] } },
{ "type": "Feature", "properties": { "group_id": "N1g4-337", "n_parks": 2, "extent_km": 0.067, "max_walk_m": 68.4, "park_area_acres": 0.05, "hull_area_acres": 1.16, "boroughs": "X", "members": "Park; Park" }, "geometry": { "type": "Polygon", "coordinates": [ [ [ -73.917945173875765, 40.844670168328967 ], [ -73.918308292991753, 40.844710388137727 ], [ -73.91820044273797, 40.845381689454427 ], [ -73.918200426013783, 40.845381789397251 ], [ -73.918200416457637, 40.845381846121526 ], [ -73.918200048553061, 40.845384023252208 ], [ -73.918198124232106, 40.845395401414947 ], [ -73.918146279989557, 40.845390363300808 ], [ -73.917335986778596, 40.845311616389147 ], [ -73.917608397144434, 40.84479109139 ], [ -73.917945173875765, 40.844670168328967 ] ] ] } },
{ "type": "Feature", "properties": { "group_id": "N1g4-338", "n_parks": 2, "extent_km": 0.052, "max_walk_m": 60.7, "park_area_acres": 0.07, "hull_area_acres": 1.5, "boroughs": "X", "members": "Park; Park" }, "geometry": { "type": "Polygon", "coordinates": [ [ [ -73.89380757357435, 40.843165594156993 ], [ -73.894389288330842, 40.843509755604131 ], [ -73.893480046722374, 40.84391120592143 ], [ -73.893154575204406, 40.843780126259389 ], [ -73.892881799980344, 40.843619305403088 ], [ -73.892892415119178, 40.843608192366581 ], [ -73.893296601701479, 40.84321589422786 ], [ -73.893308630731227, 40.843204411457023 ], [ -73.89380757357435, 40.843165594156993 ] ] ] } },
{ "type": "Feature", "properties": { "group_id": "N1g4-339", "n_parks": 2, "extent_km": 0.615, "max_walk_m": 543.9, "park_area_acres": 0.94, "hull_area_acres": 6.84, "boroughs": "X", "members": "Chief Dennis L. Devlin Park; Havemeyer Playground" }, "geometry": { "type": "Polygon", "coordinates": [ [ [ -73.847513955406654, 40.829667832792076 ], [ -73.84849111759678, 40.82996216465181 ], [ -73.85531628055648, 40.832017919361377 ], [ -73.854373044709476, 40.832150362131735 ], [ -73.847592536430511, 40.83008304197466 ], [ -73.847497586463263, 40.829680424397004 ], [ -73.847513955406654, 40.829667832792076 ] ] ] } },
{ "type": "Feature", "properties": { "group_id": "N1g4-340", "n_parks": 2, "extent_km": 0.227, "max_walk_m": 239.8, "park_area_acres": 0.44, "hull_area_acres": 8.68, "boroughs": "X", "members": "Park; Van Cortlandt's Tail" }, "geometry": { "type": "Polygon", "coordinates": [ [ [ -73.89830616070094, 40.884363521365913 ], [ -73.898321421207712, 40.88437298812039 ], [ -73.900007489162675, 40.885903672874761 ], [ -73.899740305834854, 40.886261752758394 ], [ -73.899696272517588, 40.886308873875002 ], [ -73.899658215835828, 40.88633390133365 ], [ -73.899614679008522, 40.88635310687151 ], [ -73.899553123743345, 40.886368185993462 ], [ -73.899503008368768, 40.886371921711167 ], [ -73.899467083880737, 40.886370206517178 ], [ -73.899431783064003, 40.886364865596725 ], [ -73.896431605294055, 40.885790045244178 ], [ -73.89650663102536, 40.885548041045475 ], [ -73.898017965866302, 40.884539235698391 ], [ -73.89830616070094, 40.884363521365913 ] ] ] } },
{ "type": "Feature", "properties": { "group_id": "N1g4-341", "n_parks": 2, "extent_km": 0.196, "max_walk_m": 193.5, "park_area_acres": 2.28, "hull_area_acres": 6.66, "boroughs": "X", "members": "Caserta Playground; Castle Hill Playground" }, "geometry": { "type": "Polygon", "coordinates": [ [ [ -73.854478136964076, 40.8370906930244 ], [ -73.854553865854243, 40.837479088246873 ], [ -73.853744598504377, 40.839664949590393 ], [ -73.853013763770406, 40.839744262727578 ], [ -73.852815151677035, 40.838676500093392 ], [ -73.853506602787803, 40.83719626453501 ], [ -73.854478136964076, 40.8370906930244 ] ] ] } },
{ "type": "Feature", "properties": { "group_id": "N1g4-342", "n_parks": 2, "extent_km": 0.156, "max_walk_m": 75.6, "park_area_acres": 1.37, "hull_area_acres": 3.46, "boroughs": "X", "members": "Millbrook Playground; United We Stand Garden" }, "geometry": { "type": "Polygon", "coordinates": [ [ [ -73.916324708533224, 40.803981825021062 ], [ -73.917212075131758, 40.80435526957384 ], [ -73.917138498469697, 40.804679146884105 ], [ -73.915676543970221, 40.805588933260822 ], [ -73.915449174113377, 40.805492863604549 ], [ -73.915204238321806, 40.805389342458248 ], [ -73.915382773440129, 40.805143232237768 ], [ -73.916324708533224, 40.803981825021062 ] ] ] } },
{ "type": "Feature", "properties": { "group_id": "N1g4-343", "n_parks": 2, "extent_km": 0.387, "max_walk_m": 326.6, "park_area_acres": 2.25, "hull_area_acres": 30.36, "boroughs": "X", "members": "Park; Castle Hill Little League Field" }, "geometry": { "type": "Polygon", "coordinates": [ [ [ -73.843560032899703, 40.827551752685956 ], [ -73.843560766279083, 40.827554459672996 ], [ -73.843907610580501, 40.829011172895392 ], [ -73.844755875999155, 40.832691328717821 ], [ -73.843465942771061, 40.832864267799863 ], [ -73.839945579737631, 40.828017851545468 ], [ -73.841126983209364, 40.82783886357322 ], [ -73.841940177869787, 40.827715886287102 ], [ -73.842470771545635, 40.82763657797328 ], [ -73.842757247842812, 40.827607703711031 ], [ -73.843044477435967, 40.827583532155657 ], [ -73.843302056881328, 40.82756578696624 ], [ -73.843560032899703, 40.827551752685956 ] ] ] } },
{ "type": "Feature", "properties": { "group_id": "N1g4-344", "n_parks": 2, "extent_km": 0.151, "max_walk_m": 51.1, "park_area_acres": 1.11, "hull_area_acres": 3.53, "boroughs": "X", "members": "Morgan Playground; Rev Lena Irons Unity Park" }, "geometry": { "type": "Polygon", "coordinates": [ [ [ -73.90653045219311, 40.830825751278908 ], [ -73.906954370479298, 40.830963246689997 ], [ -73.907852721354246, 40.831830735885411 ], [ -73.907302137814611, 40.832810404115747 ], [ -73.907017991908134, 40.83271828168084 ], [ -73.906360320101669, 40.831125229603266 ], [ -73.906497117845802, 40.830880876882958 ], [ -73.90653045219311, 40.830825751278908 ] ] ] } },
{ "type": "Feature", "properties": { "group_id": "N1g4-345", "n_parks": 2, "extent_km": 0.095, "max_walk_m": 121.9, "park_area_acres": 0.88, "hull_area_acres": 1.74, "boroughs": "X", "members": "Little Claremont Playground; Jardin De La Familia" }, "geometry": { "type": "Polygon", "coordinates": [ [ [ -73.90338795241361, 40.837776971212051 ], [ -73.903869074506389, 40.837931640463651 ], [ -73.904087943265822, 40.838595414741825 ], [ -73.903787786457158, 40.839128402148681 ], [ -73.903452664235743, 40.83901853200652 ], [ -73.903248497469164, 40.83802580491362 ], [ -73.90338795241361, 40.837776971212051 ] ] ] } }
]
}
