park_id,name,typecategory,borough,acres,N1abs_group,N1abs_group_size,N1abs_group_strict,N1abs_iso,N1abs_grouped,N1abs_core,N1abs_status,N1rel_group,N1rel_group_size,N1rel_group_strict,N1rel_iso,N1rel_grouped,N1rel_core,N1rel_status,N2_group,N2_group_size,N2_group_strict,N2_iso,N2_grouped,N2_core,N2_status,N3_group,N3_group_size,N3_group_strict,N3_iso,N3_grouped,N3_core,N3_status,n_grouped,n_isolated,cross_status
B001,American Playground,Playground,B,0.896,29,53,45,0.0,1.0,0.917,grouped,3,57,11,0.0,1.0,0.5,grouped,-1,1,-1,0.556,0.444,0.444,unstable,-1,1,-1,1.0,0.0,0.0,robust isolated,1,1,definition-specific
B002,Amersfort Park,Neighborhood Park,B,3.557,-1,1,-1,0.583,0.417,0.167,unstable,5,107,33,0.0,1.0,1.0,grouped,-1,1,-1,1.0,0.0,0.0,robust isolated,-1,1,-1,1.0,0.0,0.0,robust isolated,0,2,isolated in ≥2
B003,Bartel-Pritchard Square,Triangle/Plaza,B,1.711,57,5,-1,0.25,0.75,0.25,grouped,6,111,47,0.0,1.0,1.0,grouped,-1,1,-1,1.0,0.0,0.0,robust isolated,-1,1,-1,1.0,0.0,0.0,robust isolated,1,2,isolated in ≥2
B006,Beattie Square,Triangle/Plaza,B,0.012,67,36,106,0.0,1.0,0.75,grouped,4,126,19,0.0,1.0,1.0,grouped,39,7,47,0.0,1.0,1.0,grouped,-1,1,-1,0.812,0.188,0.0,robust isolated,2,1,grouped in ≥2
B007,Bensonhurst Park,Recreational Field/Courts,B,17.5,107,12,-1,0.333,0.667,0.333,grouped,5,107,28,0.0,1.0,1.0,grouped,189,3,214,0.0,0.889,0.0,grouped,-1,1,-1,1.0,0.0,0.0,robust isolated,2,1,grouped in ≥2
B008,Betsy Head Park,Community Park,B,10.555,10,18,15,0.0,1.0,1.0,grouped,1,114,1,0.0,1.0,1.0,grouped,-1,1,-1,0.667,0.333,0.333,unstable,-1,1,-1,1.0,0.0,0.0,robust isolated,1,1,definition-specific
B012,Brower Park,Neighborhood Park,B,7.047,47,39,66,0.0,1.0,1.0,grouped,2,50,5,0.0,1.0,1.0,grouped,95,3,114,0.222,0.778,0.778,grouped,-1,1,-1,0.875,0.0,0.0,robust isolated,2,1,grouped in ≥2
B016,Maria Hernandez Park,Neighborhood Park,B,6.873,53,13,82,0.0,1.0,1.0,grouped,4,126,20,0.0,1.0,1.0,grouped,-1,1,-1,0.778,0.222,0.0,unstable,-1,1,-1,1.0,0.0,0.0,robust isolated,1,1,definition-specific
B017,Bushwick Playground,Jointly Operated Playground,B,2.783,53,13,82,0.0,1.0,1.0,grouped,4,126,20,0.0,1.0,1.0,grouped,-1,1,-1,1.0,0.0,0.0,robust isolated,-1,1,-1,1.0,0.0,0.0,robust isolated,1,2,isolated in ≥2
B019,Carroll Park,Neighborhood Park,B,1.874,130,19,195,0.0,1.0,1.0,grouped,6,111,47,0.0,1.0,1.0,grouped,1,4,-1,0.222,0.778,0.778,grouped,-1,1,-1,1.0,0.0,0.0,robust isolated,2,1,grouped in ≥2
B021,Commodore Barry Park,Community Park,B,10.391,64,22,98,0.0,1.0,1.0,grouped,4,126,19,0.0,1.0,1.0,grouped,-1,1,-1,0.778,0.222,0.222,unstable,-1,1,-1,0.562,0.438,0.0,unstable,1,0,definition-specific
B022,Sarah J.S. Tompkins Garnet Playground,Playground,B,1.101,28,5,41,0.0,1.0,0.5,grouped,3,57,11,0.0,1.0,1.0,grouped,-1,1,-1,1.0,0.0,0.0,robust isolated,-1,1,-1,0.875,0.0,0.0,robust isolated,1,2,isolated in ≥2
B023,Lafayette Playground,Playground,B,0.517,66,2,102,0.125,0.75,0.75,grouped,4,126,19,0.0,1.0,1.0,grouped,-1,1,-1,0.889,0.111,0.111,robust isolated,15,2,-1,0.312,0.188,0.125,grouped,2,1,grouped in ≥2
B024,Orient Grove,Garden,B,0.149,29,53,46,0.0,1.0,0.75,grouped,3,57,11,0.0,1.0,1.0,grouped,-1,1,-1,0.778,0.222,0.222,unstable,-1,1,-1,0.625,0.25,0.0,unstable,1,0,definition-specific
B025,Cooper Park,Neighborhood Park,B,6.401,29,53,46,0.0,1.0,0.75,grouped,3,57,11,0.0,1.0,1.0,grouped,-1,1,-1,0.889,0.0,0.0,robust isolated,-1,1,-1,1.0,0.0,0.0,robust isolated,1,2,isolated in ≥2
B026,Cuyler Gore Park,Neighborhood Park,B,1.158,64,22,100,0.0,1.0,1.0,grouped,4,126,19,0.0,1.0,1.0,grouped,-1,1,-1,0.889,0.111,0.111,robust isolated,-1,1,-1,1.0,0.0,0.0,robust isolated,1,2,isolated in ≥2
B027,Veterans Triangle,Triangle/Plaza,B,0.025,9,16,12,0.0,1.0,1.0,grouped,1,114,1,0.0,1.0,1.0,grouped,-1,1,-1,0.667,0.333,0.333,unstable,-1,1,-1,1.0,0.0,0.0,robust isolated,1,1,definition-specific
B029,Eastern Parkway,Parkway,B,63.636,47,39,66,0.0,1.0,1.0,grouped,4,126,21,0.0,1.0,1.0,grouped,95,3,114,0.111,0.889,0.889,grouped,-1,1,-1,1.0,0.0,0.0,robust isolated,2,1,grouped in ≥2
B030,Eastern Parkway Extension,Mall,B,2.064,47,39,67,0.0,1.0,1.0,grouped,2,50,5,0.0,1.0,1.0,grouped,39,7,47,0.0,1.0,1.0,grouped,-1,1,-1,1.0,0.0,0.0,robust isolated,2,1,grouped in ≥2
B031,Fidelity Triangle,Triangle/Plaza,B,0.005,29,53,46,0.0,1.0,0.75,grouped,3,57,11,0.0,1.0,1.0,grouped,-1,1,-1,1.0,0.0,0.0,robust isolated,-1,1,-1,0.938,0.062,0.0,robust isolated,1,2,isolated in ≥2
B032,Fort Greene Park,Community Park,B,30.168,64,22,98,0.0,1.0,1.0,grouped,4,126,19,0.0,1.0,1.0,grouped,71,6,89,0.111,0.889,0.889,grouped,-1,1,-1,1.0,0.0,0.0,robust isolated,2,1,grouped in ≥2
B033,Fort Hamilton Triangle,Triangle/Plaza,B,0.019,139,26,208,0.25,0.75,0.5,grouped,6,111,46,0.0,1.0,0.5,grouped,-1,1,-1,0.556,0.444,0.444,unstable,-1,1,-1,1.0,0.0,0.0,robust isolated,1,1,definition-specific
B035,John Paul Jones Park,Neighborhood Park,B,5.317,139,26,208,0.0,1.0,0.667,grouped,6,111,46,0.0,1.0,1.0,grouped,-1,1,-1,0.556,0.444,0.444,unstable,-1,1,-1,1.0,0.0,0.0,robust isolated,1,1,definition-specific
B036,Fort Stirling Park,Triangle/Plaza,B,0.214,127,30,191,0.0,1.0,1.0,grouped,6,111,47,0.0,1.0,1.0,grouped,-1,1,-1,1.0,0.0,0.0,robust isolated,-1,1,-1,1.0,0.0,0.0,robust isolated,1,2,isolated in ≥2
B037,Freedom Triangle,Triangle/Plaza,B,0.004,53,13,82,0.0,1.0,0.833,grouped,4,126,19,0.0,1.0,1.0,grouped,71,6,89,0.111,0.889,0.889,grouped,-1,1,-1,1.0,0.0,0.0,robust isolated,2,1,grouped in ≥2
B038,Fulton Park,Neighborhood Park,B,1.987,47,39,66,0.0,1.0,1.0,grouped,4,126,19,0.0,1.0,1.0,grouped,9,2,-1,0.444,0.222,0.222,grouped,-1,1,-1,0.75,0.25,0.188,unstable,2,0,grouped in ≥2
B040,Grand Army Plaza,Triangle/Plaza,B,14.257,57,5,87,0.125,0.875,0.583,grouped,6,111,47,0.0,1.0,1.0,grouped,-1,1,-1,0.889,0.0,0.0,robust isolated,-1,1,-1,0.75,0.0,0.0,unstable,1,1,definition-specific
B041,Grant Gore,Triangle/Plaza,B,0.019,47,39,-1,0.0,1.0,0.833,grouped,2,50,5,0.0,1.0,1.0,grouped,-1,1,-1,1.0,0.0,0.0,robust isolated,-1,1,-1,0.875,0.125,0.0,robust isolated,1,2,isolated in ≥2
B042,Gravesend Park,Neighborhood Park,B,6.379,-1,1,-1,0.667,0.333,0.25,unstable,5,107,34,0.0,1.0,1.0,grouped,-1,1,-1,0.889,0.111,0.056,robust isolated,-1,1,-1,0.875,0.125,0.0,robust isolated,0,2,isolated in ≥2
B043,Greenpoint Playground,Playground,B,0.504,29,53,45,0.0,1.0,0.75,grouped,3,57,11,0.0,1.0,0.5,grouped,-1,1,-1,0.556,0.444,0.444,unstable,-1,1,-1,0.938,0.0,0.0,robust isolated,1,1,definition-specific
B044,Dr. Ronald McNair Park,Neighborhood Park,B,1.361,58,5,90,0.0,0.667,0.625,grouped,4,126,21,0.0,1.0,1.0,grouped,-1,1,-1,0.778,0.222,0.222,unstable,-1,1,-1,0.875,0.0,0.0,robust isolated,1,1,definition-specific
B045,Heisser Triangle,Triangle/Plaza,B,0.027,53,13,82,0.0,1.0,1.0,grouped,4,126,20,0.0,1.0,1.0,grouped,71,6,89,0.111,0.889,0.889,grouped,-1,1,-1,1.0,0.0,0.0,robust isolated,2,1,grouped in ≥2
B047A,Highland Park Childrens Garden,Garden,B,0.41,15,2,-1,0.5,0.417,0.375,grouped,1,114,1,0.0,1.0,1.0,grouped,-1,1,-1,1.0,0.0,0.0,robust isolated,-1,1,-1,0.938,0.0,0.0,robust isolated,1,2,isolated in ≥2
B049,Irving Square Park,Neighborhood Park,B,2.76,53,13,82,0.0,1.0,0.875,grouped,4,126,20,0.0,1.0,1.0,grouped,-1,1,-1,0.889,0.0,0.0,robust isolated,-1,1,-1,1.0,0.0,0.0,robust isolated,1,2,isolated in ≥2
B050,Van Voorhees Playground,Playground,B,5.739,130,19,195,0.0,1.0,0.958,grouped,6,111,47,0.0,1.0,1.0,grouped,-1,1,-1,1.0,0.0,0.0,robust isolated,-1,1,-1,0.938,0.0,0.0,robust isolated,1,2,isolated in ≥2
B051,Kelly Park Playground,Neighborhood Park,B,3.449,105,10,156,0.0,1.0,0.5,grouped,5,107,28,0.0,1.0,1.0,grouped,-1,1,-1,1.0,0.0,0.0,robust isolated,-1,1,-1,1.0,0.0,0.0,robust isolated,1,2,isolated in ≥2
B052,Leif Ericson Park,Neighborhood Park,B,16.8,139,26,208,0.0,1.0,0.75,grouped,6,111,46,0.0,1.0,1.0,grouped,-1,1,-1,0.556,0.444,0.444,unstable,-1,1,-1,1.0,0.0,0.0,robust isolated,1,1,definition-specific
B054,Lincoln Terrace / Arthur S. Somers Park,Community Park,B,17.14,47,39,67,0.083,0.917,0.667,grouped,1,114,1,0.0,1.0,1.0,grouped,-1,1,-1,0.778,0.222,0.222,unstable,-1,1,-1,1.0,0.0,0.0,robust isolated,1,1,definition-specific
B055,Sternberg Park,Playground,B,4.044,29,53,46,0.25,0.75,0.75,grouped,3,57,11,0.0,1.0,1.0,grouped,-1,1,-1,0.889,0.111,0.111,robust isolated,-1,1,-1,1.0,0.0,0.0,robust isolated,1,2,isolated in ≥2
B056,Martin Luther King Jr. Playground,Playground,B,2.29,16,48,25,0.0,1.0,1.0,grouped,1,114,1,0.0,1.0,1.0,grouped,-1,1,-1,0.778,0.222,0.222,unstable,-1,1,-1,0.875,0.125,0.0,robust isolated,1,1,definition-specific
B058,McCarren Park,Community Park,B,36.493,29,53,46,0.0,1.0,1.0,grouped,3,57,11,0.0,1.0,1.0,grouped,65,13,82,0.111,0.889,0.778,grouped,-1,1,-1,1.0,0.0,0.0,robust isolated,2,1,grouped in ≥2
B060,McKinley Park,Neighborhood Park,B,8.25,139,26,208,0.0,1.0,0.75,grouped,6,111,46,0.0,1.0,1.0,grouped,-1,1,-1,0.778,0.222,0.222,unstable,-1,1,-1,1.0,0.0,0.0,robust isolated,1,1,definition-specific
B061,McLaughlin Park,Recreational Field/Courts,B,1.976,127,30,191,0.0,1.0,0.5,grouped,6,111,47,0.0,1.0,1.0,grouped,1,4,1,0.222,0.778,0.778,grouped,-1,1,-1,1.0,0.0,0.0,robust isolated,2,1,grouped in ≥2
B062,Memorial Gore,Triangle/Plaza,B,0.066,29,53,46,0.0,1.0,0.917,grouped,3,57,11,0.0,1.0,1.0,grouped,-1,1,-1,0.778,0.222,0.222,unstable,-1,1,-1,0.75,0.25,0.0,unstable,1,0,definition-specific
B063,Milestone Park,Neighborhood Park,B,0.476,-1,1,-1,0.5,0.417,0.333,unstable,5,107,28,0.0,1.0,1.0,grouped,-1,1,-1,0.889,0.111,0.056,robust isolated,-1,1,-1,0.875,0.125,0.0,robust isolated,0,2,isolated in ≥2
B066,Owl's Head Park,Neighborhood Park,B,24.218,139,26,-1,0.25,0.667,0.417,grouped,6,111,46,0.0,1.0,1.0,grouped,207,2,-1,0.444,0.111,0.0,grouped,-1,1,-1,1.0,0.0,0.0,robust isolated,2,1,grouped in ≥2
B068,Parade Ground,Recreational Field/Courts,B,39.5,112,7,171,0.0,0.75,0.458,grouped,5,107,28,0.0,1.0,1.0,grouped,-1,1,-1,1.0,0.0,0.0,robust isolated,-1,1,-1,1.0,0.0,0.0,robust isolated,1,2,isolated in ≥2
B070,Machate Circle,Triangle/Plaza,B,4.32,-1,1,-1,0.667,0.333,0.167,unstable,5,107,28,0.0,1.0,0.5,grouped,-1,1,-1,1.0,0.0,0.0,robust isolated,-1,1,-1,0.875,0.0,0.0,robust isolated,0,2,isolated in ≥2
B077,Coffey Park,Neighborhood Park,B,8.271,130,19,195,0.25,0.75,0.25,grouped,6,111,-1,0.5,0.5,0.0,grouped,-1,1,-1,1.0,0.0,0.0,robust isolated,-1,1,-1,1.0,0.0,0.0,robust isolated,1,2,isolated in ≥2
B078,Grace Playground,Jointly Operated Playground,B,2.73,16,48,23,0.0,1.0,1.0,grouped,1,114,1,0.0,1.0,1.0,grouped,-1,1,-1,0.556,0.444,0.444,unstable,-1,1,-1,0.875,0.062,0.0,robust isolated,1,1,definition-specific
B079,Saratoga Park,Neighborhood Park,B,3.214,49,11,78,0.0,1.0,1.0,grouped,4,126,19,0.0,1.0,1.0,grouped,-1,1,-1,0.556,0.111,0.0,unstable,-1,1,-1,0.562,0.375,0.188,unstable,1,0,definition-specific
B080,Asser Levy Park,Community Park,B,21.039,121,12,183,0.0,1.0,0.583,grouped,5,107,29,0.0,1.0,1.0,grouped,-1,1,-1,0.667,0.333,0.278,unstable,-1,1,-1,0.5,0.125,0.0,unstable,1,0,definition-specific
B082,Shore Park and Parkway,Community Park,B,58.0,139,26,208,0.0,1.0,0.833,grouped,6,111,46,0.0,1.0,1.0,grouped,112,2,-1,0.333,0.444,0.444,grouped,-1,1,-1,1.0,0.0,0.0,robust isolated,2,1,grouped in ≥2
B087,Sunset Park,Community Park,B,24.498,139,26,206,0.0,1.0,0.708,grouped,6,111,46,0.0,1.0,1.0,grouped,-1,1,-1,0.778,0.222,0.222,unstable,-1,1,-1,1.0,0.0,0.0,robust isolated,1,1,definition-specific
B088,Herbert Von King Park,Community Park,B,7.819,67,36,106,0.0,1.0,1.0,grouped,4,126,19,0.0,1.0,1.0,grouped,65,13,82,0.222,0.778,0.778,grouped,-1,1,-1,1.0,0.0,0.0,robust isolated,2,1,grouped in ≥2
B089,Lowry Triangle,Triangle/Plaza,B,0.11,58,5,91,0.0,1.0,1.0,grouped,4,126,21,0.0,1.0,1.0,grouped,-1,1,-1,0.778,0.222,0.222,unstable,-1,1,-1,0.938,0.062,0.0,robust isolated,1,1,definition-specific
B090,Sobel Playground,Playground,B,0.135,29,53,46,0.0,1.0,1.0,grouped,4,126,20,0.0,1.0,1.0,grouped,-1,1,-1,0.778,0.222,0.222,unstable,-1,1,-1,1.0,0.0,0.0,robust isolated,1,1,definition-specific
B093,Weeksville Playground,Playground,B,0.295,47,39,66,0.083,0.917,0.75,grouped,2,50,5,0.0,1.0,1.0,grouped,-1,1,-1,1.0,0.0,0.0,robust isolated,130,2,141,0.25,0.0,0.0,grouped,2,1,grouped in ≥2
B094,Sgt. Joyce Kilmer Square,Triangle/Plaza,B,0.001,107,12,160,0.25,0.667,0.417,grouped,5,107,28,0.0,1.0,1.0,grouped,-1,1,-1,0.778,0.222,0.222,unstable,-1,1,-1,1.0,0.0,0.0,robust isolated,1,1,definition-specific
B095,Ennis Playground,Playground,B,0.554,-1,1,-1,0.75,0.25,0.167,unstable,6,111,47,0.0,1.0,1.0,grouped,-1,1,-1,1.0,0.0,0.0,robust isolated,-1,1,-1,1.0,0.0,0.0,robust isolated,0,2,isolated in ≥2
B096,Sgt. William Dougherty Playground,Playground,B,0.429,-1,1,-1,0.583,0.417,0.417,unstable,3,57,11,0.0,1.0,1.0,grouped,-1,1,-1,1.0,0.0,0.0,robust isolated,-1,1,-1,1.0,0.0,0.0,robust isolated,0,2,isolated in ≥2
B097,Sledge Playground,Playground,B,0.328,-1,1,-1,0.75,0.25,0.167,unstable,5,107,-1,0.5,0.5,0.5,grouped,-1,1,-1,1.0,0.0,0.0,robust isolated,-1,1,-1,1.0,0.0,0.0,robust isolated,0,2,isolated in ≥2
B098,Martin Luther Playground,Playground,B,0.913,139,26,206,0.25,0.75,0.625,grouped,6,111,46,0.0,1.0,1.0,grouped,112,2,-1,0.444,0.333,0.0,grouped,-1,1,-1,0.812,0.0,0.0,robust isolated,2,1,grouped in ≥2
B099,Lt. Joseph Petrosino Park,Playground,B,0.871,-1,1,-1,0.667,0.25,0.25,unstable,6,111,46,0.0,1.0,1.0,grouped,109,6,-1,0.444,0.556,0.556,grouped,-1,1,-1,1.0,0.0,0.0,robust isolated,1,1,definition-specific
B100,Seth Low Playground/ Bealin Square,Neighborhood Park,B,4.945,107,12,163,0.25,0.75,0.5,grouped,5,107,28,0.0,1.0,1.0,grouped,189,3,214,0.111,0.889,0.0,grouped,-1,1,-1,1.0,0.0,0.0,robust isolated,2,1,grouped in ≥2
B102,Crispus Attucks Playground,Playground,B,0.934,64,22,100,0.0,0.917,0.75,grouped,4,126,19,0.0,1.0,1.0,grouped,-1,1,-1,0.889,0.111,0.111,robust isolated,-1,1,-1,0.812,0.125,0.0,robust isolated,1,2,isolated in ≥2
B103,Cypress Hills Playground,Neighborhood Park,B,4.947,13,2,19,0.25,0.5,0.333,grouped,1,114,2,0.0,1.0,1.0,grouped,-1,1,-1,1.0,0.0,0.0,robust isolated,-1,1,-1,0.938,0.0,0.0,robust isolated,1,2,isolated in ≥2
B105,Taaffe Playground,Neighborhood Park,B,1.821,67,36,105,0.0,1.0,0.667,grouped,4,126,19,0.0,1.0,1.0,grouped,71,6,89,0.0,0.889,0.889,grouped,-1,1,-1,0.875,0.0,0.0,robust isolated,2,1,grouped in ≥2
B106A,Police Officer John G. Scarangella Park,Neighborhood Park,B,3.214,107,12,161,0.0,1.0,0.833,grouped,5,107,28,0.0,1.0,1.0,grouped,191,3,218,0.111,0.889,0.778,grouped,-1,1,-1,1.0,0.0,0.0,robust isolated,2,1,grouped in ≥2
B106B,Lafayette Playground,Jointly Operated Playground,B,1.187,107,12,-1,0.417,0.583,0.417,grouped,5,107,28,0.0,1.0,1.0,grouped,-1,1,-1,0.667,0.333,0.0,unstable,-1,1,-1,1.0,0.0,0.0,robust isolated,1,1,definition-specific
B107,Lion's Pride Playground,Playground,B,0.865,7,2,10,0.0,0.5,0.5,grouped,1,114,1,0.0,1.0,1.0,grouped,-1,1,-1,1.0,0.0,0.0,robust isolated,-1,1,-1,1.0,0.0,0.0,robust isolated,1,2,isolated in ≥2
B109,Bill Brown Playground,Neighborhood Park,B,3.214,105,10,155,0.0,1.0,0.625,grouped,5,107,28,0.0,1.0,1.0,grouped,-1,1,-1,0.889,0.111,0.111,robust isolated,-1,1,-1,0.875,0.0,0.0,robust isolated,1,2,isolated in ≥2
B110,Marion Hopkinson Playground,Neighborhood Park,B,1.32,48,7,75,0.0,1.0,0.667,grouped,2,50,5,0.0,1.0,1.0,grouped,-1,1,-1,0.778,0.222,0.222,unstable,-1,1,-1,0.625,0.0,0.0,unstable,1,0,definition-specific
B111,Washington Park,Neighborhood Park,B,3.03,147,7,-1,0.25,0.75,0.417,grouped,6,111,46,0.0,1.0,1.0,grouped,-1,1,-1,0.778,0.167,0.167,unstable,-1,1,-1,1.0,0.0,0.0,robust isolated,1,1,definition-specific
B111A,Washington Skate Park,Jointly Operated Playground,B,1.549,-1,1,-1,0.833,0.167,0.167,robust isolated,6,111,47,0.0,1.0,1.0,grouped,-1,1,-1,1.0,0.0,0.0,robust isolated,-1,1,-1,1.0,0.0,0.0,robust isolated,0,3,isolated in all
B113A,Cadman Plaza Park,Neighborhood Park,B,10.384,127,30,191,0.0,1.0,1.0,grouped,6,111,47,0.0,1.0,0.5,grouped,3,6,-1,0.333,0.667,0.667,grouped,-1,1,-1,1.0,0.0,0.0,robust isolated,2,1,grouped in ≥2
B113B,Korean War Veterans Plaza,Neighborhood Park,B,1.195,127,30,191,0.0,1.0,0.25,grouped,6,111,47,0.0,1.0,0.5,grouped,-1,1,-1,0.556,0.444,0.444,unstable,-1,1,-1,1.0,0.0,0.0,robust isolated,1,1,definition-specific
B113C,Columbus Park,Neighborhood Park,B,5.43,127,30,191,0.0,1.0,1.0,grouped,6,111,47,0.0,1.0,1.0,grouped,2,2,-1,0.444,0.556,0.556,grouped,-1,1,-1,0.875,0.0,0.0,robust isolated,2,1,grouped in ≥2
B113E,Walt Whitman Park,Triangle/Plaza,B,2.913,127,30,-1,0.25,0.75,0.25,grouped,6,111,-1,0.5,0.5,0.0,grouped,-1,1,-1,1.0,0.0,0.0,robust isolated,-1,1,-1,1.0,0.0,0.0,robust isolated,1,2,isolated in ≥2
B114,Msgr. McGolrick Park,Neighborhood Park,B,9.134,29,53,46,0.0,1.0,0.75,grouped,3,57,11,0.0,1.0,1.0,grouped,-1,1,-1,0.667,0.333,0.111,unstable,-1,1,-1,1.0,0.0,0.0,robust isolated,1,1,definition-specific
B115,Cohn Triangle,Triangle/Plaza,B,0.07,29,53,46,0.0,1.0,0.75,grouped,3,57,11,0.0,1.0,1.0,grouped,65,13,82,0.111,0.889,0.0,grouped,-1,1,-1,1.0,0.0,0.0,robust isolated,2,1,grouped in ≥2
B116,Zion Triangle,Triangle/Plaza,B,0.213,10,18,14,0.0,1.0,0.75,grouped,1,114,1,0.0,1.0,1.0,grouped,-1,1,-1,0.778,0.222,0.222,unstable,-1,1,-1,1.0,0.0,0.0,robust isolated,1,1,definition-specific
B117,Lindsay Triangle,Triangle/Plaza,B,0.039,28,5,41,0.0,1.0,0.667,grouped,4,126,19,0.0,1.0,1.0,grouped,39,7,47,0.0,1.0,1.0,grouped,-1,1,-1,1.0,0.0,0.0,robust isolated,2,1,grouped in ≥2
B118A,St. Mary's Park,Recreational Field/Courts,B,0.345,130,19,195,0.0,1.0,1.0,grouped,6,111,47,0.0,1.0,1.0,grouped,1,4,1,0.222,0.778,0.778,grouped,-1,1,-1,1.0,0.0,0.0,robust isolated,2,1,grouped in ≥2
B118B,St. Mary's Park,Playground,B,0.367,130,19,195,0.0,1.0,1.0,grouped,6,111,47,0.0,1.0,1.0,grouped,1,4,1,0.222,0.778,0.778,grouped,-1,1,-1,1.0,0.0,0.0,robust isolated,2,1,grouped in ≥2
B121,Dodger Playground,Playground,B,0.293,-1,1,-1,0.5,0.5,0.25,unstable,4,126,-1,0.5,0.5,0.5,grouped,-1,1,-1,1.0,0.0,0.0,robust isolated,-1,1,-1,1.0,0.0,0.0,robust isolated,0,2,isolated in ≥2
B123,Alben Square,Triangle/Plaza,B,0.005,139,26,206,0.0,1.0,1.0,grouped,6,111,46,0.0,1.0,1.0,grouped,109,6,-1,0.444,0.556,0.556,grouped,-1,1,-1,1.0,0.0,0.0,robust isolated,2,1,grouped in ≥2
B124,William Sheridan Playground,Jointly Operated Playground,B,1.17,29,53,44,0.0,1.0,1.0,grouped,3,57,11,0.0,1.0,1.0,grouped,-1,1,-1,1.0,0.0,0.0,robust isolated,-1,1,-1,1.0,0.0,0.0,robust isolated,1,2,isolated in ≥2
B125,Calvert Vaux Park,Recreational Field/Courts,B,85.527,-1,1,-1,0.583,0.417,0.375,unstable,5,107,28,0.0,1.0,0.5,grouped,189,3,-1,0.333,0.556,0.0,grouped,-1,1,-1,1.0,0.0,0.0,robust isolated,1,1,definition-specific
B126,Red Hook Recreation Area,Community Park,B,58.503,130,19,195,0.0,1.0,0.667,grouped,6,111,47,0.0,1.0,1.0,grouped,-1,1,-1,0.556,0.444,0.444,unstable,-1,1,-1,1.0,0.0,0.0,robust isolated,1,1,definition-specific
B126A,Todd Triangle,Triangle/Plaza,B,0.035,-1,1,-1,1.0,0.0,0.0,robust isolated,-1,1,-1,1.0,0.0,0.0,robust isolated,-1,1,-1,1.0,0.0,0.0,robust isolated,-1,1,-1,1.0,0.0,0.0,robust isolated,0,3,isolated in all
B127,Martinez Playground,Recreational Field/Courts,B,1.373,29,53,43,0.0,0.583,0.583,grouped,3,57,11,0.0,1.0,1.0,grouped,-1,1,-1,1.0,0.0,0.0,robust isolated,-1,1,-1,1.0,0.0,0.0,robust isolated,1,2,isolated in ≥2
B128,Colonel David Marcus Playground,Playground,B,1.974,107,12,163,0.25,0.75,0.5,grouped,5,107,28,0.0,1.0,1.0,grouped,-1,1,-1,1.0,0.0,0.0,robust isolated,-1,1,-1,1.0,0.0,0.0,robust isolated,1,2,isolated in ≥2
B129,Kaiser Park,Community Park,B,26.257,121,12,183,0.0,1.0,0.25,grouped,5,107,29,0.0,1.0,0.5,grouped,-1,1,-1,1.0,0.0,0.0,robust isolated,-1,1,-1,1.0,0.0,0.0,robust isolated,1,2,isolated in ≥2
B130,Greenwood Playground,Neighborhood Park,B,3.39,146,4,218,0.0,0.75,0.5,grouped,6,111,48,0.0,1.0,0.5,grouped,-1,1,-1,1.0,0.0,0.0,robust isolated,-1,1,-1,0.875,0.0,0.0,robust isolated,1,2,isolated in ≥2
B131,Rudd Playground,Playground,B,1.278,49,11,78,0.0,1.0,0.25,grouped,-1,1,-1,1.0,0.0,0.0,robust isolated,-1,1,-1,1.0,0.0,0.0,robust isolated,-1,1,-1,1.0,0.0,0.0,robust isolated,1,2,isolated in ≥2
B132,Gilbert Ramirez Park,Neighborhood Park,B,1.034,-1,1,-1,0.583,0.417,0.25,unstable,4,126,20,0.0,1.0,0.5,grouped,-1,1,-1,1.0,0.0,0.0,robust isolated,-1,1,-1,1.0,0.0,0.0,robust isolated,0,2,isolated in ≥2
B135,Newtown Barge Playground,Recreational Field/Courts,B,6.235,-1,1,-1,0.75,0.25,0.25,unstable,-1,1,-1,1.0,0.0,0.0,robust isolated,-1,1,-1,1.0,0.0,0.0,robust isolated,-1,1,-1,1.0,0.0,0.0,robust isolated,0,2,isolated in ≥2
B137,Sixteen Sycamores Playground,Playground,B,0.567,64,22,99,0.25,0.75,0.5,grouped,4,126,19,0.0,1.0,1.0,grouped,-1,1,-1,1.0,0.0,0.0,robust isolated,-1,1,-1,0.875,0.062,0.0,robust isolated,1,2,isolated in ≥2
B139,Heckscher Playground,Playground,B,1.24,-1,1,-1,0.75,0.25,0.25,unstable,4,126,-1,0.5,0.5,0.5,grouped,-1,1,-1,1.0,0.0,0.0,robust isolated,-1,1,-1,1.0,0.0,0.0,robust isolated,0,2,isolated in ≥2
B140,Banneker Playground,Jointly Operated Playground,B,1.67,67,36,106,0.0,1.0,1.0,grouped,4,126,19,0.0,1.0,1.0,grouped,65,13,82,0.222,0.778,0.778,grouped,-1,1,-1,0.875,0.125,0.125,robust isolated,2,1,grouped in ≥2
B141,City Line Park,Jointly Operated Playground,B,6.05,16,48,25,0.0,1.0,0.625,grouped,1,114,1,0.0,1.0,1.0,grouped,-1,1,-1,1.0,0.0,0.0,robust isolated,-1,1,-1,1.0,0.0,0.0,robust isolated,1,2,isolated in ≥2
B142,Bedford Playground,Playground,B,0.996,29,53,46,0.0,1.0,0.75,grouped,3,57,11,0.0,1.0,1.0,grouped,65,13,82,0.111,0.889,0.0,grouped,-1,1,-1,1.0,0.0,0.0,robust isolated,2,1,grouped in ≥2
B144,Ocean Hill Playground,Jointly Operated Playground,B,1.595,47,39,67,0.0,1.0,1.0,grouped,2,50,5,0.0,1.0,1.0,grouped,-1,1,-1,1.0,0.0,0.0,robust isolated,-1,1,-1,1.0,0.0,0.0,robust isolated,1,2,isolated in ≥2
B145,Thomas Greene Playground,Community Park,B,2.525,57,5,87,0.0,0.875,0.583,grouped,6,111,45,0.0,1.0,1.0,grouped,203,2,232,0.222,0.0,0.0,grouped,-1,1,-1,0.875,0.0,0.0,robust isolated,2,1,grouped in ≥2
B146,Quaker Parrot Park at the Dust Bowl,Recreational Field/Courts,B,1.65,139,26,208,0.0,1.0,0.75,grouped,6,111,46,0.0,1.0,1.0,grouped,-1,1,-1,1.0,0.0,0.0,robust isolated,-1,1,-1,1.0,0.0,0.0,robust isolated,1,2,isolated in ≥2
B147,Monsignor Crawford Field,Recreational Field/Courts,B,2.291,87,6,-1,0.417,0.583,0.333,grouped,5,107,33,0.0,1.0,1.0,grouped,-1,1,-1,0.444,0.444,0.0,unstable,-1,1,-1,0.875,0.0,0.0,robust isolated,1,1,definition-specific
B148,Rolph Henry Playground,Playground,B,0.213,-1,1,-1,0.417,0.583,0.542,unstable,5,107,32,0.0,1.0,1.0,grouped,-1,1,-1,0.778,0.222,0.0,unstable,-1,1,-1,0.875,0.0,0.0,robust isolated,0,1,definition-specific
B149A,Elton Playground,Playground,B,0.622,16,48,-1,0.333,0.583,0.417,grouped,1,114,1,0.0,1.0,0.5,grouped,-1,1,-1,1.0,0.0,0.0,robust isolated,146,2,157,0.25,0.0,0.0,grouped,2,1,grouped in ≥2
B149B,Linwood Playground,Playground,B,0.705,16,48,-1,0.25,0.75,0.583,grouped,1,114,1,0.0,1.0,1.0,grouped,-1,1,-1,1.0,0.0,0.0,robust isolated,-1,1,-1,1.0,0.0,0.0,robust isolated,1,2,isolated in ≥2
B150,Kolbert Playground,Playground,B,1.581,107,12,-1,0.333,0.667,0.333,grouped,5,107,28,0.0,1.0,1.0,grouped,-1,1,-1,1.0,0.0,0.0,robust isolated,-1,1,-1,1.0,0.0,0.0,robust isolated,1,2,isolated in ≥2
B151,Dome Playground,Neighborhood Park,B,1.385,137,2,-1,0.25,0.25,0.167,grouped,5,107,34,0.0,1.0,1.0,grouped,-1,1,-1,1.0,0.0,0.0,robust isolated,-1,1,-1,0.875,0.0,0.0,robust isolated,1,2,isolated in ≥2
B152,Rappaport Playground,Neighborhood Park,B,1.148,139,26,206,0.0,1.0,1.0,grouped,6,111,46,0.0,1.0,1.0,grouped,-1,1,-1,0.778,0.222,0.222,unstable,-1,1,-1,1.0,0.0,0.0,robust isolated,1,1,definition-specific
B153,South Pacific Playground,Neighborhood Park,B,2.264,47,39,67,0.0,1.0,1.0,grouped,2,50,5,0.0,1.0,1.0,grouped,-1,1,-1,1.0,0.0,0.0,robust isolated,-1,1,-1,0.688,0.062,0.0,unstable,1,1,definition-specific
B154,Berry Playground,Playground,B,0.327,-1,1,-1,0.75,0.25,0.25,unstable,-1,1,-1,1.0,0.0,0.0,robust isolated,-1,1,-1,1.0,0.0,0.0,robust isolated,-1,1,-1,1.0,0.0,0.0,robust isolated,0,2,isolated in ≥2
B155,Triangle,Triangle/Plaza,B,0.017,16,48,25,0.0,0.917,0.833,grouped,1,114,1,0.0,1.0,1.0,grouped,-1,1,-1,0.667,0.333,0.333,unstable,-1,1,-1,0.75,0.125,0.062,unstable,1,0,definition-specific
B156,Powell Playground,Playground,B,1.024,9,16,12,0.0,1.0,0.75,grouped,1,114,1,0.0,1.0,1.0,grouped,-1,1,-1,1.0,0.0,0.0,robust isolated,-1,1,-1,0.562,0.312,0.0,unstable,1,1,definition-specific
B157,Kelly Park Playground,Jointly Operated Playground,B,1.447,105,10,156,0.0,1.0,0.417,grouped,5,107,28,0.0,1.0,1.0,grouped,-1,1,-1,1.0,0.0,0.0,robust isolated,-1,1,-1,1.0,0.0,0.0,robust isolated,1,2,isolated in ≥2
B158,Garibaldi Playground,Playground,B,0.437,-1,1,-1,0.667,0.333,0.25,unstable,5,107,28,0.0,1.0,1.0,grouped,-1,1,-1,0.889,0.111,0.056,robust isolated,-1,1,-1,0.875,0.125,0.0,robust isolated,0,2,isolated in ≥2
B159,Mount Prospect Park,Neighborhood Park,B,7.79,-1,1,-1,0.75,0.25,0.083,unstable,2,50,-1,0.5,0.5,0.0,grouped,-1,1,-1,1.0,0.0,0.0,robust isolated,-1,1,-1,1.0,0.0,0.0,robust isolated,0,2,isolated in ≥2
B160,Ketchum Triangle,Triangle/Plaza,B,0.057,-1,1,-1,0.583,0.417,0.25,unstable,5,107,28,0.0,1.0,1.0,grouped,-1,1,-1,0.778,0.222,0.222,unstable,-1,1,-1,1.0,0.0,0.0,robust isolated,0,1,definition-specific
B161,James Forten Playground,Playground,B,0.59,58,5,91,0.0,1.0,1.0,grouped,6,111,49,0.0,1.0,1.0,grouped,-1,1,-1,1.0,0.0,0.0,robust isolated,-1,1,-1,1.0,0.0,0.0,robust isolated,1,2,isolated in ≥2
B162,Brizzi Playground,Playground,B,0.649,139,26,206,0.0,1.0,1.0,grouped,6,111,46,0.0,1.0,1.0,grouped,109,6,-1,0.444,0.556,0.556,grouped,-1,1,-1,1.0,0.0,0.0,robust isolated,2,1,grouped in ≥2
B163,Sperandeo Brothers Playground,Jointly Operated Playground,B,2.799,16,48,25,0.0,1.0,1.0,grouped,1,114,1,0.0,1.0,1.0,grouped,-1,1,-1,0.667,0.333,0.167,unstable,-1,1,-1,1.0,0.0,0.0,robust isolated,1,1,definition-specific
B164,Bath Beach Park,Playground,B,2.964,-1,1,-1,0.583,0.417,0.25,unstable,5,107,28,0.0,1.0,1.0,grouped,-1,1,-1,1.0,0.0,0.0,robust isolated,-1,1,-1,1.0,0.0,0.0,robust isolated,0,2,isolated in ≥2
B165,Spring Creek Park,Nature Area,B,54.963,2,8,3,0.0,1.0,0.667,grouped,1,114,2,0.0,1.0,1.0,grouped,-1,1,-1,0.778,0.222,0.0,unstable,-1,1,-1,1.0,0.0,0.0,robust isolated,1,1,definition-specific
B165A,Spring Creek Park,Nature Area,B,2.203,-1,1,-1,0.0,0.0,0.0,unresolved,-1,1,-1,0.0,0.0,0.0,unresolved,-1,1,-1,0.0,0.0,0.0,unresolved,-1,1,-1,0.0,0.0,0.0,unresolved,0,0,definition-specific
B166B,Homecrest Playground,Playground,B,2.372,-1,1,-1,0.833,0.167,0.167,robust isolated,5,107,28,0.0,1.0,0.5,grouped,-1,1,-1,1.0,0.0,0.0,robust isolated,-1,1,-1,1.0,0.0,0.0,robust isolated,0,3,isolated in all
B166C,Coney Island Boat Basin,Recreational Field/Courts,B,36.81,-1,1,-1,0.875,0.125,0.0,robust isolated,-1,1,-1,1.0,0.0,0.0,robust isolated,-1,1,-1,1.0,0.0,0.0,robust isolated,-1,1,-1,1.0,0.0,0.0,robust isolated,0,3,isolated in all
B166D,McGuire Fields,Recreational Field/Courts,B,77.181,-1,1,-1,0.75,0.25,0.167,unstable,-1,1,-1,1.0,0.0,0.0,robust isolated,-1,1,-1,1.0,0.0,0.0,robust isolated,-1,1,-1,1.0,0.0,0.0,robust isolated,0,2,isolated in ≥2
B166E,Sixteen Lindens Triangle,Triangle/Plaza,B,0.487,-1,1,-1,0.75,0.25,0.167,unstable,5,107,-1,0.5,0.5,0.0,grouped,-1,1,-1,1.0,0.0,0.0,robust isolated,-1,1,-1,1.0,0.0,0.0,robust isolated,0,2,isolated in ≥2
B167,La Guardia Playground,Playground,B,0.406,29,53,46,0.25,0.75,0.5,grouped,3,57,-1,0.5,0.5,0.5,grouped,-1,1,-1,1.0,0.0,0.0,robust isolated,-1,1,-1,1.0,0.0,0.0,robust isolated,1,2,isolated in ≥2
B167A,La Guardia Playground,Recreational Field/Courts,B,0.773,29,53,46,0.0,1.0,1.0,grouped,3,57,11,0.0,1.0,1.0,grouped,-1,1,-1,1.0,0.0,0.0,robust isolated,-1,1,-1,1.0,0.0,0.0,robust isolated,1,2,isolated in ≥2
B168,Continental Army Plaza,Triangle/Plaza,B,0.532,29,53,46,0.25,0.75,0.5,grouped,3,57,-1,0.5,0.5,0.5,grouped,-1,1,-1,1.0,0.0,0.0,robust isolated,-1,1,-1,1.0,0.0,0.0,robust isolated,1,2,isolated in ≥2
B169A,Brighton Playground,Playground,B,1.225,121,12,183,0.25,0.75,0.417,grouped,5,107,29,0.0,1.0,1.0,grouped,-1,1,-1,1.0,0.0,0.0,robust isolated,-1,1,-1,0.875,0.0,0.0,robust isolated,1,2,isolated in ≥2
B169B,Poseidon Playground,Recreational Field/Courts,B,2.944,121,12,183,0.0,1.0,0.875,grouped,5,107,29,0.0,1.0,1.0,grouped,-1,1,-1,0.778,0.222,0.222,unstable,-1,1,-1,0.75,0.125,0.0,unstable,1,0,definition-specific
B171,Linden Sitting Area,Triangle/Plaza,B,0.139,5,2,8,0.0,0.5,0.417,grouped,1,114,1,0.0,1.0,1.0,grouped,-1,1,-1,1.0,0.0,0.0,robust isolated,-1,1,-1,1.0,0.0,0.0,robust isolated,1,2,isolated in ≥2
B172,Heffernan Triangle,Triangle/Plaza,B,0.029,139,26,206,0.25,0.75,0.75,grouped,6,111,46,0.0,1.0,1.0,grouped,109,6,-1,0.444,0.556,0.556,grouped,-1,1,-1,1.0,0.0,0.0,robust isolated,2,1,grouped in ≥2
B173,Fraser Square,Triangle/Plaza,B,0.667,80,2,125,0.0,0.5,0.375,grouped,5,107,28,0.0,1.0,1.0,grouped,-1,1,-1,1.0,0.0,0.0,robust isolated,-1,1,-1,1.0,0.0,0.0,robust isolated,1,2,isolated in ≥2
B174,Park,Triangle/Plaza,B,0.061,-1,1,-1,0.5,0.5,0.417,unstable,1,114,1,0.0,1.0,1.0,grouped,-1,1,-1,1.0,0.0,0.0,robust isolated,-1,1,-1,0.75,0.0,0.0,unstable,0,1,definition-specific
B175,Dahill Triangle,Triangle/Plaza,B,0.006,116,2,178,0.0,0.25,0.25,grouped,5,107,34,0.0,1.0,1.0,grouped,199,2,-1,0.444,0.0,0.0,grouped,-1,1,-1,1.0,0.0,0.0,robust isolated,2,1,grouped in ≥2
B176,Trust Triangle,Triangle/Plaza,B,0.078,-1,1,-1,0.667,0.25,0.25,unstable,5,107,33,0.0,1.0,1.0,grouped,-1,1,-1,1.0,0.0,0.0,robust isolated,-1,1,-1,1.0,0.0,0.0,robust isolated,0,2,isolated in ≥2
B178,Flatbush Malls,Mall,B,0.73,112,7,172,0.0,1.0,1.0,grouped,5,107,28,0.0,1.0,1.0,grouped,-1,1,-1,1.0,0.0,0.0,robust isolated,-1,1,-1,0.875,0.0,0.0,robust isolated,1,2,isolated in ≥2
B179,Flatbush Malls,Mall,B,0.8,112,7,172,0.0,1.0,0.167,grouped,5,107,28,0.0,1.0,1.0,grouped,-1,1,-1,0.889,0.111,0.0,robust isolated,-1,1,-1,1.0,0.0,0.0,robust isolated,1,2,isolated in ≥2
B180,Flatbush Mall,Mall,B,0.02,112,7,172,0.0,1.0,1.0,grouped,5,107,28,0.0,1.0,1.0,grouped,-1,1,-1,0.889,0.111,0.0,robust isolated,-1,1,-1,1.0,0.0,0.0,robust isolated,1,2,isolated in ≥2
B182,Howard Malls,Triangle/Plaza,B,0.191,10,18,15,0.0,1.0,1.0,grouped,1,114,1,0.0,1.0,1.0,grouped,-1,1,-1,0.778,0.222,0.222,unstable,-1,1,-1,0.875,0.0,0.0,robust isolated,1,1,definition-specific
B184,Avenue R Mall,Mall,B,0.258,-1,1,-1,0.417,0.583,0.333,unstable,5,107,28,0.0,1.0,1.0,grouped,-1,1,-1,1.0,0.0,0.0,robust isolated,-1,1,-1,1.0,0.0,0.0,robust isolated,0,2,isolated in ≥2
B190,Barone Triangle,Triangle/Plaza,B,0.15,87,6,134,0.0,0.75,0.417,grouped,5,107,33,0.0,1.0,1.0,grouped,86,3,105,0.111,0.778,0.778,grouped,-1,1,-1,1.0,0.0,0.0,robust isolated,2,1,grouped in ≥2
B191,Park,Triangle/Plaza,B,0.097,139,26,206,0.0,1.0,1.0,grouped,6,111,46,0.0,1.0,1.0,grouped,109,6,-1,0.444,0.556,0.556,grouped,-1,1,-1,1.0,0.0,0.0,robust isolated,2,1,grouped in ≥2
B192,Russell Pedersen Playground,Jointly Operated Playground,B,1.37,139,26,208,0.083,0.833,0.5,grouped,6,111,46,0.0,1.0,1.0,grouped,207,2,-1,0.444,0.111,0.0,grouped,-1,1,-1,1.0,0.0,0.0,robust isolated,2,1,grouped in ≥2
B192A,Fort Hamilton Athletic Field,Recreational Field/Courts,B,6.02,139,26,208,0.0,1.0,0.583,grouped,6,111,46,0.0,1.0,1.0,grouped,-1,1,-1,0.889,0.111,0.0,robust isolated,-1,1,-1,1.0,0.0,0.0,robust isolated,1,2,isolated in ≥2
B193,Hamilton Metz Field,Neighborhood Park,B,2.112,45,2,64,0.042,0.875,0.417,grouped,2,50,5,0.0,1.0,1.0,grouped,-1,1,-1,1.0,0.0,0.0,robust isolated,-1,1,-1,0.938,0.0,0.0,robust isolated,1,2,isolated in ≥2
B194,Harmony Triangle,Triangle/Plaza,B,0.1,28,5,41,0.0,1.0,0.708,grouped,3,57,11,0.0,1.0,1.0,grouped,65,13,82,0.222,0.778,0.778,grouped,-1,1,-1,0.875,0.125,0.0,robust isolated,2,1,grouped in ≥2
B196,Pvt. Sonsire Triangle,Triangle/Plaza,B,0.036,29,53,46,0.0,1.0,1.0,grouped,3,57,11,0.0,1.0,1.0,grouped,65,13,82,0.222,0.778,0.778,grouped,-1,1,-1,0.75,0.25,0.0,unstable,2,0,grouped in ≥2
B197,Mellett Playground,Neighborhood Park,B,1.056,105,10,156,0.0,1.0,0.417,grouped,5,107,28,0.0,1.0,1.0,grouped,-1,1,-1,0.778,0.222,0.222,unstable,-1,1,-1,1.0,0.0,0.0,robust isolated,1,1,definition-specific
B200,Elizabeth Stroud Playground,Playground,B,0.29,47,39,-1,0.208,0.792,0.75,grouped,4,126,19,0.0,1.0,1.0,grouped,-1,1,-1,0.889,0.111,0.111,robust isolated,-1,1,-1,0.75,0.25,0.188,unstable,1,1,definition-specific
B202,Lithuania Square,Triangle/Plaza,B,0.02,29,53,46,0.0,1.0,1.0,grouped,3,57,11,0.0,1.0,1.0,grouped,65,13,82,0.222,0.778,0.778,grouped,-1,1,-1,0.625,0.125,0.0,unstable,2,0,grouped in ≥2
B205,Corporal Wiltshire Square,Triangle/Plaza,B,0.051,107,12,160,0.083,0.833,0.417,grouped,5,107,28,0.0,1.0,1.0,grouped,-1,1,-1,0.778,0.222,0.222,unstable,-1,1,-1,1.0,0.0,0.0,robust isolated,1,1,definition-specific
B206,Sunners Playground,Playground,B,0.197,85,2,132,0.0,0.417,0.333,grouped,5,107,33,0.0,1.0,1.0,grouped,194,2,-1,0.333,0.0,0.0,grouped,-1,1,-1,1.0,0.0,0.0,robust isolated,2,1,grouped in ≥2
B207,Sarsfield Playground,Playground,B,0.579,80,2,125,0.0,0.5,0.25,grouped,5,107,33,0.0,1.0,1.0,grouped,-1,1,-1,0.667,0.333,0.167,unstable,-1,1,-1,1.0,0.0,0.0,robust isolated,1,1,definition-specific
B208,Pfc Norton Playground,Playground,B,0.55,81,3,126,0.0,0.833,0.542,grouped,5,107,28,0.0,1.0,1.0,grouped,-1,1,-1,0.778,0.222,0.222,unstable,-1,1,-1,0.562,0.188,0.0,unstable,1,0,definition-specific
B209,Galapo Playground,Playground,B,0.565,105,10,155,0.0,1.0,0.583,grouped,5,107,28,0.0,1.0,1.0,grouped,-1,1,-1,0.667,0.222,0.222,unstable,-1,1,-1,0.875,0.0,0.0,robust isolated,1,1,definition-specific
B210A,John Allen Payne Playground,Playground,B,1.51,139,26,208,0.0,0.75,0.75,grouped,6,111,-1,0.5,0.5,0.5,grouped,-1,1,-1,0.667,0.333,0.111,unstable,-1,1,-1,1.0,0.0,0.0,robust isolated,1,1,definition-specific
B210B,D'Emic Playground,Playground,B,1.13,139,26,206,0.0,1.0,0.5,grouped,6,111,46,0.0,1.0,1.0,grouped,-1,1,-1,1.0,0.0,0.0,robust isolated,-1,1,-1,1.0,0.0,0.0,robust isolated,1,2,isolated in ≥2
B210C,Cough Triangle,Triangle/Plaza,B,0.032,130,19,195,0.0,1.0,0.75,grouped,6,111,47,0.0,1.0,1.0,grouped,-1,1,-1,0.556,0.444,0.444,unstable,-1,1,-1,0.875,0.0,0.0,robust isolated,1,1,definition-specific
B210F,Admiral Triangle,Playground,B,0.433,130,19,195,0.0,1.0,1.0,grouped,6,111,47,0.0,1.0,1.0,grouped,-1,1,-1,1.0,0.0,0.0,robust isolated,-1,1,-1,1.0,0.0,0.0,robust isolated,1,2,isolated in ≥2
B210G,Triangle Three Sixteen,Triangle/Plaza,B,0.28,-1,1,-1,0.333,0.667,0.458,unstable,6,111,47,0.0,1.0,1.0,grouped,203,2,232,0.222,0.0,0.0,grouped,-1,1,-1,0.875,0.0,0.0,robust isolated,1,1,definition-specific
B210H,Harold Ickes Playground,Playground,B,1.816,130,19,195,0.0,1.0,0.958,grouped,6,111,47,0.0,1.0,1.0,grouped,-1,1,-1,0.889,0.111,0.111,robust isolated,-1,1,-1,1.0,0.0,0.0,robust isolated,1,2,isolated in ≥2
B210I,Gonzalo Plasencia Playground,Jointly Operated Playground,B,1.236,139,26,206,0.0,1.0,0.667,grouped,6,111,46,0.0,1.0,1.0,grouped,-1,1,-1,1.0,0.0,0.0,robust isolated,-1,1,-1,1.0,0.0,0.0,robust isolated,1,2,isolated in ≥2
B210J,Pena Herrera Playground,Jointly Operated Playground,B,0.736,139,26,206,0.0,1.0,0.667,grouped,6,111,46,0.0,1.0,1.0,grouped,-1,1,-1,1.0,0.0,0.0,robust isolated,-1,1,-1,1.0,0.0,0.0,robust isolated,1,2,isolated in ≥2
B210L,64th Street Community Garden,Strip,B,0.009,-1,1,-1,0.75,0.25,0.25,unstable,6,111,46,0.0,1.0,1.0,grouped,-1,1,-1,1.0,0.0,0.0,robust isolated,-1,1,-1,1.0,0.0,0.0,robust isolated,0,2,isolated in ≥2
B210M,Park,Strip,B,0.008,139,26,208,0.0,0.75,0.75,grouped,6,111,46,0.0,1.0,1.0,grouped,-1,1,-1,0.556,0.444,0.444,unstable,-1,1,-1,1.0,0.0,0.0,robust isolated,1,1,definition-specific
B210N,Park,Strip,B,0.002,-1,1,-1,0.5,0.5,0.5,unstable,6,111,46,0.0,1.0,1.0,grouped,-1,1,-1,0.944,0.056,0.056,robust isolated,-1,1,-1,1.0,0.0,0.0,robust isolated,0,2,isolated in ≥2
B210O,Park,Strip,B,0.006,139,26,208,0.0,1.0,0.75,grouped,6,111,46,0.0,1.0,1.0,grouped,-1,1,-1,1.0,0.0,0.0,robust isolated,-1,1,-1,1.0,0.0,0.0,robust isolated,1,2,isolated in ≥2
B210P,Dan Ross Playground,Playground,B,0.256,138,3,-1,0.417,0.583,0.417,grouped,6,111,46,0.0,1.0,1.0,grouped,-1,1,-1,1.0,0.0,0.0,robust isolated,-1,1,-1,1.0,0.0,0.0,robust isolated,1,2,isolated in ≥2
B210Q,Park,Strip,B,0.004,138,3,204,0.167,0.667,0.417,grouped,6,111,48,0.0,1.0,1.0,grouped,-1,1,-1,0.889,0.111,0.111,robust isolated,-1,1,-1,0.625,0.125,0.0,unstable,1,1,definition-specific
B210R,Park,Strip,B,0.004,-1,1,-1,0.75,0.25,0.167,unstable,-1,1,-1,1.0,0.0,0.0,robust isolated,-1,1,-1,1.0,0.0,0.0,robust isolated,-1,1,-1,1.0,0.0,0.0,robust isolated,0,2,isolated in ≥2
B210S,Park,Strip,B,0.004,142,2,214,0.0,0.25,0.25,grouped,5,107,28,0.0,1.0,1.0,grouped,190,2,-1,0.444,0.278,0.278,grouped,-1,1,-1,0.75,0.0,0.0,unstable,2,0,grouped in ≥2
B210T,Park,Strip,B,0.004,142,2,214,0.0,0.25,0.25,grouped,5,107,28,0.0,1.0,1.0,grouped,190,2,-1,0.444,0.278,0.278,grouped,-1,1,-1,0.75,0.0,0.0,unstable,2,0,grouped in ≥2
B210U,Park,Strip,B,0.002,141,2,-1,0.5,0.25,0.25,grouped,-1,1,-1,1.0,0.0,0.0,robust isolated,-1,1,-1,1.0,0.0,0.0,robust isolated,-1,1,-1,1.0,0.0,0.0,robust isolated,1,2,isolated in ≥2
B210V,Park,Parkway,B,0.586,141,2,-1,0.5,0.25,0.25,grouped,-1,1,-1,1.0,0.0,0.0,robust isolated,-1,1,-1,1.0,0.0,0.0,robust isolated,-1,1,-1,1.0,0.0,0.0,robust isolated,1,2,isolated in ≥2
B210W,John J Carty Park,Neighborhood Park,B,8.565,139,26,208,0.0,1.0,0.667,grouped,6,111,46,0.0,1.0,1.0,grouped,-1,1,-1,0.889,0.111,0.111,robust isolated,-1,1,-1,0.75,0.0,0.0,unstable,1,1,definition-specific
B211,Lady Moody Triangle,Triangle/Plaza,B,0.052,107,12,161,0.0,1.0,0.792,grouped,5,107,28,0.0,1.0,1.0,grouped,191,3,218,0.222,0.778,0.778,grouped,-1,1,-1,1.0,0.0,0.0,robust isolated,2,1,grouped in ≥2
B212,Hot Spot Tot Lot,Playground,B,0.322,112,7,172,0.0,1.0,1.0,grouped,5,107,28,0.0,1.0,1.0,grouped,-1,1,-1,0.889,0.111,0.0,robust isolated,-1,1,-1,1.0,0.0,0.0,robust isolated,1,2,isolated in ≥2
B213,Gravesend Triangle,Triangle/Plaza,B,0.06,105,10,-1,0.417,0.583,0.25,grouped,5,107,28,0.0,1.0,1.0,grouped,-1,1,-1,0.778,0.222,0.222,unstable,-1,1,-1,1.0,0.0,0.0,robust isolated,1,1,definition-specific
B214,Linden Park,Jointly Operated Playground,B,9.322,2,8,2,0.0,1.0,1.0,grouped,1,114,2,0.0,1.0,1.0,grouped,-1,1,-1,0.778,0.222,0.222,unstable,-1,1,-1,0.938,0.0,0.0,robust isolated,1,1,definition-specific
B215,Decatur Playground,Jointly Operated Playground,B,1.5,48,7,73,0.25,0.75,0.417,grouped,4,126,19,0.0,1.0,1.0,grouped,-1,1,-1,1.0,0.0,0.0,robust isolated,6,3,7,0.25,0.625,0.062,grouped,2,1,grouped in ≥2
B216,Raymond Bush Playground,Jointly Operated Playground,B,2.015,67,36,107,0.0,1.0,1.0,grouped,4,126,19,0.0,1.0,1.0,grouped,-1,1,-1,1.0,0.0,0.0,robust isolated,58,3,65,0.125,0.625,0.125,grouped,2,1,grouped in ≥2
B217,Marcy Playground,Community Park,B,3.201,67,36,106,0.0,1.0,1.0,grouped,4,126,19,0.0,1.0,1.0,grouped,65,13,-1,0.111,0.889,0.889,grouped,-1,1,-1,1.0,0.0,0.0,robust isolated,2,1,grouped in ≥2
B218,Paerdegat Park,Community Park,B,3.56,79,3,124,0.0,1.0,0.167,grouped,5,107,32,0.0,1.0,1.0,grouped,-1,1,-1,1.0,0.0,0.0,robust isolated,-1,1,-1,1.0,0.0,0.0,robust isolated,1,2,isolated in ≥2
B219,Callahan-Kelly Playground,Community Park,B,3.461,47,39,67,0.0,1.0,1.0,grouped,2,50,5,0.0,1.0,1.0,grouped,-1,1,-1,0.889,0.111,0.111,robust isolated,-1,1,-1,0.875,0.125,0.125,robust isolated,1,2,isolated in ≥2
B220,Washington Hall Park,Playground,B,0.901,67,36,106,0.0,1.0,0.833,grouped,4,126,19,0.0,1.0,1.0,grouped,-1,1,-1,0.778,0.222,0.222,unstable,-1,1,-1,0.5,0.25,0.0,unstable,1,0,definition-specific
B221,Steuben Playground,Neighborhood Park,B,1.171,27,2,40,0.0,0.75,0.583,grouped,4,126,20,0.0,1.0,1.0,grouped,-1,1,-1,0.778,0.222,0.222,unstable,34,2,-1,0.312,0.438,0.0,grouped,2,0,grouped in ≥2
B222,Pierrepont Playground,Playground,B,0.503,127,30,191,0.0,1.0,1.0,grouped,6,111,47,0.0,1.0,1.0,grouped,-1,1,-1,1.0,0.0,0.0,robust isolated,-1,1,-1,0.625,0.375,0.25,unstable,1,1,definition-specific
B223A,Dimattina Playground,Recreational Field/Courts,B,1.38,130,19,195,0.125,0.875,0.833,grouped,6,111,47,0.0,1.0,1.0,grouped,-1,1,-1,1.0,0.0,0.0,robust isolated,-1,1,-1,1.0,0.0,0.0,robust isolated,1,2,isolated in ≥2
B223B,Dimattina Playground,Playground,B,0.52,-1,1,-1,0.75,0.25,0.167,unstable,-1,1,-1,1.0,0.0,0.0,robust isolated,-1,1,-1,1.0,0.0,0.0,robust isolated,-1,1,-1,1.0,0.0,0.0,robust isolated,0,2,isolated in ≥2
B223C,Park,Strip,B,0.003,130,19,195,0.0,1.0,0.958,grouped,6,111,47,0.0,1.0,0.5,grouped,-1,1,-1,1.0,0.0,0.0,robust isolated,-1,1,-1,1.0,0.0,0.0,robust isolated,1,2,isolated in ≥2
B223DA,Adam Yauch Park,Playground,B,1.363,127,30,191,0.0,1.0,1.0,grouped,6,111,47,0.0,1.0,1.0,grouped,-1,1,-1,1.0,0.0,0.0,robust isolated,-1,1,-1,0.688,0.312,0.25,unstable,1,1,definition-specific
B223DB,Brooklyn Heights Promenade,Triangle/Plaza,B,0.026,127,30,191,0.0,1.0,1.0,grouped,6,111,47,0.0,1.0,1.0,grouped,-1,1,-1,1.0,0.0,0.0,robust isolated,149,8,-1,0.375,0.625,0.5,grouped,2,1,grouped in ≥2
B223DC,Brooklyn Heights Promenade,Triangle/Plaza,B,0.04,127,30,191,0.0,1.0,1.0,grouped,6,111,47,0.0,1.0,1.0,grouped,-1,1,-1,1.0,0.0,0.0,robust isolated,149,8,-1,0.375,0.625,0.5,grouped,2,1,grouped in ≥2
B223DD,Brooklyn Heights Promenade,Triangle/Plaza,B,0.108,127,30,191,0.0,1.0,1.0,grouped,6,111,47,0.0,1.0,1.0,grouped,-1,1,-1,1.0,0.0,0.0,robust isolated,-1,1,-1,0.875,0.125,0.125,robust isolated,1,2,isolated in ≥2
B223DE,Brooklyn Heights Promenade,Triangle/Plaza,B,0.21,127,30,191,0.0,1.0,1.0,grouped,6,111,47,0.0,1.0,1.0,grouped,-1,1,-1,1.0,0.0,0.0,robust isolated,-1,1,-1,0.875,0.125,0.125,robust isolated,1,2,isolated in ≥2
B223DF,Brooklyn Heights Promenade,Triangle/Plaza,B,0.08,127,30,191,0.0,1.0,1.0,grouped,6,111,47,0.0,1.0,1.0,grouped,-1,1,-1,1.0,0.0,0.0,robust isolated,-1,1,-1,0.875,0.125,0.125,robust isolated,1,2,isolated in ≥2
B223DG,Brooklyn Heights Promenade,Triangle/Plaza,B,0.32,127,30,191,0.0,1.0,1.0,grouped,6,111,47,0.0,1.0,0.5,grouped,-1,1,-1,1.0,0.0,0.0,robust isolated,149,8,-1,0.5,0.5,0.5,grouped,2,1,grouped in ≥2
B223DH,Brooklyn Heights Promenade,Triangle/Plaza,B,0.093,127,30,191,0.0,1.0,1.0,grouped,6,111,47,0.0,1.0,1.0,grouped,-1,1,-1,1.0,0.0,0.0,robust isolated,149,8,-1,0.5,0.5,0.5,grouped,2,1,grouped in ≥2
B223DI,Brooklyn Heights Promenade,Triangle/Plaza,B,0.138,127,30,191,0.0,1.0,1.0,grouped,6,111,47,0.0,1.0,1.0,grouped,-1,1,-1,1.0,0.0,0.0,robust isolated,149,8,-1,0.5,0.5,0.5,grouped,2,1,grouped in ≥2
B223DJ,Brooklyn Heights Promenade,Triangle/Plaza,B,0.09,127,30,191,0.0,1.0,1.0,grouped,6,111,47,0.0,1.0,1.0,grouped,-1,1,-1,1.0,0.0,0.0,robust isolated,149,8,-1,0.375,0.625,0.5,grouped,2,1,grouped in ≥2
B223DK,Brooklyn Heights Promenade,Triangle/Plaza,B,1.093,127,30,191,0.0,1.0,1.0,grouped,6,111,-1,0.5,0.5,0.5,grouped,-1,1,-1,1.0,0.0,0.0,robust isolated,-1,1,-1,0.875,0.125,0.125,robust isolated,1,2,isolated in ≥2
B223E,Fruit Street Sitting Area,Triangle/Plaza,B,0.92,127,30,191,0.0,1.0,1.0,grouped,6,111,47,0.0,1.0,1.0,grouped,-1,1,-1,1.0,0.0,0.0,robust isolated,149,8,-1,0.5,0.5,0.5,grouped,2,1,grouped in ≥2
B223F,Squibb Park,Neighborhood Park,B,0.626,127,30,191,0.0,1.0,1.0,grouped,6,111,47,0.0,1.0,1.0,grouped,-1,1,-1,1.0,0.0,0.0,robust isolated,149,8,-1,0.5,0.5,0.5,grouped,2,1,grouped in ≥2
B223G,Hillside Dog Park,Neighborhood Park,B,2.06,127,30,191,0.0,1.0,1.0,grouped,6,111,-1,0.5,0.5,0.5,grouped,-1,1,-1,1.0,0.0,0.0,robust isolated,-1,1,-1,1.0,0.0,0.0,robust isolated,1,2,isolated in ≥2
B223H,Harry Chapin Playground,Playground,B,0.3,127,30,191,0.0,1.0,1.0,grouped,6,111,47,0.0,1.0,0.5,grouped,-1,1,-1,1.0,0.0,0.0,robust isolated,-1,1,-1,1.0,0.0,0.0,robust isolated,1,2,isolated in ≥2
B223I,Anchorage Plaza,Triangle/Plaza,B,2.2,127,30,191,0.0,1.0,1.0,grouped,6,111,-1,0.5,0.5,0.5,grouped,3,6,-1,0.333,0.667,0.667,grouped,-1,1,-1,1.0,0.0,0.0,robust isolated,2,1,grouped in ≥2
B223IA,Clumber Corner,Parkway,B,0.947,127,30,191,0.0,1.0,1.0,grouped,-1,1,-1,1.0,0.0,0.0,robust isolated,3,6,-1,0.333,0.667,0.667,grouped,-1,1,-1,1.0,0.0,0.0,robust isolated,2,1,grouped in ≥2
B223IB,Bar and Grill Park,Parkway,B,0.489,127,30,191,0.0,1.0,0.75,grouped,6,111,-1,0.5,0.5,0.0,grouped,-1,1,-1,1.0,0.0,0.0,robust isolated,-1,1,-1,1.0,0.0,0.0,robust isolated,1,2,isolated in ≥2
B223IC,Park,Triangle/Plaza,B,0.047,-1,1,-1,0.75,0.25,0.25,unstable,-1,1,-1,1.0,0.0,0.0,robust isolated,-1,1,-1,1.0,0.0,0.0,robust isolated,-1,1,-1,1.0,0.0,0.0,robust isolated,0,2,isolated in ≥2
B223JA,Park,Triangle/Plaza,B,0.09,-1,1,-1,0.5,0.5,0.375,unstable,-1,1,-1,1.0,0.0,0.0,robust isolated,-1,1,-1,1.0,0.0,0.0,robust isolated,-1,1,-1,1.0,0.0,0.0,robust isolated,0,2,isolated in ≥2
B223JB,Susan Smith McKinney Steward Park,Playground,B,1.884,127,30,191,0.0,1.0,1.0,grouped,-1,1,-1,1.0,0.0,0.0,robust isolated,3,6,-1,0.333,0.667,0.667,grouped,-1,1,-1,1.0,0.0,0.0,robust isolated,2,1,grouped in ≥2
B223JC,Bridge Park 3,Recreational Field/Courts,B,1.934,127,30,191,0.0,1.0,1.0,grouped,6,111,-1,0.5,0.5,0.5,grouped,3,6,-1,0.333,0.667,0.667,grouped,-1,1,-1,1.0,0.0,0.0,robust isolated,2,1,grouped in ≥2
B223JD,Maritcha R. Lyons Park,Triangle/Plaza,B,0.233,127,30,191,0.0,1.0,1.0,grouped,6,111,-1,0.5,0.5,0.5,grouped,3,6,-1,0.333,0.667,0.667,grouped,-1,1,-1,1.0,0.0,0.0,robust isolated,2,1,grouped in ≥2
B223K,Trinity Park,Parkway,B,6.3,64,22,98,0.0,1.0,1.0,grouped,4,126,20,0.0,1.0,1.0,grouped,-1,1,-1,0.778,0.222,0.222,unstable,-1,1,-1,0.688,0.312,0.0,unstable,1,0,definition-specific
B223MA,Arbor Place,Triangle/Plaza,B,0.068,64,22,100,0.0,1.0,0.833,grouped,4,126,19,0.0,1.0,1.0,grouped,-1,1,-1,1.0,0.0,0.0,robust isolated,-1,1,-1,0.625,0.188,0.0,unstable,1,1,definition-specific
B223NA,Classon Playground,Playground,B,2.982,27,2,40,0.0,0.75,0.667,grouped,4,126,20,0.0,1.0,1.0,grouped,-1,1,-1,0.333,0.667,0.667,unstable,-1,1,-1,1.0,0.0,0.0,robust isolated,1,1,definition-specific
B223NB,Classon Triangle,Triangle/Plaza,B,0.206,-1,1,-1,0.5,0.5,0.5,unstable,4,126,21,0.0,1.0,1.0,grouped,-1,1,-1,0.556,0.444,0.444,unstable,-1,1,-1,1.0,0.0,0.0,robust isolated,0,1,definition-specific
B223NC,Penn Triangle,Playground,B,0.183,28,5,-1,0.25,0.75,0.667,grouped,4,126,20,0.0,1.0,1.0,grouped,-1,1,-1,1.0,0.0,0.0,robust isolated,-1,1,-1,1.0,0.0,0.0,robust isolated,1,2,isolated in ≥2
B223OB,Marcy Park South,Recreational Field/Courts,B,0.357,29,53,46,0.0,1.0,1.0,grouped,3,57,11,0.0,1.0,1.0,grouped,-1,1,-1,1.0,0.0,0.0,robust isolated,-1,1,-1,1.0,0.0,0.0,robust isolated,1,2,isolated in ≥2
B223OC,Rodney Park South,Recreational Field/Courts,B,0.392,29,53,46,0.0,1.0,1.0,grouped,3,57,11,0.0,1.0,1.0,grouped,-1,1,-1,1.0,0.0,0.0,robust isolated,-1,1,-1,1.0,0.0,0.0,robust isolated,1,2,isolated in ≥2
B223PA,Rodney Park Center,Recreational Field/Courts,B,0.237,29,53,46,0.0,1.0,1.0,grouped,3,57,11,0.0,1.0,1.0,grouped,-1,1,-1,1.0,0.0,0.0,robust isolated,-1,1,-1,1.0,0.0,0.0,robust isolated,1,2,isolated in ≥2
B223PB,Rodney Park North,Recreational Field/Courts,B,0.37,29,53,46,0.0,1.0,1.0,grouped,3,57,11,0.0,1.0,1.0,grouped,-1,1,-1,1.0,0.0,0.0,robust isolated,-1,1,-1,1.0,0.0,0.0,robust isolated,1,2,isolated in ≥2
B223PC,Strawberry Playground,Playground,B,0.319,29,53,46,0.0,1.0,1.0,grouped,3,57,11,0.0,1.0,1.0,grouped,-1,1,-1,1.0,0.0,0.0,robust isolated,-1,1,-1,0.875,0.125,0.0,robust isolated,1,2,isolated in ≥2
B223PD,Rodney Playground Center,Neighborhood Park,B,0.189,29,53,46,0.0,1.0,1.0,grouped,3,57,11,0.0,1.0,1.0,grouped,-1,1,-1,1.0,0.0,0.0,robust isolated,-1,1,-1,1.0,0.0,0.0,robust isolated,1,2,isolated in ≥2
B223PE,Blue Playground,Playground,B,0.29,29,53,46,0.0,1.0,1.0,grouped,3,57,11,0.0,1.0,1.0,grouped,-1,1,-1,1.0,0.0,0.0,robust isolated,-1,1,-1,1.0,0.0,0.0,robust isolated,1,2,isolated in ≥2
B223QA,Marcy Green South,Triangle/Plaza,B,0.104,29,53,46,0.0,1.0,1.0,grouped,3,57,11,0.0,1.0,1.0,grouped,-1,1,-1,1.0,0.0,0.0,robust isolated,-1,1,-1,1.0,0.0,0.0,robust isolated,1,2,isolated in ≥2
B223QB,Marcy Green Center,Triangle/Plaza,B,0.195,29,53,46,0.0,1.0,1.0,grouped,3,57,11,0.0,1.0,1.0,grouped,-1,1,-1,1.0,0.0,0.0,robust isolated,-1,1,-1,1.0,0.0,0.0,robust isolated,1,2,isolated in ≥2
B223QC,Marcy Green North,Triangle/Plaza,B,0.137,29,53,46,0.0,1.0,1.0,grouped,3,57,11,0.0,1.0,1.0,grouped,-1,1,-1,1.0,0.0,0.0,robust isolated,-1,1,-1,1.0,0.0,0.0,robust isolated,1,2,isolated in ≥2
B223R,Jaime Campiz Playground,Playground,B,0.752,29,53,46,0.0,1.0,0.917,grouped,3,57,11,0.0,1.0,1.0,grouped,-1,1,-1,0.778,0.222,0.222,unstable,-1,1,-1,0.625,0.25,0.0,unstable,1,0,definition-specific
B223S,Macri Triangle,Triangle/Plaza,B,0.57,29,53,46,0.0,1.0,1.0,grouped,3,57,11,0.0,1.0,1.0,grouped,65,13,82,0.222,0.778,0.778,grouped,-1,1,-1,1.0,0.0,0.0,robust isolated,2,1,grouped in ≥2
B223T,Father Giorgio Triangle,Triangle/Plaza,B,0.067,29,53,46,0.0,1.0,1.0,grouped,3,57,11,0.0,1.0,1.0,grouped,-1,1,-1,0.889,0.111,0.111,robust isolated,-1,1,-1,1.0,0.0,0.0,robust isolated,1,2,isolated in ≥2
B223U,Lentol Garden,Triangle/Plaza,B,0.762,29,53,46,0.25,0.75,0.75,grouped,3,57,11,0.0,1.0,1.0,grouped,-1,1,-1,1.0,0.0,0.0,robust isolated,-1,1,-1,1.0,0.0,0.0,robust isolated,1,2,isolated in ≥2
B223V,Badame Sessa Triangle,Triangle/Plaza,B,0.067,29,53,46,0.0,1.0,1.0,grouped,3,57,11,0.0,1.0,1.0,grouped,-1,1,-1,1.0,0.0,0.0,robust isolated,-1,1,-1,1.0,0.0,0.0,robust isolated,1,2,isolated in ≥2
B224,P.O. Reinaldo Salgado Playground,Neighborhood Park,B,2.289,49,11,77,0.0,1.0,0.833,grouped,4,126,19,0.0,1.0,1.0,grouped,-1,1,-1,0.778,0.222,0.0,unstable,58,3,-1,0.375,0.625,0.312,grouped,2,0,grouped in ≥2
B224A,Citizens For A Better Community,Garden,B,0.299,49,11,77,0.0,1.0,0.75,grouped,4,126,19,0.0,1.0,1.0,grouped,-1,1,-1,0.778,0.222,0.0,unstable,59,2,-1,0.5,0.5,0.25,grouped,2,0,grouped in ≥2
B225,St. Andrew's Playground,Neighborhood Park,B,3.38,47,39,66,0.0,1.0,1.0,grouped,2,50,5,0.0,1.0,1.0,grouped,95,3,114,0.222,0.778,0.778,grouped,-1,1,-1,1.0,0.0,0.0,robust isolated,2,1,grouped in ≥2
B226,Mt. Carmel Triangle,Triangle/Plaza,B,0.102,29,53,46,0.0,1.0,1.0,grouped,3,57,11,0.0,1.0,1.0,grouped,65,13,82,0.222,0.778,0.778,grouped,-1,1,-1,0.625,0.25,0.0,unstable,2,0,grouped in ≥2
B227,P.S. 125 Playground,Playground,B,0.208,10,18,15,0.0,1.0,1.0,grouped,1,114,1,0.0,1.0,1.0,grouped,39,7,48,0.111,0.889,0.889,grouped,-1,1,-1,0.875,0.062,0.0,robust isolated,2,1,grouped in ≥2
B228,Dr. Green Playground,Playground,B,1.791,10,18,15,0.0,1.0,1.0,grouped,1,114,1,0.0,1.0,1.0,grouped,40,9,-1,0.333,0.667,0.667,grouped,-1,1,-1,0.688,0.312,0.188,unstable,2,0,grouped in ≥2
B229,Triangle,Triangle/Plaza,B,0.019,-1,1,-1,0.583,0.417,0.333,unstable,5,107,33,0.0,1.0,1.0,grouped,182,3,207,0.0,1.0,1.0,grouped,-1,1,-1,1.0,0.0,0.0,robust isolated,1,1,definition-specific
B230,Nicholas Naquan Heyward Jr. Park,Neighborhood Park,B,1.041,-1,1,-1,0.75,0.25,0.25,unstable,6,111,47,0.0,1.0,1.0,grouped,-1,1,-1,1.0,0.0,0.0,robust isolated,-1,1,-1,1.0,0.0,0.0,robust isolated,0,2,isolated in ≥2
B231,Samuel Goldberg Triangle,Triangle/Plaza,B,0.015,116,2,178,0.0,0.25,0.25,grouped,5,107,28,0.0,1.0,1.0,grouped,199,2,-1,0.444,0.0,0.0,grouped,-1,1,-1,1.0,0.0,0.0,robust isolated,2,1,grouped in ≥2
B232,Dean Playground,Neighborhood Park,B,1.3,-1,1,-1,0.375,0.625,0.417,unstable,6,111,49,0.0,1.0,1.0,grouped,-1,1,-1,1.0,0.0,0.0,robust isolated,-1,1,-1,0.875,0.062,0.0,robust isolated,0,2,isolated in ≥2
B233,Park,Triangle/Plaza,B,0.312,-1,1,-1,0.417,0.583,0.375,unstable,4,126,-1,0.5,0.5,0.5,grouped,-1,1,-1,1.0,0.0,0.0,robust isolated,-1,1,-1,1.0,0.0,0.0,robust isolated,0,2,isolated in ≥2
B234,Tilden Playground,Neighborhood Park,B,1.19,-1,1,-1,0.833,0.167,0.167,robust isolated,5,107,32,0.0,1.0,1.0,grouped,-1,1,-1,1.0,0.0,0.0,robust isolated,-1,1,-1,1.0,0.0,0.0,robust isolated,0,3,isolated in all
B235,Herman Dolgon Playground,Neighborhood Park,B,1.894,105,10,155,0.0,1.0,0.208,grouped,5,107,28,0.0,1.0,1.0,grouped,-1,1,-1,0.667,0.222,0.0,unstable,-1,1,-1,1.0,0.0,0.0,robust isolated,1,1,definition-specific
B236,Glenwood Playground,Neighborhood Park,B,1.43,84,3,-1,0.333,0.667,0.417,grouped,5,107,33,0.0,1.0,1.0,grouped,182,3,207,0.0,1.0,1.0,grouped,-1,1,-1,1.0,0.0,0.0,robust isolated,2,1,grouped in ≥2
B237,John Hancock Playground,Jointly Operated Playground,B,1.547,67,36,106,0.0,1.0,1.0,grouped,4,126,19,0.0,1.0,1.0,grouped,-1,1,-1,1.0,0.0,0.0,robust isolated,-1,1,-1,0.812,0.125,0.0,robust isolated,1,2,isolated in ≥2
B239,Sheepshead Playground,Jointly Operated Playground,B,2.087,103,2,153,0.0,0.5,0.5,grouped,5,107,28,0.0,1.0,1.0,grouped,88,3,107,0.111,0.889,0.889,grouped,-1,1,-1,1.0,0.0,0.0,robust isolated,2,1,grouped in ≥2
B240,Tucker Place,Triangle/Plaza,B,0.155,-1,1,-1,0.833,0.167,0.167,robust isolated,5,107,28,0.0,1.0,0.0,grouped,-1,1,-1,1.0,0.0,0.0,robust isolated,-1,1,-1,1.0,0.0,0.0,robust isolated,0,3,isolated in all
B242,Meucci Triangle,Triangle/Plaza,B,0.045,107,12,161,0.0,1.0,0.833,grouped,5,107,28,0.0,1.0,1.0,grouped,191,3,218,0.111,0.833,0.833,grouped,-1,1,-1,1.0,0.0,0.0,robust isolated,2,1,grouped in ≥2
B243,Golconda Playground,Neighborhood Park,B,1.5,64,22,98,0.0,1.0,1.0,grouped,4,126,20,0.0,1.0,1.0,grouped,-1,1,-1,0.778,0.222,0.222,unstable,-1,1,-1,0.625,0.312,0.0,unstable,1,0,definition-specific
B244,McDonald Playground,Neighborhood Park,B,3.485,106,2,-1,0.417,0.583,0.333,grouped,5,107,28,0.0,1.0,1.0,grouped,-1,1,-1,0.889,0.111,0.056,robust isolated,-1,1,-1,0.875,0.0,0.0,robust isolated,1,2,isolated in ≥2
B245,St. John's Park,Community Park,B,9.04,47,39,66,0.0,1.0,1.0,grouped,2,50,5,0.0,1.0,1.0,grouped,-1,1,-1,0.889,0.111,0.111,robust isolated,-1,1,-1,1.0,0.0,0.0,robust isolated,1,2,isolated in ≥2
B246,Jerome Playground,Jointly Operated Playground,B,0.694,2,8,2,0.0,1.0,0.875,grouped,1,114,2,0.0,1.0,1.0,grouped,-1,1,-1,0.889,0.111,0.111,robust isolated,-1,1,-1,1.0,0.0,0.0,robust isolated,1,2,isolated in ≥2
B247,Breukelen Ballfields,Community Park,B,16.16,2,8,2,0.0,1.0,1.0,grouped,1,114,2,0.0,1.0,1.0,grouped,139,3,164,0.111,0.889,0.889,grouped,-1,1,-1,1.0,0.0,0.0,robust isolated,2,1,grouped in ≥2
B248,Fox Playground,Jointly Operated Playground,B,2.27,85,2,132,0.0,0.417,0.333,grouped,5,107,33,0.0,1.0,1.0,grouped,194,2,-1,0.333,0.0,0.0,grouped,-1,1,-1,1.0,0.0,0.0,robust isolated,2,1,grouped in ≥2
B249,Van Dyke Playground,Neighborhood Park,B,1.398,10,18,15,0.0,1.0,0.25,grouped,1,114,1,0.0,1.0,1.0,grouped,-1,1,-1,0.889,0.111,0.0,robust isolated,-1,1,-1,1.0,0.0,0.0,robust isolated,1,2,isolated in ≥2
B250,Nostrand Playground,Jointly Operated Playground,B,3.023,79,3,124,0.0,1.0,0.333,grouped,5,107,32,0.0,1.0,1.0,grouped,-1,1,-1,0.778,0.222,0.222,unstable,-1,1,-1,0.938,0.062,0.0,robust isolated,1,1,definition-specific
B251,Manhattan Beach Park,Community Park,B,42.941,-1,1,-1,1.0,0.0,0.0,robust isolated,-1,1,-1,1.0,0.0,0.0,robust isolated,-1,1,-1,1.0,0.0,0.0,robust isolated,-1,1,-1,1.0,0.0,0.0,robust isolated,0,3,isolated in all
B252,West Playground,Neighborhood Park,B,2.387,-1,1,-1,0.5,0.5,0.417,unstable,5,107,28,0.0,1.0,1.0,grouped,88,3,107,0.111,0.889,0.889,grouped,-1,1,-1,1.0,0.0,0.0,robust isolated,1,1,definition-specific
B253,Albert L. Parham Playground,Jointly Operated Playground,B,1.253,64,22,98,0.0,1.0,1.0,grouped,4,126,19,0.0,1.0,1.0,grouped,-1,1,-1,1.0,0.0,0.0,robust isolated,41,2,47,0.25,0.125,0.0,grouped,2,1,grouped in ≥2
B254,Wingate Park,Jointly Operated Playground,B,5.888,44,2,63,0.25,0.583,0.583,grouped,2,50,5,0.0,1.0,1.0,grouped,-1,1,-1,0.667,0.333,0.333,unstable,-1,1,-1,0.938,0.0,0.0,robust isolated,1,1,definition-specific
B255A,Park,Strip,B,0.002,-1,1,-1,0.75,0.25,0.25,unstable,6,111,46,0.0,1.0,1.0,grouped,-1,1,-1,0.778,0.222,0.222,unstable,-1,1,-1,1.0,0.0,0.0,robust isolated,0,1,definition-specific
B255B,Park,Strip,B,0.113,147,7,-1,0.333,0.667,0.25,grouped,6,111,46,0.0,1.0,1.0,grouped,-1,1,-1,0.889,0.056,0.056,robust isolated,-1,1,-1,1.0,0.0,0.0,robust isolated,1,2,isolated in ≥2
B255C,Purple Playground,Playground,B,0.711,147,7,220,0.0,1.0,1.0,grouped,6,111,46,0.0,1.0,1.0,grouped,-1,1,-1,0.889,0.111,0.111,robust isolated,-1,1,-1,1.0,0.0,0.0,robust isolated,1,2,isolated in ≥2
B255D,Park,Parkway,B,0.281,147,7,220,0.0,1.0,1.0,grouped,6,111,47,0.0,1.0,1.0,grouped,-1,1,-1,1.0,0.0,0.0,robust isolated,-1,1,-1,1.0,0.0,0.0,robust isolated,1,2,isolated in ≥2
B255E,Park,Triangle/Plaza,B,0.736,147,7,220,0.0,1.0,1.0,grouped,6,111,46,0.0,1.0,1.0,grouped,-1,1,-1,1.0,0.0,0.0,robust isolated,-1,1,-1,1.0,0.0,0.0,robust isolated,1,2,isolated in ≥2
B255F,Detective Joseph Mayrose Park,Neighborhood Park,B,1.314,147,7,220,0.0,1.0,0.75,grouped,6,111,47,0.0,1.0,1.0,grouped,-1,1,-1,1.0,0.0,0.0,robust isolated,-1,1,-1,1.0,0.0,0.0,robust isolated,1,2,isolated in ≥2
B255G,Butterfly Gardens,Neighborhood Park,B,0.442,148,5,-1,0.5,0.5,0.5,grouped,6,111,47,0.0,1.0,1.0,grouped,-1,1,-1,1.0,0.0,0.0,robust isolated,-1,1,-1,0.938,0.0,0.0,robust isolated,1,2,isolated in ≥2
B255H,Thomas J. Cuite Park,Playground,B,0.487,148,5,223,0.0,1.0,0.5,grouped,6,111,46,0.0,1.0,1.0,grouped,-1,1,-1,1.0,0.0,0.0,robust isolated,-1,1,-1,1.0,0.0,0.0,robust isolated,1,2,isolated in ≥2
B255I,Park,Parkway,B,0.438,148,5,223,0.0,1.0,0.5,grouped,6,111,48,0.0,1.0,1.0,grouped,-1,1,-1,1.0,0.0,0.0,robust isolated,-1,1,-1,0.938,0.0,0.0,robust isolated,1,2,isolated in ≥2
B255J,Seeley Park,Triangle/Plaza,B,0.364,146,4,218,0.25,0.75,0.5,grouped,5,107,-1,0.5,0.5,0.5,grouped,-1,1,-1,1.0,0.0,0.0,robust isolated,-1,1,-1,0.875,0.0,0.0,robust isolated,1,2,isolated in ≥2
B255K,Sitting Area,Triangle/Plaza,B,0.93,148,5,223,0.0,1.0,0.5,grouped,6,111,48,0.0,1.0,1.0,grouped,-1,1,-1,1.0,0.0,0.0,robust isolated,-1,1,-1,1.0,0.0,0.0,robust isolated,1,2,isolated in ≥2
B255L,"Captain John McKenna, IV Park",Triangle/Plaza,B,0.48,146,4,218,0.0,0.75,0.5,grouped,5,107,-1,0.5,0.5,0.5,grouped,-1,1,-1,1.0,0.0,0.0,robust isolated,-1,1,-1,1.0,0.0,0.0,robust isolated,1,2,isolated in ≥2
B255M,Park,Triangle/Plaza,B,0.205,-1,1,-1,0.75,0.25,0.167,unstable,-1,1,-1,1.0,0.0,0.0,robust isolated,-1,1,-1,1.0,0.0,0.0,robust isolated,-1,1,-1,1.0,0.0,0.0,robust isolated,0,2,isolated in ≥2
B255N,Park,Triangle/Plaza,B,0.116,-1,1,-1,0.75,0.25,0.167,unstable,-1,1,-1,1.0,0.0,0.0,robust isolated,-1,1,-1,1.0,0.0,0.0,robust isolated,-1,1,-1,1.0,0.0,0.0,robust isolated,0,2,isolated in ≥2
B255O,Park,Triangle/Plaza,B,0.058,148,5,-1,0.5,0.5,0.5,grouped,6,111,-1,0.5,0.5,0.5,grouped,-1,1,-1,1.0,0.0,0.0,robust isolated,-1,1,-1,1.0,0.0,0.0,robust isolated,1,2,isolated in ≥2
B257,Frost Playground,Playground,B,0.739,-1,1,-1,0.5,0.5,0.25,unstable,-1,1,-1,1.0,0.0,0.0,robust isolated,-1,1,-1,1.0,0.0,0.0,robust isolated,-1,1,-1,1.0,0.0,0.0,robust isolated,0,2,isolated in ≥2
B258,Brevoort Playground,Playground,B,1.485,49,11,78,0.0,1.0,0.5,grouped,4,126,19,0.0,1.0,1.0,grouped,-1,1,-1,1.0,0.0,0.0,robust isolated,-1,1,-1,1.0,0.0,0.0,robust isolated,1,2,isolated in ≥2
B259,Underwood Park,Neighborhood Park,B,1.187,64,22,100,0.0,1.0,1.0,grouped,4,126,19,0.0,1.0,1.0,grouped,-1,1,-1,0.778,0.222,0.222,unstable,-1,1,-1,1.0,0.0,0.0,robust isolated,1,1,definition-specific
B260,Howard Playground,Community Park,B,1.0,8,3,11,0.0,1.0,1.0,grouped,1,114,1,0.0,1.0,1.0,grouped,-1,1,-1,0.667,0.333,0.333,unstable,-1,1,-1,0.562,0.375,0.188,unstable,1,0,definition-specific
B260A,Howard Pool,Community Park,B,0.67,10,18,14,0.083,0.917,0.833,grouped,1,114,1,0.0,1.0,1.0,grouped,-1,1,-1,0.667,0.333,0.167,unstable,-1,1,-1,0.875,0.0,0.0,robust isolated,1,1,definition-specific
B261,Sankofa Park,Playground,B,0.847,16,48,25,0.0,1.0,1.0,grouped,1,114,1,0.0,1.0,1.0,grouped,-1,1,-1,1.0,0.0,0.0,robust isolated,-1,1,-1,0.5,0.5,0.188,unstable,1,1,definition-specific
B262,Potomac Playground,Jointly Operated Playground,B,1.315,67,36,106,0.0,1.0,1.0,grouped,4,126,19,0.0,1.0,1.0,grouped,-1,1,-1,0.778,0.222,0.222,unstable,-1,1,-1,0.625,0.312,0.188,unstable,1,0,definition-specific
B263,Sumner Playground,Jointly Operated Playground,B,1.97,-1,1,-1,0.75,0.25,0.25,unstable,4,126,-1,0.5,0.5,0.0,grouped,-1,1,-1,1.0,0.0,0.0,robust isolated,-1,1,-1,1.0,0.0,0.0,robust isolated,0,2,isolated in ≥2
B264,Roebling Playground,Jointly Operated Playground,B,1.23,29,53,46,0.0,1.0,0.5,grouped,4,126,19,0.0,1.0,1.0,grouped,-1,1,-1,0.778,0.222,0.222,unstable,-1,1,-1,1.0,0.0,0.0,robust isolated,1,1,definition-specific
B265,Rainbow Playground,Playground,B,0.46,139,26,-1,0.333,0.667,0.542,grouped,6,111,46,0.0,1.0,1.0,grouped,-1,1,-1,0.889,0.111,0.111,robust isolated,-1,1,-1,0.812,0.0,0.0,robust isolated,1,2,isolated in ≥2
B266,Star Spangled Playground,Jointly Operated Playground,B,1.687,67,36,106,0.125,0.875,0.583,grouped,4,126,19,0.0,1.0,1.0,grouped,-1,1,-1,1.0,0.0,0.0,robust isolated,-1,1,-1,1.0,0.0,0.0,robust isolated,1,2,isolated in ≥2
B267,Winthrop Playground,Jointly Operated Playground,B,1.252,44,2,63,0.25,0.583,0.25,grouped,2,50,5,0.0,1.0,1.0,grouped,-1,1,-1,1.0,0.0,0.0,robust isolated,-1,1,-1,0.938,0.0,0.0,robust isolated,1,2,isolated in ≥2
B268,Nautilus Playground,Playground,B,1.38,121,12,183,0.125,0.875,0.417,grouped,5,107,29,0.0,1.0,1.0,grouped,-1,1,-1,1.0,0.0,0.0,robust isolated,-1,1,-1,0.875,0.0,0.0,robust isolated,1,2,isolated in ≥2
B269,Jesse Owens Playground,Jointly Operated Playground,B,2.326,66,2,102,0.125,0.75,0.75,grouped,4,126,19,0.0,1.0,1.0,grouped,-1,1,-1,0.889,0.111,0.111,robust isolated,15,2,-1,0.312,0.188,0.125,grouped,2,1,grouped in ≥2
B270,Brownsville Playground,Community Park,B,3.017,9,16,12,0.0,1.0,1.0,grouped,1,114,1,0.0,1.0,1.0,grouped,-1,1,-1,1.0,0.0,0.0,robust isolated,-1,1,-1,1.0,0.0,0.0,robust isolated,1,2,isolated in ≥2
B271,Railroad Playground,Neighborhood Park,B,2.3,5,2,8,0.0,0.5,0.417,grouped,1,114,1,0.0,1.0,1.0,grouped,-1,1,-1,1.0,0.0,0.0,robust isolated,-1,1,-1,1.0,0.0,0.0,robust isolated,1,2,isolated in ≥2
B272,Marlboro Playground,Neighborhood Park,B,1.072,106,2,-1,0.5,0.5,0.25,grouped,5,107,-1,0.5,0.5,0.5,grouped,-1,1,-1,1.0,0.0,0.0,robust isolated,-1,1,-1,1.0,0.0,0.0,robust isolated,1,2,isolated in ≥2
B273,Aimee Triangle,Triangle/Plaza,B,0.11,81,3,126,0.0,0.833,0.542,grouped,5,107,28,0.0,1.0,1.0,grouped,-1,1,-1,0.778,0.222,0.222,unstable,-1,1,-1,0.875,0.125,0.0,robust isolated,1,1,definition-specific
B274,Bayview Playground,Jointly Operated Playground,B,1.21,-1,1,-1,0.833,0.167,0.167,robust isolated,5,107,30,0.0,0.5,0.5,grouped,-1,1,-1,1.0,0.0,0.0,robust isolated,-1,1,-1,1.0,0.0,0.0,robust isolated,0,3,isolated in all
B275,Grady Playground,Jointly Operated Playground,B,3.403,-1,1,-1,0.917,0.083,0.083,robust isolated,-1,1,-1,1.0,0.0,0.0,robust isolated,-1,1,-1,1.0,0.0,0.0,robust isolated,-1,1,-1,1.0,0.0,0.0,robust isolated,0,3,isolated in all
B277,Benson Playground,Jointly Operated Playground,B,0.934,115,2,-1,0.417,0.25,0.167,grouped,5,107,28,0.0,1.0,1.0,grouped,-1,1,-1,0.667,0.0,0.0,unstable,-1,1,-1,0.875,0.0,0.0,robust isolated,1,1,definition-specific
B278,Sam Leggio Triangle,Triangle/Plaza,B,0.011,15,2,-1,0.5,0.417,0.167,grouped,1,114,-1,0.5,0.5,0.0,grouped,-1,1,-1,1.0,0.0,0.0,robust isolated,-1,1,-1,1.0,0.0,0.0,robust isolated,1,2,isolated in ≥2
B279,Wilson Playground,Jointly Operated Playground,B,1.606,3,4,4,0.0,1.0,0.292,grouped,5,107,33,0.0,1.0,1.0,grouped,-1,1,-1,1.0,0.0,0.0,robust isolated,-1,1,-1,1.0,0.0,0.0,robust isolated,1,2,isolated in ≥2
B282,Patrick O'Rourke Playground,Jointly Operated Playground,B,1.23,138,3,204,0.167,0.667,0.333,grouped,6,111,48,0.0,1.0,1.0,grouped,-1,1,-1,1.0,0.0,0.0,robust isolated,-1,1,-1,0.875,0.0,0.0,robust isolated,1,2,isolated in ≥2
B283,Belmont Playground,Jointly Operated Playground,B,0.682,-1,1,-1,0.5,0.5,0.333,unstable,1,114,1,0.0,1.0,1.0,grouped,-1,1,-1,1.0,0.0,0.0,robust isolated,-1,1,-1,1.0,0.0,0.0,robust isolated,0,2,isolated in ≥2
B284,Marc And Jason's Playground,Community Park,B,1.148,-1,1,-1,0.583,0.417,0.417,unstable,2,50,5,0.0,1.0,1.0,grouped,-1,1,-1,1.0,0.0,0.0,robust isolated,-1,1,-1,1.0,0.0,0.0,robust isolated,0,2,isolated in ≥2
B285,Harry Maze Playground,Neighborhood Park,B,2.427,84,3,130,0.25,0.667,0.167,grouped,5,107,-1,0.5,0.5,0.5,grouped,-1,1,-1,0.889,0.111,0.056,robust isolated,-1,1,-1,1.0,0.0,0.0,robust isolated,1,2,isolated in ≥2
B286,Bartlett Playground,Playground,B,1.032,-1,1,-1,0.583,0.417,0.417,unstable,4,126,20,0.0,1.0,1.0,grouped,-1,1,-1,1.0,0.0,0.0,robust isolated,-1,1,-1,0.875,0.062,0.0,robust isolated,0,2,isolated in ≥2
B287,Andries Playground,Jointly Operated Playground,B,0.964,81,3,-1,0.333,0.667,0.5,grouped,5,107,28,0.0,1.0,1.0,grouped,-1,1,-1,0.778,0.222,0.222,unstable,-1,1,-1,0.562,0.188,0.0,unstable,1,0,definition-specific
B288,Slope Park Playground,Jointly Operated Playground,B,0.504,147,7,220,0.0,1.0,1.0,grouped,6,111,46,0.0,1.0,1.0,grouped,-1,1,-1,1.0,0.0,0.0,robust isolated,-1,1,-1,1.0,0.0,0.0,robust isolated,1,2,isolated in ≥2
B289,Cutinella Triangle,Triangle/Plaza,B,0.076,107,12,161,0.0,1.0,0.5,grouped,5,107,28,0.0,1.0,1.0,grouped,-1,1,-1,0.444,0.5,0.278,unstable,-1,1,-1,1.0,0.0,0.0,robust isolated,1,1,definition-specific
B290,Public Place,Triangle/Plaza,B,0.112,16,48,25,0.167,0.833,0.417,grouped,1,114,1,0.0,1.0,1.0,grouped,-1,1,-1,0.667,0.333,0.333,unstable,-1,1,-1,0.875,0.125,0.125,robust isolated,1,1,definition-specific
B291,Power Playground,Neighborhood Park,B,2.295,87,6,-1,0.417,0.5,0.333,grouped,5,107,33,0.0,1.0,1.0,grouped,86,3,105,0.222,0.778,0.778,grouped,-1,1,-1,1.0,0.0,0.0,robust isolated,2,1,grouped in ≥2
B292,Pratt Playground,Neighborhood Park,B,0.918,-1,1,-1,0.417,0.583,0.417,unstable,4,126,19,0.0,1.0,1.0,grouped,71,6,-1,0.444,0.556,0.0,grouped,-1,1,-1,0.812,0.125,0.0,robust isolated,1,1,definition-specific
B293,Classon Playground,Jointly Operated Playground,B,1.336,67,36,106,0.0,1.0,1.0,grouped,4,126,19,0.0,1.0,1.0,grouped,-1,1,-1,0.889,0.111,0.111,robust isolated,-1,1,-1,0.75,0.188,0.0,unstable,1,1,definition-specific
B294,Jackie Robinson Park Playground,Jointly Operated Playground,B,1.774,47,39,66,0.0,1.0,0.458,grouped,4,126,19,0.0,1.0,1.0,grouped,-1,1,-1,0.667,0.333,0.333,unstable,-1,1,-1,0.75,0.25,0.0,unstable,1,0,definition-specific
B295,Oxport Playground,Jointly Operated Playground,B,1.033,64,22,98,0.0,1.0,1.0,grouped,4,126,20,0.0,1.0,1.0,grouped,-1,1,-1,0.778,0.222,0.222,unstable,34,2,-1,0.375,0.438,0.0,grouped,2,0,grouped in ≥2
B296,Luna Playground,Playground,B,1.76,-1,1,-1,0.75,0.25,0.25,unstable,-1,1,-1,1.0,0.0,0.0,robust isolated,-1,1,-1,1.0,0.0,0.0,robust isolated,-1,1,-1,1.0,0.0,0.0,robust isolated,0,2,isolated in ≥2
B297,Albemarle Playground,Jointly Operated Playground,B,0.538,137,2,-1,0.333,0.25,0.167,grouped,5,107,34,0.0,1.0,1.0,grouped,-1,1,-1,1.0,0.0,0.0,robust isolated,-1,1,-1,0.875,0.0,0.0,robust isolated,1,2,isolated in ≥2
B298,Stockton Playground,Jointly Operated Playground,B,1.089,67,36,105,0.25,0.75,0.417,grouped,4,126,19,0.0,1.0,1.0,grouped,-1,1,-1,0.667,0.222,0.0,unstable,-1,1,-1,0.875,0.0,0.0,robust isolated,1,1,definition-specific
B300,Oracle Playground,Jointly Operated Playground,B,0.703,64,22,98,0.0,1.0,1.0,grouped,4,126,19,0.0,1.0,1.0,grouped,-1,1,-1,1.0,0.0,0.0,robust isolated,41,2,47,0.25,0.125,0.0,grouped,2,1,grouped in ≥2
B301,Greene Playground,Jointly Operated Playground,B,0.917,64,22,100,0.0,1.0,1.0,grouped,4,126,19,0.0,1.0,1.0,grouped,-1,1,-1,0.778,0.222,0.222,unstable,-1,1,-1,1.0,0.0,0.0,robust isolated,1,1,definition-specific
B302,Charlie's Place,Playground,B,1.26,-1,1,-1,0.75,0.25,0.25,unstable,4,126,19,0.0,1.0,0.5,grouped,-1,1,-1,1.0,0.0,0.0,robust isolated,-1,1,-1,1.0,0.0,0.0,robust isolated,0,2,isolated in ≥2
B304,Kennedy King Playground,Jointly Operated Playground,B,0.79,4,2,-1,0.375,0.375,0.333,grouped,1,114,1,0.0,1.0,1.0,grouped,-1,1,-1,1.0,0.0,0.0,robust isolated,159,2,-1,0.5,0.0,0.0,grouped,2,1,grouped in ≥2
B305,P.S. 279 Playground,Jointly Operated Playground,B,0.23,-1,1,-1,0.75,0.25,0.25,unstable,5,107,33,0.0,1.0,0.5,grouped,-1,1,-1,1.0,0.0,0.0,robust isolated,-1,1,-1,1.0,0.0,0.0,robust isolated,0,2,isolated in ≥2
B306,Playground 286,Jointly Operated Playground,B,0.868,105,10,155,0.0,1.0,0.25,grouped,5,107,28,0.0,1.0,1.0,grouped,-1,1,-1,0.889,0.111,0.111,robust isolated,-1,1,-1,1.0,0.0,0.0,robust isolated,1,2,isolated in ≥2
B307,Tiger Playground,Jointly Operated Playground,B,0.926,-1,1,-1,0.75,0.25,0.25,unstable,4,126,20,0.0,1.0,0.5,grouped,-1,1,-1,1.0,0.0,0.0,robust isolated,-1,1,-1,1.0,0.0,0.0,robust isolated,0,2,isolated in ≥2
B308,Yak Playground,Jointly Operated Playground,B,0.444,105,10,155,0.0,1.0,0.25,grouped,5,107,28,0.0,1.0,1.0,grouped,-1,1,-1,0.889,0.111,0.111,robust isolated,-1,1,-1,1.0,0.0,0.0,robust isolated,1,2,isolated in ≥2
B309,Pink Playground,Playground,B,1.0,1,2,1,0.0,0.333,0.333,grouped,1,114,2,0.0,1.0,1.0,grouped,-1,1,-1,1.0,0.0,0.0,robust isolated,-1,1,-1,1.0,0.0,0.0,robust isolated,1,2,isolated in ≥2
B310,Bushwick Playground,Community Park,B,1.29,53,13,82,0.0,1.0,1.0,grouped,4,126,20,0.0,1.0,1.0,grouped,-1,1,-1,0.778,0.222,0.222,unstable,-1,1,-1,0.875,0.125,0.0,robust isolated,1,1,definition-specific
B311,Ten Eyck Playground,Jointly Operated Playground,B,1.091,29,53,43,0.0,0.583,0.583,grouped,3,57,11,0.0,1.0,1.0,grouped,-1,1,-1,1.0,0.0,0.0,robust isolated,-1,1,-1,0.875,0.125,0.0,robust isolated,1,2,isolated in ≥2
B312,Woodruff Playground,Jointly Operated Playground,B,0.536,1,2,1,0.0,0.333,0.333,grouped,1,114,2,0.0,1.0,1.0,grouped,-1,1,-1,1.0,0.0,0.0,robust isolated,-1,1,-1,1.0,0.0,0.0,robust isolated,1,2,isolated in ≥2
B313,El Shabazz Playground,Jointly Operated Playground,B,0.89,48,7,-1,0.333,0.667,0.333,grouped,4,126,19,0.0,1.0,1.0,grouped,-1,1,-1,1.0,0.0,0.0,robust isolated,-1,1,-1,0.875,0.125,0.0,robust isolated,1,2,isolated in ≥2
B315,Surf Playground,Jointly Operated Playground,B,0.933,121,12,183,0.0,1.0,0.875,grouped,5,107,29,0.0,1.0,1.0,grouped,-1,1,-1,0.778,0.222,0.222,unstable,-1,1,-1,1.0,0.0,0.0,robust isolated,1,1,definition-specific
B316,DiGilio Playground,Community Park,B,0.826,-1,1,-1,0.375,0.542,0.25,unstable,5,107,28,0.0,1.0,1.0,grouped,-1,1,-1,0.889,0.111,0.056,robust isolated,-1,1,-1,1.0,0.0,0.0,robust isolated,0,2,isolated in ≥2
B317,Lafayette Gardens Playground,Playground,B,0.705,67,36,106,0.0,1.0,1.0,grouped,4,126,19,0.0,1.0,1.0,grouped,-1,1,-1,0.889,0.111,0.111,robust isolated,-1,1,-1,0.75,0.188,0.062,unstable,1,1,definition-specific
B320,Park Slope Playground,Jointly Operated Playground,B,0.955,57,5,87,0.0,0.875,0.5,grouped,6,111,47,0.0,1.0,1.0,grouped,-1,1,-1,1.0,0.0,0.0,robust isolated,-1,1,-1,1.0,0.0,0.0,robust isolated,1,2,isolated in ≥2
B321,Edmonds Playground,Jointly Operated Playground,B,0.917,64,22,98,0.0,1.0,1.0,grouped,4,126,19,0.0,1.0,1.0,grouped,-1,1,-1,1.0,0.0,0.0,robust isolated,-1,1,-1,1.0,0.0,0.0,robust isolated,1,2,isolated in ≥2
B322,Pulaski Playground,Jointly Operated Playground,B,1.416,71,3,-1,0.333,0.667,0.292,grouped,4,126,19,0.0,1.0,1.0,grouped,-1,1,-1,1.0,0.0,0.0,robust isolated,-1,1,-1,0.875,0.125,0.0,robust isolated,1,2,isolated in ≥2
B323,Hattie Carthan Playground,Jointly Operated Playground,B,1.195,67,36,107,0.0,1.0,1.0,grouped,4,126,19,0.0,1.0,1.0,grouped,-1,1,-1,1.0,0.0,0.0,robust isolated,58,3,65,0.0,0.75,0.312,grouped,2,1,grouped in ≥2
B324,Jacob Joffe Fields,Community Park,B,2.984,87,6,-1,0.5,0.5,0.25,grouped,5,107,33,0.0,1.0,1.0,grouped,-1,1,-1,1.0,0.0,0.0,robust isolated,-1,1,-1,0.875,0.0,0.0,robust isolated,1,2,isolated in ≥2
B325,Fish Playground,Jointly Operated Playground,B,1.035,47,39,67,0.0,1.0,1.0,grouped,2,50,5,0.0,1.0,1.0,grouped,-1,1,-1,0.889,0.111,0.111,robust isolated,-1,1,-1,0.562,0.375,0.125,unstable,1,1,definition-specific
B326,Cobble Hill Park,Neighborhood Park,B,0.585,130,19,195,0.083,0.917,0.583,grouped,6,111,47,0.0,1.0,1.0,grouped,-1,1,-1,1.0,0.0,0.0,robust isolated,-1,1,-1,1.0,0.0,0.0,robust isolated,1,2,isolated in ≥2
B329,Lindower Park,Community Park,B,6.7,-1,1,-1,0.667,0.333,0.25,unstable,5,107,33,0.0,1.0,0.5,grouped,-1,1,-1,1.0,0.0,0.0,robust isolated,-1,1,-1,1.0,0.0,0.0,robust isolated,0,2,isolated in ≥2
B330,Hickman Playground,Jointly Operated Playground,B,2.656,87,6,134,0.25,0.75,0.417,grouped,5,107,33,0.0,1.0,1.0,grouped,86,3,105,0.222,0.778,0.778,grouped,-1,1,-1,1.0,0.0,0.0,robust isolated,2,1,grouped in ≥2
B331,Neptune Playground,Jointly Operated Playground,B,1.243,-1,1,-1,0.75,0.25,0.25,unstable,-1,1,-1,1.0,0.0,0.0,robust isolated,-1,1,-1,1.0,0.0,0.0,robust isolated,-1,1,-1,1.0,0.0,0.0,robust isolated,0,2,isolated in ≥2
B332,Evergreen Playground,Jointly Operated Playground,B,0.87,-1,1,-1,0.5,0.5,0.333,unstable,4,126,20,0.0,1.0,1.0,grouped,-1,1,-1,1.0,0.0,0.0,robust isolated,-1,1,-1,0.75,0.188,0.062,unstable,0,1,definition-specific
B334,Fermi Playground,Jointly Operated Playground,B,1.061,53,13,82,0.0,1.0,1.0,grouped,4,126,20,0.0,1.0,1.0,grouped,-1,1,-1,0.556,0.111,0.0,unstable,-1,1,-1,1.0,0.0,0.0,robust isolated,1,1,definition-specific
B335,Bildersee Playground,Jointly Operated Playground,B,1.416,83,2,129,0.0,0.5,0.333,grouped,5,107,33,0.0,1.0,1.0,grouped,-1,1,-1,0.667,0.333,0.333,unstable,-1,1,-1,0.875,0.0,0.0,robust isolated,1,1,definition-specific
B337,Century Playground,Jointly Operated Playground,B,2.282,121,12,183,0.0,1.0,0.25,grouped,5,107,31,0.0,0.5,0.0,grouped,-1,1,-1,0.778,0.0,0.0,unstable,-1,1,-1,1.0,0.0,0.0,robust isolated,1,1,definition-specific
B338,Tom McDonald Triangle,Triangle/Plaza,B,0.032,139,26,-1,0.167,0.833,0.583,grouped,6,111,46,0.0,1.0,1.0,grouped,-1,1,-1,0.778,0.222,0.222,unstable,-1,1,-1,0.875,0.0,0.0,robust isolated,1,1,definition-specific
B339,Newport Playground,Jointly Operated Playground,B,0.918,9,16,12,0.0,1.0,1.0,grouped,1,114,1,0.0,1.0,1.0,grouped,-1,1,-1,1.0,0.0,0.0,robust isolated,-1,1,-1,1.0,0.0,0.0,robust isolated,1,2,isolated in ≥2
B340,Garden Playground,Jointly Operated Playground,B,0.915,53,13,82,0.0,1.0,1.0,grouped,4,126,20,0.0,1.0,1.0,grouped,-1,1,-1,0.556,0.444,0.444,unstable,-1,1,-1,0.875,0.125,0.0,robust isolated,1,1,definition-specific
B342,100% Playground,Jointly Operated Playground,B,1.616,3,4,4,0.0,1.0,0.583,grouped,5,107,33,0.0,1.0,1.0,grouped,139,3,164,0.111,0.889,0.889,grouped,-1,1,-1,1.0,0.0,0.0,robust isolated,2,1,grouped in ≥2
B343,Osborn Playground,Neighborhood Park,B,1.9,9,16,12,0.0,1.0,1.0,grouped,1,114,1,0.0,1.0,1.0,grouped,-1,1,-1,1.0,0.0,0.0,robust isolated,-1,1,-1,1.0,0.0,0.0,robust isolated,1,2,isolated in ≥2
B345,Ethan Allen Playground,Jointly Operated Playground,B,0.8,2,8,2,0.0,1.0,1.0,grouped,1,114,2,0.0,1.0,1.0,grouped,-1,1,-1,0.667,0.333,0.333,unstable,-1,1,-1,0.875,0.0,0.0,robust isolated,1,1,definition-specific
B346,Ericsson Playground,Jointly Operated Playground,B,1.06,29,53,46,0.0,1.0,0.75,grouped,3,57,11,0.0,1.0,1.0,grouped,-1,1,-1,1.0,0.0,0.0,robust isolated,-1,1,-1,1.0,0.0,0.0,robust isolated,1,2,isolated in ≥2
B347,Carver Playground,Jointly Operated Playground,B,0.964,48,7,75,0.0,1.0,0.5,grouped,2,50,5,0.0,1.0,0.5,grouped,-1,1,-1,1.0,0.0,0.0,robust isolated,-1,1,-1,0.75,0.0,0.0,unstable,1,1,definition-specific
B348,Willoughby Playground,Jointly Operated Playground,B,0.907,67,36,106,0.0,1.0,1.0,grouped,4,126,19,0.0,1.0,1.0,grouped,-1,1,-1,0.778,0.222,0.222,unstable,-1,1,-1,0.938,0.062,0.0,robust isolated,1,1,definition-specific
B349,Bath Playground,Jointly Operated Playground,B,1.157,115,2,-1,0.417,0.25,0.167,grouped,5,107,28,0.0,1.0,1.0,grouped,-1,1,-1,0.667,0.0,0.0,unstable,-1,1,-1,0.875,0.0,0.0,robust isolated,1,1,definition-specific
B350,Stroud Playground,Jointly Operated Playground,B,1.194,-1,1,-1,0.333,0.667,0.417,unstable,2,50,6,0.0,1.0,1.0,grouped,-1,1,-1,1.0,0.0,0.0,robust isolated,-1,1,-1,1.0,0.0,0.0,robust isolated,0,2,isolated in ≥2
B352,Curtis Playground,Playground,B,1.003,83,2,129,0.0,0.5,0.417,grouped,5,107,33,0.0,1.0,1.0,grouped,-1,1,-1,1.0,0.0,0.0,robust isolated,-1,1,-1,0.875,0.0,0.0,robust isolated,1,2,isolated in ≥2
B353,Bergen Beach Playground,Jointly Operated Playground,B,0.927,87,6,134,0.0,0.75,0.25,grouped,5,107,-1,0.5,0.5,0.5,grouped,-1,1,-1,1.0,0.0,0.0,robust isolated,-1,1,-1,1.0,0.0,0.0,robust isolated,1,2,isolated in ≥2
B356,North Pacific Playground,Playground,B,0.155,-1,1,-1,0.75,0.25,0.25,unstable,6,111,47,0.0,1.0,0.5,grouped,-1,1,-1,1.0,0.0,0.0,robust isolated,-1,1,-1,1.0,0.0,0.0,robust isolated,0,2,isolated in ≥2
B357,Jackie Robinson Playground,Jointly Operated Playground,B,1.0,58,5,91,0.0,1.0,0.458,grouped,4,126,21,0.0,1.0,1.0,grouped,-1,1,-1,1.0,0.0,0.0,robust isolated,-1,1,-1,1.0,0.0,0.0,robust isolated,1,2,isolated in ≥2
B358,De Hostos Playground,Jointly Operated Playground,B,1.1,28,5,41,0.0,1.0,0.667,grouped,3,57,11,0.0,1.0,1.0,grouped,-1,1,-1,0.889,0.111,0.111,robust isolated,-1,1,-1,1.0,0.0,0.0,robust isolated,1,2,isolated in ≥2
B359,Eleanor Roosevelt Playground,Jointly Operated Playground,B,1.211,67,36,103,0.125,0.75,0.625,grouped,4,126,19,0.0,1.0,1.0,grouped,-1,1,-1,1.0,0.0,0.0,robust isolated,-1,1,-1,1.0,0.0,0.0,robust isolated,1,2,isolated in ≥2
B360,Remsen Playground,Jointly Operated Playground,B,1.333,3,4,4,0.0,1.0,0.5,grouped,5,107,33,0.0,1.0,1.0,grouped,139,3,164,0.111,0.889,0.889,grouped,-1,1,-1,1.0,0.0,0.0,robust isolated,2,1,grouped in ≥2
B361,Boerum Park,Jointly Operated Playground,B,0.918,-1,1,-1,0.75,0.25,0.25,unstable,6,111,47,0.0,1.0,0.5,grouped,-1,1,-1,1.0,0.0,0.0,robust isolated,-1,1,-1,1.0,0.0,0.0,robust isolated,0,2,isolated in ≥2
B362,Chester Playground,Jointly Operated Playground,B,1.0,10,18,15,0.0,1.0,0.5,grouped,1,114,1,0.0,1.0,1.0,grouped,-1,1,-1,1.0,0.0,0.0,robust isolated,-1,1,-1,0.875,0.0,0.0,robust isolated,1,2,isolated in ≥2
B363,Houston Playground,Jointly Operated Playground,B,0.918,8,3,11,0.0,1.0,1.0,grouped,1,114,1,0.0,1.0,1.0,grouped,-1,1,-1,0.667,0.333,0.333,unstable,-1,1,-1,0.625,0.312,0.125,unstable,1,0,definition-specific
B364,Woods Playground,Jointly Operated Playground,B,1.438,47,39,66,0.0,1.0,1.0,grouped,2,50,5,0.0,1.0,1.0,grouped,-1,1,-1,1.0,0.0,0.0,robust isolated,-1,1,-1,0.812,0.188,0.0,robust isolated,1,2,isolated in ≥2
B366,Duke Park,Playground,B,0.137,16,48,23,0.0,1.0,0.25,grouped,1,114,1,0.0,1.0,1.0,grouped,-1,1,-1,1.0,0.0,0.0,robust isolated,-1,1,-1,1.0,0.0,0.0,robust isolated,1,2,isolated in ≥2
B367,Livonia Park,Neighborhood Park,B,0.918,9,16,12,0.0,1.0,1.0,grouped,1,114,1,0.0,1.0,1.0,grouped,-1,1,-1,1.0,0.0,0.0,robust isolated,-1,1,-1,0.875,0.062,0.0,robust isolated,1,2,isolated in ≥2
B369,Steeplechase Park,Community Park,B,10.01,121,12,183,0.0,1.0,0.875,grouped,5,107,29,0.0,1.0,1.0,grouped,-1,1,-1,0.778,0.222,0.222,unstable,-1,1,-1,0.625,0.125,0.0,unstable,1,0,definition-specific
B371,Spring Creek Park,Community Park,B,42.583,2,8,3,0.0,1.0,1.0,grouped,1,114,2,0.0,1.0,0.5,grouped,-1,1,-1,0.333,0.667,0.667,unstable,-1,1,-1,1.0,0.0,0.0,robust isolated,1,1,definition-specific
B372,Friends Field,Community Park,B,6.7,107,12,-1,0.333,0.667,0.333,grouped,5,107,28,0.0,1.0,1.0,grouped,-1,1,-1,0.889,0.111,0.056,robust isolated,-1,1,-1,0.875,0.0,0.0,robust isolated,1,2,isolated in ≥2
B375,Chiarantano Playground,Jointly Operated Playground,B,0.206,79,3,124,0.0,1.0,0.167,grouped,5,107,32,0.0,1.0,1.0,grouped,-1,1,-1,1.0,0.0,0.0,robust isolated,-1,1,-1,1.0,0.0,0.0,robust isolated,1,2,isolated in ≥2
B376,Fidler-Wyckoff House Park,Historic House Park,B,1.13,84,3,130,0.25,0.667,0.417,grouped,5,107,33,0.0,1.0,1.0,grouped,182,3,207,0.0,1.0,1.0,grouped,-1,1,-1,1.0,0.0,0.0,robust isolated,2,1,grouped in ≥2
B377,Floyd Patterson Ballfields,Recreational Field/Courts,B,2.3,9,16,12,0.0,1.0,1.0,grouped,1,114,1,0.0,1.0,1.0,grouped,-1,1,-1,1.0,0.0,0.0,robust isolated,-1,1,-1,0.875,0.062,0.0,robust isolated,1,2,isolated in ≥2
B378,University Place,Triangle/Plaza,B,1.161,64,22,98,0.0,1.0,1.0,grouped,4,126,19,0.0,1.0,1.0,grouped,-1,1,-1,1.0,0.0,0.0,robust isolated,-1,1,-1,1.0,0.0,0.0,robust isolated,1,2,isolated in ≥2
B379,Coney Island Creek Park,Nature Area,B,8.892,-1,1,-1,0.875,0.125,0.0,robust isolated,-1,1,-1,1.0,0.0,0.0,robust isolated,-1,1,-1,1.0,0.0,0.0,robust isolated,-1,1,-1,1.0,0.0,0.0,robust isolated,0,3,isolated in all
B380,Robert E. Venable Park,Neighborhood Park,B,2.939,16,48,25,0.25,0.75,0.417,grouped,1,114,1,0.0,1.0,1.0,grouped,40,9,-1,0.333,0.667,0.667,grouped,-1,1,-1,0.625,0.125,0.125,unstable,2,0,grouped in ≥2
B381,Thomas Boyland Park,Neighborhood Park,B,1.82,49,11,78,0.0,1.0,0.583,grouped,4,126,19,0.0,1.0,1.0,grouped,39,7,47,0.0,1.0,1.0,grouped,-1,1,-1,1.0,0.0,0.0,robust isolated,2,1,grouped in ≥2
B382A,Roberto Clemente Ballfield,Recreational Field/Courts,B,1.93,29,53,46,0.0,1.0,0.75,grouped,3,57,11,0.0,1.0,1.0,grouped,-1,1,-1,0.556,0.444,0.444,unstable,-1,1,-1,1.0,0.0,0.0,robust isolated,1,1,definition-specific
B382B,Jacob's Ladder Playground,Neighborhood Park,B,1.085,29,53,46,0.0,1.0,0.5,grouped,4,126,20,0.0,1.0,1.0,grouped,-1,1,-1,0.556,0.444,0.444,unstable,-1,1,-1,1.0,0.0,0.0,robust isolated,1,1,definition-specific
B383,Success Garden,Neighborhood Park,B,0.918,16,48,25,0.0,1.0,1.0,grouped,1,114,1,0.0,1.0,1.0,grouped,-1,1,-1,1.0,0.0,0.0,robust isolated,-1,1,-1,0.75,0.125,0.062,unstable,1,1,definition-specific
B384,Fresh Creek Nature Preserve,Nature Area,B,77.044,3,4,-1,0.333,0.667,0.333,grouped,5,107,33,0.0,1.0,1.0,grouped,-1,1,-1,0.667,0.333,0.333,unstable,-1,1,-1,1.0,0.0,0.0,robust isolated,1,1,definition-specific
B385,WNYC Transmitter Park,Neighborhood Park,B,6.611,-1,1,-1,0.75,0.25,0.25,unstable,-1,1,-1,1.0,0.0,0.0,robust isolated,-1,1,-1,1.0,0.0,0.0,robust isolated,-1,1,-1,1.0,0.0,0.0,robust isolated,0,2,isolated in ≥2
B386,Ten Eyck Plaza,Playground,B,0.46,29,53,-1,0.25,0.75,0.25,grouped,3,57,11,0.0,1.0,0.5,grouped,-1,1,-1,1.0,0.0,0.0,robust isolated,-1,1,-1,1.0,0.0,0.0,robust isolated,1,2,isolated in ≥2
B387,Hilltop Playground,Jointly Operated Playground,B,1.095,47,39,67,0.0,1.0,1.0,grouped,2,50,5,0.0,1.0,1.0,grouped,-1,1,-1,0.778,0.222,0.222,unstable,-1,1,-1,0.75,0.188,0.0,unstable,1,0,definition-specific
B388,Gateway Triangle,Triangle/Plaza,B,0.07,64,22,100,0.0,1.0,0.75,grouped,4,126,19,0.0,1.0,1.0,grouped,-1,1,-1,0.889,0.111,0.111,robust isolated,-1,1,-1,1.0,0.0,0.0,robust isolated,1,2,isolated in ≥2
B389,Umma Park,Playground,B,0.111,112,7,171,0.0,0.75,0.458,grouped,5,107,28,0.0,1.0,1.0,grouped,-1,1,-1,1.0,0.0,0.0,robust isolated,-1,1,-1,0.875,0.0,0.0,robust isolated,1,2,isolated in ≥2
B390,Mother Cabrini Park,Playground,B,0.467,130,19,195,0.0,0.75,0.75,grouped,6,111,47,0.0,1.0,0.5,grouped,-1,1,-1,1.0,0.0,0.0,robust isolated,-1,1,-1,1.0,0.0,0.0,robust isolated,1,2,isolated in ≥2
B391,Lt. Federico Narvaez Tot Lot,Playground,B,0.125,112,7,-1,0.333,0.667,0.458,grouped,5,107,28,0.0,1.0,1.0,grouped,-1,1,-1,1.0,0.0,0.0,robust isolated,-1,1,-1,1.0,0.0,0.0,robust isolated,1,2,isolated in ≥2
B392,Lott Park,Triangle/Plaza,B,0.06,-1,1,-1,0.833,0.167,0.083,robust isolated,5,107,32,0.0,1.0,0.5,grouped,-1,1,-1,1.0,0.0,0.0,robust isolated,-1,1,-1,1.0,0.0,0.0,robust isolated,0,3,isolated in all
B393,Sheepshead Bay Piers,Waterfront Facility,B,1.22,105,10,155,0.25,0.75,0.542,grouped,5,107,28,0.0,1.0,1.0,grouped,-1,1,-1,1.0,0.0,0.0,robust isolated,-1,1,-1,1.0,0.0,0.0,robust isolated,1,2,isolated in ≥2
B394,Four Sparrow Marsh,Nature Area,B,64.665,-1,1,-1,0.0,0.0,0.0,unresolved,-1,1,-1,0.0,0.0,0.0,unresolved,-1,1,-1,0.0,0.0,0.0,unresolved,-1,1,-1,0.0,0.0,0.0,unresolved,0,0,definition-specific
B395,Green Central Knoll,Neighborhood Park,B,2.741,53,13,82,0.0,1.0,1.0,grouped,4,126,20,0.0,1.0,1.0,grouped,-1,1,-1,0.444,0.222,0.222,unstable,-1,1,-1,1.0,0.0,0.0,robust isolated,1,1,definition-specific
B396,Nehemiah Park,Playground,B,1.648,9,16,12,0.0,1.0,1.0,grouped,1,114,1,0.0,1.0,1.0,grouped,-1,1,-1,1.0,0.0,0.0,robust isolated,-1,1,-1,0.938,0.062,0.0,robust isolated,1,2,isolated in ≥2
B397,Carter G. Woodson Children's Park,Community Park,B,0.918,10,18,15,0.0,1.0,1.0,grouped,1,114,1,0.0,1.0,1.0,grouped,40,9,-1,0.333,0.667,0.667,grouped,-1,1,-1,0.625,0.312,0.188,unstable,2,0,grouped in ≥2
B398,Kosciuszko Street Garden,Garden,B,0.185,67,36,103,0.125,0.75,0.542,grouped,4,126,19,0.0,1.0,1.0,grouped,-1,1,-1,1.0,0.0,0.0,robust isolated,-1,1,-1,1.0,0.0,0.0,robust isolated,1,2,isolated in ≥2
B399,Gardens Of Union,Garden,B,0.203,57,5,-1,0.417,0.583,0.25,grouped,6,111,47,0.0,1.0,1.0,grouped,-1,1,-1,0.889,0.0,0.0,robust isolated,-1,1,-1,0.75,0.0,0.0,unstable,1,1,definition-specific
B400,Hattie Carthan Community Garden,Garden,B,0.809,67,36,106,0.0,1.0,1.0,grouped,4,126,19,0.0,1.0,1.0,grouped,65,13,82,0.222,0.778,0.778,grouped,-1,1,-1,0.875,0.125,0.062,robust isolated,2,1,grouped in ≥2
B401,Grand Ferry Park,Neighborhood Park,B,1.7,29,53,44,0.0,1.0,1.0,grouped,3,57,11,0.0,1.0,0.0,grouped,-1,1,-1,1.0,0.0,0.0,robust isolated,-1,1,-1,0.75,0.0,0.0,unstable,1,1,definition-specific
B402,George Walker Jr. Park,Neighborhood Park,B,0.591,16,48,23,0.0,1.0,0.375,grouped,1,114,1,0.0,1.0,1.0,grouped,-1,1,-1,0.778,0.222,0.222,unstable,-1,1,-1,0.875,0.0,0.0,robust isolated,1,1,definition-specific
B403,Harmony Park,Neighborhood Park,B,1.56,47,39,66,0.0,1.0,1.0,grouped,2,50,5,0.0,1.0,1.0,grouped,-1,1,-1,0.889,0.111,0.111,robust isolated,-1,1,-1,1.0,0.0,0.0,robust isolated,1,2,isolated in ≥2
B404,East Flatbush Children's Playground,Playground,B,0.106,4,2,-1,0.375,0.375,0.292,grouped,1,114,1,0.0,1.0,1.0,grouped,-1,1,-1,1.0,0.0,0.0,robust isolated,159,2,-1,0.5,0.0,0.0,grouped,2,1,grouped in ≥2
B405,Epiphany Playground,Playground,B,0.5,29,53,46,0.0,1.0,0.583,grouped,3,57,11,0.0,1.0,1.0,grouped,-1,1,-1,0.889,0.111,0.111,robust isolated,-1,1,-1,1.0,0.0,0.0,robust isolated,1,2,isolated in ≥2
B407,South Oxford Park,Neighborhood Park,B,1.187,64,22,99,0.25,0.75,0.25,grouped,6,111,-1,0.5,0.5,0.5,grouped,-1,1,-1,1.0,0.0,0.0,robust isolated,-1,1,-1,1.0,0.0,0.0,robust isolated,1,2,isolated in ≥2
B408,Human Compass Garden,Garden,B,0.073,130,19,195,0.0,1.0,1.0,grouped,6,111,47,0.0,1.0,1.0,grouped,-1,1,-1,1.0,0.0,0.0,robust isolated,-1,1,-1,1.0,0.0,0.0,robust isolated,1,2,isolated in ≥2
B409,The Amazing Garden,Garden,B,0.103,130,19,195,0.0,1.0,1.0,grouped,6,111,47,0.0,1.0,0.5,grouped,-1,1,-1,1.0,0.0,0.0,robust isolated,-1,1,-1,1.0,0.0,0.0,robust isolated,1,2,isolated in ≥2
B410,The Backyard,Garden,B,0.225,130,19,195,0.0,0.75,0.75,grouped,6,111,47,0.0,1.0,1.0,grouped,-1,1,-1,1.0,0.0,0.0,robust isolated,-1,1,-1,1.0,0.0,0.0,robust isolated,1,2,isolated in ≥2
B411,Summit Street Community Garden,Garden,B,0.103,130,19,195,0.0,1.0,1.0,grouped,6,111,47,0.0,1.0,0.5,grouped,-1,1,-1,1.0,0.0,0.0,robust isolated,-1,1,-1,1.0,0.0,0.0,robust isolated,1,2,isolated in ≥2
B413,Hull Street Garden,Garden,B,0.32,47,39,67,0.0,1.0,0.875,grouped,2,50,5,0.0,1.0,1.0,grouped,-1,1,-1,1.0,0.0,0.0,robust isolated,-1,1,-1,1.0,0.0,0.0,robust isolated,1,2,isolated in ≥2
B414,E 4th Street Garden,Garden,B,0.184,146,4,-1,0.5,0.5,0.375,grouped,5,107,28,0.0,1.0,0.5,grouped,-1,1,-1,1.0,0.0,0.0,robust isolated,-1,1,-1,1.0,0.0,0.0,robust isolated,1,2,isolated in ≥2
B415,Georgia Ave Garden,Garden,B,0.037,9,16,12,0.0,1.0,0.75,grouped,1,114,1,0.0,1.0,1.0,grouped,-1,1,-1,0.667,0.333,0.333,unstable,-1,1,-1,1.0,0.0,0.0,robust isolated,1,1,definition-specific
B416,TLC Sculpture Park Garden,Garden,B,0.172,8,3,11,0.0,1.0,1.0,grouped,1,114,1,0.0,1.0,1.0,grouped,-1,1,-1,0.667,0.333,0.333,unstable,-1,1,-1,0.625,0.25,0.25,unstable,1,0,definition-specific
B417,PS 4K PARADISE GARDEN,Garden,B,0.3,16,48,25,0.0,1.0,1.0,grouped,1,114,1,0.0,1.0,1.0,grouped,-1,1,-1,0.667,0.333,0.333,unstable,-1,1,-1,0.812,0.188,0.062,robust isolated,1,1,definition-specific
B418,Valentino Pier,Neighborhood Park,B,4.525,-1,1,-1,0.5,0.5,0.167,unstable,6,111,47,0.0,1.0,0.5,grouped,-1,1,-1,1.0,0.0,0.0,robust isolated,-1,1,-1,1.0,0.0,0.0,robust isolated,0,2,isolated in ≥2
B419,Sutter Ballfields,Recreational Field/Courts,B,1.836,16,48,25,0.0,1.0,1.0,grouped,1,114,1,0.0,1.0,1.0,grouped,40,9,-1,0.333,0.667,0.667,grouped,-1,1,-1,0.625,0.125,0.0,unstable,2,0,grouped in ≥2
B420,Umoja Garden,Garden,B,0.206,49,11,77,0.0,1.0,0.833,grouped,4,126,19,0.0,1.0,1.0,grouped,39,7,47,0.0,1.0,1.0,grouped,-1,1,-1,1.0,0.0,0.0,robust isolated,2,1,grouped in ≥2
B421,Brooklyn Bears Carlton Av Garden,Garden,B,0.14,64,22,98,0.0,1.0,0.5,grouped,4,126,19,0.0,1.0,1.0,grouped,-1,1,-1,1.0,0.0,0.0,robust isolated,-1,1,-1,1.0,0.0,0.0,robust isolated,1,2,isolated in ≥2
B422,Bkln Bears Rockwell Pl Garden,Garden,B,0.082,64,22,100,0.0,1.0,1.0,grouped,4,126,19,0.0,1.0,1.0,grouped,-1,1,-1,0.889,0.111,0.111,robust isolated,-1,1,-1,0.875,0.0,0.0,robust isolated,1,2,isolated in ≥2
B423,Project Roots,Garden,B,0.172,-1,1,-1,0.583,0.417,0.417,unstable,4,126,19,0.0,1.0,1.0,grouped,-1,1,-1,1.0,0.0,0.0,robust isolated,-1,1,-1,1.0,0.0,0.0,robust isolated,0,2,isolated in ≥2
B424,Earth Spirit Garden,Garden,B,0.23,-1,1,-1,0.75,0.25,0.25,unstable,-1,1,-1,1.0,0.0,0.0,robust isolated,-1,1,-1,1.0,0.0,0.0,robust isolated,-1,1,-1,1.0,0.0,0.0,robust isolated,0,2,isolated in ≥2
B425,St Nicholas-olive St Garden,Garden,B,0.089,29,53,46,0.125,0.875,0.25,grouped,3,57,-1,0.5,0.5,0.5,grouped,-1,1,-1,1.0,0.0,0.0,robust isolated,-1,1,-1,1.0,0.0,0.0,robust isolated,1,2,isolated in ≥2
B426,St Nicholas-powers St Garden,Garden,B,0.115,-1,1,-1,0.75,0.25,0.25,unstable,3,57,-1,0.5,0.5,0.5,grouped,-1,1,-1,1.0,0.0,0.0,robust isolated,-1,1,-1,1.0,0.0,0.0,robust isolated,0,2,isolated in ≥2
B427,Sunshine Community Garden,Garden,B,0.115,-1,1,-1,0.75,0.25,0.25,unstable,3,57,-1,0.5,0.5,0.0,grouped,-1,1,-1,1.0,0.0,0.0,robust isolated,-1,1,-1,1.0,0.0,0.0,robust isolated,0,2,isolated in ≥2
B428,Goodwin Gardens,Garden,B,0.348,-1,1,-1,0.75,0.25,0.208,unstable,2,50,-1,0.5,0.5,0.5,grouped,-1,1,-1,1.0,0.0,0.0,robust isolated,-1,1,-1,0.875,0.0,0.0,robust isolated,0,2,isolated in ≥2
B429,Hope Ballfield,Neighborhood Park,B,1.363,53,13,82,0.0,1.0,1.0,grouped,4,126,20,0.0,1.0,1.0,grouped,-1,1,-1,1.0,0.0,0.0,robust isolated,-1,1,-1,1.0,0.0,0.0,robust isolated,1,2,isolated in ≥2
B430,Lewis Playground,Playground,B,0.161,67,36,106,0.0,1.0,1.0,grouped,4,126,19,0.0,1.0,1.0,grouped,9,2,-1,0.444,0.222,0.0,grouped,-1,1,-1,0.812,0.125,0.0,robust isolated,2,1,grouped in ≥2
B431,Brooklyn Bridge Park,Community Park,B,21.377,127,30,191,0.0,1.0,1.0,grouped,6,111,45,0.0,1.0,1.0,grouped,2,2,-1,0.444,0.556,0.556,grouped,-1,1,-1,0.875,0.125,0.125,robust isolated,2,1,grouped in ≥2
B432,American Veterans Memorial Pier,Waterfront Facility,B,3.169,-1,1,-1,0.75,0.25,0.167,unstable,6,111,-1,0.5,0.5,0.0,grouped,-1,1,-1,1.0,0.0,0.0,robust isolated,-1,1,-1,1.0,0.0,0.0,robust isolated,0,2,isolated in ≥2
B433,Hendrick I. Lott House,Historic House Park,B,0.734,-1,1,-1,0.833,0.167,0.167,robust isolated,5,107,-1,0.5,0.5,0.5,grouped,-1,1,-1,1.0,0.0,0.0,robust isolated,-1,1,-1,1.0,0.0,0.0,robust isolated,0,3,isolated in all
B435,Tilyou Playground,Playground,B,0.299,-1,1,-1,0.583,0.417,0.167,unstable,5,107,31,0.0,0.5,0.0,grouped,-1,1,-1,0.778,0.0,0.0,unstable,-1,1,-1,1.0,0.0,0.0,robust isolated,0,1,definition-specific
B436,Gethsemane Garden,Garden,B,0.045,9,16,12,0.0,1.0,1.0,grouped,1,114,1,0.0,1.0,1.0,grouped,-1,1,-1,1.0,0.0,0.0,robust isolated,-1,1,-1,0.75,0.0,0.0,unstable,1,1,definition-specific
B438,700 Decatur St Block Association,Garden,B,0.115,48,7,75,0.0,1.0,0.708,grouped,2,50,5,0.0,1.0,1.0,grouped,-1,1,-1,0.778,0.222,0.222,unstable,6,3,-1,0.312,0.625,0.062,grouped,2,0,grouped in ≥2
B439,All People's Church of the Apostolic Faith Community Garden,Garden,B,0.064,67,36,106,0.0,1.0,1.0,grouped,4,126,19,0.0,1.0,1.0,grouped,-1,1,-1,0.778,0.222,0.222,unstable,-1,1,-1,0.75,0.188,0.062,unstable,1,0,definition-specific
B440,Amboy Neighborhood Center,Garden,B,0.391,10,18,15,0.0,1.0,1.0,grouped,1,114,1,0.0,1.0,1.0,grouped,-1,1,-1,0.778,0.222,0.222,unstable,-1,1,-1,0.625,0.25,0.125,unstable,1,0,definition-specific
B441,American Heart,Garden,B,0.05,71,3,-1,0.333,0.667,0.292,grouped,4,126,19,0.0,1.0,1.0,grouped,-1,1,-1,1.0,0.0,0.0,robust isolated,-1,1,-1,0.875,0.125,0.0,robust isolated,1,2,isolated in ≥2
B442,Ps 149 Artsy Bloom Community Garden,Garden,B,0.056,16,48,25,0.0,1.0,1.0,grouped,1,114,1,0.0,1.0,1.0,grouped,40,9,-1,0.333,0.667,0.667,grouped,-1,1,-1,0.562,0.188,0.125,unstable,2,0,grouped in ≥2
B443,Atkins Gardeners,Garden,B,0.068,16,48,25,0.0,0.917,0.5,grouped,1,114,1,0.0,1.0,1.0,grouped,-1,1,-1,1.0,0.0,0.0,robust isolated,-1,1,-1,0.875,0.0,0.0,robust isolated,1,2,isolated in ≥2
B444,Berry Street Garden,Garden,B,0.137,29,53,46,0.25,0.75,0.583,grouped,3,57,11,0.0,1.0,1.0,grouped,-1,1,-1,0.889,0.111,0.111,robust isolated,-1,1,-1,1.0,0.0,0.0,robust isolated,1,2,isolated in ≥2
B445,Ten Eyck Houses Garden,Garden,B,0.114,-1,1,-1,0.75,0.25,0.25,unstable,3,57,-1,0.5,0.5,0.0,grouped,-1,1,-1,1.0,0.0,0.0,robust isolated,-1,1,-1,1.0,0.0,0.0,robust isolated,0,2,isolated in ≥2
B446,Big Red Garden,Garden,B,0.043,16,48,25,0.0,1.0,1.0,grouped,1,114,1,0.0,1.0,1.0,grouped,-1,1,-1,0.778,0.222,0.222,unstable,-1,1,-1,0.75,0.25,0.125,unstable,1,0,definition-specific
B447,Causa Festival Garden,Garden,B,0.206,16,48,25,0.0,1.0,1.0,grouped,1,114,1,0.0,1.0,1.0,grouped,-1,1,-1,0.778,0.222,0.222,unstable,-1,1,-1,0.75,0.25,0.125,unstable,1,0,definition-specific
B448,Cedar Tree Garden,Garden,B,0.177,67,36,106,0.0,1.0,1.0,grouped,4,126,19,0.0,1.0,1.0,grouped,-1,1,-1,1.0,0.0,0.0,robust isolated,-1,1,-1,1.0,0.0,0.0,robust isolated,1,2,isolated in ≥2
B449,New Vision Garden,Garden,B,0.321,16,48,25,0.0,1.0,1.0,grouped,1,114,1,0.0,1.0,1.0,grouped,-1,1,-1,1.0,0.0,0.0,robust isolated,-1,1,-1,0.625,0.312,0.125,unstable,1,1,definition-specific
B450,Clara's Garden,Garden,B,0.129,16,48,25,0.0,1.0,1.0,grouped,1,114,1,0.0,1.0,1.0,grouped,-1,1,-1,0.667,0.333,0.333,unstable,-1,1,-1,0.562,0.375,0.312,unstable,1,0,definition-specific
B451,Clifton Pl Memorial Park and Garden,Garden,B,0.165,67,36,106,0.0,1.0,1.0,grouped,4,126,19,0.0,1.0,1.0,grouped,-1,1,-1,1.0,0.0,0.0,robust isolated,69,2,78,0.25,0.0,0.0,grouped,2,1,grouped in ≥2
B452,Concerned Residents of Barbey Street,Garden,B,0.052,16,48,25,0.0,1.0,1.0,grouped,1,114,1,0.0,1.0,1.0,grouped,-1,1,-1,0.667,0.333,0.333,unstable,117,2,-1,0.375,0.625,0.375,grouped,2,0,grouped in ≥2
B453,Concerned Residents of Montauk Avenue,Garden,B,0.091,16,48,23,0.0,1.0,0.75,grouped,1,114,1,0.0,1.0,1.0,grouped,-1,1,-1,1.0,0.0,0.0,robust isolated,103,2,113,0.0,0.25,0.0,grouped,2,1,grouped in ≥2
B454,Cooper St Block Buster Bl Association,Garden,B,0.16,-1,1,-1,0.75,0.25,0.25,unstable,4,126,20,0.0,1.0,1.0,grouped,-1,1,-1,1.0,0.0,0.0,robust isolated,-1,1,-1,1.0,0.0,0.0,robust isolated,0,2,isolated in ≥2
B455,Crystal Wells Block Association,Garden,B,0.344,16,48,25,0.0,1.0,0.625,grouped,1,114,1,0.0,1.0,1.0,grouped,-1,1,-1,1.0,0.0,0.0,robust isolated,-1,1,-1,1.0,0.0,0.0,robust isolated,1,2,isolated in ≥2
B456,Walt L Shemal Garden,Garden,B,0.149,-1,1,-1,0.417,0.583,0.375,unstable,4,126,21,0.0,1.0,1.0,grouped,-1,1,-1,1.0,0.0,0.0,robust isolated,-1,1,-1,0.875,0.062,0.0,robust isolated,0,2,isolated in ≥2
B458,East End Community Garden,Garden,B,0.161,16,48,25,0.0,1.0,1.0,grouped,1,114,1,0.0,1.0,1.0,grouped,-1,1,-1,0.667,0.333,0.333,unstable,-1,1,-1,0.688,0.312,0.125,unstable,1,0,definition-specific
B459,Eastern Parkway Coalition,Garden,B,0.44,58,5,90,0.0,0.667,0.417,grouped,2,50,5,0.0,1.0,1.0,grouped,-1,1,-1,1.0,0.0,0.0,robust isolated,-1,1,-1,1.0,0.0,0.0,robust isolated,1,2,isolated in ≥2
B460,Elton St Block Association,Garden,B,0.097,16,48,-1,0.167,0.75,0.417,grouped,1,114,1,0.0,1.0,1.0,grouped,-1,1,-1,1.0,0.0,0.0,robust isolated,146,2,157,0.25,0.0,0.0,grouped,2,1,grouped in ≥2
B461,Euclid Garden,Garden,B,0.181,13,2,19,0.25,0.5,0.333,grouped,1,114,1,0.0,1.0,1.0,grouped,-1,1,-1,1.0,0.0,0.0,robust isolated,-1,1,-1,1.0,0.0,0.0,robust isolated,1,2,isolated in ≥2
B462,Family Community Garden,Garden,B,0.275,18,2,-1,0.5,0.5,0.5,grouped,1,114,1,0.0,1.0,0.5,grouped,-1,1,-1,1.0,0.0,0.0,robust isolated,-1,1,-1,0.875,0.0,0.0,robust isolated,1,2,isolated in ≥2
B463,Fantasy Garden,Garden,B,0.23,10,18,15,0.0,1.0,1.0,grouped,1,114,1,0.0,1.0,1.0,grouped,-1,1,-1,0.778,0.222,0.222,unstable,-1,1,-1,0.875,0.125,0.125,robust isolated,1,1,definition-specific
B464,Farmers Garden,Garden,B,0.154,47,39,67,0.0,1.0,1.0,grouped,2,50,5,0.0,1.0,1.0,grouped,-1,1,-1,1.0,0.0,0.0,robust isolated,-1,1,-1,1.0,0.0,0.0,robust isolated,1,2,isolated in ≥2
B465,First Quincy St Block Association,Garden,B,0.13,72,3,-1,0.25,0.708,0.417,grouped,4,126,19,0.0,1.0,1.0,grouped,-1,1,-1,1.0,0.0,0.0,robust isolated,97,3,106,0.0,0.625,0.125,grouped,2,1,grouped in ≥2
B466,First Temple Of David,Garden,B,0.049,16,48,24,0.167,0.833,0.75,grouped,1,114,1,0.0,1.0,1.0,grouped,-1,1,-1,0.889,0.111,0.111,robust isolated,-1,1,-1,1.0,0.0,0.0,robust isolated,1,2,isolated in ≥2
B467,Floral Vineyard,Garden,B,0.107,16,48,23,0.0,1.0,1.0,grouped,1,114,1,0.0,1.0,1.0,grouped,-1,1,-1,0.778,0.222,0.222,unstable,-1,1,-1,1.0,0.0,0.0,robust isolated,1,1,definition-specific
B468,Escape To Nature,Garden,B,0.032,16,48,25,0.0,1.0,1.0,grouped,1,114,1,0.0,1.0,1.0,grouped,-1,1,-1,0.667,0.333,0.333,unstable,-1,1,-1,0.5,0.375,0.188,unstable,1,0,definition-specific
B469,Good Shepherds Garden,Garden,B,0.114,-1,1,-1,0.75,0.25,0.25,unstable,1,114,1,0.0,1.0,1.0,grouped,-1,1,-1,1.0,0.0,0.0,robust isolated,-1,1,-1,1.0,0.0,0.0,robust isolated,0,2,isolated in ≥2
B470,Granite St Block Association,Garden,B,0.172,-1,1,-1,0.75,0.25,0.167,unstable,-1,1,-1,1.0,0.0,0.0,robust isolated,-1,1,-1,1.0,0.0,0.0,robust isolated,-1,1,-1,1.0,0.0,0.0,robust isolated,0,2,isolated in ≥2
B471,Green Gems,Garden,B,0.539,16,48,25,0.0,1.0,0.875,grouped,1,114,1,0.0,1.0,1.0,grouped,-1,1,-1,0.667,0.333,0.333,unstable,-1,1,-1,0.812,0.125,0.062,robust isolated,1,1,definition-specific
B472,Greene Av United Neighbors Association *,Garden,B,0.046,67,36,106,0.0,1.0,1.0,grouped,4,126,19,0.0,1.0,1.0,grouped,-1,1,-1,0.778,0.222,0.222,unstable,-1,1,-1,1.0,0.0,0.0,robust isolated,1,1,definition-specific
B473,Hancock T and T,Garden,B,0.081,67,36,-1,0.25,0.75,0.333,grouped,4,126,19,0.0,1.0,1.0,grouped,-1,1,-1,1.0,0.0,0.0,robust isolated,-1,1,-1,0.812,0.125,0.0,robust isolated,1,2,isolated in ≥2
B474,Hart to Hart,Garden,B,0.332,71,3,-1,0.333,0.667,0.292,grouped,4,126,19,0.0,1.0,1.0,grouped,-1,1,-1,1.0,0.0,0.0,robust isolated,-1,1,-1,0.875,0.125,0.0,robust isolated,1,2,isolated in ≥2
B475,Herbal Garden of East NY,Garden,B,0.248,16,48,25,0.0,1.0,1.0,grouped,1,114,1,0.0,1.0,1.0,grouped,-1,1,-1,0.667,0.333,0.333,unstable,-1,1,-1,0.562,0.438,0.312,unstable,1,0,definition-specific
B476,Sh'ma Yisrael,Garden,B,0.145,47,39,67,0.0,1.0,1.0,grouped,2,50,5,0.0,1.0,1.0,grouped,-1,1,-1,1.0,0.0,0.0,robust isolated,3,3,3,0.0,0.625,0.0,grouped,2,1,grouped in ≥2
B477,Jerome Gardens,Garden,B,0.036,16,48,25,0.0,1.0,1.0,grouped,1,114,1,0.0,1.0,1.0,grouped,40,9,-1,0.333,0.667,0.667,grouped,-1,1,-1,0.625,0.312,0.188,unstable,2,0,grouped in ≥2
B478,Jerry and The Senior Gents,Garden,B,0.057,16,48,25,0.0,1.0,1.0,grouped,1,114,1,0.0,1.0,1.0,grouped,-1,1,-1,1.0,0.0,0.0,robust isolated,-1,1,-1,0.625,0.25,0.125,unstable,1,1,definition-specific
B479,Lefferts Pl Block Association,Garden,B,0.068,63,2,-1,0.25,0.5,0.5,grouped,4,126,20,0.0,1.0,1.0,grouped,-1,1,-1,1.0,0.0,0.0,robust isolated,45,2,-1,0.375,0.0,0.0,grouped,2,1,grouped in ≥2
B480,Lincoln Rd Block Association,Garden,B,0.065,45,2,64,0.292,0.625,0.25,grouped,2,50,5,0.0,1.0,1.0,grouped,-1,1,-1,1.0,0.0,0.0,robust isolated,-1,1,-1,0.938,0.0,0.0,robust isolated,1,2,isolated in ≥2
B481,Madison Square Garden Association,Garden,B,0.165,53,13,-1,0.375,0.625,0.25,grouped,4,126,20,0.0,1.0,1.0,grouped,-1,1,-1,1.0,0.0,0.0,robust isolated,-1,1,-1,0.875,0.0,0.0,robust isolated,1,2,isolated in ≥2
B482,Madison Street Block Association,Garden,B,0.08,67,36,107,0.0,1.0,0.75,grouped,4,126,19,0.0,1.0,1.0,grouped,-1,1,-1,1.0,0.0,0.0,robust isolated,-1,1,-1,0.625,0.375,0.125,unstable,1,1,definition-specific
B483,Manley's Pl,Garden,B,0.28,16,48,23,0.0,1.0,1.0,grouped,1,114,1,0.0,1.0,1.0,grouped,-1,1,-1,0.778,0.222,0.222,unstable,-1,1,-1,0.875,0.062,0.0,robust isolated,1,1,definition-specific
B484,Gregory's Garden,Garden,B,0.119,17,2,29,0.25,0.5,0.417,grouped,1,114,1,0.0,1.0,1.0,grouped,-1,1,-1,1.0,0.0,0.0,robust isolated,46,2,53,0.0,0.0,0.0,grouped,2,1,grouped in ≥2
B485,Ps 53,Garden,B,0.061,16,48,24,0.0,1.0,0.5,grouped,1,114,1,0.0,1.0,1.0,grouped,-1,1,-1,1.0,0.0,0.0,robust isolated,-1,1,-1,1.0,0.0,0.0,robust isolated,1,2,isolated in ≥2
B486,Green Valley Garden,Garden,B,0.19,9,16,12,0.0,1.0,1.0,grouped,1,114,1,0.0,1.0,1.0,grouped,-1,1,-1,0.667,0.333,0.333,unstable,-1,1,-1,0.75,0.25,0.0,unstable,1,0,definition-specific
B487,Preston Community Garden,Garden,B,0.058,47,39,67,0.0,1.0,1.0,grouped,2,50,5,0.0,1.0,1.0,grouped,-1,1,-1,1.0,0.0,0.0,robust isolated,-1,1,-1,0.875,0.0,0.0,robust isolated,1,2,isolated in ≥2
B488,Red Gate Garden,Garden,B,0.104,67,36,106,0.0,1.0,1.0,grouped,4,126,19,0.0,1.0,1.0,grouped,65,13,82,0.222,0.778,0.778,grouped,-1,1,-1,0.938,0.0,0.0,robust isolated,2,1,grouped in ≥2
B489,Red Shed Garden,Garden,B,0.123,29,53,46,0.0,1.0,0.75,grouped,3,57,11,0.0,1.0,0.5,grouped,-1,1,-1,1.0,0.0,0.0,robust isolated,-1,1,-1,1.0,0.0,0.0,robust isolated,1,2,isolated in ≥2
B490,Santos White Garden,Garden,B,0.141,121,12,-1,0.5,0.5,0.5,grouped,5,107,-1,0.5,0.5,0.5,grouped,-1,1,-1,1.0,0.0,0.0,robust isolated,-1,1,-1,1.0,0.0,0.0,robust isolated,1,2,isolated in ≥2
B491,Shield Of Faith,Garden,B,0.172,16,48,23,0.0,1.0,1.0,grouped,1,114,1,0.0,1.0,1.0,grouped,-1,1,-1,1.0,0.0,0.0,robust isolated,103,2,113,0.0,0.25,0.0,grouped,2,1,grouped in ≥2
B492,St John Cantius Parish,Garden,B,0.183,16,48,23,0.0,1.0,0.25,grouped,1,114,1,0.0,1.0,1.0,grouped,-1,1,-1,1.0,0.0,0.0,robust isolated,-1,1,-1,1.0,0.0,0.0,robust isolated,1,2,isolated in ≥2
B493,Upon This Rock Comm Garden,Garden,B,0.081,16,48,23,0.0,1.0,1.0,grouped,1,114,1,0.0,1.0,1.0,grouped,-1,1,-1,0.778,0.222,0.222,unstable,-1,1,-1,0.938,0.062,0.0,robust isolated,1,1,definition-specific
B494,Vernon Tandt Block Association,Garden,B,0.152,67,36,106,0.0,1.0,0.875,grouped,4,126,19,0.0,1.0,1.0,grouped,-1,1,-1,1.0,0.0,0.0,robust isolated,22,3,26,0.125,0.625,0.0,grouped,2,1,grouped in ≥2
B495,Vernon/throop Av Block Association,Garden,B,0.039,67,36,106,0.0,1.0,0.917,grouped,4,126,19,0.0,1.0,1.0,grouped,-1,1,-1,1.0,0.0,0.0,robust isolated,22,3,-1,0.5,0.5,0.0,grouped,2,1,grouped in ≥2
B496,Victory Garden,Garden,B,0.046,16,48,25,0.0,1.0,1.0,grouped,1,114,1,0.0,1.0,1.0,grouped,-1,1,-1,1.0,0.0,0.0,robust isolated,-1,1,-1,0.625,0.25,0.0,unstable,1,1,definition-specific
B498,Louis Pl Friends,Garden,B,0.041,-1,1,-1,0.792,0.208,0.208,unstable,2,50,-1,0.5,0.5,0.5,grouped,-1,1,-1,1.0,0.0,0.0,robust isolated,-1,1,-1,1.0,0.0,0.0,robust isolated,0,2,isolated in ≥2
B499,Madison Community Greenthumb,Garden,B,0.057,49,11,77,0.0,1.0,0.833,grouped,4,126,19,0.0,1.0,1.0,grouped,-1,1,-1,1.0,0.0,0.0,robust isolated,-1,1,-1,0.625,0.375,0.188,unstable,1,1,definition-specific
B500,Patrick Van Doren Pocket Park,Garden,B,0.039,72,3,-1,0.25,0.708,0.5,grouped,4,126,19,0.0,1.0,1.0,grouped,-1,1,-1,0.667,0.333,0.333,unstable,97,3,-1,0.375,0.625,0.125,grouped,2,0,grouped in ≥2
B501,St Mark's Block Association,Garden,B,0.211,47,39,66,0.0,1.0,1.0,grouped,2,50,5,0.0,1.0,1.0,grouped,-1,1,-1,0.556,0.444,0.444,unstable,9,2,-1,0.375,0.062,0.0,grouped,2,0,grouped in ≥2
B502,Shiloh Garden,Garden,B,0.074,67,36,107,0.0,1.0,0.5,grouped,4,126,19,0.0,1.0,1.0,grouped,-1,1,-1,1.0,0.0,0.0,robust isolated,59,2,-1,0.5,0.5,0.25,grouped,2,1,grouped in ≥2
B503,Stars Of Hope,Garden,B,0.033,67,36,107,0.0,1.0,1.0,grouped,4,126,19,0.0,1.0,1.0,grouped,-1,1,-1,0.778,0.222,0.222,unstable,-1,1,-1,0.688,0.312,0.0,unstable,1,0,definition-specific
B504,Ponderosa Garden,Garden,B,0.191,-1,1,-1,0.75,0.25,0.25,unstable,5,107,30,0.0,0.5,0.5,grouped,-1,1,-1,1.0,0.0,0.0,robust isolated,-1,1,-1,1.0,0.0,0.0,robust isolated,0,2,isolated in ≥2
B505,Sterling Community Group,Garden,B,0.116,47,39,66,0.0,1.0,1.0,grouped,2,50,5,0.0,1.0,1.0,grouped,-1,1,-1,0.556,0.444,0.444,unstable,-1,1,-1,1.0,0.0,0.0,robust isolated,1,1,definition-specific
B506,Prophecy Garden,Garden,B,0.091,-1,1,-1,0.75,0.25,0.25,unstable,-1,1,-1,1.0,0.0,0.0,robust isolated,-1,1,-1,1.0,0.0,0.0,robust isolated,-1,1,-1,1.0,0.0,0.0,robust isolated,0,2,isolated in ≥2
B507,A Better Community Garden,Garden,B,0.189,47,39,68,0.0,0.75,0.625,grouped,2,50,5,0.0,1.0,1.0,grouped,-1,1,-1,1.0,0.0,0.0,robust isolated,-1,1,-1,0.75,0.25,0.0,unstable,1,1,definition-specific
B508,Vernon Cases Community Garden,Garden,B,0.165,67,36,106,0.0,1.0,0.917,grouped,4,126,19,0.0,1.0,1.0,grouped,-1,1,-1,1.0,0.0,0.0,robust isolated,22,3,26,0.125,0.625,0.0,grouped,2,1,grouped in ≥2
B509,Jordan Magic Garden,Garden,B,0.164,16,48,25,0.0,1.0,1.0,grouped,1,114,1,0.0,1.0,1.0,grouped,-1,1,-1,1.0,0.0,0.0,robust isolated,-1,1,-1,0.875,0.125,0.0,robust isolated,1,2,isolated in ≥2
B510,Marcus Garvey Tenant's Assoc. Garden,Garden,B,0.23,10,18,15,0.0,1.0,0.5,grouped,1,114,1,0.0,1.0,1.0,grouped,-1,1,-1,1.0,0.0,0.0,robust isolated,-1,1,-1,1.0,0.0,0.0,robust isolated,1,2,isolated in ≥2
B511,Jes Good Rewards Childeren's Garden,Garden,B,0.213,10,18,15,0.0,1.0,1.0,grouped,1,114,1,0.0,1.0,1.0,grouped,40,9,-1,0.333,0.667,0.667,grouped,-1,1,-1,0.625,0.188,0.125,unstable,2,0,grouped in ≥2
B512,Hoparkinson R&L Block Association Garden,Garden,B,0.104,9,16,-1,0.25,0.75,0.667,grouped,1,114,-1,0.0,1.0,1.0,grouped,-1,1,-1,0.778,0.222,0.222,unstable,-1,1,-1,0.875,0.0,0.0,robust isolated,1,1,definition-specific
B513,United Community Centers Youth Farm,Garden,B,0.138,9,16,12,0.0,1.0,1.0,grouped,1,114,1,0.0,1.0,1.0,grouped,39,7,48,0.111,0.889,0.889,grouped,-1,1,-1,0.875,0.062,0.0,robust isolated,2,1,grouped in ≥2
B514,Nehemiah Ten Garden,Garden,B,0.275,16,48,25,0.0,1.0,1.0,grouped,1,114,1,0.0,1.0,1.0,grouped,-1,1,-1,1.0,0.0,0.0,robust isolated,108,2,118,0.0,0.438,0.125,grouped,2,1,grouped in ≥2
B515,United Community Center,Garden,B,0.525,16,48,25,0.0,1.0,1.0,grouped,1,114,1,0.0,1.0,1.0,grouped,-1,1,-1,1.0,0.0,0.0,robust isolated,-1,1,-1,0.5,0.375,0.125,unstable,1,1,definition-specific
B516,Powell Street Livonia Garden,Garden,B,0.459,9,16,12,0.0,1.0,1.0,grouped,1,114,1,0.0,1.0,1.0,grouped,-1,1,-1,1.0,0.0,0.0,robust isolated,-1,1,-1,0.812,0.062,0.0,robust isolated,1,2,isolated in ≥2
B517,Phoenix Community Garden,Garden,B,0.475,47,39,67,0.0,1.0,1.0,grouped,2,50,6,0.0,1.0,1.0,grouped,-1,1,-1,0.889,0.111,0.111,robust isolated,-1,1,-1,0.75,0.25,0.188,unstable,1,1,definition-specific
B518,Victory Garden's Group,Garden,B,0.058,-1,1,-1,0.583,0.417,0.25,unstable,4,126,19,0.0,1.0,1.0,grouped,-1,1,-1,1.0,0.0,0.0,robust isolated,-1,1,-1,1.0,0.0,0.0,robust isolated,0,2,isolated in ≥2
B519,Spencer St Block Association,Garden,B,0.043,-1,1,-1,0.75,0.25,0.25,unstable,4,126,19,0.0,1.0,1.0,grouped,-1,1,-1,1.0,0.0,0.0,robust isolated,-1,1,-1,1.0,0.0,0.0,robust isolated,0,2,isolated in ≥2
B521,Oriental Garden,Garden,B,0.191,16,48,25,0.0,1.0,1.0,grouped,1,114,1,0.0,1.0,1.0,grouped,-1,1,-1,1.0,0.0,0.0,robust isolated,108,2,118,0.0,0.438,0.125,grouped,2,1,grouped in ≥2
B522,Jerome-Glenmore Cornerstone Community Garden,Garden,B,0.198,16,48,25,0.0,1.0,1.0,grouped,1,114,1,0.0,1.0,1.0,grouped,-1,1,-1,0.667,0.333,0.333,unstable,117,2,-1,0.375,0.625,0.188,grouped,2,0,grouped in ≥2
B525,Sumpter Community Garden,Garden,B,0.057,48,7,-1,0.375,0.625,0.25,grouped,2,50,5,0.0,1.0,0.0,grouped,-1,1,-1,1.0,0.0,0.0,robust isolated,-1,1,-1,1.0,0.0,0.0,robust isolated,1,2,isolated in ≥2
B526,Cleveland Street Vegetable Garden,Garden,B,0.09,16,48,25,0.0,1.0,0.25,grouped,1,114,1,0.0,1.0,1.0,grouped,-1,1,-1,1.0,0.0,0.0,robust isolated,-1,1,-1,1.0,0.0,0.0,robust isolated,1,2,isolated in ≥2
B527,Hands and Heart Garden,Garden,B,0.614,9,16,12,0.0,1.0,1.0,grouped,1,114,1,0.0,1.0,1.0,grouped,-1,1,-1,0.667,0.333,0.333,unstable,-1,1,-1,1.0,0.0,0.0,robust isolated,1,1,definition-specific
B528,Howard Av Block Association,Garden,B,0.219,-1,1,-1,0.5,0.5,0.5,unstable,1,114,1,0.0,1.0,1.0,grouped,-1,1,-1,1.0,0.0,0.0,robust isolated,-1,1,-1,1.0,0.0,0.0,robust isolated,0,2,isolated in ≥2
B529,Bushwick Inlet Park,Neighborhood Park,B,35.533,29,53,46,0.0,1.0,1.0,grouped,3,57,11,0.0,1.0,1.0,grouped,-1,1,-1,0.556,0.444,0.444,unstable,-1,1,-1,1.0,0.0,0.0,robust isolated,1,1,definition-specific
B530,Seasons of Vision,Garden,B,0.083,47,39,-1,0.25,0.75,0.583,grouped,2,50,5,0.0,1.0,1.0,grouped,-1,1,-1,1.0,0.0,0.0,robust isolated,-1,1,-1,1.0,0.0,0.0,robust isolated,1,2,isolated in ≥2
B531,Garden of Plenty,Garden,B,0.062,47,39,66,0.0,1.0,0.75,grouped,2,50,5,0.0,1.0,1.0,grouped,-1,1,-1,1.0,0.0,0.0,robust isolated,130,2,141,0.25,0.0,0.0,grouped,2,1,grouped in ≥2
B532,F.A.R.R. Community Garden,Garden,B,0.028,47,39,68,0.0,0.75,0.75,grouped,2,50,5,0.0,1.0,1.0,grouped,-1,1,-1,1.0,0.0,0.0,robust isolated,-1,1,-1,0.688,0.25,0.0,unstable,1,1,definition-specific
B533,Abib Newborn Garden,Garden,B,0.249,9,16,12,0.0,1.0,1.0,grouped,1,114,1,0.0,1.0,1.0,grouped,-1,1,-1,1.0,0.0,0.0,robust isolated,-1,1,-1,1.0,0.0,0.0,robust isolated,1,2,isolated in ≥2
B535,400 Montauk Av Block Assn,Garden,B,0.092,16,48,25,0.083,0.917,0.917,grouped,1,114,1,0.0,1.0,1.0,grouped,-1,1,-1,0.667,0.333,0.333,unstable,-1,1,-1,0.688,0.312,0.062,unstable,1,0,definition-specific
B536,North 5th Street Pier and Park,Waterfront Facility,B,3.083,-1,1,-1,0.75,0.25,0.25,unstable,3,57,-1,0.5,0.5,0.5,grouped,-1,1,-1,1.0,0.0,0.0,robust isolated,-1,1,-1,1.0,0.0,0.0,robust isolated,0,2,isolated in ≥2
B537,Park,Triangle/Plaza,B,0.013,64,22,100,0.0,0.917,0.75,grouped,4,126,19,0.0,1.0,1.0,grouped,-1,1,-1,0.889,0.111,0.111,robust isolated,-1,1,-1,0.75,0.25,0.0,unstable,1,1,definition-specific
B538,Welcome Home Garden,Garden,B,0.059,49,11,78,0.0,1.0,1.0,grouped,4,126,19,0.0,1.0,1.0,grouped,-1,1,-1,1.0,0.0,0.0,robust isolated,65,3,74,0.0,0.75,0.188,grouped,2,1,grouped in ≥2
B540,Neighborhood Community Garden,Garden,B,0.073,47,39,66,0.083,0.917,0.708,grouped,2,50,5,0.0,1.0,1.0,grouped,-1,1,-1,1.0,0.0,0.0,robust isolated,9,2,-1,0.375,0.062,0.0,grouped,2,1,grouped in ≥2
B541,Berriman Playground,Playground,B,0.959,2,8,3,0.0,1.0,1.0,grouped,1,114,2,0.0,1.0,0.5,grouped,-1,1,-1,0.556,0.444,0.444,unstable,96,2,105,0.0,0.0,0.0,grouped,2,0,grouped in ≥2
B543,East New York Farms Garden,Garden,B,0.101,16,48,25,0.0,1.0,1.0,grouped,1,114,1,0.0,1.0,1.0,grouped,-1,1,-1,1.0,0.0,0.0,robust isolated,-1,1,-1,0.875,0.125,0.062,robust isolated,1,2,isolated in ≥2
B544,100 Quincy Street Community Garden,Garden,B,0.052,72,3,-1,0.375,0.625,0.375,grouped,4,126,19,0.0,1.0,1.0,grouped,-1,1,-1,1.0,0.0,0.0,robust isolated,97,3,106,0.0,0.625,0.125,grouped,2,1,grouped in ≥2
B545,Oko Farms Aquaponics Education Garden,Garden,B,0.057,-1,1,-1,0.75,0.25,0.25,unstable,4,126,20,0.0,1.0,1.0,grouped,-1,1,-1,1.0,0.0,0.0,robust isolated,-1,1,-1,1.0,0.0,0.0,robust isolated,0,2,isolated in ≥2
B546,The Feeding Tree,Garden,B,0.039,67,36,106,0.0,1.0,1.0,grouped,4,126,19,0.0,1.0,1.0,grouped,-1,1,-1,0.778,0.222,0.222,unstable,-1,1,-1,0.688,0.312,0.125,unstable,1,0,definition-specific
B548,Park,Neighborhood Park,B,1.351,2,8,3,0.0,1.0,1.0,grouped,1,114,2,0.0,1.0,0.5,grouped,-1,1,-1,0.556,0.444,0.444,unstable,96,2,105,0.0,0.0,0.0,grouped,2,0,grouped in ≥2
B549,Whole Neighborhood Garden,Garden,B,0.091,67,36,106,0.0,1.0,1.0,grouped,4,126,19,0.0,1.0,1.0,grouped,-1,1,-1,1.0,0.0,0.0,robust isolated,-1,1,-1,0.875,0.125,0.0,robust isolated,1,2,isolated in ≥2
B550,Keap Fourth Community Garden,Garden,B,0.066,29,53,46,0.0,1.0,1.0,grouped,3,57,11,0.0,1.0,1.0,grouped,-1,1,-1,1.0,0.0,0.0,robust isolated,-1,1,-1,0.875,0.125,0.0,robust isolated,1,2,isolated in ≥2
B551,Vinegar Hill Community Garden,Garden,B,0.064,127,30,191,0.25,0.75,0.75,grouped,6,111,-1,0.5,0.5,0.0,grouped,-1,1,-1,1.0,0.0,0.0,robust isolated,-1,1,-1,1.0,0.0,0.0,robust isolated,1,2,isolated in ≥2
B552,Grand Street Community Garden,Garden,B,0.045,29,53,44,0.0,1.0,1.0,grouped,3,57,11,0.0,1.0,0.0,grouped,-1,1,-1,1.0,0.0,0.0,robust isolated,-1,1,-1,0.75,0.0,0.0,unstable,1,1,definition-specific
B553,61 Franklin Street Garden,Garden,B,0.04,29,53,45,0.0,1.0,0.917,grouped,3,57,11,0.0,1.0,0.0,grouped,-1,1,-1,0.556,0.444,0.444,unstable,-1,1,-1,0.938,0.0,0.0,robust isolated,1,1,definition-specific
B554,Brownsville Green,Garden,B,0.025,47,39,-1,0.25,0.75,0.5,grouped,2,50,5,0.0,1.0,1.0,grouped,-1,1,-1,1.0,0.0,0.0,robust isolated,-1,1,-1,0.875,0.0,0.0,robust isolated,1,2,isolated in ≥2
B555,Beaver Noll Park,Playground,B,0.436,53,13,82,0.0,1.0,0.75,grouped,4,126,-1,0.5,0.5,0.0,grouped,-1,1,-1,0.667,0.333,0.333,unstable,-1,1,-1,1.0,0.0,0.0,robust isolated,1,1,definition-specific
B556,Know Waste Lands,Garden,B,0.097,53,13,82,0.0,1.0,0.833,grouped,4,126,19,0.0,1.0,1.0,grouped,71,6,89,0.111,0.889,0.889,grouped,-1,1,-1,1.0,0.0,0.0,robust isolated,2,1,grouped in ≥2
B558,Linwood Street Garden (Pagan's Garden),Garden,B,0.082,16,48,25,0.0,1.0,1.0,grouped,1,114,1,0.0,1.0,1.0,grouped,40,9,-1,0.333,0.667,0.667,grouped,-1,1,-1,0.688,0.25,0.188,unstable,2,0,grouped in ≥2
B559,South Brooklyn Children's Garden,Garden,B,0.083,130,19,195,0.0,1.0,1.0,grouped,6,111,47,0.0,1.0,1.0,grouped,-1,1,-1,1.0,0.0,0.0,robust isolated,-1,1,-1,1.0,0.0,0.0,robust isolated,1,2,isolated in ≥2
B560,Pirate's Cove Garden,Garden,B,0.032,130,19,195,0.0,1.0,1.0,grouped,6,111,47,0.0,1.0,1.0,grouped,-1,1,-1,1.0,0.0,0.0,robust isolated,-1,1,-1,0.938,0.0,0.0,robust isolated,1,2,isolated in ≥2
B561,Saratoga Farm,Garden,B,0.181,47,39,67,0.0,1.0,1.0,grouped,2,50,5,0.0,1.0,1.0,grouped,-1,1,-1,0.556,0.111,0.111,unstable,-1,1,-1,0.875,0.125,0.0,robust isolated,1,1,definition-specific
B562,Surfside Multi-Cultural Garden Coalition,Garden,B,0.687,121,12,183,0.0,1.0,0.875,grouped,5,107,29,0.0,1.0,1.0,grouped,-1,1,-1,0.778,0.222,0.222,unstable,-1,1,-1,1.0,0.0,0.0,robust isolated,1,1,definition-specific
B563,Student Farm Project,Garden,B,0.172,10,18,15,0.0,1.0,1.0,grouped,1,114,1,0.0,1.0,1.0,grouped,40,9,-1,0.111,0.889,0.889,grouped,-1,1,-1,0.812,0.188,0.062,robust isolated,2,1,grouped in ≥2
B564,Positive Seeds of Life Garden,Garden,B,0.11,7,2,10,0.0,0.5,0.5,grouped,1,114,1,0.0,1.0,1.0,grouped,-1,1,-1,1.0,0.0,0.0,robust isolated,-1,1,-1,1.0,0.0,0.0,robust isolated,1,2,isolated in ≥2
B565,Isabahlia Community Garden,Garden,B,0.06,10,18,15,0.0,1.0,0.458,grouped,1,114,1,0.0,1.0,1.0,grouped,-1,1,-1,1.0,0.0,0.0,robust isolated,-1,1,-1,1.0,0.0,0.0,robust isolated,1,2,isolated in ≥2
B566,Brownsville Community Farm,Garden,B,0.117,10,18,15,0.0,1.0,0.75,grouped,1,114,1,0.0,1.0,1.0,grouped,-1,1,-1,1.0,0.0,0.0,robust isolated,-1,1,-1,1.0,0.0,0.0,robust isolated,1,2,isolated in ≥2
B567,Her-King Alagantic Block Association Garden,Garden,B,0.045,47,39,66,0.0,1.0,0.458,grouped,2,50,6,0.0,1.0,1.0,grouped,-1,1,-1,1.0,0.0,0.0,robust isolated,-1,1,-1,1.0,0.0,0.0,robust isolated,1,2,isolated in ≥2
B568,Ashford Street Abundant Garden,Garden,B,0.133,18,2,-1,0.5,0.5,0.375,grouped,1,114,1,0.0,1.0,1.0,grouped,-1,1,-1,1.0,0.0,0.0,robust isolated,-1,1,-1,1.0,0.0,0.0,robust isolated,1,2,isolated in ≥2
B569,Chestnut Street Garden,Garden,B,0.086,-1,1,-1,0.75,0.25,0.167,unstable,-1,1,-1,1.0,0.0,0.0,robust isolated,-1,1,-1,1.0,0.0,0.0,robust isolated,-1,1,-1,1.0,0.0,0.0,robust isolated,0,2,isolated in ≥2
B570,Dolly's Park,Garden,B,0.052,-1,1,-1,0.75,0.25,0.25,unstable,6,111,47,0.0,1.0,1.0,grouped,-1,1,-1,1.0,0.0,0.0,robust isolated,-1,1,-1,1.0,0.0,0.0,robust isolated,0,2,isolated in ≥2
B571,East 43rd Street Community Garden,Garden,B,0.091,-1,1,-1,0.75,0.25,0.167,unstable,-1,1,-1,1.0,0.0,0.0,robust isolated,-1,1,-1,1.0,0.0,0.0,robust isolated,-1,1,-1,1.0,0.0,0.0,robust isolated,0,2,isolated in ≥2
B572,Hattie Carthan Herban Farm,Garden,B,0.137,67,36,106,0.0,1.0,1.0,grouped,4,126,19,0.0,1.0,1.0,grouped,-1,1,-1,1.0,0.0,0.0,robust isolated,69,2,78,0.25,0.0,0.0,grouped,2,1,grouped in ≥2
B573,Patchen Community Square Garden,Garden,B,0.104,49,11,77,0.0,1.0,0.833,grouped,4,126,19,0.0,1.0,1.0,grouped,-1,1,-1,0.778,0.222,0.0,unstable,-1,1,-1,1.0,0.0,0.0,robust isolated,1,1,definition-specific
B574,Halsey Ralph & Howard Community Garden,Garden,B,0.065,49,11,78,0.0,1.0,1.0,grouped,4,126,19,0.0,1.0,1.0,grouped,-1,1,-1,1.0,0.0,0.0,robust isolated,65,3,74,0.25,0.75,0.188,grouped,2,1,grouped in ≥2
B575,Halsey Garden,Garden,B,0.121,67,36,-1,0.0,1.0,0.75,grouped,4,126,19,0.0,1.0,1.0,grouped,-1,1,-1,1.0,0.0,0.0,robust isolated,65,3,74,0.0,0.75,0.188,grouped,2,1,grouped in ≥2
B576,Tranquility Farm (Willoughby Ave. Garden),Garden,B,0.123,67,36,106,0.0,1.0,1.0,grouped,4,126,19,0.0,1.0,1.0,grouped,-1,1,-1,1.0,0.0,0.0,robust isolated,-1,1,-1,0.875,0.125,0.0,robust isolated,1,2,isolated in ≥2
B577,EL Garden,Garden,B,0.114,-1,1,-1,0.75,0.25,0.25,unstable,4,126,-1,0.5,0.5,0.0,grouped,-1,1,-1,1.0,0.0,0.0,robust isolated,-1,1,-1,1.0,0.0,0.0,robust isolated,0,2,isolated in ≥2
B578,Saratoga Blake Garden,Garden,B,0.103,10,18,15,0.0,1.0,1.0,grouped,1,114,1,0.0,1.0,1.0,grouped,-1,1,-1,0.778,0.222,0.222,unstable,-1,1,-1,0.875,0.125,0.125,robust isolated,1,1,definition-specific
B579,Imani II Community Garden,Garden,B,0.069,47,39,66,0.0,1.0,1.0,grouped,2,50,5,0.0,1.0,1.0,grouped,-1,1,-1,0.889,0.111,0.111,robust isolated,3,3,-1,0.25,0.562,0.0,grouped,2,1,grouped in ≥2
B580,Java Street Community Garden,Garden,B,0.063,-1,1,-1,0.75,0.25,0.25,unstable,-1,1,-1,1.0,0.0,0.0,robust isolated,-1,1,-1,1.0,0.0,0.0,robust isolated,-1,1,-1,1.0,0.0,0.0,robust isolated,0,2,isolated in ≥2
B581,Warwick Street Greenery Glow Garden,Garden,B,0.041,17,2,29,0.292,0.458,0.375,grouped,1,114,1,0.0,1.0,1.0,grouped,-1,1,-1,1.0,0.0,0.0,robust isolated,46,2,53,0.0,0.0,0.0,grouped,2,1,grouped in ≥2
B582,Brooklyn's Finest Garden,Garden,B,0.058,63,2,-1,0.375,0.375,0.25,grouped,4,126,20,0.0,1.0,0.5,grouped,-1,1,-1,1.0,0.0,0.0,robust isolated,45,2,-1,0.375,0.0,0.0,grouped,2,1,grouped in ≥2
B583,Hooper Grove,Garden,B,0.053,29,53,46,0.0,1.0,1.0,grouped,3,57,11,0.0,1.0,1.0,grouped,-1,1,-1,1.0,0.0,0.0,robust isolated,-1,1,-1,1.0,0.0,0.0,robust isolated,1,2,isolated in ≥2
B584,Moffat Garden,Garden,B,0.038,-1,1,-1,0.75,0.25,0.25,unstable,4,126,20,0.0,1.0,1.0,grouped,-1,1,-1,1.0,0.0,0.0,robust isolated,-1,1,-1,1.0,0.0,0.0,robust isolated,0,2,isolated in ≥2
B585,Prospect Plaza Park,Neighborhood Park,B,0.657,-1,1,-1,0.75,0.25,0.25,unstable,2,50,5,0.0,1.0,0.0,grouped,-1,1,-1,1.0,0.0,0.0,robust isolated,-1,1,-1,1.0,0.0,0.0,robust isolated,0,2,isolated in ≥2
B586,Garden,Garden,B,0.091,121,12,183,0.0,1.0,0.875,grouped,5,107,29,0.0,1.0,0.5,grouped,-1,1,-1,0.778,0.222,0.222,unstable,-1,1,-1,1.0,0.0,0.0,robust isolated,1,1,definition-specific
B588,Greenpoint Public Park,Neighborhood Park,B,2.65,-1,1,-1,0.75,0.25,0.25,unstable,-1,1,-1,1.0,0.0,0.0,robust isolated,-1,1,-1,1.0,0.0,0.0,robust isolated,-1,1,-1,1.0,0.0,0.0,robust isolated,0,2,isolated in ≥2
B592,Betty Carter Park,Neighborhood Park,B,0.231,64,22,100,0.0,1.0,1.0,grouped,4,126,19,0.0,1.0,1.0,grouped,-1,1,-1,0.889,0.111,0.111,robust isolated,-1,1,-1,0.938,0.062,0.0,robust isolated,1,2,isolated in ≥2
B593,Bed-Stuy Farm,Garden,B,0.06,48,7,73,0.125,0.875,0.417,grouped,4,126,19,0.0,1.0,1.0,grouped,-1,1,-1,1.0,0.0,0.0,robust isolated,6,3,7,0.062,0.688,0.062,grouped,2,1,grouped in ≥2
B594,Maple Street Community Garden,Neighborhood Park,B,1.377,-1,1,-1,0.75,0.25,0.167,unstable,2,50,5,0.0,1.0,1.0,grouped,-1,1,-1,1.0,0.0,0.0,robust isolated,-1,1,-1,1.0,0.0,0.0,robust isolated,0,2,isolated in ≥2
B595,Greenpoint Landing,Neighborhood Park,B,1.486,29,53,-1,0.375,0.625,0.167,grouped,-1,1,-1,1.0,0.0,0.0,robust isolated,-1,1,-1,1.0,0.0,0.0,robust isolated,-1,1,-1,1.0,0.0,0.0,robust isolated,1,2,isolated in ≥2
B597,Kingsborough Houses Bergen Playground,Playground,B,0.322,47,39,66,0.0,1.0,0.708,grouped,2,50,5,0.0,1.0,1.0,grouped,-1,1,-1,1.0,0.0,0.0,robust isolated,-1,1,-1,0.875,0.125,0.0,robust isolated,1,2,isolated in ≥2
B598,West 23rd St. Garden,Garden,B,1.31,121,12,-1,0.5,0.5,0.5,grouped,5,107,-1,0.5,0.5,0.5,grouped,-1,1,-1,1.0,0.0,0.0,robust isolated,-1,1,-1,1.0,0.0,0.0,robust isolated,1,2,isolated in ≥2
B599,Kingsborough Houses Pacific Playground,Playground,B,0.333,47,39,66,0.0,1.0,1.0,grouped,2,50,5,0.0,1.0,1.0,grouped,-1,1,-1,1.0,0.0,0.0,robust isolated,3,3,3,0.0,0.625,0.0,grouped,2,1,grouped in ≥2
B600,Garden,Garden,B,0.151,47,39,67,0.0,1.0,0.25,grouped,2,50,-1,0.5,0.5,0.0,grouped,-1,1,-1,1.0,0.0,0.0,robust isolated,-1,1,-1,1.0,0.0,0.0,robust isolated,1,2,isolated in ≥2
B601,MHBA Living Laboratory,Garden,B,0.14,10,18,-1,0.292,0.708,0.417,grouped,1,114,1,0.0,1.0,1.0,grouped,-1,1,-1,1.0,0.0,0.0,robust isolated,-1,1,-1,0.875,0.0,0.0,robust isolated,1,2,isolated in ≥2
B602,Park,Triangle/Plaza,B,0.017,47,39,67,0.0,1.0,1.0,grouped,2,50,5,0.0,1.0,1.0,grouped,-1,1,-1,0.778,0.222,0.222,unstable,-1,1,-1,1.0,0.0,0.0,robust isolated,1,1,definition-specific
B603,Jerzee Triangle,Triangle/Plaza,B,0.008,103,2,153,0.0,0.5,0.5,grouped,5,107,28,0.0,1.0,1.0,grouped,88,3,107,0.111,0.889,0.889,grouped,-1,1,-1,1.0,0.0,0.0,robust isolated,2,1,grouped in ≥2
B604,Park,Triangle/Plaza,B,0.006,139,26,206,0.0,1.0,1.0,grouped,6,111,46,0.0,1.0,1.0,grouped,109,6,-1,0.444,0.556,0.556,grouped,-1,1,-1,1.0,0.0,0.0,robust isolated,2,1,grouped in ≥2
B605,Ascenzi Square,Triangle/Plaza,B,0.031,29,53,46,0.25,0.75,0.75,grouped,3,57,11,0.0,1.0,1.0,grouped,-1,1,-1,0.778,0.222,0.222,unstable,-1,1,-1,1.0,0.0,0.0,robust isolated,1,1,definition-specific
B606,Fowler Square,Triangle/Plaza,B,0.004,64,22,100,0.0,1.0,1.0,grouped,4,126,19,0.0,1.0,1.0,grouped,-1,1,-1,0.889,0.111,0.111,robust isolated,-1,1,-1,1.0,0.0,0.0,robust isolated,1,2,isolated in ≥2
B608,St. Mark's Playground,Playground,B,0.23,-1,1,-1,1.0,0.0,0.0,robust isolated,-1,1,-1,1.0,0.0,0.0,robust isolated,-1,1,-1,1.0,0.0,0.0,robust isolated,-1,1,-1,1.0,0.0,0.0,robust isolated,0,3,isolated in all
B609,Park,Triangle/Plaza,B,0.045,47,39,67,0.0,1.0,1.0,grouped,2,50,5,0.0,1.0,1.0,grouped,-1,1,-1,0.778,0.222,0.222,unstable,-1,1,-1,1.0,0.0,0.0,robust isolated,1,1,definition-specific
B610,Park,Triangle/Plaza,B,0.032,-1,1,-1,0.75,0.25,0.25,unstable,6,111,45,0.0,1.0,1.0,grouped,-1,1,-1,1.0,0.0,0.0,robust isolated,-1,1,-1,1.0,0.0,0.0,robust isolated,0,2,isolated in ≥2
