park_id,name,typecategory,borough,acres,parent_id,N1abs_g1_nolimit,N1abs_g1,N1abs_g2_nolimit,N1abs_g2,N1abs_g4_nolimit,N1abs_g4,D_group_nolimit,D_group,N2_group_nolimit,N2_group,N3_group_nolimit,N3_group,N1rel_group_nolimit,N1rel_group,N1knn_group_nolimit,N1knn_group,N1abs_iso,D_iso,N2_iso,N3_iso,N1rel_iso,N1knn_iso,N1abs_status,N2_status,N3_status,D_status,n_grouped,n_isolated,cross_status
B001,American Playground,Playground,B,0.896,B001,482,287,281,130,506,298,216,277,412,267,-1,-1,34,380,165,462,0.0,0.0,0.0,1.0,0.0,0.0,grouped,grouped,robust isolated,grouped,2,1,grouped in ≥2
B002,Amersfort Park,Neighborhood Park,B,3.557,B002,-1,-1,-1,-1,-1,-1,-1,-1,-1,-1,-1,-1,32,286,122,363,0.583,0.667,1.0,1.0,0.0,0.0,unstable,robust isolated,robust isolated,unstable,0,2,isolated in ≥2
B003,Bartel-Pritchard Square,Triangle/Plaza,B,1.711,B003,-1,-1,-1,-1,-1,-1,-1,-1,-1,-1,-1,-1,31,-1,134,-1,0.25,0.667,0.667,1.0,0.0,0.0,unstable,unstable,robust isolated,unstable,0,1,definition-specific
B006,Beattie Square,Triangle/Plaza,B,0.012,B006,302,154,308,152,286,131,-1,-1,-1,-1,-1,-1,34,395,164,460,0.0,0.333,0.333,0.812,0.0,0.5,grouped,unstable,robust isolated,unstable,1,1,definition-specific
B007,Bensonhurst Park,Recreational Field/Courts,B,17.5,B007,-1,-1,-1,-1,-1,-1,-1,-1,-1,-1,-1,-1,32,308,130,386,0.333,0.667,0.667,1.0,0.0,0.0,unstable,unstable,robust isolated,unstable,0,1,definition-specific
B008,Betsy Head Park,Community Park,B,10.555,B008,321,169,332,178,324,172,196,253,325,204,-1,-1,33,337,166,469,0.0,0.0,0.0,1.0,0.0,0.0,grouped,grouped,robust isolated,grouped,2,1,grouped in ≥2
B012,Brower Park,Neighborhood Park,B,7.047,B012,285,128,321,163,311,161,193,250,398,258,-1,-1,33,339,162,445,0.0,0.0,0.0,0.875,0.0,0.0,grouped,grouped,robust isolated,grouped,2,1,grouped in ≥2
B016,Maria Hernandez Park,Neighborhood Park,B,6.873,B016,300,142,298,136,278,125,-1,-1,-1,-1,-1,-1,34,392,147,427,0.0,0.333,0.333,1.0,0.0,0.0,grouped,unstable,robust isolated,unstable,1,1,definition-specific
B017,Bushwick Playground,Jointly Operated Playground,B,2.783,B017,300,141,298,135,278,124,231,292,291,186,-1,-1,34,361,147,425,0.0,0.0,0.0,1.0,0.0,0.0,grouped,grouped,robust isolated,grouped,2,1,grouped in ≥2
B019,Carroll Park,Neighborhood Park,B,1.874,B019,518,300,526,304,535,309,-1,-1,-1,-1,-1,-1,31,263,132,393,0.0,0.667,0.333,1.0,0.0,0.0,grouped,unstable,robust isolated,unstable,1,1,definition-specific
B021,Commodore Barry Park,Community Park,B,10.391,B021,302,153,305,144,283,129,182,236,460,293,-1,-1,34,363,136,399,0.0,0.0,0.0,0.562,0.0,0.0,grouped,grouped,unstable,grouped,2,0,grouped in ≥2
B022,Sarah J.S. Tompkins Garnet Playground,Playground,B,1.101,B022,484,289,292,133,507,299,-1,-1,-1,-1,-1,-1,34,406,164,459,0.0,0.667,0.333,0.875,0.0,0.0,grouped,unstable,robust isolated,unstable,1,1,definition-specific
B023,Lafayette Playground,Playground,B,0.517,B023,305,161,310,159,289,144,-1,-1,517,318,464,31,34,395,136,403,0.125,0.333,0.0,0.312,0.0,0.0,grouped,grouped,grouped,unstable,3,0,grouped in all
B024,Orient Grove,Garden,B,0.149,B024,480,283,278,124,505,295,228,289,415,274,-1,-1,34,409,165,465,0.0,0.0,0.0,0.625,0.0,0.0,grouped,grouped,unstable,grouped,2,0,grouped in ≥2
B025,Cooper Park,Neighborhood Park,B,6.401,B025,480,283,278,124,505,295,228,289,415,274,-1,-1,34,409,165,465,0.0,0.0,0.0,1.0,0.0,0.0,grouped,grouped,robust isolated,grouped,2,1,grouped in ≥2
B026,Cuyler Gore Park,Neighborhood Park,B,1.158,B026,302,151,305,146,287,137,245,311,410,266,-1,-1,34,367,136,402,0.0,0.0,0.0,1.0,0.0,0.0,grouped,grouped,robust isolated,grouped,2,1,grouped in ≥2
B027,Veterans Triangle,Triangle/Plaza,B,0.025,B027,321,167,332,176,321,169,229,290,326,208,-1,-1,33,352,166,475,0.0,0.0,0.0,1.0,0.0,0.0,grouped,grouped,robust isolated,grouped,2,1,grouped in ≥2
B029#1,Eastern Parkway (1/10),Parkway,B,63.636,B029,-1,-1,-1,-1,-1,-1,-1,-1,-1,-1,-1,-1,34,388,162,449,0.25,0.667,0.667,1.0,0.0,0.5,unstable,unstable,robust isolated,unstable,0,1,definition-specific
B029#10,Eastern Parkway (10/10),Parkway,B,63.636,B029,285,129,321,164,311,162,192,246,391,251,-1,-1,33,326,162,446,0.0,0.0,0.0,0.875,0.0,0.0,grouped,grouped,robust isolated,grouped,2,1,grouped in ≥2
B029#2,Eastern Parkway (2/10),Parkway,B,63.636,B029,285,129,321,164,311,162,-1,-1,401,262,-1,-1,33,326,162,446,0.0,0.333,0.0,1.0,0.0,0.0,grouped,grouped,robust isolated,unstable,2,1,grouped in ≥2
B029#3,Eastern Parkway (3/10),Parkway,B,63.636,B029,-1,-1,-1,-1,-1,-1,236,298,-1,-1,-1,-1,34,386,136,407,0.167,0.0,0.333,1.0,0.0,0.5,unstable,unstable,robust isolated,grouped,0,1,definition-specific
B029#4,Eastern Parkway (4/10),Parkway,B,63.636,B029,285,132,321,167,311,162,192,246,391,251,-1,-1,33,335,162,441,0.0,0.0,0.0,1.0,0.0,0.0,grouped,grouped,robust isolated,grouped,2,1,grouped in ≥2
B029#5,Eastern Parkway (5/10),Parkway,B,63.636,B029,285,128,321,163,311,161,-1,-1,-1,-1,-1,-1,33,339,162,445,0.0,0.667,0.333,1.0,0.0,0.0,grouped,unstable,robust isolated,unstable,1,1,definition-specific
B029#6,Eastern Parkway (6/10),Parkway,B,63.636,B029,285,128,321,163,311,161,-1,-1,398,258,-1,-1,33,339,162,445,0.0,0.333,0.0,1.0,0.0,0.0,grouped,grouped,robust isolated,unstable,2,1,grouped in ≥2
B029#7,Eastern Parkway (7/10),Parkway,B,63.636,B029,286,136,322,171,312,164,236,298,437,285,-1,-1,34,388,162,449,0.0,0.0,0.0,1.0,0.0,0.0,grouped,grouped,robust isolated,grouped,2,1,grouped in ≥2
B029#8,Eastern Parkway (8/10),Parkway,B,63.636,B029,302,-1,308,-1,288,-1,236,297,-1,-1,-1,-1,34,386,136,407,0.0,0.0,0.333,0.875,0.0,0.0,beyond walk limit,unstable,robust isolated,grouped,0,1,definition-specific
B029#9,Eastern Parkway (9/10),Parkway,B,63.636,B029,286,136,322,171,312,164,-1,-1,-1,-1,-1,-1,34,388,162,449,0.0,0.667,0.333,1.0,0.0,0.0,grouped,unstable,robust isolated,unstable,1,1,definition-specific
B030#1,Eastern Parkway Extension (1/6),Mall,B,2.064,B030,285,133,321,168,309,156,192,249,391,253,-1,-1,33,327,162,442,0.0,0.0,0.0,0.75,0.0,0.0,grouped,grouped,unstable,grouped,2,0,grouped in ≥2
B030#2,Eastern Parkway Extension (2/6),Mall,B,2.064,B030,285,133,321,168,309,156,192,248,391,253,-1,-1,33,334,162,442,0.0,0.0,0.0,1.0,0.0,0.0,grouped,grouped,robust isolated,grouped,2,1,grouped in ≥2
B030#3,Eastern Parkway Extension (3/6),Mall,B,2.064,B030,290,139,300,141,300,149,234,295,391,252,-1,-1,33,327,142,418,0.0,0.0,0.0,1.0,0.0,0.0,grouped,grouped,robust isolated,grouped,2,1,grouped in ≥2
B030#4,Eastern Parkway Extension (4/6),Mall,B,2.064,B030,285,133,321,168,309,156,192,249,391,253,-1,-1,33,329,162,442,0.0,0.0,0.0,1.0,0.0,0.0,grouped,grouped,robust isolated,grouped,2,1,grouped in ≥2
B030#5,Eastern Parkway Extension (5/6),Mall,B,2.064,B030,290,139,300,141,300,149,234,295,391,252,-1,-1,34,375,142,418,0.0,0.0,0.0,0.625,0.0,0.0,grouped,grouped,unstable,grouped,2,0,grouped in ≥2
B030#6,Eastern Parkway Extension (6/6),Mall,B,2.064,B030,285,132,321,167,311,162,192,248,391,251,-1,-1,33,335,162,441,0.0,0.0,0.0,1.0,0.0,0.0,grouped,grouped,robust isolated,grouped,2,1,grouped in ≥2
B031,Fidelity Triangle,Triangle/Plaza,B,0.005,B031,480,281,278,125,505,293,280,347,412,268,-1,-1,34,408,165,464,0.0,0.0,0.0,0.938,0.0,0.0,grouped,grouped,robust isolated,grouped,2,1,grouped in ≥2
B032,Fort Greene Park,Community Park,B,30.168,B032,302,150,305,147,283,130,259,326,410,265,-1,-1,34,365,136,401,0.0,0.0,0.0,1.0,0.0,0.0,grouped,grouped,robust isolated,grouped,2,1,grouped in ≥2
B033,Fort Hamilton Triangle,Triangle/Plaza,B,0.019,B033,-1,-1,-1,-1,-1,-1,-1,-1,-1,-1,-1,-1,32,310,116,352,0.25,0.333,0.333,1.0,0.0,0.0,unstable,unstable,robust isolated,unstable,0,1,definition-specific
B035,John Paul Jones Park,Neighborhood Park,B,5.317,B035,587,334,595,338,605,343,272,339,524,321,-1,-1,32,309,116,352,0.0,0.0,0.0,1.0,0.0,0.0,grouped,grouped,robust isolated,grouped,2,1,grouped in ≥2
B036,Fort Stirling Park,Triangle/Plaza,B,0.214,B036,521,306,529,310,539,316,242,307,461,297,-1,-1,31,271,173,486,0.0,0.0,0.0,1.0,0.0,0.0,grouped,grouped,robust isolated,grouped,2,1,grouped in ≥2
B037,Freedom Triangle,Triangle/Plaza,B,0.004,B037,300,144,298,138,278,127,-1,-1,290,184,-1,-1,34,395,147,429,0.0,0.333,0.111,0.938,0.0,0.0,grouped,grouped,robust isolated,unstable,2,1,grouped in ≥2
B038,Fulton Park,Neighborhood Park,B,1.987,B038,285,131,321,166,302,151,204,262,399,259,-1,-1,34,376,162,448,0.0,0.0,0.0,0.75,0.0,0.0,grouped,grouped,unstable,grouped,2,0,grouped in ≥2
B040,Grand Army Plaza,Triangle/Plaza,B,14.257,B040,278,-1,329,-1,296,-1,236,297,-1,-1,-1,-1,31,259,134,-1,0.042,0.0,0.333,0.75,0.0,0.0,beyond walk limit,unstable,unstable,grouped,0,0,definition-specific
B041,Grant Gore,Triangle/Plaza,B,0.019,B041,286,136,322,171,312,164,237,299,-1,-1,-1,-1,34,382,162,-1,0.0,0.0,0.333,0.875,0.0,0.0,grouped,unstable,robust isolated,grouped,1,1,definition-specific
B042,Gravesend Park,Neighborhood Park,B,6.379,B042,-1,-1,-1,-1,-1,-1,-1,-1,-1,-1,-1,-1,32,-1,130,-1,0.667,1.0,1.0,0.875,0.0,0.0,unstable,robust isolated,robust isolated,robust isolated,0,2,isolated in ≥2
B043,Greenpoint Playground,Playground,B,0.504,B043,482,-1,281,-1,506,-1,200,257,413,271,-1,-1,34,381,165,463,0.0,0.0,0.0,0.938,0.0,0.0,beyond walk limit,grouped,robust isolated,grouped,1,1,definition-specific
B044,Dr. Ronald McNair Park,Neighborhood Park,B,1.361,B044,286,135,322,170,312,163,236,298,437,285,-1,-1,34,386,162,450,0.0,0.0,0.0,0.875,0.0,0.0,grouped,grouped,robust isolated,grouped,2,1,grouped in ≥2
B045,Heisser Triangle,Triangle/Plaza,B,0.027,B045,300,142,298,136,278,125,243,309,291,185,-1,-1,34,362,147,426,0.0,0.0,0.0,1.0,0.0,0.0,grouped,grouped,robust isolated,grouped,2,1,grouped in ≥2
B047A,Highland Park Childrens Garden,Garden,B,0.41,B047A,-1,-1,-1,-1,-1,-1,-1,-1,-1,-1,-1,-1,33,323,125,-1,0.333,0.667,0.667,0.938,0.0,0.0,unstable,unstable,robust isolated,unstable,0,1,definition-specific
B049,Irving Square Park,Neighborhood Park,B,2.76,B049,300,141,298,135,278,124,-1,-1,291,186,-1,-1,34,361,147,425,0.0,0.333,0.0,1.0,0.0,0.0,grouped,grouped,robust isolated,unstable,2,1,grouped in ≥2
B050,Van Voorhees Playground,Playground,B,5.739,B050,518,301,526,305,535,310,242,308,461,295,-1,-1,31,268,132,394,0.0,0.0,0.0,0.938,0.0,0.0,grouped,grouped,robust isolated,grouped,2,1,grouped in ≥2
B051,Kelly Park Playground,Neighborhood Park,B,3.449,B051,541,315,549,319,559,324,277,344,533,327,-1,-1,32,303,130,390,0.0,0.0,0.0,1.0,0.0,0.0,grouped,grouped,robust isolated,grouped,2,1,grouped in ≥2
B052,Leif Ericson Park,Neighborhood Park,B,16.8,B052,569,325,577,329,587,334,241,306,527,324,-1,-1,32,316,116,350,0.0,0.0,0.0,1.0,0.0,0.0,grouped,grouped,robust isolated,grouped,2,1,grouped in ≥2
B054,Lincoln Terrace / Arthur S. Somers Park,Community Park,B,17.14,B054,285,132,321,167,311,162,192,246,401,262,-1,-1,33,335,162,441,0.0,0.0,0.0,1.0,0.0,0.0,grouped,grouped,robust isolated,grouped,2,1,grouped in ≥2
B055,Sternberg Park,Playground,B,4.044,B055,-1,-1,-1,-1,-1,-1,244,310,435,280,-1,-1,34,391,165,466,0.25,0.0,0.222,1.0,0.0,0.5,unstable,grouped,robust isolated,grouped,1,1,definition-specific
B056,Martin Luther King Jr. Playground,Playground,B,2.29,B056,330,182,351,189,341,182,230,291,316,199,-1,-1,33,347,94,280,0.0,0.0,0.0,0.875,0.0,0.0,grouped,grouped,robust isolated,grouped,2,1,grouped in ≥2
B058,McCarren Park,Community Park,B,36.493,B058,480,282,278,126,505,294,254,321,412,270,-1,-1,34,407,165,468,0.0,0.0,0.0,1.0,0.0,0.0,grouped,grouped,robust isolated,grouped,2,1,grouped in ≥2
B060,McKinley Park,Neighborhood Park,B,8.25,B060,569,325,577,329,587,334,-1,-1,-1,-1,-1,-1,32,311,116,351,0.0,0.333,0.333,1.0,0.0,0.0,grouped,unstable,robust isolated,unstable,1,1,definition-specific
B061,McLaughlin Park,Recreational Field/Courts,B,1.976,B061,521,305,529,309,538,313,182,234,461,298,-1,-1,31,272,-1,-1,0.0,0.0,0.0,1.0,0.0,0.75,grouped,grouped,robust isolated,grouped,2,1,grouped in ≥2
B062,Memorial Gore,Triangle/Plaza,B,0.066,B062,480,283,278,124,505,295,228,289,415,274,-1,-1,34,409,165,465,0.0,0.0,0.0,0.75,0.0,0.0,grouped,grouped,unstable,grouped,2,0,grouped in ≥2
B063,Milestone Park,Neighborhood Park,B,0.476,B063,-1,-1,-1,-1,-1,-1,276,343,-1,-1,-1,-1,32,318,130,385,0.5,0.0,1.0,0.875,0.0,0.0,unstable,robust isolated,robust isolated,grouped,0,2,isolated in ≥2
B066,Owl's Head Park,Neighborhood Park,B,24.218,B066,571,326,579,330,589,335,241,303,527,324,-1,-1,32,294,116,347,0.0,0.0,0.0,1.0,0.0,0.0,grouped,grouped,robust isolated,grouped,2,1,grouped in ≥2
B068,Parade Ground,Recreational Field/Courts,B,39.5,B068,542,316,550,320,560,325,266,333,487,307,-1,-1,32,299,127,376,0.0,0.0,0.0,1.0,0.0,0.0,grouped,grouped,robust isolated,grouped,2,1,grouped in ≥2
B070,Machate Circle,Triangle/Plaza,B,4.32,B070,-1,-1,-1,-1,-1,-1,266,333,487,307,-1,-1,31,-1,134,398,0.667,0.0,0.0,0.875,0.0,0.0,unstable,grouped,robust isolated,grouped,1,1,definition-specific
B077,Coffey Park,Neighborhood Park,B,8.271,B077,-1,-1,-1,-1,-1,-1,-1,-1,-1,-1,-1,-1,31,264,132,391,0.25,0.333,0.333,1.0,0.5,0.0,unstable,unstable,robust isolated,unstable,0,1,definition-specific
B078,Grace Playground,Jointly Operated Playground,B,2.73,B078,330,181,350,187,338,181,-1,-1,316,198,-1,-1,33,353,94,279,0.0,0.333,0.0,0.875,0.0,0.0,grouped,grouped,robust isolated,unstable,2,1,grouped in ≥2
B079,Saratoga Park,Neighborhood Park,B,3.214,B079,290,137,300,139,300,147,206,265,392,255,-1,-1,34,377,142,419,0.0,0.0,0.0,0.562,0.0,0.0,grouped,grouped,unstable,grouped,2,0,grouped in ≥2
B080,Asser Levy Park,Community Park,B,21.039,B080,514,297,522,301,531,306,257,324,427,278,-1,-1,32,290,168,476,0.0,0.0,0.0,0.5,0.0,0.0,grouped,grouped,unstable,grouped,2,0,grouped in ≥2
B082#1,Shore Park and Parkway (1/10),Community Park,B,58.0,B082,571,326,579,330,589,335,241,306,527,324,-1,-1,32,316,116,350,0.0,0.0,0.0,1.0,0.0,0.0,grouped,grouped,robust isolated,grouped,2,1,grouped in ≥2
B082#10,Shore Park and Parkway (10/10),Community Park,B,58.0,B082,-1,-1,-1,-1,-1,-1,241,303,527,324,-1,-1,32,294,116,347,0.25,0.0,0.0,1.0,0.0,0.0,unstable,grouped,robust isolated,grouped,1,1,definition-specific
B082#2,Shore Park and Parkway (2/10),Community Park,B,58.0,B082,-1,-1,-1,-1,-1,-1,-1,-1,-1,-1,-1,-1,32,297,116,346,0.75,0.333,0.667,1.0,0.0,0.5,unstable,unstable,robust isolated,unstable,0,1,definition-specific
B082#3,Shore Park and Parkway (3/10),Community Park,B,58.0,B082,-1,-1,-1,-1,-1,-1,-1,-1,-1,-1,-1,-1,32,296,116,346,0.458,0.333,0.556,1.0,0.0,0.0,unstable,unstable,robust isolated,unstable,0,1,definition-specific
B082#4,Shore Park and Parkway (4/10),Community Park,B,58.0,B082,587,334,595,338,605,343,272,339,524,321,-1,-1,32,309,116,352,0.0,0.0,0.0,1.0,0.0,0.0,grouped,grouped,robust isolated,grouped,2,1,grouped in ≥2
B082#5,Shore Park and Parkway (5/10),Community Park,B,58.0,B082,-1,-1,-1,-1,-1,-1,241,304,-1,-1,-1,-1,32,295,116,348,0.833,0.0,1.0,1.0,0.0,0.5,robust isolated,robust isolated,robust isolated,grouped,0,3,isolated in all
B082#7,Shore Park and Parkway (7/10),Community Park,B,58.0,B082,-1,-1,-1,-1,-1,-1,-1,-1,524,321,-1,-1,-1,-1,116,352,0.25,0.333,0.0,1.0,1.0,0.0,unstable,grouped,robust isolated,unstable,1,1,definition-specific
B082#8,Shore Park and Parkway (8/10),Community Park,B,58.0,B082,568,324,576,328,586,333,273,340,535,328,-1,-1,32,296,116,346,0.0,0.0,0.0,0.75,0.0,0.0,grouped,grouped,unstable,grouped,2,0,grouped in ≥2
B082#9,Shore Park and Parkway (9/10),Community Park,B,58.0,B082,-1,-1,-1,-1,-1,-1,-1,-1,-1,-1,-1,-1,32,297,-1,-1,0.583,0.667,0.667,1.0,0.0,1.0,unstable,unstable,robust isolated,unstable,0,1,definition-specific
B087,Sunset Park,Community Park,B,24.498,B087,496,291,504,295,513,300,-1,-1,529,325,-1,-1,32,315,116,343,0.0,0.333,0.0,1.0,0.0,0.0,grouped,grouped,robust isolated,unstable,2,1,grouped in ≥2
B088,Herbert Von King Park,Community Park,B,7.819,B088,302,158,308,157,288,140,208,267,436,284,-1,-1,34,402,136,406,0.0,0.0,0.0,1.0,0.0,0.0,grouped,grouped,robust isolated,grouped,2,1,grouped in ≥2
B089,Lowry Triangle,Triangle/Plaza,B,0.11,B089,302,148,308,148,288,139,-1,-1,440,288,-1,-1,34,385,136,408,0.0,0.333,0.0,0.812,0.0,0.0,grouped,grouped,robust isolated,unstable,2,1,grouped in ≥2
B090,Sobel Playground,Playground,B,0.135,B090,481,286,280,129,499,291,265,332,414,273,-1,-1,34,373,163,455,0.0,0.0,0.0,1.0,0.0,0.0,grouped,grouped,robust isolated,grouped,2,1,grouped in ≥2
B093,Weeksville Playground,Playground,B,0.295,B093,285,134,321,169,311,-1,-1,-1,-1,-1,571,43,33,331,162,443,0.083,0.333,0.333,0.25,0.0,0.0,grouped,unstable,grouped,unstable,2,0,grouped in ≥2
B094,Sgt. Joyce Kilmer Square,Triangle/Plaza,B,0.001,B094,-1,-1,-1,-1,-1,-1,-1,-1,-1,-1,-1,-1,32,303,130,390,0.25,0.333,0.333,1.0,0.0,0.0,unstable,unstable,robust isolated,unstable,0,1,definition-specific
B095,Ennis Playground,Playground,B,0.554,B095,-1,-1,-1,-1,-1,-1,-1,-1,-1,-1,-1,-1,31,258,133,396,0.75,0.667,1.0,1.0,0.0,0.0,unstable,robust isolated,robust isolated,unstable,0,2,isolated in ≥2
B096,Sgt. William Dougherty Playground,Playground,B,0.429,B096,-1,-1,-1,-1,-1,-1,-1,-1,-1,-1,-1,-1,34,408,-1,-1,0.583,0.667,0.667,1.0,0.0,1.0,unstable,unstable,robust isolated,unstable,0,1,definition-specific
B097,Sledge Playground,Playground,B,0.328,B097,-1,-1,-1,-1,-1,-1,-1,-1,-1,-1,-1,-1,32,-1,122,-1,0.75,0.667,1.0,1.0,0.0,0.0,unstable,robust isolated,robust isolated,unstable,0,2,isolated in ≥2
B098,Martin Luther Playground,Playground,B,0.913,B098,-1,-1,-1,-1,-1,-1,-1,-1,-1,-1,-1,-1,32,-1,116,-1,0.25,0.667,0.667,0.812,0.0,0.0,unstable,unstable,robust isolated,unstable,0,1,definition-specific
B099,Lt. Joseph Petrosino Park,Playground,B,0.871,B099,-1,-1,-1,-1,-1,-1,-1,-1,-1,-1,-1,-1,32,-1,130,-1,0.667,1.0,1.0,1.0,0.0,0.25,unstable,robust isolated,robust isolated,robust isolated,0,2,isolated in ≥2
B100,Seth Low Playground/ Bealin Square,Neighborhood Park,B,4.945,B100,-1,-1,-1,-1,-1,-1,-1,-1,-1,-1,-1,-1,32,304,130,383,0.25,0.667,0.667,1.0,0.0,0.0,unstable,unstable,robust isolated,unstable,0,1,definition-specific
B102,Crispus Attucks Playground,Playground,B,0.934,B102,302,146,304,143,287,136,203,260,409,263,-1,-1,34,385,136,411,0.0,0.0,0.0,0.812,0.0,0.0,grouped,grouped,robust isolated,grouped,2,1,grouped in ≥2
B103,Cypress Hills Playground,Neighborhood Park,B,4.947,B103,-1,-1,-1,-1,-1,-1,-1,-1,476,304,-1,-1,33,342,175,489,0.25,0.333,0.0,0.938,0.0,0.0,unstable,grouped,robust isolated,unstable,1,1,definition-specific
B105,Taaffe Playground,Neighborhood Park,B,1.821,B105,302,152,308,149,288,141,-1,-1,-1,-1,-1,-1,34,404,137,-1,0.0,0.333,0.333,0.875,0.0,0.0,grouped,unstable,robust isolated,unstable,1,1,definition-specific
B106A,Police Officer John G. Scarangella Park,Neighborhood Park,B,3.214,B106A,551,320,559,324,569,329,268,335,507,314,-1,-1,32,313,130,388,0.0,0.0,0.0,1.0,0.0,0.0,grouped,grouped,robust isolated,grouped,2,1,grouped in ≥2
B106B,Lafayette Playground,Jointly Operated Playground,B,1.187,B106B,-1,-1,-1,-1,-1,-1,268,335,-1,-1,-1,-1,32,313,130,388,0.417,0.0,0.667,1.0,0.0,0.0,unstable,unstable,robust isolated,grouped,0,1,definition-specific
B107,Lion's Pride Playground,Playground,B,0.865,B107,325,172,335,181,320,165,211,272,456,290,-1,-1,33,354,172,482,0.0,0.0,0.0,1.0,0.0,0.0,grouped,grouped,robust isolated,grouped,2,1,grouped in ≥2
B109,Bill Brown Playground,Neighborhood Park,B,3.214,B109,539,314,547,318,557,323,-1,-1,-1,-1,-1,-1,32,280,130,382,0.0,0.333,0.333,0.875,0.0,0.0,grouped,unstable,robust isolated,unstable,1,1,definition-specific
B110,Marion Hopkinson Playground,Neighborhood Park,B,1.32,B110,281,125,317,160,305,152,240,302,394,257,-1,-1,33,332,141,414,0.0,0.0,0.0,0.625,0.0,0.0,grouped,grouped,unstable,grouped,2,0,grouped in ≥2
B111,Washington Park,Neighborhood Park,B,3.03,B111,-1,-1,-1,-1,-1,-1,281,348,-1,-1,-1,-1,31,260,119,-1,0.25,0.0,0.667,1.0,0.0,0.0,unstable,unstable,robust isolated,grouped,0,1,definition-specific
B111A,Washington Skate Park,Jointly Operated Playground,B,1.549,B111A,-1,-1,-1,-1,-1,-1,281,348,-1,-1,-1,-1,31,260,-1,-1,0.833,0.0,1.0,1.0,0.0,0.75,robust isolated,robust isolated,robust isolated,grouped,0,3,isolated in all
B113A,Cadman Plaza Park,Neighborhood Park,B,10.384,B113A,521,305,529,309,538,314,182,234,461,298,-1,-1,31,273,173,485,0.0,0.0,0.0,1.0,0.0,0.0,grouped,grouped,robust isolated,grouped,2,1,grouped in ≥2
B113B,Korean War Veterans Plaza,Neighborhood Park,B,1.195,B113B,521,305,529,309,538,313,182,234,461,298,-1,-1,31,272,173,485,0.0,0.0,0.0,1.0,0.0,0.0,grouped,grouped,robust isolated,grouped,2,1,grouped in ≥2
B113C,Columbus Park,Neighborhood Park,B,5.43,B113C,521,305,529,309,538,313,182,234,461,298,-1,-1,31,272,173,485,0.0,0.0,0.0,0.875,0.0,0.0,grouped,grouped,robust isolated,grouped,2,1,grouped in ≥2
B113E,Walt Whitman Park,Triangle/Plaza,B,2.913,B113E,521,305,529,309,539,316,182,234,461,298,-1,-1,34,-1,173,485,0.25,0.0,0.0,1.0,0.5,0.0,grouped,grouped,robust isolated,grouped,2,1,grouped in ≥2
B114,Msgr. McGolrick Park,Neighborhood Park,B,9.134,B114,480,281,278,125,505,293,280,347,412,268,-1,-1,34,408,165,464,0.0,0.0,0.0,1.0,0.0,0.0,grouped,grouped,robust isolated,grouped,2,1,grouped in ≥2
B115,Cohn Triangle,Triangle/Plaza,B,0.07,B115,483,288,282,131,500,292,247,313,414,272,-1,-1,34,370,163,456,0.0,0.0,0.0,1.0,0.0,0.0,grouped,grouped,robust isolated,grouped,2,1,grouped in ≥2
B116,Zion Triangle,Triangle/Plaza,B,0.213,B116,321,168,332,177,324,171,192,248,-1,-1,-1,-1,33,334,166,470,0.0,0.0,0.333,1.0,0.0,0.0,grouped,unstable,robust isolated,grouped,1,1,definition-specific
B117,Lindsay Triangle,Triangle/Plaza,B,0.039,B117,484,289,292,133,507,299,244,310,435,280,-1,-1,34,391,164,458,0.0,0.0,0.0,1.0,0.0,0.0,grouped,grouped,robust isolated,grouped,2,1,grouped in ≥2
B118A,St. Mary's Park,Recreational Field/Courts,B,0.345,B118A,518,300,526,304,535,309,279,346,458,292,-1,-1,31,265,132,393,0.0,0.0,0.0,1.0,0.0,0.0,grouped,grouped,robust isolated,grouped,2,1,grouped in ≥2
B118B,St. Mary's Park,Playground,B,0.367,B118B,518,300,526,304,535,309,279,346,458,292,-1,-1,31,265,132,393,0.0,0.0,0.0,1.0,0.0,0.0,grouped,grouped,robust isolated,grouped,2,1,grouped in ≥2
B121,Dodger Playground,Playground,B,0.293,B121,-1,-1,-1,-1,-1,-1,-1,-1,-1,-1,-1,-1,34,387,-1,-1,0.5,0.333,1.0,1.0,0.0,1.0,unstable,robust isolated,robust isolated,unstable,0,2,isolated in ≥2
B123,Alben Square,Triangle/Plaza,B,0.005,B123,500,292,508,296,517,301,195,252,420,277,-1,-1,32,275,116,345,0.0,0.0,0.0,1.0,0.0,0.0,grouped,grouped,robust isolated,grouped,2,1,grouped in ≥2
B124,William Sheridan Playground,Jointly Operated Playground,B,1.17,B124,524,308,532,312,542,317,239,301,462,299,-1,-1,34,369,163,457,0.0,0.0,0.0,1.0,0.0,0.0,grouped,grouped,robust isolated,grouped,2,1,grouped in ≥2
B125,Calvert Vaux Park,Recreational Field/Courts,B,85.527,B125,-1,-1,-1,-1,-1,-1,275,342,-1,-1,-1,-1,32,-1,130,-1,0.583,0.0,0.667,1.0,0.0,0.0,unstable,unstable,robust isolated,grouped,0,1,definition-specific
B126,Red Hook Recreation Area,Community Park,B,58.503,B126,518,299,526,303,535,308,278,345,458,292,-1,-1,31,264,132,392,0.0,0.0,0.0,1.0,0.0,0.0,grouped,grouped,robust isolated,grouped,2,1,grouped in ≥2
B126A,Todd Triangle,Triangle/Plaza,B,0.035,B126A,-1,-1,-1,-1,-1,-1,278,345,-1,-1,-1,-1,-1,-1,-1,-1,1.0,0.0,1.0,1.0,1.0,1.0,robust isolated,robust isolated,robust isolated,grouped,0,3,isolated in all
B127,Martinez Playground,Recreational Field/Courts,B,1.373,B127,575,329,583,333,593,338,-1,-1,-1,-1,-1,-1,34,389,163,453,0.0,0.333,0.333,1.0,0.0,0.0,grouped,unstable,robust isolated,unstable,1,1,definition-specific
B128,Colonel David Marcus Playground,Playground,B,1.974,B128,-1,-1,-1,-1,-1,-1,-1,-1,-1,-1,-1,-1,32,305,130,384,0.25,0.667,0.667,1.0,0.0,0.0,unstable,unstable,robust isolated,unstable,0,1,definition-specific
B129,Kaiser Park,Community Park,B,26.257,B129,514,298,522,302,531,307,199,256,-1,-1,-1,-1,32,281,168,477,0.0,0.0,0.333,1.0,0.0,0.0,grouped,unstable,robust isolated,grouped,1,1,definition-specific
B130,Greenwood Playground,Neighborhood Park,B,3.39,B130,505,294,513,298,522,303,246,312,510,315,-1,-1,32,300,119,354,0.0,0.0,0.0,0.875,0.0,0.0,grouped,grouped,robust isolated,grouped,2,1,grouped in ≥2
B131,Rudd Playground,Playground,B,1.278,B131,290,139,300,141,300,149,234,295,391,252,-1,-1,34,375,142,418,0.0,0.0,0.0,1.0,0.5,0.0,grouped,grouped,robust isolated,grouped,2,1,grouped in ≥2
B132,Gilbert Ramirez Park,Neighborhood Park,B,1.034,B132,-1,-1,-1,-1,-1,-1,-1,-1,-1,-1,-1,-1,34,394,-1,-1,0.583,0.333,1.0,1.0,0.0,1.0,unstable,robust isolated,robust isolated,unstable,0,2,isolated in ≥2
B135,Newtown Barge Playground,Recreational Field/Courts,B,6.235,B135,-1,-1,-1,-1,-1,-1,200,257,-1,-1,-1,-1,34,381,165,463,0.75,0.0,1.0,1.0,0.5,0.0,unstable,robust isolated,robust isolated,grouped,0,2,isolated in ≥2
B137,Sixteen Sycamores Playground,Playground,B,0.567,B137,-1,-1,-1,-1,-1,-1,194,251,-1,-1,-1,-1,34,364,-1,-1,0.25,0.0,0.667,0.875,0.0,0.75,unstable,unstable,robust isolated,grouped,0,1,definition-specific
B139,Heckscher Playground,Playground,B,1.24,B139,-1,-1,-1,-1,-1,-1,-1,-1,-1,-1,-1,-1,34,362,147,426,0.583,0.333,1.0,1.0,0.0,0.25,unstable,robust isolated,robust isolated,unstable,0,2,isolated in ≥2
B140,Banneker Playground,Jointly Operated Playground,B,1.67,B140,302,158,308,157,288,140,208,267,436,284,-1,-1,34,402,136,406,0.0,0.0,0.0,0.875,0.0,0.0,grouped,grouped,robust isolated,grouped,2,1,grouped in ≥2
B141,City Line Park,Jointly Operated Playground,B,6.05,B141,330,177,351,192,343,184,233,294,318,201,-1,-1,33,341,175,488,0.0,0.0,0.0,1.0,0.0,0.0,grouped,grouped,robust isolated,grouped,2,1,grouped in ≥2
B142,Bedford Playground,Playground,B,0.996,B142,483,288,282,131,500,292,247,313,414,272,-1,-1,34,370,163,456,0.0,0.0,0.0,1.0,0.0,0.0,grouped,grouped,robust isolated,grouped,2,1,grouped in ≥2
B144,Ocean Hill Playground,Jointly Operated Playground,B,1.595,B144,285,134,321,169,309,157,192,249,391,254,-1,-1,33,330,162,443,0.0,0.0,0.0,1.0,0.0,0.0,grouped,grouped,robust isolated,grouped,2,1,grouped in ≥2
B145,Thomas Greene Playground,Community Park,B,2.525,B145,278,124,329,172,296,146,-1,-1,-1,-1,-1,-1,31,262,134,397,0.0,0.333,0.333,0.875,0.0,0.0,grouped,unstable,robust isolated,unstable,1,1,definition-specific
B146,Quaker Parrot Park at the Dust Bowl,Recreational Field/Courts,B,1.65,B146,569,325,577,329,587,334,241,305,527,323,-1,-1,32,311,116,349,0.0,0.0,0.0,1.0,0.0,0.0,grouped,grouped,robust isolated,grouped,2,1,grouped in ≥2
B147,Monsignor Crawford Field,Recreational Field/Courts,B,2.291,B147,-1,-1,-1,-1,-1,-1,269,336,-1,-1,-1,-1,32,307,123,370,0.417,0.0,0.667,0.875,0.0,0.0,unstable,unstable,robust isolated,grouped,0,1,definition-specific
B148,Rolph Henry Playground,Playground,B,0.213,B148,-1,-1,-1,-1,-1,-1,-1,-1,-1,-1,-1,-1,34,-1,127,-1,0.417,0.333,0.778,0.875,0.0,0.0,unstable,unstable,robust isolated,unstable,0,1,definition-specific
B149A,Elton Playground,Playground,B,0.622,B149A,-1,-1,-1,-1,-1,-1,-1,-1,477,305,587,44,33,346,94,283,0.333,0.333,0.0,0.25,0.0,0.0,unstable,grouped,grouped,unstable,2,0,grouped in ≥2
B149B,Linwood Playground,Playground,B,0.705,B149B,-1,-1,-1,-1,-1,-1,-1,-1,-1,-1,-1,-1,33,346,-1,-1,0.25,0.333,0.333,1.0,0.0,1.0,unstable,unstable,robust isolated,unstable,0,1,definition-specific
B150,Kolbert Playground,Playground,B,1.581,B150,-1,-1,-1,-1,-1,-1,-1,-1,-1,-1,-1,-1,32,-1,130,-1,0.333,1.0,0.667,1.0,0.0,0.0,unstable,unstable,robust isolated,robust isolated,0,1,definition-specific
B151,Dome Playground,Neighborhood Park,B,1.385,B151,-1,-1,-1,-1,-1,-1,-1,-1,-1,-1,-1,-1,32,298,130,387,0.25,0.667,0.667,0.875,0.0,0.0,unstable,unstable,robust isolated,unstable,0,1,definition-specific
B152,Rappaport Playground,Neighborhood Park,B,1.148,B152,500,292,508,296,517,301,-1,-1,-1,-1,-1,-1,32,275,116,345,0.0,0.667,0.333,1.0,0.0,0.0,grouped,unstable,robust isolated,unstable,1,1,definition-specific
B153,South Pacific Playground,Neighborhood Park,B,2.264,B153,285,134,321,169,309,157,235,296,391,250,-1,-1,33,330,162,443,0.0,0.0,0.0,0.688,0.0,0.0,grouped,grouped,unstable,grouped,2,0,grouped in ≥2
B154,Berry Playground,Playground,B,0.327,B154,-1,-1,-1,-1,-1,-1,239,301,-1,-1,-1,-1,34,369,163,457,0.75,0.0,1.0,1.0,0.5,0.0,unstable,robust isolated,robust isolated,grouped,0,2,isolated in ≥2
B155,Triangle,Triangle/Plaza,B,0.017,B155,330,178,351,193,341,183,221,282,-1,-1,-1,-1,33,343,94,283,0.0,0.0,0.333,0.75,0.0,0.0,grouped,unstable,unstable,grouped,1,0,definition-specific
B156,Powell Playground,Playground,B,1.024,B156,321,171,332,180,323,170,192,247,323,202,-1,-1,33,328,166,471,0.0,0.0,0.0,0.562,0.0,0.0,grouped,grouped,unstable,grouped,2,0,grouped in ≥2
B157,Kelly Park Playground,Jointly Operated Playground,B,1.447,B157,541,315,549,319,559,324,277,344,533,327,-1,-1,32,303,130,390,0.0,0.0,0.0,1.0,0.0,0.0,grouped,grouped,robust isolated,grouped,2,1,grouped in ≥2
B158,Garibaldi Playground,Playground,B,0.437,B158,-1,-1,-1,-1,-1,-1,276,343,-1,-1,-1,-1,32,318,130,385,0.667,0.0,1.0,0.875,0.0,0.25,unstable,robust isolated,robust isolated,grouped,0,2,isolated in ≥2
B159,Mount Prospect Park,Neighborhood Park,B,7.79,B159,-1,-1,-1,-1,-1,-1,236,297,-1,-1,-1,-1,33,-1,-1,-1,0.75,0.0,1.0,1.0,0.5,1.0,unstable,robust isolated,robust isolated,grouped,0,2,isolated in ≥2
B160,Ketchum Triangle,Triangle/Plaza,B,0.057,B160,-1,-1,-1,-1,-1,-1,-1,-1,-1,-1,-1,-1,32,304,130,383,0.583,0.667,1.0,1.0,0.0,0.0,unstable,robust isolated,robust isolated,unstable,0,2,isolated in ≥2
B161,James Forten Playground,Playground,B,0.59,B161,302,148,308,148,288,139,-1,-1,440,288,-1,-1,34,384,136,408,0.0,0.333,0.0,1.0,0.0,0.0,grouped,grouped,robust isolated,unstable,2,1,grouped in ≥2
B162,Brizzi Playground,Playground,B,0.649,B162,500,292,508,296,517,301,195,252,420,277,-1,-1,32,274,116,344,0.0,0.0,0.0,1.0,0.0,0.0,grouped,grouped,robust isolated,grouped,2,1,grouped in ≥2
B163,Sperandeo Brothers Playground,Jointly Operated Playground,B,2.799,B163,330,175,351,190,338,178,209,268,316,196,-1,-1,33,345,94,285,0.0,0.0,0.0,1.0,0.0,0.0,grouped,grouped,robust isolated,grouped,2,1,grouped in ≥2
B164,Bath Beach Park,Playground,B,2.964,B164,-1,-1,-1,-1,-1,-1,-1,-1,-1,-1,-1,-1,32,-1,130,-1,0.583,1.0,0.667,1.0,0.0,0.0,unstable,unstable,robust isolated,robust isolated,0,1,definition-specific
B165,Spring Creek Park,Nature Area,B,54.963,B165,526,310,534,314,544,319,117,142,465,301,-1,-1,33,356,121,359,0.0,0.0,0.0,1.0,0.0,0.0,grouped,grouped,robust isolated,grouped,2,1,grouped in ≥2
B165A,Spring Creek Park,Nature Area,B,2.203,B165A,-1,-1,-1,-1,-1,-1,-1,-1,-1,-1,-1,-1,-1,-1,-1,-1,0.0,0.0,0.0,0.0,0.0,1.0,unstable,unstable,unstable,unstable,0,0,definition-specific
B166B,Homecrest Playground,Playground,B,2.372,B166B,-1,-1,-1,-1,-1,-1,-1,-1,-1,-1,-1,-1,32,277,-1,-1,0.833,0.667,1.0,1.0,0.0,0.75,robust isolated,robust isolated,robust isolated,unstable,0,3,isolated in all
B166C,Coney Island Boat Basin,Recreational Field/Courts,B,36.81,B166C,-1,-1,-1,-1,-1,-1,275,342,-1,-1,-1,-1,-1,-1,-1,-1,0.875,0.0,1.0,1.0,1.0,1.0,robust isolated,robust isolated,robust isolated,grouped,0,3,isolated in all
B166D,McGuire Fields,Recreational Field/Courts,B,77.181,B166D,-1,-1,-1,-1,-1,-1,-1,-1,-1,-1,-1,-1,32,-1,123,-1,0.75,0.667,1.0,1.0,0.5,0.0,unstable,robust isolated,robust isolated,unstable,0,2,isolated in ≥2
B166E,Sixteen Lindens Triangle,Triangle/Plaza,B,0.487,B166E,-1,-1,-1,-1,-1,-1,-1,-1,-1,-1,-1,-1,32,277,130,-1,0.75,0.333,1.0,1.0,0.5,0.0,unstable,robust isolated,robust isolated,unstable,0,2,isolated in ≥2
B167,La Guardia Playground,Playground,B,0.406,B167,-1,-1,-1,-1,-1,-1,202,259,414,273,-1,-1,34,372,163,454,0.25,0.0,0.0,1.0,0.5,0.0,unstable,grouped,robust isolated,grouped,1,1,definition-specific
B167A,La Guardia Playground,Recreational Field/Courts,B,0.773,B167A,481,286,280,129,499,291,202,259,414,273,-1,-1,34,372,163,454,0.0,0.0,0.0,1.0,0.0,0.0,grouped,grouped,robust isolated,grouped,2,1,grouped in ≥2
B168,Continental Army Plaza,Triangle/Plaza,B,0.532,B168,-1,-1,-1,-1,-1,-1,202,259,414,273,-1,-1,34,372,163,454,0.25,0.0,0.0,1.0,0.5,0.5,unstable,grouped,robust isolated,grouped,1,1,definition-specific
B169A,Brighton Playground,Playground,B,1.225,B169A,-1,-1,-1,-1,-1,-1,-1,-1,427,278,-1,-1,32,290,168,476,0.25,0.333,0.333,0.875,0.0,0.0,unstable,grouped,robust isolated,unstable,1,1,definition-specific
B169B,Poseidon Playground,Recreational Field/Courts,B,2.944,B169B,514,298,522,302,531,307,201,258,428,279,-1,-1,32,283,168,479,0.0,0.0,0.0,0.75,0.0,0.0,grouped,grouped,unstable,grouped,2,0,grouped in ≥2
B171,Linden Sitting Area,Triangle/Plaza,B,0.139,B171,545,318,553,322,563,327,274,341,-1,-1,-1,-1,33,333,122,367,0.0,0.0,0.333,1.0,0.0,0.0,grouped,unstable,robust isolated,grouped,1,1,definition-specific
B172,Heffernan Triangle,Triangle/Plaza,B,0.029,B172,-1,-1,-1,-1,-1,-1,-1,-1,420,277,-1,-1,32,274,116,344,0.25,0.333,0.0,1.0,0.0,0.5,unstable,grouped,robust isolated,unstable,1,1,definition-specific
B173,Fraser Square,Triangle/Plaza,B,0.667,B173,578,330,586,334,596,339,-1,-1,530,326,-1,-1,32,293,123,373,0.0,0.333,0.0,1.0,0.0,0.0,grouped,grouped,robust isolated,unstable,2,1,grouped in ≥2
B174,Park,Triangle/Plaza,B,0.061,B174,-1,-1,-1,-1,-1,-1,274,341,-1,-1,-1,-1,33,333,166,-1,0.5,0.0,0.667,0.75,0.0,0.5,unstable,unstable,unstable,grouped,0,0,definition-specific
B175,Dahill Triangle,Triangle/Plaza,B,0.006,B175,586,333,594,337,604,342,-1,-1,522,319,-1,-1,32,305,130,384,0.0,0.333,0.0,1.0,0.0,0.0,grouped,grouped,robust isolated,unstable,2,1,grouped in ≥2
B176,Trust Triangle,Triangle/Plaza,B,0.078,B176,-1,-1,-1,-1,-1,-1,-1,-1,-1,-1,-1,-1,32,291,123,371,0.667,0.333,1.0,1.0,0.0,0.0,unstable,robust isolated,robust isolated,unstable,0,2,isolated in ≥2
B178,Flatbush Malls,Mall,B,0.73,B178,543,317,551,321,561,326,271,338,523,320,-1,-1,32,317,127,377,0.0,0.0,0.0,0.875,0.0,0.0,grouped,grouped,robust isolated,grouped,2,1,grouped in ≥2
B179,Flatbush Malls,Mall,B,0.8,B179,543,317,551,321,561,326,271,338,523,320,-1,-1,32,317,127,377,0.0,0.0,0.0,1.0,0.0,0.0,grouped,grouped,robust isolated,grouped,2,1,grouped in ≥2
B180,Flatbush Mall,Mall,B,0.02,B180,543,317,551,321,561,326,271,338,523,320,-1,-1,32,317,127,377,0.0,0.0,0.0,1.0,0.0,0.0,grouped,grouped,robust isolated,grouped,2,1,grouped in ≥2
B182,Howard Malls,Triangle/Plaza,B,0.191,B182,321,169,332,178,324,172,223,284,325,204,-1,-1,33,336,166,470,0.0,0.0,0.0,0.875,0.0,0.0,grouped,grouped,robust isolated,grouped,2,1,grouped in ≥2
B184,Avenue R Mall,Mall,B,0.258,B184,-1,-1,-1,-1,-1,-1,-1,-1,-1,-1,-1,-1,32,303,130,390,0.417,0.333,1.0,1.0,0.0,0.0,unstable,robust isolated,robust isolated,unstable,0,2,isolated in ≥2
B190,Barone Triangle,Triangle/Plaza,B,0.15,B190,561,321,569,325,579,330,-1,-1,491,310,-1,-1,32,306,123,369,0.0,0.333,0.0,1.0,0.0,0.0,grouped,grouped,robust isolated,unstable,2,1,grouped in ≥2
B191,Park,Triangle/Plaza,B,0.097,B191,500,292,508,296,517,301,195,252,420,277,-1,-1,32,275,116,345,0.0,0.0,0.0,1.0,0.0,0.0,grouped,grouped,robust isolated,grouped,2,1,grouped in ≥2
B192,Russell Pedersen Playground,Jointly Operated Playground,B,1.37,B192,568,324,576,328,586,333,273,340,535,328,-1,-1,32,297,116,346,0.083,0.0,0.0,1.0,0.0,0.0,grouped,grouped,robust isolated,grouped,2,1,grouped in ≥2
B192A,Fort Hamilton Athletic Field,Recreational Field/Courts,B,6.02,B192A,568,324,576,328,586,333,273,340,535,328,-1,-1,32,297,116,346,0.0,0.0,0.0,1.0,0.0,0.0,grouped,grouped,robust isolated,grouped,2,1,grouped in ≥2
B193,Hamilton Metz Field,Neighborhood Park,B,2.112,B193,285,-1,321,-1,311,-1,-1,-1,-1,-1,-1,-1,33,338,162,451,0.0,0.667,0.333,0.938,0.0,0.0,beyond walk limit,unstable,robust isolated,unstable,0,1,definition-specific
B194,Harmony Triangle,Triangle/Plaza,B,0.1,B194,484,289,292,133,507,299,244,310,435,280,-1,-1,34,391,164,458,0.0,0.0,0.0,0.875,0.0,0.0,grouped,grouped,robust isolated,grouped,2,1,grouped in ≥2
B196,Pvt. Sonsire Triangle,Triangle/Plaza,B,0.036,B196,480,282,278,126,505,294,254,321,412,270,-1,-1,34,407,165,468,0.0,0.0,0.0,0.75,0.0,0.0,grouped,grouped,unstable,grouped,2,0,grouped in ≥2
B197,Mellett Playground,Neighborhood Park,B,1.056,B197,541,315,549,319,559,324,-1,-1,-1,-1,-1,-1,32,-1,130,-1,0.0,0.667,0.333,1.0,0.0,0.0,grouped,unstable,robust isolated,unstable,1,1,definition-specific
B200,Elizabeth Stroud Playground,Playground,B,0.29,B200,-1,-1,-1,-1,-1,-1,204,262,-1,-1,-1,-1,34,376,-1,-1,0.208,0.0,0.667,0.75,0.0,1.0,unstable,unstable,unstable,grouped,0,0,definition-specific
B202,Lithuania Square,Triangle/Plaza,B,0.02,B202,480,284,278,127,505,296,238,300,416,275,-1,-1,34,371,165,466,0.0,0.0,0.0,0.625,0.0,0.0,grouped,grouped,unstable,grouped,2,0,grouped in ≥2
B205,Corporal Wiltshire Square,Triangle/Plaza,B,0.051,B205,-1,-1,-1,-1,-1,-1,-1,-1,-1,-1,-1,-1,32,-1,130,-1,0.083,0.667,0.333,1.0,0.0,0.0,unstable,unstable,robust isolated,unstable,0,1,definition-specific
B206,Sunners Playground,Playground,B,0.197,B206,585,332,593,336,603,341,-1,-1,-1,-1,-1,-1,32,285,122,362,0.0,0.667,0.333,1.0,0.0,0.0,grouped,unstable,robust isolated,unstable,1,1,definition-specific
B207,Sarsfield Playground,Playground,B,0.579,B207,578,330,586,334,596,339,-1,-1,530,326,-1,-1,32,293,123,373,0.0,0.333,0.0,1.0,0.0,0.0,grouped,grouped,robust isolated,unstable,2,1,grouped in ≥2
B208,Pfc Norton Playground,Playground,B,0.55,B208,579,331,587,335,597,340,264,331,514,317,-1,-1,32,292,123,372,0.0,0.0,0.0,0.562,0.0,0.0,grouped,grouped,unstable,grouped,2,0,grouped in ≥2
B209,Galapo Playground,Playground,B,0.565,B209,539,313,547,317,557,322,-1,-1,-1,-1,-1,-1,32,276,130,381,0.0,0.667,0.333,0.875,0.0,0.0,grouped,unstable,robust isolated,unstable,1,1,definition-specific
B210A,John Allen Payne Playground,Playground,B,1.51,B210A,572,327,580,331,590,336,241,306,527,324,-1,-1,32,316,116,350,0.0,0.0,0.0,1.0,0.0,0.0,grouped,grouped,robust isolated,grouped,2,1,grouped in ≥2
B210B,D'Emic Playground,Playground,B,1.13,B210B,496,-1,504,-1,513,-1,-1,-1,529,-1,-1,-1,32,-1,116,-1,0.0,0.333,0.0,1.0,0.0,0.0,beyond walk limit,beyond walk limit,robust isolated,unstable,0,1,definition-specific
B210C,Cough Triangle,Triangle/Plaza,B,0.032,B210C,518,299,526,303,535,308,-1,-1,458,292,-1,-1,31,265,132,392,0.0,0.333,0.0,0.875,0.0,0.0,grouped,grouped,robust isolated,unstable,2,1,grouped in ≥2
B210F,Admiral Triangle,Playground,B,0.433,B210F,518,299,526,303,535,308,-1,-1,458,292,-1,-1,31,265,132,392,0.0,0.333,0.0,1.0,0.0,0.0,grouped,grouped,robust isolated,unstable,2,1,grouped in ≥2
B210G,Triangle Three Sixteen,Triangle/Plaza,B,0.28,B210G,-1,-1,-1,-1,-1,-1,-1,-1,-1,-1,-1,-1,31,258,133,396,0.333,0.333,0.333,0.875,0.0,0.25,unstable,unstable,robust isolated,unstable,0,1,definition-specific
B210H,Harold Ickes Playground,Playground,B,1.816,B210H,518,302,526,306,535,311,214,275,457,291,-1,-1,31,266,132,395,0.0,0.0,0.0,1.0,0.0,0.0,grouped,grouped,robust isolated,grouped,2,1,grouped in ≥2
B210I,Gonzalo Plasencia Playground,Jointly Operated Playground,B,1.236,B210I,496,291,504,295,513,300,-1,-1,529,325,-1,-1,32,315,116,343,0.0,0.333,0.0,1.0,0.0,0.0,grouped,grouped,robust isolated,unstable,2,1,grouped in ≥2
B210J,Pena Herrera Playground,Jointly Operated Playground,B,0.736,B210J,496,291,504,295,513,300,-1,-1,529,325,-1,-1,32,315,116,343,0.0,0.333,0.0,1.0,0.0,0.0,grouped,grouped,robust isolated,unstable,2,1,grouped in ≥2
B210L,64th Street Community Garden,Strip,B,0.009,B210L,-1,-1,-1,-1,-1,-1,241,306,-1,-1,-1,-1,32,316,-1,-1,0.75,0.0,0.889,1.0,0.0,0.75,unstable,robust isolated,robust isolated,grouped,0,2,isolated in ≥2
B210M,Park,Strip,B,0.008,B210M,572,327,580,331,590,336,241,306,527,324,-1,-1,32,316,116,350,0.0,0.0,0.0,1.0,0.0,0.0,grouped,grouped,robust isolated,grouped,2,1,grouped in ≥2
B210N,Park,Strip,B,0.002,B210N,-1,-1,-1,-1,-1,-1,241,306,-1,-1,-1,-1,32,316,116,350,0.5,0.0,1.0,1.0,0.0,0.5,unstable,robust isolated,robust isolated,grouped,0,2,isolated in ≥2
B210O,Park,Strip,B,0.006,B210O,569,325,577,329,587,334,241,305,527,323,-1,-1,32,311,116,349,0.0,0.0,0.0,1.0,0.0,0.0,grouped,grouped,robust isolated,grouped,2,1,grouped in ≥2
B210P,Dan Ross Playground,Playground,B,0.256,B210P,-1,-1,-1,-1,-1,-1,256,323,-1,-1,-1,-1,32,312,116,351,0.417,0.0,0.667,1.0,0.0,0.5,unstable,unstable,robust isolated,grouped,0,1,definition-specific
B210Q,Park,Strip,B,0.004,B210Q,565,323,573,327,583,332,256,323,494,311,-1,-1,32,312,128,378,0.167,0.0,0.0,0.625,0.0,0.0,grouped,grouped,unstable,grouped,2,0,grouped in ≥2
B210R,Park,Strip,B,0.004,B210R,-1,-1,-1,-1,-1,-1,256,323,-1,-1,-1,-1,32,312,-1,-1,0.75,0.0,1.0,1.0,0.5,1.0,unstable,robust isolated,robust isolated,grouped,0,2,isolated in ≥2
B210S,Park,Strip,B,0.004,B210S,592,335,600,339,610,344,256,323,526,322,-1,-1,32,312,128,378,0.0,0.0,0.0,0.75,0.0,0.0,grouped,grouped,unstable,grouped,2,0,grouped in ≥2
B210T,Park,Strip,B,0.004,B210T,592,335,600,339,610,344,256,323,526,322,-1,-1,32,312,128,378,0.0,0.0,0.0,0.75,0.0,0.0,grouped,grouped,unstable,grouped,2,0,grouped in ≥2
B210U,Park,Strip,B,0.002,B210U,-1,-1,-1,-1,-1,-1,-1,-1,-1,-1,-1,-1,32,310,117,353,0.5,0.333,1.0,1.0,0.5,0.0,unstable,robust isolated,robust isolated,unstable,0,2,isolated in ≥2
B210V,Park,Parkway,B,0.586,B210V,-1,-1,-1,-1,-1,-1,-1,-1,-1,-1,-1,-1,-1,-1,117,353,0.5,0.333,1.0,1.0,1.0,0.0,unstable,robust isolated,robust isolated,unstable,0,2,isolated in ≥2
B210W,John J Carty Park,Neighborhood Park,B,8.565,B210W,587,334,595,338,605,343,272,339,524,321,-1,-1,32,310,116,352,0.0,0.0,0.0,0.75,0.0,0.0,grouped,grouped,unstable,grouped,2,0,grouped in ≥2
B211,Lady Moody Triangle,Triangle/Plaza,B,0.052,B211,551,320,559,324,569,329,-1,-1,-1,-1,-1,-1,32,314,130,389,0.0,0.667,0.333,1.0,0.0,0.0,grouped,unstable,robust isolated,unstable,1,1,definition-specific
B212,Hot Spot Tot Lot,Playground,B,0.322,B212,543,317,551,321,561,326,271,338,523,320,-1,-1,32,317,127,377,0.0,0.0,0.0,1.0,0.0,0.0,grouped,grouped,robust isolated,grouped,2,1,grouped in ≥2
B213,Gravesend Triangle,Triangle/Plaza,B,0.06,B213,-1,-1,-1,-1,-1,-1,-1,-1,-1,-1,-1,-1,32,314,130,389,0.417,0.667,0.778,1.0,0.0,0.0,unstable,unstable,robust isolated,unstable,0,1,definition-specific
B214,Linden Park,Jointly Operated Playground,B,9.322,B214,525,309,533,313,543,318,255,322,466,302,-1,-1,33,349,121,357,0.0,0.0,0.0,0.938,0.0,0.0,grouped,grouped,robust isolated,grouped,2,1,grouped in ≥2
B215,Decatur Playground,Jointly Operated Playground,B,1.5,B215,283,126,319,161,307,153,-1,-1,-1,-1,455,30,34,400,141,412,0.25,0.333,0.333,0.25,0.0,0.0,grouped,unstable,grouped,unstable,2,0,grouped in ≥2
B216,Raymond Bush Playground,Jointly Operated Playground,B,2.015,B216,302,156,308,154,286,133,-1,-1,436,282,504,36,34,398,142,417,0.0,0.333,0.0,0.125,0.0,0.0,grouped,grouped,grouped,unstable,3,0,grouped in all
B217,Marcy Playground,Community Park,B,3.201,B217,302,155,308,153,288,141,205,264,436,281,-1,-1,34,401,136,405,0.0,0.0,0.0,1.0,0.0,0.0,grouped,grouped,robust isolated,grouped,2,1,grouped in ≥2
B218,Paerdegat Park,Community Park,B,3.56,B218,548,319,556,323,566,328,-1,-1,489,309,-1,-1,32,284,122,361,0.0,0.333,0.0,1.0,0.0,0.0,grouped,grouped,robust isolated,unstable,2,1,grouped in ≥2
B219,Callahan-Kelly Playground,Community Park,B,3.461,B219,290,139,300,141,300,149,234,295,391,252,-1,-1,33,327,142,418,0.0,0.0,0.0,0.875,0.0,0.5,grouped,grouped,robust isolated,grouped,2,1,grouped in ≥2
B220,Washington Hall Park,Playground,B,0.901,B220,302,152,308,149,283,-1,-1,-1,-1,-1,-1,-1,34,405,136,-1,0.0,0.333,0.333,0.5,0.0,0.0,grouped,unstable,unstable,unstable,1,0,definition-specific
B221,Steuben Playground,Neighborhood Park,B,1.171,B221,492,290,290,132,497,290,270,337,417,276,485,-1,34,405,136,409,0.0,0.0,0.0,0.312,0.0,0.0,grouped,grouped,beyond walk limit,grouped,2,0,grouped in ≥2
B222,Pierrepont Playground,Playground,B,0.503,B222,521,307,529,311,539,315,242,308,461,294,-1,-1,31,270,173,484,0.0,0.0,0.0,0.625,0.0,0.0,grouped,grouped,unstable,grouped,2,0,grouped in ≥2
B223A,Dimattina Playground,Recreational Field/Courts,B,1.38,B223A,518,299,526,303,535,308,214,275,458,292,-1,-1,31,266,132,392,0.125,0.0,0.0,1.0,0.0,0.0,grouped,grouped,robust isolated,grouped,2,1,grouped in ≥2
B223B,Dimattina Playground,Playground,B,0.52,B223B,-1,-1,-1,-1,-1,-1,214,275,-1,-1,-1,-1,31,266,-1,-1,0.75,0.0,1.0,1.0,0.5,1.0,unstable,robust isolated,robust isolated,grouped,0,2,isolated in ≥2
B223C,Park,Strip,B,0.003,B223C,518,302,526,306,535,311,214,275,457,291,-1,-1,31,266,132,395,0.0,0.0,0.0,1.0,0.0,0.0,grouped,grouped,robust isolated,grouped,2,1,grouped in ≥2
B223DA,Adam Yauch Park,Playground,B,1.363,B223DA,521,307,529,311,539,315,242,308,461,295,-1,-1,31,268,173,484,0.0,0.0,0.0,0.688,0.0,0.0,grouped,grouped,unstable,grouped,2,0,grouped in ≥2
B223DB,Brooklyn Heights Promenade,Triangle/Plaza,B,0.026,B223DB,521,307,529,311,539,315,242,308,461,294,592,45,31,270,173,484,0.0,0.0,0.0,0.375,0.0,0.0,grouped,grouped,grouped,grouped,3,0,grouped in all
B223DC,Brooklyn Heights Promenade,Triangle/Plaza,B,0.04,B223DC,521,307,529,311,539,315,242,308,461,294,592,45,31,270,173,484,0.0,0.0,0.0,0.375,0.0,0.0,grouped,grouped,grouped,grouped,3,0,grouped in all
B223DD,Brooklyn Heights Promenade,Triangle/Plaza,B,0.108,B223DD,521,307,529,311,539,315,242,308,461,294,-1,-1,31,270,173,484,0.0,0.0,0.0,0.875,0.0,0.0,grouped,grouped,robust isolated,grouped,2,1,grouped in ≥2
B223DE,Brooklyn Heights Promenade,Triangle/Plaza,B,0.21,B223DE,521,307,529,311,539,315,242,308,461,294,-1,-1,31,270,173,484,0.0,0.0,0.0,0.875,0.0,0.0,grouped,grouped,robust isolated,grouped,2,1,grouped in ≥2
B223DF,Brooklyn Heights Promenade,Triangle/Plaza,B,0.08,B223DF,521,307,529,311,539,315,242,308,461,294,-1,-1,31,270,173,484,0.0,0.0,0.0,0.875,0.0,0.0,grouped,grouped,robust isolated,grouped,2,1,grouped in ≥2
B223DG,Brooklyn Heights Promenade,Triangle/Plaza,B,0.32,B223DG,521,306,529,310,539,316,242,307,461,297,592,45,31,271,173,486,0.0,0.0,0.0,0.5,0.0,0.0,grouped,grouped,grouped,grouped,3,0,grouped in all
B223DH,Brooklyn Heights Promenade,Triangle/Plaza,B,0.093,B223DH,521,306,529,310,539,316,242,307,461,297,592,45,31,271,173,486,0.0,0.0,0.0,0.5,0.0,0.0,grouped,grouped,grouped,grouped,3,0,grouped in all
B223DI,Brooklyn Heights Promenade,Triangle/Plaza,B,0.138,B223DI,521,306,529,310,539,316,242,307,461,297,592,45,31,271,173,486,0.0,0.0,0.0,0.5,0.0,0.0,grouped,grouped,grouped,grouped,3,0,grouped in all
B223DJ,Brooklyn Heights Promenade,Triangle/Plaza,B,0.09,B223DJ,521,306,529,310,539,316,242,307,461,297,592,45,31,271,173,486,0.0,0.0,0.0,0.375,0.0,0.0,grouped,grouped,grouped,grouped,3,0,grouped in all
B223DK,Brooklyn Heights Promenade,Triangle/Plaza,B,1.093,B223DK,521,307,529,311,539,315,242,308,461,297,-1,-1,31,270,173,484,0.0,0.0,0.0,0.875,0.0,0.0,grouped,grouped,robust isolated,grouped,2,1,grouped in ≥2
B223E,Fruit Street Sitting Area,Triangle/Plaza,B,0.92,B223E,521,306,529,310,539,316,242,307,461,297,592,45,31,271,173,486,0.0,0.0,0.0,0.5,0.0,0.0,grouped,grouped,grouped,grouped,3,0,grouped in all
B223F,Squibb Park,Neighborhood Park,B,0.626,B223F,521,306,529,310,539,316,242,307,461,297,592,45,31,271,173,486,0.0,0.0,0.0,0.5,0.0,0.0,grouped,grouped,grouped,grouped,3,0,grouped in all
B223G,Hillside Dog Park,Neighborhood Park,B,2.06,B223G,521,306,529,310,539,316,242,307,461,297,-1,-1,31,271,173,486,0.0,0.0,0.0,1.0,0.0,0.5,grouped,grouped,robust isolated,grouped,2,1,grouped in ≥2
B223H,Harry Chapin Playground,Playground,B,0.3,B223H,521,306,529,310,539,316,242,307,461,297,-1,-1,31,271,173,486,0.0,0.0,0.0,1.0,0.0,0.5,grouped,grouped,robust isolated,grouped,2,1,grouped in ≥2
B223I,Anchorage Plaza,Triangle/Plaza,B,2.2,B223I,521,304,529,308,538,314,182,234,461,296,-1,-1,31,273,173,483,0.0,0.0,0.0,1.0,0.5,0.0,grouped,grouped,robust isolated,grouped,2,1,grouped in ≥2
B223IA,Clumber Corner,Parkway,B,0.947,B223IA,521,304,529,308,538,314,182,234,461,296,-1,-1,31,273,173,483,0.0,0.0,0.0,1.0,0.5,0.0,grouped,grouped,robust isolated,grouped,2,1,grouped in ≥2
B223IB,Bar and Grill Park,Parkway,B,0.489,B223IB,521,304,529,308,538,314,182,235,461,296,-1,-1,31,273,173,483,0.0,0.0,0.0,1.0,0.0,0.0,grouped,grouped,robust isolated,grouped,2,1,grouped in ≥2
B223IC,Park,Triangle/Plaza,B,0.047,B223IC,-1,-1,-1,-1,-1,-1,182,235,-1,-1,-1,-1,-1,-1,-1,-1,0.75,0.0,1.0,1.0,1.0,1.0,unstable,robust isolated,robust isolated,grouped,0,2,isolated in ≥2
B223JA,Park,Triangle/Plaza,B,0.09,B223JA,-1,-1,-1,-1,-1,-1,182,235,-1,-1,-1,-1,-1,-1,173,483,0.5,0.0,1.0,1.0,1.0,0.5,unstable,robust isolated,robust isolated,grouped,0,2,isolated in ≥2
B223JB,Susan Smith McKinney Steward Park,Playground,B,1.884,B223JB,521,304,529,308,538,314,182,235,461,296,-1,-1,31,273,173,483,0.0,0.0,0.0,1.0,0.5,0.0,grouped,grouped,robust isolated,grouped,2,1,grouped in ≥2
B223JC,Bridge Park 3,Recreational Field/Courts,B,1.934,B223JC,521,304,529,308,538,314,182,235,461,296,-1,-1,31,273,173,483,0.0,0.0,0.0,1.0,0.5,0.0,grouped,grouped,robust isolated,grouped,2,1,grouped in ≥2
B223JD,Maritcha R. Lyons Park,Triangle/Plaza,B,0.233,B223JD,521,304,529,308,538,314,182,235,461,296,-1,-1,31,273,173,483,0.0,0.0,0.0,1.0,0.5,0.0,grouped,grouped,robust isolated,grouped,2,1,grouped in ≥2
B223K,Trinity Park,Parkway,B,6.3,B223K,302,153,305,144,283,129,182,235,460,293,-1,-1,34,363,136,399,0.0,0.0,0.0,0.688,0.0,0.0,grouped,grouped,unstable,grouped,2,0,grouped in ≥2
B223MA,Arbor Place,Triangle/Plaza,B,0.068,B223MA,302,153,305,144,283,129,182,236,460,293,-1,-1,34,363,136,399,0.0,0.0,0.0,0.625,0.0,0.0,grouped,grouped,unstable,grouped,2,0,grouped in ≥2
B223NA,Classon Playground,Playground,B,2.982,B223NA,492,290,290,132,497,290,270,337,417,276,-1,-1,34,406,136,409,0.0,0.0,0.0,1.0,0.0,0.0,grouped,grouped,robust isolated,grouped,2,1,grouped in ≥2
B223NB,Classon Triangle,Triangle/Plaza,B,0.206,B223NB,-1,-1,-1,-1,-1,-1,270,337,-1,-1,-1,-1,34,406,164,459,0.5,0.0,0.444,1.0,0.0,0.0,unstable,unstable,robust isolated,grouped,0,1,definition-specific
B223NC,Penn Triangle,Playground,B,0.183,B223NC,-1,-1,-1,-1,-1,-1,270,337,417,276,-1,-1,34,406,136,409,0.25,0.0,0.0,1.0,0.0,0.0,unstable,grouped,robust isolated,grouped,1,1,definition-specific
B223OB,Marcy Park South,Recreational Field/Courts,B,0.357,B223OB,481,286,280,129,499,291,202,259,414,273,-1,-1,34,373,163,455,0.0,0.0,0.0,1.0,0.0,0.0,grouped,grouped,robust isolated,grouped,2,1,grouped in ≥2
B223OC,Rodney Park South,Recreational Field/Courts,B,0.392,B223OC,481,286,280,129,499,291,202,259,414,273,-1,-1,34,373,163,455,0.0,0.0,0.0,1.0,0.0,0.0,grouped,grouped,robust isolated,grouped,2,1,grouped in ≥2
B223PA,Rodney Park Center,Recreational Field/Courts,B,0.237,B223PA,481,286,280,129,499,291,202,259,414,273,-1,-1,34,373,163,455,0.0,0.0,0.0,1.0,0.0,0.0,grouped,grouped,robust isolated,grouped,2,1,grouped in ≥2
B223PB,Rodney Park North,Recreational Field/Courts,B,0.37,B223PB,481,286,280,129,499,291,202,259,414,273,-1,-1,34,373,163,455,0.0,0.0,0.0,1.0,0.0,0.0,grouped,grouped,robust isolated,grouped,2,1,grouped in ≥2
B223PC,Strawberry Playground,Playground,B,0.319,B223PC,481,286,280,129,499,291,202,259,414,273,-1,-1,34,373,163,455,0.0,0.0,0.0,0.875,0.0,0.0,grouped,grouped,robust isolated,grouped,2,1,grouped in ≥2
B223PD,Rodney Playground Center,Neighborhood Park,B,0.189,B223PD,481,286,280,129,499,291,202,259,414,273,-1,-1,34,373,163,455,0.0,0.0,0.0,1.0,0.0,0.0,grouped,grouped,robust isolated,grouped,2,1,grouped in ≥2
B223PE,Blue Playground,Playground,B,0.29,B223PE,481,286,280,129,499,291,202,259,414,273,-1,-1,34,373,163,455,0.0,0.0,0.0,1.0,0.0,0.0,grouped,grouped,robust isolated,grouped,2,1,grouped in ≥2
B223QA,Marcy Green South,Triangle/Plaza,B,0.104,B223QA,481,286,280,129,499,291,202,259,414,273,-1,-1,34,373,163,455,0.0,0.0,0.0,1.0,0.0,0.0,grouped,grouped,robust isolated,grouped,2,1,grouped in ≥2
B223QB,Marcy Green Center,Triangle/Plaza,B,0.195,B223QB,481,286,280,129,499,291,202,259,414,273,-1,-1,34,373,163,455,0.0,0.0,0.0,1.0,0.0,0.0,grouped,grouped,robust isolated,grouped,2,1,grouped in ≥2
B223QC,Marcy Green North,Triangle/Plaza,B,0.137,B223QC,481,286,280,129,499,291,202,259,414,273,-1,-1,34,373,163,455,0.0,0.0,0.0,1.0,0.0,0.5,grouped,grouped,robust isolated,grouped,2,1,grouped in ≥2
B223R,Jaime Campiz Playground,Playground,B,0.752,B223R,480,285,278,128,505,297,254,320,412,269,-1,-1,34,372,165,467,0.0,0.0,0.0,0.625,0.0,0.0,grouped,grouped,unstable,grouped,2,0,grouped in ≥2
B223S,Macri Triangle,Triangle/Plaza,B,0.57,B223S,480,285,278,128,505,297,254,320,412,270,-1,-1,34,407,165,468,0.0,0.0,0.0,1.0,0.0,0.0,grouped,grouped,robust isolated,grouped,2,1,grouped in ≥2
B223T,Father Giorgio Triangle,Triangle/Plaza,B,0.067,B223T,480,282,278,126,505,294,254,321,412,270,-1,-1,34,407,165,468,0.0,0.0,0.0,1.0,0.0,0.0,grouped,grouped,robust isolated,grouped,2,1,grouped in ≥2
B223U,Lentol Garden,Triangle/Plaza,B,0.762,B223U,-1,-1,-1,-1,-1,-1,-1,-1,412,268,-1,-1,34,407,165,464,0.25,0.333,0.0,1.0,0.0,0.0,unstable,grouped,robust isolated,unstable,1,1,definition-specific
B223V,Badame Sessa Triangle,Triangle/Plaza,B,0.067,B223V,480,282,278,126,505,294,254,321,412,270,-1,-1,34,407,165,468,0.0,0.0,0.0,1.0,0.0,0.0,grouped,grouped,robust isolated,grouped,2,1,grouped in ≥2
B224,P.O. Reinaldo Salgado Playground,Neighborhood Park,B,2.289,B224,303,159,297,134,282,128,207,266,454,289,504,-1,34,378,142,419,0.0,0.0,0.0,0.375,0.0,0.0,grouped,grouped,beyond walk limit,grouped,2,0,grouped in ≥2
B224A,Citizens For A Better Community,Garden,B,0.299,B224A,303,159,297,134,282,128,207,266,454,289,505,-1,34,378,142,419,0.0,0.0,0.0,0.5,0.0,0.0,grouped,grouped,beyond walk limit,grouped,2,0,grouped in ≥2
B225,St. Andrew's Playground,Neighborhood Park,B,3.38,B225,285,127,321,162,311,160,210,271,400,261,-1,-1,34,399,162,444,0.0,0.0,0.0,1.0,0.0,0.0,grouped,grouped,robust isolated,grouped,2,1,grouped in ≥2
B226,Mt. Carmel Triangle,Triangle/Plaza,B,0.102,B226,480,285,278,128,505,297,254,320,412,270,-1,-1,34,407,165,468,0.0,0.0,0.0,0.625,0.0,0.0,grouped,grouped,unstable,grouped,2,0,grouped in ≥2
B227,P.S. 125 Playground,Playground,B,0.208,B227,321,170,332,179,324,174,-1,-1,325,205,-1,-1,33,337,166,469,0.0,0.333,0.0,0.875,0.0,0.0,grouped,grouped,robust isolated,unstable,2,1,grouped in ≥2
B228,Dr. Green Playground,Playground,B,1.791,B228,321,171,332,180,324,174,212,273,325,205,-1,-1,33,350,166,472,0.0,0.0,0.0,0.688,0.0,0.0,grouped,grouped,unstable,grouped,2,0,grouped in ≥2
B229,Triangle,Triangle/Plaza,B,0.019,B229,-1,-1,-1,-1,-1,-1,269,336,-1,-1,-1,-1,32,307,123,370,0.583,0.0,1.0,1.0,0.0,0.0,unstable,robust isolated,robust isolated,grouped,0,2,isolated in ≥2
B230,Nicholas Naquan Heyward Jr. Park,Neighborhood Park,B,1.041,B230,-1,-1,-1,-1,-1,-1,252,318,-1,-1,-1,-1,31,269,-1,-1,0.75,0.0,1.0,1.0,0.0,0.75,unstable,robust isolated,robust isolated,grouped,0,2,isolated in ≥2
B231,Samuel Goldberg Triangle,Triangle/Plaza,B,0.015,B231,586,333,594,337,604,342,-1,-1,522,319,-1,-1,32,305,130,384,0.0,0.333,0.0,1.0,0.0,0.0,grouped,grouped,robust isolated,unstable,2,1,grouped in ≥2
B232,Dean Playground,Neighborhood Park,B,1.3,B232,-1,-1,-1,-1,-1,-1,-1,-1,-1,-1,-1,-1,31,259,161,-1,0.375,0.333,1.0,0.875,0.0,0.5,unstable,robust isolated,robust isolated,unstable,0,2,isolated in ≥2
B233,Park,Triangle/Plaza,B,0.312,B233,-1,-1,-1,-1,-1,-1,182,234,460,293,-1,-1,31,272,136,399,0.417,0.0,0.0,1.0,0.5,0.5,unstable,grouped,robust isolated,grouped,1,1,definition-specific
B234,Tilden Playground,Neighborhood Park,B,1.19,B234,-1,-1,-1,-1,-1,-1,-1,-1,-1,-1,-1,-1,32,-1,122,-1,0.833,1.0,1.0,1.0,0.0,0.0,robust isolated,robust isolated,robust isolated,robust isolated,0,3,isolated in all
B235,Herman Dolgon Playground,Neighborhood Park,B,1.894,B235,539,313,547,317,557,322,-1,-1,-1,-1,-1,-1,32,276,130,381,0.0,0.667,0.333,1.0,0.0,0.0,grouped,unstable,robust isolated,unstable,1,1,definition-specific
B236,Glenwood Playground,Neighborhood Park,B,1.43,B236,-1,-1,-1,-1,-1,-1,-1,-1,-1,-1,-1,-1,32,302,122,366,0.333,0.667,0.667,1.0,0.0,0.0,unstable,unstable,robust isolated,unstable,0,1,definition-specific
B237,John Hancock Playground,Jointly Operated Playground,B,1.547,B237,302,147,308,155,288,-1,-1,-1,-1,-1,-1,-1,34,383,136,411,0.0,0.333,0.333,0.812,0.0,0.0,grouped,unstable,robust isolated,unstable,1,1,definition-specific
B239,Sheepshead Playground,Jointly Operated Playground,B,2.087,B239,512,296,520,300,529,305,261,328,-1,-1,-1,-1,32,278,129,379,0.0,0.0,0.333,1.0,0.0,0.0,grouped,unstable,robust isolated,grouped,1,1,definition-specific
B240,Tucker Place,Triangle/Plaza,B,0.155,B240,-1,-1,-1,-1,-1,-1,248,314,-1,-1,-1,-1,32,279,130,380,0.833,0.0,1.0,1.0,0.0,0.0,robust isolated,robust isolated,robust isolated,grouped,0,3,isolated in all
B242,Meucci Triangle,Triangle/Plaza,B,0.045,B242,551,320,559,324,569,329,268,335,507,314,-1,-1,32,313,130,388,0.0,0.0,0.0,1.0,0.0,0.0,grouped,grouped,robust isolated,grouped,2,1,grouped in ≥2
B243,Golconda Playground,Neighborhood Park,B,1.5,B243,302,153,305,144,283,129,182,236,460,293,-1,-1,34,363,136,399,0.0,0.0,0.0,0.625,0.0,0.0,grouped,grouped,unstable,grouped,2,0,grouped in ≥2
B244,McDonald Playground,Neighborhood Park,B,3.485,B244,-1,-1,-1,-1,-1,-1,-1,-1,-1,-1,-1,-1,32,314,130,389,0.417,0.667,1.0,0.875,0.0,0.0,unstable,robust isolated,robust isolated,unstable,0,2,isolated in ≥2
B245,St. John's Park,Community Park,B,9.04,B245,285,129,321,164,311,158,204,261,399,260,-1,-1,33,326,162,446,0.0,0.0,0.0,1.0,0.0,0.0,grouped,grouped,robust isolated,grouped,2,1,grouped in ≥2
B246,Jerome Playground,Jointly Operated Playground,B,0.694,B246,525,-1,533,-1,543,-1,-1,-1,464,-1,-1,-1,33,349,121,-1,0.0,0.333,0.0,1.0,0.0,0.0,beyond walk limit,beyond walk limit,robust isolated,unstable,0,1,definition-specific
B247,Breukelen Ballfields,Community Park,B,16.16,B247,525,309,533,313,543,318,249,315,-1,-1,-1,-1,33,348,121,357,0.0,0.0,0.333,1.0,0.0,0.0,grouped,unstable,robust isolated,grouped,1,1,definition-specific
B248,Fox Playground,Jointly Operated Playground,B,2.27,B248,585,332,593,336,603,341,-1,-1,-1,-1,-1,-1,32,285,122,362,0.0,0.667,0.333,1.0,0.0,0.0,grouped,unstable,robust isolated,unstable,1,1,definition-specific
B249,Van Dyke Playground,Neighborhood Park,B,1.398,B249,321,165,332,174,324,174,-1,-1,-1,-1,-1,-1,33,350,-1,-1,0.0,0.333,0.333,1.0,0.0,1.0,grouped,unstable,robust isolated,unstable,1,1,definition-specific
B250,Nostrand Playground,Jointly Operated Playground,B,3.023,B250,548,-1,556,-1,566,-1,-1,-1,-1,-1,-1,-1,32,-1,122,-1,0.0,0.667,0.333,0.938,0.0,0.0,beyond walk limit,unstable,robust isolated,unstable,0,1,definition-specific
B251,Manhattan Beach Park,Community Park,B,42.941,B251,-1,-1,-1,-1,-1,-1,-1,-1,-1,-1,-1,-1,-1,-1,-1,-1,1.0,1.0,1.0,1.0,1.0,1.0,robust isolated,robust isolated,robust isolated,robust isolated,0,3,isolated in all
B252,West Playground,Neighborhood Park,B,2.387,B252,-1,-1,-1,-1,-1,-1,-1,-1,-1,-1,-1,-1,32,289,129,-1,0.5,0.667,1.0,1.0,0.0,0.0,unstable,robust isolated,robust isolated,unstable,0,2,isolated in ≥2
B253,Albert L. Parham Playground,Jointly Operated Playground,B,1.253,B253,302,150,305,147,283,130,259,326,410,265,491,33,34,365,136,401,0.0,0.0,0.0,0.25,0.0,0.0,grouped,grouped,grouped,grouped,3,0,grouped in all
B254,Wingate Park,Jointly Operated Playground,B,5.888,B254,-1,-1,-1,-1,-1,-1,-1,-1,-1,-1,-1,-1,33,338,162,451,0.25,0.333,0.333,0.938,0.0,0.0,unstable,unstable,robust isolated,unstable,0,1,definition-specific
B255A,Park,Strip,B,0.002,B255A,-1,-1,-1,-1,-1,-1,267,334,-1,-1,-1,-1,31,258,119,355,0.75,0.0,1.0,1.0,0.0,0.5,unstable,robust isolated,robust isolated,grouped,0,2,isolated in ≥2
B255B,Park,Strip,B,0.113,B255B,-1,-1,-1,-1,-1,-1,267,334,-1,-1,-1,-1,31,258,119,355,0.333,0.0,0.667,1.0,0.0,0.0,unstable,unstable,robust isolated,grouped,0,1,definition-specific
B255C,Purple Playground,Playground,B,0.711,B255C,502,293,510,297,519,302,263,330,511,316,-1,-1,31,257,119,356,0.0,0.0,0.0,1.0,0.0,0.0,grouped,grouped,robust isolated,grouped,2,1,grouped in ≥2
B255D,Park,Parkway,B,0.281,B255D,502,293,510,297,519,302,263,330,511,316,-1,-1,31,257,119,356,0.0,0.0,0.0,1.0,0.0,0.0,grouped,grouped,robust isolated,grouped,2,1,grouped in ≥2
B255E,Park,Triangle/Plaza,B,0.736,B255E,502,293,510,297,519,302,263,330,511,316,-1,-1,31,257,119,356,0.0,0.0,0.0,1.0,0.0,0.0,grouped,grouped,robust isolated,grouped,2,1,grouped in ≥2
B255F,Detective Joseph Mayrose Park,Neighborhood Park,B,1.314,B255F,502,293,510,297,519,302,263,330,511,316,-1,-1,31,257,119,356,0.0,0.0,0.0,1.0,0.0,0.0,grouped,grouped,robust isolated,grouped,2,1,grouped in ≥2
B255G,Butterfly Gardens,Neighborhood Park,B,0.442,B255G,-1,-1,-1,-1,-1,-1,263,330,-1,-1,-1,-1,31,257,119,356,0.5,0.0,0.333,0.938,0.0,0.0,unstable,unstable,robust isolated,grouped,0,1,definition-specific
B255H,Thomas J. Cuite Park,Playground,B,0.487,B255H,507,295,515,299,524,304,246,312,510,315,-1,-1,31,267,119,354,0.0,0.0,0.0,1.0,0.0,0.0,grouped,grouped,robust isolated,grouped,2,1,grouped in ≥2
B255I,Park,Parkway,B,0.438,B255I,507,295,515,299,524,304,246,312,510,315,-1,-1,31,267,119,354,0.0,0.0,0.0,0.938,0.0,0.0,grouped,grouped,robust isolated,grouped,2,1,grouped in ≥2
B255J,Seeley Park,Triangle/Plaza,B,0.364,B255J,-1,-1,-1,-1,-1,-1,246,312,510,315,-1,-1,32,300,119,354,0.25,0.0,0.0,0.875,0.5,0.0,unstable,grouped,robust isolated,grouped,1,1,definition-specific
B255K,Sitting Area,Triangle/Plaza,B,0.93,B255K,507,295,515,299,524,304,246,312,510,315,-1,-1,31,267,119,354,0.0,0.0,0.0,1.0,0.0,0.0,grouped,grouped,robust isolated,grouped,2,1,grouped in ≥2
B255L,"Captain John McKenna, IV Park",Triangle/Plaza,B,0.48,B255L,505,294,513,298,522,303,246,312,510,315,-1,-1,32,300,119,354,0.0,0.0,0.0,1.0,0.0,0.0,grouped,grouped,robust isolated,grouped,2,1,grouped in ≥2
B255M,Park,Triangle/Plaza,B,0.205,B255M,-1,-1,-1,-1,-1,-1,266,333,510,315,-1,-1,-1,-1,-1,-1,0.75,0.0,0.0,1.0,1.0,0.75,unstable,grouped,robust isolated,grouped,1,1,definition-specific
B255N,Park,Triangle/Plaza,B,0.116,B255N,-1,-1,-1,-1,-1,-1,266,333,487,307,-1,-1,32,299,134,398,0.75,0.0,0.0,1.0,0.5,0.0,unstable,grouped,robust isolated,grouped,1,1,definition-specific
B255O,Park,Triangle/Plaza,B,0.058,B255O,-1,-1,-1,-1,-1,-1,-1,-1,510,-1,-1,-1,31,267,119,-1,0.5,0.333,0.0,1.0,0.5,0.0,unstable,beyond walk limit,robust isolated,unstable,0,1,definition-specific
B257,Frost Playground,Playground,B,0.739,B257,-1,-1,-1,-1,-1,-1,-1,-1,-1,-1,-1,-1,34,409,165,465,0.5,0.333,0.778,1.0,0.5,0.5,unstable,unstable,robust isolated,unstable,0,1,definition-specific
B258,Brevoort Playground,Playground,B,1.485,B258,290,137,300,139,300,147,253,319,392,255,-1,-1,34,377,141,413,0.0,0.0,0.0,1.0,0.0,0.0,grouped,grouped,robust isolated,grouped,2,1,grouped in ≥2
B259,Underwood Park,Neighborhood Park,B,1.187,B259,302,151,308,150,288,142,262,329,439,287,-1,-1,34,366,136,402,0.0,0.0,0.0,1.0,0.0,0.0,grouped,grouped,robust isolated,grouped,2,1,grouped in ≥2
B260,Howard Playground,Community Park,B,1.0,B260,321,171,332,180,323,170,192,247,323,202,-1,-1,33,329,166,472,0.0,0.0,0.0,0.562,0.0,0.0,grouped,grouped,unstable,grouped,2,0,grouped in ≥2
B260A,Howard Pool,Community Park,B,0.67,B260A,-1,-1,-1,-1,-1,-1,192,247,391,253,-1,-1,33,329,166,472,0.083,0.0,0.0,0.875,0.0,0.0,unstable,grouped,robust isolated,grouped,1,1,definition-specific
B261,Sankofa Park,Playground,B,0.847,B261,330,182,351,188,343,187,219,280,316,199,-1,-1,33,347,94,280,0.0,0.0,0.0,0.5,0.0,0.0,grouped,grouped,unstable,grouped,2,0,grouped in ≥2
B262,Potomac Playground,Jointly Operated Playground,B,1.315,B262,302,157,308,156,286,135,232,293,436,-1,-1,-1,34,400,142,416,0.0,0.0,0.0,0.625,0.0,0.0,grouped,beyond walk limit,unstable,grouped,1,0,definition-specific
B263,Sumner Playground,Jointly Operated Playground,B,1.97,B263,-1,-1,-1,-1,-1,-1,205,263,-1,-1,-1,-1,34,397,-1,-1,0.75,0.0,1.0,1.0,0.5,1.0,unstable,robust isolated,robust isolated,grouped,0,2,isolated in ≥2
B264,Roebling Playground,Jointly Operated Playground,B,1.23,B264,481,286,280,129,499,291,265,332,414,273,-1,-1,34,373,163,455,0.0,0.0,0.0,1.0,0.0,0.0,grouped,grouped,robust isolated,grouped,2,1,grouped in ≥2
B265,Rainbow Playground,Playground,B,0.46,B265,-1,-1,-1,-1,-1,-1,-1,-1,-1,-1,-1,-1,32,-1,116,-1,0.333,1.0,0.667,0.812,0.0,0.0,unstable,unstable,robust isolated,robust isolated,0,1,definition-specific
B266,Star Spangled Playground,Jointly Operated Playground,B,1.687,B266,302,145,308,151,288,141,260,327,438,286,-1,-1,34,404,136,410,0.125,0.0,0.0,1.0,0.0,0.0,grouped,grouped,robust isolated,grouped,2,1,grouped in ≥2
B267,Winthrop Playground,Jointly Operated Playground,B,1.252,B267,-1,-1,-1,-1,-1,-1,-1,-1,-1,-1,-1,-1,33,340,162,452,0.25,0.667,0.333,0.938,0.0,0.0,unstable,unstable,robust isolated,unstable,0,1,definition-specific
B268,Nautilus Playground,Playground,B,1.38,B268,514,298,522,302,531,307,201,258,428,279,-1,-1,32,283,168,479,0.125,0.0,0.0,0.875,0.0,0.0,grouped,grouped,robust isolated,grouped,2,1,grouped in ≥2
B269,Jesse Owens Playground,Jointly Operated Playground,B,2.326,B269,305,161,310,159,289,144,-1,-1,517,318,464,31,34,395,136,403,0.125,0.333,0.0,0.312,0.0,0.0,grouped,grouped,grouped,unstable,3,0,grouped in all
B270,Brownsville Playground,Community Park,B,3.017,B270,321,167,332,176,321,169,229,290,326,208,-1,-1,33,352,166,475,0.0,0.0,0.0,1.0,0.0,0.0,grouped,grouped,robust isolated,grouped,2,1,grouped in ≥2
B271,Railroad Playground,Neighborhood Park,B,2.3,B271,545,318,553,322,563,327,-1,-1,-1,-1,-1,-1,33,-1,122,367,0.0,0.667,0.333,1.0,0.0,0.0,grouped,unstable,robust isolated,unstable,1,1,definition-specific
B272,Marlboro Playground,Neighborhood Park,B,1.072,B272,-1,-1,-1,-1,-1,-1,-1,-1,-1,-1,-1,-1,32,313,130,388,0.5,0.333,1.0,1.0,0.0,0.5,unstable,robust isolated,robust isolated,unstable,0,2,isolated in ≥2
B273,Aimee Triangle,Triangle/Plaza,B,0.11,B273,579,331,587,335,597,340,264,331,514,317,-1,-1,32,292,123,372,0.0,0.0,0.0,0.875,0.0,0.0,grouped,grouped,robust isolated,grouped,2,1,grouped in ≥2
B274,Bayview Playground,Jointly Operated Playground,B,1.21,B274,-1,-1,-1,-1,-1,-1,-1,-1,-1,-1,-1,-1,32,-1,121,-1,0.833,1.0,1.0,1.0,0.0,0.5,robust isolated,robust isolated,robust isolated,robust isolated,0,3,isolated in all
B275,Grady Playground,Jointly Operated Playground,B,3.403,B275,-1,-1,-1,-1,-1,-1,-1,-1,-1,-1,-1,-1,32,289,-1,-1,0.917,0.667,1.0,1.0,0.5,0.75,robust isolated,robust isolated,robust isolated,unstable,0,3,isolated in all
B277,Benson Playground,Jointly Operated Playground,B,0.934,B277,-1,-1,-1,-1,-1,-1,-1,-1,-1,-1,-1,-1,32,308,130,386,0.417,0.667,0.667,0.875,0.0,0.0,unstable,unstable,robust isolated,unstable,0,1,definition-specific
B278,Sam Leggio Triangle,Triangle/Plaza,B,0.011,B278,-1,-1,-1,-1,-1,-1,-1,-1,-1,-1,-1,-1,33,323,171,481,0.5,0.667,0.667,1.0,0.5,0.0,unstable,unstable,robust isolated,unstable,0,1,definition-specific
B279,Wilson Playground,Jointly Operated Playground,B,1.606,B279,527,312,535,316,545,321,-1,-1,-1,-1,-1,-1,32,287,122,365,0.0,0.333,0.333,1.0,0.0,0.0,grouped,unstable,robust isolated,unstable,1,1,definition-specific
B282,Patrick O'Rourke Playground,Jointly Operated Playground,B,1.23,B282,565,323,573,327,583,332,-1,-1,-1,-1,-1,-1,32,-1,128,-1,0.167,0.667,0.333,0.875,0.0,0.0,grouped,unstable,robust isolated,unstable,1,1,definition-specific
B283,Belmont Playground,Jointly Operated Playground,B,0.682,B283,-1,-1,-1,-1,-1,-1,-1,-1,249,166,-1,-1,33,321,94,281,0.25,0.333,0.0,1.0,0.0,0.25,unstable,grouped,robust isolated,unstable,1,1,definition-specific
B284,Marc And Jason's Playground,Community Park,B,1.148,B284,-1,-1,-1,-1,-1,-1,-1,-1,-1,-1,-1,-1,34,387,-1,-1,0.583,0.333,1.0,1.0,0.0,0.75,unstable,robust isolated,robust isolated,unstable,0,2,isolated in ≥2
B285,Harry Maze Playground,Neighborhood Park,B,2.427,B285,-1,-1,-1,-1,-1,-1,251,317,488,308,-1,-1,33,-1,122,368,0.25,0.0,0.333,1.0,0.0,0.0,unstable,grouped,robust isolated,grouped,1,1,definition-specific
B286,Bartlett Playground,Playground,B,1.032,B286,-1,-1,-1,-1,-1,-1,-1,-1,-1,-1,-1,-1,34,390,-1,-1,0.583,0.333,1.0,0.875,0.0,0.75,unstable,robust isolated,robust isolated,unstable,0,2,isolated in ≥2
B287,Andries Playground,Jointly Operated Playground,B,0.964,B287,-1,-1,-1,-1,-1,-1,-1,-1,-1,-1,-1,-1,32,-1,123,-1,0.333,0.667,0.667,0.562,0.0,0.0,unstable,unstable,unstable,unstable,0,0,definition-specific
B288,Slope Park Playground,Jointly Operated Playground,B,0.504,B288,502,293,510,297,519,302,263,330,511,316,-1,-1,31,257,119,356,0.0,0.0,0.0,1.0,0.0,0.0,grouped,grouped,robust isolated,grouped,2,1,grouped in ≥2
B289,Cutinella Triangle,Triangle/Plaza,B,0.076,B289,551,320,559,324,569,329,-1,-1,-1,-1,-1,-1,32,313,130,388,0.0,0.333,0.333,1.0,0.0,0.0,grouped,unstable,robust isolated,unstable,1,1,definition-specific
B290,Public Place,Triangle/Plaza,B,0.112,B290,329,173,353,194,344,189,-1,-1,-1,-1,-1,-1,33,321,103,-1,0.083,0.333,0.667,0.875,0.0,0.0,grouped,unstable,robust isolated,unstable,1,1,definition-specific
B291,Power Playground,Neighborhood Park,B,2.295,B291,-1,-1,-1,-1,-1,-1,-1,-1,-1,-1,-1,-1,32,291,123,371,0.417,0.333,0.667,1.0,0.0,0.0,unstable,unstable,robust isolated,unstable,0,1,definition-specific
B292,Pratt Playground,Neighborhood Park,B,0.918,B292,-1,-1,-1,-1,-1,-1,-1,-1,-1,-1,-1,-1,34,404,-1,-1,0.417,0.333,0.667,0.812,0.0,1.0,unstable,unstable,robust isolated,unstable,0,1,definition-specific
B293,Classon Playground,Jointly Operated Playground,B,1.336,B293,302,145,308,151,288,143,260,327,438,286,-1,-1,34,403,136,410,0.0,0.0,0.0,0.75,0.0,0.0,grouped,grouped,unstable,grouped,2,0,grouped in ≥2
B294,Jackie Robinson Park Playground,Jointly Operated Playground,B,1.774,B294,285,131,321,166,302,151,198,255,399,259,-1,-1,34,376,162,448,0.0,0.0,0.0,0.75,0.0,0.0,grouped,grouped,unstable,grouped,2,0,grouped in ≥2
B295,Oxport Playground,Jointly Operated Playground,B,1.033,B295,302,153,305,144,283,129,182,236,460,293,485,-1,34,363,136,399,0.0,0.0,0.0,0.375,0.0,0.0,grouped,grouped,beyond walk limit,grouped,2,0,grouped in ≥2
B296,Luna Playground,Playground,B,1.76,B296,-1,-1,-1,-1,-1,-1,-1,-1,-1,-1,-1,-1,-1,-1,-1,-1,0.75,0.333,1.0,1.0,1.0,1.0,unstable,robust isolated,robust isolated,unstable,0,2,isolated in ≥2
B297,Albemarle Playground,Jointly Operated Playground,B,0.538,B297,-1,-1,-1,-1,-1,-1,-1,-1,-1,-1,-1,-1,32,301,130,-1,0.333,0.667,0.667,0.875,0.0,0.0,unstable,unstable,robust isolated,unstable,0,1,definition-specific
B298,Stockton Playground,Jointly Operated Playground,B,1.089,B298,-1,-1,-1,-1,-1,-1,205,264,-1,-1,-1,-1,34,401,137,-1,0.25,0.0,0.667,0.875,0.0,0.0,unstable,unstable,robust isolated,grouped,0,1,definition-specific
B300,Oracle Playground,Jointly Operated Playground,B,0.703,B300,302,150,305,147,283,130,-1,-1,410,265,491,33,34,365,136,401,0.0,0.333,0.0,0.25,0.0,0.0,grouped,grouped,grouped,unstable,3,0,grouped in all
B301,Greene Playground,Jointly Operated Playground,B,0.917,B301,302,151,308,150,288,142,262,329,439,287,-1,-1,34,366,136,402,0.0,0.0,0.0,1.0,0.0,0.0,grouped,grouped,robust isolated,grouped,2,1,grouped in ≥2
B302,Charlie's Place,Playground,B,1.26,B302,-1,-1,-1,-1,-1,-1,-1,-1,-1,-1,-1,-1,34,390,-1,-1,0.75,0.333,1.0,1.0,0.0,1.0,unstable,robust isolated,robust isolated,unstable,0,2,isolated in ≥2
B304,Kennedy King Playground,Jointly Operated Playground,B,0.79,B304,-1,-1,-1,-1,-1,-1,-1,-1,-1,-1,602,46,33,333,176,490,0.375,0.667,0.333,0.5,0.0,0.0,unstable,unstable,grouped,unstable,1,0,definition-specific
B305,P.S. 279 Playground,Jointly Operated Playground,B,0.23,B305,-1,-1,-1,-1,-1,-1,-1,-1,-1,-1,-1,-1,32,287,122,365,0.75,0.333,1.0,1.0,0.0,0.0,unstable,robust isolated,robust isolated,unstable,0,2,isolated in ≥2
B306,Playground 286,Jointly Operated Playground,B,0.868,B306,539,314,547,318,557,323,261,328,503,313,-1,-1,32,278,130,382,0.0,0.0,0.0,1.0,0.0,0.0,grouped,grouped,robust isolated,grouped,2,1,grouped in ≥2
B307,Tiger Playground,Jointly Operated Playground,B,0.926,B307,-1,-1,-1,-1,-1,-1,258,325,-1,-1,-1,-1,34,374,141,414,0.75,0.0,1.0,1.0,0.0,0.0,unstable,robust isolated,robust isolated,grouped,0,2,isolated in ≥2
B308,Yak Playground,Jointly Operated Playground,B,0.444,B308,539,314,547,318,557,323,261,328,503,313,-1,-1,32,278,130,382,0.0,0.0,0.0,1.0,0.0,0.0,grouped,grouped,robust isolated,grouped,2,1,grouped in ≥2
B309,Pink Playground,Playground,B,1.0,B309,574,328,582,332,592,337,-1,-1,500,312,-1,-1,33,355,121,358,0.0,0.333,0.0,1.0,0.0,0.0,grouped,grouped,robust isolated,unstable,2,1,grouped in ≥2
B310,Bushwick Playground,Community Park,B,1.29,B310,300,143,298,137,278,126,215,276,290,183,-1,-1,34,393,147,428,0.0,0.0,0.0,0.875,0.0,0.0,grouped,grouped,robust isolated,grouped,2,1,grouped in ≥2
B311,Ten Eyck Playground,Jointly Operated Playground,B,1.091,B311,575,329,583,333,593,338,-1,-1,-1,-1,-1,-1,34,389,163,453,0.0,0.333,0.333,0.875,0.0,0.0,grouped,unstable,robust isolated,unstable,1,1,definition-specific
B312,Woodruff Playground,Jointly Operated Playground,B,0.536,B312,574,328,582,332,592,337,-1,-1,500,312,-1,-1,33,355,121,358,0.0,0.333,0.0,1.0,0.0,0.0,grouped,grouped,robust isolated,unstable,2,1,grouped in ≥2
B313,El Shabazz Playground,Jointly Operated Playground,B,0.89,B313,-1,-1,-1,-1,-1,-1,-1,-1,-1,-1,-1,-1,34,376,141,412,0.333,0.333,0.333,0.875,0.0,0.0,unstable,unstable,robust isolated,unstable,0,1,definition-specific
B315,Surf Playground,Jointly Operated Playground,B,0.933,B315,514,298,522,302,531,307,201,258,428,279,-1,-1,32,283,168,479,0.0,0.0,0.0,1.0,0.0,0.0,grouped,grouped,robust isolated,grouped,2,1,grouped in ≥2
B316,DiGilio Playground,Community Park,B,0.826,B316,-1,-1,-1,-1,-1,-1,-1,-1,-1,-1,-1,-1,32,298,130,387,0.375,0.667,0.667,1.0,0.0,0.0,unstable,unstable,robust isolated,unstable,0,1,definition-specific
B317,Lafayette Gardens Playground,Playground,B,0.705,B317,302,145,308,151,288,143,260,327,438,286,-1,-1,34,403,136,410,0.0,0.0,0.0,0.75,0.0,0.0,grouped,grouped,unstable,grouped,2,0,grouped in ≥2
B320,Park Slope Playground,Jointly Operated Playground,B,0.955,B320,278,124,329,172,296,146,-1,-1,-1,-1,-1,-1,31,261,134,397,0.0,0.333,0.333,1.0,0.0,0.0,grouped,unstable,robust isolated,unstable,1,1,definition-specific
B321,Edmonds Playground,Jointly Operated Playground,B,0.917,B321,302,150,305,147,283,130,259,326,410,265,-1,-1,34,365,136,401,0.0,0.0,0.0,1.0,0.0,0.0,grouped,grouped,robust isolated,grouped,2,1,grouped in ≥2
B322,Pulaski Playground,Jointly Operated Playground,B,1.416,B322,-1,-1,-1,-1,-1,-1,205,263,-1,-1,-1,-1,34,397,174,487,0.333,0.0,0.333,0.875,0.0,0.0,unstable,unstable,robust isolated,grouped,0,1,definition-specific
B323,Hattie Carthan Playground,Jointly Operated Playground,B,1.195,B323,302,157,308,156,286,135,218,279,-1,-1,504,36,34,398,142,416,0.0,0.0,0.333,0.0,0.0,0.0,grouped,unstable,grouped,grouped,2,0,grouped in ≥2
B324,Jacob Joffe Fields,Community Park,B,2.984,B324,-1,-1,-1,-1,-1,-1,-1,-1,-1,-1,-1,-1,32,-1,123,-1,0.5,0.667,0.889,0.875,0.0,0.0,unstable,robust isolated,robust isolated,unstable,0,2,isolated in ≥2
B325,Fish Playground,Jointly Operated Playground,B,1.035,B325,290,138,300,140,300,148,213,274,391,254,-1,-1,33,332,142,421,0.0,0.0,0.0,0.562,0.0,0.0,grouped,grouped,unstable,grouped,2,0,grouped in ≥2
B326,Cobble Hill Park,Neighborhood Park,B,0.585,B326,518,301,526,305,535,310,-1,-1,461,295,-1,-1,31,268,132,394,0.083,0.333,0.0,1.0,0.0,0.0,grouped,grouped,robust isolated,unstable,2,1,grouped in ≥2
B329,Lindower Park,Community Park,B,6.7,B329,-1,-1,-1,-1,-1,-1,-1,-1,-1,-1,-1,-1,32,307,123,370,0.667,0.667,1.0,1.0,0.0,0.5,unstable,robust isolated,robust isolated,unstable,0,2,isolated in ≥2
B330,Hickman Playground,Jointly Operated Playground,B,2.656,B330,-1,-1,-1,-1,-1,-1,-1,-1,491,310,-1,-1,32,306,123,369,0.25,0.333,0.0,1.0,0.0,0.0,unstable,grouped,robust isolated,unstable,1,1,definition-specific
B331,Neptune Playground,Jointly Operated Playground,B,1.243,B331,-1,-1,-1,-1,-1,-1,-1,-1,-1,-1,-1,-1,-1,-1,-1,-1,0.75,0.333,1.0,1.0,1.0,1.0,unstable,robust isolated,robust isolated,unstable,0,2,isolated in ≥2
B332,Evergreen Playground,Jointly Operated Playground,B,0.87,B332,-1,-1,-1,-1,-1,-1,258,325,-1,-1,-1,-1,34,374,141,414,0.5,0.0,0.556,0.75,0.0,0.0,unstable,unstable,unstable,grouped,0,0,definition-specific
B334,Fermi Playground,Jointly Operated Playground,B,1.061,B334,300,144,298,138,278,127,-1,-1,290,184,-1,-1,34,392,147,429,0.0,0.333,0.0,1.0,0.0,0.0,grouped,grouped,robust isolated,unstable,2,1,grouped in ≥2
B335,Bildersee Playground,Jointly Operated Playground,B,1.416,B335,563,322,571,326,581,331,-1,-1,-1,-1,-1,-1,32,302,122,366,0.0,0.667,0.333,0.875,0.0,0.0,grouped,unstable,robust isolated,unstable,1,1,definition-specific
B337,Century Playground,Jointly Operated Playground,B,2.282,B337,514,297,522,301,531,306,257,324,427,278,-1,-1,32,290,168,476,0.0,0.0,0.0,1.0,0.0,0.0,grouped,grouped,robust isolated,grouped,2,1,grouped in ≥2
B338,Tom McDonald Triangle,Triangle/Plaza,B,0.032,B338,-1,-1,-1,-1,-1,-1,256,323,494,311,-1,-1,32,312,116,351,0.167,0.0,0.0,0.875,0.0,0.0,unstable,grouped,robust isolated,grouped,1,1,definition-specific
B339,Newport Playground,Jointly Operated Playground,B,0.918,B339,321,166,332,175,321,168,222,283,326,207,-1,-1,33,351,166,474,0.0,0.0,0.0,1.0,0.0,0.0,grouped,grouped,robust isolated,grouped,2,1,grouped in ≥2
B340,Garden Playground,Jointly Operated Playground,B,0.915,B340,300,143,298,137,278,126,215,276,290,183,-1,-1,34,393,147,428,0.0,0.0,0.0,0.875,0.0,0.0,grouped,grouped,robust isolated,grouped,2,1,grouped in ≥2
B342,100% Playground,Jointly Operated Playground,B,1.616,B342,527,312,535,316,545,321,-1,-1,-1,-1,-1,-1,32,288,122,364,0.0,0.333,0.333,1.0,0.0,0.0,grouped,unstable,robust isolated,unstable,1,1,definition-specific
B343,Osborn Playground,Neighborhood Park,B,1.9,B343,321,167,332,176,321,169,229,290,326,208,-1,-1,33,352,166,475,0.0,0.0,0.0,1.0,0.0,0.0,grouped,grouped,robust isolated,grouped,2,1,grouped in ≥2
B345,Ethan Allen Playground,Jointly Operated Playground,B,0.8,B345,525,309,533,313,543,318,255,322,466,302,-1,-1,33,349,121,357,0.0,0.0,0.0,0.875,0.0,0.0,grouped,grouped,robust isolated,grouped,2,1,grouped in ≥2
B346,Ericsson Playground,Jointly Operated Playground,B,1.06,B346,480,282,278,126,505,294,254,321,412,268,-1,-1,34,407,165,464,0.0,0.0,0.0,1.0,0.0,0.0,grouped,grouped,robust isolated,grouped,2,1,grouped in ≥2
B347,Carver Playground,Jointly Operated Playground,B,0.964,B347,281,-1,317,-1,305,-1,253,319,393,256,-1,-1,33,331,141,413,0.0,0.0,0.0,0.75,0.0,0.0,beyond walk limit,grouped,unstable,grouped,1,0,definition-specific
B348,Willoughby Playground,Jointly Operated Playground,B,0.907,B348,302,155,308,153,286,132,205,264,436,281,-1,-1,34,401,164,461,0.0,0.0,0.0,0.938,0.0,0.0,grouped,grouped,robust isolated,grouped,2,1,grouped in ≥2
B349,Bath Playground,Jointly Operated Playground,B,1.157,B349,-1,-1,-1,-1,-1,-1,-1,-1,-1,-1,-1,-1,32,-1,130,-1,0.417,0.667,0.667,0.875,0.0,0.0,unstable,unstable,robust isolated,unstable,0,1,definition-specific
B350,Stroud Playground,Jointly Operated Playground,B,1.194,B350,-1,-1,-1,-1,-1,-1,-1,-1,-1,-1,-1,-1,34,384,162,-1,0.333,0.333,0.667,1.0,0.0,0.25,unstable,unstable,robust isolated,unstable,0,1,definition-specific
B352,Curtis Playground,Playground,B,1.003,B352,563,322,571,326,581,331,-1,-1,-1,-1,-1,-1,32,302,122,366,0.0,0.667,0.333,0.875,0.0,0.0,grouped,unstable,robust isolated,unstable,1,1,definition-specific
B353,Bergen Beach Playground,Jointly Operated Playground,B,0.927,B353,561,321,569,325,579,330,-1,-1,491,310,-1,-1,32,306,123,369,0.0,0.333,0.0,1.0,0.0,0.0,grouped,grouped,robust isolated,unstable,2,1,grouped in ≥2
B356,North Pacific Playground,Playground,B,0.155,B356,-1,-1,-1,-1,-1,-1,-1,-1,-1,-1,-1,-1,31,-1,-1,-1,0.75,0.333,1.0,1.0,0.0,0.75,unstable,robust isolated,robust isolated,unstable,0,2,isolated in ≥2
B357,Jackie Robinson Playground,Jointly Operated Playground,B,1.0,B357,286,135,322,170,312,163,-1,-1,-1,-1,-1,-1,34,-1,162,450,0.0,0.667,0.333,1.0,0.0,0.0,grouped,unstable,robust isolated,unstable,1,1,definition-specific
B358,De Hostos Playground,Jointly Operated Playground,B,1.1,B358,484,289,292,133,507,299,244,310,435,280,-1,-1,34,391,164,458,0.0,0.0,0.0,1.0,0.0,0.0,grouped,grouped,robust isolated,grouped,2,1,grouped in ≥2
B359,Eleanor Roosevelt Playground,Jointly Operated Playground,B,1.211,B359,304,160,309,158,290,145,-1,-1,486,306,-1,-1,34,396,136,404,0.125,0.333,0.0,1.0,0.0,0.0,grouped,grouped,robust isolated,unstable,2,1,grouped in ≥2
B360,Remsen Playground,Jointly Operated Playground,B,1.333,B360,527,-1,535,-1,545,-1,-1,-1,-1,-1,-1,-1,32,-1,122,-1,0.0,0.667,0.333,1.0,0.0,0.0,beyond walk limit,unstable,robust isolated,unstable,0,1,definition-specific
B361,Boerum Park,Jointly Operated Playground,B,0.918,B361,-1,-1,-1,-1,-1,-1,252,318,-1,-1,-1,-1,31,269,-1,-1,0.75,0.0,1.0,1.0,0.0,1.0,unstable,robust isolated,robust isolated,grouped,0,2,isolated in ≥2
B362,Chester Playground,Jointly Operated Playground,B,1.0,B362,321,170,332,179,324,173,212,273,325,205,-1,-1,33,337,166,469,0.0,0.0,0.0,0.875,0.0,0.0,grouped,grouped,robust isolated,grouped,2,1,grouped in ≥2
B363,Houston Playground,Jointly Operated Playground,B,0.918,B363,321,171,332,180,323,170,192,247,323,202,-1,-1,33,328,166,471,0.0,0.0,0.0,0.625,0.0,0.0,grouped,grouped,unstable,grouped,2,0,grouped in ≥2
B364,Woods Playground,Jointly Operated Playground,B,1.438,B364,285,130,321,165,311,158,198,255,399,260,-1,-1,33,326,162,447,0.0,0.0,0.0,0.812,0.0,0.0,grouped,grouped,robust isolated,grouped,2,1,grouped in ≥2
B366,Duke Park,Playground,B,0.137,B366,330,181,350,187,338,181,227,288,316,198,-1,-1,33,353,94,279,0.0,0.0,0.0,1.0,0.0,0.0,grouped,grouped,robust isolated,grouped,2,1,grouped in ≥2
B367,Livonia Park,Neighborhood Park,B,0.918,B367,321,165,332,174,321,167,211,272,326,206,-1,-1,33,350,166,473,0.0,0.0,0.0,0.875,0.0,0.0,grouped,grouped,robust isolated,grouped,2,1,grouped in ≥2
B369,Steeplechase Park,Community Park,B,10.01,B369,514,-1,522,-1,531,-1,-1,-1,-1,-1,-1,-1,32,282,168,478,0.0,0.333,0.333,0.625,0.0,0.0,beyond walk limit,unstable,unstable,unstable,0,0,definition-specific
B371,Spring Creek Park,Community Park,B,42.583,B371,526,310,534,314,544,319,117,143,464,300,-1,-1,33,356,121,359,0.0,0.0,0.0,1.0,0.0,0.0,grouped,grouped,robust isolated,grouped,2,1,grouped in ≥2
B372,Friends Field,Community Park,B,6.7,B372,-1,-1,-1,-1,-1,-1,-1,-1,-1,-1,-1,-1,32,-1,130,-1,0.333,0.667,0.667,0.875,0.0,0.0,unstable,unstable,robust isolated,unstable,0,1,definition-specific
B375,Chiarantano Playground,Jointly Operated Playground,B,0.206,B375,548,319,556,323,566,328,-1,-1,489,309,-1,-1,32,284,122,361,0.0,0.333,0.0,1.0,0.0,0.0,grouped,grouped,robust isolated,unstable,2,1,grouped in ≥2
B376,Fidler-Wyckoff House Park,Historic House Park,B,1.13,B376,-1,-1,-1,-1,-1,-1,251,317,488,308,-1,-1,32,-1,122,368,0.25,0.0,0.222,1.0,0.0,0.0,unstable,grouped,robust isolated,grouped,1,1,definition-specific
B377,Floyd Patterson Ballfields,Recreational Field/Courts,B,2.3,B377,321,165,332,174,321,167,222,283,326,206,-1,-1,33,350,166,473,0.0,0.0,0.0,0.875,0.0,0.0,grouped,grouped,robust isolated,grouped,2,1,grouped in ≥2
B378,University Place,Triangle/Plaza,B,1.161,B378,302,149,305,145,283,-1,-1,-1,410,264,-1,-1,34,364,136,400,0.0,0.333,0.0,1.0,0.0,0.5,grouped,grouped,robust isolated,unstable,2,1,grouped in ≥2
B379,Coney Island Creek Park,Nature Area,B,8.892,B379,-1,-1,-1,-1,-1,-1,-1,-1,-1,-1,-1,-1,-1,-1,-1,-1,0.875,0.333,1.0,1.0,1.0,1.0,robust isolated,robust isolated,robust isolated,unstable,0,3,isolated in all
B380,Robert E. Venable Park,Neighborhood Park,B,2.939,B380,329,173,353,194,344,189,-1,-1,-1,-1,-1,-1,33,321,94,281,0.0,0.333,0.333,0.625,0.0,0.0,grouped,unstable,unstable,unstable,1,0,definition-specific
B381,Thomas Boyland Park,Neighborhood Park,B,1.82,B381,290,139,300,141,300,149,234,295,391,252,-1,-1,34,375,142,418,0.0,0.0,0.0,1.0,0.0,0.0,grouped,grouped,robust isolated,grouped,2,1,grouped in ≥2
B382A,Roberto Clemente Ballfield,Recreational Field/Courts,B,1.93,B382A,483,288,282,131,500,292,250,316,414,272,-1,-1,34,370,163,456,0.0,0.0,0.0,1.0,0.0,0.0,grouped,grouped,robust isolated,grouped,2,1,grouped in ≥2
B382B,Jacob's Ladder Playground,Neighborhood Park,B,1.085,B382B,483,288,282,131,500,292,250,316,414,272,-1,-1,34,370,163,456,0.0,0.0,0.0,1.0,0.0,0.0,grouped,grouped,robust isolated,grouped,2,1,grouped in ≥2
B383,Success Garden,Neighborhood Park,B,0.918,B383,330,180,351,-1,343,-1,-1,-1,324,203,-1,-1,33,354,94,278,0.0,0.333,0.0,0.75,0.0,0.0,beyond walk limit,grouped,unstable,unstable,1,0,definition-specific
B384,Fresh Creek Nature Preserve,Nature Area,B,77.044,B384,-1,-1,-1,-1,-1,-1,249,315,-1,-1,-1,-1,33,348,122,365,0.333,0.0,0.333,1.0,0.0,0.0,unstable,unstable,robust isolated,grouped,0,1,definition-specific
B385,WNYC Transmitter Park,Neighborhood Park,B,6.611,B385,-1,-1,-1,-1,-1,-1,-1,-1,-1,-1,-1,-1,34,381,165,463,0.75,0.333,1.0,1.0,0.5,0.0,unstable,robust isolated,robust isolated,unstable,0,2,isolated in ≥2
B386,Ten Eyck Plaza,Playground,B,0.46,B386,480,284,278,127,505,296,238,300,416,275,-1,-1,34,371,165,466,0.25,0.0,0.0,1.0,0.0,0.0,grouped,grouped,robust isolated,grouped,2,1,grouped in ≥2
B387,Hilltop Playground,Jointly Operated Playground,B,1.095,B387,285,134,321,169,309,157,192,249,391,254,-1,-1,33,330,162,443,0.0,0.0,0.0,0.75,0.0,0.0,grouped,grouped,unstable,grouped,2,0,grouped in ≥2
B388,Gateway Triangle,Triangle/Plaza,B,0.07,B388,302,151,305,146,287,137,-1,-1,410,266,-1,-1,34,367,136,402,0.0,0.333,0.0,1.0,0.0,0.0,grouped,grouped,robust isolated,unstable,2,1,grouped in ≥2
B389,Umma Park,Playground,B,0.111,B389,542,316,550,320,560,325,-1,-1,487,-1,-1,-1,32,-1,127,376,0.0,0.333,0.0,0.875,0.0,0.0,grouped,beyond walk limit,robust isolated,unstable,1,1,definition-specific
B390,Mother Cabrini Park,Playground,B,0.467,B390,519,303,527,307,536,312,214,275,457,291,-1,-1,31,266,132,395,0.0,0.0,0.0,1.0,0.0,0.0,grouped,grouped,robust isolated,grouped,2,1,grouped in ≥2
B391,Lt. Federico Narvaez Tot Lot,Playground,B,0.125,B391,-1,-1,-1,-1,-1,-1,-1,-1,-1,-1,-1,-1,32,-1,127,-1,0.333,1.0,0.667,1.0,0.0,0.0,unstable,unstable,robust isolated,robust isolated,0,1,definition-specific
B392,Lott Park,Triangle/Plaza,B,0.06,B392,-1,-1,-1,-1,-1,-1,-1,-1,-1,-1,-1,-1,34,-1,-1,-1,0.833,1.0,1.0,1.0,0.0,0.5,robust isolated,robust isolated,robust isolated,robust isolated,0,3,isolated in all
B393,Sheepshead Bay Piers,Waterfront Facility,B,1.22,B393,-1,-1,-1,-1,-1,-1,248,314,-1,-1,-1,-1,32,279,130,380,0.25,0.0,0.667,1.0,0.0,0.0,unstable,unstable,robust isolated,grouped,0,1,definition-specific
B394,Four Sparrow Marsh,Nature Area,B,64.665,B394,-1,-1,-1,-1,-1,-1,-1,-1,-1,-1,-1,-1,-1,-1,-1,-1,0.0,0.0,0.0,0.0,0.0,1.0,unstable,unstable,unstable,unstable,0,0,definition-specific
B395,Green Central Knoll,Neighborhood Park,B,2.741,B395,300,144,298,138,278,127,-1,-1,290,184,-1,-1,34,394,147,429,0.0,0.333,0.0,1.0,0.0,0.0,grouped,grouped,robust isolated,unstable,2,1,grouped in ≥2
B396,Nehemiah Park,Playground,B,1.648,B396,321,165,332,174,321,167,222,283,326,206,-1,-1,33,350,166,473,0.0,0.0,0.0,0.938,0.0,0.0,grouped,grouped,robust isolated,grouped,2,1,grouped in ≥2
B397,Carter G. Woodson Children's Park,Community Park,B,0.918,B397,321,171,332,180,324,174,212,273,325,205,-1,-1,33,350,166,472,0.0,0.0,0.0,0.625,0.0,0.0,grouped,grouped,unstable,grouped,2,0,grouped in ≥2
B398,Kosciuszko Street Garden,Garden,B,0.185,B398,304,160,309,158,290,145,-1,-1,486,306,-1,-1,34,396,136,404,0.125,0.333,0.0,1.0,0.0,0.0,grouped,grouped,robust isolated,unstable,2,1,grouped in ≥2
B399,Gardens Of Union,Garden,B,0.203,B399,-1,-1,-1,-1,-1,-1,-1,-1,-1,-1,-1,-1,31,261,134,397,0.417,0.333,0.667,0.75,0.0,0.5,unstable,unstable,unstable,unstable,0,0,definition-specific
B400,Hattie Carthan Community Garden,Garden,B,0.809,B400,302,158,308,157,288,140,208,267,436,284,-1,-1,34,402,136,406,0.0,0.0,0.0,0.875,0.0,0.0,grouped,grouped,robust isolated,grouped,2,1,grouped in ≥2
B401,Grand Ferry Park,Neighborhood Park,B,1.7,B401,524,308,532,312,542,317,239,301,462,299,-1,-1,34,369,163,457,0.0,0.0,0.0,0.75,0.0,0.0,grouped,grouped,unstable,grouped,2,0,grouped in ≥2
B402,George Walker Jr. Park,Neighborhood Park,B,0.591,B402,330,179,350,186,338,180,129,158,315,194,-1,-1,33,324,125,375,0.0,0.0,0.0,0.5,0.0,0.0,grouped,grouped,unstable,grouped,2,0,grouped in ≥2
B403,Harmony Park,Neighborhood Park,B,1.56,B403,285,131,321,166,311,158,204,262,399,260,-1,-1,33,325,162,448,0.0,0.0,0.0,1.0,0.0,0.0,grouped,grouped,robust isolated,grouped,2,1,grouped in ≥2
B404,East Flatbush Children's Playground,Playground,B,0.106,B404,-1,-1,-1,-1,-1,-1,192,246,-1,-1,602,46,33,-1,176,490,0.375,0.0,0.333,0.5,0.0,0.0,unstable,unstable,grouped,grouped,1,0,definition-specific
B405,Epiphany Playground,Playground,B,0.5,B405,483,288,282,131,500,292,247,313,414,272,-1,-1,34,370,163,456,0.0,0.0,0.0,1.0,0.0,0.0,grouped,grouped,robust isolated,grouped,2,1,grouped in ≥2
B407,South Oxford Park,Neighborhood Park,B,1.187,B407,-1,-1,-1,-1,-1,-1,245,311,410,266,-1,-1,34,367,-1,-1,0.25,0.0,0.0,1.0,0.0,1.0,unstable,grouped,robust isolated,grouped,1,1,definition-specific
B408,Human Compass Garden,Garden,B,0.073,B408,518,302,526,306,535,311,214,275,457,291,-1,-1,31,266,132,395,0.0,0.0,0.0,1.0,0.0,0.0,grouped,grouped,robust isolated,grouped,2,1,grouped in ≥2
B409,The Amazing Garden,Garden,B,0.103,B409,518,302,526,306,535,311,214,275,457,291,-1,-1,31,266,132,395,0.0,0.0,0.0,1.0,0.0,0.0,grouped,grouped,robust isolated,grouped,2,1,grouped in ≥2
B410,The Backyard,Garden,B,0.225,B410,519,303,527,307,536,312,214,275,457,291,-1,-1,31,266,132,395,0.0,0.0,0.0,1.0,0.0,0.0,grouped,grouped,robust isolated,grouped,2,1,grouped in ≥2
B411,Summit Street Community Garden,Garden,B,0.103,B411,518,302,526,306,535,311,214,275,457,291,-1,-1,31,266,132,395,0.0,0.0,0.0,1.0,0.0,0.0,grouped,grouped,robust isolated,grouped,2,1,grouped in ≥2
B413,Hull Street Garden,Garden,B,0.32,B413,290,139,300,141,300,149,234,295,391,252,-1,-1,33,327,142,418,0.0,0.0,0.0,1.0,0.0,0.0,grouped,grouped,robust isolated,grouped,2,1,grouped in ≥2
B414,E 4th Street Garden,Garden,B,0.184,B414,-1,-1,-1,-1,-1,-1,246,312,-1,-1,-1,-1,32,301,119,354,0.5,0.0,1.0,1.0,0.0,0.0,unstable,robust isolated,robust isolated,grouped,0,2,isolated in ≥2
B415,Georgia Ave Garden,Garden,B,0.037,B415,330,180,332,173,321,166,224,285,324,203,-1,-1,33,354,94,278,0.0,0.0,0.0,1.0,0.0,0.0,grouped,grouped,robust isolated,grouped,2,1,grouped in ≥2
B416,TLC Sculpture Park Garden,Garden,B,0.172,B416,330,-1,352,-1,323,170,-1,-1,323,202,-1,-1,33,328,166,471,0.0,0.333,0.0,0.625,0.0,0.5,beyond walk limit,grouped,unstable,unstable,1,0,definition-specific
B417,PS 4K PARADISE GARDEN,Garden,B,0.3,B417,330,175,351,190,343,185,209,268,316,196,-1,-1,33,345,94,285,0.0,0.0,0.0,0.812,0.0,0.0,grouped,grouped,robust isolated,grouped,2,1,grouped in ≥2
B418,Valentino Pier,Neighborhood Park,B,4.525,B418,-1,-1,-1,-1,-1,-1,-1,-1,-1,-1,-1,-1,31,-1,132,391,0.5,0.667,0.333,1.0,0.0,0.0,unstable,unstable,robust isolated,unstable,0,1,definition-specific
B419,Sutter Ballfields,Recreational Field/Courts,B,1.836,B419,330,176,351,191,343,185,209,270,316,197,-1,-1,33,344,94,284,0.0,0.0,0.0,0.625,0.0,0.0,grouped,grouped,unstable,grouped,2,0,grouped in ≥2
B420,Umoja Garden,Garden,B,0.206,B420,303,159,297,134,282,128,-1,-1,-1,-1,-1,-1,34,379,142,419,0.0,0.333,0.333,1.0,0.0,0.0,grouped,unstable,robust isolated,unstable,1,1,definition-specific
B421,Brooklyn Bears Carlton Av Garden,Garden,B,0.14,B421,302,151,305,146,283,-1,245,311,410,266,-1,-1,34,367,136,402,0.0,0.0,0.0,1.0,0.0,0.0,grouped,grouped,robust isolated,grouped,2,1,grouped in ≥2
B422,Bkln Bears Rockwell Pl Garden,Garden,B,0.082,B422,302,149,305,145,287,138,194,251,410,264,-1,-1,34,364,136,400,0.0,0.0,0.0,0.875,0.0,0.0,grouped,grouped,robust isolated,grouped,2,1,grouped in ≥2
B423,Project Roots,Garden,B,0.172,B423,-1,-1,-1,-1,-1,-1,244,310,-1,-1,-1,-1,34,391,-1,-1,0.583,0.0,1.0,1.0,0.0,1.0,unstable,robust isolated,robust isolated,grouped,0,2,isolated in ≥2
B424,Earth Spirit Garden,Garden,B,0.23,B424,-1,-1,-1,-1,-1,-1,-1,-1,-1,-1,-1,-1,34,372,163,454,0.75,0.333,1.0,1.0,0.5,0.0,unstable,robust isolated,robust isolated,unstable,0,2,isolated in ≥2
B425,St Nicholas-olive St Garden,Garden,B,0.089,B425,480,283,-1,-1,505,295,228,289,415,274,-1,-1,34,409,165,465,0.125,0.0,0.0,1.0,0.0,0.0,unstable,grouped,robust isolated,grouped,1,1,definition-specific
B426,St Nicholas-powers St Garden,Garden,B,0.115,B426,-1,-1,-1,-1,-1,-1,228,289,-1,-1,-1,-1,34,409,-1,-1,0.75,0.0,1.0,1.0,0.0,1.0,unstable,robust isolated,robust isolated,grouped,0,2,isolated in ≥2
B427,Sunshine Community Garden,Garden,B,0.115,B427,-1,-1,-1,-1,-1,-1,-1,-1,-1,-1,-1,-1,34,389,-1,-1,0.75,0.333,1.0,1.0,0.0,1.0,unstable,robust isolated,robust isolated,unstable,0,2,isolated in ≥2
B428,Goodwin Gardens,Garden,B,0.348,B428,-1,-1,-1,-1,-1,-1,-1,-1,-1,-1,-1,-1,34,379,-1,-1,0.75,0.667,1.0,0.875,0.0,1.0,unstable,robust isolated,robust isolated,unstable,0,2,isolated in ≥2
B429,Hope Ballfield,Neighborhood Park,B,1.363,B429,300,142,298,136,278,125,243,309,291,185,-1,-1,34,362,147,426,0.0,0.0,0.0,1.0,0.0,0.0,grouped,grouped,robust isolated,grouped,2,1,grouped in ≥2
B430,Lewis Playground,Playground,B,0.161,B430,302,154,308,152,286,131,-1,-1,436,-1,-1,-1,34,397,164,460,0.0,0.333,0.0,0.812,0.0,0.5,grouped,beyond walk limit,robust isolated,unstable,1,1,definition-specific
B431,Brooklyn Bridge Park,Community Park,B,21.377,B431,521,307,529,311,539,315,242,308,461,294,-1,-1,31,270,173,484,0.0,0.0,0.0,0.875,0.0,0.0,grouped,grouped,robust isolated,grouped,2,1,grouped in ≥2
B432,American Veterans Memorial Pier,Waterfront Facility,B,3.169,B432,-1,-1,-1,-1,-1,-1,241,304,-1,-1,-1,-1,32,295,116,348,0.5,0.0,0.556,0.75,0.0,0.0,unstable,unstable,unstable,grouped,0,0,definition-specific
B433,Hendrick I. Lott House,Historic House Park,B,0.734,B433,-1,-1,-1,-1,-1,-1,-1,-1,-1,-1,-1,-1,32,-1,123,-1,0.833,1.0,1.0,1.0,0.0,0.25,robust isolated,robust isolated,robust isolated,robust isolated,0,3,isolated in all
B435,Tilyou Playground,Playground,B,0.299,B435,-1,-1,-1,-1,-1,-1,-1,-1,-1,-1,-1,-1,32,-1,168,-1,0.583,0.667,0.778,1.0,0.0,0.0,unstable,unstable,robust isolated,unstable,0,1,definition-specific
B436,Gethsemane Garden,Garden,B,0.045,B436,321,166,332,175,321,168,222,283,326,207,-1,-1,33,351,166,474,0.0,0.0,0.0,0.75,0.0,0.0,grouped,grouped,unstable,grouped,2,0,grouped in ≥2
B438,700 Decatur St Block Association,Garden,B,0.115,B438,281,125,317,160,305,152,240,302,394,257,455,-1,33,332,141,414,0.0,0.0,0.0,0.312,0.0,0.0,grouped,grouped,beyond walk limit,grouped,2,0,grouped in ≥2
B439,All People's Church of the Apostolic Faith Community Garden,Garden,B,0.064,B439,302,155,308,153,286,132,205,264,436,281,-1,-1,34,401,164,461,0.0,0.0,0.0,0.75,0.0,0.0,grouped,grouped,unstable,grouped,2,0,grouped in ≥2
B440,Amboy Neighborhood Center,Garden,B,0.391,B440,321,169,332,178,324,172,196,253,325,204,-1,-1,33,337,166,469,0.0,0.0,0.0,0.625,0.0,0.0,grouped,grouped,unstable,grouped,2,0,grouped in ≥2
B441,American Heart,Garden,B,0.05,B441,-1,-1,-1,-1,-1,-1,205,264,-1,-1,-1,-1,34,401,174,487,0.333,0.0,0.333,0.875,0.0,0.0,unstable,unstable,robust isolated,grouped,0,1,definition-specific
B442,Ps 149 Artsy Bloom Community Garden,Garden,B,0.056,B442,330,181,351,189,343,188,230,291,316,198,-1,-1,33,353,94,279,0.0,0.0,0.0,0.562,0.0,0.0,grouped,grouped,unstable,grouped,2,0,grouped in ≥2
B443,Atkins Gardeners,Garden,B,0.068,B443,330,178,351,193,341,183,226,287,-1,-1,-1,-1,33,343,94,286,0.0,0.0,0.333,0.875,0.0,0.0,grouped,unstable,robust isolated,grouped,1,1,definition-specific
B444,Berry Street Garden,Garden,B,0.137,B444,-1,-1,-1,-1,-1,-1,239,301,-1,-1,-1,-1,34,369,163,457,0.25,0.0,0.333,1.0,0.0,0.0,unstable,unstable,robust isolated,grouped,0,1,definition-specific
B445,Ten Eyck Houses Garden,Garden,B,0.114,B445,-1,-1,-1,-1,-1,-1,238,300,-1,-1,-1,-1,34,371,-1,-1,0.75,0.0,1.0,1.0,0.5,1.0,unstable,robust isolated,robust isolated,grouped,0,2,isolated in ≥2
B446,Big Red Garden,Garden,B,0.043,B446,330,182,351,189,343,188,230,291,316,199,-1,-1,33,347,94,280,0.0,0.0,0.0,0.75,0.0,0.0,grouped,grouped,unstable,grouped,2,0,grouped in ≥2
B447,Causa Festival Garden,Garden,B,0.206,B447,330,182,351,189,343,188,230,291,316,199,-1,-1,33,347,94,280,0.0,0.0,0.0,0.75,0.0,0.0,grouped,grouped,unstable,grouped,2,0,grouped in ≥2
B448,Cedar Tree Garden,Garden,B,0.177,B448,302,145,308,151,288,143,-1,-1,-1,-1,-1,-1,34,403,136,410,0.0,0.333,0.333,1.0,0.0,0.0,grouped,unstable,robust isolated,unstable,1,1,definition-specific
B449,New Vision Garden,Garden,B,0.321,B449,330,182,351,188,343,187,219,280,316,199,-1,-1,33,347,94,280,0.0,0.0,0.0,0.625,0.0,0.0,grouped,grouped,unstable,grouped,2,0,grouped in ≥2
B450,Clara's Garden,Garden,B,0.129,B450,330,176,351,191,343,185,209,270,316,197,-1,-1,33,344,94,284,0.0,0.0,0.0,0.562,0.0,0.0,grouped,grouped,unstable,grouped,2,0,grouped in ≥2
B451,Clifton Pl Memorial Park and Garden,Garden,B,0.165,B451,302,145,308,151,288,143,217,278,436,284,519,38,34,402,136,410,0.0,0.0,0.0,0.25,0.0,0.0,grouped,grouped,grouped,grouped,3,0,grouped in all
B452,Concerned Residents of Barbey Street,Garden,B,0.052,B452,330,176,351,191,343,185,209,270,316,197,558,42,33,344,94,284,0.0,0.0,0.0,0.375,0.0,0.0,grouped,grouped,grouped,grouped,3,0,grouped in all
B453,Concerned Residents of Montauk Avenue,Garden,B,0.091,B453,330,178,350,185,338,179,226,287,317,200,544,40,33,343,94,286,0.0,0.0,0.0,0.0,0.0,0.0,grouped,grouped,grouped,grouped,3,0,grouped in all
B454,Cooper St Block Buster Bl Association,Garden,B,0.16,B454,-1,-1,-1,-1,-1,-1,-1,-1,-1,-1,-1,-1,34,374,-1,-1,0.75,0.333,0.889,1.0,0.0,1.0,unstable,robust isolated,robust isolated,unstable,0,2,isolated in ≥2
B455,Crystal Wells Block Association,Garden,B,0.344,B455,330,177,351,192,343,184,233,294,318,201,-1,-1,33,341,175,488,0.0,0.0,0.0,1.0,0.0,0.0,grouped,grouped,robust isolated,grouped,2,1,grouped in ≥2
B456,Walt L Shemal Garden,Garden,B,0.149,B456,-1,-1,-1,-1,-1,-1,237,299,-1,-1,-1,-1,34,382,161,-1,0.417,0.0,1.0,0.875,0.0,0.5,unstable,robust isolated,robust isolated,grouped,0,2,isolated in ≥2
B458,East End Community Garden,Garden,B,0.161,B458,330,176,351,191,343,185,209,270,316,197,-1,-1,33,344,94,284,0.0,0.0,0.0,0.688,0.0,0.0,grouped,grouped,unstable,grouped,2,0,grouped in ≥2
B459,Eastern Parkway Coalition,Garden,B,0.44,B459,286,135,322,170,312,163,236,298,437,285,-1,-1,34,386,162,450,0.0,0.0,0.0,1.0,0.0,0.0,grouped,grouped,robust isolated,grouped,2,1,grouped in ≥2
B460,Elton St Block Association,Garden,B,0.097,B460,-1,-1,-1,-1,-1,-1,-1,-1,477,305,587,44,33,346,94,282,0.167,0.333,0.0,0.25,0.0,0.0,unstable,grouped,grouped,unstable,2,0,grouped in ≥2
B461,Euclid Garden,Garden,B,0.181,B461,-1,-1,-1,-1,-1,-1,-1,-1,476,304,-1,-1,33,342,175,489,0.25,0.333,0.0,1.0,0.0,0.0,unstable,grouped,robust isolated,unstable,1,1,definition-specific
B462,Family Community Garden,Garden,B,0.275,B462,-1,-1,-1,-1,-1,-1,-1,-1,-1,-1,-1,-1,33,346,-1,-1,0.5,0.333,1.0,0.875,0.0,1.0,unstable,robust isolated,robust isolated,unstable,0,2,isolated in ≥2
B463,Fantasy Garden,Garden,B,0.23,B463,321,169,332,178,324,172,196,253,325,204,-1,-1,33,336,166,470,0.0,0.0,0.0,0.875,0.0,0.0,grouped,grouped,robust isolated,grouped,2,1,grouped in ≥2
B464,Farmers Garden,Garden,B,0.154,B464,285,134,321,169,309,157,235,296,-1,-1,-1,-1,33,330,162,443,0.0,0.0,0.333,1.0,0.0,0.5,grouped,unstable,robust isolated,grouped,1,1,definition-specific
B465,First Quincy St Block Association,Garden,B,0.13,B465,-1,-1,-1,-1,-1,-1,-1,-1,-1,-1,538,-1,34,398,162,-1,0.25,0.333,0.667,0.0,0.0,0.0,unstable,unstable,beyond walk limit,unstable,0,0,definition-specific
B466,First Temple Of David,Garden,B,0.049,B466,-1,-1,352,-1,-1,-1,230,291,-1,-1,-1,-1,33,347,94,280,0.167,0.0,0.667,1.0,0.0,0.0,beyond walk limit,unstable,robust isolated,grouped,0,1,definition-specific
B467,Floral Vineyard,Garden,B,0.107,B467,330,175,350,-1,338,178,209,268,316,196,-1,-1,33,345,94,285,0.0,0.0,0.0,1.0,0.0,0.0,beyond walk limit,grouped,robust isolated,grouped,1,1,definition-specific
B468,Escape To Nature,Garden,B,0.032,B468,330,176,351,191,343,185,209,270,316,197,-1,-1,33,344,94,284,0.0,0.0,0.0,0.5,0.0,0.0,grouped,grouped,unstable,grouped,2,0,grouped in ≥2
B469,Good Shepherds Garden,Garden,B,0.114,B469,-1,-1,-1,-1,-1,-1,-1,-1,-1,-1,-1,-1,33,343,-1,-1,0.75,0.333,1.0,1.0,0.0,1.0,unstable,robust isolated,robust isolated,unstable,0,2,isolated in ≥2
B470,Granite St Block Association,Garden,B,0.172,B470,-1,-1,-1,-1,-1,-1,234,295,-1,-1,-1,-1,34,375,-1,-1,0.75,0.0,1.0,1.0,0.5,1.0,unstable,robust isolated,robust isolated,grouped,0,2,isolated in ≥2
B471,Green Gems,Garden,B,0.539,B471,330,177,351,192,343,184,233,294,318,201,-1,-1,33,341,175,488,0.0,0.0,0.0,0.812,0.0,0.0,grouped,grouped,robust isolated,grouped,2,1,grouped in ≥2
B472,Greene Av United Neighbors Association *,Garden,B,0.046,B472,302,158,308,157,288,140,217,278,436,284,-1,-1,34,402,136,406,0.0,0.0,0.0,1.0,0.0,0.0,grouped,grouped,robust isolated,grouped,2,1,grouped in ≥2
B473,Hancock T and T,Garden,B,0.081,B473,-1,-1,-1,-1,-1,-1,232,293,-1,-1,-1,-1,34,400,136,-1,0.25,0.0,0.667,0.812,0.0,0.0,unstable,unstable,robust isolated,grouped,0,1,definition-specific
B474,Hart to Hart,Garden,B,0.332,B474,-1,-1,-1,-1,-1,-1,205,264,-1,-1,-1,-1,34,401,174,487,0.333,0.0,0.333,0.875,0.0,0.0,unstable,unstable,robust isolated,grouped,0,1,definition-specific
B475,Herbal Garden of East NY,Garden,B,0.248,B475,330,176,351,191,343,185,209,270,316,197,-1,-1,33,344,94,284,0.0,0.0,0.0,0.562,0.0,0.0,grouped,grouped,unstable,grouped,2,0,grouped in ≥2
B476,Sh'ma Yisrael,Garden,B,0.145,B476,285,134,321,169,309,157,192,249,391,254,452,-1,33,330,162,443,0.0,0.0,0.0,0.0,0.0,0.0,grouped,grouped,beyond walk limit,grouped,2,0,grouped in ≥2
B477,Jerome Gardens,Garden,B,0.036,B477,330,174,351,189,343,186,209,269,316,195,-1,-1,33,347,94,282,0.0,0.0,0.0,0.625,0.0,0.0,grouped,grouped,unstable,grouped,2,0,grouped in ≥2
B478,Jerry and The Senior Gents,Garden,B,0.057,B478,330,176,351,191,343,185,209,270,316,197,-1,-1,33,344,94,284,0.0,0.0,0.0,0.625,0.0,0.0,grouped,grouped,unstable,grouped,2,0,grouped in ≥2
B479,Lefferts Pl Block Association,Garden,B,0.068,B479,-1,-1,-1,-1,-1,-1,203,260,-1,-1,495,34,34,385,170,480,0.25,0.0,0.333,0.375,0.0,0.0,unstable,unstable,grouped,grouped,1,0,definition-specific
B480,Lincoln Rd Block Association,Garden,B,0.065,B480,-1,-1,-1,-1,-1,-1,-1,-1,-1,-1,-1,-1,33,340,162,452,0.292,0.333,0.667,0.938,0.0,0.0,unstable,unstable,robust isolated,unstable,0,1,definition-specific
B481,Madison Square Garden Association,Garden,B,0.165,B481,-1,-1,-1,-1,-1,-1,231,292,291,186,-1,-1,34,361,147,425,0.375,0.0,0.0,0.875,0.0,0.0,unstable,grouped,robust isolated,grouped,1,1,definition-specific
B482,Madison Street Block Association,Garden,B,0.08,B482,302,147,308,155,286,134,-1,-1,436,283,-1,-1,34,383,142,415,0.0,0.333,0.0,0.625,0.0,0.25,grouped,grouped,unstable,unstable,2,0,grouped in ≥2
B483,Manley's Pl,Garden,B,0.28,B483,330,178,350,185,338,179,226,287,317,200,-1,-1,33,343,94,286,0.0,0.0,0.0,0.875,0.0,0.0,grouped,grouped,robust isolated,grouped,2,1,grouped in ≥2
B484,Gregory's Garden,Garden,B,0.119,B484,-1,-1,-1,-1,-1,-1,209,268,-1,-1,496,35,33,345,125,374,0.25,0.0,0.333,0.0,0.0,0.0,unstable,unstable,grouped,grouped,1,0,definition-specific
B485,Ps 53,Garden,B,0.061,B485,330,182,351,188,341,182,230,291,316,199,-1,-1,33,347,94,280,0.0,0.0,0.0,1.0,0.0,0.0,grouped,grouped,robust isolated,grouped,2,1,grouped in ≥2
B486,Green Valley Garden,Garden,B,0.19,B486,321,167,332,176,321,169,229,290,326,208,-1,-1,33,352,166,475,0.0,0.0,0.0,0.75,0.0,0.0,grouped,grouped,unstable,grouped,2,0,grouped in ≥2
B487,Preston Community Garden,Garden,B,0.058,B487,285,132,321,167,309,155,225,286,-1,-1,-1,-1,33,335,162,441,0.0,0.0,0.333,0.812,0.0,0.0,grouped,unstable,robust isolated,grouped,1,1,definition-specific
B488,Red Gate Garden,Garden,B,0.104,B488,302,155,308,153,286,132,205,264,436,281,-1,-1,34,401,136,405,0.0,0.0,0.0,0.938,0.0,0.0,grouped,grouped,robust isolated,grouped,2,1,grouped in ≥2
B489,Red Shed Garden,Garden,B,0.123,B489,480,283,278,124,505,295,228,289,415,274,-1,-1,34,409,165,465,0.0,0.0,0.0,1.0,0.0,0.0,grouped,grouped,robust isolated,grouped,2,1,grouped in ≥2
B490,Santos White Garden,Garden,B,0.141,B490,-1,-1,-1,-1,-1,-1,-1,-1,-1,-1,-1,-1,32,282,168,478,0.5,0.333,1.0,1.0,0.0,0.0,unstable,robust isolated,robust isolated,unstable,0,2,isolated in ≥2
B491,Shield Of Faith,Garden,B,0.172,B491,330,177,350,185,338,179,-1,-1,317,200,544,40,33,341,94,286,0.0,0.333,0.0,0.0,0.0,0.0,grouped,grouped,grouped,unstable,3,0,grouped in all
B492,St John Cantius Parish,Garden,B,0.183,B492,330,181,350,187,338,181,227,288,316,198,-1,-1,33,353,94,279,0.0,0.0,0.0,1.0,0.0,0.0,grouped,grouped,robust isolated,grouped,2,1,grouped in ≥2
B493,Upon This Rock Comm Garden,Garden,B,0.081,B493,330,178,350,185,338,179,226,287,317,200,-1,-1,33,343,94,286,0.0,0.0,0.0,0.938,0.0,0.0,grouped,grouped,robust isolated,grouped,2,1,grouped in ≥2
B494,Vernon Tandt Block Association,Garden,B,0.152,B494,302,155,308,153,286,132,205,264,436,281,471,32,34,401,164,461,0.0,0.0,0.0,0.125,0.0,0.0,grouped,grouped,grouped,grouped,3,0,grouped in all
B495,Vernon/throop Av Block Association,Garden,B,0.039,B495,302,155,308,153,286,132,205,263,436,281,471,32,34,397,164,461,0.0,0.0,0.0,0.5,0.0,0.0,grouped,grouped,grouped,grouped,3,0,grouped in all
B496,Victory Garden,Garden,B,0.046,B496,330,182,351,188,343,187,219,280,316,199,-1,-1,33,347,94,280,0.0,0.0,0.0,0.625,0.0,0.0,grouped,grouped,unstable,grouped,2,0,grouped in ≥2
B498,Louis Pl Friends,Garden,B,0.041,B498,-1,-1,-1,-1,-1,-1,-1,-1,-1,-1,-1,-1,33,331,142,421,0.792,0.333,1.0,1.0,0.0,0.5,unstable,robust isolated,robust isolated,unstable,0,2,isolated in ≥2
B499,Madison Community Greenthumb,Garden,B,0.057,B499,303,159,297,134,282,128,-1,-1,454,289,-1,-1,34,379,142,419,0.0,0.333,0.0,0.625,0.0,0.0,grouped,grouped,unstable,unstable,2,0,grouped in ≥2
B500,Patrick Van Doren Pocket Park,Garden,B,0.039,B500,-1,-1,-1,-1,-1,-1,-1,-1,-1,-1,538,-1,34,378,162,-1,0.25,0.333,0.667,0.375,0.0,0.0,unstable,unstable,beyond walk limit,unstable,0,0,definition-specific
B501,St Mark's Block Association,Garden,B,0.211,B501,285,132,321,167,311,159,225,286,391,250,458,-1,33,335,162,441,0.0,0.0,0.0,0.375,0.0,0.0,grouped,grouped,beyond walk limit,grouped,2,0,grouped in ≥2
B502,Shiloh Garden,Garden,B,0.074,B502,302,157,308,156,286,135,218,279,-1,-1,505,-1,34,398,-1,-1,0.0,0.0,0.333,0.5,0.0,0.75,grouped,unstable,beyond walk limit,grouped,1,0,definition-specific
B503,Stars Of Hope,Garden,B,0.033,B503,302,147,308,155,286,134,-1,-1,436,283,-1,-1,34,383,142,415,0.0,0.333,0.0,0.688,0.0,0.0,grouped,grouped,unstable,unstable,2,0,grouped in ≥2
B504,Ponderosa Garden,Garden,B,0.191,B504,-1,-1,-1,-1,-1,-1,-1,-1,-1,-1,-1,-1,32,288,122,364,0.75,0.333,1.0,1.0,0.0,0.0,unstable,robust isolated,robust isolated,unstable,0,2,isolated in ≥2
B505,Sterling Community Group,Garden,B,0.116,B505,285,132,321,167,311,159,225,286,391,250,-1,-1,33,335,162,441,0.0,0.0,0.0,1.0,0.0,0.0,grouped,grouped,robust isolated,grouped,2,1,grouped in ≥2
B506,Prophecy Garden,Garden,B,0.091,B506,-1,-1,-1,-1,-1,-1,224,285,-1,-1,-1,-1,33,354,-1,-1,0.75,0.0,1.0,1.0,0.5,1.0,unstable,robust isolated,robust isolated,grouped,0,2,isolated in ≥2
B507,A Better Community Garden,Garden,B,0.189,B507,291,140,301,142,301,150,198,255,472,303,-1,-1,33,325,142,420,0.0,0.0,0.0,0.75,0.0,0.0,grouped,grouped,unstable,grouped,2,0,grouped in ≥2
B508,Vernon Cases Community Garden,Garden,B,0.165,B508,302,155,308,153,286,132,-1,-1,436,281,471,32,34,401,164,461,0.0,0.333,0.0,0.125,0.0,0.0,grouped,grouped,grouped,unstable,3,0,grouped in all
B509,Jordan Magic Garden,Garden,B,0.164,B509,330,176,351,191,343,185,209,270,316,197,-1,-1,33,344,94,284,0.0,0.0,0.0,0.875,0.0,0.0,grouped,grouped,robust isolated,grouped,2,1,grouped in ≥2
B510,Marcus Garvey Tenant's Assoc. Garden,Garden,B,0.23,B510,321,168,332,177,324,171,192,248,-1,-1,-1,-1,33,334,-1,-1,0.0,0.0,0.333,1.0,0.0,1.0,grouped,unstable,robust isolated,grouped,1,1,definition-specific
B511,Jes Good Rewards Childeren's Garden,Garden,B,0.213,B511,321,170,332,179,324,173,196,253,325,205,-1,-1,33,337,166,469,0.0,0.0,0.0,0.625,0.0,0.0,grouped,grouped,unstable,grouped,2,0,grouped in ≥2
B512,Hoparkinson R&L Block Association Garden,Garden,B,0.104,B512,-1,-1,-1,-1,-1,-1,196,253,-1,-1,-1,-1,33,337,166,469,0.25,0.0,0.333,0.875,0.0,0.5,unstable,unstable,robust isolated,grouped,0,1,definition-specific
B513,United Community Centers Youth Farm,Garden,B,0.138,B513,321,166,332,175,321,168,222,283,326,207,-1,-1,33,351,166,474,0.0,0.0,0.0,0.875,0.0,0.0,grouped,grouped,robust isolated,grouped,2,1,grouped in ≥2
B514,Nehemiah Ten Garden,Garden,B,0.275,B514,330,174,351,189,343,186,209,269,316,195,549,41,33,347,94,282,0.0,0.0,0.0,0.0,0.0,0.0,grouped,grouped,grouped,grouped,3,0,grouped in all
B515,United Community Center,Garden,B,0.525,B515,330,182,351,188,343,187,219,280,316,199,-1,-1,33,347,94,280,0.0,0.0,0.0,0.5,0.0,0.0,grouped,grouped,unstable,grouped,2,0,grouped in ≥2
B516,Powell Street Livonia Garden,Garden,B,0.459,B516,321,165,332,174,321,167,211,272,326,206,-1,-1,33,350,166,473,0.0,0.0,0.0,0.812,0.0,0.0,grouped,grouped,robust isolated,grouped,2,1,grouped in ≥2
B517,Phoenix Community Garden,Garden,B,0.475,B517,290,138,300,140,300,148,197,254,391,254,-1,-1,33,332,142,421,0.0,0.0,0.0,0.75,0.0,0.0,grouped,grouped,unstable,grouped,2,0,grouped in ≥2
B518,Victory Garden's Group,Garden,B,0.058,B518,-1,-1,-1,-1,-1,-1,-1,-1,-1,-1,-1,-1,34,378,-1,-1,0.583,0.333,1.0,1.0,0.0,0.75,unstable,robust isolated,robust isolated,unstable,0,2,isolated in ≥2
B519,Spencer St Block Association,Garden,B,0.043,B519,-1,-1,-1,-1,-1,-1,-1,-1,-1,-1,-1,-1,34,402,-1,-1,0.75,0.333,1.0,1.0,0.0,1.0,unstable,robust isolated,robust isolated,unstable,0,2,isolated in ≥2
B521,Oriental Garden,Garden,B,0.191,B521,330,176,351,191,343,185,209,270,316,197,549,41,33,344,94,284,0.0,0.0,0.0,0.0,0.0,0.0,grouped,grouped,grouped,grouped,3,0,grouped in all
B522,Jerome-Glenmore Cornerstone Community Garden,Garden,B,0.198,B522,330,176,351,191,343,185,209,270,316,197,558,42,33,344,94,284,0.0,0.0,0.0,0.375,0.0,0.0,grouped,grouped,grouped,grouped,3,0,grouped in all
B525,Sumpter Community Garden,Garden,B,0.057,B525,-1,-1,-1,-1,-1,-1,-1,-1,393,256,-1,-1,33,331,141,413,0.375,0.333,0.0,1.0,0.0,0.0,unstable,grouped,robust isolated,unstable,1,1,definition-specific
B526,Cleveland Street Vegetable Garden,Garden,B,0.09,B526,330,175,351,190,338,178,209,268,316,196,-1,-1,33,345,94,285,0.0,0.0,0.0,1.0,0.0,0.0,grouped,grouped,robust isolated,grouped,2,1,grouped in ≥2
B527,Hands and Heart Garden,Garden,B,0.614,B527,330,180,332,173,321,166,224,285,324,203,-1,-1,33,354,94,278,0.0,0.0,0.0,1.0,0.0,0.0,grouped,grouped,robust isolated,grouped,2,1,grouped in ≥2
B528,Howard Av Block Association,Garden,B,0.219,B528,-1,-1,-1,-1,-1,-1,223,284,-1,-1,-1,-1,33,336,-1,-1,0.5,0.0,0.778,1.0,0.0,0.75,unstable,unstable,robust isolated,grouped,0,1,definition-specific
B529,Bushwick Inlet Park,Neighborhood Park,B,35.533,B529,480,-1,278,-1,505,-1,220,281,412,267,-1,-1,34,368,165,462,0.0,0.0,0.0,1.0,0.0,0.0,beyond walk limit,grouped,robust isolated,grouped,1,1,definition-specific
B530,Seasons of Vision,Garden,B,0.083,B530,-1,-1,-1,-1,-1,-1,198,255,-1,-1,-1,-1,33,325,162,448,0.25,0.0,0.667,0.875,0.0,0.0,unstable,unstable,robust isolated,grouped,0,1,definition-specific
B531,Garden of Plenty,Garden,B,0.062,B531,285,131,321,166,311,158,198,255,-1,-1,571,43,33,325,162,448,0.0,0.0,0.333,0.25,0.0,0.0,grouped,unstable,grouped,grouped,2,0,grouped in ≥2
B532,F.A.R.R. Community Garden,Garden,B,0.028,B532,291,140,301,142,301,150,198,255,472,303,-1,-1,33,325,142,420,0.0,0.0,0.0,0.688,0.0,0.0,grouped,grouped,unstable,grouped,2,0,grouped in ≥2
B533,Abib Newborn Garden,Garden,B,0.249,B533,321,166,332,175,321,168,222,283,326,207,-1,-1,33,351,166,474,0.0,0.0,0.0,1.0,0.0,0.0,grouped,grouped,robust isolated,grouped,2,1,grouped in ≥2
B535,400 Montauk Av Block Assn,Garden,B,0.092,B535,330,178,351,193,341,183,221,282,-1,-1,-1,-1,33,343,94,283,0.083,0.0,0.333,0.688,0.0,0.0,grouped,unstable,unstable,grouped,1,0,definition-specific
B536,North 5th Street Pier and Park,Waterfront Facility,B,3.083,B536,-1,-1,-1,-1,-1,-1,220,281,-1,-1,-1,-1,34,368,-1,-1,0.75,0.0,1.0,1.0,0.0,1.0,unstable,robust isolated,robust isolated,grouped,0,2,isolated in ≥2
B537,Park,Triangle/Plaza,B,0.013,B537,302,146,304,143,287,136,203,260,409,263,-1,-1,34,385,136,411,0.0,0.0,0.0,0.75,0.0,0.0,grouped,grouped,unstable,grouped,2,0,grouped in ≥2
B538,Welcome Home Garden,Garden,B,0.059,B538,290,137,300,139,300,147,206,265,392,255,511,37,34,377,142,419,0.0,0.0,0.0,0.0,0.0,0.0,grouped,grouped,grouped,grouped,3,0,grouped in all
B540,Neighborhood Community Garden,Garden,B,0.073,B540,285,129,321,164,311,158,204,261,399,260,458,-1,33,326,162,446,0.083,0.0,0.0,0.375,0.0,0.0,grouped,grouped,beyond walk limit,grouped,2,0,grouped in ≥2
B541,Berriman Playground,Playground,B,0.959,B541,526,311,534,315,544,320,-1,-1,465,301,537,39,33,357,121,360,0.0,0.333,0.0,0.0,0.0,0.0,grouped,grouped,grouped,unstable,3,0,grouped in all
B543,East New York Farms Garden,Garden,B,0.101,B543,330,182,351,188,343,187,219,280,316,199,-1,-1,33,347,94,280,0.0,0.0,0.0,0.875,0.0,0.0,grouped,grouped,robust isolated,grouped,2,1,grouped in ≥2
B544,100 Quincy Street Community Garden,Garden,B,0.052,B544,-1,-1,-1,-1,-1,-1,-1,-1,-1,-1,538,-1,34,403,162,-1,0.375,0.333,0.667,0.0,0.0,0.0,unstable,unstable,beyond walk limit,unstable,0,0,definition-specific
B545,Oko Farms Aquaponics Education Garden,Garden,B,0.057,B545,-1,-1,-1,-1,-1,-1,-1,-1,-1,-1,-1,-1,34,389,-1,-1,0.75,0.333,1.0,1.0,0.0,1.0,unstable,robust isolated,robust isolated,unstable,0,2,isolated in ≥2
B546,The Feeding Tree,Garden,B,0.039,B546,302,157,308,156,286,135,218,279,436,282,-1,-1,34,398,142,416,0.0,0.0,0.0,0.688,0.0,0.0,grouped,grouped,unstable,grouped,2,0,grouped in ≥2
B548,Park,Neighborhood Park,B,1.351,B548,526,311,534,315,544,320,117,143,464,300,537,39,33,357,121,360,0.0,0.0,0.0,0.0,0.0,0.0,grouped,grouped,grouped,grouped,3,0,grouped in all
B549,Whole Neighborhood Garden,Garden,B,0.091,B549,302,145,308,151,288,143,217,278,436,284,-1,-1,34,402,136,410,0.0,0.0,0.0,0.875,0.0,0.0,grouped,grouped,robust isolated,grouped,2,1,grouped in ≥2
B550,Keap Fourth Community Garden,Garden,B,0.066,B550,481,286,280,129,499,291,202,259,414,273,-1,-1,34,373,163,455,0.0,0.0,0.0,0.875,0.0,0.0,grouped,grouped,robust isolated,grouped,2,1,grouped in ≥2
B551,Vinegar Hill Community Garden,Garden,B,0.064,B551,-1,-1,-1,-1,-1,-1,182,235,461,296,-1,-1,31,273,173,483,0.25,0.0,0.0,1.0,0.0,0.0,unstable,grouped,robust isolated,grouped,1,1,definition-specific
B552,Grand Street Community Garden,Garden,B,0.045,B552,524,308,532,312,542,317,-1,-1,-1,-1,-1,-1,34,372,163,454,0.0,0.333,0.333,0.75,0.0,0.0,grouped,unstable,unstable,unstable,1,0,definition-specific
B553,61 Franklin Street Garden,Garden,B,0.04,B553,482,287,281,130,506,298,216,277,412,267,-1,-1,34,380,165,462,0.0,0.0,0.0,0.938,0.0,0.0,grouped,grouped,robust isolated,grouped,2,1,grouped in ≥2
B554,Brownsville Green,Garden,B,0.025,B554,285,132,321,167,309,155,192,248,391,251,-1,-1,33,335,162,441,0.0,0.0,0.0,0.75,0.0,0.25,grouped,grouped,unstable,grouped,2,0,grouped in ≥2
B555,Beaver Noll Park,Playground,B,0.436,B555,300,143,298,137,278,126,215,276,290,183,-1,-1,34,393,147,428,0.0,0.0,0.0,1.0,0.5,0.0,grouped,grouped,robust isolated,grouped,2,1,grouped in ≥2
B556,Know Waste Lands,Garden,B,0.097,B556,300,144,298,138,278,127,-1,-1,-1,-1,-1,-1,34,392,147,429,0.0,0.333,0.333,1.0,0.0,0.0,grouped,unstable,robust isolated,unstable,1,1,definition-specific
B558,Linwood Street Garden (Pagan's Garden),Garden,B,0.082,B558,330,174,351,193,343,186,-1,-1,316,195,-1,-1,33,343,94,282,0.0,0.333,0.0,0.688,0.0,0.0,grouped,grouped,unstable,unstable,2,0,grouped in ≥2
B559,South Brooklyn Children's Garden,Garden,B,0.083,B559,518,302,526,306,535,311,214,275,457,291,-1,-1,31,266,132,395,0.0,0.0,0.0,1.0,0.0,0.5,grouped,grouped,robust isolated,grouped,2,1,grouped in ≥2
B560,Pirate's Cove Garden,Garden,B,0.032,B560,518,302,526,306,535,311,214,275,457,291,-1,-1,31,266,132,395,0.0,0.0,0.0,0.938,0.0,0.0,grouped,grouped,robust isolated,grouped,2,1,grouped in ≥2
B561,Saratoga Farm,Garden,B,0.181,B561,290,138,300,140,300,148,213,274,391,254,-1,-1,33,332,142,421,0.0,0.0,0.0,0.875,0.0,0.0,grouped,grouped,robust isolated,grouped,2,1,grouped in ≥2
B562,Surfside Multi-Cultural Garden Coalition,Garden,B,0.687,B562,514,298,522,302,531,307,201,258,428,279,-1,-1,32,283,168,479,0.0,0.0,0.0,1.0,0.0,0.0,grouped,grouped,robust isolated,grouped,2,1,grouped in ≥2
B563,Student Farm Project,Garden,B,0.172,B563,321,170,332,179,324,173,212,273,325,205,-1,-1,33,337,166,469,0.0,0.0,0.0,0.812,0.0,0.0,grouped,grouped,robust isolated,grouped,2,1,grouped in ≥2
B564,Positive Seeds of Life Garden,Garden,B,0.11,B564,325,172,335,181,320,165,211,272,456,290,-1,-1,33,354,172,482,0.0,0.0,0.0,1.0,0.0,0.0,grouped,grouped,robust isolated,grouped,2,1,grouped in ≥2
B565,Isabahlia Community Garden,Garden,B,0.06,B565,321,169,332,178,324,172,196,253,325,204,-1,-1,33,336,166,470,0.0,0.0,0.0,1.0,0.0,0.0,grouped,grouped,robust isolated,grouped,2,1,grouped in ≥2
B566,Brownsville Community Farm,Garden,B,0.117,B566,321,169,332,178,324,172,196,253,325,204,-1,-1,33,336,166,470,0.0,0.0,0.0,1.0,0.0,0.0,grouped,grouped,robust isolated,grouped,2,1,grouped in ≥2
B567,Her-King Alagantic Block Association Garden,Garden,B,0.045,B567,285,127,321,162,311,160,210,271,400,261,-1,-1,34,399,162,444,0.0,0.0,0.0,1.0,0.0,0.0,grouped,grouped,robust isolated,grouped,2,1,grouped in ≥2
B568,Ashford Street Abundant Garden,Garden,B,0.133,B568,-1,-1,-1,-1,-1,-1,209,268,-1,-1,-1,-1,33,345,-1,-1,0.5,0.0,1.0,1.0,0.0,0.75,unstable,robust isolated,robust isolated,grouped,0,2,isolated in ≥2
B569,Chestnut Street Garden,Garden,B,0.086,B569,-1,-1,-1,-1,-1,-1,-1,-1,-1,-1,-1,-1,33,-1,171,481,0.75,0.667,1.0,1.0,0.5,0.0,unstable,robust isolated,robust isolated,unstable,0,2,isolated in ≥2
B570,Dolly's Park,Garden,B,0.052,B570,-1,-1,-1,-1,-1,-1,-1,-1,-1,-1,-1,-1,31,262,-1,-1,0.75,0.333,1.0,1.0,0.0,1.0,unstable,robust isolated,robust isolated,unstable,0,2,isolated in ≥2
B571,East 43rd Street Community Garden,Garden,B,0.091,B571,-1,-1,-1,-1,-1,-1,-1,-1,-1,-1,-1,-1,32,286,122,363,0.75,0.667,1.0,1.0,0.5,0.0,unstable,robust isolated,robust isolated,unstable,0,2,isolated in ≥2
B572,Hattie Carthan Herban Farm,Garden,B,0.137,B572,302,158,308,157,288,140,208,267,436,282,519,38,34,398,136,406,0.0,0.0,0.0,0.25,0.0,0.0,grouped,grouped,grouped,grouped,3,0,grouped in all
B573,Patchen Community Square Garden,Garden,B,0.104,B573,303,159,297,134,282,128,207,266,454,289,-1,-1,34,378,142,419,0.0,0.0,0.0,1.0,0.0,0.0,grouped,grouped,robust isolated,grouped,2,1,grouped in ≥2
B574,Halsey Ralph & Howard Community Garden,Garden,B,0.065,B574,290,137,300,139,300,147,206,265,392,255,511,37,34,377,142,419,0.0,0.0,0.0,0.25,0.0,0.0,grouped,grouped,grouped,grouped,3,0,grouped in all
B575,Halsey Garden,Garden,B,0.121,B575,302,156,308,154,286,133,-1,-1,-1,-1,511,-1,34,400,142,417,0.0,0.667,0.333,0.0,0.0,0.0,grouped,unstable,beyond walk limit,unstable,1,0,definition-specific
B576,Tranquility Farm (Willoughby Ave. Garden),Garden,B,0.123,B576,302,155,308,153,286,132,205,263,436,281,-1,-1,34,397,164,461,0.0,0.0,0.0,0.875,0.0,0.0,grouped,grouped,robust isolated,grouped,2,1,grouped in ≥2
B577,EL Garden,Garden,B,0.114,B577,-1,-1,-1,-1,-1,-1,-1,-1,-1,-1,-1,-1,34,392,-1,-1,0.75,0.333,1.0,1.0,0.0,1.0,unstable,robust isolated,robust isolated,unstable,0,2,isolated in ≥2
B578,Saratoga Blake Garden,Garden,B,0.103,B578,321,169,332,178,324,172,196,253,325,204,-1,-1,33,336,166,470,0.0,0.0,0.0,0.875,0.0,0.0,grouped,grouped,robust isolated,grouped,2,1,grouped in ≥2
B579,Imani II Community Garden,Garden,B,0.069,B579,285,131,321,166,309,154,204,262,399,260,452,29,33,325,162,448,0.0,0.0,0.0,0.25,0.0,0.0,grouped,grouped,grouped,grouped,3,0,grouped in all
B580,Java Street Community Garden,Garden,B,0.063,B580,-1,-1,-1,-1,-1,-1,-1,-1,-1,-1,-1,-1,34,381,165,463,0.75,0.333,1.0,1.0,0.5,0.5,unstable,robust isolated,robust isolated,unstable,0,2,isolated in ≥2
B581,Warwick Street Greenery Glow Garden,Garden,B,0.041,B581,-1,-1,-1,-1,-1,-1,-1,-1,-1,-1,496,35,33,347,125,374,0.292,0.333,0.333,0.0,0.0,0.0,unstable,unstable,grouped,unstable,1,0,definition-specific
B582,Brooklyn's Finest Garden,Garden,B,0.058,B582,-1,-1,-1,-1,-1,-1,203,260,-1,-1,495,34,34,385,170,480,0.375,0.0,0.333,0.375,0.0,0.0,unstable,unstable,grouped,grouped,1,0,definition-specific
B583,Hooper Grove,Garden,B,0.053,B583,481,286,280,129,499,291,202,259,414,273,-1,-1,34,373,163,455,0.0,0.0,0.0,1.0,0.0,0.0,grouped,grouped,robust isolated,grouped,2,1,grouped in ≥2
B584,Moffat Garden,Garden,B,0.038,B584,-1,-1,-1,-1,-1,-1,-1,-1,-1,-1,-1,-1,34,374,141,414,0.75,0.333,1.0,1.0,0.0,0.0,unstable,robust isolated,robust isolated,unstable,0,2,isolated in ≥2
B585,Prospect Plaza Park,Neighborhood Park,B,0.657,B585,-1,-1,-1,-1,-1,-1,192,248,-1,-1,-1,-1,33,334,-1,-1,0.75,0.0,1.0,1.0,0.0,1.0,unstable,robust isolated,robust isolated,grouped,0,2,isolated in ≥2
B586,Garden,Garden,B,0.091,B586,514,298,522,302,531,307,201,258,428,279,-1,-1,32,283,168,479,0.0,0.0,0.0,1.0,0.0,0.0,grouped,grouped,robust isolated,grouped,2,1,grouped in ≥2
B588,Greenpoint Public Park,Neighborhood Park,B,2.65,B588,-1,-1,-1,-1,-1,-1,-1,-1,-1,-1,-1,-1,34,381,165,463,0.75,0.333,1.0,1.0,0.5,0.0,unstable,robust isolated,robust isolated,unstable,0,2,isolated in ≥2
B592,Betty Carter Park,Neighborhood Park,B,0.231,B592,302,149,305,145,287,138,194,251,410,264,-1,-1,34,364,136,400,0.0,0.0,0.0,0.938,0.0,0.0,grouped,grouped,robust isolated,grouped,2,1,grouped in ≥2
B593,Bed-Stuy Farm,Garden,B,0.06,B593,283,126,319,161,307,153,-1,-1,-1,-1,455,30,34,376,141,412,0.125,0.333,0.333,0.062,0.0,0.0,grouped,unstable,grouped,unstable,2,0,grouped in ≥2
B594,Maple Street Community Garden,Neighborhood Park,B,1.377,B594,-1,-1,-1,-1,-1,-1,-1,-1,-1,-1,-1,-1,33,340,-1,-1,0.75,0.333,1.0,1.0,0.0,1.0,unstable,robust isolated,robust isolated,unstable,0,2,isolated in ≥2
B595,Greenpoint Landing,Neighborhood Park,B,1.486,B595,-1,-1,-1,-1,-1,-1,200,257,413,271,-1,-1,34,381,165,463,0.375,0.0,0.0,1.0,0.5,0.0,unstable,grouped,robust isolated,grouped,1,1,definition-specific
B597,Kingsborough Houses Bergen Playground,Playground,B,0.322,B597,285,130,321,165,311,158,198,255,399,260,-1,-1,34,-1,162,447,0.0,0.0,0.0,0.875,0.0,0.5,grouped,grouped,robust isolated,grouped,2,1,grouped in ≥2
B598,West 23rd St. Garden,Garden,B,1.31,B598,-1,-1,-1,-1,-1,-1,199,256,-1,-1,-1,-1,32,281,168,477,0.5,0.0,1.0,1.0,0.0,0.0,unstable,robust isolated,robust isolated,grouped,0,2,isolated in ≥2
B599,Kingsborough Houses Pacific Playground,Playground,B,0.333,B599,285,130,321,165,309,154,198,255,-1,-1,452,29,33,325,162,447,0.0,0.0,0.333,0.0,0.0,0.0,grouped,unstable,grouped,grouped,2,0,grouped in ≥2
B600,Garden,Garden,B,0.151,B600,290,138,300,140,300,148,197,254,-1,-1,-1,-1,34,-1,142,421,0.0,0.0,0.333,0.625,0.0,0.0,grouped,unstable,unstable,grouped,1,0,definition-specific
B601,MHBA Living Laboratory,Garden,B,0.14,B601,-1,-1,-1,-1,-1,-1,196,253,-1,-1,-1,-1,33,337,166,469,0.292,0.0,0.333,0.875,0.0,0.0,unstable,unstable,robust isolated,grouped,0,1,definition-specific
B602,Park,Triangle/Plaza,B,0.017,B602,285,133,321,168,309,156,192,249,391,253,-1,-1,33,329,162,442,0.0,0.0,0.0,1.0,0.0,0.0,grouped,grouped,robust isolated,grouped,2,1,grouped in ≥2
B603,Jerzee Triangle,Triangle/Plaza,B,0.008,B603,512,296,520,300,529,305,-1,-1,-1,-1,-1,-1,32,280,129,379,0.0,0.333,0.333,1.0,0.0,0.0,grouped,unstable,robust isolated,unstable,1,1,definition-specific
B604,Park,Triangle/Plaza,B,0.006,B604,500,292,508,296,517,301,195,252,420,277,-1,-1,32,274,116,344,0.0,0.0,0.0,1.0,0.0,0.0,grouped,grouped,robust isolated,grouped,2,1,grouped in ≥2
B605,Ascenzi Square,Triangle/Plaza,B,0.031,B605,-1,-1,-1,-1,-1,-1,-1,-1,412,269,-1,-1,34,372,165,467,0.25,0.333,0.0,1.0,0.0,0.5,unstable,grouped,robust isolated,unstable,1,1,definition-specific
B606,Fowler Square,Triangle/Plaza,B,0.004,B606,302,149,305,145,287,138,194,251,410,264,-1,-1,34,364,136,400,0.0,0.0,0.0,1.0,0.0,0.0,grouped,grouped,robust isolated,grouped,2,1,grouped in ≥2
B608,St. Mark's Playground,Playground,B,0.23,B608,-1,-1,-1,-1,-1,-1,193,250,398,258,-1,-1,-1,-1,-1,-1,1.0,0.0,0.333,1.0,1.0,1.0,robust isolated,grouped,robust isolated,grouped,1,2,isolated in ≥2
B609,Park,Triangle/Plaza,B,0.045,B609,285,133,321,168,309,156,192,249,391,253,-1,-1,33,329,162,442,0.0,0.0,0.0,1.0,0.0,0.0,grouped,grouped,robust isolated,grouped,2,1,grouped in ≥2
B610,Park,Triangle/Plaza,B,0.032,B610,-1,-1,-1,-1,-1,-1,-1,-1,-1,-1,-1,-1,31,263,-1,-1,0.75,0.667,1.0,1.0,0.0,0.75,unstable,robust isolated,robust isolated,unstable,0,2,isolated in ≥2
M001,Abingdon Square,Triangle/Plaza,M,0.222,M001,397,207,465,272,452,260,141,176,333,209,-1,-1,7,136,10,49,0.0,0.0,0.0,1.0,0.0,0.0,grouped,grouped,robust isolated,grouped,2,1,grouped in ≥2
M002,Ahearn Park,Triangle/Plaza,M,0.094,M002,416,226,424,226,417,222,152,196,354,222,-1,-1,7,143,8,36,0.0,0.0,0.0,1.0,0.0,0.5,grouped,grouped,robust isolated,grouped,2,1,grouped in ≥2
M003,Annunciation Playground,Playground,M,1.24,M003,430,235,440,235,442,248,143,180,65,61,-1,-1,6,88,31,113,0.0,0.0,0.0,0.625,0.0,0.0,grouped,grouped,unstable,grouped,2,0,grouped in ≥2
M004#1,Allen Street Malls (1/3),Mall,M,1.698,M004,416,225,424,225,417,221,152,193,354,224,-1,-1,7,141,8,45,0.0,0.0,0.0,1.0,0.0,0.0,grouped,grouped,robust isolated,grouped,2,1,grouped in ≥2
M004#2,Allen Street Malls (2/3),Mall,M,1.698,M004,416,224,424,224,416,220,156,202,354,227,-1,-1,7,139,8,37,0.0,0.0,0.0,1.0,0.0,0.0,grouped,grouped,robust isolated,grouped,2,1,grouped in ≥2
M004#3,Allen Street Malls (3/3),Mall,M,1.698,M004,416,224,424,224,416,220,156,202,354,227,-1,-1,7,141,8,45,0.0,0.0,0.0,1.0,0.0,0.0,grouped,grouped,robust isolated,grouped,2,1,grouped in ≥2
M005,The Battery,Neighborhood Park,M,21.88,M005,-1,-1,-1,-1,-1,-1,169,219,359,234,-1,-1,7,125,8,39,0.25,0.0,0.0,1.0,0.0,0.0,unstable,grouped,robust isolated,grouped,1,1,definition-specific
M006,Tribeca Park,Triangle/Plaza,M,0.32,M006,-1,-1,-1,-1,-1,-1,173,224,334,213,-1,-1,7,128,11,50,0.25,0.0,0.0,0.875,0.0,0.0,unstable,grouped,robust isolated,grouped,1,1,definition-specific
M007,Bowling Green,Triangle/Plaza,M,1.016,M007,-1,-1,-1,-1,-1,-1,169,219,359,234,-1,-1,-1,-1,7,-1,0.75,0.0,0.0,1.0,1.0,0.0,unstable,grouped,robust isolated,grouped,1,1,definition-specific
M008,Bryant Park,Neighborhood Park,M,9.603,M008,410,219,460,270,456,268,-1,-1,345,221,-1,-1,7,150,24,90,0.0,0.333,0.0,0.938,0.0,0.0,grouped,grouped,robust isolated,unstable,2,1,grouped in ≥2
M009,Bennett Park,Neighborhood Park,M,1.8,M009,462,277,485,290,478,285,-1,-1,-1,-1,-1,-1,6,117,153,437,0.0,0.333,0.333,1.0,0.0,0.0,grouped,unstable,robust isolated,unstable,1,1,definition-specific
M011,Chelsea Park,Playground,M,3.9,M011,406,215,459,266,455,264,155,201,366,236,-1,-1,7,149,24,88,0.0,0.0,0.0,1.0,0.0,0.0,grouped,grouped,robust isolated,grouped,2,1,grouped in ≥2
M012,Christopher Park,Triangle/Plaza,M,0.186,M012,397,206,465,271,452,259,141,176,333,212,-1,-1,7,136,10,49,0.0,0.0,0.0,1.0,0.0,0.0,grouped,grouped,robust isolated,grouped,2,1,grouped in ≥2
M013,City Hall Park,Neighborhood Park,M,8.8,M013,412,220,416,217,405,212,177,228,356,229,-1,-1,7,130,8,43,0.0,0.0,0.0,1.0,0.0,0.0,grouped,grouped,robust isolated,grouped,2,1,grouped in ≥2
M014,Jackie Robinson Park,Neighborhood Park,M,12.772,M014,430,242,441,240,431,233,136,167,60,54,-1,-1,6,83,31,112,0.0,0.0,0.0,1.0,0.0,0.0,grouped,grouped,robust isolated,grouped,2,1,grouped in ≥2
M015,Columbus Park,Playground,M,3.233,M015,416,221,424,221,416,217,177,228,356,229,-1,-1,7,130,8,43,0.0,0.0,0.0,0.75,0.0,0.0,grouped,grouped,unstable,grouped,2,0,grouped in ≥2
M016,Cooper Triangle,Triangle/Plaza,M,0.165,M016,400,211,471,276,451,256,-1,-1,-1,-1,-1,-1,7,140,9,47,0.0,0.333,0.333,1.0,0.0,0.0,grouped,unstable,robust isolated,unstable,1,1,definition-specific
M017,Corlears Hook Park,Neighborhood Park,M,4.355,M017,416,226,424,226,417,222,152,196,354,222,-1,-1,7,143,8,36,0.0,0.0,0.0,0.75,0.0,0.0,grouped,grouped,unstable,grouped,2,0,grouped in ≥2
M018,Carmansville Playground,Playground,M,0.573,M018,430,242,441,240,431,233,136,166,60,54,-1,-1,6,87,31,112,0.0,0.0,0.0,0.875,0.0,0.0,grouped,grouped,robust isolated,grouped,2,1,grouped in ≥2
M019,Coleman Playground,Playground,M,2.61,M019,419,229,422,220,412,216,182,233,356,231,-1,-1,7,131,8,44,0.0,0.0,0.0,1.0,0.0,0.0,grouped,grouped,robust isolated,grouped,2,1,grouped in ≥2
M020,Dante Park,Triangle/Plaza,M,0.142,M020,454,270,477,283,464,272,170,220,369,238,-1,-1,6,115,24,92,0.0,0.0,0.0,1.0,0.0,0.0,grouped,grouped,robust isolated,grouped,2,1,grouped in ≥2
M021,A Philip Randolph Square,Triangle/Plaza,M,0.074,M021,442,263,451,262,439,247,140,175,75,76,-1,-1,6,107,20,80,0.0,0.0,0.0,0.625,0.0,0.0,grouped,grouped,unstable,grouped,2,0,grouped in ≥2
M022,De Witt Clinton Park,Playground,M,5.829,M022,452,267,475,280,462,269,146,186,365,235,-1,-1,7,153,17,67,0.0,0.0,0.0,1.0,0.0,0.0,grouped,grouped,robust isolated,grouped,2,1,grouped in ≥2
M023,Donnellan Square,Triangle/Plaza,M,0.108,M023,430,242,441,240,431,233,136,166,60,54,-1,-1,6,87,31,112,0.0,0.0,0.0,0.5,0.0,0.0,grouped,grouped,unstable,grouped,2,0,grouped in ≥2
M024,Dorrance Brooks Square,Triangle/Plaza,M,0.038,M024,442,255,447,244,426,-1,143,180,73,-1,-1,-1,6,88,5,-1,0.0,0.0,0.0,0.938,0.0,0.0,grouped,beyond walk limit,robust isolated,grouped,1,1,definition-specific
M025,Duane Park,Triangle/Plaza,M,0.115,M025,-1,-1,-1,-1,-1,-1,154,200,-1,-1,-1,-1,7,127,8,41,0.25,0.0,0.333,1.0,0.0,0.5,unstable,unstable,robust isolated,grouped,0,1,definition-specific
M026,Dyckman House Museum,Historic House Park,M,0.545,M026,461,276,484,289,477,284,-1,-1,377,243,-1,-1,5,80,153,436,0.0,0.333,0.0,1.0,0.0,0.0,grouped,grouped,robust isolated,unstable,2,1,grouped in ≥2
M027,Downing Street Playground,Playground,M,0.223,M027,397,209,465,274,452,262,145,185,333,211,-1,-1,7,138,11,51,0.0,0.0,0.0,1.0,0.0,0.0,grouped,grouped,robust isolated,grouped,2,1,grouped in ≥2
M029,Fort Tryon Park,Community Park,M,67.213,M029,461,276,484,289,477,284,187,241,-1,-1,-1,-1,6,118,153,438,0.125,0.0,0.333,1.0,0.0,0.0,grouped,unstable,robust isolated,grouped,1,1,definition-specific
M030,Thomas Paine Park,Triangle/Plaza,M,1.875,M030,416,221,424,221,416,217,177,228,356,229,-1,-1,7,130,8,43,0.0,0.0,0.0,0.938,0.0,0.0,grouped,grouped,robust isolated,grouped,2,1,grouped in ≥2
M031,Amelia Gorman Park,Neighborhood Park,M,1.89,M031,-1,-1,-1,-1,-1,-1,-1,-1,-1,-1,-1,-1,6,118,153,438,0.25,0.333,0.333,1.0,0.0,0.5,unstable,unstable,robust isolated,unstable,0,1,definition-specific
M032,Greeley Square Park,Triangle/Plaza,M,0.144,M032,410,219,460,270,456,268,191,245,345,221,-1,-1,7,150,24,90,0.0,0.0,0.0,0.75,0.0,0.0,grouped,grouped,unstable,grouped,2,0,grouped in ≥2
M033,Hamilton Fish Park,Community Park,M,4.3,M033,416,223,424,223,416,219,139,171,354,226,-1,-1,7,147,8,38,0.0,0.0,0.0,0.812,0.0,0.0,grouped,grouped,robust isolated,grouped,2,1,grouped in ≥2
M034,Hancock Park,Triangle/Plaza,M,0.067,M034,442,262,451,261,439,246,160,207,65,60,-1,-1,6,106,20,79,0.0,0.0,0.0,0.938,0.0,0.0,grouped,grouped,robust isolated,grouped,2,1,grouped in ≥2
M035,Brigadier General Charles Young Triangle,Triangle/Plaza,M,0.882,M035,430,241,441,239,431,235,5,11,60,52,-1,-1,6,85,155,440,0.125,0.0,0.0,0.5,0.0,0.0,grouped,grouped,unstable,grouped,2,0,grouped in ≥2
M036,Herald Square,Triangle/Plaza,M,0.21,M036,410,219,460,270,456,268,191,245,345,221,-1,-1,7,150,24,90,0.0,0.0,0.0,0.875,0.0,0.0,grouped,grouped,robust isolated,grouped,2,1,grouped in ≥2
M038,James J Walker Park,Neighborhood Park,M,1.67,M038,397,209,465,274,452,262,-1,-1,333,211,-1,-1,7,138,10,-1,0.0,0.333,0.0,1.0,0.0,0.0,grouped,grouped,robust isolated,unstable,2,1,grouped in ≥2
M039#1,Harlem River Park (1/15),Parkway,M,46.657,M039,-1,-1,-1,-1,-1,-1,166,215,-1,-1,-1,-1,-1,-1,-1,-1,1.0,0.0,1.0,1.0,1.0,1.0,robust isolated,robust isolated,robust isolated,grouped,0,3,isolated in all
M039#10,Harlem River Park (10/15),Parkway,M,46.657,M039,-1,-1,-1,-1,-1,-1,-1,-1,-1,-1,-1,-1,-1,-1,-1,-1,1.0,0.333,1.0,1.0,1.0,1.0,robust isolated,robust isolated,robust isolated,unstable,0,3,isolated in all
M039#11,Harlem River Park (11/15),Parkway,M,46.657,M039,-1,-1,-1,-1,-1,-1,166,-1,-1,-1,-1,-1,-1,-1,-1,-1,0.0,0.0,0.0,0.0,0.0,1.0,unstable,unstable,unstable,beyond walk limit,0,0,definition-specific
M039#12,Harlem River Park (12/15),Parkway,M,46.657,M039,-1,-1,-1,-1,-1,-1,-1,-1,-1,-1,-1,-1,-1,-1,-1,-1,0.0,0.0,0.0,0.0,0.0,1.0,unstable,unstable,unstable,unstable,0,0,definition-specific
M039#14,Harlem River Park (14/15),Parkway,M,46.657,M039,-1,-1,-1,-1,-1,-1,-1,-1,-1,-1,-1,-1,-1,-1,-1,-1,1.0,1.0,1.0,1.0,1.0,1.0,robust isolated,robust isolated,robust isolated,robust isolated,0,3,isolated in all
M039#2,Harlem River Park (2/15),Parkway,M,46.657,M039,-1,-1,-1,-1,-1,-1,-1,-1,-1,-1,-1,-1,6,83,-1,-1,0.833,0.667,0.333,1.0,0.5,1.0,robust isolated,unstable,robust isolated,unstable,0,2,isolated in ≥2
M039#3,Harlem River Park (3/15),Parkway,M,46.657,M039,-1,-1,-1,-1,-1,-1,-1,-1,72,69,-1,-1,6,101,5,34,0.5,0.333,0.0,0.812,0.0,0.0,unstable,grouped,robust isolated,unstable,1,1,definition-specific
M039#4,Harlem River Park (4/15),Parkway,M,46.657,M039,-1,-1,-1,-1,-1,-1,-1,-1,-1,-1,-1,-1,-1,-1,-1,-1,1.0,1.0,1.0,1.0,1.0,1.0,robust isolated,robust isolated,robust isolated,robust isolated,0,3,isolated in all
M039#5,Harlem River Park (5/15),Parkway,M,46.657,M039,-1,-1,-1,-1,-1,-1,-1,-1,-1,-1,-1,-1,-1,-1,-1,-1,0.0,0.0,0.0,0.0,0.0,1.0,unstable,unstable,unstable,unstable,0,0,definition-specific
M039#6,Harlem River Park (6/15),Parkway,M,46.657,M039,-1,-1,-1,-1,-1,-1,186,240,-1,-1,-1,-1,6,101,-1,-1,0.25,0.0,0.333,1.0,0.0,0.5,unstable,unstable,robust isolated,grouped,0,1,definition-specific
M039#7,Harlem River Park (7/15),Parkway,M,46.657,M039,430,242,441,240,431,233,136,167,60,54,-1,-1,6,83,31,112,0.0,0.0,0.0,0.812,0.0,0.0,grouped,grouped,robust isolated,grouped,2,1,grouped in ≥2
M039#9,Harlem River Park (9/15),Parkway,M,46.657,M039,-1,-1,-1,-1,-1,-1,-1,-1,-1,-1,-1,-1,-1,-1,-1,-1,1.0,0.667,1.0,1.0,1.0,1.0,robust isolated,robust isolated,robust isolated,unstable,0,3,isolated in all
M040,Johnny Hartman Square,Triangle/Plaza,M,0.018,M040,430,239,440,235,442,248,143,182,65,59,-1,-1,6,89,31,114,0.0,0.0,0.0,0.625,0.0,0.0,grouped,grouped,unstable,grouped,2,0,grouped in ≥2
M041,Alexander Hamilton Playground,Playground,M,0.811,M041,430,239,440,235,442,248,143,182,65,59,-1,-1,6,89,31,114,0.0,0.0,0.0,0.938,0.0,0.0,grouped,grouped,robust isolated,grouped,2,1,grouped in ≥2
M043,Isham Park,Community Park,M,20.132,M043,461,276,484,289,477,284,-1,-1,377,243,-1,-1,5,80,153,436,0.0,0.333,0.0,1.0,0.0,0.0,grouped,grouped,robust isolated,unstable,2,1,grouped in ≥2
M044,Jackson Square,Triangle/Plaza,M,0.227,M044,397,207,465,272,452,260,141,176,333,209,-1,-1,7,136,10,49,0.0,0.0,0.0,0.875,0.0,0.0,grouped,grouped,robust isolated,grouped,2,1,grouped in ≥2
M045,John Jay Park,Community Park,M,3.312,M045,-1,-1,-1,-1,-1,-1,-1,-1,-1,-1,-1,-1,6,122,21,-1,0.333,0.333,0.667,1.0,0.0,0.0,unstable,unstable,robust isolated,unstable,0,1,definition-specific
M046,Vietnam Veterans Plaza,Triangle/Plaza,M,0.728,M046,-1,-1,-1,-1,-1,-1,181,232,359,234,-1,-1,7,125,8,39,0.25,0.0,0.0,1.0,0.0,0.0,unstable,grouped,robust isolated,grouped,1,1,definition-specific
M047,Thomas Jefferson Park,Community Park,M,15.524,M047,442,251,450,252,438,238,151,192,78,83,271,-1,6,95,20,85,0.0,0.0,0.0,0.438,0.0,0.0,grouped,grouped,beyond walk limit,grouped,2,0,grouped in ≥2
M048,Joan Of Arc Park,Neighborhood Park,M,1.578,M048,460,273,483,286,476,281,-1,-1,374,241,-1,-1,6,111,29,107,0.125,0.333,0.0,1.0,0.0,0.0,grouped,grouped,robust isolated,unstable,2,1,grouped in ≥2
M051,Richard Tucker Park,Triangle/Plaza,M,0.051,M051,455,271,478,284,465,273,170,220,369,238,-1,-1,6,115,24,92,0.0,0.0,0.0,1.0,0.0,0.0,grouped,grouped,robust isolated,grouped,2,1,grouped in ≥2
M052,Madison Square Park,Neighborhood Park,M,6.234,M052,-1,-1,-1,-1,-1,-1,188,242,-1,-1,-1,-1,7,151,24,94,0.083,0.0,0.333,1.0,0.0,0.0,unstable,unstable,robust isolated,grouped,0,1,definition-specific
M054,Mitchel Square,Triangle/Plaza,M,0.774,M054,-1,-1,-1,-1,-1,-1,143,178,60,55,-1,-1,6,81,31,120,0.25,0.0,0.0,0.875,0.0,0.0,unstable,grouped,robust isolated,grouped,1,1,definition-specific
M055,Montefiore Square,Triangle/Plaza,M,0.34,M055,430,239,440,235,442,248,143,182,65,59,-1,-1,6,89,31,114,0.0,0.0,0.0,0.75,0.0,0.0,grouped,grouped,unstable,grouped,2,0,grouped in ≥2
M056,Morningside Park,Community Park,M,29.888,M056,442,260,451,260,439,245,160,206,75,74,-1,-1,6,104,31,117,0.0,0.0,0.0,1.0,0.0,0.0,grouped,grouped,robust isolated,grouped,2,1,grouped in ≥2
M058,Marcus Garvey Park,Community Park,M,20.165,M058,442,261,451,256,439,244,148,188,71,68,-1,-1,6,105,20,78,0.0,0.0,0.0,1.0,0.0,0.0,grouped,grouped,robust isolated,grouped,2,1,grouped in ≥2
M059,Murphy Brothers Playground,Playground,M,1.275,M059,-1,-1,-1,-1,-1,-1,-1,-1,-1,-1,304,16,7,134,152,-1,0.25,0.667,0.333,0.0,0.0,0.5,unstable,unstable,grouped,unstable,1,0,definition-specific
M060A,Park Avenue Malls,Mall,M,0.23,M060A,428,233,430,229,467,275,190,244,384,246,-1,-1,7,155,18,69,0.0,0.0,0.0,0.875,0.0,0.0,grouped,grouped,robust isolated,grouped,2,1,grouped in ≥2
M060B,Park Avenue Malls,Mall,M,0.65,M060B,410,219,460,270,456,268,-1,-1,-1,-1,-1,-1,7,150,24,90,0.0,0.333,0.333,0.75,0.0,0.0,grouped,unstable,unstable,unstable,1,0,definition-specific
M060C#1,Park Avenue Malls (1/8),Mall,M,4.623,M060C,-1,-1,-1,-1,-1,-1,-1,-1,-1,-1,-1,-1,6,121,19,72,0.5,1.0,0.667,1.0,0.0,0.25,unstable,unstable,robust isolated,robust isolated,0,1,definition-specific
M060C#2,Park Avenue Malls (2/8),Mall,M,4.623,M060C,428,233,430,229,467,275,190,244,384,246,-1,-1,7,155,18,69,0.0,0.0,0.0,1.0,0.0,0.0,grouped,grouped,robust isolated,grouped,2,1,grouped in ≥2
M060C#3,Park Avenue Malls (3/8),Mall,M,4.623,M060C,438,244,432,231,469,277,-1,-1,-1,-1,-1,-1,6,119,19,73,0.0,0.333,0.333,0.938,0.0,0.0,grouped,unstable,robust isolated,unstable,1,1,definition-specific
M060C#4,Park Avenue Malls (4/8),Mall,M,4.623,M060C,-1,-1,-1,-1,-1,-1,-1,-1,-1,-1,-1,-1,6,123,18,68,0.25,0.667,0.333,1.0,0.0,0.25,unstable,unstable,robust isolated,unstable,0,1,definition-specific
M060C#5,Park Avenue Malls (5/8),Mall,M,4.623,M060C,-1,-1,-1,-1,-1,-1,-1,-1,-1,-1,-1,-1,6,121,19,72,0.25,0.667,0.667,0.875,0.0,0.0,unstable,unstable,robust isolated,unstable,0,1,definition-specific
M060C#6,Park Avenue Malls (6/8),Mall,M,4.623,M060C,-1,-1,-1,-1,-1,-1,-1,-1,-1,-1,-1,-1,6,121,21,-1,0.333,1.0,0.667,1.0,0.0,0.0,unstable,unstable,robust isolated,robust isolated,0,1,definition-specific
M060C#7,Park Avenue Malls (7/8),Mall,M,4.623,M060C,428,232,430,228,467,274,-1,-1,384,246,-1,-1,6,123,18,68,0.0,0.333,0.0,1.0,0.0,0.0,grouped,grouped,robust isolated,unstable,2,1,grouped in ≥2
M060C#8,Park Avenue Malls (8/8),Mall,M,4.623,M060C,439,245,433,232,470,278,178,229,66,62,-1,-1,6,119,20,75,0.0,0.0,0.0,0.875,0.0,0.0,grouped,grouped,robust isolated,grouped,2,1,grouped in ≥2
M061,Plaza Lafayette,Triangle/Plaza,M,0.092,M061,-1,-1,-1,-1,-1,-1,189,243,390,249,-1,-1,-1,-1,153,437,0.375,0.0,0.0,1.0,1.0,0.0,unstable,grouped,robust isolated,grouped,1,1,definition-specific
M062,Grand Army Plaza,Triangle/Plaza,M,0.625,M062,428,233,430,229,467,275,-1,-1,384,246,-1,-1,7,155,18,69,0.0,0.333,0.0,0.812,0.0,0.0,grouped,grouped,robust isolated,unstable,2,1,grouped in ≥2
M064,Lillian D Wald Playground,Recreational Field/Courts,M,0.68,M064,416,226,424,226,417,222,152,194,354,223,-1,-1,7,142,8,36,0.0,0.0,0.0,1.0,0.5,0.0,grouped,grouped,robust isolated,grouped,2,1,grouped in ≥2
M065,Luther Gulick Park,Neighborhood Park,M,1.451,M065,423,231,493,294,486,289,152,196,354,222,-1,-1,7,143,9,46,0.0,0.0,0.0,1.0,0.0,0.0,grouped,grouped,robust isolated,grouped,2,1,grouped in ≥2
M066,Dr. Gertrude B. Kelly Playground,Neighborhood Park,M,0.525,M066,406,216,459,267,455,265,-1,-1,-1,-1,-1,-1,7,135,24,87,0.0,0.333,0.333,0.812,0.0,0.0,grouped,unstable,robust isolated,unstable,1,1,definition-specific
M067,Sophie Irene Loeb,Playground,M,0.122,M067,416,225,424,225,417,221,182,233,354,224,-1,-1,7,131,8,44,0.0,0.0,0.0,1.0,0.0,0.0,grouped,grouped,robust isolated,grouped,2,1,grouped in ≥2
M069,Vesuvio Playground,Neighborhood Park,M,0.635,M069,397,208,465,275,452,263,145,185,334,214,-1,-1,7,138,11,52,0.0,0.0,0.0,1.0,0.0,0.0,grouped,grouped,robust isolated,grouped,2,1,grouped in ≥2
M070,Queensboro Oval,Recreational Field/Courts,M,1.239,M070,428,234,430,230,467,276,126,153,384,245,-1,-1,6,124,18,70,0.0,0.0,0.0,1.0,0.0,0.0,grouped,grouped,robust isolated,grouped,2,1,grouped in ≥2
M072#1,Riverside Park (1/4),Neighborhood Park,M,13.35,M072,430,239,440,235,442,248,143,182,65,59,-1,-1,6,89,31,114,0.0,0.0,0.0,1.0,0.0,0.0,grouped,grouped,robust isolated,grouped,2,1,grouped in ≥2
M072#2,Riverside Park (2/4),Neighborhood Park,M,13.35,M072,430,238,441,236,431,236,143,181,60,53,-1,-1,6,86,31,110,0.0,0.0,0.0,1.0,0.0,0.0,grouped,grouped,robust isolated,grouped,2,1,grouped in ≥2
M072#3,Riverside Park (3/4),Neighborhood Park,M,13.35,M072,430,238,441,236,431,236,143,181,64,58,-1,-1,6,86,31,110,0.0,0.0,0.0,1.0,0.0,0.0,grouped,grouped,robust isolated,grouped,2,1,grouped in ≥2
M072#4,Riverside Park (4/4),Neighborhood Park,M,13.35,M072,430,239,440,235,442,248,143,182,65,59,-1,-1,6,89,31,114,0.0,0.0,0.0,1.0,0.0,0.0,grouped,grouped,robust isolated,grouped,2,1,grouped in ≥2
M073,Roger Morris Park,Historic House Park,M,1.524,M073,431,243,442,241,429,231,157,203,60,56,-1,-1,6,82,31,111,0.0,0.0,0.0,1.0,0.0,0.0,grouped,grouped,robust isolated,grouped,2,1,grouped in ≥2
M076,St. Vartan Park,Neighborhood Park,M,2.759,M076,410,218,460,269,456,267,-1,-1,-1,-1,-1,-1,7,132,24,96,0.0,0.333,0.222,0.938,0.0,0.0,grouped,unstable,robust isolated,unstable,1,1,definition-specific
M077,St. Nicholas Park,Neighborhood Park,M,22.74,M077,430,236,440,234,442,251,143,180,65,60,-1,-1,6,88,31,119,0.0,0.0,0.0,0.625,0.0,0.0,grouped,grouped,unstable,grouped,2,0,grouped in ≥2
M079,St. Catherine's Park,Neighborhood Park,M,1.383,M079,428,232,430,228,467,274,-1,-1,-1,-1,-1,-1,6,123,18,68,0.0,0.667,0.333,1.0,0.0,0.0,grouped,unstable,robust isolated,unstable,1,1,definition-specific
M080,Schiff Mall,Mall,M,0.376,M080,416,224,424,224,416,220,156,202,354,227,-1,-1,7,141,8,45,0.0,0.0,0.0,0.875,0.0,0.0,grouped,grouped,robust isolated,grouped,2,1,grouped in ≥2
M081,Carl Schurz Park,Neighborhood Park,M,14.938,M081,-1,-1,-1,-1,-1,-1,167,216,-1,-1,-1,-1,6,122,19,71,0.25,0.0,0.667,1.0,0.0,0.0,unstable,unstable,robust isolated,grouped,0,1,definition-specific
M082,Seward Park,Neighborhood Park,M,3.361,M082,416,225,424,225,417,221,152,193,354,224,-1,-1,7,141,8,45,0.0,0.0,0.0,1.0,0.0,0.0,grouped,grouped,robust isolated,grouped,2,1,grouped in ≥2
M083,Sherman Square,Triangle/Plaza,M,0.066,M083,453,269,476,282,463,271,170,221,369,239,-1,-1,6,116,24,93,0.0,0.0,0.0,0.875,0.0,0.0,grouped,grouped,robust isolated,grouped,2,1,grouped in ≥2
M085,Straus Park,Triangle/Plaza,M,0.072,M085,447,266,453,264,423,225,153,199,76,78,-1,-1,6,109,29,106,0.0,0.0,0.0,0.938,0.0,0.0,grouped,grouped,robust isolated,grouped,2,1,grouped in ≥2
M086,Stuyvesant Square,Neighborhood Park,M,3.928,M086,410,217,460,268,456,266,179,230,343,219,-1,-1,7,133,24,95,0.0,0.0,0.0,0.688,0.0,0.0,grouped,grouped,unstable,grouped,2,0,grouped in ≥2
M087,Sakura Park,Neighborhood Park,M,2.067,M087,442,258,451,258,442,250,153,197,76,77,-1,-1,6,103,31,118,0.0,0.0,0.0,1.0,0.0,0.0,grouped,grouped,robust isolated,grouped,2,1,grouped in ≥2
M088,Tompkins Square Park,Neighborhood Park,M,10.502,M088,400,213,471,278,451,258,144,184,340,218,-1,-1,7,148,152,434,0.0,0.0,0.0,1.0,0.0,0.0,grouped,grouped,robust isolated,grouped,2,1,grouped in ≥2
M089,Union Square Park,Community Park,M,6.51,M089,410,217,460,268,456,266,-1,-1,-1,-1,-1,-1,7,151,24,94,0.0,0.667,0.333,0.75,0.0,0.0,grouped,unstable,unstable,unstable,1,0,definition-specific
M090,Lafayette Square,Triangle/Plaza,M,0.018,M090,442,260,451,260,439,245,160,206,75,74,-1,-1,6,104,20,77,0.0,0.0,0.0,1.0,0.0,0.5,grouped,grouped,robust isolated,grouped,2,1,grouped in ≥2
M091,Bennett Rest,Nature Area,M,3.567,M091,-1,-1,-1,-1,-1,-1,187,241,-1,-1,-1,-1,-1,-1,153,438,0.75,0.0,1.0,1.0,1.0,0.0,unstable,robust isolated,robust isolated,grouped,0,2,isolated in ≥2
M092A,Haven Avenue,Parkway,M,1.38,M092A,-1,-1,-1,-1,-1,-1,189,243,390,249,-1,-1,-1,-1,153,437,0.375,0.0,0.0,1.0,1.0,0.0,unstable,grouped,robust isolated,grouped,1,1,definition-specific
M092B,Park,Strip,M,1.494,M092B,-1,-1,-1,-1,-1,-1,189,243,390,249,-1,-1,-1,-1,153,437,0.5,0.0,0.0,1.0,1.0,0.0,unstable,grouped,robust isolated,grouped,1,1,definition-specific
M093,Father Duffy Square,Triangle/Plaza,M,0.076,M093,465,278,488,291,481,286,-1,-1,383,244,-1,-1,7,152,24,89,0.0,0.333,0.0,1.0,0.0,0.0,grouped,grouped,robust isolated,unstable,2,1,grouped in ≥2
M094#1,Broadway Malls (1/11),Mall,M,5.754,M094,459,272,482,285,475,280,-1,-1,-1,-1,-1,-1,6,113,30,109,0.0,0.667,0.333,1.0,0.0,0.0,grouped,unstable,robust isolated,unstable,1,1,definition-specific
M094#10,Broadway Malls (10/11),Mall,M,5.754,M094,453,269,476,282,463,271,170,221,369,239,-1,-1,6,116,24,93,0.0,0.0,0.0,0.875,0.0,0.0,grouped,grouped,robust isolated,grouped,2,1,grouped in ≥2
M094#11,Broadway Malls (11/11),Mall,M,5.754,M094,460,273,483,286,476,281,-1,-1,374,241,-1,-1,6,111,29,107,0.0,0.333,0.0,1.0,0.0,0.0,grouped,grouped,robust isolated,unstable,2,1,grouped in ≥2
M094#2,Broadway Malls (2/11),Mall,M,5.754,M094,454,270,477,283,464,272,170,220,369,238,-1,-1,6,115,24,92,0.0,0.0,0.0,1.0,0.0,0.0,grouped,grouped,robust isolated,grouped,2,1,grouped in ≥2
M094#3,Broadway Malls (3/11),Mall,M,5.754,M094,447,266,453,264,423,225,153,198,76,80,-1,-1,6,112,29,105,0.0,0.0,0.0,1.0,0.0,0.0,grouped,grouped,robust isolated,grouped,2,1,grouped in ≥2
M094#4,Broadway Malls (4/11),Mall,M,5.754,M094,453,268,476,281,463,270,170,221,369,237,-1,-1,6,114,24,91,0.0,0.0,0.0,1.0,0.0,0.0,grouped,grouped,robust isolated,grouped,2,1,grouped in ≥2
M094#5,Broadway Malls (5/11),Mall,M,5.754,M094,455,271,478,284,465,273,170,220,369,238,-1,-1,6,115,24,92,0.0,0.0,0.0,1.0,0.0,0.0,grouped,grouped,robust isolated,grouped,2,1,grouped in ≥2
M094#6,Broadway Malls (6/11),Mall,M,5.754,M094,-1,-1,-1,-1,-1,-1,153,198,76,80,-1,-1,6,112,29,105,0.25,0.0,0.0,1.0,0.0,0.0,unstable,grouped,robust isolated,grouped,1,1,definition-specific
M094#7,Broadway Malls (7/11),Mall,M,5.754,M094,444,264,449,248,422,223,153,199,75,73,-1,-1,6,109,33,121,0.0,0.0,0.0,0.812,0.0,0.0,grouped,grouped,robust isolated,grouped,2,1,grouped in ≥2
M094#8,Broadway Malls (8/11),Mall,M,5.754,M094,460,273,483,286,476,281,-1,-1,373,240,-1,-1,6,111,29,107,0.0,0.333,0.0,1.0,0.0,0.0,grouped,grouped,robust isolated,unstable,2,1,grouped in ≥2
M094#9,Broadway Malls (9/11),Mall,M,5.754,M094,-1,-1,-1,-1,-1,-1,-1,-1,-1,-1,-1,-1,6,113,30,109,0.5,0.333,0.333,0.938,0.0,0.5,unstable,unstable,robust isolated,unstable,0,1,definition-specific
M094A,Broadway Malls,Mall,M,1.3,M094A,442,258,451,258,442,250,153,197,76,77,437,-1,6,103,31,118,0.0,0.0,0.0,0.438,0.0,0.0,grouped,grouped,beyond walk limit,grouped,2,0,grouped in ≥2
M095#1,Broadway Malls (1/5),Mall,M,2.198,M095,430,239,440,235,442,248,143,182,65,59,437,-1,6,89,31,114,0.0,0.0,0.0,0.5,0.0,0.0,grouped,grouped,beyond walk limit,grouped,2,0,grouped in ≥2
M095#2,Broadway Malls (2/5),Mall,M,2.198,M095,430,238,441,236,431,236,143,181,60,53,438,28,6,86,31,110,0.0,0.0,0.0,0.375,0.0,0.0,grouped,grouped,grouped,grouped,3,0,grouped in all
M095#3,Broadway Malls (3/5),Mall,M,2.198,M095,430,239,440,235,442,248,143,182,65,59,-1,-1,6,89,31,114,0.0,0.0,0.0,0.5,0.0,0.0,grouped,grouped,unstable,grouped,2,0,grouped in ≥2
M095#4,Broadway Malls (4/5),Mall,M,2.198,M095,430,237,441,237,431,237,143,181,60,53,-1,-1,6,86,31,110,0.0,0.0,0.0,0.875,0.0,0.0,grouped,grouped,robust isolated,grouped,2,1,grouped in ≥2
M095#5,Broadway Malls (5/5),Mall,M,2.198,M095,430,239,441,236,431,236,143,182,64,58,438,28,6,89,31,114,0.0,0.0,0.0,0.312,0.0,0.0,grouped,grouped,grouped,grouped,3,0,grouped in all
M095A,Broadway Malls,Mall,M,1.139,M095A,430,237,441,237,431,237,143,178,60,55,438,28,6,81,31,120,0.0,0.0,0.0,0.312,0.0,0.0,grouped,grouped,grouped,grouped,3,0,grouped in all
M096#1,Adam Clayton Powell Jr. Malls (1/9),Mall,M,1.679,M096,442,260,451,260,439,245,140,174,75,74,-1,-1,6,104,20,77,0.0,0.0,0.0,0.75,0.0,0.0,grouped,grouped,unstable,grouped,2,0,grouped in ≥2
M096#2,Adam Clayton Powell Jr. Malls (2/9),Mall,M,1.679,M096,442,255,447,244,426,226,161,208,73,70,289,-1,6,100,5,31,0.0,0.0,0.0,0.25,0.0,0.0,grouped,grouped,beyond walk limit,grouped,2,0,grouped in ≥2
M096#3,Adam Clayton Powell Jr. Malls (3/9),Mall,M,1.679,M096,442,263,451,262,439,247,140,175,71,68,-1,-1,6,107,20,80,0.0,0.0,0.0,0.75,0.0,0.0,grouped,grouped,unstable,grouped,2,0,grouped in ≥2
M096#4,Adam Clayton Powell Jr. Malls (4/9),Mall,M,1.679,M096,430,241,441,239,431,235,5,11,60,52,293,-1,6,85,155,440,0.0,0.0,0.0,0.5,0.0,0.0,grouped,grouped,beyond walk limit,grouped,2,0,grouped in ≥2
M096#5,Adam Clayton Powell Jr. Malls (5/9),Mall,M,1.679,M096,442,263,451,262,439,247,140,175,75,76,-1,-1,6,107,20,80,0.0,0.0,0.0,0.938,0.0,0.0,grouped,grouped,robust isolated,grouped,2,1,grouped in ≥2
M096#6,Adam Clayton Powell Jr. Malls (6/9),Mall,M,1.679,M096,442,257,447,245,427,228,140,172,71,67,-1,-1,6,99,27,99,0.0,0.0,0.0,0.812,0.0,0.0,grouped,grouped,robust isolated,grouped,2,1,grouped in ≥2
M096#7,Adam Clayton Powell Jr. Malls (7/9),Mall,M,1.679,M096,430,240,441,238,430,232,161,208,60,51,-1,-1,6,100,31,116,0.0,0.0,0.0,0.562,0.0,0.0,grouped,grouped,unstable,grouped,2,0,grouped in ≥2
M096#8,Adam Clayton Powell Jr. Malls (8/9),Mall,M,1.679,M096,430,240,441,238,431,234,5,11,60,51,-1,-1,6,84,31,116,0.0,0.0,0.0,0.75,0.0,0.0,grouped,grouped,unstable,grouped,2,0,grouped in ≥2
M096#9,Adam Clayton Powell Jr. Malls (9/9),Mall,M,1.679,M096,442,255,447,244,427,230,140,173,71,66,-1,-1,6,98,27,101,0.0,0.0,0.0,0.688,0.0,0.0,grouped,grouped,unstable,grouped,2,0,grouped in ≥2
M097,Verdi Square,Triangle/Plaza,M,0.095,M097,453,268,476,281,463,270,170,221,369,237,-1,-1,6,114,24,91,0.0,0.0,0.0,0.625,0.0,0.0,grouped,grouped,unstable,grouped,2,0,grouped in ≥2
M098,Washington Square Park,Neighborhood Park,M,9.749,M098,397,210,465,273,452,261,145,185,333,210,-1,-1,7,137,11,52,0.0,0.0,0.0,0.688,0.0,0.0,grouped,grouped,unstable,grouped,2,0,grouped in ≥2
M099,J. Hood Wright Park,Neighborhood Park,M,6.699,M099,462,277,485,290,478,285,189,243,-1,-1,-1,-1,6,117,153,437,0.0,0.0,0.333,1.0,0.0,0.0,grouped,unstable,robust isolated,grouped,1,1,definition-specific
M101,Worth Square,Triangle/Plaza,M,0.269,M101,-1,-1,-1,-1,-1,-1,188,242,-1,-1,-1,-1,7,151,24,94,0.25,0.0,0.333,0.5,0.0,0.0,unstable,unstable,unstable,grouped,0,0,definition-specific
M105,Sara D. Roosevelt Park,Neighborhood Park,M,7.85,M105,416,224,424,224,416,220,156,202,354,227,-1,-1,7,139,8,37,0.0,0.0,0.0,0.938,0.0,0.0,grouped,grouped,robust isolated,grouped,2,1,grouped in ≥2
M108A,Louis Cuvillier Park,Neighborhood Park,M,2.752,M108A,-1,-1,-1,-1,-1,-1,164,213,79,85,-1,-1,6,94,22,86,0.25,0.0,0.0,0.562,0.0,0.0,unstable,grouped,unstable,grouped,1,0,definition-specific
M108B,Park,Parkway,M,2.13,M108B,-1,-1,-1,-1,-1,-1,164,211,79,85,-1,-1,-1,-1,22,86,0.375,0.0,0.0,1.0,1.0,0.0,unstable,grouped,robust isolated,grouped,1,1,definition-specific
M108F,Triboro Plaza,Triangle/Plaza,M,2.3,M108F,442,250,-1,-1,-1,-1,164,213,74,71,-1,-1,6,94,27,-1,0.167,0.0,0.0,0.75,0.0,0.25,unstable,grouped,unstable,grouped,1,0,definition-specific
M108G,Playground 103 CIII,Neighborhood Park,M,1.052,M108G,-1,-1,-1,-1,-1,-1,176,227,-1,-1,-1,-1,-1,-1,-1,-1,0.875,0.0,0.667,1.0,1.0,1.0,robust isolated,unstable,robust isolated,grouped,0,2,isolated in ≥2
M108H,Park,Triangle/Plaza,M,0.034,M108H,-1,-1,-1,-1,-1,-1,167,217,66,63,-1,-1,6,120,20,74,0.25,0.0,0.0,1.0,0.0,0.0,unstable,grouped,robust isolated,grouped,1,1,definition-specific
M108J,Park,Strip,M,0.188,M108J,-1,-1,-1,-1,-1,-1,164,211,79,85,-1,-1,6,95,22,86,0.417,0.0,0.0,0.5,0.0,0.0,unstable,grouped,unstable,grouped,1,0,definition-specific
M108N,Peter Detmold Park,Neighborhood Park,M,0.588,M108N,-1,-1,-1,-1,-1,-1,126,154,388,247,-1,-1,-1,-1,16,65,0.625,0.0,0.333,1.0,1.0,0.0,unstable,grouped,robust isolated,grouped,1,1,definition-specific
M108P,Sutton Parks,Triangle/Plaza,M,0.85,M108P,428,234,430,230,467,276,126,155,-1,-1,-1,-1,7,156,18,70,0.083,0.0,0.333,1.0,0.0,0.0,grouped,unstable,robust isolated,grouped,1,1,definition-specific
M108Q,Twenty-Four Sycamores Park,Playground,M,0.622,M108Q,428,234,430,230,467,276,126,153,384,245,-1,-1,6,124,18,70,0.083,0.0,0.0,0.75,0.0,0.0,grouped,grouped,unstable,grouped,2,0,grouped in ≥2
M108Q1,Andrew Haswell Green Park,Neighborhood Park,M,1.984,M108Q1,-1,-1,-1,-1,-1,-1,126,155,389,248,265,11,6,-1,16,66,0.375,0.0,0.0,0.375,0.0,0.0,unstable,grouped,grouped,grouped,2,0,grouped in ≥2
M108R,Sutton Place Park,Neighborhood Park,M,0.268,M108R,-1,-1,-1,-1,-1,-1,126,155,389,248,-1,-1,7,156,16,66,0.375,0.0,0.0,1.0,0.5,0.0,unstable,grouped,robust isolated,grouped,1,1,definition-specific
M108T#1,East River Walk (1/6),Waterfront Facility,M,4.602,M108T,-1,-1,-1,-1,-1,-1,126,155,-1,-1,-1,-1,-1,-1,-1,-1,1.0,0.0,1.0,1.0,1.0,1.0,robust isolated,robust isolated,robust isolated,grouped,0,3,isolated in all
M108T#3,East River Walk (3/6),Waterfront Facility,M,4.602,M108T,-1,-1,-1,-1,-1,-1,-1,-1,-1,-1,-1,-1,-1,-1,-1,-1,1.0,0.667,1.0,1.0,1.0,1.0,robust isolated,robust isolated,robust isolated,unstable,0,3,isolated in all
M108T#4,East River Walk (4/6),Waterfront Facility,M,4.602,M108T,-1,-1,-1,-1,-1,-1,-1,-1,-1,-1,-1,-1,-1,-1,-1,-1,0.833,0.333,1.0,1.0,1.0,1.0,robust isolated,robust isolated,robust isolated,unstable,0,3,isolated in all
M108T#5,East River Walk (5/6),Waterfront Facility,M,4.602,M108T,-1,-1,-1,-1,-1,-1,126,155,389,248,265,11,-1,-1,16,66,0.375,0.0,0.0,0.5,1.0,0.0,unstable,grouped,grouped,grouped,2,0,grouped in ≥2
M108T#6,East River Walk (6/6),Waterfront Facility,M,4.602,M108T,-1,-1,-1,-1,-1,-1,-1,-1,-1,-1,-1,-1,-1,-1,-1,-1,1.0,0.333,1.0,1.0,1.0,1.0,robust isolated,robust isolated,robust isolated,unstable,0,3,isolated in all
M108T01#1,East River Esplanade (1/8),Waterfront Facility,M,8.595,M108T01,-1,-1,-1,-1,-1,-1,151,192,-1,-1,-1,-1,-1,-1,-1,-1,1.0,0.0,1.0,1.0,1.0,1.0,robust isolated,robust isolated,robust isolated,grouped,0,3,isolated in all
M108T01#2,East River Esplanade (2/8),Waterfront Facility,M,8.595,M108T01,439,246,433,233,470,279,167,217,66,63,-1,-1,6,120,20,74,0.125,0.0,0.0,1.0,0.0,0.0,grouped,grouped,robust isolated,grouped,2,1,grouped in ≥2
M108T01#4,East River Esplanade (4/8),Waterfront Facility,M,8.595,M108T01,-1,-1,-1,-1,-1,-1,-1,-1,-1,-1,-1,-1,-1,-1,-1,-1,0.0,0.0,0.0,0.0,0.0,1.0,unstable,unstable,unstable,unstable,0,0,definition-specific
M108T01#5,East River Esplanade (5/8),Waterfront Facility,M,8.595,M108T01,-1,-1,-1,-1,-1,-1,167,216,-1,-1,-1,-1,-1,-1,-1,-1,0.0,0.0,0.0,0.0,0.0,1.0,unstable,unstable,unstable,grouped,0,0,definition-specific
M108T01#8,East River Esplanade (8/8),Waterfront Facility,M,8.595,M108T01,-1,-1,-1,-1,-1,-1,164,211,-1,-1,-1,-1,-1,-1,-1,-1,1.0,0.0,1.0,1.0,1.0,1.0,robust isolated,robust isolated,robust isolated,grouped,0,3,isolated in all
M110,William McCray Playground,Playground,M,0.456,M110,442,254,447,243,426,226,-1,-1,73,70,-1,-1,6,100,5,31,0.0,0.333,0.0,1.0,0.0,0.0,grouped,grouped,robust isolated,unstable,2,1,grouped in ≥2
M111,James Weldon Johnson Playground,Jointly Operated Playground,M,1.048,M111,442,253,450,253,438,239,-1,-1,78,84,-1,-1,6,97,20,82,0.0,0.333,0.0,0.562,0.0,0.0,grouped,grouped,unstable,unstable,2,0,grouped in ≥2
M113,Joseph C. Sauer Park,Neighborhood Park,M,0.403,M113,400,214,471,279,451,257,144,183,340,217,-1,-1,7,145,9,48,0.167,0.0,0.0,0.688,0.0,0.0,grouped,grouped,unstable,grouped,2,0,grouped in ≥2
M113A,Children's Garden,Garden,M,0.037,M113A,400,214,471,279,451,257,144,183,340,217,-1,-1,7,145,9,48,0.0,0.0,0.0,0.625,0.0,0.0,grouped,grouped,unstable,grouped,2,0,grouped in ≥2
M116,ABC Playground,Playground,M,0.451,M116,416,223,424,223,416,219,139,171,354,226,-1,-1,7,147,8,38,0.0,0.0,0.0,0.938,0.0,0.0,grouped,grouped,robust isolated,grouped,2,1,grouped in ≥2
M120A,William F. Passannante Ballfield,Recreational Field/Courts,M,0.607,M120A,397,209,465,274,452,262,145,185,333,211,-1,-1,7,138,11,52,0.0,0.0,0.0,1.0,0.0,0.0,grouped,grouped,robust isolated,grouped,2,1,grouped in ≥2
M120B,Playground of the Americas,Playground,M,0.079,M120B,397,209,465,274,452,262,145,185,334,214,-1,-1,7,138,11,52,0.0,0.0,0.0,0.75,0.0,0.0,grouped,grouped,unstable,grouped,2,0,grouped in ≥2
M122,Captain Jacob Joseph Playground,Playground,M,0.135,M122,416,225,424,225,417,221,152,193,354,224,-1,-1,7,141,8,45,0.0,0.0,0.0,0.938,0.0,0.0,grouped,grouped,robust isolated,grouped,2,1,grouped in ≥2
M123,Peretz Square,Triangle/Plaza,M,0.192,M123,416,224,424,224,416,220,156,202,354,227,-1,-1,7,139,8,37,0.0,0.0,0.0,0.875,0.0,0.0,grouped,grouped,robust isolated,grouped,2,1,grouped in ≥2
M124,First Park,Neighborhood Park,M,0.763,M124,416,224,424,224,416,220,156,202,354,227,-1,-1,7,139,8,37,0.125,0.0,0.0,0.875,0.0,0.5,grouped,grouped,robust isolated,grouped,2,1,grouped in ≥2
M125A,Minetta Green,Triangle/Plaza,M,0.056,M125A,397,209,465,274,452,262,145,185,333,211,-1,-1,7,138,11,51,0.0,0.0,0.0,0.75,0.0,0.0,grouped,grouped,unstable,grouped,2,0,grouped in ≥2
M125B,Minetta Playground,Playground,M,0.206,M125B,397,209,465,274,452,262,145,185,333,211,-1,-1,7,138,11,51,0.0,0.0,0.0,0.625,0.0,0.0,grouped,grouped,unstable,grouped,2,0,grouped in ≥2
M125C,West 4th Street Courts,Playground,M,0.42,M125C,397,209,465,274,452,262,145,185,333,211,-1,-1,7,138,11,51,0.0,0.0,0.0,0.625,0.0,0.0,grouped,grouped,unstable,grouped,2,0,grouped in ≥2
M125D,Minetta Triangle,Triangle/Plaza,M,0.075,M125D,397,209,465,274,452,262,145,185,333,211,-1,-1,7,138,11,51,0.0,0.0,0.0,0.875,0.0,0.0,grouped,grouped,robust isolated,grouped,2,1,grouped in ≥2
M125E,Charlton Plaza,Triangle/Plaza,M,0.039,M125E,397,209,465,274,452,262,145,185,334,214,-1,-1,7,138,11,52,0.0,0.0,0.0,1.0,0.0,0.0,grouped,grouped,robust isolated,grouped,2,1,grouped in ≥2
M127,Bushman Steps,Triangle/Plaza,M,0.08,M127,430,242,441,240,431,233,136,167,60,54,-1,-1,6,83,31,112,0.0,0.0,0.0,1.0,0.0,0.0,grouped,grouped,robust isolated,grouped,2,1,grouped in ≥2
M132,Little Flower Playground,Playground,M,1.294,M132,418,-1,421,-1,411,-1,152,194,354,224,412,-1,7,142,8,36,0.0,0.0,0.0,0.5,0.0,0.0,beyond walk limit,grouped,beyond walk limit,grouped,1,0,definition-specific
M138,Bill Bojangles Robinson Playground,Playground,M,0.172,M138,430,241,441,239,431,235,5,11,60,52,-1,-1,6,85,155,440,0.0,0.0,0.0,1.0,0.0,0.0,grouped,grouped,robust isolated,grouped,2,1,grouped in ≥2
M140,Recreational Area,Community Park,M,23.093,M140,-1,-1,-1,-1,-1,-1,143,181,-1,-1,-1,-1,-1,-1,-1,-1,0.5,0.0,0.778,1.0,1.0,0.75,unstable,unstable,robust isolated,grouped,0,1,definition-specific
M141,Percy E. Sutton Playground,Neighborhood Park,M,1.635,M141,430,241,441,239,431,235,5,11,60,52,289,-1,6,85,155,440,0.0,0.0,0.0,0.188,0.0,0.5,grouped,grouped,beyond walk limit,grouped,2,0,grouped in ≥2
M144,John V. Lindsay East River Park,Community Park,M,45.88,M144,-1,-1,-1,-1,-1,-1,152,195,-1,-1,-1,-1,-1,-1,-1,-1,0.875,0.0,1.0,1.0,1.0,1.0,robust isolated,robust isolated,robust isolated,grouped,0,3,isolated in all
M145,Albert Capsouto Park,Triangle/Plaza,M,0.366,M145,-1,-1,-1,-1,-1,-1,173,224,334,213,-1,-1,7,128,11,50,0.25,0.0,0.0,1.0,0.5,0.0,unstable,grouped,robust isolated,grouped,1,1,definition-specific
M148,White Playground,Playground,M,0.684,M148,467,280,490,293,483,288,-1,-1,-1,-1,-1,-1,6,90,154,439,0.0,0.333,0.333,0.75,0.0,0.0,grouped,unstable,unstable,unstable,1,0,definition-specific
M154,Mathews-Palmer Playground,Playground,M,0.475,M154,-1,-1,-1,-1,-1,-1,-1,-1,-1,-1,-1,-1,7,152,-1,-1,0.75,0.333,1.0,1.0,0.0,0.75,unstable,robust isolated,robust isolated,unstable,0,2,isolated in ≥2
M155,Courtney Callender Playground,Playground,M,0.653,M155,442,256,447,247,427,230,150,191,71,65,-1,-1,6,98,28,103,0.0,0.0,0.0,1.0,0.0,0.0,grouped,grouped,robust isolated,grouped,2,1,grouped in ≥2
M156,McKenna Square,Triangle/Plaza,M,0.222,M156,430,-1,441,-1,431,-1,143,178,60,55,-1,-1,6,81,31,120,0.0,0.0,0.0,1.0,0.0,0.0,beyond walk limit,grouped,robust isolated,grouped,1,1,definition-specific
M158,Robert Moses Playground,Playground,M,1.093,M158,396,205,458,265,444,252,183,237,344,220,-1,-1,7,154,25,97,0.125,0.0,0.0,1.0,0.0,0.0,grouped,grouped,robust isolated,grouped,2,1,grouped in ≥2
M159,Frederick Johnson Playground,Recreational Field/Courts,M,2.445,M159,430,241,441,239,431,235,5,11,60,52,-1,-1,6,85,31,115,0.0,0.0,0.0,0.812,0.0,0.0,grouped,grouped,robust isolated,grouped,2,1,grouped in ≥2
M160,Fred Samuel Playground,Playground,M,0.688,M160,442,254,447,243,426,226,161,208,73,70,-1,-1,6,100,5,31,0.0,0.0,0.0,1.0,0.0,0.0,grouped,grouped,robust isolated,grouped,2,1,grouped in ≥2
M161,McCaffrey Playground,Playground,M,0.436,M161,-1,-1,-1,-1,-1,-1,-1,-1,-1,-1,-1,-1,7,152,-1,-1,0.75,0.333,1.0,1.0,0.0,1.0,unstable,robust isolated,robust isolated,unstable,0,2,isolated in ≥2
M164,Asser Levy Playground,Community Park,M,2.436,M164,-1,-1,-1,-1,-1,-1,-1,-1,-1,-1,-1,-1,7,134,24,-1,0.25,0.333,0.667,1.0,0.0,0.0,unstable,unstable,robust isolated,unstable,0,1,definition-specific
M165,Baruch Playground,Recreational Field/Courts,M,2.32,M165,-1,-1,-1,-1,-1,-1,184,238,-1,-1,-1,-1,-1,-1,-1,-1,0.75,0.0,1.0,1.0,1.0,1.0,unstable,robust isolated,robust isolated,grouped,0,2,isolated in ≥2
M166,Harlem Art Park,Neighborhood Park,M,0.347,M166,442,252,451,257,439,243,-1,-1,71,64,395,-1,6,96,20,83,0.0,0.333,0.0,0.125,0.0,0.0,grouped,grouped,beyond walk limit,unstable,2,0,grouped in ≥2
M167,Peck Slip,Triangle/Plaza,M,0.187,M167,422,230,426,227,407,213,149,190,355,228,-1,-1,7,126,8,40,0.0,0.0,0.0,1.0,0.0,0.0,grouped,grouped,robust isolated,grouped,2,1,grouped in ≥2
M169,Samuel Marx Triangle,Triangle/Plaza,M,0.03,M169,442,260,451,260,439,245,140,174,75,74,-1,-1,6,104,20,77,0.0,0.0,0.0,0.625,0.0,0.0,grouped,grouped,unstable,grouped,2,0,grouped in ≥2
M170,Petrosino Square,Triangle/Plaza,M,0.047,M170,416,222,424,222,416,218,135,165,354,225,-1,-1,7,129,8,42,0.0,0.0,0.0,0.625,0.0,0.0,grouped,grouped,unstable,grouped,2,0,grouped in ≥2
M171,Cherry Clinton Playground,Playground,M,0.483,M171,416,226,424,226,417,222,152,194,354,223,-1,-1,7,142,8,36,0.0,0.0,0.0,1.0,0.5,0.0,grouped,grouped,robust isolated,grouped,2,1,grouped in ≥2
M172,McCarthy Square,Triangle/Plaza,M,0.039,M172,397,206,465,271,452,259,141,176,333,212,-1,-1,7,136,10,49,0.0,0.0,0.0,1.0,0.0,0.0,grouped,grouped,robust isolated,grouped,2,1,grouped in ≥2
M177,Honey Locust Park,Triangle/Plaza,M,0.295,M177,428,234,430,230,467,276,172,223,384,245,-1,-1,6,124,18,70,0.0,0.0,0.0,0.562,0.0,0.0,grouped,grouped,unstable,grouped,2,0,grouped in ≥2
M178,Catherine Slip Malls,Mall,M,0.25,M178,419,229,422,220,412,216,182,233,356,231,-1,-1,7,131,8,44,0.0,0.0,0.0,0.75,0.0,0.0,grouped,grouped,unstable,grouped,2,0,grouped in ≥2
M180,Lt. Wm. Tighe Triangle,Triangle/Plaza,M,0.156,M180,-1,-1,-1,-1,-1,-1,187,-1,-1,-1,-1,-1,5,80,153,436,0.25,0.0,0.444,1.0,0.0,0.0,unstable,unstable,robust isolated,beyond walk limit,0,1,definition-specific
M182,Vladeck Park,Neighborhood Park,M,0.789,M182,416,226,424,226,417,222,152,196,354,222,-1,-1,7,143,8,36,0.0,0.0,0.0,1.0,0.0,0.0,grouped,grouped,robust isolated,grouped,2,1,grouped in ≥2
M183,Peter Minuit Playground,Jointly Operated Playground,M,0.943,M183,442,249,450,251,438,242,137,168,77,81,-1,-1,6,90,20,81,0.0,0.0,0.0,1.0,0.0,0.0,grouped,grouped,robust isolated,grouped,2,1,grouped in ≥2
M184,Samuel N. Bennerson 2nd Playground,Neighborhood Park,M,0.749,M184,-1,-1,-1,-1,-1,-1,170,220,-1,-1,-1,-1,7,-1,-1,-1,0.75,0.0,1.0,1.0,0.5,1.0,unstable,robust isolated,robust isolated,grouped,0,2,isolated in ≥2
M186,Brigadier General Charles Young Playground,Neighborhood Park,M,6.423,M186,430,240,441,238,430,232,186,240,60,51,-1,-1,6,101,31,116,0.0,0.0,0.0,0.75,0.0,0.0,grouped,grouped,unstable,grouped,2,0,grouped in ≥2
M187,Marx Brothers Playground,Jointly Operated Playground,M,1.478,M187,439,246,433,233,470,279,167,217,66,63,-1,-1,6,120,20,74,0.0,0.0,0.0,1.0,0.0,0.0,grouped,grouped,robust isolated,grouped,2,1,grouped in ≥2
M188,Abe Lebewohl Park,Triangle/Plaza,M,0.156,M188,410,217,460,268,456,266,185,239,343,219,-1,-1,7,140,24,95,0.0,0.0,0.0,1.0,0.0,0.0,grouped,grouped,robust isolated,grouped,2,1,grouped in ≥2
M188A,Abe Lebewohl Triangle,Triangle/Plaza,M,0.014,M188A,400,211,471,276,451,256,185,239,-1,-1,-1,-1,7,140,9,47,0.0,0.0,0.333,0.875,0.0,0.5,grouped,unstable,robust isolated,grouped,1,1,definition-specific
M189,Roosevelt Triangle,Triangle/Plaza,M,0.073,M189,442,262,451,261,439,246,160,207,75,75,-1,-1,6,106,20,79,0.0,0.0,0.0,0.625,0.0,0.0,grouped,grouped,unstable,grouped,2,0,grouped in ≥2
M190,Sheltering Arms Playground,Community Park,M,1.43,M190,430,236,440,234,442,251,-1,-1,65,61,-1,-1,6,102,31,119,0.0,0.333,0.0,1.0,0.0,0.0,grouped,grouped,robust isolated,unstable,2,1,grouped in ≥2
M191,Father Demo Square,Triangle/Plaza,M,0.247,M191,397,209,465,274,452,262,145,185,333,211,-1,-1,7,138,11,51,0.0,0.0,0.0,0.875,0.0,0.0,grouped,grouped,robust isolated,grouped,2,1,grouped in ≥2
M192,Stanley Isaacs Playground,Neighborhood Park,M,1.227,M192,439,246,433,233,470,279,167,217,66,63,-1,-1,6,120,20,74,0.0,0.0,0.0,0.75,0.0,0.0,grouped,grouped,unstable,grouped,2,0,grouped in ≥2
M193,Abraham Lincoln Playground,Community Park,M,0.991,M193,442,256,447,247,427,230,180,231,71,66,-1,-1,6,101,28,104,0.0,0.0,0.0,1.0,0.0,0.0,grouped,grouped,robust isolated,grouped,2,1,grouped in ≥2
M194,Alfred E. Smith Playground,Community Park,M,1.75,M194,419,229,422,220,412,216,182,233,356,231,-1,-1,7,131,8,44,0.0,0.0,0.0,1.0,0.5,0.0,grouped,grouped,robust isolated,grouped,2,1,grouped in ≥2
M195,Sidney Hillman Playground,Jointly Operated Playground,M,0.245,M195,423,231,493,294,486,289,152,196,354,222,-1,-1,7,143,9,46,0.0,0.0,0.0,0.875,0.0,0.0,grouped,grouped,robust isolated,grouped,2,1,grouped in ≥2
M196,Playground One,Jointly Operated Playground,M,0.44,M196,418,228,421,219,411,215,177,228,356,231,-1,-1,7,131,8,44,0.0,0.0,0.0,0.75,0.0,0.0,grouped,grouped,unstable,grouped,2,0,grouped in ≥2
M198,"Martin Luther King, Jr. Playground",Neighborhood Park,M,1.0,M198,-1,-1,-1,-1,-1,-1,-1,-1,-1,-1,-1,-1,6,104,-1,-1,0.583,0.333,1.0,0.75,0.0,0.75,unstable,robust isolated,unstable,unstable,0,1,definition-specific
M199,Monsignor Kett Playground,Neighborhood Park,M,1.0,M199,461,275,484,288,477,283,-1,-1,376,242,-1,-1,5,79,153,435,0.0,0.333,0.0,1.0,0.0,0.0,grouped,grouped,robust isolated,unstable,2,1,grouped in ≥2
M200,Booker T. Washington Playground,Jointly Operated Playground,M,1.441,M200,444,264,449,248,422,223,158,204,75,73,-1,-1,6,109,33,121,0.0,0.0,0.0,1.0,0.0,0.0,grouped,grouped,robust isolated,grouped,2,1,grouped in ≥2
M200A,Anibal Aviles Playground,Playground,M,0.517,M200A,444,264,449,248,422,223,158,204,75,73,-1,-1,6,109,33,121,0.0,0.0,0.0,1.0,0.0,0.0,grouped,grouped,robust isolated,grouped,2,1,grouped in ≥2
M201,Wald Playground,Jointly Operated Playground,M,0.525,M201,-1,-1,-1,-1,-1,-1,184,238,337,216,-1,-1,7,146,152,433,0.25,0.0,0.0,0.875,0.0,0.5,unstable,grouped,robust isolated,grouped,1,1,definition-specific
M203A,Trygve Lie Plaza,Triangle/Plaza,M,0.095,M203A,396,205,458,265,444,252,183,237,344,220,-1,-1,7,154,25,97,0.167,0.0,0.0,0.938,0.0,0.0,grouped,grouped,robust isolated,grouped,2,1,grouped in ≥2
M203B,Ralph Bunche Park,Triangle/Plaza,M,0.211,M203B,396,205,458,265,444,252,183,237,344,220,-1,-1,7,154,25,97,0.125,0.0,0.0,1.0,0.0,0.0,grouped,grouped,robust isolated,grouped,2,1,grouped in ≥2
M203C,Dag Hammarskjold Plaza,Triangle/Plaza,M,1.59,M203C,-1,-1,-1,-1,-1,-1,-1,-1,-1,-1,-1,-1,7,154,24,-1,0.083,0.333,0.667,0.438,0.0,0.0,unstable,unstable,unstable,unstable,0,0,definition-specific
M203D,Mary O'Connor Playground,Playground,M,0.229,M203D,396,205,458,265,444,252,183,237,344,220,-1,-1,7,154,25,97,0.167,0.0,0.0,1.0,0.0,0.0,grouped,grouped,robust isolated,grouped,2,1,grouped in ≥2
M203E,Tudor Grove Playground,Playground,M,0.192,M203E,396,205,458,265,444,252,183,237,344,220,-1,-1,7,154,25,97,0.167,0.0,0.0,1.0,0.0,0.0,grouped,grouped,robust isolated,grouped,2,1,grouped in ≥2
M204,Moore Playground,Jointly Operated Playground,M,0.766,M204,442,257,447,246,427,229,150,191,71,65,277,-1,6,99,28,103,0.0,0.0,0.0,0.375,0.0,0.0,grouped,grouped,beyond walk limit,grouped,2,0,grouped in ≥2
M205,Playground One Twenty Five CXXV,Jointly Operated Playground,M,1.691,M205,442,262,451,261,439,246,160,207,75,75,-1,-1,6,106,20,79,0.0,0.0,0.0,0.75,0.0,0.0,grouped,grouped,unstable,grouped,2,0,grouped in ≥2
M206,Tanahey Playground,Neighborhood Park,M,1.254,M206,-1,-1,-1,-1,-1,-1,182,233,354,224,-1,-1,7,131,8,44,0.25,0.0,0.0,1.0,0.5,0.5,unstable,grouped,robust isolated,grouped,1,1,definition-specific
M207,Father Fagan Park,Triangle/Plaza,M,0.15,M207,397,209,465,274,452,262,145,185,334,214,-1,-1,7,138,11,52,0.0,0.0,0.0,1.0,0.0,0.0,grouped,grouped,robust isolated,grouped,2,1,grouped in ≥2
M208A,Alice Kornegay Triangle,Playground,M,0.883,M208A,442,250,447,242,427,227,164,212,74,72,-1,-1,6,93,28,102,0.0,0.0,0.0,0.625,0.0,0.0,grouped,grouped,unstable,grouped,2,0,grouped in ≥2
M208B,Park,Triangle/Plaza,M,0.059,M208B,442,250,447,242,427,227,164,212,74,72,353,21,6,93,28,102,0.0,0.0,0.0,0.5,0.0,0.0,grouped,grouped,grouped,grouped,3,0,grouped in all
M208C,Harlem River Park,Triangle/Plaza,M,0.203,M208C,442,250,447,242,427,227,164,212,74,72,353,21,6,93,28,102,0.0,0.0,0.0,0.125,0.0,0.0,grouped,grouped,grouped,grouped,3,0,grouped in all
M208D,Harlem River Park,Recreational Field/Courts,M,5.756,M208D,442,250,447,242,427,227,164,212,74,72,351,19,6,93,28,102,0.0,0.0,0.0,0.0,0.0,0.0,grouped,grouped,grouped,grouped,3,0,grouped in all
M208E,Crack Is Wack Playground,Playground,M,1.369,M208E,442,250,447,242,427,227,164,213,74,71,351,19,6,94,28,102,0.0,0.0,0.0,0.0,0.0,0.5,grouped,grouped,grouped,grouped,3,0,grouped in all
M208F,Harlem River Park,Triangle/Plaza,M,0.267,M208F,-1,-1,-1,-1,-1,-1,164,213,74,71,-1,-1,6,94,-1,-1,0.75,0.0,0.0,1.0,0.0,1.0,unstable,grouped,robust isolated,grouped,1,1,definition-specific
M208G,Harlem River Park,Triangle/Plaza,M,0.351,M208G,-1,-1,-1,-1,-1,-1,164,213,74,71,-1,-1,6,94,-1,-1,0.5,0.0,0.0,1.0,0.0,0.75,unstable,grouped,robust isolated,grouped,1,1,definition-specific
M209,Mill Rock Park,Nature Area,M,8.639,M209,-1,-1,-1,-1,-1,-1,-1,-1,-1,-1,-1,-1,-1,-1,-1,-1,0.0,0.0,0.0,0.0,0.0,1.0,unstable,unstable,unstable,unstable,0,0,definition-specific
M211A,St. Nicholas Playground South,Playground,M,0.67,M211A,442,257,447,245,427,228,140,172,71,67,-1,-1,6,99,27,99,0.0,0.0,0.0,0.812,0.0,0.0,grouped,grouped,robust isolated,grouped,2,1,grouped in ≥2
M211B,Langston Hughes Playground,Playground,M,0.66,M211B,442,257,451,-1,426,-1,140,172,71,67,293,-1,6,99,27,99,0.0,0.0,0.0,0.375,0.0,0.0,beyond walk limit,grouped,beyond walk limit,grouped,1,0,definition-specific
M212,The Queen Elizabeth II September 11th Garden,Triangle/Plaza,M,0.117,M212,-1,-1,-1,-1,-1,-1,181,232,-1,-1,-1,-1,7,125,-1,-1,0.5,0.0,0.333,1.0,0.5,1.0,unstable,unstable,robust isolated,grouped,0,1,definition-specific
M213,Mae Grant Playground,Neighborhood Park,M,0.97,M213,-1,-1,-1,-1,-1,-1,-1,-1,-1,-1,-1,-1,6,90,20,76,0.25,0.333,0.333,1.0,0.0,0.0,unstable,unstable,robust isolated,unstable,0,1,definition-specific
M214,Blake Hobbs Playground,Neighborhood Park,M,1.0,M214,442,247,450,249,438,240,174,225,77,82,-1,-1,6,92,20,76,0.0,0.0,0.0,1.0,0.0,0.0,grouped,grouped,robust isolated,grouped,2,1,grouped in ≥2
M215,Cherry Tree Park,Neighborhood Park,M,0.95,M215,442,247,450,249,438,240,162,209,-1,-1,-1,-1,6,92,20,76,0.0,0.0,0.333,1.0,0.0,0.0,grouped,unstable,robust isolated,grouped,1,1,definition-specific
M216,Holcombe Rucker Park,Neighborhood Park,M,3.05,M216,430,241,441,239,431,235,136,167,60,52,-1,-1,6,85,31,115,0.0,0.0,0.0,1.0,0.0,0.0,grouped,grouped,robust isolated,grouped,2,1,grouped in ≥2
M217,Howard Bennett Playground,Jointly Operated Playground,M,1.228,M217,442,256,447,247,427,230,180,231,71,66,-1,-1,6,101,28,104,0.0,0.0,0.0,1.0,0.0,0.0,grouped,grouped,robust isolated,grouped,2,1,grouped in ≥2
M218,DeSalvio Playground,Playground,M,0.266,M218,397,-1,465,-1,452,-1,135,165,-1,-1,-1,-1,7,129,11,-1,0.0,0.0,0.333,0.75,0.0,0.0,beyond walk limit,unstable,unstable,grouped,0,0,definition-specific
M219,Tecumseh Playground,Jointly Operated Playground,M,0.738,M219,453,268,476,281,463,270,170,221,369,237,-1,-1,6,114,24,91,0.0,0.0,0.0,0.625,0.0,0.0,grouped,grouped,unstable,grouped,2,0,grouped in ≥2
M220,Frederick Douglass Playground,Neighborhood Park,M,1.945,M220,447,265,453,263,423,224,153,198,76,80,382,25,6,112,29,105,0.0,0.0,0.0,0.438,0.0,0.0,grouped,grouped,grouped,grouped,3,0,grouped in all
M221,Gutenberg Playground,Jointly Operated Playground,M,0.551,M221,-1,-1,-1,-1,-1,-1,-1,-1,-1,-1,-1,-1,7,152,17,67,0.5,0.333,1.0,0.75,0.0,0.0,unstable,robust isolated,unstable,unstable,0,1,definition-specific
M222,Grand Canal Court,Recreational Field/Courts,M,0.134,M222,397,208,465,275,452,263,173,224,334,213,-1,-1,7,128,11,50,0.125,0.0,0.0,0.875,0.0,0.0,grouped,grouped,robust isolated,grouped,2,1,grouped in ≥2
M223,Jacob H. Schiff Playground,Jointly Operated Playground,M,3.852,M223,430,235,440,235,442,248,143,180,65,61,-1,-1,6,88,31,113,0.0,0.0,0.0,0.75,0.0,0.0,grouped,grouped,unstable,grouped,2,0,grouped in ≥2
M224,Straus Square,Triangle/Plaza,M,0.12,M224,416,225,424,225,417,221,152,193,354,224,-1,-1,7,141,8,45,0.0,0.0,0.0,1.0,0.0,0.0,grouped,grouped,robust isolated,grouped,2,1,grouped in ≥2
M225,Wagner Playground,Jointly Operated Playground,M,1.27,M225,-1,-1,-1,-1,-1,-1,-1,-1,-1,-1,-1,-1,6,94,20,83,0.375,0.333,0.333,1.0,0.0,0.0,unstable,unstable,robust isolated,unstable,0,1,definition-specific
M226,Augustus St. Gaudens Playground,Jointly Operated Playground,M,0.642,M226,410,217,460,268,456,266,179,230,343,219,-1,-1,7,133,24,95,0.0,0.0,0.0,0.812,0.0,0.0,grouped,grouped,robust isolated,grouped,2,1,grouped in ≥2
M227,Peter's Field,Jointly Operated Playground,M,0.882,M227,410,217,460,268,456,266,179,230,343,219,-1,-1,7,133,24,95,0.0,0.0,0.0,0.875,0.0,0.0,grouped,grouped,robust isolated,grouped,2,1,grouped in ≥2
M228,Henry M. Jackson Playground,Jointly Operated Playground,M,0.61,M228,416,226,424,226,417,222,152,196,354,222,-1,-1,7,143,8,36,0.0,0.0,0.0,1.0,0.0,0.0,grouped,grouped,robust isolated,grouped,2,1,grouped in ≥2
M229,Happy Warrior Playground,Jointly Operated Playground,M,1.7,M229,447,265,453,263,423,224,153,198,76,80,382,25,6,112,29,105,0.0,0.0,0.0,0.188,0.0,0.0,grouped,grouped,grouped,grouped,3,0,grouped in all
M230,Poor Richard's Playground,Jointly Operated Playground,M,1.58,M230,442,248,450,250,438,241,159,205,77,82,-1,-1,6,91,20,84,0.0,0.0,0.0,1.0,0.0,0.0,grouped,grouped,robust isolated,grouped,2,1,grouped in ≥2
M231,Damrosch Park,Community Park,M,2.443,M231,455,271,478,284,465,273,170,220,369,238,-1,-1,6,115,24,92,0.0,0.0,0.0,1.0,0.0,0.0,grouped,grouped,robust isolated,grouped,2,1,grouped in ≥2
M232,Lincoln Center Plaza,Triangle/Plaza,M,3.8,M232,455,271,478,284,465,273,170,220,369,238,-1,-1,6,115,24,92,0.0,0.0,0.0,1.0,0.0,0.0,grouped,grouped,robust isolated,grouped,2,1,grouped in ≥2
M233,Matthew P. Sapolin Playground,Jointly Operated Playground,M,0.947,M233,453,269,476,282,463,271,170,221,369,239,-1,-1,6,116,24,93,0.0,0.0,0.0,1.0,0.5,0.0,grouped,grouped,robust isolated,grouped,2,1,grouped in ≥2
M234,Wright Brothers Playground,Jointly Operated Playground,M,0.584,M234,430,242,441,240,431,233,136,167,60,54,-1,-1,6,83,31,112,0.0,0.0,0.0,1.0,0.0,0.0,grouped,grouped,robust isolated,grouped,2,1,grouped in ≥2
M235,Sol Lain Plgd,Jointly Operated Playground,M,0.891,M235,416,226,424,226,417,222,152,196,354,222,-1,-1,7,143,8,36,0.0,0.0,0.0,1.0,0.0,0.0,grouped,grouped,robust isolated,grouped,2,1,grouped in ≥2
M236,Samuel Seabury Playground,Jointly Operated Playground,M,0.786,M236,439,245,433,232,470,278,178,229,66,62,-1,-1,6,119,20,75,0.0,0.0,0.0,0.875,0.0,0.0,grouped,grouped,robust isolated,grouped,2,1,grouped in ≥2
M237,Corporal John A. Seravalli Playground,Neighborhood Park,M,1.143,M237,397,207,465,272,452,260,141,176,333,209,-1,-1,7,136,10,49,0.0,0.0,0.0,1.0,0.5,0.0,grouped,grouped,robust isolated,grouped,2,1,grouped in ≥2
M238,Bloomingdale Playground,Jointly Operated Playground,M,0.715,M238,447,266,453,264,423,225,153,199,76,78,-1,-1,6,109,29,106,0.0,0.0,0.0,0.875,0.0,0.0,grouped,grouped,robust isolated,grouped,2,1,grouped in ≥2
M239,P.S. 155 Playground,Jointly Operated Playground,M,0.834,M239,442,251,450,252,438,238,163,210,78,83,-1,-1,6,95,20,85,0.0,0.0,0.0,0.5,0.0,0.0,grouped,grouped,unstable,grouped,2,0,grouped in ≥2
M240,Audubon Playground,Jointly Operated Playground,M,0.656,M240,-1,-1,-1,-1,-1,-1,143,178,60,55,-1,-1,6,81,31,120,0.25,0.0,0.0,1.0,0.0,0.0,unstable,grouped,robust isolated,grouped,1,1,definition-specific
M241,Nathan Straus Playground,Jointly Operated Playground,M,0.851,M241,416,223,424,223,416,219,139,171,-1,-1,-1,-1,7,147,8,38,0.0,0.0,0.333,1.0,0.0,0.0,grouped,unstable,robust isolated,grouped,1,1,definition-specific
M242,Collect Pond Park,Triangle/Plaza,M,0.994,M242,416,221,424,221,416,217,177,228,356,229,-1,-1,7,130,8,43,0.0,0.0,0.0,0.625,0.0,0.0,grouped,grouped,unstable,grouped,2,0,grouped in ≥2
M243,Eugene McCabe Field,Jointly Operated Playground,M,0.789,M243,442,252,451,257,439,243,148,189,71,64,-1,-1,6,96,20,83,0.0,0.0,0.0,0.75,0.0,0.0,grouped,grouped,unstable,grouped,2,0,grouped in ≥2
M244,Sol Bloom Playground,Jointly Operated Playground,M,0.837,M244,460,274,483,287,476,282,-1,-1,-1,-1,-1,-1,6,110,29,108,0.0,0.333,0.333,1.0,0.0,0.0,grouped,unstable,robust isolated,unstable,1,1,definition-specific
M245,Renaissance Playground,Jointly Operated Playground,M,1.34,M245,430,240,441,238,430,232,161,208,60,51,-1,-1,6,84,31,116,0.0,0.0,0.0,1.0,0.0,0.0,grouped,grouped,robust isolated,grouped,2,1,grouped in ≥2
M246,Kimlau Square,Triangle/Plaza,M,0.242,M246,418,228,421,219,411,215,177,228,356,231,-1,-1,7,131,8,44,0.0,0.0,0.0,1.0,0.0,0.0,grouped,grouped,robust isolated,grouped,2,1,grouped in ≥2
M247,St. James Triangle,Triangle/Plaza,M,0.043,M247,418,228,421,219,411,215,177,228,356,231,-1,-1,7,131,8,44,0.0,0.0,0.0,0.75,0.0,0.0,grouped,grouped,unstable,grouped,2,0,grouped in ≥2
M249,Penn South Playground,Neighborhood Park,M,0.6,M249,406,215,459,266,455,264,-1,-1,-1,-1,-1,-1,7,149,24,88,0.0,0.333,0.333,0.438,0.0,0.0,grouped,unstable,unstable,unstable,1,0,definition-specific
M251,Bleecker Playground,Neighborhood Park,M,0.477,M251,397,207,465,272,452,260,141,176,333,209,-1,-1,7,136,10,49,0.0,0.0,0.0,1.0,0.0,0.0,grouped,grouped,robust isolated,grouped,2,1,grouped in ≥2
M254,Gustave Hartman Square,Triangle/Plaza,M,0.095,M254,400,212,471,277,445,255,139,171,337,216,-1,-1,7,146,152,433,0.0,0.0,0.0,0.688,0.0,0.0,grouped,grouped,unstable,grouped,2,0,grouped in ≥2
M255,James Madison Plaza,Triangle/Plaza,M,0.361,M255,418,228,421,219,411,215,177,228,356,231,412,-1,7,131,8,44,0.0,0.0,0.0,0.5,0.0,0.0,grouped,grouped,beyond walk limit,grouped,2,0,grouped in ≥2
M256,MacArthur Playground,Playground,M,0.329,M256,-1,-1,-1,-1,-1,-1,126,154,388,247,-1,-1,7,154,16,65,0.417,0.0,0.333,0.75,0.0,0.0,unstable,grouped,unstable,grouped,1,0,definition-specific
M257,Clement Clarke Moore Park,Neighborhood Park,M,0.489,M257,406,216,459,267,455,265,155,201,366,236,-1,-1,7,149,24,87,0.0,0.0,0.0,0.875,0.0,0.0,grouped,grouped,robust isolated,grouped,2,1,grouped in ≥2
M258,East River Playground,Jointly Operated Playground,M,1.285,M258,467,280,490,293,483,288,176,227,-1,-1,-1,-1,6,91,154,439,0.0,0.0,0.222,0.75,0.0,0.0,grouped,unstable,unstable,grouped,1,0,definition-specific
M259,McKinley Playground,Jointly Operated Playground,M,0.563,M259,400,212,471,277,445,254,-1,-1,337,215,-1,-1,7,148,152,432,0.0,0.333,0.0,0.375,0.0,0.0,grouped,grouped,unstable,unstable,2,0,grouped in ≥2
M263,Bellevue South Park,Neighborhood Park,M,1.593,M263,-1,-1,-1,-1,-1,-1,175,226,-1,-1,-1,-1,7,132,25,98,0.25,0.0,0.333,0.812,0.0,0.5,unstable,unstable,robust isolated,grouped,0,1,definition-specific
M264,Playground Eighty Nine LXXXIX,Jointly Operated Playground,M,0.402,M264,460,274,483,287,476,282,165,214,373,240,-1,-1,6,110,29,108,0.0,0.0,0.0,1.0,0.0,0.0,grouped,grouped,robust isolated,grouped,2,1,grouped in ≥2
M265,Vincent F. Albano Jr. Playground,Playground,M,0.346,M265,410,218,460,269,456,267,175,226,-1,-1,-1,-1,7,132,24,96,0.0,0.0,0.333,0.562,0.0,0.0,grouped,unstable,unstable,grouped,1,0,definition-specific
M268,El Jardin Del Paraiso Park,Garden,M,0.73,M268,400,212,471,277,445,255,139,170,340,218,300,15,7,146,152,433,0.0,0.0,0.0,0.375,0.0,0.0,grouped,grouped,grouped,grouped,3,0,grouped in all
M270,Dry Dock Playground,Community Park,M,1.5,M270,400,213,471,278,451,258,144,184,340,218,-1,-1,7,144,9,48,0.0,0.0,0.0,1.0,0.0,0.0,grouped,grouped,robust isolated,grouped,2,1,grouped in ≥2
M271A,Harlem RBI,Recreational Field/Courts,M,0.9,M271A,-1,-1,-1,-1,-1,-1,174,225,-1,-1,-1,-1,6,92,-1,-1,0.75,0.0,1.0,1.0,0.5,0.75,unstable,robust isolated,robust isolated,grouped,0,2,isolated in ≥2
M273,Wagner Houses Pool,Community Park,M,1.64,M273,-1,-1,-1,-1,-1,-1,164,213,-1,-1,-1,-1,6,94,-1,-1,0.417,0.0,0.667,0.875,0.0,1.0,unstable,unstable,robust isolated,grouped,0,1,definition-specific
M277,Hell's Kitchen Park,Neighborhood Park,M,0.576,M277,465,278,488,291,481,286,171,222,383,244,-1,-1,7,152,24,89,0.0,0.0,0.0,0.875,0.0,0.0,grouped,grouped,robust isolated,grouped,2,1,grouped in ≥2
M278,Jefferson Market Garden,Garden,M,0.361,M278,397,206,465,271,452,259,141,176,333,212,-1,-1,7,136,11,51,0.0,0.0,0.0,0.875,0.0,0.0,grouped,grouped,robust isolated,grouped,2,1,grouped in ≥2
M279,Duarte Square,Triangle/Plaza,M,0.448,M279,397,208,465,275,452,263,173,224,334,213,-1,-1,7,128,11,50,0.0,0.0,0.0,1.0,0.0,0.0,grouped,grouped,robust isolated,grouped,2,1,grouped in ≥2
M280,Tramway Plaza,Triangle/Plaza,M,0.345,M280,428,234,430,230,467,276,172,223,384,245,-1,-1,7,156,18,70,0.0,0.0,0.0,0.625,0.0,0.0,grouped,grouped,unstable,grouped,2,0,grouped in ≥2
M281,Clinton Community Garden,Garden,M,0.35,M281,-1,-1,-1,-1,-1,-1,171,222,-1,-1,-1,-1,7,152,17,67,0.75,0.0,1.0,1.0,0.0,0.5,unstable,robust isolated,robust isolated,grouped,0,2,isolated in ≥2
M282,Septuagesimo UNO,Triangle/Plaza,M,0.04,M282,453,269,476,282,463,271,170,221,369,239,-1,-1,6,116,24,93,0.0,0.0,0.0,1.0,0.0,0.0,grouped,grouped,robust isolated,grouped,2,1,grouped in ≥2
M283#1,Battery Park City (1/4),Community Park,M,26.042,M283,-1,-1,-1,-1,-1,-1,168,218,-1,-1,-1,-1,-1,-1,-1,-1,0.875,0.0,0.556,1.0,1.0,1.0,robust isolated,unstable,robust isolated,grouped,0,2,isolated in ≥2
M283#2,Battery Park City (2/4),Community Park,M,26.042,M283,412,220,416,217,405,212,154,200,357,232,-1,-1,7,127,8,41,0.0,0.0,0.0,1.0,0.0,0.0,grouped,grouped,robust isolated,grouped,2,1,grouped in ≥2
M283#3,Battery Park City (3/4),Community Park,M,26.042,M283,-1,-1,-1,-1,-1,-1,169,219,359,234,-1,-1,42,446,7,35,0.625,0.0,0.0,1.0,0.5,0.0,unstable,grouped,robust isolated,grouped,1,1,definition-specific
M283#4,Battery Park City (4/4),Community Park,M,26.042,M283,466,279,489,292,482,287,168,218,358,233,-1,-1,-1,-1,7,35,0.125,0.0,0.0,1.0,1.0,0.0,grouped,grouped,robust isolated,grouped,2,1,grouped in ≥2
M283A,Battery Park City,Neighborhood Park,M,1.556,M283A,466,279,489,292,482,287,168,218,358,233,-1,-1,42,446,7,35,0.125,0.0,0.0,1.0,0.5,0.0,grouped,grouped,robust isolated,grouped,2,1,grouped in ≥2
M284,Convent Garden,Triangle/Plaza,M,0.134,M284,430,242,441,240,431,233,136,166,60,54,-1,-1,6,87,31,112,0.0,0.0,0.0,0.812,0.0,0.0,grouped,grouped,robust isolated,grouped,2,1,grouped in ≥2
M285,Dr. Ronald E. McNair Playground,Neighborhood Park,M,0.603,M285,442,252,451,257,439,243,148,189,71,64,-1,-1,6,96,20,83,0.0,0.0,0.0,1.0,0.0,0.0,grouped,grouped,robust isolated,grouped,2,1,grouped in ≥2
M286,Asphalt Green,Community Park,M,4.35,M286,438,-1,432,-1,469,-1,167,217,66,63,-1,-1,6,120,19,71,0.0,0.0,0.0,0.75,0.0,0.0,beyond walk limit,grouped,unstable,grouped,1,0,definition-specific
M287,Sheridan Square Viewing Garden,Triangle/Plaza,M,0.07,M287,397,206,465,271,452,259,141,176,333,212,-1,-1,7,136,10,49,0.0,0.0,0.0,0.375,0.0,0.0,grouped,grouped,unstable,grouped,2,0,grouped in ≥2
M288,Ramon Aponte Park,Playground,M,0.174,M288,465,278,488,291,481,286,-1,-1,383,244,-1,-1,7,152,24,89,0.0,0.333,0.0,0.75,0.0,0.0,grouped,grouped,unstable,unstable,2,0,grouped in ≥2
M289,East River Esplanade,Neighborhood Park,M,1.735,M289,-1,-1,-1,-1,-1,-1,-1,-1,-1,-1,-1,-1,-1,-1,-1,-1,0.0,0.0,0.0,0.0,0.0,1.0,unstable,unstable,unstable,unstable,0,0,definition-specific
M290,Pier 107 CVII,Waterfront Facility,M,0.356,M290,-1,-1,-1,-1,-1,-1,-1,-1,-1,-1,-1,-1,-1,-1,-1,-1,0.0,0.0,0.0,0.0,0.0,1.0,unstable,unstable,unstable,unstable,0,0,definition-specific
M291,Fishbridge Garden,Garden,M,0.1,M291,417,227,420,218,410,214,149,190,356,231,-1,-1,7,126,8,40,0.0,0.0,0.0,1.0,0.0,0.0,grouped,grouped,robust isolated,grouped,2,1,grouped in ≥2
M292,Sunshine Playground,Playground,M,0.24,M292,-1,-1,-1,-1,-1,-1,162,209,-1,-1,-1,-1,6,92,20,76,0.75,0.0,1.0,1.0,0.0,0.5,unstable,robust isolated,robust isolated,grouped,0,2,isolated in ≥2
M293,6th St and Ave B Community Garden,Garden,M,0.39,M293,400,212,471,277,451,258,144,184,340,218,-1,-1,7,148,9,48,0.0,0.0,0.0,0.875,0.0,0.0,grouped,grouped,robust isolated,grouped,2,1,grouped in ≥2
M294,Ruppert Park,Neighborhood Park,M,0.997,M294,438,244,432,231,469,277,-1,-1,-1,-1,-1,-1,6,120,19,73,0.0,0.667,0.333,0.875,0.0,0.0,grouped,unstable,robust isolated,unstable,1,1,definition-specific
M295,Mercer Playground,Playground,M,0.446,M295,397,210,465,273,452,261,145,185,333,210,-1,-1,7,137,11,52,0.0,0.0,0.0,0.75,0.0,0.0,grouped,grouped,unstable,grouped,2,0,grouped in ≥2
M296,132 St Block Association Park,Garden,M,0.171,M296,442,256,447,247,427,230,140,173,71,66,-1,-1,6,98,-1,-1,0.0,0.0,0.0,1.0,0.0,1.0,grouped,grouped,robust isolated,grouped,2,1,grouped in ≥2
M297,Parks Council Success Garden,Garden,M,0.25,M297,442,256,447,247,427,230,140,173,71,66,-1,-1,6,98,27,101,0.0,0.0,0.0,1.0,0.0,0.0,grouped,grouped,robust isolated,grouped,2,1,grouped in ≥2
M297A,Margrichante Garden,Garden,M,0.171,M297A,442,256,447,247,427,230,140,173,71,66,-1,-1,6,98,27,101,0.0,0.0,0.0,1.0,0.0,0.0,grouped,grouped,robust isolated,grouped,2,1,grouped in ≥2
M298,Unity Gardens,Garden,M,0.129,M298,442,257,447,246,427,229,150,191,71,65,351,18,6,99,28,103,0.0,0.0,0.0,0.0,0.0,0.0,grouped,grouped,grouped,grouped,3,0,grouped in all
M299,Pleasant Village Community Garden,Garden,M,0.383,M299,442,251,450,252,438,238,147,187,78,83,-1,-1,6,95,20,85,0.0,0.0,0.0,0.625,0.0,0.0,grouped,grouped,unstable,grouped,2,0,grouped in ≥2
M300,Sherman Creek,Neighborhood Park,M,15.383,M300,461,275,484,288,477,283,166,215,376,242,-1,-1,5,79,153,435,0.0,0.0,0.0,1.0,0.5,0.0,grouped,grouped,robust isolated,grouped,2,1,grouped in ≥2
M301,St. Gregory's Playground,Playground,M,0.231,M301,460,274,483,287,476,282,165,214,373,240,-1,-1,6,110,29,108,0.0,0.0,0.0,1.0,0.5,0.0,grouped,grouped,robust isolated,grouped,2,1,grouped in ≥2
M302,Detective Omar Edwards Park,Neighborhood Park,M,0.252,M302,442,250,451,257,439,243,164,213,-1,-1,387,-1,6,94,20,83,0.0,0.0,0.333,0.0,0.0,0.0,grouped,unstable,beyond walk limit,grouped,1,0,definition-specific
M303,Abyssinian Tot Lot,Playground,M,0.118,M303,442,254,447,243,426,226,161,208,73,70,-1,-1,6,100,5,31,0.0,0.0,0.0,1.0,0.0,0.5,grouped,grouped,robust isolated,grouped,2,1,grouped in ≥2
M304,West 186th Street Basketball Court,Recreational Field/Courts,M,0.123,M304,-1,-1,-1,-1,-1,-1,-1,-1,-1,-1,-1,-1,6,-1,31,-1,0.833,0.667,1.0,1.0,0.5,0.0,robust isolated,robust isolated,robust isolated,unstable,0,3,isolated in all
M305,Collyer Brothers Park,Garden,M,0.034,M305,442,257,447,246,427,229,150,191,71,65,351,18,6,99,28,103,0.0,0.0,0.0,0.125,0.0,0.0,grouped,grouped,grouped,grouped,3,0,grouped in all
M306,W 104th Street Garden,Garden,M,0.38,M306,-1,-1,-1,-1,-1,-1,-1,-1,76,79,-1,-1,6,108,-1,-1,0.375,0.333,0.0,1.0,0.5,1.0,unstable,grouped,robust isolated,unstable,1,1,definition-specific
M307,W 87th Street Garden,Garden,M,0.095,M307,459,272,482,285,475,280,-1,-1,-1,-1,-1,-1,6,110,30,-1,0.0,0.333,0.333,1.0,0.0,0.0,grouped,unstable,robust isolated,unstable,1,1,definition-specific
M308,Washington Market Park,Neighborhood Park,M,2.15,M308,412,220,416,217,405,212,154,200,357,232,-1,-1,7,127,8,41,0.0,0.0,0.0,1.0,0.0,0.0,grouped,grouped,robust isolated,grouped,2,1,grouped in ≥2
M310,Firemen's Memorial Garden,Garden,M,0.169,M310,400,213,471,278,451,258,144,184,340,218,400,26,7,144,152,434,0.0,0.0,0.0,0.25,0.0,0.0,grouped,grouped,grouped,grouped,3,0,grouped in all
M311,Green Oasis and Gilbert's Garden,Garden,M,0.388,M311,400,213,471,278,451,258,144,184,340,218,400,26,7,144,152,434,0.0,0.0,0.0,0.25,0.0,0.5,grouped,grouped,grouped,grouped,3,0,grouped in all
M312,9th St Community Garden Park,Garden,M,0.478,M312,400,213,471,278,445,255,144,184,340,218,-1,-1,7,144,152,434,0.0,0.0,0.0,0.875,0.0,0.0,grouped,grouped,robust isolated,grouped,2,1,grouped in ≥2
M313,6BC Botanical Garden,Garden,M,0.178,M313,400,212,471,277,451,258,144,184,340,218,401,27,7,148,9,48,0.0,0.0,0.0,0.5,0.0,0.0,grouped,grouped,grouped,grouped,3,0,grouped in all
M313A,5th St Slope Garden,Garden,M,0.096,M313A,400,212,471,277,445,255,139,170,340,218,-1,-1,-1,-1,152,433,0.0,0.0,0.0,1.0,1.0,0.5,grouped,grouped,robust isolated,grouped,2,1,grouped in ≥2
M314,Miracle Garden,Garden,M,0.117,M314,-1,-1,-1,-1,-1,-1,-1,-1,337,215,314,17,7,148,152,432,0.292,0.333,0.0,0.25,0.0,0.0,unstable,grouped,grouped,unstable,2,0,grouped in ≥2
M315,The Creative Little Garden,Garden,M,0.063,M315,400,212,471,277,451,258,144,184,340,218,401,27,7,148,9,48,0.0,0.0,0.0,0.5,0.0,0.0,grouped,grouped,grouped,grouped,3,0,grouped in all
M316,Edward P. Bowman Park,Garden,M,0.051,M316,442,257,447,246,427,229,-1,-1,74,72,352,20,6,99,27,100,0.0,0.333,0.0,0.25,0.0,0.0,grouped,grouped,grouped,unstable,3,0,grouped in all
M317,Frank White Memorial Garden,Garden,M,0.086,M317,430,239,440,235,442,248,143,182,65,59,-1,-1,6,89,31,114,0.0,0.0,0.0,1.0,0.0,0.0,grouped,grouped,robust isolated,grouped,2,1,grouped in ≥2
M318,Merchant's House Museum,Historic House Park,M,0.072,M318,397,210,471,276,445,253,138,169,333,210,300,14,7,140,152,431,0.0,0.0,0.0,0.125,0.0,0.5,grouped,grouped,grouped,grouped,3,0,grouped in all
M319A,Sugar Hill Garden,Garden,M,0.069,M319A,-1,-1,-1,-1,-1,-1,136,166,61,57,365,22,6,87,5,30,0.208,0.0,0.0,0.5,0.0,0.0,unstable,grouped,grouped,grouped,2,0,grouped in ≥2
M319B,Edgecombe Park,Garden,M,0.112,M319B,-1,-1,-1,-1,-1,-1,136,166,61,57,365,22,6,87,5,30,0.208,0.0,0.0,0.5,0.0,0.0,unstable,grouped,grouped,grouped,2,0,grouped in ≥2
M320,Old Croton Aqueduct Gatehouse,Garden,M,0.146,M320,442,259,451,259,442,249,160,207,76,77,-1,-1,6,103,31,117,0.0,0.0,0.0,0.438,0.0,0.0,grouped,grouped,unstable,grouped,2,0,grouped in ≥2
M321,Lower East Side Playground,Jointly Operated Playground,M,0.828,M321,400,214,471,279,451,257,-1,-1,340,217,-1,-1,7,145,9,48,0.0,0.333,0.0,0.938,0.0,0.0,grouped,grouped,robust isolated,unstable,2,1,grouped in ≥2
M322,Harris Garden,Garden,M,0.109,M322,430,242,441,240,431,233,136,166,60,54,-1,-1,6,87,31,112,0.0,0.0,0.0,0.938,0.0,0.0,grouped,grouped,robust isolated,grouped,2,1,grouped in ≥2
M323,Diamante Garden,Garden,M,0.186,M323,442,251,450,252,438,238,163,210,78,83,-1,-1,6,95,20,85,0.0,0.0,0.0,1.0,0.0,0.0,grouped,grouped,robust isolated,grouped,2,1,grouped in ≥2
M324,Earth People,Garden,M,0.106,M324,400,213,471,278,451,258,144,184,340,218,400,26,7,144,152,434,0.0,0.0,0.0,0.375,0.0,0.0,grouped,grouped,grouped,grouped,3,0,grouped in all
M325,La Plaza Cultural,Garden,M,0.55,M325,400,213,471,278,445,255,144,184,340,218,304,16,7,144,152,434,0.0,0.0,0.0,0.5,0.0,0.5,grouped,grouped,grouped,grouped,3,0,grouped in all
M325A,La Casita Garden,Garden,M,0.08,M325A,400,213,471,278,451,258,144,184,340,218,400,26,7,144,152,434,0.0,0.0,0.0,0.25,0.0,0.0,grouped,grouped,grouped,grouped,3,0,grouped in all
M325B,Flower Door Garden,Garden,M,0.03,M325B,400,213,471,278,445,255,144,184,340,218,304,16,7,144,152,434,0.0,0.0,0.0,0.0,0.0,0.0,grouped,grouped,grouped,grouped,3,0,grouped in all
M326,Liz Christy Garden,Garden,M,0.267,M326,416,224,424,224,416,220,156,202,354,227,-1,-1,7,139,8,37,0.0,0.0,0.0,0.812,0.0,0.0,grouped,grouped,robust isolated,grouped,2,1,grouped in ≥2
M327,Maggie's Magic Garden,Garden,M,0.173,M327,-1,-1,-1,-1,-1,-1,162,209,66,62,-1,-1,6,92,20,76,0.25,0.0,0.0,0.375,0.0,0.0,unstable,grouped,unstable,grouped,1,0,definition-specific
M328,William B. Washington Memorial Garden,Garden,M,0.084,M328,442,262,447,245,427,228,143,179,71,67,-1,-1,6,106,27,99,0.0,0.0,0.0,0.812,0.0,0.0,grouped,grouped,robust isolated,grouped,2,1,grouped in ≥2
M329,Generation X,Garden,M,0.11,M329,400,212,471,277,445,255,139,170,340,218,300,15,7,146,152,433,0.0,0.0,0.0,0.125,0.0,0.0,grouped,grouped,grouped,grouped,3,0,grouped in all
M330,Family Community Garden,Garden,M,0.04,M330,442,249,450,251,438,242,-1,-1,77,81,271,12,6,90,20,81,0.0,0.333,0.0,0.125,0.0,0.0,grouped,grouped,grouped,unstable,3,0,grouped in all
M331,117th St Community Garden,Garden,M,0.08,M331,442,253,451,255,438,239,142,177,71,64,282,13,6,97,20,82,0.0,0.0,0.0,0.125,0.0,0.0,grouped,grouped,grouped,grouped,3,0,grouped in all
M332,The Secret Garden,Garden,M,0.05,M332,400,212,471,277,445,255,139,170,340,218,300,15,7,146,152,433,0.0,0.0,0.0,0.312,0.0,0.0,grouped,grouped,grouped,grouped,3,0,grouped in all
M333,Bradhurst Ave Garden,Garden,M,0.09,M333,-1,-1,-1,-1,-1,-1,136,167,-1,-1,-1,-1,6,85,-1,-1,0.417,0.0,0.667,1.0,0.0,1.0,unstable,unstable,robust isolated,grouped,0,1,definition-specific
M334,Brisas Del Caribe,Garden,M,0.06,M334,-1,-1,-1,-1,-1,-1,139,171,337,216,314,17,7,146,152,433,0.292,0.0,0.0,0.25,0.0,0.0,unstable,grouped,grouped,grouped,2,0,grouped in ≥2
M335,Clinton Community Garden (LES),Garden,M,0.06,M335,416,223,424,223,416,219,139,171,354,226,334,-1,7,147,8,38,0.0,0.0,0.0,0.0,0.0,0.0,grouped,grouped,beyond walk limit,grouped,2,0,grouped in ≥2
M336,De Colores Cmty Yard and Center,Garden,M,0.066,M336,400,213,471,278,451,258,144,184,340,218,400,26,7,148,152,434,0.0,0.0,0.0,0.25,0.0,0.0,grouped,grouped,grouped,grouped,3,0,grouped in all
M337,Dias Y Flores,Garden,M,0.119,M337,400,214,471,279,451,257,144,183,340,217,-1,-1,7,145,9,48,0.0,0.0,0.0,0.875,0.0,0.0,grouped,grouped,robust isolated,grouped,2,1,grouped in ≥2
M338,Neighbors Of Vega Baja,Garden,M,0.072,M338,442,248,450,250,438,241,159,205,77,82,-1,-1,6,91,20,84,0.0,0.0,0.0,1.0,0.0,0.5,grouped,grouped,robust isolated,grouped,2,1,grouped in ≥2
M339,El Sol Brilliante Jr,Garden,M,0.059,M339,400,214,471,279,451,257,144,183,340,217,-1,-1,7,145,9,48,0.167,0.0,0.0,0.688,0.0,0.0,grouped,grouped,unstable,grouped,2,0,grouped in ≥2
M340,Elizabeth Langley Memorial Garden,Garden,M,0.11,M340,442,255,447,244,426,226,161,208,73,70,-1,-1,6,100,5,31,0.0,0.0,0.0,1.0,0.0,0.0,grouped,grouped,robust isolated,grouped,2,1,grouped in ≥2
M341,Garden Of Love,Garden,M,0.087,M341,442,260,451,260,439,245,160,206,75,74,-1,-1,6,104,31,-1,0.0,0.0,0.0,1.0,0.0,0.5,grouped,grouped,robust isolated,grouped,2,1,grouped in ≥2
M342,Community Garden Association,Garden,M,0.023,M342,400,214,471,279,451,257,144,183,340,217,334,-1,7,145,9,48,0.0,0.0,0.0,0.0,0.0,0.5,grouped,grouped,beyond walk limit,grouped,2,0,grouped in ≥2
M343,Vamos Sembrar,Garden,M,0.023,M343,400,214,471,279,451,257,144,183,340,217,-1,-1,7,145,9,48,0.0,0.0,0.0,0.625,0.0,0.0,grouped,grouped,unstable,grouped,2,0,grouped in ≥2
M344,Humacao Community Garden,Garden,M,0.11,M344,-1,-1,-1,-1,-1,-1,159,205,-1,-1,-1,-1,-1,-1,-1,-1,0.75,0.0,1.0,1.0,1.0,1.0,unstable,robust isolated,robust isolated,grouped,0,2,isolated in ≥2
M345,Kenkeleba House Garden,Garden,M,0.249,M345,400,212,471,277,445,255,139,171,337,216,-1,-1,7,146,152,433,0.0,0.0,0.0,0.875,0.0,0.0,grouped,grouped,robust isolated,grouped,2,1,grouped in ≥2
M346,Life Spire Garden,Garden,M,0.02,M346,442,252,450,253,438,239,148,189,78,84,353,21,6,96,20,83,0.0,0.0,0.0,0.0,0.0,0.0,grouped,grouped,grouped,grouped,3,0,grouped in all
M347,Mobilization For Change,Garden,M,0.043,M347,444,264,449,248,422,223,158,204,75,73,-1,-1,6,109,33,121,0.0,0.0,0.0,1.0,0.0,0.0,grouped,grouped,robust isolated,grouped,2,1,grouped in ≥2
M348,Morris-Jumel Ecological Education Garden,Garden,M,0.1,M348,431,243,442,241,429,231,157,203,60,56,-1,-1,6,82,31,111,0.0,0.0,0.0,1.0,0.0,0.0,grouped,grouped,robust isolated,grouped,2,1,grouped in ≥2
M349,New 123rd St Block Association Garden,Garden,M,0.14,M349,442,263,451,262,439,247,140,175,71,68,-1,-1,6,107,20,80,0.0,0.0,0.0,0.75,0.0,0.0,grouped,grouped,unstable,grouped,2,0,grouped in ≥2
M350,Peachtree Garden,Garden,M,0.12,M350,400,212,471,277,445,255,139,171,337,216,372,23,7,146,152,433,0.0,0.0,0.0,0.5,0.0,0.0,grouped,grouped,grouped,grouped,3,0,grouped in all
M351,Joseph Daniel Wilson Garden,Garden,M,0.117,M351,442,263,451,262,439,247,140,175,71,68,-1,-1,6,107,20,80,0.0,0.0,0.0,1.0,0.0,0.0,grouped,grouped,robust isolated,grouped,2,1,grouped in ≥2
M352,Yu Suen Garden,Garden,M,0.06,M352,400,214,471,279,451,257,144,183,340,217,-1,-1,7,145,9,48,0.0,0.0,0.0,0.625,0.0,0.0,grouped,grouped,unstable,grouped,2,0,grouped in ≥2
M353,Riverside Park South,Community Park,M,71.933,M353,453,269,476,282,463,271,-1,-1,369,239,-1,-1,6,116,24,93,0.125,0.333,0.0,1.0,0.0,0.0,grouped,grouped,robust isolated,unstable,2,1,grouped in ≥2
M354,Orchard Alley Garden,Garden,M,0.224,M354,400,212,471,277,445,255,139,170,340,218,300,15,7,146,152,433,0.0,0.0,0.0,0.188,0.0,0.0,grouped,grouped,grouped,grouped,3,0,grouped in all
M355,Robert L. Clinkscales Playground and Community Garden,Neighborhood Park,M,0.436,M355,430,240,441,238,431,234,5,11,60,51,-1,-1,6,84,31,116,0.0,0.0,0.0,1.0,0.0,0.0,grouped,grouped,robust isolated,grouped,2,1,grouped in ≥2
M356,P.S. 76 Garden,Garden,M,0.053,M356,442,263,451,262,439,247,140,175,75,76,395,-1,6,107,20,80,0.0,0.0,0.0,0.25,0.0,0.0,grouped,grouped,beyond walk limit,grouped,2,0,grouped in ≥2
M357,Los Amigos Garden,Garden,M,0.061,M357,-1,-1,-1,-1,-1,-1,139,171,337,216,314,17,7,146,152,433,0.292,0.0,0.0,0.25,0.0,0.5,unstable,grouped,grouped,grouped,2,0,grouped in ≥2
M358,First Street Garden,Garden,M,0.061,M358,416,224,424,224,416,220,156,202,354,227,-1,-1,7,139,8,37,0.0,0.0,0.0,1.0,0.0,0.0,grouped,grouped,robust isolated,grouped,2,1,grouped in ≥2
M359,Campos Garden,Garden,M,0.119,M359,400,214,471,279,451,257,144,183,340,217,-1,-1,7,145,9,48,0.0,0.0,0.0,0.688,0.0,0.0,grouped,grouped,unstable,grouped,2,0,grouped in ≥2
M360#1,The High Line (1/4),Community Park,M,6.73,M360,406,215,459,266,455,264,155,201,366,236,-1,-1,7,149,24,88,0.0,0.0,0.0,1.0,0.0,0.0,grouped,grouped,robust isolated,grouped,2,1,grouped in ≥2
M360#2,The High Line (2/4),Community Park,M,6.73,M360,406,216,459,267,455,265,155,201,366,236,-1,-1,7,135,24,87,0.0,0.0,0.0,0.875,0.0,0.0,grouped,grouped,robust isolated,grouped,2,1,grouped in ≥2
M360#3,The High Line (3/4),Community Park,M,6.73,M360,406,215,459,266,455,264,155,201,366,236,-1,-1,7,149,24,88,0.0,0.0,0.0,0.875,0.0,0.0,grouped,grouped,robust isolated,grouped,2,1,grouped in ≥2
M360#4,The High Line (4/4),Community Park,M,6.73,M360,397,207,465,272,452,260,-1,-1,333,209,-1,-1,7,135,25,-1,0.0,0.333,0.0,1.0,0.0,0.0,grouped,grouped,robust isolated,unstable,2,1,grouped in ≥2
M361,Lower East Side Ecology Center,Garden,M,0.15,M361,400,213,471,278,451,258,144,184,340,218,373,24,7,144,152,434,0.0,0.0,0.0,0.5,0.0,0.0,grouped,grouped,grouped,grouped,3,0,grouped in all
M362,W 124th Street Community Garden,Garden,M,0.046,M362,442,261,451,256,439,244,148,188,71,68,387,-1,6,105,20,78,0.0,0.0,0.0,0.0,0.0,0.0,grouped,grouped,beyond walk limit,grouped,2,0,grouped in ≥2
M363,Harlem Rose Garden,Garden,M,0.163,M363,442,257,447,246,427,229,150,191,74,72,352,20,6,99,27,100,0.0,0.0,0.0,0.25,0.0,0.0,grouped,grouped,grouped,grouped,3,0,grouped in all
M364,Jackie Robinson Community Garden,Garden,M,0.058,M364,442,252,451,257,439,243,148,189,71,64,-1,-1,6,96,20,83,0.0,0.0,0.0,1.0,0.0,0.0,grouped,grouped,robust isolated,grouped,2,1,grouped in ≥2
M365,Our Little Green Acre Garden,Garden,M,0.052,M365,442,263,451,262,439,247,140,175,71,68,-1,-1,6,107,20,80,0.0,0.0,0.0,1.0,0.0,0.0,grouped,grouped,robust isolated,grouped,2,1,grouped in ≥2
M366,Tribeca Dog Run,Recreational Field/Courts,M,0.096,M366,412,220,416,217,405,212,154,200,357,232,-1,-1,7,127,8,41,0.0,0.0,0.0,1.0,0.0,0.0,grouped,grouped,robust isolated,grouped,2,1,grouped in ≥2
M367,Peaceful Valley Garden,Garden,M,0.052,M367,442,253,451,255,438,239,142,177,71,64,-1,-1,6,97,20,82,0.0,0.0,0.0,0.688,0.0,0.0,grouped,grouped,unstable,grouped,2,0,grouped in ≥2
M368,West 111th St. People's Garden,Garden,M,0.109,M368,442,259,451,259,442,249,153,199,76,78,-1,-1,6,109,31,117,0.0,0.0,0.0,0.312,0.0,0.0,grouped,grouped,unstable,grouped,2,0,grouped in ≥2
M369,Pier 42,Waterfront Facility,M,7.509,M369,-1,-1,-1,-1,-1,-1,152,195,-1,-1,-1,-1,-1,-1,8,36,0.5,0.0,0.667,1.0,1.0,0.0,unstable,unstable,robust isolated,grouped,0,1,definition-specific
M370,Sam and Sadie Koenig Garden,Garden,M,0.056,M370,400,213,471,278,451,258,144,184,340,218,373,24,7,144,152,434,0.0,0.0,0.0,0.5,0.0,0.0,grouped,grouped,grouped,grouped,3,0,grouped in all
M371,Hope Garden,Garden,M,0.046,M371,400,212,471,277,445,254,139,171,337,215,372,23,7,148,152,432,0.0,0.0,0.0,0.5,0.0,0.0,grouped,grouped,grouped,grouped,3,0,grouped in all
M372,Allied Productions/Le Petit Versailles,Garden,M,0.034,M372,400,212,471,277,445,255,139,171,337,216,-1,-1,7,146,152,433,0.0,0.0,0.0,0.938,0.0,0.0,grouped,grouped,robust isolated,grouped,2,1,grouped in ≥2
M373,La Perla Garden,Garden,M,0.04,M373,447,266,453,264,423,225,-1,-1,76,79,-1,-1,6,108,29,106,0.0,0.333,0.0,1.0,0.0,0.0,grouped,grouped,robust isolated,unstable,2,1,grouped in ≥2
M374,CEP Community Garden,Garden,M,0.057,M374,442,262,447,245,427,228,143,179,71,67,-1,-1,6,106,27,99,0.0,0.0,0.0,0.75,0.0,0.0,grouped,grouped,unstable,grouped,2,0,grouped in ≥2
M375,Pleasant Park Garden,Garden,M,0.116,M375,-1,-1,-1,-1,-1,-1,151,192,-1,-1,-1,-1,6,95,-1,-1,0.75,0.0,0.333,1.0,0.0,1.0,unstable,unstable,robust isolated,grouped,0,1,definition-specific
M376,West Harlem Piers,Waterfront Facility,M,4.712,M376,-1,-1,-1,-1,-1,-1,143,-1,-1,-1,-1,-1,6,102,-1,-1,0.5,0.0,0.667,1.0,0.0,1.0,unstable,unstable,robust isolated,beyond walk limit,0,1,definition-specific
M377,Bradhurst Gardens Association,Garden,M,0.046,M377,430,241,441,239,431,235,136,167,60,52,-1,-1,6,85,31,115,0.0,0.0,0.0,0.75,0.0,0.0,grouped,grouped,unstable,grouped,2,0,grouped in ≥2
M378,Pearl St Playground,Playground,M,0.342,M378,417,227,420,218,410,214,149,190,356,230,-1,-1,7,126,8,40,0.0,0.0,0.0,0.75,0.0,0.0,grouped,grouped,unstable,grouped,2,0,grouped in ≥2
M379,Canal Park,Neighborhood Park,M,0.669,M379,-1,-1,-1,-1,-1,-1,-1,-1,-1,-1,-1,-1,7,128,8,-1,0.25,0.667,0.333,1.0,0.0,0.0,unstable,unstable,robust isolated,unstable,0,1,definition-specific
M380,United Block Association Garden,Garden,M,0.076,M380,442,256,447,247,427,230,150,191,71,65,-1,-1,6,98,28,103,0.0,0.0,0.0,0.875,0.0,0.0,grouped,grouped,robust isolated,grouped,2,1,grouped in ≥2
M382,110th Street Block Association Garden,Garden,M,0.048,M382,442,249,451,254,438,242,137,168,77,81,-1,-1,6,90,20,81,0.0,0.0,0.0,0.688,0.0,0.0,grouped,grouped,unstable,grouped,2,0,grouped in ≥2
M383,La Cuevita Garden,Garden,M,0.057,M383,442,253,451,255,439,-1,-1,-1,-1,-1,280,-1,6,97,20,82,0.0,0.333,0.333,0.125,0.0,0.5,grouped,unstable,beyond walk limit,unstable,1,0,definition-specific
M384,Pueblo Unido Garden,Garden,M,0.054,M384,442,249,451,254,438,242,137,168,77,81,277,-1,6,90,20,81,0.0,0.0,0.0,0.5,0.0,0.0,grouped,grouped,beyond walk limit,grouped,2,0,grouped in ≥2
M385,DeLury Square,Triangle/Plaza,M,0.209,M385,417,227,420,218,410,214,149,190,356,230,-1,-1,-1,-1,8,40,0.0,0.0,0.0,1.0,1.0,0.0,grouped,grouped,robust isolated,grouped,2,1,grouped in ≥2
M386,Imagination Playground,Playground,M,0.363,M386,422,230,426,227,407,213,149,190,355,228,-1,-1,7,126,8,40,0.0,0.0,0.0,1.0,0.5,0.0,grouped,grouped,robust isolated,grouped,2,1,grouped in ≥2
M387,TRUCE Garden,Garden,M,0.123,M387,442,263,451,262,439,247,140,175,75,76,-1,-1,6,107,20,80,0.0,0.0,0.0,0.562,0.0,0.0,grouped,grouped,unstable,grouped,2,0,grouped in ≥2
M388,Carolina Garden,Garden,M,0.063,M388,442,252,451,257,439,243,148,189,71,64,-1,-1,6,96,20,83,0.0,0.0,0.0,1.0,0.0,0.0,grouped,grouped,robust isolated,grouped,2,1,grouped in ≥2
M389,St. Mark's Garden,Garden,M,0.101,M389,442,251,450,252,438,238,147,187,78,83,282,13,6,95,20,85,0.125,0.0,0.0,0.125,0.0,0.0,grouped,grouped,grouped,grouped,3,0,grouped in all
M390,Jane Street Garden,Garden,M,0.055,M390,397,207,465,272,452,260,141,176,333,209,-1,-1,7,136,10,49,0.0,0.0,0.0,1.0,0.0,0.0,grouped,grouped,robust isolated,grouped,2,1,grouped in ≥2
M392,El Gallo Garden,Garden,M,0.082,M392,442,253,450,253,438,239,142,177,78,84,-1,-1,6,97,20,82,0.0,0.0,0.0,0.625,0.0,0.0,grouped,grouped,unstable,grouped,2,0,grouped in ≥2
M393,Oasis Garden,Garden,M,0.122,M393,452,267,475,280,462,269,146,186,365,235,-1,-1,7,153,17,67,0.0,0.0,0.0,1.0,0.0,0.0,grouped,grouped,robust isolated,grouped,2,1,grouped in ≥2
M394,St. Nicholas Miracle Garden,Garden,M,0.038,M394,430,236,440,234,442,251,143,179,65,60,-1,-1,6,106,31,119,0.0,0.0,0.0,0.562,0.0,0.5,grouped,grouped,unstable,grouped,2,0,grouped in ≥2
M395,Fiorello La Guardia Park,Neighborhood Park,M,0.545,M395,397,210,465,273,452,261,145,185,333,210,-1,-1,7,137,11,52,0.0,0.0,0.0,0.875,0.0,0.0,grouped,grouped,robust isolated,grouped,2,1,grouped in ≥2
M396,Children's Magical Garden,Garden,M,0.069,M396,416,223,424,223,416,219,139,171,354,226,-1,-1,7,147,8,38,0.0,0.0,0.0,1.0,0.0,0.0,grouped,grouped,robust isolated,grouped,2,1,grouped in ≥2
M397,11 BC Serenity Garden,Garden,M,0.054,M397,400,213,471,278,451,258,144,184,340,218,-1,-1,7,144,9,48,0.0,0.0,0.0,1.0,0.0,0.0,grouped,grouped,robust isolated,grouped,2,1,grouped in ≥2
M398,Dorothy K. McGowan Memorial Garden,Garden,M,0.045,M398,430,237,441,237,431,237,143,-1,60,56,-1,-1,6,82,31,111,0.0,0.0,0.0,1.0,0.0,0.0,grouped,grouped,robust isolated,beyond walk limit,2,1,grouped in ≥2
M399,Bella Abzug Park,Neighborhood Park,M,2.592,M399,-1,-1,-1,-1,-1,-1,-1,-1,-1,-1,-1,-1,7,-1,24,-1,0.417,0.333,0.667,1.0,0.0,0.25,unstable,unstable,robust isolated,unstable,0,1,definition-specific
M400,Luigi's Garden of Love,Garden,M,0.043,M400,442,260,451,260,439,245,140,174,75,74,280,-1,6,104,20,77,0.0,0.0,0.0,0.125,0.0,0.0,grouped,grouped,beyond walk limit,grouped,2,0,grouped in ≥2
M401,Lydia's Magic Garden (El Girasol Magic Garden),Garden,M,0.104,M401,-1,-1,-1,-1,-1,-1,142,177,-1,-1,-1,-1,6,97,19,-1,0.5,0.0,1.0,0.875,0.0,0.5,unstable,robust isolated,robust isolated,grouped,0,2,isolated in ≥2
M402,Chelsea Green,Playground,M,0.23,M402,-1,-1,-1,-1,-1,-1,-1,-1,-1,-1,-1,-1,7,151,25,-1,0.458,0.667,0.667,0.875,0.0,0.5,unstable,unstable,robust isolated,unstable,0,1,definition-specific
M403,Walter Miller III Memorial Garden (La Casa Frela),Garden,M,0.047,M403,442,261,451,256,439,244,-1,-1,-1,-1,-1,-1,6,105,20,78,0.0,0.333,0.333,0.625,0.0,0.0,grouped,unstable,unstable,unstable,1,0,definition-specific
M404,NYC AIDS Memorial Park at St. Vincent’s Triangle,Triangle/Plaza,M,0.382,M404,397,206,465,271,452,259,141,176,333,212,-1,-1,7,136,10,49,0.0,0.0,0.0,0.875,0.0,0.0,grouped,grouped,robust isolated,grouped,2,1,grouped in ≥2
M405,Electric Ladybug Garden,Garden,M,0.115,M405,442,260,451,260,439,245,140,174,75,74,271,-1,6,104,20,77,0.0,0.0,0.0,0.0,0.0,0.0,grouped,grouped,beyond walk limit,grouped,2,0,grouped in ≥2
M406,Harlem Grown 134th Street Green House,Garden,M,0.068,M406,442,256,447,247,427,230,140,173,71,66,-1,-1,6,98,28,104,0.0,0.0,0.0,1.0,0.0,0.5,grouped,grouped,robust isolated,grouped,2,1,grouped in ≥2
M407,Harlem Valley Garden,Garden,M,0.057,M407,442,256,447,247,427,230,140,173,71,66,-1,-1,6,98,28,104,0.0,0.0,0.0,1.0,0.0,0.5,grouped,grouped,robust isolated,grouped,2,1,grouped in ≥2
M408,Siempre Verde Garden,Garden,M,0.061,M408,416,223,424,223,416,219,139,171,354,226,-1,-1,7,147,8,38,0.0,0.0,0.0,1.0,0.0,0.0,grouped,grouped,robust isolated,grouped,2,1,grouped in ≥2
M409,Harlem Grown 127th Street Learning Annex,Garden,M,0.033,M409,442,257,447,245,427,228,140,172,71,67,-1,-1,6,99,27,99,0.0,0.0,0.0,1.0,0.0,0.0,grouped,grouped,robust isolated,grouped,2,1,grouped in ≥2
M410,Sage Garden,Garden,M,0.054,M410,400,212,471,277,445,255,139,170,340,218,300,15,7,146,152,433,0.0,0.0,0.0,0.125,0.0,0.0,grouped,grouped,grouped,grouped,3,0,grouped in all
M413,Rapkin-Gayle Plaza,Neighborhood Park,M,0.287,M413,416,222,424,222,416,218,135,165,354,225,-1,-1,7,129,8,42,0.0,0.0,0.0,1.0,0.0,0.0,grouped,grouped,robust isolated,grouped,2,1,grouped in ≥2
M414,Manuel Plaza,Neighborhood Park,M,0.224,M414,397,210,471,276,445,253,138,169,-1,-1,300,14,7,140,152,431,0.0,0.0,0.333,0.125,0.0,0.5,grouped,unstable,grouped,grouped,2,0,grouped in ≥2
M416,Park,Waterfront Facility,M,0.311,M416,-1,-1,-1,-1,-1,-1,-1,-1,-1,-1,-1,-1,7,132,25,98,0.583,0.333,0.444,1.0,0.0,0.5,unstable,unstable,robust isolated,unstable,0,1,definition-specific
M417,Diversity Edible Farm,Garden,M,0.082,M417,442,249,451,254,438,242,137,168,77,81,-1,-1,6,90,20,81,0.0,0.0,0.0,0.562,0.0,0.0,grouped,grouped,unstable,grouped,2,0,grouped in ≥2
M418,Mission Garden,Garden,M,0.093,M418,442,249,451,254,438,242,137,168,77,81,271,12,6,90,20,81,0.083,0.0,0.0,0.0,0.0,0.5,grouped,grouped,grouped,grouped,3,0,grouped in all
M419,Villa Santruce,Garden,M,0.096,M419,442,249,450,251,438,242,137,168,77,81,-1,-1,6,90,20,81,0.0,0.0,0.0,0.75,0.0,0.0,grouped,grouped,unstable,grouped,2,0,grouped in ≥2
M420,Sugar Hill Hope Garden,Garden,M,0.345,M420,430,242,441,240,431,233,136,166,60,54,-1,-1,6,87,31,112,0.0,0.0,0.0,1.0,0.0,0.0,grouped,grouped,robust isolated,grouped,2,1,grouped in ≥2
M421,Park,Neighborhood Park,M,0.493,M421,-1,-1,-1,-1,-1,-1,135,165,-1,-1,-1,-1,7,129,-1,-1,0.5,0.0,1.0,1.0,0.5,1.0,unstable,robust isolated,robust isolated,grouped,0,2,isolated in ≥2
Q001A,Alley Athletic Playground,Recreational Field/Courts,Q,27.531,Q001A,-1,-1,-1,-1,-1,-1,-1,-1,-1,-1,-1,-1,35,-1,100,-1,0.75,1.0,1.0,1.0,0.0,0.0,unstable,robust isolated,robust isolated,robust isolated,0,2,isolated in ≥2
Q002,Grover Cleveland Playground,Neighborhood Park,Q,5.1,Q002,341,184,361,196,350,191,-1,-1,-1,-1,-1,-1,34,360,146,423,0.0,0.667,0.333,1.0,0.0,0.0,grouped,unstable,robust isolated,unstable,1,1,definition-specific
Q003,Ashmead Park,Triangle/Plaza,Q,0.059,Q003,-1,-1,-1,-1,-1,-1,-1,-1,223,153,-1,-1,30,-1,87,-1,0.25,0.333,0.0,1.0,0.5,0.0,unstable,grouped,robust isolated,unstable,1,1,definition-specific
Q004,Astoria Park,Community Park,Q,59.956,Q004,-1,-1,-1,-1,-1,-1,131,160,-1,-1,-1,-1,27,212,77,216,0.25,0.0,0.333,1.0,0.0,0.0,unstable,unstable,robust isolated,grouped,0,1,definition-specific
Q004A,Ralph Demarco Park,Neighborhood Park,Q,5.82,Q004A,-1,-1,-1,-1,-1,-1,131,160,-1,-1,-1,-1,27,212,79,-1,0.5,0.0,0.667,1.0,0.0,0.0,unstable,unstable,robust isolated,grouped,0,1,definition-specific
Q006,Bowne Park,Neighborhood Park,Q,11.788,Q006,273,123,273,123,273,123,-1,-1,-1,-1,-1,-1,35,-1,90,-1,0.0,0.667,0.333,1.0,0.0,0.0,grouped,unstable,robust isolated,unstable,1,1,definition-specific
Q007,Bayswater Park,Community Park,Q,40.16,Q007,207,91,207,91,200,87,71,92,191,134,-1,-1,29,229,80,232,0.0,0.0,0.0,1.0,0.0,0.0,grouped,grouped,robust isolated,grouped,2,1,grouped in ≥2
Q008,Brookville Park,Community Park,Q,89.946,Q008,-1,-1,-1,-1,-1,-1,-1,-1,-1,-1,-1,-1,30,251,84,246,0.25,0.333,0.333,1.0,0.0,0.0,unstable,unstable,robust isolated,unstable,0,1,definition-specific
Q009,Hermon A. MacNeil Park,Neighborhood Park,Q,28.87,Q009,-1,-1,-1,-1,-1,-1,-1,-1,-1,-1,-1,-1,35,417,90,269,0.625,0.667,0.333,1.0,0.5,0.0,unstable,unstable,robust isolated,unstable,0,1,definition-specific
Q010A,Little Bay Park,Community Park,Q,55.22,Q010A,-1,-1,-1,-1,-1,-1,84,107,-1,-1,-1,-1,-1,-1,90,272,0.75,0.0,1.0,1.0,1.0,0.25,unstable,robust isolated,robust isolated,grouped,0,2,isolated in ≥2
Q011,Poppenhusen Playground,Playground,Q,1.14,Q011,-1,-1,-1,-1,-1,-1,-1,-1,-1,-1,-1,-1,35,419,90,271,0.5,0.333,1.0,1.0,0.0,0.0,unstable,robust isolated,robust isolated,unstable,0,2,isolated in ≥2
Q012,Crocheron Park,Community Park,Q,45.79,Q012,-1,-1,-1,-1,-1,-1,134,164,-1,-1,-1,-1,35,432,92,277,0.75,0.0,1.0,1.0,0.0,0.0,unstable,robust isolated,robust isolated,grouped,0,2,isolated in ≥2
Q012B,John Golden Park,Community Park,Q,17.0,Q012B,-1,-1,-1,-1,-1,-1,134,164,-1,-1,-1,-1,-1,-1,-1,-1,1.0,0.0,1.0,1.0,1.0,1.0,robust isolated,robust isolated,robust isolated,grouped,0,3,isolated in all
Q013,Veterans Grove,Playground,Q,0.626,Q013,-1,-1,-1,-1,-1,-1,-1,-1,-1,-1,-1,-1,27,218,-1,-1,0.667,0.333,0.333,1.0,0.0,1.0,unstable,unstable,robust isolated,unstable,0,1,definition-specific
Q014,Astoria Heights Playground,Jointly Operated Playground,Q,2.2,Q014,-1,-1,-1,-1,-1,-1,-1,-1,-1,-1,-1,-1,27,188,-1,-1,0.75,0.667,1.0,1.0,0.5,0.75,unstable,robust isolated,robust isolated,unstable,0,2,isolated in ≥2
Q017,The Olde Towne of Flushing Burial Ground,Neighborhood Park,Q,3.474,Q017,-1,-1,-1,-1,-1,-1,-1,-1,-1,-1,-1,-1,35,423,90,264,0.583,0.667,1.0,1.0,0.0,0.0,unstable,robust isolated,robust isolated,unstable,0,2,isolated in ≥2
Q018,Gordon Triangle,Triangle/Plaza,Q,0.08,Q018,182,77,182,77,182,77,-1,-1,165,121,-1,-1,27,184,77,214,0.0,0.333,0.0,1.0,0.0,0.0,grouped,grouped,robust isolated,unstable,2,1,grouped in ≥2
Q019,Garlinge Triangle,Triangle/Plaza,Q,0.008,Q019,233,108,230,106,223,102,-1,-1,227,155,-1,-1,27,204,88,260,0.0,0.333,0.0,0.75,0.0,0.0,grouped,grouped,unstable,unstable,2,0,grouped in ≥2
Q021B,McLaughlin Playground,Playground,Q,0.356,Q021B,-1,-1,-1,-1,-1,-1,-1,-1,-1,-1,-1,-1,-1,-1,86,-1,0.833,1.0,1.0,1.0,1.0,0.25,robust isolated,robust isolated,robust isolated,robust isolated,0,3,isolated in all
Q021C,Seven Gables Playground,Jointly Operated Playground,Q,1.297,Q021C,-1,-1,-1,-1,-1,-1,-1,-1,-1,-1,-1,-1,35,435,100,301,0.292,0.667,0.333,0.875,0.0,0.0,unstable,unstable,robust isolated,unstable,0,1,definition-specific
Q022,Margaret I. Carman Green - Weeping Beech,Playground,Q,2.6,Q022,-1,-1,-1,-1,-1,-1,-1,-1,-1,-1,-1,-1,-1,-1,90,266,0.5,0.333,1.0,1.0,1.0,0.0,unstable,robust isolated,robust isolated,unstable,0,2,isolated in ≥2
Q023,Rufus King Park,Neighborhood Park,Q,11.5,Q023,-1,-1,-1,-1,-1,-1,-1,-1,-1,-1,-1,-1,-1,-1,101,306,0.75,0.333,1.0,1.0,1.0,0.0,unstable,robust isolated,robust isolated,unstable,0,2,isolated in ≥2
Q025,Major Mark Park,Triangle/Plaza,Q,0.9,Q025,-1,-1,-1,-1,-1,-1,-1,-1,-1,-1,-1,-1,38,444,83,243,0.625,0.667,0.333,1.0,0.5,0.0,unstable,unstable,robust isolated,unstable,0,1,definition-specific
Q026,Park Of The Americas,Neighborhood Park,Q,3.076,Q026,218,102,253,113,246,109,116,141,230,157,-1,-1,27,211,114,337,0.0,0.0,0.0,1.0,0.0,0.0,grouped,grouped,robust isolated,grouped,2,1,grouped in ≥2
Q027#1,Laurelton Parkway (1/8),Parkway,Q,59.612,Q027,-1,-1,-1,-1,-1,-1,-1,-1,-1,-1,-1,-1,30,252,84,247,0.25,0.667,0.333,1.0,0.0,0.0,unstable,unstable,robust isolated,unstable,0,1,definition-specific
Q027#2,Laurelton Parkway (2/8),Parkway,Q,59.612,Q027,-1,-1,-1,-1,-1,-1,-1,-1,-1,-1,-1,-1,30,240,84,248,0.583,0.333,0.667,1.0,0.0,0.5,unstable,unstable,robust isolated,unstable,0,1,definition-specific
Q027#3,Laurelton Parkway (3/8),Parkway,Q,59.612,Q027,-1,-1,-1,-1,-1,-1,125,152,-1,-1,-1,-1,30,252,84,247,0.25,0.0,0.333,1.0,0.0,0.0,unstable,unstable,robust isolated,grouped,0,1,definition-specific
Q027#4,Laurelton Parkway (4/8),Parkway,Q,59.612,Q027,361,194,381,206,370,201,110,135,287,181,-1,-1,30,240,84,248,0.0,0.0,0.0,1.0,0.0,0.0,grouped,grouped,robust isolated,grouped,2,1,grouped in ≥2
Q027#5,Laurelton Parkway (5/8),Parkway,Q,59.612,Q027,387,203,407,215,396,210,125,152,310,192,-1,-1,30,252,84,247,0.0,0.0,0.0,1.0,0.0,0.0,grouped,grouped,robust isolated,grouped,2,1,grouped in ≥2
Q027#6,Laurelton Parkway (6/8),Parkway,Q,59.612,Q027,361,194,381,206,370,201,-1,-1,287,181,-1,-1,30,240,84,248,0.0,0.333,0.0,1.0,0.0,0.0,grouped,grouped,robust isolated,unstable,2,1,grouped in ≥2
Q027#7,Laurelton Parkway (7/8),Parkway,Q,59.612,Q027,-1,-1,-1,-1,-1,-1,-1,-1,-1,-1,-1,-1,30,240,84,248,0.417,0.333,0.667,1.0,0.0,0.5,unstable,unstable,robust isolated,unstable,0,1,definition-specific
Q027#8,Laurelton Parkway (8/8),Parkway,Q,59.612,Q027,-1,-1,-1,-1,-1,-1,-1,-1,-1,-1,-1,-1,30,251,84,246,0.5,0.333,0.667,1.0,0.0,0.0,unstable,unstable,robust isolated,unstable,0,1,definition-specific
Q028,Beach Channel Park,Waterfront Facility,Q,12.624,Q028,245,110,242,108,235,104,112,137,216,151,-1,-1,37,443,81,236,0.0,0.0,0.0,0.75,0.0,0.0,grouped,grouped,unstable,grouped,2,0,grouped in ≥2
Q028A,Tribute Park,Triangle/Plaza,Q,0.83,Q028A,-1,-1,-1,-1,-1,-1,112,137,-1,-1,-1,-1,37,443,81,236,0.25,0.0,0.333,0.75,0.0,0.0,unstable,unstable,unstable,grouped,0,0,definition-specific
Q029,William F Moore Park,Neighborhood Park,Q,0.196,Q029,-1,-1,-1,-1,-1,-1,-1,-1,231,158,-1,-1,27,210,114,338,0.25,0.333,0.0,0.875,0.0,0.0,unstable,grouped,robust isolated,unstable,1,1,definition-specific
Q030,Midland Malls,Mall,Q,1.803,Q030,-1,-1,-1,-1,-1,-1,-1,-1,-1,-1,-1,-1,38,444,83,243,0.625,0.667,0.333,1.0,0.5,0.0,unstable,unstable,robust isolated,unstable,0,1,definition-specific
Q031,Lawrence Virgilio Playground,Neighborhood Park,Q,3.009,Q031,-1,-1,-1,-1,-1,-1,133,163,282,180,-1,-1,27,200,-1,-1,0.5,0.0,0.0,1.0,0.0,0.75,unstable,grouped,robust isolated,grouped,1,1,definition-specific
Q031A,Doughboy Park,Triangle/Plaza,Q,1.71,Q031A,359,193,379,205,368,200,133,163,282,180,-1,-1,27,200,72,209,0.0,0.0,0.0,0.938,0.0,0.0,grouped,grouped,robust isolated,grouped,2,1,grouped in ≥2
Q032,McKenna Triangle,Triangle/Plaza,Q,0.01,Q032,193,85,193,85,186,81,113,138,168,125,-1,-1,27,185,78,223,0.0,0.0,0.0,1.0,0.0,0.0,grouped,grouped,robust isolated,grouped,2,1,grouped in ≥2
Q033,Mall Eighteen,Mall,Q,0.09,Q033,-1,-1,-1,-1,-1,-1,-1,-1,-1,-1,-1,-1,-1,-1,90,271,0.5,0.333,1.0,1.0,1.0,0.0,unstable,robust isolated,robust isolated,unstable,0,2,isolated in ≥2
Q034,Sabba Park,Triangle/Plaza,Q,0.467,Q034,359,193,379,205,368,200,132,162,282,180,-1,-1,27,200,72,209,0.125,0.0,0.0,1.0,0.0,0.0,grouped,grouped,robust isolated,grouped,2,1,grouped in ≥2
Q035#1,Mall Thirty Four XXXIV (1/7),Mall,Q,0.55,Q035,215,94,215,94,208,90,-1,-1,197,142,-1,-1,27,193,114,332,0.0,0.333,0.0,0.938,0.0,0.0,grouped,grouped,robust isolated,unstable,2,1,grouped in ≥2
Q035#2,Mall Thirty Four XXXIV (2/7),Mall,Q,0.55,Q035,215,100,215,100,208,96,-1,-1,-1,-1,-1,-1,27,198,114,330,0.0,0.333,0.333,0.875,0.0,0.0,grouped,unstable,robust isolated,unstable,1,1,definition-specific
Q035#3,Mall Thirty Four XXXIV (3/7),Mall,Q,0.55,Q035,215,95,215,95,208,91,93,117,196,141,-1,-1,27,209,114,335,0.0,0.0,0.0,0.812,0.0,0.0,grouped,grouped,robust isolated,grouped,2,1,grouped in ≥2
Q035#4,Mall Thirty Four XXXIV (4/7),Mall,Q,0.55,Q035,215,100,215,100,208,96,76,98,197,143,-1,-1,27,198,114,330,0.0,0.0,0.0,1.0,0.0,0.0,grouped,grouped,robust isolated,grouped,2,1,grouped in ≥2
Q035#5,Mall Thirty Four XXXIV (5/7),Mall,Q,0.55,Q035,215,95,215,95,208,91,-1,-1,-1,-1,-1,-1,27,209,114,335,0.0,0.667,0.333,0.875,0.0,0.0,grouped,unstable,robust isolated,unstable,1,1,definition-specific
Q035#6,Mall Thirty Four XXXIV (6/7),Mall,Q,0.55,Q035,215,94,215,94,208,90,76,98,194,139,-1,-1,27,193,114,332,0.0,0.0,0.0,1.0,0.0,0.0,grouped,grouped,robust isolated,grouped,2,1,grouped in ≥2
Q035#7,Mall Thirty Four XXXIV (7/7),Mall,Q,0.55,Q035,215,99,215,99,208,95,73,95,193,138,-1,-1,27,198,114,330,0.0,0.0,0.0,1.0,0.0,0.0,grouped,grouped,robust isolated,grouped,2,1,grouped in ≥2
Q036A,Rafferty Triangle,Triangle/Plaza,Q,0.1,Q036A,182,78,182,78,182,78,113,138,-1,-1,164,-1,27,185,77,215,0.0,0.0,0.333,0.5,0.0,0.0,grouped,unstable,beyond walk limit,grouped,1,0,definition-specific
Q037,Neponsit Mall,Mall,Q,0.76,Q037,-1,-1,-1,-1,-1,-1,-1,-1,-1,-1,-1,-1,37,-1,-1,-1,0.833,1.0,1.0,1.0,0.0,0.75,robust isolated,robust isolated,robust isolated,robust isolated,0,3,isolated in all
Q038,Benninger Playground,Playground,Q,0.574,Q038,-1,-1,-1,-1,-1,-1,-1,-1,-1,-1,-1,-1,-1,-1,144,-1,0.75,0.667,1.0,1.0,1.0,0.0,unstable,robust isolated,robust isolated,unstable,0,2,isolated in ≥2
Q040,Elmjack Mall,Mall,Q,0.241,Q040,225,103,222,101,215,97,127,156,204,144,-1,-1,27,197,72,207,0.0,0.0,0.0,0.938,0.0,0.0,grouped,grouped,robust isolated,grouped,2,1,grouped in ≥2
Q041,Newtown Playground,Neighborhood Park,Q,0.703,Q041,355,190,375,202,364,197,120,147,279,178,-1,-1,27,220,115,342,0.0,0.0,0.0,1.0,0.5,0.0,grouped,grouped,robust isolated,grouped,2,1,grouped in ≥2
Q042,Poppenhusen Park,Triangle/Plaza,Q,0.05,Q042,255,114,255,114,255,114,85,108,-1,-1,-1,-1,35,417,90,268,0.0,0.0,0.333,1.0,0.0,0.0,grouped,unstable,robust isolated,grouped,1,1,definition-specific
Q043,Proctor-Hopson Circle,Triangle/Plaza,Q,0.13,Q043,-1,-1,-1,-1,-1,-1,96,120,224,154,-1,-1,30,237,87,255,0.25,0.0,0.0,1.0,0.0,0.0,unstable,grouped,robust isolated,grouped,1,1,definition-specific
Q044,L/CPL Thomas P. Noonan Jr. Playground,Playground,Q,1.05,Q044,358,192,378,204,367,199,-1,-1,-1,-1,-1,-1,27,199,72,208,0.0,0.667,0.333,1.0,0.0,0.0,grouped,unstable,robust isolated,unstable,1,1,definition-specific
Q045,Andrews Grove,Playground,Q,0.518,Q045,-1,-1,-1,-1,-1,-1,89,112,-1,-1,-1,-1,-1,-1,77,213,0.5,0.0,1.0,1.0,1.0,0.0,unstable,robust isolated,robust isolated,grouped,0,2,isolated in ≥2
Q046,Josephine Caminiti Playground,Playground,Q,0.398,Q046,217,101,252,112,245,108,-1,-1,231,158,-1,-1,27,210,114,336,0.0,0.333,0.0,1.0,0.0,0.0,grouped,grouped,robust isolated,unstable,2,1,grouped in ≥2
Q047,Queens Village Veterans Plaza,Triangle/Plaza,Q,0.32,Q047,-1,-1,-1,-1,-1,-1,-1,-1,-1,-1,-1,-1,30,249,86,252,0.25,0.667,0.333,1.0,0.0,0.0,unstable,unstable,robust isolated,unstable,0,1,definition-specific
Q048,Rainey Park,Neighborhood Park,Q,8.09,Q048,185,81,185,81,184,80,-1,-1,166,122,-1,-1,27,190,77,219,0.0,0.333,0.0,1.0,0.0,0.0,grouped,grouped,robust isolated,unstable,2,1,grouped in ≥2
Q050,Rockaway Beach,Waterfront Facility,Q,31.5,Q050,245,110,242,108,235,104,75,97,216,151,-1,-1,37,442,81,235,0.0,0.0,0.0,1.0,0.0,0.0,grouped,grouped,robust isolated,grouped,2,1,grouped in ≥2
Q051,Archie Spigner Park,Community Park,Q,10.79,Q051,250,111,247,109,240,105,87,110,224,154,-1,-1,30,237,87,255,0.0,0.0,0.0,1.0,0.0,0.0,grouped,grouped,robust isolated,grouped,2,1,grouped in ≥2
Q052,Captain Tilly Park,Neighborhood Park,Q,9.16,Q052,-1,-1,-1,-1,-1,-1,-1,-1,-1,-1,-1,-1,-1,-1,83,242,0.833,0.667,1.0,1.0,1.0,0.0,robust isolated,robust isolated,robust isolated,unstable,0,3,isolated in all
Q053,Equity Playground,Playground,Q,1.314,Q053,-1,-1,-1,-1,-1,-1,-1,-1,-1,-1,-1,-1,-1,-1,-1,-1,0.75,0.667,1.0,1.0,1.0,1.0,unstable,robust isolated,robust isolated,unstable,0,2,isolated in ≥2
Q055,Veteran's Square,Triangle/Plaza,Q,0.1,Q055,218,102,253,113,246,109,116,141,230,157,-1,-1,27,211,114,337,0.0,0.0,0.0,1.0,0.0,0.0,grouped,grouped,robust isolated,grouped,2,1,grouped in ≥2
Q056,Clemens Triangle,Triangle/Plaza,Q,0.01,Q056,384,202,404,214,393,209,123,150,309,191,-1,-1,34,359,147,424,0.0,0.0,0.0,1.0,0.0,0.0,grouped,grouped,robust isolated,grouped,2,1,grouped in ≥2
Q057,Sohncke Square,Triangle/Plaza,Q,0.044,Q057,359,193,379,205,368,200,133,163,282,180,-1,-1,27,200,72,209,0.125,0.0,0.0,1.0,0.0,0.0,grouped,grouped,robust isolated,grouped,2,1,grouped in ≥2
Q058,Dunningham Triangle,Triangle/Plaza,Q,0.003,Q058,215,98,215,98,208,94,83,106,195,140,-1,-1,27,197,114,329,0.0,0.0,0.0,0.75,0.0,0.0,grouped,grouped,unstable,grouped,2,0,grouped in ≥2
Q059,Catharine Turner Richardson Park,Triangle/Plaza,Q,0.101,Q059,-1,-1,-1,-1,-1,-1,-1,-1,-1,-1,-1,-1,-1,-1,98,291,0.75,0.333,0.333,1.0,1.0,0.0,unstable,unstable,robust isolated,unstable,0,1,definition-specific
Q060,Nine Heroes Plaza,Triangle/Plaza,Q,0.02,Q060,225,103,222,101,215,97,127,156,204,144,-1,-1,27,197,72,207,0.0,0.0,0.0,0.875,0.0,0.0,grouped,grouped,robust isolated,grouped,2,1,grouped in ≥2
Q061,Steinmann Triangle,Triangle/Plaza,Q,0.214,Q061,359,193,379,205,368,200,133,163,282,180,-1,-1,27,200,72,209,0.0,0.0,0.0,1.0,0.0,0.0,grouped,grouped,robust isolated,grouped,2,1,grouped in ≥2
Q062,Fleetwood Triangle,Triangle/Plaza,Q,0.027,Q062,-1,-1,-1,-1,-1,-1,-1,-1,-1,-1,-1,-1,40,-1,109,-1,0.75,0.667,1.0,1.0,0.5,0.0,unstable,robust isolated,robust isolated,unstable,0,2,isolated in ≥2
Q063,Luke J. Lang Square,Triangle/Plaza,Q,0.001,Q063,-1,-1,-1,-1,-1,-1,91,115,-1,-1,-1,-1,-1,-1,144,422,0.75,0.0,0.333,1.0,1.0,0.5,unstable,unstable,robust isolated,grouped,0,1,definition-specific
Q065,John Vincent Daniels Jr. Square,Triangle/Plaza,Q,0.254,Q065,359,193,379,205,368,200,132,162,282,180,-1,-1,27,200,72,209,0.0,0.0,0.0,1.0,0.0,0.0,grouped,grouped,robust isolated,grouped,2,1,grouped in ≥2
Q066B,Triborough Bridge Playground B,Playground,Q,1.295,Q066B,188,84,188,84,251,113,131,161,169,126,-1,-1,27,214,77,216,0.0,0.0,0.0,1.0,0.0,0.0,grouped,grouped,robust isolated,grouped,2,1,grouped in ≥2
Q066C,Triborough Bridge Playground C,Recreational Field/Courts,Q,0.46,Q066C,187,83,187,83,250,112,131,161,169,126,-1,-1,27,214,77,216,0.0,0.0,0.0,1.0,0.0,0.0,grouped,grouped,robust isolated,grouped,2,1,grouped in ≥2
Q066D,Triborough Bridge Playground D,Recreational Field/Courts,Q,0.46,Q066D,-1,-1,-1,-1,-1,-1,131,161,169,126,-1,-1,27,214,77,216,0.25,0.0,0.0,1.0,0.0,0.0,unstable,grouped,robust isolated,grouped,1,1,definition-specific
Q066E,Triborough Bridge Playground E,Recreational Field/Courts,Q,0.46,Q066E,-1,-1,-1,-1,-1,-1,131,161,169,126,-1,-1,27,214,77,216,0.25,0.0,0.0,1.0,0.0,0.0,unstable,grouped,robust isolated,grouped,1,1,definition-specific
Q066F,Hoyt Playground,Neighborhood Park,Q,2.2,Q066F,186,82,186,82,249,111,121,148,169,126,-1,-1,27,215,77,217,0.0,0.0,0.0,1.0,0.0,0.0,grouped,grouped,robust isolated,grouped,2,1,grouped in ≥2
Q066G,Sitting Area,Triangle/Plaza,Q,1.16,Q066G,188,84,188,84,251,113,131,161,169,126,-1,-1,27,214,77,216,0.0,0.0,0.0,1.0,0.0,0.0,grouped,grouped,robust isolated,grouped,2,1,grouped in ≥2
Q066H,Chappetto Square,Recreational Field/Courts,Q,1.226,Q066H,187,83,187,83,250,112,131,161,169,126,-1,-1,27,214,77,216,0.0,0.0,0.0,1.0,0.0,0.0,grouped,grouped,robust isolated,grouped,2,1,grouped in ≥2
Q067,Pigeon Paradise,Triangle/Plaza,Q,0.071,Q067,225,104,222,102,215,98,130,159,-1,-1,-1,-1,27,201,72,211,0.0,0.0,0.333,1.0,0.0,0.0,grouped,unstable,robust isolated,grouped,1,1,definition-specific
Q067A,General Hart Playground,Neighborhood Park,Q,0.896,Q067A,225,104,222,102,215,98,130,159,-1,-1,-1,-1,27,201,72,211,0.0,0.0,0.333,0.875,0.0,0.0,grouped,unstable,robust isolated,grouped,1,1,definition-specific
Q069,Middleburgh Triangle,Triangle/Plaza,Q,0.002,Q069,-1,-1,-1,-1,-1,-1,-1,-1,-1,-1,-1,-1,27,218,115,-1,0.25,0.667,0.556,1.0,0.0,0.0,unstable,unstable,robust isolated,unstable,0,1,definition-specific
Q070,Trolley Car Triangle,Triangle/Plaza,Q,0.032,Q070,-1,-1,-1,-1,-1,-1,-1,-1,-1,-1,-1,-1,27,195,114,333,0.25,0.333,0.333,1.0,0.0,0.0,unstable,unstable,robust isolated,unstable,0,1,definition-specific
Q072,Short Triangle,Triangle/Plaza,Q,0.01,Q072,193,85,193,85,186,81,113,138,168,125,-1,-1,27,185,78,223,0.0,0.0,0.0,1.0,0.0,0.0,grouped,grouped,robust isolated,grouped,2,1,grouped in ≥2
Q073,Plaut Triangle,Triangle/Plaza,Q,0.25,Q073,-1,-1,-1,-1,-1,-1,-1,-1,-1,-1,-1,-1,35,423,90,264,0.25,0.667,0.333,1.0,0.0,0.0,unstable,unstable,robust isolated,unstable,0,1,definition-specific
Q075,Glendale Veterans Triangle,Triangle/Plaza,Q,0.005,Q075,370,197,390,209,379,204,-1,-1,295,187,-1,-1,30,248,107,318,0.0,0.333,0.0,0.875,0.0,0.0,grouped,grouped,robust isolated,unstable,2,1,grouped in ≥2
Q076,Legion Triangle,Triangle/Plaza,Q,0.05,Q076,329,-1,353,-1,344,-1,-1,-1,-1,-1,-1,-1,33,-1,103,-1,0.167,0.667,0.667,1.0,0.0,0.0,beyond walk limit,unstable,robust isolated,unstable,0,1,definition-specific
Q079,Wellbrock Triangle,Triangle/Plaza,Q,0.008,Q079,-1,-1,-1,-1,-1,-1,-1,-1,-1,-1,-1,-1,30,242,103,-1,0.333,0.333,0.667,0.875,0.0,0.0,unstable,unstable,robust isolated,unstable,0,1,definition-specific
Q080,Veterans Plaza,Triangle/Plaza,Q,0.09,Q080,214,92,214,92,207,88,-1,-1,-1,-1,-1,-1,27,192,114,331,0.083,0.333,0.333,1.0,0.0,0.0,grouped,unstable,robust isolated,unstable,1,1,definition-specific
Q082,Wayanda Park,Jointly Operated Playground,Q,2.554,Q082,-1,-1,-1,-1,-1,-1,-1,-1,-1,-1,-1,-1,30,250,86,253,0.5,0.333,0.667,1.0,0.0,0.0,unstable,unstable,robust isolated,unstable,0,1,definition-specific
Q083#1,Jackie Robinson Parkway (1/17),Parkway,Q,72.75,Q083,-1,-1,-1,-1,-1,-1,-1,-1,-1,-1,-1,-1,-1,-1,109,321,0.75,0.667,1.0,1.0,1.0,0.0,unstable,robust isolated,robust isolated,unstable,0,2,isolated in ≥2
Q083#10,Jackie Robinson Parkway (10/17),Parkway,Q,72.75,Q083,-1,-1,-1,-1,-1,-1,-1,-1,-1,-1,-1,-1,30,246,103,-1,0.667,1.0,0.667,1.0,0.0,0.0,unstable,unstable,robust isolated,robust isolated,0,1,definition-specific
Q083#11,Jackie Robinson Parkway (11/17),Parkway,Q,72.75,Q083,-1,-1,-1,-1,-1,-1,-1,-1,-1,-1,-1,-1,33,324,125,375,0.25,0.333,0.333,0.75,0.0,0.25,unstable,unstable,unstable,unstable,0,0,definition-specific
Q083#12,Jackie Robinson Parkway (12/17),Parkway,Q,72.75,Q083,-1,-1,-1,-1,-1,-1,-1,-1,-1,-1,-1,-1,34,358,-1,-1,0.75,1.0,1.0,1.0,0.0,0.5,unstable,robust isolated,robust isolated,robust isolated,0,2,isolated in ≥2
Q083#13,Jackie Robinson Parkway (13/17),Parkway,Q,72.75,Q083,-1,-1,-1,-1,-1,-1,-1,-1,-1,-1,-1,-1,30,247,107,317,0.5,0.667,0.667,0.938,0.0,0.0,unstable,unstable,robust isolated,unstable,0,1,definition-specific
Q083#14,Jackie Robinson Parkway (14/17),Parkway,Q,72.75,Q083,-1,-1,-1,-1,-1,-1,-1,-1,-1,-1,-1,-1,30,246,109,-1,0.917,1.0,1.0,1.0,0.5,0.25,robust isolated,robust isolated,robust isolated,robust isolated,0,3,isolated in all
Q083#15,Jackie Robinson Parkway (15/17),Parkway,Q,72.75,Q083,-1,-1,-1,-1,-1,-1,-1,-1,-1,-1,-1,-1,39,-1,109,321,0.5,1.0,0.667,1.0,0.0,0.0,unstable,unstable,robust isolated,robust isolated,0,1,definition-specific
Q083#16,Jackie Robinson Parkway (16/17),Parkway,Q,72.75,Q083,-1,-1,-1,-1,-1,-1,-1,-1,-1,-1,-1,-1,30,247,107,317,0.708,0.667,1.0,1.0,0.0,0.0,unstable,robust isolated,robust isolated,unstable,0,2,isolated in ≥2
Q083#17,Jackie Robinson Parkway (17/17),Parkway,Q,72.75,Q083,-1,-1,-1,-1,-1,-1,-1,-1,-1,-1,-1,-1,-1,-1,-1,-1,0.833,1.0,1.0,1.0,1.0,1.0,robust isolated,robust isolated,robust isolated,robust isolated,0,3,isolated in all
Q083#2,Jackie Robinson Parkway (2/17),Parkway,Q,72.75,Q083,330,179,350,186,338,180,129,158,315,194,-1,-1,33,324,125,375,0.0,0.0,0.0,1.0,0.0,0.0,grouped,grouped,robust isolated,grouped,2,1,grouped in ≥2
Q083#3,Jackie Robinson Parkway (3/17),Parkway,Q,72.75,Q083,-1,-1,-1,-1,-1,-1,-1,-1,-1,-1,-1,-1,30,247,107,317,0.333,0.667,0.667,1.0,0.0,0.0,unstable,unstable,robust isolated,unstable,0,1,definition-specific
Q083#4,Jackie Robinson Parkway (4/17),Parkway,Q,72.75,Q083,-1,-1,-1,-1,-1,-1,-1,-1,-1,-1,-1,-1,34,358,-1,-1,0.833,1.0,1.0,1.0,0.0,1.0,robust isolated,robust isolated,robust isolated,robust isolated,0,3,isolated in all
Q083#5,Jackie Robinson Parkway (5/17),Parkway,Q,72.75,Q083,-1,-1,-1,-1,-1,-1,-1,-1,-1,-1,-1,-1,30,246,-1,-1,0.917,1.0,1.0,1.0,0.5,0.75,robust isolated,robust isolated,robust isolated,robust isolated,0,3,isolated in all
Q083#6,Jackie Robinson Parkway (6/17),Parkway,Q,72.75,Q083,-1,-1,-1,-1,-1,-1,-1,-1,-1,-1,-1,-1,-1,-1,-1,-1,1.0,1.0,1.0,1.0,1.0,1.0,robust isolated,robust isolated,robust isolated,robust isolated,0,3,isolated in all
Q083#7,Jackie Robinson Parkway (7/17),Parkway,Q,72.75,Q083,-1,-1,-1,-1,-1,-1,-1,-1,-1,-1,-1,-1,30,247,-1,-1,0.917,0.667,1.0,1.0,0.5,1.0,robust isolated,robust isolated,robust isolated,unstable,0,3,isolated in all
Q083#8,Jackie Robinson Parkway (8/17),Parkway,Q,72.75,Q083,-1,-1,-1,-1,-1,-1,-1,-1,-1,-1,-1,-1,-1,-1,-1,-1,1.0,1.0,1.0,1.0,1.0,1.0,robust isolated,robust isolated,robust isolated,robust isolated,0,3,isolated in all
Q083#9,Jackie Robinson Parkway (9/17),Parkway,Q,72.75,Q083,-1,-1,-1,-1,-1,-1,-1,-1,-1,-1,-1,-1,33,324,-1,-1,0.542,0.667,0.333,0.625,0.0,0.75,unstable,unstable,unstable,unstable,0,0,definition-specific
Q084B,Tepper Triangle,Triangle/Plaza,Q,0.2,Q084B,-1,-1,-1,-1,-1,-1,-1,-1,-1,-1,218,9,41,445,83,-1,0.5,0.667,0.333,0.5,0.0,0.0,unstable,unstable,grouped,unstable,1,0,definition-specific
Q085,Gorman Playground,Neighborhood Park,Q,2.755,Q085,215,97,215,97,208,93,-1,-1,192,137,-1,-1,27,194,114,328,0.0,0.333,0.0,0.875,0.0,0.0,grouped,grouped,robust isolated,unstable,2,1,grouped in ≥2
Q086,Flushing Fields,Community Park,Q,7.671,Q086,273,122,273,122,273,122,92,116,251,167,-1,-1,35,414,90,265,0.0,0.0,0.0,1.0,0.0,0.0,grouped,grouped,robust isolated,grouped,2,1,grouped in ≥2
Q089B,Harvey Park,Community Park,Q,9.154,Q089B,-1,-1,-1,-1,-1,-1,-1,-1,-1,-1,-1,-1,35,426,90,275,0.75,0.667,0.778,1.0,0.0,0.0,unstable,unstable,robust isolated,unstable,0,1,definition-specific
Q090,Federalist Triangle,Triangle/Plaza,Q,0.062,Q090,229,105,226,103,219,99,105,130,210,146,-1,-1,27,203,88,259,0.125,0.0,0.0,1.0,0.0,0.0,grouped,grouped,robust isolated,grouped,2,1,grouped in ≥2
Q092,Police Officer Edward Byrne Park,Community Park,Q,4.966,Q092,-1,-1,-1,-1,-1,-1,-1,-1,-1,-1,-1,-1,30,-1,103,-1,0.333,0.667,0.333,1.0,0.0,0.0,unstable,unstable,robust isolated,unstable,0,1,definition-specific
Q094,Tudor Park,Community Park,Q,13.543,Q094,316,164,341,184,331,177,90,113,249,166,-1,-1,33,322,96,288,0.0,0.0,0.0,1.0,0.0,0.0,grouped,grouped,robust isolated,grouped,2,1,grouped in ≥2
Q094D,Gemini Fields,Recreational Field/Courts,Q,10.761,Q094D,312,162,337,182,327,175,-1,-1,249,166,-1,-1,33,322,95,287,0.0,0.333,0.0,1.0,0.0,0.0,grouped,grouped,robust isolated,unstable,2,1,grouped in ≥2
Q095,Vito Locascio Field,Recreational Field/Courts,Q,3.258,Q095,316,164,341,184,331,177,90,114,249,165,-1,-1,33,319,96,288,0.125,0.0,0.0,1.0,0.0,0.0,grouped,grouped,robust isolated,grouped,2,1,grouped in ≥2
Q096A,Locust Grove Civic Triangle,Triangle/Plaza,Q,0.315,Q096A,392,204,412,216,401,211,128,157,314,193,-1,-1,30,253,103,314,0.0,0.0,0.0,1.0,0.0,0.0,grouped,grouped,robust isolated,grouped,2,1,grouped in ≥2
Q096B,Southern Fields,Recreational Field/Courts,Q,5.593,Q096B,392,204,412,216,401,211,128,157,314,193,-1,-1,30,253,103,314,0.0,0.0,0.0,1.0,0.0,0.0,grouped,grouped,robust isolated,grouped,2,1,grouped in ≥2
Q096E,Lefferts Playground,Playground,Q,2.937,Q096E,-1,-1,-1,-1,-1,-1,128,157,314,193,-1,-1,30,253,103,314,0.25,0.0,0.0,1.0,0.0,0.0,unstable,grouped,robust isolated,grouped,1,1,definition-specific
Q096G,Park,Strip,Q,0.009,Q096G,-1,-1,-1,-1,-1,-1,-1,-1,-1,-1,-1,-1,-1,-1,-1,-1,1.0,0.667,1.0,1.0,1.0,1.0,robust isolated,robust isolated,robust isolated,unstable,0,3,isolated in all
Q098,Frank D. O'Connor Playground,Neighborhood Park,Q,1.537,Q098,225,103,222,101,215,97,127,156,204,144,-1,-1,27,197,72,207,0.0,0.0,0.0,0.812,0.0,0.0,grouped,grouped,robust isolated,grouped,2,1,grouped in ≥2
Q100,Flushing Greens,Triangle/Plaza,Q,0.421,Q100,-1,-1,-1,-1,-1,-1,74,96,215,150,-1,-1,35,415,90,266,0.25,0.0,0.0,1.0,0.0,0.0,unstable,grouped,robust isolated,grouped,1,1,definition-specific
Q100A,Daniel Carter Beard Mall,Triangle/Plaza,Q,0.658,Q100A,-1,-1,-1,-1,-1,-1,74,96,-1,-1,-1,-1,35,415,90,266,0.333,0.0,0.667,1.0,0.0,0.0,unstable,unstable,robust isolated,grouped,0,1,definition-specific
Q101,Middle Village Playground,Neighborhood Park,Q,0.448,Q101,-1,-1,-1,-1,-1,-1,-1,-1,-1,-1,-1,-1,-1,-1,107,-1,0.833,0.667,1.0,1.0,1.0,0.5,robust isolated,robust isolated,robust isolated,unstable,0,3,isolated in all
Q102,Juniper Valley Park,Community Park,Q,55.639,Q102,-1,-1,-1,-1,-1,-1,-1,-1,-1,-1,-1,-1,27,-1,88,-1,0.583,0.667,1.0,1.0,0.0,0.0,unstable,robust isolated,robust isolated,unstable,0,2,isolated in ≥2
Q103,Raymond O’Connor Park,Neighborhood Park,Q,5.4,Q103,-1,-1,-1,-1,-1,-1,-1,-1,-1,-1,-1,-1,35,432,92,277,0.417,0.667,0.667,1.0,0.0,0.0,unstable,unstable,robust isolated,unstable,0,1,definition-specific
Q104,Queensbridge Park,Community Park,Q,20.863,Q104,182,78,182,78,182,78,126,-1,-1,-1,-1,-1,27,-1,77,215,0.0,0.0,0.333,0.875,0.0,0.0,grouped,unstable,robust isolated,beyond walk limit,1,1,definition-specific
Q105,Howard Von Dohlen Playground,Neighborhood Park,Q,1.381,Q105,-1,-1,-1,-1,-1,-1,-1,-1,-1,-1,-1,-1,30,238,-1,-1,0.75,0.333,1.0,1.0,0.5,0.75,unstable,robust isolated,robust isolated,unstable,0,2,isolated in ≥2
Q106,Daniel M. O'Connell Playground,Neighborhood Park,Q,2.043,Q106,-1,-1,-1,-1,-1,-1,-1,-1,-1,-1,-1,-1,30,-1,86,-1,0.667,1.0,1.0,1.0,0.0,0.0,unstable,robust isolated,robust isolated,robust isolated,0,2,isolated in ≥2
Q107,Springfield Park,Community Park,Q,23.543,Q107,-1,-1,-1,-1,-1,-1,94,118,181,129,-1,-1,30,232,84,244,0.75,0.0,0.0,1.0,0.5,0.0,unstable,grouped,robust isolated,grouped,1,1,definition-specific
Q108,Laurelton Playground,Neighborhood Park,Q,1.785,Q108,387,203,407,215,396,210,125,152,310,192,-1,-1,30,252,84,247,0.0,0.0,0.0,1.0,0.0,0.0,grouped,grouped,robust isolated,grouped,2,1,grouped in ≥2
Q116,One Room Schoolhouse Park,Triangle/Plaza,Q,0.14,Q116,215,97,215,97,208,93,119,146,192,137,-1,-1,27,194,114,328,0.0,0.0,0.0,0.875,0.0,0.0,grouped,grouped,robust isolated,grouped,2,1,grouped in ≥2
Q118,Police Officer Nicholas Demutiis Park,Neighborhood Park,Q,1.151,Q118,-1,-1,-1,-1,-1,-1,-1,-1,-1,-1,-1,-1,30,243,103,312,0.25,0.333,0.333,1.0,0.0,0.0,unstable,unstable,robust isolated,unstable,0,1,definition-specific
Q119,Frederick B. Judge Playground,Neighborhood Park,Q,2.217,Q119,-1,-1,-1,-1,-1,-1,-1,-1,-1,-1,-1,-1,30,255,103,310,0.417,0.667,1.0,1.0,0.0,0.0,unstable,robust isolated,robust isolated,unstable,0,2,isolated in ≥2
Q120,Harvard Playground,Neighborhood Park,Q,0.581,Q120,-1,-1,-1,-1,-1,-1,-1,-1,-1,-1,-1,-1,-1,-1,83,243,0.75,0.667,1.0,1.0,1.0,0.0,unstable,robust isolated,robust isolated,unstable,0,2,isolated in ≥2
Q121,Detective Keith L Williams Park,Community Park,Q,7.683,Q121,-1,-1,-1,-1,-1,-1,124,151,223,153,-1,-1,30,235,87,258,0.25,0.0,0.0,0.938,0.0,0.0,unstable,grouped,robust isolated,grouped,1,1,definition-specific
Q121A,William Simmons Community Garden Club,Garden,Q,0.599,Q121A,-1,-1,-1,-1,-1,-1,124,151,-1,-1,-1,-1,30,235,87,258,0.5,0.0,0.667,1.0,0.0,0.0,unstable,unstable,robust isolated,grouped,0,1,definition-specific
Q122,Junction Playground,Neighborhood Park,Q,0.54,Q122,215,94,215,94,208,90,76,98,197,142,-1,-1,27,193,114,332,0.0,0.0,0.0,0.938,0.0,0.0,grouped,grouped,robust isolated,grouped,2,1,grouped in ≥2
Q123,Astoria Health Playground,Playground,Q,0.207,Q123,-1,-1,-1,-1,-1,-1,-1,-1,-1,-1,-1,-1,27,213,77,218,0.75,0.333,1.0,1.0,0.0,0.25,unstable,robust isolated,robust isolated,unstable,0,2,isolated in ≥2
Q124,Myrtle Avenue Clemens Triangle,Triangle/Plaza,Q,0.013,Q124,384,202,404,214,393,209,123,150,309,191,-1,-1,34,359,147,424,0.0,0.0,0.0,0.938,0.0,0.0,grouped,grouped,robust isolated,grouped,2,1,grouped in ≥2
Q126,Francis Lewis Park,Neighborhood Park,Q,16.831,Q126,-1,-1,-1,-1,-1,-1,-1,-1,-1,-1,-1,-1,35,-1,90,-1,0.75,1.0,0.667,1.0,0.0,0.0,unstable,unstable,robust isolated,robust isolated,0,1,definition-specific
Q127,Marconi Park,Neighborhood Park,Q,4.635,Q127,250,112,247,110,240,106,80,103,222,152,-1,-1,30,236,87,254,0.0,0.0,0.0,1.0,0.0,0.0,grouped,grouped,robust isolated,grouped,2,1,grouped in ≥2
Q128,London Planetree Playground,Neighborhood Park,Q,1.837,Q128,-1,-1,-1,-1,-1,-1,-1,-1,-1,-1,-1,-1,30,241,103,313,0.375,0.333,0.667,1.0,0.0,0.0,unstable,unstable,robust isolated,unstable,0,1,definition-specific
Q129,"Phil ""Scooter"" Rizzuto Park",Community Park,Q,4.353,Q129,363,195,383,207,372,202,-1,-1,-1,-1,-1,-1,30,245,103,316,0.0,0.333,0.333,1.0,0.0,0.0,grouped,unstable,robust isolated,unstable,1,1,definition-specific
Q130,Motor Parkway,Nature Area,Q,13.894,Q130,357,191,377,203,366,198,107,132,281,179,-1,-1,35,434,100,300,0.0,0.0,0.0,1.0,0.0,0.0,grouped,grouped,robust isolated,grouped,2,1,grouped in ≥2
Q131,Frank Principe Park,Community Park,Q,7.461,Q131,229,105,226,103,219,99,105,130,210,146,-1,-1,27,203,88,259,0.0,0.0,0.0,1.0,0.0,0.0,grouped,grouped,robust isolated,grouped,2,1,grouped in ≥2
Q133,Pat Williams Playground,Playground,Q,0.514,Q133,-1,-1,-1,-1,-1,-1,-1,-1,-1,-1,-1,-1,-1,-1,87,257,0.875,0.333,1.0,1.0,1.0,0.0,robust isolated,robust isolated,robust isolated,unstable,0,3,isolated in all
Q133A,Hempstead Ballfield,Recreational Field/Courts,Q,1.94,Q133A,-1,-1,-1,-1,-1,-1,122,149,-1,-1,-1,-1,-1,-1,87,257,0.75,0.0,1.0,1.0,1.0,0.0,unstable,robust isolated,robust isolated,grouped,0,2,isolated in ≥2
Q133B,Hempstead Bench Spread,Triangle/Plaza,Q,0.274,Q133B,-1,-1,-1,-1,-1,-1,122,149,-1,-1,-1,-1,30,-1,87,257,0.75,0.0,1.0,1.0,0.5,0.5,unstable,robust isolated,robust isolated,grouped,0,2,isolated in ≥2
Q134,Jack Breininger Park,Neighborhood Park,Q,3.4,Q134,-1,-1,-1,-1,-1,-1,-1,-1,-1,-1,-1,-1,35,427,86,-1,0.75,0.667,1.0,1.0,0.5,0.0,unstable,robust isolated,robust isolated,unstable,0,2,isolated in ≥2
Q135A,McKee Triangle,Triangle/Plaza,Q,0.059,Q135A,-1,-1,-1,-1,-1,-1,-1,-1,-1,-1,-1,-1,35,426,90,275,0.25,0.667,0.556,1.0,0.0,0.0,unstable,unstable,robust isolated,unstable,0,1,definition-specific
Q136,Playground 115,Playground,Q,0.287,Q136,-1,-1,-1,-1,-1,-1,-1,-1,-1,-1,-1,-1,35,417,90,269,0.625,0.667,0.333,1.0,0.5,0.0,unstable,unstable,robust isolated,unstable,0,1,definition-specific
Q137,Columbus Square,Triangle/Plaza,Q,0.1,Q137,186,82,186,82,249,111,121,148,169,126,-1,-1,27,215,77,217,0.0,0.0,0.0,1.0,0.0,0.0,grouped,grouped,robust isolated,grouped,2,1,grouped in ≥2
Q139,Drumm Triangle,Triangle/Plaza,Q,0.166,Q139,-1,-1,-1,-1,-1,-1,-1,-1,-1,-1,-1,-1,30,-1,107,-1,0.25,0.667,0.333,0.812,0.0,0.0,unstable,unstable,robust isolated,unstable,0,1,definition-specific
Q140,Barclay Triangle,Triangle/Plaza,Q,0.047,Q140,215,-1,215,-1,208,-1,-1,-1,-1,-1,-1,-1,27,195,114,333,0.0,0.667,0.333,1.0,0.0,0.0,beyond walk limit,unstable,robust isolated,unstable,0,1,definition-specific
Q141,Murray Playground,Neighborhood Park,Q,2.524,Q141,193,85,193,85,186,81,113,138,168,125,-1,-1,27,185,78,223,0.0,0.0,0.0,1.0,0.0,0.0,grouped,grouped,robust isolated,grouped,2,1,grouped in ≥2
Q142,Jacob Riis Triangle,Triangle/Plaza,Q,0.005,Q142,383,201,403,213,392,208,-1,-1,-1,-1,-1,-1,30,244,103,315,0.0,0.667,0.333,0.875,0.0,0.0,grouped,unstable,robust isolated,unstable,1,1,definition-specific
Q147,Ruoff Triangle,Triangle/Plaza,Q,0.054,Q147,313,163,338,183,328,176,-1,-1,270,175,-1,-1,33,320,103,313,0.0,0.333,0.0,1.0,0.0,0.0,grouped,grouped,robust isolated,unstable,2,1,grouped in ≥2
Q148,Catholic War Veterans Square,Triangle/Plaza,Q,0.006,Q148,382,200,402,212,391,207,-1,-1,304,190,-1,-1,30,254,103,309,0.0,0.333,0.0,0.875,0.0,0.0,grouped,grouped,robust isolated,unstable,2,1,grouped in ≥2
Q151,Grand Slope,Triangle/Plaza,Q,0.207,Q151,-1,-1,-1,-1,-1,-1,-1,-1,-1,-1,-1,-1,27,219,88,-1,0.25,0.667,0.333,1.0,0.0,0.0,unstable,unstable,robust isolated,unstable,0,1,definition-specific
Q152,Horsebrook Island,Triangle/Plaza,Q,0.03,Q152,355,190,375,202,364,197,120,147,279,178,-1,-1,27,220,115,342,0.125,0.0,0.0,1.0,0.5,0.0,grouped,grouped,robust isolated,grouped,2,1,grouped in ≥2
Q157,Metro Triangle,Triangle/Plaza,Q,0.02,Q157,383,201,403,213,392,208,-1,-1,-1,-1,-1,-1,30,244,103,315,0.0,0.667,0.333,0.875,0.0,0.0,grouped,unstable,robust isolated,unstable,1,1,definition-specific
Q159,Father Reilly Square,Triangle/Plaza,Q,0.03,Q159,-1,-1,-1,-1,-1,-1,-1,-1,-1,-1,-1,-1,35,427,86,252,0.75,0.667,1.0,1.0,0.5,0.0,unstable,robust isolated,robust isolated,unstable,0,2,isolated in ≥2
Q160,O'Sullivan Plaza,Triangle/Plaza,Q,0.03,Q160,215,97,215,97,208,93,119,146,192,137,-1,-1,27,194,114,328,0.0,0.0,0.0,1.0,0.0,0.0,grouped,grouped,robust isolated,grouped,2,1,grouped in ≥2
Q162E,Beach 59th St Playground,Playground,Q,0.618,Q162E,196,87,196,87,189,83,-1,-1,180,128,-1,-1,29,225,80,-1,0.0,0.333,0.0,0.75,0.0,0.0,grouped,grouped,unstable,unstable,2,0,grouped in ≥2
Q162H,Beach 30th Street Playground,Neighborhood Park,Q,7.122,Q162H,266,118,266,118,266,118,118,144,235,160,-1,-1,29,231,80,230,0.0,0.0,0.0,0.75,0.0,0.0,grouped,grouped,unstable,grouped,2,0,grouped in ≥2
Q162H01,Park,Nature Area,Q,1.14,Q162H01,266,118,266,118,266,118,118,144,235,160,-1,-1,29,231,80,230,0.0,0.0,0.0,0.625,0.0,0.0,grouped,grouped,unstable,grouped,2,0,grouped in ≥2
Q162I,Rockaway Beach and Boardwalk,Waterfront Facility,Q,3.809,Q162I,266,118,266,118,266,118,118,145,235,160,-1,-1,29,230,80,229,0.0,0.0,0.0,0.938,0.0,0.0,grouped,grouped,robust isolated,grouped,2,1,grouped in ≥2
Q162J,Beach 17 Playground,Neighborhood Park,Q,13.75,Q162J,-1,-1,-1,-1,-1,-1,118,145,-1,-1,-1,-1,29,230,80,229,0.25,0.0,0.667,0.875,0.0,0.0,unstable,unstable,robust isolated,grouped,0,1,definition-specific
Q162J01,Beach 9 Playground,Neighborhood Park,Q,4.863,Q162J01,266,117,266,117,266,117,118,145,236,161,-1,-1,29,226,80,228,0.0,0.0,0.0,0.875,0.0,0.0,grouped,grouped,robust isolated,grouped,2,1,grouped in ≥2
Q165,Spring Creek Park Addition,Nature Area,Q,50.436,Q165,-1,-1,-1,-1,-1,-1,117,142,-1,-1,-1,-1,-1,-1,149,-1,0.833,0.0,1.0,1.0,1.0,0.0,robust isolated,robust isolated,robust isolated,grouped,0,3,isolated in all
Q168,Alexander Grey Triangle,Triangle/Plaza,Q,0.01,Q168,-1,-1,-1,-1,-1,-1,-1,-1,-1,-1,-1,-1,35,425,90,274,0.583,0.667,0.667,1.0,0.0,0.0,unstable,unstable,robust isolated,unstable,0,1,definition-specific
Q172,Corona Plaza,Triangle/Plaza,Q,0.041,Q172,218,102,253,113,246,109,116,141,230,157,-1,-1,27,211,114,337,0.0,0.0,0.0,1.0,0.0,0.0,grouped,grouped,robust isolated,grouped,2,1,grouped in ≥2
Q173,American Triangle,Triangle/Plaza,Q,0.009,Q173,218,102,253,113,246,109,116,141,230,157,-1,-1,27,211,114,337,0.0,0.0,0.0,1.0,0.0,0.0,grouped,grouped,robust isolated,grouped,2,1,grouped in ≥2
Q174A,St. Michael's Playground,Neighborhood Park,Q,5.43,Q174A,-1,-1,-1,-1,-1,-1,-1,-1,-1,-1,-1,-1,27,-1,73,212,0.417,0.667,0.667,0.875,0.0,0.5,unstable,unstable,robust isolated,unstable,0,1,definition-specific
Q177,Tudor Malls,Mall,Q,0.137,Q177,-1,-1,-1,-1,-1,-1,90,113,-1,-1,-1,-1,33,322,96,288,0.5,0.0,1.0,1.0,0.0,0.5,unstable,robust isolated,robust isolated,grouped,0,2,isolated in ≥2
Q178#1,Mall Forty Two XLII (1/3),Mall,Q,1.429,Q178,352,187,372,199,361,194,101,125,269,174,-1,-1,35,429,100,303,0.0,0.0,0.0,1.0,0.0,0.0,grouped,grouped,robust isolated,grouped,2,1,grouped in ≥2
Q178#2,Mall Forty Two XLII (2/3),Mall,Q,1.429,Q178,-1,-1,-1,-1,-1,-1,-1,-1,-1,-1,-1,-1,35,-1,92,-1,0.5,0.667,0.667,1.0,0.0,0.0,unstable,unstable,robust isolated,unstable,0,1,definition-specific
Q178#3,Mall Forty Two XLII (3/3),Mall,Q,1.429,Q178,-1,-1,-1,-1,-1,-1,-1,-1,-1,-1,-1,-1,35,429,100,303,0.75,0.667,1.0,1.0,0.5,0.0,unstable,robust isolated,robust isolated,unstable,0,2,isolated in ≥2
Q186,Jackson Mill Green,Triangle/Plaza,Q,0.065,Q186,214,92,214,92,207,88,-1,-1,-1,-1,-1,-1,27,196,114,334,0.167,0.333,0.667,1.0,0.0,0.0,grouped,unstable,robust isolated,unstable,1,1,definition-specific
Q190,Corporal Ruoff Square,Triangle/Plaza,Q,0.084,Q190,-1,-1,-1,-1,-1,-1,-1,-1,-1,-1,-1,-1,30,243,103,312,0.25,0.333,0.333,1.0,0.0,0.0,unstable,unstable,robust isolated,unstable,0,1,definition-specific
Q203,David J O'Connell Square,Triangle/Plaza,Q,0.055,Q203,382,200,402,212,391,207,-1,-1,304,190,-1,-1,30,254,103,309,0.0,0.333,0.0,1.0,0.0,0.0,grouped,grouped,robust isolated,unstable,2,1,grouped in ≥2
Q205A,Big Bush Playground,Community Park,Q,2.5,Q205A,-1,-1,-1,-1,-1,-1,-1,-1,-1,-1,-1,-1,-1,-1,-1,-1,0.75,0.333,1.0,1.0,1.0,1.0,unstable,robust isolated,robust isolated,unstable,0,2,isolated in ≥2
Q205B,Nathan Weidenbaum Playground,Playground,Q,0.732,Q205B,-1,-1,-1,-1,-1,-1,-1,-1,-1,-1,-1,-1,27,-1,-1,-1,0.75,0.333,1.0,1.0,0.5,1.0,unstable,robust isolated,robust isolated,unstable,0,2,isolated in ≥2
Q206,Eight Oaks Triangle,Triangle/Plaza,Q,0.045,Q206,-1,-1,-1,-1,-1,-1,-1,-1,-1,-1,-1,-1,-1,-1,-1,-1,1.0,0.667,1.0,1.0,1.0,0.75,robust isolated,robust isolated,robust isolated,unstable,0,3,isolated in all
Q207,MacDonald Park,Neighborhood Park,Q,1.415,Q207,-1,-1,-1,-1,-1,-1,-1,-1,-1,-1,-1,-1,-1,-1,109,319,0.75,0.333,0.667,1.0,1.0,0.0,unstable,unstable,robust isolated,unstable,0,1,definition-specific
Q208,Litchhult Square,Triangle/Plaza,Q,0.074,Q208,-1,-1,-1,-1,-1,-1,-1,-1,-1,-1,-1,-1,30,249,86,-1,0.25,0.667,0.333,1.0,0.0,0.0,unstable,unstable,robust isolated,unstable,0,1,definition-specific
Q209,Lawrence Triangle,Triangle/Plaza,Q,0.138,Q209,-1,-1,-1,-1,-1,-1,-1,-1,-1,-1,-1,-1,35,-1,90,-1,0.667,1.0,1.0,1.0,0.0,0.0,unstable,robust isolated,robust isolated,robust isolated,0,2,isolated in ≥2
Q211,Maple Playground,Neighborhood Park,Q,0.978,Q211,-1,-1,-1,-1,-1,-1,-1,-1,-1,-1,-1,-1,35,416,90,267,0.583,0.333,1.0,1.0,0.0,0.25,unstable,robust isolated,robust isolated,unstable,0,2,isolated in ≥2
Q212,Queens Valley Playground,Jointly Operated Playground,Q,0.876,Q212,-1,-1,-1,-1,-1,-1,-1,-1,-1,-1,-1,-1,-1,-1,-1,-1,0.75,0.333,1.0,1.0,1.0,0.75,unstable,robust isolated,robust isolated,unstable,0,2,isolated in ≥2
Q213,Studley Triangle,Triangle/Plaza,Q,0.024,Q213,-1,-1,-1,-1,-1,-1,-1,-1,-1,-1,-1,-1,35,-1,90,-1,0.25,0.667,0.333,1.0,0.0,0.0,unstable,unstable,robust isolated,unstable,0,1,definition-specific
Q214,Leonard Square,Triangle/Plaza,Q,0.06,Q214,273,123,273,123,273,123,-1,-1,-1,-1,-1,-1,35,413,90,263,0.0,0.333,0.333,1.0,0.0,0.0,grouped,unstable,robust isolated,unstable,1,1,definition-specific
Q215,Whitey Ford Field,Recreational Field/Courts,Q,3.45,Q215,-1,-1,-1,-1,-1,-1,-1,-1,166,-1,-1,-1,-1,-1,77,-1,0.75,0.333,0.0,1.0,1.0,0.0,unstable,beyond walk limit,robust isolated,unstable,0,1,definition-specific
Q217,Lt. Frank McConnell Park,Triangle/Plaza,Q,0.207,Q217,363,195,383,207,372,202,-1,-1,-1,-1,-1,-1,30,245,103,316,0.0,0.333,0.333,1.0,0.0,0.0,grouped,unstable,robust isolated,unstable,1,1,definition-specific
Q218,Dutch Kills Playground,Jointly Operated Playground,Q,2.4,Q218,182,76,182,76,182,76,-1,-1,-1,-1,-1,-1,27,189,77,221,0.0,0.667,0.333,1.0,0.0,0.0,grouped,unstable,robust isolated,unstable,1,1,definition-specific
Q219#1,Rockaway Freeway (1/16),Parkway,Q,8.422,Q219,-1,-1,-1,-1,-1,-1,68,89,212,148,-1,-1,37,440,81,237,0.5,0.0,0.333,1.0,0.5,0.0,unstable,grouped,robust isolated,grouped,1,1,definition-specific
Q219#10,Rockaway Freeway (10/16),Parkway,Q,8.422,Q219,-1,-1,-1,-1,-1,-1,106,131,190,133,-1,-1,29,228,80,231,0.5,0.0,0.0,1.0,0.5,0.0,unstable,grouped,robust isolated,grouped,1,1,definition-specific
Q219#11,Rockaway Freeway (11/16),Parkway,Q,8.422,Q219,-1,-1,-1,-1,-1,-1,-1,-1,-1,-1,-1,-1,-1,-1,81,238,0.75,0.333,0.778,1.0,1.0,0.0,unstable,unstable,robust isolated,unstable,0,1,definition-specific
Q219#12,Rockaway Freeway (12/16),Parkway,Q,8.422,Q219,-1,-1,-1,-1,-1,-1,88,111,237,162,-1,-1,29,224,81,241,0.5,0.0,0.333,1.0,0.5,0.0,unstable,grouped,robust isolated,grouped,1,1,definition-specific
Q219#13,Rockaway Freeway (13/16),Parkway,Q,8.422,Q219,-1,-1,-1,-1,-1,-1,71,92,191,134,-1,-1,29,229,80,232,0.25,0.0,0.0,1.0,0.0,0.0,unstable,grouped,robust isolated,grouped,1,1,definition-specific
Q219#14,Rockaway Freeway (14/16),Parkway,Q,8.422,Q219,-1,-1,-1,-1,-1,-1,-1,-1,-1,-1,-1,-1,37,440,81,238,0.5,0.333,0.556,1.0,0.5,0.0,unstable,unstable,robust isolated,unstable,0,1,definition-specific
Q219#15,Rockaway Freeway (15/16),Parkway,Q,8.422,Q219,-1,-1,-1,-1,-1,-1,-1,-1,212,148,-1,-1,37,440,81,237,0.25,0.333,0.0,1.0,0.5,0.0,unstable,grouped,robust isolated,unstable,1,1,definition-specific
Q219#16,Rockaway Freeway (16/16),Parkway,Q,8.422,Q219,-1,-1,-1,-1,-1,-1,100,124,-1,-1,-1,-1,-1,-1,81,234,0.75,0.0,0.778,1.0,1.0,0.5,unstable,unstable,robust isolated,grouped,0,1,definition-specific
Q219#2,Rockaway Freeway (2/16),Parkway,Q,8.422,Q219,-1,-1,-1,-1,-1,-1,71,92,191,134,-1,-1,-1,-1,80,232,0.25,0.0,0.0,1.0,1.0,0.5,unstable,grouped,robust isolated,grouped,1,1,definition-specific
Q219#3,Rockaway Freeway (3/16),Parkway,Q,8.422,Q219,-1,-1,-1,-1,-1,-1,75,97,-1,-1,-1,-1,-1,-1,81,234,0.625,0.0,0.556,1.0,1.0,0.0,unstable,unstable,robust isolated,grouped,0,1,definition-specific
Q219#4,Rockaway Freeway (4/16),Parkway,Q,8.422,Q219,-1,-1,-1,-1,-1,-1,-1,-1,-1,-1,-1,-1,29,224,81,238,0.75,0.667,0.333,1.0,0.5,0.0,unstable,unstable,robust isolated,unstable,0,1,definition-specific
Q219#5,Rockaway Freeway (5/16),Parkway,Q,8.422,Q219,-1,-1,-1,-1,-1,-1,67,88,-1,-1,-1,-1,-1,-1,80,227,0.5,0.0,1.0,1.0,1.0,0.5,unstable,robust isolated,robust isolated,grouped,0,2,isolated in ≥2
Q219#6,Rockaway Freeway (6/16),Parkway,Q,8.422,Q219,238,109,235,107,228,103,95,119,213,149,-1,-1,37,440,81,238,0.0,0.0,0.0,1.0,0.5,0.0,grouped,grouped,robust isolated,grouped,2,1,grouped in ≥2
Q219#7,Rockaway Freeway (7/16),Parkway,Q,8.422,Q219,-1,-1,-1,-1,-1,-1,-1,-1,-1,-1,-1,-1,29,228,-1,-1,0.75,0.333,1.0,1.0,0.5,1.0,unstable,robust isolated,robust isolated,unstable,0,2,isolated in ≥2
Q219#8,Rockaway Freeway (8/16),Parkway,Q,8.422,Q219,-1,-1,-1,-1,-1,-1,88,111,-1,-1,-1,-1,29,224,81,241,0.5,0.0,1.0,1.0,0.5,0.5,unstable,robust isolated,robust isolated,grouped,0,2,isolated in ≥2
Q219#9,Rockaway Freeway (9/16),Parkway,Q,8.422,Q219,-1,-1,-1,-1,-1,-1,71,92,191,134,-1,-1,29,229,80,232,0.25,0.0,0.0,1.0,0.5,0.0,unstable,grouped,robust isolated,grouped,1,1,definition-specific
Q220B,Norelli-Hargreaves Playground,Playground,Q,1.427,Q220B,-1,-1,-1,-1,-1,-1,-1,-1,-1,-1,-1,-1,30,239,103,308,0.25,0.667,0.333,0.75,0.0,0.0,unstable,unstable,unstable,unstable,0,0,definition-specific
Q220C,Dr. Charles R. Drew Park,Recreational Field/Courts,Q,6.336,Q220C,375,198,395,210,384,205,-1,-1,297,188,-1,-1,30,255,103,310,0.0,0.333,0.0,1.0,0.0,0.0,grouped,grouped,robust isolated,unstable,2,1,grouped in ≥2
Q220D,Foch Sitting Area,Triangle/Plaza,Q,0.051,Q220D,375,198,395,210,384,205,115,140,297,188,-1,-1,30,256,103,311,0.0,0.0,0.0,0.75,0.0,0.0,grouped,grouped,unstable,grouped,2,0,grouped in ≥2
Q220E,Playground One Forty,Playground,Q,1.37,Q220E,-1,-1,-1,-1,-1,-1,115,140,297,188,-1,-1,30,256,103,311,0.25,0.0,0.0,1.0,0.0,0.0,unstable,grouped,robust isolated,grouped,1,1,definition-specific
Q220F,Maple Grove Park,Triangle/Plaza,Q,1.5,Q220F,379,199,399,211,388,206,114,139,299,189,-1,-1,-1,-1,109,322,0.0,0.0,0.0,1.0,1.0,0.0,grouped,grouped,robust isolated,grouped,2,1,grouped in ≥2
Q220G,Hoover - Manton Playgrounds,Neighborhood Park,Q,5.2,Q220G,379,199,399,211,388,206,114,139,299,189,-1,-1,-1,-1,109,322,0.0,0.0,0.0,1.0,1.0,0.0,grouped,grouped,robust isolated,grouped,2,1,grouped in ≥2
Q221,Farm Playground,Jointly Operated Playground,Q,3.757,Q221,368,196,388,208,377,203,-1,-1,288,182,-1,-1,35,437,99,-1,0.0,0.333,0.0,1.0,0.0,0.0,grouped,grouped,robust isolated,unstable,2,1,grouped in ≥2
Q222,Glenwood Landing,Triangle/Plaza,Q,0.3,Q222,-1,-1,-1,-1,-1,-1,-1,-1,-1,-1,-1,-1,-1,-1,98,292,0.833,0.333,1.0,1.0,1.0,0.0,robust isolated,robust isolated,robust isolated,unstable,0,3,isolated in all
Q223,Fresh Meadows Park,Triangle/Plaza,Q,1.23,Q223,368,-1,388,-1,377,-1,-1,-1,-1,-1,-1,-1,35,-1,99,298,0.0,0.667,0.333,1.0,0.0,0.0,beyond walk limit,unstable,robust isolated,unstable,0,1,definition-specific
Q225,Broad Channel Veteran's Park,Triangle/Plaza,Q,0.565,Q225,-1,-1,-1,-1,-1,-1,-1,-1,-1,-1,-1,-1,36,439,113,326,0.25,0.667,0.333,1.0,0.0,0.0,unstable,unstable,robust isolated,unstable,0,1,definition-specific
Q226,Hallets Cove Playground,Neighborhood Park,Q,5.84399754,Q226,183,79,183,79,248,110,81,104,166,123,-1,-1,-1,-1,77,218,0.0,0.0,0.0,1.0,1.0,0.0,grouped,grouped,robust isolated,grouped,2,1,grouped in ≥2
Q231,Sergeant Colyer Square,Triangle/Plaza,Q,0.104,Q231,-1,-1,-1,-1,-1,-1,-1,-1,297,188,-1,-1,30,256,103,311,0.25,0.333,0.0,1.0,0.0,0.0,unstable,grouped,robust isolated,unstable,1,1,definition-specific
Q232,Dwyer Square,Triangle/Plaza,Q,0.002,Q232,-1,-1,-1,-1,-1,-1,-1,-1,-1,-1,-1,-1,27,187,-1,-1,0.5,0.333,1.0,0.938,0.0,0.5,unstable,robust isolated,robust isolated,unstable,0,2,isolated in ≥2
Q243,Norelli-Hargreaves Memorial Triangle,Triangle/Plaza,Q,0.036,Q243,-1,-1,-1,-1,-1,-1,-1,-1,-1,-1,-1,-1,30,239,102,307,0.75,0.667,0.667,1.0,0.0,0.0,unstable,unstable,robust isolated,unstable,0,1,definition-specific
Q245,Hollis Veterans Square,Triangle/Plaza,Q,0.018,Q245,-1,-1,-1,-1,-1,-1,-1,-1,-1,-1,-1,-1,-1,-1,83,-1,0.833,0.667,0.667,1.0,1.0,0.25,robust isolated,unstable,robust isolated,unstable,0,2,isolated in ≥2
Q246,Travis Triangle,Triangle/Plaza,Q,0.221,Q246,272,121,272,121,272,121,-1,-1,-1,-1,-1,-1,35,413,90,263,0.0,0.333,0.333,1.0,0.0,0.0,grouped,unstable,robust isolated,unstable,1,1,definition-specific
Q254,Corporal Frank F. Fagan Sq.,Triangle/Plaza,Q,0.004,Q254,200,89,200,89,193,85,69,90,184,131,-1,-1,27,187,72,210,0.0,0.0,0.0,0.875,0.0,0.0,grouped,grouped,robust isolated,grouped,2,1,grouped in ≥2
Q257,Lt. Clinton L .Whiting Square,Triangle/Plaza,Q,0.049,Q257,-1,-1,-1,-1,-1,-1,-1,-1,-1,-1,-1,-1,30,241,103,313,0.5,0.667,1.0,1.0,0.0,0.5,unstable,robust isolated,robust isolated,unstable,0,2,isolated in ≥2
Q259,Memorial Circle,Triangle/Plaza,Q,0.1,Q259,245,110,242,108,235,104,-1,-1,216,151,-1,-1,37,441,81,233,0.167,0.333,0.0,0.812,0.0,0.0,grouped,grouped,robust isolated,unstable,2,1,grouped in ≥2
Q262,Alameda Malls,Mall,Q,0.553,Q262,-1,-1,-1,-1,-1,-1,86,109,241,163,-1,-1,35,420,98,291,0.5,0.0,0.0,1.0,0.0,0.0,unstable,grouped,robust isolated,grouped,1,1,definition-specific
Q266,Westbourne Playground,Jointly Operated Playground,Q,1.13,Q266,-1,-1,-1,-1,-1,-1,-1,-1,-1,-1,-1,-1,-1,-1,112,-1,1.0,1.0,1.0,1.0,1.0,0.0,robust isolated,robust isolated,robust isolated,robust isolated,0,3,isolated in all
Q267,Court Square Park,Triangle/Plaza,Q,0.492,Q267,193,85,193,85,186,81,113,138,168,125,-1,-1,27,185,78,223,0.0,0.0,0.0,1.0,0.5,0.0,grouped,grouped,robust isolated,grouped,2,1,grouped in ≥2
Q268,Bell Malls,Mall,Q,1.652,Q268,-1,-1,-1,-1,-1,-1,109,134,265,171,-1,-1,35,428,100,299,0.25,0.0,0.0,1.0,0.0,0.0,unstable,grouped,robust isolated,grouped,1,1,definition-specific
Q275,Patricia A. Brackley Park,Triangle/Plaza,Q,0.157,Q275,-1,-1,-1,-1,-1,-1,112,137,-1,-1,-1,-1,37,441,81,233,0.25,0.0,0.333,1.0,0.0,0.0,unstable,unstable,robust isolated,grouped,0,1,definition-specific
Q277,South Gate Mall,Mall,Q,0.145,Q277,-1,-1,-1,-1,-1,-1,98,122,260,169,-1,-1,-1,-1,84,245,0.5,0.0,0.0,1.0,1.0,0.0,unstable,grouped,robust isolated,grouped,1,1,definition-specific
Q281,Nakks Malls,Mall,Q,0.185,Q281,-1,-1,-1,-1,-1,-1,-1,-1,-1,-1,-1,-1,30,250,86,253,0.5,0.333,1.0,1.0,0.0,0.0,unstable,robust isolated,robust isolated,unstable,0,2,isolated in ≥2
Q283,225 Street Malls,Mall,Q,0.402,Q283,-1,-1,-1,-1,-1,-1,-1,-1,-1,-1,-1,-1,30,233,84,-1,0.625,0.667,0.667,1.0,0.0,0.0,unstable,unstable,robust isolated,unstable,0,1,definition-specific
Q284,Sixteen Oaks Grove,Triangle/Plaza,Q,0.22,Q284,182,76,182,76,182,76,-1,-1,-1,-1,-1,-1,27,191,77,220,0.0,0.333,0.333,1.0,0.0,0.0,grouped,unstable,robust isolated,unstable,1,1,definition-specific
Q285,Al Stabile Playground,Jointly Operated Playground,Q,0.494,Q285,-1,-1,-1,-1,-1,-1,-1,-1,-1,-1,-1,-1,30,242,-1,-1,0.667,0.333,1.0,1.0,0.0,0.75,unstable,robust isolated,robust isolated,unstable,0,2,isolated in ≥2
Q289,Pinocchio Playground,Jointly Operated Playground,Q,1.016,Q289,-1,-1,-1,-1,-1,-1,-1,-1,-1,-1,-1,-1,30,248,107,318,0.583,0.667,1.0,1.0,0.0,0.0,unstable,robust isolated,robust isolated,unstable,0,2,isolated in ≥2
Q290,"""Uncle"" Vito F. Maranzano Glendale Playground",Playground,Q,1.15,Q290,370,197,390,209,379,204,-1,-1,295,187,-1,-1,30,248,107,318,0.0,0.333,0.0,1.0,0.0,0.0,grouped,grouped,robust isolated,unstable,2,1,grouped in ≥2
Q291,Starr Playground,Playground,Q,0.9,Q291,300,-1,298,-1,278,-1,-1,-1,-1,-1,-1,-1,34,360,147,427,0.0,0.667,0.333,1.0,0.0,0.0,beyond walk limit,unstable,robust isolated,unstable,0,1,definition-specific
Q293,Saul Weprin Playground,Jointly Operated Playground,Q,1.964,Q293,-1,-1,-1,-1,-1,-1,-1,-1,-1,-1,-1,-1,35,430,99,-1,0.25,0.667,0.667,1.0,0.0,0.0,unstable,unstable,robust isolated,unstable,0,1,definition-specific
Q294,Utopia Playground,Neighborhood Park,Q,2.98,Q294,-1,-1,-1,-1,-1,-1,-1,-1,-1,-1,-1,-1,35,436,99,293,0.417,0.333,0.667,1.0,0.0,0.0,unstable,unstable,robust isolated,unstable,0,1,definition-specific
Q296,Playground Thirty Five XXXV,Playground,Q,0.218,Q296,-1,-1,-1,-1,-1,-1,-1,-1,-1,-1,-1,-1,27,186,77,222,0.417,0.667,0.667,0.875,0.0,0.0,unstable,unstable,robust isolated,unstable,0,1,definition-specific
Q298,Paul Raimonda Playground,Playground,Q,1.31,Q298,344,185,364,197,353,192,-1,-1,-1,-1,-1,-1,27,207,79,224,0.0,0.667,0.333,1.0,0.0,0.0,grouped,unstable,robust isolated,unstable,1,1,definition-specific
Q299,Overlook Park,Nature Area,Q,2.327,Q299,215,93,215,93,208,89,-1,-1,192,135,-1,-1,27,196,114,334,0.0,0.333,0.0,1.0,0.0,0.0,grouped,grouped,robust isolated,unstable,2,1,grouped in ≥2
Q300A,Kissena Corridor Park,Community Park,Q,45.937,Q300A,368,196,388,208,377,203,111,136,288,182,-1,-1,35,437,99,298,0.0,0.0,0.0,1.0,0.0,0.0,grouped,grouped,robust isolated,grouped,2,1,grouped in ≥2
Q300A1,Holy Cow Playground,Jointly Operated Playground,Q,2.7,Q300A1,-1,-1,-1,-1,-1,-1,111,136,-1,-1,-1,-1,-1,-1,99,298,0.75,0.0,1.0,1.0,1.0,0.0,unstable,robust isolated,robust isolated,grouped,0,2,isolated in ≥2
Q301,Jamaica Playground,Jointly Operated Playground,Q,2.456,Q301,250,112,247,110,240,106,77,99,222,152,-1,-1,30,236,87,254,0.0,0.0,0.0,1.0,0.0,0.0,grouped,grouped,robust isolated,grouped,2,1,grouped in ≥2
Q302,Evergreen Park,Jointly Operated Playground,Q,3.32,Q302,-1,-1,-1,-1,-1,-1,-1,-1,-1,-1,-1,-1,34,-1,-1,-1,0.833,0.667,1.0,1.0,0.0,0.75,robust isolated,robust isolated,robust isolated,unstable,0,3,isolated in all
Q303,Travers Park,Playground,Q,1.919,Q303,215,99,215,99,208,95,73,95,193,138,-1,-1,27,198,114,330,0.0,0.0,0.0,0.875,0.0,0.0,grouped,grouped,robust isolated,grouped,2,1,grouped in ≥2
Q304,Ehrenreich-Austin Playground,Playground,Q,1.161,Q304,-1,-1,-1,-1,-1,-1,-1,-1,-1,-1,-1,-1,-1,-1,109,-1,0.75,0.667,1.0,1.0,1.0,0.0,unstable,robust isolated,robust isolated,unstable,0,2,isolated in ≥2
Q305,Mafera Park,Community Park,Q,5.4,Q305,-1,-1,-1,-1,-1,-1,-1,-1,-1,-1,-1,-1,34,-1,-1,-1,0.833,0.667,1.0,1.0,0.5,0.75,robust isolated,robust isolated,robust isolated,unstable,0,3,isolated in all
Q306,The Painter's Playground,Jointly Operated Playground,Q,1.699,Q306,-1,-1,-1,-1,-1,-1,-1,-1,-1,-1,-1,-1,30,-1,109,320,0.75,0.667,1.0,1.0,0.5,0.0,unstable,robust isolated,robust isolated,unstable,0,2,isolated in ≥2
Q307,Delphin H. Greene Playground,Jointly Operated Playground,Q,2.8,Q307,361,194,381,206,370,201,110,135,287,181,-1,-1,30,240,84,248,0.0,0.0,0.0,0.625,0.0,0.0,grouped,grouped,unstable,grouped,2,0,grouped in ≥2
Q308,Bowne Playground,Jointly Operated Playground,Q,1.28,Q308,-1,-1,-1,-1,-1,-1,-1,-1,-1,-1,-1,-1,35,416,90,267,0.417,0.333,0.667,1.0,0.0,0.0,unstable,unstable,robust isolated,unstable,0,1,definition-specific
Q310,Glen Oaks Oval,Community Park,Q,2.948,Q310,-1,-1,-1,-1,-1,-1,-1,-1,-1,-1,-1,-1,-1,-1,100,304,0.75,0.667,0.778,1.0,1.0,0.25,unstable,unstable,robust isolated,unstable,0,1,definition-specific
Q313,Arverne Playground,Playground,Q,0.993,Q313,262,116,262,116,262,116,67,88,268,173,-1,-1,29,225,81,240,0.0,0.0,0.0,1.0,0.0,0.0,grouped,grouped,robust isolated,grouped,2,1,grouped in ≥2
Q314,Fresh Meadows Playground,Jointly Operated Playground,Q,1.35,Q314,-1,-1,-1,-1,-1,-1,-1,-1,-1,-1,-1,-1,35,436,99,293,0.75,0.333,1.0,1.0,0.0,0.0,unstable,robust isolated,robust isolated,unstable,0,2,isolated in ≥2
Q316,Captain Dermody Triangle,Triangle/Plaza,Q,0.191,Q316,-1,-1,-1,-1,-1,-1,109,134,265,171,-1,-1,35,428,100,299,0.25,0.0,0.0,0.938,0.0,0.0,unstable,grouped,robust isolated,grouped,1,1,definition-specific
Q317,Tall Oak Playground,Jointly Operated Playground,Q,1.48,Q317,-1,-1,-1,-1,-1,-1,-1,-1,-1,-1,-1,-1,35,435,100,301,0.375,0.667,0.333,0.875,0.0,0.0,unstable,unstable,robust isolated,unstable,0,1,definition-specific
Q318,Playground Eighty LXXX,Jointly Operated Playground,Q,1.35,Q318,-1,-1,-1,-1,-1,-1,-1,-1,-1,-1,-1,-1,35,433,100,305,0.75,0.667,1.0,1.0,0.0,0.0,unstable,robust isolated,robust isolated,unstable,0,2,isolated in ≥2
Q319,Annadale Playground,Jointly Operated Playground,Q,1.013,Q319,270,119,270,119,270,119,-1,-1,-1,-1,-1,-1,27,217,115,339,0.0,0.667,0.333,1.0,0.0,0.0,grouped,unstable,robust isolated,unstable,1,1,definition-specific
Q320,Vleigh Playground,Jointly Operated Playground,Q,2.243,Q320,-1,-1,-1,-1,-1,-1,-1,-1,182,130,-1,-1,35,411,99,295,0.5,0.333,0.333,1.0,0.0,0.0,unstable,grouped,robust isolated,unstable,1,1,definition-specific
Q321,Van Alst Playground,Jointly Operated Playground,Q,1.033,Q321,183,79,183,79,248,110,-1,-1,166,123,-1,-1,27,213,77,218,0.0,0.333,0.0,1.0,0.0,0.0,grouped,grouped,robust isolated,unstable,2,1,grouped in ≥2
Q322,Bellaire Playground,Jointly Operated Playground,Q,0.809,Q322,-1,-1,-1,-1,-1,-1,-1,-1,-1,-1,-1,-1,30,-1,86,251,0.833,0.333,1.0,1.0,0.5,0.0,robust isolated,robust isolated,robust isolated,unstable,0,3,isolated in all
Q325,Gladys Warren Triangle,Triangle/Plaza,Q,0.113,Q325,-1,-1,-1,-1,-1,-1,-1,-1,-1,-1,-1,-1,30,-1,86,-1,0.667,0.667,0.667,1.0,0.0,0.0,unstable,unstable,robust isolated,unstable,0,1,definition-specific
Q326,James A. Bland Playground,Playground,Q,0.551,Q326,-1,-1,-1,-1,-1,-1,-1,-1,-1,-1,-1,-1,-1,-1,90,267,0.75,0.667,1.0,1.0,1.0,0.5,unstable,robust isolated,robust isolated,unstable,0,2,isolated in ≥2
Q327,Castlewood Playground,Jointly Operated Playground,Q,2.059,Q327,-1,-1,-1,-1,-1,-1,-1,-1,-1,-1,-1,-1,35,-1,100,304,0.75,0.667,0.778,1.0,0.5,0.0,unstable,unstable,robust isolated,unstable,0,1,definition-specific
Q328,Bellerose Playground,Jointly Operated Playground,Q,0.996,Q328,-1,-1,-1,-1,-1,-1,-1,-1,-1,-1,-1,-1,35,-1,100,-1,0.833,1.0,1.0,1.0,0.0,0.0,robust isolated,robust isolated,robust isolated,robust isolated,0,3,isolated in all
Q329,Pomonok Playground,Jointly Operated Playground,Q,3.596,Q329,-1,-1,-1,-1,-1,-1,-1,-1,-1,-1,-1,-1,35,410,99,294,0.75,0.667,1.0,1.0,0.5,0.0,unstable,robust isolated,robust isolated,unstable,0,2,isolated in ≥2
Q330,Locust Manor Playground,Jointly Operated Playground,Q,2.003,Q330,-1,-1,-1,-1,-1,-1,-1,-1,-1,-1,-1,-1,-1,-1,87,-1,0.833,1.0,1.0,1.0,1.0,0.25,robust isolated,robust isolated,robust isolated,robust isolated,0,3,isolated in all
Q332,Woodtree Playground,Neighborhood Park,Q,1.033,Q332,344,185,364,197,353,192,99,123,261,170,-1,-1,27,208,79,225,0.0,0.0,0.0,1.0,0.0,0.0,grouped,grouped,robust isolated,grouped,2,1,grouped in ≥2
Q333,Ravenswood Playground,Neighborhood Park,Q,2.758,Q333,182,76,182,76,182,76,-1,-1,-1,-1,-1,-1,27,191,77,220,0.0,0.667,0.333,0.875,0.0,0.0,grouped,unstable,robust isolated,unstable,1,1,definition-specific
Q334,Playground Twenty One,Jointly Operated Playground,Q,1.439,Q334,353,188,373,200,362,195,-1,-1,-1,-1,-1,-1,35,424,90,273,0.0,0.667,0.333,1.0,0.0,0.0,grouped,unstable,robust isolated,unstable,1,1,definition-specific
Q335,Russell Sage Playground,Jointly Operated Playground,Q,1.526,Q335,-1,-1,-1,-1,-1,-1,-1,-1,-1,-1,-1,-1,-1,-1,109,319,0.75,0.333,1.0,1.0,1.0,0.0,unstable,robust isolated,robust isolated,unstable,0,2,isolated in ≥2
Q336,Judge Moses Weinstein Playground,Community Park,Q,3.25,Q336,-1,-1,-1,-1,-1,-1,-1,-1,-1,-1,-1,-1,-1,-1,109,323,0.75,0.667,0.778,1.0,1.0,0.0,unstable,unstable,robust isolated,unstable,0,1,definition-specific
Q337,Maurice A FitzGerald Playground,Playground,Q,1.201,Q337,-1,-1,-1,-1,-1,-1,-1,-1,-1,-1,-1,-1,30,-1,103,-1,0.333,1.0,0.667,1.0,0.0,0.0,unstable,unstable,robust isolated,robust isolated,0,1,definition-specific
Q338,Admiral Playground,Jointly Operated Playground,Q,0.759,Q338,-1,-1,-1,-1,-1,-1,-1,-1,-1,-1,-1,-1,-1,-1,98,292,0.833,0.667,0.778,1.0,1.0,0.5,robust isolated,unstable,robust isolated,unstable,0,2,isolated in ≥2
Q339,Cambria Playground,Community Park,Q,4.635,Q339,-1,-1,-1,-1,-1,-1,-1,-1,-1,-1,-1,-1,30,-1,84,-1,0.417,1.0,0.667,0.625,0.0,0.0,unstable,unstable,unstable,robust isolated,0,0,definition-specific
Q340,Torsney Playground,Playground,Q,2.027,Q340,358,192,378,204,367,199,-1,-1,-1,-1,-1,-1,27,199,72,208,0.0,0.667,0.333,1.0,0.0,0.0,grouped,unstable,robust isolated,unstable,1,1,definition-specific
Q341A,Park,Triangle/Plaza,Q,0.011,Q341A,-1,-1,-1,-1,-1,-1,108,133,-1,-1,-1,-1,27,202,72,206,0.625,0.0,1.0,1.0,0.5,0.0,unstable,robust isolated,robust isolated,grouped,0,2,isolated in ≥2
Q341B,Latham Park,Triangle/Plaza,Q,0.025,Q341B,-1,-1,-1,-1,-1,-1,-1,-1,-1,-1,-1,-1,-1,-1,-1,-1,0.75,0.333,1.0,1.0,1.0,1.0,unstable,robust isolated,robust isolated,unstable,0,2,isolated in ≥2
Q341C,Sherry Dog Run,Triangle/Plaza,Q,0.354,Q341C,-1,-1,-1,-1,-1,-1,108,133,-1,-1,-1,-1,27,202,72,206,0.583,0.0,0.667,1.0,0.0,0.5,unstable,unstable,robust isolated,grouped,0,1,definition-specific
Q341D,Spargo Park,Strip,Q,0.375,Q341D,-1,-1,-1,-1,-1,-1,108,133,205,145,236,10,-1,-1,72,206,0.375,0.0,0.0,0.375,1.0,0.0,unstable,grouped,grouped,grouped,2,0,grouped in ≥2
Q341E,Crosson Green,Triangle/Plaza,Q,0.064,Q341E,-1,-1,-1,-1,-1,-1,108,133,205,145,236,10,27,202,72,206,0.375,0.0,0.0,0.375,0.5,0.0,unstable,grouped,grouped,grouped,2,0,grouped in ≥2
Q341F,Crosson Park,Triangle/Plaza,Q,0.094,Q341F,-1,-1,-1,-1,-1,-1,108,133,205,145,-1,-1,27,202,72,206,0.25,0.0,0.0,0.688,0.0,0.0,unstable,grouped,unstable,grouped,1,0,definition-specific
Q342,Electric Playground,Neighborhood Park,Q,1.749,Q342,-1,-1,-1,-1,-1,-1,-1,-1,-1,-1,-1,-1,35,410,99,294,0.833,0.667,1.0,1.0,0.0,0.0,robust isolated,robust isolated,robust isolated,unstable,0,3,isolated in all
Q343,Whitestone Playground,Jointly Operated Playground,Q,1.648,Q343,-1,-1,-1,-1,-1,-1,-1,-1,-1,-1,-1,-1,35,425,90,274,0.75,0.667,1.0,1.0,0.0,0.0,unstable,robust isolated,robust isolated,unstable,0,2,isolated in ≥2
Q344,Emerald Playground,Jointly Operated Playground,Q,1.265,Q344,198,88,198,88,191,84,-1,-1,-1,-1,-1,-1,35,412,99,296,0.0,0.667,0.333,0.875,0.0,0.0,grouped,unstable,robust isolated,unstable,1,1,definition-specific
Q345,Redfern Playground,Playground,Q,3.04,Q345,-1,-1,-1,-1,-1,-1,-1,-1,-1,-1,-1,-1,-1,-1,112,324,0.75,0.667,1.0,1.0,1.0,0.0,unstable,robust isolated,robust isolated,unstable,0,2,isolated in ≥2
Q346,Challenge Playground,Jointly Operated Playground,Q,2.035,Q346,-1,-1,-1,-1,-1,-1,-1,-1,-1,-1,-1,-1,35,-1,98,-1,0.583,0.667,1.0,1.0,0.5,0.0,unstable,robust isolated,robust isolated,unstable,0,2,isolated in ≥2
Q347,Colden Playground,Jointly Operated Playground,Q,1.466,Q347,-1,-1,-1,-1,-1,-1,-1,-1,-1,-1,-1,-1,35,-1,90,-1,0.375,0.667,0.333,1.0,0.0,0.0,unstable,unstable,robust isolated,unstable,0,1,definition-specific
Q348,Willow Lake Playground,Jointly Operated Playground,Q,1.277,Q348,-1,-1,-1,-1,-1,-1,-1,-1,-1,-1,-1,-1,27,-1,115,-1,0.667,1.0,0.667,0.75,0.0,0.0,unstable,unstable,unstable,robust isolated,0,0,definition-specific
Q349,Telephone Playground,Jointly Operated Playground,Q,1.056,Q349,357,191,377,203,366,198,107,132,281,179,-1,-1,35,434,100,300,0.0,0.0,0.0,1.0,0.0,0.0,grouped,grouped,robust isolated,grouped,2,1,grouped in ≥2
Q351,Peters Field,Neighborhood Park,Q,2.872,Q351,-1,-1,-1,-1,-1,-1,-1,-1,-1,-1,-1,-1,30,-1,87,-1,0.667,1.0,0.667,0.938,0.0,0.0,unstable,unstable,robust isolated,robust isolated,0,1,definition-specific
Q352,Hillside Playground,Jointly Operated Playground,Q,1.16,Q352,-1,-1,-1,-1,-1,-1,-1,-1,-1,-1,-1,-1,35,433,100,305,0.75,0.667,1.0,1.0,0.5,0.0,unstable,robust isolated,robust isolated,unstable,0,2,isolated in ≥2
Q353,Grassmere Playground,Jointly Operated Playground,Q,1.239,Q353,-1,-1,-1,-1,-1,-1,106,131,190,133,-1,-1,-1,-1,80,231,0.5,0.0,0.0,1.0,1.0,0.0,unstable,grouped,robust isolated,grouped,1,1,definition-specific
Q354,Playground Seventy Five,Jointly Operated Playground,Q,0.749,Q354,-1,-1,-1,-1,-1,-1,-1,-1,-1,-1,-1,-1,35,412,99,296,0.75,0.667,1.0,1.0,0.5,0.5,unstable,robust isolated,robust isolated,unstable,0,2,isolated in ≥2
Q355,Strippoli Square,Triangle/Plaza,Q,0.061,Q355,-1,-1,-1,-1,-1,-1,-1,-1,-1,-1,-1,-1,27,188,73,212,0.5,0.667,0.778,1.0,0.0,0.5,unstable,unstable,robust isolated,unstable,0,1,definition-specific
Q356,Alley Park,Jointly Operated Playground,Q,2.446,Q356,-1,-1,-1,-1,-1,-1,-1,-1,-1,-1,-1,-1,-1,-1,91,-1,1.0,1.0,1.0,1.0,1.0,0.0,robust isolated,robust isolated,robust isolated,robust isolated,0,3,isolated in all
Q357A,Park,Strip,Q,0.03,Q357A,355,190,375,202,364,197,97,121,279,178,-1,-1,27,220,115,341,0.0,0.0,0.0,1.0,0.5,0.0,grouped,grouped,robust isolated,grouped,2,1,grouped in ≥2
Q357A1,Park,Strip,Q,0.022,Q357A1,340,183,360,195,349,190,97,121,257,168,-1,-1,27,220,115,341,0.0,0.0,0.0,1.0,0.0,0.0,grouped,grouped,robust isolated,grouped,2,1,grouped in ≥2
Q357B,Real Good Playground,Playground,Q,1.598,Q357B,271,120,271,120,271,120,102,126,243,164,-1,-1,27,216,115,340,0.0,0.0,0.0,0.875,0.0,0.0,grouped,grouped,robust isolated,grouped,2,1,grouped in ≥2
Q357B01,Barrier Playground,Neighborhood Park,Q,0.867,Q357B01,271,120,271,120,271,120,102,126,243,164,-1,-1,27,216,115,340,0.0,0.0,0.0,0.875,0.0,0.0,grouped,grouped,robust isolated,grouped,2,1,grouped in ≥2
Q357D,Park,Strip,Q,0.023,Q357D,-1,-1,-1,-1,-1,-1,103,127,-1,-1,-1,-1,35,422,98,290,0.5,0.0,0.667,0.875,0.0,0.0,unstable,unstable,robust isolated,grouped,0,1,definition-specific
Q357E,Park,Strip,Q,0.02,Q357E,-1,-1,-1,-1,-1,-1,103,127,-1,-1,-1,-1,35,422,98,290,0.583,0.0,0.667,0.875,0.0,0.0,unstable,unstable,robust isolated,grouped,0,1,definition-specific
Q357F,Park,Strip,Q,0.02,Q357F,354,189,374,201,363,196,103,127,275,176,-1,-1,35,422,98,290,0.0,0.0,0.0,1.0,0.0,0.0,grouped,grouped,robust isolated,grouped,2,1,grouped in ≥2
Q357G,Turtle Playground,Playground,Q,0.476,Q357G,-1,-1,-1,-1,-1,-1,-1,-1,-1,-1,-1,-1,-1,-1,99,297,1.0,0.667,1.0,1.0,1.0,0.25,robust isolated,robust isolated,robust isolated,unstable,0,3,isolated in all
Q357I,Nassau Mall,Triangle/Plaza,Q,0.836,Q357I,-1,-1,-1,-1,-1,-1,-1,-1,-1,-1,-1,-1,35,421,98,289,0.5,0.333,0.667,0.875,0.0,0.0,unstable,unstable,robust isolated,unstable,0,1,definition-specific
Q357J,Nassau Mall South,Triangle/Plaza,Q,0.834,Q357J,-1,-1,-1,-1,-1,-1,-1,-1,-1,-1,-1,-1,35,421,98,289,0.583,0.333,1.0,1.0,0.5,0.0,unstable,robust isolated,robust isolated,unstable,0,2,isolated in ≥2
Q358,Detective William T. Gunn Playground,Jointly Operated Playground,Q,2.719,Q358,-1,-1,-1,-1,-1,-1,-1,-1,-1,-1,-1,-1,35,-1,100,-1,0.833,0.667,1.0,1.0,0.5,0.25,robust isolated,robust isolated,robust isolated,unstable,0,3,isolated in all
Q359,Haggerty Park,Neighborhood Park,Q,3.867,Q359,-1,-1,-1,-1,-1,-1,-1,-1,-1,-1,-1,-1,30,-1,86,-1,0.667,1.0,0.667,1.0,0.0,0.0,unstable,unstable,robust isolated,robust isolated,0,1,definition-specific
Q360A,Park,Strip,Q,0.006,Q360A,-1,-1,-1,-1,-1,-1,-1,-1,-1,-1,-1,-1,-1,-1,150,430,1.0,0.667,1.0,1.0,1.0,0.0,robust isolated,robust isolated,robust isolated,unstable,0,3,isolated in all
Q360C,Park,Strip,Q,0.006,Q360C,-1,-1,-1,-1,-1,-1,-1,-1,-1,-1,-1,-1,-1,-1,-1,-1,1.0,0.667,1.0,1.0,1.0,0.75,robust isolated,robust isolated,robust isolated,unstable,0,3,isolated in all
Q360D,Park,Strip,Q,0.005,Q360D,-1,-1,-1,-1,-1,-1,-1,-1,-1,-1,-1,-1,-1,-1,150,430,1.0,0.667,1.0,1.0,1.0,0.0,robust isolated,robust isolated,robust isolated,unstable,0,3,isolated in all
Q360E,Hull Triangle,Triangle/Plaza,Q,0.158,Q360E,229,105,226,103,219,99,105,130,210,146,-1,-1,27,203,88,259,0.0,0.0,0.0,0.875,0.0,0.0,grouped,grouped,robust isolated,grouped,2,1,grouped in ≥2
Q360F,Technical Sergeant Thomas J. Davey Triangle,Triangle/Plaza,Q,0.126,Q360F,229,105,226,103,219,99,105,130,210,146,-1,-1,27,203,88,259,0.0,0.0,0.0,1.0,0.0,0.0,grouped,grouped,robust isolated,grouped,2,1,grouped in ≥2
Q360G,Whitefish Triangle,Triangle/Plaza,Q,0.185,Q360G,229,105,226,103,219,99,105,130,210,146,-1,-1,27,203,88,259,0.0,0.0,0.0,1.0,0.0,0.0,grouped,grouped,robust isolated,grouped,2,1,grouped in ≥2
Q360H,Peter Chahales Park,Triangle/Plaza,Q,0.074,Q360H,229,105,226,103,219,99,78,101,210,147,-1,-1,27,205,88,261,0.0,0.0,0.0,1.0,0.0,0.0,grouped,grouped,robust isolated,grouped,2,1,grouped in ≥2
Q360I,Park,Strip,Q,0.011,Q360I,-1,-1,-1,-1,-1,-1,-1,-1,-1,-1,-1,-1,27,221,88,262,0.75,0.333,1.0,1.0,0.0,0.0,unstable,robust isolated,robust isolated,unstable,0,2,isolated in ≥2
Q360J,Crowley Playground,Neighborhood Park,Q,1.7,Q360J,-1,-1,-1,-1,-1,-1,104,129,227,-1,-1,-1,27,221,88,262,0.25,0.0,0.0,0.688,0.0,0.0,unstable,beyond walk limit,unstable,grouped,0,0,definition-specific
Q360L,Park,Strip,Q,0.007,Q360L,-1,-1,-1,-1,-1,-1,104,128,-1,-1,-1,-1,-1,-1,88,262,0.917,0.0,1.0,1.0,1.0,0.0,robust isolated,robust isolated,robust isolated,grouped,0,3,isolated in all
Q360M,Frontera Park,Playground,Q,1.47,Q360M,229,105,226,103,219,99,78,101,210,147,-1,-1,27,205,88,261,0.0,0.0,0.0,1.0,0.0,0.0,grouped,grouped,robust isolated,grouped,2,1,grouped in ≥2
Q360N,Hoffman Park,Playground,Q,2.857,Q360N,-1,-1,-1,-1,-1,-1,-1,-1,-1,-1,-1,-1,-1,-1,109,-1,0.75,0.333,1.0,1.0,1.0,0.25,unstable,robust isolated,robust isolated,unstable,0,2,isolated in ≥2
Q360P,Park Slope,Strip,Q,0.005,Q360P,-1,-1,-1,-1,-1,-1,105,130,-1,-1,-1,-1,-1,-1,144,-1,0.75,0.0,0.333,1.0,1.0,0.5,unstable,unstable,robust isolated,grouped,0,1,definition-specific
Q360Q,Sitting Area 127 CXXVII,Triangle/Plaza,Q,0.17,Q360Q,230,106,227,104,220,100,78,101,210,147,-1,-1,27,205,88,261,0.125,0.0,0.0,1.0,0.5,0.0,grouped,grouped,robust isolated,grouped,2,1,grouped in ≥2
Q360R,Sitting Area,Triangle/Plaza,Q,0.09,Q360R,230,106,227,104,220,100,78,101,210,147,-1,-1,27,205,88,261,0.125,0.0,0.0,0.875,0.0,0.0,grouped,grouped,robust isolated,grouped,2,1,grouped in ≥2
Q360S,Quick Brown Fox Triangle,Triangle/Plaza,Q,0.07,Q360S,232,107,229,105,222,101,78,100,276,177,-1,-1,27,204,88,260,0.0,0.0,0.0,1.0,0.0,0.0,grouped,grouped,robust isolated,grouped,2,1,grouped in ≥2
Q360T,Sitting Area,Triangle/Plaza,Q,0.047,Q360T,233,108,230,106,223,102,78,100,227,155,-1,-1,27,204,88,260,0.0,0.0,0.0,0.875,0.0,0.0,grouped,grouped,robust isolated,grouped,2,1,grouped in ≥2
Q360U,Notorious LIC Park,Recreational Field/Courts,Q,0.318,Q360U,184,80,184,80,183,79,-1,-1,167,124,-1,-1,27,183,77,213,0.0,0.333,0.0,1.0,0.0,0.0,grouped,grouped,robust isolated,unstable,2,1,grouped in ≥2
Q360V,Park,Strip,Q,0.002,Q360V,-1,-1,-1,-1,-1,-1,-1,-1,-1,-1,-1,-1,-1,-1,-1,-1,1.0,0.333,1.0,1.0,1.0,1.0,robust isolated,robust isolated,robust isolated,unstable,0,3,isolated in all
Q360W,Park,Strip,Q,0.001,Q360W,-1,-1,-1,-1,-1,-1,104,128,-1,-1,-1,-1,-1,-1,-1,-1,1.0,0.0,1.0,1.0,1.0,1.0,robust isolated,robust isolated,robust isolated,grouped,0,3,isolated in all
Q360X,Park,Strip,Q,0.002,Q360X,-1,-1,-1,-1,-1,-1,104,129,-1,-1,-1,-1,-1,-1,-1,-1,0.75,0.0,1.0,1.0,1.0,1.0,unstable,robust isolated,robust isolated,grouped,0,2,isolated in ≥2
Q360Y1,Park,Strip,Q,0.004,Q360Y1,232,107,229,105,222,101,78,101,276,177,-1,-1,27,205,88,261,0.0,0.0,0.0,1.0,0.0,0.0,grouped,grouped,robust isolated,grouped,2,1,grouped in ≥2
Q360Y2,Park,Strip,Q,0.002,Q360Y2,230,106,227,104,220,100,78,101,210,147,-1,-1,27,205,88,261,0.125,0.0,0.0,0.938,0.0,0.0,grouped,grouped,robust isolated,grouped,2,1,grouped in ≥2
Q361,Moore Homestead Playground,Neighborhood Park,Q,1.978,Q361,-1,-1,-1,-1,-1,-1,-1,-1,204,144,-1,-1,27,218,72,207,0.25,0.333,0.0,1.0,0.0,0.0,unstable,grouped,robust isolated,unstable,1,1,definition-specific
Q362,Playground Ninety,Jointly Operated Playground,Q,1.25,Q362,215,100,215,100,208,96,-1,-1,197,143,-1,-1,27,192,114,331,0.0,0.333,0.0,1.0,0.0,0.0,grouped,grouped,robust isolated,unstable,2,1,grouped in ≥2
Q363,Northern Playground,Jointly Operated Playground,Q,1.719,Q363,-1,-1,-1,-1,-1,-1,76,98,-1,-1,-1,-1,27,192,114,331,0.5,0.0,1.0,1.0,0.0,0.5,unstable,robust isolated,robust isolated,grouped,0,2,isolated in ≥2
Q364,Marie Curie Playground,Jointly Operated Playground,Q,2.552,Q364,-1,-1,-1,-1,-1,-1,-1,-1,-1,-1,-1,-1,-1,-1,100,302,0.75,0.333,1.0,1.0,1.0,0.0,unstable,robust isolated,robust isolated,unstable,0,2,isolated in ≥2
Q366,Louis C. Moser Playground,Playground,Q,1.502,Q366,215,96,215,96,208,92,72,93,192,136,-1,-1,27,206,114,327,0.0,0.0,0.0,0.875,0.0,0.0,grouped,grouped,robust isolated,grouped,2,1,grouped in ≥2
Q367,Hammel Playground,Playground,Q,1.03,Q367,-1,-1,-1,-1,-1,-1,68,89,-1,-1,-1,-1,29,-1,81,237,0.5,0.0,1.0,1.0,0.0,0.0,unstable,robust isolated,robust isolated,grouped,0,2,isolated in ≥2
Q369,Louis Pasteur Park,Jointly Operated Playground,Q,3.673,Q369,354,189,374,201,363,196,103,127,275,176,-1,-1,-1,-1,98,290,0.0,0.0,0.0,1.0,1.0,0.0,grouped,grouped,robust isolated,grouped,2,1,grouped in ≥2
Q370,Freedom Square Playground,Playground,Q,0.327,Q370,-1,-1,-1,-1,-1,-1,-1,-1,-1,-1,-1,-1,35,-1,109,323,0.75,0.333,0.556,1.0,0.5,0.0,unstable,unstable,robust isolated,unstable,0,1,definition-specific
Q373,Helen Marshall Playground,Jointly Operated Playground,Q,3.827,Q373,215,93,215,93,208,89,-1,-1,192,135,-1,-1,27,196,114,334,0.0,0.333,0.0,1.0,0.0,0.0,grouped,grouped,robust isolated,unstable,2,1,grouped in ≥2
Q375,Willets Point Playground,Jointly Operated Playground,Q,1.145,Q375,353,188,373,200,362,195,-1,-1,-1,-1,-1,-1,35,424,90,273,0.0,0.667,0.333,1.0,0.0,0.0,grouped,unstable,robust isolated,unstable,1,1,definition-specific
Q376,Cedar Grove Playground,Jointly Operated Playground,Q,0.619,Q376,-1,-1,-1,-1,-1,-1,-1,-1,-1,-1,-1,-1,-1,-1,99,297,0.833,0.667,1.0,1.0,1.0,0.25,robust isolated,robust isolated,robust isolated,unstable,0,3,isolated in all
Q377,Playground Sixty Two LXII,Jointly Operated Playground,Q,1.48,Q377,271,120,271,120,271,120,102,126,243,164,-1,-1,27,216,115,340,0.0,0.0,0.0,1.0,0.0,0.0,grouped,grouped,robust isolated,grouped,2,1,grouped in ≥2
Q378,Ampere Playground,Jointly Operated Playground,Q,1.267,Q378,313,163,338,183,328,176,-1,-1,270,175,-1,-1,33,320,103,313,0.0,0.333,0.0,1.0,0.0,0.0,grouped,grouped,robust isolated,unstable,2,1,grouped in ≥2
Q379,Briarwood Playground,Jointly Operated Playground,Q,1.29985643,Q379,-1,-1,-1,-1,-1,-1,-1,-1,-1,-1,-1,-1,38,-1,101,-1,0.833,1.0,1.0,1.0,0.5,0.0,robust isolated,robust isolated,robust isolated,robust isolated,0,3,isolated in all
Q381,Francis Lewis Playground,Jointly Operated Playground,Q,1.206,Q381,352,187,372,199,361,194,101,125,269,174,-1,-1,35,429,100,303,0.0,0.0,0.0,1.0,0.0,0.0,grouped,grouped,robust isolated,grouped,2,1,grouped in ≥2
Q382,Cardozo Playground,Jointly Operated Playground,Q,2.096,Q382,262,116,262,116,262,116,67,88,268,173,-1,-1,29,225,81,240,0.0,0.0,0.0,1.0,0.0,0.0,grouped,grouped,robust isolated,grouped,2,1,grouped in ≥2
Q383,Middle Village Veterans Triangle,Triangle/Plaza,Q,0.028,Q383,-1,-1,-1,-1,-1,-1,-1,-1,-1,-1,-1,-1,-1,-1,-1,-1,0.75,0.667,1.0,1.0,1.0,0.75,unstable,robust isolated,robust isolated,unstable,0,2,isolated in ≥2
Q385,Ditmars Playground,Playground,Q,0.918,Q385,-1,-1,-1,-1,-1,-1,-1,-1,-1,-1,-1,-1,27,208,79,225,0.75,0.667,1.0,1.0,0.0,0.25,unstable,robust isolated,robust isolated,unstable,0,2,isolated in ≥2
Q386,Centreville Playground,Neighborhood Park,Q,2.095,Q386,-1,-1,-1,-1,-1,-1,-1,-1,-1,-1,-1,-1,30,-1,103,-1,0.583,0.333,1.0,1.0,0.0,0.5,unstable,robust isolated,robust isolated,unstable,0,2,isolated in ≥2
Q387A,Bayside Fields,Recreational Field/Courts,Q,2.69,Q387A,351,186,371,198,360,193,-1,-1,267,172,-1,-1,35,431,92,276,0.25,0.333,0.0,1.0,0.0,0.0,grouped,grouped,robust isolated,unstable,2,1,grouped in ≥2
Q387B,Clearview Park,Nature Area,Q,6.05,Q387B,351,186,371,198,360,193,-1,-1,267,172,-1,-1,35,431,92,276,0.25,0.333,0.0,1.0,0.0,0.0,grouped,grouped,robust isolated,unstable,2,1,grouped in ≥2
Q387C,Park,Strip,Q,0.02,Q387C,-1,-1,-1,-1,-1,-1,-1,-1,-1,-1,-1,-1,35,430,100,302,0.5,0.333,0.333,0.938,0.0,0.0,unstable,unstable,robust isolated,unstable,0,1,definition-specific
Q387D,Clearview's Tail,Strip,Q,0.012,Q387D,-1,-1,-1,-1,-1,-1,-1,-1,-1,-1,-1,-1,35,-1,86,251,0.917,0.333,1.0,1.0,0.5,0.25,robust isolated,robust isolated,robust isolated,unstable,0,3,isolated in all
Q387E,Baybridge Green,Strip,Q,0.316,Q387E,-1,-1,-1,-1,-1,-1,-1,-1,-1,-1,-1,-1,-1,-1,-1,-1,1.0,0.667,1.0,1.0,1.0,1.0,robust isolated,robust isolated,robust isolated,unstable,0,3,isolated in all
Q388,Linnaeus Park,Recreational Field/Courts,Q,2.066,Q388,-1,-1,-1,-1,-1,-1,-1,-1,-1,-1,-1,-1,-1,-1,91,-1,0.833,0.667,1.0,1.0,1.0,0.0,robust isolated,robust isolated,robust isolated,unstable,0,3,isolated in all
Q389,Bayside Playground,Jointly Operated Playground,Q,1.21,Q389,-1,-1,-1,-1,-1,-1,100,124,-1,-1,-1,-1,37,-1,81,234,0.25,0.0,0.333,0.812,0.0,0.0,unstable,unstable,robust isolated,grouped,0,1,definition-specific
Q390,Clintonville Playground,Jointly Operated Playground,Q,1.553,Q390,-1,-1,-1,-1,-1,-1,-1,-1,-1,-1,-1,-1,35,-1,90,-1,0.667,1.0,0.667,1.0,0.0,0.0,unstable,unstable,robust isolated,robust isolated,0,1,definition-specific
Q391,Joseph Austin Playground,Jointly Operated Playground,Q,3.814,Q391,-1,-1,-1,-1,-1,-1,-1,-1,-1,-1,218,9,41,445,83,242,0.5,0.667,0.333,0.5,0.0,0.0,unstable,unstable,grouped,unstable,1,0,definition-specific
Q393A,LaGuardia Landing Lights,Recreational Field/Courts,Q,1.473,Q393A,215,96,215,96,208,92,72,93,192,136,-1,-1,27,206,114,327,0.0,0.0,0.0,0.562,0.0,0.0,grouped,grouped,unstable,grouped,2,0,grouped in ≥2
Q393C,LaGuardia Landing Lights,Recreational Field/Courts,Q,1.754,Q393C,215,96,215,96,208,92,72,93,192,136,-1,-1,27,206,114,327,0.0,0.0,0.0,0.875,0.0,0.0,grouped,grouped,robust isolated,grouped,2,1,grouped in ≥2
Q393D,LaGuardia Landing Lights,Recreational Field/Courts,Q,1.607,Q393D,215,97,215,97,208,93,72,94,-1,-1,-1,-1,27,194,-1,-1,0.083,0.0,0.667,1.0,0.0,1.0,grouped,unstable,robust isolated,grouped,1,1,definition-specific
Q393F,LaGuardia Landing Lights,Recreational Field/Courts,Q,0.249,Q393F,-1,-1,-1,-1,-1,-1,72,94,-1,-1,-1,-1,27,194,114,328,0.333,0.0,0.667,0.75,0.0,0.5,unstable,unstable,unstable,grouped,0,0,definition-specific
Q393G,Laguardia Landing Lights,Recreational Field/Courts,Q,0.348,Q393G,215,97,215,97,208,93,72,94,192,137,-1,-1,27,194,114,328,0.0,0.0,0.0,0.75,0.0,0.0,grouped,grouped,unstable,grouped,2,0,grouped in ≥2
Q393H,LaGuardia Landing Lights,Recreational Field/Courts,Q,1.993,Q393H,215,97,215,97,208,93,72,94,192,137,-1,-1,27,194,114,328,0.0,0.0,0.0,0.875,0.0,0.0,grouped,grouped,robust isolated,grouped,2,1,grouped in ≥2
Q393I,Planeview Park,Triangle/Plaza,Q,1.035,Q393I,215,97,215,97,208,93,72,94,192,137,-1,-1,27,194,114,328,0.0,0.0,0.0,1.0,0.0,0.0,grouped,grouped,robust isolated,grouped,2,1,grouped in ≥2
Q394,Conch Playground,Jointly Operated Playground,Q,1.889,Q394,254,113,251,111,244,107,-1,-1,229,156,-1,-1,29,227,80,227,0.0,0.333,0.0,1.0,0.0,0.0,grouped,grouped,robust isolated,unstable,2,1,grouped in ≥2
Q395,Steinway Playground,Jointly Operated Playground,Q,0.809,Q395,344,185,364,197,353,192,99,123,261,170,-1,-1,27,208,79,225,0.0,0.0,0.0,1.0,0.0,0.0,grouped,grouped,robust isolated,grouped,2,1,grouped in ≥2
Q396,Montbellier Park,Community Park,Q,4.427,Q396,-1,-1,-1,-1,-1,-1,98,122,260,169,-1,-1,30,233,84,245,0.5,0.0,0.0,1.0,0.5,0.0,unstable,grouped,robust isolated,grouped,1,1,definition-specific
Q397,Auburndale Playground,Jointly Operated Playground,Q,0.686,Q397,-1,-1,-1,-1,-1,-1,-1,-1,-1,-1,-1,-1,35,-1,-1,-1,0.833,1.0,1.0,1.0,0.0,0.75,robust isolated,robust isolated,robust isolated,robust isolated,0,3,isolated in all
Q398,Rosemary's Playground,Jointly Operated Playground,Q,1.967,Q398,341,184,361,196,350,191,-1,-1,-1,-1,-1,-1,34,359,146,423,0.0,0.667,0.333,1.0,0.0,0.0,grouped,unstable,robust isolated,unstable,1,1,definition-specific
Q399,Bay Terrace Playground,Jointly Operated Playground,Q,0.91,Q399,-1,-1,-1,-1,-1,-1,-1,-1,-1,-1,-1,-1,-1,-1,90,-1,1.0,0.667,0.889,1.0,1.0,0.0,robust isolated,robust isolated,robust isolated,unstable,0,3,isolated in all
Q400,Oakland Gardens,Jointly Operated Playground,Q,1.166,Q400,-1,-1,-1,-1,-1,-1,-1,-1,-1,-1,-1,-1,-1,-1,100,299,0.75,0.333,1.0,1.0,1.0,0.5,unstable,robust isolated,robust isolated,unstable,0,2,isolated in ≥2
Q401,Lost Battalion Hall Recreation Center,Community Park,Q,2.412,Q401,340,183,360,195,349,190,97,121,257,168,-1,-1,27,220,115,341,0.0,0.0,0.0,1.0,0.0,0.0,grouped,grouped,robust isolated,grouped,2,1,grouped in ≥2
Q402,Latimer Playground,Jointly Operated Playground,Q,1.076,Q402,-1,-1,-1,-1,-1,-1,96,120,-1,-1,-1,-1,30,237,87,255,0.5,0.0,1.0,1.0,0.5,0.0,unstable,robust isolated,robust isolated,grouped,0,2,isolated in ≥2
Q403,Beach Channel Playground,Jointly Operated Playground,Q,1.051,Q403,238,109,235,107,228,103,95,119,213,149,-1,-1,-1,-1,81,238,0.0,0.0,0.0,1.0,1.0,0.0,grouped,grouped,robust isolated,grouped,2,1,grouped in ≥2
Q404,East Springfield Playground,Jointly Operated Playground,Q,1.146,Q404,-1,-1,-1,-1,-1,-1,-1,-1,-1,-1,-1,-1,30,-1,84,-1,0.667,1.0,1.0,1.0,0.0,0.0,unstable,robust isolated,robust isolated,robust isolated,0,2,isolated in ≥2
Q405,Hollis Playground,Jointly Operated Playground,Q,0.98,Q405,-1,-1,-1,-1,-1,-1,-1,-1,-1,-1,-1,-1,30,-1,86,-1,0.667,1.0,0.667,1.0,0.0,0.0,unstable,unstable,robust isolated,robust isolated,0,1,definition-specific
Q406,Springfield Park North,Jointly Operated Playground,Q,1.045,Q406,-1,-1,-1,-1,-1,-1,94,118,-1,-1,-1,-1,30,232,84,244,0.75,0.0,0.667,1.0,0.5,0.0,unstable,unstable,robust isolated,grouped,0,1,definition-specific
Q407,Lanett Playground,Jointly Operated Playground,Q,0.974,Q407,-1,-1,-1,-1,-1,-1,-1,-1,-1,-1,-1,-1,-1,-1,80,228,0.75,0.667,1.0,1.0,1.0,0.5,unstable,robust isolated,robust isolated,unstable,0,2,isolated in ≥2
Q408,Harold Schneiderman Playground,Jointly Operated Playground,Q,0.878,Q408,-1,-1,-1,-1,-1,-1,-1,-1,-1,-1,-1,-1,-1,-1,149,-1,0.833,0.667,1.0,1.0,1.0,0.0,robust isolated,robust isolated,robust isolated,unstable,0,3,isolated in all
Q409,Park,Strip,Q,0.001,Q409,-1,-1,-1,-1,-1,-1,-1,-1,-1,-1,-1,-1,40,-1,109,-1,0.917,0.667,1.0,1.0,0.5,0.0,robust isolated,robust isolated,robust isolated,unstable,0,3,isolated in all
Q410,Hinton Park,Neighborhood Park,Q,3.735,Q410,215,95,215,95,208,91,93,117,196,141,-1,-1,27,209,114,335,0.0,0.0,0.0,0.875,0.0,0.0,grouped,grouped,robust isolated,grouped,2,1,grouped in ≥2
Q412,Gwen Ifill Park,Nature Area,Q,16.439,Q412,-1,-1,-1,-1,-1,-1,-1,-1,-1,-1,-1,-1,-1,-1,87,256,0.833,0.667,1.0,1.0,1.0,0.25,robust isolated,robust isolated,robust isolated,unstable,0,3,isolated in all
Q413,Rochdale Park,Jointly Operated Playground,Q,8.833,Q413,-1,-1,-1,-1,-1,-1,-1,-1,-1,-1,-1,-1,30,-1,85,250,0.833,0.667,1.0,1.0,0.5,0.0,robust isolated,robust isolated,robust isolated,unstable,0,3,isolated in all
Q414,Rocket Playground,Jointly Operated Playground,Q,1.052,Q414,316,164,341,184,331,177,90,114,249,165,-1,-1,33,319,96,288,0.0,0.0,0.0,1.0,0.0,0.0,grouped,grouped,robust isolated,grouped,2,1,grouped in ≥2
Q415,Louis Armstrong Playground,Jointly Operated Playground,Q,1.085,Q415,-1,-1,-1,-1,-1,-1,93,117,-1,-1,-1,-1,27,209,114,335,0.5,0.0,1.0,1.0,0.0,0.5,unstable,robust isolated,robust isolated,grouped,0,2,isolated in ≥2
Q417,Park,Strip,Q,0.082,Q417,-1,-1,-1,-1,-1,-1,-1,-1,-1,-1,-1,-1,33,-1,95,-1,0.667,0.667,1.0,1.0,0.0,0.25,unstable,robust isolated,robust isolated,unstable,0,2,isolated in ≥2
Q419,Hart Playground,Jointly Operated Playground,Q,0.821,Q419,273,122,273,122,273,122,92,116,251,167,-1,-1,35,414,90,265,0.0,0.0,0.0,1.0,0.5,0.0,grouped,grouped,robust isolated,grouped,2,1,grouped in ≥2
Q421,Walter Ward Playground,Jointly Operated Playground,Q,0.935,Q421,-1,-1,-1,-1,-1,-1,-1,-1,-1,-1,-1,-1,33,-1,95,-1,0.833,1.0,1.0,1.0,0.5,0.5,robust isolated,robust isolated,robust isolated,robust isolated,0,3,isolated in all
Q422,Seaside Playground,Jointly Operated Playground,Q,1.144,Q422,-1,-1,-1,-1,-1,-1,75,97,-1,-1,-1,-1,37,442,81,235,0.417,0.0,0.667,0.812,0.0,0.0,unstable,unstable,robust isolated,grouped,0,1,definition-specific
Q423,Reiff Playground,Neighborhood Park,Q,1.529,Q423,-1,-1,-1,-1,-1,-1,91,115,-1,-1,-1,-1,-1,-1,144,422,0.833,0.0,1.0,1.0,1.0,0.0,robust isolated,robust isolated,robust isolated,grouped,0,3,isolated in all
Q424,Judge Angelo Graci Triangle,Triangle/Plaza,Q,0.25,Q424,329,173,353,194,344,189,90,113,249,166,-1,-1,33,322,94,281,0.0,0.0,0.0,0.875,0.0,0.0,grouped,grouped,robust isolated,grouped,2,1,grouped in ≥2
Q425,Yellowstone Park,Neighborhood Park,Q,1.745,Q425,-1,-1,-1,-1,-1,-1,-1,-1,-1,-1,-1,-1,-1,-1,115,-1,0.75,0.333,0.556,1.0,1.0,0.0,unstable,unstable,robust isolated,unstable,0,1,definition-specific
Q426,North Rochdale Playground,Jointly Operated Playground,Q,1.071,Q426,-1,-1,-1,-1,-1,-1,-1,-1,-1,-1,-1,-1,-1,-1,85,249,0.75,0.667,0.556,1.0,1.0,0.0,unstable,unstable,robust isolated,unstable,0,1,definition-specific
Q427,South Rochdale Playground,Jointly Operated Playground,Q,0.942,Q427,-1,-1,-1,-1,-1,-1,-1,-1,-1,-1,-1,-1,-1,-1,85,250,1.0,0.667,1.0,1.0,1.0,0.25,robust isolated,robust isolated,robust isolated,unstable,0,3,isolated in all
Q428,Horace Harding Playground,Jointly Operated Playground,Q,1.304,Q428,-1,-1,-1,-1,-1,-1,-1,-1,-1,-1,-1,-1,-1,-1,115,341,0.75,0.333,1.0,1.0,1.0,0.0,unstable,robust isolated,robust isolated,unstable,0,2,isolated in ≥2
Q429,Spirit Playground,Jointly Operated Playground,Q,0.786,Q429,-1,-1,-1,-1,-1,-1,-1,-1,-1,-1,-1,-1,27,191,77,220,0.25,0.333,0.333,1.0,0.0,0.0,unstable,unstable,robust isolated,unstable,0,1,definition-specific
Q430,Sunrise Playground,Jointly Operated Playground,Q,1.025,Q430,-1,-1,-1,-1,-1,-1,-1,-1,-1,-1,-1,-1,-1,-1,-1,-1,0.833,1.0,1.0,1.0,1.0,1.0,robust isolated,robust isolated,robust isolated,robust isolated,0,3,isolated in all
Q433A,Park,Strip,Q,0.008,Q433A,316,164,341,184,331,177,90,114,249,165,-1,-1,-1,-1,96,288,0.0,0.0,0.0,1.0,1.0,0.0,grouped,grouped,robust isolated,grouped,2,1,grouped in ≥2
Q433B,Park,Strip,Q,0.003,Q433B,312,162,337,182,327,175,90,114,249,165,-1,-1,33,319,95,287,0.0,0.0,0.0,1.0,0.0,0.0,grouped,grouped,robust isolated,grouped,2,1,grouped in ≥2
Q434,Long Island Mews,Neighborhood Park,Q,0.323,Q434,-1,-1,-1,-1,-1,-1,-1,-1,-1,-1,-1,-1,27,219,115,-1,0.667,0.667,1.0,1.0,0.0,0.0,unstable,robust isolated,robust isolated,unstable,0,2,isolated in ≥2
Q435,Vernon Mall,Mall,Q,0.135,Q435,184,80,184,80,183,79,89,112,167,124,-1,-1,27,183,77,213,0.0,0.0,0.0,1.0,0.0,0.0,grouped,grouped,robust isolated,grouped,2,1,grouped in ≥2
Q436,Athens Square,Jointly Operated Playground,Q,0.925,Q436,183,-1,183,-1,248,-1,-1,-1,-1,-1,-1,-1,27,215,77,217,0.0,0.667,0.333,0.938,0.0,0.0,beyond walk limit,unstable,robust isolated,unstable,0,1,definition-specific
Q437,Murray Hill Playground,Jointly Operated Playground,Q,1.206,Q437,272,121,272,121,272,121,-1,-1,-1,-1,-1,-1,35,413,90,263,0.0,0.667,0.333,1.0,0.0,0.0,grouped,unstable,robust isolated,unstable,1,1,definition-specific
Q439,Private William Gray Playground,Playground,Q,0.069,Q439,215,94,215,94,208,90,-1,-1,194,139,-1,-1,27,193,114,332,0.0,0.333,0.0,1.0,0.0,0.0,grouped,grouped,robust isolated,unstable,2,1,grouped in ≥2
Q440,Hilton Holiday Gardens,Recreational Field/Courts,Q,1.2,Q440,-1,-1,-1,-1,-1,-1,-1,-1,-1,-1,-1,-1,-1,-1,-1,-1,1.0,1.0,0.778,1.0,1.0,1.0,robust isolated,unstable,robust isolated,robust isolated,0,2,isolated in ≥2
Q443,Almeda Playground,Jointly Operated Playground,Q,1.43,Q443,260,115,260,115,260,115,88,111,237,162,-1,-1,29,224,81,241,0.0,0.0,0.111,1.0,0.0,0.0,grouped,grouped,robust isolated,grouped,2,1,grouped in ≥2
Q444,Sean's Place,Neighborhood Park,Q,0.582,Q444,-1,-1,-1,-1,-1,-1,-1,-1,-1,-1,-1,-1,27,186,77,222,0.75,0.667,1.0,1.0,0.0,0.0,unstable,robust isolated,robust isolated,unstable,0,2,isolated in ≥2
Q445,Frank Golden Park,Neighborhood Park,Q,11.422,Q445,-1,-1,-1,-1,-1,-1,-1,-1,232,159,-1,-1,35,418,90,270,0.25,0.333,0.0,1.0,0.0,0.0,unstable,grouped,robust isolated,unstable,1,1,definition-specific
Q447,Brinkerhoff Mall,Triangle/Plaza,Q,0.396,Q447,250,111,247,109,240,105,87,110,224,154,-1,-1,30,237,87,255,0.0,0.0,0.0,1.0,0.0,0.0,grouped,grouped,robust isolated,grouped,2,1,grouped in ≥2
Q448,Roy Wilkins Recreation Center,Community Park,Q,56.831,Q448,-1,-1,-1,-1,-1,-1,79,102,-1,-1,-1,-1,30,234,87,256,0.25,0.0,0.333,1.0,0.0,0.0,unstable,unstable,robust isolated,grouped,0,1,definition-specific
Q450,Corona Golf Playground,Neighborhood Park,Q,1.722,Q450,-1,-1,-1,-1,-1,-1,-1,-1,-1,-1,-1,-1,27,-1,114,338,0.75,0.667,1.0,1.0,0.5,0.5,unstable,robust isolated,robust isolated,unstable,0,2,isolated in ≥2
Q451,Underbridge Dog Run,Neighborhood Park,Q,0.457,Q451,270,119,270,119,270,119,-1,-1,-1,-1,-1,-1,27,217,115,339,0.0,0.667,0.333,0.75,0.0,0.0,grouped,unstable,unstable,unstable,1,0,definition-specific
Q452,Udalls Park Preserve,Nature Area,Q,44.44,Q452,-1,-1,-1,-1,-1,-1,86,109,241,163,-1,-1,35,420,98,291,0.5,0.0,0.0,1.0,0.5,0.0,unstable,grouped,robust isolated,grouped,1,1,definition-specific
Q456,Gene Gray Playground,Playground,Q,0.229,Q456,202,90,202,90,195,86,-1,-1,-1,-1,-1,-1,36,439,113,326,0.0,0.667,0.333,1.0,0.0,0.0,grouped,unstable,robust isolated,unstable,1,1,definition-specific
Q457,College Point Park,Recreational Field/Courts,Q,0.659,Q457,-1,-1,-1,-1,-1,-1,85,108,-1,-1,-1,-1,-1,-1,90,268,0.5,0.0,1.0,1.0,1.0,0.0,unstable,robust isolated,robust isolated,grouped,0,2,isolated in ≥2
Q458,Fort Totten Park,Neighborhood Park,Q,60.394,Q458,-1,-1,-1,-1,-1,-1,84,107,-1,-1,-1,-1,-1,-1,90,272,1.0,0.0,1.0,1.0,1.0,0.0,robust isolated,robust isolated,robust isolated,grouped,0,3,isolated in all
Q459,Dubos Point Wildlife Sanctuary,Nature Area,Q,53.298,Q459,260,115,260,115,260,115,-1,-1,-1,-1,-1,-1,29,223,81,239,0.0,0.667,0.333,1.0,0.0,0.0,grouped,unstable,robust isolated,unstable,1,1,definition-specific
Q460,Broad Channel Park,Neighborhood Park,Q,1.55,Q460,202,90,202,90,195,86,70,91,185,132,-1,-1,36,438,113,325,0.0,0.0,0.0,1.0,0.0,0.0,grouped,grouped,robust isolated,grouped,2,1,grouped in ≥2
Q461,Powell's Cove Park,Nature Area,Q,59.629,Q461,255,114,255,114,255,114,-1,-1,232,159,-1,-1,35,418,90,270,0.0,0.333,0.0,1.0,0.0,0.0,grouped,grouped,robust isolated,unstable,2,1,grouped in ≥2
Q462,Manuel De Dios Unanue Triangle,Triangle/Plaza,Q,0.04,Q462,215,98,215,98,208,94,83,106,195,140,-1,-1,27,197,114,329,0.0,0.0,0.0,1.0,0.0,0.0,grouped,grouped,robust isolated,grouped,2,1,grouped in ≥2
Q464,Brant Point Wildlife Sanctuary,Nature Area,Q,19.693,Q464,-1,-1,-1,-1,-1,-1,-1,-1,-1,-1,-1,-1,29,223,81,239,0.25,0.667,0.333,1.0,0.0,0.0,unstable,unstable,robust isolated,unstable,0,1,definition-specific
Q465,Socrates Sculpture Park,Neighborhood Park,Q,6.28,Q465,185,81,185,81,184,80,-1,-1,166,122,-1,-1,27,190,77,219,0.0,0.333,0.0,1.0,0.0,0.0,grouped,grouped,robust isolated,unstable,2,1,grouped in ≥2
Q467,Broad Channel American Park,Recreational Field/Courts,Q,18.768,Q467,-1,-1,-1,-1,-1,-1,70,91,185,132,-1,-1,36,438,113,325,0.417,0.0,0.0,1.0,0.0,0.0,unstable,grouped,robust isolated,grouped,1,1,definition-specific
Q469,Seagirt Ave Wetlands,Nature Area,Q,5.323,Q469,266,117,266,117,266,117,-1,-1,236,161,-1,-1,29,226,80,228,0.0,0.333,0.0,0.875,0.0,0.0,grouped,grouped,robust isolated,unstable,2,1,grouped in ≥2
Q471,Hunter's Point South Park,Neighborhood Park,Q,22.809,Q471,184,80,184,80,183,79,-1,-1,-1,-1,-1,-1,27,183,77,213,0.0,0.333,0.333,1.0,0.0,0.0,grouped,unstable,robust isolated,unstable,1,1,definition-specific
Q472,Vernam Barbadoes Peninsula,Nature Area,Q,23.958,Q472,-1,-1,-1,-1,-1,-1,-1,-1,-1,-1,-1,-1,29,-1,81,238,0.5,0.333,1.0,1.0,0.5,0.0,unstable,robust isolated,robust isolated,unstable,0,2,isolated in ≥2
Q473,Sparrow's Nest Community Garden,Garden,Q,0.205,Q473,-1,-1,-1,-1,-1,-1,82,105,-1,-1,-1,-1,-1,-1,114,336,0.75,0.0,1.0,1.0,1.0,0.5,unstable,robust isolated,robust isolated,grouped,0,2,isolated in ≥2
Q474,Simeone Park,Neighborhood Park,Q,1.78,Q474,-1,-1,-1,-1,-1,-1,82,105,-1,-1,-1,-1,-1,-1,-1,-1,0.75,0.0,1.0,1.0,1.0,1.0,unstable,robust isolated,robust isolated,grouped,0,2,isolated in ≥2
Q474A,Corona Taxpayers Association,Garden,Q,0.18,Q474A,217,101,252,112,245,108,82,105,231,158,-1,-1,27,210,114,336,0.0,0.0,0.0,1.0,0.0,0.0,grouped,grouped,robust isolated,grouped,2,1,grouped in ≥2
Q475,Project Eden,Garden,Q,0.108,Q475,-1,-1,-1,-1,-1,-1,-1,-1,-1,-1,-1,-1,39,-1,109,320,0.417,0.667,0.667,1.0,0.0,0.0,unstable,unstable,robust isolated,unstable,0,1,definition-specific
Q476,College Point Fields,Recreational Field/Courts,Q,26.83,Q476,-1,-1,-1,-1,-1,-1,-1,-1,-1,-1,-1,-1,35,419,90,271,0.167,0.667,0.333,1.0,0.0,0.0,unstable,unstable,robust isolated,unstable,0,1,definition-specific
Q477,Two Coves Community Garden,Garden,Q,0.778,Q477,183,79,183,79,248,110,81,104,166,123,-1,-1,27,213,77,218,0.0,0.0,0.0,0.938,0.0,0.0,grouped,grouped,robust isolated,grouped,2,1,grouped in ≥2
Q478,Broad Channel Wetlands,Nature Area,Q,37.95,Q478,-1,-1,-1,-1,-1,-1,-1,-1,-1,-1,-1,-1,-1,-1,-1,-1,0.0,0.0,0.0,0.0,0.0,1.0,unstable,unstable,unstable,unstable,0,0,definition-specific
Q483,Corona Health Sanctuary,Playground,Q,0.101,Q483,217,101,252,112,245,108,-1,-1,231,158,-1,-1,27,210,114,338,0.0,0.333,0.0,1.0,0.5,0.0,grouped,grouped,robust isolated,unstable,2,1,grouped in ≥2
Q484,Edgemere Urban Renewal Park,Garden,Q,0.961,Q484,254,113,251,111,244,107,-1,-1,229,156,-1,-1,29,227,80,227,0.0,0.333,0.0,1.0,0.0,0.0,grouped,grouped,robust isolated,unstable,2,1,grouped in ≥2
Q486,B.C.C.A. Mini-park and Garden,Garden,Q,0.092,Q486,-1,-1,-1,-1,-1,-1,-1,-1,-1,-1,-1,-1,-1,-1,87,-1,0.833,1.0,1.0,1.0,1.0,0.5,robust isolated,robust isolated,robust isolated,robust isolated,0,3,isolated in all
Q487,Block Association #81,Garden,Q,0.115,Q487,-1,-1,-1,-1,-1,-1,-1,-1,-1,-1,-1,-1,30,239,102,307,0.792,0.667,1.0,1.0,0.5,0.0,unstable,robust isolated,robust isolated,unstable,0,2,isolated in ≥2
Q488,George Eagle Carr Community Garden,Garden,Q,0.121,Q488,-1,-1,-1,-1,-1,-1,-1,-1,-1,-1,-1,-1,38,-1,101,306,0.75,0.333,1.0,1.0,0.5,0.0,unstable,robust isolated,robust isolated,unstable,0,2,isolated in ≥2
Q489,George Washington Carver Botanical Garden,Garden,Q,0.057,Q489,250,112,247,110,240,106,80,103,222,152,-1,-1,30,236,87,254,0.25,0.0,0.0,1.0,0.0,0.0,grouped,grouped,robust isolated,grouped,2,1,grouped in ≥2
Q490,Locust Manor Civic Association,Garden,Q,0.083,Q490,-1,-1,-1,-1,-1,-1,79,102,-1,-1,-1,-1,-1,-1,85,249,0.75,0.0,1.0,1.0,1.0,0.0,unstable,robust isolated,robust isolated,grouped,0,2,isolated in ≥2
Q491,Carlos R. Lillo Park,Triangle/Plaza,Q,0.099,Q491,-1,-1,-1,-1,-1,-1,-1,-1,-1,-1,-1,-1,27,207,79,224,0.75,0.667,1.0,1.0,0.0,0.5,unstable,robust isolated,robust isolated,unstable,0,2,isolated in ≥2
Q492,Elmhurst Park,Community Park,Q,6.219,Q492,233,108,230,106,223,102,78,100,227,155,-1,-1,27,204,88,260,0.0,0.0,0.0,1.0,0.0,0.0,grouped,grouped,robust isolated,grouped,2,1,grouped in ≥2
Q493,Discovery Garden,Garden,Q,0.294,Q493,250,112,247,110,240,106,77,99,222,152,-1,-1,30,236,87,254,0.0,0.0,0.0,1.0,0.0,0.0,grouped,grouped,robust isolated,grouped,2,1,grouped in ≥2
Q494,Flight 587 Memorial Park,Triangle/Plaza,Q,0.159,Q494,-1,-1,-1,-1,-1,-1,75,-1,-1,-1,-1,-1,-1,-1,-1,-1,0.875,0.0,1.0,1.0,1.0,1.0,robust isolated,robust isolated,robust isolated,beyond walk limit,0,3,isolated in all
Q495,97th Street Block Association,Garden,Q,0.057,Q495,215,94,215,94,208,90,76,98,194,139,-1,-1,27,193,114,332,0.0,0.0,0.0,1.0,0.0,0.0,grouped,grouped,robust isolated,grouped,2,1,grouped in ≥2
Q496,Park at Beach 108 Street,Triangle/Plaza,Q,13.826,Q496,-1,-1,-1,-1,-1,-1,75,97,-1,-1,-1,-1,37,443,81,236,0.25,0.0,0.333,0.625,0.0,0.0,unstable,unstable,unstable,grouped,0,0,definition-specific
Q497,Lewis H Latimer House,Historic House Park,Q,0.319,Q497,-1,-1,-1,-1,-1,-1,74,96,215,150,-1,-1,35,415,90,266,0.25,0.0,0.0,1.0,0.0,0.0,unstable,grouped,robust isolated,grouped,1,1,definition-specific
Q498,Sunset Cove Park,Nature Area,Q,9.375,Q498,-1,-1,-1,-1,-1,-1,70,91,185,132,-1,-1,36,438,113,325,0.375,0.0,0.0,1.0,0.0,0.0,unstable,grouped,robust isolated,grouped,1,1,definition-specific
Q499,Bay Breeze Park,Waterfront Facility,Q,4.796,Q499,-1,-1,-1,-1,-1,-1,-1,-1,212,148,-1,-1,37,440,81,237,0.25,0.333,0.0,0.562,0.0,0.0,unstable,grouped,unstable,unstable,1,0,definition-specific
Q500,Park,Triangle/Plaza,Q,0.019,Q500,-1,-1,-1,-1,-1,-1,-1,-1,-1,-1,-1,-1,27,203,88,259,0.25,0.667,0.333,0.688,0.0,0.5,unstable,unstable,unstable,unstable,0,0,definition-specific
Q501,Sergeant Collins Triangle,Triangle/Plaza,Q,0.118,Q501,225,104,222,102,215,98,-1,-1,-1,-1,-1,-1,27,201,72,211,0.0,0.667,0.333,1.0,0.0,0.0,grouped,unstable,robust isolated,unstable,1,1,definition-specific
Q502,Rory Staunton Field,Recreational Field/Courts,Q,0.574,Q502,215,99,215,99,208,95,73,95,193,138,-1,-1,27,198,114,330,0.0,0.0,0.0,0.5,0.0,0.0,grouped,grouped,unstable,grouped,2,0,grouped in ≥2
Q503,Garden,Garden,Q,0.069,Q503,207,91,207,91,200,87,71,92,191,134,-1,-1,29,229,80,232,0.0,0.0,0.0,1.0,0.0,0.0,grouped,grouped,robust isolated,grouped,2,1,grouped in ≥2
Q504,Park,Triangle/Plaza,Q,0.026,Q504,215,97,215,97,208,93,72,94,-1,-1,-1,-1,27,194,114,328,0.0,0.0,0.333,1.0,0.0,0.0,grouped,unstable,robust isolated,grouped,1,1,definition-specific
Q505,Culinary Kids Garden,Garden,Q,1.492,Q505,-1,-1,-1,-1,-1,-1,71,92,191,134,-1,-1,29,229,80,232,0.5,0.0,0.0,1.0,0.0,0.0,unstable,grouped,robust isolated,grouped,1,1,definition-specific
Q506,Gateway Park,Neighborhood Park,Q,0.901,Q506,-1,-1,-1,-1,-1,-1,-1,-1,-1,-1,-1,-1,30,238,103,308,0.25,0.333,0.333,1.0,0.0,0.0,unstable,unstable,robust isolated,unstable,0,1,definition-specific
Q507,Windmill Community Garden,Garden,Q,0.057,Q507,-1,-1,-1,-1,-1,-1,-1,-1,-1,-1,-1,-1,27,189,77,221,0.583,0.667,1.0,1.0,0.0,0.0,unstable,robust isolated,robust isolated,unstable,0,2,isolated in ≥2
Q508,Park,Nature Area,Q,1.226,Q508,202,90,202,90,195,86,70,91,185,132,-1,-1,36,438,113,325,0.0,0.0,0.0,1.0,0.0,0.0,grouped,grouped,robust isolated,grouped,2,1,grouped in ≥2
Q509,Nameoke Park,Neighborhood Park,Q,0.318,Q509,-1,-1,-1,-1,-1,-1,-1,-1,-1,-1,-1,-1,-1,-1,112,324,0.75,0.667,1.0,1.0,1.0,0.0,unstable,robust isolated,robust isolated,unstable,0,2,isolated in ≥2
Q511,Edgemere Coalition,Garden,Q,0.321,Q511,195,86,195,86,188,82,-1,-1,179,127,165,8,28,222,80,226,0.0,0.333,0.0,0.125,0.0,0.0,grouped,grouped,grouped,unstable,3,0,grouped in all
Q512,Garden,Garden,Q,0.1,Q512,-1,-1,-1,-1,-1,-1,-1,-1,-1,-1,-1,-1,30,234,86,-1,0.833,0.667,1.0,1.0,0.0,0.0,robust isolated,robust isolated,robust isolated,unstable,0,3,isolated in all
Q514,Woodside Houses Park,Neighborhood Park,Q,0.145,Q514,200,89,200,89,193,85,69,90,184,131,-1,-1,27,187,72,210,0.0,0.0,0.0,0.812,0.0,0.0,grouped,grouped,robust isolated,grouped,2,1,grouped in ≥2
Q515,Legacy Park,Playground,Q,0.292,Q515,198,88,198,88,191,84,-1,-1,182,130,-1,-1,35,411,99,295,0.0,0.333,0.111,0.875,0.0,0.0,grouped,grouped,robust isolated,unstable,2,1,grouped in ≥2
Q518,Bay Beach 84 Garden,Garden,Q,0.181,Q518,-1,-1,-1,-1,-1,-1,68,89,-1,-1,-1,-1,-1,-1,81,237,0.75,0.0,1.0,1.0,1.0,0.0,unstable,robust isolated,robust isolated,grouped,0,2,isolated in ≥2
Q519,Laurelton Community Garden of Resilience,Garden,Q,0.054,Q519,-1,-1,-1,-1,-1,-1,-1,-1,181,129,-1,-1,30,232,84,244,0.75,0.333,0.0,1.0,0.0,0.0,unstable,grouped,robust isolated,unstable,1,1,definition-specific
Q520,Arverne East Nature Preserve,Nature Area,Q,32.86,Q520,196,87,196,87,189,83,67,88,180,128,-1,-1,29,225,80,227,0.0,0.0,0.0,0.875,0.0,0.0,grouped,grouped,robust isolated,grouped,2,1,grouped in ≥2
Q523,Beach 43rd Street Waterfront Park,Neighborhood Park,Q,0.239,Q523,195,86,195,86,188,82,-1,-1,179,127,165,8,28,222,80,226,0.0,0.333,0.0,0.125,0.0,0.0,grouped,grouped,grouped,unstable,3,0,grouped in all
Q527,LIC Pier,Waterfront Facility,Q,0.131,Q527,182,77,182,77,182,77,-1,-1,165,121,164,-1,27,184,77,214,0.0,0.333,0.0,0.5,0.0,0.0,grouped,grouped,beyond walk limit,unstable,2,0,grouped in ≥2
R002,Pleasant Plains Plaza,Triangle/Plaza,R,0.054,R002,-1,-1,-1,-1,-1,-1,-1,-1,-1,-1,-1,-1,13,-1,61,189,0.917,0.667,1.0,1.0,0.5,0.0,robust isolated,robust isolated,robust isolated,unstable,0,3,isolated in all
R004,Barrett Triangle,Triangle/Plaza,R,0.159,R004,165,67,165,67,165,67,-1,-1,148,111,-1,-1,24,181,55,181,0.125,0.333,0.0,1.0,0.5,0.0,grouped,grouped,robust isolated,unstable,2,1,grouped in ≥2
R008,Faber Pool and Park,Community Park,R,4.339,R008,-1,-1,-1,-1,-1,-1,-1,-1,-1,-1,-1,-1,-1,-1,54,-1,0.75,0.667,0.667,1.0,1.0,0.0,unstable,unstable,robust isolated,unstable,0,1,definition-specific
R009,Amundsen Circle,Triangle/Plaza,R,0.916,R009,-1,-1,-1,-1,-1,-1,-1,-1,-1,-1,-1,-1,-1,-1,67,-1,1.0,1.0,1.0,1.0,1.0,0.0,robust isolated,robust isolated,robust isolated,robust isolated,0,3,isolated in all
R010,Staats Circle,Triangle/Plaza,R,0.28,R010,-1,-1,-1,-1,-1,-1,62,83,-1,-1,-1,-1,-1,-1,60,182,0.75,0.0,1.0,1.0,1.0,0.0,unstable,robust isolated,robust isolated,grouped,0,2,isolated in ≥2
R011,Hero Park,Neighborhood Park,R,3.024,R011,-1,-1,-1,-1,-1,-1,66,87,164,120,-1,-1,19,176,54,171,0.25,0.0,0.0,1.0,0.5,0.0,unstable,grouped,robust isolated,grouped,1,1,definition-specific
R012,John E. White Park,Neighborhood Park,R,0.918,R012,-1,-1,-1,-1,-1,-1,63,84,-1,-1,-1,-1,16,168,60,185,0.5,0.0,1.0,1.0,0.5,0.0,unstable,robust isolated,robust isolated,grouped,0,2,isolated in ≥2
R015,Walker Park,Recreational Field/Courts,R,5.278,R015,-1,-1,-1,-1,-1,-1,48,67,147,-1,-1,-1,19,-1,54,-1,0.25,0.0,0.0,1.0,0.0,0.0,unstable,beyond walk limit,robust isolated,grouped,0,1,definition-specific
R019,Veterans Park,Neighborhood Park,R,1.324,R019,-1,-1,-1,-1,-1,-1,-1,-1,-1,-1,-1,-1,-1,-1,54,173,0.75,0.667,1.0,1.0,1.0,0.0,unstable,robust isolated,robust isolated,unstable,0,2,isolated in ≥2
R020,Egbert Triangle,Triangle/Plaza,R,0.207,R020,173,73,173,73,173,73,60,81,159,117,-1,-1,19,175,54,175,0.0,0.0,0.0,1.0,0.0,0.0,grouped,grouped,robust isolated,grouped,2,1,grouped in ≥2
R021,Forest Mall,Triangle/Plaza,R,0.45,R021,-1,-1,-1,-1,-1,-1,66,87,164,120,-1,-1,19,176,54,171,0.25,0.0,0.0,0.875,0.0,0.0,unstable,grouped,robust isolated,grouped,1,1,definition-specific
R024,Tompkinsville Park,Neighborhood Park,R,0.424,R024,-1,-1,-1,-1,-1,-1,-1,-1,-1,-1,-1,-1,24,-1,55,-1,0.5,0.667,0.333,1.0,0.0,0.0,unstable,unstable,robust isolated,unstable,0,1,definition-specific
R025,Mahoney Playground,Neighborhood Park,R,2.21,R025,172,72,172,72,172,72,59,80,158,116,-1,-1,25,182,54,172,0.25,0.0,0.0,1.0,0.0,0.0,grouped,grouped,robust isolated,grouped,2,1,grouped in ≥2
R026,Gerard P. Dugan Playground,Community Park,R,3.333,R026,-1,-1,-1,-1,-1,-1,-1,-1,-1,-1,-1,-1,-1,-1,67,-1,1.0,1.0,1.0,1.0,1.0,0.0,robust isolated,robust isolated,robust isolated,robust isolated,0,3,isolated in all
R027#1,Long Pond Park (1/4),Nature Area,R,91.086,R027,-1,-1,-1,-1,-1,-1,-1,-1,-1,-1,-1,-1,-1,-1,61,187,0.75,0.333,1.0,1.0,1.0,0.0,unstable,robust isolated,robust isolated,unstable,0,2,isolated in ≥2
R027#2,Long Pond Park (2/4),Nature Area,R,91.086,R027,-1,-1,-1,-1,-1,-1,-1,-1,-1,-1,-1,-1,22,-1,61,-1,0.833,1.0,1.0,1.0,0.5,0.0,robust isolated,robust isolated,robust isolated,robust isolated,0,3,isolated in all
R027#3,Long Pond Park (3/4),Nature Area,R,91.086,R027,178,75,178,75,178,75,65,86,162,119,-1,-1,-1,-1,61,187,0.0,0.0,0.0,1.0,1.0,0.0,grouped,grouped,robust isolated,grouped,2,1,grouped in ≥2
R027#4,Long Pond Park (4/4),Nature Area,R,91.086,R027,-1,-1,-1,-1,-1,-1,-1,-1,-1,-1,-1,-1,21,179,61,187,0.375,0.667,0.333,1.0,0.5,0.0,unstable,unstable,robust isolated,unstable,0,1,definition-specific
R027A,Aesop Park,Jointly Operated Playground,R,0.912,R027A,178,75,178,75,178,75,65,86,162,119,-1,-1,21,179,61,187,0.0,0.0,0.0,1.0,0.5,0.0,grouped,grouped,robust isolated,grouped,2,1,grouped in ≥2
R028,Tappen Park,Historic House Park,R,1.777,R028,148,61,148,61,148,61,49,70,127,105,-1,-1,16,-1,60,184,0.0,0.0,0.0,1.0,0.0,0.0,grouped,grouped,robust isolated,grouped,2,1,grouped in ≥2
R029,Westerleigh Park,Neighborhood Park,R,2.889,R029,-1,-1,-1,-1,-1,-1,-1,-1,-1,-1,-1,-1,19,-1,54,174,0.75,0.333,1.0,1.0,0.0,0.0,unstable,robust isolated,robust isolated,unstable,0,2,isolated in ≥2
R032,Maple Woods,Nature Area,R,0.765,R032,-1,-1,-1,-1,-1,-1,-1,-1,-1,-1,-1,-1,16,169,60,183,0.5,0.333,0.333,1.0,0.5,0.0,unstable,unstable,robust isolated,unstable,0,1,definition-specific
R033,Levy Playground,Playground,R,0.49,R033,161,64,161,64,161,64,-1,-1,-1,-1,-1,-1,19,173,54,173,0.0,0.667,0.333,0.875,0.0,0.0,grouped,unstable,robust isolated,unstable,1,1,definition-specific
R034,Austin J. McDonald Playground,Recreational Field/Courts,R,1.352,R034,168,68,168,68,168,68,54,75,152,112,-1,-1,19,172,54,178,0.0,0.0,0.0,0.875,0.0,0.0,grouped,grouped,robust isolated,grouped,2,1,grouped in ≥2
R035,De Matti Park,Neighborhood Park,R,2.335,R035,-1,-1,-1,-1,-1,-1,-1,-1,-1,-1,-1,-1,26,-1,60,-1,0.417,0.667,0.667,1.0,0.0,0.0,unstable,unstable,robust isolated,unstable,0,1,definition-specific
R036,Bobbie Lewis Jr. Playground,Neighborhood Park,R,0.271,R036,-1,-1,-1,-1,-1,-1,-1,-1,-1,-1,-1,-1,-1,-1,54,170,0.75,0.667,1.0,1.0,1.0,0.0,unstable,robust isolated,robust isolated,unstable,0,2,isolated in ≥2
R037,Liotti Ikefugi Playground,Neighborhood Park,R,0.408,R037,-1,-1,-1,-1,-1,-1,-1,-1,-1,-1,-1,-1,-1,-1,54,172,0.75,0.333,1.0,1.0,1.0,0.0,unstable,robust isolated,robust isolated,unstable,0,2,isolated in ≥2
R038,Midland Playground,Jointly Operated Playground,R,1.681,R038,-1,-1,-1,-1,-1,-1,64,85,-1,-1,-1,-1,-1,-1,66,191,1.0,0.0,1.0,1.0,1.0,0.25,robust isolated,robust isolated,robust isolated,grouped,0,3,isolated in all
R038A,Midland Field,Jointly Operated Playground,R,7.463,R038A,-1,-1,-1,-1,-1,-1,64,85,-1,-1,-1,-1,-1,-1,66,191,1.0,0.0,1.0,1.0,1.0,0.0,robust isolated,robust isolated,robust isolated,grouped,0,3,isolated in all
R038B,Park,Nature Area,R,5.765,R038B,-1,-1,-1,-1,-1,-1,64,85,-1,-1,-1,-1,-1,-1,66,191,0.833,0.0,1.0,1.0,1.0,0.0,robust isolated,robust isolated,robust isolated,grouped,0,3,isolated in all
R042,Kaltenmeier Playground,Neighborhood Park,R,1.02,R042,-1,-1,-1,-1,-1,-1,-1,-1,-1,-1,-1,-1,-1,-1,60,186,0.75,0.667,1.0,1.0,1.0,0.0,unstable,robust isolated,robust isolated,unstable,0,2,isolated in ≥2
R045,Schmul Park,Neighborhood Park,R,7.395,R045,-1,-1,-1,-1,-1,-1,-1,-1,-1,-1,-1,-1,-1,-1,70,203,0.75,0.333,1.0,1.0,1.0,0.0,unstable,robust isolated,robust isolated,unstable,0,2,isolated in ≥2
R048,Jones Woods Park,Nature Area,R,16.93,R048,-1,-1,-1,-1,-1,-1,48,68,-1,-1,-1,-1,-1,-1,54,171,0.833,0.0,1.0,1.0,1.0,0.0,robust isolated,robust isolated,robust isolated,grouped,0,3,isolated in all
R050,Forest Grove,Nature Area,R,0.39,R050,162,65,162,65,162,65,51,72,143,108,-1,-1,20,178,71,205,0.0,0.0,0.0,1.0,0.5,0.0,grouped,grouped,robust isolated,grouped,2,1,grouped in ≥2
R052,Allison Pond Park,Nature Area,R,9.2,R052,163,66,163,66,163,66,48,69,147,110,-1,-1,23,180,54,177,0.0,0.0,0.0,1.0,0.5,0.0,grouped,grouped,robust isolated,grouped,2,1,grouped in ≥2
R053,Harris Brothers Park,Neighborhood Park,R,2.288,R053,171,71,171,71,171,71,58,79,157,115,-1,-1,13,166,68,194,0.0,0.0,0.0,1.0,0.0,0.0,grouped,grouped,robust isolated,grouped,2,1,grouped in ≥2
R059,Von Briesen Park,Neighborhood Park,R,13.938,R059,-1,-1,-1,-1,-1,-1,63,84,-1,-1,-1,-1,16,168,60,185,0.5,0.0,1.0,1.0,0.0,0.0,unstable,robust isolated,robust isolated,grouped,0,2,isolated in ≥2
R060,Dodgers Triangle,Triangle/Plaza,R,0.033,R060,-1,-1,-1,-1,-1,-1,-1,-1,-1,-1,-1,-1,-1,-1,53,169,0.75,0.667,1.0,1.0,1.0,0.0,unstable,robust isolated,robust isolated,unstable,0,2,isolated in ≥2
R061,Rev. Dr. Maggie Howard Playground,Jointly Operated Playground,R,4.096,R061,-1,-1,-1,-1,-1,-1,-1,-1,-1,-1,-1,-1,26,-1,60,184,0.417,0.333,0.667,1.0,0.0,0.0,unstable,unstable,robust isolated,unstable,0,1,definition-specific
R062,Arrochar Playground,Jointly Operated Playground,R,0.892,R062,-1,-1,-1,-1,-1,-1,62,83,-1,-1,-1,-1,-1,-1,60,182,0.75,0.0,1.0,1.0,1.0,0.0,unstable,robust isolated,robust isolated,grouped,0,2,isolated in ≥2
R063,Old Town Playground,Playground,R,2.586,R063,-1,-1,-1,-1,-1,-1,-1,-1,-1,-1,-1,-1,-1,-1,60,-1,1.0,1.0,1.0,1.0,1.0,0.0,robust isolated,robust isolated,robust isolated,robust isolated,0,3,isolated in all
R064,Christopher J. Igneri Playground,Neighborhood Park,R,1.145,R064,-1,-1,-1,-1,-1,-1,-1,-1,-1,-1,-1,-1,19,177,53,-1,0.25,0.333,0.333,1.0,0.5,0.0,unstable,unstable,robust isolated,unstable,0,1,definition-specific
R066,North Shore Esplanade,Triangle/Plaza,R,1.521,R066,-1,-1,-1,-1,-1,-1,-1,-1,-1,-1,-1,-1,-1,-1,55,181,0.625,0.333,0.444,1.0,1.0,0.0,unstable,unstable,robust isolated,unstable,0,1,definition-specific
R067,Gen. Douglas MacArthur Park,Community Park,R,5.165,R067,-1,-1,-1,-1,-1,-1,-1,-1,-1,-1,-1,-1,18,171,66,192,0.833,0.333,1.0,1.0,0.5,0.0,robust isolated,robust isolated,robust isolated,unstable,0,3,isolated in all
R068,The Big Park,Neighborhood Park,R,3.014,R068,-1,-1,-1,-1,-1,-1,-1,-1,-1,-1,-1,-1,-1,-1,71,-1,0.833,0.667,1.0,1.0,1.0,0.0,robust isolated,robust isolated,robust isolated,unstable,0,3,isolated in all
R069,Terrace Playground,Jointly Operated Playground,R,1.922,R069,-1,-1,-1,-1,-1,-1,-1,-1,-1,-1,-1,-1,-1,-1,-1,-1,1.0,1.0,1.0,1.0,1.0,1.0,robust isolated,robust isolated,robust isolated,robust isolated,0,3,isolated in all
R070,Clove's Tail,Recreational Field/Courts,R,2.056,R070,-1,-1,-1,-1,-1,-1,-1,-1,-1,-1,-1,-1,19,177,53,169,0.75,0.333,1.0,1.0,0.5,0.0,unstable,robust isolated,robust isolated,unstable,0,2,isolated in ≥2
R071,Great Kills Veterans Playground,Jointly Operated Playground,R,1.065,R071,-1,-1,-1,-1,-1,-1,-1,-1,-1,-1,-1,-1,-1,-1,69,-1,0.875,1.0,1.0,1.0,1.0,0.0,robust isolated,robust isolated,robust isolated,robust isolated,0,3,isolated in all
R072,Clawson Playground,Jointly Operated Playground,R,3.593,R072,-1,-1,-1,-1,-1,-1,-1,-1,-1,-1,-1,-1,-1,-1,67,-1,1.0,1.0,1.0,1.0,1.0,0.0,robust isolated,robust isolated,robust isolated,robust isolated,0,3,isolated in all
R073,Naples Playground,Jointly Operated Playground,R,3.216,R073,-1,-1,-1,-1,-1,-1,-1,-1,-1,-1,-1,-1,-1,-1,-1,-1,0.75,0.667,1.0,1.0,1.0,0.75,unstable,robust isolated,robust isolated,unstable,0,2,isolated in ≥2
R075A,Father Macris Park,Recreational Field/Courts,R,13.469,R075A,-1,-1,-1,-1,-1,-1,-1,-1,-1,-1,-1,-1,-1,-1,71,-1,1.0,1.0,1.0,1.0,1.0,0.5,robust isolated,robust isolated,robust isolated,robust isolated,0,3,isolated in all
R075B,Westwood Park,Nature Area,R,6.563,R075B,-1,-1,-1,-1,-1,-1,-1,-1,-1,-1,-1,-1,19,174,54,176,0.75,0.667,1.0,1.0,0.0,0.0,unstable,robust isolated,robust isolated,unstable,0,2,isolated in ≥2
R075C,Ingram Woods,Nature Area,R,3.77,R075C,-1,-1,-1,-1,-1,-1,-1,-1,-1,-1,-1,-1,19,174,54,176,0.583,0.667,0.667,1.0,0.0,0.0,unstable,unstable,robust isolated,unstable,0,1,definition-specific
R075E,Park,Strip,R,0.113,R075E,174,74,174,74,174,74,61,82,160,118,-1,-1,19,177,53,169,0.0,0.0,0.0,1.0,0.0,0.0,grouped,grouped,robust isolated,grouped,2,1,grouped in ≥2
R075F,Park,Strip,R,0.071,R075F,174,74,174,74,174,74,61,82,160,118,-1,-1,19,177,53,169,0.0,0.0,0.0,1.0,0.0,0.0,grouped,grouped,robust isolated,grouped,2,1,grouped in ≥2
R075G,Bradys Pond Park,Nature Area,R,6.402,R075G,-1,-1,-1,-1,-1,-1,-1,-1,-1,-1,-1,-1,-1,-1,60,-1,0.75,0.667,1.0,1.0,1.0,0.0,unstable,robust isolated,robust isolated,unstable,0,2,isolated in ≥2
R076,Markham Playground,Jointly Operated Playground,R,2.836,R076,173,73,173,73,173,73,60,81,159,117,-1,-1,19,175,54,175,0.0,0.0,0.0,1.0,0.5,0.0,grouped,grouped,robust isolated,grouped,2,1,grouped in ≥2
R077,St. George Park,Triangle/Plaza,R,0.089,R077,165,67,165,67,165,67,-1,-1,148,111,-1,-1,24,181,55,181,0.125,0.333,0.0,1.0,0.0,0.0,grouped,grouped,robust isolated,unstable,2,1,grouped in ≥2
R078,Northerleigh Park,Neighborhood Park,R,3.955,R078,-1,-1,-1,-1,-1,-1,-1,-1,-1,-1,-1,-1,-1,-1,54,174,0.75,0.333,1.0,1.0,1.0,0.25,unstable,robust isolated,robust isolated,unstable,0,2,isolated in ≥2
R080,Annadale Green,Triangle/Plaza,R,0.3,R080,-1,-1,-1,-1,-1,-1,-1,-1,-1,-1,-1,-1,13,-1,69,202,0.5,0.667,0.333,0.938,0.5,0.0,unstable,unstable,robust isolated,unstable,0,1,definition-specific
R085,E.M.T. Christopher J. Prescott Playground,Jointly Operated Playground,R,1.124,R085,-1,-1,-1,-1,-1,-1,52,73,146,109,-1,-1,-1,-1,69,198,0.75,0.0,0.0,1.0,1.0,0.0,unstable,grouped,robust isolated,grouped,1,1,definition-specific
R086,Davis Playground,Jointly Operated Playground,R,0.949,R086,172,72,172,72,172,72,59,80,158,116,-1,-1,25,182,54,172,0.25,0.0,0.0,1.0,0.0,0.0,grouped,grouped,robust isolated,grouped,2,1,grouped in ≥2
R087,Dongan Playground,Jointly Operated Playground,R,1.05,R087,-1,-1,-1,-1,-1,-1,-1,-1,-1,-1,-1,-1,18,-1,66,-1,0.583,0.667,1.0,1.0,0.5,0.0,unstable,robust isolated,robust isolated,unstable,0,2,isolated in ≥2
R088,High Rock Park,Nature Area,R,94.1,R088,-1,-1,-1,-1,-1,-1,-1,-1,-1,-1,-1,-1,-1,-1,65,190,0.875,0.667,0.333,1.0,1.0,0.0,robust isolated,unstable,robust isolated,unstable,0,2,isolated in ≥2
R089,Greencroft Playground,Jointly Operated Playground,R,3.23,R089,-1,-1,-1,-1,-1,-1,-1,-1,-1,-1,-1,-1,-1,-1,67,-1,1.0,0.667,1.0,1.0,1.0,0.0,robust isolated,robust isolated,robust isolated,unstable,0,3,isolated in all
R090,Lieutenant John H. Martinson Playground,Jointly Operated Playground,R,1.375,R090,-1,-1,-1,-1,-1,-1,-1,-1,-1,-1,-1,-1,15,-1,69,-1,0.833,0.667,1.0,1.0,0.5,0.0,robust isolated,robust isolated,robust isolated,unstable,0,3,isolated in all
R094,Park,Triangle/Plaza,R,1.178,R094,171,71,171,71,171,71,58,79,157,115,-1,-1,13,166,68,194,0.0,0.0,0.0,1.0,0.0,0.0,grouped,grouped,robust isolated,grouped,2,1,grouped in ≥2
R095,Park,Nature Area,R,0.735,R095,170,70,170,70,170,70,57,78,156,114,-1,-1,13,167,68,196,0.125,0.0,0.0,1.0,0.0,0.0,grouped,grouped,robust isolated,grouped,2,1,grouped in ≥2
R096,Park,Triangle/Plaza,R,0.184,R096,170,70,170,70,170,70,57,78,156,114,-1,-1,13,167,68,196,0.125,0.0,0.0,1.0,0.0,0.0,grouped,grouped,robust isolated,grouped,2,1,grouped in ≥2
R097,Ida Court,Playground,R,1.6,R097,169,69,169,69,169,69,56,77,153,113,-1,-1,13,162,69,201,0.125,0.0,0.0,0.938,0.0,0.0,grouped,grouped,robust isolated,grouped,2,1,grouped in ≥2
R098,Park,Parkway,R,5.848,R098,169,69,169,69,169,69,56,77,-1,-1,-1,-1,13,162,69,201,0.042,0.0,0.333,0.875,0.0,0.0,grouped,unstable,robust isolated,grouped,1,1,definition-specific
R099,Park,Nature Area,R,0.554,R099,169,69,169,69,169,69,-1,-1,153,113,-1,-1,13,162,69,201,0.042,0.333,0.0,0.875,0.0,0.0,grouped,grouped,robust isolated,unstable,2,1,grouped in ≥2
R100,Drumgoole Tot Lot,Playground,R,0.636,R100,159,63,159,63,159,63,-1,-1,-1,-1,-1,-1,13,164,68,195,0.0,0.667,0.333,1.0,0.0,0.0,grouped,unstable,robust isolated,unstable,1,1,definition-specific
R101,Wegener Park,Nature Area,R,3.464,R101,-1,-1,-1,-1,-1,-1,-1,-1,-1,-1,-1,-1,13,163,69,200,0.333,0.667,0.333,0.875,0.0,0.0,unstable,unstable,robust isolated,unstable,0,1,definition-specific
R102,Park,Strip,R,0.006,R102,-1,-1,-1,-1,-1,-1,55,76,-1,-1,-1,-1,13,162,68,-1,0.208,0.0,0.333,1.0,0.0,0.0,unstable,unstable,robust isolated,grouped,0,1,definition-specific
R103,Park,Strip,R,0.006,R103,169,69,169,69,169,69,55,76,-1,-1,-1,-1,13,162,69,202,0.167,0.0,0.333,0.938,0.0,0.0,grouped,unstable,robust isolated,grouped,1,1,definition-specific
R105,Prall Playground,Jointly Operated Playground,R,1.307,R105,168,68,168,68,168,68,54,75,152,112,-1,-1,19,172,54,178,0.0,0.0,0.0,0.875,0.0,0.0,grouped,grouped,robust isolated,grouped,2,1,grouped in ≥2
R107,New Dorp Park,Nature Area,R,0.785,R107,-1,-1,-1,-1,-1,-1,-1,-1,-1,-1,-1,-1,-1,-1,67,-1,1.0,1.0,1.0,1.0,1.0,0.0,robust isolated,robust isolated,robust isolated,robust isolated,0,3,isolated in all
R109,CPL. Thompson Park,Community Park,R,10.5,R109,-1,-1,-1,-1,-1,-1,-1,-1,-1,-1,-1,-1,-1,-1,54,179,0.75,0.333,0.778,1.0,1.0,0.0,unstable,unstable,robust isolated,unstable,0,1,definition-specific
R111,Lt. Lia Playground,Playground,R,1.37,R111,-1,-1,-1,-1,-1,-1,-1,-1,-1,-1,-1,-1,24,181,55,181,0.5,0.333,0.556,1.0,0.5,0.0,unstable,unstable,robust isolated,unstable,0,1,definition-specific
R112#17,Meredith Woods (17/25),Nature Area,R,37.064,R112,-1,-1,-1,-1,-1,-1,-1,-1,-1,-1,-1,-1,-1,-1,61,188,0.75,0.667,1.0,1.0,1.0,0.0,unstable,robust isolated,robust isolated,unstable,0,2,isolated in ≥2
R112#18,Meredith Woods (18/25),Nature Area,R,37.064,R112,-1,-1,-1,-1,-1,-1,50,71,-1,-1,-1,-1,17,170,70,204,0.833,0.0,1.0,1.0,0.5,0.0,robust isolated,robust isolated,robust isolated,grouped,0,3,isolated in all
R112#21,Meredith Woods (21/25),Nature Area,R,37.064,R112,-1,-1,-1,-1,-1,-1,-1,-1,-1,-1,-1,-1,-1,-1,-1,-1,0.0,0.0,0.0,0.0,0.0,1.0,unstable,unstable,unstable,unstable,0,0,definition-specific
R112#22,Meredith Woods (22/25),Nature Area,R,37.064,R112,-1,-1,-1,-1,-1,-1,-1,-1,-1,-1,-1,-1,-1,-1,-1,-1,0.0,0.0,0.0,0.0,0.0,1.0,unstable,unstable,unstable,unstable,0,0,definition-specific
R112#24,Meredith Woods (24/25),Nature Area,R,37.064,R112,-1,-1,-1,-1,-1,-1,-1,-1,137,107,-1,-1,17,170,70,204,0.25,0.333,0.0,0.75,0.5,0.0,unstable,grouped,unstable,unstable,1,0,definition-specific
R112#4,Meredith Woods (4/25),Nature Area,R,37.064,R112,-1,-1,-1,-1,-1,-1,-1,-1,-1,-1,-1,-1,-1,-1,61,189,1.0,0.667,1.0,1.0,1.0,0.25,robust isolated,robust isolated,robust isolated,unstable,0,3,isolated in all
R112#6,Meredith Woods (6/25),Nature Area,R,37.064,R112,-1,-1,-1,-1,-1,-1,-1,-1,-1,-1,-1,-1,-1,-1,61,188,1.0,0.667,1.0,1.0,1.0,0.5,robust isolated,robust isolated,robust isolated,unstable,0,3,isolated in all
R112#7,Meredith Woods (7/25),Nature Area,R,37.064,R112,-1,-1,-1,-1,-1,-1,-1,-1,-1,-1,148,7,17,170,70,204,0.375,0.667,0.333,0.125,0.0,0.0,unstable,unstable,grouped,unstable,1,0,definition-specific
R112#9,Meredith Woods (9/25),Nature Area,R,37.064,R112,-1,-1,-1,-1,-1,-1,-1,-1,-1,-1,-1,-1,-1,-1,-1,-1,1.0,0.667,1.0,1.0,1.0,0.75,robust isolated,robust isolated,robust isolated,unstable,0,3,isolated in all
R114,Jennifer's Playground,Neighborhood Park,R,1.6,R114,-1,-1,-1,-1,-1,-1,-1,-1,-1,-1,-1,-1,20,-1,71,-1,0.5,1.0,1.0,0.938,0.0,0.0,unstable,robust isolated,robust isolated,robust isolated,0,2,isolated in ≥2
R115,Deere Park,Nature Area,R,39.13085296,R115,-1,-1,-1,-1,-1,-1,-1,-1,-1,-1,-1,-1,-1,-1,53,-1,0.833,0.667,1.0,1.0,1.0,0.5,robust isolated,robust isolated,robust isolated,unstable,0,3,isolated in all
R116,Snug Harbor Cultural Center,Historic House Park,R,83.3,R116,163,66,163,66,163,66,48,67,147,110,-1,-1,23,180,54,177,0.0,0.0,0.0,1.0,0.5,0.0,grouped,grouped,robust isolated,grouped,2,1,grouped in ≥2
R117,Alice Austen Park,Historic House Park,R,15.524,R117,-1,-1,-1,-1,-1,-1,-1,-1,-1,-1,-1,-1,16,-1,60,186,0.75,0.667,1.0,1.0,0.5,0.0,unstable,robust isolated,robust isolated,unstable,0,2,isolated in ≥2
R118,Reed's Basket Willow Swamp Park,Nature Area,R,52.68328275,R118,-1,-1,-1,-1,-1,-1,-1,-1,-1,-1,-1,-1,-1,-1,-1,-1,1.0,0.667,1.0,1.0,1.0,0.75,robust isolated,robust isolated,robust isolated,unstable,0,3,isolated in all
R121,Siedenburg Park,Nature Area,R,22.882,R121,-1,-1,-1,-1,-1,-1,-1,-1,-1,-1,-1,-1,-1,-1,67,193,0.75,0.667,0.333,1.0,1.0,0.0,unstable,unstable,robust isolated,unstable,0,1,definition-specific
R123,Cottages Hill New Brighton Park,Neighborhood Park,R,2.057,R123,-1,-1,-1,-1,-1,-1,48,68,-1,-1,-1,-1,-1,-1,55,180,0.833,0.0,1.0,1.0,1.0,0.0,robust isolated,robust isolated,robust isolated,grouped,0,3,isolated in all
R124,Eibs Pond Park,Nature Area,R,16.505,R124,-1,-1,-1,-1,-1,-1,-1,-1,130,106,-1,-1,-1,-1,60,183,0.75,0.333,0.0,1.0,1.0,0.0,unstable,grouped,robust isolated,unstable,1,1,definition-specific
R125,Lopez Playground,Neighborhood Park,R,1.115,R125,149,62,149,62,149,62,-1,-1,130,106,-1,-1,16,169,60,183,0.0,0.333,0.0,1.0,0.5,0.0,grouped,grouped,robust isolated,unstable,2,1,grouped in ≥2
R126,Gaeta Park,Triangle/Plaza,R,1.43,R126,-1,-1,-1,-1,-1,-1,-1,-1,-1,-1,-1,-1,19,-1,54,-1,0.667,1.0,0.667,1.0,0.0,0.0,unstable,unstable,robust isolated,robust isolated,0,1,definition-specific
R127,Joseph Manna Park,Triangle/Plaza,R,0.85,R127,162,65,162,65,162,65,51,72,143,108,-1,-1,20,178,71,205,0.0,0.0,0.0,1.0,0.0,0.0,grouped,grouped,robust isolated,grouped,2,1,grouped in ≥2
R128,Shooters Island,Nature Area,R,34.689,R128,-1,-1,-1,-1,-1,-1,-1,-1,-1,-1,-1,-1,-1,-1,-1,-1,0.0,0.0,0.0,0.0,0.0,1.0,unstable,unstable,unstable,unstable,0,0,definition-specific
R131,Huguenot Ponds Park,Nature Area,R,1.53,R131,-1,-1,-1,-1,-1,-1,-1,-1,-1,-1,-1,-1,13,-1,69,199,0.792,0.667,1.0,1.0,0.5,0.0,unstable,robust isolated,robust isolated,unstable,0,2,isolated in ≥2
R132,Bunker Ponds Park,Nature Area,R,36.691,R132,-1,-1,-1,-1,-1,-1,52,73,146,109,-1,-1,13,165,69,198,0.75,0.0,0.0,1.0,0.5,0.0,unstable,grouped,robust isolated,grouped,1,1,definition-specific
R133,Arbutus Woods Park,Nature Area,R,2.65,R133,-1,-1,-1,-1,-1,-1,-1,-1,-1,-1,-1,-1,-1,-1,69,199,1.0,0.667,1.0,1.0,1.0,0.25,robust isolated,robust isolated,robust isolated,unstable,0,3,isolated in all
R136,Hybrid Oak Woods Park,Nature Area,R,9.763,R136,-1,-1,-1,-1,-1,-1,-1,-1,-1,-1,-1,-1,22,-1,61,-1,0.833,1.0,1.0,1.0,0.5,0.0,robust isolated,robust isolated,robust isolated,robust isolated,0,3,isolated in all
R137,Bayview Terrace Park,Nature Area,R,16.944,R137,-1,-1,-1,-1,-1,-1,53,74,-1,-1,-1,-1,-1,-1,69,197,0.833,0.0,1.0,1.0,1.0,0.0,robust isolated,robust isolated,robust isolated,grouped,0,3,isolated in all
R137A,Garden,Garden,R,0.252,R137A,-1,-1,-1,-1,-1,-1,53,74,-1,-1,-1,-1,-1,-1,69,197,1.0,0.0,1.0,1.0,1.0,0.5,robust isolated,robust isolated,robust isolated,grouped,0,3,isolated in all
R138,Kingdom Pond Park,Nature Area,R,4.22,R138,-1,-1,-1,-1,-1,-1,52,73,-1,-1,-1,-1,13,165,69,198,0.75,0.0,1.0,1.0,0.5,0.0,unstable,robust isolated,robust isolated,grouped,0,2,isolated in ≥2
R139,Tottenville Shore Park,Nature Area,R,9.181,R139,-1,-1,-1,-1,-1,-1,-1,-1,-1,-1,-1,-1,21,-1,-1,-1,0.917,1.0,1.0,1.0,0.5,0.5,robust isolated,robust isolated,robust isolated,robust isolated,0,3,isolated in all
R140,King Fisher Park,Nature Area,R,23.01,R140,-1,-1,-1,-1,-1,-1,-1,-1,-1,-1,-1,-1,-1,-1,67,193,0.75,0.667,0.333,1.0,1.0,0.0,unstable,unstable,robust isolated,unstable,0,1,definition-specific
R141,Graniteville Swamp Park,Nature Area,R,9.187,R141,162,65,162,65,162,65,51,72,143,108,-1,-1,20,178,71,205,0.0,0.0,0.0,0.938,0.0,0.0,grouped,grouped,robust isolated,grouped,2,1,grouped in ≥2
R144,Sobel Court Park,Playground,R,1.137,R144,-1,-1,-1,-1,-1,-1,-1,-1,130,106,-1,-1,16,169,60,183,0.25,0.333,0.0,1.0,0.5,0.0,unstable,grouped,robust isolated,unstable,1,1,definition-specific
R145,Seaside Wildlife Nature Park,Neighborhood Park,R,20.907,R145,-1,-1,-1,-1,-1,-1,-1,-1,-1,-1,-1,-1,13,-1,67,-1,0.958,1.0,1.0,1.0,0.5,0.0,robust isolated,robust isolated,robust isolated,robust isolated,0,3,isolated in all
R146,Joe Holzka Community Garden,Garden,R,0.429,R146,161,64,161,64,161,64,-1,-1,-1,-1,-1,-1,19,173,54,179,0.0,0.333,0.333,0.875,0.0,0.0,grouped,unstable,robust isolated,unstable,1,1,definition-specific
R147,South Beach Wetlands,Nature Area,R,5.188,R147,-1,-1,-1,-1,-1,-1,-1,-1,-1,-1,-1,-1,-1,-1,-1,-1,0.0,0.0,0.0,0.0,0.0,1.0,unstable,unstable,unstable,unstable,0,0,definition-specific
R148,Last Chance Pond Park,Nature Area,R,3.903,R148,-1,-1,-1,-1,-1,-1,-1,-1,-1,-1,-1,-1,18,171,66,192,0.583,0.333,1.0,1.0,0.5,0.0,unstable,robust isolated,robust isolated,unstable,0,2,isolated in ≥2
R150,Graniteville Quarry Park,Nature Area,R,4.465,R150,-1,-1,-1,-1,-1,-1,-1,-1,-1,-1,-1,-1,14,-1,54,175,0.75,0.667,1.0,1.0,0.5,0.0,unstable,robust isolated,robust isolated,unstable,0,2,isolated in ≥2
R151,Isle Of Meadows,Nature Area,R,87.516,R151,-1,-1,-1,-1,-1,-1,-1,-1,-1,-1,-1,-1,-1,-1,-1,-1,0.0,0.0,0.0,0.0,0.0,1.0,unstable,unstable,unstable,unstable,0,0,definition-specific
R152,Carlton Park,Nature Area,R,1.25,R152,159,63,159,63,159,63,-1,-1,-1,-1,-1,-1,13,164,68,195,0.0,0.667,0.333,1.0,0.0,0.0,grouped,unstable,robust isolated,unstable,1,1,definition-specific
R153,Fairview Park,Community Park,R,42.6,R153,-1,-1,-1,-1,-1,-1,-1,-1,-1,-1,-1,-1,-1,-1,61,188,0.75,0.667,1.0,1.0,1.0,0.0,unstable,robust isolated,robust isolated,unstable,0,2,isolated in ≥2
R156,Sylvan Grove Cemetery,Triangle/Plaza,R,2.476,R156,-1,-1,-1,-1,-1,-1,-1,-1,137,107,-1,-1,17,-1,70,203,0.25,0.333,0.0,1.0,0.5,0.0,unstable,grouped,robust isolated,unstable,1,1,definition-specific
R158,Fort Hill Park,Nature Area,R,0.845,R158,-1,-1,-1,-1,-1,-1,-1,-1,-1,-1,-1,-1,-1,-1,54,172,0.75,0.333,1.0,1.0,1.0,0.0,unstable,robust isolated,robust isolated,unstable,0,2,isolated in ≥2
R159,Old Place Creek Park,Nature Area,R,44.733,R159,-1,-1,-1,-1,-1,-1,-1,-1,-1,-1,-1,-1,-1,-1,71,-1,1.0,1.0,1.0,1.0,1.0,0.5,robust isolated,robust isolated,robust isolated,robust isolated,0,3,isolated in all
R160,Heritage Park,Neighborhood Park,R,9.934,R160,-1,-1,-1,-1,-1,-1,-1,-1,-1,-1,-1,-1,-1,-1,-1,-1,1.0,0.333,1.0,1.0,1.0,0.75,robust isolated,robust isolated,robust isolated,unstable,0,3,isolated in all
R161,Laredo Avenue Parcel,Nature Area,R,2.223,R161,-1,-1,-1,-1,-1,-1,-1,-1,-1,-1,-1,-1,13,163,69,200,0.5,0.667,0.333,0.938,0.5,0.0,unstable,unstable,robust isolated,unstable,0,1,definition-specific
R162,Olmsted-Beil House Park,Historic House Park,R,2.76,R162,-1,-1,-1,-1,-1,-1,-1,-1,-1,-1,-1,-1,13,-1,69,197,0.75,0.667,1.0,1.0,0.5,0.0,unstable,robust isolated,robust isolated,unstable,0,2,isolated in ≥2
R163,Meredith Woods,Nature Area,R,15.368,R163,-1,-1,-1,-1,-1,-1,50,71,-1,-1,148,7,17,170,70,204,0.417,0.0,0.333,0.125,0.0,0.0,unstable,unstable,grouped,grouped,1,0,definition-specific
R164,Targee Street Triangle,Triangle/Plaza,R,0.206,R164,149,62,149,62,149,62,-1,-1,130,106,-1,-1,16,169,60,183,0.0,0.333,0.0,1.0,0.5,0.0,grouped,grouped,robust isolated,unstable,2,1,grouped in ≥2
R165,Blueberry Park,Neighborhood Park,R,0.724,R165,-1,-1,-1,-1,-1,-1,-1,-1,-1,-1,-1,-1,15,-1,69,197,0.75,0.667,1.0,1.0,0.5,0.0,unstable,robust isolated,robust isolated,unstable,0,2,isolated in ≥2
R166,Manor Park,Nature Area,R,1.78,R166,-1,-1,-1,-1,-1,-1,-1,-1,-1,-1,-1,-1,-1,-1,65,190,0.875,0.667,0.333,1.0,1.0,0.0,robust isolated,unstable,robust isolated,unstable,0,2,isolated in ≥2
R167,Richmond Terrace Park,Nature Area,R,11.193,R167,-1,-1,-1,-1,-1,-1,-1,-1,-1,-1,-1,-1,14,-1,54,170,0.75,0.667,0.667,1.0,0.5,0.0,unstable,unstable,robust isolated,unstable,0,1,definition-specific
R168,Park,Triangle/Plaza,R,0.049,R168,-1,-1,-1,-1,-1,-1,-1,-1,-1,-1,-1,-1,13,-1,-1,-1,0.917,1.0,1.0,1.0,0.5,0.5,robust isolated,robust isolated,robust isolated,robust isolated,0,3,isolated in all
R169,Goodhue Park,Neighborhood Park,R,26.532,R169,-1,-1,-1,-1,-1,-1,48,69,-1,-1,-1,-1,-1,-1,55,180,0.792,0.0,1.0,1.0,1.0,0.0,unstable,robust isolated,robust isolated,grouped,0,2,isolated in ≥2
R170,Stapleton Esplanade,Waterfront Facility,R,4.605,R170,148,61,148,61,148,61,49,70,127,105,-1,-1,-1,-1,60,184,0.0,0.0,0.0,1.0,1.0,0.0,grouped,grouped,robust isolated,grouped,2,1,grouped in ≥2
R173,Snug Harbor Cemetery,Nature Area,R,6.489,R173,-1,-1,-1,-1,-1,-1,48,69,-1,-1,-1,-1,-1,-1,-1,-1,0.875,0.0,1.0,1.0,1.0,0.75,robust isolated,robust isolated,robust isolated,grouped,0,3,isolated in all
X001,Aqueduct Walk,Community Park,X,4.926,X001,77,46,77,46,70,44,7,18,31,25,-1,-1,1,18,40,143,0.0,0.0,0.0,1.0,0.5,0.0,grouped,grouped,robust isolated,grouped,2,1,grouped in ≥2
X001A#1,Aqueduct Walk (1/5),Community Park,X,8.607,X001A,51,33,42,27,56,37,20,34,43,35,-1,-1,1,3,40,136,0.0,0.0,0.0,1.0,0.0,0.0,grouped,grouped,robust isolated,grouped,2,1,grouped in ≥2
X001A#2,Aqueduct Walk (2/5),Community Park,X,8.607,X001A,-1,-1,-1,-1,-1,-1,-1,-1,-1,-1,-1,-1,-1,-1,-1,-1,0.75,0.333,1.0,1.0,1.0,1.0,unstable,robust isolated,robust isolated,unstable,0,2,isolated in ≥2
X001A#3,Aqueduct Walk (3/5),Community Park,X,8.607,X001A,77,46,77,46,70,44,7,18,31,25,-1,-1,1,18,40,143,0.0,0.0,0.0,1.0,0.5,0.0,grouped,grouped,robust isolated,grouped,2,1,grouped in ≥2
X001A#4,Aqueduct Walk (4/5),Community Park,X,8.607,X001A,-1,-1,-1,-1,-1,-1,21,35,48,43,-1,-1,1,12,14,61,0.25,0.0,0.0,0.875,0.0,0.0,unstable,grouped,robust isolated,grouped,1,1,definition-specific
X001A#5,Aqueduct Walk (5/5),Community Park,X,8.607,X001A,-1,-1,-1,-1,-1,-1,-1,-1,-1,-1,-1,-1,1,3,41,145,0.5,0.333,0.333,1.0,0.5,0.0,unstable,unstable,robust isolated,unstable,0,1,definition-specific
X001B,Barnhill Square,Triangle/Plaza,X,0.009,X001B,-1,-1,-1,-1,-1,-1,7,17,31,26,-1,-1,1,17,40,144,0.5,0.0,0.0,0.875,0.0,0.0,unstable,grouped,robust isolated,grouped,1,1,definition-specific
X005,Bryan Park,Triangle/Plaza,X,0.15,X005,-1,-1,-1,-1,-1,-1,-1,-1,33,29,-1,-1,1,19,40,142,0.5,0.333,0.0,1.0,0.5,0.25,unstable,grouped,robust isolated,unstable,1,1,definition-specific
X006,Bergen Triangle,Triangle/Plaza,X,0.21,X006,51,32,42,26,56,36,20,34,43,34,-1,-1,1,2,40,137,0.0,0.0,0.0,1.0,0.0,0.0,grouped,grouped,robust isolated,grouped,2,1,grouped in ≥2
X007,Castle Hill Park,Neighborhood Park,X,8.834,X007,-1,-1,-1,-1,-1,-1,-1,-1,-1,-1,-1,-1,2,38,38,127,0.583,0.333,0.667,1.0,0.0,0.0,unstable,unstable,robust isolated,unstable,0,1,definition-specific
X008,Claremont Park,Community Park,X,38.536,X008,54,35,45,29,37,26,4,7,28,21,-1,-1,1,0,12,57,0.0,0.0,0.0,1.0,0.0,0.0,grouped,grouped,robust isolated,grouped,2,1,grouped in ≥2
X009,Monsignor Raul Del Valle Square,Triangle/Plaza,X,0.42,X009,-1,-1,-1,-1,-1,-1,22,38,14,11,-1,-1,2,31,1,7,0.25,0.0,0.0,1.0,0.5,0.5,unstable,grouped,robust isolated,grouped,1,1,definition-specific
X010A,Walter Gladwin Park,Neighborhood Park,X,15.0,X010A,26,18,26,18,12,14,12,25,7,7,-1,-1,2,26,2,14,0.0,0.0,0.0,0.875,0.0,0.0,grouped,grouped,robust isolated,grouped,2,1,grouped in ≥2
X011#1,Crotona Parkway Malls (1/3),Mall,X,8.75,X011,26,17,26,17,12,13,1,0,7,6,-1,-1,2,28,2,16,0.0,0.0,0.0,1.0,0.0,0.0,grouped,grouped,robust isolated,grouped,2,1,grouped in ≥2
X011#2,Crotona Parkway Malls (2/3),Mall,X,8.75,X011,26,16,26,16,12,12,12,23,7,8,-1,-1,2,30,2,15,0.0,0.0,0.0,1.0,0.0,0.0,grouped,grouped,robust isolated,grouped,2,1,grouped in ≥2
X011#3,Crotona Parkway Malls (3/3),Mall,X,8.75,X011,26,17,26,17,12,13,1,0,7,6,-1,-1,2,28,2,16,0.0,0.0,0.0,1.0,0.0,0.0,grouped,grouped,robust isolated,grouped,2,1,grouped in ≥2
X012,Church Triangle,Triangle/Plaza,X,0.09,X012,2,-1,2,-1,2,-1,-1,-1,-1,-1,-1,-1,2,66,1,0,0.0,0.333,0.333,1.0,0.0,0.0,beyond walk limit,unstable,robust isolated,unstable,0,1,definition-specific
X013,Devoe Park,Neighborhood Park,X,5.44,X013,77,46,77,46,70,44,7,18,31,25,-1,-1,1,18,40,143,0.0,0.0,0.0,1.0,0.0,0.0,grouped,grouped,robust isolated,grouped,2,1,grouped in ≥2
X014,Horseshoe Playground,Playground,X,0.432,X014,-1,-1,-1,-1,-1,-1,11,22,119,103,-1,-1,-1,-1,5,26,0.625,0.0,0.333,1.0,1.0,0.5,unstable,grouped,robust isolated,grouped,1,1,definition-specific
X015,Joseph Rodman Drake Park & Enslaved African Burial Ground,Neighborhood Park,X,2.49,X015,98,51,98,51,84,48,-1,-1,-1,-1,-1,-1,2,47,38,132,0.0,0.667,0.333,1.0,0.0,0.0,grouped,unstable,robust isolated,unstable,1,1,definition-specific
X016,Owen F. Dolen Park,Neighborhood Park,X,1.4,X016,-1,-1,-1,-1,-1,-1,-1,-1,102,94,-1,-1,2,61,37,122,0.25,0.333,0.0,1.0,0.0,0.0,unstable,grouped,robust isolated,unstable,1,1,definition-specific
X017,Richman (Echo) Park,Neighborhood Park,X,4.385,X017,-1,-1,-1,-1,-1,-1,47,66,36,33,-1,-1,2,27,40,135,0.25,0.0,0.0,0.938,0.0,0.0,unstable,grouped,robust isolated,grouped,1,1,definition-specific
X018,Echo Triangle,Triangle/Plaza,X,0.16,X018,60,38,50,33,134,59,-1,-1,44,36,-1,-1,1,6,40,137,0.0,0.333,0.0,1.0,0.0,0.0,grouped,grouped,robust isolated,unstable,2,1,grouped in ≥2
X019,Ewen Park,Neighborhood Park,X,7.84,X019,-1,-1,-1,-1,-1,-1,-1,-1,-1,-1,-1,-1,11,159,47,161,0.5,0.333,0.444,1.0,0.5,0.5,unstable,unstable,robust isolated,unstable,0,1,definition-specific
X020,Fort Independence Playground,Playground,X,3.02,X020,-1,-1,-1,-1,-1,-1,-1,-1,-1,-1,-1,-1,-1,-1,40,-1,0.75,0.333,0.333,1.0,1.0,0.0,unstable,unstable,robust isolated,unstable,0,1,definition-specific
X021,Drew Playground,Playground,X,0.94,X021,10,6,10,6,24,19,46,65,-1,-1,92,4,2,46,42,147,0.0,0.0,0.333,0.5,0.0,0.0,grouped,unstable,grouped,grouped,2,0,grouped in ≥2
X022,Benjamin Gladstone Square,Triangle/Plaza,X,0.2,X022,36,24,36,24,30,23,22,38,14,11,-1,-1,2,31,1,9,0.0,0.0,0.0,1.0,0.0,0.0,grouped,grouped,robust isolated,grouped,2,1,grouped in ≥2
X023,Graham Triangle,Triangle/Plaza,X,0.126,X023,73,44,73,44,66,42,-1,-1,72,69,-1,-1,2,59,5,34,0.125,0.333,0.0,0.875,0.0,0.0,grouped,grouped,robust isolated,unstable,2,1,grouped in ≥2
X025,Hugh J. Grant Circle,Triangle/Plaza,X,1.11,X025,2,3,2,3,2,3,42,61,2,1,-1,-1,2,21,1,2,0.042,0.0,0.0,0.875,0.0,0.0,grouped,grouped,robust isolated,grouped,2,1,grouped in ≥2
X026,Hines Park,Playground,X,0.383,X026,10,7,10,7,24,20,14,27,91,88,-1,-1,2,44,42,148,0.0,0.0,0.0,1.0,0.0,0.0,grouped,grouped,robust isolated,grouped,2,1,grouped in ≥2
X028,Joyce Kilmer Park,Community Park,X,6.882,X028,42,28,55,36,40,30,5,13,46,39,-1,-1,1,8,14,-1,0.0,0.0,0.0,0.875,0.0,0.0,grouped,grouped,robust isolated,grouped,2,1,grouped in ≥2
X029,Lyons Square Playground,Playground,X,1.322,X029,36,24,36,24,30,23,22,38,14,11,-1,-1,2,31,1,7,0.0,0.0,0.0,0.625,0.0,0.0,grouped,grouped,unstable,grouped,2,0,grouped in ≥2
X030,Macombs Dam Park,Community Park,X,44.174,X030,42,29,55,37,40,31,5,12,46,38,-1,-1,1,9,14,64,0.0,0.0,0.0,1.0,0.0,0.0,grouped,grouped,robust isolated,grouped,2,1,grouped in ≥2
X031,McKinley Square,Triangle/Plaza,X,0.12,X031,11,8,11,8,25,21,46,65,91,88,-1,-1,2,45,42,148,0.0,0.0,0.0,1.0,0.0,0.0,grouped,grouped,robust isolated,grouped,2,1,grouped in ≥2
X032,Railroad Park,Neighborhood Park,X,0.732,X032,16,10,16,10,10,9,2,4,22,18,-1,-1,1,1,4,24,0.0,0.0,0.0,0.875,0.0,0.0,grouped,grouped,robust isolated,grouped,2,1,grouped in ≥2
X033#1,Mosholu Parkway (1/5),Parkway,X,80.936,X033,-1,-1,-1,-1,-1,-1,33,51,34,31,-1,-1,1,16,40,139,0.375,0.0,0.0,1.0,0.5,0.0,unstable,grouped,robust isolated,grouped,1,1,definition-specific
X033#2,Mosholu Parkway (2/5),Parkway,X,80.936,X033,-1,-1,-1,-1,-1,-1,10,21,-1,-1,-1,-1,1,16,40,140,0.5,0.0,0.333,1.0,0.0,0.0,unstable,unstable,robust isolated,grouped,0,1,definition-specific
X033#3,Mosholu Parkway (3/5),Parkway,X,80.936,X033,90,49,90,49,76,46,33,51,32,27,-1,-1,2,-1,40,139,0.0,0.0,0.0,1.0,0.0,0.0,grouped,grouped,robust isolated,grouped,2,1,grouped in ≥2
X033#4,Mosholu Parkway (4/5),Parkway,X,80.936,X033,-1,-1,-1,-1,-1,-1,10,21,32,28,-1,-1,-1,-1,40,140,0.5,0.0,0.0,1.0,1.0,0.0,unstable,grouped,robust isolated,grouped,1,1,definition-specific
X033#5,Mosholu Parkway (5/5),Parkway,X,80.936,X033,91,50,91,50,77,47,33,51,32,28,-1,-1,1,16,40,140,0.125,0.0,0.0,1.0,0.5,0.0,grouped,grouped,robust isolated,grouped,2,1,grouped in ≥2
X034,Rev. T. Wendell Foster Park and Recreation Center,Community Park,X,15.049,X034,42,29,55,37,40,31,5,12,46,38,-1,-1,1,9,13,58,0.0,0.0,0.0,1.0,0.0,0.0,grouped,grouped,robust isolated,grouped,2,1,grouped in ≥2
X035,Muller Triangle,Triangle/Plaza,X,0.04,X035,81,48,81,48,135,60,7,18,33,29,86,-1,1,18,40,143,0.0,0.0,0.0,0.5,0.0,0.0,grouped,grouped,beyond walk limit,grouped,2,0,grouped in ≥2
X036,Murphy Triangle,Triangle/Plaza,X,0.1,X036,26,19,26,19,12,15,1,1,7,3,-1,-1,2,55,2,10,0.0,0.0,0.0,0.938,0.0,0.0,grouped,grouped,robust isolated,grouped,2,1,grouped in ≥2
X037,O'Brien Oval,Triangle/Plaza,X,0.232,X037,-1,-1,-1,-1,-1,-1,47,66,36,33,-1,-1,2,27,40,135,0.25,0.0,0.0,0.688,0.0,0.0,unstable,grouped,unstable,grouped,1,0,definition-specific
X038,Washington's Walk,Neighborhood Park,X,4.637,X038,80,47,80,47,71,45,-1,-1,31,26,-1,-1,1,17,40,144,0.0,0.333,0.0,0.625,0.0,0.0,grouped,grouped,unstable,unstable,2,0,grouped in ≥2
X040,Poe Park,Playground,X,2.331,X040,-1,-1,-1,-1,-1,-1,7,17,33,29,-1,-1,1,19,40,142,0.25,0.0,0.0,0.938,0.0,0.0,unstable,grouped,robust isolated,grouped,1,1,definition-specific
X041,Pulaski Park,Recreational Field/Courts,X,1.45,X041,-1,-1,-1,-1,-1,-1,-1,-1,-1,-1,-1,-1,2,58,52,168,0.5,0.333,0.333,0.875,0.5,0.0,unstable,unstable,robust isolated,unstable,0,1,definition-specific
X042,Rose Hill Park,Triangle/Plaza,X,0.745,X042,-1,-1,-1,-1,-1,-1,-1,-1,33,30,-1,-1,2,54,40,142,0.25,0.333,0.0,0.688,0.0,0.0,unstable,grouped,unstable,unstable,1,0,definition-specific
X043,Ryan Triangle,Triangle/Plaza,X,0.22,X043,72,43,72,43,65,41,35,53,54,45,-1,-1,1,7,5,33,0.0,0.0,0.0,1.0,0.0,0.0,grouped,grouped,robust isolated,grouped,2,1,grouped in ≥2
X044,St. James Park,Neighborhood Park,X,11.39,X044,81,48,81,48,135,60,7,18,33,29,-1,-1,1,18,40,143,0.0,0.0,0.0,0.75,0.0,0.0,grouped,grouped,unstable,grouped,2,0,grouped in ≥2
X045,St. Mary's Park,Community Park,X,35.311,X045,71,42,71,42,64,40,31,49,55,47,-1,-1,2,49,5,29,0.0,0.0,0.0,1.0,0.0,0.0,grouped,grouped,robust isolated,grouped,2,1,grouped in ≥2
X046,Seton Falls Park,Nature Area,X,35.771,X046,-1,-1,-1,-1,-1,-1,36,54,-1,-1,-1,-1,4,74,44,154,0.75,0.0,1.0,1.0,0.5,0.0,unstable,robust isolated,robust isolated,grouped,0,2,isolated in ≥2
X047,Franz Sigel Park,Community Park,X,15.99,X047,42,28,55,36,40,30,5,13,46,39,-1,-1,1,8,13,58,0.0,0.0,0.0,0.75,0.0,0.0,grouped,grouped,unstable,grouped,2,0,grouped in ≥2
X049,Schneider Sampson Square,Mall,X,0.09,X049,-1,-1,-1,-1,-1,-1,41,59,111,99,-1,-1,8,157,37,123,0.5,0.0,0.0,1.0,0.0,0.0,unstable,grouped,robust isolated,grouped,1,1,definition-specific
X051,University Woods,Neighborhood Park,X,3.306,X051,-1,-1,-1,-1,-1,-1,7,15,45,37,-1,-1,-1,-1,48,165,0.25,0.0,0.0,0.875,1.0,0.0,unstable,grouped,robust isolated,grouped,1,1,definition-specific
X052,Triangle,Triangle/Plaza,X,0.054,X052,16,10,16,10,10,9,2,4,22,18,-1,-1,2,43,2,21,0.0,0.0,0.0,0.625,0.0,0.0,grouped,grouped,unstable,grouped,2,0,grouped in ≥2
X053,O'Neill Triangle,Neighborhood Park,X,0.636,X053,16,10,16,10,10,9,2,4,22,18,-1,-1,2,43,4,23,0.0,0.0,0.0,0.938,0.0,0.0,grouped,grouped,robust isolated,grouped,2,1,grouped in ≥2
X055,Brust Park,Neighborhood Park,X,1.79,X055,-1,-1,-1,-1,-1,-1,-1,-1,108,98,-1,-1,-1,-1,50,166,0.25,0.333,0.0,1.0,1.0,0.0,unstable,grouped,robust isolated,unstable,1,1,definition-specific
X056,Park,Triangle/Plaza,X,0.06,X056,10,7,10,7,24,20,14,28,91,87,-1,-1,2,44,42,146,0.0,0.0,0.0,1.0,0.0,0.0,grouped,grouped,robust isolated,grouped,2,1,grouped in ≥2
X057,Michel Triangle,Triangle/Plaza,X,0.28,X057,-1,-1,-1,-1,-1,-1,4,7,28,21,-1,-1,1,0,12,57,0.25,0.0,0.0,1.0,0.5,0.5,unstable,grouped,robust isolated,grouped,1,1,definition-specific
X058,Keltch Park,Triangle/Plaza,X,0.287,X058,54,-1,45,-1,37,-1,-1,-1,28,22,-1,-1,1,13,12,53,0.0,0.333,0.111,0.875,0.0,0.0,beyond walk limit,grouped,robust isolated,unstable,1,1,definition-specific
X059,Sergeant Johnson Triangle,Triangle/Plaza,X,0.74,X059,-1,-1,-1,-1,-1,-1,-1,-1,-1,-1,-1,-1,2,53,2,-1,0.5,0.667,0.667,0.75,0.0,0.5,unstable,unstable,unstable,unstable,0,0,definition-specific
X060,Sheridan Triangle,Triangle/Plaza,X,0.06,X060,-1,-1,-1,-1,-1,-1,-1,-1,-1,-1,-1,-1,5,78,47,157,0.375,0.667,0.333,1.0,0.0,0.0,unstable,unstable,robust isolated,unstable,0,1,definition-specific
X061,Flood Triangle,Triangle/Plaza,X,0.072,X061,29,22,29,22,15,18,38,56,7,2,-1,-1,2,54,2,12,0.0,0.0,0.0,1.0,0.0,0.0,grouped,grouped,robust isolated,grouped,2,1,grouped in ≥2
X062,Beatty Plaza,Triangle/Plaza,X,0.1,X062,-1,-1,-1,-1,-1,-1,46,65,91,88,-1,-1,2,45,42,148,0.25,0.0,0.0,1.0,0.0,0.0,unstable,grouped,robust isolated,grouped,1,1,definition-specific
X063,Martin Luther King Triangle,Triangle/Plaza,X,0.16,X063,-1,-1,-1,-1,-1,-1,-1,-1,-1,-1,-1,-1,2,49,-1,-1,0.5,0.333,0.333,1.0,0.5,1.0,unstable,unstable,robust isolated,unstable,0,1,definition-specific
X064,Bryant Triangle,Triangle/Plaza,X,0.17,X064,36,24,36,24,30,23,22,38,14,11,-1,-1,2,31,1,9,0.0,0.0,0.0,1.0,0.0,0.0,grouped,grouped,robust isolated,grouped,2,1,grouped in ≥2
X065,Woodrow Wilson Triangle,Triangle/Plaza,X,0.1,X065,67,39,67,39,55,35,45,64,17,14,-1,-1,2,39,38,124,0.0,0.0,0.0,1.0,0.0,0.0,grouped,grouped,robust isolated,grouped,2,1,grouped in ≥2
X067,Martin Luther King Triangle,Triangle/Plaza,X,0.117,X067,42,27,55,35,40,29,-1,-1,47,42,-1,-1,1,11,14,63,0.125,0.333,0.0,0.375,0.0,0.5,grouped,grouped,unstable,unstable,2,0,grouped in ≥2
X068,D'Auria-Murphy Triangle,Triangle/Plaza,X,0.31,X068,29,22,29,22,15,18,1,2,7,4,-1,-1,2,52,2,11,0.0,0.0,0.0,1.0,0.5,0.0,grouped,grouped,robust isolated,grouped,2,1,grouped in ≥2
X069,Hutton Triangle,Triangle/Plaza,X,0.1,X069,26,19,26,19,12,15,1,2,7,4,-1,-1,2,52,2,11,0.0,0.0,0.0,1.0,0.0,0.0,grouped,grouped,robust isolated,grouped,2,1,grouped in ≥2
X070,Heath Triangle,Triangle/Plaza,X,0.11,X070,128,56,128,56,120,54,7,16,114,101,105,5,5,75,47,162,0.125,0.0,0.0,0.0,0.0,0.0,grouped,grouped,grouped,grouped,3,0,grouped in all
X071,Whalen Grove,Triangle/Plaza,X,0.13,X071,28,21,28,21,14,17,1,2,7,4,-1,-1,2,52,2,11,0.0,0.0,0.0,0.75,0.0,0.0,grouped,grouped,unstable,grouped,2,0,grouped in ≥2
X073,Young Park,Triangle/Plaza,X,0.44,X073,27,20,27,20,13,16,-1,-1,-1,-1,-1,-1,2,23,2,18,0.0,0.333,0.333,0.625,0.0,0.0,grouped,unstable,unstable,unstable,1,0,definition-specific
X077,Featherbed Triangle,Triangle/Plaza,X,0.17,X077,56,37,61,38,46,32,21,37,48,44,-1,-1,1,14,14,59,0.0,0.0,0.0,1.0,0.0,0.0,grouped,grouped,robust isolated,grouped,2,1,grouped in ≥2
X078,Franklin Triangle,Triangle/Plaza,X,0.12,X078,10,7,10,7,24,20,14,28,91,87,-1,-1,2,44,42,146,0.0,0.0,0.0,0.812,0.0,0.0,grouped,grouped,robust isolated,grouped,2,1,grouped in ≥2
X079,Major General John R Brown Triangle,Triangle/Plaza,X,0.135,X079,-1,-1,-1,-1,-1,-1,-1,-1,31,26,-1,-1,1,17,40,144,0.5,0.333,0.0,1.0,0.5,0.0,unstable,grouped,robust isolated,unstable,1,1,definition-specific
X080,Henry Hudson Park,Neighborhood Park,X,8.972,X080,-1,-1,-1,-1,-1,-1,28,44,98,93,-1,-1,-1,-1,47,159,0.25,0.0,0.0,1.0,1.0,0.0,unstable,grouped,robust isolated,grouped,1,1,definition-specific
X081,Mount Eden Malls,Mall,X,1.682,X081,54,35,45,29,37,26,4,10,28,24,-1,-1,1,4,12,55,0.0,0.0,0.0,1.0,0.0,0.0,grouped,grouped,robust isolated,grouped,2,1,grouped in ≥2
X082,University Malls,Mall,X,0.743,X082,56,37,61,38,46,32,21,37,48,44,-1,-1,1,14,14,59,0.0,0.0,0.0,0.875,0.0,0.0,grouped,grouped,robust isolated,grouped,2,1,grouped in ≥2
X084,D'Onofrio Square,Triangle/Plaza,X,0.38,X084,132,57,132,57,124,55,44,63,118,102,-1,-1,4,73,44,153,0.0,0.0,0.0,1.0,0.0,0.0,grouped,grouped,robust isolated,grouped,2,1,grouped in ≥2
X085,Slattery Playground,Playground,X,0.911,X085,-1,-1,-1,-1,-1,-1,-1,-1,-1,-1,-1,-1,1,19,40,141,0.25,0.333,0.333,1.0,0.0,0.0,unstable,unstable,robust isolated,unstable,0,1,definition-specific
X086,Charlton-Thompson Garden,Neighborhood Park,X,0.488,X086,10,7,10,7,24,20,14,28,91,87,-1,-1,2,44,42,146,0.0,0.0,0.0,1.0,0.0,0.0,grouped,grouped,robust isolated,grouped,2,1,grouped in ≥2
X087,Zimmerman Playground,Playground,X,0.974,X087,134,58,134,58,126,56,-1,-1,120,104,-1,-1,4,69,43,149,0.0,0.333,0.0,1.0,0.0,0.0,grouped,grouped,robust isolated,unstable,2,1,grouped in ≥2
X088,Pugsley Creek Park,Nature Area,X,68.017,X088,67,39,67,39,55,35,45,64,17,14,-1,-1,2,39,38,124,0.0,0.0,0.0,1.0,0.0,0.0,grouped,grouped,robust isolated,grouped,2,1,grouped in ≥2
X088A,Waterfront Garden,Garden,X,0.27,X088A,105,53,105,53,97,51,-1,-1,-1,-1,-1,-1,2,41,38,126,0.0,0.333,0.333,1.0,0.0,0.0,grouped,unstable,robust isolated,unstable,1,1,definition-specific
X088B,Clason Point Park,Community Park,X,14.872,X088B,-1,-1,-1,-1,-1,-1,-1,-1,-1,-1,-1,-1,2,41,38,126,0.5,0.333,1.0,1.0,0.0,0.0,unstable,robust isolated,robust isolated,unstable,0,2,isolated in ≥2
X090,Spuyten Duyvil Shorefront Park,Nature Area,X,6.6,X090,-1,-1,-1,-1,-1,-1,28,44,98,93,-1,-1,-1,-1,47,159,0.75,0.0,0.0,1.0,1.0,0.0,unstable,grouped,robust isolated,grouped,1,1,definition-specific
X091,Park,Triangle/Plaza,X,0.187,X091,-1,-1,-1,-1,-1,-1,28,44,-1,-1,-1,-1,-1,-1,47,159,0.75,0.0,0.333,1.0,1.0,0.0,unstable,unstable,robust isolated,grouped,0,1,definition-specific
X093,Van Nest Park,Playground,X,0.401,X093,-1,-1,-1,-1,-1,-1,-1,-1,-1,-1,-1,-1,2,22,2,18,0.25,0.667,0.333,1.0,0.0,0.0,unstable,unstable,robust isolated,unstable,0,1,definition-specific
X094,Bridge Park,Neighborhood Park,X,7.156,X094,-1,-1,-1,-1,-1,-1,-1,-1,-1,-1,-1,-1,-1,-1,48,-1,0.75,0.667,0.333,1.0,1.0,0.0,unstable,unstable,robust isolated,unstable,0,1,definition-specific
X095,Marcus Garvey Square,Triangle/Plaza,X,1.395,X095,132,57,132,57,124,55,44,63,118,102,-1,-1,4,73,44,153,0.0,0.0,0.0,1.0,0.0,0.0,grouped,grouped,robust isolated,grouped,2,1,grouped in ≥2
X096,Rita Ley Triangle,Triangle/Plaza,X,0.12,X096,-1,-1,-1,-1,-1,-1,-1,-1,-1,-1,-1,-1,-1,-1,-1,-1,1.0,1.0,1.0,1.0,1.0,1.0,robust isolated,robust isolated,robust isolated,robust isolated,0,3,isolated in all
X101A,Samuel H. Young Park,Recreational Field/Courts,X,1.285,X101A,-1,-1,-1,-1,-1,-1,29,47,102,94,-1,-1,2,61,37,122,0.25,0.0,0.0,1.0,0.0,0.0,unstable,grouped,robust isolated,grouped,1,1,definition-specific
X102,Ciccarone Park,Neighborhood Park,X,0.553,X102,29,22,29,22,15,18,-1,-1,7,2,-1,-1,2,53,2,12,0.0,0.333,0.0,1.0,0.0,0.0,grouped,grouped,robust isolated,unstable,2,1,grouped in ≥2
X103,People's Park,Playground,X,1.394,X103,74,45,74,45,67,43,25,41,-1,-1,-1,-1,2,56,4,22,0.0,0.0,0.333,0.5,0.0,0.0,grouped,unstable,unstable,grouped,1,0,definition-specific
X104,Williamsbridge Oval,Neighborhood Park,X,19.749,X104,-1,-1,-1,-1,-1,-1,33,51,32,28,-1,-1,-1,-1,40,140,0.5,0.0,0.0,1.0,1.0,0.5,unstable,grouped,robust isolated,grouped,1,1,definition-specific
X105,Jerome Slope,Nature Area,X,0.764,X105,42,29,55,37,40,31,5,12,46,38,-1,-1,1,9,-1,-1,0.0,0.0,0.0,0.938,0.0,0.75,grouped,grouped,robust isolated,grouped,2,1,grouped in ≥2
X106,Evelina Antonetty Playground,Playground,X,0.696,X106,-1,-1,-1,-1,-1,-1,-1,-1,46,40,-1,-1,1,7,13,-1,0.25,0.333,0.0,0.75,0.0,0.0,unstable,grouped,unstable,unstable,1,0,definition-specific
X107,Hawkins Park,Triangle/Plaza,X,0.136,X107,-1,-1,-1,-1,-1,-1,-1,-1,103,95,-1,-1,3,67,39,134,0.208,0.333,0.0,0.938,0.0,0.0,unstable,grouped,robust isolated,unstable,1,1,definition-specific
X108,Belmont Playground,Playground,X,2.213,X108,28,21,28,21,14,17,1,2,7,4,-1,-1,2,52,2,11,0.0,0.0,0.0,0.75,0.0,0.0,grouped,grouped,unstable,grouped,2,0,grouped in ≥2
X110#1,Henry Hudson Parkway (1/8),Parkway,X,54.1,X110,135,59,135,59,127,57,-1,-1,96,89,-1,-1,11,160,47,158,0.125,0.333,0.0,0.812,0.0,0.0,grouped,grouped,robust isolated,unstable,2,1,grouped in ≥2
X110#2,Henry Hudson Parkway (2/8),Parkway,X,54.1,X110,107,54,107,54,99,52,28,45,97,90,-1,-1,10,158,47,161,0.0,0.0,0.0,1.0,0.5,0.0,grouped,grouped,robust isolated,grouped,2,1,grouped in ≥2
X110#3,Henry Hudson Parkway (3/8),Parkway,X,54.1,X110,-1,-1,-1,-1,-1,-1,-1,-1,-1,-1,-1,-1,-1,-1,-1,-1,1.0,0.333,1.0,1.0,1.0,1.0,robust isolated,robust isolated,robust isolated,unstable,0,3,isolated in all
X110#4,Henry Hudson Parkway (4/8),Parkway,X,54.1,X110,-1,-1,-1,-1,-1,-1,28,45,97,90,-1,-1,11,159,47,161,0.5,0.0,0.0,0.875,0.0,0.0,unstable,grouped,robust isolated,grouped,1,1,definition-specific
X110#5,Henry Hudson Parkway (5/8),Parkway,X,54.1,X110,-1,-1,-1,-1,-1,-1,28,44,98,93,-1,-1,-1,-1,47,159,0.25,0.0,0.0,1.0,1.0,0.0,unstable,grouped,robust isolated,grouped,1,1,definition-specific
X110#6,Henry Hudson Parkway (6/8),Parkway,X,54.1,X110,-1,-1,-1,-1,-1,-1,-1,-1,-1,-1,-1,-1,5,78,47,157,0.375,0.667,0.333,1.0,0.0,0.0,unstable,unstable,robust isolated,unstable,0,1,definition-specific
X110#7,Henry Hudson Parkway (7/8),Parkway,X,54.1,X110,-1,-1,-1,-1,-1,-1,-1,-1,97,90,-1,-1,11,160,47,158,0.25,0.333,0.0,0.875,0.5,0.0,unstable,grouped,robust isolated,unstable,1,1,definition-specific
X110#8,Henry Hudson Parkway (8/8),Parkway,X,54.1,X110,-1,-1,-1,-1,-1,-1,39,57,96,89,-1,-1,11,160,47,158,0.25,0.0,0.0,0.75,0.0,0.0,unstable,grouped,unstable,grouped,1,0,definition-specific
X110A,Hackett Park,Triangle/Plaza,X,1.0,X110A,135,59,135,59,127,57,39,57,96,89,-1,-1,11,160,47,158,0.125,0.0,0.0,0.812,0.0,0.0,grouped,grouped,robust isolated,grouped,2,1,grouped in ≥2
X110B,Phyllis Post Goodman Park,Triangle/Plaza,X,0.5,X110B,-1,-1,-1,-1,-1,-1,28,44,97,92,-1,-1,10,-1,47,159,0.5,0.0,0.0,1.0,0.5,0.0,unstable,grouped,robust isolated,grouped,1,1,definition-specific
X110C,Park,Triangle/Plaza,X,0.5,X110C,-1,-1,-1,-1,-1,-1,28,44,97,92,-1,-1,-1,-1,47,159,0.375,0.0,0.0,1.0,1.0,0.0,unstable,grouped,robust isolated,grouped,1,1,definition-specific
X110D,Bell Tower Park,Triangle/Plaza,X,0.5,X110D,-1,-1,-1,-1,-1,-1,28,45,97,90,-1,-1,11,159,47,161,0.25,0.0,0.0,0.688,0.0,0.0,unstable,grouped,unstable,grouped,1,0,definition-specific
X111,Cedar Playground,Neighborhood Park,X,1.8,X111,-1,-1,-1,-1,-1,-1,7,15,45,37,-1,-1,12,161,48,165,0.25,0.0,0.0,0.875,0.5,0.0,unstable,grouped,robust isolated,grouped,1,1,definition-specific
X112,Hilton White Playground,Jointly Operated Playground,X,0.477,X112,-1,-1,-1,-1,-1,-1,14,28,22,17,58,3,2,42,2,21,0.375,0.0,0.0,0.5,0.0,0.0,unstable,grouped,grouped,grouped,2,0,grouped in ≥2
X113,Hunts Point Playground,Jointly Operated Playground,X,0.717,X113,98,51,98,51,84,48,-1,-1,-1,-1,-1,-1,2,35,38,131,0.0,0.333,0.333,1.0,0.0,0.0,grouped,unstable,robust isolated,unstable,1,1,definition-specific
X114,Goble Playground,Playground,X,0.381,X114,50,31,47,31,50,33,4,8,28,22,-1,-1,1,13,14,60,0.25,0.0,0.0,1.0,0.5,0.0,grouped,grouped,robust isolated,grouped,2,1,grouped in ≥2
X115,Mott Playground,Jointly Operated Playground,X,0.977,X115,53,34,44,28,36,25,-1,-1,-1,-1,-1,-1,1,1,12,56,0.0,0.667,0.333,0.562,0.0,0.0,grouped,unstable,unstable,unstable,1,0,definition-specific
X116,Rev J Polite Playground,Jointly Operated Playground,X,1.815,X116,-1,-1,-1,-1,-1,-1,-1,-1,-1,-1,-1,-1,2,33,5,26,0.25,0.333,0.333,1.0,0.5,0.0,unstable,unstable,robust isolated,unstable,0,1,definition-specific
X118A,Harding Park Beautification Project,Garden,X,1.16,X118A,-1,-1,-1,-1,-1,-1,27,43,-1,-1,-1,-1,2,40,38,125,0.583,0.0,1.0,1.0,0.0,0.5,unstable,robust isolated,robust isolated,grouped,0,2,isolated in ≥2
X119,Alexander's Alley,Neighborhood Park,X,0.11,X119,74,45,74,45,67,43,25,41,104,96,-1,-1,2,60,4,22,0.0,0.0,0.0,0.75,0.0,0.0,grouped,grouped,unstable,grouped,2,0,grouped in ≥2
X120,Highbridge Park,Neighborhood Park,X,0.82,X120,42,27,55,35,40,29,21,36,47,41,-1,-1,1,10,14,62,0.0,0.0,0.0,1.0,0.0,0.0,grouped,grouped,robust isolated,grouped,2,1,grouped in ≥2
X121,Bufano Park,Playground,X,1.904,X121,-1,-1,-1,-1,-1,-1,-1,-1,-1,-1,-1,-1,2,-1,37,123,0.75,0.667,1.0,1.0,0.5,0.0,unstable,robust isolated,robust isolated,unstable,0,2,isolated in ≥2
X122,Colucci Playground,Neighborhood Park,X,4.0,X122,-1,-1,-1,-1,-1,-1,-1,-1,-1,-1,-1,-1,2,-1,37,-1,0.667,1.0,1.0,1.0,0.0,0.0,unstable,robust isolated,robust isolated,robust isolated,0,2,isolated in ≥2
X123,Noble Playground,Playground,X,3.21,X123,1,0,1,0,1,0,42,60,-1,-1,-1,-1,2,23,1,3,0.083,0.0,0.333,0.875,0.0,0.0,grouped,unstable,robust isolated,grouped,1,1,definition-specific
X124,Watson Gleason Playground,Neighborhood Park,X,3.301,X124,2,2,2,2,2,2,-1,-1,1,0,-1,-1,2,20,1,1,0.0,0.333,0.0,1.0,0.0,0.0,grouped,grouped,robust isolated,unstable,2,1,grouped in ≥2
X129,Devanney Triangle,Triangle/Plaza,X,0.12,X129,60,38,50,33,134,59,20,34,44,36,-1,-1,1,2,40,137,0.0,0.0,0.0,0.875,0.0,0.0,grouped,grouped,robust isolated,grouped,2,1,grouped in ≥2
X130,Barry Plaza,Triangle/Plaza,X,0.09,X130,54,35,45,29,37,26,4,10,28,24,-1,-1,2,25,12,55,0.125,0.0,0.0,1.0,0.0,0.0,grouped,grouped,robust isolated,grouped,2,1,grouped in ≥2
X131,Lozada Playground,Jointly Operated Playground,X,1.05,X131,-1,-1,-1,-1,-1,-1,-1,-1,57,49,-1,-1,2,58,45,156,0.208,0.333,0.0,0.625,0.5,0.0,unstable,grouped,unstable,unstable,1,0,definition-specific
X133,Derosa O'Boyle Triangle,Triangle/Plaza,X,0.017,X133,-1,-1,-1,-1,-1,-1,-1,-1,-1,-1,-1,-1,9,-1,37,-1,0.667,1.0,1.0,1.0,0.0,0.0,unstable,robust isolated,robust isolated,robust isolated,0,2,isolated in ≥2
X134,Freeman Triangle,Triangle/Plaza,X,0.016,X134,36,23,36,23,30,22,18,32,14,13,-1,-1,2,37,1,8,0.0,0.0,0.0,0.625,0.0,0.0,grouped,grouped,unstable,grouped,2,0,grouped in ≥2
X136,Harris Park,Neighborhood Park,X,15.32,X136,80,47,80,47,71,45,43,62,-1,-1,-1,-1,1,15,40,138,0.0,0.0,0.333,0.875,0.0,0.0,grouped,unstable,robust isolated,grouped,1,1,definition-specific
X137,Jerome Park,Neighborhood Park,X,4.359,X137,80,47,80,47,71,45,43,62,-1,-1,-1,-1,1,15,40,138,0.0,0.0,0.333,0.625,0.0,0.0,grouped,unstable,unstable,grouped,1,0,definition-specific
X138,Playground One Thirty Four CXXXIV,Neighborhood Park,X,1.95,X138,-1,-1,-1,-1,-1,-1,-1,-1,-1,-1,-1,-1,2,57,52,168,0.5,0.333,0.333,0.875,0.5,0.0,unstable,unstable,robust isolated,unstable,0,1,definition-specific
X139,Gouverneur Morris Triangle,Triangle/Plaza,X,0.313,X139,71,41,71,41,64,39,-1,-1,56,48,-1,-1,2,57,5,32,0.0,0.333,0.0,0.625,0.0,0.0,grouped,grouped,unstable,unstable,2,0,grouped in ≥2
X141,Rienzi Playground,Jointly Operated Playground,X,1.23,X141,-1,-1,-1,-1,-1,-1,-1,-1,-1,-1,-1,-1,4,-1,44,-1,0.833,1.0,1.0,1.0,0.0,0.0,robust isolated,robust isolated,robust isolated,robust isolated,0,3,isolated in all
X145,La Finca del Sur Community Garden,Garden,X,0.255,X145,73,44,73,44,66,42,-1,-1,72,69,73,-1,2,59,5,34,0.125,0.333,0.0,0.5,0.0,0.0,grouped,grouped,beyond walk limit,unstable,2,0,grouped in ≥2
X146,Flynn Playground,Playground,X,0.82,X146,16,11,16,11,10,10,2,3,22,19,-1,-1,2,43,4,23,0.0,0.0,0.0,0.75,0.0,0.0,grouped,grouped,unstable,grouped,2,0,grouped in ≥2
X147A,Starlight Park,Neighborhood Park,X,17.256,X147A,37,25,37,25,31,24,18,32,14,13,-1,-1,2,37,1,8,0.0,0.0,0.0,0.875,0.0,0.0,grouped,grouped,robust isolated,grouped,2,1,grouped in ≥2
X147B,Daniel Boone Playground,Playground,X,1.2,X147B,36,23,36,23,30,22,18,32,14,13,-1,-1,2,37,1,8,0.0,0.0,0.0,0.875,0.0,0.0,grouped,grouped,robust isolated,grouped,2,1,grouped in ≥2
X148A,Park,Strip,X,0.294,X148A,42,26,55,34,40,28,21,37,48,44,-1,-1,1,14,14,59,0.0,0.0,0.0,0.875,0.0,0.0,grouped,grouped,robust isolated,grouped,2,1,grouped in ≥2
X148A1,Park,Strip,X,0.031,X148A1,42,26,55,34,40,28,21,37,48,44,-1,-1,1,14,14,59,0.0,0.0,0.0,0.625,0.0,0.0,grouped,grouped,unstable,grouped,2,0,grouped in ≥2
X148A2,Plimpton Playground,Playground,X,1.0,X148A2,-1,-1,-1,-1,-1,-1,21,37,48,44,-1,-1,1,14,14,59,0.25,0.0,0.0,1.0,0.0,0.0,unstable,grouped,robust isolated,grouped,1,1,definition-specific
X148A3,Bridge Playground,Playground,X,0.63,X148A3,42,27,55,35,40,29,21,37,47,41,-1,-1,1,14,14,59,0.0,0.0,0.0,1.0,0.0,0.0,grouped,grouped,robust isolated,grouped,2,1,grouped in ≥2
X148A4,Park,Parkway,X,0.167,X148A4,56,37,61,38,46,32,21,37,48,44,-1,-1,1,14,14,59,0.0,0.0,0.0,0.875,0.0,0.0,grouped,grouped,robust isolated,grouped,2,1,grouped in ≥2
X148B,Park,Strip,X,0.15,X148B,48,30,48,32,51,34,4,8,28,22,-1,-1,-1,-1,14,60,0.125,0.0,0.0,0.75,1.0,0.0,grouped,grouped,unstable,grouped,2,0,grouped in ≥2
X148B1,Park,Strip,X,0.027,X148B1,48,30,48,32,51,34,4,8,28,22,-1,-1,-1,-1,14,60,0.125,0.0,0.0,0.75,1.0,0.0,grouped,grouped,unstable,grouped,2,0,grouped in ≥2
X148B2,Park,Triangle/Plaza,X,0.041,X148B2,-1,-1,-1,-1,-1,-1,4,8,28,22,-1,-1,1,13,14,60,0.25,0.0,0.0,1.0,0.5,0.0,unstable,grouped,robust isolated,grouped,1,1,definition-specific
X148C,Park,Strip,X,0.029,X148C,-1,-1,-1,-1,-1,-1,4,8,28,22,-1,-1,-1,-1,12,53,0.5,0.0,0.0,1.0,1.0,0.5,unstable,grouped,robust isolated,grouped,1,1,definition-specific
X148C1,Featherbenches,Triangle/Plaza,X,0.213,X148C1,54,36,45,30,37,27,4,8,28,22,-1,-1,1,4,12,53,0.0,0.0,0.0,0.875,0.0,0.0,grouped,grouped,robust isolated,grouped,2,1,grouped in ≥2
X148C3,Inwood Park,Triangle/Plaza,X,0.36,X148C3,50,31,47,31,50,33,4,8,28,22,-1,-1,1,13,14,60,0.125,0.0,0.0,1.0,0.5,0.0,grouped,grouped,robust isolated,grouped,2,1,grouped in ≥2
X148C4,Townsend Walk,Strip,X,0.037,X148C4,54,36,45,30,37,27,4,8,28,22,-1,-1,1,4,12,53,0.0,0.0,0.0,0.875,0.0,0.0,grouped,grouped,robust isolated,grouped,2,1,grouped in ≥2
X148C5,Jennie Jerome Playground,Playground,X,0.287,X148C5,54,36,45,30,37,27,4,8,28,22,-1,-1,1,4,12,53,0.0,0.0,0.0,0.875,0.0,0.0,grouped,grouped,robust isolated,grouped,2,1,grouped in ≥2
X148C6,Walton Walk,Strip,X,0.037,X148C6,54,36,45,30,37,27,4,8,28,22,-1,-1,1,4,12,53,0.0,0.0,0.0,0.688,0.0,0.0,grouped,grouped,unstable,grouped,2,0,grouped in ≥2
X148C7,Jerome Playground South,Recreational Field/Courts,X,0.345,X148C7,54,36,45,30,37,27,4,8,28,22,-1,-1,1,4,12,53,0.0,0.0,0.0,1.0,0.0,0.0,grouped,grouped,robust isolated,grouped,2,1,grouped in ≥2
X148D,Walton Slope,Parkway,X,0.55,X148D,54,36,45,30,37,27,4,8,28,22,-1,-1,1,4,12,53,0.0,0.0,0.0,0.938,0.0,0.0,grouped,grouped,robust isolated,grouped,2,1,grouped in ≥2
X148D1,Morris Mesa,Playground,X,0.15,X148D1,54,35,45,29,37,26,4,10,28,24,-1,-1,1,4,12,55,0.0,0.0,0.0,0.875,0.0,0.0,grouped,grouped,robust isolated,grouped,2,1,grouped in ≥2
X148E,Peace Park,Playground,X,0.141,X148E,54,35,45,29,37,26,4,10,28,24,-1,-1,1,5,12,55,0.0,0.0,0.0,1.0,0.0,0.0,grouped,grouped,robust isolated,grouped,2,1,grouped in ≥2
X148F5,Park,Strip,X,0.017,X148F5,-1,-1,-1,-1,-1,-1,4,10,36,33,-1,-1,1,5,40,135,0.25,0.0,0.0,1.0,0.5,0.0,unstable,grouped,robust isolated,grouped,1,1,definition-specific
X148G,Park,Strip,X,0.038,X148G,-1,-1,-1,-1,-1,-1,12,25,-1,-1,-1,-1,2,26,-1,-1,0.625,0.0,1.0,1.0,0.5,0.75,unstable,robust isolated,robust isolated,grouped,0,2,isolated in ≥2
X148G1,Park,Strip,X,0.025,X148G1,24,13,24,13,11,11,12,25,8,9,-1,-1,2,26,2,14,0.167,0.0,0.0,0.625,0.0,0.0,grouped,grouped,unstable,grouped,2,0,grouped in ≥2
X148G2,Park,Strip,X,0.046,X148G2,24,13,24,13,11,11,12,25,8,9,-1,-1,2,26,2,14,0.167,0.0,0.0,0.625,0.0,0.0,grouped,grouped,unstable,grouped,2,0,grouped in ≥2
X148H,Admiral Farragut Playground,Playground,X,1.359,X148H,26,16,26,16,12,12,12,25,7,8,-1,-1,2,26,2,14,0.0,0.0,0.0,1.0,0.0,0.0,grouped,grouped,robust isolated,grouped,2,1,grouped in ≥2
X148H1,Prospect Playground,Jointly Operated Playground,X,1.438,X148H1,26,16,26,16,12,12,12,25,7,8,-1,-1,2,26,2,14,0.0,0.0,0.0,0.875,0.0,0.0,grouped,grouped,robust isolated,grouped,2,1,grouped in ≥2
X148H2,Fairmount Playground,Triangle/Plaza,X,0.47,X148H2,26,16,26,16,12,12,12,25,7,8,4,0,2,26,2,14,0.0,0.0,0.0,0.375,0.0,0.0,grouped,grouped,grouped,grouped,3,0,grouped in all
X148H3,Park,Strip,X,0.023,X148H3,26,16,26,16,12,12,12,23,7,8,-1,-1,2,30,2,15,0.0,0.0,0.0,1.0,0.5,0.0,grouped,grouped,robust isolated,grouped,2,1,grouped in ≥2
X148I,Park,Strip,X,0.027,X148I,26,16,26,16,12,12,12,23,7,8,-1,-1,2,30,2,15,0.0,0.0,0.0,1.0,0.0,0.0,grouped,grouped,robust isolated,grouped,2,1,grouped in ≥2
X148I2,Park,Strip,X,0.023,X148I2,26,16,26,16,12,12,12,23,-1,-1,-1,-1,2,30,2,15,0.0,0.0,0.222,0.75,0.0,0.0,grouped,unstable,unstable,grouped,1,0,definition-specific
X148I3,Park,Strip,X,0.03,X148I3,-1,-1,-1,-1,-1,-1,12,23,-1,-1,-1,-1,2,30,51,167,0.5,0.0,0.556,1.0,0.0,0.0,unstable,unstable,robust isolated,grouped,0,1,definition-specific
X148J,Park,Strip,X,0.083,X148J,-1,-1,-1,-1,-1,-1,23,39,-1,-1,-1,-1,2,23,1,5,0.5,0.0,1.0,1.0,0.0,0.5,unstable,robust isolated,robust isolated,grouped,0,2,isolated in ≥2
X148J2,Boone Slope,Strip,X,0.03,X148J2,-1,-1,-1,-1,-1,-1,9,20,-1,-1,-1,-1,2,29,51,167,0.75,0.0,0.667,1.0,0.5,0.0,unstable,unstable,robust isolated,grouped,0,1,definition-specific
X148K1,Park,Triangle/Plaza,X,0.059,X148K1,2,1,2,1,2,1,42,60,2,1,-1,-1,2,21,1,3,0.0,0.0,0.0,1.0,0.0,0.0,grouped,grouped,robust isolated,grouped,2,1,grouped in ≥2
X148K2,St. Lawrence Triangle,Triangle/Plaza,X,0.14,X148K2,2,1,2,1,2,1,42,60,2,1,-1,-1,2,21,1,3,0.0,0.0,0.0,1.0,0.0,0.0,grouped,grouped,robust isolated,grouped,2,1,grouped in ≥2
X148K3,Wood Park,Triangle/Plaza,X,0.191,X148K3,1,0,1,0,1,0,42,61,2,1,-1,-1,2,21,1,2,0.0,0.0,0.0,1.0,0.0,0.0,grouped,grouped,robust isolated,grouped,2,1,grouped in ≥2
X148K4,Park,Triangle/Plaza,X,0.138,X148K4,2,1,2,1,2,1,42,61,2,1,-1,-1,2,21,1,2,0.0,0.0,0.0,0.875,0.0,0.0,grouped,grouped,robust isolated,grouped,2,1,grouped in ≥2
X148L,Virginia Playground,Playground,X,0.461,X148L,1,0,1,0,1,0,42,61,2,1,-1,-1,2,21,1,2,0.0,0.0,0.0,1.0,0.0,0.0,grouped,grouped,robust isolated,grouped,2,1,grouped in ≥2
X148L1,Virginia Park,Neighborhood Park,X,0.918,X148L1,-1,-1,-1,-1,-1,-1,42,61,2,1,-1,-1,2,21,1,2,0.25,0.0,0.0,0.875,0.0,0.0,unstable,grouped,robust isolated,grouped,1,1,definition-specific
X148M,Chief Dennis L. Devlin Park,Triangle/Plaza,X,0.52,X148M,4,4,4,4,4,4,-1,-1,-1,-1,-1,-1,2,66,38,-1,0.0,0.333,0.333,0.875,0.0,0.0,grouped,unstable,robust isolated,unstable,1,1,definition-specific
X148M1,Havemeyer Playground,Playground,X,0.442,X148M1,4,4,4,4,4,4,-1,-1,106,97,-1,-1,2,66,38,130,0.0,0.333,0.0,1.0,0.0,0.0,grouped,grouped,robust isolated,unstable,2,1,grouped in ≥2
X149,Miele Park,Triangle/Plaza,X,0.39,X149,-1,-1,-1,-1,-1,-1,41,59,111,99,-1,-1,8,157,37,123,0.25,0.0,0.0,1.0,0.0,0.0,unstable,grouped,robust isolated,grouped,1,1,definition-specific
X150D,Gasoline Alley,Strip,X,0.667,X150D,-1,-1,-1,-1,-1,-1,7,15,31,-1,-1,-1,12,161,48,165,0.625,0.0,0.0,1.0,0.5,0.0,unstable,beyond walk limit,robust isolated,grouped,0,1,definition-specific
X150E,Fordham Landing Playground,Playground,X,3.9,X150E,128,56,128,56,120,54,7,16,114,101,105,5,5,75,47,162,0.125,0.0,0.0,0.0,0.0,0.0,grouped,grouped,grouped,grouped,3,0,grouped in all
X150G,Siren Slope,Parkway,X,0.275,X150G,-1,-1,-1,-1,-1,-1,-1,-1,-1,-1,106,6,5,76,47,163,0.25,0.333,0.333,0.5,0.0,0.0,unstable,unstable,grouped,unstable,1,0,definition-specific
X150H,Crescent Park,Triangle/Plaza,X,0.436,X150H,-1,-1,-1,-1,-1,-1,40,58,-1,-1,-1,-1,-1,-1,-1,-1,0.75,0.0,1.0,1.0,1.0,0.75,unstable,robust isolated,robust isolated,grouped,0,2,isolated in ≥2
X150I,Cooney Grauer Field,Recreational Field/Courts,X,1.274,X150I,-1,-1,-1,-1,-1,-1,40,58,-1,-1,-1,-1,5,77,47,164,0.25,0.0,0.333,0.75,0.0,0.0,unstable,unstable,unstable,grouped,0,0,definition-specific
X150J,Bailey Playground,Playground,X,3.533,X150J,-1,-1,-1,-1,-1,-1,40,58,-1,-1,106,6,5,77,47,164,0.25,0.0,0.333,0.5,0.0,0.0,unstable,unstable,grouped,grouped,1,0,definition-specific
X150K,Park,Strip,X,0.088,X150K,139,60,139,60,131,58,40,58,35,32,-1,-1,5,77,47,164,0.0,0.0,0.0,1.0,0.5,0.0,grouped,grouped,robust isolated,grouped,2,1,grouped in ≥2
X150L,Van Cortlandt's Tail,Triangle/Plaza,X,0.35,X150L,139,60,139,60,131,58,-1,-1,35,32,-1,-1,5,77,47,164,0.0,0.333,0.0,1.0,0.0,0.0,grouped,grouped,robust isolated,unstable,2,1,grouped in ≥2
X151,P.O. Serrano Playground,Neighborhood Park,X,2.618,X151,-1,-1,-1,-1,-1,-1,-1,-1,-1,-1,-1,-1,2,-1,38,-1,0.25,0.667,0.333,1.0,0.0,0.0,unstable,unstable,robust isolated,unstable,0,1,definition-specific
X152,Vinmont Veteran Park,Jointly Operated Playground,X,3.5,X152,-1,-1,-1,-1,-1,-1,39,57,96,89,-1,-1,11,160,47,158,0.25,0.0,0.0,0.938,0.0,0.0,unstable,grouped,robust isolated,grouped,1,1,definition-specific
X153,Merriam Playground,Playground,X,2.944,X153,42,27,55,35,40,29,21,36,47,41,-1,-1,1,10,14,62,0.0,0.0,0.0,1.0,0.0,0.0,grouped,grouped,robust isolated,grouped,2,1,grouped in ≥2
X154,Melrose Playground,Playground,X,1.001,X154,16,11,16,11,10,10,-1,-1,22,19,-1,-1,1,-1,4,24,0.0,0.333,0.0,0.875,0.0,0.0,grouped,grouped,robust isolated,unstable,2,1,grouped in ≥2
X155,Patterson Playground,Jointly Operated Playground,X,2.37,X155,72,43,72,43,65,41,35,53,54,45,-1,-1,1,7,5,33,0.0,0.0,0.0,1.0,0.0,0.0,grouped,grouped,robust isolated,grouped,2,1,grouped in ≥2
X156,Eastchester Playground,Playground,X,1.025,X156,-1,-1,-1,-1,-1,-1,-1,-1,-1,-1,-1,-1,4,70,44,151,0.583,0.667,1.0,1.0,0.0,0.0,unstable,robust isolated,robust isolated,unstable,0,2,isolated in ≥2
X157,Mazzei Playground,Playground,X,1.59,X157,-1,-1,-1,-1,-1,-1,-1,-1,-1,-1,-1,-1,4,71,44,152,0.417,0.667,1.0,0.938,0.0,0.0,unstable,robust isolated,robust isolated,unstable,0,2,isolated in ≥2
X158,Sedgwick Playground,Playground,X,1.054,X158,-1,-1,-1,-1,-1,-1,21,37,-1,-1,-1,-1,1,14,14,59,0.625,0.0,0.333,1.0,0.5,0.5,unstable,unstable,robust isolated,grouped,0,1,definition-specific
X159,Captain William Harry Thompson Playground,Neighborhood Park,X,1.0,X159,37,25,37,25,31,24,18,-1,14,10,-1,-1,2,29,1,5,0.0,0.0,0.0,0.625,0.0,0.0,grouped,grouped,unstable,beyond walk limit,2,0,grouped in ≥2
X160,Caserta Playground,Jointly Operated Playground,X,1.0,X160,127,55,127,55,119,53,37,55,113,100,-1,-1,2,64,38,129,0.0,0.0,0.0,1.0,0.0,0.0,grouped,grouped,robust isolated,grouped,2,1,grouped in ≥2
X161,Gun Hill Playground,Playground,X,0.716,X161,-1,-1,-1,-1,-1,-1,-1,-1,-1,-1,-1,-1,4,72,44,153,0.5,0.333,1.0,1.0,0.0,0.0,unstable,robust isolated,robust isolated,unstable,0,2,isolated in ≥2
X162,Parkside Playground,Playground,X,0.817,X162,134,58,134,58,126,56,-1,-1,120,104,-1,-1,4,69,43,149,0.0,0.333,0.0,1.0,0.0,0.0,grouped,grouped,robust isolated,unstable,2,1,grouped in ≥2
X163,Loreto Playground,Community Park,X,2.181,X163,-1,-1,-1,-1,-1,-1,-1,-1,-1,-1,-1,-1,2,-1,2,-1,0.667,1.0,0.667,1.0,0.0,0.0,unstable,unstable,robust isolated,robust isolated,0,1,definition-specific
X164,Dawson Playground,Jointly Operated Playground,X,0.743,X164,-1,-1,-1,-1,-1,-1,30,48,-1,-1,-1,-1,2,48,5,27,0.583,0.0,0.778,1.0,0.0,0.5,unstable,unstable,robust isolated,grouped,0,1,definition-specific
X164A,Wishing Well Garden,Garden,X,0.351,X164A,-1,-1,-1,-1,-1,-1,30,48,85,86,-1,-1,2,48,5,27,0.75,0.0,0.0,1.0,0.0,0.5,unstable,grouped,robust isolated,grouped,1,1,definition-specific
X165,Edenwald Playground,Jointly Operated Playground,X,2.537,X165,-1,-1,-1,-1,-1,-1,-1,-1,-1,-1,-1,-1,4,74,44,154,0.75,0.667,1.0,1.0,0.0,0.0,unstable,robust isolated,robust isolated,unstable,0,2,isolated in ≥2
X166,Behagen Playground,Playground,X,3.348,X166,-1,-1,-1,-1,-1,-1,-1,-1,119,103,-1,-1,2,32,5,26,0.333,0.333,0.222,0.875,0.0,0.0,unstable,grouped,robust isolated,unstable,1,1,definition-specific
X168,Nelson Playground,Playground,X,1.264,X168,42,29,55,37,40,31,13,26,47,42,-1,-1,1,11,14,63,0.0,0.0,0.0,0.75,0.0,0.0,grouped,grouped,unstable,grouped,2,0,grouped in ≥2
X169,Agnes Haywood Playground,Jointly Operated Playground,X,1.32,X169,132,57,132,57,124,55,-1,-1,118,102,-1,-1,4,73,44,153,0.25,0.333,0.0,1.0,0.0,0.0,grouped,grouped,robust isolated,unstable,2,1,grouped in ≥2
X170,The Pearly Gates,Playground,X,0.659,X170,-1,-1,-1,-1,-1,-1,-1,-1,-1,-1,-1,-1,-1,-1,37,122,0.75,0.333,1.0,1.0,1.0,0.25,unstable,robust isolated,robust isolated,unstable,0,2,isolated in ≥2
X171,Spuyten Duyvil Playground,Jointly Operated Playground,X,1.51,X171,107,54,107,54,99,52,28,46,97,91,-1,-1,10,158,47,160,0.125,0.0,0.0,1.0,0.5,0.0,grouped,grouped,robust isolated,grouped,2,1,grouped in ≥2
X172,Allerton Playground,Jointly Operated Playground,X,1.597,X172,-1,-1,-1,-1,-1,-1,-1,-1,-1,-1,-1,-1,4,70,44,151,0.25,0.667,0.667,0.938,0.0,0.0,unstable,unstable,robust isolated,unstable,0,1,definition-specific
X174,Webster Playground,Playground,X,0.744,X174,100,52,100,52,92,50,38,56,33,30,-1,-1,2,54,40,142,0.0,0.0,0.0,0.75,0.0,0.0,grouped,grouped,unstable,grouped,2,0,grouped in ≥2
X175,Riverbend Playground,Jointly Operated Playground,X,0.637,X175,128,56,128,56,120,54,-1,-1,114,101,105,5,5,75,47,162,0.125,0.333,0.0,0.0,0.0,0.0,grouped,grouped,grouped,unstable,3,0,grouped in all
X176,Taylor Playground,Jointly Operated Playground,X,1.578,X176,1,0,1,0,1,0,-1,-1,2,1,-1,-1,2,22,1,3,0.0,0.333,0.0,1.0,0.0,0.0,grouped,grouped,robust isolated,unstable,2,1,grouped in ≥2
X177,Castle Hill Playground,Jointly Operated Playground,X,1.368,X177,127,55,127,55,119,53,37,55,113,100,-1,-1,2,64,38,129,0.0,0.0,0.0,1.0,0.0,0.0,grouped,grouped,robust isolated,grouped,2,1,grouped in ≥2
X178,Matthews Muliner Playground,Playground,X,1.02,X178,-1,-1,-1,-1,-1,-1,-1,-1,-1,-1,-1,-1,-1,-1,2,-1,0.75,0.667,1.0,1.0,1.0,0.0,unstable,robust isolated,robust isolated,unstable,0,2,isolated in ≥2
X179,Al Quiñones Playground,Jointly Operated Playground,X,1.793,X179,-1,-1,-1,-1,-1,-1,-1,-1,21,15,-1,-1,2,48,5,27,0.25,0.333,0.0,1.0,0.0,0.0,unstable,grouped,robust isolated,unstable,1,1,definition-specific
X180,Whalen Playground,Triangle/Plaza,X,0.326,X180,-1,-1,-1,-1,-1,-1,-1,-1,34,31,-1,-1,-1,-1,40,139,0.375,0.333,0.0,1.0,1.0,0.0,unstable,grouped,robust isolated,unstable,1,1,definition-specific
X182,Millbrook Playground,Playground,X,1.053,X182,68,40,68,40,61,38,26,42,56,48,-1,-1,2,57,45,155,0.125,0.0,0.0,0.625,0.0,0.0,grouped,grouped,unstable,grouped,2,0,grouped in ≥2
X183,Bruckner Playground,Jointly Operated Playground,X,1.053,X183,-1,-1,-1,-1,-1,-1,-1,-1,-1,-1,-1,-1,9,-1,37,-1,0.667,1.0,1.0,1.0,0.0,0.0,unstable,robust isolated,robust isolated,robust isolated,0,2,isolated in ≥2
X185,Dunbar Playground,Jointly Operated Playground,X,1.44,X185,14,9,14,9,6,6,14,28,22,17,-1,-1,2,42,2,21,0.0,0.0,0.0,1.0,0.0,0.0,grouped,grouped,robust isolated,grouped,2,1,grouped in ≥2
X186,Riverdale Playground,Jointly Operated Playground,X,2.58,X186,107,54,107,54,99,52,28,46,97,91,-1,-1,-1,-1,47,160,0.0,0.0,0.0,1.0,1.0,0.0,grouped,grouped,robust isolated,grouped,2,1,grouped in ≥2
X187,Givan Square,Playground,X,1.82,X187,-1,-1,-1,-1,-1,-1,-1,-1,-1,-1,-1,-1,4,68,44,150,0.667,0.667,1.0,1.0,0.0,0.0,unstable,robust isolated,robust isolated,unstable,0,2,isolated in ≥2
X188,Wakefield Playground,Jointly Operated Playground,X,1.104,X188,-1,-1,-1,-1,-1,-1,-1,-1,-1,-1,-1,-1,4,-1,44,-1,0.917,1.0,1.0,1.0,0.0,0.5,robust isolated,robust isolated,robust isolated,robust isolated,0,3,isolated in all
X190,Tiffany Playground,Jointly Operated Playground,X,1.144,X190,-1,-1,-1,-1,-1,-1,-1,-1,-1,-1,-1,-1,2,33,5,26,0.25,0.333,0.889,1.0,0.0,0.0,unstable,robust isolated,robust isolated,unstable,0,2,isolated in ≥2
X191A,Bicentennial Veterans Memorial Park,Neighborhood Park,X,9.395,X191A,-1,-1,-1,-1,-1,-1,-1,-1,-1,-1,-1,-1,-1,-1,37,-1,1.0,1.0,1.0,1.0,1.0,0.0,robust isolated,robust isolated,robust isolated,robust isolated,0,3,isolated in all
X191D,Park,Strip,X,0.008,X191D,-1,-1,-1,-1,-1,-1,-1,-1,-1,-1,-1,-1,-1,-1,-1,-1,1.0,1.0,1.0,1.0,1.0,1.0,robust isolated,robust isolated,robust isolated,robust isolated,0,3,isolated in all
X193,Stars & Stripes Playground,Jointly Operated Playground,X,2.646,X193,-1,-1,-1,-1,-1,-1,36,54,-1,-1,-1,-1,4,74,44,154,0.75,0.0,1.0,1.0,0.5,0.0,unstable,robust isolated,robust isolated,grouped,0,2,isolated in ≥2
X194,Captain Rivera Playground,Playground,X,0.988,X194,21,12,21,12,89,49,32,50,21,16,-1,-1,2,51,5,28,0.0,0.0,0.0,1.0,0.0,0.0,grouped,grouped,robust isolated,grouped,2,1,grouped in ≥2
X195A,Colgate Close,Neighborhood Park,X,1.871,X195A,-1,-1,-1,-1,-1,-1,-1,-1,14,12,-1,-1,2,36,1,6,0.375,0.333,0.0,1.0,0.0,0.0,unstable,grouped,robust isolated,unstable,1,1,definition-specific
X195B,Park,Strip,X,0.102,X195B,-1,-1,-1,-1,-1,-1,-1,-1,-1,-1,-1,-1,2,-1,38,-1,0.75,0.667,0.667,1.0,0.0,0.0,unstable,unstable,robust isolated,unstable,0,1,definition-specific
X195C,Park,Strip,X,0.007,X195C,-1,-1,-1,-1,-1,-1,-1,-1,-1,-1,-1,-1,8,-1,37,-1,0.25,0.667,0.333,1.0,0.0,0.0,unstable,unstable,robust isolated,unstable,0,1,definition-specific
X195D,Park,Strip,X,0.006,X195D,-1,-1,-1,-1,-1,-1,-1,-1,-1,-1,-1,-1,2,62,1,0,0.625,0.333,1.0,1.0,0.5,0.5,unstable,robust isolated,robust isolated,unstable,0,2,isolated in ≥2
X195F,Park,Strip,X,0.025,X195F,5,5,5,5,5,5,-1,-1,106,97,-1,-1,2,65,38,130,0.0,0.333,0.0,0.938,0.0,0.0,grouped,grouped,robust isolated,unstable,2,1,grouped in ≥2
X196,Haffen Park,Neighborhood Park,X,9.238,X196,-1,-1,-1,-1,-1,-1,-1,-1,-1,-1,-1,-1,4,68,44,150,0.75,0.667,0.889,1.0,0.5,0.0,unstable,robust isolated,robust isolated,unstable,0,2,isolated in ≥2
X197,Mosholu Playground,Jointly Operated Playground,X,0.412,X197,90,49,90,49,76,46,33,51,32,27,-1,-1,1,16,40,139,0.0,0.0,0.0,1.0,0.5,0.0,grouped,grouped,robust isolated,grouped,2,1,grouped in ≥2
X200,Clark Playground,Jointly Operated Playground,X,0.722,X200,71,-1,71,-1,64,-1,35,53,54,45,-1,-1,2,60,5,33,0.0,0.0,0.111,1.0,0.0,0.0,beyond walk limit,grouped,robust isolated,grouped,1,1,definition-specific
X201,Seton Park,Community Park,X,11.689,X201,-1,-1,-1,-1,-1,-1,28,46,-1,-1,-1,-1,-1,-1,47,160,0.5,0.0,0.333,1.0,1.0,0.0,unstable,unstable,robust isolated,grouped,0,1,definition-specific
X202,Marble Hill Playground,Playground,X,1.646,X202,-1,-1,-1,-1,-1,-1,-1,-1,-1,-1,-1,-1,5,76,47,163,0.75,0.333,1.0,1.0,0.5,0.0,unstable,robust isolated,robust isolated,unstable,0,2,isolated in ≥2
X203,Randall Playground,Playground,X,1.0,X203,-1,-1,-1,-1,-1,-1,-1,-1,-1,-1,-1,-1,2,38,38,127,0.583,0.333,0.778,1.0,0.0,0.0,unstable,unstable,robust isolated,unstable,0,1,definition-specific
X204,Story Playground,Jointly Operated Playground,X,2.075,X204,67,-1,67,-1,55,-1,-1,-1,-1,-1,-1,-1,2,63,38,128,0.0,0.333,0.333,1.0,0.0,0.0,beyond walk limit,unstable,robust isolated,unstable,0,1,definition-specific
X205,FDNY-EMT Yadira Arroyo Playground,Jointly Operated Playground,X,0.322,X205,2,3,2,3,2,3,34,52,-1,-1,-1,-1,2,62,1,0,0.0,0.0,0.333,0.875,0.0,0.0,grouped,unstable,robust isolated,grouped,1,1,definition-specific
X206,Morgan Playground,Jointly Operated Playground,X,0.782,X206,25,14,25,14,9,7,24,40,23,20,-1,-1,2,46,2,19,0.0,0.0,0.0,0.625,0.0,0.0,grouped,grouped,unstable,grouped,2,0,grouped in ≥2
X207,Pontiac Playground,Jointly Operated Playground,X,0.913,X207,71,42,71,42,64,40,15,29,58,50,-1,-1,2,51,5,28,0.0,0.0,0.0,0.812,0.0,0.0,grouped,grouped,robust isolated,grouped,2,1,grouped in ≥2
X208,Haviland Playground,Jointly Operated Playground,X,0.84,X208,2,3,2,3,2,3,34,52,-1,-1,-1,-1,2,62,1,0,0.0,0.0,0.333,0.75,0.0,0.0,grouped,unstable,unstable,grouped,1,0,definition-specific
X209,Wave Hill,Historic House Park,X,20.867,X209,-1,-1,-1,-1,-1,-1,-1,-1,96,89,-1,-1,-1,-1,47,158,0.25,0.333,0.0,1.0,1.0,0.0,unstable,grouped,robust isolated,unstable,1,1,definition-specific
X211,Stebbins Playground,Jointly Operated Playground,X,0.83,X211,-1,-1,-1,-1,-1,-1,11,22,85,86,-1,-1,2,32,5,26,0.375,0.0,0.0,0.688,0.0,0.0,unstable,grouped,unstable,grouped,1,0,definition-specific
X214,Magenta Playground,Jointly Operated Playground,X,1.205,X214,-1,-1,-1,-1,-1,-1,-1,-1,-1,-1,-1,-1,4,72,43,-1,0.75,0.333,1.0,1.0,0.5,0.5,unstable,robust isolated,robust isolated,unstable,0,2,isolated in ≥2
X215,Valentine Varian House,Historic House Park,X,0.455,X215,-1,-1,-1,-1,-1,-1,33,51,32,28,-1,-1,-1,-1,40,140,0.5,0.0,0.0,1.0,1.0,0.0,unstable,grouped,robust isolated,grouped,1,1,definition-specific
X216,Abigail Playground,Playground,X,0.529,X216,21,12,21,12,89,49,32,50,21,16,-1,-1,2,51,5,28,0.0,0.0,0.0,1.0,0.0,0.0,grouped,grouped,robust isolated,grouped,2,1,grouped in ≥2
X217,Willis Playground,Jointly Operated Playground,X,1.882,X217,74,45,74,45,67,43,25,41,104,96,-1,-1,2,60,4,22,0.0,0.0,0.0,1.0,0.0,0.0,grouped,grouped,robust isolated,grouped,2,1,grouped in ≥2
X219,Arcilla Playground,Jointly Operated Playground,X,1.377,X219,-1,-1,-1,-1,-1,-1,2,4,-1,-1,-1,-1,1,1,12,56,0.417,0.0,0.667,0.938,0.0,0.0,unstable,unstable,robust isolated,grouped,0,1,definition-specific
X221,Space Time Playground,Jointly Operated Playground,X,1.28,X221,-1,-1,-1,-1,-1,-1,-1,-1,-1,-1,-1,-1,2,63,38,128,0.25,0.333,0.333,1.0,0.5,0.0,unstable,unstable,robust isolated,unstable,0,1,definition-specific
X222,Gouverneur Playground,Playground,X,0.977,X222,10,6,10,6,24,19,-1,-1,-1,-1,-1,-1,2,46,42,147,0.0,0.333,0.333,0.875,0.0,0.5,grouped,unstable,robust isolated,unstable,1,1,definition-specific
X224,MacLaughlin Playground,Playground,X,0.284,X224,-1,-1,-1,-1,-1,-1,-1,-1,108,98,-1,-1,-1,-1,50,166,0.25,0.333,0.0,1.0,1.0,0.0,unstable,grouped,robust isolated,unstable,1,1,definition-specific
X228,I-Am-Park,Jointly Operated Playground,X,0.712,X228,71,42,71,42,64,40,31,49,58,50,-1,-1,2,49,5,29,0.0,0.0,0.0,1.0,0.0,0.0,grouped,grouped,robust isolated,grouped,2,1,grouped in ≥2
X232,Burns Playground,Jointly Operated Playground,X,1.623,X232,-1,-1,-1,-1,-1,-1,-1,-1,-1,-1,-1,-1,4,-1,44,-1,0.583,0.667,0.889,0.938,0.0,0.0,unstable,robust isolated,robust isolated,unstable,0,2,isolated in ≥2
X233,Fountain Of Youth Playground,Jointly Operated Playground,X,1.375,X233,21,12,21,12,89,49,15,29,21,16,-1,-1,2,51,5,28,0.167,0.0,0.0,1.0,0.0,0.0,grouped,grouped,robust isolated,grouped,2,1,grouped in ≥2
X233A,El Flamboyan Garden,Garden,X,0.402,X233A,21,12,21,12,89,49,15,29,21,16,-1,-1,2,51,5,28,0.0,0.0,0.0,0.875,0.0,0.0,grouped,grouped,robust isolated,grouped,2,1,grouped in ≥2
X235,Grove Hill Playground,Jointly Operated Playground,X,1.186,X235,14,9,14,9,6,6,16,30,22,17,-1,-1,2,42,2,21,0.0,0.0,0.0,0.875,0.0,0.0,grouped,grouped,robust isolated,grouped,2,1,grouped in ≥2
X236,Mapes Pool,Neighborhood Park,X,0.68,X236,26,17,26,17,12,13,1,0,7,6,-1,-1,2,28,2,16,0.0,0.0,0.0,0.688,0.0,0.0,grouped,grouped,unstable,grouped,2,0,grouped in ≥2
X238,Saw Mill Playground,Jointly Operated Playground,X,0.92,X238,71,41,71,41,64,39,25,41,55,46,-1,-1,-1,-1,5,32,0.0,0.0,0.0,1.0,1.0,0.0,grouped,grouped,robust isolated,grouped,2,1,grouped in ≥2
X239,Castle Hill Little League Field,Recreational Field/Courts,X,1.707,X239,5,5,5,5,5,5,-1,-1,106,97,-1,-1,2,65,38,130,0.0,0.333,0.0,0.938,0.0,0.0,grouped,grouped,robust isolated,unstable,2,1,grouped in ≥2
X241,Hoe Garden,Garden,X,0.23,X241,36,24,36,24,30,23,22,38,14,11,13,-1,2,31,1,7,0.125,0.0,0.0,0.25,0.0,0.0,grouped,grouped,beyond walk limit,grouped,2,0,grouped in ≥2
X242,Youth Village,Playground,X,0.27,X242,11,8,11,8,25,21,14,27,91,88,-1,-1,2,44,42,148,0.0,0.0,0.0,1.0,0.0,0.0,grouped,grouped,robust isolated,grouped,2,1,grouped in ≥2
X243,Estella Diggs Park,Neighborhood Park,X,0.919,X243,10,7,10,7,24,20,14,27,91,88,-1,-1,2,44,42,148,0.0,0.0,0.0,0.875,0.0,0.0,grouped,grouped,robust isolated,grouped,2,1,grouped in ≥2
X243A,Garden,Garden,X,0.095,X243A,10,7,10,7,24,20,14,27,91,88,92,4,2,44,42,148,0.0,0.0,0.0,0.5,0.0,0.0,grouped,grouped,grouped,grouped,3,0,grouped in all
X244,Grand Playground,Playground,X,0.381,X244,51,33,42,27,56,37,20,34,43,35,-1,-1,1,3,40,136,0.0,0.0,0.0,1.0,0.0,0.0,grouped,grouped,robust isolated,grouped,2,1,grouped in ≥2
X245,River Garden,Garden,X,0.44,X245,27,20,27,20,13,16,23,39,7,5,-1,-1,2,23,2,17,0.0,0.0,0.0,0.688,0.0,0.0,grouped,grouped,unstable,grouped,2,0,grouped in ≥2
X246,Brook Park,Garden,X,0.76,X246,74,45,74,45,67,43,25,41,104,96,-1,-1,2,56,4,22,0.0,0.0,0.0,0.75,0.0,0.0,grouped,grouped,unstable,grouped,2,0,grouped in ≥2
X247,Fox Park,Neighborhood Park,X,0.94,X247,-1,-1,-1,-1,-1,-1,-1,-1,-1,-1,-1,-1,2,48,5,27,0.25,0.333,0.333,1.0,0.0,0.0,unstable,unstable,robust isolated,unstable,0,1,definition-specific
X248,Barretto Park,Neighborhood Park,X,0.12,X248,-1,-1,-1,-1,-1,-1,-1,-1,-1,-1,-1,-1,-1,-1,38,131,0.75,0.333,1.0,1.0,1.0,0.0,unstable,robust isolated,robust isolated,unstable,0,2,isolated in ≥2
X251,Co-op City Field,Recreational Field/Courts,X,3.4,X251,-1,-1,-1,-1,-1,-1,-1,-1,-1,-1,-1,-1,-1,-1,46,-1,1.0,1.0,0.667,1.0,1.0,0.0,robust isolated,unstable,robust isolated,robust isolated,0,2,isolated in ≥2
X252,Bathgate Playground,Neighborhood Park,X,2.5,X252,26,19,26,19,12,15,1,1,7,3,-1,-1,2,55,2,10,0.0,0.0,0.0,0.875,0.0,0.0,grouped,grouped,robust isolated,grouped,2,1,grouped in ≥2
X253,Ambrosini Field,Recreational Field/Courts,X,6.1,X253,-1,-1,-1,-1,-1,-1,-1,-1,103,95,-1,-1,3,67,39,134,0.208,0.333,0.0,1.0,0.0,0.0,unstable,grouped,robust isolated,unstable,1,1,definition-specific
X255,Bill Rainey Park,Recreational Field/Courts,X,7.738,X255,-1,-1,-1,-1,-1,-1,30,48,21,15,-1,-1,2,48,5,27,0.25,0.0,0.0,1.0,0.5,0.0,unstable,grouped,robust isolated,grouped,1,1,definition-specific
X256,Pelham Bay Little League,Recreational Field/Courts,X,1.26,X256,-1,-1,-1,-1,-1,-1,29,47,102,94,-1,-1,2,61,37,122,0.25,0.0,0.0,1.0,0.0,0.0,unstable,grouped,robust isolated,grouped,1,1,definition-specific
X257,Mount Hope Playground,Playground,X,0.7,X257,54,36,45,30,37,27,4,9,28,23,-1,-1,1,6,12,54,0.0,0.0,0.0,0.875,0.0,0.5,grouped,grouped,robust isolated,grouped,2,1,grouped in ≥2
X258,Cleopatra Playground,Playground,X,0.618,X258,-1,-1,-1,-1,-1,-1,4,10,-1,-1,-1,-1,-1,-1,-1,-1,0.75,0.0,0.778,1.0,1.0,1.0,unstable,unstable,robust isolated,grouped,0,1,definition-specific
X259,Raoul Wallenberg Forest,Nature Area,X,4.73,X259,107,54,107,54,99,52,28,46,97,91,-1,-1,-1,-1,47,160,0.125,0.0,0.0,1.0,1.0,0.0,grouped,grouped,robust isolated,grouped,2,1,grouped in ≥2
X260,Julio Carballo Fields,Recreational Field/Courts,X,3.351,X260,-1,-1,-1,-1,-1,-1,-1,-1,-1,-1,-1,-1,2,35,38,131,0.5,0.333,0.556,1.0,0.5,0.0,unstable,unstable,robust isolated,unstable,0,1,definition-specific
X262,Harding Park,Neighborhood Park,X,2.16,X262,105,53,105,53,97,51,27,43,-1,-1,-1,-1,2,40,38,125,0.0,0.0,0.333,1.0,0.0,0.0,grouped,unstable,robust isolated,grouped,1,1,definition-specific
X263,Quarry Ballfields,Recreational Field/Courts,X,4.417,X263,26,19,26,19,12,15,1,1,7,3,-1,-1,2,55,2,10,0.0,0.0,0.0,1.0,0.0,0.0,grouped,grouped,robust isolated,grouped,2,1,grouped in ≥2
X264,Field Of Dreams Court,Recreational Field/Courts,X,0.172,X264,36,24,36,24,30,23,22,38,14,11,-1,-1,2,33,1,9,0.0,0.0,0.0,0.75,0.0,0.0,grouped,grouped,unstable,grouped,2,0,grouped in ≥2
X265,Galileo Playground,Playground,X,0.714,X265,-1,-1,-1,-1,-1,-1,21,35,48,43,-1,-1,1,12,14,61,0.5,0.0,0.0,1.0,0.5,0.0,unstable,grouped,robust isolated,grouped,1,1,definition-specific
X266,Vidalia Park,Neighborhood Park,X,2.136,X266,26,17,26,17,12,13,1,0,7,6,-1,-1,2,28,2,16,0.0,0.0,0.0,0.875,0.0,0.0,grouped,grouped,robust isolated,grouped,2,1,grouped in ≥2
X267,Eae J Mitchell Park,Neighborhood Park,X,0.183,X267,37,25,37,25,31,24,9,20,14,10,-1,-1,2,29,1,4,0.0,0.0,0.0,0.375,0.0,0.0,grouped,grouped,unstable,grouped,2,0,grouped in ≥2
X268,Givans Creek Woods,Nature Area,X,10.735,X268,-1,-1,-1,-1,-1,-1,-1,-1,-1,-1,-1,-1,-1,-1,46,-1,1.0,1.0,0.667,1.0,1.0,0.0,robust isolated,unstable,robust isolated,robust isolated,0,2,isolated in ≥2
X269,Cpl Fischer Park,Neighborhood Park,X,0.44,X269,42,27,55,35,40,29,21,36,47,41,-1,-1,1,10,14,62,0.0,0.0,0.0,0.75,0.0,0.0,grouped,grouped,unstable,grouped,2,0,grouped in ≥2
X270,Freeman Garden,Garden,X,0.05,X270,-1,-1,-1,-1,-1,-1,3,5,-1,-1,13,1,2,33,1,9,0.25,0.0,0.556,0.25,0.0,0.0,unstable,unstable,grouped,grouped,1,0,definition-specific
X271,Grant Park,Neighborhood Park,X,4.72,X271,53,34,44,28,36,25,4,6,28,21,-1,-1,1,0,12,57,0.0,0.0,0.0,1.0,0.0,0.0,grouped,grouped,robust isolated,grouped,2,1,grouped in ≥2
X272,Ranaqua Playground,Neighborhood Park,X,0.972,X272,-1,-1,-1,-1,-1,-1,-1,-1,57,49,-1,-1,2,58,45,156,0.125,0.333,0.0,0.875,0.0,0.0,unstable,grouped,robust isolated,unstable,1,1,definition-specific
X273,Rock Garden Park,Neighborhood Park,X,0.977,X273,37,25,37,25,31,24,9,20,14,10,-1,-1,2,29,1,4,0.0,0.0,0.0,0.562,0.0,0.0,grouped,grouped,unstable,grouped,2,0,grouped in ≥2
X274,Mount Hope Garden,Playground,X,0.28,X274,-1,-1,-1,-1,-1,-1,20,34,-1,-1,86,-1,1,2,40,137,0.333,0.0,0.667,0.5,0.0,0.0,unstable,unstable,beyond walk limit,grouped,0,0,definition-specific
X275,Mosaic Success Garden,Garden,X,0.286,X275,-1,-1,-1,-1,-1,-1,21,36,47,41,40,-1,1,10,14,62,0.333,0.0,0.0,0.375,0.0,0.0,unstable,grouped,beyond walk limit,grouped,1,0,definition-specific
X276,Granja Farm OTF,Garden,X,0.375,X276,-1,-1,-1,-1,-1,-1,6,14,-1,-1,-1,-1,2,50,2,-1,0.25,0.0,0.333,0.75,0.0,0.0,unstable,unstable,unstable,grouped,0,0,definition-specific
X277,St. Luke's Park,Garden,X,0.401,X277,71,41,71,41,64,39,-1,-1,56,48,73,-1,2,57,5,32,0.0,0.333,0.0,0.375,0.0,0.0,grouped,grouped,beyond walk limit,unstable,2,0,grouped in ≥2
X277A,United We Stand Garden,Garden,X,0.344,X277A,68,40,68,40,61,38,26,42,56,48,-1,-1,2,57,45,155,0.25,0.0,0.0,1.0,0.0,0.0,grouped,grouped,robust isolated,grouped,2,1,grouped in ≥2
X278,Boston Garden,Triangle/Plaza,X,0.024,X278,-1,-1,-1,-1,-1,-1,-1,-1,-1,-1,-1,-1,4,71,44,152,0.167,0.667,0.667,0.938,0.0,0.0,unstable,unstable,robust isolated,unstable,0,1,definition-specific
X279,City Island Wetlands,Nature Area,X,8.005,X279,-1,-1,-1,-1,-1,-1,-1,-1,-1,-1,-1,-1,3,-1,39,-1,0.792,0.667,1.0,1.0,0.5,0.0,unstable,robust isolated,robust isolated,unstable,0,2,isolated in ≥2
X280,Washington Park,Playground,X,0.516,X280,100,52,100,52,92,50,19,33,33,30,-1,-1,2,55,40,141,0.0,0.0,0.0,1.0,0.0,0.0,grouped,grouped,robust isolated,grouped,2,1,grouped in ≥2
X281,Stop & Go Playground,Playground,X,0.316,X281,26,18,26,18,12,14,12,24,7,7,-1,-1,2,27,2,13,0.083,0.0,0.0,0.688,0.0,0.0,grouped,grouped,unstable,grouped,2,0,grouped in ≥2
X282,Seabury Playground,Playground,X,0.186,X282,-1,-1,-1,-1,-1,-1,-1,-1,7,-1,-1,-1,2,30,1,4,0.25,0.333,0.0,0.75,0.0,0.0,unstable,beyond walk limit,unstable,unstable,0,0,definition-specific
X283,Beanstalk Playground,Playground,X,0.267,X283,-1,-1,-1,-1,-1,-1,-1,-1,-1,-1,-1,-1,-1,-1,-1,-1,1.0,0.333,1.0,1.0,1.0,1.0,robust isolated,robust isolated,robust isolated,unstable,0,3,isolated in all
X284,Printers Park,Playground,X,1.341,X284,36,24,36,24,30,23,22,38,14,11,-1,-1,2,31,1,9,0.0,0.0,0.0,0.875,0.0,0.0,grouped,grouped,robust isolated,grouped,2,1,grouped in ≥2
X285,Padre Plaza,Garden,X,0.367,X285,71,41,71,41,64,39,25,41,55,46,-1,-1,2,56,5,32,0.0,0.0,0.0,0.625,0.0,0.0,grouped,grouped,unstable,grouped,2,0,grouped in ≥2
X286,Rev Lena Irons Unity Park,Neighborhood Park,X,0.342,X286,25,14,25,14,9,7,24,40,23,20,-1,-1,2,46,2,19,0.0,0.0,0.0,1.0,0.0,0.0,grouped,grouped,robust isolated,grouped,2,1,grouped in ≥2
X287,Ogden Plimpton Playground,Playground,X,0.229,X287,-1,-1,-1,-1,-1,-1,21,36,48,44,-1,-1,1,10,14,62,0.25,0.0,0.0,1.0,0.5,0.0,unstable,grouped,robust isolated,grouped,1,1,definition-specific
X288,West Farms Rapids,Neighborhood Park,X,1.016,X288,27,20,27,20,13,16,23,39,7,5,-1,-1,2,23,2,17,0.125,0.0,0.0,0.625,0.0,0.0,grouped,grouped,unstable,grouped,2,0,grouped in ≥2
X289,Mapes Park,Neighborhood Park,X,1.868,X289,26,17,26,17,12,13,1,0,7,6,-1,-1,2,28,2,16,0.0,0.0,0.0,1.0,0.0,0.0,grouped,grouped,robust isolated,grouped,2,1,grouped in ≥2
X290,Longfellow Playground,Playground,X,0.367,X290,36,24,36,24,30,23,22,38,14,11,-1,-1,2,31,1,9,0.0,0.0,0.0,0.562,0.0,0.0,grouped,grouped,unstable,grouped,2,0,grouped in ≥2
X291,Walton Park,Playground,X,0.344,X291,51,32,42,26,56,36,20,34,43,34,-1,-1,1,2,40,137,0.0,0.0,0.0,0.688,0.0,0.0,grouped,grouped,unstable,grouped,2,0,grouped in ≥2
X292,Mabel Hampton Playground,Playground,X,0.436,X292,51,32,42,26,56,36,20,34,43,34,-1,-1,1,2,40,137,0.0,0.0,0.0,1.0,0.0,0.0,grouped,grouped,robust isolated,grouped,2,1,grouped in ≥2
X293,Garden Of Happiness,Garden,X,0.341,X293,26,17,26,17,12,13,1,0,7,6,4,0,2,28,2,16,0.0,0.0,0.0,0.375,0.0,0.0,grouped,grouped,grouped,grouped,3,0,grouped in all
X294,Palmer Inlet,Nature Area,X,7.49,X294,-1,-1,-1,-1,-1,-1,-1,-1,-1,-1,-1,-1,-1,-1,-1,-1,0.0,0.0,0.0,0.0,0.0,1.0,unstable,unstable,unstable,unstable,0,0,definition-specific
X295,Half-Nelson Playground,Playground,X,0.61,X295,-1,-1,-1,-1,-1,-1,21,37,48,44,-1,-1,1,14,14,59,0.25,0.0,0.0,0.625,0.0,0.0,unstable,grouped,unstable,grouped,1,0,definition-specific
X296,Taqwa Community Farm,Garden,X,0.494,X296,42,29,55,37,40,31,5,12,46,38,40,-1,1,9,14,64,0.0,0.0,0.0,0.125,0.0,0.0,grouped,grouped,beyond walk limit,grouped,2,0,grouped in ≥2
X297,Garden Of Eden,Garden,X,0.207,X297,54,35,45,29,37,26,4,10,28,24,-1,-1,2,25,12,55,0.0,0.0,0.0,1.0,0.0,0.0,grouped,grouped,robust isolated,grouped,2,1,grouped in ≥2
X298,Garden Of Life,Garden,X,0.183,X298,54,35,45,29,37,26,4,10,28,24,-1,-1,2,25,12,55,0.0,0.0,0.0,1.0,0.0,0.0,grouped,grouped,robust isolated,grouped,2,1,grouped in ≥2
X299,Little Claremont Playground,Playground,X,0.549,X299,25,15,25,15,9,8,4,7,-1,-1,-1,-1,2,24,2,20,0.0,0.0,0.222,0.562,0.0,0.0,grouped,unstable,unstable,grouped,1,0,definition-specific
X300,Davidson Playground,Playground,X,0.207,X300,-1,-1,-1,-1,-1,-1,20,34,43,35,18,-1,1,3,40,136,0.375,0.0,0.0,0.25,0.0,0.0,unstable,grouped,beyond walk limit,grouped,1,0,definition-specific
X302,Thorpe Family Playground,Playground,X,0.201,X302,100,52,100,52,92,50,19,33,33,30,-1,-1,2,55,40,141,0.0,0.0,0.0,1.0,0.0,0.0,grouped,grouped,robust isolated,grouped,2,1,grouped in ≥2
X303,Sweetgum Community Garden,Garden,X,0.061,X303,-1,-1,-1,-1,-1,-1,5,12,46,38,-1,-1,1,9,-1,-1,0.25,0.0,0.0,1.0,0.5,1.0,unstable,grouped,robust isolated,grouped,1,1,definition-specific
X304,Tiffany Street Pier,Waterfront Facility,X,4.231,X304,-1,-1,-1,-1,-1,-1,17,31,-1,-1,-1,-1,-1,-1,-1,-1,1.0,0.0,1.0,1.0,1.0,1.0,robust isolated,robust isolated,robust isolated,grouped,0,3,isolated in all
X305,Concrete Plant Park,Neighborhood Park,X,6.282,X305,36,23,36,23,30,22,18,32,14,13,-1,-1,2,37,1,8,0.125,0.0,0.0,0.938,0.0,0.0,grouped,grouped,robust isolated,grouped,2,1,grouped in ≥2
X306,Garrison Park,Neighborhood Park,X,0.995,X306,-1,-1,-1,-1,-1,-1,-1,-1,-1,-1,-1,-1,2,34,38,133,0.667,0.333,0.667,1.0,0.0,0.0,unstable,unstable,robust isolated,unstable,0,1,definition-specific
X307,Barretto Point Park,Neighborhood Park,X,12.224,X307,-1,-1,-1,-1,-1,-1,17,31,-1,-1,-1,-1,2,47,38,132,0.75,0.0,1.0,1.0,0.0,0.0,unstable,robust isolated,robust isolated,grouped,0,2,isolated in ≥2
X308,North Brother Island,Nature Area,X,30.395,X308,-1,-1,-1,-1,-1,-1,-1,-1,-1,-1,-1,-1,-1,-1,-1,-1,0.0,0.0,0.0,0.0,0.0,1.0,unstable,unstable,unstable,unstable,0,0,definition-specific
X309,South Brother Island,Nature Area,X,21.10936646,X309,-1,-1,-1,-1,-1,-1,-1,-1,-1,-1,-1,-1,-1,-1,-1,-1,0.0,0.0,0.0,0.0,0.0,1.0,unstable,unstable,unstable,unstable,0,0,definition-specific
X313,El Batey Borincano Garden,Garden,X,0.17,X313,14,9,14,9,6,6,16,30,22,17,-1,-1,2,42,2,21,0.0,0.0,0.0,0.75,0.0,0.0,grouped,grouped,unstable,grouped,2,0,grouped in ≥2
X314,Isla Verde Garden,Garden,X,0.16,X314,-1,-1,-1,-1,-1,-1,15,29,-1,-1,-1,-1,-1,-1,5,28,0.5,0.0,1.0,1.0,1.0,0.5,unstable,robust isolated,robust isolated,grouped,0,2,isolated in ≥2
X315,Bryant Hill Garden,Garden,X,0.34,X315,-1,-1,-1,-1,-1,-1,-1,-1,-1,-1,-1,-1,2,34,38,133,0.333,0.333,1.0,1.0,0.0,0.0,unstable,robust isolated,robust isolated,unstable,0,2,isolated in ≥2
X316,Genesis Community Garden,Garden,X,0.054,X316,10,7,10,7,24,20,14,27,91,88,-1,-1,2,44,42,148,0.0,0.0,0.0,1.0,0.0,0.0,grouped,grouped,robust isolated,grouped,2,1,grouped in ≥2
X317,Rainbow Garden,Garden,X,0.174,X317,16,10,16,10,10,9,2,3,22,18,-1,-1,2,43,4,24,0.0,0.0,0.0,1.0,0.0,0.0,grouped,grouped,robust isolated,grouped,2,1,grouped in ≥2
X318,Franklin Memorial Garden,Garden,X,0.12,X318,14,9,14,9,6,6,-1,-1,22,17,58,3,2,44,2,21,0.0,0.333,0.0,0.5,0.0,0.0,grouped,grouped,grouped,unstable,3,0,grouped in all
X319,Jackson Forest Garden,Garden,X,0.18,X319,-1,-1,-1,-1,-1,-1,14,27,-1,-1,-1,-1,2,44,-1,-1,0.75,0.0,1.0,1.0,0.5,0.75,unstable,robust isolated,robust isolated,grouped,0,2,isolated in ≥2
X320,Jardin De La Familia,Garden,X,0.32,X320,25,15,25,15,9,8,4,7,-1,-1,-1,-1,2,24,2,20,0.0,0.0,0.333,0.5,0.0,0.0,grouped,unstable,unstable,grouped,1,0,definition-specific
X321,Claremont Neighborhood Garden,Garden,X,0.19,X321,53,34,44,28,36,25,-1,-1,28,21,-1,-1,1,0,12,57,0.0,0.333,0.0,0.938,0.0,0.0,grouped,grouped,robust isolated,unstable,2,1,grouped in ≥2
X322,Jardin De Las Rosas,Garden,X,0.06,X322,-1,-1,-1,-1,-1,-1,-1,-1,-1,-1,-1,-1,1,3,41,145,0.5,0.333,1.0,1.0,0.5,0.0,unstable,robust isolated,robust isolated,unstable,0,2,isolated in ≥2
X323,El Batey de Doña Provi Garden,Garden,X,0.13,X323,26,18,26,18,12,14,12,24,-1,-1,-1,-1,2,27,2,13,0.0,0.0,0.333,1.0,0.0,0.0,grouped,unstable,robust isolated,grouped,1,1,definition-specific
X324,176th Street Community Garden,Garden,X,0.213,X324,54,36,45,30,37,27,4,9,28,23,-1,-1,1,4,12,54,0.0,0.0,0.0,0.625,0.0,0.0,grouped,grouped,unstable,grouped,2,0,grouped in ≥2
X325,Taylor-Soundview Block Assoc. Garden,Garden,X,0.13,X325,67,39,67,39,55,35,-1,-1,-1,-1,-1,-1,2,39,38,124,0.0,0.667,0.333,1.0,0.0,0.0,grouped,unstable,robust isolated,unstable,1,1,definition-specific
X326,Daly Ave Garden,Garden,X,0.172,X326,26,17,26,17,12,13,1,0,7,6,-1,-1,2,28,2,16,0.125,0.0,0.0,1.0,0.5,0.0,grouped,grouped,robust isolated,grouped,2,1,grouped in ≥2
X327,La Isla Garden,Garden,X,0.11,X327,-1,-1,-1,-1,-1,-1,5,12,-1,-1,-1,-1,1,9,-1,-1,0.625,0.0,1.0,0.938,0.0,1.0,unstable,robust isolated,robust isolated,grouped,0,2,isolated in ≥2
X328,Las Casitas Community Garden,Garden,X,0.19,X328,42,29,55,37,40,31,13,26,47,42,41,2,1,11,14,63,0.0,0.0,0.0,0.25,0.0,0.0,grouped,grouped,grouped,grouped,3,0,grouped in all
X329,Miracle Garden,Garden,X,0.11,X329,26,16,26,16,12,12,12,23,7,8,-1,-1,2,30,2,15,0.0,0.0,0.0,1.0,0.0,0.0,grouped,grouped,robust isolated,grouped,2,1,grouped in ≥2
X330,P.S. 186 Day Treatment Program,Garden,X,0.07,X330,-1,-1,-1,-1,-1,-1,-1,-1,-1,-1,-1,-1,2,45,5,25,0.75,0.333,1.0,1.0,0.5,0.5,unstable,robust isolated,robust isolated,unstable,0,2,isolated in ≥2
X331,Townsend Garden,Garden,X,0.15,X331,54,36,45,30,37,27,4,9,28,23,-1,-1,1,4,12,54,0.0,0.0,0.0,0.688,0.0,0.0,grouped,grouped,unstable,grouped,2,0,grouped in ≥2
X332,Schomberg Academy Garden,Garden,X,0.032,X332,-1,-1,-1,-1,-1,-1,11,22,-1,-1,-1,-1,2,32,5,26,0.375,0.0,0.333,0.688,0.0,0.0,unstable,unstable,unstable,grouped,0,0,definition-specific
X333,Woodycrest Community Garden,Garden,X,0.012,X333,42,29,55,37,40,31,5,12,46,38,41,2,1,9,14,64,0.0,0.0,0.0,0.25,0.0,0.0,grouped,grouped,grouped,grouped,3,0,grouped in all
X334,Mohegan Triangle,Playground,X,0.096,X334,26,17,26,17,12,13,1,0,7,6,-1,-1,2,28,2,16,0.0,0.0,0.0,1.0,0.0,0.0,grouped,grouped,robust isolated,grouped,2,1,grouped in ≥2
X335,Risse Street Park,Neighborhood Park,X,0.806,X335,91,50,91,50,77,47,10,21,32,28,-1,-1,1,16,40,140,0.125,0.0,0.0,1.0,0.5,0.0,grouped,grouped,robust isolated,grouped,2,1,grouped in ≥2
X336,Hunts Point Riverside Park,Neighborhood Park,X,0.426,X336,-1,-1,-1,-1,-1,-1,-1,-1,-1,-1,-1,-1,2,35,38,133,0.5,0.667,0.556,1.0,0.5,0.0,unstable,unstable,robust isolated,unstable,0,1,definition-specific
X337,Latinos Unidos Garden,Garden,X,0.116,X337,16,11,16,11,10,10,2,3,22,19,-1,-1,2,43,4,23,0.0,0.0,0.0,0.625,0.0,0.0,grouped,grouped,unstable,grouped,2,0,grouped in ≥2
X338,Courtlandt Avenue Association Garden,Garden,X,0.171,X338,16,11,16,11,10,10,2,3,22,19,-1,-1,2,43,4,24,0.0,0.0,0.0,0.875,0.0,0.0,grouped,grouped,robust isolated,grouped,2,1,grouped in ≥2
X339,Angie Lee Gonzales Garden,Garden,X,0.131,X339,-1,-1,-1,-1,-1,-1,9,20,-1,-1,-1,-1,2,29,-1,-1,0.583,0.0,0.667,1.0,0.0,1.0,unstable,unstable,robust isolated,grouped,0,1,definition-specific
X340,CS 134 Community Improvement Garden,Garden,X,0.16,X340,-1,-1,-1,-1,-1,-1,8,19,-1,-1,-1,-1,2,33,5,25,0.25,0.0,0.333,0.688,0.0,0.0,unstable,unstable,unstable,grouped,0,0,definition-specific
X341,Edith Garden,Garden,X,0.116,X341,16,10,16,10,10,9,2,3,22,18,-1,-1,2,43,4,23,0.0,0.0,0.0,1.0,0.0,0.0,grouped,grouped,robust isolated,grouped,2,1,grouped in ≥2
X342,Model T Senior Citizen's Garden,Garden,X,0.272,X342,-1,-1,-1,-1,-1,-1,8,19,-1,-1,-1,-1,-1,-1,5,25,0.75,0.0,1.0,1.0,1.0,0.5,unstable,robust isolated,robust isolated,grouped,0,2,isolated in ≥2
X343,Davidson Ave. Community Gardeners Group,Garden,X,0.115,X343,77,46,77,46,70,44,7,18,31,25,18,-1,1,18,40,143,0.0,0.0,0.0,0.25,0.0,0.0,grouped,grouped,beyond walk limit,grouped,2,0,grouped in ≥2
X344,Mill Pond Park,Neighborhood Park,X,11.57,X344,-1,-1,-1,-1,-1,-1,5,-1,46,40,-1,-1,-1,-1,-1,-1,0.25,0.0,0.0,1.0,1.0,1.0,unstable,grouped,robust isolated,beyond walk limit,1,1,definition-specific
X345,St. Ann's Block Association Garden,Garden,X,0.029,X345,71,42,71,42,64,40,6,14,55,47,-1,-1,2,50,5,29,0.0,0.0,0.0,0.625,0.0,0.0,grouped,grouped,unstable,grouped,2,0,grouped in ≥2
X346,Volky Garden & Flowers,Garden,X,0.114,X346,26,17,26,17,12,13,1,0,7,6,-1,-1,2,28,2,16,0.0,0.0,0.0,0.75,0.0,0.0,grouped,grouped,unstable,grouped,2,0,grouped in ≥2
X347,Vogue Garden,Garden,X,0.047,X347,16,11,16,11,10,10,2,3,22,19,-1,-1,2,43,4,23,0.0,0.0,0.0,1.0,0.0,0.0,grouped,grouped,robust isolated,grouped,2,1,grouped in ≥2
X348,River Avenue Parks,Playground,X,0.67,X348,42,28,55,36,40,30,5,13,46,39,-1,-1,1,8,13,58,0.0,0.0,0.0,1.0,0.0,0.0,grouped,grouped,robust isolated,grouped,2,1,grouped in ≥2
X349,Jardin de la Roca,Garden,X,0.227,X349,16,10,16,10,10,9,2,3,22,18,-1,-1,2,43,4,23,0.0,0.0,0.0,1.0,0.0,0.0,grouped,grouped,robust isolated,grouped,2,1,grouped in ≥2
X350,Melrose Commons Park,Neighborhood Park,X,1.381,X350,16,10,16,10,10,9,2,4,22,18,-1,-1,2,43,4,24,0.0,0.0,0.0,0.938,0.0,0.0,grouped,grouped,robust isolated,grouped,2,1,grouped in ≥2
X351,811 Family and Friends Garden,Garden,X,0.064,X351,16,11,16,11,10,10,2,3,22,19,-1,-1,2,43,4,24,0.0,0.0,0.0,1.0,0.0,0.0,grouped,grouped,robust isolated,grouped,2,1,grouped in ≥2
X352,Family Group Garden,Garden,X,0.101,X352,16,10,16,10,10,9,2,3,22,18,-1,-1,2,43,4,24,0.0,0.0,0.0,0.875,0.0,0.0,grouped,grouped,robust isolated,grouped,2,1,grouped in ≥2
X353,Yolanda García Park,Neighborhood Park,X,1.075,X353,16,10,16,10,10,9,2,3,22,18,-1,-1,2,43,4,24,0.0,0.0,0.0,1.0,0.0,0.0,grouped,grouped,robust isolated,grouped,2,1,grouped in ≥2
X354,P.S. 29 Ballfield,Jointly Operated Playground,X,1.107,X354,16,11,16,11,10,10,2,3,22,19,-1,-1,2,43,4,24,0.25,0.0,0.0,0.625,0.0,0.0,grouped,grouped,unstable,grouped,2,0,grouped in ≥2
X355,Leave it Better Kids' Garden,Garden,X,0.244,X355,51,33,42,27,56,37,-1,-1,43,35,-1,-1,1,3,40,136,0.0,0.333,0.0,0.812,0.0,0.0,grouped,grouped,robust isolated,unstable,2,1,grouped in ≥2
X356,Little Green Garden,Garden,X,0.116,X356,16,10,16,10,10,9,2,4,22,18,-1,-1,2,43,4,24,0.0,0.0,0.0,1.0,0.0,0.0,grouped,grouped,robust isolated,grouped,2,1,grouped in ≥2
X357,Rainbow Garden of Life and Health,Garden,X,0.248,X357,16,11,16,11,10,10,2,3,22,19,-1,-1,2,43,4,24,0.0,0.0,0.0,1.0,0.0,0.0,grouped,grouped,robust isolated,grouped,2,1,grouped in ≥2
X358,College Avenue Garden,Garden,X,0.43,X358,53,34,44,28,36,25,4,6,-1,-1,-1,-1,1,0,12,57,0.083,0.0,0.333,0.688,0.0,0.0,grouped,unstable,unstable,grouped,1,0,definition-specific
X361,Synergi Urban Garden UCFP,Garden,X,0.336,X361,-1,-1,-1,-1,-1,-1,3,5,-1,-1,13,1,2,33,1,9,0.25,0.0,0.556,0.25,0.0,0.5,unstable,unstable,grouped,grouped,1,0,definition-specific
X362,Catherine Scott Promenade,Waterfront Facility,X,0.53,X362,-1,-1,-1,-1,-1,-1,-1,-1,-1,-1,-1,-1,3,-1,39,-1,0.5,1.0,0.667,0.938,0.0,0.0,unstable,unstable,robust isolated,robust isolated,0,1,definition-specific
X363,Centro Cultural Rincon Criollo,Garden,X,0.179,X363,16,11,16,11,10,10,2,3,22,19,-1,-1,2,43,4,23,0.0,0.0,0.0,0.75,0.0,0.0,grouped,grouped,unstable,grouped,2,0,grouped in ≥2
X364,Havemeyer Garden Association,Garden,X,0.136,X364,67,-1,67,-1,55,-1,-1,-1,-1,-1,-1,-1,2,38,38,127,0.0,0.667,0.333,1.0,0.0,0.0,beyond walk limit,unstable,robust isolated,unstable,0,1,definition-specific
X365,Black Joy Farm,Garden,X,0.098,X365,-1,-1,-1,-1,-1,-1,-1,-1,-1,-1,-1,-1,2,31,5,-1,0.5,0.333,0.667,1.0,0.0,0.5,unstable,unstable,robust isolated,unstable,0,1,definition-specific
X367,Dr. Thomasina Bushby Park,Neighborhood Park,X,0.258,X367,-1,-1,-1,-1,-1,-1,-1,-1,-1,-1,-1,-1,-1,-1,14,61,0.5,0.333,1.0,1.0,1.0,0.0,unstable,robust isolated,robust isolated,unstable,0,2,isolated in ≥2
X369,Watson Houses Playground,Playground,X,0.26,X369,-1,-1,-1,-1,-1,-1,-1,-1,14,12,-1,-1,2,36,1,6,0.375,0.333,0.0,1.0,0.0,0.0,unstable,grouped,robust isolated,unstable,1,1,definition-specific
X372,Garden of Youth,Garden,X,0.157,X372,26,17,26,17,12,13,1,0,7,6,4,0,2,28,2,16,0.0,0.0,0.0,0.5,0.0,0.0,grouped,grouped,grouped,grouped,3,0,grouped in all
X373,Justice Sotomayor Houses Playground,Playground,X,0.227,X373,2,2,2,2,2,2,-1,-1,1,0,-1,-1,2,20,1,1,0.0,0.333,0.0,0.75,0.0,0.0,grouped,grouped,unstable,unstable,2,0,grouped in ≥2
